INFO:root:Beginning Script
INFO:root:On host 'amd077.orc.gmu.edu'
INFO:root:Using options Namespace(testMethodsFile='/scratch/tbaral/ase26/nod-rr/NOD-Test-Repair/run_flakerake/projects/61/x.csv', reproduceFailureFile='', runs='5', debug='', logging='info', no_sleep=False, minimalizing_method='bisection', sleep_time_ms=10000)
INFO:root:FlakeRakeStartTime=1747263061.0705552
INFO:root:(git rev-parse HEAD)=bc6a2d257a94b3603249e14b8bdb06e0e555f8be

INFO:root:Using Sleepylines minimalizing method bisection
INFO:root:Installing project with mvn opts='-DskipTests -q -B -fn -s $FLAKY_HOME/shell_scripts/maven-repo-fix-settings.xml -DskipITs'
INFO:root:Thread Sleeping analysis on nl.nlighten.prometheus.tomcat.TomcatServletMetricsFilterTest#testServletRequestMetrics
INFO:root:Apache Maven 3.6.3 (cecedd343002696d0abb50b32b541b8a6ba2883f)
Maven home: /scratch/tbaral/ase26/nod-rr/NOD-Test-Repair/flakerake/maven
Java version: 1.8.0_102, vendor: Oracle Corporation, runtime: /scratch/tbaral/ase26/nod-rr/NOD-Test-Repair/flakerake/jdk1.8.0_102/jre
Default locale: en_US, platform encoding: UTF-8
OS name: "linux", version: "4.18.0-553.33.1.el8_10.x86_64", arch: "amd64", family: "unix"
[DEBUG] Created new class realm maven.api
[DEBUG] Importing foreign packages into class realm maven.api
[DEBUG]   Imported: javax.annotation.* < plexus.core
[DEBUG]   Imported: javax.annotation.security.* < plexus.core
[DEBUG]   Imported: javax.enterprise.inject.* < plexus.core
[DEBUG]   Imported: javax.enterprise.util.* < plexus.core
[DEBUG]   Imported: javax.inject.* < plexus.core
[DEBUG]   Imported: org.apache.maven.* < plexus.core
[DEBUG]   Imported: org.apache.maven.artifact < plexus.core
[DEBUG]   Imported: org.apache.maven.classrealm < plexus.core
[DEBUG]   Imported: org.apache.maven.cli < plexus.core
[DEBUG]   Imported: org.apache.maven.configuration < plexus.core
[DEBUG]   Imported: org.apache.maven.exception < plexus.core
[DEBUG]   Imported: org.apache.maven.execution < plexus.core
[DEBUG]   Imported: org.apache.maven.execution.scope < plexus.core
[DEBUG]   Imported: org.apache.maven.lifecycle < plexus.core
[DEBUG]   Imported: org.apache.maven.model < plexus.core
[DEBUG]   Imported: org.apache.maven.monitor < plexus.core
[DEBUG]   Imported: org.apache.maven.plugin < plexus.core
[DEBUG]   Imported: org.apache.maven.profiles < plexus.core
[DEBUG]   Imported: org.apache.maven.project < plexus.core
[DEBUG]   Imported: org.apache.maven.reporting < plexus.core
[DEBUG]   Imported: org.apache.maven.repository < plexus.core
[DEBUG]   Imported: org.apache.maven.rtinfo < plexus.core
[DEBUG]   Imported: org.apache.maven.settings < plexus.core
[DEBUG]   Imported: org.apache.maven.toolchain < plexus.core
[DEBUG]   Imported: org.apache.maven.usability < plexus.core
[DEBUG]   Imported: org.apache.maven.wagon.* < plexus.core
[DEBUG]   Imported: org.apache.maven.wagon.authentication < plexus.core
[DEBUG]   Imported: org.apache.maven.wagon.authorization < plexus.core
[DEBUG]   Imported: org.apache.maven.wagon.events < plexus.core
[DEBUG]   Imported: org.apache.maven.wagon.observers < plexus.core
[DEBUG]   Imported: org.apache.maven.wagon.proxy < plexus.core
[DEBUG]   Imported: org.apache.maven.wagon.repository < plexus.core
[DEBUG]   Imported: org.apache.maven.wagon.resource < plexus.core
[DEBUG]   Imported: org.codehaus.classworlds < plexus.core
[DEBUG]   Imported: org.codehaus.plexus.* < plexus.core
[DEBUG]   Imported: org.codehaus.plexus.classworlds < plexus.core
[DEBUG]   Imported: org.codehaus.plexus.component < plexus.core
[DEBUG]   Imported: org.codehaus.plexus.configuration < plexus.core
[DEBUG]   Imported: org.codehaus.plexus.container < plexus.core
[DEBUG]   Imported: org.codehaus.plexus.context < plexus.core
[DEBUG]   Imported: org.codehaus.plexus.lifecycle < plexus.core
[DEBUG]   Imported: org.codehaus.plexus.logging < plexus.core
[DEBUG]   Imported: org.codehaus.plexus.personality < plexus.core
[DEBUG]   Imported: org.codehaus.plexus.util.xml.Xpp3Dom < plexus.core
[DEBUG]   Imported: org.codehaus.plexus.util.xml.pull.XmlPullParser < plexus.core
[DEBUG]   Imported: org.codehaus.plexus.util.xml.pull.XmlPullParserException < plexus.core
[DEBUG]   Imported: org.codehaus.plexus.util.xml.pull.XmlSerializer < plexus.core
[DEBUG]   Imported: org.eclipse.aether.* < plexus.core
[DEBUG]   Imported: org.eclipse.aether.artifact < plexus.core
[DEBUG]   Imported: org.eclipse.aether.collection < plexus.core
[DEBUG]   Imported: org.eclipse.aether.deployment < plexus.core
[DEBUG]   Imported: org.eclipse.aether.graph < plexus.core
[DEBUG]   Imported: org.eclipse.aether.impl < plexus.core
[DEBUG]   Imported: org.eclipse.aether.installation < plexus.core
[DEBUG]   Imported: org.eclipse.aether.internal.impl < plexus.core
[DEBUG]   Imported: org.eclipse.aether.metadata < plexus.core
[DEBUG]   Imported: org.eclipse.aether.repository < plexus.core
[DEBUG]   Imported: org.eclipse.aether.resolution < plexus.core
[DEBUG]   Imported: org.eclipse.aether.spi < plexus.core
[DEBUG]   Imported: org.eclipse.aether.transfer < plexus.core
[DEBUG]   Imported: org.eclipse.aether.version < plexus.core
[DEBUG]   Imported: org.fusesource.jansi.* < plexus.core
[DEBUG]   Imported: org.slf4j.* < plexus.core
[DEBUG]   Imported: org.slf4j.event.* < plexus.core
[DEBUG]   Imported: org.slf4j.helpers.* < plexus.core
[DEBUG]   Imported: org.slf4j.spi.* < plexus.core
[DEBUG] Populating class realm maven.api
[INFO] Error stacktraces are turned on.
[DEBUG] Message scheme: plain
[DEBUG] Reading global settings from /scratch/tbaral/ase26/nod-rr/NOD-Test-Repair/flakerake/maven/conf/settings.xml
[DEBUG] Reading user settings from /scratch/tbaral/ase26/nod-rr/NOD-Test-Repair/flakerake/shell_scripts/maven-repo-fix-settings.xml
[DEBUG] Reading global toolchains from /scratch/tbaral/ase26/nod-rr/NOD-Test-Repair/flakerake/maven/conf/toolchains.xml
[DEBUG] Reading user toolchains from /home/tbaral/.m2/toolchains.xml
[DEBUG] Using local repository at /home/tbaral/.m2/repository
[DEBUG] Using manager EnhancedLocalRepositoryManager with priority 10.0 for /home/tbaral/.m2/repository
[INFO] Scanning for projects...
[DEBUG] Dependency collection stats: {ConflictMarker.analyzeTime=555319, ConflictMarker.markTime=396338, ConflictMarker.nodeCount=84, ConflictIdSorter.graphTime=280910, ConflictIdSorter.topsortTime=212412, ConflictIdSorter.conflictIdCount=45, ConflictIdSorter.conflictIdCycleCount=0, ConflictResolver.totalTime=4163362, ConflictResolver.conflictItemCount=71, DefaultDependencyCollector.collectTime=1121566022, DefaultDependencyCollector.transformTime=6946617}
[DEBUG] org.sonatype.plugins:nexus-staging-maven-plugin:jar:1.6.8
[DEBUG]    org.sonatype.nexus.maven:nexus-common:jar:1.6.8:compile
[DEBUG]       org.sonatype.plexus:plexus-sec-dispatcher:jar:1.4:compile (version managed from default) (exclusions managed from default)
[DEBUG]          org.sonatype.plexus:plexus-cipher:jar:1.7:compile (version managed from default)
[DEBUG]    com.google.guava:guava:jar:14.0.1:compile
[DEBUG]    org.sonatype.nexus:nexus-client-core:jar:2.14.3-02:compile (exclusions managed from default)
[DEBUG]       org.sonatype.nexus.plugins:nexus-restlet1x-model:jar:2.14.3-02:compile
[DEBUG]          org.apache.maven:maven-model:jar:3.0.4:compile (version managed from default)
[DEBUG]       org.slf4j:slf4j-api:jar:1.7.7:compile (version managed from default)
[DEBUG]       com.google.code.findbugs:jsr305:jar:2.0.1:compile
[DEBUG]       com.intellij:annotations:jar:9.0.4:compile (version managed from default)
[DEBUG]       commons-io:commons-io:jar:2.4:compile
[DEBUG]       com.thoughtworks.xstream:xstream:jar:1.4.7:compile (version managed from default)
[DEBUG]          xmlpull:xmlpull:jar:1.1.3.1:compile
[DEBUG]          xpp3:xpp3_min:jar:1.1.4c:compile
[DEBUG]       joda-time:joda-time:jar:2.2:compile
[DEBUG]       commons-lang:commons-lang:jar:2.6:compile
[DEBUG]       commons-beanutils:commons-beanutils-core:jar:1.8.3:compile (version managed from default) (exclusions managed from default)
[DEBUG]       org.sonatype.sisu.siesta:siesta-client:jar:1.7:compile
[DEBUG]          org.sonatype.sisu.siesta:siesta-common:jar:1.7:compile
[DEBUG]             javax.ws.rs:jsr311-api:jar:1.1.1:compile
[DEBUG]             com.sun.jersey:jersey-core:jar:1.17.1:compile
[DEBUG]             javax.validation:validation-api:jar:1.1.0.Final:compile
[DEBUG]          com.sun.jersey:jersey-client:jar:1.17.1:compile
[DEBUG]          com.sun.jersey.contribs:jersey-apache-client4:jar:1.17.1:compile
[DEBUG]       org.sonatype.sisu.siesta:siesta-jackson:jar:1.7:compile
[DEBUG]          com.fasterxml.jackson.core:jackson-annotations:jar:2.3.1:compile
[DEBUG]          com.fasterxml.jackson.core:jackson-core:jar:2.3.1:compile
[DEBUG]          com.fasterxml.jackson.core:jackson-databind:jar:2.3.1:compile
[DEBUG]          com.fasterxml.jackson.jaxrs:jackson-jaxrs-json-provider:jar:2.3.1:compile
[DEBUG]             com.fasterxml.jackson.jaxrs:jackson-jaxrs-base:jar:2.3.1:compile
[DEBUG]          com.fasterxml.jackson.module:jackson-module-jaxb-annotations:jar:2.3.1:compile
[DEBUG]       org.apache.httpcomponents:httpclient:jar:4.3.5:compile (version managed from default) (exclusions managed from default)
[DEBUG]          commons-codec:commons-codec:jar:1.6:compile
[DEBUG]       org.apache.httpcomponents:httpcore:jar:4.3.2:compile (version managed from default)
[DEBUG]       org.slf4j:jcl-over-slf4j:jar:1.7.7:compile (version managed from default)
[DEBUG]       javax.inject:javax.inject:jar:1:compile (version managed from default)
[DEBUG]    org.sonatype.spice.zapper:spice-zapper:jar:1.3:compile
[DEBUG]       org.fusesource.hawtbuf:hawtbuf-proto:jar:1.9:compile
[DEBUG]          org.fusesource.hawtbuf:hawtbuf:jar:1.9:compile
[DEBUG]    org.codehaus.plexus:plexus-utils:jar:3.0.8:compile
[DEBUG]    org.codehaus.plexus:plexus-interpolation:jar:1.15:compile
[DEBUG]    org.sonatype.aether:aether-api:jar:1.13.1:compile
[DEBUG]    ch.qos.logback:logback-core:jar:1.1.2:runtime
[DEBUG]    ch.qos.logback:logback-classic:jar:1.1.2:runtime
[DEBUG] Created new class realm extension>org.sonatype.plugins:nexus-staging-maven-plugin:1.6.8
[DEBUG] Importing foreign packages into class realm extension>org.sonatype.plugins:nexus-staging-maven-plugin:1.6.8
[DEBUG]   Imported:  < maven.api
[DEBUG] Populating class realm extension>org.sonatype.plugins:nexus-staging-maven-plugin:1.6.8
[DEBUG]   Included: org.sonatype.plugins:nexus-staging-maven-plugin:jar:1.6.8
[DEBUG]   Included: org.sonatype.nexus.maven:nexus-common:jar:1.6.8
[DEBUG]   Included: org.sonatype.plexus:plexus-sec-dispatcher:jar:1.4
[DEBUG]   Included: org.sonatype.plexus:plexus-cipher:jar:1.7
[DEBUG]   Included: com.google.guava:guava:jar:14.0.1
[DEBUG]   Included: org.sonatype.nexus:nexus-client-core:jar:2.14.3-02
[DEBUG]   Included: org.sonatype.nexus.plugins:nexus-restlet1x-model:jar:2.14.3-02
[DEBUG]   Included: com.google.code.findbugs:jsr305:jar:2.0.1
[DEBUG]   Included: com.intellij:annotations:jar:9.0.4
[DEBUG]   Included: commons-io:commons-io:jar:2.4
[DEBUG]   Included: com.thoughtworks.xstream:xstream:jar:1.4.7
[DEBUG]   Included: xmlpull:xmlpull:jar:1.1.3.1
[DEBUG]   Included: xpp3:xpp3_min:jar:1.1.4c
[DEBUG]   Included: joda-time:joda-time:jar:2.2
[DEBUG]   Included: commons-lang:commons-lang:jar:2.6
[DEBUG]   Included: commons-beanutils:commons-beanutils-core:jar:1.8.3
[DEBUG]   Included: org.sonatype.sisu.siesta:siesta-client:jar:1.7
[DEBUG]   Included: org.sonatype.sisu.siesta:siesta-common:jar:1.7
[DEBUG]   Included: javax.ws.rs:jsr311-api:jar:1.1.1
[DEBUG]   Included: com.sun.jersey:jersey-core:jar:1.17.1
[DEBUG]   Included: javax.validation:validation-api:jar:1.1.0.Final
[DEBUG]   Included: com.sun.jersey:jersey-client:jar:1.17.1
[DEBUG]   Included: com.sun.jersey.contribs:jersey-apache-client4:jar:1.17.1
[DEBUG]   Included: org.sonatype.sisu.siesta:siesta-jackson:jar:1.7
[DEBUG]   Included: com.fasterxml.jackson.core:jackson-annotations:jar:2.3.1
[DEBUG]   Included: com.fasterxml.jackson.core:jackson-core:jar:2.3.1
[DEBUG]   Included: com.fasterxml.jackson.core:jackson-databind:jar:2.3.1
[DEBUG]   Included: com.fasterxml.jackson.jaxrs:jackson-jaxrs-json-provider:jar:2.3.1
[DEBUG]   Included: com.fasterxml.jackson.jaxrs:jackson-jaxrs-base:jar:2.3.1
[DEBUG]   Included: com.fasterxml.jackson.module:jackson-module-jaxb-annotations:jar:2.3.1
[DEBUG]   Included: org.apache.httpcomponents:httpclient:jar:4.3.5
[DEBUG]   Included: commons-codec:commons-codec:jar:1.6
[DEBUG]   Included: org.apache.httpcomponents:httpcore:jar:4.3.2
[DEBUG]   Included: org.slf4j:jcl-over-slf4j:jar:1.7.7
[DEBUG]   Included: org.sonatype.spice.zapper:spice-zapper:jar:1.3
[DEBUG]   Included: org.fusesource.hawtbuf:hawtbuf-proto:jar:1.9
[DEBUG]   Included: org.fusesource.hawtbuf:hawtbuf:jar:1.9
[DEBUG]   Included: org.codehaus.plexus:plexus-utils:jar:3.0.8
[DEBUG]   Included: org.codehaus.plexus:plexus-interpolation:jar:1.15
[DEBUG]   Included: ch.qos.logback:logback-core:jar:1.1.2
[DEBUG]   Included: ch.qos.logback:logback-classic:jar:1.1.2
[DEBUG] Dependency collection stats: {ConflictMarker.analyzeTime=650048, ConflictMarker.markTime=352566, ConflictMarker.nodeCount=261, ConflictIdSorter.graphTime=292232, ConflictIdSorter.topsortTime=64932, ConflictIdSorter.conflictIdCount=80, ConflictIdSorter.conflictIdCycleCount=0, ConflictResolver.totalTime=2256551, ConflictResolver.conflictItemCount=178, DefaultDependencyCollector.collectTime=1473292143, DefaultDependencyCollector.transformTime=3667525}
[DEBUG] org.apache.felix:maven-bundle-plugin:jar:4.2.1
[DEBUG]    org.osgi:org.osgi.core:jar:6.0.0:compile
[DEBUG]    biz.aQute.bnd:biz.aQute.bndlib:jar:4.2.0:compile
[DEBUG]    org.slf4j:slf4j-api:jar:1.7.25:compile
[DEBUG]    org.apache.felix:org.apache.felix.bundlerepository:jar:1.6.6:compile
[DEBUG]       org.easymock:easymock:jar:2.4:compile
[DEBUG]    org.apache.felix:org.apache.felix.utils:jar:1.6.0:compile
[DEBUG]       org.osgi:org.osgi.compendium:jar:4.2.0:compile
[DEBUG]    org.apache.maven:maven-core:jar:3.3.9:compile
[DEBUG]       org.apache.maven:maven-model:jar:3.3.9:compile
[DEBUG]       org.apache.maven:maven-settings:jar:3.3.9:compile
[DEBUG]       org.apache.maven:maven-settings-builder:jar:3.3.9:compile
[DEBUG]          org.apache.maven:maven-builder-support:jar:3.3.9:compile
[DEBUG]       org.apache.maven:maven-repository-metadata:jar:3.3.9:compile
[DEBUG]       org.apache.maven:maven-artifact:jar:3.3.9:compile
[DEBUG]       org.apache.maven:maven-plugin-api:jar:3.3.9:compile
[DEBUG]       org.apache.maven:maven-model-builder:jar:3.3.9:compile
[DEBUG]          com.google.guava:guava:jar:18.0:compile
[DEBUG]       org.apache.maven:maven-aether-provider:jar:3.3.9:compile
[DEBUG]          org.eclipse.aether:aether-spi:jar:1.0.2.v20150114:compile
[DEBUG]       org.eclipse.aether:aether-impl:jar:1.0.2.v20150114:compile
[DEBUG]       org.eclipse.aether:aether-api:jar:1.0.2.v20150114:compile
[DEBUG]       org.eclipse.aether:aether-util:jar:1.0.2.v20150114:compile
[DEBUG]       org.eclipse.sisu:org.eclipse.sisu.plexus:jar:0.3.2:compile
[DEBUG]          javax.enterprise:cdi-api:jar:1.0:compile
[DEBUG]             javax.annotation:jsr250-api:jar:1.0:compile
[DEBUG]          org.eclipse.sisu:org.eclipse.sisu.inject:jar:0.3.2:compile
[DEBUG]       com.google.inject:guice:jar:no_aop:4.0:compile
[DEBUG]          javax.inject:javax.inject:jar:1:compile
[DEBUG]          aopalliance:aopalliance:jar:1.0:compile
[DEBUG]       org.codehaus.plexus:plexus-interpolation:jar:1.21:compile
[DEBUG]       org.codehaus.plexus:plexus-classworlds:jar:2.5.2:compile
[DEBUG]       org.codehaus.plexus:plexus-component-annotations:jar:1.6:compile
[DEBUG]       org.sonatype.plexus:plexus-sec-dispatcher:jar:1.3:compile
[DEBUG]          org.sonatype.plexus:plexus-cipher:jar:1.4:compile
[DEBUG]       org.apache.commons:commons-lang3:jar:3.4:compile
[DEBUG]    org.apache.maven:maven-compat:jar:3.3.9:compile
[DEBUG]       org.apache.maven.wagon:wagon-provider-api:jar:2.10:compile
[DEBUG]    org.apache.maven.reporting:maven-reporting-api:jar:3.0:compile
[DEBUG]    org.apache.maven:maven-archiver:jar:2.6:compile
[DEBUG]       org.apache.maven.shared:maven-shared-utils:jar:0.7:compile
[DEBUG]          com.google.code.findbugs:jsr305:jar:2.0.1:compile
[DEBUG]       org.codehaus.plexus:plexus-archiver:jar:2.8.1:compile
[DEBUG]          org.codehaus.plexus:plexus-io:jar:2.3.2:compile
[DEBUG]          org.apache.commons:commons-compress:jar:1.9:compile
[DEBUG]    org.apache.maven.shared:maven-dependency-tree:jar:2.1:compile
[DEBUG]       org.apache.maven:maven-project:jar:2.2.0:compile
[DEBUG]          org.apache.maven:maven-profile:jar:2.2.0:compile
[DEBUG]          org.apache.maven:maven-artifact-manager:jar:2.2.0:compile
[DEBUG]             backport-util-concurrent:backport-util-concurrent:jar:3.1:compile
[DEBUG]          org.apache.maven:maven-plugin-registry:jar:2.2.0:compile
[DEBUG]    org.codehaus.plexus:plexus-utils:jar:3.0.10:compile
[DEBUG]    org.sonatype.plexus:plexus-build-api:jar:0.0.7:compile
[DEBUG]    org.apache.maven.doxia:doxia-sink-api:jar:1.0:compile
[DEBUG]    org.apache.maven.doxia:doxia-site-renderer:jar:1.0:compile
[DEBUG]       org.apache.maven.doxia:doxia-core:jar:1.0:compile
[DEBUG]       org.codehaus.plexus:plexus-i18n:jar:1.0-beta-7:compile
[DEBUG]       org.codehaus.plexus:plexus-container-default:jar:1.0-alpha-30:compile
[DEBUG]          junit:junit:jar:3.8.1:compile
[DEBUG]       org.codehaus.plexus:plexus-velocity:jar:1.1.7:compile
[DEBUG]       org.apache.velocity:velocity:jar:1.5:compile
[DEBUG]          commons-lang:commons-lang:jar:2.1:compile
[DEBUG]          oro:oro:jar:2.0.8:compile
[DEBUG]       org.apache.maven.doxia:doxia-decoration-model:jar:1.0:compile
[DEBUG]       commons-collections:commons-collections:jar:3.2:compile
[DEBUG]       org.apache.maven.doxia:doxia-module-apt:jar:1.0:compile
[DEBUG]       org.apache.maven.doxia:doxia-module-fml:jar:1.0:compile
[DEBUG]       org.apache.maven.doxia:doxia-module-xdoc:jar:1.0:compile
[DEBUG]       org.apache.maven.doxia:doxia-module-xhtml:jar:1.0:compile
[DEBUG]    org.jdom:jdom:jar:1.1:compile
[DEBUG] Created new class realm extension>org.apache.felix:maven-bundle-plugin:4.2.1
[DEBUG] Importing foreign packages into class realm extension>org.apache.felix:maven-bundle-plugin:4.2.1
[DEBUG]   Imported:  < maven.api
[DEBUG] Populating class realm extension>org.apache.felix:maven-bundle-plugin:4.2.1
[DEBUG]   Included: org.apache.felix:maven-bundle-plugin:jar:4.2.1
[DEBUG]   Included: org.osgi:org.osgi.core:jar:6.0.0
[DEBUG]   Included: biz.aQute.bnd:biz.aQute.bndlib:jar:4.2.0
[DEBUG]   Included: org.apache.felix:org.apache.felix.bundlerepository:jar:1.6.6
[DEBUG]   Included: org.easymock:easymock:jar:2.4
[DEBUG]   Included: org.apache.felix:org.apache.felix.utils:jar:1.6.0
[DEBUG]   Included: org.osgi:org.osgi.compendium:jar:4.2.0
[DEBUG]   Included: org.apache.maven:maven-builder-support:jar:3.3.9
[DEBUG]   Included: com.google.guava:guava:jar:18.0
[DEBUG]   Included: org.eclipse.aether:aether-util:jar:1.0.2.v20150114
[DEBUG]   Included: javax.enterprise:cdi-api:jar:1.0
[DEBUG]   Included: org.eclipse.sisu:org.eclipse.sisu.inject:jar:0.3.2
[DEBUG]   Included: com.google.inject:guice:jar:no_aop:4.0
[DEBUG]   Included: aopalliance:aopalliance:jar:1.0
[DEBUG]   Included: org.codehaus.plexus:plexus-interpolation:jar:1.21
[DEBUG]   Included: org.codehaus.plexus:plexus-component-annotations:jar:1.6
[DEBUG]   Included: org.sonatype.plexus:plexus-sec-dispatcher:jar:1.3
[DEBUG]   Included: org.sonatype.plexus:plexus-cipher:jar:1.4
[DEBUG]   Included: org.apache.commons:commons-lang3:jar:3.4
[DEBUG]   Included: org.apache.maven.reporting:maven-reporting-api:jar:3.0
[DEBUG]   Included: org.apache.maven:maven-archiver:jar:2.6
[DEBUG]   Included: org.apache.maven.shared:maven-shared-utils:jar:0.7
[DEBUG]   Included: com.google.code.findbugs:jsr305:jar:2.0.1
[DEBUG]   Included: org.codehaus.plexus:plexus-archiver:jar:2.8.1
[DEBUG]   Included: org.codehaus.plexus:plexus-io:jar:2.3.2
[DEBUG]   Included: org.apache.commons:commons-compress:jar:1.9
[DEBUG]   Included: org.apache.maven.shared:maven-dependency-tree:jar:2.1
[DEBUG]   Included: backport-util-concurrent:backport-util-concurrent:jar:3.1
[DEBUG]   Included: org.codehaus.plexus:plexus-utils:jar:3.0.10
[DEBUG]   Included: org.sonatype.plexus:plexus-build-api:jar:0.0.7
[DEBUG]   Included: org.apache.maven.doxia:doxia-sink-api:jar:1.0
[DEBUG]   Included: org.apache.maven.doxia:doxia-site-renderer:jar:1.0
[DEBUG]   Included: org.apache.maven.doxia:doxia-core:jar:1.0
[DEBUG]   Included: org.codehaus.plexus:plexus-i18n:jar:1.0-beta-7
[DEBUG]   Included: junit:junit:jar:3.8.1
[DEBUG]   Included: org.codehaus.plexus:plexus-velocity:jar:1.1.7
[DEBUG]   Included: org.apache.velocity:velocity:jar:1.5
[DEBUG]   Included: commons-lang:commons-lang:jar:2.1
[DEBUG]   Included: oro:oro:jar:2.0.8
[DEBUG]   Included: org.apache.maven.doxia:doxia-decoration-model:jar:1.0
[DEBUG]   Included: commons-collections:commons-collections:jar:3.2
[DEBUG]   Included: org.apache.maven.doxia:doxia-module-apt:jar:1.0
[DEBUG]   Included: org.apache.maven.doxia:doxia-module-fml:jar:1.0
[DEBUG]   Included: org.apache.maven.doxia:doxia-module-xdoc:jar:1.0
[DEBUG]   Included: org.apache.maven.doxia:doxia-module-xhtml:jar:1.0
[DEBUG]   Included: org.jdom:jdom:jar:1.1
[DEBUG] Extension realms for project nl.nlighten:tomcat_exporter_client:jar:0.0.18-SNAPSHOT: [ClassRealm[extension>org.sonatype.plugins:nexus-staging-maven-plugin:1.6.8, parent: sun.misc.Launcher$AppClassLoader@5c647e05], ClassRealm[extension>org.apache.felix:maven-bundle-plugin:4.2.1, parent: sun.misc.Launcher$AppClassLoader@5c647e05]]
[DEBUG] Created new class realm project>nl.nlighten:tomcat_exporter_client:0.0.18-SNAPSHOT
[DEBUG] Populating class realm project>nl.nlighten:tomcat_exporter_client:0.0.18-SNAPSHOT
[DEBUG] Looking up lifecycle mappings for packaging jar from ClassRealm[project>nl.nlighten:tomcat_exporter_client:0.0.18-SNAPSHOT, parent: ClassRealm[maven.api, parent: null]]
[DEBUG] Extension realms for project nl.nlighten:tomcat_exporter:pom:0.0.18-SNAPSHOT: [ClassRealm[extension>org.sonatype.plugins:nexus-staging-maven-plugin:1.6.8, parent: sun.misc.Launcher$AppClassLoader@5c647e05], ClassRealm[extension>org.apache.felix:maven-bundle-plugin:4.2.1, parent: sun.misc.Launcher$AppClassLoader@5c647e05]]
[DEBUG] Looking up lifecycle mappings for packaging pom from ClassRealm[project>nl.nlighten:tomcat_exporter_client:0.0.18-SNAPSHOT, parent: ClassRealm[maven.api, parent: null]]
[INFO] Inspecting build with total of 1 modules...
[INFO] Installing Nexus Staging features:
[INFO]   ... total of 1 executions of maven-deploy-plugin replaced with nexus-staging-maven-plugin
[DEBUG] === REACTOR BUILD PLAN ================================================
[DEBUG] Project: nl.nlighten:tomcat_exporter_client:jar:0.0.18-SNAPSHOT
[DEBUG] Tasks:   [test]
[DEBUG] Style:   Regular
[DEBUG] =======================================================================
[INFO] 
[INFO] -----------------< nl.nlighten:tomcat_exporter_client >-----------------
[INFO] Building Prometheus client for Apache Tomcat 0.0.18-SNAPSHOT
[INFO] --------------------------------[ jar ]---------------------------------
[DEBUG] Lifecycle default -> [validate, initialize, generate-sources, process-sources, generate-resources, process-resources, compile, process-classes, generate-test-sources, process-test-sources, generate-test-resources, process-test-resources, test-compile, process-test-classes, test, prepare-package, package, pre-integration-test, integration-test, post-integration-test, verify, install, deploy]
[DEBUG] Lifecycle clean -> [pre-clean, clean, post-clean]
[DEBUG] Lifecycle site -> [pre-site, site, post-site, site-deploy]
[DEBUG] Lifecycle default -> [validate, initialize, generate-sources, process-sources, generate-resources, process-resources, compile, process-classes, generate-test-sources, process-test-sources, generate-test-resources, process-test-resources, test-compile, process-test-classes, test, prepare-package, package, pre-integration-test, integration-test, post-integration-test, verify, install, deploy]
[DEBUG] Lifecycle clean -> [pre-clean, clean, post-clean]
[DEBUG] Lifecycle site -> [pre-site, site, post-site, site-deploy]
[DEBUG] Lifecycle default -> [validate, initialize, generate-sources, process-sources, generate-resources, process-resources, compile, process-classes, generate-test-sources, process-test-sources, generate-test-resources, process-test-resources, test-compile, process-test-classes, test, prepare-package, package, pre-integration-test, integration-test, post-integration-test, verify, install, deploy]
[DEBUG] Lifecycle clean -> [pre-clean, clean, post-clean]
[DEBUG] Lifecycle site -> [pre-site, site, post-site, site-deploy]
[DEBUG] Lifecycle default -> [validate, initialize, generate-sources, process-sources, generate-resources, process-resources, compile, process-classes, generate-test-sources, process-test-sources, generate-test-resources, process-test-resources, test-compile, process-test-classes, test, prepare-package, package, pre-integration-test, integration-test, post-integration-test, verify, install, deploy]
[DEBUG] Lifecycle clean -> [pre-clean, clean, post-clean]
[DEBUG] Lifecycle site -> [pre-site, site, post-site, site-deploy]
[DEBUG] Lifecycle default -> [validate, initialize, generate-sources, process-sources, generate-resources, process-resources, compile, process-classes, generate-test-sources, process-test-sources, generate-test-resources, process-test-resources, test-compile, process-test-classes, test, prepare-package, package, pre-integration-test, integration-test, post-integration-test, verify, install, deploy]
[DEBUG] Lifecycle clean -> [pre-clean, clean, post-clean]
[DEBUG] Lifecycle site -> [pre-site, site, post-site, site-deploy]
[DEBUG] Lifecycle default -> [validate, initialize, generate-sources, process-sources, generate-resources, process-resources, compile, process-classes, generate-test-sources, process-test-sources, generate-test-resources, process-test-resources, test-compile, process-test-classes, test, prepare-package, package, pre-integration-test, integration-test, post-integration-test, verify, install, deploy]
[DEBUG] Lifecycle clean -> [pre-clean, clean, post-clean]
[DEBUG] Lifecycle site -> [pre-site, site, post-site, site-deploy]
[DEBUG] === PROJECT BUILD PLAN ================================================
[DEBUG] Project:       nl.nlighten:tomcat_exporter_client:0.0.18-SNAPSHOT
[DEBUG] Dependencies (collect): []
[DEBUG] Dependencies (resolve): [compile, test]
[DEBUG] Repositories (dependencies): [central (https://repo.maven.apache.org/maven2, default, releases)]
[DEBUG] Repositories (plugins)     : [central (https://repo.maven.apache.org/maven2, default, releases)]
[DEBUG] -----------------------------------------------------------------------
[DEBUG] Goal:          org.apache.maven.plugins:maven-resources-plugin:2.6:resources (default-resources)
[DEBUG] Style:         Regular
[DEBUG] Configuration: <?xml version="1.0" encoding="UTF-8"?>
<configuration>
  <buildFilters default-value="${project.build.filters}"/>
  <encoding default-value="${project.build.sourceEncoding}">${encoding}</encoding>
  <escapeString>${maven.resources.escapeString}</escapeString>
  <escapeWindowsPaths default-value="true">${maven.resources.escapeWindowsPaths}</escapeWindowsPaths>
  <includeEmptyDirs default-value="false">${maven.resources.includeEmptyDirs}</includeEmptyDirs>
  <outputDirectory default-value="${project.build.outputDirectory}"/>
  <overwrite default-value="false">${maven.resources.overwrite}</overwrite>
  <project default-value="${project}"/>
  <resources default-value="${project.resources}"/>
  <session default-value="${session}"/>
  <supportMultiLineFiltering default-value="false">${maven.resources.supportMultiLineFiltering}</supportMultiLineFiltering>
  <useBuildFilters default-value="true"/>
  <useDefaultDelimiters default-value="true"/>
</configuration>
[DEBUG] -----------------------------------------------------------------------
[DEBUG] Goal:          org.apache.maven.plugins:maven-compiler-plugin:3.1:compile (default-compile)
[DEBUG] Style:         Regular
[DEBUG] Configuration: <?xml version="1.0" encoding="UTF-8"?>
<configuration>
  <basedir default-value="${basedir}"/>
  <buildDirectory default-value="${project.build.directory}"/>
  <classpathElements default-value="${project.compileClasspathElements}"/>
  <compileSourceRoots default-value="${project.compileSourceRoots}"/>
  <compilerId default-value="javac">${maven.compiler.compilerId}</compilerId>
  <compilerReuseStrategy default-value="${reuseCreated}">${maven.compiler.compilerReuseStrategy}</compilerReuseStrategy>
  <compilerVersion>${maven.compiler.compilerVersion}</compilerVersion>
  <debug default-value="true">${maven.compiler.debug}</debug>
  <debuglevel>${maven.compiler.debuglevel}</debuglevel>
  <encoding default-value="${project.build.sourceEncoding}">${encoding}</encoding>
  <executable>${maven.compiler.executable}</executable>
  <failOnError default-value="true">${maven.compiler.failOnError}</failOnError>
  <forceJavacCompilerUse default-value="false">${maven.compiler.forceJavacCompilerUse}</forceJavacCompilerUse>
  <fork default-value="false">${maven.compiler.fork}</fork>
  <generatedSourcesDirectory default-value="${project.build.directory}/generated-sources/annotations"/>
  <maxmem>${maven.compiler.maxmem}</maxmem>
  <meminitial>${maven.compiler.meminitial}</meminitial>
  <mojoExecution>${mojoExecution}</mojoExecution>
  <optimize default-value="false">${maven.compiler.optimize}</optimize>
  <outputDirectory default-value="${project.build.outputDirectory}"/>
  <projectArtifact default-value="${project.artifact}"/>
  <showDeprecation default-value="false">${maven.compiler.showDeprecation}</showDeprecation>
  <showWarnings default-value="false">${maven.compiler.showWarnings}</showWarnings>
  <skipMain>${maven.main.skip}</skipMain>
  <skipMultiThreadWarning default-value="false">${maven.compiler.skipMultiThreadWarning}</skipMultiThreadWarning>
  <source default-value="1.5">${maven.compiler.source}</source>
  <staleMillis default-value="0">${lastModGranularityMs}</staleMillis>
  <target default-value="1.5">${maven.compiler.target}</target>
  <useIncrementalCompilation default-value="true">${maven.compiler.useIncrementalCompilation}</useIncrementalCompilation>
  <verbose default-value="false">${maven.compiler.verbose}</verbose>
  <mavenSession default-value="${session}"/>
  <session default-value="${session}"/>
</configuration>
[DEBUG] -----------------------------------------------------------------------
[DEBUG] Goal:          org.apache.maven.plugins:maven-resources-plugin:2.6:testResources (default-testResources)
[DEBUG] Style:         Regular
[DEBUG] Configuration: <?xml version="1.0" encoding="UTF-8"?>
<configuration>
  <buildFilters default-value="${project.build.filters}"/>
  <encoding default-value="${project.build.sourceEncoding}">${encoding}</encoding>
  <escapeString>${maven.resources.escapeString}</escapeString>
  <escapeWindowsPaths default-value="true">${maven.resources.escapeWindowsPaths}</escapeWindowsPaths>
  <includeEmptyDirs default-value="false">${maven.resources.includeEmptyDirs}</includeEmptyDirs>
  <outputDirectory default-value="${project.build.testOutputDirectory}"/>
  <overwrite default-value="false">${maven.resources.overwrite}</overwrite>
  <project default-value="${project}"/>
  <resources default-value="${project.testResources}"/>
  <session default-value="${session}"/>
  <skip>${maven.test.skip}</skip>
  <supportMultiLineFiltering default-value="false">${maven.resources.supportMultiLineFiltering}</supportMultiLineFiltering>
  <useBuildFilters default-value="true"/>
  <useDefaultDelimiters default-value="true"/>
</configuration>
[DEBUG] -----------------------------------------------------------------------
[DEBUG] Goal:          org.apache.maven.plugins:maven-compiler-plugin:3.1:testCompile (default-testCompile)
[DEBUG] Style:         Regular
[DEBUG] Configuration: <?xml version="1.0" encoding="UTF-8"?>
<configuration>
  <basedir default-value="${basedir}"/>
  <buildDirectory default-value="${project.build.directory}"/>
  <classpathElements default-value="${project.testClasspathElements}"/>
  <compileSourceRoots default-value="${project.testCompileSourceRoots}"/>
  <compilerId default-value="javac">${maven.compiler.compilerId}</compilerId>
  <compilerReuseStrategy default-value="${reuseCreated}">${maven.compiler.compilerReuseStrategy}</compilerReuseStrategy>
  <compilerVersion>${maven.compiler.compilerVersion}</compilerVersion>
  <debug default-value="true">${maven.compiler.debug}</debug>
  <debuglevel>${maven.compiler.debuglevel}</debuglevel>
  <encoding default-value="${project.build.sourceEncoding}">${encoding}</encoding>
  <executable>${maven.compiler.executable}</executable>
  <failOnError default-value="true">${maven.compiler.failOnError}</failOnError>
  <forceJavacCompilerUse default-value="false">${maven.compiler.forceJavacCompilerUse}</forceJavacCompilerUse>
  <fork default-value="false">${maven.compiler.fork}</fork>
  <generatedTestSourcesDirectory default-value="${project.build.directory}/generated-test-sources/test-annotations"/>
  <maxmem>${maven.compiler.maxmem}</maxmem>
  <meminitial>${maven.compiler.meminitial}</meminitial>
  <mojoExecution>${mojoExecution}</mojoExecution>
  <optimize default-value="false">${maven.compiler.optimize}</optimize>
  <outputDirectory default-value="${project.build.testOutputDirectory}"/>
  <showDeprecation default-value="false">${maven.compiler.showDeprecation}</showDeprecation>
  <showWarnings default-value="false">${maven.compiler.showWarnings}</showWarnings>
  <skip>${maven.test.skip}</skip>
  <skipMultiThreadWarning default-value="false">${maven.compiler.skipMultiThreadWarning}</skipMultiThreadWarning>
  <source default-value="1.5">${maven.compiler.source}</source>
  <staleMillis default-value="0">${lastModGranularityMs}</staleMillis>
  <target default-value="1.5">${maven.compiler.target}</target>
  <testSource>${maven.compiler.testSource}</testSource>
  <testTarget>${maven.compiler.testTarget}</testTarget>
  <useIncrementalCompilation default-value="true">${maven.compiler.useIncrementalCompilation}</useIncrementalCompilation>
  <verbose default-value="false">${maven.compiler.verbose}</verbose>
  <mavenSession default-value="${session}"/>
  <session default-value="${session}"/>
</configuration>
[DEBUG] -----------------------------------------------------------------------
[DEBUG] Goal:          org.apache.maven.plugins:maven-surefire-plugin:2.22.2:test (default-test)
[DEBUG] Style:         Regular
[DEBUG] Configuration: <?xml version="1.0" encoding="UTF-8"?>
<configuration>
  <additionalClasspathElements>${maven.test.additionalClasspath}</additionalClasspathElements>
  <argLine>${argLine}</argLine>
  <basedir default-value="${basedir}"/>
  <childDelegation default-value="false">${childDelegation}</childDelegation>
  <classesDirectory default-value="${project.build.outputDirectory}"/>
  <classpathDependencyExcludes>${maven.test.dependency.excludes}</classpathDependencyExcludes>
  <debugForkedProcess>${maven.surefire.debug}</debugForkedProcess>
  <dependenciesToScan>${dependenciesToScan}</dependenciesToScan>
  <disableXmlReport default-value="false">${disableXmlReport}</disableXmlReport>
  <enableAssertions default-value="true">${enableAssertions}</enableAssertions>
  <encoding default-value="${project.reporting.outputEncoding}">${surefire.encoding}</encoding>
  <excludedGroups>${excludedGroups}</excludedGroups>
  <excludesFile>${surefire.excludesFile}</excludesFile>
  <failIfNoSpecifiedTests>${surefire.failIfNoSpecifiedTests}</failIfNoSpecifiedTests>
  <failIfNoTests>${failIfNoTests}</failIfNoTests>
  <forkCount default-value="1">1</forkCount>
  <forkMode default-value="once">${forkMode}</forkMode>
  <forkedProcessExitTimeoutInSeconds default-value="30">${surefire.exitTimeout}</forkedProcessExitTimeoutInSeconds>
  <forkedProcessTimeoutInSeconds>${surefire.timeout}</forkedProcessTimeoutInSeconds>
  <groups>${groups}</groups>
  <includesFile>${surefire.includesFile}</includesFile>
  <junitArtifactName default-value="junit:junit">${junitArtifactName}</junitArtifactName>
  <junitPlatformArtifactName default-value="org.junit.platform:junit-platform-engine">${junitPlatformArtifactName}</junitPlatformArtifactName>
  <jvm>${jvm}</jvm>
  <localRepository default-value="${localRepository}"/>
  <objectFactory>${objectFactory}</objectFactory>
  <parallel>${parallel}</parallel>
  <parallelMavenExecution default-value="${session.parallel}"/>
  <parallelOptimized default-value="true">${parallelOptimized}</parallelOptimized>
  <parallelTestsTimeoutForcedInSeconds>${surefire.parallel.forcedTimeout}</parallelTestsTimeoutForcedInSeconds>
  <parallelTestsTimeoutInSeconds>${surefire.parallel.timeout}</parallelTestsTimeoutInSeconds>
  <perCoreThreadCount default-value="true">${perCoreThreadCount}</perCoreThreadCount>
  <pluginArtifactMap>${plugin.artifactMap}</pluginArtifactMap>
  <pluginDescriptor default-value="${plugin}"/>
  <printSummary default-value="true">${surefire.printSummary}</printSummary>
  <projectArtifactMap>${project.artifactMap}</projectArtifactMap>
  <projectBuildDirectory default-value="${project.build.directory}"/>
  <redirectTestOutputToFile default-value="false">${maven.test.redirectTestOutputToFile}</redirectTestOutputToFile>
  <remoteRepositories default-value="${project.pluginArtifactRepositories}"/>
  <reportFormat default-value="brief">${surefire.reportFormat}</reportFormat>
  <reportNameSuffix default-value="">${surefire.reportNameSuffix}</reportNameSuffix>
  <reportsDirectory default-value="${project.build.directory}/surefire-reports"/>
  <rerunFailingTestsCount default-value="0">${surefire.rerunFailingTestsCount}</rerunFailingTestsCount>
  <reuseForks default-value="true">false</reuseForks>
  <runOrder default-value="filesystem">${surefire.runOrder}</runOrder>
  <shutdown default-value="testset">${surefire.shutdown}</shutdown>
  <skip default-value="false">${maven.test.skip}</skip>
  <skipAfterFailureCount default-value="0">${surefire.skipAfterFailureCount}</skipAfterFailureCount>
  <skipExec>${maven.test.skip.exec}</skipExec>
  <skipTests default-value="false">${skipTests}</skipTests>
  <suiteXmlFiles>${surefire.suiteXmlFiles}</suiteXmlFiles>
  <tempDir default-value="surefire">${tempDir}</tempDir>
  <test>${test}</test>
  <testClassesDirectory default-value="${project.build.testOutputDirectory}"/>
  <testFailureIgnore default-value="false">${maven.test.failure.ignore}</testFailureIgnore>
  <testNGArtifactName default-value="org.testng:testng">${testNGArtifactName}</testNGArtifactName>
  <testSourceDirectory default-value="${project.build.testSourceDirectory}"/>
  <threadCount>${threadCount}</threadCount>
  <threadCountClasses default-value="0">${threadCountClasses}</threadCountClasses>
  <threadCountMethods default-value="0">${threadCountMethods}</threadCountMethods>
  <threadCountSuites default-value="0">${threadCountSuites}</threadCountSuites>
  <trimStackTrace default-value="true">${trimStackTrace}</trimStackTrace>
  <useFile default-value="true">${surefire.useFile}</useFile>
  <useManifestOnlyJar default-value="true">${surefire.useManifestOnlyJar}</useManifestOnlyJar>
  <useSystemClassLoader default-value="true">${surefire.useSystemClassLoader}</useSystemClassLoader>
  <useUnlimitedThreads default-value="false">${useUnlimitedThreads}</useUnlimitedThreads>
  <workingDirectory>${basedir}</workingDirectory>
  <project default-value="${project}"/>
  <session default-value="${session}"/>
</configuration>
[DEBUG] =======================================================================
[DEBUG] Dependency collection stats: {ConflictMarker.analyzeTime=154501, ConflictMarker.markTime=45246, ConflictMarker.nodeCount=77, ConflictIdSorter.graphTime=102924, ConflictIdSorter.topsortTime=39795, ConflictIdSorter.conflictIdCount=46, ConflictIdSorter.conflictIdCycleCount=0, ConflictResolver.totalTime=2906117, ConflictResolver.conflictItemCount=76, DefaultDependencyCollector.collectTime=1830540409, DefaultDependencyCollector.transformTime=3330108}
[DEBUG] nl.nlighten:tomcat_exporter_client:jar:0.0.18-SNAPSHOT
[DEBUG]    io.prometheus:simpleclient:jar:0.15.0:compile
[DEBUG]       io.prometheus:simpleclient_tracer_otel:jar:0.15.0:compile
[DEBUG]          io.prometheus:simpleclient_tracer_common:jar:0.15.0:compile
[DEBUG]       io.prometheus:simpleclient_tracer_otel_agent:jar:0.15.0:compile
[DEBUG]    io.prometheus:simpleclient_servlet:jar:0.15.0:compile
[DEBUG]       io.prometheus:simpleclient_common:jar:0.15.0:compile
[DEBUG]    io.prometheus:simpleclient_servlet_common:jar:0.15.0:compile
[DEBUG]    io.prometheus:simpleclient_hotspot:jar:0.15.0:compile
[DEBUG]    org.apache.tomcat:tomcat-catalina:jar:9.0.58:compile
[DEBUG]       org.apache.tomcat:tomcat-servlet-api:jar:9.0.58:compile
[DEBUG]       org.apache.tomcat:tomcat-jsp-api:jar:9.0.58:compile
[DEBUG]          org.apache.tomcat:tomcat-el-api:jar:9.0.58:compile
[DEBUG]       org.apache.tomcat:tomcat-juli:jar:9.0.58:compile
[DEBUG]       org.apache.tomcat:tomcat-annotations-api:jar:9.0.58:compile
[DEBUG]       org.apache.tomcat:tomcat-api:jar:9.0.58:compile
[DEBUG]       org.apache.tomcat:tomcat-jni:jar:9.0.58:compile
[DEBUG]       org.apache.tomcat:tomcat-coyote:jar:9.0.58:compile
[DEBUG]       org.apache.tomcat:tomcat-util:jar:9.0.58:compile
[DEBUG]       org.apache.tomcat:tomcat-util-scan:jar:9.0.58:compile
[DEBUG]       org.apache.tomcat:tomcat-jaspic-api:jar:9.0.58:compile
[DEBUG]    org.apache.tomcat:tomcat-jdbc:jar:9.0.58:compile
[DEBUG]    org.apache.tomcat:tomcat-dbcp:jar:9.0.58:compile
[DEBUG]    junit:junit:jar:4.13.1:test
[DEBUG]       org.hamcrest:hamcrest-core:jar:1.3:test
[DEBUG]    org.apache.tomcat.embed:tomcat-embed-core:jar:9.0.58:test
[DEBUG]    io.rest-assured:rest-assured:jar:4.1.1:test
[DEBUG]       org.codehaus.groovy:groovy:jar:2.5.6:test
[DEBUG]       org.codehaus.groovy:groovy-xml:jar:2.5.6:test
[DEBUG]       org.apache.httpcomponents:httpclient:jar:4.5.3:test
[DEBUG]          org.apache.httpcomponents:httpcore:jar:4.4.6:test
[DEBUG]          commons-logging:commons-logging:jar:1.2:test
[DEBUG]          commons-codec:commons-codec:jar:1.9:test
[DEBUG]       org.apache.httpcomponents:httpmime:jar:4.5.3:test
[DEBUG]       org.hamcrest:hamcrest:jar:2.1:test
[DEBUG]       org.ccil.cowan.tagsoup:tagsoup:jar:1.2.1:test
[DEBUG]       io.rest-assured:json-path:jar:4.1.1:test
[DEBUG]          org.codehaus.groovy:groovy-json:jar:2.5.6:test
[DEBUG]          io.rest-assured:rest-assured-common:jar:4.1.1:test
[DEBUG]       io.rest-assured:xml-path:jar:4.1.1:test
[DEBUG]          org.apache.commons:commons-lang3:jar:3.4:test
[DEBUG]          javax.xml.bind:jaxb-api:jar:2.3.1:test
[DEBUG]             javax.activation:javax.activation-api:jar:1.2.0:test
[DEBUG]          com.sun.xml.bind:jaxb-osgi:jar:2.3.0.1:test
[DEBUG]          org.apache.sling:org.apache.sling.javax.activation:jar:0.1.0:test
[DEBUG]             javax.activation:activation:jar:1.1.1:test
[DEBUG]    com.h2database:h2:jar:2.1.210:test
[INFO] 
[INFO] --- maven-resources-plugin:2.6:resources (default-resources) @ tomcat_exporter_client ---
[DEBUG] Dependency collection stats: {ConflictMarker.analyzeTime=141728, ConflictMarker.markTime=57979, ConflictMarker.nodeCount=77, ConflictIdSorter.graphTime=50125, ConflictIdSorter.topsortTime=25007, ConflictIdSorter.conflictIdCount=26, ConflictIdSorter.conflictIdCycleCount=0, ConflictResolver.totalTime=660628, ConflictResolver.conflictItemCount=74, DefaultDependencyCollector.collectTime=1151862417, DefaultDependencyCollector.transformTime=1055854}
[DEBUG] org.apache.maven.plugins:maven-resources-plugin:jar:2.6
[DEBUG]    org.apache.maven:maven-plugin-api:jar:2.0.6:compile
[DEBUG]    org.apache.maven:maven-project:jar:2.0.6:compile
[DEBUG]       org.apache.maven:maven-profile:jar:2.0.6:compile
[DEBUG]       org.apache.maven:maven-artifact-manager:jar:2.0.6:compile
[DEBUG]       org.apache.maven:maven-plugin-registry:jar:2.0.6:compile
[DEBUG]    org.apache.maven:maven-core:jar:2.0.6:compile
[DEBUG]       org.apache.maven:maven-plugin-parameter-documenter:jar:2.0.6:compile
[DEBUG]       org.apache.maven.reporting:maven-reporting-api:jar:2.0.6:compile
[DEBUG]          org.apache.maven.doxia:doxia-sink-api:jar:1.0-alpha-7:compile
[DEBUG]       org.apache.maven:maven-repository-metadata:jar:2.0.6:compile
[DEBUG]       org.apache.maven:maven-error-diagnostics:jar:2.0.6:compile
[DEBUG]       commons-cli:commons-cli:jar:1.0:compile
[DEBUG]       org.apache.maven:maven-plugin-descriptor:jar:2.0.6:compile
[DEBUG]       org.codehaus.plexus:plexus-interactivity-api:jar:1.0-alpha-4:compile
[DEBUG]       classworlds:classworlds:jar:1.1:compile
[DEBUG]    org.apache.maven:maven-artifact:jar:2.0.6:compile
[DEBUG]    org.apache.maven:maven-settings:jar:2.0.6:compile
[DEBUG]    org.apache.maven:maven-model:jar:2.0.6:compile
[DEBUG]    org.apache.maven:maven-monitor:jar:2.0.6:compile
[DEBUG]    org.codehaus.plexus:plexus-container-default:jar:1.0-alpha-9-stable-1:compile
[DEBUG]       junit:junit:jar:3.8.1:compile
[DEBUG]    org.codehaus.plexus:plexus-utils:jar:2.0.5:compile
[DEBUG]    org.apache.maven.shared:maven-filtering:jar:1.1:compile
[DEBUG]       org.sonatype.plexus:plexus-build-api:jar:0.0.4:compile
[DEBUG]    org.codehaus.plexus:plexus-interpolation:jar:1.13:compile
[DEBUG] Created new class realm plugin>org.apache.maven.plugins:maven-resources-plugin:2.6
[DEBUG] Importing foreign packages into class realm plugin>org.apache.maven.plugins:maven-resources-plugin:2.6
[DEBUG]   Imported:  < project>nl.nlighten:tomcat_exporter_client:0.0.18-SNAPSHOT
[DEBUG] Populating class realm plugin>org.apache.maven.plugins:maven-resources-plugin:2.6
[DEBUG]   Included: org.apache.maven.plugins:maven-resources-plugin:jar:2.6
[DEBUG]   Included: org.apache.maven.reporting:maven-reporting-api:jar:2.0.6
[DEBUG]   Included: org.apache.maven.doxia:doxia-sink-api:jar:1.0-alpha-7
[DEBUG]   Included: commons-cli:commons-cli:jar:1.0
[DEBUG]   Included: org.codehaus.plexus:plexus-interactivity-api:jar:1.0-alpha-4
[DEBUG]   Included: junit:junit:jar:3.8.1
[DEBUG]   Included: org.codehaus.plexus:plexus-utils:jar:2.0.5
[DEBUG]   Included: org.apache.maven.shared:maven-filtering:jar:1.1
[DEBUG]   Included: org.sonatype.plexus:plexus-build-api:jar:0.0.4
[DEBUG]   Included: org.codehaus.plexus:plexus-interpolation:jar:1.13
[DEBUG] Configuring mojo org.apache.maven.plugins:maven-resources-plugin:2.6:resources from plugin realm ClassRealm[plugin>org.apache.maven.plugins:maven-resources-plugin:2.6, parent: sun.misc.Launcher$AppClassLoader@5c647e05]
[DEBUG] Configuring mojo 'org.apache.maven.plugins:maven-resources-plugin:2.6:resources' with basic configurator -->
[DEBUG]   (f) buildFilters = []
[DEBUG]   (f) encoding = UTF-8
[DEBUG]   (f) escapeWindowsPaths = true
[DEBUG]   (s) includeEmptyDirs = false
[DEBUG]   (s) outputDirectory = /scratch/tbaral/ase26/nod-rr/NOD-Test-Repair/run_flakerake/projects/61/client/target/classes
[DEBUG]   (s) overwrite = false
[DEBUG]   (f) project = MavenProject: nl.nlighten:tomcat_exporter_client:0.0.18-SNAPSHOT @ /scratch/tbaral/ase26/nod-rr/NOD-Test-Repair/run_flakerake/projects/61/client/pom.xml
[DEBUG]   (s) resources = [Resource {targetPath: null, filtering: false, FileSet {directory: /scratch/tbaral/ase26/nod-rr/NOD-Test-Repair/run_flakerake/projects/61/client/src/main/resources, PatternSet [includes: {}, excludes: {}]}}]
[DEBUG]   (f) session = org.apache.maven.execution.MavenSession@5d5160e6
[DEBUG]   (f) supportMultiLineFiltering = false
[DEBUG]   (f) useBuildFilters = true
[DEBUG]   (s) useDefaultDelimiters = true
[DEBUG] -- end configuration --
[DEBUG] properties used {env.OLDPWD=/scratch/tbaral/ase26/nod-rr/NOD-Test-Repair/run_flakerake/projects/61/client, file.encoding.pkg=sun.io, env.ACLOCAL_PATH=/opt/sw/spack/apps/linux-rhel8-x86_64_v2/gcc-10.3.0/curl-7.80.0-rm/share/aclocal, env.MPIF90=/opt/sw/spack/apps/linux-rhel8-x86_64_v2/gcc-10.3.0/openmpi-4.1.2-4a/bin/mpif90, env.LMOD_FAMILY_COMPILER=gnu10, java.home=/scratch/tbaral/ase26/nod-rr/NOD-Test-Repair/flakerake/jdk1.8.0_102/jre, env.SLURM_JOB_UID=1224545917, env._ModuleTable003_=ODAuMC1ybSIsfSxnaXQ9e1siZm4iXT0iL29wdC9zdy9zcGFjay9tb2R1bGVzL2xtb2QvbGludXgtcmhlbDgteDg2XzY0L2djYy8xMC4zLjAvZ2l0LzIuMzkuMS12ZC5sdWEiLFsiZnVsbE5hbWUiXT0iZ2l0LzIuMzkuMS12ZCIsWyJsb2FkT3JkZXIiXT0xMixwcm9wVD17fSxbInN0YWNrRGVwdGgiXT0wLFsic3RhdHVzIl09ImFjdGl2ZSIsWyJ1c2VyTmFtZSJdPSJnaXQiLH0sZ251MTA9e1siZm4iXT0iL29wdC9vaHBjL3B1Yi9tb2R1bGVmaWxlcy9nbnUxMC8xMC4zLjAteWEubHVhIixbImZ1bGxOYW1lIl09ImdudTEwLzEwLjMuMC15YSIsWyJsb2FkT3JkZXIiXT02LHByb3BUPXt9LFsic3RhY2tEZXB0aCJdPTAsWyJzdGF0dXMiXT0iYWN0aXZlIixbInVzZXJOYW1lIl09Imdu, env.LMOD_SETTARG_FULL_SUPPORT=no, env.CMAKE_PREFIX_PATH=/opt/sw/spack/apps/linux-rhel8-x86_64_v2/gcc-10.3.0/git-2.39.1-vd:/opt/sw/spack/apps/linux-rhel8-x86_64_v2/gcc-10.3.0/perl-5.34.0-lm:/opt/sw/spack/apps/linux-rhel8-x86_64_v2/gcc-10.3.0/bzip2-1.0.8-no:/opt/sw/spack/apps/linux-rhel8-x86_64_v2/gcc-10.3.0/curl-7.80.0-rm:/opt/sw/spack/apps/linux-rhel8-x86_64_v2/gcc-10.3.0/openmpi-4.1.2-4a:/opt/sw/spack/apps/linux-rhel8-x86_64_v2/gcc-10.3.0/zlib-1.2.11-2y:/opt/sw/spack/apps/linux-rhel8-x86_64_v2/gcc-9.3.0/gcc-10.3.0-ya, env.SDKMAN_CANDIDATES_API=https://api.sdkman.io/2, env.LMOD_PACKAGE_PATH=/opt/ohpc/admin/lmod/8.2.10, env.__LMOD_REF_COUNT_CMAKE_PREFIX_PATH=/opt/sw/spack/apps/linux-rhel8-x86_64_v2/gcc-10.3.0/git-2.39.1-vd:1;/opt/sw/spack/apps/linux-rhel8-x86_64_v2/gcc-10.3.0/perl-5.34.0-lm:1;/opt/sw/spack/apps/linux-rhel8-x86_64_v2/gcc-10.3.0/bzip2-1.0.8-no:1;/opt/sw/spack/apps/linux-rhel8-x86_64_v2/gcc-10.3.0/curl-7.80.0-rm:1;/opt/sw/spack/apps/linux-rhel8-x86_64_v2/gcc-10.3.0/openmpi-4.1.2-4a:1;/opt/sw/spack/apps/linux-rhel8-x86_64_v2/gcc-10.3.0/zlib-1.2.11-2y:1;/opt/sw/spack/apps/linux-rhel8-x86_64_v2/gcc-9.3.0/gcc-10.3.0-ya:1, env.ENVIRONMENT=BATCH, classworlds.conf=/scratch/tbaral/ase26/nod-rr/NOD-Test-Repair/flakerake/maven/bin/m2.conf, env.SDKMAN_CANDIDATES_DIR=/home/tbaral/.sdkman/candidates, env.SLURM_JOBID=3605212, java.endorsed.dirs=/scratch/tbaral/ase26/nod-rr/NOD-Test-Repair/flakerake/jdk1.8.0_102/jre/lib/endorsed, env.LOGNAME=tbaral, org.apache.tomcat.version=9.0.58, env.MPICC=/opt/sw/spack/apps/linux-rhel8-x86_64_v2/gcc-10.3.0/openmpi-4.1.2-4a/bin/mpicc, sun.os.patch.level=unknown, env.OPENMPI_ROOT=/opt/sw/spack/apps/linux-rhel8-x86_64_v2/gcc-10.3.0/openmpi-4.1.2-4a, test=nl.nlighten.prometheus.tomcat.TomcatServletMetricsFilterTest#testServletRequestMetrics, java.vendor.url=http://java.oracle.com/, env.INCLUDE=/opt/sw/spack/apps/linux-rhel8-x86_64_v2/gcc-10.3.0/bzip2-1.0.8-no/include:/opt/sw/spack/apps/linux-rhel8-x86_64_v2/gcc-10.3.0/curl-7.80.0-rm/include:/opt/sw/spack/apps/linux-rhel8-x86_64_v2/gcc-10.3.0/openmpi-4.1.2-4a/include:/opt/sw/spack/apps/linux-rhel8-x86_64_v2/gcc-10.3.0/zlib-1.2.11-2y/include:/opt/sw/spack/apps/linux-rhel8-x86_64_v2/gcc-9.3.0/gcc-10.3.0-ya/include/c++/10.3.0:/opt/sw/spack/apps/linux-rhel8-x86_64_v2/gcc-9.3.0/gcc-10.3.0-ya/include, env.TERM_PROGRAM_VERSION=1.100.0, java.version=1.8.0_102, env._ModuleTable002_=LjAvYnppcDIvMS4wLjgtbm8ubHVhIixbImZ1bGxOYW1lIl09ImJ6aXAyLzEuMC44LW5vIixbImxvYWRPcmRlciJdPTEwLHByb3BUPXt9LFsicmVmX2NvdW50Il09MSxbInN0YWNrRGVwdGgiXT0yLFsic3RhdHVzIl09ImFjdGl2ZSIsWyJ1c2VyTmFtZSJdPSJiemlwMi8xLjAuOC1ubyIsfSxjdXJsPXtbImZuIl09Ii9vcHQvc3cvc3BhY2svbW9kdWxlcy9sbW9kL2xpbnV4LXJoZWw4LXg4Nl82NC9nY2MvMTAuMy4wL2N1cmwvNy44MC4wLXJtLmx1YSIsWyJmdWxsTmFtZSJdPSJjdXJsLzcuODAuMC1ybSIsWyJsb2FkT3JkZXIiXT05LHByb3BUPXt9LFsicmVmX2NvdW50Il09MSxbInN0YWNrRGVwdGgiXT0xLFsic3RhdHVzIl09ImFjdGl2ZSIsWyJ1c2VyTmFtZSJdPSJjdXJsLzcu, env.SDKMAN_DIR=/home/tbaral/.sdkman, java.vendor.url.bug=http://bugreport.sun.com/bugreport/, skipTests=true, env.SSH_CLIENT=172.16.128.241 58068 22, env.LIBRARY_PATH=/opt/sw/spack/apps/linux-rhel8-x86_64_v2/gcc-10.3.0/perl-5.34.0-lm/lib:/opt/sw/spack/apps/linux-rhel8-x86_64_v2/gcc-10.3.0/bzip2-1.0.8-no/lib:/opt/sw/spack/apps/linux-rhel8-x86_64_v2/gcc-10.3.0/curl-7.80.0-rm/lib:/opt/sw/spack/apps/linux-rhel8-x86_64_v2/gcc-10.3.0/openmpi-4.1.2-4a/lib:/opt/sw/spack/apps/linux-rhel8-x86_64_v2/gcc-10.3.0/zlib-1.2.11-2y/lib:/opt/sw/spack/apps/linux-rhel8-x86_64_v2/gcc-9.3.0/gcc-10.3.0-ya/lib64:/opt/sw/spack/apps/linux-rhel8-x86_64_v2/gcc-9.3.0/gcc-10.3.0-ya/lib, env.SLURM_JOB_NODELIST=amd077, env.SLURM_JOB_GID=100, env.MPIF77=/opt/sw/spack/apps/linux-rhel8-x86_64_v2/gcc-10.3.0/openmpi-4.1.2-4a/bin/mpif77, user.name=tbaral, env.LANG=en_US.UTF-8, env.LMOD_PKG=/opt/ohpc/admin/lmod/lmod, sun.io.unicode.encoding=UnicodeLittle, sun.jnu.encoding=UTF-8, env.DBUS_SESSION_BUS_ADDRESS=unix:path=/run/user/1224545917/bus, java.runtime.name=Java(TM) SE Runtime Environment, env.SSH_ASKPASS=/usr/libexec/openssh/gnome-ssh-askpass, env._ModuleTable001_=X01vZHVsZVRhYmxlXz17WyJNVHZlcnNpb24iXT0zLFsiY19yZWJ1aWxkVGltZSJdPTg2NDAwLFsiY19zaG9ydFRpbWUiXT1mYWxzZSxkZXB0aFQ9e30sZmFtaWx5PXtbImNvbXBpbGVyIl09ImdudTEwIixbIm1waSJdPSJvcGVubXBpNCIsfSxtVD17YXV0b3Rvb2xzPXtbImZuIl09Ii9vcHQvb2hwYy9wdWIvbW9kdWxlZmlsZXMvYXV0b3Rvb2xzLmx1YSIsWyJmdWxsTmFtZSJdPSJhdXRvdG9vbHMiLFsibG9hZE9yZGVyIl09Myxwcm9wVD17fSxbInN0YWNrRGVwdGgiXT0xLFsic3RhdHVzIl09ImFjdGl2ZSIsWyJ1c2VyTmFtZSJdPSJhdXRvdG9vbHMiLH0sYnppcDI9e1siZm4iXT0iL29wdC9zdy9zcGFjay9tb2R1bGVzL2xtb2QvbGludXgtcmhlbDgteDg2XzY0L2djYy8xMC4z, env.SLURM_TASK_PID=2354386, env.LMOD_MPI_NAME=openmpi, env.SSH_CONNECTION=172.16.128.241 58068 172.16.130.25 22, env.__LMOD_REF_COUNT__LMFILES_=/opt/ohpc/pub/modulefiles/ohpc:1;/opt/ohpc/admin/lmod/8.2.10/modulefiles/Core/use.own.lua:1;/opt/ohpc/pub/modulefiles/autotools.lua:1;/opt/ohpc/pub/modulefiles/prun/2.0.lua:1;/etc/modulefiles/Core/hosts/hopper:1;/opt/ohpc/pub/modulefiles/gnu10/10.3.0-ya.lua:1;/opt/sw/spack/modules/lmod/linux-rhel8-x86_64/gcc/10.3.0/zlib/1.2.11-2y.lua:1;/opt/sw/spack/modules/lmod/linux-rhel8-x86_64/gcc/10.3.0/openmpi4/4.1.2-4a.lua:1;/opt/sw/spack/modules/lmod/linux-rhel8-x86_64/gcc/10.3.0/curl/7.80.0-rm.lua:1;/opt/sw/spack/modules/lmod/linux-rhel8-x86_64/gcc/10.3.0/bzip2/1.0.8-no.lua:1;/opt/sw/spack/modules/lmod/linux-rhel8-x86_64/gcc/10.3.0/perl/5.34.0-lm.lua:1;/opt/sw/spack/modules/lmod/linux-rhel8-x86_64/gcc/10.3.0/git/2.39.1-vd.lua:1, env.BROWSER=/home/tbaral/.vscode-server/cli/servers/Stable-19e0f9e681ecb8e5c09d8784acaa601316ca4571/server/bin/helpers/browser.sh, java.specification.name=Java Platform API Specification, env.SLURM_PRIO_PROCESS=0, env.LMOD_PREPEND_BLOCK=normal, user.timezone=, env.LESSOPEN=||/usr/bin/lesspipe.sh %s, env.SLURM_JOB_START_TIME=1747263058, path.separator=:, env.MAVEN_CMD_LINE_ARGS= test -X -Dtest=nl.nlighten.prometheus.tomcat.TomcatServletMetricsFilterTest#testServletRequestMetrics -DfailIfNoTests=false -DskipTests -q -B -fn -s /scratch/tbaral/ase26/nod-rr/NOD-Test-Repair/flakerake/shell_scripts/maven-repo-fix-settings.xml -DskipITs, env.LMOD_MPI_VERSION=4.1.2-4aedfmd, file.encoding=UTF-8, env.HOME=/home/tbaral, env.which_declare=declare -f, sun.java.command=org.codehaus.plexus.classworlds.launcher.Launcher test -X -Dtest=nl.nlighten.prometheus.tomcat.TomcatServletMetricsFilterTest#testServletRequestMetrics -DfailIfNoTests=false -DskipTests -q -B -fn -s /scratch/tbaral/ase26/nod-rr/NOD-Test-Repair/flakerake/shell_scripts/maven-repo-fix-settings.xml -DskipITs, env.MANPATH=/opt/sw/spack/apps/linux-rhel8-x86_64_v2/gcc-10.3.0/git-2.39.1-vd/share/man:/opt/sw/spack/apps/linux-rhel8-x86_64_v2/gcc-10.3.0/perl-5.34.0-lm/man:/opt/sw/spack/apps/linux-rhel8-x86_64_v2/gcc-10.3.0/bzip2-1.0.8-no/man:/opt/sw/spack/apps/linux-rhel8-x86_64_v2/gcc-10.3.0/curl-7.80.0-rm/share/man:/opt/sw/spack/apps/linux-rhel8-x86_64_v2/gcc-10.3.0/openmpi-4.1.2-4a/share/man:/opt/sw/spack/apps/linux-rhel8-x86_64_v2/gcc-10.3.0/zlib-1.2.11-2y/share/man:/opt/sw/spack/apps/linux-rhel8-x86_64_v2/gcc-9.3.0/gcc-10.3.0-ya/share/man:/opt/ohpc/pub/utils/autotools/share/man:/usr/local/share/man:/usr/share/man/overrides:/usr/share/man/en:/usr/share/man, env.CXX=/opt/sw/spack/apps/linux-rhel8-x86_64_v2/gcc-9.3.0/gcc-10.3.0-ya/bin/g++, env.LMOD_SYSTEM_DEFAULT_MODULES=hosts/hopper, env.LMOD_COLORIZE=no, env.SLURM_TOPOLOGY_ADDR_PATTERN=node, env.LMOD_CACHED_LOADS=yes, env.LMOD_FULL_SETTARG_SUPPORT=yes, env.HOSTNAME=amd077, env.LMOD_MODULERCFILE=/opt/ohpc/admin/lmod/etc/rc-hopper.lua, env.FC=/opt/sw/spack/apps/linux-rhel8-x86_64_v2/gcc-9.3.0/gcc-10.3.0-ya/bin/gfortran, java.io.tmpdir=/tmp, env.SLURM_NODEID=0, user.language=en, env.HISTCONTROL=ignoredups, line.separator=
, env.__LMOD_REF_COUNT_ACLOCAL_PATH=/opt/sw/spack/apps/linux-rhel8-x86_64_v2/gcc-10.3.0/curl-7.80.0-rm/share/aclocal:1, env.BZIP2_ROOT=/opt/sw/spack/apps/linux-rhel8-x86_64_v2/gcc-10.3.0/bzip2-1.0.8-no, env.HISTSIZE=1000, env.SLURM_WORKING_CLUSTER=hopper:SLURM:6817:9984:109, env.CURL_ROOT=/opt/sw/spack/apps/linux-rhel8-x86_64_v2/gcc-10.3.0/curl-7.80.0-rm, env.LMOD_FAMILY_COMPILER_VERSION=10.3.0-ya, java.vm.info=mixed mode, env.C_INCLUDE_PATH=/opt/sw/spack/apps/linux-rhel8-x86_64_v2/gcc-10.3.0/bzip2-1.0.8-no/include:/opt/sw/spack/apps/linux-rhel8-x86_64_v2/gcc-10.3.0/curl-7.80.0-rm/include:/opt/sw/spack/apps/linux-rhel8-x86_64_v2/gcc-10.3.0/openmpi-4.1.2-4a/include:/opt/sw/spack/apps/linux-rhel8-x86_64_v2/gcc-10.3.0/zlib-1.2.11-2y/include:/opt/sw/spack/apps/linux-rhel8-x86_64_v2/gcc-9.3.0/gcc-10.3.0-ya/include, java.vm.specification.name=Java Virtual Machine Specification, env.SLURM_PROCID=0, env.COLORTERM=truecolor, env.M2_HOME=/scratch/tbaral/ase26/nod-rr/NOD-Test-Repair/flakerake/maven, env.SLURM_MEM_PER_NODE=512000, skipITs=true, env.__LMOD_REF_COUNT_INCLUDE=/opt/sw/spack/apps/linux-rhel8-x86_64_v2/gcc-10.3.0/bzip2-1.0.8-no/include:1;/opt/sw/spack/apps/linux-rhel8-x86_64_v2/gcc-10.3.0/curl-7.80.0-rm/include:1;/opt/sw/spack/apps/linux-rhel8-x86_64_v2/gcc-10.3.0/openmpi-4.1.2-4a/include:1;/opt/sw/spack/apps/linux-rhel8-x86_64_v2/gcc-10.3.0/zlib-1.2.11-2y/include:1;/opt/sw/spack/apps/linux-rhel8-x86_64_v2/gcc-9.3.0/gcc-10.3.0-ya/include/c++/10.3.0:1;/opt/sw/spack/apps/linux-rhel8-x86_64_v2/gcc-9.3.0/gcc-10.3.0-ya/include:1, env.LMOD_DIR=/opt/ohpc/admin/lmod/lmod/libexec, env.SLURM_JOB_END_TIME=1747691458, env.SLURM_CPUS_ON_NODE=20, java.awt.printerjob=sun.print.PSPrinterJob, env.__LMOD_REF_COUNT_C_INCLUDE_PATH=/opt/sw/spack/apps/linux-rhel8-x86_64_v2/gcc-10.3.0/bzip2-1.0.8-no/include:1;/opt/sw/spack/apps/linux-rhel8-x86_64_v2/gcc-10.3.0/curl-7.80.0-rm/include:1;/opt/sw/spack/apps/linux-rhel8-x86_64_v2/gcc-10.3.0/openmpi-4.1.2-4a/include:1;/opt/sw/spack/apps/linux-rhel8-x86_64_v2/gcc-10.3.0/zlib-1.2.11-2y/include:1;/opt/sw/spack/apps/linux-rhel8-x86_64_v2/gcc-9.3.0/gcc-10.3.0-ya/include:1, env.SDKMAN_PLATFORM=linuxx64, env.SLURM_CLUSTER_NAME=hopper, env.SLURM_NODELIST=amd077, env.LMOD_FAMILY_MPI_VERSION=4.1.2-4a, env.SLURM_JOB_USER=tbaral, env.SLURM_NODE_ALIASES=(null), env.SLURM_JOB_ACCOUNT=winglam, env.PYTHON_FLAKY_BIN=/scratch/tbaral/ase26/nod-rr/py39/bin/python3.9, env.F77=/opt/sw/spack/apps/linux-rhel8-x86_64_v2/gcc-9.3.0/gcc-10.3.0-ya/bin/gfortran, env.LMOD_REDIRECT=no, env.LOADEDMODULES=ohpc:use.own:autotools:prun/2.0:hosts/hopper:gnu10/10.3.0-ya:zlib/1.2.11-2y:openmpi4/4.1.2-4a:curl/7.80.0-rm:bzip2/1.0.8-no:perl/5.34.0-lm:git/2.39.1-vd, env.BASH_FUNC_module%%=() {  eval $($LMOD_CMD bash "$@") && eval $(${LMOD_SETTARG_CMD:-:} -s sh)
}, os.name=Linux, java.specification.vendor=Oracle Corporation, env.SLURMD_NODENAME=amd077, env.SLURM_JOB_NAME=61, env.TERM=xterm-256color, java.vm.name=Java HotSpot(TM) 64-Bit Server VM, env.JAVA_FLAKY_HOME=/scratch/tbaral/ase26/nod-rr/NOD-Test-Repair/flakerake/jdk1.8.0_102, env.SLURM_JOB_QOS=normal, java.library.path=/opt/sw/spack/apps/linux-rhel8-x86_64_v2/gcc-10.3.0/perl-5.34.0-lm/lib:/opt/sw/spack/apps/linux-rhel8-x86_64_v2/gcc-10.3.0/bzip2-1.0.8-no/lib:/opt/sw/spack/apps/linux-rhel8-x86_64_v2/gcc-10.3.0/curl-7.80.0-rm/lib:/opt/sw/spack/apps/linux-rhel8-x86_64_v2/gcc-10.3.0/openmpi-4.1.2-4a/lib:/opt/sw/spack/apps/linux-rhel8-x86_64_v2/gcc-10.3.0/zlib-1.2.11-2y/lib:/opt/sw/spack/apps/linux-rhel8-x86_64_v2/gcc-9.3.0/gcc-10.3.0-ya/lib64:/opt/sw/spack/apps/linux-rhel8-x86_64_v2/gcc-9.3.0/gcc-10.3.0-ya/lib:/usr/java/packages/lib/amd64:/usr/lib64:/lib64:/lib:/usr/lib, env._ModuleTable009_=LjIuMTEtMnkiLH0sfSxtcGF0aEE9eyIvb3B0L3N3L290aGVyL21vZHVsZWRlcHMvbGludXgtcmhlbDgteDg2XzY0X3YyL2djYy0xMC4zLjAtb3Blbm1waS00LjEuMiIsIi9vcHQvc3cvc3BhY2svbW9kdWxlZGVwcy9saW51eC1yaGVsOC14ODZfNjQvZ251LTEwLjMuMC1vcGVubXBpLTQuMS4yIiwiL29wdC9zdy9vdGhlci9tb2R1bGVkZXBzL2xpbnV4LXJoZWw4LXg4Nl82NF92Mi9nY2MtMTAuMy4wIiwiL29wdC9zdy9zcGFjay9tb2R1bGVzL2xtb2QvbGludXgtcmhlbDgteDg2XzY0L2djYy8xMC4zLjAiLCIvb3B0L3N3L290aGVyL21vZHVsZWZpbGVzIiwiL29wdC9vaHBjL3B1Yi9tb2R1bGVmaWxlcyIsIi9ldGMvbW9kdWxlZmlsZXMvQ29yZSIsIi9vcHQvb2hwYy9hZG1pbi9s, env.PATH=/scratch/tbaral/ase26/nod-rr/py39/bin:/opt/sw/spack/apps/linux-rhel8-x86_64_v2/gcc-10.3.0/git-2.39.1-vd/bin:/opt/sw/spack/apps/linux-rhel8-x86_64_v2/gcc-10.3.0/perl-5.34.0-lm/bin:/opt/sw/spack/apps/linux-rhel8-x86_64_v2/gcc-10.3.0/bzip2-1.0.8-no/bin:/opt/sw/spack/apps/linux-rhel8-x86_64_v2/gcc-10.3.0/curl-7.80.0-rm/bin:/opt/sw/spack/apps/linux-rhel8-x86_64_v2/gcc-10.3.0/openmpi-4.1.2-4a/bin:/opt/sw/spack/apps/linux-rhel8-x86_64_v2/gcc-9.3.0/gcc-10.3.0-ya/bin:/home/tbaral/.nvm/versions/node/v24.0.0/bin:/home/tbaral/.sdkman/candidates/java/current/bin:/home/tbaral/.vscode-server/cli/servers/Stable-19e0f9e681ecb8e5c09d8784acaa601316ca4571/server/bin/remote-cli:/opt/ohpc/pub/utils/prun/2.0:/opt/ohpc/pub/utils/autotools/bin:/opt/ohpc/pub/bin:/usr/local/bin:/usr/bin:/usr/local/sbin:/usr/sbin:/opt/dell/srvadmin/bin:/home/tbaral/.vscode-server/data/User/globalStorage/github.copilot-chat/debugCommand:/scratch/tbaral/ase26/nod-rr/NOD-Test-Repair/flakerake/maven/bin, env.CC=/opt/sw/spack/apps/linux-rhel8-x86_64_v2/gcc-9.3.0/gcc-10.3.0-ya/bin/gcc, library.jansi.path=/scratch/tbaral/ase26/nod-rr/NOD-Test-Repair/flakerake/maven/lib/jansi-native, env.__LMOD_REF_COUNT_LIBRARY_PATH=/opt/sw/spack/apps/linux-rhel8-x86_64_v2/gcc-10.3.0/perl-5.34.0-lm/lib:1;/opt/sw/spack/apps/linux-rhel8-x86_64_v2/gcc-10.3.0/bzip2-1.0.8-no/lib:1;/opt/sw/spack/apps/linux-rhel8-x86_64_v2/gcc-10.3.0/curl-7.80.0-rm/lib:1;/opt/sw/spack/apps/linux-rhel8-x86_64_v2/gcc-10.3.0/openmpi-4.1.2-4a/lib:1;/opt/sw/spack/apps/linux-rhel8-x86_64_v2/gcc-10.3.0/zlib-1.2.11-2y/lib:1;/opt/sw/spack/apps/linux-rhel8-x86_64_v2/gcc-9.3.0/gcc-10.3.0-ya/lib64:1;/opt/sw/spack/apps/linux-rhel8-x86_64_v2/gcc-9.3.0/gcc-10.3.0-ya/lib:1, env.LMOD_SITE_NAME=GMU_Hopper, java.class.version=52.0, env.SHLVL=7, maven.multiModuleProjectDirectory=/scratch/tbaral/ase26/nod-rr/NOD-Test-Repair/run_flakerake/projects/61/client, env.LD_LIBRARY_PATH=/opt/sw/spack/apps/linux-rhel8-x86_64_v2/gcc-10.3.0/perl-5.34.0-lm/lib:/opt/sw/spack/apps/linux-rhel8-x86_64_v2/gcc-10.3.0/bzip2-1.0.8-no/lib:/opt/sw/spack/apps/linux-rhel8-x86_64_v2/gcc-10.3.0/curl-7.80.0-rm/lib:/opt/sw/spack/apps/linux-rhel8-x86_64_v2/gcc-10.3.0/openmpi-4.1.2-4a/lib:/opt/sw/spack/apps/linux-rhel8-x86_64_v2/gcc-10.3.0/zlib-1.2.11-2y/lib:/opt/sw/spack/apps/linux-rhel8-x86_64_v2/gcc-9.3.0/gcc-10.3.0-ya/lib64:/opt/sw/spack/apps/linux-rhel8-x86_64_v2/gcc-9.3.0/gcc-10.3.0-ya/lib, env.NVM_DIR=/home/tbaral/.nvm, env.MODULESHOME=/opt/ohpc/admin/lmod/lmod, env.LMOD_FAMILY_MPI=openmpi4, env.GCC_ROOT=/opt/sw/spack/apps/linux-rhel8-x86_64_v2/gcc-9.3.0/gcc-10.3.0-ya, env.LMOD_SETTARG_CMD=:, env.__LMOD_REF_COUNT_LD_LIBRARY_PATH=/opt/sw/spack/apps/linux-rhel8-x86_64_v2/gcc-10.3.0/perl-5.34.0-lm/lib:1;/opt/sw/spack/apps/linux-rhel8-x86_64_v2/gcc-10.3.0/bzip2-1.0.8-no/lib:1;/opt/sw/spack/apps/linux-rhel8-x86_64_v2/gcc-10.3.0/curl-7.80.0-rm/lib:1;/opt/sw/spack/apps/linux-rhel8-x86_64_v2/gcc-10.3.0/openmpi-4.1.2-4a/lib:1;/opt/sw/spack/apps/linux-rhel8-x86_64_v2/gcc-10.3.0/zlib-1.2.11-2y/lib:1;/opt/sw/spack/apps/linux-rhel8-x86_64_v2/gcc-9.3.0/gcc-10.3.0-ya/lib64:1;/opt/sw/spack/apps/linux-rhel8-x86_64_v2/gcc-9.3.0/gcc-10.3.0-ya/lib:1, env.LMOD_VERSION=8.2.10, env.NVM_BIN=/home/tbaral/.nvm/versions/node/v24.0.0/bin, env.SLURM_JOB_ID=3605212, env.LMOD_SETTARG_TITLE_BAR=no, failIfNoTests=false, env.LMOD_AVAIL_STYLE=en_grouped:system, env.MODULEPATH=/opt/sw/other/moduledeps/linux-rhel8-x86_64_v2/gcc-10.3.0-openmpi-4.1.2:/opt/sw/spack/moduledeps/linux-rhel8-x86_64/gnu-10.3.0-openmpi-4.1.2:/opt/sw/other/moduledeps/linux-rhel8-x86_64_v2/gcc-10.3.0:/opt/sw/spack/modules/lmod/linux-rhel8-x86_64/gcc/10.3.0:/opt/sw/other/modulefiles:/opt/ohpc/pub/modulefiles:/etc/modulefiles/Core:/opt/ohpc/admin/lmod/8.2.10/modulefiles/Core:/home/tbaral/privatemodules, project.build.sourceEncoding=UTF-8, sun.boot.library.path=/scratch/tbaral/ase26/nod-rr/NOD-Test-Repair/flakerake/jdk1.8.0_102/jre/lib/amd64, env._ModuleTable008_=dC9vaHBjL2FkbWluL2xtb2QvOC4yLjEwL21vZHVsZWZpbGVzL0NvcmUvdXNlLm93bi5sdWEiLFsiZnVsbE5hbWUiXT0idXNlLm93biIsWyJsb2FkT3JkZXIiXT0yLHByb3BUPXt9LFsic3RhY2tEZXB0aCJdPTEsWyJzdGF0dXMiXT0iYWN0aXZlIixbInVzZXJOYW1lIl09InVzZS5vd24iLH0semxpYj17WyJmbiJdPSIvb3B0L3N3L3NwYWNrL21vZHVsZXMvbG1vZC9saW51eC1yaGVsOC14ODZfNjQvZ2NjLzEwLjMuMC96bGliLzEuMi4xMS0yeS5sdWEiLFsiZnVsbE5hbWUiXT0iemxpYi8xLjIuMTEtMnkiLFsibG9hZE9yZGVyIl09Nyxwcm9wVD17fSxbInJlZl9jb3VudCJdPTQsWyJzdGFja0RlcHRoIl09MixbInN0YXR1cyJdPSJhY3RpdmUiLFsidXNlck5hbWUiXT0iemxpYi8x, env.VIRTUAL_ENV=/scratch/tbaral/ase26/nod-rr/py39, sun.management.compiler=HotSpot 64-Bit Tiered Compilers, env.LMOD_CMD=/opt/ohpc/admin/lmod/lmod/libexec/lmod, java.awt.graphicsenv=sun.awt.X11GraphicsEnvironment, env.BASH_FUNC_ml%%=() {  eval $($LMOD_DIR/ml_cmd "$@")
}, env._ModuleTable_Sz_=10, env.BASH_ENV=/opt/ohpc/admin/lmod/lmod/init/bash, env.USER=tbaral, env.SLURM_JOB_PARTITION=bigmem, env.__LMOD_REF_COUNT_MANPATH=/opt/sw/spack/apps/linux-rhel8-x86_64_v2/gcc-10.3.0/git-2.39.1-vd/share/man:1;/opt/sw/spack/apps/linux-rhel8-x86_64_v2/gcc-10.3.0/perl-5.34.0-lm/man:1;/opt/sw/spack/apps/linux-rhel8-x86_64_v2/gcc-10.3.0/bzip2-1.0.8-no/man:1;/opt/sw/spack/apps/linux-rhel8-x86_64_v2/gcc-10.3.0/curl-7.80.0-rm/share/man:1;/opt/sw/spack/apps/linux-rhel8-x86_64_v2/gcc-10.3.0/openmpi-4.1.2-4a/share/man:1;/opt/sw/spack/apps/linux-rhel8-x86_64_v2/gcc-10.3.0/zlib-1.2.11-2y/share/man:1;/opt/sw/spack/apps/linux-rhel8-x86_64_v2/gcc-9.3.0/gcc-10.3.0-ya/share/man:1;/opt/ohpc/pub/utils/autotools/share/man:1;/usr/local/share/man:4;/usr/share/man/overrides:4;/usr/share/man/en:4;/usr/share/man:4, env.NVM_INC=/home/tbaral/.nvm/versions/node/v24.0.0/include/node, junit.version=4.13.1, env.TERM_PROGRAM=vscode, java.vm.specification.version=1.8, env.SLURM_TASKS_PER_NODE=1, env.LMOD_AUTO_SWAP=yes, env.MAVEN_REPO=/home/tbaral/.m2/repository, env._ModuleTable007_=bj17WyJmbiJdPSIvb3B0L29ocGMvcHViL21vZHVsZWZpbGVzL3BydW4vMi4wLmx1YSIsWyJmdWxsTmFtZSJdPSJwcnVuLzIuMCIsWyJsb2FkT3JkZXIiXT00LHByb3BUPXt9LFsic3RhY2tEZXB0aCJdPTEsWyJzdGF0dXMiXT0iYWN0aXZlIixbInVzZXJOYW1lIl09InBydW4iLH0sdWN4PXtbImZuIl09Ii9vcHQvc3cvc3BhY2svbW9kdWxlZGVwcy9saW51eC1yaGVsOC14ODZfNjQvZ251LTkuMy4wL3VjeC8xLjEyLjEtNGcubHVhIixbImZ1bGxOYW1lIl09InVjeC8xLjEyLjEtNGciLFsibG9hZE9yZGVyIl09LTUscHJvcFQ9e30sWyJzdGFja0RlcHRoIl09MixbInN0YXR1cyJdPSJpbmFjdGl2ZSIsWyJ1c2VyTmFtZSJdPSJ1Y3giLH0sWyJ1c2Uub3duIl09e1siZm4iXT0iL29w, env.NLSPATH=/usr/dt/lib/nls/msg/%L/%N.cat, awt.toolkit=sun.awt.X11.XToolkit, sun.cpu.isalist=, env.MAVEN_PROJECTBASEDIR=/scratch/tbaral/ase26/nod-rr/NOD-Test-Repair/run_flakerake/projects/61/client, env.SLURM_SUBMIT_DIR=/scratch/tbaral/ase26/nod-rr/NOD-Test-Repair/run_flakerake/projects/5, java.ext.dirs=/scratch/tbaral/ase26/nod-rr/NOD-Test-Repair/flakerake/jdk1.8.0_102/jre/lib/ext:/usr/java/packages/lib/ext, env.VSCODE_IPC_HOOK_CLI=/run/user/1224545917/vscode-ipc-9ac0013a-de26-4330-af95-abf367cbedd4.sock, os.version=4.18.0-553.33.1.el8_10.x86_64, env.SSL_CERT_FILE=/etc/pki/ca-trust/extracted/pem/tls-ca-bundle.pem, env.SSL_CERT_DIR=/etc/pki/tls/certs, user.home=/home/tbaral, java.vm.vendor=Oracle Corporation, env.BASH_FUNC_which%%=() {  ( alias;
 eval ${which_declare} ) | /usr/bin/which --tty-only --read-alias --read-functions --show-tilde --show-dot $@
}, env.PKG_CONFIG_PATH=/opt/sw/spack/apps/linux-rhel8-x86_64_v2/gcc-10.3.0/curl-7.80.0-rm/lib/pkgconfig:/opt/sw/spack/apps/linux-rhel8-x86_64_v2/gcc-10.3.0/openmpi-4.1.2-4a/lib/pkgconfig:/opt/sw/spack/apps/linux-rhel8-x86_64_v2/gcc-10.3.0/zlib-1.2.11-2y/lib/pkgconfig, env.JAVA_HOME=/scratch/tbaral/ase26/nod-rr/NOD-Test-Repair/flakerake/jdk1.8.0_102, env.XDG_SESSION_ID=7941, env._ModuleTable010_=bW9kLzguMi4xMC9tb2R1bGVmaWxlcy9Db3JlIiwiL2hvbWUvdGJhcmFsL3ByaXZhdGVtb2R1bGVzIix9LFsic3lzdGVtQmFzZU1QQVRIIl09Ii9vcHQvb2hwYy9wdWIvbW9kdWxlZmlsZXMiLH0=, maven.conf=/scratch/tbaral/ase26/nod-rr/NOD-Test-Repair/flakerake/maven/conf, user.dir=/scratch/tbaral/ase26/nod-rr/NOD-Test-Repair/run_flakerake/projects/61/client, env.XFILESEARCHPATH=/usr/dt/app-defaults/%L/Dt, env.SLURM_NNODES=1, env.MAIL=/var/spool/mail/tbaral, env.PERL_ROOT=/opt/sw/spack/apps/linux-rhel8-x86_64_v2/gcc-10.3.0/perl-5.34.0-lm, env.__LMOD_REF_COUNT_PKG_CONFIG_PATH=/opt/sw/spack/apps/linux-rhel8-x86_64_v2/gcc-10.3.0/curl-7.80.0-rm/lib/pkgconfig:1;/opt/sw/spack/apps/linux-rhel8-x86_64_v2/gcc-10.3.0/openmpi-4.1.2-4a/lib/pkgconfig:1;/opt/sw/spack/apps/linux-rhel8-x86_64_v2/gcc-10.3.0/zlib-1.2.11-2y/lib/pkgconfig:1, env.PWD=/scratch/tbaral/ase26/nod-rr/NOD-Test-Repair/run_flakerake/projects/61/client, env.SLURM_SUBMIT_HOST=amd025.orc.gmu.edu, env._ModuleTable006_=LjMuMC9vcGVubXBpNC80LjEuMi00YS5sdWEiLFsiZnVsbE5hbWUiXT0ib3Blbm1waTQvNC4xLjItNGEiLFsibG9hZE9yZGVyIl09OCxwcm9wVD17fSxbInN0YWNrRGVwdGgiXT0wLFsic3RhdHVzIl09ImFjdGl2ZSIsWyJ1c2VyTmFtZSJdPSJvcGVubXBpNCIsfSxwZXJsPXtbImZuIl09Ii9vcHQvc3cvc3BhY2svbW9kdWxlcy9sbW9kL2xpbnV4LXJoZWw4LXg4Nl82NC9nY2MvMTAuMy4wL3BlcmwvNS4zNC4wLWxtLmx1YSIsWyJmdWxsTmFtZSJdPSJwZXJsLzUuMzQuMC1sbSIsWyJsb2FkT3JkZXIiXT0xMSxwcm9wVD17fSxbInJlZl9jb3VudCJdPTEsWyJzdGFja0RlcHRoIl09MSxbInN0YXR1cyJdPSJhY3RpdmUiLFsidXNlck5hbWUiXT0icGVybC81LjM0LjAtbG0iLH0scHJ1, env.GIT_ROOT=/opt/sw/spack/apps/linux-rhel8-x86_64_v2/gcc-10.3.0/git-2.39.1-vd, sun.cpu.endian=little, env.SLURM_GTIDS=0, env.SLURM_TOPOLOGY_ADDR=amd077, env.__LMOD_REF_COUNT_CPLUS_INCLUDE_PATH=/opt/sw/spack/apps/linux-rhel8-x86_64_v2/gcc-10.3.0/bzip2-1.0.8-no/include:1;/opt/sw/spack/apps/linux-rhel8-x86_64_v2/gcc-10.3.0/curl-7.80.0-rm/include:1;/opt/sw/spack/apps/linux-rhel8-x86_64_v2/gcc-10.3.0/openmpi-4.1.2-4a/include:1;/opt/sw/spack/apps/linux-rhel8-x86_64_v2/gcc-10.3.0/zlib-1.2.11-2y/include:1;/opt/sw/spack/apps/linux-rhel8-x86_64_v2/gcc-9.3.0/gcc-10.3.0-ya/include:1, env.ZLIB_ROOT=/opt/sw/spack/apps/linux-rhel8-x86_64_v2/gcc-10.3.0/zlib-1.2.11-2y, env.TMPDIR=/tmp, env.SLURM_JOB_NUM_NODES=1, env.__LMOD_REF_COUNT_PATH=/opt/sw/spack/apps/linux-rhel8-x86_64_v2/gcc-10.3.0/git-2.39.1-vd/bin:1;/opt/sw/spack/apps/linux-rhel8-x86_64_v2/gcc-10.3.0/perl-5.34.0-lm/bin:1;/opt/sw/spack/apps/linux-rhel8-x86_64_v2/gcc-10.3.0/bzip2-1.0.8-no/bin:1;/opt/sw/spack/apps/linux-rhel8-x86_64_v2/gcc-10.3.0/curl-7.80.0-rm/bin:1;/opt/sw/spack/apps/linux-rhel8-x86_64_v2/gcc-10.3.0/openmpi-4.1.2-4a/bin:1;/opt/sw/spack/apps/linux-rhel8-x86_64_v2/gcc-9.3.0/gcc-10.3.0-ya/bin:1;/home/tbaral/.nvm/versions/node/v24.0.0/bin:1;/home/tbaral/.sdkman/candidates/java/current/bin:1;/home/tbaral/.vscode-server/cli/servers/Stable-19e0f9e681ecb8e5c09d8784acaa601316ca4571/server/bin/remote-cli:1;/opt/ohpc/pub/utils/prun/2.0:1;/opt/ohpc/pub/utils/autotools/bin:1;/opt/ohpc/pub/bin:2;/usr/local/bin:1;/usr/bin:1;/usr/local/sbin:1;/usr/sbin:1;/opt/dell/srvadmin/bin:1;/home/tbaral/.vscode-server/data/User/globalStorage/github.copilot-chat/debugCommand:1, env.SLURM_JOB_CPUS_PER_NODE=20, env.CPLUS_INCLUDE_PATH=/opt/sw/spack/apps/linux-rhel8-x86_64_v2/gcc-10.3.0/bzip2-1.0.8-no/include:/opt/sw/spack/apps/linux-rhel8-x86_64_v2/gcc-10.3.0/curl-7.80.0-rm/include:/opt/sw/spack/apps/linux-rhel8-x86_64_v2/gcc-10.3.0/openmpi-4.1.2-4a/include:/opt/sw/spack/apps/linux-rhel8-x86_64_v2/gcc-10.3.0/zlib-1.2.11-2y/include:/opt/sw/spack/apps/linux-rhel8-x86_64_v2/gcc-9.3.0/gcc-10.3.0-ya/include, java.vm.version=25.102-b14, java.class.path=/scratch/tbaral/ase26/nod-rr/NOD-Test-Repair/flakerake/maven/boot/plexus-classworlds-2.6.0.jar, env.__LMOD_REF_COUNT_LOADEDMODULES=ohpc:1;use.own:1;autotools:1;prun/2.0:1;hosts/hopper:1;gnu10/10.3.0-ya:1;zlib/1.2.11-2y:1;openmpi4/4.1.2-4a:1;curl/7.80.0-rm:1;bzip2/1.0.8-no:1;perl/5.34.0-lm:1;git/2.39.1-vd:1, os.arch=amd64, io.prometheus.simpleclient.version=0.15.0, maven.build.version=Apache Maven 3.6.3 (cecedd343002696d0abb50b32b541b8a6ba2883f), env.SLURM_LOCALID=0, env.LMOD_SHORT_TIME=1, env.SLURM_CONF=/var/spool/slurmd/conf-cache/slurm.conf, sun.java.launcher=SUN_STANDARD, env.LMOD_CACHE_DIR=/opt/ohpc/admin/lmod/etc/system-cache, env._ModuleTable005_=Yy9wdWIvbW9kdWxlZmlsZXMvbGliZmFicmljLzEuMTAuMS5sdWEiLFsiZnVsbE5hbWUiXT0ibGliZmFicmljLzEuMTAuMSIsWyJsb2FkT3JkZXIiXT0tNixwcm9wVD17fSxbInN0YWNrRGVwdGgiXT0yLFsic3RhdHVzIl09ImluYWN0aXZlIixbInVzZXJOYW1lIl09ImxpYmZhYnJpYyIsfSxvaHBjPXtbImZuIl09Ii9vcHQvb2hwYy9wdWIvbW9kdWxlZmlsZXMvb2hwYyIsWyJmdWxsTmFtZSJdPSJvaHBjIixbImxvYWRPcmRlciJdPTEscHJvcFQ9e30sWyJzdGFja0RlcHRoIl09MCxbInN0YXR1cyJdPSJhY3RpdmUiLFsidXNlck5hbWUiXT0ib2hwYyIsfSxvcGVubXBpND17WyJmbiJdPSIvb3B0L3N3L3NwYWNrL21vZHVsZXMvbG1vZC9saW51eC1yaGVsOC14ODZfNjQvZ2NjLzEw, java.vm.specification.vendor=Oracle Corporation, file.separator=/, env.FLAKY_MVN_INSTALL_OPTS=-DskipTests -q -B -fn -s $FLAKY_HOME/shell_scripts/maven-repo-fix-settings.xml -DskipITs, java.runtime.version=1.8.0_102-b14, sun.boot.class.path=/scratch/tbaral/ase26/nod-rr/NOD-Test-Repair/flakerake/jdk1.8.0_102/jre/lib/resources.jar:/scratch/tbaral/ase26/nod-rr/NOD-Test-Repair/flakerake/jdk1.8.0_102/jre/lib/rt.jar:/scratch/tbaral/ase26/nod-rr/NOD-Test-Repair/flakerake/jdk1.8.0_102/jre/lib/sunrsasign.jar:/scratch/tbaral/ase26/nod-rr/NOD-Test-Repair/flakerake/jdk1.8.0_102/jre/lib/jsse.jar:/scratch/tbaral/ase26/nod-rr/NOD-Test-Repair/flakerake/jdk1.8.0_102/jre/lib/jce.jar:/scratch/tbaral/ase26/nod-rr/NOD-Test-Repair/flakerake/jdk1.8.0_102/jre/lib/charsets.jar:/scratch/tbaral/ase26/nod-rr/NOD-Test-Repair/flakerake/jdk1.8.0_102/jre/lib/jfr.jar:/scratch/tbaral/ase26/nod-rr/NOD-Test-Repair/flakerake/jdk1.8.0_102/jre/classes, env.XDG_RUNTIME_DIR=/run/user/1224545917, maven.version=3.6.3, env.__LMOD_REF_COUNT_MODULEPATH=/opt/sw/other/moduledeps/linux-rhel8-x86_64_v2/gcc-10.3.0-openmpi-4.1.2:1;/opt/sw/spack/moduledeps/linux-rhel8-x86_64/gnu-10.3.0-openmpi-4.1.2:1;/opt/sw/other/moduledeps/linux-rhel8-x86_64_v2/gcc-10.3.0:1;/opt/sw/spack/modules/lmod/linux-rhel8-x86_64/gcc/10.3.0:1;/opt/sw/other/modulefiles:1;/opt/ohpc/pub/modulefiles:2;/etc/modulefiles/Core:1;/opt/ohpc/admin/lmod/8.2.10/modulefiles/Core:1;/home/tbaral/privatemodules:1, env.MPICXX=/opt/sw/spack/apps/linux-rhel8-x86_64_v2/gcc-10.3.0/openmpi-4.1.2-4a/bin/mpic++, user.country=US, env.LMOD_ROOT=/opt/ohpc/admin/lmod, maven.home=/scratch/tbaral/ase26/nod-rr/NOD-Test-Repair/flakerake/maven, env.SHELL=/bin/bash, maven.compiler.target=1.8, env._ModuleTable004_=dTEwIix9LGhvc3RzPXtbImZuIl09Ii9ldGMvbW9kdWxlZmlsZXMvQ29yZS9ob3N0cy9ob3BwZXIiLFsiZnVsbE5hbWUiXT0iaG9zdHMvaG9wcGVyIixbImxvYWRPcmRlciJdPTUscHJvcFQ9e30sWyJzdGFja0RlcHRoIl09MCxbInN0YXR1cyJdPSJhY3RpdmUiLFsidXNlck5hbWUiXT0iaG9zdHMvaG9wcGVyIix9LGh3bG9jPXtbImZuIl09Ii9vcHQvb2hwYy9wdWIvbW9kdWxlZmlsZXMvaHdsb2MvMi4xLjAubHVhIixbImZ1bGxOYW1lIl09Imh3bG9jLzIuMS4wIixbImxvYWRPcmRlciJdPS03LHByb3BUPXt9LFsic3RhY2tEZXB0aCJdPTIsWyJzdGF0dXMiXT0iaW5hY3RpdmUiLFsidXNlck5hbWUiXT0iaHdsb2MvMi4xLjAiLH0sbGliZmFicmljPXtbImZuIl09Ii9vcHQvb2hw, env.NVM_CD_FLAGS=, java.vendor=Oracle Corporation, env.SLURM_CPUS_PER_TASK=20, env._LMFILES_=/opt/ohpc/pub/modulefiles/ohpc:/opt/ohpc/admin/lmod/8.2.10/modulefiles/Core/use.own.lua:/opt/ohpc/pub/modulefiles/autotools.lua:/opt/ohpc/pub/modulefiles/prun/2.0.lua:/etc/modulefiles/Core/hosts/hopper:/opt/ohpc/pub/modulefiles/gnu10/10.3.0-ya.lua:/opt/sw/spack/modules/lmod/linux-rhel8-x86_64/gcc/10.3.0/zlib/1.2.11-2y.lua:/opt/sw/spack/modules/lmod/linux-rhel8-x86_64/gcc/10.3.0/openmpi4/4.1.2-4a.lua:/opt/sw/spack/modules/lmod/linux-rhel8-x86_64/gcc/10.3.0/curl/7.80.0-rm.lua:/opt/sw/spack/modules/lmod/linux-rhel8-x86_64/gcc/10.3.0/bzip2/1.0.8-no.lua:/opt/sw/spack/modules/lmod/linux-rhel8-x86_64/gcc/10.3.0/perl/5.34.0-lm.lua:/opt/sw/spack/modules/lmod/linux-rhel8-x86_64/gcc/10.3.0/git/2.39.1-vd.lua, env.FLAKY_HOME=/scratch/tbaral/ase26/nod-rr/NOD-Test-Repair/flakerake, maven.compiler.source=1.8, java.specification.version=1.8, sun.arch.data.model=64}
[INFO] Using 'UTF-8' encoding to copy filtered resources.
[DEBUG] resource with targetPath null
directory /scratch/tbaral/ase26/nod-rr/NOD-Test-Repair/run_flakerake/projects/61/client/src/main/resources
excludes []
includes []
[INFO] skip non existing resourceDirectory /scratch/tbaral/ase26/nod-rr/NOD-Test-Repair/run_flakerake/projects/61/client/src/main/resources
[DEBUG] no use filter components
[INFO] 
[INFO] --- maven-compiler-plugin:3.1:compile (default-compile) @ tomcat_exporter_client ---
[DEBUG] Dependency collection stats: {ConflictMarker.analyzeTime=125627, ConflictMarker.markTime=55756, ConflictMarker.nodeCount=160, ConflictIdSorter.graphTime=33002, ConflictIdSorter.topsortTime=37411, ConflictIdSorter.conflictIdCount=43, ConflictIdSorter.conflictIdCycleCount=0, ConflictResolver.totalTime=387511, ConflictResolver.conflictItemCount=63, DefaultDependencyCollector.collectTime=454516196, DefaultDependencyCollector.transformTime=664805}
[DEBUG] org.apache.maven.plugins:maven-compiler-plugin:jar:3.1
[DEBUG]    org.apache.maven:maven-plugin-api:jar:2.0.9:compile
[DEBUG]    org.apache.maven:maven-artifact:jar:2.0.9:compile
[DEBUG]       org.codehaus.plexus:plexus-utils:jar:1.5.1:compile
[DEBUG]    org.apache.maven:maven-core:jar:2.0.9:compile
[DEBUG]       org.apache.maven:maven-settings:jar:2.0.9:compile
[DEBUG]       org.apache.maven:maven-plugin-parameter-documenter:jar:2.0.9:compile
[DEBUG]       org.apache.maven:maven-profile:jar:2.0.9:compile
[DEBUG]       org.apache.maven:maven-model:jar:2.0.9:compile
[DEBUG]       org.apache.maven:maven-repository-metadata:jar:2.0.9:compile
[DEBUG]       org.apache.maven:maven-error-diagnostics:jar:2.0.9:compile
[DEBUG]       org.apache.maven:maven-project:jar:2.0.9:compile
[DEBUG]          org.apache.maven:maven-plugin-registry:jar:2.0.9:compile
[DEBUG]       org.apache.maven:maven-plugin-descriptor:jar:2.0.9:compile
[DEBUG]       org.apache.maven:maven-artifact-manager:jar:2.0.9:compile
[DEBUG]       org.apache.maven:maven-monitor:jar:2.0.9:compile
[DEBUG]    org.apache.maven:maven-toolchain:jar:1.0:compile
[DEBUG]    org.apache.maven.shared:maven-shared-utils:jar:0.1:compile
[DEBUG]       com.google.code.findbugs:jsr305:jar:2.0.1:compile
[DEBUG]    org.apache.maven.shared:maven-shared-incremental:jar:1.1:compile
[DEBUG]       org.codehaus.plexus:plexus-component-annotations:jar:1.5.5:compile (version managed from default)
[DEBUG]    org.codehaus.plexus:plexus-compiler-api:jar:2.2:compile
[DEBUG]    org.codehaus.plexus:plexus-compiler-manager:jar:2.2:compile
[DEBUG]    org.codehaus.plexus:plexus-compiler-javac:jar:2.2:runtime
[DEBUG]    org.codehaus.plexus:plexus-container-default:jar:1.5.5:compile
[DEBUG]       org.codehaus.plexus:plexus-classworlds:jar:2.2.2:compile
[DEBUG]       org.apache.xbean:xbean-reflect:jar:3.4:compile
[DEBUG]          log4j:log4j:jar:1.2.12:compile
[DEBUG]          commons-logging:commons-logging-api:jar:1.1:compile
[DEBUG]       com.google.collections:google-collections:jar:1.0:compile
[DEBUG]       junit:junit:jar:3.8.2:compile
[DEBUG] Created new class realm plugin>org.apache.maven.plugins:maven-compiler-plugin:3.1
[DEBUG] Importing foreign packages into class realm plugin>org.apache.maven.plugins:maven-compiler-plugin:3.1
[DEBUG]   Imported:  < project>nl.nlighten:tomcat_exporter_client:0.0.18-SNAPSHOT
[DEBUG] Populating class realm plugin>org.apache.maven.plugins:maven-compiler-plugin:3.1
[DEBUG]   Included: org.apache.maven.plugins:maven-compiler-plugin:jar:3.1
[DEBUG]   Included: org.codehaus.plexus:plexus-utils:jar:1.5.1
[DEBUG]   Included: org.apache.maven.shared:maven-shared-utils:jar:0.1
[DEBUG]   Included: com.google.code.findbugs:jsr305:jar:2.0.1
[DEBUG]   Included: org.apache.maven.shared:maven-shared-incremental:jar:1.1
[DEBUG]   Included: org.codehaus.plexus:plexus-component-annotations:jar:1.5.5
[DEBUG]   Included: org.codehaus.plexus:plexus-compiler-api:jar:2.2
[DEBUG]   Included: org.codehaus.plexus:plexus-compiler-manager:jar:2.2
[DEBUG]   Included: org.codehaus.plexus:plexus-compiler-javac:jar:2.2
[DEBUG]   Included: org.apache.xbean:xbean-reflect:jar:3.4
[DEBUG]   Included: log4j:log4j:jar:1.2.12
[DEBUG]   Included: commons-logging:commons-logging-api:jar:1.1
[DEBUG]   Included: com.google.collections:google-collections:jar:1.0
[DEBUG]   Included: junit:junit:jar:3.8.2
[DEBUG] Configuring mojo org.apache.maven.plugins:maven-compiler-plugin:3.1:compile from plugin realm ClassRealm[plugin>org.apache.maven.plugins:maven-compiler-plugin:3.1, parent: sun.misc.Launcher$AppClassLoader@5c647e05]
[DEBUG] Configuring mojo 'org.apache.maven.plugins:maven-compiler-plugin:3.1:compile' with basic configurator -->
[DEBUG]   (f) basedir = /scratch/tbaral/ase26/nod-rr/NOD-Test-Repair/run_flakerake/projects/61/client
[DEBUG]   (f) buildDirectory = /scratch/tbaral/ase26/nod-rr/NOD-Test-Repair/run_flakerake/projects/61/client/target
[DEBUG]   (f) classpathElements = [/scratch/tbaral/ase26/nod-rr/NOD-Test-Repair/run_flakerake/projects/61/client/target/classes, /home/tbaral/.m2/repository/io/prometheus/simpleclient/0.15.0/simpleclient-0.15.0.jar, /home/tbaral/.m2/repository/io/prometheus/simpleclient_tracer_otel/0.15.0/simpleclient_tracer_otel-0.15.0.jar, /home/tbaral/.m2/repository/io/prometheus/simpleclient_tracer_common/0.15.0/simpleclient_tracer_common-0.15.0.jar, /home/tbaral/.m2/repository/io/prometheus/simpleclient_tracer_otel_agent/0.15.0/simpleclient_tracer_otel_agent-0.15.0.jar, /home/tbaral/.m2/repository/io/prometheus/simpleclient_servlet/0.15.0/simpleclient_servlet-0.15.0.jar, /home/tbaral/.m2/repository/io/prometheus/simpleclient_common/0.15.0/simpleclient_common-0.15.0.jar, /home/tbaral/.m2/repository/io/prometheus/simpleclient_servlet_common/0.15.0/simpleclient_servlet_common-0.15.0.jar, /home/tbaral/.m2/repository/io/prometheus/simpleclient_hotspot/0.15.0/simpleclient_hotspot-0.15.0.jar, /home/tbaral/.m2/repository/org/apache/tomcat/tomcat-catalina/9.0.58/tomcat-catalina-9.0.58.jar, /home/tbaral/.m2/repository/org/apache/tomcat/tomcat-servlet-api/9.0.58/tomcat-servlet-api-9.0.58.jar, /home/tbaral/.m2/repository/org/apache/tomcat/tomcat-jsp-api/9.0.58/tomcat-jsp-api-9.0.58.jar, /home/tbaral/.m2/repository/org/apache/tomcat/tomcat-el-api/9.0.58/tomcat-el-api-9.0.58.jar, /home/tbaral/.m2/repository/org/apache/tomcat/tomcat-juli/9.0.58/tomcat-juli-9.0.58.jar, /home/tbaral/.m2/repository/org/apache/tomcat/tomcat-annotations-api/9.0.58/tomcat-annotations-api-9.0.58.jar, /home/tbaral/.m2/repository/org/apache/tomcat/tomcat-api/9.0.58/tomcat-api-9.0.58.jar, /home/tbaral/.m2/repository/org/apache/tomcat/tomcat-jni/9.0.58/tomcat-jni-9.0.58.jar, /home/tbaral/.m2/repository/org/apache/tomcat/tomcat-coyote/9.0.58/tomcat-coyote-9.0.58.jar, /home/tbaral/.m2/repository/org/apache/tomcat/tomcat-util/9.0.58/tomcat-util-9.0.58.jar, /home/tbaral/.m2/repository/org/apache/tomcat/tomcat-util-scan/9.0.58/tomcat-util-scan-9.0.58.jar, /home/tbaral/.m2/repository/org/apache/tomcat/tomcat-jaspic-api/9.0.58/tomcat-jaspic-api-9.0.58.jar, /home/tbaral/.m2/repository/org/apache/tomcat/tomcat-jdbc/9.0.58/tomcat-jdbc-9.0.58.jar, /home/tbaral/.m2/repository/org/apache/tomcat/tomcat-dbcp/9.0.58/tomcat-dbcp-9.0.58.jar]
[DEBUG]   (f) compileSourceRoots = [/scratch/tbaral/ase26/nod-rr/NOD-Test-Repair/run_flakerake/projects/61/client/src/main/java]
[DEBUG]   (f) compilerId = javac
[DEBUG]   (f) debug = true
[DEBUG]   (f) encoding = UTF-8
[DEBUG]   (f) failOnError = true
[DEBUG]   (f) forceJavacCompilerUse = false
[DEBUG]   (f) fork = false
[DEBUG]   (f) generatedSourcesDirectory = /scratch/tbaral/ase26/nod-rr/NOD-Test-Repair/run_flakerake/projects/61/client/target/generated-sources/annotations
[DEBUG]   (f) mojoExecution = org.apache.maven.plugins:maven-compiler-plugin:3.1:compile {execution: default-compile}
[DEBUG]   (f) optimize = false
[DEBUG]   (f) outputDirectory = /scratch/tbaral/ase26/nod-rr/NOD-Test-Repair/run_flakerake/projects/61/client/target/classes
[DEBUG]   (f) projectArtifact = nl.nlighten:tomcat_exporter_client:jar:0.0.18-SNAPSHOT
[DEBUG]   (f) showDeprecation = false
[DEBUG]   (f) showWarnings = false
[DEBUG]   (f) skipMultiThreadWarning = false
[DEBUG]   (f) source = 1.8
[DEBUG]   (f) staleMillis = 0
[DEBUG]   (f) target = 1.8
[DEBUG]   (f) useIncrementalCompilation = true
[DEBUG]   (f) verbose = false
[DEBUG]   (f) mavenSession = org.apache.maven.execution.MavenSession@5d5160e6
[DEBUG]   (f) session = org.apache.maven.execution.MavenSession@5d5160e6
[DEBUG] -- end configuration --
[DEBUG] Using compiler 'javac'.
[DEBUG] Source directories: [/scratch/tbaral/ase26/nod-rr/NOD-Test-Repair/run_flakerake/projects/61/client/src/main/java]
[DEBUG] Classpath: [/scratch/tbaral/ase26/nod-rr/NOD-Test-Repair/run_flakerake/projects/61/client/target/classes
 /home/tbaral/.m2/repository/io/prometheus/simpleclient/0.15.0/simpleclient-0.15.0.jar
 /home/tbaral/.m2/repository/io/prometheus/simpleclient_tracer_otel/0.15.0/simpleclient_tracer_otel-0.15.0.jar
 /home/tbaral/.m2/repository/io/prometheus/simpleclient_tracer_common/0.15.0/simpleclient_tracer_common-0.15.0.jar
 /home/tbaral/.m2/repository/io/prometheus/simpleclient_tracer_otel_agent/0.15.0/simpleclient_tracer_otel_agent-0.15.0.jar
 /home/tbaral/.m2/repository/io/prometheus/simpleclient_servlet/0.15.0/simpleclient_servlet-0.15.0.jar
 /home/tbaral/.m2/repository/io/prometheus/simpleclient_common/0.15.0/simpleclient_common-0.15.0.jar
 /home/tbaral/.m2/repository/io/prometheus/simpleclient_servlet_common/0.15.0/simpleclient_servlet_common-0.15.0.jar
 /home/tbaral/.m2/repository/io/prometheus/simpleclient_hotspot/0.15.0/simpleclient_hotspot-0.15.0.jar
 /home/tbaral/.m2/repository/org/apache/tomcat/tomcat-catalina/9.0.58/tomcat-catalina-9.0.58.jar
 /home/tbaral/.m2/repository/org/apache/tomcat/tomcat-servlet-api/9.0.58/tomcat-servlet-api-9.0.58.jar
 /home/tbaral/.m2/repository/org/apache/tomcat/tomcat-jsp-api/9.0.58/tomcat-jsp-api-9.0.58.jar
 /home/tbaral/.m2/repository/org/apache/tomcat/tomcat-el-api/9.0.58/tomcat-el-api-9.0.58.jar
 /home/tbaral/.m2/repository/org/apache/tomcat/tomcat-juli/9.0.58/tomcat-juli-9.0.58.jar
 /home/tbaral/.m2/repository/org/apache/tomcat/tomcat-annotations-api/9.0.58/tomcat-annotations-api-9.0.58.jar
 /home/tbaral/.m2/repository/org/apache/tomcat/tomcat-api/9.0.58/tomcat-api-9.0.58.jar
 /home/tbaral/.m2/repository/org/apache/tomcat/tomcat-jni/9.0.58/tomcat-jni-9.0.58.jar
 /home/tbaral/.m2/repository/org/apache/tomcat/tomcat-coyote/9.0.58/tomcat-coyote-9.0.58.jar
 /home/tbaral/.m2/repository/org/apache/tomcat/tomcat-util/9.0.58/tomcat-util-9.0.58.jar
 /home/tbaral/.m2/repository/org/apache/tomcat/tomcat-util-scan/9.0.58/tomcat-util-scan-9.0.58.jar
 /home/tbaral/.m2/repository/org/apache/tomcat/tomcat-jaspic-api/9.0.58/tomcat-jaspic-api-9.0.58.jar
 /home/tbaral/.m2/repository/org/apache/tomcat/tomcat-jdbc/9.0.58/tomcat-jdbc-9.0.58.jar
 /home/tbaral/.m2/repository/org/apache/tomcat/tomcat-dbcp/9.0.58/tomcat-dbcp-9.0.58.jar]
[DEBUG] Output directory: /scratch/tbaral/ase26/nod-rr/NOD-Test-Repair/run_flakerake/projects/61/client/target/classes
[DEBUG] CompilerReuseStrategy: reuseCreated
[DEBUG] useIncrementalCompilation enabled
[INFO] Nothing to compile - all classes are up to date
[INFO] 
[INFO] --- maven-resources-plugin:2.6:testResources (default-testResources) @ tomcat_exporter_client ---
[DEBUG] Configuring mojo org.apache.maven.plugins:maven-resources-plugin:2.6:testResources from plugin realm ClassRealm[plugin>org.apache.maven.plugins:maven-resources-plugin:2.6, parent: sun.misc.Launcher$AppClassLoader@5c647e05]
[DEBUG] Configuring mojo 'org.apache.maven.plugins:maven-resources-plugin:2.6:testResources' with basic configurator -->
[DEBUG]   (f) buildFilters = []
[DEBUG]   (f) encoding = UTF-8
[DEBUG]   (f) escapeWindowsPaths = true
[DEBUG]   (s) includeEmptyDirs = false
[DEBUG]   (s) outputDirectory = /scratch/tbaral/ase26/nod-rr/NOD-Test-Repair/run_flakerake/projects/61/client/target/test-classes
[DEBUG]   (s) overwrite = false
[DEBUG]   (f) project = MavenProject: nl.nlighten:tomcat_exporter_client:0.0.18-SNAPSHOT @ /scratch/tbaral/ase26/nod-rr/NOD-Test-Repair/run_flakerake/projects/61/client/pom.xml
[DEBUG]   (s) resources = [Resource {targetPath: null, filtering: false, FileSet {directory: /scratch/tbaral/ase26/nod-rr/NOD-Test-Repair/run_flakerake/projects/61/client/src/test/resources, PatternSet [includes: {}, excludes: {}]}}]
[DEBUG]   (f) session = org.apache.maven.execution.MavenSession@5d5160e6
[DEBUG]   (f) supportMultiLineFiltering = false
[DEBUG]   (f) useBuildFilters = true
[DEBUG]   (s) useDefaultDelimiters = true
[DEBUG] -- end configuration --
[DEBUG] properties used {env.OLDPWD=/scratch/tbaral/ase26/nod-rr/NOD-Test-Repair/run_flakerake/projects/61/client, file.encoding.pkg=sun.io, env.ACLOCAL_PATH=/opt/sw/spack/apps/linux-rhel8-x86_64_v2/gcc-10.3.0/curl-7.80.0-rm/share/aclocal, env.MPIF90=/opt/sw/spack/apps/linux-rhel8-x86_64_v2/gcc-10.3.0/openmpi-4.1.2-4a/bin/mpif90, env.LMOD_FAMILY_COMPILER=gnu10, java.home=/scratch/tbaral/ase26/nod-rr/NOD-Test-Repair/flakerake/jdk1.8.0_102/jre, env.SLURM_JOB_UID=1224545917, env._ModuleTable003_=ODAuMC1ybSIsfSxnaXQ9e1siZm4iXT0iL29wdC9zdy9zcGFjay9tb2R1bGVzL2xtb2QvbGludXgtcmhlbDgteDg2XzY0L2djYy8xMC4zLjAvZ2l0LzIuMzkuMS12ZC5sdWEiLFsiZnVsbE5hbWUiXT0iZ2l0LzIuMzkuMS12ZCIsWyJsb2FkT3JkZXIiXT0xMixwcm9wVD17fSxbInN0YWNrRGVwdGgiXT0wLFsic3RhdHVzIl09ImFjdGl2ZSIsWyJ1c2VyTmFtZSJdPSJnaXQiLH0sZ251MTA9e1siZm4iXT0iL29wdC9vaHBjL3B1Yi9tb2R1bGVmaWxlcy9nbnUxMC8xMC4zLjAteWEubHVhIixbImZ1bGxOYW1lIl09ImdudTEwLzEwLjMuMC15YSIsWyJsb2FkT3JkZXIiXT02LHByb3BUPXt9LFsic3RhY2tEZXB0aCJdPTAsWyJzdGF0dXMiXT0iYWN0aXZlIixbInVzZXJOYW1lIl09Imdu, env.LMOD_SETTARG_FULL_SUPPORT=no, env.CMAKE_PREFIX_PATH=/opt/sw/spack/apps/linux-rhel8-x86_64_v2/gcc-10.3.0/git-2.39.1-vd:/opt/sw/spack/apps/linux-rhel8-x86_64_v2/gcc-10.3.0/perl-5.34.0-lm:/opt/sw/spack/apps/linux-rhel8-x86_64_v2/gcc-10.3.0/bzip2-1.0.8-no:/opt/sw/spack/apps/linux-rhel8-x86_64_v2/gcc-10.3.0/curl-7.80.0-rm:/opt/sw/spack/apps/linux-rhel8-x86_64_v2/gcc-10.3.0/openmpi-4.1.2-4a:/opt/sw/spack/apps/linux-rhel8-x86_64_v2/gcc-10.3.0/zlib-1.2.11-2y:/opt/sw/spack/apps/linux-rhel8-x86_64_v2/gcc-9.3.0/gcc-10.3.0-ya, env.SDKMAN_CANDIDATES_API=https://api.sdkman.io/2, env.LMOD_PACKAGE_PATH=/opt/ohpc/admin/lmod/8.2.10, env.__LMOD_REF_COUNT_CMAKE_PREFIX_PATH=/opt/sw/spack/apps/linux-rhel8-x86_64_v2/gcc-10.3.0/git-2.39.1-vd:1;/opt/sw/spack/apps/linux-rhel8-x86_64_v2/gcc-10.3.0/perl-5.34.0-lm:1;/opt/sw/spack/apps/linux-rhel8-x86_64_v2/gcc-10.3.0/bzip2-1.0.8-no:1;/opt/sw/spack/apps/linux-rhel8-x86_64_v2/gcc-10.3.0/curl-7.80.0-rm:1;/opt/sw/spack/apps/linux-rhel8-x86_64_v2/gcc-10.3.0/openmpi-4.1.2-4a:1;/opt/sw/spack/apps/linux-rhel8-x86_64_v2/gcc-10.3.0/zlib-1.2.11-2y:1;/opt/sw/spack/apps/linux-rhel8-x86_64_v2/gcc-9.3.0/gcc-10.3.0-ya:1, env.ENVIRONMENT=BATCH, classworlds.conf=/scratch/tbaral/ase26/nod-rr/NOD-Test-Repair/flakerake/maven/bin/m2.conf, env.SDKMAN_CANDIDATES_DIR=/home/tbaral/.sdkman/candidates, env.SLURM_JOBID=3605212, java.endorsed.dirs=/scratch/tbaral/ase26/nod-rr/NOD-Test-Repair/flakerake/jdk1.8.0_102/jre/lib/endorsed, env.LOGNAME=tbaral, org.apache.tomcat.version=9.0.58, env.MPICC=/opt/sw/spack/apps/linux-rhel8-x86_64_v2/gcc-10.3.0/openmpi-4.1.2-4a/bin/mpicc, sun.os.patch.level=unknown, env.OPENMPI_ROOT=/opt/sw/spack/apps/linux-rhel8-x86_64_v2/gcc-10.3.0/openmpi-4.1.2-4a, test=nl.nlighten.prometheus.tomcat.TomcatServletMetricsFilterTest#testServletRequestMetrics, java.vendor.url=http://java.oracle.com/, env.INCLUDE=/opt/sw/spack/apps/linux-rhel8-x86_64_v2/gcc-10.3.0/bzip2-1.0.8-no/include:/opt/sw/spack/apps/linux-rhel8-x86_64_v2/gcc-10.3.0/curl-7.80.0-rm/include:/opt/sw/spack/apps/linux-rhel8-x86_64_v2/gcc-10.3.0/openmpi-4.1.2-4a/include:/opt/sw/spack/apps/linux-rhel8-x86_64_v2/gcc-10.3.0/zlib-1.2.11-2y/include:/opt/sw/spack/apps/linux-rhel8-x86_64_v2/gcc-9.3.0/gcc-10.3.0-ya/include/c++/10.3.0:/opt/sw/spack/apps/linux-rhel8-x86_64_v2/gcc-9.3.0/gcc-10.3.0-ya/include, env.TERM_PROGRAM_VERSION=1.100.0, java.version=1.8.0_102, env._ModuleTable002_=LjAvYnppcDIvMS4wLjgtbm8ubHVhIixbImZ1bGxOYW1lIl09ImJ6aXAyLzEuMC44LW5vIixbImxvYWRPcmRlciJdPTEwLHByb3BUPXt9LFsicmVmX2NvdW50Il09MSxbInN0YWNrRGVwdGgiXT0yLFsic3RhdHVzIl09ImFjdGl2ZSIsWyJ1c2VyTmFtZSJdPSJiemlwMi8xLjAuOC1ubyIsfSxjdXJsPXtbImZuIl09Ii9vcHQvc3cvc3BhY2svbW9kdWxlcy9sbW9kL2xpbnV4LXJoZWw4LXg4Nl82NC9nY2MvMTAuMy4wL2N1cmwvNy44MC4wLXJtLmx1YSIsWyJmdWxsTmFtZSJdPSJjdXJsLzcuODAuMC1ybSIsWyJsb2FkT3JkZXIiXT05LHByb3BUPXt9LFsicmVmX2NvdW50Il09MSxbInN0YWNrRGVwdGgiXT0xLFsic3RhdHVzIl09ImFjdGl2ZSIsWyJ1c2VyTmFtZSJdPSJjdXJsLzcu, env.SDKMAN_DIR=/home/tbaral/.sdkman, java.vendor.url.bug=http://bugreport.sun.com/bugreport/, skipTests=true, env.SSH_CLIENT=172.16.128.241 58068 22, env.LIBRARY_PATH=/opt/sw/spack/apps/linux-rhel8-x86_64_v2/gcc-10.3.0/perl-5.34.0-lm/lib:/opt/sw/spack/apps/linux-rhel8-x86_64_v2/gcc-10.3.0/bzip2-1.0.8-no/lib:/opt/sw/spack/apps/linux-rhel8-x86_64_v2/gcc-10.3.0/curl-7.80.0-rm/lib:/opt/sw/spack/apps/linux-rhel8-x86_64_v2/gcc-10.3.0/openmpi-4.1.2-4a/lib:/opt/sw/spack/apps/linux-rhel8-x86_64_v2/gcc-10.3.0/zlib-1.2.11-2y/lib:/opt/sw/spack/apps/linux-rhel8-x86_64_v2/gcc-9.3.0/gcc-10.3.0-ya/lib64:/opt/sw/spack/apps/linux-rhel8-x86_64_v2/gcc-9.3.0/gcc-10.3.0-ya/lib, env.SLURM_JOB_NODELIST=amd077, env.SLURM_JOB_GID=100, env.MPIF77=/opt/sw/spack/apps/linux-rhel8-x86_64_v2/gcc-10.3.0/openmpi-4.1.2-4a/bin/mpif77, user.name=tbaral, env.LANG=en_US.UTF-8, env.LMOD_PKG=/opt/ohpc/admin/lmod/lmod, sun.io.unicode.encoding=UnicodeLittle, sun.jnu.encoding=UTF-8, env.DBUS_SESSION_BUS_ADDRESS=unix:path=/run/user/1224545917/bus, java.runtime.name=Java(TM) SE Runtime Environment, env.SSH_ASKPASS=/usr/libexec/openssh/gnome-ssh-askpass, env._ModuleTable001_=X01vZHVsZVRhYmxlXz17WyJNVHZlcnNpb24iXT0zLFsiY19yZWJ1aWxkVGltZSJdPTg2NDAwLFsiY19zaG9ydFRpbWUiXT1mYWxzZSxkZXB0aFQ9e30sZmFtaWx5PXtbImNvbXBpbGVyIl09ImdudTEwIixbIm1waSJdPSJvcGVubXBpNCIsfSxtVD17YXV0b3Rvb2xzPXtbImZuIl09Ii9vcHQvb2hwYy9wdWIvbW9kdWxlZmlsZXMvYXV0b3Rvb2xzLmx1YSIsWyJmdWxsTmFtZSJdPSJhdXRvdG9vbHMiLFsibG9hZE9yZGVyIl09Myxwcm9wVD17fSxbInN0YWNrRGVwdGgiXT0xLFsic3RhdHVzIl09ImFjdGl2ZSIsWyJ1c2VyTmFtZSJdPSJhdXRvdG9vbHMiLH0sYnppcDI9e1siZm4iXT0iL29wdC9zdy9zcGFjay9tb2R1bGVzL2xtb2QvbGludXgtcmhlbDgteDg2XzY0L2djYy8xMC4z, env.SLURM_TASK_PID=2354386, env.LMOD_MPI_NAME=openmpi, env.SSH_CONNECTION=172.16.128.241 58068 172.16.130.25 22, env.__LMOD_REF_COUNT__LMFILES_=/opt/ohpc/pub/modulefiles/ohpc:1;/opt/ohpc/admin/lmod/8.2.10/modulefiles/Core/use.own.lua:1;/opt/ohpc/pub/modulefiles/autotools.lua:1;/opt/ohpc/pub/modulefiles/prun/2.0.lua:1;/etc/modulefiles/Core/hosts/hopper:1;/opt/ohpc/pub/modulefiles/gnu10/10.3.0-ya.lua:1;/opt/sw/spack/modules/lmod/linux-rhel8-x86_64/gcc/10.3.0/zlib/1.2.11-2y.lua:1;/opt/sw/spack/modules/lmod/linux-rhel8-x86_64/gcc/10.3.0/openmpi4/4.1.2-4a.lua:1;/opt/sw/spack/modules/lmod/linux-rhel8-x86_64/gcc/10.3.0/curl/7.80.0-rm.lua:1;/opt/sw/spack/modules/lmod/linux-rhel8-x86_64/gcc/10.3.0/bzip2/1.0.8-no.lua:1;/opt/sw/spack/modules/lmod/linux-rhel8-x86_64/gcc/10.3.0/perl/5.34.0-lm.lua:1;/opt/sw/spack/modules/lmod/linux-rhel8-x86_64/gcc/10.3.0/git/2.39.1-vd.lua:1, env.BROWSER=/home/tbaral/.vscode-server/cli/servers/Stable-19e0f9e681ecb8e5c09d8784acaa601316ca4571/server/bin/helpers/browser.sh, java.specification.name=Java Platform API Specification, env.SLURM_PRIO_PROCESS=0, env.LMOD_PREPEND_BLOCK=normal, user.timezone=, env.LESSOPEN=||/usr/bin/lesspipe.sh %s, env.SLURM_JOB_START_TIME=1747263058, path.separator=:, env.MAVEN_CMD_LINE_ARGS= test -X -Dtest=nl.nlighten.prometheus.tomcat.TomcatServletMetricsFilterTest#testServletRequestMetrics -DfailIfNoTests=false -DskipTests -q -B -fn -s /scratch/tbaral/ase26/nod-rr/NOD-Test-Repair/flakerake/shell_scripts/maven-repo-fix-settings.xml -DskipITs, env.LMOD_MPI_VERSION=4.1.2-4aedfmd, file.encoding=UTF-8, env.HOME=/home/tbaral, env.which_declare=declare -f, sun.java.command=org.codehaus.plexus.classworlds.launcher.Launcher test -X -Dtest=nl.nlighten.prometheus.tomcat.TomcatServletMetricsFilterTest#testServletRequestMetrics -DfailIfNoTests=false -DskipTests -q -B -fn -s /scratch/tbaral/ase26/nod-rr/NOD-Test-Repair/flakerake/shell_scripts/maven-repo-fix-settings.xml -DskipITs, env.MANPATH=/opt/sw/spack/apps/linux-rhel8-x86_64_v2/gcc-10.3.0/git-2.39.1-vd/share/man:/opt/sw/spack/apps/linux-rhel8-x86_64_v2/gcc-10.3.0/perl-5.34.0-lm/man:/opt/sw/spack/apps/linux-rhel8-x86_64_v2/gcc-10.3.0/bzip2-1.0.8-no/man:/opt/sw/spack/apps/linux-rhel8-x86_64_v2/gcc-10.3.0/curl-7.80.0-rm/share/man:/opt/sw/spack/apps/linux-rhel8-x86_64_v2/gcc-10.3.0/openmpi-4.1.2-4a/share/man:/opt/sw/spack/apps/linux-rhel8-x86_64_v2/gcc-10.3.0/zlib-1.2.11-2y/share/man:/opt/sw/spack/apps/linux-rhel8-x86_64_v2/gcc-9.3.0/gcc-10.3.0-ya/share/man:/opt/ohpc/pub/utils/autotools/share/man:/usr/local/share/man:/usr/share/man/overrides:/usr/share/man/en:/usr/share/man, env.CXX=/opt/sw/spack/apps/linux-rhel8-x86_64_v2/gcc-9.3.0/gcc-10.3.0-ya/bin/g++, env.LMOD_SYSTEM_DEFAULT_MODULES=hosts/hopper, env.LMOD_COLORIZE=no, env.SLURM_TOPOLOGY_ADDR_PATTERN=node, env.LMOD_CACHED_LOADS=yes, env.LMOD_FULL_SETTARG_SUPPORT=yes, env.HOSTNAME=amd077, env.LMOD_MODULERCFILE=/opt/ohpc/admin/lmod/etc/rc-hopper.lua, env.FC=/opt/sw/spack/apps/linux-rhel8-x86_64_v2/gcc-9.3.0/gcc-10.3.0-ya/bin/gfortran, java.io.tmpdir=/tmp, env.SLURM_NODEID=0, user.language=en, env.HISTCONTROL=ignoredups, line.separator=
, env.__LMOD_REF_COUNT_ACLOCAL_PATH=/opt/sw/spack/apps/linux-rhel8-x86_64_v2/gcc-10.3.0/curl-7.80.0-rm/share/aclocal:1, env.BZIP2_ROOT=/opt/sw/spack/apps/linux-rhel8-x86_64_v2/gcc-10.3.0/bzip2-1.0.8-no, env.HISTSIZE=1000, env.SLURM_WORKING_CLUSTER=hopper:SLURM:6817:9984:109, env.CURL_ROOT=/opt/sw/spack/apps/linux-rhel8-x86_64_v2/gcc-10.3.0/curl-7.80.0-rm, env.LMOD_FAMILY_COMPILER_VERSION=10.3.0-ya, java.vm.info=mixed mode, env.C_INCLUDE_PATH=/opt/sw/spack/apps/linux-rhel8-x86_64_v2/gcc-10.3.0/bzip2-1.0.8-no/include:/opt/sw/spack/apps/linux-rhel8-x86_64_v2/gcc-10.3.0/curl-7.80.0-rm/include:/opt/sw/spack/apps/linux-rhel8-x86_64_v2/gcc-10.3.0/openmpi-4.1.2-4a/include:/opt/sw/spack/apps/linux-rhel8-x86_64_v2/gcc-10.3.0/zlib-1.2.11-2y/include:/opt/sw/spack/apps/linux-rhel8-x86_64_v2/gcc-9.3.0/gcc-10.3.0-ya/include, java.vm.specification.name=Java Virtual Machine Specification, env.SLURM_PROCID=0, env.COLORTERM=truecolor, env.M2_HOME=/scratch/tbaral/ase26/nod-rr/NOD-Test-Repair/flakerake/maven, env.SLURM_MEM_PER_NODE=512000, skipITs=true, env.__LMOD_REF_COUNT_INCLUDE=/opt/sw/spack/apps/linux-rhel8-x86_64_v2/gcc-10.3.0/bzip2-1.0.8-no/include:1;/opt/sw/spack/apps/linux-rhel8-x86_64_v2/gcc-10.3.0/curl-7.80.0-rm/include:1;/opt/sw/spack/apps/linux-rhel8-x86_64_v2/gcc-10.3.0/openmpi-4.1.2-4a/include:1;/opt/sw/spack/apps/linux-rhel8-x86_64_v2/gcc-10.3.0/zlib-1.2.11-2y/include:1;/opt/sw/spack/apps/linux-rhel8-x86_64_v2/gcc-9.3.0/gcc-10.3.0-ya/include/c++/10.3.0:1;/opt/sw/spack/apps/linux-rhel8-x86_64_v2/gcc-9.3.0/gcc-10.3.0-ya/include:1, env.LMOD_DIR=/opt/ohpc/admin/lmod/lmod/libexec, env.SLURM_JOB_END_TIME=1747691458, env.SLURM_CPUS_ON_NODE=20, java.awt.printerjob=sun.print.PSPrinterJob, env.__LMOD_REF_COUNT_C_INCLUDE_PATH=/opt/sw/spack/apps/linux-rhel8-x86_64_v2/gcc-10.3.0/bzip2-1.0.8-no/include:1;/opt/sw/spack/apps/linux-rhel8-x86_64_v2/gcc-10.3.0/curl-7.80.0-rm/include:1;/opt/sw/spack/apps/linux-rhel8-x86_64_v2/gcc-10.3.0/openmpi-4.1.2-4a/include:1;/opt/sw/spack/apps/linux-rhel8-x86_64_v2/gcc-10.3.0/zlib-1.2.11-2y/include:1;/opt/sw/spack/apps/linux-rhel8-x86_64_v2/gcc-9.3.0/gcc-10.3.0-ya/include:1, env.SDKMAN_PLATFORM=linuxx64, env.SLURM_CLUSTER_NAME=hopper, env.SLURM_NODELIST=amd077, env.LMOD_FAMILY_MPI_VERSION=4.1.2-4a, env.SLURM_JOB_USER=tbaral, env.SLURM_NODE_ALIASES=(null), env.SLURM_JOB_ACCOUNT=winglam, env.PYTHON_FLAKY_BIN=/scratch/tbaral/ase26/nod-rr/py39/bin/python3.9, env.F77=/opt/sw/spack/apps/linux-rhel8-x86_64_v2/gcc-9.3.0/gcc-10.3.0-ya/bin/gfortran, env.LMOD_REDIRECT=no, env.LOADEDMODULES=ohpc:use.own:autotools:prun/2.0:hosts/hopper:gnu10/10.3.0-ya:zlib/1.2.11-2y:openmpi4/4.1.2-4a:curl/7.80.0-rm:bzip2/1.0.8-no:perl/5.34.0-lm:git/2.39.1-vd, env.BASH_FUNC_module%%=() {  eval $($LMOD_CMD bash "$@") && eval $(${LMOD_SETTARG_CMD:-:} -s sh)
}, os.name=Linux, java.specification.vendor=Oracle Corporation, env.SLURMD_NODENAME=amd077, env.SLURM_JOB_NAME=61, env.TERM=xterm-256color, java.vm.name=Java HotSpot(TM) 64-Bit Server VM, env.JAVA_FLAKY_HOME=/scratch/tbaral/ase26/nod-rr/NOD-Test-Repair/flakerake/jdk1.8.0_102, env.SLURM_JOB_QOS=normal, java.library.path=/opt/sw/spack/apps/linux-rhel8-x86_64_v2/gcc-10.3.0/perl-5.34.0-lm/lib:/opt/sw/spack/apps/linux-rhel8-x86_64_v2/gcc-10.3.0/bzip2-1.0.8-no/lib:/opt/sw/spack/apps/linux-rhel8-x86_64_v2/gcc-10.3.0/curl-7.80.0-rm/lib:/opt/sw/spack/apps/linux-rhel8-x86_64_v2/gcc-10.3.0/openmpi-4.1.2-4a/lib:/opt/sw/spack/apps/linux-rhel8-x86_64_v2/gcc-10.3.0/zlib-1.2.11-2y/lib:/opt/sw/spack/apps/linux-rhel8-x86_64_v2/gcc-9.3.0/gcc-10.3.0-ya/lib64:/opt/sw/spack/apps/linux-rhel8-x86_64_v2/gcc-9.3.0/gcc-10.3.0-ya/lib:/usr/java/packages/lib/amd64:/usr/lib64:/lib64:/lib:/usr/lib, env._ModuleTable009_=LjIuMTEtMnkiLH0sfSxtcGF0aEE9eyIvb3B0L3N3L290aGVyL21vZHVsZWRlcHMvbGludXgtcmhlbDgteDg2XzY0X3YyL2djYy0xMC4zLjAtb3Blbm1waS00LjEuMiIsIi9vcHQvc3cvc3BhY2svbW9kdWxlZGVwcy9saW51eC1yaGVsOC14ODZfNjQvZ251LTEwLjMuMC1vcGVubXBpLTQuMS4yIiwiL29wdC9zdy9vdGhlci9tb2R1bGVkZXBzL2xpbnV4LXJoZWw4LXg4Nl82NF92Mi9nY2MtMTAuMy4wIiwiL29wdC9zdy9zcGFjay9tb2R1bGVzL2xtb2QvbGludXgtcmhlbDgteDg2XzY0L2djYy8xMC4zLjAiLCIvb3B0L3N3L290aGVyL21vZHVsZWZpbGVzIiwiL29wdC9vaHBjL3B1Yi9tb2R1bGVmaWxlcyIsIi9ldGMvbW9kdWxlZmlsZXMvQ29yZSIsIi9vcHQvb2hwYy9hZG1pbi9s, env.PATH=/scratch/tbaral/ase26/nod-rr/py39/bin:/opt/sw/spack/apps/linux-rhel8-x86_64_v2/gcc-10.3.0/git-2.39.1-vd/bin:/opt/sw/spack/apps/linux-rhel8-x86_64_v2/gcc-10.3.0/perl-5.34.0-lm/bin:/opt/sw/spack/apps/linux-rhel8-x86_64_v2/gcc-10.3.0/bzip2-1.0.8-no/bin:/opt/sw/spack/apps/linux-rhel8-x86_64_v2/gcc-10.3.0/curl-7.80.0-rm/bin:/opt/sw/spack/apps/linux-rhel8-x86_64_v2/gcc-10.3.0/openmpi-4.1.2-4a/bin:/opt/sw/spack/apps/linux-rhel8-x86_64_v2/gcc-9.3.0/gcc-10.3.0-ya/bin:/home/tbaral/.nvm/versions/node/v24.0.0/bin:/home/tbaral/.sdkman/candidates/java/current/bin:/home/tbaral/.vscode-server/cli/servers/Stable-19e0f9e681ecb8e5c09d8784acaa601316ca4571/server/bin/remote-cli:/opt/ohpc/pub/utils/prun/2.0:/opt/ohpc/pub/utils/autotools/bin:/opt/ohpc/pub/bin:/usr/local/bin:/usr/bin:/usr/local/sbin:/usr/sbin:/opt/dell/srvadmin/bin:/home/tbaral/.vscode-server/data/User/globalStorage/github.copilot-chat/debugCommand:/scratch/tbaral/ase26/nod-rr/NOD-Test-Repair/flakerake/maven/bin, env.CC=/opt/sw/spack/apps/linux-rhel8-x86_64_v2/gcc-9.3.0/gcc-10.3.0-ya/bin/gcc, library.jansi.path=/scratch/tbaral/ase26/nod-rr/NOD-Test-Repair/flakerake/maven/lib/jansi-native, env.__LMOD_REF_COUNT_LIBRARY_PATH=/opt/sw/spack/apps/linux-rhel8-x86_64_v2/gcc-10.3.0/perl-5.34.0-lm/lib:1;/opt/sw/spack/apps/linux-rhel8-x86_64_v2/gcc-10.3.0/bzip2-1.0.8-no/lib:1;/opt/sw/spack/apps/linux-rhel8-x86_64_v2/gcc-10.3.0/curl-7.80.0-rm/lib:1;/opt/sw/spack/apps/linux-rhel8-x86_64_v2/gcc-10.3.0/openmpi-4.1.2-4a/lib:1;/opt/sw/spack/apps/linux-rhel8-x86_64_v2/gcc-10.3.0/zlib-1.2.11-2y/lib:1;/opt/sw/spack/apps/linux-rhel8-x86_64_v2/gcc-9.3.0/gcc-10.3.0-ya/lib64:1;/opt/sw/spack/apps/linux-rhel8-x86_64_v2/gcc-9.3.0/gcc-10.3.0-ya/lib:1, env.LMOD_SITE_NAME=GMU_Hopper, java.class.version=52.0, env.SHLVL=7, maven.multiModuleProjectDirectory=/scratch/tbaral/ase26/nod-rr/NOD-Test-Repair/run_flakerake/projects/61/client, env.LD_LIBRARY_PATH=/opt/sw/spack/apps/linux-rhel8-x86_64_v2/gcc-10.3.0/perl-5.34.0-lm/lib:/opt/sw/spack/apps/linux-rhel8-x86_64_v2/gcc-10.3.0/bzip2-1.0.8-no/lib:/opt/sw/spack/apps/linux-rhel8-x86_64_v2/gcc-10.3.0/curl-7.80.0-rm/lib:/opt/sw/spack/apps/linux-rhel8-x86_64_v2/gcc-10.3.0/openmpi-4.1.2-4a/lib:/opt/sw/spack/apps/linux-rhel8-x86_64_v2/gcc-10.3.0/zlib-1.2.11-2y/lib:/opt/sw/spack/apps/linux-rhel8-x86_64_v2/gcc-9.3.0/gcc-10.3.0-ya/lib64:/opt/sw/spack/apps/linux-rhel8-x86_64_v2/gcc-9.3.0/gcc-10.3.0-ya/lib, env.NVM_DIR=/home/tbaral/.nvm, env.MODULESHOME=/opt/ohpc/admin/lmod/lmod, env.LMOD_FAMILY_MPI=openmpi4, env.GCC_ROOT=/opt/sw/spack/apps/linux-rhel8-x86_64_v2/gcc-9.3.0/gcc-10.3.0-ya, env.LMOD_SETTARG_CMD=:, env.__LMOD_REF_COUNT_LD_LIBRARY_PATH=/opt/sw/spack/apps/linux-rhel8-x86_64_v2/gcc-10.3.0/perl-5.34.0-lm/lib:1;/opt/sw/spack/apps/linux-rhel8-x86_64_v2/gcc-10.3.0/bzip2-1.0.8-no/lib:1;/opt/sw/spack/apps/linux-rhel8-x86_64_v2/gcc-10.3.0/curl-7.80.0-rm/lib:1;/opt/sw/spack/apps/linux-rhel8-x86_64_v2/gcc-10.3.0/openmpi-4.1.2-4a/lib:1;/opt/sw/spack/apps/linux-rhel8-x86_64_v2/gcc-10.3.0/zlib-1.2.11-2y/lib:1;/opt/sw/spack/apps/linux-rhel8-x86_64_v2/gcc-9.3.0/gcc-10.3.0-ya/lib64:1;/opt/sw/spack/apps/linux-rhel8-x86_64_v2/gcc-9.3.0/gcc-10.3.0-ya/lib:1, env.LMOD_VERSION=8.2.10, env.NVM_BIN=/home/tbaral/.nvm/versions/node/v24.0.0/bin, env.SLURM_JOB_ID=3605212, env.LMOD_SETTARG_TITLE_BAR=no, failIfNoTests=false, env.LMOD_AVAIL_STYLE=en_grouped:system, env.MODULEPATH=/opt/sw/other/moduledeps/linux-rhel8-x86_64_v2/gcc-10.3.0-openmpi-4.1.2:/opt/sw/spack/moduledeps/linux-rhel8-x86_64/gnu-10.3.0-openmpi-4.1.2:/opt/sw/other/moduledeps/linux-rhel8-x86_64_v2/gcc-10.3.0:/opt/sw/spack/modules/lmod/linux-rhel8-x86_64/gcc/10.3.0:/opt/sw/other/modulefiles:/opt/ohpc/pub/modulefiles:/etc/modulefiles/Core:/opt/ohpc/admin/lmod/8.2.10/modulefiles/Core:/home/tbaral/privatemodules, project.build.sourceEncoding=UTF-8, sun.boot.library.path=/scratch/tbaral/ase26/nod-rr/NOD-Test-Repair/flakerake/jdk1.8.0_102/jre/lib/amd64, env._ModuleTable008_=dC9vaHBjL2FkbWluL2xtb2QvOC4yLjEwL21vZHVsZWZpbGVzL0NvcmUvdXNlLm93bi5sdWEiLFsiZnVsbE5hbWUiXT0idXNlLm93biIsWyJsb2FkT3JkZXIiXT0yLHByb3BUPXt9LFsic3RhY2tEZXB0aCJdPTEsWyJzdGF0dXMiXT0iYWN0aXZlIixbInVzZXJOYW1lIl09InVzZS5vd24iLH0semxpYj17WyJmbiJdPSIvb3B0L3N3L3NwYWNrL21vZHVsZXMvbG1vZC9saW51eC1yaGVsOC14ODZfNjQvZ2NjLzEwLjMuMC96bGliLzEuMi4xMS0yeS5sdWEiLFsiZnVsbE5hbWUiXT0iemxpYi8xLjIuMTEtMnkiLFsibG9hZE9yZGVyIl09Nyxwcm9wVD17fSxbInJlZl9jb3VudCJdPTQsWyJzdGFja0RlcHRoIl09MixbInN0YXR1cyJdPSJhY3RpdmUiLFsidXNlck5hbWUiXT0iemxpYi8x, env.VIRTUAL_ENV=/scratch/tbaral/ase26/nod-rr/py39, sun.management.compiler=HotSpot 64-Bit Tiered Compilers, env.LMOD_CMD=/opt/ohpc/admin/lmod/lmod/libexec/lmod, java.awt.graphicsenv=sun.awt.X11GraphicsEnvironment, env.BASH_FUNC_ml%%=() {  eval $($LMOD_DIR/ml_cmd "$@")
}, env._ModuleTable_Sz_=10, env.BASH_ENV=/opt/ohpc/admin/lmod/lmod/init/bash, env.USER=tbaral, env.SLURM_JOB_PARTITION=bigmem, env.__LMOD_REF_COUNT_MANPATH=/opt/sw/spack/apps/linux-rhel8-x86_64_v2/gcc-10.3.0/git-2.39.1-vd/share/man:1;/opt/sw/spack/apps/linux-rhel8-x86_64_v2/gcc-10.3.0/perl-5.34.0-lm/man:1;/opt/sw/spack/apps/linux-rhel8-x86_64_v2/gcc-10.3.0/bzip2-1.0.8-no/man:1;/opt/sw/spack/apps/linux-rhel8-x86_64_v2/gcc-10.3.0/curl-7.80.0-rm/share/man:1;/opt/sw/spack/apps/linux-rhel8-x86_64_v2/gcc-10.3.0/openmpi-4.1.2-4a/share/man:1;/opt/sw/spack/apps/linux-rhel8-x86_64_v2/gcc-10.3.0/zlib-1.2.11-2y/share/man:1;/opt/sw/spack/apps/linux-rhel8-x86_64_v2/gcc-9.3.0/gcc-10.3.0-ya/share/man:1;/opt/ohpc/pub/utils/autotools/share/man:1;/usr/local/share/man:4;/usr/share/man/overrides:4;/usr/share/man/en:4;/usr/share/man:4, env.NVM_INC=/home/tbaral/.nvm/versions/node/v24.0.0/include/node, junit.version=4.13.1, env.TERM_PROGRAM=vscode, java.vm.specification.version=1.8, env.SLURM_TASKS_PER_NODE=1, env.LMOD_AUTO_SWAP=yes, env.MAVEN_REPO=/home/tbaral/.m2/repository, env._ModuleTable007_=bj17WyJmbiJdPSIvb3B0L29ocGMvcHViL21vZHVsZWZpbGVzL3BydW4vMi4wLmx1YSIsWyJmdWxsTmFtZSJdPSJwcnVuLzIuMCIsWyJsb2FkT3JkZXIiXT00LHByb3BUPXt9LFsic3RhY2tEZXB0aCJdPTEsWyJzdGF0dXMiXT0iYWN0aXZlIixbInVzZXJOYW1lIl09InBydW4iLH0sdWN4PXtbImZuIl09Ii9vcHQvc3cvc3BhY2svbW9kdWxlZGVwcy9saW51eC1yaGVsOC14ODZfNjQvZ251LTkuMy4wL3VjeC8xLjEyLjEtNGcubHVhIixbImZ1bGxOYW1lIl09InVjeC8xLjEyLjEtNGciLFsibG9hZE9yZGVyIl09LTUscHJvcFQ9e30sWyJzdGFja0RlcHRoIl09MixbInN0YXR1cyJdPSJpbmFjdGl2ZSIsWyJ1c2VyTmFtZSJdPSJ1Y3giLH0sWyJ1c2Uub3duIl09e1siZm4iXT0iL29w, env.NLSPATH=/usr/dt/lib/nls/msg/%L/%N.cat, awt.toolkit=sun.awt.X11.XToolkit, sun.cpu.isalist=, env.MAVEN_PROJECTBASEDIR=/scratch/tbaral/ase26/nod-rr/NOD-Test-Repair/run_flakerake/projects/61/client, env.SLURM_SUBMIT_DIR=/scratch/tbaral/ase26/nod-rr/NOD-Test-Repair/run_flakerake/projects/5, java.ext.dirs=/scratch/tbaral/ase26/nod-rr/NOD-Test-Repair/flakerake/jdk1.8.0_102/jre/lib/ext:/usr/java/packages/lib/ext, env.VSCODE_IPC_HOOK_CLI=/run/user/1224545917/vscode-ipc-9ac0013a-de26-4330-af95-abf367cbedd4.sock, os.version=4.18.0-553.33.1.el8_10.x86_64, env.SSL_CERT_FILE=/etc/pki/ca-trust/extracted/pem/tls-ca-bundle.pem, env.SSL_CERT_DIR=/etc/pki/tls/certs, user.home=/home/tbaral, java.vm.vendor=Oracle Corporation, env.BASH_FUNC_which%%=() {  ( alias;
 eval ${which_declare} ) | /usr/bin/which --tty-only --read-alias --read-functions --show-tilde --show-dot $@
}, env.PKG_CONFIG_PATH=/opt/sw/spack/apps/linux-rhel8-x86_64_v2/gcc-10.3.0/curl-7.80.0-rm/lib/pkgconfig:/opt/sw/spack/apps/linux-rhel8-x86_64_v2/gcc-10.3.0/openmpi-4.1.2-4a/lib/pkgconfig:/opt/sw/spack/apps/linux-rhel8-x86_64_v2/gcc-10.3.0/zlib-1.2.11-2y/lib/pkgconfig, env.JAVA_HOME=/scratch/tbaral/ase26/nod-rr/NOD-Test-Repair/flakerake/jdk1.8.0_102, env.XDG_SESSION_ID=7941, env._ModuleTable010_=bW9kLzguMi4xMC9tb2R1bGVmaWxlcy9Db3JlIiwiL2hvbWUvdGJhcmFsL3ByaXZhdGVtb2R1bGVzIix9LFsic3lzdGVtQmFzZU1QQVRIIl09Ii9vcHQvb2hwYy9wdWIvbW9kdWxlZmlsZXMiLH0=, maven.conf=/scratch/tbaral/ase26/nod-rr/NOD-Test-Repair/flakerake/maven/conf, user.dir=/scratch/tbaral/ase26/nod-rr/NOD-Test-Repair/run_flakerake/projects/61/client, env.XFILESEARCHPATH=/usr/dt/app-defaults/%L/Dt, env.SLURM_NNODES=1, env.MAIL=/var/spool/mail/tbaral, env.PERL_ROOT=/opt/sw/spack/apps/linux-rhel8-x86_64_v2/gcc-10.3.0/perl-5.34.0-lm, env.__LMOD_REF_COUNT_PKG_CONFIG_PATH=/opt/sw/spack/apps/linux-rhel8-x86_64_v2/gcc-10.3.0/curl-7.80.0-rm/lib/pkgconfig:1;/opt/sw/spack/apps/linux-rhel8-x86_64_v2/gcc-10.3.0/openmpi-4.1.2-4a/lib/pkgconfig:1;/opt/sw/spack/apps/linux-rhel8-x86_64_v2/gcc-10.3.0/zlib-1.2.11-2y/lib/pkgconfig:1, env.PWD=/scratch/tbaral/ase26/nod-rr/NOD-Test-Repair/run_flakerake/projects/61/client, env.SLURM_SUBMIT_HOST=amd025.orc.gmu.edu, env._ModuleTable006_=LjMuMC9vcGVubXBpNC80LjEuMi00YS5sdWEiLFsiZnVsbE5hbWUiXT0ib3Blbm1waTQvNC4xLjItNGEiLFsibG9hZE9yZGVyIl09OCxwcm9wVD17fSxbInN0YWNrRGVwdGgiXT0wLFsic3RhdHVzIl09ImFjdGl2ZSIsWyJ1c2VyTmFtZSJdPSJvcGVubXBpNCIsfSxwZXJsPXtbImZuIl09Ii9vcHQvc3cvc3BhY2svbW9kdWxlcy9sbW9kL2xpbnV4LXJoZWw4LXg4Nl82NC9nY2MvMTAuMy4wL3BlcmwvNS4zNC4wLWxtLmx1YSIsWyJmdWxsTmFtZSJdPSJwZXJsLzUuMzQuMC1sbSIsWyJsb2FkT3JkZXIiXT0xMSxwcm9wVD17fSxbInJlZl9jb3VudCJdPTEsWyJzdGFja0RlcHRoIl09MSxbInN0YXR1cyJdPSJhY3RpdmUiLFsidXNlck5hbWUiXT0icGVybC81LjM0LjAtbG0iLH0scHJ1, env.GIT_ROOT=/opt/sw/spack/apps/linux-rhel8-x86_64_v2/gcc-10.3.0/git-2.39.1-vd, sun.cpu.endian=little, env.SLURM_GTIDS=0, env.SLURM_TOPOLOGY_ADDR=amd077, env.__LMOD_REF_COUNT_CPLUS_INCLUDE_PATH=/opt/sw/spack/apps/linux-rhel8-x86_64_v2/gcc-10.3.0/bzip2-1.0.8-no/include:1;/opt/sw/spack/apps/linux-rhel8-x86_64_v2/gcc-10.3.0/curl-7.80.0-rm/include:1;/opt/sw/spack/apps/linux-rhel8-x86_64_v2/gcc-10.3.0/openmpi-4.1.2-4a/include:1;/opt/sw/spack/apps/linux-rhel8-x86_64_v2/gcc-10.3.0/zlib-1.2.11-2y/include:1;/opt/sw/spack/apps/linux-rhel8-x86_64_v2/gcc-9.3.0/gcc-10.3.0-ya/include:1, env.ZLIB_ROOT=/opt/sw/spack/apps/linux-rhel8-x86_64_v2/gcc-10.3.0/zlib-1.2.11-2y, env.TMPDIR=/tmp, env.SLURM_JOB_NUM_NODES=1, env.__LMOD_REF_COUNT_PATH=/opt/sw/spack/apps/linux-rhel8-x86_64_v2/gcc-10.3.0/git-2.39.1-vd/bin:1;/opt/sw/spack/apps/linux-rhel8-x86_64_v2/gcc-10.3.0/perl-5.34.0-lm/bin:1;/opt/sw/spack/apps/linux-rhel8-x86_64_v2/gcc-10.3.0/bzip2-1.0.8-no/bin:1;/opt/sw/spack/apps/linux-rhel8-x86_64_v2/gcc-10.3.0/curl-7.80.0-rm/bin:1;/opt/sw/spack/apps/linux-rhel8-x86_64_v2/gcc-10.3.0/openmpi-4.1.2-4a/bin:1;/opt/sw/spack/apps/linux-rhel8-x86_64_v2/gcc-9.3.0/gcc-10.3.0-ya/bin:1;/home/tbaral/.nvm/versions/node/v24.0.0/bin:1;/home/tbaral/.sdkman/candidates/java/current/bin:1;/home/tbaral/.vscode-server/cli/servers/Stable-19e0f9e681ecb8e5c09d8784acaa601316ca4571/server/bin/remote-cli:1;/opt/ohpc/pub/utils/prun/2.0:1;/opt/ohpc/pub/utils/autotools/bin:1;/opt/ohpc/pub/bin:2;/usr/local/bin:1;/usr/bin:1;/usr/local/sbin:1;/usr/sbin:1;/opt/dell/srvadmin/bin:1;/home/tbaral/.vscode-server/data/User/globalStorage/github.copilot-chat/debugCommand:1, env.SLURM_JOB_CPUS_PER_NODE=20, env.CPLUS_INCLUDE_PATH=/opt/sw/spack/apps/linux-rhel8-x86_64_v2/gcc-10.3.0/bzip2-1.0.8-no/include:/opt/sw/spack/apps/linux-rhel8-x86_64_v2/gcc-10.3.0/curl-7.80.0-rm/include:/opt/sw/spack/apps/linux-rhel8-x86_64_v2/gcc-10.3.0/openmpi-4.1.2-4a/include:/opt/sw/spack/apps/linux-rhel8-x86_64_v2/gcc-10.3.0/zlib-1.2.11-2y/include:/opt/sw/spack/apps/linux-rhel8-x86_64_v2/gcc-9.3.0/gcc-10.3.0-ya/include, java.vm.version=25.102-b14, java.class.path=/scratch/tbaral/ase26/nod-rr/NOD-Test-Repair/flakerake/maven/boot/plexus-classworlds-2.6.0.jar, env.__LMOD_REF_COUNT_LOADEDMODULES=ohpc:1;use.own:1;autotools:1;prun/2.0:1;hosts/hopper:1;gnu10/10.3.0-ya:1;zlib/1.2.11-2y:1;openmpi4/4.1.2-4a:1;curl/7.80.0-rm:1;bzip2/1.0.8-no:1;perl/5.34.0-lm:1;git/2.39.1-vd:1, os.arch=amd64, io.prometheus.simpleclient.version=0.15.0, maven.build.version=Apache Maven 3.6.3 (cecedd343002696d0abb50b32b541b8a6ba2883f), env.SLURM_LOCALID=0, env.LMOD_SHORT_TIME=1, env.SLURM_CONF=/var/spool/slurmd/conf-cache/slurm.conf, sun.java.launcher=SUN_STANDARD, env.LMOD_CACHE_DIR=/opt/ohpc/admin/lmod/etc/system-cache, env._ModuleTable005_=Yy9wdWIvbW9kdWxlZmlsZXMvbGliZmFicmljLzEuMTAuMS5sdWEiLFsiZnVsbE5hbWUiXT0ibGliZmFicmljLzEuMTAuMSIsWyJsb2FkT3JkZXIiXT0tNixwcm9wVD17fSxbInN0YWNrRGVwdGgiXT0yLFsic3RhdHVzIl09ImluYWN0aXZlIixbInVzZXJOYW1lIl09ImxpYmZhYnJpYyIsfSxvaHBjPXtbImZuIl09Ii9vcHQvb2hwYy9wdWIvbW9kdWxlZmlsZXMvb2hwYyIsWyJmdWxsTmFtZSJdPSJvaHBjIixbImxvYWRPcmRlciJdPTEscHJvcFQ9e30sWyJzdGFja0RlcHRoIl09MCxbInN0YXR1cyJdPSJhY3RpdmUiLFsidXNlck5hbWUiXT0ib2hwYyIsfSxvcGVubXBpND17WyJmbiJdPSIvb3B0L3N3L3NwYWNrL21vZHVsZXMvbG1vZC9saW51eC1yaGVsOC14ODZfNjQvZ2NjLzEw, java.vm.specification.vendor=Oracle Corporation, file.separator=/, env.FLAKY_MVN_INSTALL_OPTS=-DskipTests -q -B -fn -s $FLAKY_HOME/shell_scripts/maven-repo-fix-settings.xml -DskipITs, java.runtime.version=1.8.0_102-b14, sun.boot.class.path=/scratch/tbaral/ase26/nod-rr/NOD-Test-Repair/flakerake/jdk1.8.0_102/jre/lib/resources.jar:/scratch/tbaral/ase26/nod-rr/NOD-Test-Repair/flakerake/jdk1.8.0_102/jre/lib/rt.jar:/scratch/tbaral/ase26/nod-rr/NOD-Test-Repair/flakerake/jdk1.8.0_102/jre/lib/sunrsasign.jar:/scratch/tbaral/ase26/nod-rr/NOD-Test-Repair/flakerake/jdk1.8.0_102/jre/lib/jsse.jar:/scratch/tbaral/ase26/nod-rr/NOD-Test-Repair/flakerake/jdk1.8.0_102/jre/lib/jce.jar:/scratch/tbaral/ase26/nod-rr/NOD-Test-Repair/flakerake/jdk1.8.0_102/jre/lib/charsets.jar:/scratch/tbaral/ase26/nod-rr/NOD-Test-Repair/flakerake/jdk1.8.0_102/jre/lib/jfr.jar:/scratch/tbaral/ase26/nod-rr/NOD-Test-Repair/flakerake/jdk1.8.0_102/jre/classes, env.XDG_RUNTIME_DIR=/run/user/1224545917, maven.version=3.6.3, env.__LMOD_REF_COUNT_MODULEPATH=/opt/sw/other/moduledeps/linux-rhel8-x86_64_v2/gcc-10.3.0-openmpi-4.1.2:1;/opt/sw/spack/moduledeps/linux-rhel8-x86_64/gnu-10.3.0-openmpi-4.1.2:1;/opt/sw/other/moduledeps/linux-rhel8-x86_64_v2/gcc-10.3.0:1;/opt/sw/spack/modules/lmod/linux-rhel8-x86_64/gcc/10.3.0:1;/opt/sw/other/modulefiles:1;/opt/ohpc/pub/modulefiles:2;/etc/modulefiles/Core:1;/opt/ohpc/admin/lmod/8.2.10/modulefiles/Core:1;/home/tbaral/privatemodules:1, env.MPICXX=/opt/sw/spack/apps/linux-rhel8-x86_64_v2/gcc-10.3.0/openmpi-4.1.2-4a/bin/mpic++, user.country=US, env.LMOD_ROOT=/opt/ohpc/admin/lmod, maven.home=/scratch/tbaral/ase26/nod-rr/NOD-Test-Repair/flakerake/maven, env.SHELL=/bin/bash, maven.compiler.target=1.8, env._ModuleTable004_=dTEwIix9LGhvc3RzPXtbImZuIl09Ii9ldGMvbW9kdWxlZmlsZXMvQ29yZS9ob3N0cy9ob3BwZXIiLFsiZnVsbE5hbWUiXT0iaG9zdHMvaG9wcGVyIixbImxvYWRPcmRlciJdPTUscHJvcFQ9e30sWyJzdGFja0RlcHRoIl09MCxbInN0YXR1cyJdPSJhY3RpdmUiLFsidXNlck5hbWUiXT0iaG9zdHMvaG9wcGVyIix9LGh3bG9jPXtbImZuIl09Ii9vcHQvb2hwYy9wdWIvbW9kdWxlZmlsZXMvaHdsb2MvMi4xLjAubHVhIixbImZ1bGxOYW1lIl09Imh3bG9jLzIuMS4wIixbImxvYWRPcmRlciJdPS03LHByb3BUPXt9LFsic3RhY2tEZXB0aCJdPTIsWyJzdGF0dXMiXT0iaW5hY3RpdmUiLFsidXNlck5hbWUiXT0iaHdsb2MvMi4xLjAiLH0sbGliZmFicmljPXtbImZuIl09Ii9vcHQvb2hw, env.NVM_CD_FLAGS=, java.vendor=Oracle Corporation, env.SLURM_CPUS_PER_TASK=20, env._LMFILES_=/opt/ohpc/pub/modulefiles/ohpc:/opt/ohpc/admin/lmod/8.2.10/modulefiles/Core/use.own.lua:/opt/ohpc/pub/modulefiles/autotools.lua:/opt/ohpc/pub/modulefiles/prun/2.0.lua:/etc/modulefiles/Core/hosts/hopper:/opt/ohpc/pub/modulefiles/gnu10/10.3.0-ya.lua:/opt/sw/spack/modules/lmod/linux-rhel8-x86_64/gcc/10.3.0/zlib/1.2.11-2y.lua:/opt/sw/spack/modules/lmod/linux-rhel8-x86_64/gcc/10.3.0/openmpi4/4.1.2-4a.lua:/opt/sw/spack/modules/lmod/linux-rhel8-x86_64/gcc/10.3.0/curl/7.80.0-rm.lua:/opt/sw/spack/modules/lmod/linux-rhel8-x86_64/gcc/10.3.0/bzip2/1.0.8-no.lua:/opt/sw/spack/modules/lmod/linux-rhel8-x86_64/gcc/10.3.0/perl/5.34.0-lm.lua:/opt/sw/spack/modules/lmod/linux-rhel8-x86_64/gcc/10.3.0/git/2.39.1-vd.lua, env.FLAKY_HOME=/scratch/tbaral/ase26/nod-rr/NOD-Test-Repair/flakerake, maven.compiler.source=1.8, java.specification.version=1.8, sun.arch.data.model=64}
[INFO] Using 'UTF-8' encoding to copy filtered resources.
[DEBUG] resource with targetPath null
directory /scratch/tbaral/ase26/nod-rr/NOD-Test-Repair/run_flakerake/projects/61/client/src/test/resources
excludes []
includes []
[INFO] skip non existing resourceDirectory /scratch/tbaral/ase26/nod-rr/NOD-Test-Repair/run_flakerake/projects/61/client/src/test/resources
[DEBUG] no use filter components
[INFO] 
[INFO] --- maven-compiler-plugin:3.1:testCompile (default-testCompile) @ tomcat_exporter_client ---
[DEBUG] Configuring mojo org.apache.maven.plugins:maven-compiler-plugin:3.1:testCompile from plugin realm ClassRealm[plugin>org.apache.maven.plugins:maven-compiler-plugin:3.1, parent: sun.misc.Launcher$AppClassLoader@5c647e05]
[DEBUG] Configuring mojo 'org.apache.maven.plugins:maven-compiler-plugin:3.1:testCompile' with basic configurator -->
[DEBUG]   (f) basedir = /scratch/tbaral/ase26/nod-rr/NOD-Test-Repair/run_flakerake/projects/61/client
[DEBUG]   (f) buildDirectory = /scratch/tbaral/ase26/nod-rr/NOD-Test-Repair/run_flakerake/projects/61/client/target
[DEBUG]   (f) classpathElements = [/scratch/tbaral/ase26/nod-rr/NOD-Test-Repair/run_flakerake/projects/61/client/target/test-classes, /scratch/tbaral/ase26/nod-rr/NOD-Test-Repair/run_flakerake/projects/61/client/target/classes, /home/tbaral/.m2/repository/io/prometheus/simpleclient/0.15.0/simpleclient-0.15.0.jar, /home/tbaral/.m2/repository/io/prometheus/simpleclient_tracer_otel/0.15.0/simpleclient_tracer_otel-0.15.0.jar, /home/tbaral/.m2/repository/io/prometheus/simpleclient_tracer_common/0.15.0/simpleclient_tracer_common-0.15.0.jar, /home/tbaral/.m2/repository/io/prometheus/simpleclient_tracer_otel_agent/0.15.0/simpleclient_tracer_otel_agent-0.15.0.jar, /home/tbaral/.m2/repository/io/prometheus/simpleclient_servlet/0.15.0/simpleclient_servlet-0.15.0.jar, /home/tbaral/.m2/repository/io/prometheus/simpleclient_common/0.15.0/simpleclient_common-0.15.0.jar, /home/tbaral/.m2/repository/io/prometheus/simpleclient_servlet_common/0.15.0/simpleclient_servlet_common-0.15.0.jar, /home/tbaral/.m2/repository/io/prometheus/simpleclient_hotspot/0.15.0/simpleclient_hotspot-0.15.0.jar, /home/tbaral/.m2/repository/org/apache/tomcat/tomcat-catalina/9.0.58/tomcat-catalina-9.0.58.jar, /home/tbaral/.m2/repository/org/apache/tomcat/tomcat-servlet-api/9.0.58/tomcat-servlet-api-9.0.58.jar, /home/tbaral/.m2/repository/org/apache/tomcat/tomcat-jsp-api/9.0.58/tomcat-jsp-api-9.0.58.jar, /home/tbaral/.m2/repository/org/apache/tomcat/tomcat-el-api/9.0.58/tomcat-el-api-9.0.58.jar, /home/tbaral/.m2/repository/org/apache/tomcat/tomcat-juli/9.0.58/tomcat-juli-9.0.58.jar, /home/tbaral/.m2/repository/org/apache/tomcat/tomcat-annotations-api/9.0.58/tomcat-annotations-api-9.0.58.jar, /home/tbaral/.m2/repository/org/apache/tomcat/tomcat-api/9.0.58/tomcat-api-9.0.58.jar, /home/tbaral/.m2/repository/org/apache/tomcat/tomcat-jni/9.0.58/tomcat-jni-9.0.58.jar, /home/tbaral/.m2/repository/org/apache/tomcat/tomcat-coyote/9.0.58/tomcat-coyote-9.0.58.jar, /home/tbaral/.m2/repository/org/apache/tomcat/tomcat-util/9.0.58/tomcat-util-9.0.58.jar, /home/tbaral/.m2/repository/org/apache/tomcat/tomcat-util-scan/9.0.58/tomcat-util-scan-9.0.58.jar, /home/tbaral/.m2/repository/org/apache/tomcat/tomcat-jaspic-api/9.0.58/tomcat-jaspic-api-9.0.58.jar, /home/tbaral/.m2/repository/org/apache/tomcat/tomcat-jdbc/9.0.58/tomcat-jdbc-9.0.58.jar, /home/tbaral/.m2/repository/org/apache/tomcat/tomcat-dbcp/9.0.58/tomcat-dbcp-9.0.58.jar, /home/tbaral/.m2/repository/junit/junit/4.13.1/junit-4.13.1.jar, /home/tbaral/.m2/repository/org/hamcrest/hamcrest-core/1.3/hamcrest-core-1.3.jar, /home/tbaral/.m2/repository/org/apache/tomcat/embed/tomcat-embed-core/9.0.58/tomcat-embed-core-9.0.58.jar, /home/tbaral/.m2/repository/io/rest-assured/rest-assured/4.1.1/rest-assured-4.1.1.jar, /home/tbaral/.m2/repository/org/codehaus/groovy/groovy/2.5.6/groovy-2.5.6.jar, /home/tbaral/.m2/repository/org/codehaus/groovy/groovy-xml/2.5.6/groovy-xml-2.5.6.jar, /home/tbaral/.m2/repository/org/apache/httpcomponents/httpclient/4.5.3/httpclient-4.5.3.jar, /home/tbaral/.m2/repository/org/apache/httpcomponents/httpcore/4.4.6/httpcore-4.4.6.jar, /home/tbaral/.m2/repository/commons-logging/commons-logging/1.2/commons-logging-1.2.jar, /home/tbaral/.m2/repository/commons-codec/commons-codec/1.9/commons-codec-1.9.jar, /home/tbaral/.m2/repository/org/apache/httpcomponents/httpmime/4.5.3/httpmime-4.5.3.jar, /home/tbaral/.m2/repository/org/hamcrest/hamcrest/2.1/hamcrest-2.1.jar, /home/tbaral/.m2/repository/org/ccil/cowan/tagsoup/tagsoup/1.2.1/tagsoup-1.2.1.jar, /home/tbaral/.m2/repository/io/rest-assured/json-path/4.1.1/json-path-4.1.1.jar, /home/tbaral/.m2/repository/org/codehaus/groovy/groovy-json/2.5.6/groovy-json-2.5.6.jar, /home/tbaral/.m2/repository/io/rest-assured/rest-assured-common/4.1.1/rest-assured-common-4.1.1.jar, /home/tbaral/.m2/repository/io/rest-assured/xml-path/4.1.1/xml-path-4.1.1.jar, /home/tbaral/.m2/repository/org/apache/commons/commons-lang3/3.4/commons-lang3-3.4.jar, /home/tbaral/.m2/repository/javax/xml/bind/jaxb-api/2.3.1/jaxb-api-2.3.1.jar, /home/tbaral/.m2/repository/javax/activation/javax.activation-api/1.2.0/javax.activation-api-1.2.0.jar, /home/tbaral/.m2/repository/com/sun/xml/bind/jaxb-osgi/2.3.0.1/jaxb-osgi-2.3.0.1.jar, /home/tbaral/.m2/repository/org/apache/sling/org.apache.sling.javax.activation/0.1.0/org.apache.sling.javax.activation-0.1.0.jar, /home/tbaral/.m2/repository/javax/activation/activation/1.1.1/activation-1.1.1.jar, /home/tbaral/.m2/repository/com/h2database/h2/2.1.210/h2-2.1.210.jar]
[DEBUG]   (f) compileSourceRoots = [/scratch/tbaral/ase26/nod-rr/NOD-Test-Repair/run_flakerake/projects/61/client/src/test/java]
[DEBUG]   (f) compilerId = javac
[DEBUG]   (f) debug = true
[DEBUG]   (f) encoding = UTF-8
[DEBUG]   (f) failOnError = true
[DEBUG]   (f) forceJavacCompilerUse = false
[DEBUG]   (f) fork = false
[DEBUG]   (f) generatedTestSourcesDirectory = /scratch/tbaral/ase26/nod-rr/NOD-Test-Repair/run_flakerake/projects/61/client/target/generated-test-sources/test-annotations
[DEBUG]   (f) mojoExecution = org.apache.maven.plugins:maven-compiler-plugin:3.1:testCompile {execution: default-testCompile}
[DEBUG]   (f) optimize = false
[DEBUG]   (f) outputDirectory = /scratch/tbaral/ase26/nod-rr/NOD-Test-Repair/run_flakerake/projects/61/client/target/test-classes
[DEBUG]   (f) showDeprecation = false
[DEBUG]   (f) showWarnings = false
[DEBUG]   (f) skipMultiThreadWarning = false
[DEBUG]   (f) source = 1.8
[DEBUG]   (f) staleMillis = 0
[DEBUG]   (f) target = 1.8
[DEBUG]   (f) useIncrementalCompilation = true
[DEBUG]   (f) verbose = false
[DEBUG]   (f) mavenSession = org.apache.maven.execution.MavenSession@5d5160e6
[DEBUG]   (f) session = org.apache.maven.execution.MavenSession@5d5160e6
[DEBUG] -- end configuration --
[DEBUG] Using compiler 'javac'.
[DEBUG] Source directories: [/scratch/tbaral/ase26/nod-rr/NOD-Test-Repair/run_flakerake/projects/61/client/src/test/java]
[DEBUG] Classpath: [/scratch/tbaral/ase26/nod-rr/NOD-Test-Repair/run_flakerake/projects/61/client/target/test-classes
 /scratch/tbaral/ase26/nod-rr/NOD-Test-Repair/run_flakerake/projects/61/client/target/classes
 /home/tbaral/.m2/repository/io/prometheus/simpleclient/0.15.0/simpleclient-0.15.0.jar
 /home/tbaral/.m2/repository/io/prometheus/simpleclient_tracer_otel/0.15.0/simpleclient_tracer_otel-0.15.0.jar
 /home/tbaral/.m2/repository/io/prometheus/simpleclient_tracer_common/0.15.0/simpleclient_tracer_common-0.15.0.jar
 /home/tbaral/.m2/repository/io/prometheus/simpleclient_tracer_otel_agent/0.15.0/simpleclient_tracer_otel_agent-0.15.0.jar
 /home/tbaral/.m2/repository/io/prometheus/simpleclient_servlet/0.15.0/simpleclient_servlet-0.15.0.jar
 /home/tbaral/.m2/repository/io/prometheus/simpleclient_common/0.15.0/simpleclient_common-0.15.0.jar
 /home/tbaral/.m2/repository/io/prometheus/simpleclient_servlet_common/0.15.0/simpleclient_servlet_common-0.15.0.jar
 /home/tbaral/.m2/repository/io/prometheus/simpleclient_hotspot/0.15.0/simpleclient_hotspot-0.15.0.jar
 /home/tbaral/.m2/repository/org/apache/tomcat/tomcat-catalina/9.0.58/tomcat-catalina-9.0.58.jar
 /home/tbaral/.m2/repository/org/apache/tomcat/tomcat-servlet-api/9.0.58/tomcat-servlet-api-9.0.58.jar
 /home/tbaral/.m2/repository/org/apache/tomcat/tomcat-jsp-api/9.0.58/tomcat-jsp-api-9.0.58.jar
 /home/tbaral/.m2/repository/org/apache/tomcat/tomcat-el-api/9.0.58/tomcat-el-api-9.0.58.jar
 /home/tbaral/.m2/repository/org/apache/tomcat/tomcat-juli/9.0.58/tomcat-juli-9.0.58.jar
 /home/tbaral/.m2/repository/org/apache/tomcat/tomcat-annotations-api/9.0.58/tomcat-annotations-api-9.0.58.jar
 /home/tbaral/.m2/repository/org/apache/tomcat/tomcat-api/9.0.58/tomcat-api-9.0.58.jar
 /home/tbaral/.m2/repository/org/apache/tomcat/tomcat-jni/9.0.58/tomcat-jni-9.0.58.jar
 /home/tbaral/.m2/repository/org/apache/tomcat/tomcat-coyote/9.0.58/tomcat-coyote-9.0.58.jar
 /home/tbaral/.m2/repository/org/apache/tomcat/tomcat-util/9.0.58/tomcat-util-9.0.58.jar
 /home/tbaral/.m2/repository/org/apache/tomcat/tomcat-util-scan/9.0.58/tomcat-util-scan-9.0.58.jar
 /home/tbaral/.m2/repository/org/apache/tomcat/tomcat-jaspic-api/9.0.58/tomcat-jaspic-api-9.0.58.jar
 /home/tbaral/.m2/repository/org/apache/tomcat/tomcat-jdbc/9.0.58/tomcat-jdbc-9.0.58.jar
 /home/tbaral/.m2/repository/org/apache/tomcat/tomcat-dbcp/9.0.58/tomcat-dbcp-9.0.58.jar
 /home/tbaral/.m2/repository/junit/junit/4.13.1/junit-4.13.1.jar
 /home/tbaral/.m2/repository/org/hamcrest/hamcrest-core/1.3/hamcrest-core-1.3.jar
 /home/tbaral/.m2/repository/org/apache/tomcat/embed/tomcat-embed-core/9.0.58/tomcat-embed-core-9.0.58.jar
 /home/tbaral/.m2/repository/io/rest-assured/rest-assured/4.1.1/rest-assured-4.1.1.jar
 /home/tbaral/.m2/repository/org/codehaus/groovy/groovy/2.5.6/groovy-2.5.6.jar
 /home/tbaral/.m2/repository/org/codehaus/groovy/groovy-xml/2.5.6/groovy-xml-2.5.6.jar
 /home/tbaral/.m2/repository/org/apache/httpcomponents/httpclient/4.5.3/httpclient-4.5.3.jar
 /home/tbaral/.m2/repository/org/apache/httpcomponents/httpcore/4.4.6/httpcore-4.4.6.jar
 /home/tbaral/.m2/repository/commons-logging/commons-logging/1.2/commons-logging-1.2.jar
 /home/tbaral/.m2/repository/commons-codec/commons-codec/1.9/commons-codec-1.9.jar
 /home/tbaral/.m2/repository/org/apache/httpcomponents/httpmime/4.5.3/httpmime-4.5.3.jar
 /home/tbaral/.m2/repository/org/hamcrest/hamcrest/2.1/hamcrest-2.1.jar
 /home/tbaral/.m2/repository/org/ccil/cowan/tagsoup/tagsoup/1.2.1/tagsoup-1.2.1.jar
 /home/tbaral/.m2/repository/io/rest-assured/json-path/4.1.1/json-path-4.1.1.jar
 /home/tbaral/.m2/repository/org/codehaus/groovy/groovy-json/2.5.6/groovy-json-2.5.6.jar
 /home/tbaral/.m2/repository/io/rest-assured/rest-assured-common/4.1.1/rest-assured-common-4.1.1.jar
 /home/tbaral/.m2/repository/io/rest-assured/xml-path/4.1.1/xml-path-4.1.1.jar
 /home/tbaral/.m2/repository/org/apache/commons/commons-lang3/3.4/commons-lang3-3.4.jar
 /home/tbaral/.m2/repository/javax/xml/bind/jaxb-api/2.3.1/jaxb-api-2.3.1.jar
 /home/tbaral/.m2/repository/javax/activation/javax.activation-api/1.2.0/javax.activation-api-1.2.0.jar
 /home/tbaral/.m2/repository/com/sun/xml/bind/jaxb-osgi/2.3.0.1/jaxb-osgi-2.3.0.1.jar
 /home/tbaral/.m2/repository/org/apache/sling/org.apache.sling.javax.activation/0.1.0/org.apache.sling.javax.activation-0.1.0.jar
 /home/tbaral/.m2/repository/javax/activation/activation/1.1.1/activation-1.1.1.jar
 /home/tbaral/.m2/repository/com/h2database/h2/2.1.210/h2-2.1.210.jar]
[DEBUG] Output directory: /scratch/tbaral/ase26/nod-rr/NOD-Test-Repair/run_flakerake/projects/61/client/target/test-classes
[DEBUG] CompilerReuseStrategy: reuseCreated
[DEBUG] useIncrementalCompilation enabled
[INFO] Nothing to compile - all classes are up to date
[INFO] 
[INFO] --- maven-surefire-plugin:2.22.2:test (default-test) @ tomcat_exporter_client ---
[DEBUG] Dependency collection stats: {ConflictMarker.analyzeTime=75312, ConflictMarker.markTime=40887, ConflictMarker.nodeCount=114, ConflictIdSorter.graphTime=29466, ConflictIdSorter.topsortTime=44865, ConflictIdSorter.conflictIdCount=37, ConflictIdSorter.conflictIdCycleCount=0, ConflictResolver.totalTime=625471, ConflictResolver.conflictItemCount=79, DefaultDependencyCollector.collectTime=380652408, DefaultDependencyCollector.transformTime=848092}
[DEBUG] org.apache.maven.plugins:maven-surefire-plugin:jar:2.22.2
[DEBUG]    org.apache.maven.surefire:maven-surefire-common:jar:2.22.2:compile
[DEBUG]       org.apache.maven:maven-plugin-api:jar:2.2.1:compile (version managed from default)
[DEBUG]       org.apache.maven.plugin-tools:maven-plugin-annotations:jar:3.5.2:compile (scope managed from default) (version managed from default)
[DEBUG]       org.apache.maven.surefire:surefire-api:jar:2.22.2:compile (version managed from default)
[DEBUG]          org.apache.maven.surefire:surefire-logger-api:jar:2.22.2:compile (version managed from default)
[DEBUG]       org.apache.maven.surefire:surefire-booter:jar:2.22.2:compile (version managed from default)
[DEBUG]       org.apache.maven:maven-artifact:jar:2.2.1:compile (version managed from default)
[DEBUG]          org.codehaus.plexus:plexus-utils:jar:1.5.15:compile
[DEBUG]       org.apache.maven:maven-plugin-descriptor:jar:2.2.1:compile (version managed from default)
[DEBUG]          org.codehaus.plexus:plexus-container-default:jar:1.0-alpha-9-stable-1:compile
[DEBUG]             junit:junit:jar:4.12:compile (version managed from default)
[DEBUG]                org.hamcrest:hamcrest-core:jar:1.3:compile
[DEBUG]       org.apache.maven:maven-project:jar:2.2.1:compile (version managed from default)
[DEBUG]          org.apache.maven:maven-settings:jar:2.2.1:compile (version managed from default)
[DEBUG]          org.apache.maven:maven-profile:jar:2.2.1:compile
[DEBUG]          org.apache.maven:maven-artifact-manager:jar:2.2.1:compile
[DEBUG]             backport-util-concurrent:backport-util-concurrent:jar:3.1:compile
[DEBUG]          org.apache.maven:maven-plugin-registry:jar:2.2.1:compile
[DEBUG]          org.codehaus.plexus:plexus-interpolation:jar:1.11:compile
[DEBUG]       org.apache.maven:maven-model:jar:2.2.1:compile (version managed from default)
[DEBUG]       org.apache.maven:maven-core:jar:2.2.1:compile (version managed from default) (exclusions managed from default)
[DEBUG]          org.apache.maven:maven-plugin-parameter-documenter:jar:2.2.1:compile
[DEBUG]          org.slf4j:slf4j-jdk14:jar:1.5.6:runtime
[DEBUG]             org.slf4j:slf4j-api:jar:1.5.6:runtime
[DEBUG]          org.slf4j:jcl-over-slf4j:jar:1.5.6:runtime
[DEBUG]          org.apache.maven.reporting:maven-reporting-api:jar:3.0:compile (version managed from default)
[DEBUG]          org.apache.maven:maven-repository-metadata:jar:2.2.1:compile
[DEBUG]          org.apache.maven:maven-error-diagnostics:jar:2.2.1:compile
[DEBUG]          org.apache.maven:maven-monitor:jar:2.2.1:compile
[DEBUG]          classworlds:classworlds:jar:1.1:compile
[DEBUG]          org.sonatype.plexus:plexus-sec-dispatcher:jar:1.3:compile
[DEBUG]             org.sonatype.plexus:plexus-cipher:jar:1.4:compile
[DEBUG]       org.apache.maven:maven-toolchain:jar:2.2.1:compile (version managed from default)
[DEBUG]       org.codehaus.plexus:plexus-java:jar:0.9.10:compile (version managed from default)
[DEBUG]          org.ow2.asm:asm:jar:6.2:compile
[DEBUG]          com.thoughtworks.qdox:qdox:jar:2.0-M8:compile
[DEBUG] Created new class realm plugin>org.apache.maven.plugins:maven-surefire-plugin:2.22.2
[DEBUG] Importing foreign packages into class realm plugin>org.apache.maven.plugins:maven-surefire-plugin:2.22.2
[DEBUG]   Imported:  < project>nl.nlighten:tomcat_exporter_client:0.0.18-SNAPSHOT
[DEBUG] Populating class realm plugin>org.apache.maven.plugins:maven-surefire-plugin:2.22.2
[DEBUG]   Included: org.apache.maven.plugins:maven-surefire-plugin:jar:2.22.2
[DEBUG]   Included: org.apache.maven.surefire:maven-surefire-common:jar:2.22.2
[DEBUG]   Included: org.apache.maven.plugin-tools:maven-plugin-annotations:jar:3.5.2
[DEBUG]   Included: org.apache.maven.surefire:surefire-api:jar:2.22.2
[DEBUG]   Included: org.apache.maven.surefire:surefire-logger-api:jar:2.22.2
[DEBUG]   Included: org.apache.maven.surefire:surefire-booter:jar:2.22.2
[DEBUG]   Included: org.codehaus.plexus:plexus-utils:jar:1.5.15
[DEBUG]   Included: junit:junit:jar:4.12
[DEBUG]   Included: org.hamcrest:hamcrest-core:jar:1.3
[DEBUG]   Included: backport-util-concurrent:backport-util-concurrent:jar:3.1
[DEBUG]   Included: org.codehaus.plexus:plexus-interpolation:jar:1.11
[DEBUG]   Included: org.slf4j:slf4j-jdk14:jar:1.5.6
[DEBUG]   Included: org.slf4j:jcl-over-slf4j:jar:1.5.6
[DEBUG]   Included: org.apache.maven.reporting:maven-reporting-api:jar:3.0
[DEBUG]   Included: org.sonatype.plexus:plexus-sec-dispatcher:jar:1.3
[DEBUG]   Included: org.sonatype.plexus:plexus-cipher:jar:1.4
[DEBUG]   Included: org.codehaus.plexus:plexus-java:jar:0.9.10
[DEBUG]   Included: org.ow2.asm:asm:jar:6.2
[DEBUG]   Included: com.thoughtworks.qdox:qdox:jar:2.0-M8
[DEBUG] Configuring mojo org.apache.maven.plugins:maven-surefire-plugin:2.22.2:test from plugin realm ClassRealm[plugin>org.apache.maven.plugins:maven-surefire-plugin:2.22.2, parent: sun.misc.Launcher$AppClassLoader@5c647e05]
[DEBUG] Configuring mojo 'org.apache.maven.plugins:maven-surefire-plugin:2.22.2:test' with basic configurator -->
[DEBUG]   (s) additionalClasspathElements = []
[DEBUG]   (s) basedir = /scratch/tbaral/ase26/nod-rr/NOD-Test-Repair/run_flakerake/projects/61/client
[DEBUG]   (s) childDelegation = false
[DEBUG]   (s) classesDirectory = /scratch/tbaral/ase26/nod-rr/NOD-Test-Repair/run_flakerake/projects/61/client/target/classes
[DEBUG]   (s) classpathDependencyExcludes = []
[DEBUG]   (s) dependenciesToScan = []
[DEBUG]   (s) disableXmlReport = false
[DEBUG]   (s) enableAssertions = true
[DEBUG]   (s) failIfNoTests = false
[DEBUG]   (f) forkCount = 1
[DEBUG]   (s) forkMode = once
[DEBUG]   (s) forkedProcessExitTimeoutInSeconds = 30
[DEBUG]   (s) junitArtifactName = junit:junit
[DEBUG]   (s) junitPlatformArtifactName = org.junit.platform:junit-platform-engine
[DEBUG]   (s) localRepository =       id: local
      url: file:///home/tbaral/.m2/repository/
   layout: default
snapshots: [enabled => true, update => always]
 releases: [enabled => true, update => always]

[DEBUG]   (f) parallelMavenExecution = false
[DEBUG]   (s) parallelOptimized = true
[DEBUG]   (s) perCoreThreadCount = true
[DEBUG]   (s) pluginArtifactMap = {org.apache.maven.plugins:maven-surefire-plugin=org.apache.maven.plugins:maven-surefire-plugin:maven-plugin:2.22.2:, org.apache.maven.surefire:maven-surefire-common=org.apache.maven.surefire:maven-surefire-common:jar:2.22.2:compile, org.apache.maven:maven-plugin-api=org.apache.maven:maven-plugin-api:jar:2.2.1:compile, org.apache.maven.plugin-tools:maven-plugin-annotations=org.apache.maven.plugin-tools:maven-plugin-annotations:jar:3.5.2:compile, org.apache.maven.surefire:surefire-api=org.apache.maven.surefire:surefire-api:jar:2.22.2:compile, org.apache.maven.surefire:surefire-logger-api=org.apache.maven.surefire:surefire-logger-api:jar:2.22.2:compile, org.apache.maven.surefire:surefire-booter=org.apache.maven.surefire:surefire-booter:jar:2.22.2:compile, org.apache.maven:maven-artifact=org.apache.maven:maven-artifact:jar:2.2.1:compile, org.codehaus.plexus:plexus-utils=org.codehaus.plexus:plexus-utils:jar:1.5.15:compile, org.apache.maven:maven-plugin-descriptor=org.apache.maven:maven-plugin-descriptor:jar:2.2.1:compile, org.codehaus.plexus:plexus-container-default=org.codehaus.plexus:plexus-container-default:jar:1.0-alpha-9-stable-1:compile, junit:junit=junit:junit:jar:4.12:compile, org.hamcrest:hamcrest-core=org.hamcrest:hamcrest-core:jar:1.3:compile, org.apache.maven:maven-project=org.apache.maven:maven-project:jar:2.2.1:compile, org.apache.maven:maven-settings=org.apache.maven:maven-settings:jar:2.2.1:compile, org.apache.maven:maven-profile=org.apache.maven:maven-profile:jar:2.2.1:compile, org.apache.maven:maven-artifact-manager=org.apache.maven:maven-artifact-manager:jar:2.2.1:compile, backport-util-concurrent:backport-util-concurrent=backport-util-concurrent:backport-util-concurrent:jar:3.1:compile, org.apache.maven:maven-plugin-registry=org.apache.maven:maven-plugin-registry:jar:2.2.1:compile, org.codehaus.plexus:plexus-interpolation=org.codehaus.plexus:plexus-interpolation:jar:1.11:compile, org.apache.maven:maven-model=org.apache.maven:maven-model:jar:2.2.1:compile, org.apache.maven:maven-core=org.apache.maven:maven-core:jar:2.2.1:compile, org.apache.maven:maven-plugin-parameter-documenter=org.apache.maven:maven-plugin-parameter-documenter:jar:2.2.1:compile, org.slf4j:slf4j-jdk14=org.slf4j:slf4j-jdk14:jar:1.5.6:runtime, org.slf4j:slf4j-api=org.slf4j:slf4j-api:jar:1.5.6:runtime, org.slf4j:jcl-over-slf4j=org.slf4j:jcl-over-slf4j:jar:1.5.6:runtime, org.apache.maven.reporting:maven-reporting-api=org.apache.maven.reporting:maven-reporting-api:jar:3.0:compile, org.apache.maven:maven-repository-metadata=org.apache.maven:maven-repository-metadata:jar:2.2.1:compile, org.apache.maven:maven-error-diagnostics=org.apache.maven:maven-error-diagnostics:jar:2.2.1:compile, org.apache.maven:maven-monitor=org.apache.maven:maven-monitor:jar:2.2.1:compile, classworlds:classworlds=classworlds:classworlds:jar:1.1:compile, org.sonatype.plexus:plexus-sec-dispatcher=org.sonatype.plexus:plexus-sec-dispatcher:jar:1.3:compile, org.sonatype.plexus:plexus-cipher=org.sonatype.plexus:plexus-cipher:jar:1.4:compile, org.apache.maven:maven-toolchain=org.apache.maven:maven-toolchain:jar:2.2.1:compile, org.codehaus.plexus:plexus-java=org.codehaus.plexus:plexus-java:jar:0.9.10:compile, org.ow2.asm:asm=org.ow2.asm:asm:jar:6.2:compile, com.thoughtworks.qdox:qdox=com.thoughtworks.qdox:qdox:jar:2.0-M8:compile}
[DEBUG]   (f) pluginDescriptor = Component Descriptor: role: 'org.apache.maven.plugin.Mojo', implementation: 'org.apache.maven.plugin.surefire.HelpMojo', role hint: 'org.apache.maven.plugins:maven-surefire-plugin:2.22.2:help'
role: 'org.apache.maven.plugin.Mojo', implementation: 'org.apache.maven.plugin.surefire.SurefirePlugin', role hint: 'org.apache.maven.plugins:maven-surefire-plugin:2.22.2:test'
---
[DEBUG]   (s) printSummary = true
[DEBUG]   (s) projectArtifactMap = {io.prometheus:simpleclient=io.prometheus:simpleclient:jar:0.15.0:compile, io.prometheus:simpleclient_tracer_otel=io.prometheus:simpleclient_tracer_otel:jar:0.15.0:compile, io.prometheus:simpleclient_tracer_common=io.prometheus:simpleclient_tracer_common:jar:0.15.0:compile, io.prometheus:simpleclient_tracer_otel_agent=io.prometheus:simpleclient_tracer_otel_agent:jar:0.15.0:compile, io.prometheus:simpleclient_servlet=io.prometheus:simpleclient_servlet:jar:0.15.0:compile, io.prometheus:simpleclient_common=io.prometheus:simpleclient_common:jar:0.15.0:compile, io.prometheus:simpleclient_servlet_common=io.prometheus:simpleclient_servlet_common:jar:0.15.0:compile, io.prometheus:simpleclient_hotspot=io.prometheus:simpleclient_hotspot:jar:0.15.0:compile, org.apache.tomcat:tomcat-catalina=org.apache.tomcat:tomcat-catalina:jar:9.0.58:compile, org.apache.tomcat:tomcat-servlet-api=org.apache.tomcat:tomcat-servlet-api:jar:9.0.58:compile, org.apache.tomcat:tomcat-jsp-api=org.apache.tomcat:tomcat-jsp-api:jar:9.0.58:compile, org.apache.tomcat:tomcat-el-api=org.apache.tomcat:tomcat-el-api:jar:9.0.58:compile, org.apache.tomcat:tomcat-juli=org.apache.tomcat:tomcat-juli:jar:9.0.58:compile, org.apache.tomcat:tomcat-annotations-api=org.apache.tomcat:tomcat-annotations-api:jar:9.0.58:compile, org.apache.tomcat:tomcat-api=org.apache.tomcat:tomcat-api:jar:9.0.58:compile, org.apache.tomcat:tomcat-jni=org.apache.tomcat:tomcat-jni:jar:9.0.58:compile, org.apache.tomcat:tomcat-coyote=org.apache.tomcat:tomcat-coyote:jar:9.0.58:compile, org.apache.tomcat:tomcat-util=org.apache.tomcat:tomcat-util:jar:9.0.58:compile, org.apache.tomcat:tomcat-util-scan=org.apache.tomcat:tomcat-util-scan:jar:9.0.58:compile, org.apache.tomcat:tomcat-jaspic-api=org.apache.tomcat:tomcat-jaspic-api:jar:9.0.58:compile, org.apache.tomcat:tomcat-jdbc=org.apache.tomcat:tomcat-jdbc:jar:9.0.58:compile, org.apache.tomcat:tomcat-dbcp=org.apache.tomcat:tomcat-dbcp:jar:9.0.58:compile, junit:junit=junit:junit:jar:4.13.1:test, org.hamcrest:hamcrest-core=org.hamcrest:hamcrest-core:jar:1.3:test, org.apache.tomcat.embed:tomcat-embed-core=org.apache.tomcat.embed:tomcat-embed-core:jar:9.0.58:test, io.rest-assured:rest-assured=io.rest-assured:rest-assured:jar:4.1.1:test, org.codehaus.groovy:groovy=org.codehaus.groovy:groovy:jar:2.5.6:test, org.codehaus.groovy:groovy-xml=org.codehaus.groovy:groovy-xml:jar:2.5.6:test, org.apache.httpcomponents:httpclient=org.apache.httpcomponents:httpclient:jar:4.5.3:test, org.apache.httpcomponents:httpcore=org.apache.httpcomponents:httpcore:jar:4.4.6:test, commons-logging:commons-logging=commons-logging:commons-logging:jar:1.2:test, commons-codec:commons-codec=commons-codec:commons-codec:jar:1.9:test, org.apache.httpcomponents:httpmime=org.apache.httpcomponents:httpmime:jar:4.5.3:test, org.hamcrest:hamcrest=org.hamcrest:hamcrest:jar:2.1:test, org.ccil.cowan.tagsoup:tagsoup=org.ccil.cowan.tagsoup:tagsoup:jar:1.2.1:test, io.rest-assured:json-path=io.rest-assured:json-path:jar:4.1.1:test, org.codehaus.groovy:groovy-json=org.codehaus.groovy:groovy-json:jar:2.5.6:test, io.rest-assured:rest-assured-common=io.rest-assured:rest-assured-common:jar:4.1.1:test, io.rest-assured:xml-path=io.rest-assured:xml-path:jar:4.1.1:test, org.apache.commons:commons-lang3=org.apache.commons:commons-lang3:jar:3.4:test, javax.xml.bind:jaxb-api=javax.xml.bind:jaxb-api:jar:2.3.1:test, javax.activation:javax.activation-api=javax.activation:javax.activation-api:jar:1.2.0:test, com.sun.xml.bind:jaxb-osgi=com.sun.xml.bind:jaxb-osgi:jar:2.3.0.1:test, org.apache.sling:org.apache.sling.javax.activation=org.apache.sling:org.apache.sling.javax.activation:jar:0.1.0:test, javax.activation:activation=javax.activation:activation:jar:1.1.1:test, com.h2database:h2=com.h2database:h2:jar:2.1.210:test}
[DEBUG]   (s) projectBuildDirectory = /scratch/tbaral/ase26/nod-rr/NOD-Test-Repair/run_flakerake/projects/61/client/target
[DEBUG]   (s) redirectTestOutputToFile = false
[DEBUG]   (s) remoteRepositories = [      id: central
      url: https://repo.maven.apache.org/maven2
   layout: default
snapshots: [enabled => false, update => daily]
 releases: [enabled => true, update => never]
]
[DEBUG]   (s) reportFormat = brief
[DEBUG]   (s) reportsDirectory = /scratch/tbaral/ase26/nod-rr/NOD-Test-Repair/run_flakerake/projects/61/client/target/surefire-reports
[DEBUG]   (f) rerunFailingTestsCount = 0
[DEBUG]   (f) reuseForks = false
[DEBUG]   (s) runOrder = filesystem
[DEBUG]   (f) shutdown = testset
[DEBUG]   (s) skip = false
[DEBUG]   (f) skipAfterFailureCount = 0
[DEBUG]   (s) skipTests = true
[DEBUG]   (s) suiteXmlFiles = []
[DEBUG]   (s) tempDir = surefire
[DEBUG]   (s) test = nl.nlighten.prometheus.tomcat.TomcatServletMetricsFilterTest#testServletRequestMetrics
[DEBUG]   (s) testClassesDirectory = /scratch/tbaral/ase26/nod-rr/NOD-Test-Repair/run_flakerake/projects/61/client/target/test-classes
[DEBUG]   (s) testFailureIgnore = false
[DEBUG]   (s) testNGArtifactName = org.testng:testng
[DEBUG]   (s) testSourceDirectory = /scratch/tbaral/ase26/nod-rr/NOD-Test-Repair/run_flakerake/projects/61/client/src/test/java
[DEBUG]   (s) threadCountClasses = 0
[DEBUG]   (s) threadCountMethods = 0
[DEBUG]   (s) threadCountSuites = 0
[DEBUG]   (s) trimStackTrace = true
[DEBUG]   (s) useFile = true
[DEBUG]   (s) useManifestOnlyJar = true
[DEBUG]   (s) useSystemClassLoader = true
[DEBUG]   (s) useUnlimitedThreads = false
[DEBUG]   (s) workingDirectory = /scratch/tbaral/ase26/nod-rr/NOD-Test-Repair/run_flakerake/projects/61/client
[DEBUG]   (s) project = MavenProject: nl.nlighten:tomcat_exporter_client:0.0.18-SNAPSHOT @ /scratch/tbaral/ase26/nod-rr/NOD-Test-Repair/run_flakerake/projects/61/client/pom.xml
[DEBUG]   (s) session = org.apache.maven.execution.MavenSession@5d5160e6
[DEBUG] -- end configuration --
[INFO] Tests are skipped.
[INFO] ------------------------------------------------------------------------
[INFO] BUILD SUCCESS
[INFO] ------------------------------------------------------------------------
[INFO] Total time:  11.666 s
[INFO] Finished at: 2025-05-14T18:51:42-04:00
[INFO] ------------------------------------------------------------------------

INFO:root:Found argLine:''
INFO:root:[INFO] Scanning for projects...
[INFO] Inspecting build with total of 1 modules...
[INFO] Installing Nexus Staging features:
[INFO]   ... total of 1 executions of maven-deploy-plugin replaced with nexus-staging-maven-plugin
[INFO] 
[INFO] -----------------< nl.nlighten:tomcat_exporter_client >-----------------
[INFO] Building Prometheus client for Apache Tomcat 0.0.18-SNAPSHOT
[INFO] --------------------------------[ jar ]---------------------------------
[INFO] 
[INFO] --- maven-dependency-plugin:2.8:build-classpath (default-cli) @ tomcat_exporter_client ---
[INFO] Wrote classpath file '/scratch/tbaral/ase26/nod-rr/NOD-Test-Repair/run_flakerake/projects/61/client/sleepy-records/internal/clazz_path.txt'.
[INFO] ------------------------------------------------------------------------
[INFO] BUILD SUCCESS
[INFO] ------------------------------------------------------------------------
[INFO] Total time:  9.596 s
[INFO] Finished at: 2025-05-14T18:51:52-04:00
[INFO] ------------------------------------------------------------------------

INFO:root:Running test with no sleeping so using default sleep time.
INFO:root:Using timeout 60.0 minutes
INFO:root:Running command:
INFO:root:/scratch/tbaral/ase26/nod-rr/NOD-Test-Repair/flakerake/jdk1.8.0_102/bin/java -XX:+ExitOnOutOfMemoryError -Xbootclasspath/p:/home/tbaral/.m2/repository/edu/gmu/swe/flaky/sleepy/sleepy-interceptor/0.0.4-SNAPSHOT/sleepy-interceptor-0.0.4-SNAPSHOT.jar -javaagent:/home/tbaral/.m2/repository/edu/gmu/swe/flaky/sleepy/sleepy-interceptor/0.0.4-SNAPSHOT/sleepy-interceptor-0.0.4-SNAPSHOT.jar   -cp '/home/tbaral/.m2/repository/io/prometheus/simpleclient/0.15.0/simpleclient-0.15.0.jar:/home/tbaral/.m2/repository/io/prometheus/simpleclient_tracer_otel/0.15.0/simpleclient_tracer_otel-0.15.0.jar:/home/tbaral/.m2/repository/io/prometheus/simpleclient_tracer_common/0.15.0/simpleclient_tracer_common-0.15.0.jar:/home/tbaral/.m2/repository/io/prometheus/simpleclient_tracer_otel_agent/0.15.0/simpleclient_tracer_otel_agent-0.15.0.jar:/home/tbaral/.m2/repository/io/prometheus/simpleclient_servlet/0.15.0/simpleclient_servlet-0.15.0.jar:/home/tbaral/.m2/repository/io/prometheus/simpleclient_common/0.15.0/simpleclient_common-0.15.0.jar:/home/tbaral/.m2/repository/io/prometheus/simpleclient_servlet_common/0.15.0/simpleclient_servlet_common-0.15.0.jar:/home/tbaral/.m2/repository/io/prometheus/simpleclient_hotspot/0.15.0/simpleclient_hotspot-0.15.0.jar:/home/tbaral/.m2/repository/org/apache/tomcat/tomcat-catalina/9.0.58/tomcat-catalina-9.0.58.jar:/home/tbaral/.m2/repository/org/apache/tomcat/tomcat-servlet-api/9.0.58/tomcat-servlet-api-9.0.58.jar:/home/tbaral/.m2/repository/org/apache/tomcat/tomcat-jsp-api/9.0.58/tomcat-jsp-api-9.0.58.jar:/home/tbaral/.m2/repository/org/apache/tomcat/tomcat-el-api/9.0.58/tomcat-el-api-9.0.58.jar:/home/tbaral/.m2/repository/org/apache/tomcat/tomcat-juli/9.0.58/tomcat-juli-9.0.58.jar:/home/tbaral/.m2/repository/org/apache/tomcat/tomcat-annotations-api/9.0.58/tomcat-annotations-api-9.0.58.jar:/home/tbaral/.m2/repository/org/apache/tomcat/tomcat-api/9.0.58/tomcat-api-9.0.58.jar:/home/tbaral/.m2/repository/org/apache/tomcat/tomcat-jni/9.0.58/tomcat-jni-9.0.58.jar:/home/tbaral/.m2/repository/org/apache/tomcat/tomcat-coyote/9.0.58/tomcat-coyote-9.0.58.jar:/home/tbaral/.m2/repository/org/apache/tomcat/tomcat-util/9.0.58/tomcat-util-9.0.58.jar:/home/tbaral/.m2/repository/org/apache/tomcat/tomcat-util-scan/9.0.58/tomcat-util-scan-9.0.58.jar:/home/tbaral/.m2/repository/org/apache/tomcat/tomcat-jaspic-api/9.0.58/tomcat-jaspic-api-9.0.58.jar:/home/tbaral/.m2/repository/org/apache/tomcat/tomcat-jdbc/9.0.58/tomcat-jdbc-9.0.58.jar:/home/tbaral/.m2/repository/org/apache/tomcat/tomcat-dbcp/9.0.58/tomcat-dbcp-9.0.58.jar:/home/tbaral/.m2/repository/junit/junit/4.13.1/junit-4.13.1.jar:/home/tbaral/.m2/repository/org/hamcrest/hamcrest-core/1.3/hamcrest-core-1.3.jar:/home/tbaral/.m2/repository/org/apache/tomcat/embed/tomcat-embed-core/9.0.58/tomcat-embed-core-9.0.58.jar:/home/tbaral/.m2/repository/io/rest-assured/rest-assured/4.1.1/rest-assured-4.1.1.jar:/home/tbaral/.m2/repository/org/codehaus/groovy/groovy/2.5.6/groovy-2.5.6.jar:/home/tbaral/.m2/repository/org/codehaus/groovy/groovy-xml/2.5.6/groovy-xml-2.5.6.jar:/home/tbaral/.m2/repository/org/apache/httpcomponents/httpclient/4.5.3/httpclient-4.5.3.jar:/home/tbaral/.m2/repository/org/apache/httpcomponents/httpcore/4.4.6/httpcore-4.4.6.jar:/home/tbaral/.m2/repository/commons-logging/commons-logging/1.2/commons-logging-1.2.jar:/home/tbaral/.m2/repository/commons-codec/commons-codec/1.9/commons-codec-1.9.jar:/home/tbaral/.m2/repository/org/apache/httpcomponents/httpmime/4.5.3/httpmime-4.5.3.jar:/home/tbaral/.m2/repository/org/hamcrest/hamcrest/2.1/hamcrest-2.1.jar:/home/tbaral/.m2/repository/org/ccil/cowan/tagsoup/tagsoup/1.2.1/tagsoup-1.2.1.jar:/home/tbaral/.m2/repository/io/rest-assured/json-path/4.1.1/json-path-4.1.1.jar:/home/tbaral/.m2/repository/org/codehaus/groovy/groovy-json/2.5.6/groovy-json-2.5.6.jar:/home/tbaral/.m2/repository/io/rest-assured/rest-assured-common/4.1.1/rest-assured-common-4.1.1.jar:/home/tbaral/.m2/repository/io/rest-assured/xml-path/4.1.1/xml-path-4.1.1.jar:/home/tbaral/.m2/repository/org/apache/commons/commons-lang3/3.4/commons-lang3-3.4.jar:/home/tbaral/.m2/repository/javax/xml/bind/jaxb-api/2.3.1/jaxb-api-2.3.1.jar:/home/tbaral/.m2/repository/javax/activation/javax.activation-api/1.2.0/javax.activation-api-1.2.0.jar:/home/tbaral/.m2/repository/com/sun/xml/bind/jaxb-osgi/2.3.0.1/jaxb-osgi-2.3.0.1.jar:/home/tbaral/.m2/repository/org/apache/sling/org.apache.sling.javax.activation/0.1.0/org.apache.sling.javax.activation-0.1.0.jar:/home/tbaral/.m2/repository/javax/activation/activation/1.1.1/activation-1.1.1.jar:/home/tbaral/.m2/repository/com/h2database/h2/2.1.210/h2-2.1.210.jar:./target/classes:./target/test-classes:/home/tbaral/.m2/repository/edu/gmu/swe/flaky/sleepy/sleepy-runner/0.0.4-SNAPSHOT/sleepy-runner-0.0.4-SNAPSHOT.jar' 'edu.gmu.swe.flaky.sleepy.runner.SleepyTestRunner' nl.nlighten.prometheus.tomcat.TomcatServletMetricsFilterTest#testServletRequestMetrics '0' 'info' 10000 
INFO:root:====BEGIN Java Log====
INFO:root:TALANK: args.length: 4
TALANK: args[0]: nl.nlighten.prometheus.tomcat.TomcatServletMetricsFilterTest#testServletRequestMetrics
TALANK: args[1]: 0
TALANK: args[2]: info
TALANK: args[3]: 10000
********TALANK requesting to junitcore ******: org.junit.internal.requests.FilterRequest@30dae81
May 14, 2025 6:51:54 PM org.apache.catalina.core.StandardService startInternal
INFO: Starting service [Tomcat]
May 14, 2025 6:51:54 PM org.apache.catalina.core.StandardEngine startInternal
INFO: Starting Servlet engine: [Apache Tomcat/9.0.58]
May 14, 2025 6:51:55 PM org.apache.coyote.AbstractProtocol init
INFO: Initializing ProtocolHandler ["http-nio-auto-1"]
May 14, 2025 6:51:55 PM org.apache.coyote.AbstractProtocol start
INFO: Starting ProtocolHandler ["http-nio-auto-1-43003"]
May 14, 2025 6:51:56 PM org.apache.coyote.AbstractProtocol pause
INFO: Pausing ProtocolHandler ["http-nio-auto-1-43003"]
May 14, 2025 6:51:58 PM org.apache.catalina.core.StandardService stopInternal
INFO: Stopping service [Tomcat]
May 14, 2025 6:51:58 PM org.apache.coyote.AbstractProtocol stop
INFO: Stopping ProtocolHandler ["http-nio-auto-1-43003"]
May 14, 2025 6:52:08 PM org.apache.tomcat.util.net.Acceptor stop
WARNING: The acceptor thread [http-nio-auto-1-Acceptor] did not stop cleanly
May 14, 2025 6:52:08 PM org.apache.coyote.AbstractProtocol destroy
INFO: Destroying ProtocolHandler ["http-nio-auto-1-43003"]
TALANKINFO:FromJava:OK

INFO:root:====END Java Log====
INFO:root:Kill all Java processes
INFO:root:Running test with no sleeping so using default sleep time.
INFO:root:Using timeout 60.0 minutes
INFO:root:Running command:
INFO:root:/scratch/tbaral/ase26/nod-rr/NOD-Test-Repair/flakerake/jdk1.8.0_102/bin/java -XX:+ExitOnOutOfMemoryError -Xbootclasspath/p:/home/tbaral/.m2/repository/edu/gmu/swe/flaky/sleepy/sleepy-interceptor/0.0.4-SNAPSHOT/sleepy-interceptor-0.0.4-SNAPSHOT.jar -javaagent:/home/tbaral/.m2/repository/edu/gmu/swe/flaky/sleepy/sleepy-interceptor/0.0.4-SNAPSHOT/sleepy-interceptor-0.0.4-SNAPSHOT.jar   -cp '/home/tbaral/.m2/repository/io/prometheus/simpleclient/0.15.0/simpleclient-0.15.0.jar:/home/tbaral/.m2/repository/io/prometheus/simpleclient_tracer_otel/0.15.0/simpleclient_tracer_otel-0.15.0.jar:/home/tbaral/.m2/repository/io/prometheus/simpleclient_tracer_common/0.15.0/simpleclient_tracer_common-0.15.0.jar:/home/tbaral/.m2/repository/io/prometheus/simpleclient_tracer_otel_agent/0.15.0/simpleclient_tracer_otel_agent-0.15.0.jar:/home/tbaral/.m2/repository/io/prometheus/simpleclient_servlet/0.15.0/simpleclient_servlet-0.15.0.jar:/home/tbaral/.m2/repository/io/prometheus/simpleclient_common/0.15.0/simpleclient_common-0.15.0.jar:/home/tbaral/.m2/repository/io/prometheus/simpleclient_servlet_common/0.15.0/simpleclient_servlet_common-0.15.0.jar:/home/tbaral/.m2/repository/io/prometheus/simpleclient_hotspot/0.15.0/simpleclient_hotspot-0.15.0.jar:/home/tbaral/.m2/repository/org/apache/tomcat/tomcat-catalina/9.0.58/tomcat-catalina-9.0.58.jar:/home/tbaral/.m2/repository/org/apache/tomcat/tomcat-servlet-api/9.0.58/tomcat-servlet-api-9.0.58.jar:/home/tbaral/.m2/repository/org/apache/tomcat/tomcat-jsp-api/9.0.58/tomcat-jsp-api-9.0.58.jar:/home/tbaral/.m2/repository/org/apache/tomcat/tomcat-el-api/9.0.58/tomcat-el-api-9.0.58.jar:/home/tbaral/.m2/repository/org/apache/tomcat/tomcat-juli/9.0.58/tomcat-juli-9.0.58.jar:/home/tbaral/.m2/repository/org/apache/tomcat/tomcat-annotations-api/9.0.58/tomcat-annotations-api-9.0.58.jar:/home/tbaral/.m2/repository/org/apache/tomcat/tomcat-api/9.0.58/tomcat-api-9.0.58.jar:/home/tbaral/.m2/repository/org/apache/tomcat/tomcat-jni/9.0.58/tomcat-jni-9.0.58.jar:/home/tbaral/.m2/repository/org/apache/tomcat/tomcat-coyote/9.0.58/tomcat-coyote-9.0.58.jar:/home/tbaral/.m2/repository/org/apache/tomcat/tomcat-util/9.0.58/tomcat-util-9.0.58.jar:/home/tbaral/.m2/repository/org/apache/tomcat/tomcat-util-scan/9.0.58/tomcat-util-scan-9.0.58.jar:/home/tbaral/.m2/repository/org/apache/tomcat/tomcat-jaspic-api/9.0.58/tomcat-jaspic-api-9.0.58.jar:/home/tbaral/.m2/repository/org/apache/tomcat/tomcat-jdbc/9.0.58/tomcat-jdbc-9.0.58.jar:/home/tbaral/.m2/repository/org/apache/tomcat/tomcat-dbcp/9.0.58/tomcat-dbcp-9.0.58.jar:/home/tbaral/.m2/repository/junit/junit/4.13.1/junit-4.13.1.jar:/home/tbaral/.m2/repository/org/hamcrest/hamcrest-core/1.3/hamcrest-core-1.3.jar:/home/tbaral/.m2/repository/org/apache/tomcat/embed/tomcat-embed-core/9.0.58/tomcat-embed-core-9.0.58.jar:/home/tbaral/.m2/repository/io/rest-assured/rest-assured/4.1.1/rest-assured-4.1.1.jar:/home/tbaral/.m2/repository/org/codehaus/groovy/groovy/2.5.6/groovy-2.5.6.jar:/home/tbaral/.m2/repository/org/codehaus/groovy/groovy-xml/2.5.6/groovy-xml-2.5.6.jar:/home/tbaral/.m2/repository/org/apache/httpcomponents/httpclient/4.5.3/httpclient-4.5.3.jar:/home/tbaral/.m2/repository/org/apache/httpcomponents/httpcore/4.4.6/httpcore-4.4.6.jar:/home/tbaral/.m2/repository/commons-logging/commons-logging/1.2/commons-logging-1.2.jar:/home/tbaral/.m2/repository/commons-codec/commons-codec/1.9/commons-codec-1.9.jar:/home/tbaral/.m2/repository/org/apache/httpcomponents/httpmime/4.5.3/httpmime-4.5.3.jar:/home/tbaral/.m2/repository/org/hamcrest/hamcrest/2.1/hamcrest-2.1.jar:/home/tbaral/.m2/repository/org/ccil/cowan/tagsoup/tagsoup/1.2.1/tagsoup-1.2.1.jar:/home/tbaral/.m2/repository/io/rest-assured/json-path/4.1.1/json-path-4.1.1.jar:/home/tbaral/.m2/repository/org/codehaus/groovy/groovy-json/2.5.6/groovy-json-2.5.6.jar:/home/tbaral/.m2/repository/io/rest-assured/rest-assured-common/4.1.1/rest-assured-common-4.1.1.jar:/home/tbaral/.m2/repository/io/rest-assured/xml-path/4.1.1/xml-path-4.1.1.jar:/home/tbaral/.m2/repository/org/apache/commons/commons-lang3/3.4/commons-lang3-3.4.jar:/home/tbaral/.m2/repository/javax/xml/bind/jaxb-api/2.3.1/jaxb-api-2.3.1.jar:/home/tbaral/.m2/repository/javax/activation/javax.activation-api/1.2.0/javax.activation-api-1.2.0.jar:/home/tbaral/.m2/repository/com/sun/xml/bind/jaxb-osgi/2.3.0.1/jaxb-osgi-2.3.0.1.jar:/home/tbaral/.m2/repository/org/apache/sling/org.apache.sling.javax.activation/0.1.0/org.apache.sling.javax.activation-0.1.0.jar:/home/tbaral/.m2/repository/javax/activation/activation/1.1.1/activation-1.1.1.jar:/home/tbaral/.m2/repository/com/h2database/h2/2.1.210/h2-2.1.210.jar:./target/classes:./target/test-classes:/home/tbaral/.m2/repository/edu/gmu/swe/flaky/sleepy/sleepy-runner/0.0.4-SNAPSHOT/sleepy-runner-0.0.4-SNAPSHOT.jar' 'edu.gmu.swe.flaky.sleepy.runner.SleepyTestRunner' nl.nlighten.prometheus.tomcat.TomcatServletMetricsFilterTest#testServletRequestMetrics '0' 'info' 10000 
INFO:root:====BEGIN Java Log====
INFO:root:TALANK: args.length: 4
TALANK: args[0]: nl.nlighten.prometheus.tomcat.TomcatServletMetricsFilterTest#testServletRequestMetrics
TALANK: args[1]: 0
TALANK: args[2]: info
TALANK: args[3]: 10000
********TALANK requesting to junitcore ******: org.junit.internal.requests.FilterRequest@30dae81
May 14, 2025 6:52:13 PM org.apache.catalina.core.StandardService startInternal
INFO: Starting service [Tomcat]
May 14, 2025 6:52:13 PM org.apache.catalina.core.StandardEngine startInternal
INFO: Starting Servlet engine: [Apache Tomcat/9.0.58]
May 14, 2025 6:52:13 PM org.apache.coyote.AbstractProtocol init
INFO: Initializing ProtocolHandler ["http-nio-auto-1"]
May 14, 2025 6:52:13 PM org.apache.coyote.AbstractProtocol start
INFO: Starting ProtocolHandler ["http-nio-auto-1-46557"]
May 14, 2025 6:52:14 PM org.apache.coyote.AbstractProtocol pause
INFO: Pausing ProtocolHandler ["http-nio-auto-1-46557"]
May 14, 2025 6:52:16 PM org.apache.catalina.core.StandardService stopInternal
INFO: Stopping service [Tomcat]
May 14, 2025 6:52:16 PM org.apache.coyote.AbstractProtocol stop
INFO: Stopping ProtocolHandler ["http-nio-auto-1-46557"]
May 14, 2025 6:52:26 PM org.apache.tomcat.util.net.Acceptor stop
WARNING: The acceptor thread [http-nio-auto-1-Acceptor] did not stop cleanly
May 14, 2025 6:52:26 PM org.apache.coyote.AbstractProtocol destroy
INFO: Destroying ProtocolHandler ["http-nio-auto-1-46557"]
TALANKINFO:FromJava:OK

INFO:root:====END Java Log====
INFO:root:Kill all Java processes
INFO:root:Running test with no sleeping so using default sleep time.
INFO:root:Using timeout 60.0 minutes
INFO:root:Running command:
INFO:root:/scratch/tbaral/ase26/nod-rr/NOD-Test-Repair/flakerake/jdk1.8.0_102/bin/java -XX:+ExitOnOutOfMemoryError -Xbootclasspath/p:/home/tbaral/.m2/repository/edu/gmu/swe/flaky/sleepy/sleepy-interceptor/0.0.4-SNAPSHOT/sleepy-interceptor-0.0.4-SNAPSHOT.jar -javaagent:/home/tbaral/.m2/repository/edu/gmu/swe/flaky/sleepy/sleepy-interceptor/0.0.4-SNAPSHOT/sleepy-interceptor-0.0.4-SNAPSHOT.jar   -cp '/home/tbaral/.m2/repository/io/prometheus/simpleclient/0.15.0/simpleclient-0.15.0.jar:/home/tbaral/.m2/repository/io/prometheus/simpleclient_tracer_otel/0.15.0/simpleclient_tracer_otel-0.15.0.jar:/home/tbaral/.m2/repository/io/prometheus/simpleclient_tracer_common/0.15.0/simpleclient_tracer_common-0.15.0.jar:/home/tbaral/.m2/repository/io/prometheus/simpleclient_tracer_otel_agent/0.15.0/simpleclient_tracer_otel_agent-0.15.0.jar:/home/tbaral/.m2/repository/io/prometheus/simpleclient_servlet/0.15.0/simpleclient_servlet-0.15.0.jar:/home/tbaral/.m2/repository/io/prometheus/simpleclient_common/0.15.0/simpleclient_common-0.15.0.jar:/home/tbaral/.m2/repository/io/prometheus/simpleclient_servlet_common/0.15.0/simpleclient_servlet_common-0.15.0.jar:/home/tbaral/.m2/repository/io/prometheus/simpleclient_hotspot/0.15.0/simpleclient_hotspot-0.15.0.jar:/home/tbaral/.m2/repository/org/apache/tomcat/tomcat-catalina/9.0.58/tomcat-catalina-9.0.58.jar:/home/tbaral/.m2/repository/org/apache/tomcat/tomcat-servlet-api/9.0.58/tomcat-servlet-api-9.0.58.jar:/home/tbaral/.m2/repository/org/apache/tomcat/tomcat-jsp-api/9.0.58/tomcat-jsp-api-9.0.58.jar:/home/tbaral/.m2/repository/org/apache/tomcat/tomcat-el-api/9.0.58/tomcat-el-api-9.0.58.jar:/home/tbaral/.m2/repository/org/apache/tomcat/tomcat-juli/9.0.58/tomcat-juli-9.0.58.jar:/home/tbaral/.m2/repository/org/apache/tomcat/tomcat-annotations-api/9.0.58/tomcat-annotations-api-9.0.58.jar:/home/tbaral/.m2/repository/org/apache/tomcat/tomcat-api/9.0.58/tomcat-api-9.0.58.jar:/home/tbaral/.m2/repository/org/apache/tomcat/tomcat-jni/9.0.58/tomcat-jni-9.0.58.jar:/home/tbaral/.m2/repository/org/apache/tomcat/tomcat-coyote/9.0.58/tomcat-coyote-9.0.58.jar:/home/tbaral/.m2/repository/org/apache/tomcat/tomcat-util/9.0.58/tomcat-util-9.0.58.jar:/home/tbaral/.m2/repository/org/apache/tomcat/tomcat-util-scan/9.0.58/tomcat-util-scan-9.0.58.jar:/home/tbaral/.m2/repository/org/apache/tomcat/tomcat-jaspic-api/9.0.58/tomcat-jaspic-api-9.0.58.jar:/home/tbaral/.m2/repository/org/apache/tomcat/tomcat-jdbc/9.0.58/tomcat-jdbc-9.0.58.jar:/home/tbaral/.m2/repository/org/apache/tomcat/tomcat-dbcp/9.0.58/tomcat-dbcp-9.0.58.jar:/home/tbaral/.m2/repository/junit/junit/4.13.1/junit-4.13.1.jar:/home/tbaral/.m2/repository/org/hamcrest/hamcrest-core/1.3/hamcrest-core-1.3.jar:/home/tbaral/.m2/repository/org/apache/tomcat/embed/tomcat-embed-core/9.0.58/tomcat-embed-core-9.0.58.jar:/home/tbaral/.m2/repository/io/rest-assured/rest-assured/4.1.1/rest-assured-4.1.1.jar:/home/tbaral/.m2/repository/org/codehaus/groovy/groovy/2.5.6/groovy-2.5.6.jar:/home/tbaral/.m2/repository/org/codehaus/groovy/groovy-xml/2.5.6/groovy-xml-2.5.6.jar:/home/tbaral/.m2/repository/org/apache/httpcomponents/httpclient/4.5.3/httpclient-4.5.3.jar:/home/tbaral/.m2/repository/org/apache/httpcomponents/httpcore/4.4.6/httpcore-4.4.6.jar:/home/tbaral/.m2/repository/commons-logging/commons-logging/1.2/commons-logging-1.2.jar:/home/tbaral/.m2/repository/commons-codec/commons-codec/1.9/commons-codec-1.9.jar:/home/tbaral/.m2/repository/org/apache/httpcomponents/httpmime/4.5.3/httpmime-4.5.3.jar:/home/tbaral/.m2/repository/org/hamcrest/hamcrest/2.1/hamcrest-2.1.jar:/home/tbaral/.m2/repository/org/ccil/cowan/tagsoup/tagsoup/1.2.1/tagsoup-1.2.1.jar:/home/tbaral/.m2/repository/io/rest-assured/json-path/4.1.1/json-path-4.1.1.jar:/home/tbaral/.m2/repository/org/codehaus/groovy/groovy-json/2.5.6/groovy-json-2.5.6.jar:/home/tbaral/.m2/repository/io/rest-assured/rest-assured-common/4.1.1/rest-assured-common-4.1.1.jar:/home/tbaral/.m2/repository/io/rest-assured/xml-path/4.1.1/xml-path-4.1.1.jar:/home/tbaral/.m2/repository/org/apache/commons/commons-lang3/3.4/commons-lang3-3.4.jar:/home/tbaral/.m2/repository/javax/xml/bind/jaxb-api/2.3.1/jaxb-api-2.3.1.jar:/home/tbaral/.m2/repository/javax/activation/javax.activation-api/1.2.0/javax.activation-api-1.2.0.jar:/home/tbaral/.m2/repository/com/sun/xml/bind/jaxb-osgi/2.3.0.1/jaxb-osgi-2.3.0.1.jar:/home/tbaral/.m2/repository/org/apache/sling/org.apache.sling.javax.activation/0.1.0/org.apache.sling.javax.activation-0.1.0.jar:/home/tbaral/.m2/repository/javax/activation/activation/1.1.1/activation-1.1.1.jar:/home/tbaral/.m2/repository/com/h2database/h2/2.1.210/h2-2.1.210.jar:./target/classes:./target/test-classes:/home/tbaral/.m2/repository/edu/gmu/swe/flaky/sleepy/sleepy-runner/0.0.4-SNAPSHOT/sleepy-runner-0.0.4-SNAPSHOT.jar' 'edu.gmu.swe.flaky.sleepy.runner.SleepyTestRunner' nl.nlighten.prometheus.tomcat.TomcatServletMetricsFilterTest#testServletRequestMetrics '0' 'info' 10000 
INFO:root:====BEGIN Java Log====
INFO:root:TALANK: args.length: 4
TALANK: args[0]: nl.nlighten.prometheus.tomcat.TomcatServletMetricsFilterTest#testServletRequestMetrics
TALANK: args[1]: 0
TALANK: args[2]: info
TALANK: args[3]: 10000
********TALANK requesting to junitcore ******: org.junit.internal.requests.FilterRequest@30dae81
May 14, 2025 6:52:31 PM org.apache.catalina.core.StandardService startInternal
INFO: Starting service [Tomcat]
May 14, 2025 6:52:31 PM org.apache.catalina.core.StandardEngine startInternal
INFO: Starting Servlet engine: [Apache Tomcat/9.0.58]
May 14, 2025 6:52:31 PM org.apache.coyote.AbstractProtocol init
INFO: Initializing ProtocolHandler ["http-nio-auto-1"]
May 14, 2025 6:52:31 PM org.apache.coyote.AbstractProtocol start
INFO: Starting ProtocolHandler ["http-nio-auto-1-33243"]
May 14, 2025 6:52:32 PM org.apache.coyote.AbstractProtocol pause
INFO: Pausing ProtocolHandler ["http-nio-auto-1-33243"]
May 14, 2025 6:52:34 PM org.apache.catalina.core.StandardService stopInternal
INFO: Stopping service [Tomcat]
May 14, 2025 6:52:34 PM org.apache.coyote.AbstractProtocol stop
INFO: Stopping ProtocolHandler ["http-nio-auto-1-33243"]
May 14, 2025 6:52:44 PM org.apache.tomcat.util.net.Acceptor stop
WARNING: The acceptor thread [http-nio-auto-1-Acceptor] did not stop cleanly
May 14, 2025 6:52:44 PM org.apache.coyote.AbstractProtocol destroy
INFO: Destroying ProtocolHandler ["http-nio-auto-1-33243"]
TALANKINFO:FromJava:OK

INFO:root:====END Java Log====
INFO:root:Kill all Java processes
INFO:root:Running test with no sleeping so using default sleep time.
INFO:root:Using timeout 60.0 minutes
INFO:root:Running command:
INFO:root:/scratch/tbaral/ase26/nod-rr/NOD-Test-Repair/flakerake/jdk1.8.0_102/bin/java -XX:+ExitOnOutOfMemoryError -Xbootclasspath/p:/home/tbaral/.m2/repository/edu/gmu/swe/flaky/sleepy/sleepy-interceptor/0.0.4-SNAPSHOT/sleepy-interceptor-0.0.4-SNAPSHOT.jar -javaagent:/home/tbaral/.m2/repository/edu/gmu/swe/flaky/sleepy/sleepy-interceptor/0.0.4-SNAPSHOT/sleepy-interceptor-0.0.4-SNAPSHOT.jar   -cp '/home/tbaral/.m2/repository/io/prometheus/simpleclient/0.15.0/simpleclient-0.15.0.jar:/home/tbaral/.m2/repository/io/prometheus/simpleclient_tracer_otel/0.15.0/simpleclient_tracer_otel-0.15.0.jar:/home/tbaral/.m2/repository/io/prometheus/simpleclient_tracer_common/0.15.0/simpleclient_tracer_common-0.15.0.jar:/home/tbaral/.m2/repository/io/prometheus/simpleclient_tracer_otel_agent/0.15.0/simpleclient_tracer_otel_agent-0.15.0.jar:/home/tbaral/.m2/repository/io/prometheus/simpleclient_servlet/0.15.0/simpleclient_servlet-0.15.0.jar:/home/tbaral/.m2/repository/io/prometheus/simpleclient_common/0.15.0/simpleclient_common-0.15.0.jar:/home/tbaral/.m2/repository/io/prometheus/simpleclient_servlet_common/0.15.0/simpleclient_servlet_common-0.15.0.jar:/home/tbaral/.m2/repository/io/prometheus/simpleclient_hotspot/0.15.0/simpleclient_hotspot-0.15.0.jar:/home/tbaral/.m2/repository/org/apache/tomcat/tomcat-catalina/9.0.58/tomcat-catalina-9.0.58.jar:/home/tbaral/.m2/repository/org/apache/tomcat/tomcat-servlet-api/9.0.58/tomcat-servlet-api-9.0.58.jar:/home/tbaral/.m2/repository/org/apache/tomcat/tomcat-jsp-api/9.0.58/tomcat-jsp-api-9.0.58.jar:/home/tbaral/.m2/repository/org/apache/tomcat/tomcat-el-api/9.0.58/tomcat-el-api-9.0.58.jar:/home/tbaral/.m2/repository/org/apache/tomcat/tomcat-juli/9.0.58/tomcat-juli-9.0.58.jar:/home/tbaral/.m2/repository/org/apache/tomcat/tomcat-annotations-api/9.0.58/tomcat-annotations-api-9.0.58.jar:/home/tbaral/.m2/repository/org/apache/tomcat/tomcat-api/9.0.58/tomcat-api-9.0.58.jar:/home/tbaral/.m2/repository/org/apache/tomcat/tomcat-jni/9.0.58/tomcat-jni-9.0.58.jar:/home/tbaral/.m2/repository/org/apache/tomcat/tomcat-coyote/9.0.58/tomcat-coyote-9.0.58.jar:/home/tbaral/.m2/repository/org/apache/tomcat/tomcat-util/9.0.58/tomcat-util-9.0.58.jar:/home/tbaral/.m2/repository/org/apache/tomcat/tomcat-util-scan/9.0.58/tomcat-util-scan-9.0.58.jar:/home/tbaral/.m2/repository/org/apache/tomcat/tomcat-jaspic-api/9.0.58/tomcat-jaspic-api-9.0.58.jar:/home/tbaral/.m2/repository/org/apache/tomcat/tomcat-jdbc/9.0.58/tomcat-jdbc-9.0.58.jar:/home/tbaral/.m2/repository/org/apache/tomcat/tomcat-dbcp/9.0.58/tomcat-dbcp-9.0.58.jar:/home/tbaral/.m2/repository/junit/junit/4.13.1/junit-4.13.1.jar:/home/tbaral/.m2/repository/org/hamcrest/hamcrest-core/1.3/hamcrest-core-1.3.jar:/home/tbaral/.m2/repository/org/apache/tomcat/embed/tomcat-embed-core/9.0.58/tomcat-embed-core-9.0.58.jar:/home/tbaral/.m2/repository/io/rest-assured/rest-assured/4.1.1/rest-assured-4.1.1.jar:/home/tbaral/.m2/repository/org/codehaus/groovy/groovy/2.5.6/groovy-2.5.6.jar:/home/tbaral/.m2/repository/org/codehaus/groovy/groovy-xml/2.5.6/groovy-xml-2.5.6.jar:/home/tbaral/.m2/repository/org/apache/httpcomponents/httpclient/4.5.3/httpclient-4.5.3.jar:/home/tbaral/.m2/repository/org/apache/httpcomponents/httpcore/4.4.6/httpcore-4.4.6.jar:/home/tbaral/.m2/repository/commons-logging/commons-logging/1.2/commons-logging-1.2.jar:/home/tbaral/.m2/repository/commons-codec/commons-codec/1.9/commons-codec-1.9.jar:/home/tbaral/.m2/repository/org/apache/httpcomponents/httpmime/4.5.3/httpmime-4.5.3.jar:/home/tbaral/.m2/repository/org/hamcrest/hamcrest/2.1/hamcrest-2.1.jar:/home/tbaral/.m2/repository/org/ccil/cowan/tagsoup/tagsoup/1.2.1/tagsoup-1.2.1.jar:/home/tbaral/.m2/repository/io/rest-assured/json-path/4.1.1/json-path-4.1.1.jar:/home/tbaral/.m2/repository/org/codehaus/groovy/groovy-json/2.5.6/groovy-json-2.5.6.jar:/home/tbaral/.m2/repository/io/rest-assured/rest-assured-common/4.1.1/rest-assured-common-4.1.1.jar:/home/tbaral/.m2/repository/io/rest-assured/xml-path/4.1.1/xml-path-4.1.1.jar:/home/tbaral/.m2/repository/org/apache/commons/commons-lang3/3.4/commons-lang3-3.4.jar:/home/tbaral/.m2/repository/javax/xml/bind/jaxb-api/2.3.1/jaxb-api-2.3.1.jar:/home/tbaral/.m2/repository/javax/activation/javax.activation-api/1.2.0/javax.activation-api-1.2.0.jar:/home/tbaral/.m2/repository/com/sun/xml/bind/jaxb-osgi/2.3.0.1/jaxb-osgi-2.3.0.1.jar:/home/tbaral/.m2/repository/org/apache/sling/org.apache.sling.javax.activation/0.1.0/org.apache.sling.javax.activation-0.1.0.jar:/home/tbaral/.m2/repository/javax/activation/activation/1.1.1/activation-1.1.1.jar:/home/tbaral/.m2/repository/com/h2database/h2/2.1.210/h2-2.1.210.jar:./target/classes:./target/test-classes:/home/tbaral/.m2/repository/edu/gmu/swe/flaky/sleepy/sleepy-runner/0.0.4-SNAPSHOT/sleepy-runner-0.0.4-SNAPSHOT.jar' 'edu.gmu.swe.flaky.sleepy.runner.SleepyTestRunner' nl.nlighten.prometheus.tomcat.TomcatServletMetricsFilterTest#testServletRequestMetrics '0' 'info' 10000 
INFO:root:====BEGIN Java Log====
INFO:root:TALANK: args.length: 4
TALANK: args[0]: nl.nlighten.prometheus.tomcat.TomcatServletMetricsFilterTest#testServletRequestMetrics
TALANK: args[1]: 0
TALANK: args[2]: info
TALANK: args[3]: 10000
********TALANK requesting to junitcore ******: org.junit.internal.requests.FilterRequest@30dae81
May 14, 2025 6:52:49 PM org.apache.catalina.core.StandardService startInternal
INFO: Starting service [Tomcat]
May 14, 2025 6:52:49 PM org.apache.catalina.core.StandardEngine startInternal
INFO: Starting Servlet engine: [Apache Tomcat/9.0.58]
May 14, 2025 6:52:50 PM org.apache.coyote.AbstractProtocol init
INFO: Initializing ProtocolHandler ["http-nio-auto-1"]
May 14, 2025 6:52:50 PM org.apache.coyote.AbstractProtocol start
INFO: Starting ProtocolHandler ["http-nio-auto-1-44315"]
May 14, 2025 6:52:50 PM org.apache.coyote.AbstractProtocol pause
INFO: Pausing ProtocolHandler ["http-nio-auto-1-44315"]
May 14, 2025 6:52:50 PM org.apache.catalina.core.StandardService stopInternal
INFO: Stopping service [Tomcat]
May 14, 2025 6:52:50 PM org.apache.coyote.AbstractProtocol stop
INFO: Stopping ProtocolHandler ["http-nio-auto-1-44315"]
May 14, 2025 6:52:50 PM org.apache.coyote.AbstractProtocol destroy
INFO: Destroying ProtocolHandler ["http-nio-auto-1-44315"]
TALANKINFO:FromJava:OK

INFO:root:====END Java Log====
INFO:root:Kill all Java processes
INFO:root:Running test with no sleeping so using default sleep time.
INFO:root:Using timeout 60.0 minutes
INFO:root:Running command:
INFO:root:/scratch/tbaral/ase26/nod-rr/NOD-Test-Repair/flakerake/jdk1.8.0_102/bin/java -XX:+ExitOnOutOfMemoryError -Xbootclasspath/p:/home/tbaral/.m2/repository/edu/gmu/swe/flaky/sleepy/sleepy-interceptor/0.0.4-SNAPSHOT/sleepy-interceptor-0.0.4-SNAPSHOT.jar -javaagent:/home/tbaral/.m2/repository/edu/gmu/swe/flaky/sleepy/sleepy-interceptor/0.0.4-SNAPSHOT/sleepy-interceptor-0.0.4-SNAPSHOT.jar   -cp '/home/tbaral/.m2/repository/io/prometheus/simpleclient/0.15.0/simpleclient-0.15.0.jar:/home/tbaral/.m2/repository/io/prometheus/simpleclient_tracer_otel/0.15.0/simpleclient_tracer_otel-0.15.0.jar:/home/tbaral/.m2/repository/io/prometheus/simpleclient_tracer_common/0.15.0/simpleclient_tracer_common-0.15.0.jar:/home/tbaral/.m2/repository/io/prometheus/simpleclient_tracer_otel_agent/0.15.0/simpleclient_tracer_otel_agent-0.15.0.jar:/home/tbaral/.m2/repository/io/prometheus/simpleclient_servlet/0.15.0/simpleclient_servlet-0.15.0.jar:/home/tbaral/.m2/repository/io/prometheus/simpleclient_common/0.15.0/simpleclient_common-0.15.0.jar:/home/tbaral/.m2/repository/io/prometheus/simpleclient_servlet_common/0.15.0/simpleclient_servlet_common-0.15.0.jar:/home/tbaral/.m2/repository/io/prometheus/simpleclient_hotspot/0.15.0/simpleclient_hotspot-0.15.0.jar:/home/tbaral/.m2/repository/org/apache/tomcat/tomcat-catalina/9.0.58/tomcat-catalina-9.0.58.jar:/home/tbaral/.m2/repository/org/apache/tomcat/tomcat-servlet-api/9.0.58/tomcat-servlet-api-9.0.58.jar:/home/tbaral/.m2/repository/org/apache/tomcat/tomcat-jsp-api/9.0.58/tomcat-jsp-api-9.0.58.jar:/home/tbaral/.m2/repository/org/apache/tomcat/tomcat-el-api/9.0.58/tomcat-el-api-9.0.58.jar:/home/tbaral/.m2/repository/org/apache/tomcat/tomcat-juli/9.0.58/tomcat-juli-9.0.58.jar:/home/tbaral/.m2/repository/org/apache/tomcat/tomcat-annotations-api/9.0.58/tomcat-annotations-api-9.0.58.jar:/home/tbaral/.m2/repository/org/apache/tomcat/tomcat-api/9.0.58/tomcat-api-9.0.58.jar:/home/tbaral/.m2/repository/org/apache/tomcat/tomcat-jni/9.0.58/tomcat-jni-9.0.58.jar:/home/tbaral/.m2/repository/org/apache/tomcat/tomcat-coyote/9.0.58/tomcat-coyote-9.0.58.jar:/home/tbaral/.m2/repository/org/apache/tomcat/tomcat-util/9.0.58/tomcat-util-9.0.58.jar:/home/tbaral/.m2/repository/org/apache/tomcat/tomcat-util-scan/9.0.58/tomcat-util-scan-9.0.58.jar:/home/tbaral/.m2/repository/org/apache/tomcat/tomcat-jaspic-api/9.0.58/tomcat-jaspic-api-9.0.58.jar:/home/tbaral/.m2/repository/org/apache/tomcat/tomcat-jdbc/9.0.58/tomcat-jdbc-9.0.58.jar:/home/tbaral/.m2/repository/org/apache/tomcat/tomcat-dbcp/9.0.58/tomcat-dbcp-9.0.58.jar:/home/tbaral/.m2/repository/junit/junit/4.13.1/junit-4.13.1.jar:/home/tbaral/.m2/repository/org/hamcrest/hamcrest-core/1.3/hamcrest-core-1.3.jar:/home/tbaral/.m2/repository/org/apache/tomcat/embed/tomcat-embed-core/9.0.58/tomcat-embed-core-9.0.58.jar:/home/tbaral/.m2/repository/io/rest-assured/rest-assured/4.1.1/rest-assured-4.1.1.jar:/home/tbaral/.m2/repository/org/codehaus/groovy/groovy/2.5.6/groovy-2.5.6.jar:/home/tbaral/.m2/repository/org/codehaus/groovy/groovy-xml/2.5.6/groovy-xml-2.5.6.jar:/home/tbaral/.m2/repository/org/apache/httpcomponents/httpclient/4.5.3/httpclient-4.5.3.jar:/home/tbaral/.m2/repository/org/apache/httpcomponents/httpcore/4.4.6/httpcore-4.4.6.jar:/home/tbaral/.m2/repository/commons-logging/commons-logging/1.2/commons-logging-1.2.jar:/home/tbaral/.m2/repository/commons-codec/commons-codec/1.9/commons-codec-1.9.jar:/home/tbaral/.m2/repository/org/apache/httpcomponents/httpmime/4.5.3/httpmime-4.5.3.jar:/home/tbaral/.m2/repository/org/hamcrest/hamcrest/2.1/hamcrest-2.1.jar:/home/tbaral/.m2/repository/org/ccil/cowan/tagsoup/tagsoup/1.2.1/tagsoup-1.2.1.jar:/home/tbaral/.m2/repository/io/rest-assured/json-path/4.1.1/json-path-4.1.1.jar:/home/tbaral/.m2/repository/org/codehaus/groovy/groovy-json/2.5.6/groovy-json-2.5.6.jar:/home/tbaral/.m2/repository/io/rest-assured/rest-assured-common/4.1.1/rest-assured-common-4.1.1.jar:/home/tbaral/.m2/repository/io/rest-assured/xml-path/4.1.1/xml-path-4.1.1.jar:/home/tbaral/.m2/repository/org/apache/commons/commons-lang3/3.4/commons-lang3-3.4.jar:/home/tbaral/.m2/repository/javax/xml/bind/jaxb-api/2.3.1/jaxb-api-2.3.1.jar:/home/tbaral/.m2/repository/javax/activation/javax.activation-api/1.2.0/javax.activation-api-1.2.0.jar:/home/tbaral/.m2/repository/com/sun/xml/bind/jaxb-osgi/2.3.0.1/jaxb-osgi-2.3.0.1.jar:/home/tbaral/.m2/repository/org/apache/sling/org.apache.sling.javax.activation/0.1.0/org.apache.sling.javax.activation-0.1.0.jar:/home/tbaral/.m2/repository/javax/activation/activation/1.1.1/activation-1.1.1.jar:/home/tbaral/.m2/repository/com/h2database/h2/2.1.210/h2-2.1.210.jar:./target/classes:./target/test-classes:/home/tbaral/.m2/repository/edu/gmu/swe/flaky/sleepy/sleepy-runner/0.0.4-SNAPSHOT/sleepy-runner-0.0.4-SNAPSHOT.jar' 'edu.gmu.swe.flaky.sleepy.runner.SleepyTestRunner' nl.nlighten.prometheus.tomcat.TomcatServletMetricsFilterTest#testServletRequestMetrics '0' 'info' 10000 
INFO:root:====BEGIN Java Log====
INFO:root:TALANK: args.length: 4
TALANK: args[0]: nl.nlighten.prometheus.tomcat.TomcatServletMetricsFilterTest#testServletRequestMetrics
TALANK: args[1]: 0
TALANK: args[2]: info
TALANK: args[3]: 10000
********TALANK requesting to junitcore ******: org.junit.internal.requests.FilterRequest@30dae81
May 14, 2025 6:52:55 PM org.apache.catalina.core.StandardService startInternal
INFO: Starting service [Tomcat]
May 14, 2025 6:52:55 PM org.apache.catalina.core.StandardEngine startInternal
INFO: Starting Servlet engine: [Apache Tomcat/9.0.58]
May 14, 2025 6:52:55 PM org.apache.coyote.AbstractProtocol init
INFO: Initializing ProtocolHandler ["http-nio-auto-1"]
May 14, 2025 6:52:55 PM org.apache.coyote.AbstractProtocol start
INFO: Starting ProtocolHandler ["http-nio-auto-1-46597"]
May 14, 2025 6:52:56 PM org.apache.coyote.AbstractProtocol pause
INFO: Pausing ProtocolHandler ["http-nio-auto-1-46597"]
May 14, 2025 6:52:56 PM org.apache.catalina.core.StandardService stopInternal
INFO: Stopping service [Tomcat]
May 14, 2025 6:52:56 PM org.apache.coyote.AbstractProtocol stop
INFO: Stopping ProtocolHandler ["http-nio-auto-1-46597"]
May 14, 2025 6:52:56 PM org.apache.coyote.AbstractProtocol destroy
INFO: Destroying ProtocolHandler ["http-nio-auto-1-46597"]
TALANKINFO:FromJava:OK

INFO:root:====END Java Log====
INFO:root:Kill all Java processes
INFO:root:Found Thread <-1283386995,1>
INFO:root:Found Thread <-952858859,1>
INFO:root:Found Thread <1207327402,1>
INFO:root:Found Thread <1322705357,1>
INFO:root:Found Thread <1590468110,1>
INFO:root:Found Thread <1721539164,0>
INFO:root:Found Thread <1721539164,1>
INFO:root:Found Thread <1721539164,2>
INFO:root:Found Thread <1721539164,3>
INFO:root:Found Thread <1721539164,4>
INFO:root:Found Thread <2017791866,1>
INFO:root:Found Thread <main>
INFO:root:Starting analysis on thread named <-1283386995,1> that is 1 out of 12
INFO:root:Initial list
INFO:root:['org/apache/tomcat/util/net/NioEndpoint$Poller:run:0\n', 'org/apache/tomcat/util/collections/SynchronizedQueue:size:0\n', 'org/apache/tomcat/util/collections/SynchronizedQueue:size:97\n', 'org/apache/tomcat/util/net/NioEndpoint$Poller:run:794\n', 'org/apache/tomcat/util/net/NioEndpoint$Poller:run:795\n', 'org/apache/tomcat/util/net/NioEndpoint$Poller:run:799\n', 'org/apache/tomcat/util/net/NioEndpoint$Poller:run:800\n', 'org/apache/tomcat/util/net/NioEndpoint$Poller:run:801\n', 'org/apache/tomcat/util/net/NioEndpoint$Poller:run:802\n', 'org/apache/tomcat/util/collections/SynchronizedQueue:poll:0\n', 'org/apache/tomcat/util/collections/SynchronizedQueue:poll:76\n', 'org/apache/tomcat/util/collections/SynchronizedStack:push:0\n', 'org/apache/tomcat/util/collections/SynchronizedStack:push:70\n', 'org/apache/tomcat/util/net/NioEndpoint$Poller:timeout:1024\n', 'org/apache/tomcat/util/net/NioEndpoint$Poller:timeout:1025\n', 'org/apache/tomcat/util/net/NioEndpoint$Poller:timeout:1037\n', 'org/apache/tomcat/util/net/NioEndpoint$Poller:timeout:1038\n', 'org/apache/tomcat/util/net/NioEndpoint$Poller:timeout:1039\n', 'org/apache/tomcat/util/net/NioEndpoint$Poller:timeout:1040\n', 'org/apache/tomcat/util/net/NioEndpoint$Poller:timeout:1097\n', 'org/apache/tomcat/util/net/NioEndpoint$Poller:timeout:1098\n', 'org/apache/tomcat/util/net/NioEndpoint$Poller:run:824\n', 'org/apache/tomcat/util/net/NioEndpoint$Poller:run:825\n', 'org/apache/tomcat/util/net/NioEndpoint$Poller:run:830\n', 'org/apache/tomcat/util/net/NioEndpoint$Poller:run:831\n', 'org/apache/tomcat/util/net/NioEndpoint$Poller:processKey:849\n', 'org/apache/tomcat/util/net/NioEndpoint$Poller:processKey:850\n', 'org/apache/tomcat/util/net/NioEndpoint$Poller:processKey:851\n', 'org/apache/tomcat/util/net/NioEndpoint$Poller:processKey:854\n', 'org/apache/tomcat/util/net/NioEndpoint$Poller:processKey:855\n', 'org/apache/tomcat/util/net/NioEndpoint$Poller:unreg:1015\n', 'org/apache/tomcat/util/net/NioEndpoint$Poller:unreg:1016\n', 'org/apache/tomcat/util/net/NioEndpoint$Poller:reg:1019\n', 'org/apache/tomcat/util/net/NioEndpoint$Poller:reg:1020\n', 'org/apache/tomcat/util/net/NioEndpoint$Poller:processKey:857\n', 'org/apache/tomcat/util/net/NioEndpoint$Poller:processKey:858\n', 'org/apache/tomcat/util/collections/SynchronizedStack:pop:0\n', 'org/apache/tomcat/util/collections/SynchronizedStack:pop:76\n', 'org/apache/tomcat/util/net/AbstractEndpoint:processSocket:1174\n', 'org/apache/tomcat/util/threads/ThreadPoolExecutor:execute:1400\n', 'org/apache/tomcat/util/threads/ThreadPoolExecutor:execute:1401\n', 'org/apache/tomcat/util/threads/ThreadPoolExecutor:executeInternal:1465\n', 'org/apache/tomcat/util/threads/ThreadPoolExecutor:executeInternal:1466\n', 'org/apache/tomcat/util/threads/ThreadPoolExecutor:executeInternal:1472\n', 'org/apache/tomcat/util/threads/ThreadPoolExecutor:getPoolSize:1975\n', 'org/apache/tomcat/util/threads/ThreadPoolExecutor:getPoolSize:1976\n', 'org/apache/tomcat/util/threads/ThreadPoolExecutor:getPoolSize:1979\n', 'org/apache/tomcat/util/threads/ThreadPoolExecutor:getPoolSize:1980\n', 'org/apache/tomcat/util/threads/ThreadPoolExecutor:getPoolSize:1982\n', 'org/apache/tomcat/util/threads/ThreadPoolExecutor:getPoolSize:1983\n', 'org/apache/tomcat/util/threads/ThreadPoolExecutor:getSubmittedCount:2074\n', 'org/apache/tomcat/util/threads/ThreadPoolExecutor:getSubmittedCount:2075\n', 'org/apache/tomcat/util/threads/TaskQueue:offer:114\n', 'org/apache/tomcat/util/threads/TaskQueue:offer:115\n', 'org/apache/tomcat/util/threads/ThreadPoolExecutor:executeInternal:1473\n', 'org/apache/tomcat/util/threads/ThreadPoolExecutor:executeInternal:1474\n', 'org/apache/tomcat/util/net/AbstractEndpoint:processSocket:1175\n', 'org/apache/tomcat/util/net/NioEndpoint$Poller:processKey:871\n', 'org/apache/tomcat/util/net/NioEndpoint$Poller:processKey:872\n', 'org/apache/tomcat/util/net/NioEndpoint$Poller:events:709\n', 'org/apache/tomcat/util/net/NioEndpoint$Poller:events:710\n', 'org/apache/tomcat/util/net/NioEndpoint$Poller:events:713\n', 'org/apache/tomcat/util/net/NioEndpoint$Poller:events:714\n', 'org/apache/tomcat/util/net/NioEndpoint$Poller:events:715\n', 'org/apache/tomcat/util/net/NioEndpoint$Poller:events:716\n', 'org/apache/tomcat/util/net/NioEndpoint$Poller:timeout:1045\n', 'org/apache/tomcat/util/net/NioEndpoint$Poller:timeout:1046\n', 'org/apache/tomcat/util/net/NioEndpoint$Poller:cancelledKey:761\n', 'org/apache/tomcat/util/net/NioEndpoint$Poller:cancelledKey:762\n', 'org/apache/tomcat/util/net/NioEndpoint$Poller:cancelledKey:763\n', 'org/apache/tomcat/util/net/NioEndpoint$Poller:cancelledKey:764\n', 'org/apache/tomcat/util/net/SocketWrapperBase:close:412\n', 'org/apache/tomcat/util/net/SocketWrapperBase:close:413\n', 'org/apache/tomcat/util/net/WriteBuffer:clear:47\n', 'org/apache/tomcat/util/net/WriteBuffer:clear:48\n', 'org/apache/tomcat/util/net/NioEndpoint$Poller:run:807\n', 'org/apache/tomcat/util/net/NioEndpoint$Poller:run:808\n', 'org/apache/tomcat/util/net/NioEndpoint$Poller:run:842\n', 'org/apache/tomcat/util/net/NioEndpoint$Poller:run:843\n']
INFO:root:Using timeout 195.0 minutes
INFO:root:Running command:
INFO:root:/scratch/tbaral/ase26/nod-rr/NOD-Test-Repair/flakerake/jdk1.8.0_102/bin/java -XX:+ExitOnOutOfMemoryError -Xbootclasspath/p:/home/tbaral/.m2/repository/edu/gmu/swe/flaky/sleepy/sleepy-interceptor/0.0.4-SNAPSHOT/sleepy-interceptor-0.0.4-SNAPSHOT.jar -javaagent:/home/tbaral/.m2/repository/edu/gmu/swe/flaky/sleepy/sleepy-interceptor/0.0.4-SNAPSHOT/sleepy-interceptor-0.0.4-SNAPSHOT.jar   -cp '/home/tbaral/.m2/repository/io/prometheus/simpleclient/0.15.0/simpleclient-0.15.0.jar:/home/tbaral/.m2/repository/io/prometheus/simpleclient_tracer_otel/0.15.0/simpleclient_tracer_otel-0.15.0.jar:/home/tbaral/.m2/repository/io/prometheus/simpleclient_tracer_common/0.15.0/simpleclient_tracer_common-0.15.0.jar:/home/tbaral/.m2/repository/io/prometheus/simpleclient_tracer_otel_agent/0.15.0/simpleclient_tracer_otel_agent-0.15.0.jar:/home/tbaral/.m2/repository/io/prometheus/simpleclient_servlet/0.15.0/simpleclient_servlet-0.15.0.jar:/home/tbaral/.m2/repository/io/prometheus/simpleclient_common/0.15.0/simpleclient_common-0.15.0.jar:/home/tbaral/.m2/repository/io/prometheus/simpleclient_servlet_common/0.15.0/simpleclient_servlet_common-0.15.0.jar:/home/tbaral/.m2/repository/io/prometheus/simpleclient_hotspot/0.15.0/simpleclient_hotspot-0.15.0.jar:/home/tbaral/.m2/repository/org/apache/tomcat/tomcat-catalina/9.0.58/tomcat-catalina-9.0.58.jar:/home/tbaral/.m2/repository/org/apache/tomcat/tomcat-servlet-api/9.0.58/tomcat-servlet-api-9.0.58.jar:/home/tbaral/.m2/repository/org/apache/tomcat/tomcat-jsp-api/9.0.58/tomcat-jsp-api-9.0.58.jar:/home/tbaral/.m2/repository/org/apache/tomcat/tomcat-el-api/9.0.58/tomcat-el-api-9.0.58.jar:/home/tbaral/.m2/repository/org/apache/tomcat/tomcat-juli/9.0.58/tomcat-juli-9.0.58.jar:/home/tbaral/.m2/repository/org/apache/tomcat/tomcat-annotations-api/9.0.58/tomcat-annotations-api-9.0.58.jar:/home/tbaral/.m2/repository/org/apache/tomcat/tomcat-api/9.0.58/tomcat-api-9.0.58.jar:/home/tbaral/.m2/repository/org/apache/tomcat/tomcat-jni/9.0.58/tomcat-jni-9.0.58.jar:/home/tbaral/.m2/repository/org/apache/tomcat/tomcat-coyote/9.0.58/tomcat-coyote-9.0.58.jar:/home/tbaral/.m2/repository/org/apache/tomcat/tomcat-util/9.0.58/tomcat-util-9.0.58.jar:/home/tbaral/.m2/repository/org/apache/tomcat/tomcat-util-scan/9.0.58/tomcat-util-scan-9.0.58.jar:/home/tbaral/.m2/repository/org/apache/tomcat/tomcat-jaspic-api/9.0.58/tomcat-jaspic-api-9.0.58.jar:/home/tbaral/.m2/repository/org/apache/tomcat/tomcat-jdbc/9.0.58/tomcat-jdbc-9.0.58.jar:/home/tbaral/.m2/repository/org/apache/tomcat/tomcat-dbcp/9.0.58/tomcat-dbcp-9.0.58.jar:/home/tbaral/.m2/repository/junit/junit/4.13.1/junit-4.13.1.jar:/home/tbaral/.m2/repository/org/hamcrest/hamcrest-core/1.3/hamcrest-core-1.3.jar:/home/tbaral/.m2/repository/org/apache/tomcat/embed/tomcat-embed-core/9.0.58/tomcat-embed-core-9.0.58.jar:/home/tbaral/.m2/repository/io/rest-assured/rest-assured/4.1.1/rest-assured-4.1.1.jar:/home/tbaral/.m2/repository/org/codehaus/groovy/groovy/2.5.6/groovy-2.5.6.jar:/home/tbaral/.m2/repository/org/codehaus/groovy/groovy-xml/2.5.6/groovy-xml-2.5.6.jar:/home/tbaral/.m2/repository/org/apache/httpcomponents/httpclient/4.5.3/httpclient-4.5.3.jar:/home/tbaral/.m2/repository/org/apache/httpcomponents/httpcore/4.4.6/httpcore-4.4.6.jar:/home/tbaral/.m2/repository/commons-logging/commons-logging/1.2/commons-logging-1.2.jar:/home/tbaral/.m2/repository/commons-codec/commons-codec/1.9/commons-codec-1.9.jar:/home/tbaral/.m2/repository/org/apache/httpcomponents/httpmime/4.5.3/httpmime-4.5.3.jar:/home/tbaral/.m2/repository/org/hamcrest/hamcrest/2.1/hamcrest-2.1.jar:/home/tbaral/.m2/repository/org/ccil/cowan/tagsoup/tagsoup/1.2.1/tagsoup-1.2.1.jar:/home/tbaral/.m2/repository/io/rest-assured/json-path/4.1.1/json-path-4.1.1.jar:/home/tbaral/.m2/repository/org/codehaus/groovy/groovy-json/2.5.6/groovy-json-2.5.6.jar:/home/tbaral/.m2/repository/io/rest-assured/rest-assured-common/4.1.1/rest-assured-common-4.1.1.jar:/home/tbaral/.m2/repository/io/rest-assured/xml-path/4.1.1/xml-path-4.1.1.jar:/home/tbaral/.m2/repository/org/apache/commons/commons-lang3/3.4/commons-lang3-3.4.jar:/home/tbaral/.m2/repository/javax/xml/bind/jaxb-api/2.3.1/jaxb-api-2.3.1.jar:/home/tbaral/.m2/repository/javax/activation/javax.activation-api/1.2.0/javax.activation-api-1.2.0.jar:/home/tbaral/.m2/repository/com/sun/xml/bind/jaxb-osgi/2.3.0.1/jaxb-osgi-2.3.0.1.jar:/home/tbaral/.m2/repository/org/apache/sling/org.apache.sling.javax.activation/0.1.0/org.apache.sling.javax.activation-0.1.0.jar:/home/tbaral/.m2/repository/javax/activation/activation/1.1.1/activation-1.1.1.jar:/home/tbaral/.m2/repository/com/h2database/h2/2.1.210/h2-2.1.210.jar:./target/classes:./target/test-classes:/home/tbaral/.m2/repository/edu/gmu/swe/flaky/sleepy/sleepy-runner/0.0.4-SNAPSHOT/sleepy-runner-0.0.4-SNAPSHOT.jar' 'edu.gmu.swe.flaky.sleepy.runner.SleepyTestRunner' nl.nlighten.prometheus.tomcat.TomcatServletMetricsFilterTest#testServletRequestMetrics '<-1283386995,1>' 'info' 10000 ./sleepy-records/internal/node-nl.nlighten.prometheus.tomcat.TomcatServletMetricsFilterTest#testServletRequestMetrics-0.sleepList
INFO:root:====BEGIN Java Log====
INFO:root:TALANK: args.length: 5
TALANK: args[0]: nl.nlighten.prometheus.tomcat.TomcatServletMetricsFilterTest#testServletRequestMetrics
TALANK: args[1]: <-1283386995,1>
TALANK: args[2]: info
TALANK: args[3]: 10000
TALANK: args[4]: ./sleepy-records/internal/node-nl.nlighten.prometheus.tomcat.TomcatServletMetricsFilterTest#testServletRequestMetrics-0.sleepList
TALANK Adding line to sleep at: org/apache/tomcat/util/net/NioEndpoint$Poller:run:0
TALANK Adding line to sleep at: org/apache/tomcat/util/collections/SynchronizedQueue:size:0
TALANK Adding line to sleep at: org/apache/tomcat/util/collections/SynchronizedQueue:size:97
TALANK Adding line to sleep at: org/apache/tomcat/util/net/NioEndpoint$Poller:run:794
TALANK Adding line to sleep at: org/apache/tomcat/util/net/NioEndpoint$Poller:run:795
TALANK Adding line to sleep at: org/apache/tomcat/util/net/NioEndpoint$Poller:run:799
TALANK Adding line to sleep at: org/apache/tomcat/util/net/NioEndpoint$Poller:run:800
TALANK Adding line to sleep at: org/apache/tomcat/util/net/NioEndpoint$Poller:run:801
TALANK Adding line to sleep at: org/apache/tomcat/util/net/NioEndpoint$Poller:run:802
TALANK Adding line to sleep at: org/apache/tomcat/util/collections/SynchronizedQueue:poll:0
TALANK Adding line to sleep at: org/apache/tomcat/util/collections/SynchronizedQueue:poll:76
TALANK Adding line to sleep at: org/apache/tomcat/util/collections/SynchronizedStack:push:0
TALANK Adding line to sleep at: org/apache/tomcat/util/collections/SynchronizedStack:push:70
TALANK Adding line to sleep at: org/apache/tomcat/util/net/NioEndpoint$Poller:timeout:1024
TALANK Adding line to sleep at: org/apache/tomcat/util/net/NioEndpoint$Poller:timeout:1025
TALANK Adding line to sleep at: org/apache/tomcat/util/net/NioEndpoint$Poller:timeout:1037
TALANK Adding line to sleep at: org/apache/tomcat/util/net/NioEndpoint$Poller:timeout:1038
TALANK Adding line to sleep at: org/apache/tomcat/util/net/NioEndpoint$Poller:timeout:1039
TALANK Adding line to sleep at: org/apache/tomcat/util/net/NioEndpoint$Poller:timeout:1040
TALANK Adding line to sleep at: org/apache/tomcat/util/net/NioEndpoint$Poller:timeout:1097
TALANK Adding line to sleep at: org/apache/tomcat/util/net/NioEndpoint$Poller:timeout:1098
TALANK Adding line to sleep at: org/apache/tomcat/util/net/NioEndpoint$Poller:run:824
TALANK Adding line to sleep at: org/apache/tomcat/util/net/NioEndpoint$Poller:run:825
TALANK Adding line to sleep at: org/apache/tomcat/util/net/NioEndpoint$Poller:run:830
TALANK Adding line to sleep at: org/apache/tomcat/util/net/NioEndpoint$Poller:run:831
TALANK Adding line to sleep at: org/apache/tomcat/util/net/NioEndpoint$Poller:processKey:849
TALANK Adding line to sleep at: org/apache/tomcat/util/net/NioEndpoint$Poller:processKey:850
TALANK Adding line to sleep at: org/apache/tomcat/util/net/NioEndpoint$Poller:processKey:851
TALANK Adding line to sleep at: org/apache/tomcat/util/net/NioEndpoint$Poller:processKey:854
TALANK Adding line to sleep at: org/apache/tomcat/util/net/NioEndpoint$Poller:processKey:855
TALANK Adding line to sleep at: org/apache/tomcat/util/net/NioEndpoint$Poller:unreg:1015
TALANK Adding line to sleep at: org/apache/tomcat/util/net/NioEndpoint$Poller:unreg:1016
TALANK Adding line to sleep at: org/apache/tomcat/util/net/NioEndpoint$Poller:reg:1019
TALANK Adding line to sleep at: org/apache/tomcat/util/net/NioEndpoint$Poller:reg:1020
TALANK Adding line to sleep at: org/apache/tomcat/util/net/NioEndpoint$Poller:processKey:857
TALANK Adding line to sleep at: org/apache/tomcat/util/net/NioEndpoint$Poller:processKey:858
TALANK Adding line to sleep at: org/apache/tomcat/util/collections/SynchronizedStack:pop:0
TALANK Adding line to sleep at: org/apache/tomcat/util/collections/SynchronizedStack:pop:76
TALANK Adding line to sleep at: org/apache/tomcat/util/net/AbstractEndpoint:processSocket:1174
TALANK Adding line to sleep at: org/apache/tomcat/util/threads/ThreadPoolExecutor:execute:1400
TALANK Adding line to sleep at: org/apache/tomcat/util/threads/ThreadPoolExecutor:execute:1401
TALANK Adding line to sleep at: org/apache/tomcat/util/threads/ThreadPoolExecutor:executeInternal:1465
TALANK Adding line to sleep at: org/apache/tomcat/util/threads/ThreadPoolExecutor:executeInternal:1466
TALANK Adding line to sleep at: org/apache/tomcat/util/threads/ThreadPoolExecutor:executeInternal:1472
TALANK Adding line to sleep at: org/apache/tomcat/util/threads/ThreadPoolExecutor:getPoolSize:1975
TALANK Adding line to sleep at: org/apache/tomcat/util/threads/ThreadPoolExecutor:getPoolSize:1976
TALANK Adding line to sleep at: org/apache/tomcat/util/threads/ThreadPoolExecutor:getPoolSize:1979
TALANK Adding line to sleep at: org/apache/tomcat/util/threads/ThreadPoolExecutor:getPoolSize:1980
TALANK Adding line to sleep at: org/apache/tomcat/util/threads/ThreadPoolExecutor:getPoolSize:1982
TALANK Adding line to sleep at: org/apache/tomcat/util/threads/ThreadPoolExecutor:getPoolSize:1983
TALANK Adding line to sleep at: org/apache/tomcat/util/threads/ThreadPoolExecutor:getSubmittedCount:2074
TALANK Adding line to sleep at: org/apache/tomcat/util/threads/ThreadPoolExecutor:getSubmittedCount:2075
TALANK Adding line to sleep at: org/apache/tomcat/util/threads/TaskQueue:offer:114
TALANK Adding line to sleep at: org/apache/tomcat/util/threads/TaskQueue:offer:115
TALANK Adding line to sleep at: org/apache/tomcat/util/threads/ThreadPoolExecutor:executeInternal:1473
TALANK Adding line to sleep at: org/apache/tomcat/util/threads/ThreadPoolExecutor:executeInternal:1474
TALANK Adding line to sleep at: org/apache/tomcat/util/net/AbstractEndpoint:processSocket:1175
TALANK Adding line to sleep at: org/apache/tomcat/util/net/NioEndpoint$Poller:processKey:871
TALANK Adding line to sleep at: org/apache/tomcat/util/net/NioEndpoint$Poller:processKey:872
TALANK Adding line to sleep at: org/apache/tomcat/util/net/NioEndpoint$Poller:events:709
TALANK Adding line to sleep at: org/apache/tomcat/util/net/NioEndpoint$Poller:events:710
TALANK Adding line to sleep at: org/apache/tomcat/util/net/NioEndpoint$Poller:events:713
TALANK Adding line to sleep at: org/apache/tomcat/util/net/NioEndpoint$Poller:events:714
TALANK Adding line to sleep at: org/apache/tomcat/util/net/NioEndpoint$Poller:events:715
TALANK Adding line to sleep at: org/apache/tomcat/util/net/NioEndpoint$Poller:events:716
TALANK Adding line to sleep at: org/apache/tomcat/util/net/NioEndpoint$Poller:timeout:1045
TALANK Adding line to sleep at: org/apache/tomcat/util/net/NioEndpoint$Poller:timeout:1046
TALANK Adding line to sleep at: org/apache/tomcat/util/net/NioEndpoint$Poller:cancelledKey:761
TALANK Adding line to sleep at: org/apache/tomcat/util/net/NioEndpoint$Poller:cancelledKey:762
TALANK Adding line to sleep at: org/apache/tomcat/util/net/NioEndpoint$Poller:cancelledKey:763
TALANK Adding line to sleep at: org/apache/tomcat/util/net/NioEndpoint$Poller:cancelledKey:764
TALANK Adding line to sleep at: org/apache/tomcat/util/net/SocketWrapperBase:close:412
TALANK Adding line to sleep at: org/apache/tomcat/util/net/SocketWrapperBase:close:413
TALANK Adding line to sleep at: org/apache/tomcat/util/net/WriteBuffer:clear:47
TALANK Adding line to sleep at: org/apache/tomcat/util/net/WriteBuffer:clear:48
TALANK Adding line to sleep at: org/apache/tomcat/util/net/NioEndpoint$Poller:run:807
TALANK Adding line to sleep at: org/apache/tomcat/util/net/NioEndpoint$Poller:run:808
TALANK Adding line to sleep at: org/apache/tomcat/util/net/NioEndpoint$Poller:run:842
TALANK Adding line to sleep at: org/apache/tomcat/util/net/NioEndpoint$Poller:run:843
********TALANK requesting to junitcore ******: org.junit.internal.requests.FilterRequest@30dae81
May 14, 2025 6:53:00 PM org.apache.catalina.core.StandardService startInternal
INFO: Starting service [Tomcat]
May 14, 2025 6:53:00 PM org.apache.catalina.core.StandardEngine startInternal
INFO: Starting Servlet engine: [Apache Tomcat/9.0.58]
May 14, 2025 6:53:01 PM org.apache.coyote.AbstractProtocol init
INFO: Initializing ProtocolHandler ["http-nio-auto-1"]
May 14, 2025 6:53:01 PM org.apache.coyote.AbstractProtocol start
INFO: Starting ProtocolHandler ["http-nio-auto-1-32809"]
May 14, 2025 6:53:01 PM org.apache.coyote.AbstractProtocol pause
INFO: Pausing ProtocolHandler ["http-nio-auto-1-32809"]
May 14, 2025 6:53:01 PM org.apache.catalina.core.StandardService stopInternal
INFO: Stopping service [Tomcat]
May 14, 2025 6:53:01 PM org.apache.coyote.AbstractProtocol stop
INFO: Stopping ProtocolHandler ["http-nio-auto-1-32809"]
May 14, 2025 6:53:02 PM org.apache.tomcat.util.net.NioEndpoint stopInternal
WARNING: The pollers did not stop within the expected time
May 14, 2025 6:53:02 PM org.apache.coyote.AbstractProtocol destroy
INFO: Destroying ProtocolHandler ["http-nio-auto-1-32809"]
TALANKINFO:FromJava:OK

INFO:root:====END Java Log====
INFO:root:Kill all Java processes
INFO:root:Using timeout 195.0 minutes
INFO:root:Running command:
INFO:root:/scratch/tbaral/ase26/nod-rr/NOD-Test-Repair/flakerake/jdk1.8.0_102/bin/java -XX:+ExitOnOutOfMemoryError -Xbootclasspath/p:/home/tbaral/.m2/repository/edu/gmu/swe/flaky/sleepy/sleepy-interceptor/0.0.4-SNAPSHOT/sleepy-interceptor-0.0.4-SNAPSHOT.jar -javaagent:/home/tbaral/.m2/repository/edu/gmu/swe/flaky/sleepy/sleepy-interceptor/0.0.4-SNAPSHOT/sleepy-interceptor-0.0.4-SNAPSHOT.jar   -cp '/home/tbaral/.m2/repository/io/prometheus/simpleclient/0.15.0/simpleclient-0.15.0.jar:/home/tbaral/.m2/repository/io/prometheus/simpleclient_tracer_otel/0.15.0/simpleclient_tracer_otel-0.15.0.jar:/home/tbaral/.m2/repository/io/prometheus/simpleclient_tracer_common/0.15.0/simpleclient_tracer_common-0.15.0.jar:/home/tbaral/.m2/repository/io/prometheus/simpleclient_tracer_otel_agent/0.15.0/simpleclient_tracer_otel_agent-0.15.0.jar:/home/tbaral/.m2/repository/io/prometheus/simpleclient_servlet/0.15.0/simpleclient_servlet-0.15.0.jar:/home/tbaral/.m2/repository/io/prometheus/simpleclient_common/0.15.0/simpleclient_common-0.15.0.jar:/home/tbaral/.m2/repository/io/prometheus/simpleclient_servlet_common/0.15.0/simpleclient_servlet_common-0.15.0.jar:/home/tbaral/.m2/repository/io/prometheus/simpleclient_hotspot/0.15.0/simpleclient_hotspot-0.15.0.jar:/home/tbaral/.m2/repository/org/apache/tomcat/tomcat-catalina/9.0.58/tomcat-catalina-9.0.58.jar:/home/tbaral/.m2/repository/org/apache/tomcat/tomcat-servlet-api/9.0.58/tomcat-servlet-api-9.0.58.jar:/home/tbaral/.m2/repository/org/apache/tomcat/tomcat-jsp-api/9.0.58/tomcat-jsp-api-9.0.58.jar:/home/tbaral/.m2/repository/org/apache/tomcat/tomcat-el-api/9.0.58/tomcat-el-api-9.0.58.jar:/home/tbaral/.m2/repository/org/apache/tomcat/tomcat-juli/9.0.58/tomcat-juli-9.0.58.jar:/home/tbaral/.m2/repository/org/apache/tomcat/tomcat-annotations-api/9.0.58/tomcat-annotations-api-9.0.58.jar:/home/tbaral/.m2/repository/org/apache/tomcat/tomcat-api/9.0.58/tomcat-api-9.0.58.jar:/home/tbaral/.m2/repository/org/apache/tomcat/tomcat-jni/9.0.58/tomcat-jni-9.0.58.jar:/home/tbaral/.m2/repository/org/apache/tomcat/tomcat-coyote/9.0.58/tomcat-coyote-9.0.58.jar:/home/tbaral/.m2/repository/org/apache/tomcat/tomcat-util/9.0.58/tomcat-util-9.0.58.jar:/home/tbaral/.m2/repository/org/apache/tomcat/tomcat-util-scan/9.0.58/tomcat-util-scan-9.0.58.jar:/home/tbaral/.m2/repository/org/apache/tomcat/tomcat-jaspic-api/9.0.58/tomcat-jaspic-api-9.0.58.jar:/home/tbaral/.m2/repository/org/apache/tomcat/tomcat-jdbc/9.0.58/tomcat-jdbc-9.0.58.jar:/home/tbaral/.m2/repository/org/apache/tomcat/tomcat-dbcp/9.0.58/tomcat-dbcp-9.0.58.jar:/home/tbaral/.m2/repository/junit/junit/4.13.1/junit-4.13.1.jar:/home/tbaral/.m2/repository/org/hamcrest/hamcrest-core/1.3/hamcrest-core-1.3.jar:/home/tbaral/.m2/repository/org/apache/tomcat/embed/tomcat-embed-core/9.0.58/tomcat-embed-core-9.0.58.jar:/home/tbaral/.m2/repository/io/rest-assured/rest-assured/4.1.1/rest-assured-4.1.1.jar:/home/tbaral/.m2/repository/org/codehaus/groovy/groovy/2.5.6/groovy-2.5.6.jar:/home/tbaral/.m2/repository/org/codehaus/groovy/groovy-xml/2.5.6/groovy-xml-2.5.6.jar:/home/tbaral/.m2/repository/org/apache/httpcomponents/httpclient/4.5.3/httpclient-4.5.3.jar:/home/tbaral/.m2/repository/org/apache/httpcomponents/httpcore/4.4.6/httpcore-4.4.6.jar:/home/tbaral/.m2/repository/commons-logging/commons-logging/1.2/commons-logging-1.2.jar:/home/tbaral/.m2/repository/commons-codec/commons-codec/1.9/commons-codec-1.9.jar:/home/tbaral/.m2/repository/org/apache/httpcomponents/httpmime/4.5.3/httpmime-4.5.3.jar:/home/tbaral/.m2/repository/org/hamcrest/hamcrest/2.1/hamcrest-2.1.jar:/home/tbaral/.m2/repository/org/ccil/cowan/tagsoup/tagsoup/1.2.1/tagsoup-1.2.1.jar:/home/tbaral/.m2/repository/io/rest-assured/json-path/4.1.1/json-path-4.1.1.jar:/home/tbaral/.m2/repository/org/codehaus/groovy/groovy-json/2.5.6/groovy-json-2.5.6.jar:/home/tbaral/.m2/repository/io/rest-assured/rest-assured-common/4.1.1/rest-assured-common-4.1.1.jar:/home/tbaral/.m2/repository/io/rest-assured/xml-path/4.1.1/xml-path-4.1.1.jar:/home/tbaral/.m2/repository/org/apache/commons/commons-lang3/3.4/commons-lang3-3.4.jar:/home/tbaral/.m2/repository/javax/xml/bind/jaxb-api/2.3.1/jaxb-api-2.3.1.jar:/home/tbaral/.m2/repository/javax/activation/javax.activation-api/1.2.0/javax.activation-api-1.2.0.jar:/home/tbaral/.m2/repository/com/sun/xml/bind/jaxb-osgi/2.3.0.1/jaxb-osgi-2.3.0.1.jar:/home/tbaral/.m2/repository/org/apache/sling/org.apache.sling.javax.activation/0.1.0/org.apache.sling.javax.activation-0.1.0.jar:/home/tbaral/.m2/repository/javax/activation/activation/1.1.1/activation-1.1.1.jar:/home/tbaral/.m2/repository/com/h2database/h2/2.1.210/h2-2.1.210.jar:./target/classes:./target/test-classes:/home/tbaral/.m2/repository/edu/gmu/swe/flaky/sleepy/sleepy-runner/0.0.4-SNAPSHOT/sleepy-runner-0.0.4-SNAPSHOT.jar' 'edu.gmu.swe.flaky.sleepy.runner.SleepyTestRunner' nl.nlighten.prometheus.tomcat.TomcatServletMetricsFilterTest#testServletRequestMetrics '<-1283386995,1>' 'info' 10000 ./sleepy-records/internal/node-nl.nlighten.prometheus.tomcat.TomcatServletMetricsFilterTest#testServletRequestMetrics-0.sleepList
INFO:root:====BEGIN Java Log====
INFO:root:TALANK: args.length: 5
TALANK: args[0]: nl.nlighten.prometheus.tomcat.TomcatServletMetricsFilterTest#testServletRequestMetrics
TALANK: args[1]: <-1283386995,1>
TALANK: args[2]: info
TALANK: args[3]: 10000
TALANK: args[4]: ./sleepy-records/internal/node-nl.nlighten.prometheus.tomcat.TomcatServletMetricsFilterTest#testServletRequestMetrics-0.sleepList
TALANK Adding line to sleep at: org/apache/tomcat/util/net/NioEndpoint$Poller:run:0
TALANK Adding line to sleep at: org/apache/tomcat/util/collections/SynchronizedQueue:size:0
TALANK Adding line to sleep at: org/apache/tomcat/util/collections/SynchronizedQueue:size:97
TALANK Adding line to sleep at: org/apache/tomcat/util/net/NioEndpoint$Poller:run:794
TALANK Adding line to sleep at: org/apache/tomcat/util/net/NioEndpoint$Poller:run:795
TALANK Adding line to sleep at: org/apache/tomcat/util/net/NioEndpoint$Poller:run:799
TALANK Adding line to sleep at: org/apache/tomcat/util/net/NioEndpoint$Poller:run:800
TALANK Adding line to sleep at: org/apache/tomcat/util/net/NioEndpoint$Poller:run:801
TALANK Adding line to sleep at: org/apache/tomcat/util/net/NioEndpoint$Poller:run:802
TALANK Adding line to sleep at: org/apache/tomcat/util/collections/SynchronizedQueue:poll:0
TALANK Adding line to sleep at: org/apache/tomcat/util/collections/SynchronizedQueue:poll:76
TALANK Adding line to sleep at: org/apache/tomcat/util/collections/SynchronizedStack:push:0
TALANK Adding line to sleep at: org/apache/tomcat/util/collections/SynchronizedStack:push:70
TALANK Adding line to sleep at: org/apache/tomcat/util/net/NioEndpoint$Poller:timeout:1024
TALANK Adding line to sleep at: org/apache/tomcat/util/net/NioEndpoint$Poller:timeout:1025
TALANK Adding line to sleep at: org/apache/tomcat/util/net/NioEndpoint$Poller:timeout:1037
TALANK Adding line to sleep at: org/apache/tomcat/util/net/NioEndpoint$Poller:timeout:1038
TALANK Adding line to sleep at: org/apache/tomcat/util/net/NioEndpoint$Poller:timeout:1039
TALANK Adding line to sleep at: org/apache/tomcat/util/net/NioEndpoint$Poller:timeout:1040
TALANK Adding line to sleep at: org/apache/tomcat/util/net/NioEndpoint$Poller:timeout:1097
TALANK Adding line to sleep at: org/apache/tomcat/util/net/NioEndpoint$Poller:timeout:1098
TALANK Adding line to sleep at: org/apache/tomcat/util/net/NioEndpoint$Poller:run:824
TALANK Adding line to sleep at: org/apache/tomcat/util/net/NioEndpoint$Poller:run:825
TALANK Adding line to sleep at: org/apache/tomcat/util/net/NioEndpoint$Poller:run:830
TALANK Adding line to sleep at: org/apache/tomcat/util/net/NioEndpoint$Poller:run:831
TALANK Adding line to sleep at: org/apache/tomcat/util/net/NioEndpoint$Poller:processKey:849
TALANK Adding line to sleep at: org/apache/tomcat/util/net/NioEndpoint$Poller:processKey:850
TALANK Adding line to sleep at: org/apache/tomcat/util/net/NioEndpoint$Poller:processKey:851
TALANK Adding line to sleep at: org/apache/tomcat/util/net/NioEndpoint$Poller:processKey:854
TALANK Adding line to sleep at: org/apache/tomcat/util/net/NioEndpoint$Poller:processKey:855
TALANK Adding line to sleep at: org/apache/tomcat/util/net/NioEndpoint$Poller:unreg:1015
TALANK Adding line to sleep at: org/apache/tomcat/util/net/NioEndpoint$Poller:unreg:1016
TALANK Adding line to sleep at: org/apache/tomcat/util/net/NioEndpoint$Poller:reg:1019
TALANK Adding line to sleep at: org/apache/tomcat/util/net/NioEndpoint$Poller:reg:1020
TALANK Adding line to sleep at: org/apache/tomcat/util/net/NioEndpoint$Poller:processKey:857
TALANK Adding line to sleep at: org/apache/tomcat/util/net/NioEndpoint$Poller:processKey:858
TALANK Adding line to sleep at: org/apache/tomcat/util/collections/SynchronizedStack:pop:0
TALANK Adding line to sleep at: org/apache/tomcat/util/collections/SynchronizedStack:pop:76
TALANK Adding line to sleep at: org/apache/tomcat/util/net/AbstractEndpoint:processSocket:1174
TALANK Adding line to sleep at: org/apache/tomcat/util/threads/ThreadPoolExecutor:execute:1400
TALANK Adding line to sleep at: org/apache/tomcat/util/threads/ThreadPoolExecutor:execute:1401
TALANK Adding line to sleep at: org/apache/tomcat/util/threads/ThreadPoolExecutor:executeInternal:1465
TALANK Adding line to sleep at: org/apache/tomcat/util/threads/ThreadPoolExecutor:executeInternal:1466
TALANK Adding line to sleep at: org/apache/tomcat/util/threads/ThreadPoolExecutor:executeInternal:1472
TALANK Adding line to sleep at: org/apache/tomcat/util/threads/ThreadPoolExecutor:getPoolSize:1975
TALANK Adding line to sleep at: org/apache/tomcat/util/threads/ThreadPoolExecutor:getPoolSize:1976
TALANK Adding line to sleep at: org/apache/tomcat/util/threads/ThreadPoolExecutor:getPoolSize:1979
TALANK Adding line to sleep at: org/apache/tomcat/util/threads/ThreadPoolExecutor:getPoolSize:1980
TALANK Adding line to sleep at: org/apache/tomcat/util/threads/ThreadPoolExecutor:getPoolSize:1982
TALANK Adding line to sleep at: org/apache/tomcat/util/threads/ThreadPoolExecutor:getPoolSize:1983
TALANK Adding line to sleep at: org/apache/tomcat/util/threads/ThreadPoolExecutor:getSubmittedCount:2074
TALANK Adding line to sleep at: org/apache/tomcat/util/threads/ThreadPoolExecutor:getSubmittedCount:2075
TALANK Adding line to sleep at: org/apache/tomcat/util/threads/TaskQueue:offer:114
TALANK Adding line to sleep at: org/apache/tomcat/util/threads/TaskQueue:offer:115
TALANK Adding line to sleep at: org/apache/tomcat/util/threads/ThreadPoolExecutor:executeInternal:1473
TALANK Adding line to sleep at: org/apache/tomcat/util/threads/ThreadPoolExecutor:executeInternal:1474
TALANK Adding line to sleep at: org/apache/tomcat/util/net/AbstractEndpoint:processSocket:1175
TALANK Adding line to sleep at: org/apache/tomcat/util/net/NioEndpoint$Poller:processKey:871
TALANK Adding line to sleep at: org/apache/tomcat/util/net/NioEndpoint$Poller:processKey:872
TALANK Adding line to sleep at: org/apache/tomcat/util/net/NioEndpoint$Poller:events:709
TALANK Adding line to sleep at: org/apache/tomcat/util/net/NioEndpoint$Poller:events:710
TALANK Adding line to sleep at: org/apache/tomcat/util/net/NioEndpoint$Poller:events:713
TALANK Adding line to sleep at: org/apache/tomcat/util/net/NioEndpoint$Poller:events:714
TALANK Adding line to sleep at: org/apache/tomcat/util/net/NioEndpoint$Poller:events:715
TALANK Adding line to sleep at: org/apache/tomcat/util/net/NioEndpoint$Poller:events:716
TALANK Adding line to sleep at: org/apache/tomcat/util/net/NioEndpoint$Poller:timeout:1045
TALANK Adding line to sleep at: org/apache/tomcat/util/net/NioEndpoint$Poller:timeout:1046
TALANK Adding line to sleep at: org/apache/tomcat/util/net/NioEndpoint$Poller:cancelledKey:761
TALANK Adding line to sleep at: org/apache/tomcat/util/net/NioEndpoint$Poller:cancelledKey:762
TALANK Adding line to sleep at: org/apache/tomcat/util/net/NioEndpoint$Poller:cancelledKey:763
TALANK Adding line to sleep at: org/apache/tomcat/util/net/NioEndpoint$Poller:cancelledKey:764
TALANK Adding line to sleep at: org/apache/tomcat/util/net/SocketWrapperBase:close:412
TALANK Adding line to sleep at: org/apache/tomcat/util/net/SocketWrapperBase:close:413
TALANK Adding line to sleep at: org/apache/tomcat/util/net/WriteBuffer:clear:47
TALANK Adding line to sleep at: org/apache/tomcat/util/net/WriteBuffer:clear:48
TALANK Adding line to sleep at: org/apache/tomcat/util/net/NioEndpoint$Poller:run:807
TALANK Adding line to sleep at: org/apache/tomcat/util/net/NioEndpoint$Poller:run:808
TALANK Adding line to sleep at: org/apache/tomcat/util/net/NioEndpoint$Poller:run:842
TALANK Adding line to sleep at: org/apache/tomcat/util/net/NioEndpoint$Poller:run:843
********TALANK requesting to junitcore ******: org.junit.internal.requests.FilterRequest@30dae81
May 14, 2025 6:53:07 PM org.apache.catalina.core.StandardService startInternal
INFO: Starting service [Tomcat]
May 14, 2025 6:53:07 PM org.apache.catalina.core.StandardEngine startInternal
INFO: Starting Servlet engine: [Apache Tomcat/9.0.58]
May 14, 2025 6:53:08 PM org.apache.coyote.AbstractProtocol init
INFO: Initializing ProtocolHandler ["http-nio-auto-1"]
May 14, 2025 6:53:08 PM org.apache.coyote.AbstractProtocol start
INFO: Starting ProtocolHandler ["http-nio-auto-1-43267"]
May 14, 2025 6:53:08 PM org.apache.coyote.AbstractProtocol pause
INFO: Pausing ProtocolHandler ["http-nio-auto-1-43267"]
May 14, 2025 6:53:08 PM org.apache.catalina.core.StandardService stopInternal
INFO: Stopping service [Tomcat]
May 14, 2025 6:53:08 PM org.apache.coyote.AbstractProtocol stop
INFO: Stopping ProtocolHandler ["http-nio-auto-1-43267"]
May 14, 2025 6:53:09 PM org.apache.tomcat.util.net.NioEndpoint stopInternal
WARNING: The pollers did not stop within the expected time
May 14, 2025 6:53:09 PM org.apache.coyote.AbstractProtocol destroy
INFO: Destroying ProtocolHandler ["http-nio-auto-1-43267"]
TALANKINFO:FromJava:OK

INFO:root:====END Java Log====
INFO:root:Kill all Java processes
INFO:root:Using timeout 195.0 minutes
INFO:root:Running command:
INFO:root:/scratch/tbaral/ase26/nod-rr/NOD-Test-Repair/flakerake/jdk1.8.0_102/bin/java -XX:+ExitOnOutOfMemoryError -Xbootclasspath/p:/home/tbaral/.m2/repository/edu/gmu/swe/flaky/sleepy/sleepy-interceptor/0.0.4-SNAPSHOT/sleepy-interceptor-0.0.4-SNAPSHOT.jar -javaagent:/home/tbaral/.m2/repository/edu/gmu/swe/flaky/sleepy/sleepy-interceptor/0.0.4-SNAPSHOT/sleepy-interceptor-0.0.4-SNAPSHOT.jar   -cp '/home/tbaral/.m2/repository/io/prometheus/simpleclient/0.15.0/simpleclient-0.15.0.jar:/home/tbaral/.m2/repository/io/prometheus/simpleclient_tracer_otel/0.15.0/simpleclient_tracer_otel-0.15.0.jar:/home/tbaral/.m2/repository/io/prometheus/simpleclient_tracer_common/0.15.0/simpleclient_tracer_common-0.15.0.jar:/home/tbaral/.m2/repository/io/prometheus/simpleclient_tracer_otel_agent/0.15.0/simpleclient_tracer_otel_agent-0.15.0.jar:/home/tbaral/.m2/repository/io/prometheus/simpleclient_servlet/0.15.0/simpleclient_servlet-0.15.0.jar:/home/tbaral/.m2/repository/io/prometheus/simpleclient_common/0.15.0/simpleclient_common-0.15.0.jar:/home/tbaral/.m2/repository/io/prometheus/simpleclient_servlet_common/0.15.0/simpleclient_servlet_common-0.15.0.jar:/home/tbaral/.m2/repository/io/prometheus/simpleclient_hotspot/0.15.0/simpleclient_hotspot-0.15.0.jar:/home/tbaral/.m2/repository/org/apache/tomcat/tomcat-catalina/9.0.58/tomcat-catalina-9.0.58.jar:/home/tbaral/.m2/repository/org/apache/tomcat/tomcat-servlet-api/9.0.58/tomcat-servlet-api-9.0.58.jar:/home/tbaral/.m2/repository/org/apache/tomcat/tomcat-jsp-api/9.0.58/tomcat-jsp-api-9.0.58.jar:/home/tbaral/.m2/repository/org/apache/tomcat/tomcat-el-api/9.0.58/tomcat-el-api-9.0.58.jar:/home/tbaral/.m2/repository/org/apache/tomcat/tomcat-juli/9.0.58/tomcat-juli-9.0.58.jar:/home/tbaral/.m2/repository/org/apache/tomcat/tomcat-annotations-api/9.0.58/tomcat-annotations-api-9.0.58.jar:/home/tbaral/.m2/repository/org/apache/tomcat/tomcat-api/9.0.58/tomcat-api-9.0.58.jar:/home/tbaral/.m2/repository/org/apache/tomcat/tomcat-jni/9.0.58/tomcat-jni-9.0.58.jar:/home/tbaral/.m2/repository/org/apache/tomcat/tomcat-coyote/9.0.58/tomcat-coyote-9.0.58.jar:/home/tbaral/.m2/repository/org/apache/tomcat/tomcat-util/9.0.58/tomcat-util-9.0.58.jar:/home/tbaral/.m2/repository/org/apache/tomcat/tomcat-util-scan/9.0.58/tomcat-util-scan-9.0.58.jar:/home/tbaral/.m2/repository/org/apache/tomcat/tomcat-jaspic-api/9.0.58/tomcat-jaspic-api-9.0.58.jar:/home/tbaral/.m2/repository/org/apache/tomcat/tomcat-jdbc/9.0.58/tomcat-jdbc-9.0.58.jar:/home/tbaral/.m2/repository/org/apache/tomcat/tomcat-dbcp/9.0.58/tomcat-dbcp-9.0.58.jar:/home/tbaral/.m2/repository/junit/junit/4.13.1/junit-4.13.1.jar:/home/tbaral/.m2/repository/org/hamcrest/hamcrest-core/1.3/hamcrest-core-1.3.jar:/home/tbaral/.m2/repository/org/apache/tomcat/embed/tomcat-embed-core/9.0.58/tomcat-embed-core-9.0.58.jar:/home/tbaral/.m2/repository/io/rest-assured/rest-assured/4.1.1/rest-assured-4.1.1.jar:/home/tbaral/.m2/repository/org/codehaus/groovy/groovy/2.5.6/groovy-2.5.6.jar:/home/tbaral/.m2/repository/org/codehaus/groovy/groovy-xml/2.5.6/groovy-xml-2.5.6.jar:/home/tbaral/.m2/repository/org/apache/httpcomponents/httpclient/4.5.3/httpclient-4.5.3.jar:/home/tbaral/.m2/repository/org/apache/httpcomponents/httpcore/4.4.6/httpcore-4.4.6.jar:/home/tbaral/.m2/repository/commons-logging/commons-logging/1.2/commons-logging-1.2.jar:/home/tbaral/.m2/repository/commons-codec/commons-codec/1.9/commons-codec-1.9.jar:/home/tbaral/.m2/repository/org/apache/httpcomponents/httpmime/4.5.3/httpmime-4.5.3.jar:/home/tbaral/.m2/repository/org/hamcrest/hamcrest/2.1/hamcrest-2.1.jar:/home/tbaral/.m2/repository/org/ccil/cowan/tagsoup/tagsoup/1.2.1/tagsoup-1.2.1.jar:/home/tbaral/.m2/repository/io/rest-assured/json-path/4.1.1/json-path-4.1.1.jar:/home/tbaral/.m2/repository/org/codehaus/groovy/groovy-json/2.5.6/groovy-json-2.5.6.jar:/home/tbaral/.m2/repository/io/rest-assured/rest-assured-common/4.1.1/rest-assured-common-4.1.1.jar:/home/tbaral/.m2/repository/io/rest-assured/xml-path/4.1.1/xml-path-4.1.1.jar:/home/tbaral/.m2/repository/org/apache/commons/commons-lang3/3.4/commons-lang3-3.4.jar:/home/tbaral/.m2/repository/javax/xml/bind/jaxb-api/2.3.1/jaxb-api-2.3.1.jar:/home/tbaral/.m2/repository/javax/activation/javax.activation-api/1.2.0/javax.activation-api-1.2.0.jar:/home/tbaral/.m2/repository/com/sun/xml/bind/jaxb-osgi/2.3.0.1/jaxb-osgi-2.3.0.1.jar:/home/tbaral/.m2/repository/org/apache/sling/org.apache.sling.javax.activation/0.1.0/org.apache.sling.javax.activation-0.1.0.jar:/home/tbaral/.m2/repository/javax/activation/activation/1.1.1/activation-1.1.1.jar:/home/tbaral/.m2/repository/com/h2database/h2/2.1.210/h2-2.1.210.jar:./target/classes:./target/test-classes:/home/tbaral/.m2/repository/edu/gmu/swe/flaky/sleepy/sleepy-runner/0.0.4-SNAPSHOT/sleepy-runner-0.0.4-SNAPSHOT.jar' 'edu.gmu.swe.flaky.sleepy.runner.SleepyTestRunner' nl.nlighten.prometheus.tomcat.TomcatServletMetricsFilterTest#testServletRequestMetrics '<-1283386995,1>' 'info' 10000 ./sleepy-records/internal/node-nl.nlighten.prometheus.tomcat.TomcatServletMetricsFilterTest#testServletRequestMetrics-0.sleepList
INFO:root:====BEGIN Java Log====
INFO:root:TALANK: args.length: 5
TALANK: args[0]: nl.nlighten.prometheus.tomcat.TomcatServletMetricsFilterTest#testServletRequestMetrics
TALANK: args[1]: <-1283386995,1>
TALANK: args[2]: info
TALANK: args[3]: 10000
TALANK: args[4]: ./sleepy-records/internal/node-nl.nlighten.prometheus.tomcat.TomcatServletMetricsFilterTest#testServletRequestMetrics-0.sleepList
TALANK Adding line to sleep at: org/apache/tomcat/util/net/NioEndpoint$Poller:run:0
TALANK Adding line to sleep at: org/apache/tomcat/util/collections/SynchronizedQueue:size:0
TALANK Adding line to sleep at: org/apache/tomcat/util/collections/SynchronizedQueue:size:97
TALANK Adding line to sleep at: org/apache/tomcat/util/net/NioEndpoint$Poller:run:794
TALANK Adding line to sleep at: org/apache/tomcat/util/net/NioEndpoint$Poller:run:795
TALANK Adding line to sleep at: org/apache/tomcat/util/net/NioEndpoint$Poller:run:799
TALANK Adding line to sleep at: org/apache/tomcat/util/net/NioEndpoint$Poller:run:800
TALANK Adding line to sleep at: org/apache/tomcat/util/net/NioEndpoint$Poller:run:801
TALANK Adding line to sleep at: org/apache/tomcat/util/net/NioEndpoint$Poller:run:802
TALANK Adding line to sleep at: org/apache/tomcat/util/collections/SynchronizedQueue:poll:0
TALANK Adding line to sleep at: org/apache/tomcat/util/collections/SynchronizedQueue:poll:76
TALANK Adding line to sleep at: org/apache/tomcat/util/collections/SynchronizedStack:push:0
TALANK Adding line to sleep at: org/apache/tomcat/util/collections/SynchronizedStack:push:70
TALANK Adding line to sleep at: org/apache/tomcat/util/net/NioEndpoint$Poller:timeout:1024
TALANK Adding line to sleep at: org/apache/tomcat/util/net/NioEndpoint$Poller:timeout:1025
TALANK Adding line to sleep at: org/apache/tomcat/util/net/NioEndpoint$Poller:timeout:1037
TALANK Adding line to sleep at: org/apache/tomcat/util/net/NioEndpoint$Poller:timeout:1038
TALANK Adding line to sleep at: org/apache/tomcat/util/net/NioEndpoint$Poller:timeout:1039
TALANK Adding line to sleep at: org/apache/tomcat/util/net/NioEndpoint$Poller:timeout:1040
TALANK Adding line to sleep at: org/apache/tomcat/util/net/NioEndpoint$Poller:timeout:1097
TALANK Adding line to sleep at: org/apache/tomcat/util/net/NioEndpoint$Poller:timeout:1098
TALANK Adding line to sleep at: org/apache/tomcat/util/net/NioEndpoint$Poller:run:824
TALANK Adding line to sleep at: org/apache/tomcat/util/net/NioEndpoint$Poller:run:825
TALANK Adding line to sleep at: org/apache/tomcat/util/net/NioEndpoint$Poller:run:830
TALANK Adding line to sleep at: org/apache/tomcat/util/net/NioEndpoint$Poller:run:831
TALANK Adding line to sleep at: org/apache/tomcat/util/net/NioEndpoint$Poller:processKey:849
TALANK Adding line to sleep at: org/apache/tomcat/util/net/NioEndpoint$Poller:processKey:850
TALANK Adding line to sleep at: org/apache/tomcat/util/net/NioEndpoint$Poller:processKey:851
TALANK Adding line to sleep at: org/apache/tomcat/util/net/NioEndpoint$Poller:processKey:854
TALANK Adding line to sleep at: org/apache/tomcat/util/net/NioEndpoint$Poller:processKey:855
TALANK Adding line to sleep at: org/apache/tomcat/util/net/NioEndpoint$Poller:unreg:1015
TALANK Adding line to sleep at: org/apache/tomcat/util/net/NioEndpoint$Poller:unreg:1016
TALANK Adding line to sleep at: org/apache/tomcat/util/net/NioEndpoint$Poller:reg:1019
TALANK Adding line to sleep at: org/apache/tomcat/util/net/NioEndpoint$Poller:reg:1020
TALANK Adding line to sleep at: org/apache/tomcat/util/net/NioEndpoint$Poller:processKey:857
TALANK Adding line to sleep at: org/apache/tomcat/util/net/NioEndpoint$Poller:processKey:858
TALANK Adding line to sleep at: org/apache/tomcat/util/collections/SynchronizedStack:pop:0
TALANK Adding line to sleep at: org/apache/tomcat/util/collections/SynchronizedStack:pop:76
TALANK Adding line to sleep at: org/apache/tomcat/util/net/AbstractEndpoint:processSocket:1174
TALANK Adding line to sleep at: org/apache/tomcat/util/threads/ThreadPoolExecutor:execute:1400
TALANK Adding line to sleep at: org/apache/tomcat/util/threads/ThreadPoolExecutor:execute:1401
TALANK Adding line to sleep at: org/apache/tomcat/util/threads/ThreadPoolExecutor:executeInternal:1465
TALANK Adding line to sleep at: org/apache/tomcat/util/threads/ThreadPoolExecutor:executeInternal:1466
TALANK Adding line to sleep at: org/apache/tomcat/util/threads/ThreadPoolExecutor:executeInternal:1472
TALANK Adding line to sleep at: org/apache/tomcat/util/threads/ThreadPoolExecutor:getPoolSize:1975
TALANK Adding line to sleep at: org/apache/tomcat/util/threads/ThreadPoolExecutor:getPoolSize:1976
TALANK Adding line to sleep at: org/apache/tomcat/util/threads/ThreadPoolExecutor:getPoolSize:1979
TALANK Adding line to sleep at: org/apache/tomcat/util/threads/ThreadPoolExecutor:getPoolSize:1980
TALANK Adding line to sleep at: org/apache/tomcat/util/threads/ThreadPoolExecutor:getPoolSize:1982
TALANK Adding line to sleep at: org/apache/tomcat/util/threads/ThreadPoolExecutor:getPoolSize:1983
TALANK Adding line to sleep at: org/apache/tomcat/util/threads/ThreadPoolExecutor:getSubmittedCount:2074
TALANK Adding line to sleep at: org/apache/tomcat/util/threads/ThreadPoolExecutor:getSubmittedCount:2075
TALANK Adding line to sleep at: org/apache/tomcat/util/threads/TaskQueue:offer:114
TALANK Adding line to sleep at: org/apache/tomcat/util/threads/TaskQueue:offer:115
TALANK Adding line to sleep at: org/apache/tomcat/util/threads/ThreadPoolExecutor:executeInternal:1473
TALANK Adding line to sleep at: org/apache/tomcat/util/threads/ThreadPoolExecutor:executeInternal:1474
TALANK Adding line to sleep at: org/apache/tomcat/util/net/AbstractEndpoint:processSocket:1175
TALANK Adding line to sleep at: org/apache/tomcat/util/net/NioEndpoint$Poller:processKey:871
TALANK Adding line to sleep at: org/apache/tomcat/util/net/NioEndpoint$Poller:processKey:872
TALANK Adding line to sleep at: org/apache/tomcat/util/net/NioEndpoint$Poller:events:709
TALANK Adding line to sleep at: org/apache/tomcat/util/net/NioEndpoint$Poller:events:710
TALANK Adding line to sleep at: org/apache/tomcat/util/net/NioEndpoint$Poller:events:713
TALANK Adding line to sleep at: org/apache/tomcat/util/net/NioEndpoint$Poller:events:714
TALANK Adding line to sleep at: org/apache/tomcat/util/net/NioEndpoint$Poller:events:715
TALANK Adding line to sleep at: org/apache/tomcat/util/net/NioEndpoint$Poller:events:716
TALANK Adding line to sleep at: org/apache/tomcat/util/net/NioEndpoint$Poller:timeout:1045
TALANK Adding line to sleep at: org/apache/tomcat/util/net/NioEndpoint$Poller:timeout:1046
TALANK Adding line to sleep at: org/apache/tomcat/util/net/NioEndpoint$Poller:cancelledKey:761
TALANK Adding line to sleep at: org/apache/tomcat/util/net/NioEndpoint$Poller:cancelledKey:762
TALANK Adding line to sleep at: org/apache/tomcat/util/net/NioEndpoint$Poller:cancelledKey:763
TALANK Adding line to sleep at: org/apache/tomcat/util/net/NioEndpoint$Poller:cancelledKey:764
TALANK Adding line to sleep at: org/apache/tomcat/util/net/SocketWrapperBase:close:412
TALANK Adding line to sleep at: org/apache/tomcat/util/net/SocketWrapperBase:close:413
TALANK Adding line to sleep at: org/apache/tomcat/util/net/WriteBuffer:clear:47
TALANK Adding line to sleep at: org/apache/tomcat/util/net/WriteBuffer:clear:48
TALANK Adding line to sleep at: org/apache/tomcat/util/net/NioEndpoint$Poller:run:807
TALANK Adding line to sleep at: org/apache/tomcat/util/net/NioEndpoint$Poller:run:808
TALANK Adding line to sleep at: org/apache/tomcat/util/net/NioEndpoint$Poller:run:842
TALANK Adding line to sleep at: org/apache/tomcat/util/net/NioEndpoint$Poller:run:843
********TALANK requesting to junitcore ******: org.junit.internal.requests.FilterRequest@30dae81
May 14, 2025 6:53:14 PM org.apache.catalina.core.StandardService startInternal
INFO: Starting service [Tomcat]
May 14, 2025 6:53:14 PM org.apache.catalina.core.StandardEngine startInternal
INFO: Starting Servlet engine: [Apache Tomcat/9.0.58]
May 14, 2025 6:53:15 PM org.apache.coyote.AbstractProtocol init
INFO: Initializing ProtocolHandler ["http-nio-auto-1"]
May 14, 2025 6:53:15 PM org.apache.coyote.AbstractProtocol start
INFO: Starting ProtocolHandler ["http-nio-auto-1-44293"]
May 14, 2025 6:53:15 PM org.apache.coyote.AbstractProtocol pause
INFO: Pausing ProtocolHandler ["http-nio-auto-1-44293"]
May 14, 2025 6:53:15 PM org.apache.catalina.core.StandardService stopInternal
INFO: Stopping service [Tomcat]
May 14, 2025 6:53:15 PM org.apache.coyote.AbstractProtocol stop
INFO: Stopping ProtocolHandler ["http-nio-auto-1-44293"]
May 14, 2025 6:53:16 PM org.apache.tomcat.util.net.NioEndpoint stopInternal
WARNING: The pollers did not stop within the expected time
May 14, 2025 6:53:16 PM org.apache.coyote.AbstractProtocol destroy
INFO: Destroying ProtocolHandler ["http-nio-auto-1-44293"]
TALANKINFO:FromJava:OK

INFO:root:====END Java Log====
INFO:root:Kill all Java processes
INFO:root:Impossible to make stable failure so skipping <-1283386995,1>
INFO:root:Could not fail nl.nlighten.prometheus.tomcat.TomcatServletMetricsFilterTest#testServletRequestMetrics sleeping thread <-1283386995,1>
INFO:root:After working thread <-1283386995,1>, with 1439.0 minutes left to analyze nl.nlighten.prometheus.tomcat.TomcatServletMetricsFilterTest#testServletRequestMetrics
INFO:root:Starting analysis on thread named <-952858859,1> that is 2 out of 12
INFO:root:Initial list
INFO:root:['org/apache/tomcat/util/threads/TaskThread$WrappingRunnable:run:0\n', 'org/apache/tomcat/util/threads/TaskThread$WrappingRunnable:run:61\n', 'java/util/concurrent/FutureTask:runAndReset:300\n', 'java/util/concurrent/FutureTask:runAndReset:301\n', 'java/util/concurrent/FutureTask:runAndReset:308\n', 'org/apache/catalina/core/ContainerBase$ContainerBackgroundProcessorMonitor:run:0\n', 'org/apache/catalina/core/ContainerBase:threadStart:1294\n', 'org/apache/tomcat/util/threads/ScheduledThreadPoolExecutor:scheduleWithFixedDelay:138\n', 'java/util/concurrent/FutureTask:<init>:152\n', 'java/util/concurrent/FutureTask:<init>:153\n', 'org/apache/tomcat/util/threads/TaskThreadFactory:newThread:49\n', 'org/apache/tomcat/util/threads/TaskThreadFactory:newThread:50\n', 'org/apache/tomcat/util/threads/TaskThread:<init>:33\n', 'org/apache/tomcat/util/threads/TaskThread:<init>:34\n', 'org/apache/tomcat/util/threads/ScheduledThreadPoolExecutor:scheduleWithFixedDelay:139\n', 'org/apache/catalina/core/ContainerBase:threadStart:1295\n', 'java/util/concurrent/FutureTask:runAndReset:309\n', 'org/apache/catalina/core/StandardServer:startPeriodicLifecycleEvent:948\n', 'org/apache/tomcat/util/threads/ScheduledThreadPoolExecutor:scheduleAtFixedRate:132\n', 'org/apache/tomcat/util/threads/ScheduledThreadPoolExecutor:scheduleAtFixedRate:133\n', 'org/apache/catalina/core/StandardServer:startPeriodicLifecycleEvent:949\n', 'org/apache/coyote/AbstractProtocol:lambda$startAsyncTimeout$1:639\n', 'org/apache/coyote/AbstractProtocol:lambda$startAsyncTimeout$1:640\n', 'org/apache/tomcat/util/threads/TaskThread$WrappingRunnable:run:62\n']
INFO:root:Using timeout 67.0 minutes
INFO:root:Running command:
INFO:root:/scratch/tbaral/ase26/nod-rr/NOD-Test-Repair/flakerake/jdk1.8.0_102/bin/java -XX:+ExitOnOutOfMemoryError -Xbootclasspath/p:/home/tbaral/.m2/repository/edu/gmu/swe/flaky/sleepy/sleepy-interceptor/0.0.4-SNAPSHOT/sleepy-interceptor-0.0.4-SNAPSHOT.jar -javaagent:/home/tbaral/.m2/repository/edu/gmu/swe/flaky/sleepy/sleepy-interceptor/0.0.4-SNAPSHOT/sleepy-interceptor-0.0.4-SNAPSHOT.jar   -cp '/home/tbaral/.m2/repository/io/prometheus/simpleclient/0.15.0/simpleclient-0.15.0.jar:/home/tbaral/.m2/repository/io/prometheus/simpleclient_tracer_otel/0.15.0/simpleclient_tracer_otel-0.15.0.jar:/home/tbaral/.m2/repository/io/prometheus/simpleclient_tracer_common/0.15.0/simpleclient_tracer_common-0.15.0.jar:/home/tbaral/.m2/repository/io/prometheus/simpleclient_tracer_otel_agent/0.15.0/simpleclient_tracer_otel_agent-0.15.0.jar:/home/tbaral/.m2/repository/io/prometheus/simpleclient_servlet/0.15.0/simpleclient_servlet-0.15.0.jar:/home/tbaral/.m2/repository/io/prometheus/simpleclient_common/0.15.0/simpleclient_common-0.15.0.jar:/home/tbaral/.m2/repository/io/prometheus/simpleclient_servlet_common/0.15.0/simpleclient_servlet_common-0.15.0.jar:/home/tbaral/.m2/repository/io/prometheus/simpleclient_hotspot/0.15.0/simpleclient_hotspot-0.15.0.jar:/home/tbaral/.m2/repository/org/apache/tomcat/tomcat-catalina/9.0.58/tomcat-catalina-9.0.58.jar:/home/tbaral/.m2/repository/org/apache/tomcat/tomcat-servlet-api/9.0.58/tomcat-servlet-api-9.0.58.jar:/home/tbaral/.m2/repository/org/apache/tomcat/tomcat-jsp-api/9.0.58/tomcat-jsp-api-9.0.58.jar:/home/tbaral/.m2/repository/org/apache/tomcat/tomcat-el-api/9.0.58/tomcat-el-api-9.0.58.jar:/home/tbaral/.m2/repository/org/apache/tomcat/tomcat-juli/9.0.58/tomcat-juli-9.0.58.jar:/home/tbaral/.m2/repository/org/apache/tomcat/tomcat-annotations-api/9.0.58/tomcat-annotations-api-9.0.58.jar:/home/tbaral/.m2/repository/org/apache/tomcat/tomcat-api/9.0.58/tomcat-api-9.0.58.jar:/home/tbaral/.m2/repository/org/apache/tomcat/tomcat-jni/9.0.58/tomcat-jni-9.0.58.jar:/home/tbaral/.m2/repository/org/apache/tomcat/tomcat-coyote/9.0.58/tomcat-coyote-9.0.58.jar:/home/tbaral/.m2/repository/org/apache/tomcat/tomcat-util/9.0.58/tomcat-util-9.0.58.jar:/home/tbaral/.m2/repository/org/apache/tomcat/tomcat-util-scan/9.0.58/tomcat-util-scan-9.0.58.jar:/home/tbaral/.m2/repository/org/apache/tomcat/tomcat-jaspic-api/9.0.58/tomcat-jaspic-api-9.0.58.jar:/home/tbaral/.m2/repository/org/apache/tomcat/tomcat-jdbc/9.0.58/tomcat-jdbc-9.0.58.jar:/home/tbaral/.m2/repository/org/apache/tomcat/tomcat-dbcp/9.0.58/tomcat-dbcp-9.0.58.jar:/home/tbaral/.m2/repository/junit/junit/4.13.1/junit-4.13.1.jar:/home/tbaral/.m2/repository/org/hamcrest/hamcrest-core/1.3/hamcrest-core-1.3.jar:/home/tbaral/.m2/repository/org/apache/tomcat/embed/tomcat-embed-core/9.0.58/tomcat-embed-core-9.0.58.jar:/home/tbaral/.m2/repository/io/rest-assured/rest-assured/4.1.1/rest-assured-4.1.1.jar:/home/tbaral/.m2/repository/org/codehaus/groovy/groovy/2.5.6/groovy-2.5.6.jar:/home/tbaral/.m2/repository/org/codehaus/groovy/groovy-xml/2.5.6/groovy-xml-2.5.6.jar:/home/tbaral/.m2/repository/org/apache/httpcomponents/httpclient/4.5.3/httpclient-4.5.3.jar:/home/tbaral/.m2/repository/org/apache/httpcomponents/httpcore/4.4.6/httpcore-4.4.6.jar:/home/tbaral/.m2/repository/commons-logging/commons-logging/1.2/commons-logging-1.2.jar:/home/tbaral/.m2/repository/commons-codec/commons-codec/1.9/commons-codec-1.9.jar:/home/tbaral/.m2/repository/org/apache/httpcomponents/httpmime/4.5.3/httpmime-4.5.3.jar:/home/tbaral/.m2/repository/org/hamcrest/hamcrest/2.1/hamcrest-2.1.jar:/home/tbaral/.m2/repository/org/ccil/cowan/tagsoup/tagsoup/1.2.1/tagsoup-1.2.1.jar:/home/tbaral/.m2/repository/io/rest-assured/json-path/4.1.1/json-path-4.1.1.jar:/home/tbaral/.m2/repository/org/codehaus/groovy/groovy-json/2.5.6/groovy-json-2.5.6.jar:/home/tbaral/.m2/repository/io/rest-assured/rest-assured-common/4.1.1/rest-assured-common-4.1.1.jar:/home/tbaral/.m2/repository/io/rest-assured/xml-path/4.1.1/xml-path-4.1.1.jar:/home/tbaral/.m2/repository/org/apache/commons/commons-lang3/3.4/commons-lang3-3.4.jar:/home/tbaral/.m2/repository/javax/xml/bind/jaxb-api/2.3.1/jaxb-api-2.3.1.jar:/home/tbaral/.m2/repository/javax/activation/javax.activation-api/1.2.0/javax.activation-api-1.2.0.jar:/home/tbaral/.m2/repository/com/sun/xml/bind/jaxb-osgi/2.3.0.1/jaxb-osgi-2.3.0.1.jar:/home/tbaral/.m2/repository/org/apache/sling/org.apache.sling.javax.activation/0.1.0/org.apache.sling.javax.activation-0.1.0.jar:/home/tbaral/.m2/repository/javax/activation/activation/1.1.1/activation-1.1.1.jar:/home/tbaral/.m2/repository/com/h2database/h2/2.1.210/h2-2.1.210.jar:./target/classes:./target/test-classes:/home/tbaral/.m2/repository/edu/gmu/swe/flaky/sleepy/sleepy-runner/0.0.4-SNAPSHOT/sleepy-runner-0.0.4-SNAPSHOT.jar' 'edu.gmu.swe.flaky.sleepy.runner.SleepyTestRunner' nl.nlighten.prometheus.tomcat.TomcatServletMetricsFilterTest#testServletRequestMetrics '<-952858859,1>' 'info' 10000 ./sleepy-records/internal/node-nl.nlighten.prometheus.tomcat.TomcatServletMetricsFilterTest#testServletRequestMetrics-0.sleepList
INFO:root:====BEGIN Java Log====
INFO:root:TALANK: args.length: 5
TALANK: args[0]: nl.nlighten.prometheus.tomcat.TomcatServletMetricsFilterTest#testServletRequestMetrics
TALANK: args[1]: <-952858859,1>
TALANK: args[2]: info
TALANK: args[3]: 10000
TALANK: args[4]: ./sleepy-records/internal/node-nl.nlighten.prometheus.tomcat.TomcatServletMetricsFilterTest#testServletRequestMetrics-0.sleepList
TALANK Adding line to sleep at: org/apache/tomcat/util/threads/TaskThread$WrappingRunnable:run:0
TALANK Adding line to sleep at: org/apache/tomcat/util/threads/TaskThread$WrappingRunnable:run:61
TALANK Adding line to sleep at: java/util/concurrent/FutureTask:runAndReset:300
TALANK Adding line to sleep at: java/util/concurrent/FutureTask:runAndReset:301
TALANK Adding line to sleep at: java/util/concurrent/FutureTask:runAndReset:308
TALANK Adding line to sleep at: org/apache/catalina/core/ContainerBase$ContainerBackgroundProcessorMonitor:run:0
TALANK Adding line to sleep at: org/apache/catalina/core/ContainerBase:threadStart:1294
TALANK Adding line to sleep at: org/apache/tomcat/util/threads/ScheduledThreadPoolExecutor:scheduleWithFixedDelay:138
TALANK Adding line to sleep at: java/util/concurrent/FutureTask:<init>:152
TALANK Adding line to sleep at: java/util/concurrent/FutureTask:<init>:153
TALANK Adding line to sleep at: org/apache/tomcat/util/threads/TaskThreadFactory:newThread:49
TALANK Adding line to sleep at: org/apache/tomcat/util/threads/TaskThreadFactory:newThread:50
TALANK Adding line to sleep at: org/apache/tomcat/util/threads/TaskThread:<init>:33
TALANK Adding line to sleep at: org/apache/tomcat/util/threads/TaskThread:<init>:34
TALANK Adding line to sleep at: org/apache/tomcat/util/threads/ScheduledThreadPoolExecutor:scheduleWithFixedDelay:139
TALANK Adding line to sleep at: org/apache/catalina/core/ContainerBase:threadStart:1295
TALANK Adding line to sleep at: java/util/concurrent/FutureTask:runAndReset:309
TALANK Adding line to sleep at: org/apache/catalina/core/StandardServer:startPeriodicLifecycleEvent:948
TALANK Adding line to sleep at: org/apache/tomcat/util/threads/ScheduledThreadPoolExecutor:scheduleAtFixedRate:132
TALANK Adding line to sleep at: org/apache/tomcat/util/threads/ScheduledThreadPoolExecutor:scheduleAtFixedRate:133
TALANK Adding line to sleep at: org/apache/catalina/core/StandardServer:startPeriodicLifecycleEvent:949
TALANK Adding line to sleep at: org/apache/coyote/AbstractProtocol:lambda$startAsyncTimeout$1:639
TALANK Adding line to sleep at: org/apache/coyote/AbstractProtocol:lambda$startAsyncTimeout$1:640
TALANK Adding line to sleep at: org/apache/tomcat/util/threads/TaskThread$WrappingRunnable:run:62
********TALANK requesting to junitcore ******: org.junit.internal.requests.FilterRequest@30dae81
May 14, 2025 6:53:21 PM org.apache.catalina.core.StandardService startInternal
INFO: Starting service [Tomcat]
May 14, 2025 6:53:21 PM org.apache.catalina.core.StandardEngine startInternal
INFO: Starting Servlet engine: [Apache Tomcat/9.0.58]
May 14, 2025 6:53:22 PM org.apache.coyote.AbstractProtocol init
INFO: Initializing ProtocolHandler ["http-nio-auto-1"]
May 14, 2025 6:53:22 PM org.apache.coyote.AbstractProtocol start
INFO: Starting ProtocolHandler ["http-nio-auto-1-43443"]
May 14, 2025 6:53:22 PM org.apache.coyote.AbstractProtocol pause
INFO: Pausing ProtocolHandler ["http-nio-auto-1-43443"]
May 14, 2025 6:53:22 PM org.apache.catalina.core.StandardService stopInternal
INFO: Stopping service [Tomcat]
May 14, 2025 6:53:22 PM org.apache.coyote.AbstractProtocol stop
INFO: Stopping ProtocolHandler ["http-nio-auto-1-43443"]
May 14, 2025 6:53:22 PM org.apache.coyote.AbstractProtocol destroy
INFO: Destroying ProtocolHandler ["http-nio-auto-1-43443"]
java.lang.InterruptedException: sleep interrupted
TALANKINFO:FromJava:OK	at java.lang.Thread.sleep(Native Method)

	at edu.gmu.swe.flaky.sleepy.intercept.Wrapper.napTime(Wrapper.java:265)
	at edu.gmu.swe.flaky.sleepy.intercept.Wrapper.extraSleep(Wrapper.java:217)
	at org.apache.tomcat.util.threads.TaskThread$WrappingRunnable.run(TaskThread.java:61)
	at java.lang.Thread.run(Thread.java:745)

INFO:root:====END Java Log====
INFO:root:Kill all Java processes
INFO:root:Using timeout 67.0 minutes
INFO:root:Running command:
INFO:root:/scratch/tbaral/ase26/nod-rr/NOD-Test-Repair/flakerake/jdk1.8.0_102/bin/java -XX:+ExitOnOutOfMemoryError -Xbootclasspath/p:/home/tbaral/.m2/repository/edu/gmu/swe/flaky/sleepy/sleepy-interceptor/0.0.4-SNAPSHOT/sleepy-interceptor-0.0.4-SNAPSHOT.jar -javaagent:/home/tbaral/.m2/repository/edu/gmu/swe/flaky/sleepy/sleepy-interceptor/0.0.4-SNAPSHOT/sleepy-interceptor-0.0.4-SNAPSHOT.jar   -cp '/home/tbaral/.m2/repository/io/prometheus/simpleclient/0.15.0/simpleclient-0.15.0.jar:/home/tbaral/.m2/repository/io/prometheus/simpleclient_tracer_otel/0.15.0/simpleclient_tracer_otel-0.15.0.jar:/home/tbaral/.m2/repository/io/prometheus/simpleclient_tracer_common/0.15.0/simpleclient_tracer_common-0.15.0.jar:/home/tbaral/.m2/repository/io/prometheus/simpleclient_tracer_otel_agent/0.15.0/simpleclient_tracer_otel_agent-0.15.0.jar:/home/tbaral/.m2/repository/io/prometheus/simpleclient_servlet/0.15.0/simpleclient_servlet-0.15.0.jar:/home/tbaral/.m2/repository/io/prometheus/simpleclient_common/0.15.0/simpleclient_common-0.15.0.jar:/home/tbaral/.m2/repository/io/prometheus/simpleclient_servlet_common/0.15.0/simpleclient_servlet_common-0.15.0.jar:/home/tbaral/.m2/repository/io/prometheus/simpleclient_hotspot/0.15.0/simpleclient_hotspot-0.15.0.jar:/home/tbaral/.m2/repository/org/apache/tomcat/tomcat-catalina/9.0.58/tomcat-catalina-9.0.58.jar:/home/tbaral/.m2/repository/org/apache/tomcat/tomcat-servlet-api/9.0.58/tomcat-servlet-api-9.0.58.jar:/home/tbaral/.m2/repository/org/apache/tomcat/tomcat-jsp-api/9.0.58/tomcat-jsp-api-9.0.58.jar:/home/tbaral/.m2/repository/org/apache/tomcat/tomcat-el-api/9.0.58/tomcat-el-api-9.0.58.jar:/home/tbaral/.m2/repository/org/apache/tomcat/tomcat-juli/9.0.58/tomcat-juli-9.0.58.jar:/home/tbaral/.m2/repository/org/apache/tomcat/tomcat-annotations-api/9.0.58/tomcat-annotations-api-9.0.58.jar:/home/tbaral/.m2/repository/org/apache/tomcat/tomcat-api/9.0.58/tomcat-api-9.0.58.jar:/home/tbaral/.m2/repository/org/apache/tomcat/tomcat-jni/9.0.58/tomcat-jni-9.0.58.jar:/home/tbaral/.m2/repository/org/apache/tomcat/tomcat-coyote/9.0.58/tomcat-coyote-9.0.58.jar:/home/tbaral/.m2/repository/org/apache/tomcat/tomcat-util/9.0.58/tomcat-util-9.0.58.jar:/home/tbaral/.m2/repository/org/apache/tomcat/tomcat-util-scan/9.0.58/tomcat-util-scan-9.0.58.jar:/home/tbaral/.m2/repository/org/apache/tomcat/tomcat-jaspic-api/9.0.58/tomcat-jaspic-api-9.0.58.jar:/home/tbaral/.m2/repository/org/apache/tomcat/tomcat-jdbc/9.0.58/tomcat-jdbc-9.0.58.jar:/home/tbaral/.m2/repository/org/apache/tomcat/tomcat-dbcp/9.0.58/tomcat-dbcp-9.0.58.jar:/home/tbaral/.m2/repository/junit/junit/4.13.1/junit-4.13.1.jar:/home/tbaral/.m2/repository/org/hamcrest/hamcrest-core/1.3/hamcrest-core-1.3.jar:/home/tbaral/.m2/repository/org/apache/tomcat/embed/tomcat-embed-core/9.0.58/tomcat-embed-core-9.0.58.jar:/home/tbaral/.m2/repository/io/rest-assured/rest-assured/4.1.1/rest-assured-4.1.1.jar:/home/tbaral/.m2/repository/org/codehaus/groovy/groovy/2.5.6/groovy-2.5.6.jar:/home/tbaral/.m2/repository/org/codehaus/groovy/groovy-xml/2.5.6/groovy-xml-2.5.6.jar:/home/tbaral/.m2/repository/org/apache/httpcomponents/httpclient/4.5.3/httpclient-4.5.3.jar:/home/tbaral/.m2/repository/org/apache/httpcomponents/httpcore/4.4.6/httpcore-4.4.6.jar:/home/tbaral/.m2/repository/commons-logging/commons-logging/1.2/commons-logging-1.2.jar:/home/tbaral/.m2/repository/commons-codec/commons-codec/1.9/commons-codec-1.9.jar:/home/tbaral/.m2/repository/org/apache/httpcomponents/httpmime/4.5.3/httpmime-4.5.3.jar:/home/tbaral/.m2/repository/org/hamcrest/hamcrest/2.1/hamcrest-2.1.jar:/home/tbaral/.m2/repository/org/ccil/cowan/tagsoup/tagsoup/1.2.1/tagsoup-1.2.1.jar:/home/tbaral/.m2/repository/io/rest-assured/json-path/4.1.1/json-path-4.1.1.jar:/home/tbaral/.m2/repository/org/codehaus/groovy/groovy-json/2.5.6/groovy-json-2.5.6.jar:/home/tbaral/.m2/repository/io/rest-assured/rest-assured-common/4.1.1/rest-assured-common-4.1.1.jar:/home/tbaral/.m2/repository/io/rest-assured/xml-path/4.1.1/xml-path-4.1.1.jar:/home/tbaral/.m2/repository/org/apache/commons/commons-lang3/3.4/commons-lang3-3.4.jar:/home/tbaral/.m2/repository/javax/xml/bind/jaxb-api/2.3.1/jaxb-api-2.3.1.jar:/home/tbaral/.m2/repository/javax/activation/javax.activation-api/1.2.0/javax.activation-api-1.2.0.jar:/home/tbaral/.m2/repository/com/sun/xml/bind/jaxb-osgi/2.3.0.1/jaxb-osgi-2.3.0.1.jar:/home/tbaral/.m2/repository/org/apache/sling/org.apache.sling.javax.activation/0.1.0/org.apache.sling.javax.activation-0.1.0.jar:/home/tbaral/.m2/repository/javax/activation/activation/1.1.1/activation-1.1.1.jar:/home/tbaral/.m2/repository/com/h2database/h2/2.1.210/h2-2.1.210.jar:./target/classes:./target/test-classes:/home/tbaral/.m2/repository/edu/gmu/swe/flaky/sleepy/sleepy-runner/0.0.4-SNAPSHOT/sleepy-runner-0.0.4-SNAPSHOT.jar' 'edu.gmu.swe.flaky.sleepy.runner.SleepyTestRunner' nl.nlighten.prometheus.tomcat.TomcatServletMetricsFilterTest#testServletRequestMetrics '<-952858859,1>' 'info' 10000 ./sleepy-records/internal/node-nl.nlighten.prometheus.tomcat.TomcatServletMetricsFilterTest#testServletRequestMetrics-0.sleepList
INFO:root:====BEGIN Java Log====
INFO:root:TALANK: args.length: 5
TALANK: args[0]: nl.nlighten.prometheus.tomcat.TomcatServletMetricsFilterTest#testServletRequestMetrics
TALANK: args[1]: <-952858859,1>
TALANK: args[2]: info
TALANK: args[3]: 10000
TALANK: args[4]: ./sleepy-records/internal/node-nl.nlighten.prometheus.tomcat.TomcatServletMetricsFilterTest#testServletRequestMetrics-0.sleepList
TALANK Adding line to sleep at: org/apache/tomcat/util/threads/TaskThread$WrappingRunnable:run:0
TALANK Adding line to sleep at: org/apache/tomcat/util/threads/TaskThread$WrappingRunnable:run:61
TALANK Adding line to sleep at: java/util/concurrent/FutureTask:runAndReset:300
TALANK Adding line to sleep at: java/util/concurrent/FutureTask:runAndReset:301
TALANK Adding line to sleep at: java/util/concurrent/FutureTask:runAndReset:308
TALANK Adding line to sleep at: org/apache/catalina/core/ContainerBase$ContainerBackgroundProcessorMonitor:run:0
TALANK Adding line to sleep at: org/apache/catalina/core/ContainerBase:threadStart:1294
TALANK Adding line to sleep at: org/apache/tomcat/util/threads/ScheduledThreadPoolExecutor:scheduleWithFixedDelay:138
TALANK Adding line to sleep at: java/util/concurrent/FutureTask:<init>:152
TALANK Adding line to sleep at: java/util/concurrent/FutureTask:<init>:153
TALANK Adding line to sleep at: org/apache/tomcat/util/threads/TaskThreadFactory:newThread:49
TALANK Adding line to sleep at: org/apache/tomcat/util/threads/TaskThreadFactory:newThread:50
TALANK Adding line to sleep at: org/apache/tomcat/util/threads/TaskThread:<init>:33
TALANK Adding line to sleep at: org/apache/tomcat/util/threads/TaskThread:<init>:34
TALANK Adding line to sleep at: org/apache/tomcat/util/threads/ScheduledThreadPoolExecutor:scheduleWithFixedDelay:139
TALANK Adding line to sleep at: org/apache/catalina/core/ContainerBase:threadStart:1295
TALANK Adding line to sleep at: java/util/concurrent/FutureTask:runAndReset:309
TALANK Adding line to sleep at: org/apache/catalina/core/StandardServer:startPeriodicLifecycleEvent:948
TALANK Adding line to sleep at: org/apache/tomcat/util/threads/ScheduledThreadPoolExecutor:scheduleAtFixedRate:132
TALANK Adding line to sleep at: org/apache/tomcat/util/threads/ScheduledThreadPoolExecutor:scheduleAtFixedRate:133
TALANK Adding line to sleep at: org/apache/catalina/core/StandardServer:startPeriodicLifecycleEvent:949
TALANK Adding line to sleep at: org/apache/coyote/AbstractProtocol:lambda$startAsyncTimeout$1:639
TALANK Adding line to sleep at: org/apache/coyote/AbstractProtocol:lambda$startAsyncTimeout$1:640
TALANK Adding line to sleep at: org/apache/tomcat/util/threads/TaskThread$WrappingRunnable:run:62
********TALANK requesting to junitcore ******: org.junit.internal.requests.FilterRequest@30dae81
May 14, 2025 6:53:27 PM org.apache.catalina.core.StandardService startInternal
INFO: Starting service [Tomcat]
May 14, 2025 6:53:27 PM org.apache.catalina.core.StandardEngine startInternal
INFO: Starting Servlet engine: [Apache Tomcat/9.0.58]
May 14, 2025 6:53:27 PM org.apache.coyote.AbstractProtocol init
INFO: Initializing ProtocolHandler ["http-nio-auto-1"]
May 14, 2025 6:53:27 PM org.apache.coyote.AbstractProtocol start
INFO: Starting ProtocolHandler ["http-nio-auto-1-43967"]
May 14, 2025 6:53:27 PM org.apache.coyote.AbstractProtocol pause
INFO: Pausing ProtocolHandler ["http-nio-auto-1-43967"]
May 14, 2025 6:53:27 PM org.apache.catalina.core.StandardService stopInternal
INFO: Stopping service [Tomcat]
May 14, 2025 6:53:27 PM org.apache.coyote.AbstractProtocol stop
INFO: Stopping ProtocolHandler ["http-nio-auto-1-43967"]
May 14, 2025 6:53:27 PM org.apache.coyote.AbstractProtocol destroy
INFO: Destroying ProtocolHandler ["http-nio-auto-1-43967"]
java.lang.InterruptedException: sleep interrupted
	at java.lang.Thread.sleep(Native Method)
	at edu.gmu.swe.flaky.sleepy.intercept.Wrapper.napTime(Wrapper.java:265)
	at edu.gmu.swe.flaky.sleepy.intercept.Wrapper.extraSleep(Wrapper.java:217)
	at org.apache.tomcat.util.threads.TaskThread$WrappingRunnable.run(TaskThread.java:61)
	at java.lang.Thread.run(Thread.java:745)TALANKINFO:FromJava:OK


INFO:root:====END Java Log====
INFO:root:Kill all Java processes
INFO:root:Using timeout 67.0 minutes
INFO:root:Running command:
INFO:root:/scratch/tbaral/ase26/nod-rr/NOD-Test-Repair/flakerake/jdk1.8.0_102/bin/java -XX:+ExitOnOutOfMemoryError -Xbootclasspath/p:/home/tbaral/.m2/repository/edu/gmu/swe/flaky/sleepy/sleepy-interceptor/0.0.4-SNAPSHOT/sleepy-interceptor-0.0.4-SNAPSHOT.jar -javaagent:/home/tbaral/.m2/repository/edu/gmu/swe/flaky/sleepy/sleepy-interceptor/0.0.4-SNAPSHOT/sleepy-interceptor-0.0.4-SNAPSHOT.jar   -cp '/home/tbaral/.m2/repository/io/prometheus/simpleclient/0.15.0/simpleclient-0.15.0.jar:/home/tbaral/.m2/repository/io/prometheus/simpleclient_tracer_otel/0.15.0/simpleclient_tracer_otel-0.15.0.jar:/home/tbaral/.m2/repository/io/prometheus/simpleclient_tracer_common/0.15.0/simpleclient_tracer_common-0.15.0.jar:/home/tbaral/.m2/repository/io/prometheus/simpleclient_tracer_otel_agent/0.15.0/simpleclient_tracer_otel_agent-0.15.0.jar:/home/tbaral/.m2/repository/io/prometheus/simpleclient_servlet/0.15.0/simpleclient_servlet-0.15.0.jar:/home/tbaral/.m2/repository/io/prometheus/simpleclient_common/0.15.0/simpleclient_common-0.15.0.jar:/home/tbaral/.m2/repository/io/prometheus/simpleclient_servlet_common/0.15.0/simpleclient_servlet_common-0.15.0.jar:/home/tbaral/.m2/repository/io/prometheus/simpleclient_hotspot/0.15.0/simpleclient_hotspot-0.15.0.jar:/home/tbaral/.m2/repository/org/apache/tomcat/tomcat-catalina/9.0.58/tomcat-catalina-9.0.58.jar:/home/tbaral/.m2/repository/org/apache/tomcat/tomcat-servlet-api/9.0.58/tomcat-servlet-api-9.0.58.jar:/home/tbaral/.m2/repository/org/apache/tomcat/tomcat-jsp-api/9.0.58/tomcat-jsp-api-9.0.58.jar:/home/tbaral/.m2/repository/org/apache/tomcat/tomcat-el-api/9.0.58/tomcat-el-api-9.0.58.jar:/home/tbaral/.m2/repository/org/apache/tomcat/tomcat-juli/9.0.58/tomcat-juli-9.0.58.jar:/home/tbaral/.m2/repository/org/apache/tomcat/tomcat-annotations-api/9.0.58/tomcat-annotations-api-9.0.58.jar:/home/tbaral/.m2/repository/org/apache/tomcat/tomcat-api/9.0.58/tomcat-api-9.0.58.jar:/home/tbaral/.m2/repository/org/apache/tomcat/tomcat-jni/9.0.58/tomcat-jni-9.0.58.jar:/home/tbaral/.m2/repository/org/apache/tomcat/tomcat-coyote/9.0.58/tomcat-coyote-9.0.58.jar:/home/tbaral/.m2/repository/org/apache/tomcat/tomcat-util/9.0.58/tomcat-util-9.0.58.jar:/home/tbaral/.m2/repository/org/apache/tomcat/tomcat-util-scan/9.0.58/tomcat-util-scan-9.0.58.jar:/home/tbaral/.m2/repository/org/apache/tomcat/tomcat-jaspic-api/9.0.58/tomcat-jaspic-api-9.0.58.jar:/home/tbaral/.m2/repository/org/apache/tomcat/tomcat-jdbc/9.0.58/tomcat-jdbc-9.0.58.jar:/home/tbaral/.m2/repository/org/apache/tomcat/tomcat-dbcp/9.0.58/tomcat-dbcp-9.0.58.jar:/home/tbaral/.m2/repository/junit/junit/4.13.1/junit-4.13.1.jar:/home/tbaral/.m2/repository/org/hamcrest/hamcrest-core/1.3/hamcrest-core-1.3.jar:/home/tbaral/.m2/repository/org/apache/tomcat/embed/tomcat-embed-core/9.0.58/tomcat-embed-core-9.0.58.jar:/home/tbaral/.m2/repository/io/rest-assured/rest-assured/4.1.1/rest-assured-4.1.1.jar:/home/tbaral/.m2/repository/org/codehaus/groovy/groovy/2.5.6/groovy-2.5.6.jar:/home/tbaral/.m2/repository/org/codehaus/groovy/groovy-xml/2.5.6/groovy-xml-2.5.6.jar:/home/tbaral/.m2/repository/org/apache/httpcomponents/httpclient/4.5.3/httpclient-4.5.3.jar:/home/tbaral/.m2/repository/org/apache/httpcomponents/httpcore/4.4.6/httpcore-4.4.6.jar:/home/tbaral/.m2/repository/commons-logging/commons-logging/1.2/commons-logging-1.2.jar:/home/tbaral/.m2/repository/commons-codec/commons-codec/1.9/commons-codec-1.9.jar:/home/tbaral/.m2/repository/org/apache/httpcomponents/httpmime/4.5.3/httpmime-4.5.3.jar:/home/tbaral/.m2/repository/org/hamcrest/hamcrest/2.1/hamcrest-2.1.jar:/home/tbaral/.m2/repository/org/ccil/cowan/tagsoup/tagsoup/1.2.1/tagsoup-1.2.1.jar:/home/tbaral/.m2/repository/io/rest-assured/json-path/4.1.1/json-path-4.1.1.jar:/home/tbaral/.m2/repository/org/codehaus/groovy/groovy-json/2.5.6/groovy-json-2.5.6.jar:/home/tbaral/.m2/repository/io/rest-assured/rest-assured-common/4.1.1/rest-assured-common-4.1.1.jar:/home/tbaral/.m2/repository/io/rest-assured/xml-path/4.1.1/xml-path-4.1.1.jar:/home/tbaral/.m2/repository/org/apache/commons/commons-lang3/3.4/commons-lang3-3.4.jar:/home/tbaral/.m2/repository/javax/xml/bind/jaxb-api/2.3.1/jaxb-api-2.3.1.jar:/home/tbaral/.m2/repository/javax/activation/javax.activation-api/1.2.0/javax.activation-api-1.2.0.jar:/home/tbaral/.m2/repository/com/sun/xml/bind/jaxb-osgi/2.3.0.1/jaxb-osgi-2.3.0.1.jar:/home/tbaral/.m2/repository/org/apache/sling/org.apache.sling.javax.activation/0.1.0/org.apache.sling.javax.activation-0.1.0.jar:/home/tbaral/.m2/repository/javax/activation/activation/1.1.1/activation-1.1.1.jar:/home/tbaral/.m2/repository/com/h2database/h2/2.1.210/h2-2.1.210.jar:./target/classes:./target/test-classes:/home/tbaral/.m2/repository/edu/gmu/swe/flaky/sleepy/sleepy-runner/0.0.4-SNAPSHOT/sleepy-runner-0.0.4-SNAPSHOT.jar' 'edu.gmu.swe.flaky.sleepy.runner.SleepyTestRunner' nl.nlighten.prometheus.tomcat.TomcatServletMetricsFilterTest#testServletRequestMetrics '<-952858859,1>' 'info' 10000 ./sleepy-records/internal/node-nl.nlighten.prometheus.tomcat.TomcatServletMetricsFilterTest#testServletRequestMetrics-0.sleepList
INFO:root:====BEGIN Java Log====
INFO:root:TALANK: args.length: 5
TALANK: args[0]: nl.nlighten.prometheus.tomcat.TomcatServletMetricsFilterTest#testServletRequestMetrics
TALANK: args[1]: <-952858859,1>
TALANK: args[2]: info
TALANK: args[3]: 10000
TALANK: args[4]: ./sleepy-records/internal/node-nl.nlighten.prometheus.tomcat.TomcatServletMetricsFilterTest#testServletRequestMetrics-0.sleepList
TALANK Adding line to sleep at: org/apache/tomcat/util/threads/TaskThread$WrappingRunnable:run:0
TALANK Adding line to sleep at: org/apache/tomcat/util/threads/TaskThread$WrappingRunnable:run:61
TALANK Adding line to sleep at: java/util/concurrent/FutureTask:runAndReset:300
TALANK Adding line to sleep at: java/util/concurrent/FutureTask:runAndReset:301
TALANK Adding line to sleep at: java/util/concurrent/FutureTask:runAndReset:308
TALANK Adding line to sleep at: org/apache/catalina/core/ContainerBase$ContainerBackgroundProcessorMonitor:run:0
TALANK Adding line to sleep at: org/apache/catalina/core/ContainerBase:threadStart:1294
TALANK Adding line to sleep at: org/apache/tomcat/util/threads/ScheduledThreadPoolExecutor:scheduleWithFixedDelay:138
TALANK Adding line to sleep at: java/util/concurrent/FutureTask:<init>:152
TALANK Adding line to sleep at: java/util/concurrent/FutureTask:<init>:153
TALANK Adding line to sleep at: org/apache/tomcat/util/threads/TaskThreadFactory:newThread:49
TALANK Adding line to sleep at: org/apache/tomcat/util/threads/TaskThreadFactory:newThread:50
TALANK Adding line to sleep at: org/apache/tomcat/util/threads/TaskThread:<init>:33
TALANK Adding line to sleep at: org/apache/tomcat/util/threads/TaskThread:<init>:34
TALANK Adding line to sleep at: org/apache/tomcat/util/threads/ScheduledThreadPoolExecutor:scheduleWithFixedDelay:139
TALANK Adding line to sleep at: org/apache/catalina/core/ContainerBase:threadStart:1295
TALANK Adding line to sleep at: java/util/concurrent/FutureTask:runAndReset:309
TALANK Adding line to sleep at: org/apache/catalina/core/StandardServer:startPeriodicLifecycleEvent:948
TALANK Adding line to sleep at: org/apache/tomcat/util/threads/ScheduledThreadPoolExecutor:scheduleAtFixedRate:132
TALANK Adding line to sleep at: org/apache/tomcat/util/threads/ScheduledThreadPoolExecutor:scheduleAtFixedRate:133
TALANK Adding line to sleep at: org/apache/catalina/core/StandardServer:startPeriodicLifecycleEvent:949
TALANK Adding line to sleep at: org/apache/coyote/AbstractProtocol:lambda$startAsyncTimeout$1:639
TALANK Adding line to sleep at: org/apache/coyote/AbstractProtocol:lambda$startAsyncTimeout$1:640
TALANK Adding line to sleep at: org/apache/tomcat/util/threads/TaskThread$WrappingRunnable:run:62
********TALANK requesting to junitcore ******: org.junit.internal.requests.FilterRequest@30dae81
May 14, 2025 6:53:32 PM org.apache.catalina.core.StandardService startInternal
INFO: Starting service [Tomcat]
May 14, 2025 6:53:32 PM org.apache.catalina.core.StandardEngine startInternal
INFO: Starting Servlet engine: [Apache Tomcat/9.0.58]
May 14, 2025 6:53:33 PM org.apache.coyote.AbstractProtocol init
INFO: Initializing ProtocolHandler ["http-nio-auto-1"]
May 14, 2025 6:53:33 PM org.apache.coyote.AbstractProtocol start
INFO: Starting ProtocolHandler ["http-nio-auto-1-39793"]
May 14, 2025 6:53:33 PM org.apache.coyote.AbstractProtocol pause
INFO: Pausing ProtocolHandler ["http-nio-auto-1-39793"]
May 14, 2025 6:53:33 PM org.apache.catalina.core.StandardService stopInternal
INFO: Stopping service [Tomcat]
May 14, 2025 6:53:33 PM org.apache.coyote.AbstractProtocol stop
INFO: Stopping ProtocolHandler ["http-nio-auto-1-39793"]
May 14, 2025 6:53:33 PM org.apache.coyote.AbstractProtocol destroy
INFO: Destroying ProtocolHandler ["http-nio-auto-1-39793"]
TALANKINFO:FromJava:OK

INFO:root:====END Java Log====
INFO:root:Kill all Java processes
INFO:root:Impossible to make stable failure so skipping <-952858859,1>
INFO:root:Could not fail nl.nlighten.prometheus.tomcat.TomcatServletMetricsFilterTest#testServletRequestMetrics sleeping thread <-952858859,1>
INFO:root:After working thread <-952858859,1>, with 1439.0 minutes left to analyze nl.nlighten.prometheus.tomcat.TomcatServletMetricsFilterTest#testServletRequestMetrics
INFO:root:Starting analysis on thread named <1207327402,1> that is 3 out of 12
INFO:root:Initial list
INFO:root:['org/apache/tomcat/jdbc/pool/ConnectionPool$PoolCleaner:run:0\n']
INFO:root:Using timeout 13.0 minutes
INFO:root:Running command:
INFO:root:/scratch/tbaral/ase26/nod-rr/NOD-Test-Repair/flakerake/jdk1.8.0_102/bin/java -XX:+ExitOnOutOfMemoryError -Xbootclasspath/p:/home/tbaral/.m2/repository/edu/gmu/swe/flaky/sleepy/sleepy-interceptor/0.0.4-SNAPSHOT/sleepy-interceptor-0.0.4-SNAPSHOT.jar -javaagent:/home/tbaral/.m2/repository/edu/gmu/swe/flaky/sleepy/sleepy-interceptor/0.0.4-SNAPSHOT/sleepy-interceptor-0.0.4-SNAPSHOT.jar   -cp '/home/tbaral/.m2/repository/io/prometheus/simpleclient/0.15.0/simpleclient-0.15.0.jar:/home/tbaral/.m2/repository/io/prometheus/simpleclient_tracer_otel/0.15.0/simpleclient_tracer_otel-0.15.0.jar:/home/tbaral/.m2/repository/io/prometheus/simpleclient_tracer_common/0.15.0/simpleclient_tracer_common-0.15.0.jar:/home/tbaral/.m2/repository/io/prometheus/simpleclient_tracer_otel_agent/0.15.0/simpleclient_tracer_otel_agent-0.15.0.jar:/home/tbaral/.m2/repository/io/prometheus/simpleclient_servlet/0.15.0/simpleclient_servlet-0.15.0.jar:/home/tbaral/.m2/repository/io/prometheus/simpleclient_common/0.15.0/simpleclient_common-0.15.0.jar:/home/tbaral/.m2/repository/io/prometheus/simpleclient_servlet_common/0.15.0/simpleclient_servlet_common-0.15.0.jar:/home/tbaral/.m2/repository/io/prometheus/simpleclient_hotspot/0.15.0/simpleclient_hotspot-0.15.0.jar:/home/tbaral/.m2/repository/org/apache/tomcat/tomcat-catalina/9.0.58/tomcat-catalina-9.0.58.jar:/home/tbaral/.m2/repository/org/apache/tomcat/tomcat-servlet-api/9.0.58/tomcat-servlet-api-9.0.58.jar:/home/tbaral/.m2/repository/org/apache/tomcat/tomcat-jsp-api/9.0.58/tomcat-jsp-api-9.0.58.jar:/home/tbaral/.m2/repository/org/apache/tomcat/tomcat-el-api/9.0.58/tomcat-el-api-9.0.58.jar:/home/tbaral/.m2/repository/org/apache/tomcat/tomcat-juli/9.0.58/tomcat-juli-9.0.58.jar:/home/tbaral/.m2/repository/org/apache/tomcat/tomcat-annotations-api/9.0.58/tomcat-annotations-api-9.0.58.jar:/home/tbaral/.m2/repository/org/apache/tomcat/tomcat-api/9.0.58/tomcat-api-9.0.58.jar:/home/tbaral/.m2/repository/org/apache/tomcat/tomcat-jni/9.0.58/tomcat-jni-9.0.58.jar:/home/tbaral/.m2/repository/org/apache/tomcat/tomcat-coyote/9.0.58/tomcat-coyote-9.0.58.jar:/home/tbaral/.m2/repository/org/apache/tomcat/tomcat-util/9.0.58/tomcat-util-9.0.58.jar:/home/tbaral/.m2/repository/org/apache/tomcat/tomcat-util-scan/9.0.58/tomcat-util-scan-9.0.58.jar:/home/tbaral/.m2/repository/org/apache/tomcat/tomcat-jaspic-api/9.0.58/tomcat-jaspic-api-9.0.58.jar:/home/tbaral/.m2/repository/org/apache/tomcat/tomcat-jdbc/9.0.58/tomcat-jdbc-9.0.58.jar:/home/tbaral/.m2/repository/org/apache/tomcat/tomcat-dbcp/9.0.58/tomcat-dbcp-9.0.58.jar:/home/tbaral/.m2/repository/junit/junit/4.13.1/junit-4.13.1.jar:/home/tbaral/.m2/repository/org/hamcrest/hamcrest-core/1.3/hamcrest-core-1.3.jar:/home/tbaral/.m2/repository/org/apache/tomcat/embed/tomcat-embed-core/9.0.58/tomcat-embed-core-9.0.58.jar:/home/tbaral/.m2/repository/io/rest-assured/rest-assured/4.1.1/rest-assured-4.1.1.jar:/home/tbaral/.m2/repository/org/codehaus/groovy/groovy/2.5.6/groovy-2.5.6.jar:/home/tbaral/.m2/repository/org/codehaus/groovy/groovy-xml/2.5.6/groovy-xml-2.5.6.jar:/home/tbaral/.m2/repository/org/apache/httpcomponents/httpclient/4.5.3/httpclient-4.5.3.jar:/home/tbaral/.m2/repository/org/apache/httpcomponents/httpcore/4.4.6/httpcore-4.4.6.jar:/home/tbaral/.m2/repository/commons-logging/commons-logging/1.2/commons-logging-1.2.jar:/home/tbaral/.m2/repository/commons-codec/commons-codec/1.9/commons-codec-1.9.jar:/home/tbaral/.m2/repository/org/apache/httpcomponents/httpmime/4.5.3/httpmime-4.5.3.jar:/home/tbaral/.m2/repository/org/hamcrest/hamcrest/2.1/hamcrest-2.1.jar:/home/tbaral/.m2/repository/org/ccil/cowan/tagsoup/tagsoup/1.2.1/tagsoup-1.2.1.jar:/home/tbaral/.m2/repository/io/rest-assured/json-path/4.1.1/json-path-4.1.1.jar:/home/tbaral/.m2/repository/org/codehaus/groovy/groovy-json/2.5.6/groovy-json-2.5.6.jar:/home/tbaral/.m2/repository/io/rest-assured/rest-assured-common/4.1.1/rest-assured-common-4.1.1.jar:/home/tbaral/.m2/repository/io/rest-assured/xml-path/4.1.1/xml-path-4.1.1.jar:/home/tbaral/.m2/repository/org/apache/commons/commons-lang3/3.4/commons-lang3-3.4.jar:/home/tbaral/.m2/repository/javax/xml/bind/jaxb-api/2.3.1/jaxb-api-2.3.1.jar:/home/tbaral/.m2/repository/javax/activation/javax.activation-api/1.2.0/javax.activation-api-1.2.0.jar:/home/tbaral/.m2/repository/com/sun/xml/bind/jaxb-osgi/2.3.0.1/jaxb-osgi-2.3.0.1.jar:/home/tbaral/.m2/repository/org/apache/sling/org.apache.sling.javax.activation/0.1.0/org.apache.sling.javax.activation-0.1.0.jar:/home/tbaral/.m2/repository/javax/activation/activation/1.1.1/activation-1.1.1.jar:/home/tbaral/.m2/repository/com/h2database/h2/2.1.210/h2-2.1.210.jar:./target/classes:./target/test-classes:/home/tbaral/.m2/repository/edu/gmu/swe/flaky/sleepy/sleepy-runner/0.0.4-SNAPSHOT/sleepy-runner-0.0.4-SNAPSHOT.jar' 'edu.gmu.swe.flaky.sleepy.runner.SleepyTestRunner' nl.nlighten.prometheus.tomcat.TomcatServletMetricsFilterTest#testServletRequestMetrics '<1207327402,1>' 'info' 10000 ./sleepy-records/internal/node-nl.nlighten.prometheus.tomcat.TomcatServletMetricsFilterTest#testServletRequestMetrics-0.sleepList
INFO:root:====BEGIN Java Log====
INFO:root:TALANK: args.length: 5
TALANK: args[0]: nl.nlighten.prometheus.tomcat.TomcatServletMetricsFilterTest#testServletRequestMetrics
TALANK: args[1]: <1207327402,1>
TALANK: args[2]: info
TALANK: args[3]: 10000
TALANK: args[4]: ./sleepy-records/internal/node-nl.nlighten.prometheus.tomcat.TomcatServletMetricsFilterTest#testServletRequestMetrics-0.sleepList
TALANK Adding line to sleep at: org/apache/tomcat/jdbc/pool/ConnectionPool$PoolCleaner:run:0
********TALANK requesting to junitcore ******: org.junit.internal.requests.FilterRequest@30dae81
May 14, 2025 6:53:38 PM org.apache.catalina.core.StandardService startInternal
INFO: Starting service [Tomcat]
May 14, 2025 6:53:38 PM org.apache.catalina.core.StandardEngine startInternal
INFO: Starting Servlet engine: [Apache Tomcat/9.0.58]
May 14, 2025 6:53:38 PM org.apache.coyote.AbstractProtocol init
INFO: Initializing ProtocolHandler ["http-nio-auto-1"]
May 14, 2025 6:53:38 PM org.apache.coyote.AbstractProtocol start
INFO: Starting ProtocolHandler ["http-nio-auto-1-41727"]
May 14, 2025 6:53:38 PM org.apache.coyote.AbstractProtocol pause
INFO: Pausing ProtocolHandler ["http-nio-auto-1-41727"]
May 14, 2025 6:53:38 PM org.apache.catalina.core.StandardService stopInternal
INFO: Stopping service [Tomcat]
May 14, 2025 6:53:38 PM org.apache.coyote.AbstractProtocol stop
INFO: Stopping ProtocolHandler ["http-nio-auto-1-41727"]
May 14, 2025 6:53:38 PM org.apache.coyote.AbstractProtocol destroy
INFO: Destroying ProtocolHandler ["http-nio-auto-1-41727"]
TALANKINFO:FromJava:OK

INFO:root:====END Java Log====
INFO:root:Kill all Java processes
INFO:root:Using timeout 13.0 minutes
INFO:root:Running command:
INFO:root:/scratch/tbaral/ase26/nod-rr/NOD-Test-Repair/flakerake/jdk1.8.0_102/bin/java -XX:+ExitOnOutOfMemoryError -Xbootclasspath/p:/home/tbaral/.m2/repository/edu/gmu/swe/flaky/sleepy/sleepy-interceptor/0.0.4-SNAPSHOT/sleepy-interceptor-0.0.4-SNAPSHOT.jar -javaagent:/home/tbaral/.m2/repository/edu/gmu/swe/flaky/sleepy/sleepy-interceptor/0.0.4-SNAPSHOT/sleepy-interceptor-0.0.4-SNAPSHOT.jar   -cp '/home/tbaral/.m2/repository/io/prometheus/simpleclient/0.15.0/simpleclient-0.15.0.jar:/home/tbaral/.m2/repository/io/prometheus/simpleclient_tracer_otel/0.15.0/simpleclient_tracer_otel-0.15.0.jar:/home/tbaral/.m2/repository/io/prometheus/simpleclient_tracer_common/0.15.0/simpleclient_tracer_common-0.15.0.jar:/home/tbaral/.m2/repository/io/prometheus/simpleclient_tracer_otel_agent/0.15.0/simpleclient_tracer_otel_agent-0.15.0.jar:/home/tbaral/.m2/repository/io/prometheus/simpleclient_servlet/0.15.0/simpleclient_servlet-0.15.0.jar:/home/tbaral/.m2/repository/io/prometheus/simpleclient_common/0.15.0/simpleclient_common-0.15.0.jar:/home/tbaral/.m2/repository/io/prometheus/simpleclient_servlet_common/0.15.0/simpleclient_servlet_common-0.15.0.jar:/home/tbaral/.m2/repository/io/prometheus/simpleclient_hotspot/0.15.0/simpleclient_hotspot-0.15.0.jar:/home/tbaral/.m2/repository/org/apache/tomcat/tomcat-catalina/9.0.58/tomcat-catalina-9.0.58.jar:/home/tbaral/.m2/repository/org/apache/tomcat/tomcat-servlet-api/9.0.58/tomcat-servlet-api-9.0.58.jar:/home/tbaral/.m2/repository/org/apache/tomcat/tomcat-jsp-api/9.0.58/tomcat-jsp-api-9.0.58.jar:/home/tbaral/.m2/repository/org/apache/tomcat/tomcat-el-api/9.0.58/tomcat-el-api-9.0.58.jar:/home/tbaral/.m2/repository/org/apache/tomcat/tomcat-juli/9.0.58/tomcat-juli-9.0.58.jar:/home/tbaral/.m2/repository/org/apache/tomcat/tomcat-annotations-api/9.0.58/tomcat-annotations-api-9.0.58.jar:/home/tbaral/.m2/repository/org/apache/tomcat/tomcat-api/9.0.58/tomcat-api-9.0.58.jar:/home/tbaral/.m2/repository/org/apache/tomcat/tomcat-jni/9.0.58/tomcat-jni-9.0.58.jar:/home/tbaral/.m2/repository/org/apache/tomcat/tomcat-coyote/9.0.58/tomcat-coyote-9.0.58.jar:/home/tbaral/.m2/repository/org/apache/tomcat/tomcat-util/9.0.58/tomcat-util-9.0.58.jar:/home/tbaral/.m2/repository/org/apache/tomcat/tomcat-util-scan/9.0.58/tomcat-util-scan-9.0.58.jar:/home/tbaral/.m2/repository/org/apache/tomcat/tomcat-jaspic-api/9.0.58/tomcat-jaspic-api-9.0.58.jar:/home/tbaral/.m2/repository/org/apache/tomcat/tomcat-jdbc/9.0.58/tomcat-jdbc-9.0.58.jar:/home/tbaral/.m2/repository/org/apache/tomcat/tomcat-dbcp/9.0.58/tomcat-dbcp-9.0.58.jar:/home/tbaral/.m2/repository/junit/junit/4.13.1/junit-4.13.1.jar:/home/tbaral/.m2/repository/org/hamcrest/hamcrest-core/1.3/hamcrest-core-1.3.jar:/home/tbaral/.m2/repository/org/apache/tomcat/embed/tomcat-embed-core/9.0.58/tomcat-embed-core-9.0.58.jar:/home/tbaral/.m2/repository/io/rest-assured/rest-assured/4.1.1/rest-assured-4.1.1.jar:/home/tbaral/.m2/repository/org/codehaus/groovy/groovy/2.5.6/groovy-2.5.6.jar:/home/tbaral/.m2/repository/org/codehaus/groovy/groovy-xml/2.5.6/groovy-xml-2.5.6.jar:/home/tbaral/.m2/repository/org/apache/httpcomponents/httpclient/4.5.3/httpclient-4.5.3.jar:/home/tbaral/.m2/repository/org/apache/httpcomponents/httpcore/4.4.6/httpcore-4.4.6.jar:/home/tbaral/.m2/repository/commons-logging/commons-logging/1.2/commons-logging-1.2.jar:/home/tbaral/.m2/repository/commons-codec/commons-codec/1.9/commons-codec-1.9.jar:/home/tbaral/.m2/repository/org/apache/httpcomponents/httpmime/4.5.3/httpmime-4.5.3.jar:/home/tbaral/.m2/repository/org/hamcrest/hamcrest/2.1/hamcrest-2.1.jar:/home/tbaral/.m2/repository/org/ccil/cowan/tagsoup/tagsoup/1.2.1/tagsoup-1.2.1.jar:/home/tbaral/.m2/repository/io/rest-assured/json-path/4.1.1/json-path-4.1.1.jar:/home/tbaral/.m2/repository/org/codehaus/groovy/groovy-json/2.5.6/groovy-json-2.5.6.jar:/home/tbaral/.m2/repository/io/rest-assured/rest-assured-common/4.1.1/rest-assured-common-4.1.1.jar:/home/tbaral/.m2/repository/io/rest-assured/xml-path/4.1.1/xml-path-4.1.1.jar:/home/tbaral/.m2/repository/org/apache/commons/commons-lang3/3.4/commons-lang3-3.4.jar:/home/tbaral/.m2/repository/javax/xml/bind/jaxb-api/2.3.1/jaxb-api-2.3.1.jar:/home/tbaral/.m2/repository/javax/activation/javax.activation-api/1.2.0/javax.activation-api-1.2.0.jar:/home/tbaral/.m2/repository/com/sun/xml/bind/jaxb-osgi/2.3.0.1/jaxb-osgi-2.3.0.1.jar:/home/tbaral/.m2/repository/org/apache/sling/org.apache.sling.javax.activation/0.1.0/org.apache.sling.javax.activation-0.1.0.jar:/home/tbaral/.m2/repository/javax/activation/activation/1.1.1/activation-1.1.1.jar:/home/tbaral/.m2/repository/com/h2database/h2/2.1.210/h2-2.1.210.jar:./target/classes:./target/test-classes:/home/tbaral/.m2/repository/edu/gmu/swe/flaky/sleepy/sleepy-runner/0.0.4-SNAPSHOT/sleepy-runner-0.0.4-SNAPSHOT.jar' 'edu.gmu.swe.flaky.sleepy.runner.SleepyTestRunner' nl.nlighten.prometheus.tomcat.TomcatServletMetricsFilterTest#testServletRequestMetrics '<1207327402,1>' 'info' 10000 ./sleepy-records/internal/node-nl.nlighten.prometheus.tomcat.TomcatServletMetricsFilterTest#testServletRequestMetrics-0.sleepList
INFO:root:====BEGIN Java Log====
INFO:root:TALANK: args.length: 5
TALANK: args[0]: nl.nlighten.prometheus.tomcat.TomcatServletMetricsFilterTest#testServletRequestMetrics
TALANK: args[1]: <1207327402,1>
TALANK: args[2]: info
TALANK: args[3]: 10000
TALANK: args[4]: ./sleepy-records/internal/node-nl.nlighten.prometheus.tomcat.TomcatServletMetricsFilterTest#testServletRequestMetrics-0.sleepList
TALANK Adding line to sleep at: org/apache/tomcat/jdbc/pool/ConnectionPool$PoolCleaner:run:0
********TALANK requesting to junitcore ******: org.junit.internal.requests.FilterRequest@30dae81
May 14, 2025 6:53:43 PM org.apache.catalina.core.StandardService startInternal
INFO: Starting service [Tomcat]
May 14, 2025 6:53:43 PM org.apache.catalina.core.StandardEngine startInternal
INFO: Starting Servlet engine: [Apache Tomcat/9.0.58]
May 14, 2025 6:53:44 PM org.apache.coyote.AbstractProtocol init
INFO: Initializing ProtocolHandler ["http-nio-auto-1"]
May 14, 2025 6:53:44 PM org.apache.coyote.AbstractProtocol start
INFO: Starting ProtocolHandler ["http-nio-auto-1-43409"]
May 14, 2025 6:53:44 PM org.apache.coyote.AbstractProtocol pause
INFO: Pausing ProtocolHandler ["http-nio-auto-1-43409"]
May 14, 2025 6:53:44 PM org.apache.catalina.core.StandardService stopInternal
INFO: Stopping service [Tomcat]
May 14, 2025 6:53:44 PM org.apache.coyote.AbstractProtocol stop
INFO: Stopping ProtocolHandler ["http-nio-auto-1-43409"]
May 14, 2025 6:53:44 PM org.apache.coyote.AbstractProtocol destroy
INFO: Destroying ProtocolHandler ["http-nio-auto-1-43409"]
TALANKINFO:FromJava:OK

INFO:root:====END Java Log====
INFO:root:Kill all Java processes
INFO:root:Using timeout 13.0 minutes
INFO:root:Running command:
INFO:root:/scratch/tbaral/ase26/nod-rr/NOD-Test-Repair/flakerake/jdk1.8.0_102/bin/java -XX:+ExitOnOutOfMemoryError -Xbootclasspath/p:/home/tbaral/.m2/repository/edu/gmu/swe/flaky/sleepy/sleepy-interceptor/0.0.4-SNAPSHOT/sleepy-interceptor-0.0.4-SNAPSHOT.jar -javaagent:/home/tbaral/.m2/repository/edu/gmu/swe/flaky/sleepy/sleepy-interceptor/0.0.4-SNAPSHOT/sleepy-interceptor-0.0.4-SNAPSHOT.jar   -cp '/home/tbaral/.m2/repository/io/prometheus/simpleclient/0.15.0/simpleclient-0.15.0.jar:/home/tbaral/.m2/repository/io/prometheus/simpleclient_tracer_otel/0.15.0/simpleclient_tracer_otel-0.15.0.jar:/home/tbaral/.m2/repository/io/prometheus/simpleclient_tracer_common/0.15.0/simpleclient_tracer_common-0.15.0.jar:/home/tbaral/.m2/repository/io/prometheus/simpleclient_tracer_otel_agent/0.15.0/simpleclient_tracer_otel_agent-0.15.0.jar:/home/tbaral/.m2/repository/io/prometheus/simpleclient_servlet/0.15.0/simpleclient_servlet-0.15.0.jar:/home/tbaral/.m2/repository/io/prometheus/simpleclient_common/0.15.0/simpleclient_common-0.15.0.jar:/home/tbaral/.m2/repository/io/prometheus/simpleclient_servlet_common/0.15.0/simpleclient_servlet_common-0.15.0.jar:/home/tbaral/.m2/repository/io/prometheus/simpleclient_hotspot/0.15.0/simpleclient_hotspot-0.15.0.jar:/home/tbaral/.m2/repository/org/apache/tomcat/tomcat-catalina/9.0.58/tomcat-catalina-9.0.58.jar:/home/tbaral/.m2/repository/org/apache/tomcat/tomcat-servlet-api/9.0.58/tomcat-servlet-api-9.0.58.jar:/home/tbaral/.m2/repository/org/apache/tomcat/tomcat-jsp-api/9.0.58/tomcat-jsp-api-9.0.58.jar:/home/tbaral/.m2/repository/org/apache/tomcat/tomcat-el-api/9.0.58/tomcat-el-api-9.0.58.jar:/home/tbaral/.m2/repository/org/apache/tomcat/tomcat-juli/9.0.58/tomcat-juli-9.0.58.jar:/home/tbaral/.m2/repository/org/apache/tomcat/tomcat-annotations-api/9.0.58/tomcat-annotations-api-9.0.58.jar:/home/tbaral/.m2/repository/org/apache/tomcat/tomcat-api/9.0.58/tomcat-api-9.0.58.jar:/home/tbaral/.m2/repository/org/apache/tomcat/tomcat-jni/9.0.58/tomcat-jni-9.0.58.jar:/home/tbaral/.m2/repository/org/apache/tomcat/tomcat-coyote/9.0.58/tomcat-coyote-9.0.58.jar:/home/tbaral/.m2/repository/org/apache/tomcat/tomcat-util/9.0.58/tomcat-util-9.0.58.jar:/home/tbaral/.m2/repository/org/apache/tomcat/tomcat-util-scan/9.0.58/tomcat-util-scan-9.0.58.jar:/home/tbaral/.m2/repository/org/apache/tomcat/tomcat-jaspic-api/9.0.58/tomcat-jaspic-api-9.0.58.jar:/home/tbaral/.m2/repository/org/apache/tomcat/tomcat-jdbc/9.0.58/tomcat-jdbc-9.0.58.jar:/home/tbaral/.m2/repository/org/apache/tomcat/tomcat-dbcp/9.0.58/tomcat-dbcp-9.0.58.jar:/home/tbaral/.m2/repository/junit/junit/4.13.1/junit-4.13.1.jar:/home/tbaral/.m2/repository/org/hamcrest/hamcrest-core/1.3/hamcrest-core-1.3.jar:/home/tbaral/.m2/repository/org/apache/tomcat/embed/tomcat-embed-core/9.0.58/tomcat-embed-core-9.0.58.jar:/home/tbaral/.m2/repository/io/rest-assured/rest-assured/4.1.1/rest-assured-4.1.1.jar:/home/tbaral/.m2/repository/org/codehaus/groovy/groovy/2.5.6/groovy-2.5.6.jar:/home/tbaral/.m2/repository/org/codehaus/groovy/groovy-xml/2.5.6/groovy-xml-2.5.6.jar:/home/tbaral/.m2/repository/org/apache/httpcomponents/httpclient/4.5.3/httpclient-4.5.3.jar:/home/tbaral/.m2/repository/org/apache/httpcomponents/httpcore/4.4.6/httpcore-4.4.6.jar:/home/tbaral/.m2/repository/commons-logging/commons-logging/1.2/commons-logging-1.2.jar:/home/tbaral/.m2/repository/commons-codec/commons-codec/1.9/commons-codec-1.9.jar:/home/tbaral/.m2/repository/org/apache/httpcomponents/httpmime/4.5.3/httpmime-4.5.3.jar:/home/tbaral/.m2/repository/org/hamcrest/hamcrest/2.1/hamcrest-2.1.jar:/home/tbaral/.m2/repository/org/ccil/cowan/tagsoup/tagsoup/1.2.1/tagsoup-1.2.1.jar:/home/tbaral/.m2/repository/io/rest-assured/json-path/4.1.1/json-path-4.1.1.jar:/home/tbaral/.m2/repository/org/codehaus/groovy/groovy-json/2.5.6/groovy-json-2.5.6.jar:/home/tbaral/.m2/repository/io/rest-assured/rest-assured-common/4.1.1/rest-assured-common-4.1.1.jar:/home/tbaral/.m2/repository/io/rest-assured/xml-path/4.1.1/xml-path-4.1.1.jar:/home/tbaral/.m2/repository/org/apache/commons/commons-lang3/3.4/commons-lang3-3.4.jar:/home/tbaral/.m2/repository/javax/xml/bind/jaxb-api/2.3.1/jaxb-api-2.3.1.jar:/home/tbaral/.m2/repository/javax/activation/javax.activation-api/1.2.0/javax.activation-api-1.2.0.jar:/home/tbaral/.m2/repository/com/sun/xml/bind/jaxb-osgi/2.3.0.1/jaxb-osgi-2.3.0.1.jar:/home/tbaral/.m2/repository/org/apache/sling/org.apache.sling.javax.activation/0.1.0/org.apache.sling.javax.activation-0.1.0.jar:/home/tbaral/.m2/repository/javax/activation/activation/1.1.1/activation-1.1.1.jar:/home/tbaral/.m2/repository/com/h2database/h2/2.1.210/h2-2.1.210.jar:./target/classes:./target/test-classes:/home/tbaral/.m2/repository/edu/gmu/swe/flaky/sleepy/sleepy-runner/0.0.4-SNAPSHOT/sleepy-runner-0.0.4-SNAPSHOT.jar' 'edu.gmu.swe.flaky.sleepy.runner.SleepyTestRunner' nl.nlighten.prometheus.tomcat.TomcatServletMetricsFilterTest#testServletRequestMetrics '<1207327402,1>' 'info' 10000 ./sleepy-records/internal/node-nl.nlighten.prometheus.tomcat.TomcatServletMetricsFilterTest#testServletRequestMetrics-0.sleepList
INFO:root:====BEGIN Java Log====
INFO:root:TALANK: args.length: 5
TALANK: args[0]: nl.nlighten.prometheus.tomcat.TomcatServletMetricsFilterTest#testServletRequestMetrics
TALANK: args[1]: <1207327402,1>
TALANK: args[2]: info
TALANK: args[3]: 10000
TALANK: args[4]: ./sleepy-records/internal/node-nl.nlighten.prometheus.tomcat.TomcatServletMetricsFilterTest#testServletRequestMetrics-0.sleepList
TALANK Adding line to sleep at: org/apache/tomcat/jdbc/pool/ConnectionPool$PoolCleaner:run:0
********TALANK requesting to junitcore ******: org.junit.internal.requests.FilterRequest@30dae81
May 14, 2025 6:53:49 PM org.apache.catalina.core.StandardService startInternal
INFO: Starting service [Tomcat]
May 14, 2025 6:53:49 PM org.apache.catalina.core.StandardEngine startInternal
INFO: Starting Servlet engine: [Apache Tomcat/9.0.58]
May 14, 2025 6:53:49 PM org.apache.coyote.AbstractProtocol init
INFO: Initializing ProtocolHandler ["http-nio-auto-1"]
May 14, 2025 6:53:49 PM org.apache.coyote.AbstractProtocol start
INFO: Starting ProtocolHandler ["http-nio-auto-1-42823"]
May 14, 2025 6:53:49 PM org.apache.coyote.AbstractProtocol pause
INFO: Pausing ProtocolHandler ["http-nio-auto-1-42823"]
May 14, 2025 6:53:49 PM org.apache.catalina.core.StandardService stopInternal
INFO: Stopping service [Tomcat]
May 14, 2025 6:53:50 PM org.apache.coyote.AbstractProtocol stop
INFO: Stopping ProtocolHandler ["http-nio-auto-1-42823"]
May 14, 2025 6:53:50 PM org.apache.coyote.AbstractProtocol destroy
INFO: Destroying ProtocolHandler ["http-nio-auto-1-42823"]
TALANKINFO:FromJava:OK

INFO:root:====END Java Log====
INFO:root:Kill all Java processes
INFO:root:Impossible to make stable failure so skipping <1207327402,1>
INFO:root:Could not fail nl.nlighten.prometheus.tomcat.TomcatServletMetricsFilterTest#testServletRequestMetrics sleeping thread <1207327402,1>
INFO:root:After working thread <1207327402,1>, with 1439.0 minutes left to analyze nl.nlighten.prometheus.tomcat.TomcatServletMetricsFilterTest#testServletRequestMetrics
INFO:root:Starting analysis on thread named <1322705357,1> that is 4 out of 12
INFO:root:Initial list
INFO:root:['org/apache/tomcat/util/threads/TaskThread$WrappingRunnable:run:0\n', 'org/apache/tomcat/util/threads/TaskThread$WrappingRunnable:run:61\n', 'java/util/concurrent/FutureTask:runAndReset:300\n', 'java/util/concurrent/FutureTask:runAndReset:301\n', 'java/util/concurrent/FutureTask:runAndReset:308\n', 'org/apache/coyote/AbstractProtocol:startAsyncTimeout:637\n', 'org/apache/tomcat/util/threads/ScheduledThreadPoolExecutor:scheduleAtFixedRate:132\n', 'java/util/concurrent/FutureTask:<init>:152\n', 'java/util/concurrent/FutureTask:<init>:153\n', 'org/apache/tomcat/util/threads/ScheduledThreadPoolExecutor:scheduleAtFixedRate:133\n', 'org/apache/coyote/AbstractProtocol:startAsyncTimeout:638\n', 'java/util/concurrent/FutureTask:runAndReset:309\n', 'org/apache/tomcat/util/threads/TaskThread$WrappingRunnable:run:62\n']
INFO:root:Using timeout 41.0 minutes
INFO:root:Running command:
INFO:root:/scratch/tbaral/ase26/nod-rr/NOD-Test-Repair/flakerake/jdk1.8.0_102/bin/java -XX:+ExitOnOutOfMemoryError -Xbootclasspath/p:/home/tbaral/.m2/repository/edu/gmu/swe/flaky/sleepy/sleepy-interceptor/0.0.4-SNAPSHOT/sleepy-interceptor-0.0.4-SNAPSHOT.jar -javaagent:/home/tbaral/.m2/repository/edu/gmu/swe/flaky/sleepy/sleepy-interceptor/0.0.4-SNAPSHOT/sleepy-interceptor-0.0.4-SNAPSHOT.jar   -cp '/home/tbaral/.m2/repository/io/prometheus/simpleclient/0.15.0/simpleclient-0.15.0.jar:/home/tbaral/.m2/repository/io/prometheus/simpleclient_tracer_otel/0.15.0/simpleclient_tracer_otel-0.15.0.jar:/home/tbaral/.m2/repository/io/prometheus/simpleclient_tracer_common/0.15.0/simpleclient_tracer_common-0.15.0.jar:/home/tbaral/.m2/repository/io/prometheus/simpleclient_tracer_otel_agent/0.15.0/simpleclient_tracer_otel_agent-0.15.0.jar:/home/tbaral/.m2/repository/io/prometheus/simpleclient_servlet/0.15.0/simpleclient_servlet-0.15.0.jar:/home/tbaral/.m2/repository/io/prometheus/simpleclient_common/0.15.0/simpleclient_common-0.15.0.jar:/home/tbaral/.m2/repository/io/prometheus/simpleclient_servlet_common/0.15.0/simpleclient_servlet_common-0.15.0.jar:/home/tbaral/.m2/repository/io/prometheus/simpleclient_hotspot/0.15.0/simpleclient_hotspot-0.15.0.jar:/home/tbaral/.m2/repository/org/apache/tomcat/tomcat-catalina/9.0.58/tomcat-catalina-9.0.58.jar:/home/tbaral/.m2/repository/org/apache/tomcat/tomcat-servlet-api/9.0.58/tomcat-servlet-api-9.0.58.jar:/home/tbaral/.m2/repository/org/apache/tomcat/tomcat-jsp-api/9.0.58/tomcat-jsp-api-9.0.58.jar:/home/tbaral/.m2/repository/org/apache/tomcat/tomcat-el-api/9.0.58/tomcat-el-api-9.0.58.jar:/home/tbaral/.m2/repository/org/apache/tomcat/tomcat-juli/9.0.58/tomcat-juli-9.0.58.jar:/home/tbaral/.m2/repository/org/apache/tomcat/tomcat-annotations-api/9.0.58/tomcat-annotations-api-9.0.58.jar:/home/tbaral/.m2/repository/org/apache/tomcat/tomcat-api/9.0.58/tomcat-api-9.0.58.jar:/home/tbaral/.m2/repository/org/apache/tomcat/tomcat-jni/9.0.58/tomcat-jni-9.0.58.jar:/home/tbaral/.m2/repository/org/apache/tomcat/tomcat-coyote/9.0.58/tomcat-coyote-9.0.58.jar:/home/tbaral/.m2/repository/org/apache/tomcat/tomcat-util/9.0.58/tomcat-util-9.0.58.jar:/home/tbaral/.m2/repository/org/apache/tomcat/tomcat-util-scan/9.0.58/tomcat-util-scan-9.0.58.jar:/home/tbaral/.m2/repository/org/apache/tomcat/tomcat-jaspic-api/9.0.58/tomcat-jaspic-api-9.0.58.jar:/home/tbaral/.m2/repository/org/apache/tomcat/tomcat-jdbc/9.0.58/tomcat-jdbc-9.0.58.jar:/home/tbaral/.m2/repository/org/apache/tomcat/tomcat-dbcp/9.0.58/tomcat-dbcp-9.0.58.jar:/home/tbaral/.m2/repository/junit/junit/4.13.1/junit-4.13.1.jar:/home/tbaral/.m2/repository/org/hamcrest/hamcrest-core/1.3/hamcrest-core-1.3.jar:/home/tbaral/.m2/repository/org/apache/tomcat/embed/tomcat-embed-core/9.0.58/tomcat-embed-core-9.0.58.jar:/home/tbaral/.m2/repository/io/rest-assured/rest-assured/4.1.1/rest-assured-4.1.1.jar:/home/tbaral/.m2/repository/org/codehaus/groovy/groovy/2.5.6/groovy-2.5.6.jar:/home/tbaral/.m2/repository/org/codehaus/groovy/groovy-xml/2.5.6/groovy-xml-2.5.6.jar:/home/tbaral/.m2/repository/org/apache/httpcomponents/httpclient/4.5.3/httpclient-4.5.3.jar:/home/tbaral/.m2/repository/org/apache/httpcomponents/httpcore/4.4.6/httpcore-4.4.6.jar:/home/tbaral/.m2/repository/commons-logging/commons-logging/1.2/commons-logging-1.2.jar:/home/tbaral/.m2/repository/commons-codec/commons-codec/1.9/commons-codec-1.9.jar:/home/tbaral/.m2/repository/org/apache/httpcomponents/httpmime/4.5.3/httpmime-4.5.3.jar:/home/tbaral/.m2/repository/org/hamcrest/hamcrest/2.1/hamcrest-2.1.jar:/home/tbaral/.m2/repository/org/ccil/cowan/tagsoup/tagsoup/1.2.1/tagsoup-1.2.1.jar:/home/tbaral/.m2/repository/io/rest-assured/json-path/4.1.1/json-path-4.1.1.jar:/home/tbaral/.m2/repository/org/codehaus/groovy/groovy-json/2.5.6/groovy-json-2.5.6.jar:/home/tbaral/.m2/repository/io/rest-assured/rest-assured-common/4.1.1/rest-assured-common-4.1.1.jar:/home/tbaral/.m2/repository/io/rest-assured/xml-path/4.1.1/xml-path-4.1.1.jar:/home/tbaral/.m2/repository/org/apache/commons/commons-lang3/3.4/commons-lang3-3.4.jar:/home/tbaral/.m2/repository/javax/xml/bind/jaxb-api/2.3.1/jaxb-api-2.3.1.jar:/home/tbaral/.m2/repository/javax/activation/javax.activation-api/1.2.0/javax.activation-api-1.2.0.jar:/home/tbaral/.m2/repository/com/sun/xml/bind/jaxb-osgi/2.3.0.1/jaxb-osgi-2.3.0.1.jar:/home/tbaral/.m2/repository/org/apache/sling/org.apache.sling.javax.activation/0.1.0/org.apache.sling.javax.activation-0.1.0.jar:/home/tbaral/.m2/repository/javax/activation/activation/1.1.1/activation-1.1.1.jar:/home/tbaral/.m2/repository/com/h2database/h2/2.1.210/h2-2.1.210.jar:./target/classes:./target/test-classes:/home/tbaral/.m2/repository/edu/gmu/swe/flaky/sleepy/sleepy-runner/0.0.4-SNAPSHOT/sleepy-runner-0.0.4-SNAPSHOT.jar' 'edu.gmu.swe.flaky.sleepy.runner.SleepyTestRunner' nl.nlighten.prometheus.tomcat.TomcatServletMetricsFilterTest#testServletRequestMetrics '<1322705357,1>' 'info' 10000 ./sleepy-records/internal/node-nl.nlighten.prometheus.tomcat.TomcatServletMetricsFilterTest#testServletRequestMetrics-0.sleepList
INFO:root:====BEGIN Java Log====
INFO:root:TALANK: args.length: 5
TALANK: args[0]: nl.nlighten.prometheus.tomcat.TomcatServletMetricsFilterTest#testServletRequestMetrics
TALANK: args[1]: <1322705357,1>
TALANK: args[2]: info
TALANK: args[3]: 10000
TALANK: args[4]: ./sleepy-records/internal/node-nl.nlighten.prometheus.tomcat.TomcatServletMetricsFilterTest#testServletRequestMetrics-0.sleepList
TALANK Adding line to sleep at: org/apache/tomcat/util/threads/TaskThread$WrappingRunnable:run:0
TALANK Adding line to sleep at: org/apache/tomcat/util/threads/TaskThread$WrappingRunnable:run:61
TALANK Adding line to sleep at: java/util/concurrent/FutureTask:runAndReset:300
TALANK Adding line to sleep at: java/util/concurrent/FutureTask:runAndReset:301
TALANK Adding line to sleep at: java/util/concurrent/FutureTask:runAndReset:308
TALANK Adding line to sleep at: org/apache/coyote/AbstractProtocol:startAsyncTimeout:637
TALANK Adding line to sleep at: org/apache/tomcat/util/threads/ScheduledThreadPoolExecutor:scheduleAtFixedRate:132
TALANK Adding line to sleep at: java/util/concurrent/FutureTask:<init>:152
TALANK Adding line to sleep at: java/util/concurrent/FutureTask:<init>:153
TALANK Adding line to sleep at: org/apache/tomcat/util/threads/ScheduledThreadPoolExecutor:scheduleAtFixedRate:133
TALANK Adding line to sleep at: org/apache/coyote/AbstractProtocol:startAsyncTimeout:638
TALANK Adding line to sleep at: java/util/concurrent/FutureTask:runAndReset:309
TALANK Adding line to sleep at: org/apache/tomcat/util/threads/TaskThread$WrappingRunnable:run:62
********TALANK requesting to junitcore ******: org.junit.internal.requests.FilterRequest@30dae81
May 14, 2025 6:53:54 PM org.apache.catalina.core.StandardService startInternal
INFO: Starting service [Tomcat]
May 14, 2025 6:53:54 PM org.apache.catalina.core.StandardEngine startInternal
INFO: Starting Servlet engine: [Apache Tomcat/9.0.58]
May 14, 2025 6:53:55 PM org.apache.coyote.AbstractProtocol init
INFO: Initializing ProtocolHandler ["http-nio-auto-1"]
May 14, 2025 6:53:55 PM org.apache.coyote.AbstractProtocol start
INFO: Starting ProtocolHandler ["http-nio-auto-1-42231"]
May 14, 2025 6:53:55 PM org.apache.coyote.AbstractProtocol pause
INFO: Pausing ProtocolHandler ["http-nio-auto-1-42231"]
May 14, 2025 6:53:55 PM org.apache.catalina.core.StandardService stopInternal
INFO: Stopping service [Tomcat]
May 14, 2025 6:53:55 PM org.apache.coyote.AbstractProtocol stop
INFO: Stopping ProtocolHandler ["http-nio-auto-1-42231"]
May 14, 2025 6:53:55 PM org.apache.coyote.AbstractProtocol destroy
INFO: Destroying ProtocolHandler ["http-nio-auto-1-42231"]
TALANKINFO:FromJava:OK

INFO:root:====END Java Log====
INFO:root:Kill all Java processes
INFO:root:Using timeout 41.0 minutes
INFO:root:Running command:
INFO:root:/scratch/tbaral/ase26/nod-rr/NOD-Test-Repair/flakerake/jdk1.8.0_102/bin/java -XX:+ExitOnOutOfMemoryError -Xbootclasspath/p:/home/tbaral/.m2/repository/edu/gmu/swe/flaky/sleepy/sleepy-interceptor/0.0.4-SNAPSHOT/sleepy-interceptor-0.0.4-SNAPSHOT.jar -javaagent:/home/tbaral/.m2/repository/edu/gmu/swe/flaky/sleepy/sleepy-interceptor/0.0.4-SNAPSHOT/sleepy-interceptor-0.0.4-SNAPSHOT.jar   -cp '/home/tbaral/.m2/repository/io/prometheus/simpleclient/0.15.0/simpleclient-0.15.0.jar:/home/tbaral/.m2/repository/io/prometheus/simpleclient_tracer_otel/0.15.0/simpleclient_tracer_otel-0.15.0.jar:/home/tbaral/.m2/repository/io/prometheus/simpleclient_tracer_common/0.15.0/simpleclient_tracer_common-0.15.0.jar:/home/tbaral/.m2/repository/io/prometheus/simpleclient_tracer_otel_agent/0.15.0/simpleclient_tracer_otel_agent-0.15.0.jar:/home/tbaral/.m2/repository/io/prometheus/simpleclient_servlet/0.15.0/simpleclient_servlet-0.15.0.jar:/home/tbaral/.m2/repository/io/prometheus/simpleclient_common/0.15.0/simpleclient_common-0.15.0.jar:/home/tbaral/.m2/repository/io/prometheus/simpleclient_servlet_common/0.15.0/simpleclient_servlet_common-0.15.0.jar:/home/tbaral/.m2/repository/io/prometheus/simpleclient_hotspot/0.15.0/simpleclient_hotspot-0.15.0.jar:/home/tbaral/.m2/repository/org/apache/tomcat/tomcat-catalina/9.0.58/tomcat-catalina-9.0.58.jar:/home/tbaral/.m2/repository/org/apache/tomcat/tomcat-servlet-api/9.0.58/tomcat-servlet-api-9.0.58.jar:/home/tbaral/.m2/repository/org/apache/tomcat/tomcat-jsp-api/9.0.58/tomcat-jsp-api-9.0.58.jar:/home/tbaral/.m2/repository/org/apache/tomcat/tomcat-el-api/9.0.58/tomcat-el-api-9.0.58.jar:/home/tbaral/.m2/repository/org/apache/tomcat/tomcat-juli/9.0.58/tomcat-juli-9.0.58.jar:/home/tbaral/.m2/repository/org/apache/tomcat/tomcat-annotations-api/9.0.58/tomcat-annotations-api-9.0.58.jar:/home/tbaral/.m2/repository/org/apache/tomcat/tomcat-api/9.0.58/tomcat-api-9.0.58.jar:/home/tbaral/.m2/repository/org/apache/tomcat/tomcat-jni/9.0.58/tomcat-jni-9.0.58.jar:/home/tbaral/.m2/repository/org/apache/tomcat/tomcat-coyote/9.0.58/tomcat-coyote-9.0.58.jar:/home/tbaral/.m2/repository/org/apache/tomcat/tomcat-util/9.0.58/tomcat-util-9.0.58.jar:/home/tbaral/.m2/repository/org/apache/tomcat/tomcat-util-scan/9.0.58/tomcat-util-scan-9.0.58.jar:/home/tbaral/.m2/repository/org/apache/tomcat/tomcat-jaspic-api/9.0.58/tomcat-jaspic-api-9.0.58.jar:/home/tbaral/.m2/repository/org/apache/tomcat/tomcat-jdbc/9.0.58/tomcat-jdbc-9.0.58.jar:/home/tbaral/.m2/repository/org/apache/tomcat/tomcat-dbcp/9.0.58/tomcat-dbcp-9.0.58.jar:/home/tbaral/.m2/repository/junit/junit/4.13.1/junit-4.13.1.jar:/home/tbaral/.m2/repository/org/hamcrest/hamcrest-core/1.3/hamcrest-core-1.3.jar:/home/tbaral/.m2/repository/org/apache/tomcat/embed/tomcat-embed-core/9.0.58/tomcat-embed-core-9.0.58.jar:/home/tbaral/.m2/repository/io/rest-assured/rest-assured/4.1.1/rest-assured-4.1.1.jar:/home/tbaral/.m2/repository/org/codehaus/groovy/groovy/2.5.6/groovy-2.5.6.jar:/home/tbaral/.m2/repository/org/codehaus/groovy/groovy-xml/2.5.6/groovy-xml-2.5.6.jar:/home/tbaral/.m2/repository/org/apache/httpcomponents/httpclient/4.5.3/httpclient-4.5.3.jar:/home/tbaral/.m2/repository/org/apache/httpcomponents/httpcore/4.4.6/httpcore-4.4.6.jar:/home/tbaral/.m2/repository/commons-logging/commons-logging/1.2/commons-logging-1.2.jar:/home/tbaral/.m2/repository/commons-codec/commons-codec/1.9/commons-codec-1.9.jar:/home/tbaral/.m2/repository/org/apache/httpcomponents/httpmime/4.5.3/httpmime-4.5.3.jar:/home/tbaral/.m2/repository/org/hamcrest/hamcrest/2.1/hamcrest-2.1.jar:/home/tbaral/.m2/repository/org/ccil/cowan/tagsoup/tagsoup/1.2.1/tagsoup-1.2.1.jar:/home/tbaral/.m2/repository/io/rest-assured/json-path/4.1.1/json-path-4.1.1.jar:/home/tbaral/.m2/repository/org/codehaus/groovy/groovy-json/2.5.6/groovy-json-2.5.6.jar:/home/tbaral/.m2/repository/io/rest-assured/rest-assured-common/4.1.1/rest-assured-common-4.1.1.jar:/home/tbaral/.m2/repository/io/rest-assured/xml-path/4.1.1/xml-path-4.1.1.jar:/home/tbaral/.m2/repository/org/apache/commons/commons-lang3/3.4/commons-lang3-3.4.jar:/home/tbaral/.m2/repository/javax/xml/bind/jaxb-api/2.3.1/jaxb-api-2.3.1.jar:/home/tbaral/.m2/repository/javax/activation/javax.activation-api/1.2.0/javax.activation-api-1.2.0.jar:/home/tbaral/.m2/repository/com/sun/xml/bind/jaxb-osgi/2.3.0.1/jaxb-osgi-2.3.0.1.jar:/home/tbaral/.m2/repository/org/apache/sling/org.apache.sling.javax.activation/0.1.0/org.apache.sling.javax.activation-0.1.0.jar:/home/tbaral/.m2/repository/javax/activation/activation/1.1.1/activation-1.1.1.jar:/home/tbaral/.m2/repository/com/h2database/h2/2.1.210/h2-2.1.210.jar:./target/classes:./target/test-classes:/home/tbaral/.m2/repository/edu/gmu/swe/flaky/sleepy/sleepy-runner/0.0.4-SNAPSHOT/sleepy-runner-0.0.4-SNAPSHOT.jar' 'edu.gmu.swe.flaky.sleepy.runner.SleepyTestRunner' nl.nlighten.prometheus.tomcat.TomcatServletMetricsFilterTest#testServletRequestMetrics '<1322705357,1>' 'info' 10000 ./sleepy-records/internal/node-nl.nlighten.prometheus.tomcat.TomcatServletMetricsFilterTest#testServletRequestMetrics-0.sleepList
INFO:root:====BEGIN Java Log====
INFO:root:TALANK: args.length: 5
TALANK: args[0]: nl.nlighten.prometheus.tomcat.TomcatServletMetricsFilterTest#testServletRequestMetrics
TALANK: args[1]: <1322705357,1>
TALANK: args[2]: info
TALANK: args[3]: 10000
TALANK: args[4]: ./sleepy-records/internal/node-nl.nlighten.prometheus.tomcat.TomcatServletMetricsFilterTest#testServletRequestMetrics-0.sleepList
TALANK Adding line to sleep at: org/apache/tomcat/util/threads/TaskThread$WrappingRunnable:run:0
TALANK Adding line to sleep at: org/apache/tomcat/util/threads/TaskThread$WrappingRunnable:run:61
TALANK Adding line to sleep at: java/util/concurrent/FutureTask:runAndReset:300
TALANK Adding line to sleep at: java/util/concurrent/FutureTask:runAndReset:301
TALANK Adding line to sleep at: java/util/concurrent/FutureTask:runAndReset:308
TALANK Adding line to sleep at: org/apache/coyote/AbstractProtocol:startAsyncTimeout:637
TALANK Adding line to sleep at: org/apache/tomcat/util/threads/ScheduledThreadPoolExecutor:scheduleAtFixedRate:132
TALANK Adding line to sleep at: java/util/concurrent/FutureTask:<init>:152
TALANK Adding line to sleep at: java/util/concurrent/FutureTask:<init>:153
TALANK Adding line to sleep at: org/apache/tomcat/util/threads/ScheduledThreadPoolExecutor:scheduleAtFixedRate:133
TALANK Adding line to sleep at: org/apache/coyote/AbstractProtocol:startAsyncTimeout:638
TALANK Adding line to sleep at: java/util/concurrent/FutureTask:runAndReset:309
TALANK Adding line to sleep at: org/apache/tomcat/util/threads/TaskThread$WrappingRunnable:run:62
********TALANK requesting to junitcore ******: org.junit.internal.requests.FilterRequest@30dae81
May 14, 2025 6:54:00 PM org.apache.catalina.core.StandardService startInternal
INFO: Starting service [Tomcat]
May 14, 2025 6:54:00 PM org.apache.catalina.core.StandardEngine startInternal
INFO: Starting Servlet engine: [Apache Tomcat/9.0.58]
May 14, 2025 6:54:00 PM org.apache.coyote.AbstractProtocol init
INFO: Initializing ProtocolHandler ["http-nio-auto-1"]
May 14, 2025 6:54:00 PM org.apache.coyote.AbstractProtocol start
INFO: Starting ProtocolHandler ["http-nio-auto-1-40705"]
May 14, 2025 6:54:00 PM org.apache.coyote.AbstractProtocol pause
INFO: Pausing ProtocolHandler ["http-nio-auto-1-40705"]
May 14, 2025 6:54:00 PM org.apache.catalina.core.StandardService stopInternal
INFO: Stopping service [Tomcat]
May 14, 2025 6:54:00 PM org.apache.coyote.AbstractProtocol stop
INFO: Stopping ProtocolHandler ["http-nio-auto-1-40705"]
May 14, 2025 6:54:00 PM org.apache.coyote.AbstractProtocol destroy
INFO: Destroying ProtocolHandler ["http-nio-auto-1-40705"]
TALANKINFO:FromJava:OK

INFO:root:====END Java Log====
INFO:root:Kill all Java processes
INFO:root:Using timeout 41.0 minutes
INFO:root:Running command:
INFO:root:/scratch/tbaral/ase26/nod-rr/NOD-Test-Repair/flakerake/jdk1.8.0_102/bin/java -XX:+ExitOnOutOfMemoryError -Xbootclasspath/p:/home/tbaral/.m2/repository/edu/gmu/swe/flaky/sleepy/sleepy-interceptor/0.0.4-SNAPSHOT/sleepy-interceptor-0.0.4-SNAPSHOT.jar -javaagent:/home/tbaral/.m2/repository/edu/gmu/swe/flaky/sleepy/sleepy-interceptor/0.0.4-SNAPSHOT/sleepy-interceptor-0.0.4-SNAPSHOT.jar   -cp '/home/tbaral/.m2/repository/io/prometheus/simpleclient/0.15.0/simpleclient-0.15.0.jar:/home/tbaral/.m2/repository/io/prometheus/simpleclient_tracer_otel/0.15.0/simpleclient_tracer_otel-0.15.0.jar:/home/tbaral/.m2/repository/io/prometheus/simpleclient_tracer_common/0.15.0/simpleclient_tracer_common-0.15.0.jar:/home/tbaral/.m2/repository/io/prometheus/simpleclient_tracer_otel_agent/0.15.0/simpleclient_tracer_otel_agent-0.15.0.jar:/home/tbaral/.m2/repository/io/prometheus/simpleclient_servlet/0.15.0/simpleclient_servlet-0.15.0.jar:/home/tbaral/.m2/repository/io/prometheus/simpleclient_common/0.15.0/simpleclient_common-0.15.0.jar:/home/tbaral/.m2/repository/io/prometheus/simpleclient_servlet_common/0.15.0/simpleclient_servlet_common-0.15.0.jar:/home/tbaral/.m2/repository/io/prometheus/simpleclient_hotspot/0.15.0/simpleclient_hotspot-0.15.0.jar:/home/tbaral/.m2/repository/org/apache/tomcat/tomcat-catalina/9.0.58/tomcat-catalina-9.0.58.jar:/home/tbaral/.m2/repository/org/apache/tomcat/tomcat-servlet-api/9.0.58/tomcat-servlet-api-9.0.58.jar:/home/tbaral/.m2/repository/org/apache/tomcat/tomcat-jsp-api/9.0.58/tomcat-jsp-api-9.0.58.jar:/home/tbaral/.m2/repository/org/apache/tomcat/tomcat-el-api/9.0.58/tomcat-el-api-9.0.58.jar:/home/tbaral/.m2/repository/org/apache/tomcat/tomcat-juli/9.0.58/tomcat-juli-9.0.58.jar:/home/tbaral/.m2/repository/org/apache/tomcat/tomcat-annotations-api/9.0.58/tomcat-annotations-api-9.0.58.jar:/home/tbaral/.m2/repository/org/apache/tomcat/tomcat-api/9.0.58/tomcat-api-9.0.58.jar:/home/tbaral/.m2/repository/org/apache/tomcat/tomcat-jni/9.0.58/tomcat-jni-9.0.58.jar:/home/tbaral/.m2/repository/org/apache/tomcat/tomcat-coyote/9.0.58/tomcat-coyote-9.0.58.jar:/home/tbaral/.m2/repository/org/apache/tomcat/tomcat-util/9.0.58/tomcat-util-9.0.58.jar:/home/tbaral/.m2/repository/org/apache/tomcat/tomcat-util-scan/9.0.58/tomcat-util-scan-9.0.58.jar:/home/tbaral/.m2/repository/org/apache/tomcat/tomcat-jaspic-api/9.0.58/tomcat-jaspic-api-9.0.58.jar:/home/tbaral/.m2/repository/org/apache/tomcat/tomcat-jdbc/9.0.58/tomcat-jdbc-9.0.58.jar:/home/tbaral/.m2/repository/org/apache/tomcat/tomcat-dbcp/9.0.58/tomcat-dbcp-9.0.58.jar:/home/tbaral/.m2/repository/junit/junit/4.13.1/junit-4.13.1.jar:/home/tbaral/.m2/repository/org/hamcrest/hamcrest-core/1.3/hamcrest-core-1.3.jar:/home/tbaral/.m2/repository/org/apache/tomcat/embed/tomcat-embed-core/9.0.58/tomcat-embed-core-9.0.58.jar:/home/tbaral/.m2/repository/io/rest-assured/rest-assured/4.1.1/rest-assured-4.1.1.jar:/home/tbaral/.m2/repository/org/codehaus/groovy/groovy/2.5.6/groovy-2.5.6.jar:/home/tbaral/.m2/repository/org/codehaus/groovy/groovy-xml/2.5.6/groovy-xml-2.5.6.jar:/home/tbaral/.m2/repository/org/apache/httpcomponents/httpclient/4.5.3/httpclient-4.5.3.jar:/home/tbaral/.m2/repository/org/apache/httpcomponents/httpcore/4.4.6/httpcore-4.4.6.jar:/home/tbaral/.m2/repository/commons-logging/commons-logging/1.2/commons-logging-1.2.jar:/home/tbaral/.m2/repository/commons-codec/commons-codec/1.9/commons-codec-1.9.jar:/home/tbaral/.m2/repository/org/apache/httpcomponents/httpmime/4.5.3/httpmime-4.5.3.jar:/home/tbaral/.m2/repository/org/hamcrest/hamcrest/2.1/hamcrest-2.1.jar:/home/tbaral/.m2/repository/org/ccil/cowan/tagsoup/tagsoup/1.2.1/tagsoup-1.2.1.jar:/home/tbaral/.m2/repository/io/rest-assured/json-path/4.1.1/json-path-4.1.1.jar:/home/tbaral/.m2/repository/org/codehaus/groovy/groovy-json/2.5.6/groovy-json-2.5.6.jar:/home/tbaral/.m2/repository/io/rest-assured/rest-assured-common/4.1.1/rest-assured-common-4.1.1.jar:/home/tbaral/.m2/repository/io/rest-assured/xml-path/4.1.1/xml-path-4.1.1.jar:/home/tbaral/.m2/repository/org/apache/commons/commons-lang3/3.4/commons-lang3-3.4.jar:/home/tbaral/.m2/repository/javax/xml/bind/jaxb-api/2.3.1/jaxb-api-2.3.1.jar:/home/tbaral/.m2/repository/javax/activation/javax.activation-api/1.2.0/javax.activation-api-1.2.0.jar:/home/tbaral/.m2/repository/com/sun/xml/bind/jaxb-osgi/2.3.0.1/jaxb-osgi-2.3.0.1.jar:/home/tbaral/.m2/repository/org/apache/sling/org.apache.sling.javax.activation/0.1.0/org.apache.sling.javax.activation-0.1.0.jar:/home/tbaral/.m2/repository/javax/activation/activation/1.1.1/activation-1.1.1.jar:/home/tbaral/.m2/repository/com/h2database/h2/2.1.210/h2-2.1.210.jar:./target/classes:./target/test-classes:/home/tbaral/.m2/repository/edu/gmu/swe/flaky/sleepy/sleepy-runner/0.0.4-SNAPSHOT/sleepy-runner-0.0.4-SNAPSHOT.jar' 'edu.gmu.swe.flaky.sleepy.runner.SleepyTestRunner' nl.nlighten.prometheus.tomcat.TomcatServletMetricsFilterTest#testServletRequestMetrics '<1322705357,1>' 'info' 10000 ./sleepy-records/internal/node-nl.nlighten.prometheus.tomcat.TomcatServletMetricsFilterTest#testServletRequestMetrics-0.sleepList
INFO:root:====BEGIN Java Log====
INFO:root:TALANK: args.length: 5
TALANK: args[0]: nl.nlighten.prometheus.tomcat.TomcatServletMetricsFilterTest#testServletRequestMetrics
TALANK: args[1]: <1322705357,1>
TALANK: args[2]: info
TALANK: args[3]: 10000
TALANK: args[4]: ./sleepy-records/internal/node-nl.nlighten.prometheus.tomcat.TomcatServletMetricsFilterTest#testServletRequestMetrics-0.sleepList
TALANK Adding line to sleep at: org/apache/tomcat/util/threads/TaskThread$WrappingRunnable:run:0
TALANK Adding line to sleep at: org/apache/tomcat/util/threads/TaskThread$WrappingRunnable:run:61
TALANK Adding line to sleep at: java/util/concurrent/FutureTask:runAndReset:300
TALANK Adding line to sleep at: java/util/concurrent/FutureTask:runAndReset:301
TALANK Adding line to sleep at: java/util/concurrent/FutureTask:runAndReset:308
TALANK Adding line to sleep at: org/apache/coyote/AbstractProtocol:startAsyncTimeout:637
TALANK Adding line to sleep at: org/apache/tomcat/util/threads/ScheduledThreadPoolExecutor:scheduleAtFixedRate:132
TALANK Adding line to sleep at: java/util/concurrent/FutureTask:<init>:152
TALANK Adding line to sleep at: java/util/concurrent/FutureTask:<init>:153
TALANK Adding line to sleep at: org/apache/tomcat/util/threads/ScheduledThreadPoolExecutor:scheduleAtFixedRate:133
TALANK Adding line to sleep at: org/apache/coyote/AbstractProtocol:startAsyncTimeout:638
TALANK Adding line to sleep at: java/util/concurrent/FutureTask:runAndReset:309
TALANK Adding line to sleep at: org/apache/tomcat/util/threads/TaskThread$WrappingRunnable:run:62
********TALANK requesting to junitcore ******: org.junit.internal.requests.FilterRequest@30dae81
May 14, 2025 6:54:05 PM org.apache.catalina.core.StandardService startInternal
INFO: Starting service [Tomcat]
May 14, 2025 6:54:05 PM org.apache.catalina.core.StandardEngine startInternal
INFO: Starting Servlet engine: [Apache Tomcat/9.0.58]
May 14, 2025 6:54:05 PM org.apache.coyote.AbstractProtocol init
INFO: Initializing ProtocolHandler ["http-nio-auto-1"]
May 14, 2025 6:54:06 PM org.apache.coyote.AbstractProtocol start
INFO: Starting ProtocolHandler ["http-nio-auto-1-37463"]
May 14, 2025 6:54:06 PM org.apache.coyote.AbstractProtocol pause
INFO: Pausing ProtocolHandler ["http-nio-auto-1-37463"]
May 14, 2025 6:54:06 PM org.apache.catalina.core.StandardService stopInternal
INFO: Stopping service [Tomcat]
May 14, 2025 6:54:06 PM org.apache.coyote.AbstractProtocol stop
INFO: Stopping ProtocolHandler ["http-nio-auto-1-37463"]
May 14, 2025 6:54:06 PM org.apache.coyote.AbstractProtocol destroy
INFO: Destroying ProtocolHandler ["http-nio-auto-1-37463"]
TALANKINFO:FromJava:OK

INFO:root:====END Java Log====
INFO:root:Kill all Java processes
INFO:root:Impossible to make stable failure so skipping <1322705357,1>
INFO:root:Could not fail nl.nlighten.prometheus.tomcat.TomcatServletMetricsFilterTest#testServletRequestMetrics sleeping thread <1322705357,1>
INFO:root:After working thread <1322705357,1>, with 1438.0 minutes left to analyze nl.nlighten.prometheus.tomcat.TomcatServletMetricsFilterTest#testServletRequestMetrics
INFO:root:Starting analysis on thread named <1590468110,1> that is 5 out of 12
INFO:root:Initial list
INFO:root:['org/h2/engine/OnExitDatabaseCloser:run:0\n', 'org/h2/engine/OnExitDatabaseCloser:onShutdown:79\n', 'org/h2/engine/OnExitDatabaseCloser:onShutdown:81\n', 'org/h2/engine/Database:close:1142\n', 'org/h2/engine/Database:close:1143\n', 'org/h2/engine/Database:closeImpl:1158\n', 'org/h2/engine/Database:closeAllSessionsExcept:0\n', 'org/h2/engine/SessionLocal:transitionToState:1215\n', 'org/h2/engine/SessionLocal:transitionToState:1216\n', 'org/h2/engine/SessionLocal:transitionToState:1217\n', 'org/h2/engine/SessionLocal:transitionToState:1218\n', 'org/h2/engine/SessionLocal:close:859\n', 'org/h2/engine/SessionLocal:close:860\n', 'org/h2/mvstore/MVStore:isBackgroundThread:3418\n', 'org/h2/mvstore/MVStore:isBackgroundThread:3419\n', 'org/h2/engine/Database:throwLastBackgroundException:1796\n', 'org/h2/engine/Database:throwLastBackgroundException:1797\n', 'org/h2/mvstore/db/MVTable:unlock:307\n', 'org/h2/mvstore/db/MVTable:unlock:308\n', 'org/h2/engine/Database:removeSession:0\n', 'org/h2/engine/Database:removeSession:1064\n', 'org/h2/engine/Database:removeSession:1065\n', 'org/h2/engine/Database:removeSession:1083\n', 'org/h2/engine/Database:findSetting:986\n', 'org/h2/engine/Database:findSetting:987\n', 'org/h2/engine/Database:closeAllSessionsExcept:1099\n', 'org/h2/engine/Database:closeAllSessionsExcept:1100\n', 'org/h2/engine/Database:closeAllSessionsExcept:1108\n', 'org/h2/engine/Database:closeAllSessionsExcept:1109\n', 'org/h2/engine/Database:closeAllSessionsExcept:1112\n', 'org/h2/engine/Database:closeAllSessionsExcept:1113\n', 'org/h2/engine/SessionLocal:isClosed:1152\n', 'org/h2/engine/SessionLocal:isClosed:1153\n', 'org/h2/engine/Database:closeImpl:1160\n', 'org/h2/engine/Database:closeAllSessionsExcept:1133\n', 'org/h2/engine/Database:closeImpl:1187\n', 'org/h2/engine/Database:closeImpl:1192\n', 'org/h2/engine/Database:closeImpl:1193\n', 'org/h2/schema/Schema:getAllTablesAndViews:724\n', 'org/h2/schema/Schema:getAllTablesAndViews:725\n', 'org/h2/engine/Database:closeImpl:1201\n', 'org/h2/engine/Database:closeImpl:1202\n', 'org/h2/schema/Schema:getAllSequences:710\n', 'org/h2/schema/Schema:getAllSequences:711\n', 'org/h2/engine/Database:closeImpl:1207\n', 'org/h2/engine/Database:closeImpl:1208\n', 'org/h2/schema/Schema:getAllTriggers:714\n', 'org/h2/schema/Schema:getAllTriggers:715\n', 'org/h2/engine/Database:closeOpenFilesAndUnlock:0\n', 'org/h2/engine/Database:closeOpenFilesAndUnlock:1298\n', 'org/h2/message/TraceSystem:closeWriter:0\n', 'org/h2/message/TraceSystem:closeWriter:336\n', 'org/h2/engine/OnExitDatabaseCloser:unregister:0\n', 'org/h2/engine/OnExitDatabaseCloser:unregister:63\n', 'org/h2/engine/Engine:close:330\n', 'org/h2/engine/Engine:close:332\n']
INFO:root:Using timeout 141.0 minutes
INFO:root:Running command:
INFO:root:/scratch/tbaral/ase26/nod-rr/NOD-Test-Repair/flakerake/jdk1.8.0_102/bin/java -XX:+ExitOnOutOfMemoryError -Xbootclasspath/p:/home/tbaral/.m2/repository/edu/gmu/swe/flaky/sleepy/sleepy-interceptor/0.0.4-SNAPSHOT/sleepy-interceptor-0.0.4-SNAPSHOT.jar -javaagent:/home/tbaral/.m2/repository/edu/gmu/swe/flaky/sleepy/sleepy-interceptor/0.0.4-SNAPSHOT/sleepy-interceptor-0.0.4-SNAPSHOT.jar   -cp '/home/tbaral/.m2/repository/io/prometheus/simpleclient/0.15.0/simpleclient-0.15.0.jar:/home/tbaral/.m2/repository/io/prometheus/simpleclient_tracer_otel/0.15.0/simpleclient_tracer_otel-0.15.0.jar:/home/tbaral/.m2/repository/io/prometheus/simpleclient_tracer_common/0.15.0/simpleclient_tracer_common-0.15.0.jar:/home/tbaral/.m2/repository/io/prometheus/simpleclient_tracer_otel_agent/0.15.0/simpleclient_tracer_otel_agent-0.15.0.jar:/home/tbaral/.m2/repository/io/prometheus/simpleclient_servlet/0.15.0/simpleclient_servlet-0.15.0.jar:/home/tbaral/.m2/repository/io/prometheus/simpleclient_common/0.15.0/simpleclient_common-0.15.0.jar:/home/tbaral/.m2/repository/io/prometheus/simpleclient_servlet_common/0.15.0/simpleclient_servlet_common-0.15.0.jar:/home/tbaral/.m2/repository/io/prometheus/simpleclient_hotspot/0.15.0/simpleclient_hotspot-0.15.0.jar:/home/tbaral/.m2/repository/org/apache/tomcat/tomcat-catalina/9.0.58/tomcat-catalina-9.0.58.jar:/home/tbaral/.m2/repository/org/apache/tomcat/tomcat-servlet-api/9.0.58/tomcat-servlet-api-9.0.58.jar:/home/tbaral/.m2/repository/org/apache/tomcat/tomcat-jsp-api/9.0.58/tomcat-jsp-api-9.0.58.jar:/home/tbaral/.m2/repository/org/apache/tomcat/tomcat-el-api/9.0.58/tomcat-el-api-9.0.58.jar:/home/tbaral/.m2/repository/org/apache/tomcat/tomcat-juli/9.0.58/tomcat-juli-9.0.58.jar:/home/tbaral/.m2/repository/org/apache/tomcat/tomcat-annotations-api/9.0.58/tomcat-annotations-api-9.0.58.jar:/home/tbaral/.m2/repository/org/apache/tomcat/tomcat-api/9.0.58/tomcat-api-9.0.58.jar:/home/tbaral/.m2/repository/org/apache/tomcat/tomcat-jni/9.0.58/tomcat-jni-9.0.58.jar:/home/tbaral/.m2/repository/org/apache/tomcat/tomcat-coyote/9.0.58/tomcat-coyote-9.0.58.jar:/home/tbaral/.m2/repository/org/apache/tomcat/tomcat-util/9.0.58/tomcat-util-9.0.58.jar:/home/tbaral/.m2/repository/org/apache/tomcat/tomcat-util-scan/9.0.58/tomcat-util-scan-9.0.58.jar:/home/tbaral/.m2/repository/org/apache/tomcat/tomcat-jaspic-api/9.0.58/tomcat-jaspic-api-9.0.58.jar:/home/tbaral/.m2/repository/org/apache/tomcat/tomcat-jdbc/9.0.58/tomcat-jdbc-9.0.58.jar:/home/tbaral/.m2/repository/org/apache/tomcat/tomcat-dbcp/9.0.58/tomcat-dbcp-9.0.58.jar:/home/tbaral/.m2/repository/junit/junit/4.13.1/junit-4.13.1.jar:/home/tbaral/.m2/repository/org/hamcrest/hamcrest-core/1.3/hamcrest-core-1.3.jar:/home/tbaral/.m2/repository/org/apache/tomcat/embed/tomcat-embed-core/9.0.58/tomcat-embed-core-9.0.58.jar:/home/tbaral/.m2/repository/io/rest-assured/rest-assured/4.1.1/rest-assured-4.1.1.jar:/home/tbaral/.m2/repository/org/codehaus/groovy/groovy/2.5.6/groovy-2.5.6.jar:/home/tbaral/.m2/repository/org/codehaus/groovy/groovy-xml/2.5.6/groovy-xml-2.5.6.jar:/home/tbaral/.m2/repository/org/apache/httpcomponents/httpclient/4.5.3/httpclient-4.5.3.jar:/home/tbaral/.m2/repository/org/apache/httpcomponents/httpcore/4.4.6/httpcore-4.4.6.jar:/home/tbaral/.m2/repository/commons-logging/commons-logging/1.2/commons-logging-1.2.jar:/home/tbaral/.m2/repository/commons-codec/commons-codec/1.9/commons-codec-1.9.jar:/home/tbaral/.m2/repository/org/apache/httpcomponents/httpmime/4.5.3/httpmime-4.5.3.jar:/home/tbaral/.m2/repository/org/hamcrest/hamcrest/2.1/hamcrest-2.1.jar:/home/tbaral/.m2/repository/org/ccil/cowan/tagsoup/tagsoup/1.2.1/tagsoup-1.2.1.jar:/home/tbaral/.m2/repository/io/rest-assured/json-path/4.1.1/json-path-4.1.1.jar:/home/tbaral/.m2/repository/org/codehaus/groovy/groovy-json/2.5.6/groovy-json-2.5.6.jar:/home/tbaral/.m2/repository/io/rest-assured/rest-assured-common/4.1.1/rest-assured-common-4.1.1.jar:/home/tbaral/.m2/repository/io/rest-assured/xml-path/4.1.1/xml-path-4.1.1.jar:/home/tbaral/.m2/repository/org/apache/commons/commons-lang3/3.4/commons-lang3-3.4.jar:/home/tbaral/.m2/repository/javax/xml/bind/jaxb-api/2.3.1/jaxb-api-2.3.1.jar:/home/tbaral/.m2/repository/javax/activation/javax.activation-api/1.2.0/javax.activation-api-1.2.0.jar:/home/tbaral/.m2/repository/com/sun/xml/bind/jaxb-osgi/2.3.0.1/jaxb-osgi-2.3.0.1.jar:/home/tbaral/.m2/repository/org/apache/sling/org.apache.sling.javax.activation/0.1.0/org.apache.sling.javax.activation-0.1.0.jar:/home/tbaral/.m2/repository/javax/activation/activation/1.1.1/activation-1.1.1.jar:/home/tbaral/.m2/repository/com/h2database/h2/2.1.210/h2-2.1.210.jar:./target/classes:./target/test-classes:/home/tbaral/.m2/repository/edu/gmu/swe/flaky/sleepy/sleepy-runner/0.0.4-SNAPSHOT/sleepy-runner-0.0.4-SNAPSHOT.jar' 'edu.gmu.swe.flaky.sleepy.runner.SleepyTestRunner' nl.nlighten.prometheus.tomcat.TomcatServletMetricsFilterTest#testServletRequestMetrics '<1590468110,1>' 'info' 10000 ./sleepy-records/internal/node-nl.nlighten.prometheus.tomcat.TomcatServletMetricsFilterTest#testServletRequestMetrics-0.sleepList
INFO:root:====BEGIN Java Log====
INFO:root:TALANK: args.length: 5
TALANK: args[0]: nl.nlighten.prometheus.tomcat.TomcatServletMetricsFilterTest#testServletRequestMetrics
TALANK: args[1]: <1590468110,1>
TALANK: args[2]: info
TALANK: args[3]: 10000
TALANK: args[4]: ./sleepy-records/internal/node-nl.nlighten.prometheus.tomcat.TomcatServletMetricsFilterTest#testServletRequestMetrics-0.sleepList
TALANK Adding line to sleep at: org/h2/engine/OnExitDatabaseCloser:run:0
TALANK Adding line to sleep at: org/h2/engine/OnExitDatabaseCloser:onShutdown:79
TALANK Adding line to sleep at: org/h2/engine/OnExitDatabaseCloser:onShutdown:81
TALANK Adding line to sleep at: org/h2/engine/Database:close:1142
TALANK Adding line to sleep at: org/h2/engine/Database:close:1143
TALANK Adding line to sleep at: org/h2/engine/Database:closeImpl:1158
TALANK Adding line to sleep at: org/h2/engine/Database:closeAllSessionsExcept:0
TALANK Adding line to sleep at: org/h2/engine/SessionLocal:transitionToState:1215
TALANK Adding line to sleep at: org/h2/engine/SessionLocal:transitionToState:1216
TALANK Adding line to sleep at: org/h2/engine/SessionLocal:transitionToState:1217
TALANK Adding line to sleep at: org/h2/engine/SessionLocal:transitionToState:1218
TALANK Adding line to sleep at: org/h2/engine/SessionLocal:close:859
TALANK Adding line to sleep at: org/h2/engine/SessionLocal:close:860
TALANK Adding line to sleep at: org/h2/mvstore/MVStore:isBackgroundThread:3418
TALANK Adding line to sleep at: org/h2/mvstore/MVStore:isBackgroundThread:3419
TALANK Adding line to sleep at: org/h2/engine/Database:throwLastBackgroundException:1796
TALANK Adding line to sleep at: org/h2/engine/Database:throwLastBackgroundException:1797
TALANK Adding line to sleep at: org/h2/mvstore/db/MVTable:unlock:307
TALANK Adding line to sleep at: org/h2/mvstore/db/MVTable:unlock:308
TALANK Adding line to sleep at: org/h2/engine/Database:removeSession:0
TALANK Adding line to sleep at: org/h2/engine/Database:removeSession:1064
TALANK Adding line to sleep at: org/h2/engine/Database:removeSession:1065
TALANK Adding line to sleep at: org/h2/engine/Database:removeSession:1083
TALANK Adding line to sleep at: org/h2/engine/Database:findSetting:986
TALANK Adding line to sleep at: org/h2/engine/Database:findSetting:987
TALANK Adding line to sleep at: org/h2/engine/Database:closeAllSessionsExcept:1099
TALANK Adding line to sleep at: org/h2/engine/Database:closeAllSessionsExcept:1100
TALANK Adding line to sleep at: org/h2/engine/Database:closeAllSessionsExcept:1108
TALANK Adding line to sleep at: org/h2/engine/Database:closeAllSessionsExcept:1109
TALANK Adding line to sleep at: org/h2/engine/Database:closeAllSessionsExcept:1112
TALANK Adding line to sleep at: org/h2/engine/Database:closeAllSessionsExcept:1113
TALANK Adding line to sleep at: org/h2/engine/SessionLocal:isClosed:1152
TALANK Adding line to sleep at: org/h2/engine/SessionLocal:isClosed:1153
TALANK Adding line to sleep at: org/h2/engine/Database:closeImpl:1160
TALANK Adding line to sleep at: org/h2/engine/Database:closeAllSessionsExcept:1133
TALANK Adding line to sleep at: org/h2/engine/Database:closeImpl:1187
TALANK Adding line to sleep at: org/h2/engine/Database:closeImpl:1192
TALANK Adding line to sleep at: org/h2/engine/Database:closeImpl:1193
TALANK Adding line to sleep at: org/h2/schema/Schema:getAllTablesAndViews:724
TALANK Adding line to sleep at: org/h2/schema/Schema:getAllTablesAndViews:725
TALANK Adding line to sleep at: org/h2/engine/Database:closeImpl:1201
TALANK Adding line to sleep at: org/h2/engine/Database:closeImpl:1202
TALANK Adding line to sleep at: org/h2/schema/Schema:getAllSequences:710
TALANK Adding line to sleep at: org/h2/schema/Schema:getAllSequences:711
TALANK Adding line to sleep at: org/h2/engine/Database:closeImpl:1207
TALANK Adding line to sleep at: org/h2/engine/Database:closeImpl:1208
TALANK Adding line to sleep at: org/h2/schema/Schema:getAllTriggers:714
TALANK Adding line to sleep at: org/h2/schema/Schema:getAllTriggers:715
TALANK Adding line to sleep at: org/h2/engine/Database:closeOpenFilesAndUnlock:0
TALANK Adding line to sleep at: org/h2/engine/Database:closeOpenFilesAndUnlock:1298
TALANK Adding line to sleep at: org/h2/message/TraceSystem:closeWriter:0
TALANK Adding line to sleep at: org/h2/message/TraceSystem:closeWriter:336
TALANK Adding line to sleep at: org/h2/engine/OnExitDatabaseCloser:unregister:0
TALANK Adding line to sleep at: org/h2/engine/OnExitDatabaseCloser:unregister:63
TALANK Adding line to sleep at: org/h2/engine/Engine:close:330
TALANK Adding line to sleep at: org/h2/engine/Engine:close:332
********TALANK requesting to junitcore ******: org.junit.internal.requests.FilterRequest@30dae81
May 14, 2025 6:54:11 PM org.apache.catalina.core.StandardService startInternal
INFO: Starting service [Tomcat]
May 14, 2025 6:54:11 PM org.apache.catalina.core.StandardEngine startInternal
INFO: Starting Servlet engine: [Apache Tomcat/9.0.58]
May 14, 2025 6:54:11 PM org.apache.coyote.AbstractProtocol init
INFO: Initializing ProtocolHandler ["http-nio-auto-1"]
May 14, 2025 6:54:11 PM org.apache.coyote.AbstractProtocol start
INFO: Starting ProtocolHandler ["http-nio-auto-1-38921"]
May 14, 2025 6:54:11 PM org.apache.coyote.AbstractProtocol pause
INFO: Pausing ProtocolHandler ["http-nio-auto-1-38921"]
May 14, 2025 6:54:11 PM org.apache.catalina.core.StandardService stopInternal
INFO: Stopping service [Tomcat]
May 14, 2025 6:54:11 PM org.apache.coyote.AbstractProtocol stop
INFO: Stopping ProtocolHandler ["http-nio-auto-1-38921"]
May 14, 2025 6:54:11 PM org.apache.coyote.AbstractProtocol destroy
INFO: Destroying ProtocolHandler ["http-nio-auto-1-38921"]
TALANKINFO:FromJava:OK

INFO:root:====END Java Log====
INFO:root:Kill all Java processes
INFO:root:Using timeout 141.0 minutes
INFO:root:Running command:
INFO:root:/scratch/tbaral/ase26/nod-rr/NOD-Test-Repair/flakerake/jdk1.8.0_102/bin/java -XX:+ExitOnOutOfMemoryError -Xbootclasspath/p:/home/tbaral/.m2/repository/edu/gmu/swe/flaky/sleepy/sleepy-interceptor/0.0.4-SNAPSHOT/sleepy-interceptor-0.0.4-SNAPSHOT.jar -javaagent:/home/tbaral/.m2/repository/edu/gmu/swe/flaky/sleepy/sleepy-interceptor/0.0.4-SNAPSHOT/sleepy-interceptor-0.0.4-SNAPSHOT.jar   -cp '/home/tbaral/.m2/repository/io/prometheus/simpleclient/0.15.0/simpleclient-0.15.0.jar:/home/tbaral/.m2/repository/io/prometheus/simpleclient_tracer_otel/0.15.0/simpleclient_tracer_otel-0.15.0.jar:/home/tbaral/.m2/repository/io/prometheus/simpleclient_tracer_common/0.15.0/simpleclient_tracer_common-0.15.0.jar:/home/tbaral/.m2/repository/io/prometheus/simpleclient_tracer_otel_agent/0.15.0/simpleclient_tracer_otel_agent-0.15.0.jar:/home/tbaral/.m2/repository/io/prometheus/simpleclient_servlet/0.15.0/simpleclient_servlet-0.15.0.jar:/home/tbaral/.m2/repository/io/prometheus/simpleclient_common/0.15.0/simpleclient_common-0.15.0.jar:/home/tbaral/.m2/repository/io/prometheus/simpleclient_servlet_common/0.15.0/simpleclient_servlet_common-0.15.0.jar:/home/tbaral/.m2/repository/io/prometheus/simpleclient_hotspot/0.15.0/simpleclient_hotspot-0.15.0.jar:/home/tbaral/.m2/repository/org/apache/tomcat/tomcat-catalina/9.0.58/tomcat-catalina-9.0.58.jar:/home/tbaral/.m2/repository/org/apache/tomcat/tomcat-servlet-api/9.0.58/tomcat-servlet-api-9.0.58.jar:/home/tbaral/.m2/repository/org/apache/tomcat/tomcat-jsp-api/9.0.58/tomcat-jsp-api-9.0.58.jar:/home/tbaral/.m2/repository/org/apache/tomcat/tomcat-el-api/9.0.58/tomcat-el-api-9.0.58.jar:/home/tbaral/.m2/repository/org/apache/tomcat/tomcat-juli/9.0.58/tomcat-juli-9.0.58.jar:/home/tbaral/.m2/repository/org/apache/tomcat/tomcat-annotations-api/9.0.58/tomcat-annotations-api-9.0.58.jar:/home/tbaral/.m2/repository/org/apache/tomcat/tomcat-api/9.0.58/tomcat-api-9.0.58.jar:/home/tbaral/.m2/repository/org/apache/tomcat/tomcat-jni/9.0.58/tomcat-jni-9.0.58.jar:/home/tbaral/.m2/repository/org/apache/tomcat/tomcat-coyote/9.0.58/tomcat-coyote-9.0.58.jar:/home/tbaral/.m2/repository/org/apache/tomcat/tomcat-util/9.0.58/tomcat-util-9.0.58.jar:/home/tbaral/.m2/repository/org/apache/tomcat/tomcat-util-scan/9.0.58/tomcat-util-scan-9.0.58.jar:/home/tbaral/.m2/repository/org/apache/tomcat/tomcat-jaspic-api/9.0.58/tomcat-jaspic-api-9.0.58.jar:/home/tbaral/.m2/repository/org/apache/tomcat/tomcat-jdbc/9.0.58/tomcat-jdbc-9.0.58.jar:/home/tbaral/.m2/repository/org/apache/tomcat/tomcat-dbcp/9.0.58/tomcat-dbcp-9.0.58.jar:/home/tbaral/.m2/repository/junit/junit/4.13.1/junit-4.13.1.jar:/home/tbaral/.m2/repository/org/hamcrest/hamcrest-core/1.3/hamcrest-core-1.3.jar:/home/tbaral/.m2/repository/org/apache/tomcat/embed/tomcat-embed-core/9.0.58/tomcat-embed-core-9.0.58.jar:/home/tbaral/.m2/repository/io/rest-assured/rest-assured/4.1.1/rest-assured-4.1.1.jar:/home/tbaral/.m2/repository/org/codehaus/groovy/groovy/2.5.6/groovy-2.5.6.jar:/home/tbaral/.m2/repository/org/codehaus/groovy/groovy-xml/2.5.6/groovy-xml-2.5.6.jar:/home/tbaral/.m2/repository/org/apache/httpcomponents/httpclient/4.5.3/httpclient-4.5.3.jar:/home/tbaral/.m2/repository/org/apache/httpcomponents/httpcore/4.4.6/httpcore-4.4.6.jar:/home/tbaral/.m2/repository/commons-logging/commons-logging/1.2/commons-logging-1.2.jar:/home/tbaral/.m2/repository/commons-codec/commons-codec/1.9/commons-codec-1.9.jar:/home/tbaral/.m2/repository/org/apache/httpcomponents/httpmime/4.5.3/httpmime-4.5.3.jar:/home/tbaral/.m2/repository/org/hamcrest/hamcrest/2.1/hamcrest-2.1.jar:/home/tbaral/.m2/repository/org/ccil/cowan/tagsoup/tagsoup/1.2.1/tagsoup-1.2.1.jar:/home/tbaral/.m2/repository/io/rest-assured/json-path/4.1.1/json-path-4.1.1.jar:/home/tbaral/.m2/repository/org/codehaus/groovy/groovy-json/2.5.6/groovy-json-2.5.6.jar:/home/tbaral/.m2/repository/io/rest-assured/rest-assured-common/4.1.1/rest-assured-common-4.1.1.jar:/home/tbaral/.m2/repository/io/rest-assured/xml-path/4.1.1/xml-path-4.1.1.jar:/home/tbaral/.m2/repository/org/apache/commons/commons-lang3/3.4/commons-lang3-3.4.jar:/home/tbaral/.m2/repository/javax/xml/bind/jaxb-api/2.3.1/jaxb-api-2.3.1.jar:/home/tbaral/.m2/repository/javax/activation/javax.activation-api/1.2.0/javax.activation-api-1.2.0.jar:/home/tbaral/.m2/repository/com/sun/xml/bind/jaxb-osgi/2.3.0.1/jaxb-osgi-2.3.0.1.jar:/home/tbaral/.m2/repository/org/apache/sling/org.apache.sling.javax.activation/0.1.0/org.apache.sling.javax.activation-0.1.0.jar:/home/tbaral/.m2/repository/javax/activation/activation/1.1.1/activation-1.1.1.jar:/home/tbaral/.m2/repository/com/h2database/h2/2.1.210/h2-2.1.210.jar:./target/classes:./target/test-classes:/home/tbaral/.m2/repository/edu/gmu/swe/flaky/sleepy/sleepy-runner/0.0.4-SNAPSHOT/sleepy-runner-0.0.4-SNAPSHOT.jar' 'edu.gmu.swe.flaky.sleepy.runner.SleepyTestRunner' nl.nlighten.prometheus.tomcat.TomcatServletMetricsFilterTest#testServletRequestMetrics '<1590468110,1>' 'info' 10000 ./sleepy-records/internal/node-nl.nlighten.prometheus.tomcat.TomcatServletMetricsFilterTest#testServletRequestMetrics-0.sleepList
INFO:root:====BEGIN Java Log====
INFO:root:TALANK: args.length: 5
TALANK: args[0]: nl.nlighten.prometheus.tomcat.TomcatServletMetricsFilterTest#testServletRequestMetrics
TALANK: args[1]: <1590468110,1>
TALANK: args[2]: info
TALANK: args[3]: 10000
TALANK: args[4]: ./sleepy-records/internal/node-nl.nlighten.prometheus.tomcat.TomcatServletMetricsFilterTest#testServletRequestMetrics-0.sleepList
TALANK Adding line to sleep at: org/h2/engine/OnExitDatabaseCloser:run:0
TALANK Adding line to sleep at: org/h2/engine/OnExitDatabaseCloser:onShutdown:79
TALANK Adding line to sleep at: org/h2/engine/OnExitDatabaseCloser:onShutdown:81
TALANK Adding line to sleep at: org/h2/engine/Database:close:1142
TALANK Adding line to sleep at: org/h2/engine/Database:close:1143
TALANK Adding line to sleep at: org/h2/engine/Database:closeImpl:1158
TALANK Adding line to sleep at: org/h2/engine/Database:closeAllSessionsExcept:0
TALANK Adding line to sleep at: org/h2/engine/SessionLocal:transitionToState:1215
TALANK Adding line to sleep at: org/h2/engine/SessionLocal:transitionToState:1216
TALANK Adding line to sleep at: org/h2/engine/SessionLocal:transitionToState:1217
TALANK Adding line to sleep at: org/h2/engine/SessionLocal:transitionToState:1218
TALANK Adding line to sleep at: org/h2/engine/SessionLocal:close:859
TALANK Adding line to sleep at: org/h2/engine/SessionLocal:close:860
TALANK Adding line to sleep at: org/h2/mvstore/MVStore:isBackgroundThread:3418
TALANK Adding line to sleep at: org/h2/mvstore/MVStore:isBackgroundThread:3419
TALANK Adding line to sleep at: org/h2/engine/Database:throwLastBackgroundException:1796
TALANK Adding line to sleep at: org/h2/engine/Database:throwLastBackgroundException:1797
TALANK Adding line to sleep at: org/h2/mvstore/db/MVTable:unlock:307
TALANK Adding line to sleep at: org/h2/mvstore/db/MVTable:unlock:308
TALANK Adding line to sleep at: org/h2/engine/Database:removeSession:0
TALANK Adding line to sleep at: org/h2/engine/Database:removeSession:1064
TALANK Adding line to sleep at: org/h2/engine/Database:removeSession:1065
TALANK Adding line to sleep at: org/h2/engine/Database:removeSession:1083
TALANK Adding line to sleep at: org/h2/engine/Database:findSetting:986
TALANK Adding line to sleep at: org/h2/engine/Database:findSetting:987
TALANK Adding line to sleep at: org/h2/engine/Database:closeAllSessionsExcept:1099
TALANK Adding line to sleep at: org/h2/engine/Database:closeAllSessionsExcept:1100
TALANK Adding line to sleep at: org/h2/engine/Database:closeAllSessionsExcept:1108
TALANK Adding line to sleep at: org/h2/engine/Database:closeAllSessionsExcept:1109
TALANK Adding line to sleep at: org/h2/engine/Database:closeAllSessionsExcept:1112
TALANK Adding line to sleep at: org/h2/engine/Database:closeAllSessionsExcept:1113
TALANK Adding line to sleep at: org/h2/engine/SessionLocal:isClosed:1152
TALANK Adding line to sleep at: org/h2/engine/SessionLocal:isClosed:1153
TALANK Adding line to sleep at: org/h2/engine/Database:closeImpl:1160
TALANK Adding line to sleep at: org/h2/engine/Database:closeAllSessionsExcept:1133
TALANK Adding line to sleep at: org/h2/engine/Database:closeImpl:1187
TALANK Adding line to sleep at: org/h2/engine/Database:closeImpl:1192
TALANK Adding line to sleep at: org/h2/engine/Database:closeImpl:1193
TALANK Adding line to sleep at: org/h2/schema/Schema:getAllTablesAndViews:724
TALANK Adding line to sleep at: org/h2/schema/Schema:getAllTablesAndViews:725
TALANK Adding line to sleep at: org/h2/engine/Database:closeImpl:1201
TALANK Adding line to sleep at: org/h2/engine/Database:closeImpl:1202
TALANK Adding line to sleep at: org/h2/schema/Schema:getAllSequences:710
TALANK Adding line to sleep at: org/h2/schema/Schema:getAllSequences:711
TALANK Adding line to sleep at: org/h2/engine/Database:closeImpl:1207
TALANK Adding line to sleep at: org/h2/engine/Database:closeImpl:1208
TALANK Adding line to sleep at: org/h2/schema/Schema:getAllTriggers:714
TALANK Adding line to sleep at: org/h2/schema/Schema:getAllTriggers:715
TALANK Adding line to sleep at: org/h2/engine/Database:closeOpenFilesAndUnlock:0
TALANK Adding line to sleep at: org/h2/engine/Database:closeOpenFilesAndUnlock:1298
TALANK Adding line to sleep at: org/h2/message/TraceSystem:closeWriter:0
TALANK Adding line to sleep at: org/h2/message/TraceSystem:closeWriter:336
TALANK Adding line to sleep at: org/h2/engine/OnExitDatabaseCloser:unregister:0
TALANK Adding line to sleep at: org/h2/engine/OnExitDatabaseCloser:unregister:63
TALANK Adding line to sleep at: org/h2/engine/Engine:close:330
TALANK Adding line to sleep at: org/h2/engine/Engine:close:332
********TALANK requesting to junitcore ******: org.junit.internal.requests.FilterRequest@30dae81
May 14, 2025 7:07:52 PM org.apache.catalina.core.StandardService startInternal
INFO: Starting service [Tomcat]
May 14, 2025 7:07:52 PM org.apache.catalina.core.StandardEngine startInternal
INFO: Starting Servlet engine: [Apache Tomcat/9.0.58]
May 14, 2025 7:07:53 PM org.apache.coyote.AbstractProtocol init
INFO: Initializing ProtocolHandler ["http-nio-auto-1"]
May 14, 2025 7:07:53 PM org.apache.coyote.AbstractProtocol start
INFO: Starting ProtocolHandler ["http-nio-auto-1-33307"]
May 14, 2025 7:07:53 PM org.apache.coyote.AbstractProtocol pause
INFO: Pausing ProtocolHandler ["http-nio-auto-1-33307"]
May 14, 2025 7:07:55 PM org.apache.catalina.core.StandardService stopInternal
INFO: Stopping service [Tomcat]
May 14, 2025 7:07:55 PM org.apache.coyote.AbstractProtocol stop
INFO: Stopping ProtocolHandler ["http-nio-auto-1-33307"]
May 14, 2025 7:08:05 PM org.apache.tomcat.util.net.Acceptor stop
WARNING: The acceptor thread [http-nio-auto-1-Acceptor] did not stop cleanly
May 14, 2025 7:08:05 PM org.apache.coyote.AbstractProtocol destroy
INFO: Destroying ProtocolHandler ["http-nio-auto-1-33307"]
TALANKINFO:FromJava:OK

INFO:root:====END Java Log====
INFO:root:Kill all Java processes
INFO:root:Using timeout 141.0 minutes
INFO:root:Running command:
INFO:root:/scratch/tbaral/ase26/nod-rr/NOD-Test-Repair/flakerake/jdk1.8.0_102/bin/java -XX:+ExitOnOutOfMemoryError -Xbootclasspath/p:/home/tbaral/.m2/repository/edu/gmu/swe/flaky/sleepy/sleepy-interceptor/0.0.4-SNAPSHOT/sleepy-interceptor-0.0.4-SNAPSHOT.jar -javaagent:/home/tbaral/.m2/repository/edu/gmu/swe/flaky/sleepy/sleepy-interceptor/0.0.4-SNAPSHOT/sleepy-interceptor-0.0.4-SNAPSHOT.jar   -cp '/home/tbaral/.m2/repository/io/prometheus/simpleclient/0.15.0/simpleclient-0.15.0.jar:/home/tbaral/.m2/repository/io/prometheus/simpleclient_tracer_otel/0.15.0/simpleclient_tracer_otel-0.15.0.jar:/home/tbaral/.m2/repository/io/prometheus/simpleclient_tracer_common/0.15.0/simpleclient_tracer_common-0.15.0.jar:/home/tbaral/.m2/repository/io/prometheus/simpleclient_tracer_otel_agent/0.15.0/simpleclient_tracer_otel_agent-0.15.0.jar:/home/tbaral/.m2/repository/io/prometheus/simpleclient_servlet/0.15.0/simpleclient_servlet-0.15.0.jar:/home/tbaral/.m2/repository/io/prometheus/simpleclient_common/0.15.0/simpleclient_common-0.15.0.jar:/home/tbaral/.m2/repository/io/prometheus/simpleclient_servlet_common/0.15.0/simpleclient_servlet_common-0.15.0.jar:/home/tbaral/.m2/repository/io/prometheus/simpleclient_hotspot/0.15.0/simpleclient_hotspot-0.15.0.jar:/home/tbaral/.m2/repository/org/apache/tomcat/tomcat-catalina/9.0.58/tomcat-catalina-9.0.58.jar:/home/tbaral/.m2/repository/org/apache/tomcat/tomcat-servlet-api/9.0.58/tomcat-servlet-api-9.0.58.jar:/home/tbaral/.m2/repository/org/apache/tomcat/tomcat-jsp-api/9.0.58/tomcat-jsp-api-9.0.58.jar:/home/tbaral/.m2/repository/org/apache/tomcat/tomcat-el-api/9.0.58/tomcat-el-api-9.0.58.jar:/home/tbaral/.m2/repository/org/apache/tomcat/tomcat-juli/9.0.58/tomcat-juli-9.0.58.jar:/home/tbaral/.m2/repository/org/apache/tomcat/tomcat-annotations-api/9.0.58/tomcat-annotations-api-9.0.58.jar:/home/tbaral/.m2/repository/org/apache/tomcat/tomcat-api/9.0.58/tomcat-api-9.0.58.jar:/home/tbaral/.m2/repository/org/apache/tomcat/tomcat-jni/9.0.58/tomcat-jni-9.0.58.jar:/home/tbaral/.m2/repository/org/apache/tomcat/tomcat-coyote/9.0.58/tomcat-coyote-9.0.58.jar:/home/tbaral/.m2/repository/org/apache/tomcat/tomcat-util/9.0.58/tomcat-util-9.0.58.jar:/home/tbaral/.m2/repository/org/apache/tomcat/tomcat-util-scan/9.0.58/tomcat-util-scan-9.0.58.jar:/home/tbaral/.m2/repository/org/apache/tomcat/tomcat-jaspic-api/9.0.58/tomcat-jaspic-api-9.0.58.jar:/home/tbaral/.m2/repository/org/apache/tomcat/tomcat-jdbc/9.0.58/tomcat-jdbc-9.0.58.jar:/home/tbaral/.m2/repository/org/apache/tomcat/tomcat-dbcp/9.0.58/tomcat-dbcp-9.0.58.jar:/home/tbaral/.m2/repository/junit/junit/4.13.1/junit-4.13.1.jar:/home/tbaral/.m2/repository/org/hamcrest/hamcrest-core/1.3/hamcrest-core-1.3.jar:/home/tbaral/.m2/repository/org/apache/tomcat/embed/tomcat-embed-core/9.0.58/tomcat-embed-core-9.0.58.jar:/home/tbaral/.m2/repository/io/rest-assured/rest-assured/4.1.1/rest-assured-4.1.1.jar:/home/tbaral/.m2/repository/org/codehaus/groovy/groovy/2.5.6/groovy-2.5.6.jar:/home/tbaral/.m2/repository/org/codehaus/groovy/groovy-xml/2.5.6/groovy-xml-2.5.6.jar:/home/tbaral/.m2/repository/org/apache/httpcomponents/httpclient/4.5.3/httpclient-4.5.3.jar:/home/tbaral/.m2/repository/org/apache/httpcomponents/httpcore/4.4.6/httpcore-4.4.6.jar:/home/tbaral/.m2/repository/commons-logging/commons-logging/1.2/commons-logging-1.2.jar:/home/tbaral/.m2/repository/commons-codec/commons-codec/1.9/commons-codec-1.9.jar:/home/tbaral/.m2/repository/org/apache/httpcomponents/httpmime/4.5.3/httpmime-4.5.3.jar:/home/tbaral/.m2/repository/org/hamcrest/hamcrest/2.1/hamcrest-2.1.jar:/home/tbaral/.m2/repository/org/ccil/cowan/tagsoup/tagsoup/1.2.1/tagsoup-1.2.1.jar:/home/tbaral/.m2/repository/io/rest-assured/json-path/4.1.1/json-path-4.1.1.jar:/home/tbaral/.m2/repository/org/codehaus/groovy/groovy-json/2.5.6/groovy-json-2.5.6.jar:/home/tbaral/.m2/repository/io/rest-assured/rest-assured-common/4.1.1/rest-assured-common-4.1.1.jar:/home/tbaral/.m2/repository/io/rest-assured/xml-path/4.1.1/xml-path-4.1.1.jar:/home/tbaral/.m2/repository/org/apache/commons/commons-lang3/3.4/commons-lang3-3.4.jar:/home/tbaral/.m2/repository/javax/xml/bind/jaxb-api/2.3.1/jaxb-api-2.3.1.jar:/home/tbaral/.m2/repository/javax/activation/javax.activation-api/1.2.0/javax.activation-api-1.2.0.jar:/home/tbaral/.m2/repository/com/sun/xml/bind/jaxb-osgi/2.3.0.1/jaxb-osgi-2.3.0.1.jar:/home/tbaral/.m2/repository/org/apache/sling/org.apache.sling.javax.activation/0.1.0/org.apache.sling.javax.activation-0.1.0.jar:/home/tbaral/.m2/repository/javax/activation/activation/1.1.1/activation-1.1.1.jar:/home/tbaral/.m2/repository/com/h2database/h2/2.1.210/h2-2.1.210.jar:./target/classes:./target/test-classes:/home/tbaral/.m2/repository/edu/gmu/swe/flaky/sleepy/sleepy-runner/0.0.4-SNAPSHOT/sleepy-runner-0.0.4-SNAPSHOT.jar' 'edu.gmu.swe.flaky.sleepy.runner.SleepyTestRunner' nl.nlighten.prometheus.tomcat.TomcatServletMetricsFilterTest#testServletRequestMetrics '<1590468110,1>' 'info' 10000 ./sleepy-records/internal/node-nl.nlighten.prometheus.tomcat.TomcatServletMetricsFilterTest#testServletRequestMetrics-0.sleepList
INFO:root:====BEGIN Java Log====
INFO:root:TALANK: args.length: 5
TALANK: args[0]: nl.nlighten.prometheus.tomcat.TomcatServletMetricsFilterTest#testServletRequestMetrics
TALANK: args[1]: <1590468110,1>
TALANK: args[2]: info
TALANK: args[3]: 10000
TALANK: args[4]: ./sleepy-records/internal/node-nl.nlighten.prometheus.tomcat.TomcatServletMetricsFilterTest#testServletRequestMetrics-0.sleepList
TALANK Adding line to sleep at: org/h2/engine/OnExitDatabaseCloser:run:0
TALANK Adding line to sleep at: org/h2/engine/OnExitDatabaseCloser:onShutdown:79
TALANK Adding line to sleep at: org/h2/engine/OnExitDatabaseCloser:onShutdown:81
TALANK Adding line to sleep at: org/h2/engine/Database:close:1142
TALANK Adding line to sleep at: org/h2/engine/Database:close:1143
TALANK Adding line to sleep at: org/h2/engine/Database:closeImpl:1158
TALANK Adding line to sleep at: org/h2/engine/Database:closeAllSessionsExcept:0
TALANK Adding line to sleep at: org/h2/engine/SessionLocal:transitionToState:1215
TALANK Adding line to sleep at: org/h2/engine/SessionLocal:transitionToState:1216
TALANK Adding line to sleep at: org/h2/engine/SessionLocal:transitionToState:1217
TALANK Adding line to sleep at: org/h2/engine/SessionLocal:transitionToState:1218
TALANK Adding line to sleep at: org/h2/engine/SessionLocal:close:859
TALANK Adding line to sleep at: org/h2/engine/SessionLocal:close:860
TALANK Adding line to sleep at: org/h2/mvstore/MVStore:isBackgroundThread:3418
TALANK Adding line to sleep at: org/h2/mvstore/MVStore:isBackgroundThread:3419
TALANK Adding line to sleep at: org/h2/engine/Database:throwLastBackgroundException:1796
TALANK Adding line to sleep at: org/h2/engine/Database:throwLastBackgroundException:1797
TALANK Adding line to sleep at: org/h2/mvstore/db/MVTable:unlock:307
TALANK Adding line to sleep at: org/h2/mvstore/db/MVTable:unlock:308
TALANK Adding line to sleep at: org/h2/engine/Database:removeSession:0
TALANK Adding line to sleep at: org/h2/engine/Database:removeSession:1064
TALANK Adding line to sleep at: org/h2/engine/Database:removeSession:1065
TALANK Adding line to sleep at: org/h2/engine/Database:removeSession:1083
TALANK Adding line to sleep at: org/h2/engine/Database:findSetting:986
TALANK Adding line to sleep at: org/h2/engine/Database:findSetting:987
TALANK Adding line to sleep at: org/h2/engine/Database:closeAllSessionsExcept:1099
TALANK Adding line to sleep at: org/h2/engine/Database:closeAllSessionsExcept:1100
TALANK Adding line to sleep at: org/h2/engine/Database:closeAllSessionsExcept:1108
TALANK Adding line to sleep at: org/h2/engine/Database:closeAllSessionsExcept:1109
TALANK Adding line to sleep at: org/h2/engine/Database:closeAllSessionsExcept:1112
TALANK Adding line to sleep at: org/h2/engine/Database:closeAllSessionsExcept:1113
TALANK Adding line to sleep at: org/h2/engine/SessionLocal:isClosed:1152
TALANK Adding line to sleep at: org/h2/engine/SessionLocal:isClosed:1153
TALANK Adding line to sleep at: org/h2/engine/Database:closeImpl:1160
TALANK Adding line to sleep at: org/h2/engine/Database:closeAllSessionsExcept:1133
TALANK Adding line to sleep at: org/h2/engine/Database:closeImpl:1187
TALANK Adding line to sleep at: org/h2/engine/Database:closeImpl:1192
TALANK Adding line to sleep at: org/h2/engine/Database:closeImpl:1193
TALANK Adding line to sleep at: org/h2/schema/Schema:getAllTablesAndViews:724
TALANK Adding line to sleep at: org/h2/schema/Schema:getAllTablesAndViews:725
TALANK Adding line to sleep at: org/h2/engine/Database:closeImpl:1201
TALANK Adding line to sleep at: org/h2/engine/Database:closeImpl:1202
TALANK Adding line to sleep at: org/h2/schema/Schema:getAllSequences:710
TALANK Adding line to sleep at: org/h2/schema/Schema:getAllSequences:711
TALANK Adding line to sleep at: org/h2/engine/Database:closeImpl:1207
TALANK Adding line to sleep at: org/h2/engine/Database:closeImpl:1208
TALANK Adding line to sleep at: org/h2/schema/Schema:getAllTriggers:714
TALANK Adding line to sleep at: org/h2/schema/Schema:getAllTriggers:715
TALANK Adding line to sleep at: org/h2/engine/Database:closeOpenFilesAndUnlock:0
TALANK Adding line to sleep at: org/h2/engine/Database:closeOpenFilesAndUnlock:1298
TALANK Adding line to sleep at: org/h2/message/TraceSystem:closeWriter:0
TALANK Adding line to sleep at: org/h2/message/TraceSystem:closeWriter:336
TALANK Adding line to sleep at: org/h2/engine/OnExitDatabaseCloser:unregister:0
TALANK Adding line to sleep at: org/h2/engine/OnExitDatabaseCloser:unregister:63
TALANK Adding line to sleep at: org/h2/engine/Engine:close:330
TALANK Adding line to sleep at: org/h2/engine/Engine:close:332
********TALANK requesting to junitcore ******: org.junit.internal.requests.FilterRequest@30dae81
May 14, 2025 7:21:46 PM org.apache.catalina.core.StandardService startInternal
INFO: Starting service [Tomcat]
May 14, 2025 7:21:46 PM org.apache.catalina.core.StandardEngine startInternal
INFO: Starting Servlet engine: [Apache Tomcat/9.0.58]
May 14, 2025 7:21:46 PM org.apache.coyote.AbstractProtocol init
INFO: Initializing ProtocolHandler ["http-nio-auto-1"]
May 14, 2025 7:21:46 PM org.apache.coyote.AbstractProtocol start
INFO: Starting ProtocolHandler ["http-nio-auto-1-43909"]
May 14, 2025 7:21:47 PM org.apache.coyote.AbstractProtocol pause
INFO: Pausing ProtocolHandler ["http-nio-auto-1-43909"]
May 14, 2025 7:21:49 PM org.apache.catalina.core.StandardService stopInternal
INFO: Stopping service [Tomcat]
May 14, 2025 7:21:49 PM org.apache.coyote.AbstractProtocol stop
INFO: Stopping ProtocolHandler ["http-nio-auto-1-43909"]
May 14, 2025 7:21:59 PM org.apache.tomcat.util.net.Acceptor stop
WARNING: The acceptor thread [http-nio-auto-1-Acceptor] did not stop cleanly
May 14, 2025 7:21:59 PM org.apache.coyote.AbstractProtocol destroy
INFO: Destroying ProtocolHandler ["http-nio-auto-1-43909"]
TALANKINFO:FromJava:OK

INFO:root:====END Java Log====
INFO:root:Kill all Java processes
INFO:root:Impossible to make stable failure so skipping <1590468110,1>
INFO:root:Could not fail nl.nlighten.prometheus.tomcat.TomcatServletMetricsFilterTest#testServletRequestMetrics sleeping thread <1590468110,1>
INFO:root:After working thread <1590468110,1>, with 1397.0 minutes left to analyze nl.nlighten.prometheus.tomcat.TomcatServletMetricsFilterTest#testServletRequestMetrics
INFO:root:Starting analysis on thread named <1721539164,0> that is 6 out of 12
INFO:root:Initial list
INFO:root:['org/apache/tomcat/util/threads/TaskThread$WrappingRunnable:run:0\n', 'org/apache/tomcat/util/threads/TaskThread$WrappingRunnable:run:61\n', 'org/apache/tomcat/util/threads/ThreadPoolExecutor$Worker:run:0\n', 'org/apache/tomcat/util/threads/ThreadPoolExecutor:runWorker:1170\n', 'org/apache/tomcat/util/threads/ThreadPoolExecutor:runWorker:1171\n', 'org/apache/tomcat/util/threads/ThreadPoolExecutor:getTask:1089\n', 'org/apache/tomcat/util/threads/ThreadPoolExecutor:getTask:1090\n', 'org/apache/tomcat/util/threads/ThreadPoolExecutor:getTask:1114\n', 'org/apache/tomcat/util/threads/TaskQueue:take:146\n', 'org/apache/tomcat/util/threads/ThreadPoolExecutor:currentThreadShouldBeStopped:2227\n', 'org/apache/tomcat/util/threads/ThreadPoolExecutor:currentThreadShouldBeStopped:2228\n', 'org/apache/tomcat/util/threads/ThreadPoolExecutor:currentThreadShouldBeStopped:2229\n', 'org/apache/tomcat/util/threads/ThreadPoolExecutor:currentThreadShouldBeStopped:2230\n', 'org/apache/tomcat/util/threads/ThreadPoolExecutor:currentThreadShouldBeStopped:2231\n', 'org/apache/tomcat/util/threads/ThreadPoolExecutor:decrementWorkerCount:443\n', 'org/apache/tomcat/util/threads/ThreadPoolExecutor:decrementWorkerCount:444\n', 'org/apache/tomcat/util/threads/ThreadPoolExecutor:processWorkerExit:1036\n', 'org/apache/tomcat/util/threads/ThreadPoolExecutor:processWorkerExit:1037\n', 'org/apache/tomcat/util/threads/ThreadPoolExecutor:processWorkerExit:1041\n', 'org/apache/tomcat/util/threads/ThreadPoolExecutor:processWorkerExit:1042\n', 'org/apache/tomcat/util/threads/ThreadPoolExecutor:tryTerminate:738\n', 'org/apache/tomcat/util/threads/ThreadPoolExecutor:tryTerminate:739\n', 'org/apache/tomcat/util/threads/ThreadPoolExecutor:interruptIdleWorkers:823\n', 'org/apache/tomcat/util/threads/ThreadPoolExecutor:interruptIdleWorkers:824\n', 'org/apache/tomcat/util/threads/ThreadPoolExecutor:interruptIdleWorkers:827\n', 'org/apache/tomcat/util/threads/ThreadPoolExecutor:interruptIdleWorkers:828\n', 'org/apache/tomcat/util/threads/ThreadPoolExecutor$Worker:tryAcquire:675\n', 'org/apache/tomcat/util/threads/ThreadPoolExecutor$Worker:tryAcquire:676\n', 'org/apache/tomcat/util/threads/ThreadPoolExecutor:interruptIdleWorkers:829\n', 'org/apache/tomcat/util/threads/ThreadPoolExecutor:interruptIdleWorkers:830\n', 'org/apache/tomcat/util/threads/ThreadPoolExecutor:interruptIdleWorkers:840\n', 'org/apache/tomcat/util/threads/ThreadPoolExecutor:interruptIdleWorkers:841\n', 'org/apache/tomcat/util/threads/ThreadPoolExecutor:processWorkerExit:1046\n', 'org/apache/tomcat/util/threads/ThreadPoolExecutor:processWorkerExit:1047\n', 'org/apache/tomcat/util/threads/TaskThread$WrappingRunnable:run:62\n', 'org/apache/tomcat/util/threads/ThreadPoolExecutor:tryTerminate:750\n', 'org/apache/tomcat/util/threads/ThreadPoolExecutor:tryTerminate:751\n', 'org/apache/tomcat/util/threads/ThreadPoolExecutor:tryTerminate:752\n', 'org/apache/tomcat/util/threads/ThreadPoolExecutor:tryTerminate:753\n', 'org/apache/tomcat/util/threads/ThreadPoolExecutor:tryTerminate:762\n', 'org/apache/tomcat/util/threads/ThreadPoolExecutor:tryTerminate:763\n']
INFO:root:Using timeout 106.0 minutes
INFO:root:Running command:
INFO:root:/scratch/tbaral/ase26/nod-rr/NOD-Test-Repair/flakerake/jdk1.8.0_102/bin/java -XX:+ExitOnOutOfMemoryError -Xbootclasspath/p:/home/tbaral/.m2/repository/edu/gmu/swe/flaky/sleepy/sleepy-interceptor/0.0.4-SNAPSHOT/sleepy-interceptor-0.0.4-SNAPSHOT.jar -javaagent:/home/tbaral/.m2/repository/edu/gmu/swe/flaky/sleepy/sleepy-interceptor/0.0.4-SNAPSHOT/sleepy-interceptor-0.0.4-SNAPSHOT.jar   -cp '/home/tbaral/.m2/repository/io/prometheus/simpleclient/0.15.0/simpleclient-0.15.0.jar:/home/tbaral/.m2/repository/io/prometheus/simpleclient_tracer_otel/0.15.0/simpleclient_tracer_otel-0.15.0.jar:/home/tbaral/.m2/repository/io/prometheus/simpleclient_tracer_common/0.15.0/simpleclient_tracer_common-0.15.0.jar:/home/tbaral/.m2/repository/io/prometheus/simpleclient_tracer_otel_agent/0.15.0/simpleclient_tracer_otel_agent-0.15.0.jar:/home/tbaral/.m2/repository/io/prometheus/simpleclient_servlet/0.15.0/simpleclient_servlet-0.15.0.jar:/home/tbaral/.m2/repository/io/prometheus/simpleclient_common/0.15.0/simpleclient_common-0.15.0.jar:/home/tbaral/.m2/repository/io/prometheus/simpleclient_servlet_common/0.15.0/simpleclient_servlet_common-0.15.0.jar:/home/tbaral/.m2/repository/io/prometheus/simpleclient_hotspot/0.15.0/simpleclient_hotspot-0.15.0.jar:/home/tbaral/.m2/repository/org/apache/tomcat/tomcat-catalina/9.0.58/tomcat-catalina-9.0.58.jar:/home/tbaral/.m2/repository/org/apache/tomcat/tomcat-servlet-api/9.0.58/tomcat-servlet-api-9.0.58.jar:/home/tbaral/.m2/repository/org/apache/tomcat/tomcat-jsp-api/9.0.58/tomcat-jsp-api-9.0.58.jar:/home/tbaral/.m2/repository/org/apache/tomcat/tomcat-el-api/9.0.58/tomcat-el-api-9.0.58.jar:/home/tbaral/.m2/repository/org/apache/tomcat/tomcat-juli/9.0.58/tomcat-juli-9.0.58.jar:/home/tbaral/.m2/repository/org/apache/tomcat/tomcat-annotations-api/9.0.58/tomcat-annotations-api-9.0.58.jar:/home/tbaral/.m2/repository/org/apache/tomcat/tomcat-api/9.0.58/tomcat-api-9.0.58.jar:/home/tbaral/.m2/repository/org/apache/tomcat/tomcat-jni/9.0.58/tomcat-jni-9.0.58.jar:/home/tbaral/.m2/repository/org/apache/tomcat/tomcat-coyote/9.0.58/tomcat-coyote-9.0.58.jar:/home/tbaral/.m2/repository/org/apache/tomcat/tomcat-util/9.0.58/tomcat-util-9.0.58.jar:/home/tbaral/.m2/repository/org/apache/tomcat/tomcat-util-scan/9.0.58/tomcat-util-scan-9.0.58.jar:/home/tbaral/.m2/repository/org/apache/tomcat/tomcat-jaspic-api/9.0.58/tomcat-jaspic-api-9.0.58.jar:/home/tbaral/.m2/repository/org/apache/tomcat/tomcat-jdbc/9.0.58/tomcat-jdbc-9.0.58.jar:/home/tbaral/.m2/repository/org/apache/tomcat/tomcat-dbcp/9.0.58/tomcat-dbcp-9.0.58.jar:/home/tbaral/.m2/repository/junit/junit/4.13.1/junit-4.13.1.jar:/home/tbaral/.m2/repository/org/hamcrest/hamcrest-core/1.3/hamcrest-core-1.3.jar:/home/tbaral/.m2/repository/org/apache/tomcat/embed/tomcat-embed-core/9.0.58/tomcat-embed-core-9.0.58.jar:/home/tbaral/.m2/repository/io/rest-assured/rest-assured/4.1.1/rest-assured-4.1.1.jar:/home/tbaral/.m2/repository/org/codehaus/groovy/groovy/2.5.6/groovy-2.5.6.jar:/home/tbaral/.m2/repository/org/codehaus/groovy/groovy-xml/2.5.6/groovy-xml-2.5.6.jar:/home/tbaral/.m2/repository/org/apache/httpcomponents/httpclient/4.5.3/httpclient-4.5.3.jar:/home/tbaral/.m2/repository/org/apache/httpcomponents/httpcore/4.4.6/httpcore-4.4.6.jar:/home/tbaral/.m2/repository/commons-logging/commons-logging/1.2/commons-logging-1.2.jar:/home/tbaral/.m2/repository/commons-codec/commons-codec/1.9/commons-codec-1.9.jar:/home/tbaral/.m2/repository/org/apache/httpcomponents/httpmime/4.5.3/httpmime-4.5.3.jar:/home/tbaral/.m2/repository/org/hamcrest/hamcrest/2.1/hamcrest-2.1.jar:/home/tbaral/.m2/repository/org/ccil/cowan/tagsoup/tagsoup/1.2.1/tagsoup-1.2.1.jar:/home/tbaral/.m2/repository/io/rest-assured/json-path/4.1.1/json-path-4.1.1.jar:/home/tbaral/.m2/repository/org/codehaus/groovy/groovy-json/2.5.6/groovy-json-2.5.6.jar:/home/tbaral/.m2/repository/io/rest-assured/rest-assured-common/4.1.1/rest-assured-common-4.1.1.jar:/home/tbaral/.m2/repository/io/rest-assured/xml-path/4.1.1/xml-path-4.1.1.jar:/home/tbaral/.m2/repository/org/apache/commons/commons-lang3/3.4/commons-lang3-3.4.jar:/home/tbaral/.m2/repository/javax/xml/bind/jaxb-api/2.3.1/jaxb-api-2.3.1.jar:/home/tbaral/.m2/repository/javax/activation/javax.activation-api/1.2.0/javax.activation-api-1.2.0.jar:/home/tbaral/.m2/repository/com/sun/xml/bind/jaxb-osgi/2.3.0.1/jaxb-osgi-2.3.0.1.jar:/home/tbaral/.m2/repository/org/apache/sling/org.apache.sling.javax.activation/0.1.0/org.apache.sling.javax.activation-0.1.0.jar:/home/tbaral/.m2/repository/javax/activation/activation/1.1.1/activation-1.1.1.jar:/home/tbaral/.m2/repository/com/h2database/h2/2.1.210/h2-2.1.210.jar:./target/classes:./target/test-classes:/home/tbaral/.m2/repository/edu/gmu/swe/flaky/sleepy/sleepy-runner/0.0.4-SNAPSHOT/sleepy-runner-0.0.4-SNAPSHOT.jar' 'edu.gmu.swe.flaky.sleepy.runner.SleepyTestRunner' nl.nlighten.prometheus.tomcat.TomcatServletMetricsFilterTest#testServletRequestMetrics '<1721539164,0>' 'info' 10000 ./sleepy-records/internal/node-nl.nlighten.prometheus.tomcat.TomcatServletMetricsFilterTest#testServletRequestMetrics-0.sleepList
INFO:root:====BEGIN Java Log====
INFO:root:TALANK: args.length: 5
TALANK: args[0]: nl.nlighten.prometheus.tomcat.TomcatServletMetricsFilterTest#testServletRequestMetrics
TALANK: args[1]: <1721539164,0>
TALANK: args[2]: info
TALANK: args[3]: 10000
TALANK: args[4]: ./sleepy-records/internal/node-nl.nlighten.prometheus.tomcat.TomcatServletMetricsFilterTest#testServletRequestMetrics-0.sleepList
TALANK Adding line to sleep at: org/apache/tomcat/util/threads/TaskThread$WrappingRunnable:run:0
TALANK Adding line to sleep at: org/apache/tomcat/util/threads/TaskThread$WrappingRunnable:run:61
TALANK Adding line to sleep at: org/apache/tomcat/util/threads/ThreadPoolExecutor$Worker:run:0
TALANK Adding line to sleep at: org/apache/tomcat/util/threads/ThreadPoolExecutor:runWorker:1170
TALANK Adding line to sleep at: org/apache/tomcat/util/threads/ThreadPoolExecutor:runWorker:1171
TALANK Adding line to sleep at: org/apache/tomcat/util/threads/ThreadPoolExecutor:getTask:1089
TALANK Adding line to sleep at: org/apache/tomcat/util/threads/ThreadPoolExecutor:getTask:1090
TALANK Adding line to sleep at: org/apache/tomcat/util/threads/ThreadPoolExecutor:getTask:1114
TALANK Adding line to sleep at: org/apache/tomcat/util/threads/TaskQueue:take:146
TALANK Adding line to sleep at: org/apache/tomcat/util/threads/ThreadPoolExecutor:currentThreadShouldBeStopped:2227
TALANK Adding line to sleep at: org/apache/tomcat/util/threads/ThreadPoolExecutor:currentThreadShouldBeStopped:2228
TALANK Adding line to sleep at: org/apache/tomcat/util/threads/ThreadPoolExecutor:currentThreadShouldBeStopped:2229
TALANK Adding line to sleep at: org/apache/tomcat/util/threads/ThreadPoolExecutor:currentThreadShouldBeStopped:2230
TALANK Adding line to sleep at: org/apache/tomcat/util/threads/ThreadPoolExecutor:currentThreadShouldBeStopped:2231
TALANK Adding line to sleep at: org/apache/tomcat/util/threads/ThreadPoolExecutor:decrementWorkerCount:443
TALANK Adding line to sleep at: org/apache/tomcat/util/threads/ThreadPoolExecutor:decrementWorkerCount:444
TALANK Adding line to sleep at: org/apache/tomcat/util/threads/ThreadPoolExecutor:processWorkerExit:1036
TALANK Adding line to sleep at: org/apache/tomcat/util/threads/ThreadPoolExecutor:processWorkerExit:1037
TALANK Adding line to sleep at: org/apache/tomcat/util/threads/ThreadPoolExecutor:processWorkerExit:1041
TALANK Adding line to sleep at: org/apache/tomcat/util/threads/ThreadPoolExecutor:processWorkerExit:1042
TALANK Adding line to sleep at: org/apache/tomcat/util/threads/ThreadPoolExecutor:tryTerminate:738
TALANK Adding line to sleep at: org/apache/tomcat/util/threads/ThreadPoolExecutor:tryTerminate:739
TALANK Adding line to sleep at: org/apache/tomcat/util/threads/ThreadPoolExecutor:interruptIdleWorkers:823
TALANK Adding line to sleep at: org/apache/tomcat/util/threads/ThreadPoolExecutor:interruptIdleWorkers:824
TALANK Adding line to sleep at: org/apache/tomcat/util/threads/ThreadPoolExecutor:interruptIdleWorkers:827
TALANK Adding line to sleep at: org/apache/tomcat/util/threads/ThreadPoolExecutor:interruptIdleWorkers:828
TALANK Adding line to sleep at: org/apache/tomcat/util/threads/ThreadPoolExecutor$Worker:tryAcquire:675
TALANK Adding line to sleep at: org/apache/tomcat/util/threads/ThreadPoolExecutor$Worker:tryAcquire:676
TALANK Adding line to sleep at: org/apache/tomcat/util/threads/ThreadPoolExecutor:interruptIdleWorkers:829
TALANK Adding line to sleep at: org/apache/tomcat/util/threads/ThreadPoolExecutor:interruptIdleWorkers:830
TALANK Adding line to sleep at: org/apache/tomcat/util/threads/ThreadPoolExecutor:interruptIdleWorkers:840
TALANK Adding line to sleep at: org/apache/tomcat/util/threads/ThreadPoolExecutor:interruptIdleWorkers:841
TALANK Adding line to sleep at: org/apache/tomcat/util/threads/ThreadPoolExecutor:processWorkerExit:1046
TALANK Adding line to sleep at: org/apache/tomcat/util/threads/ThreadPoolExecutor:processWorkerExit:1047
TALANK Adding line to sleep at: org/apache/tomcat/util/threads/TaskThread$WrappingRunnable:run:62
TALANK Adding line to sleep at: org/apache/tomcat/util/threads/ThreadPoolExecutor:tryTerminate:750
TALANK Adding line to sleep at: org/apache/tomcat/util/threads/ThreadPoolExecutor:tryTerminate:751
TALANK Adding line to sleep at: org/apache/tomcat/util/threads/ThreadPoolExecutor:tryTerminate:752
TALANK Adding line to sleep at: org/apache/tomcat/util/threads/ThreadPoolExecutor:tryTerminate:753
TALANK Adding line to sleep at: org/apache/tomcat/util/threads/ThreadPoolExecutor:tryTerminate:762
TALANK Adding line to sleep at: org/apache/tomcat/util/threads/ThreadPoolExecutor:tryTerminate:763
********TALANK requesting to junitcore ******: org.junit.internal.requests.FilterRequest@30dae81
May 14, 2025 7:35:40 PM org.apache.catalina.core.StandardService startInternal
INFO: Starting service [Tomcat]
May 14, 2025 7:35:40 PM org.apache.catalina.core.StandardEngine startInternal
INFO: Starting Servlet engine: [Apache Tomcat/9.0.58]
May 14, 2025 7:35:40 PM org.apache.coyote.AbstractProtocol init
INFO: Initializing ProtocolHandler ["http-nio-auto-1"]
May 14, 2025 7:35:40 PM org.apache.coyote.AbstractProtocol start
INFO: Starting ProtocolHandler ["http-nio-auto-1-39983"]
May 14, 2025 7:35:40 PM org.apache.coyote.AbstractProtocol pause
INFO: Pausing ProtocolHandler ["http-nio-auto-1-39983"]
May 14, 2025 7:35:40 PM org.apache.catalina.core.StandardService stopInternal
INFO: Stopping service [Tomcat]
May 14, 2025 7:35:40 PM org.apache.coyote.AbstractProtocol stop
INFO: Stopping ProtocolHandler ["http-nio-auto-1-39983"]
java.lang.InterruptedException: sleep interrupted
	at java.lang.Thread.sleep(Native Method)
	at edu.gmu.swe.flaky.sleepy.intercept.Wrapper.napTime(Wrapper.java:265)
	at edu.gmu.swe.flaky.sleepy.intercept.Wrapper.extraSleep(Wrapper.java:217)
	at org.apache.tomcat.util.threads.ThreadPoolExecutor.getTask(ThreadPoolExecutor.java:1089)
	at org.apache.tomcat.util.threads.ThreadPoolExecutor.runWorker(ThreadPoolExecutor.java:1176)
	at org.apache.tomcat.util.threads.ThreadPoolExecutor$Worker.run(ThreadPoolExecutor.java:659)
	at org.apache.tomcat.util.threads.TaskThread$WrappingRunnable.run(TaskThread.java:61)
	at java.lang.Thread.run(Thread.java:745)
java.lang.InterruptedException: sleep interrupted
	at java.lang.Thread.sleep(Native Method)
	at edu.gmu.swe.flaky.sleepy.intercept.Wrapper.napTime(Wrapper.java:265)
	at edu.gmu.swe.flaky.sleepy.intercept.Wrapper.extraSleep(Wrapper.java:217)
	at org.apache.tomcat.util.threads.ThreadPoolExecutor.getTask(ThreadPoolExecutor.java:1089)
	at org.apache.tomcat.util.threads.ThreadPoolExecutor.runWorker(ThreadPoolExecutor.java:1176)
	at org.apache.tomcat.util.threads.ThreadPoolExecutor$Worker.run(ThreadPoolExecutor.java:659)
	at org.apache.tomcat.util.threads.TaskThread$WrappingRunnable.run(TaskThread.java:61)
	at java.lang.Thread.run(Thread.java:745)
java.lang.InterruptedException: sleep interrupted
	at java.lang.Thread.sleep(Native Method)
	at edu.gmu.swe.flaky.sleepy.intercept.Wrapper.napTime(Wrapper.java:265)
	at edu.gmu.swe.flaky.sleepy.intercept.Wrapper.extraSleep(Wrapper.java:217)
	at org.apache.tomcat.util.threads.ThreadPoolExecutor.decrementWorkerCount(ThreadPoolExecutor.java:443)
	at org.apache.tomcat.util.threads.ThreadPoolExecutor.getTask(ThreadPoolExecutor.java:1094)
	at org.apache.tomcat.util.threads.ThreadPoolExecutor.runWorker(ThreadPoolExecutor.java:1176)
	at org.apache.tomcat.util.threads.ThreadPoolExecutor$Worker.run(ThreadPoolExecutor.java:659)
	at org.apache.tomcat.util.threads.TaskThread$WrappingRunnable.run(TaskThread.java:61)
	at java.lang.Thread.run(Thread.java:745)
java.lang.InterruptedException: sleep interrupted
	at java.lang.Thread.sleep(Native Method)
	at edu.gmu.swe.flaky.sleepy.intercept.Wrapper.napTime(Wrapper.java:265)
	at edu.gmu.swe.flaky.sleepy.intercept.Wrapper.extraSleep(Wrapper.java:217)
	at org.apache.tomcat.util.threads.ThreadPoolExecutor.decrementWorkerCount(ThreadPoolExecutor.java:443)
	at org.apache.tomcat.util.threads.ThreadPoolExecutor.getTask(ThreadPoolExecutor.java:1094)
	at org.apache.tomcat.util.threads.ThreadPoolExecutor.runWorker(ThreadPoolExecutor.java:1176)
	at org.apache.tomcat.util.threads.ThreadPoolExecutor$Worker.run(ThreadPoolExecutor.java:659)
	at org.apache.tomcat.util.threads.TaskThread$WrappingRunnable.run(TaskThread.java:61)
	at java.lang.Thread.run(Thread.java:745)
May 14, 2025 7:35:45 PM org.apache.tomcat.util.net.AbstractEndpoint shutdownExecutor
WARNING: The executor associated with thread pool [http-nio-auto-1] has not fully shutdown. Some application threads may still be running.
May 14, 2025 7:35:45 PM org.apache.coyote.AbstractProtocol destroy
INFO: Destroying ProtocolHandler ["http-nio-auto-1-39983"]
TALANKINFO:FromJava:OK

INFO:root:====END Java Log====
INFO:root:Kill all Java processes
INFO:root:Using timeout 106.0 minutes
INFO:root:Running command:
INFO:root:/scratch/tbaral/ase26/nod-rr/NOD-Test-Repair/flakerake/jdk1.8.0_102/bin/java -XX:+ExitOnOutOfMemoryError -Xbootclasspath/p:/home/tbaral/.m2/repository/edu/gmu/swe/flaky/sleepy/sleepy-interceptor/0.0.4-SNAPSHOT/sleepy-interceptor-0.0.4-SNAPSHOT.jar -javaagent:/home/tbaral/.m2/repository/edu/gmu/swe/flaky/sleepy/sleepy-interceptor/0.0.4-SNAPSHOT/sleepy-interceptor-0.0.4-SNAPSHOT.jar   -cp '/home/tbaral/.m2/repository/io/prometheus/simpleclient/0.15.0/simpleclient-0.15.0.jar:/home/tbaral/.m2/repository/io/prometheus/simpleclient_tracer_otel/0.15.0/simpleclient_tracer_otel-0.15.0.jar:/home/tbaral/.m2/repository/io/prometheus/simpleclient_tracer_common/0.15.0/simpleclient_tracer_common-0.15.0.jar:/home/tbaral/.m2/repository/io/prometheus/simpleclient_tracer_otel_agent/0.15.0/simpleclient_tracer_otel_agent-0.15.0.jar:/home/tbaral/.m2/repository/io/prometheus/simpleclient_servlet/0.15.0/simpleclient_servlet-0.15.0.jar:/home/tbaral/.m2/repository/io/prometheus/simpleclient_common/0.15.0/simpleclient_common-0.15.0.jar:/home/tbaral/.m2/repository/io/prometheus/simpleclient_servlet_common/0.15.0/simpleclient_servlet_common-0.15.0.jar:/home/tbaral/.m2/repository/io/prometheus/simpleclient_hotspot/0.15.0/simpleclient_hotspot-0.15.0.jar:/home/tbaral/.m2/repository/org/apache/tomcat/tomcat-catalina/9.0.58/tomcat-catalina-9.0.58.jar:/home/tbaral/.m2/repository/org/apache/tomcat/tomcat-servlet-api/9.0.58/tomcat-servlet-api-9.0.58.jar:/home/tbaral/.m2/repository/org/apache/tomcat/tomcat-jsp-api/9.0.58/tomcat-jsp-api-9.0.58.jar:/home/tbaral/.m2/repository/org/apache/tomcat/tomcat-el-api/9.0.58/tomcat-el-api-9.0.58.jar:/home/tbaral/.m2/repository/org/apache/tomcat/tomcat-juli/9.0.58/tomcat-juli-9.0.58.jar:/home/tbaral/.m2/repository/org/apache/tomcat/tomcat-annotations-api/9.0.58/tomcat-annotations-api-9.0.58.jar:/home/tbaral/.m2/repository/org/apache/tomcat/tomcat-api/9.0.58/tomcat-api-9.0.58.jar:/home/tbaral/.m2/repository/org/apache/tomcat/tomcat-jni/9.0.58/tomcat-jni-9.0.58.jar:/home/tbaral/.m2/repository/org/apache/tomcat/tomcat-coyote/9.0.58/tomcat-coyote-9.0.58.jar:/home/tbaral/.m2/repository/org/apache/tomcat/tomcat-util/9.0.58/tomcat-util-9.0.58.jar:/home/tbaral/.m2/repository/org/apache/tomcat/tomcat-util-scan/9.0.58/tomcat-util-scan-9.0.58.jar:/home/tbaral/.m2/repository/org/apache/tomcat/tomcat-jaspic-api/9.0.58/tomcat-jaspic-api-9.0.58.jar:/home/tbaral/.m2/repository/org/apache/tomcat/tomcat-jdbc/9.0.58/tomcat-jdbc-9.0.58.jar:/home/tbaral/.m2/repository/org/apache/tomcat/tomcat-dbcp/9.0.58/tomcat-dbcp-9.0.58.jar:/home/tbaral/.m2/repository/junit/junit/4.13.1/junit-4.13.1.jar:/home/tbaral/.m2/repository/org/hamcrest/hamcrest-core/1.3/hamcrest-core-1.3.jar:/home/tbaral/.m2/repository/org/apache/tomcat/embed/tomcat-embed-core/9.0.58/tomcat-embed-core-9.0.58.jar:/home/tbaral/.m2/repository/io/rest-assured/rest-assured/4.1.1/rest-assured-4.1.1.jar:/home/tbaral/.m2/repository/org/codehaus/groovy/groovy/2.5.6/groovy-2.5.6.jar:/home/tbaral/.m2/repository/org/codehaus/groovy/groovy-xml/2.5.6/groovy-xml-2.5.6.jar:/home/tbaral/.m2/repository/org/apache/httpcomponents/httpclient/4.5.3/httpclient-4.5.3.jar:/home/tbaral/.m2/repository/org/apache/httpcomponents/httpcore/4.4.6/httpcore-4.4.6.jar:/home/tbaral/.m2/repository/commons-logging/commons-logging/1.2/commons-logging-1.2.jar:/home/tbaral/.m2/repository/commons-codec/commons-codec/1.9/commons-codec-1.9.jar:/home/tbaral/.m2/repository/org/apache/httpcomponents/httpmime/4.5.3/httpmime-4.5.3.jar:/home/tbaral/.m2/repository/org/hamcrest/hamcrest/2.1/hamcrest-2.1.jar:/home/tbaral/.m2/repository/org/ccil/cowan/tagsoup/tagsoup/1.2.1/tagsoup-1.2.1.jar:/home/tbaral/.m2/repository/io/rest-assured/json-path/4.1.1/json-path-4.1.1.jar:/home/tbaral/.m2/repository/org/codehaus/groovy/groovy-json/2.5.6/groovy-json-2.5.6.jar:/home/tbaral/.m2/repository/io/rest-assured/rest-assured-common/4.1.1/rest-assured-common-4.1.1.jar:/home/tbaral/.m2/repository/io/rest-assured/xml-path/4.1.1/xml-path-4.1.1.jar:/home/tbaral/.m2/repository/org/apache/commons/commons-lang3/3.4/commons-lang3-3.4.jar:/home/tbaral/.m2/repository/javax/xml/bind/jaxb-api/2.3.1/jaxb-api-2.3.1.jar:/home/tbaral/.m2/repository/javax/activation/javax.activation-api/1.2.0/javax.activation-api-1.2.0.jar:/home/tbaral/.m2/repository/com/sun/xml/bind/jaxb-osgi/2.3.0.1/jaxb-osgi-2.3.0.1.jar:/home/tbaral/.m2/repository/org/apache/sling/org.apache.sling.javax.activation/0.1.0/org.apache.sling.javax.activation-0.1.0.jar:/home/tbaral/.m2/repository/javax/activation/activation/1.1.1/activation-1.1.1.jar:/home/tbaral/.m2/repository/com/h2database/h2/2.1.210/h2-2.1.210.jar:./target/classes:./target/test-classes:/home/tbaral/.m2/repository/edu/gmu/swe/flaky/sleepy/sleepy-runner/0.0.4-SNAPSHOT/sleepy-runner-0.0.4-SNAPSHOT.jar' 'edu.gmu.swe.flaky.sleepy.runner.SleepyTestRunner' nl.nlighten.prometheus.tomcat.TomcatServletMetricsFilterTest#testServletRequestMetrics '<1721539164,0>' 'info' 10000 ./sleepy-records/internal/node-nl.nlighten.prometheus.tomcat.TomcatServletMetricsFilterTest#testServletRequestMetrics-0.sleepList
INFO:root:====BEGIN Java Log====
INFO:root:TALANK: args.length: 5
TALANK: args[0]: nl.nlighten.prometheus.tomcat.TomcatServletMetricsFilterTest#testServletRequestMetrics
TALANK: args[1]: <1721539164,0>
TALANK: args[2]: info
TALANK: args[3]: 10000
TALANK: args[4]: ./sleepy-records/internal/node-nl.nlighten.prometheus.tomcat.TomcatServletMetricsFilterTest#testServletRequestMetrics-0.sleepList
TALANK Adding line to sleep at: org/apache/tomcat/util/threads/TaskThread$WrappingRunnable:run:0
TALANK Adding line to sleep at: org/apache/tomcat/util/threads/TaskThread$WrappingRunnable:run:61
TALANK Adding line to sleep at: org/apache/tomcat/util/threads/ThreadPoolExecutor$Worker:run:0
TALANK Adding line to sleep at: org/apache/tomcat/util/threads/ThreadPoolExecutor:runWorker:1170
TALANK Adding line to sleep at: org/apache/tomcat/util/threads/ThreadPoolExecutor:runWorker:1171
TALANK Adding line to sleep at: org/apache/tomcat/util/threads/ThreadPoolExecutor:getTask:1089
TALANK Adding line to sleep at: org/apache/tomcat/util/threads/ThreadPoolExecutor:getTask:1090
TALANK Adding line to sleep at: org/apache/tomcat/util/threads/ThreadPoolExecutor:getTask:1114
TALANK Adding line to sleep at: org/apache/tomcat/util/threads/TaskQueue:take:146
TALANK Adding line to sleep at: org/apache/tomcat/util/threads/ThreadPoolExecutor:currentThreadShouldBeStopped:2227
TALANK Adding line to sleep at: org/apache/tomcat/util/threads/ThreadPoolExecutor:currentThreadShouldBeStopped:2228
TALANK Adding line to sleep at: org/apache/tomcat/util/threads/ThreadPoolExecutor:currentThreadShouldBeStopped:2229
TALANK Adding line to sleep at: org/apache/tomcat/util/threads/ThreadPoolExecutor:currentThreadShouldBeStopped:2230
TALANK Adding line to sleep at: org/apache/tomcat/util/threads/ThreadPoolExecutor:currentThreadShouldBeStopped:2231
TALANK Adding line to sleep at: org/apache/tomcat/util/threads/ThreadPoolExecutor:decrementWorkerCount:443
TALANK Adding line to sleep at: org/apache/tomcat/util/threads/ThreadPoolExecutor:decrementWorkerCount:444
TALANK Adding line to sleep at: org/apache/tomcat/util/threads/ThreadPoolExecutor:processWorkerExit:1036
TALANK Adding line to sleep at: org/apache/tomcat/util/threads/ThreadPoolExecutor:processWorkerExit:1037
TALANK Adding line to sleep at: org/apache/tomcat/util/threads/ThreadPoolExecutor:processWorkerExit:1041
TALANK Adding line to sleep at: org/apache/tomcat/util/threads/ThreadPoolExecutor:processWorkerExit:1042
TALANK Adding line to sleep at: org/apache/tomcat/util/threads/ThreadPoolExecutor:tryTerminate:738
TALANK Adding line to sleep at: org/apache/tomcat/util/threads/ThreadPoolExecutor:tryTerminate:739
TALANK Adding line to sleep at: org/apache/tomcat/util/threads/ThreadPoolExecutor:interruptIdleWorkers:823
TALANK Adding line to sleep at: org/apache/tomcat/util/threads/ThreadPoolExecutor:interruptIdleWorkers:824
TALANK Adding line to sleep at: org/apache/tomcat/util/threads/ThreadPoolExecutor:interruptIdleWorkers:827
TALANK Adding line to sleep at: org/apache/tomcat/util/threads/ThreadPoolExecutor:interruptIdleWorkers:828
TALANK Adding line to sleep at: org/apache/tomcat/util/threads/ThreadPoolExecutor$Worker:tryAcquire:675
TALANK Adding line to sleep at: org/apache/tomcat/util/threads/ThreadPoolExecutor$Worker:tryAcquire:676
TALANK Adding line to sleep at: org/apache/tomcat/util/threads/ThreadPoolExecutor:interruptIdleWorkers:829
TALANK Adding line to sleep at: org/apache/tomcat/util/threads/ThreadPoolExecutor:interruptIdleWorkers:830
TALANK Adding line to sleep at: org/apache/tomcat/util/threads/ThreadPoolExecutor:interruptIdleWorkers:840
TALANK Adding line to sleep at: org/apache/tomcat/util/threads/ThreadPoolExecutor:interruptIdleWorkers:841
TALANK Adding line to sleep at: org/apache/tomcat/util/threads/ThreadPoolExecutor:processWorkerExit:1046
TALANK Adding line to sleep at: org/apache/tomcat/util/threads/ThreadPoolExecutor:processWorkerExit:1047
TALANK Adding line to sleep at: org/apache/tomcat/util/threads/TaskThread$WrappingRunnable:run:62
TALANK Adding line to sleep at: org/apache/tomcat/util/threads/ThreadPoolExecutor:tryTerminate:750
TALANK Adding line to sleep at: org/apache/tomcat/util/threads/ThreadPoolExecutor:tryTerminate:751
TALANK Adding line to sleep at: org/apache/tomcat/util/threads/ThreadPoolExecutor:tryTerminate:752
TALANK Adding line to sleep at: org/apache/tomcat/util/threads/ThreadPoolExecutor:tryTerminate:753
TALANK Adding line to sleep at: org/apache/tomcat/util/threads/ThreadPoolExecutor:tryTerminate:762
TALANK Adding line to sleep at: org/apache/tomcat/util/threads/ThreadPoolExecutor:tryTerminate:763
********TALANK requesting to junitcore ******: org.junit.internal.requests.FilterRequest@30dae81
May 14, 2025 7:35:51 PM org.apache.catalina.core.StandardService startInternal
INFO: Starting service [Tomcat]
May 14, 2025 7:35:51 PM org.apache.catalina.core.StandardEngine startInternal
INFO: Starting Servlet engine: [Apache Tomcat/9.0.58]
May 14, 2025 7:35:51 PM org.apache.coyote.AbstractProtocol init
INFO: Initializing ProtocolHandler ["http-nio-auto-1"]
May 14, 2025 7:35:51 PM org.apache.coyote.AbstractProtocol start
INFO: Starting ProtocolHandler ["http-nio-auto-1-45843"]
May 14, 2025 7:35:51 PM org.apache.coyote.AbstractProtocol pause
INFO: Pausing ProtocolHandler ["http-nio-auto-1-45843"]
May 14, 2025 7:35:51 PM org.apache.catalina.core.StandardService stopInternal
INFO: Stopping service [Tomcat]
May 14, 2025 7:35:51 PM org.apache.coyote.AbstractProtocol stop
INFO: Stopping ProtocolHandler ["http-nio-auto-1-45843"]
java.lang.InterruptedException: sleep interrupted
	at java.lang.Thread.sleep(Native Method)
	at edu.gmu.swe.flaky.sleepy.intercept.Wrapper.napTime(Wrapper.java:265)
	at edu.gmu.swe.flaky.sleepy.intercept.Wrapper.extraSleep(Wrapper.java:217)
	at org.apache.tomcat.util.threads.ThreadPoolExecutor.getTask(ThreadPoolExecutor.java:1089)
	at org.apache.tomcat.util.threads.ThreadPoolExecutor.runWorker(ThreadPoolExecutor.java:1176)
	at org.apache.tomcat.util.threads.ThreadPoolExecutor$Worker.run(ThreadPoolExecutor.java:659)
	at org.apache.tomcat.util.threads.TaskThread$WrappingRunnable.run(TaskThread.java:61)
	at java.lang.Thread.run(Thread.java:745)
java.lang.InterruptedException: sleep interrupted
	at java.lang.Thread.sleep(Native Method)
	at edu.gmu.swe.flaky.sleepy.intercept.Wrapper.napTime(Wrapper.java:265)
	at edu.gmu.swe.flaky.sleepy.intercept.Wrapper.extraSleep(Wrapper.java:217)
	at org.apache.tomcat.util.threads.ThreadPoolExecutor.getTask(ThreadPoolExecutor.java:1089)
	at org.apache.tomcat.util.threads.ThreadPoolExecutor.runWorker(ThreadPoolExecutor.java:1176)
	at org.apache.tomcat.util.threads.ThreadPoolExecutor$Worker.run(ThreadPoolExecutor.java:659)
	at org.apache.tomcat.util.threads.TaskThread$WrappingRunnable.run(TaskThread.java:61)
	at java.lang.Thread.run(Thread.java:745)
java.lang.InterruptedException: sleep interrupted
	at java.lang.Thread.sleep(Native Method)
	at edu.gmu.swe.flaky.sleepy.intercept.Wrapper.napTime(Wrapper.java:265)
	at edu.gmu.swe.flaky.sleepy.intercept.Wrapper.extraSleep(Wrapper.java:217)
	at org.apache.tomcat.util.threads.ThreadPoolExecutor.decrementWorkerCount(ThreadPoolExecutor.java:443)
	at org.apache.tomcat.util.threads.ThreadPoolExecutor.getTask(ThreadPoolExecutor.java:1094)
	at org.apache.tomcat.util.threads.ThreadPoolExecutor.runWorker(ThreadPoolExecutor.java:1176)
	at org.apache.tomcat.util.threads.ThreadPoolExecutor$Worker.run(ThreadPoolExecutor.java:659)
	at org.apache.tomcat.util.threads.TaskThread$WrappingRunnable.run(TaskThread.java:61)
	at java.lang.Thread.run(Thread.java:745)
java.lang.InterruptedException: sleep interrupted
	at java.lang.Thread.sleep(Native Method)
	at edu.gmu.swe.flaky.sleepy.intercept.Wrapper.napTime(Wrapper.java:265)
	at edu.gmu.swe.flaky.sleepy.intercept.Wrapper.extraSleep(Wrapper.java:217)
	at org.apache.tomcat.util.threads.ThreadPoolExecutor.decrementWorkerCount(ThreadPoolExecutor.java:443)
	at org.apache.tomcat.util.threads.ThreadPoolExecutor.getTask(ThreadPoolExecutor.java:1094)
	at org.apache.tomcat.util.threads.ThreadPoolExecutor.runWorker(ThreadPoolExecutor.java:1176)
	at org.apache.tomcat.util.threads.ThreadPoolExecutor$Worker.run(ThreadPoolExecutor.java:659)
	at org.apache.tomcat.util.threads.TaskThread$WrappingRunnable.run(TaskThread.java:61)
	at java.lang.Thread.run(Thread.java:745)
java.lang.InterruptedException: sleep interrupted
	at java.lang.Thread.sleep(Native Method)
	at edu.gmu.swe.flaky.sleepy.intercept.Wrapper.napTime(Wrapper.java:265)
	at edu.gmu.swe.flaky.sleepy.intercept.Wrapper.extraSleep(Wrapper.java:217)
	at org.apache.tomcat.util.threads.ThreadPoolExecutor.processWorkerExit(ThreadPoolExecutor.java:1036)
	at org.apache.tomcat.util.threads.ThreadPoolExecutor.runWorker(ThreadPoolExecutor.java:1205)
	at org.apache.tomcat.util.threads.ThreadPoolExecutor$Worker.run(ThreadPoolExecutor.java:659)
	at org.apache.tomcat.util.threads.TaskThread$WrappingRunnable.run(TaskThread.java:61)
	at java.lang.Thread.run(Thread.java:745)
java.lang.InterruptedException: sleep interrupted
	at java.lang.Thread.sleep(Native Method)
	at edu.gmu.swe.flaky.sleepy.intercept.Wrapper.napTime(Wrapper.java:265)
	at edu.gmu.swe.flaky.sleepy.intercept.Wrapper.extraSleep(Wrapper.java:217)
	at org.apache.tomcat.util.threads.ThreadPoolExecutor.processWorkerExit(ThreadPoolExecutor.java:1036)
	at org.apache.tomcat.util.threads.ThreadPoolExecutor.runWorker(ThreadPoolExecutor.java:1205)
	at org.apache.tomcat.util.threads.ThreadPoolExecutor$Worker.run(ThreadPoolExecutor.java:659)
	at org.apache.tomcat.util.threads.TaskThread$WrappingRunnable.run(TaskThread.java:61)
	at java.lang.Thread.run(Thread.java:745)
May 14, 2025 7:36:01 PM org.apache.tomcat.util.net.AbstractEndpoint shutdownExecutor
WARNING: The executor associated with thread pool [http-nio-auto-1] has not fully shutdown. Some application threads may still be running.
May 14, 2025 7:36:01 PM org.apache.coyote.AbstractProtocol destroy
INFO: Destroying ProtocolHandler ["http-nio-auto-1-45843"]
TALANKINFO:FromJava:OK

INFO:root:====END Java Log====
INFO:root:Kill all Java processes
INFO:root:Using timeout 106.0 minutes
INFO:root:Running command:
INFO:root:/scratch/tbaral/ase26/nod-rr/NOD-Test-Repair/flakerake/jdk1.8.0_102/bin/java -XX:+ExitOnOutOfMemoryError -Xbootclasspath/p:/home/tbaral/.m2/repository/edu/gmu/swe/flaky/sleepy/sleepy-interceptor/0.0.4-SNAPSHOT/sleepy-interceptor-0.0.4-SNAPSHOT.jar -javaagent:/home/tbaral/.m2/repository/edu/gmu/swe/flaky/sleepy/sleepy-interceptor/0.0.4-SNAPSHOT/sleepy-interceptor-0.0.4-SNAPSHOT.jar   -cp '/home/tbaral/.m2/repository/io/prometheus/simpleclient/0.15.0/simpleclient-0.15.0.jar:/home/tbaral/.m2/repository/io/prometheus/simpleclient_tracer_otel/0.15.0/simpleclient_tracer_otel-0.15.0.jar:/home/tbaral/.m2/repository/io/prometheus/simpleclient_tracer_common/0.15.0/simpleclient_tracer_common-0.15.0.jar:/home/tbaral/.m2/repository/io/prometheus/simpleclient_tracer_otel_agent/0.15.0/simpleclient_tracer_otel_agent-0.15.0.jar:/home/tbaral/.m2/repository/io/prometheus/simpleclient_servlet/0.15.0/simpleclient_servlet-0.15.0.jar:/home/tbaral/.m2/repository/io/prometheus/simpleclient_common/0.15.0/simpleclient_common-0.15.0.jar:/home/tbaral/.m2/repository/io/prometheus/simpleclient_servlet_common/0.15.0/simpleclient_servlet_common-0.15.0.jar:/home/tbaral/.m2/repository/io/prometheus/simpleclient_hotspot/0.15.0/simpleclient_hotspot-0.15.0.jar:/home/tbaral/.m2/repository/org/apache/tomcat/tomcat-catalina/9.0.58/tomcat-catalina-9.0.58.jar:/home/tbaral/.m2/repository/org/apache/tomcat/tomcat-servlet-api/9.0.58/tomcat-servlet-api-9.0.58.jar:/home/tbaral/.m2/repository/org/apache/tomcat/tomcat-jsp-api/9.0.58/tomcat-jsp-api-9.0.58.jar:/home/tbaral/.m2/repository/org/apache/tomcat/tomcat-el-api/9.0.58/tomcat-el-api-9.0.58.jar:/home/tbaral/.m2/repository/org/apache/tomcat/tomcat-juli/9.0.58/tomcat-juli-9.0.58.jar:/home/tbaral/.m2/repository/org/apache/tomcat/tomcat-annotations-api/9.0.58/tomcat-annotations-api-9.0.58.jar:/home/tbaral/.m2/repository/org/apache/tomcat/tomcat-api/9.0.58/tomcat-api-9.0.58.jar:/home/tbaral/.m2/repository/org/apache/tomcat/tomcat-jni/9.0.58/tomcat-jni-9.0.58.jar:/home/tbaral/.m2/repository/org/apache/tomcat/tomcat-coyote/9.0.58/tomcat-coyote-9.0.58.jar:/home/tbaral/.m2/repository/org/apache/tomcat/tomcat-util/9.0.58/tomcat-util-9.0.58.jar:/home/tbaral/.m2/repository/org/apache/tomcat/tomcat-util-scan/9.0.58/tomcat-util-scan-9.0.58.jar:/home/tbaral/.m2/repository/org/apache/tomcat/tomcat-jaspic-api/9.0.58/tomcat-jaspic-api-9.0.58.jar:/home/tbaral/.m2/repository/org/apache/tomcat/tomcat-jdbc/9.0.58/tomcat-jdbc-9.0.58.jar:/home/tbaral/.m2/repository/org/apache/tomcat/tomcat-dbcp/9.0.58/tomcat-dbcp-9.0.58.jar:/home/tbaral/.m2/repository/junit/junit/4.13.1/junit-4.13.1.jar:/home/tbaral/.m2/repository/org/hamcrest/hamcrest-core/1.3/hamcrest-core-1.3.jar:/home/tbaral/.m2/repository/org/apache/tomcat/embed/tomcat-embed-core/9.0.58/tomcat-embed-core-9.0.58.jar:/home/tbaral/.m2/repository/io/rest-assured/rest-assured/4.1.1/rest-assured-4.1.1.jar:/home/tbaral/.m2/repository/org/codehaus/groovy/groovy/2.5.6/groovy-2.5.6.jar:/home/tbaral/.m2/repository/org/codehaus/groovy/groovy-xml/2.5.6/groovy-xml-2.5.6.jar:/home/tbaral/.m2/repository/org/apache/httpcomponents/httpclient/4.5.3/httpclient-4.5.3.jar:/home/tbaral/.m2/repository/org/apache/httpcomponents/httpcore/4.4.6/httpcore-4.4.6.jar:/home/tbaral/.m2/repository/commons-logging/commons-logging/1.2/commons-logging-1.2.jar:/home/tbaral/.m2/repository/commons-codec/commons-codec/1.9/commons-codec-1.9.jar:/home/tbaral/.m2/repository/org/apache/httpcomponents/httpmime/4.5.3/httpmime-4.5.3.jar:/home/tbaral/.m2/repository/org/hamcrest/hamcrest/2.1/hamcrest-2.1.jar:/home/tbaral/.m2/repository/org/ccil/cowan/tagsoup/tagsoup/1.2.1/tagsoup-1.2.1.jar:/home/tbaral/.m2/repository/io/rest-assured/json-path/4.1.1/json-path-4.1.1.jar:/home/tbaral/.m2/repository/org/codehaus/groovy/groovy-json/2.5.6/groovy-json-2.5.6.jar:/home/tbaral/.m2/repository/io/rest-assured/rest-assured-common/4.1.1/rest-assured-common-4.1.1.jar:/home/tbaral/.m2/repository/io/rest-assured/xml-path/4.1.1/xml-path-4.1.1.jar:/home/tbaral/.m2/repository/org/apache/commons/commons-lang3/3.4/commons-lang3-3.4.jar:/home/tbaral/.m2/repository/javax/xml/bind/jaxb-api/2.3.1/jaxb-api-2.3.1.jar:/home/tbaral/.m2/repository/javax/activation/javax.activation-api/1.2.0/javax.activation-api-1.2.0.jar:/home/tbaral/.m2/repository/com/sun/xml/bind/jaxb-osgi/2.3.0.1/jaxb-osgi-2.3.0.1.jar:/home/tbaral/.m2/repository/org/apache/sling/org.apache.sling.javax.activation/0.1.0/org.apache.sling.javax.activation-0.1.0.jar:/home/tbaral/.m2/repository/javax/activation/activation/1.1.1/activation-1.1.1.jar:/home/tbaral/.m2/repository/com/h2database/h2/2.1.210/h2-2.1.210.jar:./target/classes:./target/test-classes:/home/tbaral/.m2/repository/edu/gmu/swe/flaky/sleepy/sleepy-runner/0.0.4-SNAPSHOT/sleepy-runner-0.0.4-SNAPSHOT.jar' 'edu.gmu.swe.flaky.sleepy.runner.SleepyTestRunner' nl.nlighten.prometheus.tomcat.TomcatServletMetricsFilterTest#testServletRequestMetrics '<1721539164,0>' 'info' 10000 ./sleepy-records/internal/node-nl.nlighten.prometheus.tomcat.TomcatServletMetricsFilterTest#testServletRequestMetrics-0.sleepList
INFO:root:====BEGIN Java Log====
INFO:root:TALANK: args.length: 5
TALANK: args[0]: nl.nlighten.prometheus.tomcat.TomcatServletMetricsFilterTest#testServletRequestMetrics
TALANK: args[1]: <1721539164,0>
TALANK: args[2]: info
TALANK: args[3]: 10000
TALANK: args[4]: ./sleepy-records/internal/node-nl.nlighten.prometheus.tomcat.TomcatServletMetricsFilterTest#testServletRequestMetrics-0.sleepList
TALANK Adding line to sleep at: org/apache/tomcat/util/threads/TaskThread$WrappingRunnable:run:0
TALANK Adding line to sleep at: org/apache/tomcat/util/threads/TaskThread$WrappingRunnable:run:61
TALANK Adding line to sleep at: org/apache/tomcat/util/threads/ThreadPoolExecutor$Worker:run:0
TALANK Adding line to sleep at: org/apache/tomcat/util/threads/ThreadPoolExecutor:runWorker:1170
TALANK Adding line to sleep at: org/apache/tomcat/util/threads/ThreadPoolExecutor:runWorker:1171
TALANK Adding line to sleep at: org/apache/tomcat/util/threads/ThreadPoolExecutor:getTask:1089
TALANK Adding line to sleep at: org/apache/tomcat/util/threads/ThreadPoolExecutor:getTask:1090
TALANK Adding line to sleep at: org/apache/tomcat/util/threads/ThreadPoolExecutor:getTask:1114
TALANK Adding line to sleep at: org/apache/tomcat/util/threads/TaskQueue:take:146
TALANK Adding line to sleep at: org/apache/tomcat/util/threads/ThreadPoolExecutor:currentThreadShouldBeStopped:2227
TALANK Adding line to sleep at: org/apache/tomcat/util/threads/ThreadPoolExecutor:currentThreadShouldBeStopped:2228
TALANK Adding line to sleep at: org/apache/tomcat/util/threads/ThreadPoolExecutor:currentThreadShouldBeStopped:2229
TALANK Adding line to sleep at: org/apache/tomcat/util/threads/ThreadPoolExecutor:currentThreadShouldBeStopped:2230
TALANK Adding line to sleep at: org/apache/tomcat/util/threads/ThreadPoolExecutor:currentThreadShouldBeStopped:2231
TALANK Adding line to sleep at: org/apache/tomcat/util/threads/ThreadPoolExecutor:decrementWorkerCount:443
TALANK Adding line to sleep at: org/apache/tomcat/util/threads/ThreadPoolExecutor:decrementWorkerCount:444
TALANK Adding line to sleep at: org/apache/tomcat/util/threads/ThreadPoolExecutor:processWorkerExit:1036
TALANK Adding line to sleep at: org/apache/tomcat/util/threads/ThreadPoolExecutor:processWorkerExit:1037
TALANK Adding line to sleep at: org/apache/tomcat/util/threads/ThreadPoolExecutor:processWorkerExit:1041
TALANK Adding line to sleep at: org/apache/tomcat/util/threads/ThreadPoolExecutor:processWorkerExit:1042
TALANK Adding line to sleep at: org/apache/tomcat/util/threads/ThreadPoolExecutor:tryTerminate:738
TALANK Adding line to sleep at: org/apache/tomcat/util/threads/ThreadPoolExecutor:tryTerminate:739
TALANK Adding line to sleep at: org/apache/tomcat/util/threads/ThreadPoolExecutor:interruptIdleWorkers:823
TALANK Adding line to sleep at: org/apache/tomcat/util/threads/ThreadPoolExecutor:interruptIdleWorkers:824
TALANK Adding line to sleep at: org/apache/tomcat/util/threads/ThreadPoolExecutor:interruptIdleWorkers:827
TALANK Adding line to sleep at: org/apache/tomcat/util/threads/ThreadPoolExecutor:interruptIdleWorkers:828
TALANK Adding line to sleep at: org/apache/tomcat/util/threads/ThreadPoolExecutor$Worker:tryAcquire:675
TALANK Adding line to sleep at: org/apache/tomcat/util/threads/ThreadPoolExecutor$Worker:tryAcquire:676
TALANK Adding line to sleep at: org/apache/tomcat/util/threads/ThreadPoolExecutor:interruptIdleWorkers:829
TALANK Adding line to sleep at: org/apache/tomcat/util/threads/ThreadPoolExecutor:interruptIdleWorkers:830
TALANK Adding line to sleep at: org/apache/tomcat/util/threads/ThreadPoolExecutor:interruptIdleWorkers:840
TALANK Adding line to sleep at: org/apache/tomcat/util/threads/ThreadPoolExecutor:interruptIdleWorkers:841
TALANK Adding line to sleep at: org/apache/tomcat/util/threads/ThreadPoolExecutor:processWorkerExit:1046
TALANK Adding line to sleep at: org/apache/tomcat/util/threads/ThreadPoolExecutor:processWorkerExit:1047
TALANK Adding line to sleep at: org/apache/tomcat/util/threads/TaskThread$WrappingRunnable:run:62
TALANK Adding line to sleep at: org/apache/tomcat/util/threads/ThreadPoolExecutor:tryTerminate:750
TALANK Adding line to sleep at: org/apache/tomcat/util/threads/ThreadPoolExecutor:tryTerminate:751
TALANK Adding line to sleep at: org/apache/tomcat/util/threads/ThreadPoolExecutor:tryTerminate:752
TALANK Adding line to sleep at: org/apache/tomcat/util/threads/ThreadPoolExecutor:tryTerminate:753
TALANK Adding line to sleep at: org/apache/tomcat/util/threads/ThreadPoolExecutor:tryTerminate:762
TALANK Adding line to sleep at: org/apache/tomcat/util/threads/ThreadPoolExecutor:tryTerminate:763
********TALANK requesting to junitcore ******: org.junit.internal.requests.FilterRequest@30dae81
May 14, 2025 7:36:07 PM org.apache.catalina.core.StandardService startInternal
INFO: Starting service [Tomcat]
May 14, 2025 7:36:07 PM org.apache.catalina.core.StandardEngine startInternal
INFO: Starting Servlet engine: [Apache Tomcat/9.0.58]
May 14, 2025 7:36:07 PM org.apache.coyote.AbstractProtocol init
INFO: Initializing ProtocolHandler ["http-nio-auto-1"]
May 14, 2025 7:36:07 PM org.apache.coyote.AbstractProtocol start
INFO: Starting ProtocolHandler ["http-nio-auto-1-42083"]
May 14, 2025 7:36:07 PM org.apache.coyote.AbstractProtocol pause
INFO: Pausing ProtocolHandler ["http-nio-auto-1-42083"]
May 14, 2025 7:36:07 PM org.apache.catalina.core.StandardService stopInternal
INFO: Stopping service [Tomcat]
May 14, 2025 7:36:07 PM org.apache.coyote.AbstractProtocol stop
INFO: Stopping ProtocolHandler ["http-nio-auto-1-42083"]
java.lang.InterruptedException: sleep interrupted
	at java.lang.Thread.sleep(Native Method)
	at edu.gmu.swe.flaky.sleepy.intercept.Wrapper.napTime(Wrapper.java:265)
	at edu.gmu.swe.flaky.sleepy.intercept.Wrapper.extraSleep(Wrapper.java:217)
	at org.apache.tomcat.util.threads.ThreadPoolExecutor.getTask(ThreadPoolExecutor.java:1089)
	at org.apache.tomcat.util.threads.ThreadPoolExecutor.runWorker(ThreadPoolExecutor.java:1176)
	at org.apache.tomcat.util.threads.ThreadPoolExecutor$Worker.run(ThreadPoolExecutor.java:659)
	at org.apache.tomcat.util.threads.TaskThread$WrappingRunnable.run(TaskThread.java:61)
	at java.lang.Thread.run(Thread.java:745)
java.lang.InterruptedException: sleep interrupted
	at java.lang.Thread.sleep(Native Method)
	at edu.gmu.swe.flaky.sleepy.intercept.Wrapper.napTime(Wrapper.java:265)
	at edu.gmu.swe.flaky.sleepy.intercept.Wrapper.extraSleep(Wrapper.java:217)
	at org.apache.tomcat.util.threads.ThreadPoolExecutor.getTask(ThreadPoolExecutor.java:1089)
	at org.apache.tomcat.util.threads.ThreadPoolExecutor.runWorker(ThreadPoolExecutor.java:1176)
	at org.apache.tomcat.util.threads.ThreadPoolExecutor$Worker.run(ThreadPoolExecutor.java:659)
	at org.apache.tomcat.util.threads.TaskThread$WrappingRunnable.run(TaskThread.java:61)
	at java.lang.Thread.run(Thread.java:745)
java.lang.InterruptedException: sleep interrupted
	at java.lang.Thread.sleep(Native Method)
	at edu.gmu.swe.flaky.sleepy.intercept.Wrapper.napTime(Wrapper.java:265)
	at edu.gmu.swe.flaky.sleepy.intercept.Wrapper.extraSleep(Wrapper.java:217)
	at org.apache.tomcat.util.threads.ThreadPoolExecutor.decrementWorkerCount(ThreadPoolExecutor.java:443)
	at org.apache.tomcat.util.threads.ThreadPoolExecutor.getTask(ThreadPoolExecutor.java:1094)
	at org.apache.tomcat.util.threads.ThreadPoolExecutor.runWorker(ThreadPoolExecutor.java:1176)
	at org.apache.tomcat.util.threads.ThreadPoolExecutor$Worker.run(ThreadPoolExecutor.java:659)
	at org.apache.tomcat.util.threads.TaskThread$WrappingRunnable.run(TaskThread.java:61)
	at java.lang.Thread.run(Thread.java:745)
java.lang.InterruptedException: sleep interrupted
	at java.lang.Thread.sleep(Native Method)
	at edu.gmu.swe.flaky.sleepy.intercept.Wrapper.napTime(Wrapper.java:265)
	at edu.gmu.swe.flaky.sleepy.intercept.Wrapper.extraSleep(Wrapper.java:217)
	at org.apache.tomcat.util.threads.ThreadPoolExecutor.decrementWorkerCount(ThreadPoolExecutor.java:443)
	at org.apache.tomcat.util.threads.ThreadPoolExecutor.getTask(ThreadPoolExecutor.java:1094)
	at org.apache.tomcat.util.threads.ThreadPoolExecutor.runWorker(ThreadPoolExecutor.java:1176)
	at org.apache.tomcat.util.threads.ThreadPoolExecutor$Worker.run(ThreadPoolExecutor.java:659)
	at org.apache.tomcat.util.threads.TaskThread$WrappingRunnable.run(TaskThread.java:61)
	at java.lang.Thread.run(Thread.java:745)
java.lang.InterruptedException: sleep interrupted
	at java.lang.Thread.sleep(Native Method)
	at edu.gmu.swe.flaky.sleepy.intercept.Wrapper.napTime(Wrapper.java:265)
	at edu.gmu.swe.flaky.sleepy.intercept.Wrapper.extraSleep(Wrapper.java:217)
	at org.apache.tomcat.util.threads.ThreadPoolExecutor.processWorkerExit(ThreadPoolExecutor.java:1036)
	at org.apache.tomcat.util.threads.ThreadPoolExecutor.runWorker(ThreadPoolExecutor.java:1205)
	at org.apache.tomcat.util.threads.ThreadPoolExecutor$Worker.run(ThreadPoolExecutor.java:659)
	at org.apache.tomcat.util.threads.TaskThread$WrappingRunnable.run(TaskThread.java:61)
	at java.lang.Thread.run(Thread.java:745)
May 14, 2025 7:36:27 PM org.apache.tomcat.util.net.AbstractEndpoint shutdownExecutor
WARNING: The executor associated with thread pool [http-nio-auto-1] has not fully shutdown. Some application threads may still be running.
May 14, 2025 7:36:27 PM org.apache.coyote.AbstractProtocol destroy
INFO: Destroying ProtocolHandler ["http-nio-auto-1-42083"]
TALANKINFO:FromJava:OK

INFO:root:====END Java Log====
INFO:root:Kill all Java processes
INFO:root:Impossible to make stable failure so skipping <1721539164,0>
INFO:root:Could not fail nl.nlighten.prometheus.tomcat.TomcatServletMetricsFilterTest#testServletRequestMetrics sleeping thread <1721539164,0>
INFO:root:After working thread <1721539164,0>, with 1396.0 minutes left to analyze nl.nlighten.prometheus.tomcat.TomcatServletMetricsFilterTest#testServletRequestMetrics
INFO:root:Starting analysis on thread named <1721539164,1> that is 7 out of 12
INFO:root:Initial list
INFO:root:['org/apache/tomcat/util/threads/TaskThread$WrappingRunnable:run:0\n', 'org/apache/tomcat/util/threads/TaskThread$WrappingRunnable:run:61\n', 'org/apache/tomcat/util/threads/ThreadPoolExecutor$Worker:run:0\n', 'org/apache/tomcat/util/threads/ThreadPoolExecutor:runWorker:1170\n', 'org/apache/tomcat/util/threads/ThreadPoolExecutor:runWorker:1171\n', 'org/apache/tomcat/util/threads/ThreadPoolExecutor:getTask:1089\n', 'org/apache/tomcat/util/threads/ThreadPoolExecutor:getTask:1090\n', 'org/apache/tomcat/util/threads/ThreadPoolExecutor:getTask:1114\n', 'org/apache/tomcat/util/threads/TaskQueue:take:146\n', 'org/apache/tomcat/util/threads/TaskQueue:take:147\n', 'org/apache/tomcat/util/threads/ThreadPoolExecutor:getTask:1115\n', 'org/apache/tomcat/util/threads/ThreadPoolExecutor$Worker:tryAcquire:675\n', 'org/apache/tomcat/util/threads/ThreadPoolExecutor$Worker:tryAcquire:676\n', 'org/apache/tomcat/util/threads/ThreadPoolExecutor:runWorker:1182\n', 'org/apache/tomcat/util/threads/ThreadPoolExecutor:runWorker:1183\n', 'org/apache/tomcat/util/threads/ThreadPoolExecutor:runWorker:1184\n', 'org/apache/tomcat/util/threads/ThreadPoolExecutor:runWorker:1191\n', 'org/apache/tomcat/util/net/SocketProcessorBase:run:0\n', 'org/apache/tomcat/util/net/SocketProcessorBase:run:40\n', 'org/apache/tomcat/util/net/SocketWrapperBase:isClosed:437\n', 'org/apache/tomcat/util/net/SocketWrapperBase:isClosed:438\n', 'org/apache/tomcat/util/collections/SynchronizedStack:pop:0\n', 'org/apache/tomcat/util/collections/SynchronizedStack:pop:76\n', 'org/apache/tomcat/util/res/StringManager:getManager:0\n', 'org/apache/tomcat/util/res/StringManager:getManager:266\n', 'org/apache/coyote/http11/Http11OutputBuffer:<init>:110\n', 'org/apache/coyote/http11/Http11OutputBuffer:<init>:111\n', 'org/apache/coyote/http11/filters/ChunkedOutputFilter:<init>:76\n', 'org/apache/coyote/http11/filters/ChunkedOutputFilter:<init>:77\n', 'org/apache/coyote/http11/filters/ChunkedOutputFilter:<init>:79\n', 'org/apache/coyote/http11/filters/ChunkedOutputFilter:<init>:80\n', 'org/apache/coyote/http11/filters/ChunkedOutputFilter:<init>:81\n', 'org/apache/coyote/http11/filters/ChunkedOutputFilter:<init>:84\n', 'org/apache/coyote/http11/filters/ChunkedOutputFilter:<init>:85\n', 'org/apache/coyote/http11/filters/ChunkedOutputFilter:<init>:91\n', 'org/apache/coyote/http11/filters/ChunkedOutputFilter:<init>:92\n', 'org/apache/coyote/http11/filters/ChunkedOutputFilter:<init>:93\n', 'org/apache/coyote/http11/filters/GzipOutputFilter$FakeOutputStream:<init>:147\n', 'org/apache/coyote/http11/filters/GzipOutputFilter$FakeOutputStream:<init>:148\n', 'org/apache/coyote/AbstractProtocol$ConnectionHandler:register:1130\n', 'org/apache/coyote/AbstractProtocol$ConnectionHandler:register:1132\n', 'org/apache/coyote/AbstractProtocol$ConnectionHandler:register:1133\n', 'org/apache/coyote/RequestGroupInfo:addRequestProcessor:0\n', 'org/apache/coyote/RequestGroupInfo:addRequestProcessor:39\n', 'org/apache/coyote/AbstractProtocol:getNameIndex:0\n', 'org/apache/coyote/AbstractProtocol:getNameIndex:360\n', 'org/apache/tomcat/util/net/AbstractJsseEndpoint:getLocalAddress:232\n', 'org/apache/tomcat/util/net/AbstractJsseEndpoint:getLocalAddress:233\n', 'org/apache/tomcat/util/modeler/Registry:getRegistry:0\n', 'org/apache/tomcat/util/modeler/Registry:getRegistry:144\n', 'org/apache/tomcat/util/modeler/ManagedBean:setName:178\n', 'org/apache/tomcat/util/modeler/ManagedBean:setName:179\n', 'org/apache/tomcat/util/modeler/ManagedBean:setName:183\n', 'org/apache/tomcat/util/modeler/ManagedBean:setName:184\n', 'org/apache/tomcat/util/modeler/ManagedBean:getMBeanInfo:354\n', 'org/apache/tomcat/util/modeler/ManagedBean:getMBeanInfo:355\n', 'org/apache/tomcat/util/modeler/ManagedBean:getMBeanInfo:360\n', 'org/apache/tomcat/util/modeler/ManagedBean:getMBeanInfo:361\n', 'org/apache/tomcat/util/modeler/ManagedBean:getMBeanInfo:363\n', 'org/apache/tomcat/util/modeler/ManagedBean:getMBeanInfo:364\n', 'org/apache/tomcat/util/modeler/ManagedBean:getMBeanInfo:401\n', 'org/apache/tomcat/util/modeler/ManagedBean:getMBeanInfo:402\n', 'org/apache/coyote/AbstractProtocol$ConnectionHandler:register:1151\n', 'org/apache/coyote/http11/Http11InputBuffer:init:757\n', 'org/apache/coyote/http11/Http11InputBuffer:init:758\n', 'org/apache/coyote/http11/Http11InputBuffer:init:759\n', 'org/apache/tomcat/util/net/NioChannel:read:160\n', 'org/apache/tomcat/util/net/NioChannel:read:161\n', 'org/apache/tomcat/util/net/NioEndpoint$NioSocketWrapper:updateLastRead:1153\n', 'org/apache/tomcat/util/net/NioEndpoint$NioSocketWrapper:updateLastRead:1154\n', 'org/apache/coyote/http11/Http11InputBuffer:parseRequestLine:372\n', 'org/apache/coyote/http11/Http11InputBuffer:parseRequestLine:373\n', 'org/apache/coyote/http11/Http11InputBuffer:parseRequestLine:385\n', 'org/apache/coyote/http11/Http11InputBuffer:parseRequestLine:386\n', 'org/apache/coyote/http11/Http11InputBuffer:parseRequestLine:387\n', 'org/apache/coyote/http11/Http11InputBuffer:parseRequestLine:388\n', 'org/apache/coyote/http11/Http11InputBuffer:parseRequestLine:410\n', 'org/apache/coyote/http11/Http11InputBuffer:parseRequestLine:411\n', 'org/apache/coyote/http11/Http11InputBuffer:parseRequestLine:413\n', 'org/apache/coyote/http11/Http11InputBuffer:parseRequestLine:414\n', 'org/apache/coyote/http11/Http11InputBuffer:parseRequestLine:434\n', 'org/apache/coyote/http11/Http11InputBuffer:parseRequestLine:435\n', 'org/apache/coyote/http11/Http11InputBuffer:parseRequestLine:460\n', 'org/apache/coyote/http11/Http11InputBuffer:parseRequestLine:461\n', 'org/apache/coyote/http11/Http11InputBuffer:parseRequestLine:511\n', 'org/apache/coyote/http11/Http11InputBuffer:parseRequestLine:512\n', 'org/apache/coyote/http11/Http11InputBuffer:parseRequestLine:530\n', 'org/apache/coyote/http11/Http11InputBuffer:parseRequestLine:531\n', 'org/apache/coyote/http11/Http11InputBuffer:parseRequestLine:557\n', 'org/apache/coyote/http11/Http11InputBuffer:parseRequestLine:558\n', 'org/apache/coyote/http11/Http11InputBuffer:parseRequestLine:575\n', 'org/apache/coyote/http11/Http11InputBuffer:parseRequestLine:576\n', 'org/apache/coyote/http11/Http11InputBuffer:parseHeader:864\n', 'org/apache/coyote/http11/Http11InputBuffer:parseHeader:865\n', 'org/apache/coyote/http11/Http11InputBuffer:parseHeader:905\n', 'org/apache/coyote/http11/Http11InputBuffer:parseHeader:906\n', 'org/apache/coyote/http11/Http11InputBuffer:parseHeader:927\n', 'org/apache/coyote/http11/Http11InputBuffer:parseHeader:928\n', 'org/apache/coyote/http11/Http11InputBuffer:parseHeader:908\n', 'org/apache/coyote/http11/Http11InputBuffer:parseHeader:909\n', 'org/apache/coyote/http11/Http11InputBuffer:parseHeader:955\n', 'org/apache/coyote/http11/Http11InputBuffer:parseHeader:956\n', 'org/apache/coyote/http11/Http11InputBuffer:parseHeader:978\n', 'org/apache/coyote/http11/Http11InputBuffer:parseHeader:979\n', 'org/apache/coyote/http11/Http11InputBuffer:parseHeader:998\n', 'org/apache/coyote/http11/Http11InputBuffer:parseHeader:999\n', 'org/apache/coyote/http11/Http11InputBuffer:parseHeader:1019\n', 'org/apache/coyote/http11/Http11InputBuffer:parseHeader:1020\n', 'org/apache/coyote/http11/Http11InputBuffer:parseHeader:1034\n', 'org/apache/coyote/http11/Http11InputBuffer:parseHeader:1035\n', 'org/apache/coyote/http11/Http11InputBuffer:parseHeader:995\n', 'org/apache/coyote/http11/Http11InputBuffer:parseHeader:996\n', 'org/apache/tomcat/util/buf/ByteChunk:toStringInternal:595\n', 'org/apache/tomcat/util/buf/ByteChunk:toStringInternal:596\n', 'org/apache/tomcat/util/buf/ByteChunk:toStringInternal:597\n', 'org/apache/catalina/connector/InputBuffer:<init>:153\n', 'org/apache/catalina/connector/InputBuffer:<init>:154\n', 'org/apache/catalina/connector/InputBuffer:clear:618\n', 'org/apache/catalina/connector/InputBuffer:clear:619\n', 'org/apache/catalina/connector/InputBuffer:<init>:155\n', 'org/apache/catalina/connector/InputBuffer:<init>:156\n', 'org/apache/catalina/connector/OutputBuffer:<init>:138\n', 'org/apache/catalina/connector/OutputBuffer:<init>:139\n', 'org/apache/catalina/connector/OutputBuffer:clear:847\n', 'org/apache/catalina/connector/OutputBuffer:clear:848\n', 'org/apache/catalina/connector/OutputBuffer:<init>:140\n', 'org/apache/catalina/connector/OutputBuffer:<init>:141\n', 'org/apache/catalina/connector/CoyoteAdapter:lambda$static$0:86\n', 'org/apache/catalina/connector/CoyoteAdapter:lambda$static$0:87\n', 'org/apache/coyote/Request:setRequestThread:696\n', 'org/apache/coyote/Request:setRequestThread:697\n', 'org/apache/tomcat/util/buf/B2CConverter:<init>:86\n', 'org/apache/tomcat/util/buf/B2CConverter:<init>:87\n', 'org/apache/tomcat/util/buf/B2CConverter:convert:126\n', 'org/apache/tomcat/util/buf/B2CConverter:convert:127\n', 'org/apache/tomcat/util/buf/B2CConverter:convert:134\n', 'org/apache/tomcat/util/buf/B2CConverter:convert:135\n', 'org/apache/tomcat/util/buf/Utf8Decoder:decodeLoop:77\n', 'org/apache/tomcat/util/buf/Utf8Decoder:decodeLoop:78\n', 'org/apache/tomcat/util/buf/Utf8Decoder:decodeHasArray:152\n', 'org/apache/tomcat/util/buf/Utf8Decoder:decodeHasArray:153\n', 'org/apache/tomcat/util/buf/Utf8Decoder:decodeHasArray:154\n', 'org/apache/tomcat/util/buf/Utf8Decoder:decodeHasArray:155\n', 'org/apache/tomcat/util/buf/Utf8Decoder:decodeHasArray:156\n', 'org/apache/tomcat/util/buf/Utf8Decoder:decodeHasArray:157\n', 'org/apache/tomcat/util/buf/Utf8Decoder:decodeHasArray:293\n', 'org/apache/tomcat/util/buf/Utf8Decoder:decodeHasArray:294\n', 'org/apache/tomcat/util/buf/Utf8Decoder:decodeHasArray:295\n', 'org/apache/coyote/Response:isError:319\n', 'org/apache/coyote/Response:isError:320\n', 'org/apache/catalina/core/StandardContext:getLoader:1865\n', 'org/apache/catalina/core/StandardContext:getLoader:1866\n', 'org/apache/catalina/core/StandardContext:getLoader:1869\n', 'org/apache/catalina/core/StandardContext:getLoader:1870\n', 'org/apache/catalina/core/StandardContext:bind:5874\n', 'org/apache/catalina/core/StandardContext:bind:5875\n', 'org/apache/coyote/Response:isErrorReportRequired:324\n', 'org/apache/coyote/Response:isErrorReportRequired:325\n', 'org/apache/catalina/core/StandardContext:getManager:1921\n', 'org/apache/catalina/core/StandardContext:getManager:1922\n', 'org/apache/catalina/core/StandardContext:getManager:1925\n', 'org/apache/catalina/core/StandardContext:getManager:1926\n', 'org/apache/catalina/core/ContainerBase:getRealm:596\n', 'org/apache/catalina/core/ContainerBase:getRealm:597\n', 'org/apache/catalina/core/ContainerBase:getRealm:606\n', 'org/apache/catalina/core/ContainerBase:getRealm:607\n', 'org/apache/catalina/authenticator/jaspic/AuthConfigFactoryImpl:loadPersistentRegistrations:337\n', 'org/apache/catalina/authenticator/jaspic/AuthConfigFactoryImpl:loadPersistentRegistrations:343\n', 'org/apache/catalina/core/StandardWrapperValve:invoke:94\n', 'org/apache/catalina/core/StandardWrapperValve:invoke:95\n', 'org/apache/catalina/core/StandardWrapperValve:invoke:96\n', 'org/apache/catalina/core/StandardWrapper:allocate:779\n', 'org/apache/catalina/startup/Tomcat$ExistingStandardWrapper:loadServlet:0\n', 'org/apache/catalina/startup/Tomcat$ExistingStandardWrapper:loadServlet:1244\n', 'org/apache/catalina/core/StandardWrapper:allocate:794\n', 'org/apache/catalina/core/StandardWrapper:allocate:795\n', 'org/apache/catalina/core/StandardWrapper:allocate:806\n', 'org/apache/catalina/core/StandardContext$ContextFilterMaps:asArray:4518\n', 'org/apache/catalina/core/StandardContext$ContextFilterMaps:asArray:4519\n', 'io/prometheus/client/Striped64:<clinit>:280\n', 'io/prometheus/client/Striped64:<clinit>:281\n', 'io/prometheus/client/Striped64:<clinit>:282\n', 'io/prometheus/client/SimpleCollector:labels:78\n', 'io/prometheus/client/SimpleCollector:labels:79\n', 'io/prometheus/client/Striped64:casBase:148\n', 'io/prometheus/client/Striped64:casBase:149\n', 'io/prometheus/client/Histogram$Child:<init>:359\n', 'io/prometheus/client/Histogram$Child:<init>:360\n', 'org/apache/catalina/session/ManagerBase:createSession:718\n', 'org/apache/catalina/session/ManagerBase:createSession:719\n', 'org/apache/catalina/session/ManagerBase:add:686\n', 'org/apache/catalina/session/ManagerBase:add:690\n', 'org/apache/catalina/session/ManagerBase:createSession:728\n', 'org/apache/catalina/session/ManagerBase:createSession:731\n', 'org/apache/catalina/session/StandardSession:access:690\n', 'org/apache/catalina/session/StandardSession:access:691\n', 'org/apache/catalina/webresources/Cache:getResources:149\n', 'org/apache/catalina/webresources/Cache:getResources:150\n', 'org/apache/catalina/webresources/Cache:getResources:169\n', 'org/apache/catalina/webresources/Cache:getResources:170\n', 'org/apache/catalina/webresources/CachedResource:validateResources:153\n', 'org/apache/catalina/webresources/CachedResource:validateResources:154\n', 'org/apache/catalina/webresources/CachedResource:validateResources:156\n', 'org/apache/catalina/webresources/CachedResource:validateResources:161\n', 'org/apache/catalina/webresources/Cache:getResources:178\n', 'org/apache/catalina/webresources/Cache:getResources:179\n', 'org/apache/catalina/webresources/Cache:getResources:180\n', 'org/apache/catalina/webresources/Cache:getResources:181\n', 'org/apache/catalina/loader/WebappClassLoaderBase:loadClass:1247\n', 'org/apache/catalina/loader/WebappClassLoaderBase:loadClass:1359\n', 'org/apache/naming/ContextBindings:isThreadBound:203\n', 'org/apache/naming/ContextBindings:isThreadBound:204\n', 'org/apache/naming/ContextBindings:isClassLoaderBound:297\n', 'org/apache/naming/ContextBindings:isClassLoaderBound:298\n', 'org/apache/naming/StringManager:getManager:0\n', 'org/apache/naming/StringManager:getManager:176\n', 'org/apache/naming/ContextBindings:getClassLoader:260\n', 'org/apache/naming/ContextBindings:getClassLoader:261\n', 'org/apache/tomcat/jdbc/pool/ConnectionPool:borrowConnection:672\n', 'org/apache/tomcat/jdbc/pool/ConnectionPool:borrowConnection:673\n', 'org/apache/tomcat/jdbc/pool/FairBlockingQueue:poll:259\n', 'org/apache/tomcat/jdbc/pool/FairBlockingQueue:poll:260\n', 'org/apache/tomcat/jdbc/pool/FairBlockingQueue:poll:263\n', 'org/apache/tomcat/jdbc/pool/FairBlockingQueue:poll:264\n', 'org/apache/tomcat/jdbc/pool/PooledConnection:lock:780\n', 'org/apache/tomcat/jdbc/pool/PooledConnection:lock:781\n', 'org/apache/tomcat/jdbc/pool/PooledConnection:isReleased:853\n', 'org/apache/tomcat/jdbc/pool/PooledConnection:isReleased:854\n', 'org/apache/tomcat/jdbc/pool/ConnectionPool:borrowConnection:844\n', 'org/apache/tomcat/jdbc/pool/ConnectionPool:borrowConnection:845\n', 'org/apache/tomcat/jdbc/pool/PooledConnection:unlock:791\n', 'org/apache/tomcat/jdbc/pool/PooledConnection:unlock:792\n', 'org/apache/tomcat/jdbc/pool/ConnectionPool:borrowConnection:680\n', 'org/apache/tomcat/jdbc/pool/ConnectionPool:borrowConnection:681\n', 'org/apache/tomcat/jdbc/pool/PooledConnection:createMBean:864\n', 'org/apache/tomcat/jdbc/pool/PooledConnection:createMBean:865\n', 'org/apache/tomcat/jdbc/pool/interceptor/AbstractCreateStatementInterceptor:invoke:74\n', 'org/apache/tomcat/jdbc/pool/interceptor/AbstractCreateStatementInterceptor:invoke:75\n', 'org/h2/message/TraceObject:getNextId:154\n', 'org/h2/message/TraceObject:getNextId:155\n', 'org/h2/engine/SessionLocal:isClosed:1152\n', 'org/h2/engine/SessionLocal:isClosed:1153\n', 'org/apache/tomcat/jdbc/pool/interceptor/AbstractCreateStatementInterceptor:invoke:76\n', 'org/apache/tomcat/jdbc/pool/interceptor/AbstractCreateStatementInterceptor:invoke:77\n', 'org/apache/tomcat/jdbc/pool/interceptor/AbstractQueryReport$StatementProxy:invoke:211\n', 'org/apache/tomcat/jdbc/pool/interceptor/AbstractQueryReport$StatementProxy:invoke:212\n', 'org/h2/jdbc/JdbcStatement:executeQuery:88\n', 'org/h2/engine/SessionLocal:prepareCommand:0\n', 'org/h2/engine/Database:getModificationMetaId:444\n', 'org/h2/engine/Database:getModificationMetaId:445\n', 'org/h2/message/TraceSystem:getTrace:131\n', 'org/h2/message/TraceSystem:getTrace:132\n', 'org/h2/message/TraceSystem:getTrace:134\n', 'org/h2/message/TraceSystem:getTrace:135\n', 'org/h2/engine/SessionLocal:prepareCommand:553\n', 'org/h2/engine/SessionLocal:transitionToState:1215\n', 'org/h2/engine/SessionLocal:transitionToState:1216\n', 'org/h2/engine/SessionLocal:transitionToState:1217\n', 'org/h2/engine/SessionLocal:transitionToState:1218\n', 'org/h2/engine/SessionLocal:isOpen:1156\n', 'org/h2/engine/SessionLocal:isOpen:1157\n', 'org/h2/engine/Database:getExclusiveSession:2099\n', 'org/h2/engine/Database:getExclusiveSession:2100\n', 'org/h2/command/Command:executeQuery:183\n', 'org/h2/mvstore/tx/TransactionStore:registerTransaction:399\n', 'org/h2/mvstore/tx/TransactionStore:registerTransaction:400\n', 'org/h2/mvstore/tx/TransactionStore:registerTransaction:416\n', 'org/h2/mvstore/tx/TransactionStore:registerTransaction:417\n', 'org/h2/mvstore/tx/TransactionStore:registerTransaction:423\n', 'org/h2/mvstore/tx/TransactionStore:registerTransaction:424\n', 'org/h2/mvstore/MVStore$TxCounter:incrementAndGet:3707\n', 'org/h2/mvstore/MVStore$TxCounter:incrementAndGet:3708\n', 'org/h2/engine/Database:getModificationDataId:436\n', 'org/h2/engine/Database:getModificationDataId:437\n', 'org/h2/mvstore/MVStore$TxCounter:decrementAndGet:3716\n', 'org/h2/mvstore/MVStore$TxCounter:decrementAndGet:3717\n', 'org/h2/mvstore/MVStore:deregisterVersionUsage:3582\n', 'org/h2/mvstore/MVStore:deregisterVersionUsage:3583\n', 'org/h2/mvstore/MVStore:deregisterVersionUsage:3584\n', 'org/h2/mvstore/MVStore:deregisterVersionUsage:3585\n', 'org/h2/mvstore/MVStore:setOldestVersionToKeep:2772\n', 'org/h2/mvstore/MVStore:setOldestVersionToKeep:2773\n', 'org/h2/mvstore/MVStore:deregisterVersionUsage:3588\n', 'org/h2/mvstore/MVStore:deregisterVersionUsage:3589\n', 'org/h2/mvstore/MVStore:isBackgroundThread:3418\n', 'org/h2/mvstore/MVStore:isBackgroundThread:3419\n', 'org/h2/engine/Database:throwLastBackgroundException:1796\n', 'org/h2/engine/Database:throwLastBackgroundException:1797\n', 'org/h2/mvstore/tx/Transaction:setStatus:216\n', 'org/h2/mvstore/tx/Transaction:setStatus:217\n', 'org/h2/mvstore/tx/Transaction:setStatus:255\n', 'org/h2/mvstore/tx/Transaction:setStatus:256\n', 'org/h2/mvstore/tx/TransactionStore:endTransaction:614\n', 'org/h2/mvstore/tx/TransactionStore:endTransaction:615\n', 'org/h2/mvstore/tx/TransactionStore:endTransaction:618\n', 'org/h2/mvstore/tx/TransactionStore:endTransaction:619\n', 'org/h2/mvstore/tx/TransactionStore:endTransaction:622\n', 'org/h2/mvstore/tx/TransactionStore:endTransaction:623\n', 'org/h2/command/Command:executeQuery:229\n', 'org/h2/jdbc/JdbcStatement:executeQuery:110\n', 'org/apache/tomcat/jdbc/pool/interceptor/AbstractQueryReport$StatementProxy:invoke:226\n', 'org/apache/tomcat/jdbc/pool/interceptor/AbstractQueryReport$StatementProxy:invoke:227\n', 'io/prometheus/client/Histogram$Child:updateExemplar:415\n', 'io/prometheus/client/Histogram$Child:updateExemplar:416\n', 'org/h2/engine/Database:findSchema:976\n', 'org/h2/engine/Database:findSchema:977\n', 'org/h2/schema/Schema:findTableOrView:318\n', 'org/h2/schema/Schema:findTableOrView:319\n', 'org/h2/schema/Schema:resolveTableOrView:338\n', 'org/h2/schema/Schema:resolveTableOrView:339\n', 'org/h2/engine/Database:getFirstUserTable:2211\n', 'org/h2/engine/Database:getFirstUserTable:2212\n', 'org/h2/schema/Schema:getAllTablesAndViews:724\n', 'org/h2/schema/Schema:getAllTablesAndViews:725\n', 'nl/nlighten/prometheus/tomcat/TomcatJdbcInterceptor:reportFailedQuery:142\n', 'nl/nlighten/prometheus/tomcat/TomcatJdbcInterceptor:reportFailedQuery:143\n', 'org/apache/tomcat/jdbc/pool/ConnectionPool:returnConnection:1004\n', 'org/apache/tomcat/jdbc/pool/ConnectionPool:returnConnection:1005\n', 'org/apache/tomcat/jdbc/pool/ConnectionPool:returnConnection:1016\n', 'org/apache/tomcat/jdbc/pool/ConnectionPool:returnConnection:1017\n', 'org/apache/tomcat/jdbc/pool/ConnectionPool:getPoolVersion:1559\n', 'org/apache/tomcat/jdbc/pool/ConnectionPool:getPoolVersion:1560\n', 'org/apache/tomcat/jdbc/pool/ConnectionPool:returnConnection:1021\n', 'org/apache/tomcat/jdbc/pool/ConnectionPool:returnConnection:1022\n', 'org/apache/tomcat/jdbc/pool/FairBlockingQueue:offer:95\n', 'org/apache/tomcat/jdbc/pool/FairBlockingQueue:offer:96\n', 'org/apache/tomcat/jdbc/pool/FairBlockingQueue:offer:112\n', 'org/apache/tomcat/jdbc/pool/FairBlockingQueue:offer:113\n', 'org/apache/tomcat/jdbc/pool/ConnectionPool:returnConnection:1023\n', 'org/apache/tomcat/util/buf/C2BConverter:<init>:46\n', 'org/apache/tomcat/util/buf/C2BConverter:<init>:47\n', 'org/apache/catalina/connector/OutputBuffer:toWriteMode:860\n', 'org/apache/catalina/connector/OutputBuffer:toWriteMode:861\n', 'org/apache/catalina/connector/OutputBuffer:toWriteMode:862\n', 'org/apache/catalina/connector/OutputBuffer:toWriteMode:863\n', 'org/apache/catalina/connector/OutputBuffer:transfer:828\n', 'org/apache/catalina/connector/OutputBuffer:transfer:829\n', 'org/apache/catalina/connector/OutputBuffer:toReadMode:855\n', 'org/apache/catalina/connector/OutputBuffer:toReadMode:856\n', 'org/apache/catalina/connector/OutputBuffer:toReadMode:857\n', 'org/apache/catalina/connector/OutputBuffer:transfer:818\n', 'org/apache/catalina/connector/OutputBuffer:transfer:819\n', 'org/apache/catalina/connector/OutputBuffer:flushCharBuffer:788\n', 'org/apache/catalina/connector/OutputBuffer:flushCharBuffer:789\n', 'org/apache/tomcat/util/buf/C2BConverter:convert:135\n', 'org/apache/tomcat/util/buf/C2BConverter:convert:136\n', 'org/apache/tomcat/util/buf/C2BConverter:convert:143\n', 'org/apache/tomcat/util/buf/C2BConverter:convert:144\n', 'org/apache/tomcat/util/http/FastHttpDateFormat:getCurrentDate:105\n', 'org/apache/tomcat/util/http/FastHttpDateFormat:getCurrentDate:106\n', 'org/apache/coyote/http11/Http11OutputBuffer:write:442\n', 'org/apache/coyote/http11/Http11OutputBuffer:write:443\n', 'org/apache/coyote/http11/Http11OutputBuffer:sendStatus:335\n', 'org/apache/coyote/http11/Http11OutputBuffer:sendStatus:336\n', 'org/apache/coyote/http11/Http11OutputBuffer:sendStatus:353\n', 'org/apache/coyote/http11/Http11OutputBuffer:sendStatus:354\n', 'org/apache/coyote/http11/Http11OutputBuffer:sendStatus:359\n', 'org/apache/coyote/http11/Http11OutputBuffer:sendStatus:360\n', 'org/apache/tomcat/util/buf/MessageBytes:toBytes:249\n', 'org/apache/tomcat/util/buf/MessageBytes:toBytes:250\n', 'org/apache/coyote/http11/Http11OutputBuffer:write:427\n', 'org/apache/coyote/http11/Http11OutputBuffer:write:428\n', 'org/apache/coyote/http11/Http11OutputBuffer:sendHeader:371\n', 'org/apache/coyote/http11/Http11OutputBuffer:sendHeader:372\n', 'org/apache/coyote/http11/Http11OutputBuffer:sendHeader:373\n', 'org/apache/coyote/http11/Http11OutputBuffer:sendHeader:374\n', 'org/apache/coyote/http11/Http11OutputBuffer:endHeaders:381\n', 'org/apache/coyote/http11/Http11OutputBuffer:endHeaders:382\n', 'org/apache/coyote/Response:setCommitted:261\n', 'org/apache/coyote/Response:setCommitted:262\n', 'org/apache/tomcat/util/net/SocketWrapperBase:transfer:1536\n', 'org/apache/tomcat/util/net/SocketWrapperBase:transfer:1537\n', 'org/apache/coyote/http11/Http11OutputBuffer:commit:323\n', 'org/apache/coyote/http11/Http11OutputBuffer:commit:324\n', 'org/apache/catalina/connector/OutputBuffer:flushByteBuffer:783\n', 'org/apache/catalina/connector/OutputBuffer:flushByteBuffer:784\n', 'org/apache/tomcat/util/net/NioChannel:checkInterruptStatus:235\n', 'org/apache/tomcat/util/net/NioChannel:checkInterruptStatus:236\n', 'org/apache/tomcat/util/net/NioChannel:write:135\n', 'org/apache/tomcat/util/net/NioChannel:write:136\n', 'org/apache/tomcat/util/net/NioEndpoint$NioSocketWrapper:updateLastWrite:1151\n', 'org/apache/tomcat/util/net/NioEndpoint$NioSocketWrapper:updateLastWrite:1152\n', 'org/apache/catalina/core/StandardWrapper:deallocate:875\n', 'org/apache/catalina/core/StandardWrapper:deallocate:876\n', 'org/apache/catalina/core/StandardWrapperValve:invoke:289\n', 'org/apache/catalina/core/StandardWrapperValve:invoke:290\n', 'org/apache/catalina/core/StandardContext:unbind:5910\n', 'org/apache/catalina/core/StandardContext:unbind:5911\n', 'org/apache/coyote/Response:setErrorReported:329\n', 'org/apache/coyote/Response:setErrorReported:330\n', 'org/apache/coyote/AbstractProcessor:action:421\n', 'org/apache/coyote/AbstractProcessor:action:422\n', 'org/apache/catalina/connector/CoyoteAdapter:service:421\n', 'org/apache/catalina/connector/CoyoteAdapter:service:422\n', 'org/apache/catalina/session/StandardSession:endAccess:715\n', 'org/apache/catalina/session/StandardSession:endAccess:716\n', 'org/apache/coyote/RequestInfo:updateCounters:172\n', 'org/apache/coyote/RequestInfo:updateCounters:173\n', 'org/apache/coyote/Request:recycle:779\n', 'org/apache/coyote/Request:recycle:782\n', 'org/apache/coyote/Request:recycle:783\n', 'org/apache/coyote/Request:recycle:784\n', 'org/apache/coyote/http11/Http11InputBuffer:nextRequest:305\n', 'org/apache/coyote/http11/Http11InputBuffer:nextRequest:306\n', 'org/apache/coyote/Response:recycle:634\n', 'org/apache/coyote/Response:recycle:635\n', 'org/apache/coyote/Response:recycle:639\n', 'org/apache/coyote/Response:recycle:642\n', 'org/apache/coyote/http11/Http11OutputBuffer:nextRequest:277\n', 'org/apache/coyote/http11/Http11OutputBuffer:nextRequest:278\n', 'org/apache/coyote/AbstractProcessorLight:getIteratorAndClearDispatches:127\n', 'org/apache/coyote/AbstractProcessorLight:getIteratorAndClearDispatches:136\n', 'org/apache/coyote/AsyncStateMachine:recycle:0\n', 'org/apache/coyote/AsyncStateMachine:recycle:503\n', 'org/apache/coyote/http11/Http11InputBuffer:recycle:268\n', 'org/apache/coyote/http11/Http11InputBuffer:recycle:269\n', 'org/apache/coyote/AbstractProtocol$RecycledProcessors:push:1213\n', 'org/apache/coyote/AbstractProtocol$RecycledProcessors:push:1214\n', 'org/apache/tomcat/util/collections/SynchronizedStack:push:0\n', 'org/apache/tomcat/util/collections/SynchronizedStack:push:70\n', 'org/apache/coyote/AbstractProtocol$RecycledProcessors:push:1219\n', 'org/apache/coyote/AbstractProtocol$RecycledProcessors:push:1220\n', 'org/apache/tomcat/util/collections/SynchronizedStack:pop:80\n', 'org/apache/tomcat/util/collections/SynchronizedQueue:offer:0\n', 'org/apache/tomcat/util/collections/SynchronizedQueue:offer:57\n', 'org/apache/tomcat/util/net/NioEndpoint$Poller:addEvent:644\n', 'org/apache/tomcat/util/net/NioEndpoint$Poller:addEvent:645\n', 'org/apache/tomcat/util/net/NioEndpoint$Poller:addEvent:646\n', 'org/apache/tomcat/util/net/SocketProcessorBase:run:50\n', 'org/apache/tomcat/util/threads/ThreadPoolExecutor:runWorker:1192\n', 'org/apache/tomcat/util/threads/ThreadPoolExecutor:afterExecute:2193\n', 'org/apache/tomcat/util/threads/ThreadPoolExecutor:afterExecute:2194\n', 'org/apache/tomcat/util/threads/ThreadPoolExecutor:currentThreadShouldBeStopped:2227\n', 'org/apache/tomcat/util/threads/ThreadPoolExecutor:currentThreadShouldBeStopped:2228\n', 'org/apache/tomcat/util/threads/ThreadPoolExecutor:currentThreadShouldBeStopped:2229\n', 'org/apache/tomcat/util/threads/ThreadPoolExecutor:currentThreadShouldBeStopped:2230\n', 'org/apache/tomcat/util/threads/ThreadPoolExecutor:currentThreadShouldBeStopped:2231\n', 'org/apache/tomcat/util/threads/ThreadPoolExecutor:decrementWorkerCount:443\n', 'org/apache/tomcat/util/threads/ThreadPoolExecutor:decrementWorkerCount:444\n', 'org/apache/tomcat/util/threads/ThreadPoolExecutor:processWorkerExit:1036\n', 'org/apache/tomcat/util/threads/ThreadPoolExecutor:processWorkerExit:1037\n', 'org/apache/tomcat/util/threads/ThreadPoolExecutor:processWorkerExit:1041\n', 'org/apache/tomcat/util/threads/ThreadPoolExecutor:processWorkerExit:1042\n', 'org/apache/tomcat/util/threads/ThreadPoolExecutor:tryTerminate:738\n', 'org/apache/tomcat/util/threads/ThreadPoolExecutor:tryTerminate:739\n', 'org/apache/tomcat/util/threads/ThreadPoolExecutor:interruptIdleWorkers:823\n', 'org/apache/tomcat/util/threads/ThreadPoolExecutor:interruptIdleWorkers:824\n', 'org/apache/tomcat/util/threads/ThreadPoolExecutor:interruptIdleWorkers:827\n', 'org/apache/tomcat/util/threads/ThreadPoolExecutor:interruptIdleWorkers:828\n', 'org/apache/tomcat/util/threads/ThreadPoolExecutor:interruptIdleWorkers:840\n', 'org/apache/tomcat/util/threads/ThreadPoolExecutor:interruptIdleWorkers:841\n', 'org/apache/tomcat/util/threads/ThreadPoolExecutor:processWorkerExit:1046\n', 'org/apache/tomcat/util/threads/ThreadPoolExecutor:processWorkerExit:1047\n', 'org/apache/tomcat/util/threads/TaskThread$WrappingRunnable:run:62\n', 'org/apache/tomcat/util/threads/ThreadPoolExecutor:tryTerminate:750\n', 'org/apache/tomcat/util/threads/ThreadPoolExecutor:tryTerminate:751\n', 'org/apache/tomcat/util/threads/ThreadPoolExecutor:tryTerminate:752\n', 'org/apache/tomcat/util/threads/ThreadPoolExecutor:tryTerminate:753\n', 'org/apache/tomcat/util/threads/ThreadPoolExecutor:tryTerminate:756\n', 'org/apache/tomcat/util/threads/ThreadPoolExecutor:tryTerminate:757\n', 'org/apache/tomcat/util/threads/ThreadPoolExecutor:tryTerminate:758\n', 'org/apache/tomcat/util/threads/ThreadPoolExecutor:tryTerminate:762\n', 'org/apache/tomcat/util/threads/ThreadPoolExecutor:tryTerminate:763\n', 'org/apache/tomcat/util/threads/ThreadPoolExecutor:interruptIdleWorkers:829\n', 'org/apache/tomcat/util/threads/ThreadPoolExecutor:interruptIdleWorkers:830\n']
INFO:root:Using timeout 1096.0 minutes
INFO:root:Running command:
INFO:root:/scratch/tbaral/ase26/nod-rr/NOD-Test-Repair/flakerake/jdk1.8.0_102/bin/java -XX:+ExitOnOutOfMemoryError -Xbootclasspath/p:/home/tbaral/.m2/repository/edu/gmu/swe/flaky/sleepy/sleepy-interceptor/0.0.4-SNAPSHOT/sleepy-interceptor-0.0.4-SNAPSHOT.jar -javaagent:/home/tbaral/.m2/repository/edu/gmu/swe/flaky/sleepy/sleepy-interceptor/0.0.4-SNAPSHOT/sleepy-interceptor-0.0.4-SNAPSHOT.jar   -cp '/home/tbaral/.m2/repository/io/prometheus/simpleclient/0.15.0/simpleclient-0.15.0.jar:/home/tbaral/.m2/repository/io/prometheus/simpleclient_tracer_otel/0.15.0/simpleclient_tracer_otel-0.15.0.jar:/home/tbaral/.m2/repository/io/prometheus/simpleclient_tracer_common/0.15.0/simpleclient_tracer_common-0.15.0.jar:/home/tbaral/.m2/repository/io/prometheus/simpleclient_tracer_otel_agent/0.15.0/simpleclient_tracer_otel_agent-0.15.0.jar:/home/tbaral/.m2/repository/io/prometheus/simpleclient_servlet/0.15.0/simpleclient_servlet-0.15.0.jar:/home/tbaral/.m2/repository/io/prometheus/simpleclient_common/0.15.0/simpleclient_common-0.15.0.jar:/home/tbaral/.m2/repository/io/prometheus/simpleclient_servlet_common/0.15.0/simpleclient_servlet_common-0.15.0.jar:/home/tbaral/.m2/repository/io/prometheus/simpleclient_hotspot/0.15.0/simpleclient_hotspot-0.15.0.jar:/home/tbaral/.m2/repository/org/apache/tomcat/tomcat-catalina/9.0.58/tomcat-catalina-9.0.58.jar:/home/tbaral/.m2/repository/org/apache/tomcat/tomcat-servlet-api/9.0.58/tomcat-servlet-api-9.0.58.jar:/home/tbaral/.m2/repository/org/apache/tomcat/tomcat-jsp-api/9.0.58/tomcat-jsp-api-9.0.58.jar:/home/tbaral/.m2/repository/org/apache/tomcat/tomcat-el-api/9.0.58/tomcat-el-api-9.0.58.jar:/home/tbaral/.m2/repository/org/apache/tomcat/tomcat-juli/9.0.58/tomcat-juli-9.0.58.jar:/home/tbaral/.m2/repository/org/apache/tomcat/tomcat-annotations-api/9.0.58/tomcat-annotations-api-9.0.58.jar:/home/tbaral/.m2/repository/org/apache/tomcat/tomcat-api/9.0.58/tomcat-api-9.0.58.jar:/home/tbaral/.m2/repository/org/apache/tomcat/tomcat-jni/9.0.58/tomcat-jni-9.0.58.jar:/home/tbaral/.m2/repository/org/apache/tomcat/tomcat-coyote/9.0.58/tomcat-coyote-9.0.58.jar:/home/tbaral/.m2/repository/org/apache/tomcat/tomcat-util/9.0.58/tomcat-util-9.0.58.jar:/home/tbaral/.m2/repository/org/apache/tomcat/tomcat-util-scan/9.0.58/tomcat-util-scan-9.0.58.jar:/home/tbaral/.m2/repository/org/apache/tomcat/tomcat-jaspic-api/9.0.58/tomcat-jaspic-api-9.0.58.jar:/home/tbaral/.m2/repository/org/apache/tomcat/tomcat-jdbc/9.0.58/tomcat-jdbc-9.0.58.jar:/home/tbaral/.m2/repository/org/apache/tomcat/tomcat-dbcp/9.0.58/tomcat-dbcp-9.0.58.jar:/home/tbaral/.m2/repository/junit/junit/4.13.1/junit-4.13.1.jar:/home/tbaral/.m2/repository/org/hamcrest/hamcrest-core/1.3/hamcrest-core-1.3.jar:/home/tbaral/.m2/repository/org/apache/tomcat/embed/tomcat-embed-core/9.0.58/tomcat-embed-core-9.0.58.jar:/home/tbaral/.m2/repository/io/rest-assured/rest-assured/4.1.1/rest-assured-4.1.1.jar:/home/tbaral/.m2/repository/org/codehaus/groovy/groovy/2.5.6/groovy-2.5.6.jar:/home/tbaral/.m2/repository/org/codehaus/groovy/groovy-xml/2.5.6/groovy-xml-2.5.6.jar:/home/tbaral/.m2/repository/org/apache/httpcomponents/httpclient/4.5.3/httpclient-4.5.3.jar:/home/tbaral/.m2/repository/org/apache/httpcomponents/httpcore/4.4.6/httpcore-4.4.6.jar:/home/tbaral/.m2/repository/commons-logging/commons-logging/1.2/commons-logging-1.2.jar:/home/tbaral/.m2/repository/commons-codec/commons-codec/1.9/commons-codec-1.9.jar:/home/tbaral/.m2/repository/org/apache/httpcomponents/httpmime/4.5.3/httpmime-4.5.3.jar:/home/tbaral/.m2/repository/org/hamcrest/hamcrest/2.1/hamcrest-2.1.jar:/home/tbaral/.m2/repository/org/ccil/cowan/tagsoup/tagsoup/1.2.1/tagsoup-1.2.1.jar:/home/tbaral/.m2/repository/io/rest-assured/json-path/4.1.1/json-path-4.1.1.jar:/home/tbaral/.m2/repository/org/codehaus/groovy/groovy-json/2.5.6/groovy-json-2.5.6.jar:/home/tbaral/.m2/repository/io/rest-assured/rest-assured-common/4.1.1/rest-assured-common-4.1.1.jar:/home/tbaral/.m2/repository/io/rest-assured/xml-path/4.1.1/xml-path-4.1.1.jar:/home/tbaral/.m2/repository/org/apache/commons/commons-lang3/3.4/commons-lang3-3.4.jar:/home/tbaral/.m2/repository/javax/xml/bind/jaxb-api/2.3.1/jaxb-api-2.3.1.jar:/home/tbaral/.m2/repository/javax/activation/javax.activation-api/1.2.0/javax.activation-api-1.2.0.jar:/home/tbaral/.m2/repository/com/sun/xml/bind/jaxb-osgi/2.3.0.1/jaxb-osgi-2.3.0.1.jar:/home/tbaral/.m2/repository/org/apache/sling/org.apache.sling.javax.activation/0.1.0/org.apache.sling.javax.activation-0.1.0.jar:/home/tbaral/.m2/repository/javax/activation/activation/1.1.1/activation-1.1.1.jar:/home/tbaral/.m2/repository/com/h2database/h2/2.1.210/h2-2.1.210.jar:./target/classes:./target/test-classes:/home/tbaral/.m2/repository/edu/gmu/swe/flaky/sleepy/sleepy-runner/0.0.4-SNAPSHOT/sleepy-runner-0.0.4-SNAPSHOT.jar' 'edu.gmu.swe.flaky.sleepy.runner.SleepyTestRunner' nl.nlighten.prometheus.tomcat.TomcatServletMetricsFilterTest#testServletRequestMetrics '<1721539164,1>' 'info' 10000 ./sleepy-records/internal/node-nl.nlighten.prometheus.tomcat.TomcatServletMetricsFilterTest#testServletRequestMetrics-0.sleepList
INFO:root:====BEGIN Java Log====
INFO:root:TALANK: args.length: 5
TALANK: args[0]: nl.nlighten.prometheus.tomcat.TomcatServletMetricsFilterTest#testServletRequestMetrics
TALANK: args[1]: <1721539164,1>
TALANK: args[2]: info
TALANK: args[3]: 10000
TALANK: args[4]: ./sleepy-records/internal/node-nl.nlighten.prometheus.tomcat.TomcatServletMetricsFilterTest#testServletRequestMetrics-0.sleepList
TALANK Adding line to sleep at: org/apache/tomcat/util/threads/TaskThread$WrappingRunnable:run:0
TALANK Adding line to sleep at: org/apache/tomcat/util/threads/TaskThread$WrappingRunnable:run:61
TALANK Adding line to sleep at: org/apache/tomcat/util/threads/ThreadPoolExecutor$Worker:run:0
TALANK Adding line to sleep at: org/apache/tomcat/util/threads/ThreadPoolExecutor:runWorker:1170
TALANK Adding line to sleep at: org/apache/tomcat/util/threads/ThreadPoolExecutor:runWorker:1171
TALANK Adding line to sleep at: org/apache/tomcat/util/threads/ThreadPoolExecutor:getTask:1089
TALANK Adding line to sleep at: org/apache/tomcat/util/threads/ThreadPoolExecutor:getTask:1090
TALANK Adding line to sleep at: org/apache/tomcat/util/threads/ThreadPoolExecutor:getTask:1114
TALANK Adding line to sleep at: org/apache/tomcat/util/threads/TaskQueue:take:146
TALANK Adding line to sleep at: org/apache/tomcat/util/threads/TaskQueue:take:147
TALANK Adding line to sleep at: org/apache/tomcat/util/threads/ThreadPoolExecutor:getTask:1115
TALANK Adding line to sleep at: org/apache/tomcat/util/threads/ThreadPoolExecutor$Worker:tryAcquire:675
TALANK Adding line to sleep at: org/apache/tomcat/util/threads/ThreadPoolExecutor$Worker:tryAcquire:676
TALANK Adding line to sleep at: org/apache/tomcat/util/threads/ThreadPoolExecutor:runWorker:1182
TALANK Adding line to sleep at: org/apache/tomcat/util/threads/ThreadPoolExecutor:runWorker:1183
TALANK Adding line to sleep at: org/apache/tomcat/util/threads/ThreadPoolExecutor:runWorker:1184
TALANK Adding line to sleep at: org/apache/tomcat/util/threads/ThreadPoolExecutor:runWorker:1191
TALANK Adding line to sleep at: org/apache/tomcat/util/net/SocketProcessorBase:run:0
TALANK Adding line to sleep at: org/apache/tomcat/util/net/SocketProcessorBase:run:40
TALANK Adding line to sleep at: org/apache/tomcat/util/net/SocketWrapperBase:isClosed:437
TALANK Adding line to sleep at: org/apache/tomcat/util/net/SocketWrapperBase:isClosed:438
TALANK Adding line to sleep at: org/apache/tomcat/util/collections/SynchronizedStack:pop:0
TALANK Adding line to sleep at: org/apache/tomcat/util/collections/SynchronizedStack:pop:76
TALANK Adding line to sleep at: org/apache/tomcat/util/res/StringManager:getManager:0
TALANK Adding line to sleep at: org/apache/tomcat/util/res/StringManager:getManager:266
TALANK Adding line to sleep at: org/apache/coyote/http11/Http11OutputBuffer:<init>:110
TALANK Adding line to sleep at: org/apache/coyote/http11/Http11OutputBuffer:<init>:111
TALANK Adding line to sleep at: org/apache/coyote/http11/filters/ChunkedOutputFilter:<init>:76
TALANK Adding line to sleep at: org/apache/coyote/http11/filters/ChunkedOutputFilter:<init>:77
TALANK Adding line to sleep at: org/apache/coyote/http11/filters/ChunkedOutputFilter:<init>:79
TALANK Adding line to sleep at: org/apache/coyote/http11/filters/ChunkedOutputFilter:<init>:80
TALANK Adding line to sleep at: org/apache/coyote/http11/filters/ChunkedOutputFilter:<init>:81
TALANK Adding line to sleep at: org/apache/coyote/http11/filters/ChunkedOutputFilter:<init>:84
TALANK Adding line to sleep at: org/apache/coyote/http11/filters/ChunkedOutputFilter:<init>:85
TALANK Adding line to sleep at: org/apache/coyote/http11/filters/ChunkedOutputFilter:<init>:91
TALANK Adding line to sleep at: org/apache/coyote/http11/filters/ChunkedOutputFilter:<init>:92
TALANK Adding line to sleep at: org/apache/coyote/http11/filters/ChunkedOutputFilter:<init>:93
TALANK Adding line to sleep at: org/apache/coyote/http11/filters/GzipOutputFilter$FakeOutputStream:<init>:147
TALANK Adding line to sleep at: org/apache/coyote/http11/filters/GzipOutputFilter$FakeOutputStream:<init>:148
TALANK Adding line to sleep at: org/apache/coyote/AbstractProtocol$ConnectionHandler:register:1130
TALANK Adding line to sleep at: org/apache/coyote/AbstractProtocol$ConnectionHandler:register:1132
TALANK Adding line to sleep at: org/apache/coyote/AbstractProtocol$ConnectionHandler:register:1133
TALANK Adding line to sleep at: org/apache/coyote/RequestGroupInfo:addRequestProcessor:0
TALANK Adding line to sleep at: org/apache/coyote/RequestGroupInfo:addRequestProcessor:39
TALANK Adding line to sleep at: org/apache/coyote/AbstractProtocol:getNameIndex:0
TALANK Adding line to sleep at: org/apache/coyote/AbstractProtocol:getNameIndex:360
TALANK Adding line to sleep at: org/apache/tomcat/util/net/AbstractJsseEndpoint:getLocalAddress:232
TALANK Adding line to sleep at: org/apache/tomcat/util/net/AbstractJsseEndpoint:getLocalAddress:233
TALANK Adding line to sleep at: org/apache/tomcat/util/modeler/Registry:getRegistry:0
TALANK Adding line to sleep at: org/apache/tomcat/util/modeler/Registry:getRegistry:144
TALANK Adding line to sleep at: org/apache/tomcat/util/modeler/ManagedBean:setName:178
TALANK Adding line to sleep at: org/apache/tomcat/util/modeler/ManagedBean:setName:179
TALANK Adding line to sleep at: org/apache/tomcat/util/modeler/ManagedBean:setName:183
TALANK Adding line to sleep at: org/apache/tomcat/util/modeler/ManagedBean:setName:184
TALANK Adding line to sleep at: org/apache/tomcat/util/modeler/ManagedBean:getMBeanInfo:354
TALANK Adding line to sleep at: org/apache/tomcat/util/modeler/ManagedBean:getMBeanInfo:355
TALANK Adding line to sleep at: org/apache/tomcat/util/modeler/ManagedBean:getMBeanInfo:360
TALANK Adding line to sleep at: org/apache/tomcat/util/modeler/ManagedBean:getMBeanInfo:361
TALANK Adding line to sleep at: org/apache/tomcat/util/modeler/ManagedBean:getMBeanInfo:363
TALANK Adding line to sleep at: org/apache/tomcat/util/modeler/ManagedBean:getMBeanInfo:364
TALANK Adding line to sleep at: org/apache/tomcat/util/modeler/ManagedBean:getMBeanInfo:401
TALANK Adding line to sleep at: org/apache/tomcat/util/modeler/ManagedBean:getMBeanInfo:402
TALANK Adding line to sleep at: org/apache/coyote/AbstractProtocol$ConnectionHandler:register:1151
TALANK Adding line to sleep at: org/apache/coyote/http11/Http11InputBuffer:init:757
TALANK Adding line to sleep at: org/apache/coyote/http11/Http11InputBuffer:init:758
TALANK Adding line to sleep at: org/apache/coyote/http11/Http11InputBuffer:init:759
TALANK Adding line to sleep at: org/apache/tomcat/util/net/NioChannel:read:160
TALANK Adding line to sleep at: org/apache/tomcat/util/net/NioChannel:read:161
TALANK Adding line to sleep at: org/apache/tomcat/util/net/NioEndpoint$NioSocketWrapper:updateLastRead:1153
TALANK Adding line to sleep at: org/apache/tomcat/util/net/NioEndpoint$NioSocketWrapper:updateLastRead:1154
TALANK Adding line to sleep at: org/apache/coyote/http11/Http11InputBuffer:parseRequestLine:372
TALANK Adding line to sleep at: org/apache/coyote/http11/Http11InputBuffer:parseRequestLine:373
TALANK Adding line to sleep at: org/apache/coyote/http11/Http11InputBuffer:parseRequestLine:385
TALANK Adding line to sleep at: org/apache/coyote/http11/Http11InputBuffer:parseRequestLine:386
TALANK Adding line to sleep at: org/apache/coyote/http11/Http11InputBuffer:parseRequestLine:387
TALANK Adding line to sleep at: org/apache/coyote/http11/Http11InputBuffer:parseRequestLine:388
TALANK Adding line to sleep at: org/apache/coyote/http11/Http11InputBuffer:parseRequestLine:410
TALANK Adding line to sleep at: org/apache/coyote/http11/Http11InputBuffer:parseRequestLine:411
TALANK Adding line to sleep at: org/apache/coyote/http11/Http11InputBuffer:parseRequestLine:413
TALANK Adding line to sleep at: org/apache/coyote/http11/Http11InputBuffer:parseRequestLine:414
TALANK Adding line to sleep at: org/apache/coyote/http11/Http11InputBuffer:parseRequestLine:434
TALANK Adding line to sleep at: org/apache/coyote/http11/Http11InputBuffer:parseRequestLine:435
TALANK Adding line to sleep at: org/apache/coyote/http11/Http11InputBuffer:parseRequestLine:460
TALANK Adding line to sleep at: org/apache/coyote/http11/Http11InputBuffer:parseRequestLine:461
TALANK Adding line to sleep at: org/apache/coyote/http11/Http11InputBuffer:parseRequestLine:511
TALANK Adding line to sleep at: org/apache/coyote/http11/Http11InputBuffer:parseRequestLine:512
TALANK Adding line to sleep at: org/apache/coyote/http11/Http11InputBuffer:parseRequestLine:530
TALANK Adding line to sleep at: org/apache/coyote/http11/Http11InputBuffer:parseRequestLine:531
TALANK Adding line to sleep at: org/apache/coyote/http11/Http11InputBuffer:parseRequestLine:557
TALANK Adding line to sleep at: org/apache/coyote/http11/Http11InputBuffer:parseRequestLine:558
TALANK Adding line to sleep at: org/apache/coyote/http11/Http11InputBuffer:parseRequestLine:575
TALANK Adding line to sleep at: org/apache/coyote/http11/Http11InputBuffer:parseRequestLine:576
TALANK Adding line to sleep at: org/apache/coyote/http11/Http11InputBuffer:parseHeader:864
TALANK Adding line to sleep at: org/apache/coyote/http11/Http11InputBuffer:parseHeader:865
TALANK Adding line to sleep at: org/apache/coyote/http11/Http11InputBuffer:parseHeader:905
TALANK Adding line to sleep at: org/apache/coyote/http11/Http11InputBuffer:parseHeader:906
TALANK Adding line to sleep at: org/apache/coyote/http11/Http11InputBuffer:parseHeader:927
TALANK Adding line to sleep at: org/apache/coyote/http11/Http11InputBuffer:parseHeader:928
TALANK Adding line to sleep at: org/apache/coyote/http11/Http11InputBuffer:parseHeader:908
TALANK Adding line to sleep at: org/apache/coyote/http11/Http11InputBuffer:parseHeader:909
TALANK Adding line to sleep at: org/apache/coyote/http11/Http11InputBuffer:parseHeader:955
TALANK Adding line to sleep at: org/apache/coyote/http11/Http11InputBuffer:parseHeader:956
TALANK Adding line to sleep at: org/apache/coyote/http11/Http11InputBuffer:parseHeader:978
TALANK Adding line to sleep at: org/apache/coyote/http11/Http11InputBuffer:parseHeader:979
TALANK Adding line to sleep at: org/apache/coyote/http11/Http11InputBuffer:parseHeader:998
TALANK Adding line to sleep at: org/apache/coyote/http11/Http11InputBuffer:parseHeader:999
TALANK Adding line to sleep at: org/apache/coyote/http11/Http11InputBuffer:parseHeader:1019
TALANK Adding line to sleep at: org/apache/coyote/http11/Http11InputBuffer:parseHeader:1020
TALANK Adding line to sleep at: org/apache/coyote/http11/Http11InputBuffer:parseHeader:1034
TALANK Adding line to sleep at: org/apache/coyote/http11/Http11InputBuffer:parseHeader:1035
TALANK Adding line to sleep at: org/apache/coyote/http11/Http11InputBuffer:parseHeader:995
TALANK Adding line to sleep at: org/apache/coyote/http11/Http11InputBuffer:parseHeader:996
TALANK Adding line to sleep at: org/apache/tomcat/util/buf/ByteChunk:toStringInternal:595
TALANK Adding line to sleep at: org/apache/tomcat/util/buf/ByteChunk:toStringInternal:596
TALANK Adding line to sleep at: org/apache/tomcat/util/buf/ByteChunk:toStringInternal:597
TALANK Adding line to sleep at: org/apache/catalina/connector/InputBuffer:<init>:153
TALANK Adding line to sleep at: org/apache/catalina/connector/InputBuffer:<init>:154
TALANK Adding line to sleep at: org/apache/catalina/connector/InputBuffer:clear:618
TALANK Adding line to sleep at: org/apache/catalina/connector/InputBuffer:clear:619
TALANK Adding line to sleep at: org/apache/catalina/connector/InputBuffer:<init>:155
TALANK Adding line to sleep at: org/apache/catalina/connector/InputBuffer:<init>:156
TALANK Adding line to sleep at: org/apache/catalina/connector/OutputBuffer:<init>:138
TALANK Adding line to sleep at: org/apache/catalina/connector/OutputBuffer:<init>:139
TALANK Adding line to sleep at: org/apache/catalina/connector/OutputBuffer:clear:847
TALANK Adding line to sleep at: org/apache/catalina/connector/OutputBuffer:clear:848
TALANK Adding line to sleep at: org/apache/catalina/connector/OutputBuffer:<init>:140
TALANK Adding line to sleep at: org/apache/catalina/connector/OutputBuffer:<init>:141
TALANK Adding line to sleep at: org/apache/catalina/connector/CoyoteAdapter:lambda$static$0:86
TALANK Adding line to sleep at: org/apache/catalina/connector/CoyoteAdapter:lambda$static$0:87
TALANK Adding line to sleep at: org/apache/coyote/Request:setRequestThread:696
TALANK Adding line to sleep at: org/apache/coyote/Request:setRequestThread:697
TALANK Adding line to sleep at: org/apache/tomcat/util/buf/B2CConverter:<init>:86
TALANK Adding line to sleep at: org/apache/tomcat/util/buf/B2CConverter:<init>:87
TALANK Adding line to sleep at: org/apache/tomcat/util/buf/B2CConverter:convert:126
TALANK Adding line to sleep at: org/apache/tomcat/util/buf/B2CConverter:convert:127
TALANK Adding line to sleep at: org/apache/tomcat/util/buf/B2CConverter:convert:134
TALANK Adding line to sleep at: org/apache/tomcat/util/buf/B2CConverter:convert:135
TALANK Adding line to sleep at: org/apache/tomcat/util/buf/Utf8Decoder:decodeLoop:77
TALANK Adding line to sleep at: org/apache/tomcat/util/buf/Utf8Decoder:decodeLoop:78
TALANK Adding line to sleep at: org/apache/tomcat/util/buf/Utf8Decoder:decodeHasArray:152
TALANK Adding line to sleep at: org/apache/tomcat/util/buf/Utf8Decoder:decodeHasArray:153
TALANK Adding line to sleep at: org/apache/tomcat/util/buf/Utf8Decoder:decodeHasArray:154
TALANK Adding line to sleep at: org/apache/tomcat/util/buf/Utf8Decoder:decodeHasArray:155
TALANK Adding line to sleep at: org/apache/tomcat/util/buf/Utf8Decoder:decodeHasArray:156
TALANK Adding line to sleep at: org/apache/tomcat/util/buf/Utf8Decoder:decodeHasArray:157
TALANK Adding line to sleep at: org/apache/tomcat/util/buf/Utf8Decoder:decodeHasArray:293
TALANK Adding line to sleep at: org/apache/tomcat/util/buf/Utf8Decoder:decodeHasArray:294
TALANK Adding line to sleep at: org/apache/tomcat/util/buf/Utf8Decoder:decodeHasArray:295
TALANK Adding line to sleep at: org/apache/coyote/Response:isError:319
TALANK Adding line to sleep at: org/apache/coyote/Response:isError:320
TALANK Adding line to sleep at: org/apache/catalina/core/StandardContext:getLoader:1865
TALANK Adding line to sleep at: org/apache/catalina/core/StandardContext:getLoader:1866
TALANK Adding line to sleep at: org/apache/catalina/core/StandardContext:getLoader:1869
TALANK Adding line to sleep at: org/apache/catalina/core/StandardContext:getLoader:1870
TALANK Adding line to sleep at: org/apache/catalina/core/StandardContext:bind:5874
TALANK Adding line to sleep at: org/apache/catalina/core/StandardContext:bind:5875
TALANK Adding line to sleep at: org/apache/coyote/Response:isErrorReportRequired:324
TALANK Adding line to sleep at: org/apache/coyote/Response:isErrorReportRequired:325
TALANK Adding line to sleep at: org/apache/catalina/core/StandardContext:getManager:1921
TALANK Adding line to sleep at: org/apache/catalina/core/StandardContext:getManager:1922
TALANK Adding line to sleep at: org/apache/catalina/core/StandardContext:getManager:1925
TALANK Adding line to sleep at: org/apache/catalina/core/StandardContext:getManager:1926
TALANK Adding line to sleep at: org/apache/catalina/core/ContainerBase:getRealm:596
TALANK Adding line to sleep at: org/apache/catalina/core/ContainerBase:getRealm:597
TALANK Adding line to sleep at: org/apache/catalina/core/ContainerBase:getRealm:606
TALANK Adding line to sleep at: org/apache/catalina/core/ContainerBase:getRealm:607
TALANK Adding line to sleep at: org/apache/catalina/authenticator/jaspic/AuthConfigFactoryImpl:loadPersistentRegistrations:337
TALANK Adding line to sleep at: org/apache/catalina/authenticator/jaspic/AuthConfigFactoryImpl:loadPersistentRegistrations:343
TALANK Adding line to sleep at: org/apache/catalina/core/StandardWrapperValve:invoke:94
TALANK Adding line to sleep at: org/apache/catalina/core/StandardWrapperValve:invoke:95
TALANK Adding line to sleep at: org/apache/catalina/core/StandardWrapperValve:invoke:96
TALANK Adding line to sleep at: org/apache/catalina/core/StandardWrapper:allocate:779
TALANK Adding line to sleep at: org/apache/catalina/startup/Tomcat$ExistingStandardWrapper:loadServlet:0
TALANK Adding line to sleep at: org/apache/catalina/startup/Tomcat$ExistingStandardWrapper:loadServlet:1244
TALANK Adding line to sleep at: org/apache/catalina/core/StandardWrapper:allocate:794
TALANK Adding line to sleep at: org/apache/catalina/core/StandardWrapper:allocate:795
TALANK Adding line to sleep at: org/apache/catalina/core/StandardWrapper:allocate:806
TALANK Adding line to sleep at: org/apache/catalina/core/StandardContext$ContextFilterMaps:asArray:4518
TALANK Adding line to sleep at: org/apache/catalina/core/StandardContext$ContextFilterMaps:asArray:4519
TALANK Adding line to sleep at: io/prometheus/client/Striped64:<clinit>:280
TALANK Adding line to sleep at: io/prometheus/client/Striped64:<clinit>:281
TALANK Adding line to sleep at: io/prometheus/client/Striped64:<clinit>:282
TALANK Adding line to sleep at: io/prometheus/client/SimpleCollector:labels:78
TALANK Adding line to sleep at: io/prometheus/client/SimpleCollector:labels:79
TALANK Adding line to sleep at: io/prometheus/client/Striped64:casBase:148
TALANK Adding line to sleep at: io/prometheus/client/Striped64:casBase:149
TALANK Adding line to sleep at: io/prometheus/client/Histogram$Child:<init>:359
TALANK Adding line to sleep at: io/prometheus/client/Histogram$Child:<init>:360
TALANK Adding line to sleep at: org/apache/catalina/session/ManagerBase:createSession:718
TALANK Adding line to sleep at: org/apache/catalina/session/ManagerBase:createSession:719
TALANK Adding line to sleep at: org/apache/catalina/session/ManagerBase:add:686
TALANK Adding line to sleep at: org/apache/catalina/session/ManagerBase:add:690
TALANK Adding line to sleep at: org/apache/catalina/session/ManagerBase:createSession:728
TALANK Adding line to sleep at: org/apache/catalina/session/ManagerBase:createSession:731
TALANK Adding line to sleep at: org/apache/catalina/session/StandardSession:access:690
TALANK Adding line to sleep at: org/apache/catalina/session/StandardSession:access:691
TALANK Adding line to sleep at: org/apache/catalina/webresources/Cache:getResources:149
TALANK Adding line to sleep at: org/apache/catalina/webresources/Cache:getResources:150
TALANK Adding line to sleep at: org/apache/catalina/webresources/Cache:getResources:169
TALANK Adding line to sleep at: org/apache/catalina/webresources/Cache:getResources:170
TALANK Adding line to sleep at: org/apache/catalina/webresources/CachedResource:validateResources:153
TALANK Adding line to sleep at: org/apache/catalina/webresources/CachedResource:validateResources:154
TALANK Adding line to sleep at: org/apache/catalina/webresources/CachedResource:validateResources:156
TALANK Adding line to sleep at: org/apache/catalina/webresources/CachedResource:validateResources:161
TALANK Adding line to sleep at: org/apache/catalina/webresources/Cache:getResources:178
TALANK Adding line to sleep at: org/apache/catalina/webresources/Cache:getResources:179
TALANK Adding line to sleep at: org/apache/catalina/webresources/Cache:getResources:180
TALANK Adding line to sleep at: org/apache/catalina/webresources/Cache:getResources:181
TALANK Adding line to sleep at: org/apache/catalina/loader/WebappClassLoaderBase:loadClass:1247
TALANK Adding line to sleep at: org/apache/catalina/loader/WebappClassLoaderBase:loadClass:1359
TALANK Adding line to sleep at: org/apache/naming/ContextBindings:isThreadBound:203
TALANK Adding line to sleep at: org/apache/naming/ContextBindings:isThreadBound:204
TALANK Adding line to sleep at: org/apache/naming/ContextBindings:isClassLoaderBound:297
TALANK Adding line to sleep at: org/apache/naming/ContextBindings:isClassLoaderBound:298
TALANK Adding line to sleep at: org/apache/naming/StringManager:getManager:0
TALANK Adding line to sleep at: org/apache/naming/StringManager:getManager:176
TALANK Adding line to sleep at: org/apache/naming/ContextBindings:getClassLoader:260
TALANK Adding line to sleep at: org/apache/naming/ContextBindings:getClassLoader:261
TALANK Adding line to sleep at: org/apache/tomcat/jdbc/pool/ConnectionPool:borrowConnection:672
TALANK Adding line to sleep at: org/apache/tomcat/jdbc/pool/ConnectionPool:borrowConnection:673
TALANK Adding line to sleep at: org/apache/tomcat/jdbc/pool/FairBlockingQueue:poll:259
TALANK Adding line to sleep at: org/apache/tomcat/jdbc/pool/FairBlockingQueue:poll:260
TALANK Adding line to sleep at: org/apache/tomcat/jdbc/pool/FairBlockingQueue:poll:263
TALANK Adding line to sleep at: org/apache/tomcat/jdbc/pool/FairBlockingQueue:poll:264
TALANK Adding line to sleep at: org/apache/tomcat/jdbc/pool/PooledConnection:lock:780
TALANK Adding line to sleep at: org/apache/tomcat/jdbc/pool/PooledConnection:lock:781
TALANK Adding line to sleep at: org/apache/tomcat/jdbc/pool/PooledConnection:isReleased:853
TALANK Adding line to sleep at: org/apache/tomcat/jdbc/pool/PooledConnection:isReleased:854
TALANK Adding line to sleep at: org/apache/tomcat/jdbc/pool/ConnectionPool:borrowConnection:844
TALANK Adding line to sleep at: org/apache/tomcat/jdbc/pool/ConnectionPool:borrowConnection:845
TALANK Adding line to sleep at: org/apache/tomcat/jdbc/pool/PooledConnection:unlock:791
TALANK Adding line to sleep at: org/apache/tomcat/jdbc/pool/PooledConnection:unlock:792
TALANK Adding line to sleep at: org/apache/tomcat/jdbc/pool/ConnectionPool:borrowConnection:680
TALANK Adding line to sleep at: org/apache/tomcat/jdbc/pool/ConnectionPool:borrowConnection:681
TALANK Adding line to sleep at: org/apache/tomcat/jdbc/pool/PooledConnection:createMBean:864
TALANK Adding line to sleep at: org/apache/tomcat/jdbc/pool/PooledConnection:createMBean:865
TALANK Adding line to sleep at: org/apache/tomcat/jdbc/pool/interceptor/AbstractCreateStatementInterceptor:invoke:74
TALANK Adding line to sleep at: org/apache/tomcat/jdbc/pool/interceptor/AbstractCreateStatementInterceptor:invoke:75
TALANK Adding line to sleep at: org/h2/message/TraceObject:getNextId:154
TALANK Adding line to sleep at: org/h2/message/TraceObject:getNextId:155
TALANK Adding line to sleep at: org/h2/engine/SessionLocal:isClosed:1152
TALANK Adding line to sleep at: org/h2/engine/SessionLocal:isClosed:1153
TALANK Adding line to sleep at: org/apache/tomcat/jdbc/pool/interceptor/AbstractCreateStatementInterceptor:invoke:76
TALANK Adding line to sleep at: org/apache/tomcat/jdbc/pool/interceptor/AbstractCreateStatementInterceptor:invoke:77
TALANK Adding line to sleep at: org/apache/tomcat/jdbc/pool/interceptor/AbstractQueryReport$StatementProxy:invoke:211
TALANK Adding line to sleep at: org/apache/tomcat/jdbc/pool/interceptor/AbstractQueryReport$StatementProxy:invoke:212
TALANK Adding line to sleep at: org/h2/jdbc/JdbcStatement:executeQuery:88
TALANK Adding line to sleep at: org/h2/engine/SessionLocal:prepareCommand:0
TALANK Adding line to sleep at: org/h2/engine/Database:getModificationMetaId:444
TALANK Adding line to sleep at: org/h2/engine/Database:getModificationMetaId:445
TALANK Adding line to sleep at: org/h2/message/TraceSystem:getTrace:131
TALANK Adding line to sleep at: org/h2/message/TraceSystem:getTrace:132
TALANK Adding line to sleep at: org/h2/message/TraceSystem:getTrace:134
TALANK Adding line to sleep at: org/h2/message/TraceSystem:getTrace:135
TALANK Adding line to sleep at: org/h2/engine/SessionLocal:prepareCommand:553
TALANK Adding line to sleep at: org/h2/engine/SessionLocal:transitionToState:1215
TALANK Adding line to sleep at: org/h2/engine/SessionLocal:transitionToState:1216
TALANK Adding line to sleep at: org/h2/engine/SessionLocal:transitionToState:1217
TALANK Adding line to sleep at: org/h2/engine/SessionLocal:transitionToState:1218
TALANK Adding line to sleep at: org/h2/engine/SessionLocal:isOpen:1156
TALANK Adding line to sleep at: org/h2/engine/SessionLocal:isOpen:1157
TALANK Adding line to sleep at: org/h2/engine/Database:getExclusiveSession:2099
TALANK Adding line to sleep at: org/h2/engine/Database:getExclusiveSession:2100
TALANK Adding line to sleep at: org/h2/command/Command:executeQuery:183
TALANK Adding line to sleep at: org/h2/mvstore/tx/TransactionStore:registerTransaction:399
TALANK Adding line to sleep at: org/h2/mvstore/tx/TransactionStore:registerTransaction:400
TALANK Adding line to sleep at: org/h2/mvstore/tx/TransactionStore:registerTransaction:416
TALANK Adding line to sleep at: org/h2/mvstore/tx/TransactionStore:registerTransaction:417
TALANK Adding line to sleep at: org/h2/mvstore/tx/TransactionStore:registerTransaction:423
TALANK Adding line to sleep at: org/h2/mvstore/tx/TransactionStore:registerTransaction:424
TALANK Adding line to sleep at: org/h2/mvstore/MVStore$TxCounter:incrementAndGet:3707
TALANK Adding line to sleep at: org/h2/mvstore/MVStore$TxCounter:incrementAndGet:3708
TALANK Adding line to sleep at: org/h2/engine/Database:getModificationDataId:436
TALANK Adding line to sleep at: org/h2/engine/Database:getModificationDataId:437
TALANK Adding line to sleep at: org/h2/mvstore/MVStore$TxCounter:decrementAndGet:3716
TALANK Adding line to sleep at: org/h2/mvstore/MVStore$TxCounter:decrementAndGet:3717
TALANK Adding line to sleep at: org/h2/mvstore/MVStore:deregisterVersionUsage:3582
TALANK Adding line to sleep at: org/h2/mvstore/MVStore:deregisterVersionUsage:3583
TALANK Adding line to sleep at: org/h2/mvstore/MVStore:deregisterVersionUsage:3584
TALANK Adding line to sleep at: org/h2/mvstore/MVStore:deregisterVersionUsage:3585
TALANK Adding line to sleep at: org/h2/mvstore/MVStore:setOldestVersionToKeep:2772
TALANK Adding line to sleep at: org/h2/mvstore/MVStore:setOldestVersionToKeep:2773
TALANK Adding line to sleep at: org/h2/mvstore/MVStore:deregisterVersionUsage:3588
TALANK Adding line to sleep at: org/h2/mvstore/MVStore:deregisterVersionUsage:3589
TALANK Adding line to sleep at: org/h2/mvstore/MVStore:isBackgroundThread:3418
TALANK Adding line to sleep at: org/h2/mvstore/MVStore:isBackgroundThread:3419
TALANK Adding line to sleep at: org/h2/engine/Database:throwLastBackgroundException:1796
TALANK Adding line to sleep at: org/h2/engine/Database:throwLastBackgroundException:1797
TALANK Adding line to sleep at: org/h2/mvstore/tx/Transaction:setStatus:216
TALANK Adding line to sleep at: org/h2/mvstore/tx/Transaction:setStatus:217
TALANK Adding line to sleep at: org/h2/mvstore/tx/Transaction:setStatus:255
TALANK Adding line to sleep at: org/h2/mvstore/tx/Transaction:setStatus:256
TALANK Adding line to sleep at: org/h2/mvstore/tx/TransactionStore:endTransaction:614
TALANK Adding line to sleep at: org/h2/mvstore/tx/TransactionStore:endTransaction:615
TALANK Adding line to sleep at: org/h2/mvstore/tx/TransactionStore:endTransaction:618
TALANK Adding line to sleep at: org/h2/mvstore/tx/TransactionStore:endTransaction:619
TALANK Adding line to sleep at: org/h2/mvstore/tx/TransactionStore:endTransaction:622
TALANK Adding line to sleep at: org/h2/mvstore/tx/TransactionStore:endTransaction:623
TALANK Adding line to sleep at: org/h2/command/Command:executeQuery:229
TALANK Adding line to sleep at: org/h2/jdbc/JdbcStatement:executeQuery:110
TALANK Adding line to sleep at: org/apache/tomcat/jdbc/pool/interceptor/AbstractQueryReport$StatementProxy:invoke:226
TALANK Adding line to sleep at: org/apache/tomcat/jdbc/pool/interceptor/AbstractQueryReport$StatementProxy:invoke:227
TALANK Adding line to sleep at: io/prometheus/client/Histogram$Child:updateExemplar:415
TALANK Adding line to sleep at: io/prometheus/client/Histogram$Child:updateExemplar:416
TALANK Adding line to sleep at: org/h2/engine/Database:findSchema:976
TALANK Adding line to sleep at: org/h2/engine/Database:findSchema:977
TALANK Adding line to sleep at: org/h2/schema/Schema:findTableOrView:318
TALANK Adding line to sleep at: org/h2/schema/Schema:findTableOrView:319
TALANK Adding line to sleep at: org/h2/schema/Schema:resolveTableOrView:338
TALANK Adding line to sleep at: org/h2/schema/Schema:resolveTableOrView:339
TALANK Adding line to sleep at: org/h2/engine/Database:getFirstUserTable:2211
TALANK Adding line to sleep at: org/h2/engine/Database:getFirstUserTable:2212
TALANK Adding line to sleep at: org/h2/schema/Schema:getAllTablesAndViews:724
TALANK Adding line to sleep at: org/h2/schema/Schema:getAllTablesAndViews:725
TALANK Adding line to sleep at: nl/nlighten/prometheus/tomcat/TomcatJdbcInterceptor:reportFailedQuery:142
TALANK Adding line to sleep at: nl/nlighten/prometheus/tomcat/TomcatJdbcInterceptor:reportFailedQuery:143
TALANK Adding line to sleep at: org/apache/tomcat/jdbc/pool/ConnectionPool:returnConnection:1004
TALANK Adding line to sleep at: org/apache/tomcat/jdbc/pool/ConnectionPool:returnConnection:1005
TALANK Adding line to sleep at: org/apache/tomcat/jdbc/pool/ConnectionPool:returnConnection:1016
TALANK Adding line to sleep at: org/apache/tomcat/jdbc/pool/ConnectionPool:returnConnection:1017
TALANK Adding line to sleep at: org/apache/tomcat/jdbc/pool/ConnectionPool:getPoolVersion:1559
TALANK Adding line to sleep at: org/apache/tomcat/jdbc/pool/ConnectionPool:getPoolVersion:1560
TALANK Adding line to sleep at: org/apache/tomcat/jdbc/pool/ConnectionPool:returnConnection:1021
TALANK Adding line to sleep at: org/apache/tomcat/jdbc/pool/ConnectionPool:returnConnection:1022
TALANK Adding line to sleep at: org/apache/tomcat/jdbc/pool/FairBlockingQueue:offer:95
TALANK Adding line to sleep at: org/apache/tomcat/jdbc/pool/FairBlockingQueue:offer:96
TALANK Adding line to sleep at: org/apache/tomcat/jdbc/pool/FairBlockingQueue:offer:112
TALANK Adding line to sleep at: org/apache/tomcat/jdbc/pool/FairBlockingQueue:offer:113
TALANK Adding line to sleep at: org/apache/tomcat/jdbc/pool/ConnectionPool:returnConnection:1023
TALANK Adding line to sleep at: org/apache/tomcat/util/buf/C2BConverter:<init>:46
TALANK Adding line to sleep at: org/apache/tomcat/util/buf/C2BConverter:<init>:47
TALANK Adding line to sleep at: org/apache/catalina/connector/OutputBuffer:toWriteMode:860
TALANK Adding line to sleep at: org/apache/catalina/connector/OutputBuffer:toWriteMode:861
TALANK Adding line to sleep at: org/apache/catalina/connector/OutputBuffer:toWriteMode:862
TALANK Adding line to sleep at: org/apache/catalina/connector/OutputBuffer:toWriteMode:863
TALANK Adding line to sleep at: org/apache/catalina/connector/OutputBuffer:transfer:828
TALANK Adding line to sleep at: org/apache/catalina/connector/OutputBuffer:transfer:829
TALANK Adding line to sleep at: org/apache/catalina/connector/OutputBuffer:toReadMode:855
TALANK Adding line to sleep at: org/apache/catalina/connector/OutputBuffer:toReadMode:856
TALANK Adding line to sleep at: org/apache/catalina/connector/OutputBuffer:toReadMode:857
TALANK Adding line to sleep at: org/apache/catalina/connector/OutputBuffer:transfer:818
TALANK Adding line to sleep at: org/apache/catalina/connector/OutputBuffer:transfer:819
TALANK Adding line to sleep at: org/apache/catalina/connector/OutputBuffer:flushCharBuffer:788
TALANK Adding line to sleep at: org/apache/catalina/connector/OutputBuffer:flushCharBuffer:789
TALANK Adding line to sleep at: org/apache/tomcat/util/buf/C2BConverter:convert:135
TALANK Adding line to sleep at: org/apache/tomcat/util/buf/C2BConverter:convert:136
TALANK Adding line to sleep at: org/apache/tomcat/util/buf/C2BConverter:convert:143
TALANK Adding line to sleep at: org/apache/tomcat/util/buf/C2BConverter:convert:144
TALANK Adding line to sleep at: org/apache/tomcat/util/http/FastHttpDateFormat:getCurrentDate:105
TALANK Adding line to sleep at: org/apache/tomcat/util/http/FastHttpDateFormat:getCurrentDate:106
TALANK Adding line to sleep at: org/apache/coyote/http11/Http11OutputBuffer:write:442
TALANK Adding line to sleep at: org/apache/coyote/http11/Http11OutputBuffer:write:443
TALANK Adding line to sleep at: org/apache/coyote/http11/Http11OutputBuffer:sendStatus:335
TALANK Adding line to sleep at: org/apache/coyote/http11/Http11OutputBuffer:sendStatus:336
TALANK Adding line to sleep at: org/apache/coyote/http11/Http11OutputBuffer:sendStatus:353
TALANK Adding line to sleep at: org/apache/coyote/http11/Http11OutputBuffer:sendStatus:354
TALANK Adding line to sleep at: org/apache/coyote/http11/Http11OutputBuffer:sendStatus:359
TALANK Adding line to sleep at: org/apache/coyote/http11/Http11OutputBuffer:sendStatus:360
TALANK Adding line to sleep at: org/apache/tomcat/util/buf/MessageBytes:toBytes:249
TALANK Adding line to sleep at: org/apache/tomcat/util/buf/MessageBytes:toBytes:250
TALANK Adding line to sleep at: org/apache/coyote/http11/Http11OutputBuffer:write:427
TALANK Adding line to sleep at: org/apache/coyote/http11/Http11OutputBuffer:write:428
TALANK Adding line to sleep at: org/apache/coyote/http11/Http11OutputBuffer:sendHeader:371
TALANK Adding line to sleep at: org/apache/coyote/http11/Http11OutputBuffer:sendHeader:372
TALANK Adding line to sleep at: org/apache/coyote/http11/Http11OutputBuffer:sendHeader:373
TALANK Adding line to sleep at: org/apache/coyote/http11/Http11OutputBuffer:sendHeader:374
TALANK Adding line to sleep at: org/apache/coyote/http11/Http11OutputBuffer:endHeaders:381
TALANK Adding line to sleep at: org/apache/coyote/http11/Http11OutputBuffer:endHeaders:382
TALANK Adding line to sleep at: org/apache/coyote/Response:setCommitted:261
TALANK Adding line to sleep at: org/apache/coyote/Response:setCommitted:262
TALANK Adding line to sleep at: org/apache/tomcat/util/net/SocketWrapperBase:transfer:1536
TALANK Adding line to sleep at: org/apache/tomcat/util/net/SocketWrapperBase:transfer:1537
TALANK Adding line to sleep at: org/apache/coyote/http11/Http11OutputBuffer:commit:323
TALANK Adding line to sleep at: org/apache/coyote/http11/Http11OutputBuffer:commit:324
TALANK Adding line to sleep at: org/apache/catalina/connector/OutputBuffer:flushByteBuffer:783
TALANK Adding line to sleep at: org/apache/catalina/connector/OutputBuffer:flushByteBuffer:784
TALANK Adding line to sleep at: org/apache/tomcat/util/net/NioChannel:checkInterruptStatus:235
TALANK Adding line to sleep at: org/apache/tomcat/util/net/NioChannel:checkInterruptStatus:236
TALANK Adding line to sleep at: org/apache/tomcat/util/net/NioChannel:write:135
TALANK Adding line to sleep at: org/apache/tomcat/util/net/NioChannel:write:136
TALANK Adding line to sleep at: org/apache/tomcat/util/net/NioEndpoint$NioSocketWrapper:updateLastWrite:1151
TALANK Adding line to sleep at: org/apache/tomcat/util/net/NioEndpoint$NioSocketWrapper:updateLastWrite:1152
TALANK Adding line to sleep at: org/apache/catalina/core/StandardWrapper:deallocate:875
TALANK Adding line to sleep at: org/apache/catalina/core/StandardWrapper:deallocate:876
TALANK Adding line to sleep at: org/apache/catalina/core/StandardWrapperValve:invoke:289
TALANK Adding line to sleep at: org/apache/catalina/core/StandardWrapperValve:invoke:290
TALANK Adding line to sleep at: org/apache/catalina/core/StandardContext:unbind:5910
TALANK Adding line to sleep at: org/apache/catalina/core/StandardContext:unbind:5911
TALANK Adding line to sleep at: org/apache/coyote/Response:setErrorReported:329
TALANK Adding line to sleep at: org/apache/coyote/Response:setErrorReported:330
TALANK Adding line to sleep at: org/apache/coyote/AbstractProcessor:action:421
TALANK Adding line to sleep at: org/apache/coyote/AbstractProcessor:action:422
TALANK Adding line to sleep at: org/apache/catalina/connector/CoyoteAdapter:service:421
TALANK Adding line to sleep at: org/apache/catalina/connector/CoyoteAdapter:service:422
TALANK Adding line to sleep at: org/apache/catalina/session/StandardSession:endAccess:715
TALANK Adding line to sleep at: org/apache/catalina/session/StandardSession:endAccess:716
TALANK Adding line to sleep at: org/apache/coyote/RequestInfo:updateCounters:172
TALANK Adding line to sleep at: org/apache/coyote/RequestInfo:updateCounters:173
TALANK Adding line to sleep at: org/apache/coyote/Request:recycle:779
TALANK Adding line to sleep at: org/apache/coyote/Request:recycle:782
TALANK Adding line to sleep at: org/apache/coyote/Request:recycle:783
TALANK Adding line to sleep at: org/apache/coyote/Request:recycle:784
TALANK Adding line to sleep at: org/apache/coyote/http11/Http11InputBuffer:nextRequest:305
TALANK Adding line to sleep at: org/apache/coyote/http11/Http11InputBuffer:nextRequest:306
TALANK Adding line to sleep at: org/apache/coyote/Response:recycle:634
TALANK Adding line to sleep at: org/apache/coyote/Response:recycle:635
TALANK Adding line to sleep at: org/apache/coyote/Response:recycle:639
TALANK Adding line to sleep at: org/apache/coyote/Response:recycle:642
TALANK Adding line to sleep at: org/apache/coyote/http11/Http11OutputBuffer:nextRequest:277
TALANK Adding line to sleep at: org/apache/coyote/http11/Http11OutputBuffer:nextRequest:278
TALANK Adding line to sleep at: org/apache/coyote/AbstractProcessorLight:getIteratorAndClearDispatches:127
TALANK Adding line to sleep at: org/apache/coyote/AbstractProcessorLight:getIteratorAndClearDispatches:136
TALANK Adding line to sleep at: org/apache/coyote/AsyncStateMachine:recycle:0
TALANK Adding line to sleep at: org/apache/coyote/AsyncStateMachine:recycle:503
TALANK Adding line to sleep at: org/apache/coyote/http11/Http11InputBuffer:recycle:268
TALANK Adding line to sleep at: org/apache/coyote/http11/Http11InputBuffer:recycle:269
TALANK Adding line to sleep at: org/apache/coyote/AbstractProtocol$RecycledProcessors:push:1213
TALANK Adding line to sleep at: org/apache/coyote/AbstractProtocol$RecycledProcessors:push:1214
TALANK Adding line to sleep at: org/apache/tomcat/util/collections/SynchronizedStack:push:0
TALANK Adding line to sleep at: org/apache/tomcat/util/collections/SynchronizedStack:push:70
TALANK Adding line to sleep at: org/apache/coyote/AbstractProtocol$RecycledProcessors:push:1219
TALANK Adding line to sleep at: org/apache/coyote/AbstractProtocol$RecycledProcessors:push:1220
TALANK Adding line to sleep at: org/apache/tomcat/util/collections/SynchronizedStack:pop:80
TALANK Adding line to sleep at: org/apache/tomcat/util/collections/SynchronizedQueue:offer:0
TALANK Adding line to sleep at: org/apache/tomcat/util/collections/SynchronizedQueue:offer:57
TALANK Adding line to sleep at: org/apache/tomcat/util/net/NioEndpoint$Poller:addEvent:644
TALANK Adding line to sleep at: org/apache/tomcat/util/net/NioEndpoint$Poller:addEvent:645
TALANK Adding line to sleep at: org/apache/tomcat/util/net/NioEndpoint$Poller:addEvent:646
TALANK Adding line to sleep at: org/apache/tomcat/util/net/SocketProcessorBase:run:50
TALANK Adding line to sleep at: org/apache/tomcat/util/threads/ThreadPoolExecutor:runWorker:1192
TALANK Adding line to sleep at: org/apache/tomcat/util/threads/ThreadPoolExecutor:afterExecute:2193
TALANK Adding line to sleep at: org/apache/tomcat/util/threads/ThreadPoolExecutor:afterExecute:2194
TALANK Adding line to sleep at: org/apache/tomcat/util/threads/ThreadPoolExecutor:currentThreadShouldBeStopped:2227
TALANK Adding line to sleep at: org/apache/tomcat/util/threads/ThreadPoolExecutor:currentThreadShouldBeStopped:2228
TALANK Adding line to sleep at: org/apache/tomcat/util/threads/ThreadPoolExecutor:currentThreadShouldBeStopped:2229
TALANK Adding line to sleep at: org/apache/tomcat/util/threads/ThreadPoolExecutor:currentThreadShouldBeStopped:2230
TALANK Adding line to sleep at: org/apache/tomcat/util/threads/ThreadPoolExecutor:currentThreadShouldBeStopped:2231
TALANK Adding line to sleep at: org/apache/tomcat/util/threads/ThreadPoolExecutor:decrementWorkerCount:443
TALANK Adding line to sleep at: org/apache/tomcat/util/threads/ThreadPoolExecutor:decrementWorkerCount:444
TALANK Adding line to sleep at: org/apache/tomcat/util/threads/ThreadPoolExecutor:processWorkerExit:1036
TALANK Adding line to sleep at: org/apache/tomcat/util/threads/ThreadPoolExecutor:processWorkerExit:1037
TALANK Adding line to sleep at: org/apache/tomcat/util/threads/ThreadPoolExecutor:processWorkerExit:1041
TALANK Adding line to sleep at: org/apache/tomcat/util/threads/ThreadPoolExecutor:processWorkerExit:1042
TALANK Adding line to sleep at: org/apache/tomcat/util/threads/ThreadPoolExecutor:tryTerminate:738
TALANK Adding line to sleep at: org/apache/tomcat/util/threads/ThreadPoolExecutor:tryTerminate:739
TALANK Adding line to sleep at: org/apache/tomcat/util/threads/ThreadPoolExecutor:interruptIdleWorkers:823
TALANK Adding line to sleep at: org/apache/tomcat/util/threads/ThreadPoolExecutor:interruptIdleWorkers:824
TALANK Adding line to sleep at: org/apache/tomcat/util/threads/ThreadPoolExecutor:interruptIdleWorkers:827
TALANK Adding line to sleep at: org/apache/tomcat/util/threads/ThreadPoolExecutor:interruptIdleWorkers:828
TALANK Adding line to sleep at: org/apache/tomcat/util/threads/ThreadPoolExecutor:interruptIdleWorkers:840
TALANK Adding line to sleep at: org/apache/tomcat/util/threads/ThreadPoolExecutor:interruptIdleWorkers:841
TALANK Adding line to sleep at: org/apache/tomcat/util/threads/ThreadPoolExecutor:processWorkerExit:1046
TALANK Adding line to sleep at: org/apache/tomcat/util/threads/ThreadPoolExecutor:processWorkerExit:1047
TALANK Adding line to sleep at: org/apache/tomcat/util/threads/TaskThread$WrappingRunnable:run:62
TALANK Adding line to sleep at: org/apache/tomcat/util/threads/ThreadPoolExecutor:tryTerminate:750
TALANK Adding line to sleep at: org/apache/tomcat/util/threads/ThreadPoolExecutor:tryTerminate:751
TALANK Adding line to sleep at: org/apache/tomcat/util/threads/ThreadPoolExecutor:tryTerminate:752
TALANK Adding line to sleep at: org/apache/tomcat/util/threads/ThreadPoolExecutor:tryTerminate:753
TALANK Adding line to sleep at: org/apache/tomcat/util/threads/ThreadPoolExecutor:tryTerminate:756
TALANK Adding line to sleep at: org/apache/tomcat/util/threads/ThreadPoolExecutor:tryTerminate:757
TALANK Adding line to sleep at: org/apache/tomcat/util/threads/ThreadPoolExecutor:tryTerminate:758
TALANK Adding line to sleep at: org/apache/tomcat/util/threads/ThreadPoolExecutor:tryTerminate:762
TALANK Adding line to sleep at: org/apache/tomcat/util/threads/ThreadPoolExecutor:tryTerminate:763
TALANK Adding line to sleep at: org/apache/tomcat/util/threads/ThreadPoolExecutor:interruptIdleWorkers:829
TALANK Adding line to sleep at: org/apache/tomcat/util/threads/ThreadPoolExecutor:interruptIdleWorkers:830
********TALANK requesting to junitcore ******: org.junit.internal.requests.FilterRequest@30dae81
May 14, 2025 7:36:32 PM org.apache.catalina.core.StandardService startInternal
INFO: Starting service [Tomcat]
May 14, 2025 7:36:32 PM org.apache.catalina.core.StandardEngine startInternal
INFO: Starting Servlet engine: [Apache Tomcat/9.0.58]
May 14, 2025 7:36:33 PM org.apache.coyote.AbstractProtocol init
INFO: Initializing ProtocolHandler ["http-nio-auto-1"]
May 14, 2025 7:36:33 PM org.apache.coyote.AbstractProtocol start
INFO: Starting ProtocolHandler ["http-nio-auto-1-36039"]
May 14, 2025 7:36:33 PM org.apache.coyote.AbstractProtocol pause
INFO: Pausing ProtocolHandler ["http-nio-auto-1-36039"]
May 14, 2025 7:36:33 PM org.apache.catalina.core.StandardService stopInternal
INFO: Stopping service [Tomcat]
May 14, 2025 7:36:33 PM org.apache.coyote.AbstractProtocol stop
INFO: Stopping ProtocolHandler ["http-nio-auto-1-36039"]
java.lang.InterruptedException: sleep interrupted
	at java.lang.Thread.sleep(Native Method)
	at edu.gmu.swe.flaky.sleepy.intercept.Wrapper.napTime(Wrapper.java:265)
	at edu.gmu.swe.flaky.sleepy.intercept.Wrapper.extraSleep(Wrapper.java:217)
	at org.apache.tomcat.util.threads.ThreadPoolExecutor.getTask(ThreadPoolExecutor.java:1089)
	at org.apache.tomcat.util.threads.ThreadPoolExecutor.runWorker(ThreadPoolExecutor.java:1176)
	at org.apache.tomcat.util.threads.ThreadPoolExecutor$Worker.run(ThreadPoolExecutor.java:659)
	at org.apache.tomcat.util.threads.TaskThread$WrappingRunnable.run(TaskThread.java:61)
	at java.lang.Thread.run(Thread.java:745)
java.lang.InterruptedException: sleep interrupted
	at java.lang.Thread.sleep(Native Method)
	at edu.gmu.swe.flaky.sleepy.intercept.Wrapper.napTime(Wrapper.java:265)
	at edu.gmu.swe.flaky.sleepy.intercept.Wrapper.extraSleep(Wrapper.java:217)
	at org.apache.tomcat.util.threads.ThreadPoolExecutor.getTask(ThreadPoolExecutor.java:1089)
	at org.apache.tomcat.util.threads.ThreadPoolExecutor.runWorker(ThreadPoolExecutor.java:1176)
	at org.apache.tomcat.util.threads.ThreadPoolExecutor$Worker.run(ThreadPoolExecutor.java:659)
	at org.apache.tomcat.util.threads.TaskThread$WrappingRunnable.run(TaskThread.java:61)
	at java.lang.Thread.run(Thread.java:745)
java.lang.InterruptedException: sleep interrupted
	at java.lang.Thread.sleep(Native Method)
	at edu.gmu.swe.flaky.sleepy.intercept.Wrapper.napTime(Wrapper.java:265)
	at edu.gmu.swe.flaky.sleepy.intercept.Wrapper.extraSleep(Wrapper.java:217)
	at org.apache.tomcat.util.threads.ThreadPoolExecutor.decrementWorkerCount(ThreadPoolExecutor.java:443)
	at org.apache.tomcat.util.threads.ThreadPoolExecutor.getTask(ThreadPoolExecutor.java:1094)
	at org.apache.tomcat.util.threads.ThreadPoolExecutor.runWorker(ThreadPoolExecutor.java:1176)
	at org.apache.tomcat.util.threads.ThreadPoolExecutor$Worker.run(ThreadPoolExecutor.java:659)
	at org.apache.tomcat.util.threads.TaskThread$WrappingRunnable.run(TaskThread.java:61)
	at java.lang.Thread.run(Thread.java:745)
java.lang.InterruptedException: sleep interrupted
	at java.lang.Thread.sleep(Native Method)
	at edu.gmu.swe.flaky.sleepy.intercept.Wrapper.napTime(Wrapper.java:265)
	at edu.gmu.swe.flaky.sleepy.intercept.Wrapper.extraSleep(Wrapper.java:217)
	at org.apache.tomcat.util.threads.ThreadPoolExecutor.decrementWorkerCount(ThreadPoolExecutor.java:443)
	at org.apache.tomcat.util.threads.ThreadPoolExecutor.getTask(ThreadPoolExecutor.java:1094)
	at org.apache.tomcat.util.threads.ThreadPoolExecutor.runWorker(ThreadPoolExecutor.java:1176)
	at org.apache.tomcat.util.threads.ThreadPoolExecutor$Worker.run(ThreadPoolExecutor.java:659)
	at org.apache.tomcat.util.threads.TaskThread$WrappingRunnable.run(TaskThread.java:61)
	at java.lang.Thread.run(Thread.java:745)
java.lang.InterruptedException: sleep interrupted
	at java.lang.Thread.sleep(Native Method)
	at edu.gmu.swe.flaky.sleepy.intercept.Wrapper.napTime(Wrapper.java:265)
	at edu.gmu.swe.flaky.sleepy.intercept.Wrapper.extraSleep(Wrapper.java:217)
	at org.apache.tomcat.util.threads.ThreadPoolExecutor.processWorkerExit(ThreadPoolExecutor.java:1036)
	at org.apache.tomcat.util.threads.ThreadPoolExecutor.runWorker(ThreadPoolExecutor.java:1205)
	at org.apache.tomcat.util.threads.ThreadPoolExecutor$Worker.run(ThreadPoolExecutor.java:659)
	at org.apache.tomcat.util.threads.TaskThread$WrappingRunnable.run(TaskThread.java:61)
	at java.lang.Thread.run(Thread.java:745)
May 14, 2025 7:36:53 PM org.apache.tomcat.util.net.AbstractEndpoint shutdownExecutor
WARNING: The executor associated with thread pool [http-nio-auto-1] has not fully shutdown. Some application threads may still be running.
May 14, 2025 7:36:53 PM org.apache.coyote.AbstractProtocol destroy
INFO: Destroying ProtocolHandler ["http-nio-auto-1-36039"]
TALANKINFO:FromJava:OK

INFO:root:====END Java Log====
INFO:root:Kill all Java processes
INFO:root:Using timeout 1096.0 minutes
INFO:root:Running command:
INFO:root:/scratch/tbaral/ase26/nod-rr/NOD-Test-Repair/flakerake/jdk1.8.0_102/bin/java -XX:+ExitOnOutOfMemoryError -Xbootclasspath/p:/home/tbaral/.m2/repository/edu/gmu/swe/flaky/sleepy/sleepy-interceptor/0.0.4-SNAPSHOT/sleepy-interceptor-0.0.4-SNAPSHOT.jar -javaagent:/home/tbaral/.m2/repository/edu/gmu/swe/flaky/sleepy/sleepy-interceptor/0.0.4-SNAPSHOT/sleepy-interceptor-0.0.4-SNAPSHOT.jar   -cp '/home/tbaral/.m2/repository/io/prometheus/simpleclient/0.15.0/simpleclient-0.15.0.jar:/home/tbaral/.m2/repository/io/prometheus/simpleclient_tracer_otel/0.15.0/simpleclient_tracer_otel-0.15.0.jar:/home/tbaral/.m2/repository/io/prometheus/simpleclient_tracer_common/0.15.0/simpleclient_tracer_common-0.15.0.jar:/home/tbaral/.m2/repository/io/prometheus/simpleclient_tracer_otel_agent/0.15.0/simpleclient_tracer_otel_agent-0.15.0.jar:/home/tbaral/.m2/repository/io/prometheus/simpleclient_servlet/0.15.0/simpleclient_servlet-0.15.0.jar:/home/tbaral/.m2/repository/io/prometheus/simpleclient_common/0.15.0/simpleclient_common-0.15.0.jar:/home/tbaral/.m2/repository/io/prometheus/simpleclient_servlet_common/0.15.0/simpleclient_servlet_common-0.15.0.jar:/home/tbaral/.m2/repository/io/prometheus/simpleclient_hotspot/0.15.0/simpleclient_hotspot-0.15.0.jar:/home/tbaral/.m2/repository/org/apache/tomcat/tomcat-catalina/9.0.58/tomcat-catalina-9.0.58.jar:/home/tbaral/.m2/repository/org/apache/tomcat/tomcat-servlet-api/9.0.58/tomcat-servlet-api-9.0.58.jar:/home/tbaral/.m2/repository/org/apache/tomcat/tomcat-jsp-api/9.0.58/tomcat-jsp-api-9.0.58.jar:/home/tbaral/.m2/repository/org/apache/tomcat/tomcat-el-api/9.0.58/tomcat-el-api-9.0.58.jar:/home/tbaral/.m2/repository/org/apache/tomcat/tomcat-juli/9.0.58/tomcat-juli-9.0.58.jar:/home/tbaral/.m2/repository/org/apache/tomcat/tomcat-annotations-api/9.0.58/tomcat-annotations-api-9.0.58.jar:/home/tbaral/.m2/repository/org/apache/tomcat/tomcat-api/9.0.58/tomcat-api-9.0.58.jar:/home/tbaral/.m2/repository/org/apache/tomcat/tomcat-jni/9.0.58/tomcat-jni-9.0.58.jar:/home/tbaral/.m2/repository/org/apache/tomcat/tomcat-coyote/9.0.58/tomcat-coyote-9.0.58.jar:/home/tbaral/.m2/repository/org/apache/tomcat/tomcat-util/9.0.58/tomcat-util-9.0.58.jar:/home/tbaral/.m2/repository/org/apache/tomcat/tomcat-util-scan/9.0.58/tomcat-util-scan-9.0.58.jar:/home/tbaral/.m2/repository/org/apache/tomcat/tomcat-jaspic-api/9.0.58/tomcat-jaspic-api-9.0.58.jar:/home/tbaral/.m2/repository/org/apache/tomcat/tomcat-jdbc/9.0.58/tomcat-jdbc-9.0.58.jar:/home/tbaral/.m2/repository/org/apache/tomcat/tomcat-dbcp/9.0.58/tomcat-dbcp-9.0.58.jar:/home/tbaral/.m2/repository/junit/junit/4.13.1/junit-4.13.1.jar:/home/tbaral/.m2/repository/org/hamcrest/hamcrest-core/1.3/hamcrest-core-1.3.jar:/home/tbaral/.m2/repository/org/apache/tomcat/embed/tomcat-embed-core/9.0.58/tomcat-embed-core-9.0.58.jar:/home/tbaral/.m2/repository/io/rest-assured/rest-assured/4.1.1/rest-assured-4.1.1.jar:/home/tbaral/.m2/repository/org/codehaus/groovy/groovy/2.5.6/groovy-2.5.6.jar:/home/tbaral/.m2/repository/org/codehaus/groovy/groovy-xml/2.5.6/groovy-xml-2.5.6.jar:/home/tbaral/.m2/repository/org/apache/httpcomponents/httpclient/4.5.3/httpclient-4.5.3.jar:/home/tbaral/.m2/repository/org/apache/httpcomponents/httpcore/4.4.6/httpcore-4.4.6.jar:/home/tbaral/.m2/repository/commons-logging/commons-logging/1.2/commons-logging-1.2.jar:/home/tbaral/.m2/repository/commons-codec/commons-codec/1.9/commons-codec-1.9.jar:/home/tbaral/.m2/repository/org/apache/httpcomponents/httpmime/4.5.3/httpmime-4.5.3.jar:/home/tbaral/.m2/repository/org/hamcrest/hamcrest/2.1/hamcrest-2.1.jar:/home/tbaral/.m2/repository/org/ccil/cowan/tagsoup/tagsoup/1.2.1/tagsoup-1.2.1.jar:/home/tbaral/.m2/repository/io/rest-assured/json-path/4.1.1/json-path-4.1.1.jar:/home/tbaral/.m2/repository/org/codehaus/groovy/groovy-json/2.5.6/groovy-json-2.5.6.jar:/home/tbaral/.m2/repository/io/rest-assured/rest-assured-common/4.1.1/rest-assured-common-4.1.1.jar:/home/tbaral/.m2/repository/io/rest-assured/xml-path/4.1.1/xml-path-4.1.1.jar:/home/tbaral/.m2/repository/org/apache/commons/commons-lang3/3.4/commons-lang3-3.4.jar:/home/tbaral/.m2/repository/javax/xml/bind/jaxb-api/2.3.1/jaxb-api-2.3.1.jar:/home/tbaral/.m2/repository/javax/activation/javax.activation-api/1.2.0/javax.activation-api-1.2.0.jar:/home/tbaral/.m2/repository/com/sun/xml/bind/jaxb-osgi/2.3.0.1/jaxb-osgi-2.3.0.1.jar:/home/tbaral/.m2/repository/org/apache/sling/org.apache.sling.javax.activation/0.1.0/org.apache.sling.javax.activation-0.1.0.jar:/home/tbaral/.m2/repository/javax/activation/activation/1.1.1/activation-1.1.1.jar:/home/tbaral/.m2/repository/com/h2database/h2/2.1.210/h2-2.1.210.jar:./target/classes:./target/test-classes:/home/tbaral/.m2/repository/edu/gmu/swe/flaky/sleepy/sleepy-runner/0.0.4-SNAPSHOT/sleepy-runner-0.0.4-SNAPSHOT.jar' 'edu.gmu.swe.flaky.sleepy.runner.SleepyTestRunner' nl.nlighten.prometheus.tomcat.TomcatServletMetricsFilterTest#testServletRequestMetrics '<1721539164,1>' 'info' 10000 ./sleepy-records/internal/node-nl.nlighten.prometheus.tomcat.TomcatServletMetricsFilterTest#testServletRequestMetrics-0.sleepList
INFO:root:====BEGIN Java Log====
INFO:root:TALANK: args.length: 5
TALANK: args[0]: nl.nlighten.prometheus.tomcat.TomcatServletMetricsFilterTest#testServletRequestMetrics
TALANK: args[1]: <1721539164,1>
TALANK: args[2]: info
TALANK: args[3]: 10000
TALANK: args[4]: ./sleepy-records/internal/node-nl.nlighten.prometheus.tomcat.TomcatServletMetricsFilterTest#testServletRequestMetrics-0.sleepList
TALANK Adding line to sleep at: org/apache/tomcat/util/threads/TaskThread$WrappingRunnable:run:0
TALANK Adding line to sleep at: org/apache/tomcat/util/threads/TaskThread$WrappingRunnable:run:61
TALANK Adding line to sleep at: org/apache/tomcat/util/threads/ThreadPoolExecutor$Worker:run:0
TALANK Adding line to sleep at: org/apache/tomcat/util/threads/ThreadPoolExecutor:runWorker:1170
TALANK Adding line to sleep at: org/apache/tomcat/util/threads/ThreadPoolExecutor:runWorker:1171
TALANK Adding line to sleep at: org/apache/tomcat/util/threads/ThreadPoolExecutor:getTask:1089
TALANK Adding line to sleep at: org/apache/tomcat/util/threads/ThreadPoolExecutor:getTask:1090
TALANK Adding line to sleep at: org/apache/tomcat/util/threads/ThreadPoolExecutor:getTask:1114
TALANK Adding line to sleep at: org/apache/tomcat/util/threads/TaskQueue:take:146
TALANK Adding line to sleep at: org/apache/tomcat/util/threads/TaskQueue:take:147
TALANK Adding line to sleep at: org/apache/tomcat/util/threads/ThreadPoolExecutor:getTask:1115
TALANK Adding line to sleep at: org/apache/tomcat/util/threads/ThreadPoolExecutor$Worker:tryAcquire:675
TALANK Adding line to sleep at: org/apache/tomcat/util/threads/ThreadPoolExecutor$Worker:tryAcquire:676
TALANK Adding line to sleep at: org/apache/tomcat/util/threads/ThreadPoolExecutor:runWorker:1182
TALANK Adding line to sleep at: org/apache/tomcat/util/threads/ThreadPoolExecutor:runWorker:1183
TALANK Adding line to sleep at: org/apache/tomcat/util/threads/ThreadPoolExecutor:runWorker:1184
TALANK Adding line to sleep at: org/apache/tomcat/util/threads/ThreadPoolExecutor:runWorker:1191
TALANK Adding line to sleep at: org/apache/tomcat/util/net/SocketProcessorBase:run:0
TALANK Adding line to sleep at: org/apache/tomcat/util/net/SocketProcessorBase:run:40
TALANK Adding line to sleep at: org/apache/tomcat/util/net/SocketWrapperBase:isClosed:437
TALANK Adding line to sleep at: org/apache/tomcat/util/net/SocketWrapperBase:isClosed:438
TALANK Adding line to sleep at: org/apache/tomcat/util/collections/SynchronizedStack:pop:0
TALANK Adding line to sleep at: org/apache/tomcat/util/collections/SynchronizedStack:pop:76
TALANK Adding line to sleep at: org/apache/tomcat/util/res/StringManager:getManager:0
TALANK Adding line to sleep at: org/apache/tomcat/util/res/StringManager:getManager:266
TALANK Adding line to sleep at: org/apache/coyote/http11/Http11OutputBuffer:<init>:110
TALANK Adding line to sleep at: org/apache/coyote/http11/Http11OutputBuffer:<init>:111
TALANK Adding line to sleep at: org/apache/coyote/http11/filters/ChunkedOutputFilter:<init>:76
TALANK Adding line to sleep at: org/apache/coyote/http11/filters/ChunkedOutputFilter:<init>:77
TALANK Adding line to sleep at: org/apache/coyote/http11/filters/ChunkedOutputFilter:<init>:79
TALANK Adding line to sleep at: org/apache/coyote/http11/filters/ChunkedOutputFilter:<init>:80
TALANK Adding line to sleep at: org/apache/coyote/http11/filters/ChunkedOutputFilter:<init>:81
TALANK Adding line to sleep at: org/apache/coyote/http11/filters/ChunkedOutputFilter:<init>:84
TALANK Adding line to sleep at: org/apache/coyote/http11/filters/ChunkedOutputFilter:<init>:85
TALANK Adding line to sleep at: org/apache/coyote/http11/filters/ChunkedOutputFilter:<init>:91
TALANK Adding line to sleep at: org/apache/coyote/http11/filters/ChunkedOutputFilter:<init>:92
TALANK Adding line to sleep at: org/apache/coyote/http11/filters/ChunkedOutputFilter:<init>:93
TALANK Adding line to sleep at: org/apache/coyote/http11/filters/GzipOutputFilter$FakeOutputStream:<init>:147
TALANK Adding line to sleep at: org/apache/coyote/http11/filters/GzipOutputFilter$FakeOutputStream:<init>:148
TALANK Adding line to sleep at: org/apache/coyote/AbstractProtocol$ConnectionHandler:register:1130
TALANK Adding line to sleep at: org/apache/coyote/AbstractProtocol$ConnectionHandler:register:1132
TALANK Adding line to sleep at: org/apache/coyote/AbstractProtocol$ConnectionHandler:register:1133
TALANK Adding line to sleep at: org/apache/coyote/RequestGroupInfo:addRequestProcessor:0
TALANK Adding line to sleep at: org/apache/coyote/RequestGroupInfo:addRequestProcessor:39
TALANK Adding line to sleep at: org/apache/coyote/AbstractProtocol:getNameIndex:0
TALANK Adding line to sleep at: org/apache/coyote/AbstractProtocol:getNameIndex:360
TALANK Adding line to sleep at: org/apache/tomcat/util/net/AbstractJsseEndpoint:getLocalAddress:232
TALANK Adding line to sleep at: org/apache/tomcat/util/net/AbstractJsseEndpoint:getLocalAddress:233
TALANK Adding line to sleep at: org/apache/tomcat/util/modeler/Registry:getRegistry:0
TALANK Adding line to sleep at: org/apache/tomcat/util/modeler/Registry:getRegistry:144
TALANK Adding line to sleep at: org/apache/tomcat/util/modeler/ManagedBean:setName:178
TALANK Adding line to sleep at: org/apache/tomcat/util/modeler/ManagedBean:setName:179
TALANK Adding line to sleep at: org/apache/tomcat/util/modeler/ManagedBean:setName:183
TALANK Adding line to sleep at: org/apache/tomcat/util/modeler/ManagedBean:setName:184
TALANK Adding line to sleep at: org/apache/tomcat/util/modeler/ManagedBean:getMBeanInfo:354
TALANK Adding line to sleep at: org/apache/tomcat/util/modeler/ManagedBean:getMBeanInfo:355
TALANK Adding line to sleep at: org/apache/tomcat/util/modeler/ManagedBean:getMBeanInfo:360
TALANK Adding line to sleep at: org/apache/tomcat/util/modeler/ManagedBean:getMBeanInfo:361
TALANK Adding line to sleep at: org/apache/tomcat/util/modeler/ManagedBean:getMBeanInfo:363
TALANK Adding line to sleep at: org/apache/tomcat/util/modeler/ManagedBean:getMBeanInfo:364
TALANK Adding line to sleep at: org/apache/tomcat/util/modeler/ManagedBean:getMBeanInfo:401
TALANK Adding line to sleep at: org/apache/tomcat/util/modeler/ManagedBean:getMBeanInfo:402
TALANK Adding line to sleep at: org/apache/coyote/AbstractProtocol$ConnectionHandler:register:1151
TALANK Adding line to sleep at: org/apache/coyote/http11/Http11InputBuffer:init:757
TALANK Adding line to sleep at: org/apache/coyote/http11/Http11InputBuffer:init:758
TALANK Adding line to sleep at: org/apache/coyote/http11/Http11InputBuffer:init:759
TALANK Adding line to sleep at: org/apache/tomcat/util/net/NioChannel:read:160
TALANK Adding line to sleep at: org/apache/tomcat/util/net/NioChannel:read:161
TALANK Adding line to sleep at: org/apache/tomcat/util/net/NioEndpoint$NioSocketWrapper:updateLastRead:1153
TALANK Adding line to sleep at: org/apache/tomcat/util/net/NioEndpoint$NioSocketWrapper:updateLastRead:1154
TALANK Adding line to sleep at: org/apache/coyote/http11/Http11InputBuffer:parseRequestLine:372
TALANK Adding line to sleep at: org/apache/coyote/http11/Http11InputBuffer:parseRequestLine:373
TALANK Adding line to sleep at: org/apache/coyote/http11/Http11InputBuffer:parseRequestLine:385
TALANK Adding line to sleep at: org/apache/coyote/http11/Http11InputBuffer:parseRequestLine:386
TALANK Adding line to sleep at: org/apache/coyote/http11/Http11InputBuffer:parseRequestLine:387
TALANK Adding line to sleep at: org/apache/coyote/http11/Http11InputBuffer:parseRequestLine:388
TALANK Adding line to sleep at: org/apache/coyote/http11/Http11InputBuffer:parseRequestLine:410
TALANK Adding line to sleep at: org/apache/coyote/http11/Http11InputBuffer:parseRequestLine:411
TALANK Adding line to sleep at: org/apache/coyote/http11/Http11InputBuffer:parseRequestLine:413
TALANK Adding line to sleep at: org/apache/coyote/http11/Http11InputBuffer:parseRequestLine:414
TALANK Adding line to sleep at: org/apache/coyote/http11/Http11InputBuffer:parseRequestLine:434
TALANK Adding line to sleep at: org/apache/coyote/http11/Http11InputBuffer:parseRequestLine:435
TALANK Adding line to sleep at: org/apache/coyote/http11/Http11InputBuffer:parseRequestLine:460
TALANK Adding line to sleep at: org/apache/coyote/http11/Http11InputBuffer:parseRequestLine:461
TALANK Adding line to sleep at: org/apache/coyote/http11/Http11InputBuffer:parseRequestLine:511
TALANK Adding line to sleep at: org/apache/coyote/http11/Http11InputBuffer:parseRequestLine:512
TALANK Adding line to sleep at: org/apache/coyote/http11/Http11InputBuffer:parseRequestLine:530
TALANK Adding line to sleep at: org/apache/coyote/http11/Http11InputBuffer:parseRequestLine:531
TALANK Adding line to sleep at: org/apache/coyote/http11/Http11InputBuffer:parseRequestLine:557
TALANK Adding line to sleep at: org/apache/coyote/http11/Http11InputBuffer:parseRequestLine:558
TALANK Adding line to sleep at: org/apache/coyote/http11/Http11InputBuffer:parseRequestLine:575
TALANK Adding line to sleep at: org/apache/coyote/http11/Http11InputBuffer:parseRequestLine:576
TALANK Adding line to sleep at: org/apache/coyote/http11/Http11InputBuffer:parseHeader:864
TALANK Adding line to sleep at: org/apache/coyote/http11/Http11InputBuffer:parseHeader:865
TALANK Adding line to sleep at: org/apache/coyote/http11/Http11InputBuffer:parseHeader:905
TALANK Adding line to sleep at: org/apache/coyote/http11/Http11InputBuffer:parseHeader:906
TALANK Adding line to sleep at: org/apache/coyote/http11/Http11InputBuffer:parseHeader:927
TALANK Adding line to sleep at: org/apache/coyote/http11/Http11InputBuffer:parseHeader:928
TALANK Adding line to sleep at: org/apache/coyote/http11/Http11InputBuffer:parseHeader:908
TALANK Adding line to sleep at: org/apache/coyote/http11/Http11InputBuffer:parseHeader:909
TALANK Adding line to sleep at: org/apache/coyote/http11/Http11InputBuffer:parseHeader:955
TALANK Adding line to sleep at: org/apache/coyote/http11/Http11InputBuffer:parseHeader:956
TALANK Adding line to sleep at: org/apache/coyote/http11/Http11InputBuffer:parseHeader:978
TALANK Adding line to sleep at: org/apache/coyote/http11/Http11InputBuffer:parseHeader:979
TALANK Adding line to sleep at: org/apache/coyote/http11/Http11InputBuffer:parseHeader:998
TALANK Adding line to sleep at: org/apache/coyote/http11/Http11InputBuffer:parseHeader:999
TALANK Adding line to sleep at: org/apache/coyote/http11/Http11InputBuffer:parseHeader:1019
TALANK Adding line to sleep at: org/apache/coyote/http11/Http11InputBuffer:parseHeader:1020
TALANK Adding line to sleep at: org/apache/coyote/http11/Http11InputBuffer:parseHeader:1034
TALANK Adding line to sleep at: org/apache/coyote/http11/Http11InputBuffer:parseHeader:1035
TALANK Adding line to sleep at: org/apache/coyote/http11/Http11InputBuffer:parseHeader:995
TALANK Adding line to sleep at: org/apache/coyote/http11/Http11InputBuffer:parseHeader:996
TALANK Adding line to sleep at: org/apache/tomcat/util/buf/ByteChunk:toStringInternal:595
TALANK Adding line to sleep at: org/apache/tomcat/util/buf/ByteChunk:toStringInternal:596
TALANK Adding line to sleep at: org/apache/tomcat/util/buf/ByteChunk:toStringInternal:597
TALANK Adding line to sleep at: org/apache/catalina/connector/InputBuffer:<init>:153
TALANK Adding line to sleep at: org/apache/catalina/connector/InputBuffer:<init>:154
TALANK Adding line to sleep at: org/apache/catalina/connector/InputBuffer:clear:618
TALANK Adding line to sleep at: org/apache/catalina/connector/InputBuffer:clear:619
TALANK Adding line to sleep at: org/apache/catalina/connector/InputBuffer:<init>:155
TALANK Adding line to sleep at: org/apache/catalina/connector/InputBuffer:<init>:156
TALANK Adding line to sleep at: org/apache/catalina/connector/OutputBuffer:<init>:138
TALANK Adding line to sleep at: org/apache/catalina/connector/OutputBuffer:<init>:139
TALANK Adding line to sleep at: org/apache/catalina/connector/OutputBuffer:clear:847
TALANK Adding line to sleep at: org/apache/catalina/connector/OutputBuffer:clear:848
TALANK Adding line to sleep at: org/apache/catalina/connector/OutputBuffer:<init>:140
TALANK Adding line to sleep at: org/apache/catalina/connector/OutputBuffer:<init>:141
TALANK Adding line to sleep at: org/apache/catalina/connector/CoyoteAdapter:lambda$static$0:86
TALANK Adding line to sleep at: org/apache/catalina/connector/CoyoteAdapter:lambda$static$0:87
TALANK Adding line to sleep at: org/apache/coyote/Request:setRequestThread:696
TALANK Adding line to sleep at: org/apache/coyote/Request:setRequestThread:697
TALANK Adding line to sleep at: org/apache/tomcat/util/buf/B2CConverter:<init>:86
TALANK Adding line to sleep at: org/apache/tomcat/util/buf/B2CConverter:<init>:87
TALANK Adding line to sleep at: org/apache/tomcat/util/buf/B2CConverter:convert:126
TALANK Adding line to sleep at: org/apache/tomcat/util/buf/B2CConverter:convert:127
TALANK Adding line to sleep at: org/apache/tomcat/util/buf/B2CConverter:convert:134
TALANK Adding line to sleep at: org/apache/tomcat/util/buf/B2CConverter:convert:135
TALANK Adding line to sleep at: org/apache/tomcat/util/buf/Utf8Decoder:decodeLoop:77
TALANK Adding line to sleep at: org/apache/tomcat/util/buf/Utf8Decoder:decodeLoop:78
TALANK Adding line to sleep at: org/apache/tomcat/util/buf/Utf8Decoder:decodeHasArray:152
TALANK Adding line to sleep at: org/apache/tomcat/util/buf/Utf8Decoder:decodeHasArray:153
TALANK Adding line to sleep at: org/apache/tomcat/util/buf/Utf8Decoder:decodeHasArray:154
TALANK Adding line to sleep at: org/apache/tomcat/util/buf/Utf8Decoder:decodeHasArray:155
TALANK Adding line to sleep at: org/apache/tomcat/util/buf/Utf8Decoder:decodeHasArray:156
TALANK Adding line to sleep at: org/apache/tomcat/util/buf/Utf8Decoder:decodeHasArray:157
TALANK Adding line to sleep at: org/apache/tomcat/util/buf/Utf8Decoder:decodeHasArray:293
TALANK Adding line to sleep at: org/apache/tomcat/util/buf/Utf8Decoder:decodeHasArray:294
TALANK Adding line to sleep at: org/apache/tomcat/util/buf/Utf8Decoder:decodeHasArray:295
TALANK Adding line to sleep at: org/apache/coyote/Response:isError:319
TALANK Adding line to sleep at: org/apache/coyote/Response:isError:320
TALANK Adding line to sleep at: org/apache/catalina/core/StandardContext:getLoader:1865
TALANK Adding line to sleep at: org/apache/catalina/core/StandardContext:getLoader:1866
TALANK Adding line to sleep at: org/apache/catalina/core/StandardContext:getLoader:1869
TALANK Adding line to sleep at: org/apache/catalina/core/StandardContext:getLoader:1870
TALANK Adding line to sleep at: org/apache/catalina/core/StandardContext:bind:5874
TALANK Adding line to sleep at: org/apache/catalina/core/StandardContext:bind:5875
TALANK Adding line to sleep at: org/apache/coyote/Response:isErrorReportRequired:324
TALANK Adding line to sleep at: org/apache/coyote/Response:isErrorReportRequired:325
TALANK Adding line to sleep at: org/apache/catalina/core/StandardContext:getManager:1921
TALANK Adding line to sleep at: org/apache/catalina/core/StandardContext:getManager:1922
TALANK Adding line to sleep at: org/apache/catalina/core/StandardContext:getManager:1925
TALANK Adding line to sleep at: org/apache/catalina/core/StandardContext:getManager:1926
TALANK Adding line to sleep at: org/apache/catalina/core/ContainerBase:getRealm:596
TALANK Adding line to sleep at: org/apache/catalina/core/ContainerBase:getRealm:597
TALANK Adding line to sleep at: org/apache/catalina/core/ContainerBase:getRealm:606
TALANK Adding line to sleep at: org/apache/catalina/core/ContainerBase:getRealm:607
TALANK Adding line to sleep at: org/apache/catalina/authenticator/jaspic/AuthConfigFactoryImpl:loadPersistentRegistrations:337
TALANK Adding line to sleep at: org/apache/catalina/authenticator/jaspic/AuthConfigFactoryImpl:loadPersistentRegistrations:343
TALANK Adding line to sleep at: org/apache/catalina/core/StandardWrapperValve:invoke:94
TALANK Adding line to sleep at: org/apache/catalina/core/StandardWrapperValve:invoke:95
TALANK Adding line to sleep at: org/apache/catalina/core/StandardWrapperValve:invoke:96
TALANK Adding line to sleep at: org/apache/catalina/core/StandardWrapper:allocate:779
TALANK Adding line to sleep at: org/apache/catalina/startup/Tomcat$ExistingStandardWrapper:loadServlet:0
TALANK Adding line to sleep at: org/apache/catalina/startup/Tomcat$ExistingStandardWrapper:loadServlet:1244
TALANK Adding line to sleep at: org/apache/catalina/core/StandardWrapper:allocate:794
TALANK Adding line to sleep at: org/apache/catalina/core/StandardWrapper:allocate:795
TALANK Adding line to sleep at: org/apache/catalina/core/StandardWrapper:allocate:806
TALANK Adding line to sleep at: org/apache/catalina/core/StandardContext$ContextFilterMaps:asArray:4518
TALANK Adding line to sleep at: org/apache/catalina/core/StandardContext$ContextFilterMaps:asArray:4519
TALANK Adding line to sleep at: io/prometheus/client/Striped64:<clinit>:280
TALANK Adding line to sleep at: io/prometheus/client/Striped64:<clinit>:281
TALANK Adding line to sleep at: io/prometheus/client/Striped64:<clinit>:282
TALANK Adding line to sleep at: io/prometheus/client/SimpleCollector:labels:78
TALANK Adding line to sleep at: io/prometheus/client/SimpleCollector:labels:79
TALANK Adding line to sleep at: io/prometheus/client/Striped64:casBase:148
TALANK Adding line to sleep at: io/prometheus/client/Striped64:casBase:149
TALANK Adding line to sleep at: io/prometheus/client/Histogram$Child:<init>:359
TALANK Adding line to sleep at: io/prometheus/client/Histogram$Child:<init>:360
TALANK Adding line to sleep at: org/apache/catalina/session/ManagerBase:createSession:718
TALANK Adding line to sleep at: org/apache/catalina/session/ManagerBase:createSession:719
TALANK Adding line to sleep at: org/apache/catalina/session/ManagerBase:add:686
TALANK Adding line to sleep at: org/apache/catalina/session/ManagerBase:add:690
TALANK Adding line to sleep at: org/apache/catalina/session/ManagerBase:createSession:728
TALANK Adding line to sleep at: org/apache/catalina/session/ManagerBase:createSession:731
TALANK Adding line to sleep at: org/apache/catalina/session/StandardSession:access:690
TALANK Adding line to sleep at: org/apache/catalina/session/StandardSession:access:691
TALANK Adding line to sleep at: org/apache/catalina/webresources/Cache:getResources:149
TALANK Adding line to sleep at: org/apache/catalina/webresources/Cache:getResources:150
TALANK Adding line to sleep at: org/apache/catalina/webresources/Cache:getResources:169
TALANK Adding line to sleep at: org/apache/catalina/webresources/Cache:getResources:170
TALANK Adding line to sleep at: org/apache/catalina/webresources/CachedResource:validateResources:153
TALANK Adding line to sleep at: org/apache/catalina/webresources/CachedResource:validateResources:154
TALANK Adding line to sleep at: org/apache/catalina/webresources/CachedResource:validateResources:156
TALANK Adding line to sleep at: org/apache/catalina/webresources/CachedResource:validateResources:161
TALANK Adding line to sleep at: org/apache/catalina/webresources/Cache:getResources:178
TALANK Adding line to sleep at: org/apache/catalina/webresources/Cache:getResources:179
TALANK Adding line to sleep at: org/apache/catalina/webresources/Cache:getResources:180
TALANK Adding line to sleep at: org/apache/catalina/webresources/Cache:getResources:181
TALANK Adding line to sleep at: org/apache/catalina/loader/WebappClassLoaderBase:loadClass:1247
TALANK Adding line to sleep at: org/apache/catalina/loader/WebappClassLoaderBase:loadClass:1359
TALANK Adding line to sleep at: org/apache/naming/ContextBindings:isThreadBound:203
TALANK Adding line to sleep at: org/apache/naming/ContextBindings:isThreadBound:204
TALANK Adding line to sleep at: org/apache/naming/ContextBindings:isClassLoaderBound:297
TALANK Adding line to sleep at: org/apache/naming/ContextBindings:isClassLoaderBound:298
TALANK Adding line to sleep at: org/apache/naming/StringManager:getManager:0
TALANK Adding line to sleep at: org/apache/naming/StringManager:getManager:176
TALANK Adding line to sleep at: org/apache/naming/ContextBindings:getClassLoader:260
TALANK Adding line to sleep at: org/apache/naming/ContextBindings:getClassLoader:261
TALANK Adding line to sleep at: org/apache/tomcat/jdbc/pool/ConnectionPool:borrowConnection:672
TALANK Adding line to sleep at: org/apache/tomcat/jdbc/pool/ConnectionPool:borrowConnection:673
TALANK Adding line to sleep at: org/apache/tomcat/jdbc/pool/FairBlockingQueue:poll:259
TALANK Adding line to sleep at: org/apache/tomcat/jdbc/pool/FairBlockingQueue:poll:260
TALANK Adding line to sleep at: org/apache/tomcat/jdbc/pool/FairBlockingQueue:poll:263
TALANK Adding line to sleep at: org/apache/tomcat/jdbc/pool/FairBlockingQueue:poll:264
TALANK Adding line to sleep at: org/apache/tomcat/jdbc/pool/PooledConnection:lock:780
TALANK Adding line to sleep at: org/apache/tomcat/jdbc/pool/PooledConnection:lock:781
TALANK Adding line to sleep at: org/apache/tomcat/jdbc/pool/PooledConnection:isReleased:853
TALANK Adding line to sleep at: org/apache/tomcat/jdbc/pool/PooledConnection:isReleased:854
TALANK Adding line to sleep at: org/apache/tomcat/jdbc/pool/ConnectionPool:borrowConnection:844
TALANK Adding line to sleep at: org/apache/tomcat/jdbc/pool/ConnectionPool:borrowConnection:845
TALANK Adding line to sleep at: org/apache/tomcat/jdbc/pool/PooledConnection:unlock:791
TALANK Adding line to sleep at: org/apache/tomcat/jdbc/pool/PooledConnection:unlock:792
TALANK Adding line to sleep at: org/apache/tomcat/jdbc/pool/ConnectionPool:borrowConnection:680
TALANK Adding line to sleep at: org/apache/tomcat/jdbc/pool/ConnectionPool:borrowConnection:681
TALANK Adding line to sleep at: org/apache/tomcat/jdbc/pool/PooledConnection:createMBean:864
TALANK Adding line to sleep at: org/apache/tomcat/jdbc/pool/PooledConnection:createMBean:865
TALANK Adding line to sleep at: org/apache/tomcat/jdbc/pool/interceptor/AbstractCreateStatementInterceptor:invoke:74
TALANK Adding line to sleep at: org/apache/tomcat/jdbc/pool/interceptor/AbstractCreateStatementInterceptor:invoke:75
TALANK Adding line to sleep at: org/h2/message/TraceObject:getNextId:154
TALANK Adding line to sleep at: org/h2/message/TraceObject:getNextId:155
TALANK Adding line to sleep at: org/h2/engine/SessionLocal:isClosed:1152
TALANK Adding line to sleep at: org/h2/engine/SessionLocal:isClosed:1153
TALANK Adding line to sleep at: org/apache/tomcat/jdbc/pool/interceptor/AbstractCreateStatementInterceptor:invoke:76
TALANK Adding line to sleep at: org/apache/tomcat/jdbc/pool/interceptor/AbstractCreateStatementInterceptor:invoke:77
TALANK Adding line to sleep at: org/apache/tomcat/jdbc/pool/interceptor/AbstractQueryReport$StatementProxy:invoke:211
TALANK Adding line to sleep at: org/apache/tomcat/jdbc/pool/interceptor/AbstractQueryReport$StatementProxy:invoke:212
TALANK Adding line to sleep at: org/h2/jdbc/JdbcStatement:executeQuery:88
TALANK Adding line to sleep at: org/h2/engine/SessionLocal:prepareCommand:0
TALANK Adding line to sleep at: org/h2/engine/Database:getModificationMetaId:444
TALANK Adding line to sleep at: org/h2/engine/Database:getModificationMetaId:445
TALANK Adding line to sleep at: org/h2/message/TraceSystem:getTrace:131
TALANK Adding line to sleep at: org/h2/message/TraceSystem:getTrace:132
TALANK Adding line to sleep at: org/h2/message/TraceSystem:getTrace:134
TALANK Adding line to sleep at: org/h2/message/TraceSystem:getTrace:135
TALANK Adding line to sleep at: org/h2/engine/SessionLocal:prepareCommand:553
TALANK Adding line to sleep at: org/h2/engine/SessionLocal:transitionToState:1215
TALANK Adding line to sleep at: org/h2/engine/SessionLocal:transitionToState:1216
TALANK Adding line to sleep at: org/h2/engine/SessionLocal:transitionToState:1217
TALANK Adding line to sleep at: org/h2/engine/SessionLocal:transitionToState:1218
TALANK Adding line to sleep at: org/h2/engine/SessionLocal:isOpen:1156
TALANK Adding line to sleep at: org/h2/engine/SessionLocal:isOpen:1157
TALANK Adding line to sleep at: org/h2/engine/Database:getExclusiveSession:2099
TALANK Adding line to sleep at: org/h2/engine/Database:getExclusiveSession:2100
TALANK Adding line to sleep at: org/h2/command/Command:executeQuery:183
TALANK Adding line to sleep at: org/h2/mvstore/tx/TransactionStore:registerTransaction:399
TALANK Adding line to sleep at: org/h2/mvstore/tx/TransactionStore:registerTransaction:400
TALANK Adding line to sleep at: org/h2/mvstore/tx/TransactionStore:registerTransaction:416
TALANK Adding line to sleep at: org/h2/mvstore/tx/TransactionStore:registerTransaction:417
TALANK Adding line to sleep at: org/h2/mvstore/tx/TransactionStore:registerTransaction:423
TALANK Adding line to sleep at: org/h2/mvstore/tx/TransactionStore:registerTransaction:424
TALANK Adding line to sleep at: org/h2/mvstore/MVStore$TxCounter:incrementAndGet:3707
TALANK Adding line to sleep at: org/h2/mvstore/MVStore$TxCounter:incrementAndGet:3708
TALANK Adding line to sleep at: org/h2/engine/Database:getModificationDataId:436
TALANK Adding line to sleep at: org/h2/engine/Database:getModificationDataId:437
TALANK Adding line to sleep at: org/h2/mvstore/MVStore$TxCounter:decrementAndGet:3716
TALANK Adding line to sleep at: org/h2/mvstore/MVStore$TxCounter:decrementAndGet:3717
TALANK Adding line to sleep at: org/h2/mvstore/MVStore:deregisterVersionUsage:3582
TALANK Adding line to sleep at: org/h2/mvstore/MVStore:deregisterVersionUsage:3583
TALANK Adding line to sleep at: org/h2/mvstore/MVStore:deregisterVersionUsage:3584
TALANK Adding line to sleep at: org/h2/mvstore/MVStore:deregisterVersionUsage:3585
TALANK Adding line to sleep at: org/h2/mvstore/MVStore:setOldestVersionToKeep:2772
TALANK Adding line to sleep at: org/h2/mvstore/MVStore:setOldestVersionToKeep:2773
TALANK Adding line to sleep at: org/h2/mvstore/MVStore:deregisterVersionUsage:3588
TALANK Adding line to sleep at: org/h2/mvstore/MVStore:deregisterVersionUsage:3589
TALANK Adding line to sleep at: org/h2/mvstore/MVStore:isBackgroundThread:3418
TALANK Adding line to sleep at: org/h2/mvstore/MVStore:isBackgroundThread:3419
TALANK Adding line to sleep at: org/h2/engine/Database:throwLastBackgroundException:1796
TALANK Adding line to sleep at: org/h2/engine/Database:throwLastBackgroundException:1797
TALANK Adding line to sleep at: org/h2/mvstore/tx/Transaction:setStatus:216
TALANK Adding line to sleep at: org/h2/mvstore/tx/Transaction:setStatus:217
TALANK Adding line to sleep at: org/h2/mvstore/tx/Transaction:setStatus:255
TALANK Adding line to sleep at: org/h2/mvstore/tx/Transaction:setStatus:256
TALANK Adding line to sleep at: org/h2/mvstore/tx/TransactionStore:endTransaction:614
TALANK Adding line to sleep at: org/h2/mvstore/tx/TransactionStore:endTransaction:615
TALANK Adding line to sleep at: org/h2/mvstore/tx/TransactionStore:endTransaction:618
TALANK Adding line to sleep at: org/h2/mvstore/tx/TransactionStore:endTransaction:619
TALANK Adding line to sleep at: org/h2/mvstore/tx/TransactionStore:endTransaction:622
TALANK Adding line to sleep at: org/h2/mvstore/tx/TransactionStore:endTransaction:623
TALANK Adding line to sleep at: org/h2/command/Command:executeQuery:229
TALANK Adding line to sleep at: org/h2/jdbc/JdbcStatement:executeQuery:110
TALANK Adding line to sleep at: org/apache/tomcat/jdbc/pool/interceptor/AbstractQueryReport$StatementProxy:invoke:226
TALANK Adding line to sleep at: org/apache/tomcat/jdbc/pool/interceptor/AbstractQueryReport$StatementProxy:invoke:227
TALANK Adding line to sleep at: io/prometheus/client/Histogram$Child:updateExemplar:415
TALANK Adding line to sleep at: io/prometheus/client/Histogram$Child:updateExemplar:416
TALANK Adding line to sleep at: org/h2/engine/Database:findSchema:976
TALANK Adding line to sleep at: org/h2/engine/Database:findSchema:977
TALANK Adding line to sleep at: org/h2/schema/Schema:findTableOrView:318
TALANK Adding line to sleep at: org/h2/schema/Schema:findTableOrView:319
TALANK Adding line to sleep at: org/h2/schema/Schema:resolveTableOrView:338
TALANK Adding line to sleep at: org/h2/schema/Schema:resolveTableOrView:339
TALANK Adding line to sleep at: org/h2/engine/Database:getFirstUserTable:2211
TALANK Adding line to sleep at: org/h2/engine/Database:getFirstUserTable:2212
TALANK Adding line to sleep at: org/h2/schema/Schema:getAllTablesAndViews:724
TALANK Adding line to sleep at: org/h2/schema/Schema:getAllTablesAndViews:725
TALANK Adding line to sleep at: nl/nlighten/prometheus/tomcat/TomcatJdbcInterceptor:reportFailedQuery:142
TALANK Adding line to sleep at: nl/nlighten/prometheus/tomcat/TomcatJdbcInterceptor:reportFailedQuery:143
TALANK Adding line to sleep at: org/apache/tomcat/jdbc/pool/ConnectionPool:returnConnection:1004
TALANK Adding line to sleep at: org/apache/tomcat/jdbc/pool/ConnectionPool:returnConnection:1005
TALANK Adding line to sleep at: org/apache/tomcat/jdbc/pool/ConnectionPool:returnConnection:1016
TALANK Adding line to sleep at: org/apache/tomcat/jdbc/pool/ConnectionPool:returnConnection:1017
TALANK Adding line to sleep at: org/apache/tomcat/jdbc/pool/ConnectionPool:getPoolVersion:1559
TALANK Adding line to sleep at: org/apache/tomcat/jdbc/pool/ConnectionPool:getPoolVersion:1560
TALANK Adding line to sleep at: org/apache/tomcat/jdbc/pool/ConnectionPool:returnConnection:1021
TALANK Adding line to sleep at: org/apache/tomcat/jdbc/pool/ConnectionPool:returnConnection:1022
TALANK Adding line to sleep at: org/apache/tomcat/jdbc/pool/FairBlockingQueue:offer:95
TALANK Adding line to sleep at: org/apache/tomcat/jdbc/pool/FairBlockingQueue:offer:96
TALANK Adding line to sleep at: org/apache/tomcat/jdbc/pool/FairBlockingQueue:offer:112
TALANK Adding line to sleep at: org/apache/tomcat/jdbc/pool/FairBlockingQueue:offer:113
TALANK Adding line to sleep at: org/apache/tomcat/jdbc/pool/ConnectionPool:returnConnection:1023
TALANK Adding line to sleep at: org/apache/tomcat/util/buf/C2BConverter:<init>:46
TALANK Adding line to sleep at: org/apache/tomcat/util/buf/C2BConverter:<init>:47
TALANK Adding line to sleep at: org/apache/catalina/connector/OutputBuffer:toWriteMode:860
TALANK Adding line to sleep at: org/apache/catalina/connector/OutputBuffer:toWriteMode:861
TALANK Adding line to sleep at: org/apache/catalina/connector/OutputBuffer:toWriteMode:862
TALANK Adding line to sleep at: org/apache/catalina/connector/OutputBuffer:toWriteMode:863
TALANK Adding line to sleep at: org/apache/catalina/connector/OutputBuffer:transfer:828
TALANK Adding line to sleep at: org/apache/catalina/connector/OutputBuffer:transfer:829
TALANK Adding line to sleep at: org/apache/catalina/connector/OutputBuffer:toReadMode:855
TALANK Adding line to sleep at: org/apache/catalina/connector/OutputBuffer:toReadMode:856
TALANK Adding line to sleep at: org/apache/catalina/connector/OutputBuffer:toReadMode:857
TALANK Adding line to sleep at: org/apache/catalina/connector/OutputBuffer:transfer:818
TALANK Adding line to sleep at: org/apache/catalina/connector/OutputBuffer:transfer:819
TALANK Adding line to sleep at: org/apache/catalina/connector/OutputBuffer:flushCharBuffer:788
TALANK Adding line to sleep at: org/apache/catalina/connector/OutputBuffer:flushCharBuffer:789
TALANK Adding line to sleep at: org/apache/tomcat/util/buf/C2BConverter:convert:135
TALANK Adding line to sleep at: org/apache/tomcat/util/buf/C2BConverter:convert:136
TALANK Adding line to sleep at: org/apache/tomcat/util/buf/C2BConverter:convert:143
TALANK Adding line to sleep at: org/apache/tomcat/util/buf/C2BConverter:convert:144
TALANK Adding line to sleep at: org/apache/tomcat/util/http/FastHttpDateFormat:getCurrentDate:105
TALANK Adding line to sleep at: org/apache/tomcat/util/http/FastHttpDateFormat:getCurrentDate:106
TALANK Adding line to sleep at: org/apache/coyote/http11/Http11OutputBuffer:write:442
TALANK Adding line to sleep at: org/apache/coyote/http11/Http11OutputBuffer:write:443
TALANK Adding line to sleep at: org/apache/coyote/http11/Http11OutputBuffer:sendStatus:335
TALANK Adding line to sleep at: org/apache/coyote/http11/Http11OutputBuffer:sendStatus:336
TALANK Adding line to sleep at: org/apache/coyote/http11/Http11OutputBuffer:sendStatus:353
TALANK Adding line to sleep at: org/apache/coyote/http11/Http11OutputBuffer:sendStatus:354
TALANK Adding line to sleep at: org/apache/coyote/http11/Http11OutputBuffer:sendStatus:359
TALANK Adding line to sleep at: org/apache/coyote/http11/Http11OutputBuffer:sendStatus:360
TALANK Adding line to sleep at: org/apache/tomcat/util/buf/MessageBytes:toBytes:249
TALANK Adding line to sleep at: org/apache/tomcat/util/buf/MessageBytes:toBytes:250
TALANK Adding line to sleep at: org/apache/coyote/http11/Http11OutputBuffer:write:427
TALANK Adding line to sleep at: org/apache/coyote/http11/Http11OutputBuffer:write:428
TALANK Adding line to sleep at: org/apache/coyote/http11/Http11OutputBuffer:sendHeader:371
TALANK Adding line to sleep at: org/apache/coyote/http11/Http11OutputBuffer:sendHeader:372
TALANK Adding line to sleep at: org/apache/coyote/http11/Http11OutputBuffer:sendHeader:373
TALANK Adding line to sleep at: org/apache/coyote/http11/Http11OutputBuffer:sendHeader:374
TALANK Adding line to sleep at: org/apache/coyote/http11/Http11OutputBuffer:endHeaders:381
TALANK Adding line to sleep at: org/apache/coyote/http11/Http11OutputBuffer:endHeaders:382
TALANK Adding line to sleep at: org/apache/coyote/Response:setCommitted:261
TALANK Adding line to sleep at: org/apache/coyote/Response:setCommitted:262
TALANK Adding line to sleep at: org/apache/tomcat/util/net/SocketWrapperBase:transfer:1536
TALANK Adding line to sleep at: org/apache/tomcat/util/net/SocketWrapperBase:transfer:1537
TALANK Adding line to sleep at: org/apache/coyote/http11/Http11OutputBuffer:commit:323
TALANK Adding line to sleep at: org/apache/coyote/http11/Http11OutputBuffer:commit:324
TALANK Adding line to sleep at: org/apache/catalina/connector/OutputBuffer:flushByteBuffer:783
TALANK Adding line to sleep at: org/apache/catalina/connector/OutputBuffer:flushByteBuffer:784
TALANK Adding line to sleep at: org/apache/tomcat/util/net/NioChannel:checkInterruptStatus:235
TALANK Adding line to sleep at: org/apache/tomcat/util/net/NioChannel:checkInterruptStatus:236
TALANK Adding line to sleep at: org/apache/tomcat/util/net/NioChannel:write:135
TALANK Adding line to sleep at: org/apache/tomcat/util/net/NioChannel:write:136
TALANK Adding line to sleep at: org/apache/tomcat/util/net/NioEndpoint$NioSocketWrapper:updateLastWrite:1151
TALANK Adding line to sleep at: org/apache/tomcat/util/net/NioEndpoint$NioSocketWrapper:updateLastWrite:1152
TALANK Adding line to sleep at: org/apache/catalina/core/StandardWrapper:deallocate:875
TALANK Adding line to sleep at: org/apache/catalina/core/StandardWrapper:deallocate:876
TALANK Adding line to sleep at: org/apache/catalina/core/StandardWrapperValve:invoke:289
TALANK Adding line to sleep at: org/apache/catalina/core/StandardWrapperValve:invoke:290
TALANK Adding line to sleep at: org/apache/catalina/core/StandardContext:unbind:5910
TALANK Adding line to sleep at: org/apache/catalina/core/StandardContext:unbind:5911
TALANK Adding line to sleep at: org/apache/coyote/Response:setErrorReported:329
TALANK Adding line to sleep at: org/apache/coyote/Response:setErrorReported:330
TALANK Adding line to sleep at: org/apache/coyote/AbstractProcessor:action:421
TALANK Adding line to sleep at: org/apache/coyote/AbstractProcessor:action:422
TALANK Adding line to sleep at: org/apache/catalina/connector/CoyoteAdapter:service:421
TALANK Adding line to sleep at: org/apache/catalina/connector/CoyoteAdapter:service:422
TALANK Adding line to sleep at: org/apache/catalina/session/StandardSession:endAccess:715
TALANK Adding line to sleep at: org/apache/catalina/session/StandardSession:endAccess:716
TALANK Adding line to sleep at: org/apache/coyote/RequestInfo:updateCounters:172
TALANK Adding line to sleep at: org/apache/coyote/RequestInfo:updateCounters:173
TALANK Adding line to sleep at: org/apache/coyote/Request:recycle:779
TALANK Adding line to sleep at: org/apache/coyote/Request:recycle:782
TALANK Adding line to sleep at: org/apache/coyote/Request:recycle:783
TALANK Adding line to sleep at: org/apache/coyote/Request:recycle:784
TALANK Adding line to sleep at: org/apache/coyote/http11/Http11InputBuffer:nextRequest:305
TALANK Adding line to sleep at: org/apache/coyote/http11/Http11InputBuffer:nextRequest:306
TALANK Adding line to sleep at: org/apache/coyote/Response:recycle:634
TALANK Adding line to sleep at: org/apache/coyote/Response:recycle:635
TALANK Adding line to sleep at: org/apache/coyote/Response:recycle:639
TALANK Adding line to sleep at: org/apache/coyote/Response:recycle:642
TALANK Adding line to sleep at: org/apache/coyote/http11/Http11OutputBuffer:nextRequest:277
TALANK Adding line to sleep at: org/apache/coyote/http11/Http11OutputBuffer:nextRequest:278
TALANK Adding line to sleep at: org/apache/coyote/AbstractProcessorLight:getIteratorAndClearDispatches:127
TALANK Adding line to sleep at: org/apache/coyote/AbstractProcessorLight:getIteratorAndClearDispatches:136
TALANK Adding line to sleep at: org/apache/coyote/AsyncStateMachine:recycle:0
TALANK Adding line to sleep at: org/apache/coyote/AsyncStateMachine:recycle:503
TALANK Adding line to sleep at: org/apache/coyote/http11/Http11InputBuffer:recycle:268
TALANK Adding line to sleep at: org/apache/coyote/http11/Http11InputBuffer:recycle:269
TALANK Adding line to sleep at: org/apache/coyote/AbstractProtocol$RecycledProcessors:push:1213
TALANK Adding line to sleep at: org/apache/coyote/AbstractProtocol$RecycledProcessors:push:1214
TALANK Adding line to sleep at: org/apache/tomcat/util/collections/SynchronizedStack:push:0
TALANK Adding line to sleep at: org/apache/tomcat/util/collections/SynchronizedStack:push:70
TALANK Adding line to sleep at: org/apache/coyote/AbstractProtocol$RecycledProcessors:push:1219
TALANK Adding line to sleep at: org/apache/coyote/AbstractProtocol$RecycledProcessors:push:1220
TALANK Adding line to sleep at: org/apache/tomcat/util/collections/SynchronizedStack:pop:80
TALANK Adding line to sleep at: org/apache/tomcat/util/collections/SynchronizedQueue:offer:0
TALANK Adding line to sleep at: org/apache/tomcat/util/collections/SynchronizedQueue:offer:57
TALANK Adding line to sleep at: org/apache/tomcat/util/net/NioEndpoint$Poller:addEvent:644
TALANK Adding line to sleep at: org/apache/tomcat/util/net/NioEndpoint$Poller:addEvent:645
TALANK Adding line to sleep at: org/apache/tomcat/util/net/NioEndpoint$Poller:addEvent:646
TALANK Adding line to sleep at: org/apache/tomcat/util/net/SocketProcessorBase:run:50
TALANK Adding line to sleep at: org/apache/tomcat/util/threads/ThreadPoolExecutor:runWorker:1192
TALANK Adding line to sleep at: org/apache/tomcat/util/threads/ThreadPoolExecutor:afterExecute:2193
TALANK Adding line to sleep at: org/apache/tomcat/util/threads/ThreadPoolExecutor:afterExecute:2194
TALANK Adding line to sleep at: org/apache/tomcat/util/threads/ThreadPoolExecutor:currentThreadShouldBeStopped:2227
TALANK Adding line to sleep at: org/apache/tomcat/util/threads/ThreadPoolExecutor:currentThreadShouldBeStopped:2228
TALANK Adding line to sleep at: org/apache/tomcat/util/threads/ThreadPoolExecutor:currentThreadShouldBeStopped:2229
TALANK Adding line to sleep at: org/apache/tomcat/util/threads/ThreadPoolExecutor:currentThreadShouldBeStopped:2230
TALANK Adding line to sleep at: org/apache/tomcat/util/threads/ThreadPoolExecutor:currentThreadShouldBeStopped:2231
TALANK Adding line to sleep at: org/apache/tomcat/util/threads/ThreadPoolExecutor:decrementWorkerCount:443
TALANK Adding line to sleep at: org/apache/tomcat/util/threads/ThreadPoolExecutor:decrementWorkerCount:444
TALANK Adding line to sleep at: org/apache/tomcat/util/threads/ThreadPoolExecutor:processWorkerExit:1036
TALANK Adding line to sleep at: org/apache/tomcat/util/threads/ThreadPoolExecutor:processWorkerExit:1037
TALANK Adding line to sleep at: org/apache/tomcat/util/threads/ThreadPoolExecutor:processWorkerExit:1041
TALANK Adding line to sleep at: org/apache/tomcat/util/threads/ThreadPoolExecutor:processWorkerExit:1042
TALANK Adding line to sleep at: org/apache/tomcat/util/threads/ThreadPoolExecutor:tryTerminate:738
TALANK Adding line to sleep at: org/apache/tomcat/util/threads/ThreadPoolExecutor:tryTerminate:739
TALANK Adding line to sleep at: org/apache/tomcat/util/threads/ThreadPoolExecutor:interruptIdleWorkers:823
TALANK Adding line to sleep at: org/apache/tomcat/util/threads/ThreadPoolExecutor:interruptIdleWorkers:824
TALANK Adding line to sleep at: org/apache/tomcat/util/threads/ThreadPoolExecutor:interruptIdleWorkers:827
TALANK Adding line to sleep at: org/apache/tomcat/util/threads/ThreadPoolExecutor:interruptIdleWorkers:828
TALANK Adding line to sleep at: org/apache/tomcat/util/threads/ThreadPoolExecutor:interruptIdleWorkers:840
TALANK Adding line to sleep at: org/apache/tomcat/util/threads/ThreadPoolExecutor:interruptIdleWorkers:841
TALANK Adding line to sleep at: org/apache/tomcat/util/threads/ThreadPoolExecutor:processWorkerExit:1046
TALANK Adding line to sleep at: org/apache/tomcat/util/threads/ThreadPoolExecutor:processWorkerExit:1047
TALANK Adding line to sleep at: org/apache/tomcat/util/threads/TaskThread$WrappingRunnable:run:62
TALANK Adding line to sleep at: org/apache/tomcat/util/threads/ThreadPoolExecutor:tryTerminate:750
TALANK Adding line to sleep at: org/apache/tomcat/util/threads/ThreadPoolExecutor:tryTerminate:751
TALANK Adding line to sleep at: org/apache/tomcat/util/threads/ThreadPoolExecutor:tryTerminate:752
TALANK Adding line to sleep at: org/apache/tomcat/util/threads/ThreadPoolExecutor:tryTerminate:753
TALANK Adding line to sleep at: org/apache/tomcat/util/threads/ThreadPoolExecutor:tryTerminate:756
TALANK Adding line to sleep at: org/apache/tomcat/util/threads/ThreadPoolExecutor:tryTerminate:757
TALANK Adding line to sleep at: org/apache/tomcat/util/threads/ThreadPoolExecutor:tryTerminate:758
TALANK Adding line to sleep at: org/apache/tomcat/util/threads/ThreadPoolExecutor:tryTerminate:762
TALANK Adding line to sleep at: org/apache/tomcat/util/threads/ThreadPoolExecutor:tryTerminate:763
TALANK Adding line to sleep at: org/apache/tomcat/util/threads/ThreadPoolExecutor:interruptIdleWorkers:829
TALANK Adding line to sleep at: org/apache/tomcat/util/threads/ThreadPoolExecutor:interruptIdleWorkers:830
********TALANK requesting to junitcore ******: org.junit.internal.requests.FilterRequest@30dae81
May 14, 2025 7:36:58 PM org.apache.catalina.core.StandardService startInternal
INFO: Starting service [Tomcat]
May 14, 2025 7:36:58 PM org.apache.catalina.core.StandardEngine startInternal
INFO: Starting Servlet engine: [Apache Tomcat/9.0.58]
May 14, 2025 7:36:59 PM org.apache.coyote.AbstractProtocol init
INFO: Initializing ProtocolHandler ["http-nio-auto-1"]
May 14, 2025 7:36:59 PM org.apache.coyote.AbstractProtocol start
INFO: Starting ProtocolHandler ["http-nio-auto-1-33717"]
May 14, 2025 7:36:59 PM org.apache.coyote.AbstractProtocol pause
INFO: Pausing ProtocolHandler ["http-nio-auto-1-33717"]
May 14, 2025 7:36:59 PM org.apache.catalina.core.StandardService stopInternal
INFO: Stopping service [Tomcat]
May 14, 2025 7:36:59 PM org.apache.coyote.AbstractProtocol stop
INFO: Stopping ProtocolHandler ["http-nio-auto-1-33717"]
java.lang.InterruptedException: sleep interrupted
	at java.lang.Thread.sleep(Native Method)
	at edu.gmu.swe.flaky.sleepy.intercept.Wrapper.napTime(Wrapper.java:265)
	at edu.gmu.swe.flaky.sleepy.intercept.Wrapper.extraSleep(Wrapper.java:217)
	at org.apache.coyote.AbstractProcessorLight.getIteratorAndClearDispatches(AbstractProcessorLight.java:136)
	at org.apache.coyote.AbstractProcessorLight.process(AbstractProcessorLight.java:91)
	at org.apache.coyote.AbstractProtocol$ConnectionHandler.process(AbstractProtocol.java:889)
	at org.apache.tomcat.util.net.NioEndpoint$SocketProcessor.doRun(NioEndpoint.java:1735)
	at org.apache.tomcat.util.net.SocketProcessorBase.run(SocketProcessorBase.java:49)
	at org.apache.tomcat.util.threads.ThreadPoolExecutor.runWorker(ThreadPoolExecutor.java:1191)
	at org.apache.tomcat.util.threads.ThreadPoolExecutor$Worker.run(ThreadPoolExecutor.java:659)
	at org.apache.tomcat.util.threads.TaskThread$WrappingRunnable.run(TaskThread.java:61)
	at java.lang.Thread.run(Thread.java:745)
May 14, 2025 7:37:04 PM org.apache.tomcat.util.net.AbstractEndpoint shutdownExecutor
WARNING: The executor associated with thread pool [http-nio-auto-1] has not fully shutdown. Some application threads may still be running.
May 14, 2025 7:37:04 PM org.apache.coyote.AbstractProtocol destroy
INFO: Destroying ProtocolHandler ["http-nio-auto-1-33717"]
TALANKINFO:FromJava:OK

INFO:root:====END Java Log====
INFO:root:Kill all Java processes
INFO:root:Using timeout 1096.0 minutes
INFO:root:Running command:
INFO:root:/scratch/tbaral/ase26/nod-rr/NOD-Test-Repair/flakerake/jdk1.8.0_102/bin/java -XX:+ExitOnOutOfMemoryError -Xbootclasspath/p:/home/tbaral/.m2/repository/edu/gmu/swe/flaky/sleepy/sleepy-interceptor/0.0.4-SNAPSHOT/sleepy-interceptor-0.0.4-SNAPSHOT.jar -javaagent:/home/tbaral/.m2/repository/edu/gmu/swe/flaky/sleepy/sleepy-interceptor/0.0.4-SNAPSHOT/sleepy-interceptor-0.0.4-SNAPSHOT.jar   -cp '/home/tbaral/.m2/repository/io/prometheus/simpleclient/0.15.0/simpleclient-0.15.0.jar:/home/tbaral/.m2/repository/io/prometheus/simpleclient_tracer_otel/0.15.0/simpleclient_tracer_otel-0.15.0.jar:/home/tbaral/.m2/repository/io/prometheus/simpleclient_tracer_common/0.15.0/simpleclient_tracer_common-0.15.0.jar:/home/tbaral/.m2/repository/io/prometheus/simpleclient_tracer_otel_agent/0.15.0/simpleclient_tracer_otel_agent-0.15.0.jar:/home/tbaral/.m2/repository/io/prometheus/simpleclient_servlet/0.15.0/simpleclient_servlet-0.15.0.jar:/home/tbaral/.m2/repository/io/prometheus/simpleclient_common/0.15.0/simpleclient_common-0.15.0.jar:/home/tbaral/.m2/repository/io/prometheus/simpleclient_servlet_common/0.15.0/simpleclient_servlet_common-0.15.0.jar:/home/tbaral/.m2/repository/io/prometheus/simpleclient_hotspot/0.15.0/simpleclient_hotspot-0.15.0.jar:/home/tbaral/.m2/repository/org/apache/tomcat/tomcat-catalina/9.0.58/tomcat-catalina-9.0.58.jar:/home/tbaral/.m2/repository/org/apache/tomcat/tomcat-servlet-api/9.0.58/tomcat-servlet-api-9.0.58.jar:/home/tbaral/.m2/repository/org/apache/tomcat/tomcat-jsp-api/9.0.58/tomcat-jsp-api-9.0.58.jar:/home/tbaral/.m2/repository/org/apache/tomcat/tomcat-el-api/9.0.58/tomcat-el-api-9.0.58.jar:/home/tbaral/.m2/repository/org/apache/tomcat/tomcat-juli/9.0.58/tomcat-juli-9.0.58.jar:/home/tbaral/.m2/repository/org/apache/tomcat/tomcat-annotations-api/9.0.58/tomcat-annotations-api-9.0.58.jar:/home/tbaral/.m2/repository/org/apache/tomcat/tomcat-api/9.0.58/tomcat-api-9.0.58.jar:/home/tbaral/.m2/repository/org/apache/tomcat/tomcat-jni/9.0.58/tomcat-jni-9.0.58.jar:/home/tbaral/.m2/repository/org/apache/tomcat/tomcat-coyote/9.0.58/tomcat-coyote-9.0.58.jar:/home/tbaral/.m2/repository/org/apache/tomcat/tomcat-util/9.0.58/tomcat-util-9.0.58.jar:/home/tbaral/.m2/repository/org/apache/tomcat/tomcat-util-scan/9.0.58/tomcat-util-scan-9.0.58.jar:/home/tbaral/.m2/repository/org/apache/tomcat/tomcat-jaspic-api/9.0.58/tomcat-jaspic-api-9.0.58.jar:/home/tbaral/.m2/repository/org/apache/tomcat/tomcat-jdbc/9.0.58/tomcat-jdbc-9.0.58.jar:/home/tbaral/.m2/repository/org/apache/tomcat/tomcat-dbcp/9.0.58/tomcat-dbcp-9.0.58.jar:/home/tbaral/.m2/repository/junit/junit/4.13.1/junit-4.13.1.jar:/home/tbaral/.m2/repository/org/hamcrest/hamcrest-core/1.3/hamcrest-core-1.3.jar:/home/tbaral/.m2/repository/org/apache/tomcat/embed/tomcat-embed-core/9.0.58/tomcat-embed-core-9.0.58.jar:/home/tbaral/.m2/repository/io/rest-assured/rest-assured/4.1.1/rest-assured-4.1.1.jar:/home/tbaral/.m2/repository/org/codehaus/groovy/groovy/2.5.6/groovy-2.5.6.jar:/home/tbaral/.m2/repository/org/codehaus/groovy/groovy-xml/2.5.6/groovy-xml-2.5.6.jar:/home/tbaral/.m2/repository/org/apache/httpcomponents/httpclient/4.5.3/httpclient-4.5.3.jar:/home/tbaral/.m2/repository/org/apache/httpcomponents/httpcore/4.4.6/httpcore-4.4.6.jar:/home/tbaral/.m2/repository/commons-logging/commons-logging/1.2/commons-logging-1.2.jar:/home/tbaral/.m2/repository/commons-codec/commons-codec/1.9/commons-codec-1.9.jar:/home/tbaral/.m2/repository/org/apache/httpcomponents/httpmime/4.5.3/httpmime-4.5.3.jar:/home/tbaral/.m2/repository/org/hamcrest/hamcrest/2.1/hamcrest-2.1.jar:/home/tbaral/.m2/repository/org/ccil/cowan/tagsoup/tagsoup/1.2.1/tagsoup-1.2.1.jar:/home/tbaral/.m2/repository/io/rest-assured/json-path/4.1.1/json-path-4.1.1.jar:/home/tbaral/.m2/repository/org/codehaus/groovy/groovy-json/2.5.6/groovy-json-2.5.6.jar:/home/tbaral/.m2/repository/io/rest-assured/rest-assured-common/4.1.1/rest-assured-common-4.1.1.jar:/home/tbaral/.m2/repository/io/rest-assured/xml-path/4.1.1/xml-path-4.1.1.jar:/home/tbaral/.m2/repository/org/apache/commons/commons-lang3/3.4/commons-lang3-3.4.jar:/home/tbaral/.m2/repository/javax/xml/bind/jaxb-api/2.3.1/jaxb-api-2.3.1.jar:/home/tbaral/.m2/repository/javax/activation/javax.activation-api/1.2.0/javax.activation-api-1.2.0.jar:/home/tbaral/.m2/repository/com/sun/xml/bind/jaxb-osgi/2.3.0.1/jaxb-osgi-2.3.0.1.jar:/home/tbaral/.m2/repository/org/apache/sling/org.apache.sling.javax.activation/0.1.0/org.apache.sling.javax.activation-0.1.0.jar:/home/tbaral/.m2/repository/javax/activation/activation/1.1.1/activation-1.1.1.jar:/home/tbaral/.m2/repository/com/h2database/h2/2.1.210/h2-2.1.210.jar:./target/classes:./target/test-classes:/home/tbaral/.m2/repository/edu/gmu/swe/flaky/sleepy/sleepy-runner/0.0.4-SNAPSHOT/sleepy-runner-0.0.4-SNAPSHOT.jar' 'edu.gmu.swe.flaky.sleepy.runner.SleepyTestRunner' nl.nlighten.prometheus.tomcat.TomcatServletMetricsFilterTest#testServletRequestMetrics '<1721539164,1>' 'info' 10000 ./sleepy-records/internal/node-nl.nlighten.prometheus.tomcat.TomcatServletMetricsFilterTest#testServletRequestMetrics-0.sleepList
INFO:root:====BEGIN Java Log====
INFO:root:TALANK: args.length: 5
TALANK: args[0]: nl.nlighten.prometheus.tomcat.TomcatServletMetricsFilterTest#testServletRequestMetrics
TALANK: args[1]: <1721539164,1>
TALANK: args[2]: info
TALANK: args[3]: 10000
TALANK: args[4]: ./sleepy-records/internal/node-nl.nlighten.prometheus.tomcat.TomcatServletMetricsFilterTest#testServletRequestMetrics-0.sleepList
TALANK Adding line to sleep at: org/apache/tomcat/util/threads/TaskThread$WrappingRunnable:run:0
TALANK Adding line to sleep at: org/apache/tomcat/util/threads/TaskThread$WrappingRunnable:run:61
TALANK Adding line to sleep at: org/apache/tomcat/util/threads/ThreadPoolExecutor$Worker:run:0
TALANK Adding line to sleep at: org/apache/tomcat/util/threads/ThreadPoolExecutor:runWorker:1170
TALANK Adding line to sleep at: org/apache/tomcat/util/threads/ThreadPoolExecutor:runWorker:1171
TALANK Adding line to sleep at: org/apache/tomcat/util/threads/ThreadPoolExecutor:getTask:1089
TALANK Adding line to sleep at: org/apache/tomcat/util/threads/ThreadPoolExecutor:getTask:1090
TALANK Adding line to sleep at: org/apache/tomcat/util/threads/ThreadPoolExecutor:getTask:1114
TALANK Adding line to sleep at: org/apache/tomcat/util/threads/TaskQueue:take:146
TALANK Adding line to sleep at: org/apache/tomcat/util/threads/TaskQueue:take:147
TALANK Adding line to sleep at: org/apache/tomcat/util/threads/ThreadPoolExecutor:getTask:1115
TALANK Adding line to sleep at: org/apache/tomcat/util/threads/ThreadPoolExecutor$Worker:tryAcquire:675
TALANK Adding line to sleep at: org/apache/tomcat/util/threads/ThreadPoolExecutor$Worker:tryAcquire:676
TALANK Adding line to sleep at: org/apache/tomcat/util/threads/ThreadPoolExecutor:runWorker:1182
TALANK Adding line to sleep at: org/apache/tomcat/util/threads/ThreadPoolExecutor:runWorker:1183
TALANK Adding line to sleep at: org/apache/tomcat/util/threads/ThreadPoolExecutor:runWorker:1184
TALANK Adding line to sleep at: org/apache/tomcat/util/threads/ThreadPoolExecutor:runWorker:1191
TALANK Adding line to sleep at: org/apache/tomcat/util/net/SocketProcessorBase:run:0
TALANK Adding line to sleep at: org/apache/tomcat/util/net/SocketProcessorBase:run:40
TALANK Adding line to sleep at: org/apache/tomcat/util/net/SocketWrapperBase:isClosed:437
TALANK Adding line to sleep at: org/apache/tomcat/util/net/SocketWrapperBase:isClosed:438
TALANK Adding line to sleep at: org/apache/tomcat/util/collections/SynchronizedStack:pop:0
TALANK Adding line to sleep at: org/apache/tomcat/util/collections/SynchronizedStack:pop:76
TALANK Adding line to sleep at: org/apache/tomcat/util/res/StringManager:getManager:0
TALANK Adding line to sleep at: org/apache/tomcat/util/res/StringManager:getManager:266
TALANK Adding line to sleep at: org/apache/coyote/http11/Http11OutputBuffer:<init>:110
TALANK Adding line to sleep at: org/apache/coyote/http11/Http11OutputBuffer:<init>:111
TALANK Adding line to sleep at: org/apache/coyote/http11/filters/ChunkedOutputFilter:<init>:76
TALANK Adding line to sleep at: org/apache/coyote/http11/filters/ChunkedOutputFilter:<init>:77
TALANK Adding line to sleep at: org/apache/coyote/http11/filters/ChunkedOutputFilter:<init>:79
TALANK Adding line to sleep at: org/apache/coyote/http11/filters/ChunkedOutputFilter:<init>:80
TALANK Adding line to sleep at: org/apache/coyote/http11/filters/ChunkedOutputFilter:<init>:81
TALANK Adding line to sleep at: org/apache/coyote/http11/filters/ChunkedOutputFilter:<init>:84
TALANK Adding line to sleep at: org/apache/coyote/http11/filters/ChunkedOutputFilter:<init>:85
TALANK Adding line to sleep at: org/apache/coyote/http11/filters/ChunkedOutputFilter:<init>:91
TALANK Adding line to sleep at: org/apache/coyote/http11/filters/ChunkedOutputFilter:<init>:92
TALANK Adding line to sleep at: org/apache/coyote/http11/filters/ChunkedOutputFilter:<init>:93
TALANK Adding line to sleep at: org/apache/coyote/http11/filters/GzipOutputFilter$FakeOutputStream:<init>:147
TALANK Adding line to sleep at: org/apache/coyote/http11/filters/GzipOutputFilter$FakeOutputStream:<init>:148
TALANK Adding line to sleep at: org/apache/coyote/AbstractProtocol$ConnectionHandler:register:1130
TALANK Adding line to sleep at: org/apache/coyote/AbstractProtocol$ConnectionHandler:register:1132
TALANK Adding line to sleep at: org/apache/coyote/AbstractProtocol$ConnectionHandler:register:1133
TALANK Adding line to sleep at: org/apache/coyote/RequestGroupInfo:addRequestProcessor:0
TALANK Adding line to sleep at: org/apache/coyote/RequestGroupInfo:addRequestProcessor:39
TALANK Adding line to sleep at: org/apache/coyote/AbstractProtocol:getNameIndex:0
TALANK Adding line to sleep at: org/apache/coyote/AbstractProtocol:getNameIndex:360
TALANK Adding line to sleep at: org/apache/tomcat/util/net/AbstractJsseEndpoint:getLocalAddress:232
TALANK Adding line to sleep at: org/apache/tomcat/util/net/AbstractJsseEndpoint:getLocalAddress:233
TALANK Adding line to sleep at: org/apache/tomcat/util/modeler/Registry:getRegistry:0
TALANK Adding line to sleep at: org/apache/tomcat/util/modeler/Registry:getRegistry:144
TALANK Adding line to sleep at: org/apache/tomcat/util/modeler/ManagedBean:setName:178
TALANK Adding line to sleep at: org/apache/tomcat/util/modeler/ManagedBean:setName:179
TALANK Adding line to sleep at: org/apache/tomcat/util/modeler/ManagedBean:setName:183
TALANK Adding line to sleep at: org/apache/tomcat/util/modeler/ManagedBean:setName:184
TALANK Adding line to sleep at: org/apache/tomcat/util/modeler/ManagedBean:getMBeanInfo:354
TALANK Adding line to sleep at: org/apache/tomcat/util/modeler/ManagedBean:getMBeanInfo:355
TALANK Adding line to sleep at: org/apache/tomcat/util/modeler/ManagedBean:getMBeanInfo:360
TALANK Adding line to sleep at: org/apache/tomcat/util/modeler/ManagedBean:getMBeanInfo:361
TALANK Adding line to sleep at: org/apache/tomcat/util/modeler/ManagedBean:getMBeanInfo:363
TALANK Adding line to sleep at: org/apache/tomcat/util/modeler/ManagedBean:getMBeanInfo:364
TALANK Adding line to sleep at: org/apache/tomcat/util/modeler/ManagedBean:getMBeanInfo:401
TALANK Adding line to sleep at: org/apache/tomcat/util/modeler/ManagedBean:getMBeanInfo:402
TALANK Adding line to sleep at: org/apache/coyote/AbstractProtocol$ConnectionHandler:register:1151
TALANK Adding line to sleep at: org/apache/coyote/http11/Http11InputBuffer:init:757
TALANK Adding line to sleep at: org/apache/coyote/http11/Http11InputBuffer:init:758
TALANK Adding line to sleep at: org/apache/coyote/http11/Http11InputBuffer:init:759
TALANK Adding line to sleep at: org/apache/tomcat/util/net/NioChannel:read:160
TALANK Adding line to sleep at: org/apache/tomcat/util/net/NioChannel:read:161
TALANK Adding line to sleep at: org/apache/tomcat/util/net/NioEndpoint$NioSocketWrapper:updateLastRead:1153
TALANK Adding line to sleep at: org/apache/tomcat/util/net/NioEndpoint$NioSocketWrapper:updateLastRead:1154
TALANK Adding line to sleep at: org/apache/coyote/http11/Http11InputBuffer:parseRequestLine:372
TALANK Adding line to sleep at: org/apache/coyote/http11/Http11InputBuffer:parseRequestLine:373
TALANK Adding line to sleep at: org/apache/coyote/http11/Http11InputBuffer:parseRequestLine:385
TALANK Adding line to sleep at: org/apache/coyote/http11/Http11InputBuffer:parseRequestLine:386
TALANK Adding line to sleep at: org/apache/coyote/http11/Http11InputBuffer:parseRequestLine:387
TALANK Adding line to sleep at: org/apache/coyote/http11/Http11InputBuffer:parseRequestLine:388
TALANK Adding line to sleep at: org/apache/coyote/http11/Http11InputBuffer:parseRequestLine:410
TALANK Adding line to sleep at: org/apache/coyote/http11/Http11InputBuffer:parseRequestLine:411
TALANK Adding line to sleep at: org/apache/coyote/http11/Http11InputBuffer:parseRequestLine:413
TALANK Adding line to sleep at: org/apache/coyote/http11/Http11InputBuffer:parseRequestLine:414
TALANK Adding line to sleep at: org/apache/coyote/http11/Http11InputBuffer:parseRequestLine:434
TALANK Adding line to sleep at: org/apache/coyote/http11/Http11InputBuffer:parseRequestLine:435
TALANK Adding line to sleep at: org/apache/coyote/http11/Http11InputBuffer:parseRequestLine:460
TALANK Adding line to sleep at: org/apache/coyote/http11/Http11InputBuffer:parseRequestLine:461
TALANK Adding line to sleep at: org/apache/coyote/http11/Http11InputBuffer:parseRequestLine:511
TALANK Adding line to sleep at: org/apache/coyote/http11/Http11InputBuffer:parseRequestLine:512
TALANK Adding line to sleep at: org/apache/coyote/http11/Http11InputBuffer:parseRequestLine:530
TALANK Adding line to sleep at: org/apache/coyote/http11/Http11InputBuffer:parseRequestLine:531
TALANK Adding line to sleep at: org/apache/coyote/http11/Http11InputBuffer:parseRequestLine:557
TALANK Adding line to sleep at: org/apache/coyote/http11/Http11InputBuffer:parseRequestLine:558
TALANK Adding line to sleep at: org/apache/coyote/http11/Http11InputBuffer:parseRequestLine:575
TALANK Adding line to sleep at: org/apache/coyote/http11/Http11InputBuffer:parseRequestLine:576
TALANK Adding line to sleep at: org/apache/coyote/http11/Http11InputBuffer:parseHeader:864
TALANK Adding line to sleep at: org/apache/coyote/http11/Http11InputBuffer:parseHeader:865
TALANK Adding line to sleep at: org/apache/coyote/http11/Http11InputBuffer:parseHeader:905
TALANK Adding line to sleep at: org/apache/coyote/http11/Http11InputBuffer:parseHeader:906
TALANK Adding line to sleep at: org/apache/coyote/http11/Http11InputBuffer:parseHeader:927
TALANK Adding line to sleep at: org/apache/coyote/http11/Http11InputBuffer:parseHeader:928
TALANK Adding line to sleep at: org/apache/coyote/http11/Http11InputBuffer:parseHeader:908
TALANK Adding line to sleep at: org/apache/coyote/http11/Http11InputBuffer:parseHeader:909
TALANK Adding line to sleep at: org/apache/coyote/http11/Http11InputBuffer:parseHeader:955
TALANK Adding line to sleep at: org/apache/coyote/http11/Http11InputBuffer:parseHeader:956
TALANK Adding line to sleep at: org/apache/coyote/http11/Http11InputBuffer:parseHeader:978
TALANK Adding line to sleep at: org/apache/coyote/http11/Http11InputBuffer:parseHeader:979
TALANK Adding line to sleep at: org/apache/coyote/http11/Http11InputBuffer:parseHeader:998
TALANK Adding line to sleep at: org/apache/coyote/http11/Http11InputBuffer:parseHeader:999
TALANK Adding line to sleep at: org/apache/coyote/http11/Http11InputBuffer:parseHeader:1019
TALANK Adding line to sleep at: org/apache/coyote/http11/Http11InputBuffer:parseHeader:1020
TALANK Adding line to sleep at: org/apache/coyote/http11/Http11InputBuffer:parseHeader:1034
TALANK Adding line to sleep at: org/apache/coyote/http11/Http11InputBuffer:parseHeader:1035
TALANK Adding line to sleep at: org/apache/coyote/http11/Http11InputBuffer:parseHeader:995
TALANK Adding line to sleep at: org/apache/coyote/http11/Http11InputBuffer:parseHeader:996
TALANK Adding line to sleep at: org/apache/tomcat/util/buf/ByteChunk:toStringInternal:595
TALANK Adding line to sleep at: org/apache/tomcat/util/buf/ByteChunk:toStringInternal:596
TALANK Adding line to sleep at: org/apache/tomcat/util/buf/ByteChunk:toStringInternal:597
TALANK Adding line to sleep at: org/apache/catalina/connector/InputBuffer:<init>:153
TALANK Adding line to sleep at: org/apache/catalina/connector/InputBuffer:<init>:154
TALANK Adding line to sleep at: org/apache/catalina/connector/InputBuffer:clear:618
TALANK Adding line to sleep at: org/apache/catalina/connector/InputBuffer:clear:619
TALANK Adding line to sleep at: org/apache/catalina/connector/InputBuffer:<init>:155
TALANK Adding line to sleep at: org/apache/catalina/connector/InputBuffer:<init>:156
TALANK Adding line to sleep at: org/apache/catalina/connector/OutputBuffer:<init>:138
TALANK Adding line to sleep at: org/apache/catalina/connector/OutputBuffer:<init>:139
TALANK Adding line to sleep at: org/apache/catalina/connector/OutputBuffer:clear:847
TALANK Adding line to sleep at: org/apache/catalina/connector/OutputBuffer:clear:848
TALANK Adding line to sleep at: org/apache/catalina/connector/OutputBuffer:<init>:140
TALANK Adding line to sleep at: org/apache/catalina/connector/OutputBuffer:<init>:141
TALANK Adding line to sleep at: org/apache/catalina/connector/CoyoteAdapter:lambda$static$0:86
TALANK Adding line to sleep at: org/apache/catalina/connector/CoyoteAdapter:lambda$static$0:87
TALANK Adding line to sleep at: org/apache/coyote/Request:setRequestThread:696
TALANK Adding line to sleep at: org/apache/coyote/Request:setRequestThread:697
TALANK Adding line to sleep at: org/apache/tomcat/util/buf/B2CConverter:<init>:86
TALANK Adding line to sleep at: org/apache/tomcat/util/buf/B2CConverter:<init>:87
TALANK Adding line to sleep at: org/apache/tomcat/util/buf/B2CConverter:convert:126
TALANK Adding line to sleep at: org/apache/tomcat/util/buf/B2CConverter:convert:127
TALANK Adding line to sleep at: org/apache/tomcat/util/buf/B2CConverter:convert:134
TALANK Adding line to sleep at: org/apache/tomcat/util/buf/B2CConverter:convert:135
TALANK Adding line to sleep at: org/apache/tomcat/util/buf/Utf8Decoder:decodeLoop:77
TALANK Adding line to sleep at: org/apache/tomcat/util/buf/Utf8Decoder:decodeLoop:78
TALANK Adding line to sleep at: org/apache/tomcat/util/buf/Utf8Decoder:decodeHasArray:152
TALANK Adding line to sleep at: org/apache/tomcat/util/buf/Utf8Decoder:decodeHasArray:153
TALANK Adding line to sleep at: org/apache/tomcat/util/buf/Utf8Decoder:decodeHasArray:154
TALANK Adding line to sleep at: org/apache/tomcat/util/buf/Utf8Decoder:decodeHasArray:155
TALANK Adding line to sleep at: org/apache/tomcat/util/buf/Utf8Decoder:decodeHasArray:156
TALANK Adding line to sleep at: org/apache/tomcat/util/buf/Utf8Decoder:decodeHasArray:157
TALANK Adding line to sleep at: org/apache/tomcat/util/buf/Utf8Decoder:decodeHasArray:293
TALANK Adding line to sleep at: org/apache/tomcat/util/buf/Utf8Decoder:decodeHasArray:294
TALANK Adding line to sleep at: org/apache/tomcat/util/buf/Utf8Decoder:decodeHasArray:295
TALANK Adding line to sleep at: org/apache/coyote/Response:isError:319
TALANK Adding line to sleep at: org/apache/coyote/Response:isError:320
TALANK Adding line to sleep at: org/apache/catalina/core/StandardContext:getLoader:1865
TALANK Adding line to sleep at: org/apache/catalina/core/StandardContext:getLoader:1866
TALANK Adding line to sleep at: org/apache/catalina/core/StandardContext:getLoader:1869
TALANK Adding line to sleep at: org/apache/catalina/core/StandardContext:getLoader:1870
TALANK Adding line to sleep at: org/apache/catalina/core/StandardContext:bind:5874
TALANK Adding line to sleep at: org/apache/catalina/core/StandardContext:bind:5875
TALANK Adding line to sleep at: org/apache/coyote/Response:isErrorReportRequired:324
TALANK Adding line to sleep at: org/apache/coyote/Response:isErrorReportRequired:325
TALANK Adding line to sleep at: org/apache/catalina/core/StandardContext:getManager:1921
TALANK Adding line to sleep at: org/apache/catalina/core/StandardContext:getManager:1922
TALANK Adding line to sleep at: org/apache/catalina/core/StandardContext:getManager:1925
TALANK Adding line to sleep at: org/apache/catalina/core/StandardContext:getManager:1926
TALANK Adding line to sleep at: org/apache/catalina/core/ContainerBase:getRealm:596
TALANK Adding line to sleep at: org/apache/catalina/core/ContainerBase:getRealm:597
TALANK Adding line to sleep at: org/apache/catalina/core/ContainerBase:getRealm:606
TALANK Adding line to sleep at: org/apache/catalina/core/ContainerBase:getRealm:607
TALANK Adding line to sleep at: org/apache/catalina/authenticator/jaspic/AuthConfigFactoryImpl:loadPersistentRegistrations:337
TALANK Adding line to sleep at: org/apache/catalina/authenticator/jaspic/AuthConfigFactoryImpl:loadPersistentRegistrations:343
TALANK Adding line to sleep at: org/apache/catalina/core/StandardWrapperValve:invoke:94
TALANK Adding line to sleep at: org/apache/catalina/core/StandardWrapperValve:invoke:95
TALANK Adding line to sleep at: org/apache/catalina/core/StandardWrapperValve:invoke:96
TALANK Adding line to sleep at: org/apache/catalina/core/StandardWrapper:allocate:779
TALANK Adding line to sleep at: org/apache/catalina/startup/Tomcat$ExistingStandardWrapper:loadServlet:0
TALANK Adding line to sleep at: org/apache/catalina/startup/Tomcat$ExistingStandardWrapper:loadServlet:1244
TALANK Adding line to sleep at: org/apache/catalina/core/StandardWrapper:allocate:794
TALANK Adding line to sleep at: org/apache/catalina/core/StandardWrapper:allocate:795
TALANK Adding line to sleep at: org/apache/catalina/core/StandardWrapper:allocate:806
TALANK Adding line to sleep at: org/apache/catalina/core/StandardContext$ContextFilterMaps:asArray:4518
TALANK Adding line to sleep at: org/apache/catalina/core/StandardContext$ContextFilterMaps:asArray:4519
TALANK Adding line to sleep at: io/prometheus/client/Striped64:<clinit>:280
TALANK Adding line to sleep at: io/prometheus/client/Striped64:<clinit>:281
TALANK Adding line to sleep at: io/prometheus/client/Striped64:<clinit>:282
TALANK Adding line to sleep at: io/prometheus/client/SimpleCollector:labels:78
TALANK Adding line to sleep at: io/prometheus/client/SimpleCollector:labels:79
TALANK Adding line to sleep at: io/prometheus/client/Striped64:casBase:148
TALANK Adding line to sleep at: io/prometheus/client/Striped64:casBase:149
TALANK Adding line to sleep at: io/prometheus/client/Histogram$Child:<init>:359
TALANK Adding line to sleep at: io/prometheus/client/Histogram$Child:<init>:360
TALANK Adding line to sleep at: org/apache/catalina/session/ManagerBase:createSession:718
TALANK Adding line to sleep at: org/apache/catalina/session/ManagerBase:createSession:719
TALANK Adding line to sleep at: org/apache/catalina/session/ManagerBase:add:686
TALANK Adding line to sleep at: org/apache/catalina/session/ManagerBase:add:690
TALANK Adding line to sleep at: org/apache/catalina/session/ManagerBase:createSession:728
TALANK Adding line to sleep at: org/apache/catalina/session/ManagerBase:createSession:731
TALANK Adding line to sleep at: org/apache/catalina/session/StandardSession:access:690
TALANK Adding line to sleep at: org/apache/catalina/session/StandardSession:access:691
TALANK Adding line to sleep at: org/apache/catalina/webresources/Cache:getResources:149
TALANK Adding line to sleep at: org/apache/catalina/webresources/Cache:getResources:150
TALANK Adding line to sleep at: org/apache/catalina/webresources/Cache:getResources:169
TALANK Adding line to sleep at: org/apache/catalina/webresources/Cache:getResources:170
TALANK Adding line to sleep at: org/apache/catalina/webresources/CachedResource:validateResources:153
TALANK Adding line to sleep at: org/apache/catalina/webresources/CachedResource:validateResources:154
TALANK Adding line to sleep at: org/apache/catalina/webresources/CachedResource:validateResources:156
TALANK Adding line to sleep at: org/apache/catalina/webresources/CachedResource:validateResources:161
TALANK Adding line to sleep at: org/apache/catalina/webresources/Cache:getResources:178
TALANK Adding line to sleep at: org/apache/catalina/webresources/Cache:getResources:179
TALANK Adding line to sleep at: org/apache/catalina/webresources/Cache:getResources:180
TALANK Adding line to sleep at: org/apache/catalina/webresources/Cache:getResources:181
TALANK Adding line to sleep at: org/apache/catalina/loader/WebappClassLoaderBase:loadClass:1247
TALANK Adding line to sleep at: org/apache/catalina/loader/WebappClassLoaderBase:loadClass:1359
TALANK Adding line to sleep at: org/apache/naming/ContextBindings:isThreadBound:203
TALANK Adding line to sleep at: org/apache/naming/ContextBindings:isThreadBound:204
TALANK Adding line to sleep at: org/apache/naming/ContextBindings:isClassLoaderBound:297
TALANK Adding line to sleep at: org/apache/naming/ContextBindings:isClassLoaderBound:298
TALANK Adding line to sleep at: org/apache/naming/StringManager:getManager:0
TALANK Adding line to sleep at: org/apache/naming/StringManager:getManager:176
TALANK Adding line to sleep at: org/apache/naming/ContextBindings:getClassLoader:260
TALANK Adding line to sleep at: org/apache/naming/ContextBindings:getClassLoader:261
TALANK Adding line to sleep at: org/apache/tomcat/jdbc/pool/ConnectionPool:borrowConnection:672
TALANK Adding line to sleep at: org/apache/tomcat/jdbc/pool/ConnectionPool:borrowConnection:673
TALANK Adding line to sleep at: org/apache/tomcat/jdbc/pool/FairBlockingQueue:poll:259
TALANK Adding line to sleep at: org/apache/tomcat/jdbc/pool/FairBlockingQueue:poll:260
TALANK Adding line to sleep at: org/apache/tomcat/jdbc/pool/FairBlockingQueue:poll:263
TALANK Adding line to sleep at: org/apache/tomcat/jdbc/pool/FairBlockingQueue:poll:264
TALANK Adding line to sleep at: org/apache/tomcat/jdbc/pool/PooledConnection:lock:780
TALANK Adding line to sleep at: org/apache/tomcat/jdbc/pool/PooledConnection:lock:781
TALANK Adding line to sleep at: org/apache/tomcat/jdbc/pool/PooledConnection:isReleased:853
TALANK Adding line to sleep at: org/apache/tomcat/jdbc/pool/PooledConnection:isReleased:854
TALANK Adding line to sleep at: org/apache/tomcat/jdbc/pool/ConnectionPool:borrowConnection:844
TALANK Adding line to sleep at: org/apache/tomcat/jdbc/pool/ConnectionPool:borrowConnection:845
TALANK Adding line to sleep at: org/apache/tomcat/jdbc/pool/PooledConnection:unlock:791
TALANK Adding line to sleep at: org/apache/tomcat/jdbc/pool/PooledConnection:unlock:792
TALANK Adding line to sleep at: org/apache/tomcat/jdbc/pool/ConnectionPool:borrowConnection:680
TALANK Adding line to sleep at: org/apache/tomcat/jdbc/pool/ConnectionPool:borrowConnection:681
TALANK Adding line to sleep at: org/apache/tomcat/jdbc/pool/PooledConnection:createMBean:864
TALANK Adding line to sleep at: org/apache/tomcat/jdbc/pool/PooledConnection:createMBean:865
TALANK Adding line to sleep at: org/apache/tomcat/jdbc/pool/interceptor/AbstractCreateStatementInterceptor:invoke:74
TALANK Adding line to sleep at: org/apache/tomcat/jdbc/pool/interceptor/AbstractCreateStatementInterceptor:invoke:75
TALANK Adding line to sleep at: org/h2/message/TraceObject:getNextId:154
TALANK Adding line to sleep at: org/h2/message/TraceObject:getNextId:155
TALANK Adding line to sleep at: org/h2/engine/SessionLocal:isClosed:1152
TALANK Adding line to sleep at: org/h2/engine/SessionLocal:isClosed:1153
TALANK Adding line to sleep at: org/apache/tomcat/jdbc/pool/interceptor/AbstractCreateStatementInterceptor:invoke:76
TALANK Adding line to sleep at: org/apache/tomcat/jdbc/pool/interceptor/AbstractCreateStatementInterceptor:invoke:77
TALANK Adding line to sleep at: org/apache/tomcat/jdbc/pool/interceptor/AbstractQueryReport$StatementProxy:invoke:211
TALANK Adding line to sleep at: org/apache/tomcat/jdbc/pool/interceptor/AbstractQueryReport$StatementProxy:invoke:212
TALANK Adding line to sleep at: org/h2/jdbc/JdbcStatement:executeQuery:88
TALANK Adding line to sleep at: org/h2/engine/SessionLocal:prepareCommand:0
TALANK Adding line to sleep at: org/h2/engine/Database:getModificationMetaId:444
TALANK Adding line to sleep at: org/h2/engine/Database:getModificationMetaId:445
TALANK Adding line to sleep at: org/h2/message/TraceSystem:getTrace:131
TALANK Adding line to sleep at: org/h2/message/TraceSystem:getTrace:132
TALANK Adding line to sleep at: org/h2/message/TraceSystem:getTrace:134
TALANK Adding line to sleep at: org/h2/message/TraceSystem:getTrace:135
TALANK Adding line to sleep at: org/h2/engine/SessionLocal:prepareCommand:553
TALANK Adding line to sleep at: org/h2/engine/SessionLocal:transitionToState:1215
TALANK Adding line to sleep at: org/h2/engine/SessionLocal:transitionToState:1216
TALANK Adding line to sleep at: org/h2/engine/SessionLocal:transitionToState:1217
TALANK Adding line to sleep at: org/h2/engine/SessionLocal:transitionToState:1218
TALANK Adding line to sleep at: org/h2/engine/SessionLocal:isOpen:1156
TALANK Adding line to sleep at: org/h2/engine/SessionLocal:isOpen:1157
TALANK Adding line to sleep at: org/h2/engine/Database:getExclusiveSession:2099
TALANK Adding line to sleep at: org/h2/engine/Database:getExclusiveSession:2100
TALANK Adding line to sleep at: org/h2/command/Command:executeQuery:183
TALANK Adding line to sleep at: org/h2/mvstore/tx/TransactionStore:registerTransaction:399
TALANK Adding line to sleep at: org/h2/mvstore/tx/TransactionStore:registerTransaction:400
TALANK Adding line to sleep at: org/h2/mvstore/tx/TransactionStore:registerTransaction:416
TALANK Adding line to sleep at: org/h2/mvstore/tx/TransactionStore:registerTransaction:417
TALANK Adding line to sleep at: org/h2/mvstore/tx/TransactionStore:registerTransaction:423
TALANK Adding line to sleep at: org/h2/mvstore/tx/TransactionStore:registerTransaction:424
TALANK Adding line to sleep at: org/h2/mvstore/MVStore$TxCounter:incrementAndGet:3707
TALANK Adding line to sleep at: org/h2/mvstore/MVStore$TxCounter:incrementAndGet:3708
TALANK Adding line to sleep at: org/h2/engine/Database:getModificationDataId:436
TALANK Adding line to sleep at: org/h2/engine/Database:getModificationDataId:437
TALANK Adding line to sleep at: org/h2/mvstore/MVStore$TxCounter:decrementAndGet:3716
TALANK Adding line to sleep at: org/h2/mvstore/MVStore$TxCounter:decrementAndGet:3717
TALANK Adding line to sleep at: org/h2/mvstore/MVStore:deregisterVersionUsage:3582
TALANK Adding line to sleep at: org/h2/mvstore/MVStore:deregisterVersionUsage:3583
TALANK Adding line to sleep at: org/h2/mvstore/MVStore:deregisterVersionUsage:3584
TALANK Adding line to sleep at: org/h2/mvstore/MVStore:deregisterVersionUsage:3585
TALANK Adding line to sleep at: org/h2/mvstore/MVStore:setOldestVersionToKeep:2772
TALANK Adding line to sleep at: org/h2/mvstore/MVStore:setOldestVersionToKeep:2773
TALANK Adding line to sleep at: org/h2/mvstore/MVStore:deregisterVersionUsage:3588
TALANK Adding line to sleep at: org/h2/mvstore/MVStore:deregisterVersionUsage:3589
TALANK Adding line to sleep at: org/h2/mvstore/MVStore:isBackgroundThread:3418
TALANK Adding line to sleep at: org/h2/mvstore/MVStore:isBackgroundThread:3419
TALANK Adding line to sleep at: org/h2/engine/Database:throwLastBackgroundException:1796
TALANK Adding line to sleep at: org/h2/engine/Database:throwLastBackgroundException:1797
TALANK Adding line to sleep at: org/h2/mvstore/tx/Transaction:setStatus:216
TALANK Adding line to sleep at: org/h2/mvstore/tx/Transaction:setStatus:217
TALANK Adding line to sleep at: org/h2/mvstore/tx/Transaction:setStatus:255
TALANK Adding line to sleep at: org/h2/mvstore/tx/Transaction:setStatus:256
TALANK Adding line to sleep at: org/h2/mvstore/tx/TransactionStore:endTransaction:614
TALANK Adding line to sleep at: org/h2/mvstore/tx/TransactionStore:endTransaction:615
TALANK Adding line to sleep at: org/h2/mvstore/tx/TransactionStore:endTransaction:618
TALANK Adding line to sleep at: org/h2/mvstore/tx/TransactionStore:endTransaction:619
TALANK Adding line to sleep at: org/h2/mvstore/tx/TransactionStore:endTransaction:622
TALANK Adding line to sleep at: org/h2/mvstore/tx/TransactionStore:endTransaction:623
TALANK Adding line to sleep at: org/h2/command/Command:executeQuery:229
TALANK Adding line to sleep at: org/h2/jdbc/JdbcStatement:executeQuery:110
TALANK Adding line to sleep at: org/apache/tomcat/jdbc/pool/interceptor/AbstractQueryReport$StatementProxy:invoke:226
TALANK Adding line to sleep at: org/apache/tomcat/jdbc/pool/interceptor/AbstractQueryReport$StatementProxy:invoke:227
TALANK Adding line to sleep at: io/prometheus/client/Histogram$Child:updateExemplar:415
TALANK Adding line to sleep at: io/prometheus/client/Histogram$Child:updateExemplar:416
TALANK Adding line to sleep at: org/h2/engine/Database:findSchema:976
TALANK Adding line to sleep at: org/h2/engine/Database:findSchema:977
TALANK Adding line to sleep at: org/h2/schema/Schema:findTableOrView:318
TALANK Adding line to sleep at: org/h2/schema/Schema:findTableOrView:319
TALANK Adding line to sleep at: org/h2/schema/Schema:resolveTableOrView:338
TALANK Adding line to sleep at: org/h2/schema/Schema:resolveTableOrView:339
TALANK Adding line to sleep at: org/h2/engine/Database:getFirstUserTable:2211
TALANK Adding line to sleep at: org/h2/engine/Database:getFirstUserTable:2212
TALANK Adding line to sleep at: org/h2/schema/Schema:getAllTablesAndViews:724
TALANK Adding line to sleep at: org/h2/schema/Schema:getAllTablesAndViews:725
TALANK Adding line to sleep at: nl/nlighten/prometheus/tomcat/TomcatJdbcInterceptor:reportFailedQuery:142
TALANK Adding line to sleep at: nl/nlighten/prometheus/tomcat/TomcatJdbcInterceptor:reportFailedQuery:143
TALANK Adding line to sleep at: org/apache/tomcat/jdbc/pool/ConnectionPool:returnConnection:1004
TALANK Adding line to sleep at: org/apache/tomcat/jdbc/pool/ConnectionPool:returnConnection:1005
TALANK Adding line to sleep at: org/apache/tomcat/jdbc/pool/ConnectionPool:returnConnection:1016
TALANK Adding line to sleep at: org/apache/tomcat/jdbc/pool/ConnectionPool:returnConnection:1017
TALANK Adding line to sleep at: org/apache/tomcat/jdbc/pool/ConnectionPool:getPoolVersion:1559
TALANK Adding line to sleep at: org/apache/tomcat/jdbc/pool/ConnectionPool:getPoolVersion:1560
TALANK Adding line to sleep at: org/apache/tomcat/jdbc/pool/ConnectionPool:returnConnection:1021
TALANK Adding line to sleep at: org/apache/tomcat/jdbc/pool/ConnectionPool:returnConnection:1022
TALANK Adding line to sleep at: org/apache/tomcat/jdbc/pool/FairBlockingQueue:offer:95
TALANK Adding line to sleep at: org/apache/tomcat/jdbc/pool/FairBlockingQueue:offer:96
TALANK Adding line to sleep at: org/apache/tomcat/jdbc/pool/FairBlockingQueue:offer:112
TALANK Adding line to sleep at: org/apache/tomcat/jdbc/pool/FairBlockingQueue:offer:113
TALANK Adding line to sleep at: org/apache/tomcat/jdbc/pool/ConnectionPool:returnConnection:1023
TALANK Adding line to sleep at: org/apache/tomcat/util/buf/C2BConverter:<init>:46
TALANK Adding line to sleep at: org/apache/tomcat/util/buf/C2BConverter:<init>:47
TALANK Adding line to sleep at: org/apache/catalina/connector/OutputBuffer:toWriteMode:860
TALANK Adding line to sleep at: org/apache/catalina/connector/OutputBuffer:toWriteMode:861
TALANK Adding line to sleep at: org/apache/catalina/connector/OutputBuffer:toWriteMode:862
TALANK Adding line to sleep at: org/apache/catalina/connector/OutputBuffer:toWriteMode:863
TALANK Adding line to sleep at: org/apache/catalina/connector/OutputBuffer:transfer:828
TALANK Adding line to sleep at: org/apache/catalina/connector/OutputBuffer:transfer:829
TALANK Adding line to sleep at: org/apache/catalina/connector/OutputBuffer:toReadMode:855
TALANK Adding line to sleep at: org/apache/catalina/connector/OutputBuffer:toReadMode:856
TALANK Adding line to sleep at: org/apache/catalina/connector/OutputBuffer:toReadMode:857
TALANK Adding line to sleep at: org/apache/catalina/connector/OutputBuffer:transfer:818
TALANK Adding line to sleep at: org/apache/catalina/connector/OutputBuffer:transfer:819
TALANK Adding line to sleep at: org/apache/catalina/connector/OutputBuffer:flushCharBuffer:788
TALANK Adding line to sleep at: org/apache/catalina/connector/OutputBuffer:flushCharBuffer:789
TALANK Adding line to sleep at: org/apache/tomcat/util/buf/C2BConverter:convert:135
TALANK Adding line to sleep at: org/apache/tomcat/util/buf/C2BConverter:convert:136
TALANK Adding line to sleep at: org/apache/tomcat/util/buf/C2BConverter:convert:143
TALANK Adding line to sleep at: org/apache/tomcat/util/buf/C2BConverter:convert:144
TALANK Adding line to sleep at: org/apache/tomcat/util/http/FastHttpDateFormat:getCurrentDate:105
TALANK Adding line to sleep at: org/apache/tomcat/util/http/FastHttpDateFormat:getCurrentDate:106
TALANK Adding line to sleep at: org/apache/coyote/http11/Http11OutputBuffer:write:442
TALANK Adding line to sleep at: org/apache/coyote/http11/Http11OutputBuffer:write:443
TALANK Adding line to sleep at: org/apache/coyote/http11/Http11OutputBuffer:sendStatus:335
TALANK Adding line to sleep at: org/apache/coyote/http11/Http11OutputBuffer:sendStatus:336
TALANK Adding line to sleep at: org/apache/coyote/http11/Http11OutputBuffer:sendStatus:353
TALANK Adding line to sleep at: org/apache/coyote/http11/Http11OutputBuffer:sendStatus:354
TALANK Adding line to sleep at: org/apache/coyote/http11/Http11OutputBuffer:sendStatus:359
TALANK Adding line to sleep at: org/apache/coyote/http11/Http11OutputBuffer:sendStatus:360
TALANK Adding line to sleep at: org/apache/tomcat/util/buf/MessageBytes:toBytes:249
TALANK Adding line to sleep at: org/apache/tomcat/util/buf/MessageBytes:toBytes:250
TALANK Adding line to sleep at: org/apache/coyote/http11/Http11OutputBuffer:write:427
TALANK Adding line to sleep at: org/apache/coyote/http11/Http11OutputBuffer:write:428
TALANK Adding line to sleep at: org/apache/coyote/http11/Http11OutputBuffer:sendHeader:371
TALANK Adding line to sleep at: org/apache/coyote/http11/Http11OutputBuffer:sendHeader:372
TALANK Adding line to sleep at: org/apache/coyote/http11/Http11OutputBuffer:sendHeader:373
TALANK Adding line to sleep at: org/apache/coyote/http11/Http11OutputBuffer:sendHeader:374
TALANK Adding line to sleep at: org/apache/coyote/http11/Http11OutputBuffer:endHeaders:381
TALANK Adding line to sleep at: org/apache/coyote/http11/Http11OutputBuffer:endHeaders:382
TALANK Adding line to sleep at: org/apache/coyote/Response:setCommitted:261
TALANK Adding line to sleep at: org/apache/coyote/Response:setCommitted:262
TALANK Adding line to sleep at: org/apache/tomcat/util/net/SocketWrapperBase:transfer:1536
TALANK Adding line to sleep at: org/apache/tomcat/util/net/SocketWrapperBase:transfer:1537
TALANK Adding line to sleep at: org/apache/coyote/http11/Http11OutputBuffer:commit:323
TALANK Adding line to sleep at: org/apache/coyote/http11/Http11OutputBuffer:commit:324
TALANK Adding line to sleep at: org/apache/catalina/connector/OutputBuffer:flushByteBuffer:783
TALANK Adding line to sleep at: org/apache/catalina/connector/OutputBuffer:flushByteBuffer:784
TALANK Adding line to sleep at: org/apache/tomcat/util/net/NioChannel:checkInterruptStatus:235
TALANK Adding line to sleep at: org/apache/tomcat/util/net/NioChannel:checkInterruptStatus:236
TALANK Adding line to sleep at: org/apache/tomcat/util/net/NioChannel:write:135
TALANK Adding line to sleep at: org/apache/tomcat/util/net/NioChannel:write:136
TALANK Adding line to sleep at: org/apache/tomcat/util/net/NioEndpoint$NioSocketWrapper:updateLastWrite:1151
TALANK Adding line to sleep at: org/apache/tomcat/util/net/NioEndpoint$NioSocketWrapper:updateLastWrite:1152
TALANK Adding line to sleep at: org/apache/catalina/core/StandardWrapper:deallocate:875
TALANK Adding line to sleep at: org/apache/catalina/core/StandardWrapper:deallocate:876
TALANK Adding line to sleep at: org/apache/catalina/core/StandardWrapperValve:invoke:289
TALANK Adding line to sleep at: org/apache/catalina/core/StandardWrapperValve:invoke:290
TALANK Adding line to sleep at: org/apache/catalina/core/StandardContext:unbind:5910
TALANK Adding line to sleep at: org/apache/catalina/core/StandardContext:unbind:5911
TALANK Adding line to sleep at: org/apache/coyote/Response:setErrorReported:329
TALANK Adding line to sleep at: org/apache/coyote/Response:setErrorReported:330
TALANK Adding line to sleep at: org/apache/coyote/AbstractProcessor:action:421
TALANK Adding line to sleep at: org/apache/coyote/AbstractProcessor:action:422
TALANK Adding line to sleep at: org/apache/catalina/connector/CoyoteAdapter:service:421
TALANK Adding line to sleep at: org/apache/catalina/connector/CoyoteAdapter:service:422
TALANK Adding line to sleep at: org/apache/catalina/session/StandardSession:endAccess:715
TALANK Adding line to sleep at: org/apache/catalina/session/StandardSession:endAccess:716
TALANK Adding line to sleep at: org/apache/coyote/RequestInfo:updateCounters:172
TALANK Adding line to sleep at: org/apache/coyote/RequestInfo:updateCounters:173
TALANK Adding line to sleep at: org/apache/coyote/Request:recycle:779
TALANK Adding line to sleep at: org/apache/coyote/Request:recycle:782
TALANK Adding line to sleep at: org/apache/coyote/Request:recycle:783
TALANK Adding line to sleep at: org/apache/coyote/Request:recycle:784
TALANK Adding line to sleep at: org/apache/coyote/http11/Http11InputBuffer:nextRequest:305
TALANK Adding line to sleep at: org/apache/coyote/http11/Http11InputBuffer:nextRequest:306
TALANK Adding line to sleep at: org/apache/coyote/Response:recycle:634
TALANK Adding line to sleep at: org/apache/coyote/Response:recycle:635
TALANK Adding line to sleep at: org/apache/coyote/Response:recycle:639
TALANK Adding line to sleep at: org/apache/coyote/Response:recycle:642
TALANK Adding line to sleep at: org/apache/coyote/http11/Http11OutputBuffer:nextRequest:277
TALANK Adding line to sleep at: org/apache/coyote/http11/Http11OutputBuffer:nextRequest:278
TALANK Adding line to sleep at: org/apache/coyote/AbstractProcessorLight:getIteratorAndClearDispatches:127
TALANK Adding line to sleep at: org/apache/coyote/AbstractProcessorLight:getIteratorAndClearDispatches:136
TALANK Adding line to sleep at: org/apache/coyote/AsyncStateMachine:recycle:0
TALANK Adding line to sleep at: org/apache/coyote/AsyncStateMachine:recycle:503
TALANK Adding line to sleep at: org/apache/coyote/http11/Http11InputBuffer:recycle:268
TALANK Adding line to sleep at: org/apache/coyote/http11/Http11InputBuffer:recycle:269
TALANK Adding line to sleep at: org/apache/coyote/AbstractProtocol$RecycledProcessors:push:1213
TALANK Adding line to sleep at: org/apache/coyote/AbstractProtocol$RecycledProcessors:push:1214
TALANK Adding line to sleep at: org/apache/tomcat/util/collections/SynchronizedStack:push:0
TALANK Adding line to sleep at: org/apache/tomcat/util/collections/SynchronizedStack:push:70
TALANK Adding line to sleep at: org/apache/coyote/AbstractProtocol$RecycledProcessors:push:1219
TALANK Adding line to sleep at: org/apache/coyote/AbstractProtocol$RecycledProcessors:push:1220
TALANK Adding line to sleep at: org/apache/tomcat/util/collections/SynchronizedStack:pop:80
TALANK Adding line to sleep at: org/apache/tomcat/util/collections/SynchronizedQueue:offer:0
TALANK Adding line to sleep at: org/apache/tomcat/util/collections/SynchronizedQueue:offer:57
TALANK Adding line to sleep at: org/apache/tomcat/util/net/NioEndpoint$Poller:addEvent:644
TALANK Adding line to sleep at: org/apache/tomcat/util/net/NioEndpoint$Poller:addEvent:645
TALANK Adding line to sleep at: org/apache/tomcat/util/net/NioEndpoint$Poller:addEvent:646
TALANK Adding line to sleep at: org/apache/tomcat/util/net/SocketProcessorBase:run:50
TALANK Adding line to sleep at: org/apache/tomcat/util/threads/ThreadPoolExecutor:runWorker:1192
TALANK Adding line to sleep at: org/apache/tomcat/util/threads/ThreadPoolExecutor:afterExecute:2193
TALANK Adding line to sleep at: org/apache/tomcat/util/threads/ThreadPoolExecutor:afterExecute:2194
TALANK Adding line to sleep at: org/apache/tomcat/util/threads/ThreadPoolExecutor:currentThreadShouldBeStopped:2227
TALANK Adding line to sleep at: org/apache/tomcat/util/threads/ThreadPoolExecutor:currentThreadShouldBeStopped:2228
TALANK Adding line to sleep at: org/apache/tomcat/util/threads/ThreadPoolExecutor:currentThreadShouldBeStopped:2229
TALANK Adding line to sleep at: org/apache/tomcat/util/threads/ThreadPoolExecutor:currentThreadShouldBeStopped:2230
TALANK Adding line to sleep at: org/apache/tomcat/util/threads/ThreadPoolExecutor:currentThreadShouldBeStopped:2231
TALANK Adding line to sleep at: org/apache/tomcat/util/threads/ThreadPoolExecutor:decrementWorkerCount:443
TALANK Adding line to sleep at: org/apache/tomcat/util/threads/ThreadPoolExecutor:decrementWorkerCount:444
TALANK Adding line to sleep at: org/apache/tomcat/util/threads/ThreadPoolExecutor:processWorkerExit:1036
TALANK Adding line to sleep at: org/apache/tomcat/util/threads/ThreadPoolExecutor:processWorkerExit:1037
TALANK Adding line to sleep at: org/apache/tomcat/util/threads/ThreadPoolExecutor:processWorkerExit:1041
TALANK Adding line to sleep at: org/apache/tomcat/util/threads/ThreadPoolExecutor:processWorkerExit:1042
TALANK Adding line to sleep at: org/apache/tomcat/util/threads/ThreadPoolExecutor:tryTerminate:738
TALANK Adding line to sleep at: org/apache/tomcat/util/threads/ThreadPoolExecutor:tryTerminate:739
TALANK Adding line to sleep at: org/apache/tomcat/util/threads/ThreadPoolExecutor:interruptIdleWorkers:823
TALANK Adding line to sleep at: org/apache/tomcat/util/threads/ThreadPoolExecutor:interruptIdleWorkers:824
TALANK Adding line to sleep at: org/apache/tomcat/util/threads/ThreadPoolExecutor:interruptIdleWorkers:827
TALANK Adding line to sleep at: org/apache/tomcat/util/threads/ThreadPoolExecutor:interruptIdleWorkers:828
TALANK Adding line to sleep at: org/apache/tomcat/util/threads/ThreadPoolExecutor:interruptIdleWorkers:840
TALANK Adding line to sleep at: org/apache/tomcat/util/threads/ThreadPoolExecutor:interruptIdleWorkers:841
TALANK Adding line to sleep at: org/apache/tomcat/util/threads/ThreadPoolExecutor:processWorkerExit:1046
TALANK Adding line to sleep at: org/apache/tomcat/util/threads/ThreadPoolExecutor:processWorkerExit:1047
TALANK Adding line to sleep at: org/apache/tomcat/util/threads/TaskThread$WrappingRunnable:run:62
TALANK Adding line to sleep at: org/apache/tomcat/util/threads/ThreadPoolExecutor:tryTerminate:750
TALANK Adding line to sleep at: org/apache/tomcat/util/threads/ThreadPoolExecutor:tryTerminate:751
TALANK Adding line to sleep at: org/apache/tomcat/util/threads/ThreadPoolExecutor:tryTerminate:752
TALANK Adding line to sleep at: org/apache/tomcat/util/threads/ThreadPoolExecutor:tryTerminate:753
TALANK Adding line to sleep at: org/apache/tomcat/util/threads/ThreadPoolExecutor:tryTerminate:756
TALANK Adding line to sleep at: org/apache/tomcat/util/threads/ThreadPoolExecutor:tryTerminate:757
TALANK Adding line to sleep at: org/apache/tomcat/util/threads/ThreadPoolExecutor:tryTerminate:758
TALANK Adding line to sleep at: org/apache/tomcat/util/threads/ThreadPoolExecutor:tryTerminate:762
TALANK Adding line to sleep at: org/apache/tomcat/util/threads/ThreadPoolExecutor:tryTerminate:763
TALANK Adding line to sleep at: org/apache/tomcat/util/threads/ThreadPoolExecutor:interruptIdleWorkers:829
TALANK Adding line to sleep at: org/apache/tomcat/util/threads/ThreadPoolExecutor:interruptIdleWorkers:830
********TALANK requesting to junitcore ******: org.junit.internal.requests.FilterRequest@30dae81
May 14, 2025 7:37:09 PM org.apache.catalina.core.StandardService startInternal
INFO: Starting service [Tomcat]
May 14, 2025 7:37:09 PM org.apache.catalina.core.StandardEngine startInternal
INFO: Starting Servlet engine: [Apache Tomcat/9.0.58]
May 14, 2025 7:37:10 PM org.apache.coyote.AbstractProtocol init
INFO: Initializing ProtocolHandler ["http-nio-auto-1"]
May 14, 2025 7:37:10 PM org.apache.coyote.AbstractProtocol start
INFO: Starting ProtocolHandler ["http-nio-auto-1-43319"]
May 14, 2025 7:37:10 PM org.apache.coyote.AbstractProtocol pause
INFO: Pausing ProtocolHandler ["http-nio-auto-1-43319"]
May 14, 2025 7:37:10 PM org.apache.catalina.core.StandardService stopInternal
INFO: Stopping service [Tomcat]
May 14, 2025 7:37:10 PM org.apache.coyote.AbstractProtocol stop
INFO: Stopping ProtocolHandler ["http-nio-auto-1-43319"]
java.lang.InterruptedException: sleep interrupted
	at java.lang.Thread.sleep(Native Method)
	at edu.gmu.swe.flaky.sleepy.intercept.Wrapper.napTime(Wrapper.java:265)
	at edu.gmu.swe.flaky.sleepy.intercept.Wrapper.extraSleep(Wrapper.java:217)
	at org.apache.tomcat.util.threads.ThreadPoolExecutor.getTask(ThreadPoolExecutor.java:1089)
	at org.apache.tomcat.util.threads.ThreadPoolExecutor.runWorker(ThreadPoolExecutor.java:1176)
	at org.apache.tomcat.util.threads.ThreadPoolExecutor$Worker.run(ThreadPoolExecutor.java:659)
	at org.apache.tomcat.util.threads.TaskThread$WrappingRunnable.run(TaskThread.java:61)
	at java.lang.Thread.run(Thread.java:745)
May 14, 2025 7:37:15 PM org.apache.tomcat.util.net.AbstractEndpoint shutdownExecutor
WARNING: The executor associated with thread pool [http-nio-auto-1] has not fully shutdown. Some application threads may still be running.
May 14, 2025 7:37:15 PM org.apache.coyote.AbstractProtocol destroy
INFO: Destroying ProtocolHandler ["http-nio-auto-1-43319"]
TALANKINFO:FromJava:OK

INFO:root:====END Java Log====
INFO:root:Kill all Java processes
INFO:root:Impossible to make stable failure so skipping <1721539164,1>
INFO:root:Could not fail nl.nlighten.prometheus.tomcat.TomcatServletMetricsFilterTest#testServletRequestMetrics sleeping thread <1721539164,1>
INFO:root:After working thread <1721539164,1>, with 1395.0 minutes left to analyze nl.nlighten.prometheus.tomcat.TomcatServletMetricsFilterTest#testServletRequestMetrics
INFO:root:Starting analysis on thread named <1721539164,2> that is 8 out of 12
INFO:root:Initial list
INFO:root:['org/apache/tomcat/util/threads/TaskThread$WrappingRunnable:run:0\n', 'org/apache/tomcat/util/threads/TaskThread$WrappingRunnable:run:61\n', 'org/apache/tomcat/util/threads/ThreadPoolExecutor$Worker:run:0\n', 'org/apache/tomcat/util/threads/ThreadPoolExecutor:runWorker:1170\n', 'org/apache/tomcat/util/threads/ThreadPoolExecutor:runWorker:1171\n', 'org/apache/tomcat/util/threads/ThreadPoolExecutor:getTask:1089\n', 'org/apache/tomcat/util/threads/ThreadPoolExecutor:getTask:1090\n', 'org/apache/tomcat/util/threads/ThreadPoolExecutor:getTask:1114\n', 'org/apache/tomcat/util/threads/TaskQueue:take:146\n', 'org/apache/tomcat/util/threads/ThreadPoolExecutor:decrementWorkerCount:443\n', 'org/apache/tomcat/util/threads/ThreadPoolExecutor:decrementWorkerCount:444\n', 'org/apache/tomcat/util/threads/ThreadPoolExecutor:processWorkerExit:1036\n', 'org/apache/tomcat/util/threads/ThreadPoolExecutor:processWorkerExit:1037\n', 'org/apache/tomcat/util/threads/ThreadPoolExecutor:processWorkerExit:1041\n', 'org/apache/tomcat/util/threads/ThreadPoolExecutor:processWorkerExit:1042\n', 'org/apache/tomcat/util/threads/ThreadPoolExecutor:tryTerminate:738\n', 'org/apache/tomcat/util/threads/ThreadPoolExecutor:tryTerminate:739\n', 'org/apache/tomcat/util/threads/ThreadPoolExecutor:processWorkerExit:1046\n', 'org/apache/tomcat/util/threads/ThreadPoolExecutor:processWorkerExit:1047\n', 'org/apache/tomcat/util/threads/TaskThread$WrappingRunnable:run:62\n']
INFO:root:Using timeout 57.0 minutes
INFO:root:Running command:
INFO:root:/scratch/tbaral/ase26/nod-rr/NOD-Test-Repair/flakerake/jdk1.8.0_102/bin/java -XX:+ExitOnOutOfMemoryError -Xbootclasspath/p:/home/tbaral/.m2/repository/edu/gmu/swe/flaky/sleepy/sleepy-interceptor/0.0.4-SNAPSHOT/sleepy-interceptor-0.0.4-SNAPSHOT.jar -javaagent:/home/tbaral/.m2/repository/edu/gmu/swe/flaky/sleepy/sleepy-interceptor/0.0.4-SNAPSHOT/sleepy-interceptor-0.0.4-SNAPSHOT.jar   -cp '/home/tbaral/.m2/repository/io/prometheus/simpleclient/0.15.0/simpleclient-0.15.0.jar:/home/tbaral/.m2/repository/io/prometheus/simpleclient_tracer_otel/0.15.0/simpleclient_tracer_otel-0.15.0.jar:/home/tbaral/.m2/repository/io/prometheus/simpleclient_tracer_common/0.15.0/simpleclient_tracer_common-0.15.0.jar:/home/tbaral/.m2/repository/io/prometheus/simpleclient_tracer_otel_agent/0.15.0/simpleclient_tracer_otel_agent-0.15.0.jar:/home/tbaral/.m2/repository/io/prometheus/simpleclient_servlet/0.15.0/simpleclient_servlet-0.15.0.jar:/home/tbaral/.m2/repository/io/prometheus/simpleclient_common/0.15.0/simpleclient_common-0.15.0.jar:/home/tbaral/.m2/repository/io/prometheus/simpleclient_servlet_common/0.15.0/simpleclient_servlet_common-0.15.0.jar:/home/tbaral/.m2/repository/io/prometheus/simpleclient_hotspot/0.15.0/simpleclient_hotspot-0.15.0.jar:/home/tbaral/.m2/repository/org/apache/tomcat/tomcat-catalina/9.0.58/tomcat-catalina-9.0.58.jar:/home/tbaral/.m2/repository/org/apache/tomcat/tomcat-servlet-api/9.0.58/tomcat-servlet-api-9.0.58.jar:/home/tbaral/.m2/repository/org/apache/tomcat/tomcat-jsp-api/9.0.58/tomcat-jsp-api-9.0.58.jar:/home/tbaral/.m2/repository/org/apache/tomcat/tomcat-el-api/9.0.58/tomcat-el-api-9.0.58.jar:/home/tbaral/.m2/repository/org/apache/tomcat/tomcat-juli/9.0.58/tomcat-juli-9.0.58.jar:/home/tbaral/.m2/repository/org/apache/tomcat/tomcat-annotations-api/9.0.58/tomcat-annotations-api-9.0.58.jar:/home/tbaral/.m2/repository/org/apache/tomcat/tomcat-api/9.0.58/tomcat-api-9.0.58.jar:/home/tbaral/.m2/repository/org/apache/tomcat/tomcat-jni/9.0.58/tomcat-jni-9.0.58.jar:/home/tbaral/.m2/repository/org/apache/tomcat/tomcat-coyote/9.0.58/tomcat-coyote-9.0.58.jar:/home/tbaral/.m2/repository/org/apache/tomcat/tomcat-util/9.0.58/tomcat-util-9.0.58.jar:/home/tbaral/.m2/repository/org/apache/tomcat/tomcat-util-scan/9.0.58/tomcat-util-scan-9.0.58.jar:/home/tbaral/.m2/repository/org/apache/tomcat/tomcat-jaspic-api/9.0.58/tomcat-jaspic-api-9.0.58.jar:/home/tbaral/.m2/repository/org/apache/tomcat/tomcat-jdbc/9.0.58/tomcat-jdbc-9.0.58.jar:/home/tbaral/.m2/repository/org/apache/tomcat/tomcat-dbcp/9.0.58/tomcat-dbcp-9.0.58.jar:/home/tbaral/.m2/repository/junit/junit/4.13.1/junit-4.13.1.jar:/home/tbaral/.m2/repository/org/hamcrest/hamcrest-core/1.3/hamcrest-core-1.3.jar:/home/tbaral/.m2/repository/org/apache/tomcat/embed/tomcat-embed-core/9.0.58/tomcat-embed-core-9.0.58.jar:/home/tbaral/.m2/repository/io/rest-assured/rest-assured/4.1.1/rest-assured-4.1.1.jar:/home/tbaral/.m2/repository/org/codehaus/groovy/groovy/2.5.6/groovy-2.5.6.jar:/home/tbaral/.m2/repository/org/codehaus/groovy/groovy-xml/2.5.6/groovy-xml-2.5.6.jar:/home/tbaral/.m2/repository/org/apache/httpcomponents/httpclient/4.5.3/httpclient-4.5.3.jar:/home/tbaral/.m2/repository/org/apache/httpcomponents/httpcore/4.4.6/httpcore-4.4.6.jar:/home/tbaral/.m2/repository/commons-logging/commons-logging/1.2/commons-logging-1.2.jar:/home/tbaral/.m2/repository/commons-codec/commons-codec/1.9/commons-codec-1.9.jar:/home/tbaral/.m2/repository/org/apache/httpcomponents/httpmime/4.5.3/httpmime-4.5.3.jar:/home/tbaral/.m2/repository/org/hamcrest/hamcrest/2.1/hamcrest-2.1.jar:/home/tbaral/.m2/repository/org/ccil/cowan/tagsoup/tagsoup/1.2.1/tagsoup-1.2.1.jar:/home/tbaral/.m2/repository/io/rest-assured/json-path/4.1.1/json-path-4.1.1.jar:/home/tbaral/.m2/repository/org/codehaus/groovy/groovy-json/2.5.6/groovy-json-2.5.6.jar:/home/tbaral/.m2/repository/io/rest-assured/rest-assured-common/4.1.1/rest-assured-common-4.1.1.jar:/home/tbaral/.m2/repository/io/rest-assured/xml-path/4.1.1/xml-path-4.1.1.jar:/home/tbaral/.m2/repository/org/apache/commons/commons-lang3/3.4/commons-lang3-3.4.jar:/home/tbaral/.m2/repository/javax/xml/bind/jaxb-api/2.3.1/jaxb-api-2.3.1.jar:/home/tbaral/.m2/repository/javax/activation/javax.activation-api/1.2.0/javax.activation-api-1.2.0.jar:/home/tbaral/.m2/repository/com/sun/xml/bind/jaxb-osgi/2.3.0.1/jaxb-osgi-2.3.0.1.jar:/home/tbaral/.m2/repository/org/apache/sling/org.apache.sling.javax.activation/0.1.0/org.apache.sling.javax.activation-0.1.0.jar:/home/tbaral/.m2/repository/javax/activation/activation/1.1.1/activation-1.1.1.jar:/home/tbaral/.m2/repository/com/h2database/h2/2.1.210/h2-2.1.210.jar:./target/classes:./target/test-classes:/home/tbaral/.m2/repository/edu/gmu/swe/flaky/sleepy/sleepy-runner/0.0.4-SNAPSHOT/sleepy-runner-0.0.4-SNAPSHOT.jar' 'edu.gmu.swe.flaky.sleepy.runner.SleepyTestRunner' nl.nlighten.prometheus.tomcat.TomcatServletMetricsFilterTest#testServletRequestMetrics '<1721539164,2>' 'info' 10000 ./sleepy-records/internal/node-nl.nlighten.prometheus.tomcat.TomcatServletMetricsFilterTest#testServletRequestMetrics-0.sleepList
INFO:root:====BEGIN Java Log====
INFO:root:TALANK: args.length: 5
TALANK: args[0]: nl.nlighten.prometheus.tomcat.TomcatServletMetricsFilterTest#testServletRequestMetrics
TALANK: args[1]: <1721539164,2>
TALANK: args[2]: info
TALANK: args[3]: 10000
TALANK: args[4]: ./sleepy-records/internal/node-nl.nlighten.prometheus.tomcat.TomcatServletMetricsFilterTest#testServletRequestMetrics-0.sleepList
TALANK Adding line to sleep at: org/apache/tomcat/util/threads/TaskThread$WrappingRunnable:run:0
TALANK Adding line to sleep at: org/apache/tomcat/util/threads/TaskThread$WrappingRunnable:run:61
TALANK Adding line to sleep at: org/apache/tomcat/util/threads/ThreadPoolExecutor$Worker:run:0
TALANK Adding line to sleep at: org/apache/tomcat/util/threads/ThreadPoolExecutor:runWorker:1170
TALANK Adding line to sleep at: org/apache/tomcat/util/threads/ThreadPoolExecutor:runWorker:1171
TALANK Adding line to sleep at: org/apache/tomcat/util/threads/ThreadPoolExecutor:getTask:1089
TALANK Adding line to sleep at: org/apache/tomcat/util/threads/ThreadPoolExecutor:getTask:1090
TALANK Adding line to sleep at: org/apache/tomcat/util/threads/ThreadPoolExecutor:getTask:1114
TALANK Adding line to sleep at: org/apache/tomcat/util/threads/TaskQueue:take:146
TALANK Adding line to sleep at: org/apache/tomcat/util/threads/ThreadPoolExecutor:decrementWorkerCount:443
TALANK Adding line to sleep at: org/apache/tomcat/util/threads/ThreadPoolExecutor:decrementWorkerCount:444
TALANK Adding line to sleep at: org/apache/tomcat/util/threads/ThreadPoolExecutor:processWorkerExit:1036
TALANK Adding line to sleep at: org/apache/tomcat/util/threads/ThreadPoolExecutor:processWorkerExit:1037
TALANK Adding line to sleep at: org/apache/tomcat/util/threads/ThreadPoolExecutor:processWorkerExit:1041
TALANK Adding line to sleep at: org/apache/tomcat/util/threads/ThreadPoolExecutor:processWorkerExit:1042
TALANK Adding line to sleep at: org/apache/tomcat/util/threads/ThreadPoolExecutor:tryTerminate:738
TALANK Adding line to sleep at: org/apache/tomcat/util/threads/ThreadPoolExecutor:tryTerminate:739
TALANK Adding line to sleep at: org/apache/tomcat/util/threads/ThreadPoolExecutor:processWorkerExit:1046
TALANK Adding line to sleep at: org/apache/tomcat/util/threads/ThreadPoolExecutor:processWorkerExit:1047
TALANK Adding line to sleep at: org/apache/tomcat/util/threads/TaskThread$WrappingRunnable:run:62
********TALANK requesting to junitcore ******: org.junit.internal.requests.FilterRequest@30dae81
May 14, 2025 7:37:21 PM org.apache.catalina.core.StandardService startInternal
INFO: Starting service [Tomcat]
May 14, 2025 7:37:21 PM org.apache.catalina.core.StandardEngine startInternal
INFO: Starting Servlet engine: [Apache Tomcat/9.0.58]
May 14, 2025 7:37:21 PM org.apache.coyote.AbstractProtocol init
INFO: Initializing ProtocolHandler ["http-nio-auto-1"]
May 14, 2025 7:37:21 PM org.apache.coyote.AbstractProtocol start
INFO: Starting ProtocolHandler ["http-nio-auto-1-37435"]
May 14, 2025 7:37:21 PM org.apache.coyote.AbstractProtocol pause
INFO: Pausing ProtocolHandler ["http-nio-auto-1-37435"]
May 14, 2025 7:37:21 PM org.apache.catalina.core.StandardService stopInternal
INFO: Stopping service [Tomcat]
May 14, 2025 7:37:21 PM org.apache.coyote.AbstractProtocol stop
INFO: Stopping ProtocolHandler ["http-nio-auto-1-37435"]
java.lang.InterruptedException: sleep interrupted
	at java.lang.Thread.sleep(Native Method)
	at edu.gmu.swe.flaky.sleepy.intercept.Wrapper.napTime(Wrapper.java:265)
	at edu.gmu.swe.flaky.sleepy.intercept.Wrapper.extraSleep(Wrapper.java:217)
	at org.apache.tomcat.util.threads.ThreadPoolExecutor.getTask(ThreadPoolExecutor.java:1089)
	at org.apache.tomcat.util.threads.ThreadPoolExecutor.runWorker(ThreadPoolExecutor.java:1176)
	at org.apache.tomcat.util.threads.ThreadPoolExecutor$Worker.run(ThreadPoolExecutor.java:659)
	at org.apache.tomcat.util.threads.TaskThread$WrappingRunnable.run(TaskThread.java:61)
	at java.lang.Thread.run(Thread.java:745)
java.lang.InterruptedException: sleep interrupted
	at java.lang.Thread.sleep(Native Method)
	at edu.gmu.swe.flaky.sleepy.intercept.Wrapper.napTime(Wrapper.java:265)
	at edu.gmu.swe.flaky.sleepy.intercept.Wrapper.extraSleep(Wrapper.java:217)
	at org.apache.tomcat.util.threads.ThreadPoolExecutor.getTask(ThreadPoolExecutor.java:1089)
	at org.apache.tomcat.util.threads.ThreadPoolExecutor.runWorker(ThreadPoolExecutor.java:1176)
	at org.apache.tomcat.util.threads.ThreadPoolExecutor$Worker.run(ThreadPoolExecutor.java:659)
	at org.apache.tomcat.util.threads.TaskThread$WrappingRunnable.run(TaskThread.java:61)
	at java.lang.Thread.run(Thread.java:745)
java.lang.InterruptedException: sleep interrupted
	at java.lang.Thread.sleep(Native Method)
	at edu.gmu.swe.flaky.sleepy.intercept.Wrapper.napTime(Wrapper.java:265)
	at edu.gmu.swe.flaky.sleepy.intercept.Wrapper.extraSleep(Wrapper.java:217)
	at org.apache.tomcat.util.threads.ThreadPoolExecutor.decrementWorkerCount(ThreadPoolExecutor.java:443)
	at org.apache.tomcat.util.threads.ThreadPoolExecutor.getTask(ThreadPoolExecutor.java:1094)
	at org.apache.tomcat.util.threads.ThreadPoolExecutor.runWorker(ThreadPoolExecutor.java:1176)
	at org.apache.tomcat.util.threads.ThreadPoolExecutor$Worker.run(ThreadPoolExecutor.java:659)
	at org.apache.tomcat.util.threads.TaskThread$WrappingRunnable.run(TaskThread.java:61)
	at java.lang.Thread.run(Thread.java:745)
May 14, 2025 7:37:26 PM org.apache.tomcat.util.net.AbstractEndpoint shutdownExecutor
WARNING: The executor associated with thread pool [http-nio-auto-1] has not fully shutdown. Some application threads may still be running.
May 14, 2025 7:37:26 PM org.apache.coyote.AbstractProtocol destroy
INFO: Destroying ProtocolHandler ["http-nio-auto-1-37435"]
TALANKINFO:FromJava:OK

INFO:root:====END Java Log====
INFO:root:Kill all Java processes
INFO:root:Using timeout 57.0 minutes
INFO:root:Running command:
INFO:root:/scratch/tbaral/ase26/nod-rr/NOD-Test-Repair/flakerake/jdk1.8.0_102/bin/java -XX:+ExitOnOutOfMemoryError -Xbootclasspath/p:/home/tbaral/.m2/repository/edu/gmu/swe/flaky/sleepy/sleepy-interceptor/0.0.4-SNAPSHOT/sleepy-interceptor-0.0.4-SNAPSHOT.jar -javaagent:/home/tbaral/.m2/repository/edu/gmu/swe/flaky/sleepy/sleepy-interceptor/0.0.4-SNAPSHOT/sleepy-interceptor-0.0.4-SNAPSHOT.jar   -cp '/home/tbaral/.m2/repository/io/prometheus/simpleclient/0.15.0/simpleclient-0.15.0.jar:/home/tbaral/.m2/repository/io/prometheus/simpleclient_tracer_otel/0.15.0/simpleclient_tracer_otel-0.15.0.jar:/home/tbaral/.m2/repository/io/prometheus/simpleclient_tracer_common/0.15.0/simpleclient_tracer_common-0.15.0.jar:/home/tbaral/.m2/repository/io/prometheus/simpleclient_tracer_otel_agent/0.15.0/simpleclient_tracer_otel_agent-0.15.0.jar:/home/tbaral/.m2/repository/io/prometheus/simpleclient_servlet/0.15.0/simpleclient_servlet-0.15.0.jar:/home/tbaral/.m2/repository/io/prometheus/simpleclient_common/0.15.0/simpleclient_common-0.15.0.jar:/home/tbaral/.m2/repository/io/prometheus/simpleclient_servlet_common/0.15.0/simpleclient_servlet_common-0.15.0.jar:/home/tbaral/.m2/repository/io/prometheus/simpleclient_hotspot/0.15.0/simpleclient_hotspot-0.15.0.jar:/home/tbaral/.m2/repository/org/apache/tomcat/tomcat-catalina/9.0.58/tomcat-catalina-9.0.58.jar:/home/tbaral/.m2/repository/org/apache/tomcat/tomcat-servlet-api/9.0.58/tomcat-servlet-api-9.0.58.jar:/home/tbaral/.m2/repository/org/apache/tomcat/tomcat-jsp-api/9.0.58/tomcat-jsp-api-9.0.58.jar:/home/tbaral/.m2/repository/org/apache/tomcat/tomcat-el-api/9.0.58/tomcat-el-api-9.0.58.jar:/home/tbaral/.m2/repository/org/apache/tomcat/tomcat-juli/9.0.58/tomcat-juli-9.0.58.jar:/home/tbaral/.m2/repository/org/apache/tomcat/tomcat-annotations-api/9.0.58/tomcat-annotations-api-9.0.58.jar:/home/tbaral/.m2/repository/org/apache/tomcat/tomcat-api/9.0.58/tomcat-api-9.0.58.jar:/home/tbaral/.m2/repository/org/apache/tomcat/tomcat-jni/9.0.58/tomcat-jni-9.0.58.jar:/home/tbaral/.m2/repository/org/apache/tomcat/tomcat-coyote/9.0.58/tomcat-coyote-9.0.58.jar:/home/tbaral/.m2/repository/org/apache/tomcat/tomcat-util/9.0.58/tomcat-util-9.0.58.jar:/home/tbaral/.m2/repository/org/apache/tomcat/tomcat-util-scan/9.0.58/tomcat-util-scan-9.0.58.jar:/home/tbaral/.m2/repository/org/apache/tomcat/tomcat-jaspic-api/9.0.58/tomcat-jaspic-api-9.0.58.jar:/home/tbaral/.m2/repository/org/apache/tomcat/tomcat-jdbc/9.0.58/tomcat-jdbc-9.0.58.jar:/home/tbaral/.m2/repository/org/apache/tomcat/tomcat-dbcp/9.0.58/tomcat-dbcp-9.0.58.jar:/home/tbaral/.m2/repository/junit/junit/4.13.1/junit-4.13.1.jar:/home/tbaral/.m2/repository/org/hamcrest/hamcrest-core/1.3/hamcrest-core-1.3.jar:/home/tbaral/.m2/repository/org/apache/tomcat/embed/tomcat-embed-core/9.0.58/tomcat-embed-core-9.0.58.jar:/home/tbaral/.m2/repository/io/rest-assured/rest-assured/4.1.1/rest-assured-4.1.1.jar:/home/tbaral/.m2/repository/org/codehaus/groovy/groovy/2.5.6/groovy-2.5.6.jar:/home/tbaral/.m2/repository/org/codehaus/groovy/groovy-xml/2.5.6/groovy-xml-2.5.6.jar:/home/tbaral/.m2/repository/org/apache/httpcomponents/httpclient/4.5.3/httpclient-4.5.3.jar:/home/tbaral/.m2/repository/org/apache/httpcomponents/httpcore/4.4.6/httpcore-4.4.6.jar:/home/tbaral/.m2/repository/commons-logging/commons-logging/1.2/commons-logging-1.2.jar:/home/tbaral/.m2/repository/commons-codec/commons-codec/1.9/commons-codec-1.9.jar:/home/tbaral/.m2/repository/org/apache/httpcomponents/httpmime/4.5.3/httpmime-4.5.3.jar:/home/tbaral/.m2/repository/org/hamcrest/hamcrest/2.1/hamcrest-2.1.jar:/home/tbaral/.m2/repository/org/ccil/cowan/tagsoup/tagsoup/1.2.1/tagsoup-1.2.1.jar:/home/tbaral/.m2/repository/io/rest-assured/json-path/4.1.1/json-path-4.1.1.jar:/home/tbaral/.m2/repository/org/codehaus/groovy/groovy-json/2.5.6/groovy-json-2.5.6.jar:/home/tbaral/.m2/repository/io/rest-assured/rest-assured-common/4.1.1/rest-assured-common-4.1.1.jar:/home/tbaral/.m2/repository/io/rest-assured/xml-path/4.1.1/xml-path-4.1.1.jar:/home/tbaral/.m2/repository/org/apache/commons/commons-lang3/3.4/commons-lang3-3.4.jar:/home/tbaral/.m2/repository/javax/xml/bind/jaxb-api/2.3.1/jaxb-api-2.3.1.jar:/home/tbaral/.m2/repository/javax/activation/javax.activation-api/1.2.0/javax.activation-api-1.2.0.jar:/home/tbaral/.m2/repository/com/sun/xml/bind/jaxb-osgi/2.3.0.1/jaxb-osgi-2.3.0.1.jar:/home/tbaral/.m2/repository/org/apache/sling/org.apache.sling.javax.activation/0.1.0/org.apache.sling.javax.activation-0.1.0.jar:/home/tbaral/.m2/repository/javax/activation/activation/1.1.1/activation-1.1.1.jar:/home/tbaral/.m2/repository/com/h2database/h2/2.1.210/h2-2.1.210.jar:./target/classes:./target/test-classes:/home/tbaral/.m2/repository/edu/gmu/swe/flaky/sleepy/sleepy-runner/0.0.4-SNAPSHOT/sleepy-runner-0.0.4-SNAPSHOT.jar' 'edu.gmu.swe.flaky.sleepy.runner.SleepyTestRunner' nl.nlighten.prometheus.tomcat.TomcatServletMetricsFilterTest#testServletRequestMetrics '<1721539164,2>' 'info' 10000 ./sleepy-records/internal/node-nl.nlighten.prometheus.tomcat.TomcatServletMetricsFilterTest#testServletRequestMetrics-0.sleepList
INFO:root:====BEGIN Java Log====
INFO:root:TALANK: args.length: 5
TALANK: args[0]: nl.nlighten.prometheus.tomcat.TomcatServletMetricsFilterTest#testServletRequestMetrics
TALANK: args[1]: <1721539164,2>
TALANK: args[2]: info
TALANK: args[3]: 10000
TALANK: args[4]: ./sleepy-records/internal/node-nl.nlighten.prometheus.tomcat.TomcatServletMetricsFilterTest#testServletRequestMetrics-0.sleepList
TALANK Adding line to sleep at: org/apache/tomcat/util/threads/TaskThread$WrappingRunnable:run:0
TALANK Adding line to sleep at: org/apache/tomcat/util/threads/TaskThread$WrappingRunnable:run:61
TALANK Adding line to sleep at: org/apache/tomcat/util/threads/ThreadPoolExecutor$Worker:run:0
TALANK Adding line to sleep at: org/apache/tomcat/util/threads/ThreadPoolExecutor:runWorker:1170
TALANK Adding line to sleep at: org/apache/tomcat/util/threads/ThreadPoolExecutor:runWorker:1171
TALANK Adding line to sleep at: org/apache/tomcat/util/threads/ThreadPoolExecutor:getTask:1089
TALANK Adding line to sleep at: org/apache/tomcat/util/threads/ThreadPoolExecutor:getTask:1090
TALANK Adding line to sleep at: org/apache/tomcat/util/threads/ThreadPoolExecutor:getTask:1114
TALANK Adding line to sleep at: org/apache/tomcat/util/threads/TaskQueue:take:146
TALANK Adding line to sleep at: org/apache/tomcat/util/threads/ThreadPoolExecutor:decrementWorkerCount:443
TALANK Adding line to sleep at: org/apache/tomcat/util/threads/ThreadPoolExecutor:decrementWorkerCount:444
TALANK Adding line to sleep at: org/apache/tomcat/util/threads/ThreadPoolExecutor:processWorkerExit:1036
TALANK Adding line to sleep at: org/apache/tomcat/util/threads/ThreadPoolExecutor:processWorkerExit:1037
TALANK Adding line to sleep at: org/apache/tomcat/util/threads/ThreadPoolExecutor:processWorkerExit:1041
TALANK Adding line to sleep at: org/apache/tomcat/util/threads/ThreadPoolExecutor:processWorkerExit:1042
TALANK Adding line to sleep at: org/apache/tomcat/util/threads/ThreadPoolExecutor:tryTerminate:738
TALANK Adding line to sleep at: org/apache/tomcat/util/threads/ThreadPoolExecutor:tryTerminate:739
TALANK Adding line to sleep at: org/apache/tomcat/util/threads/ThreadPoolExecutor:processWorkerExit:1046
TALANK Adding line to sleep at: org/apache/tomcat/util/threads/ThreadPoolExecutor:processWorkerExit:1047
TALANK Adding line to sleep at: org/apache/tomcat/util/threads/TaskThread$WrappingRunnable:run:62
********TALANK requesting to junitcore ******: org.junit.internal.requests.FilterRequest@30dae81
May 14, 2025 7:37:31 PM org.apache.catalina.core.StandardService startInternal
INFO: Starting service [Tomcat]
May 14, 2025 7:37:32 PM org.apache.catalina.core.StandardEngine startInternal
INFO: Starting Servlet engine: [Apache Tomcat/9.0.58]
May 14, 2025 7:37:32 PM org.apache.coyote.AbstractProtocol init
INFO: Initializing ProtocolHandler ["http-nio-auto-1"]
May 14, 2025 7:37:32 PM org.apache.coyote.AbstractProtocol start
INFO: Starting ProtocolHandler ["http-nio-auto-1-37057"]
May 14, 2025 7:37:32 PM org.apache.coyote.AbstractProtocol pause
INFO: Pausing ProtocolHandler ["http-nio-auto-1-37057"]
May 14, 2025 7:37:32 PM org.apache.catalina.core.StandardService stopInternal
INFO: Stopping service [Tomcat]
May 14, 2025 7:37:32 PM org.apache.coyote.AbstractProtocol stop
INFO: Stopping ProtocolHandler ["http-nio-auto-1-37057"]
java.lang.InterruptedException: sleep interrupted
	at java.lang.Thread.sleep(Native Method)
	at edu.gmu.swe.flaky.sleepy.intercept.Wrapper.napTime(Wrapper.java:265)
	at edu.gmu.swe.flaky.sleepy.intercept.Wrapper.extraSleep(Wrapper.java:217)
	at org.apache.tomcat.util.threads.ThreadPoolExecutor.getTask(ThreadPoolExecutor.java:1089)
	at org.apache.tomcat.util.threads.ThreadPoolExecutor.runWorker(ThreadPoolExecutor.java:1176)
	at org.apache.tomcat.util.threads.ThreadPoolExecutor$Worker.run(ThreadPoolExecutor.java:659)
	at org.apache.tomcat.util.threads.TaskThread$WrappingRunnable.run(TaskThread.java:61)
	at java.lang.Thread.run(Thread.java:745)
java.lang.InterruptedException: sleep interrupted
	at java.lang.Thread.sleep(Native Method)
	at edu.gmu.swe.flaky.sleepy.intercept.Wrapper.napTime(Wrapper.java:265)
	at edu.gmu.swe.flaky.sleepy.intercept.Wrapper.extraSleep(Wrapper.java:217)
	at org.apache.tomcat.util.threads.ThreadPoolExecutor.getTask(ThreadPoolExecutor.java:1089)
	at org.apache.tomcat.util.threads.ThreadPoolExecutor.runWorker(ThreadPoolExecutor.java:1176)
	at org.apache.tomcat.util.threads.ThreadPoolExecutor$Worker.run(ThreadPoolExecutor.java:659)
	at org.apache.tomcat.util.threads.TaskThread$WrappingRunnable.run(TaskThread.java:61)
	at java.lang.Thread.run(Thread.java:745)
java.lang.InterruptedException: sleep interrupted
	at java.lang.Thread.sleep(Native Method)
	at edu.gmu.swe.flaky.sleepy.intercept.Wrapper.napTime(Wrapper.java:265)
	at edu.gmu.swe.flaky.sleepy.intercept.Wrapper.extraSleep(Wrapper.java:217)
	at org.apache.tomcat.util.threads.ThreadPoolExecutor.decrementWorkerCount(ThreadPoolExecutor.java:443)
	at org.apache.tomcat.util.threads.ThreadPoolExecutor.getTask(ThreadPoolExecutor.java:1094)
	at org.apache.tomcat.util.threads.ThreadPoolExecutor.runWorker(ThreadPoolExecutor.java:1176)
	at org.apache.tomcat.util.threads.ThreadPoolExecutor$Worker.run(ThreadPoolExecutor.java:659)
	at org.apache.tomcat.util.threads.TaskThread$WrappingRunnable.run(TaskThread.java:61)
	at java.lang.Thread.run(Thread.java:745)
May 14, 2025 7:37:37 PM org.apache.tomcat.util.net.AbstractEndpoint shutdownExecutor
WARNING: The executor associated with thread pool [http-nio-auto-1] has not fully shutdown. Some application threads may still be running.
May 14, 2025 7:37:37 PM org.apache.coyote.AbstractProtocol destroy
INFO: Destroying ProtocolHandler ["http-nio-auto-1-37057"]
TALANKINFO:FromJava:OK

INFO:root:====END Java Log====
INFO:root:Kill all Java processes
INFO:root:Using timeout 57.0 minutes
INFO:root:Running command:
INFO:root:/scratch/tbaral/ase26/nod-rr/NOD-Test-Repair/flakerake/jdk1.8.0_102/bin/java -XX:+ExitOnOutOfMemoryError -Xbootclasspath/p:/home/tbaral/.m2/repository/edu/gmu/swe/flaky/sleepy/sleepy-interceptor/0.0.4-SNAPSHOT/sleepy-interceptor-0.0.4-SNAPSHOT.jar -javaagent:/home/tbaral/.m2/repository/edu/gmu/swe/flaky/sleepy/sleepy-interceptor/0.0.4-SNAPSHOT/sleepy-interceptor-0.0.4-SNAPSHOT.jar   -cp '/home/tbaral/.m2/repository/io/prometheus/simpleclient/0.15.0/simpleclient-0.15.0.jar:/home/tbaral/.m2/repository/io/prometheus/simpleclient_tracer_otel/0.15.0/simpleclient_tracer_otel-0.15.0.jar:/home/tbaral/.m2/repository/io/prometheus/simpleclient_tracer_common/0.15.0/simpleclient_tracer_common-0.15.0.jar:/home/tbaral/.m2/repository/io/prometheus/simpleclient_tracer_otel_agent/0.15.0/simpleclient_tracer_otel_agent-0.15.0.jar:/home/tbaral/.m2/repository/io/prometheus/simpleclient_servlet/0.15.0/simpleclient_servlet-0.15.0.jar:/home/tbaral/.m2/repository/io/prometheus/simpleclient_common/0.15.0/simpleclient_common-0.15.0.jar:/home/tbaral/.m2/repository/io/prometheus/simpleclient_servlet_common/0.15.0/simpleclient_servlet_common-0.15.0.jar:/home/tbaral/.m2/repository/io/prometheus/simpleclient_hotspot/0.15.0/simpleclient_hotspot-0.15.0.jar:/home/tbaral/.m2/repository/org/apache/tomcat/tomcat-catalina/9.0.58/tomcat-catalina-9.0.58.jar:/home/tbaral/.m2/repository/org/apache/tomcat/tomcat-servlet-api/9.0.58/tomcat-servlet-api-9.0.58.jar:/home/tbaral/.m2/repository/org/apache/tomcat/tomcat-jsp-api/9.0.58/tomcat-jsp-api-9.0.58.jar:/home/tbaral/.m2/repository/org/apache/tomcat/tomcat-el-api/9.0.58/tomcat-el-api-9.0.58.jar:/home/tbaral/.m2/repository/org/apache/tomcat/tomcat-juli/9.0.58/tomcat-juli-9.0.58.jar:/home/tbaral/.m2/repository/org/apache/tomcat/tomcat-annotations-api/9.0.58/tomcat-annotations-api-9.0.58.jar:/home/tbaral/.m2/repository/org/apache/tomcat/tomcat-api/9.0.58/tomcat-api-9.0.58.jar:/home/tbaral/.m2/repository/org/apache/tomcat/tomcat-jni/9.0.58/tomcat-jni-9.0.58.jar:/home/tbaral/.m2/repository/org/apache/tomcat/tomcat-coyote/9.0.58/tomcat-coyote-9.0.58.jar:/home/tbaral/.m2/repository/org/apache/tomcat/tomcat-util/9.0.58/tomcat-util-9.0.58.jar:/home/tbaral/.m2/repository/org/apache/tomcat/tomcat-util-scan/9.0.58/tomcat-util-scan-9.0.58.jar:/home/tbaral/.m2/repository/org/apache/tomcat/tomcat-jaspic-api/9.0.58/tomcat-jaspic-api-9.0.58.jar:/home/tbaral/.m2/repository/org/apache/tomcat/tomcat-jdbc/9.0.58/tomcat-jdbc-9.0.58.jar:/home/tbaral/.m2/repository/org/apache/tomcat/tomcat-dbcp/9.0.58/tomcat-dbcp-9.0.58.jar:/home/tbaral/.m2/repository/junit/junit/4.13.1/junit-4.13.1.jar:/home/tbaral/.m2/repository/org/hamcrest/hamcrest-core/1.3/hamcrest-core-1.3.jar:/home/tbaral/.m2/repository/org/apache/tomcat/embed/tomcat-embed-core/9.0.58/tomcat-embed-core-9.0.58.jar:/home/tbaral/.m2/repository/io/rest-assured/rest-assured/4.1.1/rest-assured-4.1.1.jar:/home/tbaral/.m2/repository/org/codehaus/groovy/groovy/2.5.6/groovy-2.5.6.jar:/home/tbaral/.m2/repository/org/codehaus/groovy/groovy-xml/2.5.6/groovy-xml-2.5.6.jar:/home/tbaral/.m2/repository/org/apache/httpcomponents/httpclient/4.5.3/httpclient-4.5.3.jar:/home/tbaral/.m2/repository/org/apache/httpcomponents/httpcore/4.4.6/httpcore-4.4.6.jar:/home/tbaral/.m2/repository/commons-logging/commons-logging/1.2/commons-logging-1.2.jar:/home/tbaral/.m2/repository/commons-codec/commons-codec/1.9/commons-codec-1.9.jar:/home/tbaral/.m2/repository/org/apache/httpcomponents/httpmime/4.5.3/httpmime-4.5.3.jar:/home/tbaral/.m2/repository/org/hamcrest/hamcrest/2.1/hamcrest-2.1.jar:/home/tbaral/.m2/repository/org/ccil/cowan/tagsoup/tagsoup/1.2.1/tagsoup-1.2.1.jar:/home/tbaral/.m2/repository/io/rest-assured/json-path/4.1.1/json-path-4.1.1.jar:/home/tbaral/.m2/repository/org/codehaus/groovy/groovy-json/2.5.6/groovy-json-2.5.6.jar:/home/tbaral/.m2/repository/io/rest-assured/rest-assured-common/4.1.1/rest-assured-common-4.1.1.jar:/home/tbaral/.m2/repository/io/rest-assured/xml-path/4.1.1/xml-path-4.1.1.jar:/home/tbaral/.m2/repository/org/apache/commons/commons-lang3/3.4/commons-lang3-3.4.jar:/home/tbaral/.m2/repository/javax/xml/bind/jaxb-api/2.3.1/jaxb-api-2.3.1.jar:/home/tbaral/.m2/repository/javax/activation/javax.activation-api/1.2.0/javax.activation-api-1.2.0.jar:/home/tbaral/.m2/repository/com/sun/xml/bind/jaxb-osgi/2.3.0.1/jaxb-osgi-2.3.0.1.jar:/home/tbaral/.m2/repository/org/apache/sling/org.apache.sling.javax.activation/0.1.0/org.apache.sling.javax.activation-0.1.0.jar:/home/tbaral/.m2/repository/javax/activation/activation/1.1.1/activation-1.1.1.jar:/home/tbaral/.m2/repository/com/h2database/h2/2.1.210/h2-2.1.210.jar:./target/classes:./target/test-classes:/home/tbaral/.m2/repository/edu/gmu/swe/flaky/sleepy/sleepy-runner/0.0.4-SNAPSHOT/sleepy-runner-0.0.4-SNAPSHOT.jar' 'edu.gmu.swe.flaky.sleepy.runner.SleepyTestRunner' nl.nlighten.prometheus.tomcat.TomcatServletMetricsFilterTest#testServletRequestMetrics '<1721539164,2>' 'info' 10000 ./sleepy-records/internal/node-nl.nlighten.prometheus.tomcat.TomcatServletMetricsFilterTest#testServletRequestMetrics-0.sleepList
INFO:root:====BEGIN Java Log====
INFO:root:TALANK: args.length: 5
TALANK: args[0]: nl.nlighten.prometheus.tomcat.TomcatServletMetricsFilterTest#testServletRequestMetrics
TALANK: args[1]: <1721539164,2>
TALANK: args[2]: info
TALANK: args[3]: 10000
TALANK: args[4]: ./sleepy-records/internal/node-nl.nlighten.prometheus.tomcat.TomcatServletMetricsFilterTest#testServletRequestMetrics-0.sleepList
TALANK Adding line to sleep at: org/apache/tomcat/util/threads/TaskThread$WrappingRunnable:run:0
TALANK Adding line to sleep at: org/apache/tomcat/util/threads/TaskThread$WrappingRunnable:run:61
TALANK Adding line to sleep at: org/apache/tomcat/util/threads/ThreadPoolExecutor$Worker:run:0
TALANK Adding line to sleep at: org/apache/tomcat/util/threads/ThreadPoolExecutor:runWorker:1170
TALANK Adding line to sleep at: org/apache/tomcat/util/threads/ThreadPoolExecutor:runWorker:1171
TALANK Adding line to sleep at: org/apache/tomcat/util/threads/ThreadPoolExecutor:getTask:1089
TALANK Adding line to sleep at: org/apache/tomcat/util/threads/ThreadPoolExecutor:getTask:1090
TALANK Adding line to sleep at: org/apache/tomcat/util/threads/ThreadPoolExecutor:getTask:1114
TALANK Adding line to sleep at: org/apache/tomcat/util/threads/TaskQueue:take:146
TALANK Adding line to sleep at: org/apache/tomcat/util/threads/ThreadPoolExecutor:decrementWorkerCount:443
TALANK Adding line to sleep at: org/apache/tomcat/util/threads/ThreadPoolExecutor:decrementWorkerCount:444
TALANK Adding line to sleep at: org/apache/tomcat/util/threads/ThreadPoolExecutor:processWorkerExit:1036
TALANK Adding line to sleep at: org/apache/tomcat/util/threads/ThreadPoolExecutor:processWorkerExit:1037
TALANK Adding line to sleep at: org/apache/tomcat/util/threads/ThreadPoolExecutor:processWorkerExit:1041
TALANK Adding line to sleep at: org/apache/tomcat/util/threads/ThreadPoolExecutor:processWorkerExit:1042
TALANK Adding line to sleep at: org/apache/tomcat/util/threads/ThreadPoolExecutor:tryTerminate:738
TALANK Adding line to sleep at: org/apache/tomcat/util/threads/ThreadPoolExecutor:tryTerminate:739
TALANK Adding line to sleep at: org/apache/tomcat/util/threads/ThreadPoolExecutor:processWorkerExit:1046
TALANK Adding line to sleep at: org/apache/tomcat/util/threads/ThreadPoolExecutor:processWorkerExit:1047
TALANK Adding line to sleep at: org/apache/tomcat/util/threads/TaskThread$WrappingRunnable:run:62
********TALANK requesting to junitcore ******: org.junit.internal.requests.FilterRequest@30dae81
May 14, 2025 7:37:42 PM org.apache.catalina.core.StandardService startInternal
INFO: Starting service [Tomcat]
May 14, 2025 7:37:42 PM org.apache.catalina.core.StandardEngine startInternal
INFO: Starting Servlet engine: [Apache Tomcat/9.0.58]
May 14, 2025 7:37:43 PM org.apache.coyote.AbstractProtocol init
INFO: Initializing ProtocolHandler ["http-nio-auto-1"]
May 14, 2025 7:37:43 PM org.apache.coyote.AbstractProtocol start
INFO: Starting ProtocolHandler ["http-nio-auto-1-46859"]
May 14, 2025 7:37:43 PM org.apache.coyote.AbstractProtocol pause
INFO: Pausing ProtocolHandler ["http-nio-auto-1-46859"]
May 14, 2025 7:37:45 PM org.apache.catalina.core.StandardService stopInternal
INFO: Stopping service [Tomcat]
May 14, 2025 7:37:45 PM org.apache.coyote.AbstractProtocol stop
INFO: Stopping ProtocolHandler ["http-nio-auto-1-46859"]
May 14, 2025 7:37:55 PM org.apache.tomcat.util.net.Acceptor stop
WARNING: The acceptor thread [http-nio-auto-1-Acceptor] did not stop cleanly
java.lang.InterruptedException: sleep interrupted
	at java.lang.Thread.sleep(Native Method)
	at edu.gmu.swe.flaky.sleepy.intercept.Wrapper.napTime(Wrapper.java:265)
	at edu.gmu.swe.flaky.sleepy.intercept.Wrapper.extraSleep(Wrapper.java:217)
	at org.apache.tomcat.util.threads.ThreadPoolExecutor.getTask(ThreadPoolExecutor.java:1089)
	at org.apache.tomcat.util.threads.ThreadPoolExecutor.runWorker(ThreadPoolExecutor.java:1176)
	at org.apache.tomcat.util.threads.ThreadPoolExecutor$Worker.run(ThreadPoolExecutor.java:659)
	at org.apache.tomcat.util.threads.TaskThread$WrappingRunnable.run(TaskThread.java:61)
	at java.lang.Thread.run(Thread.java:745)
java.lang.InterruptedException: sleep interrupted
	at java.lang.Thread.sleep(Native Method)
	at edu.gmu.swe.flaky.sleepy.intercept.Wrapper.napTime(Wrapper.java:265)
	at edu.gmu.swe.flaky.sleepy.intercept.Wrapper.extraSleep(Wrapper.java:217)
	at org.apache.tomcat.util.threads.ThreadPoolExecutor.getTask(ThreadPoolExecutor.java:1089)
	at org.apache.tomcat.util.threads.ThreadPoolExecutor.runWorker(ThreadPoolExecutor.java:1176)
	at org.apache.tomcat.util.threads.ThreadPoolExecutor$Worker.run(ThreadPoolExecutor.java:659)
	at org.apache.tomcat.util.threads.TaskThread$WrappingRunnable.run(TaskThread.java:61)
	at java.lang.Thread.run(Thread.java:745)
java.lang.InterruptedException: sleep interrupted
	at java.lang.Thread.sleep(Native Method)
	at edu.gmu.swe.flaky.sleepy.intercept.Wrapper.napTime(Wrapper.java:265)
	at edu.gmu.swe.flaky.sleepy.intercept.Wrapper.extraSleep(Wrapper.java:217)
	at org.apache.tomcat.util.threads.ThreadPoolExecutor.decrementWorkerCount(ThreadPoolExecutor.java:443)
	at org.apache.tomcat.util.threads.ThreadPoolExecutor.getTask(ThreadPoolExecutor.java:1094)
	at org.apache.tomcat.util.threads.ThreadPoolExecutor.runWorker(ThreadPoolExecutor.java:1176)
	at org.apache.tomcat.util.threads.ThreadPoolExecutor$Worker.run(ThreadPoolExecutor.java:659)
	at org.apache.tomcat.util.threads.TaskThread$WrappingRunnable.run(TaskThread.java:61)
	at java.lang.Thread.run(Thread.java:745)
May 14, 2025 7:38:00 PM org.apache.tomcat.util.net.AbstractEndpoint shutdownExecutor
WARNING: The executor associated with thread pool [http-nio-auto-1] has not fully shutdown. Some application threads may still be running.
May 14, 2025 7:38:00 PM org.apache.coyote.AbstractProtocol destroy
INFO: Destroying ProtocolHandler ["http-nio-auto-1-46859"]
TALANKINFO:FromJava:OK

INFO:root:====END Java Log====
INFO:root:Kill all Java processes
INFO:root:Impossible to make stable failure so skipping <1721539164,2>
INFO:root:Could not fail nl.nlighten.prometheus.tomcat.TomcatServletMetricsFilterTest#testServletRequestMetrics sleeping thread <1721539164,2>
INFO:root:After working thread <1721539164,2>, with 1394.0 minutes left to analyze nl.nlighten.prometheus.tomcat.TomcatServletMetricsFilterTest#testServletRequestMetrics
INFO:root:Starting analysis on thread named <1721539164,3> that is 9 out of 12
INFO:root:Initial list
INFO:root:['org/apache/tomcat/util/threads/TaskThread$WrappingRunnable:run:0\n', 'org/apache/tomcat/util/threads/TaskThread$WrappingRunnable:run:61\n', 'org/apache/tomcat/util/threads/ThreadPoolExecutor$Worker:run:0\n', 'org/apache/tomcat/util/threads/ThreadPoolExecutor:runWorker:1170\n', 'org/apache/tomcat/util/threads/ThreadPoolExecutor:runWorker:1171\n', 'org/apache/tomcat/util/threads/ThreadPoolExecutor:getTask:1089\n', 'org/apache/tomcat/util/threads/ThreadPoolExecutor:getTask:1090\n', 'org/apache/tomcat/util/threads/ThreadPoolExecutor:getTask:1114\n', 'org/apache/tomcat/util/threads/TaskQueue:take:146\n', 'org/apache/tomcat/util/threads/ThreadPoolExecutor:decrementWorkerCount:443\n', 'org/apache/tomcat/util/threads/ThreadPoolExecutor:decrementWorkerCount:444\n', 'org/apache/tomcat/util/threads/ThreadPoolExecutor:processWorkerExit:1036\n', 'org/apache/tomcat/util/threads/ThreadPoolExecutor:processWorkerExit:1037\n', 'org/apache/tomcat/util/threads/ThreadPoolExecutor:processWorkerExit:1041\n', 'org/apache/tomcat/util/threads/ThreadPoolExecutor:processWorkerExit:1042\n', 'org/apache/tomcat/util/threads/ThreadPoolExecutor:tryTerminate:738\n', 'org/apache/tomcat/util/threads/ThreadPoolExecutor:tryTerminate:739\n', 'org/apache/tomcat/util/threads/ThreadPoolExecutor:interruptIdleWorkers:823\n', 'org/apache/tomcat/util/threads/ThreadPoolExecutor:interruptIdleWorkers:824\n', 'org/apache/tomcat/util/threads/ThreadPoolExecutor:interruptIdleWorkers:827\n', 'org/apache/tomcat/util/threads/ThreadPoolExecutor:interruptIdleWorkers:828\n', 'org/apache/tomcat/util/threads/ThreadPoolExecutor:interruptIdleWorkers:840\n', 'org/apache/tomcat/util/threads/ThreadPoolExecutor:interruptIdleWorkers:841\n', 'org/apache/tomcat/util/threads/ThreadPoolExecutor:processWorkerExit:1046\n', 'org/apache/tomcat/util/threads/ThreadPoolExecutor:processWorkerExit:1047\n', 'org/apache/tomcat/util/threads/TaskThread$WrappingRunnable:run:62\n', 'org/apache/tomcat/util/threads/ThreadPoolExecutor:tryTerminate:750\n', 'org/apache/tomcat/util/threads/ThreadPoolExecutor:tryTerminate:751\n', 'org/apache/tomcat/util/threads/ThreadPoolExecutor:tryTerminate:752\n', 'org/apache/tomcat/util/threads/ThreadPoolExecutor:tryTerminate:753\n', 'org/apache/tomcat/util/threads/ThreadPoolExecutor:tryTerminate:762\n', 'org/apache/tomcat/util/threads/ThreadPoolExecutor:tryTerminate:763\n', 'org/apache/tomcat/util/threads/ThreadPoolExecutor:tryTerminate:756\n', 'org/apache/tomcat/util/threads/ThreadPoolExecutor:tryTerminate:757\n', 'org/apache/tomcat/util/threads/ThreadPoolExecutor:tryTerminate:758\n', 'org/apache/tomcat/util/threads/ThreadPoolExecutor$Worker:tryAcquire:675\n', 'org/apache/tomcat/util/threads/ThreadPoolExecutor$Worker:tryAcquire:676\n', 'org/apache/tomcat/util/threads/ThreadPoolExecutor:interruptIdleWorkers:829\n', 'org/apache/tomcat/util/threads/ThreadPoolExecutor:interruptIdleWorkers:830\n']
INFO:root:Using timeout 102.0 minutes
INFO:root:Running command:
INFO:root:/scratch/tbaral/ase26/nod-rr/NOD-Test-Repair/flakerake/jdk1.8.0_102/bin/java -XX:+ExitOnOutOfMemoryError -Xbootclasspath/p:/home/tbaral/.m2/repository/edu/gmu/swe/flaky/sleepy/sleepy-interceptor/0.0.4-SNAPSHOT/sleepy-interceptor-0.0.4-SNAPSHOT.jar -javaagent:/home/tbaral/.m2/repository/edu/gmu/swe/flaky/sleepy/sleepy-interceptor/0.0.4-SNAPSHOT/sleepy-interceptor-0.0.4-SNAPSHOT.jar   -cp '/home/tbaral/.m2/repository/io/prometheus/simpleclient/0.15.0/simpleclient-0.15.0.jar:/home/tbaral/.m2/repository/io/prometheus/simpleclient_tracer_otel/0.15.0/simpleclient_tracer_otel-0.15.0.jar:/home/tbaral/.m2/repository/io/prometheus/simpleclient_tracer_common/0.15.0/simpleclient_tracer_common-0.15.0.jar:/home/tbaral/.m2/repository/io/prometheus/simpleclient_tracer_otel_agent/0.15.0/simpleclient_tracer_otel_agent-0.15.0.jar:/home/tbaral/.m2/repository/io/prometheus/simpleclient_servlet/0.15.0/simpleclient_servlet-0.15.0.jar:/home/tbaral/.m2/repository/io/prometheus/simpleclient_common/0.15.0/simpleclient_common-0.15.0.jar:/home/tbaral/.m2/repository/io/prometheus/simpleclient_servlet_common/0.15.0/simpleclient_servlet_common-0.15.0.jar:/home/tbaral/.m2/repository/io/prometheus/simpleclient_hotspot/0.15.0/simpleclient_hotspot-0.15.0.jar:/home/tbaral/.m2/repository/org/apache/tomcat/tomcat-catalina/9.0.58/tomcat-catalina-9.0.58.jar:/home/tbaral/.m2/repository/org/apache/tomcat/tomcat-servlet-api/9.0.58/tomcat-servlet-api-9.0.58.jar:/home/tbaral/.m2/repository/org/apache/tomcat/tomcat-jsp-api/9.0.58/tomcat-jsp-api-9.0.58.jar:/home/tbaral/.m2/repository/org/apache/tomcat/tomcat-el-api/9.0.58/tomcat-el-api-9.0.58.jar:/home/tbaral/.m2/repository/org/apache/tomcat/tomcat-juli/9.0.58/tomcat-juli-9.0.58.jar:/home/tbaral/.m2/repository/org/apache/tomcat/tomcat-annotations-api/9.0.58/tomcat-annotations-api-9.0.58.jar:/home/tbaral/.m2/repository/org/apache/tomcat/tomcat-api/9.0.58/tomcat-api-9.0.58.jar:/home/tbaral/.m2/repository/org/apache/tomcat/tomcat-jni/9.0.58/tomcat-jni-9.0.58.jar:/home/tbaral/.m2/repository/org/apache/tomcat/tomcat-coyote/9.0.58/tomcat-coyote-9.0.58.jar:/home/tbaral/.m2/repository/org/apache/tomcat/tomcat-util/9.0.58/tomcat-util-9.0.58.jar:/home/tbaral/.m2/repository/org/apache/tomcat/tomcat-util-scan/9.0.58/tomcat-util-scan-9.0.58.jar:/home/tbaral/.m2/repository/org/apache/tomcat/tomcat-jaspic-api/9.0.58/tomcat-jaspic-api-9.0.58.jar:/home/tbaral/.m2/repository/org/apache/tomcat/tomcat-jdbc/9.0.58/tomcat-jdbc-9.0.58.jar:/home/tbaral/.m2/repository/org/apache/tomcat/tomcat-dbcp/9.0.58/tomcat-dbcp-9.0.58.jar:/home/tbaral/.m2/repository/junit/junit/4.13.1/junit-4.13.1.jar:/home/tbaral/.m2/repository/org/hamcrest/hamcrest-core/1.3/hamcrest-core-1.3.jar:/home/tbaral/.m2/repository/org/apache/tomcat/embed/tomcat-embed-core/9.0.58/tomcat-embed-core-9.0.58.jar:/home/tbaral/.m2/repository/io/rest-assured/rest-assured/4.1.1/rest-assured-4.1.1.jar:/home/tbaral/.m2/repository/org/codehaus/groovy/groovy/2.5.6/groovy-2.5.6.jar:/home/tbaral/.m2/repository/org/codehaus/groovy/groovy-xml/2.5.6/groovy-xml-2.5.6.jar:/home/tbaral/.m2/repository/org/apache/httpcomponents/httpclient/4.5.3/httpclient-4.5.3.jar:/home/tbaral/.m2/repository/org/apache/httpcomponents/httpcore/4.4.6/httpcore-4.4.6.jar:/home/tbaral/.m2/repository/commons-logging/commons-logging/1.2/commons-logging-1.2.jar:/home/tbaral/.m2/repository/commons-codec/commons-codec/1.9/commons-codec-1.9.jar:/home/tbaral/.m2/repository/org/apache/httpcomponents/httpmime/4.5.3/httpmime-4.5.3.jar:/home/tbaral/.m2/repository/org/hamcrest/hamcrest/2.1/hamcrest-2.1.jar:/home/tbaral/.m2/repository/org/ccil/cowan/tagsoup/tagsoup/1.2.1/tagsoup-1.2.1.jar:/home/tbaral/.m2/repository/io/rest-assured/json-path/4.1.1/json-path-4.1.1.jar:/home/tbaral/.m2/repository/org/codehaus/groovy/groovy-json/2.5.6/groovy-json-2.5.6.jar:/home/tbaral/.m2/repository/io/rest-assured/rest-assured-common/4.1.1/rest-assured-common-4.1.1.jar:/home/tbaral/.m2/repository/io/rest-assured/xml-path/4.1.1/xml-path-4.1.1.jar:/home/tbaral/.m2/repository/org/apache/commons/commons-lang3/3.4/commons-lang3-3.4.jar:/home/tbaral/.m2/repository/javax/xml/bind/jaxb-api/2.3.1/jaxb-api-2.3.1.jar:/home/tbaral/.m2/repository/javax/activation/javax.activation-api/1.2.0/javax.activation-api-1.2.0.jar:/home/tbaral/.m2/repository/com/sun/xml/bind/jaxb-osgi/2.3.0.1/jaxb-osgi-2.3.0.1.jar:/home/tbaral/.m2/repository/org/apache/sling/org.apache.sling.javax.activation/0.1.0/org.apache.sling.javax.activation-0.1.0.jar:/home/tbaral/.m2/repository/javax/activation/activation/1.1.1/activation-1.1.1.jar:/home/tbaral/.m2/repository/com/h2database/h2/2.1.210/h2-2.1.210.jar:./target/classes:./target/test-classes:/home/tbaral/.m2/repository/edu/gmu/swe/flaky/sleepy/sleepy-runner/0.0.4-SNAPSHOT/sleepy-runner-0.0.4-SNAPSHOT.jar' 'edu.gmu.swe.flaky.sleepy.runner.SleepyTestRunner' nl.nlighten.prometheus.tomcat.TomcatServletMetricsFilterTest#testServletRequestMetrics '<1721539164,3>' 'info' 10000 ./sleepy-records/internal/node-nl.nlighten.prometheus.tomcat.TomcatServletMetricsFilterTest#testServletRequestMetrics-0.sleepList
INFO:root:====BEGIN Java Log====
INFO:root:TALANK: args.length: 5
TALANK: args[0]: nl.nlighten.prometheus.tomcat.TomcatServletMetricsFilterTest#testServletRequestMetrics
TALANK: args[1]: <1721539164,3>
TALANK: args[2]: info
TALANK: args[3]: 10000
TALANK: args[4]: ./sleepy-records/internal/node-nl.nlighten.prometheus.tomcat.TomcatServletMetricsFilterTest#testServletRequestMetrics-0.sleepList
TALANK Adding line to sleep at: org/apache/tomcat/util/threads/TaskThread$WrappingRunnable:run:0
TALANK Adding line to sleep at: org/apache/tomcat/util/threads/TaskThread$WrappingRunnable:run:61
TALANK Adding line to sleep at: org/apache/tomcat/util/threads/ThreadPoolExecutor$Worker:run:0
TALANK Adding line to sleep at: org/apache/tomcat/util/threads/ThreadPoolExecutor:runWorker:1170
TALANK Adding line to sleep at: org/apache/tomcat/util/threads/ThreadPoolExecutor:runWorker:1171
TALANK Adding line to sleep at: org/apache/tomcat/util/threads/ThreadPoolExecutor:getTask:1089
TALANK Adding line to sleep at: org/apache/tomcat/util/threads/ThreadPoolExecutor:getTask:1090
TALANK Adding line to sleep at: org/apache/tomcat/util/threads/ThreadPoolExecutor:getTask:1114
TALANK Adding line to sleep at: org/apache/tomcat/util/threads/TaskQueue:take:146
TALANK Adding line to sleep at: org/apache/tomcat/util/threads/ThreadPoolExecutor:decrementWorkerCount:443
TALANK Adding line to sleep at: org/apache/tomcat/util/threads/ThreadPoolExecutor:decrementWorkerCount:444
TALANK Adding line to sleep at: org/apache/tomcat/util/threads/ThreadPoolExecutor:processWorkerExit:1036
TALANK Adding line to sleep at: org/apache/tomcat/util/threads/ThreadPoolExecutor:processWorkerExit:1037
TALANK Adding line to sleep at: org/apache/tomcat/util/threads/ThreadPoolExecutor:processWorkerExit:1041
TALANK Adding line to sleep at: org/apache/tomcat/util/threads/ThreadPoolExecutor:processWorkerExit:1042
TALANK Adding line to sleep at: org/apache/tomcat/util/threads/ThreadPoolExecutor:tryTerminate:738
TALANK Adding line to sleep at: org/apache/tomcat/util/threads/ThreadPoolExecutor:tryTerminate:739
TALANK Adding line to sleep at: org/apache/tomcat/util/threads/ThreadPoolExecutor:interruptIdleWorkers:823
TALANK Adding line to sleep at: org/apache/tomcat/util/threads/ThreadPoolExecutor:interruptIdleWorkers:824
TALANK Adding line to sleep at: org/apache/tomcat/util/threads/ThreadPoolExecutor:interruptIdleWorkers:827
TALANK Adding line to sleep at: org/apache/tomcat/util/threads/ThreadPoolExecutor:interruptIdleWorkers:828
TALANK Adding line to sleep at: org/apache/tomcat/util/threads/ThreadPoolExecutor:interruptIdleWorkers:840
TALANK Adding line to sleep at: org/apache/tomcat/util/threads/ThreadPoolExecutor:interruptIdleWorkers:841
TALANK Adding line to sleep at: org/apache/tomcat/util/threads/ThreadPoolExecutor:processWorkerExit:1046
TALANK Adding line to sleep at: org/apache/tomcat/util/threads/ThreadPoolExecutor:processWorkerExit:1047
TALANK Adding line to sleep at: org/apache/tomcat/util/threads/TaskThread$WrappingRunnable:run:62
TALANK Adding line to sleep at: org/apache/tomcat/util/threads/ThreadPoolExecutor:tryTerminate:750
TALANK Adding line to sleep at: org/apache/tomcat/util/threads/ThreadPoolExecutor:tryTerminate:751
TALANK Adding line to sleep at: org/apache/tomcat/util/threads/ThreadPoolExecutor:tryTerminate:752
TALANK Adding line to sleep at: org/apache/tomcat/util/threads/ThreadPoolExecutor:tryTerminate:753
TALANK Adding line to sleep at: org/apache/tomcat/util/threads/ThreadPoolExecutor:tryTerminate:762
TALANK Adding line to sleep at: org/apache/tomcat/util/threads/ThreadPoolExecutor:tryTerminate:763
TALANK Adding line to sleep at: org/apache/tomcat/util/threads/ThreadPoolExecutor:tryTerminate:756
TALANK Adding line to sleep at: org/apache/tomcat/util/threads/ThreadPoolExecutor:tryTerminate:757
TALANK Adding line to sleep at: org/apache/tomcat/util/threads/ThreadPoolExecutor:tryTerminate:758
TALANK Adding line to sleep at: org/apache/tomcat/util/threads/ThreadPoolExecutor$Worker:tryAcquire:675
TALANK Adding line to sleep at: org/apache/tomcat/util/threads/ThreadPoolExecutor$Worker:tryAcquire:676
TALANK Adding line to sleep at: org/apache/tomcat/util/threads/ThreadPoolExecutor:interruptIdleWorkers:829
TALANK Adding line to sleep at: org/apache/tomcat/util/threads/ThreadPoolExecutor:interruptIdleWorkers:830
********TALANK requesting to junitcore ******: org.junit.internal.requests.FilterRequest@30dae81
May 14, 2025 7:38:05 PM org.apache.catalina.core.StandardService startInternal
INFO: Starting service [Tomcat]
May 14, 2025 7:38:05 PM org.apache.catalina.core.StandardEngine startInternal
INFO: Starting Servlet engine: [Apache Tomcat/9.0.58]
May 14, 2025 7:38:06 PM org.apache.coyote.AbstractProtocol init
INFO: Initializing ProtocolHandler ["http-nio-auto-1"]
May 14, 2025 7:38:06 PM org.apache.coyote.AbstractProtocol start
INFO: Starting ProtocolHandler ["http-nio-auto-1-43165"]
May 14, 2025 7:38:06 PM org.apache.coyote.AbstractProtocol pause
INFO: Pausing ProtocolHandler ["http-nio-auto-1-43165"]
May 14, 2025 7:38:08 PM org.apache.catalina.core.StandardService stopInternal
INFO: Stopping service [Tomcat]
May 14, 2025 7:38:08 PM org.apache.coyote.AbstractProtocol stop
INFO: Stopping ProtocolHandler ["http-nio-auto-1-43165"]
May 14, 2025 7:38:18 PM org.apache.tomcat.util.net.Acceptor stop
WARNING: The acceptor thread [http-nio-auto-1-Acceptor] did not stop cleanly
java.lang.InterruptedException: sleep interrupted
	at java.lang.Thread.sleep(Native Method)
	at edu.gmu.swe.flaky.sleepy.intercept.Wrapper.napTime(Wrapper.java:265)
	at edu.gmu.swe.flaky.sleepy.intercept.Wrapper.extraSleep(Wrapper.java:217)
	at org.apache.tomcat.util.threads.ThreadPoolExecutor.getTask(ThreadPoolExecutor.java:1089)
	at org.apache.tomcat.util.threads.ThreadPoolExecutor.runWorker(ThreadPoolExecutor.java:1176)
	at org.apache.tomcat.util.threads.ThreadPoolExecutor$Worker.run(ThreadPoolExecutor.java:659)
	at org.apache.tomcat.util.threads.TaskThread$WrappingRunnable.run(TaskThread.java:61)
	at java.lang.Thread.run(Thread.java:745)
java.lang.InterruptedException: sleep interrupted
	at java.lang.Thread.sleep(Native Method)
	at edu.gmu.swe.flaky.sleepy.intercept.Wrapper.napTime(Wrapper.java:265)
	at edu.gmu.swe.flaky.sleepy.intercept.Wrapper.extraSleep(Wrapper.java:217)
	at org.apache.tomcat.util.threads.ThreadPoolExecutor.getTask(ThreadPoolExecutor.java:1089)
	at org.apache.tomcat.util.threads.ThreadPoolExecutor.runWorker(ThreadPoolExecutor.java:1176)
	at org.apache.tomcat.util.threads.ThreadPoolExecutor$Worker.run(ThreadPoolExecutor.java:659)
	at org.apache.tomcat.util.threads.TaskThread$WrappingRunnable.run(TaskThread.java:61)
	at java.lang.Thread.run(Thread.java:745)
java.lang.InterruptedException: sleep interrupted
	at java.lang.Thread.sleep(Native Method)
	at edu.gmu.swe.flaky.sleepy.intercept.Wrapper.napTime(Wrapper.java:265)
	at edu.gmu.swe.flaky.sleepy.intercept.Wrapper.extraSleep(Wrapper.java:217)
	at org.apache.tomcat.util.threads.ThreadPoolExecutor.decrementWorkerCount(ThreadPoolExecutor.java:443)
	at org.apache.tomcat.util.threads.ThreadPoolExecutor.getTask(ThreadPoolExecutor.java:1094)
	at org.apache.tomcat.util.threads.ThreadPoolExecutor.runWorker(ThreadPoolExecutor.java:1176)
	at org.apache.tomcat.util.threads.ThreadPoolExecutor$Worker.run(ThreadPoolExecutor.java:659)
	at org.apache.tomcat.util.threads.TaskThread$WrappingRunnable.run(TaskThread.java:61)
	at java.lang.Thread.run(Thread.java:745)
May 14, 2025 7:38:23 PM org.apache.tomcat.util.net.AbstractEndpoint shutdownExecutor
WARNING: The executor associated with thread pool [http-nio-auto-1] has not fully shutdown. Some application threads may still be running.
May 14, 2025 7:38:23 PM org.apache.coyote.AbstractProtocol destroy
INFO: Destroying ProtocolHandler ["http-nio-auto-1-43165"]
TALANKINFO:FromJava:OK

INFO:root:====END Java Log====
INFO:root:Kill all Java processes
INFO:root:Using timeout 102.0 minutes
INFO:root:Running command:
INFO:root:/scratch/tbaral/ase26/nod-rr/NOD-Test-Repair/flakerake/jdk1.8.0_102/bin/java -XX:+ExitOnOutOfMemoryError -Xbootclasspath/p:/home/tbaral/.m2/repository/edu/gmu/swe/flaky/sleepy/sleepy-interceptor/0.0.4-SNAPSHOT/sleepy-interceptor-0.0.4-SNAPSHOT.jar -javaagent:/home/tbaral/.m2/repository/edu/gmu/swe/flaky/sleepy/sleepy-interceptor/0.0.4-SNAPSHOT/sleepy-interceptor-0.0.4-SNAPSHOT.jar   -cp '/home/tbaral/.m2/repository/io/prometheus/simpleclient/0.15.0/simpleclient-0.15.0.jar:/home/tbaral/.m2/repository/io/prometheus/simpleclient_tracer_otel/0.15.0/simpleclient_tracer_otel-0.15.0.jar:/home/tbaral/.m2/repository/io/prometheus/simpleclient_tracer_common/0.15.0/simpleclient_tracer_common-0.15.0.jar:/home/tbaral/.m2/repository/io/prometheus/simpleclient_tracer_otel_agent/0.15.0/simpleclient_tracer_otel_agent-0.15.0.jar:/home/tbaral/.m2/repository/io/prometheus/simpleclient_servlet/0.15.0/simpleclient_servlet-0.15.0.jar:/home/tbaral/.m2/repository/io/prometheus/simpleclient_common/0.15.0/simpleclient_common-0.15.0.jar:/home/tbaral/.m2/repository/io/prometheus/simpleclient_servlet_common/0.15.0/simpleclient_servlet_common-0.15.0.jar:/home/tbaral/.m2/repository/io/prometheus/simpleclient_hotspot/0.15.0/simpleclient_hotspot-0.15.0.jar:/home/tbaral/.m2/repository/org/apache/tomcat/tomcat-catalina/9.0.58/tomcat-catalina-9.0.58.jar:/home/tbaral/.m2/repository/org/apache/tomcat/tomcat-servlet-api/9.0.58/tomcat-servlet-api-9.0.58.jar:/home/tbaral/.m2/repository/org/apache/tomcat/tomcat-jsp-api/9.0.58/tomcat-jsp-api-9.0.58.jar:/home/tbaral/.m2/repository/org/apache/tomcat/tomcat-el-api/9.0.58/tomcat-el-api-9.0.58.jar:/home/tbaral/.m2/repository/org/apache/tomcat/tomcat-juli/9.0.58/tomcat-juli-9.0.58.jar:/home/tbaral/.m2/repository/org/apache/tomcat/tomcat-annotations-api/9.0.58/tomcat-annotations-api-9.0.58.jar:/home/tbaral/.m2/repository/org/apache/tomcat/tomcat-api/9.0.58/tomcat-api-9.0.58.jar:/home/tbaral/.m2/repository/org/apache/tomcat/tomcat-jni/9.0.58/tomcat-jni-9.0.58.jar:/home/tbaral/.m2/repository/org/apache/tomcat/tomcat-coyote/9.0.58/tomcat-coyote-9.0.58.jar:/home/tbaral/.m2/repository/org/apache/tomcat/tomcat-util/9.0.58/tomcat-util-9.0.58.jar:/home/tbaral/.m2/repository/org/apache/tomcat/tomcat-util-scan/9.0.58/tomcat-util-scan-9.0.58.jar:/home/tbaral/.m2/repository/org/apache/tomcat/tomcat-jaspic-api/9.0.58/tomcat-jaspic-api-9.0.58.jar:/home/tbaral/.m2/repository/org/apache/tomcat/tomcat-jdbc/9.0.58/tomcat-jdbc-9.0.58.jar:/home/tbaral/.m2/repository/org/apache/tomcat/tomcat-dbcp/9.0.58/tomcat-dbcp-9.0.58.jar:/home/tbaral/.m2/repository/junit/junit/4.13.1/junit-4.13.1.jar:/home/tbaral/.m2/repository/org/hamcrest/hamcrest-core/1.3/hamcrest-core-1.3.jar:/home/tbaral/.m2/repository/org/apache/tomcat/embed/tomcat-embed-core/9.0.58/tomcat-embed-core-9.0.58.jar:/home/tbaral/.m2/repository/io/rest-assured/rest-assured/4.1.1/rest-assured-4.1.1.jar:/home/tbaral/.m2/repository/org/codehaus/groovy/groovy/2.5.6/groovy-2.5.6.jar:/home/tbaral/.m2/repository/org/codehaus/groovy/groovy-xml/2.5.6/groovy-xml-2.5.6.jar:/home/tbaral/.m2/repository/org/apache/httpcomponents/httpclient/4.5.3/httpclient-4.5.3.jar:/home/tbaral/.m2/repository/org/apache/httpcomponents/httpcore/4.4.6/httpcore-4.4.6.jar:/home/tbaral/.m2/repository/commons-logging/commons-logging/1.2/commons-logging-1.2.jar:/home/tbaral/.m2/repository/commons-codec/commons-codec/1.9/commons-codec-1.9.jar:/home/tbaral/.m2/repository/org/apache/httpcomponents/httpmime/4.5.3/httpmime-4.5.3.jar:/home/tbaral/.m2/repository/org/hamcrest/hamcrest/2.1/hamcrest-2.1.jar:/home/tbaral/.m2/repository/org/ccil/cowan/tagsoup/tagsoup/1.2.1/tagsoup-1.2.1.jar:/home/tbaral/.m2/repository/io/rest-assured/json-path/4.1.1/json-path-4.1.1.jar:/home/tbaral/.m2/repository/org/codehaus/groovy/groovy-json/2.5.6/groovy-json-2.5.6.jar:/home/tbaral/.m2/repository/io/rest-assured/rest-assured-common/4.1.1/rest-assured-common-4.1.1.jar:/home/tbaral/.m2/repository/io/rest-assured/xml-path/4.1.1/xml-path-4.1.1.jar:/home/tbaral/.m2/repository/org/apache/commons/commons-lang3/3.4/commons-lang3-3.4.jar:/home/tbaral/.m2/repository/javax/xml/bind/jaxb-api/2.3.1/jaxb-api-2.3.1.jar:/home/tbaral/.m2/repository/javax/activation/javax.activation-api/1.2.0/javax.activation-api-1.2.0.jar:/home/tbaral/.m2/repository/com/sun/xml/bind/jaxb-osgi/2.3.0.1/jaxb-osgi-2.3.0.1.jar:/home/tbaral/.m2/repository/org/apache/sling/org.apache.sling.javax.activation/0.1.0/org.apache.sling.javax.activation-0.1.0.jar:/home/tbaral/.m2/repository/javax/activation/activation/1.1.1/activation-1.1.1.jar:/home/tbaral/.m2/repository/com/h2database/h2/2.1.210/h2-2.1.210.jar:./target/classes:./target/test-classes:/home/tbaral/.m2/repository/edu/gmu/swe/flaky/sleepy/sleepy-runner/0.0.4-SNAPSHOT/sleepy-runner-0.0.4-SNAPSHOT.jar' 'edu.gmu.swe.flaky.sleepy.runner.SleepyTestRunner' nl.nlighten.prometheus.tomcat.TomcatServletMetricsFilterTest#testServletRequestMetrics '<1721539164,3>' 'info' 10000 ./sleepy-records/internal/node-nl.nlighten.prometheus.tomcat.TomcatServletMetricsFilterTest#testServletRequestMetrics-0.sleepList
INFO:root:====BEGIN Java Log====
INFO:root:TALANK: args.length: 5
TALANK: args[0]: nl.nlighten.prometheus.tomcat.TomcatServletMetricsFilterTest#testServletRequestMetrics
TALANK: args[1]: <1721539164,3>
TALANK: args[2]: info
TALANK: args[3]: 10000
TALANK: args[4]: ./sleepy-records/internal/node-nl.nlighten.prometheus.tomcat.TomcatServletMetricsFilterTest#testServletRequestMetrics-0.sleepList
TALANK Adding line to sleep at: org/apache/tomcat/util/threads/TaskThread$WrappingRunnable:run:0
TALANK Adding line to sleep at: org/apache/tomcat/util/threads/TaskThread$WrappingRunnable:run:61
TALANK Adding line to sleep at: org/apache/tomcat/util/threads/ThreadPoolExecutor$Worker:run:0
TALANK Adding line to sleep at: org/apache/tomcat/util/threads/ThreadPoolExecutor:runWorker:1170
TALANK Adding line to sleep at: org/apache/tomcat/util/threads/ThreadPoolExecutor:runWorker:1171
TALANK Adding line to sleep at: org/apache/tomcat/util/threads/ThreadPoolExecutor:getTask:1089
TALANK Adding line to sleep at: org/apache/tomcat/util/threads/ThreadPoolExecutor:getTask:1090
TALANK Adding line to sleep at: org/apache/tomcat/util/threads/ThreadPoolExecutor:getTask:1114
TALANK Adding line to sleep at: org/apache/tomcat/util/threads/TaskQueue:take:146
TALANK Adding line to sleep at: org/apache/tomcat/util/threads/ThreadPoolExecutor:decrementWorkerCount:443
TALANK Adding line to sleep at: org/apache/tomcat/util/threads/ThreadPoolExecutor:decrementWorkerCount:444
TALANK Adding line to sleep at: org/apache/tomcat/util/threads/ThreadPoolExecutor:processWorkerExit:1036
TALANK Adding line to sleep at: org/apache/tomcat/util/threads/ThreadPoolExecutor:processWorkerExit:1037
TALANK Adding line to sleep at: org/apache/tomcat/util/threads/ThreadPoolExecutor:processWorkerExit:1041
TALANK Adding line to sleep at: org/apache/tomcat/util/threads/ThreadPoolExecutor:processWorkerExit:1042
TALANK Adding line to sleep at: org/apache/tomcat/util/threads/ThreadPoolExecutor:tryTerminate:738
TALANK Adding line to sleep at: org/apache/tomcat/util/threads/ThreadPoolExecutor:tryTerminate:739
TALANK Adding line to sleep at: org/apache/tomcat/util/threads/ThreadPoolExecutor:interruptIdleWorkers:823
TALANK Adding line to sleep at: org/apache/tomcat/util/threads/ThreadPoolExecutor:interruptIdleWorkers:824
TALANK Adding line to sleep at: org/apache/tomcat/util/threads/ThreadPoolExecutor:interruptIdleWorkers:827
TALANK Adding line to sleep at: org/apache/tomcat/util/threads/ThreadPoolExecutor:interruptIdleWorkers:828
TALANK Adding line to sleep at: org/apache/tomcat/util/threads/ThreadPoolExecutor:interruptIdleWorkers:840
TALANK Adding line to sleep at: org/apache/tomcat/util/threads/ThreadPoolExecutor:interruptIdleWorkers:841
TALANK Adding line to sleep at: org/apache/tomcat/util/threads/ThreadPoolExecutor:processWorkerExit:1046
TALANK Adding line to sleep at: org/apache/tomcat/util/threads/ThreadPoolExecutor:processWorkerExit:1047
TALANK Adding line to sleep at: org/apache/tomcat/util/threads/TaskThread$WrappingRunnable:run:62
TALANK Adding line to sleep at: org/apache/tomcat/util/threads/ThreadPoolExecutor:tryTerminate:750
TALANK Adding line to sleep at: org/apache/tomcat/util/threads/ThreadPoolExecutor:tryTerminate:751
TALANK Adding line to sleep at: org/apache/tomcat/util/threads/ThreadPoolExecutor:tryTerminate:752
TALANK Adding line to sleep at: org/apache/tomcat/util/threads/ThreadPoolExecutor:tryTerminate:753
TALANK Adding line to sleep at: org/apache/tomcat/util/threads/ThreadPoolExecutor:tryTerminate:762
TALANK Adding line to sleep at: org/apache/tomcat/util/threads/ThreadPoolExecutor:tryTerminate:763
TALANK Adding line to sleep at: org/apache/tomcat/util/threads/ThreadPoolExecutor:tryTerminate:756
TALANK Adding line to sleep at: org/apache/tomcat/util/threads/ThreadPoolExecutor:tryTerminate:757
TALANK Adding line to sleep at: org/apache/tomcat/util/threads/ThreadPoolExecutor:tryTerminate:758
TALANK Adding line to sleep at: org/apache/tomcat/util/threads/ThreadPoolExecutor$Worker:tryAcquire:675
TALANK Adding line to sleep at: org/apache/tomcat/util/threads/ThreadPoolExecutor$Worker:tryAcquire:676
TALANK Adding line to sleep at: org/apache/tomcat/util/threads/ThreadPoolExecutor:interruptIdleWorkers:829
TALANK Adding line to sleep at: org/apache/tomcat/util/threads/ThreadPoolExecutor:interruptIdleWorkers:830
********TALANK requesting to junitcore ******: org.junit.internal.requests.FilterRequest@30dae81
May 14, 2025 7:38:28 PM org.apache.catalina.core.StandardService startInternal
INFO: Starting service [Tomcat]
May 14, 2025 7:38:28 PM org.apache.catalina.core.StandardEngine startInternal
INFO: Starting Servlet engine: [Apache Tomcat/9.0.58]
May 14, 2025 7:38:29 PM org.apache.coyote.AbstractProtocol init
INFO: Initializing ProtocolHandler ["http-nio-auto-1"]
May 14, 2025 7:38:29 PM org.apache.coyote.AbstractProtocol start
INFO: Starting ProtocolHandler ["http-nio-auto-1-45365"]
May 14, 2025 7:38:29 PM org.apache.coyote.AbstractProtocol pause
INFO: Pausing ProtocolHandler ["http-nio-auto-1-45365"]
May 14, 2025 7:38:31 PM org.apache.catalina.core.StandardService stopInternal
INFO: Stopping service [Tomcat]
May 14, 2025 7:38:31 PM org.apache.coyote.AbstractProtocol stop
INFO: Stopping ProtocolHandler ["http-nio-auto-1-45365"]
May 14, 2025 7:38:41 PM org.apache.tomcat.util.net.Acceptor stop
WARNING: The acceptor thread [http-nio-auto-1-Acceptor] did not stop cleanly
java.lang.InterruptedException: sleep interrupted
	at java.lang.Thread.sleep(Native Method)
	at edu.gmu.swe.flaky.sleepy.intercept.Wrapper.napTime(Wrapper.java:265)
	at edu.gmu.swe.flaky.sleepy.intercept.Wrapper.extraSleep(Wrapper.java:217)
	at org.apache.tomcat.util.threads.ThreadPoolExecutor.getTask(ThreadPoolExecutor.java:1089)
	at org.apache.tomcat.util.threads.ThreadPoolExecutor.runWorker(ThreadPoolExecutor.java:1176)
	at org.apache.tomcat.util.threads.ThreadPoolExecutor$Worker.run(ThreadPoolExecutor.java:659)
	at org.apache.tomcat.util.threads.TaskThread$WrappingRunnable.run(TaskThread.java:61)
	at java.lang.Thread.run(Thread.java:745)
java.lang.InterruptedException: sleep interrupted
	at java.lang.Thread.sleep(Native Method)
	at edu.gmu.swe.flaky.sleepy.intercept.Wrapper.napTime(Wrapper.java:265)
	at edu.gmu.swe.flaky.sleepy.intercept.Wrapper.extraSleep(Wrapper.java:217)
	at org.apache.tomcat.util.threads.ThreadPoolExecutor.getTask(ThreadPoolExecutor.java:1089)
	at org.apache.tomcat.util.threads.ThreadPoolExecutor.runWorker(ThreadPoolExecutor.java:1176)
	at org.apache.tomcat.util.threads.ThreadPoolExecutor$Worker.run(ThreadPoolExecutor.java:659)
	at org.apache.tomcat.util.threads.TaskThread$WrappingRunnable.run(TaskThread.java:61)
	at java.lang.Thread.run(Thread.java:745)
java.lang.InterruptedException: sleep interrupted
	at java.lang.Thread.sleep(Native Method)
	at edu.gmu.swe.flaky.sleepy.intercept.Wrapper.napTime(Wrapper.java:265)
	at edu.gmu.swe.flaky.sleepy.intercept.Wrapper.extraSleep(Wrapper.java:217)
	at org.apache.tomcat.util.threads.ThreadPoolExecutor.decrementWorkerCount(ThreadPoolExecutor.java:443)
	at org.apache.tomcat.util.threads.ThreadPoolExecutor.getTask(ThreadPoolExecutor.java:1094)
	at org.apache.tomcat.util.threads.ThreadPoolExecutor.runWorker(ThreadPoolExecutor.java:1176)
	at org.apache.tomcat.util.threads.ThreadPoolExecutor$Worker.run(ThreadPoolExecutor.java:659)
	at org.apache.tomcat.util.threads.TaskThread$WrappingRunnable.run(TaskThread.java:61)
	at java.lang.Thread.run(Thread.java:745)
java.lang.InterruptedException: sleep interrupted
	at java.lang.Thread.sleep(Native Method)
	at edu.gmu.swe.flaky.sleepy.intercept.Wrapper.napTime(Wrapper.java:265)
	at edu.gmu.swe.flaky.sleepy.intercept.Wrapper.extraSleep(Wrapper.java:217)
	at org.apache.tomcat.util.threads.ThreadPoolExecutor.decrementWorkerCount(ThreadPoolExecutor.java:443)
	at org.apache.tomcat.util.threads.ThreadPoolExecutor.getTask(ThreadPoolExecutor.java:1094)
	at org.apache.tomcat.util.threads.ThreadPoolExecutor.runWorker(ThreadPoolExecutor.java:1176)
	at org.apache.tomcat.util.threads.ThreadPoolExecutor$Worker.run(ThreadPoolExecutor.java:659)
	at org.apache.tomcat.util.threads.TaskThread$WrappingRunnable.run(TaskThread.java:61)
	at java.lang.Thread.run(Thread.java:745)
May 14, 2025 7:38:46 PM org.apache.tomcat.util.net.AbstractEndpoint shutdownExecutor
WARNING: The executor associated with thread pool [http-nio-auto-1] has not fully shutdown. Some application threads may still be running.
May 14, 2025 7:38:46 PM org.apache.coyote.AbstractProtocol destroy
INFO: Destroying ProtocolHandler ["http-nio-auto-1-45365"]
TALANKINFO:FromJava:OK

INFO:root:====END Java Log====
INFO:root:Kill all Java processes
INFO:root:Using timeout 102.0 minutes
INFO:root:Running command:
INFO:root:/scratch/tbaral/ase26/nod-rr/NOD-Test-Repair/flakerake/jdk1.8.0_102/bin/java -XX:+ExitOnOutOfMemoryError -Xbootclasspath/p:/home/tbaral/.m2/repository/edu/gmu/swe/flaky/sleepy/sleepy-interceptor/0.0.4-SNAPSHOT/sleepy-interceptor-0.0.4-SNAPSHOT.jar -javaagent:/home/tbaral/.m2/repository/edu/gmu/swe/flaky/sleepy/sleepy-interceptor/0.0.4-SNAPSHOT/sleepy-interceptor-0.0.4-SNAPSHOT.jar   -cp '/home/tbaral/.m2/repository/io/prometheus/simpleclient/0.15.0/simpleclient-0.15.0.jar:/home/tbaral/.m2/repository/io/prometheus/simpleclient_tracer_otel/0.15.0/simpleclient_tracer_otel-0.15.0.jar:/home/tbaral/.m2/repository/io/prometheus/simpleclient_tracer_common/0.15.0/simpleclient_tracer_common-0.15.0.jar:/home/tbaral/.m2/repository/io/prometheus/simpleclient_tracer_otel_agent/0.15.0/simpleclient_tracer_otel_agent-0.15.0.jar:/home/tbaral/.m2/repository/io/prometheus/simpleclient_servlet/0.15.0/simpleclient_servlet-0.15.0.jar:/home/tbaral/.m2/repository/io/prometheus/simpleclient_common/0.15.0/simpleclient_common-0.15.0.jar:/home/tbaral/.m2/repository/io/prometheus/simpleclient_servlet_common/0.15.0/simpleclient_servlet_common-0.15.0.jar:/home/tbaral/.m2/repository/io/prometheus/simpleclient_hotspot/0.15.0/simpleclient_hotspot-0.15.0.jar:/home/tbaral/.m2/repository/org/apache/tomcat/tomcat-catalina/9.0.58/tomcat-catalina-9.0.58.jar:/home/tbaral/.m2/repository/org/apache/tomcat/tomcat-servlet-api/9.0.58/tomcat-servlet-api-9.0.58.jar:/home/tbaral/.m2/repository/org/apache/tomcat/tomcat-jsp-api/9.0.58/tomcat-jsp-api-9.0.58.jar:/home/tbaral/.m2/repository/org/apache/tomcat/tomcat-el-api/9.0.58/tomcat-el-api-9.0.58.jar:/home/tbaral/.m2/repository/org/apache/tomcat/tomcat-juli/9.0.58/tomcat-juli-9.0.58.jar:/home/tbaral/.m2/repository/org/apache/tomcat/tomcat-annotations-api/9.0.58/tomcat-annotations-api-9.0.58.jar:/home/tbaral/.m2/repository/org/apache/tomcat/tomcat-api/9.0.58/tomcat-api-9.0.58.jar:/home/tbaral/.m2/repository/org/apache/tomcat/tomcat-jni/9.0.58/tomcat-jni-9.0.58.jar:/home/tbaral/.m2/repository/org/apache/tomcat/tomcat-coyote/9.0.58/tomcat-coyote-9.0.58.jar:/home/tbaral/.m2/repository/org/apache/tomcat/tomcat-util/9.0.58/tomcat-util-9.0.58.jar:/home/tbaral/.m2/repository/org/apache/tomcat/tomcat-util-scan/9.0.58/tomcat-util-scan-9.0.58.jar:/home/tbaral/.m2/repository/org/apache/tomcat/tomcat-jaspic-api/9.0.58/tomcat-jaspic-api-9.0.58.jar:/home/tbaral/.m2/repository/org/apache/tomcat/tomcat-jdbc/9.0.58/tomcat-jdbc-9.0.58.jar:/home/tbaral/.m2/repository/org/apache/tomcat/tomcat-dbcp/9.0.58/tomcat-dbcp-9.0.58.jar:/home/tbaral/.m2/repository/junit/junit/4.13.1/junit-4.13.1.jar:/home/tbaral/.m2/repository/org/hamcrest/hamcrest-core/1.3/hamcrest-core-1.3.jar:/home/tbaral/.m2/repository/org/apache/tomcat/embed/tomcat-embed-core/9.0.58/tomcat-embed-core-9.0.58.jar:/home/tbaral/.m2/repository/io/rest-assured/rest-assured/4.1.1/rest-assured-4.1.1.jar:/home/tbaral/.m2/repository/org/codehaus/groovy/groovy/2.5.6/groovy-2.5.6.jar:/home/tbaral/.m2/repository/org/codehaus/groovy/groovy-xml/2.5.6/groovy-xml-2.5.6.jar:/home/tbaral/.m2/repository/org/apache/httpcomponents/httpclient/4.5.3/httpclient-4.5.3.jar:/home/tbaral/.m2/repository/org/apache/httpcomponents/httpcore/4.4.6/httpcore-4.4.6.jar:/home/tbaral/.m2/repository/commons-logging/commons-logging/1.2/commons-logging-1.2.jar:/home/tbaral/.m2/repository/commons-codec/commons-codec/1.9/commons-codec-1.9.jar:/home/tbaral/.m2/repository/org/apache/httpcomponents/httpmime/4.5.3/httpmime-4.5.3.jar:/home/tbaral/.m2/repository/org/hamcrest/hamcrest/2.1/hamcrest-2.1.jar:/home/tbaral/.m2/repository/org/ccil/cowan/tagsoup/tagsoup/1.2.1/tagsoup-1.2.1.jar:/home/tbaral/.m2/repository/io/rest-assured/json-path/4.1.1/json-path-4.1.1.jar:/home/tbaral/.m2/repository/org/codehaus/groovy/groovy-json/2.5.6/groovy-json-2.5.6.jar:/home/tbaral/.m2/repository/io/rest-assured/rest-assured-common/4.1.1/rest-assured-common-4.1.1.jar:/home/tbaral/.m2/repository/io/rest-assured/xml-path/4.1.1/xml-path-4.1.1.jar:/home/tbaral/.m2/repository/org/apache/commons/commons-lang3/3.4/commons-lang3-3.4.jar:/home/tbaral/.m2/repository/javax/xml/bind/jaxb-api/2.3.1/jaxb-api-2.3.1.jar:/home/tbaral/.m2/repository/javax/activation/javax.activation-api/1.2.0/javax.activation-api-1.2.0.jar:/home/tbaral/.m2/repository/com/sun/xml/bind/jaxb-osgi/2.3.0.1/jaxb-osgi-2.3.0.1.jar:/home/tbaral/.m2/repository/org/apache/sling/org.apache.sling.javax.activation/0.1.0/org.apache.sling.javax.activation-0.1.0.jar:/home/tbaral/.m2/repository/javax/activation/activation/1.1.1/activation-1.1.1.jar:/home/tbaral/.m2/repository/com/h2database/h2/2.1.210/h2-2.1.210.jar:./target/classes:./target/test-classes:/home/tbaral/.m2/repository/edu/gmu/swe/flaky/sleepy/sleepy-runner/0.0.4-SNAPSHOT/sleepy-runner-0.0.4-SNAPSHOT.jar' 'edu.gmu.swe.flaky.sleepy.runner.SleepyTestRunner' nl.nlighten.prometheus.tomcat.TomcatServletMetricsFilterTest#testServletRequestMetrics '<1721539164,3>' 'info' 10000 ./sleepy-records/internal/node-nl.nlighten.prometheus.tomcat.TomcatServletMetricsFilterTest#testServletRequestMetrics-0.sleepList
INFO:root:====BEGIN Java Log====
INFO:root:TALANK: args.length: 5
TALANK: args[0]: nl.nlighten.prometheus.tomcat.TomcatServletMetricsFilterTest#testServletRequestMetrics
TALANK: args[1]: <1721539164,3>
TALANK: args[2]: info
TALANK: args[3]: 10000
TALANK: args[4]: ./sleepy-records/internal/node-nl.nlighten.prometheus.tomcat.TomcatServletMetricsFilterTest#testServletRequestMetrics-0.sleepList
TALANK Adding line to sleep at: org/apache/tomcat/util/threads/TaskThread$WrappingRunnable:run:0
TALANK Adding line to sleep at: org/apache/tomcat/util/threads/TaskThread$WrappingRunnable:run:61
TALANK Adding line to sleep at: org/apache/tomcat/util/threads/ThreadPoolExecutor$Worker:run:0
TALANK Adding line to sleep at: org/apache/tomcat/util/threads/ThreadPoolExecutor:runWorker:1170
TALANK Adding line to sleep at: org/apache/tomcat/util/threads/ThreadPoolExecutor:runWorker:1171
TALANK Adding line to sleep at: org/apache/tomcat/util/threads/ThreadPoolExecutor:getTask:1089
TALANK Adding line to sleep at: org/apache/tomcat/util/threads/ThreadPoolExecutor:getTask:1090
TALANK Adding line to sleep at: org/apache/tomcat/util/threads/ThreadPoolExecutor:getTask:1114
TALANK Adding line to sleep at: org/apache/tomcat/util/threads/TaskQueue:take:146
TALANK Adding line to sleep at: org/apache/tomcat/util/threads/ThreadPoolExecutor:decrementWorkerCount:443
TALANK Adding line to sleep at: org/apache/tomcat/util/threads/ThreadPoolExecutor:decrementWorkerCount:444
TALANK Adding line to sleep at: org/apache/tomcat/util/threads/ThreadPoolExecutor:processWorkerExit:1036
TALANK Adding line to sleep at: org/apache/tomcat/util/threads/ThreadPoolExecutor:processWorkerExit:1037
TALANK Adding line to sleep at: org/apache/tomcat/util/threads/ThreadPoolExecutor:processWorkerExit:1041
TALANK Adding line to sleep at: org/apache/tomcat/util/threads/ThreadPoolExecutor:processWorkerExit:1042
TALANK Adding line to sleep at: org/apache/tomcat/util/threads/ThreadPoolExecutor:tryTerminate:738
TALANK Adding line to sleep at: org/apache/tomcat/util/threads/ThreadPoolExecutor:tryTerminate:739
TALANK Adding line to sleep at: org/apache/tomcat/util/threads/ThreadPoolExecutor:interruptIdleWorkers:823
TALANK Adding line to sleep at: org/apache/tomcat/util/threads/ThreadPoolExecutor:interruptIdleWorkers:824
TALANK Adding line to sleep at: org/apache/tomcat/util/threads/ThreadPoolExecutor:interruptIdleWorkers:827
TALANK Adding line to sleep at: org/apache/tomcat/util/threads/ThreadPoolExecutor:interruptIdleWorkers:828
TALANK Adding line to sleep at: org/apache/tomcat/util/threads/ThreadPoolExecutor:interruptIdleWorkers:840
TALANK Adding line to sleep at: org/apache/tomcat/util/threads/ThreadPoolExecutor:interruptIdleWorkers:841
TALANK Adding line to sleep at: org/apache/tomcat/util/threads/ThreadPoolExecutor:processWorkerExit:1046
TALANK Adding line to sleep at: org/apache/tomcat/util/threads/ThreadPoolExecutor:processWorkerExit:1047
TALANK Adding line to sleep at: org/apache/tomcat/util/threads/TaskThread$WrappingRunnable:run:62
TALANK Adding line to sleep at: org/apache/tomcat/util/threads/ThreadPoolExecutor:tryTerminate:750
TALANK Adding line to sleep at: org/apache/tomcat/util/threads/ThreadPoolExecutor:tryTerminate:751
TALANK Adding line to sleep at: org/apache/tomcat/util/threads/ThreadPoolExecutor:tryTerminate:752
TALANK Adding line to sleep at: org/apache/tomcat/util/threads/ThreadPoolExecutor:tryTerminate:753
TALANK Adding line to sleep at: org/apache/tomcat/util/threads/ThreadPoolExecutor:tryTerminate:762
TALANK Adding line to sleep at: org/apache/tomcat/util/threads/ThreadPoolExecutor:tryTerminate:763
TALANK Adding line to sleep at: org/apache/tomcat/util/threads/ThreadPoolExecutor:tryTerminate:756
TALANK Adding line to sleep at: org/apache/tomcat/util/threads/ThreadPoolExecutor:tryTerminate:757
TALANK Adding line to sleep at: org/apache/tomcat/util/threads/ThreadPoolExecutor:tryTerminate:758
TALANK Adding line to sleep at: org/apache/tomcat/util/threads/ThreadPoolExecutor$Worker:tryAcquire:675
TALANK Adding line to sleep at: org/apache/tomcat/util/threads/ThreadPoolExecutor$Worker:tryAcquire:676
TALANK Adding line to sleep at: org/apache/tomcat/util/threads/ThreadPoolExecutor:interruptIdleWorkers:829
TALANK Adding line to sleep at: org/apache/tomcat/util/threads/ThreadPoolExecutor:interruptIdleWorkers:830
********TALANK requesting to junitcore ******: org.junit.internal.requests.FilterRequest@30dae81
May 14, 2025 7:38:51 PM org.apache.catalina.core.StandardService startInternal
INFO: Starting service [Tomcat]
May 14, 2025 7:38:51 PM org.apache.catalina.core.StandardEngine startInternal
INFO: Starting Servlet engine: [Apache Tomcat/9.0.58]
May 14, 2025 7:38:52 PM org.apache.coyote.AbstractProtocol init
INFO: Initializing ProtocolHandler ["http-nio-auto-1"]
May 14, 2025 7:38:52 PM org.apache.coyote.AbstractProtocol start
INFO: Starting ProtocolHandler ["http-nio-auto-1-40719"]
May 14, 2025 7:38:52 PM org.apache.coyote.AbstractProtocol pause
INFO: Pausing ProtocolHandler ["http-nio-auto-1-40719"]
May 14, 2025 7:38:54 PM org.apache.catalina.core.StandardService stopInternal
INFO: Stopping service [Tomcat]
May 14, 2025 7:38:54 PM org.apache.coyote.AbstractProtocol stop
INFO: Stopping ProtocolHandler ["http-nio-auto-1-40719"]
May 14, 2025 7:39:04 PM org.apache.tomcat.util.net.Acceptor stop
WARNING: The acceptor thread [http-nio-auto-1-Acceptor] did not stop cleanly
java.lang.InterruptedException: sleep interrupted
	at java.lang.Thread.sleep(Native Method)
	at edu.gmu.swe.flaky.sleepy.intercept.Wrapper.napTime(Wrapper.java:265)
	at edu.gmu.swe.flaky.sleepy.intercept.Wrapper.extraSleep(Wrapper.java:217)
	at org.apache.tomcat.util.threads.ThreadPoolExecutor.getTask(ThreadPoolExecutor.java:1089)
	at org.apache.tomcat.util.threads.ThreadPoolExecutor.runWorker(ThreadPoolExecutor.java:1176)
	at org.apache.tomcat.util.threads.ThreadPoolExecutor$Worker.run(ThreadPoolExecutor.java:659)
	at org.apache.tomcat.util.threads.TaskThread$WrappingRunnable.run(TaskThread.java:61)
	at java.lang.Thread.run(Thread.java:745)
java.lang.InterruptedException: sleep interrupted
	at java.lang.Thread.sleep(Native Method)
	at edu.gmu.swe.flaky.sleepy.intercept.Wrapper.napTime(Wrapper.java:265)
	at edu.gmu.swe.flaky.sleepy.intercept.Wrapper.extraSleep(Wrapper.java:217)
	at org.apache.tomcat.util.threads.ThreadPoolExecutor.getTask(ThreadPoolExecutor.java:1089)
	at org.apache.tomcat.util.threads.ThreadPoolExecutor.runWorker(ThreadPoolExecutor.java:1176)
	at org.apache.tomcat.util.threads.ThreadPoolExecutor$Worker.run(ThreadPoolExecutor.java:659)
	at org.apache.tomcat.util.threads.TaskThread$WrappingRunnable.run(TaskThread.java:61)
	at java.lang.Thread.run(Thread.java:745)
May 14, 2025 7:39:09 PM org.apache.tomcat.util.net.AbstractEndpoint shutdownExecutor
WARNING: The executor associated with thread pool [http-nio-auto-1] has not fully shutdown. Some application threads may still be running.
May 14, 2025 7:39:09 PM org.apache.coyote.AbstractProtocol destroy
INFO: Destroying ProtocolHandler ["http-nio-auto-1-40719"]
TALANKINFO:FromJava:OK

INFO:root:====END Java Log====
INFO:root:Kill all Java processes
INFO:root:Impossible to make stable failure so skipping <1721539164,3>
INFO:root:Could not fail nl.nlighten.prometheus.tomcat.TomcatServletMetricsFilterTest#testServletRequestMetrics sleeping thread <1721539164,3>
INFO:root:After working thread <1721539164,3>, with 1393.0 minutes left to analyze nl.nlighten.prometheus.tomcat.TomcatServletMetricsFilterTest#testServletRequestMetrics
INFO:root:Starting analysis on thread named <1721539164,4> that is 10 out of 12
INFO:root:Initial list
INFO:root:['org/apache/tomcat/util/threads/TaskThread$WrappingRunnable:run:0\n', 'org/apache/tomcat/util/threads/TaskThread$WrappingRunnable:run:61\n', 'org/apache/tomcat/util/threads/ThreadPoolExecutor$Worker:run:0\n', 'org/apache/tomcat/util/threads/ThreadPoolExecutor:runWorker:1170\n', 'org/apache/tomcat/util/threads/ThreadPoolExecutor:runWorker:1171\n', 'org/apache/tomcat/util/threads/ThreadPoolExecutor:getTask:1089\n', 'org/apache/tomcat/util/threads/ThreadPoolExecutor:getTask:1090\n', 'org/apache/tomcat/util/threads/ThreadPoolExecutor:getTask:1114\n', 'org/apache/tomcat/util/threads/TaskQueue:take:146\n', 'org/apache/tomcat/util/threads/ThreadPoolExecutor:decrementWorkerCount:443\n', 'org/apache/tomcat/util/threads/ThreadPoolExecutor:decrementWorkerCount:444\n', 'org/apache/tomcat/util/threads/ThreadPoolExecutor:processWorkerExit:1036\n', 'org/apache/tomcat/util/threads/ThreadPoolExecutor:processWorkerExit:1037\n', 'org/apache/tomcat/util/threads/ThreadPoolExecutor:processWorkerExit:1041\n', 'org/apache/tomcat/util/threads/ThreadPoolExecutor:processWorkerExit:1042\n', 'org/apache/tomcat/util/threads/ThreadPoolExecutor:tryTerminate:738\n', 'org/apache/tomcat/util/threads/ThreadPoolExecutor:tryTerminate:739\n', 'org/apache/tomcat/util/threads/ThreadPoolExecutor:processWorkerExit:1046\n', 'org/apache/tomcat/util/threads/ThreadPoolExecutor:processWorkerExit:1047\n', 'org/apache/tomcat/util/threads/TaskThread$WrappingRunnable:run:62\n', 'org/apache/tomcat/util/threads/ThreadPoolExecutor:tryTerminate:750\n', 'org/apache/tomcat/util/threads/ThreadPoolExecutor:tryTerminate:751\n', 'org/apache/tomcat/util/threads/ThreadPoolExecutor:tryTerminate:752\n', 'org/apache/tomcat/util/threads/ThreadPoolExecutor:tryTerminate:753\n', 'org/apache/tomcat/util/threads/ThreadPoolExecutor:tryTerminate:762\n', 'org/apache/tomcat/util/threads/ThreadPoolExecutor:tryTerminate:763\n', 'org/apache/tomcat/util/threads/ThreadPoolExecutor:tryTerminate:756\n', 'org/apache/tomcat/util/threads/ThreadPoolExecutor:tryTerminate:757\n', 'org/apache/tomcat/util/threads/ThreadPoolExecutor:tryTerminate:758\n']
INFO:root:Using timeout 78.0 minutes
INFO:root:Running command:
INFO:root:/scratch/tbaral/ase26/nod-rr/NOD-Test-Repair/flakerake/jdk1.8.0_102/bin/java -XX:+ExitOnOutOfMemoryError -Xbootclasspath/p:/home/tbaral/.m2/repository/edu/gmu/swe/flaky/sleepy/sleepy-interceptor/0.0.4-SNAPSHOT/sleepy-interceptor-0.0.4-SNAPSHOT.jar -javaagent:/home/tbaral/.m2/repository/edu/gmu/swe/flaky/sleepy/sleepy-interceptor/0.0.4-SNAPSHOT/sleepy-interceptor-0.0.4-SNAPSHOT.jar   -cp '/home/tbaral/.m2/repository/io/prometheus/simpleclient/0.15.0/simpleclient-0.15.0.jar:/home/tbaral/.m2/repository/io/prometheus/simpleclient_tracer_otel/0.15.0/simpleclient_tracer_otel-0.15.0.jar:/home/tbaral/.m2/repository/io/prometheus/simpleclient_tracer_common/0.15.0/simpleclient_tracer_common-0.15.0.jar:/home/tbaral/.m2/repository/io/prometheus/simpleclient_tracer_otel_agent/0.15.0/simpleclient_tracer_otel_agent-0.15.0.jar:/home/tbaral/.m2/repository/io/prometheus/simpleclient_servlet/0.15.0/simpleclient_servlet-0.15.0.jar:/home/tbaral/.m2/repository/io/prometheus/simpleclient_common/0.15.0/simpleclient_common-0.15.0.jar:/home/tbaral/.m2/repository/io/prometheus/simpleclient_servlet_common/0.15.0/simpleclient_servlet_common-0.15.0.jar:/home/tbaral/.m2/repository/io/prometheus/simpleclient_hotspot/0.15.0/simpleclient_hotspot-0.15.0.jar:/home/tbaral/.m2/repository/org/apache/tomcat/tomcat-catalina/9.0.58/tomcat-catalina-9.0.58.jar:/home/tbaral/.m2/repository/org/apache/tomcat/tomcat-servlet-api/9.0.58/tomcat-servlet-api-9.0.58.jar:/home/tbaral/.m2/repository/org/apache/tomcat/tomcat-jsp-api/9.0.58/tomcat-jsp-api-9.0.58.jar:/home/tbaral/.m2/repository/org/apache/tomcat/tomcat-el-api/9.0.58/tomcat-el-api-9.0.58.jar:/home/tbaral/.m2/repository/org/apache/tomcat/tomcat-juli/9.0.58/tomcat-juli-9.0.58.jar:/home/tbaral/.m2/repository/org/apache/tomcat/tomcat-annotations-api/9.0.58/tomcat-annotations-api-9.0.58.jar:/home/tbaral/.m2/repository/org/apache/tomcat/tomcat-api/9.0.58/tomcat-api-9.0.58.jar:/home/tbaral/.m2/repository/org/apache/tomcat/tomcat-jni/9.0.58/tomcat-jni-9.0.58.jar:/home/tbaral/.m2/repository/org/apache/tomcat/tomcat-coyote/9.0.58/tomcat-coyote-9.0.58.jar:/home/tbaral/.m2/repository/org/apache/tomcat/tomcat-util/9.0.58/tomcat-util-9.0.58.jar:/home/tbaral/.m2/repository/org/apache/tomcat/tomcat-util-scan/9.0.58/tomcat-util-scan-9.0.58.jar:/home/tbaral/.m2/repository/org/apache/tomcat/tomcat-jaspic-api/9.0.58/tomcat-jaspic-api-9.0.58.jar:/home/tbaral/.m2/repository/org/apache/tomcat/tomcat-jdbc/9.0.58/tomcat-jdbc-9.0.58.jar:/home/tbaral/.m2/repository/org/apache/tomcat/tomcat-dbcp/9.0.58/tomcat-dbcp-9.0.58.jar:/home/tbaral/.m2/repository/junit/junit/4.13.1/junit-4.13.1.jar:/home/tbaral/.m2/repository/org/hamcrest/hamcrest-core/1.3/hamcrest-core-1.3.jar:/home/tbaral/.m2/repository/org/apache/tomcat/embed/tomcat-embed-core/9.0.58/tomcat-embed-core-9.0.58.jar:/home/tbaral/.m2/repository/io/rest-assured/rest-assured/4.1.1/rest-assured-4.1.1.jar:/home/tbaral/.m2/repository/org/codehaus/groovy/groovy/2.5.6/groovy-2.5.6.jar:/home/tbaral/.m2/repository/org/codehaus/groovy/groovy-xml/2.5.6/groovy-xml-2.5.6.jar:/home/tbaral/.m2/repository/org/apache/httpcomponents/httpclient/4.5.3/httpclient-4.5.3.jar:/home/tbaral/.m2/repository/org/apache/httpcomponents/httpcore/4.4.6/httpcore-4.4.6.jar:/home/tbaral/.m2/repository/commons-logging/commons-logging/1.2/commons-logging-1.2.jar:/home/tbaral/.m2/repository/commons-codec/commons-codec/1.9/commons-codec-1.9.jar:/home/tbaral/.m2/repository/org/apache/httpcomponents/httpmime/4.5.3/httpmime-4.5.3.jar:/home/tbaral/.m2/repository/org/hamcrest/hamcrest/2.1/hamcrest-2.1.jar:/home/tbaral/.m2/repository/org/ccil/cowan/tagsoup/tagsoup/1.2.1/tagsoup-1.2.1.jar:/home/tbaral/.m2/repository/io/rest-assured/json-path/4.1.1/json-path-4.1.1.jar:/home/tbaral/.m2/repository/org/codehaus/groovy/groovy-json/2.5.6/groovy-json-2.5.6.jar:/home/tbaral/.m2/repository/io/rest-assured/rest-assured-common/4.1.1/rest-assured-common-4.1.1.jar:/home/tbaral/.m2/repository/io/rest-assured/xml-path/4.1.1/xml-path-4.1.1.jar:/home/tbaral/.m2/repository/org/apache/commons/commons-lang3/3.4/commons-lang3-3.4.jar:/home/tbaral/.m2/repository/javax/xml/bind/jaxb-api/2.3.1/jaxb-api-2.3.1.jar:/home/tbaral/.m2/repository/javax/activation/javax.activation-api/1.2.0/javax.activation-api-1.2.0.jar:/home/tbaral/.m2/repository/com/sun/xml/bind/jaxb-osgi/2.3.0.1/jaxb-osgi-2.3.0.1.jar:/home/tbaral/.m2/repository/org/apache/sling/org.apache.sling.javax.activation/0.1.0/org.apache.sling.javax.activation-0.1.0.jar:/home/tbaral/.m2/repository/javax/activation/activation/1.1.1/activation-1.1.1.jar:/home/tbaral/.m2/repository/com/h2database/h2/2.1.210/h2-2.1.210.jar:./target/classes:./target/test-classes:/home/tbaral/.m2/repository/edu/gmu/swe/flaky/sleepy/sleepy-runner/0.0.4-SNAPSHOT/sleepy-runner-0.0.4-SNAPSHOT.jar' 'edu.gmu.swe.flaky.sleepy.runner.SleepyTestRunner' nl.nlighten.prometheus.tomcat.TomcatServletMetricsFilterTest#testServletRequestMetrics '<1721539164,4>' 'info' 10000 ./sleepy-records/internal/node-nl.nlighten.prometheus.tomcat.TomcatServletMetricsFilterTest#testServletRequestMetrics-0.sleepList
INFO:root:====BEGIN Java Log====
INFO:root:TALANK: args.length: 5
TALANK: args[0]: nl.nlighten.prometheus.tomcat.TomcatServletMetricsFilterTest#testServletRequestMetrics
TALANK: args[1]: <1721539164,4>
TALANK: args[2]: info
TALANK: args[3]: 10000
TALANK: args[4]: ./sleepy-records/internal/node-nl.nlighten.prometheus.tomcat.TomcatServletMetricsFilterTest#testServletRequestMetrics-0.sleepList
TALANK Adding line to sleep at: org/apache/tomcat/util/threads/TaskThread$WrappingRunnable:run:0
TALANK Adding line to sleep at: org/apache/tomcat/util/threads/TaskThread$WrappingRunnable:run:61
TALANK Adding line to sleep at: org/apache/tomcat/util/threads/ThreadPoolExecutor$Worker:run:0
TALANK Adding line to sleep at: org/apache/tomcat/util/threads/ThreadPoolExecutor:runWorker:1170
TALANK Adding line to sleep at: org/apache/tomcat/util/threads/ThreadPoolExecutor:runWorker:1171
TALANK Adding line to sleep at: org/apache/tomcat/util/threads/ThreadPoolExecutor:getTask:1089
TALANK Adding line to sleep at: org/apache/tomcat/util/threads/ThreadPoolExecutor:getTask:1090
TALANK Adding line to sleep at: org/apache/tomcat/util/threads/ThreadPoolExecutor:getTask:1114
TALANK Adding line to sleep at: org/apache/tomcat/util/threads/TaskQueue:take:146
TALANK Adding line to sleep at: org/apache/tomcat/util/threads/ThreadPoolExecutor:decrementWorkerCount:443
TALANK Adding line to sleep at: org/apache/tomcat/util/threads/ThreadPoolExecutor:decrementWorkerCount:444
TALANK Adding line to sleep at: org/apache/tomcat/util/threads/ThreadPoolExecutor:processWorkerExit:1036
TALANK Adding line to sleep at: org/apache/tomcat/util/threads/ThreadPoolExecutor:processWorkerExit:1037
TALANK Adding line to sleep at: org/apache/tomcat/util/threads/ThreadPoolExecutor:processWorkerExit:1041
TALANK Adding line to sleep at: org/apache/tomcat/util/threads/ThreadPoolExecutor:processWorkerExit:1042
TALANK Adding line to sleep at: org/apache/tomcat/util/threads/ThreadPoolExecutor:tryTerminate:738
TALANK Adding line to sleep at: org/apache/tomcat/util/threads/ThreadPoolExecutor:tryTerminate:739
TALANK Adding line to sleep at: org/apache/tomcat/util/threads/ThreadPoolExecutor:processWorkerExit:1046
TALANK Adding line to sleep at: org/apache/tomcat/util/threads/ThreadPoolExecutor:processWorkerExit:1047
TALANK Adding line to sleep at: org/apache/tomcat/util/threads/TaskThread$WrappingRunnable:run:62
TALANK Adding line to sleep at: org/apache/tomcat/util/threads/ThreadPoolExecutor:tryTerminate:750
TALANK Adding line to sleep at: org/apache/tomcat/util/threads/ThreadPoolExecutor:tryTerminate:751
TALANK Adding line to sleep at: org/apache/tomcat/util/threads/ThreadPoolExecutor:tryTerminate:752
TALANK Adding line to sleep at: org/apache/tomcat/util/threads/ThreadPoolExecutor:tryTerminate:753
TALANK Adding line to sleep at: org/apache/tomcat/util/threads/ThreadPoolExecutor:tryTerminate:762
TALANK Adding line to sleep at: org/apache/tomcat/util/threads/ThreadPoolExecutor:tryTerminate:763
TALANK Adding line to sleep at: org/apache/tomcat/util/threads/ThreadPoolExecutor:tryTerminate:756
TALANK Adding line to sleep at: org/apache/tomcat/util/threads/ThreadPoolExecutor:tryTerminate:757
TALANK Adding line to sleep at: org/apache/tomcat/util/threads/ThreadPoolExecutor:tryTerminate:758
********TALANK requesting to junitcore ******: org.junit.internal.requests.FilterRequest@30dae81
May 14, 2025 7:39:14 PM org.apache.catalina.core.StandardService startInternal
INFO: Starting service [Tomcat]
May 14, 2025 7:39:14 PM org.apache.catalina.core.StandardEngine startInternal
INFO: Starting Servlet engine: [Apache Tomcat/9.0.58]
May 14, 2025 7:39:15 PM org.apache.coyote.AbstractProtocol init
INFO: Initializing ProtocolHandler ["http-nio-auto-1"]
May 14, 2025 7:39:15 PM org.apache.coyote.AbstractProtocol start
INFO: Starting ProtocolHandler ["http-nio-auto-1-36251"]
May 14, 2025 7:39:15 PM org.apache.coyote.AbstractProtocol pause
INFO: Pausing ProtocolHandler ["http-nio-auto-1-36251"]
May 14, 2025 7:39:17 PM org.apache.catalina.core.StandardService stopInternal
INFO: Stopping service [Tomcat]
May 14, 2025 7:39:17 PM org.apache.coyote.AbstractProtocol stop
INFO: Stopping ProtocolHandler ["http-nio-auto-1-36251"]
May 14, 2025 7:39:27 PM org.apache.tomcat.util.net.Acceptor stop
WARNING: The acceptor thread [http-nio-auto-1-Acceptor] did not stop cleanly
java.lang.InterruptedException: sleep interrupted
	at java.lang.Thread.sleep(Native Method)
	at edu.gmu.swe.flaky.sleepy.intercept.Wrapper.napTime(Wrapper.java:265)
	at edu.gmu.swe.flaky.sleepy.intercept.Wrapper.extraSleep(Wrapper.java:217)
	at org.apache.tomcat.util.threads.ThreadPoolExecutor.getTask(ThreadPoolExecutor.java:1089)
	at org.apache.tomcat.util.threads.ThreadPoolExecutor.runWorker(ThreadPoolExecutor.java:1176)
	at org.apache.tomcat.util.threads.ThreadPoolExecutor$Worker.run(ThreadPoolExecutor.java:659)
	at org.apache.tomcat.util.threads.TaskThread$WrappingRunnable.run(TaskThread.java:61)
	at java.lang.Thread.run(Thread.java:745)
java.lang.InterruptedException: sleep interrupted
	at java.lang.Thread.sleep(Native Method)
	at edu.gmu.swe.flaky.sleepy.intercept.Wrapper.napTime(Wrapper.java:265)
	at edu.gmu.swe.flaky.sleepy.intercept.Wrapper.extraSleep(Wrapper.java:217)
	at org.apache.tomcat.util.threads.ThreadPoolExecutor.getTask(ThreadPoolExecutor.java:1089)
	at org.apache.tomcat.util.threads.ThreadPoolExecutor.runWorker(ThreadPoolExecutor.java:1176)
	at org.apache.tomcat.util.threads.ThreadPoolExecutor$Worker.run(ThreadPoolExecutor.java:659)
	at org.apache.tomcat.util.threads.TaskThread$WrappingRunnable.run(TaskThread.java:61)
	at java.lang.Thread.run(Thread.java:745)
May 14, 2025 7:39:32 PM org.apache.tomcat.util.net.AbstractEndpoint shutdownExecutor
WARNING: The executor associated with thread pool [http-nio-auto-1] has not fully shutdown. Some application threads may still be running.
May 14, 2025 7:39:32 PM org.apache.coyote.AbstractProtocol destroy
INFO: Destroying ProtocolHandler ["http-nio-auto-1-36251"]
TALANKINFO:FromJava:OK

INFO:root:====END Java Log====
INFO:root:Kill all Java processes
INFO:root:Using timeout 78.0 minutes
INFO:root:Running command:
INFO:root:/scratch/tbaral/ase26/nod-rr/NOD-Test-Repair/flakerake/jdk1.8.0_102/bin/java -XX:+ExitOnOutOfMemoryError -Xbootclasspath/p:/home/tbaral/.m2/repository/edu/gmu/swe/flaky/sleepy/sleepy-interceptor/0.0.4-SNAPSHOT/sleepy-interceptor-0.0.4-SNAPSHOT.jar -javaagent:/home/tbaral/.m2/repository/edu/gmu/swe/flaky/sleepy/sleepy-interceptor/0.0.4-SNAPSHOT/sleepy-interceptor-0.0.4-SNAPSHOT.jar   -cp '/home/tbaral/.m2/repository/io/prometheus/simpleclient/0.15.0/simpleclient-0.15.0.jar:/home/tbaral/.m2/repository/io/prometheus/simpleclient_tracer_otel/0.15.0/simpleclient_tracer_otel-0.15.0.jar:/home/tbaral/.m2/repository/io/prometheus/simpleclient_tracer_common/0.15.0/simpleclient_tracer_common-0.15.0.jar:/home/tbaral/.m2/repository/io/prometheus/simpleclient_tracer_otel_agent/0.15.0/simpleclient_tracer_otel_agent-0.15.0.jar:/home/tbaral/.m2/repository/io/prometheus/simpleclient_servlet/0.15.0/simpleclient_servlet-0.15.0.jar:/home/tbaral/.m2/repository/io/prometheus/simpleclient_common/0.15.0/simpleclient_common-0.15.0.jar:/home/tbaral/.m2/repository/io/prometheus/simpleclient_servlet_common/0.15.0/simpleclient_servlet_common-0.15.0.jar:/home/tbaral/.m2/repository/io/prometheus/simpleclient_hotspot/0.15.0/simpleclient_hotspot-0.15.0.jar:/home/tbaral/.m2/repository/org/apache/tomcat/tomcat-catalina/9.0.58/tomcat-catalina-9.0.58.jar:/home/tbaral/.m2/repository/org/apache/tomcat/tomcat-servlet-api/9.0.58/tomcat-servlet-api-9.0.58.jar:/home/tbaral/.m2/repository/org/apache/tomcat/tomcat-jsp-api/9.0.58/tomcat-jsp-api-9.0.58.jar:/home/tbaral/.m2/repository/org/apache/tomcat/tomcat-el-api/9.0.58/tomcat-el-api-9.0.58.jar:/home/tbaral/.m2/repository/org/apache/tomcat/tomcat-juli/9.0.58/tomcat-juli-9.0.58.jar:/home/tbaral/.m2/repository/org/apache/tomcat/tomcat-annotations-api/9.0.58/tomcat-annotations-api-9.0.58.jar:/home/tbaral/.m2/repository/org/apache/tomcat/tomcat-api/9.0.58/tomcat-api-9.0.58.jar:/home/tbaral/.m2/repository/org/apache/tomcat/tomcat-jni/9.0.58/tomcat-jni-9.0.58.jar:/home/tbaral/.m2/repository/org/apache/tomcat/tomcat-coyote/9.0.58/tomcat-coyote-9.0.58.jar:/home/tbaral/.m2/repository/org/apache/tomcat/tomcat-util/9.0.58/tomcat-util-9.0.58.jar:/home/tbaral/.m2/repository/org/apache/tomcat/tomcat-util-scan/9.0.58/tomcat-util-scan-9.0.58.jar:/home/tbaral/.m2/repository/org/apache/tomcat/tomcat-jaspic-api/9.0.58/tomcat-jaspic-api-9.0.58.jar:/home/tbaral/.m2/repository/org/apache/tomcat/tomcat-jdbc/9.0.58/tomcat-jdbc-9.0.58.jar:/home/tbaral/.m2/repository/org/apache/tomcat/tomcat-dbcp/9.0.58/tomcat-dbcp-9.0.58.jar:/home/tbaral/.m2/repository/junit/junit/4.13.1/junit-4.13.1.jar:/home/tbaral/.m2/repository/org/hamcrest/hamcrest-core/1.3/hamcrest-core-1.3.jar:/home/tbaral/.m2/repository/org/apache/tomcat/embed/tomcat-embed-core/9.0.58/tomcat-embed-core-9.0.58.jar:/home/tbaral/.m2/repository/io/rest-assured/rest-assured/4.1.1/rest-assured-4.1.1.jar:/home/tbaral/.m2/repository/org/codehaus/groovy/groovy/2.5.6/groovy-2.5.6.jar:/home/tbaral/.m2/repository/org/codehaus/groovy/groovy-xml/2.5.6/groovy-xml-2.5.6.jar:/home/tbaral/.m2/repository/org/apache/httpcomponents/httpclient/4.5.3/httpclient-4.5.3.jar:/home/tbaral/.m2/repository/org/apache/httpcomponents/httpcore/4.4.6/httpcore-4.4.6.jar:/home/tbaral/.m2/repository/commons-logging/commons-logging/1.2/commons-logging-1.2.jar:/home/tbaral/.m2/repository/commons-codec/commons-codec/1.9/commons-codec-1.9.jar:/home/tbaral/.m2/repository/org/apache/httpcomponents/httpmime/4.5.3/httpmime-4.5.3.jar:/home/tbaral/.m2/repository/org/hamcrest/hamcrest/2.1/hamcrest-2.1.jar:/home/tbaral/.m2/repository/org/ccil/cowan/tagsoup/tagsoup/1.2.1/tagsoup-1.2.1.jar:/home/tbaral/.m2/repository/io/rest-assured/json-path/4.1.1/json-path-4.1.1.jar:/home/tbaral/.m2/repository/org/codehaus/groovy/groovy-json/2.5.6/groovy-json-2.5.6.jar:/home/tbaral/.m2/repository/io/rest-assured/rest-assured-common/4.1.1/rest-assured-common-4.1.1.jar:/home/tbaral/.m2/repository/io/rest-assured/xml-path/4.1.1/xml-path-4.1.1.jar:/home/tbaral/.m2/repository/org/apache/commons/commons-lang3/3.4/commons-lang3-3.4.jar:/home/tbaral/.m2/repository/javax/xml/bind/jaxb-api/2.3.1/jaxb-api-2.3.1.jar:/home/tbaral/.m2/repository/javax/activation/javax.activation-api/1.2.0/javax.activation-api-1.2.0.jar:/home/tbaral/.m2/repository/com/sun/xml/bind/jaxb-osgi/2.3.0.1/jaxb-osgi-2.3.0.1.jar:/home/tbaral/.m2/repository/org/apache/sling/org.apache.sling.javax.activation/0.1.0/org.apache.sling.javax.activation-0.1.0.jar:/home/tbaral/.m2/repository/javax/activation/activation/1.1.1/activation-1.1.1.jar:/home/tbaral/.m2/repository/com/h2database/h2/2.1.210/h2-2.1.210.jar:./target/classes:./target/test-classes:/home/tbaral/.m2/repository/edu/gmu/swe/flaky/sleepy/sleepy-runner/0.0.4-SNAPSHOT/sleepy-runner-0.0.4-SNAPSHOT.jar' 'edu.gmu.swe.flaky.sleepy.runner.SleepyTestRunner' nl.nlighten.prometheus.tomcat.TomcatServletMetricsFilterTest#testServletRequestMetrics '<1721539164,4>' 'info' 10000 ./sleepy-records/internal/node-nl.nlighten.prometheus.tomcat.TomcatServletMetricsFilterTest#testServletRequestMetrics-0.sleepList
INFO:root:====BEGIN Java Log====
INFO:root:TALANK: args.length: 5
TALANK: args[0]: nl.nlighten.prometheus.tomcat.TomcatServletMetricsFilterTest#testServletRequestMetrics
TALANK: args[1]: <1721539164,4>
TALANK: args[2]: info
TALANK: args[3]: 10000
TALANK: args[4]: ./sleepy-records/internal/node-nl.nlighten.prometheus.tomcat.TomcatServletMetricsFilterTest#testServletRequestMetrics-0.sleepList
TALANK Adding line to sleep at: org/apache/tomcat/util/threads/TaskThread$WrappingRunnable:run:0
TALANK Adding line to sleep at: org/apache/tomcat/util/threads/TaskThread$WrappingRunnable:run:61
TALANK Adding line to sleep at: org/apache/tomcat/util/threads/ThreadPoolExecutor$Worker:run:0
TALANK Adding line to sleep at: org/apache/tomcat/util/threads/ThreadPoolExecutor:runWorker:1170
TALANK Adding line to sleep at: org/apache/tomcat/util/threads/ThreadPoolExecutor:runWorker:1171
TALANK Adding line to sleep at: org/apache/tomcat/util/threads/ThreadPoolExecutor:getTask:1089
TALANK Adding line to sleep at: org/apache/tomcat/util/threads/ThreadPoolExecutor:getTask:1090
TALANK Adding line to sleep at: org/apache/tomcat/util/threads/ThreadPoolExecutor:getTask:1114
TALANK Adding line to sleep at: org/apache/tomcat/util/threads/TaskQueue:take:146
TALANK Adding line to sleep at: org/apache/tomcat/util/threads/ThreadPoolExecutor:decrementWorkerCount:443
TALANK Adding line to sleep at: org/apache/tomcat/util/threads/ThreadPoolExecutor:decrementWorkerCount:444
TALANK Adding line to sleep at: org/apache/tomcat/util/threads/ThreadPoolExecutor:processWorkerExit:1036
TALANK Adding line to sleep at: org/apache/tomcat/util/threads/ThreadPoolExecutor:processWorkerExit:1037
TALANK Adding line to sleep at: org/apache/tomcat/util/threads/ThreadPoolExecutor:processWorkerExit:1041
TALANK Adding line to sleep at: org/apache/tomcat/util/threads/ThreadPoolExecutor:processWorkerExit:1042
TALANK Adding line to sleep at: org/apache/tomcat/util/threads/ThreadPoolExecutor:tryTerminate:738
TALANK Adding line to sleep at: org/apache/tomcat/util/threads/ThreadPoolExecutor:tryTerminate:739
TALANK Adding line to sleep at: org/apache/tomcat/util/threads/ThreadPoolExecutor:processWorkerExit:1046
TALANK Adding line to sleep at: org/apache/tomcat/util/threads/ThreadPoolExecutor:processWorkerExit:1047
TALANK Adding line to sleep at: org/apache/tomcat/util/threads/TaskThread$WrappingRunnable:run:62
TALANK Adding line to sleep at: org/apache/tomcat/util/threads/ThreadPoolExecutor:tryTerminate:750
TALANK Adding line to sleep at: org/apache/tomcat/util/threads/ThreadPoolExecutor:tryTerminate:751
TALANK Adding line to sleep at: org/apache/tomcat/util/threads/ThreadPoolExecutor:tryTerminate:752
TALANK Adding line to sleep at: org/apache/tomcat/util/threads/ThreadPoolExecutor:tryTerminate:753
TALANK Adding line to sleep at: org/apache/tomcat/util/threads/ThreadPoolExecutor:tryTerminate:762
TALANK Adding line to sleep at: org/apache/tomcat/util/threads/ThreadPoolExecutor:tryTerminate:763
TALANK Adding line to sleep at: org/apache/tomcat/util/threads/ThreadPoolExecutor:tryTerminate:756
TALANK Adding line to sleep at: org/apache/tomcat/util/threads/ThreadPoolExecutor:tryTerminate:757
TALANK Adding line to sleep at: org/apache/tomcat/util/threads/ThreadPoolExecutor:tryTerminate:758
********TALANK requesting to junitcore ******: org.junit.internal.requests.FilterRequest@30dae81
May 14, 2025 7:39:37 PM org.apache.catalina.core.StandardService startInternal
INFO: Starting service [Tomcat]
May 14, 2025 7:39:37 PM org.apache.catalina.core.StandardEngine startInternal
INFO: Starting Servlet engine: [Apache Tomcat/9.0.58]
May 14, 2025 7:39:38 PM org.apache.coyote.AbstractProtocol init
INFO: Initializing ProtocolHandler ["http-nio-auto-1"]
May 14, 2025 7:39:38 PM org.apache.coyote.AbstractProtocol start
INFO: Starting ProtocolHandler ["http-nio-auto-1-39533"]
May 14, 2025 7:39:38 PM org.apache.coyote.AbstractProtocol pause
INFO: Pausing ProtocolHandler ["http-nio-auto-1-39533"]
May 14, 2025 7:39:40 PM org.apache.catalina.core.StandardService stopInternal
INFO: Stopping service [Tomcat]
May 14, 2025 7:39:40 PM org.apache.coyote.AbstractProtocol stop
INFO: Stopping ProtocolHandler ["http-nio-auto-1-39533"]
May 14, 2025 7:39:50 PM org.apache.tomcat.util.net.Acceptor stop
WARNING: The acceptor thread [http-nio-auto-1-Acceptor] did not stop cleanly
java.lang.InterruptedException: sleep interrupted
	at java.lang.Thread.sleep(Native Method)
	at edu.gmu.swe.flaky.sleepy.intercept.Wrapper.napTime(Wrapper.java:265)
	at edu.gmu.swe.flaky.sleepy.intercept.Wrapper.extraSleep(Wrapper.java:217)
	at org.apache.tomcat.util.threads.ThreadPoolExecutor.getTask(ThreadPoolExecutor.java:1089)
	at org.apache.tomcat.util.threads.ThreadPoolExecutor.runWorker(ThreadPoolExecutor.java:1176)
	at org.apache.tomcat.util.threads.ThreadPoolExecutor$Worker.run(ThreadPoolExecutor.java:659)
	at org.apache.tomcat.util.threads.TaskThread$WrappingRunnable.run(TaskThread.java:61)
	at java.lang.Thread.run(Thread.java:745)
java.lang.InterruptedException: sleep interrupted
	at java.lang.Thread.sleep(Native Method)
	at edu.gmu.swe.flaky.sleepy.intercept.Wrapper.napTime(Wrapper.java:265)
	at edu.gmu.swe.flaky.sleepy.intercept.Wrapper.extraSleep(Wrapper.java:217)
	at org.apache.tomcat.util.threads.ThreadPoolExecutor.getTask(ThreadPoolExecutor.java:1089)
	at org.apache.tomcat.util.threads.ThreadPoolExecutor.runWorker(ThreadPoolExecutor.java:1176)
	at org.apache.tomcat.util.threads.ThreadPoolExecutor$Worker.run(ThreadPoolExecutor.java:659)
	at org.apache.tomcat.util.threads.TaskThread$WrappingRunnable.run(TaskThread.java:61)
	at java.lang.Thread.run(Thread.java:745)
java.lang.InterruptedException: sleep interrupted
	at java.lang.Thread.sleep(Native Method)
	at edu.gmu.swe.flaky.sleepy.intercept.Wrapper.napTime(Wrapper.java:265)
	at edu.gmu.swe.flaky.sleepy.intercept.Wrapper.extraSleep(Wrapper.java:217)
	at org.apache.tomcat.util.threads.ThreadPoolExecutor.decrementWorkerCount(ThreadPoolExecutor.java:443)
	at org.apache.tomcat.util.threads.ThreadPoolExecutor.getTask(ThreadPoolExecutor.java:1094)
	at org.apache.tomcat.util.threads.ThreadPoolExecutor.runWorker(ThreadPoolExecutor.java:1176)
	at org.apache.tomcat.util.threads.ThreadPoolExecutor$Worker.run(ThreadPoolExecutor.java:659)
	at org.apache.tomcat.util.threads.TaskThread$WrappingRunnable.run(TaskThread.java:61)
	at java.lang.Thread.run(Thread.java:745)
May 14, 2025 7:39:55 PM org.apache.tomcat.util.net.AbstractEndpoint shutdownExecutor
WARNING: The executor associated with thread pool [http-nio-auto-1] has not fully shutdown. Some application threads may still be running.
May 14, 2025 7:39:55 PM org.apache.coyote.AbstractProtocol destroy
INFO: Destroying ProtocolHandler ["http-nio-auto-1-39533"]
TALANKINFO:FromJava:OK

INFO:root:====END Java Log====
INFO:root:Kill all Java processes
INFO:root:Using timeout 78.0 minutes
INFO:root:Running command:
INFO:root:/scratch/tbaral/ase26/nod-rr/NOD-Test-Repair/flakerake/jdk1.8.0_102/bin/java -XX:+ExitOnOutOfMemoryError -Xbootclasspath/p:/home/tbaral/.m2/repository/edu/gmu/swe/flaky/sleepy/sleepy-interceptor/0.0.4-SNAPSHOT/sleepy-interceptor-0.0.4-SNAPSHOT.jar -javaagent:/home/tbaral/.m2/repository/edu/gmu/swe/flaky/sleepy/sleepy-interceptor/0.0.4-SNAPSHOT/sleepy-interceptor-0.0.4-SNAPSHOT.jar   -cp '/home/tbaral/.m2/repository/io/prometheus/simpleclient/0.15.0/simpleclient-0.15.0.jar:/home/tbaral/.m2/repository/io/prometheus/simpleclient_tracer_otel/0.15.0/simpleclient_tracer_otel-0.15.0.jar:/home/tbaral/.m2/repository/io/prometheus/simpleclient_tracer_common/0.15.0/simpleclient_tracer_common-0.15.0.jar:/home/tbaral/.m2/repository/io/prometheus/simpleclient_tracer_otel_agent/0.15.0/simpleclient_tracer_otel_agent-0.15.0.jar:/home/tbaral/.m2/repository/io/prometheus/simpleclient_servlet/0.15.0/simpleclient_servlet-0.15.0.jar:/home/tbaral/.m2/repository/io/prometheus/simpleclient_common/0.15.0/simpleclient_common-0.15.0.jar:/home/tbaral/.m2/repository/io/prometheus/simpleclient_servlet_common/0.15.0/simpleclient_servlet_common-0.15.0.jar:/home/tbaral/.m2/repository/io/prometheus/simpleclient_hotspot/0.15.0/simpleclient_hotspot-0.15.0.jar:/home/tbaral/.m2/repository/org/apache/tomcat/tomcat-catalina/9.0.58/tomcat-catalina-9.0.58.jar:/home/tbaral/.m2/repository/org/apache/tomcat/tomcat-servlet-api/9.0.58/tomcat-servlet-api-9.0.58.jar:/home/tbaral/.m2/repository/org/apache/tomcat/tomcat-jsp-api/9.0.58/tomcat-jsp-api-9.0.58.jar:/home/tbaral/.m2/repository/org/apache/tomcat/tomcat-el-api/9.0.58/tomcat-el-api-9.0.58.jar:/home/tbaral/.m2/repository/org/apache/tomcat/tomcat-juli/9.0.58/tomcat-juli-9.0.58.jar:/home/tbaral/.m2/repository/org/apache/tomcat/tomcat-annotations-api/9.0.58/tomcat-annotations-api-9.0.58.jar:/home/tbaral/.m2/repository/org/apache/tomcat/tomcat-api/9.0.58/tomcat-api-9.0.58.jar:/home/tbaral/.m2/repository/org/apache/tomcat/tomcat-jni/9.0.58/tomcat-jni-9.0.58.jar:/home/tbaral/.m2/repository/org/apache/tomcat/tomcat-coyote/9.0.58/tomcat-coyote-9.0.58.jar:/home/tbaral/.m2/repository/org/apache/tomcat/tomcat-util/9.0.58/tomcat-util-9.0.58.jar:/home/tbaral/.m2/repository/org/apache/tomcat/tomcat-util-scan/9.0.58/tomcat-util-scan-9.0.58.jar:/home/tbaral/.m2/repository/org/apache/tomcat/tomcat-jaspic-api/9.0.58/tomcat-jaspic-api-9.0.58.jar:/home/tbaral/.m2/repository/org/apache/tomcat/tomcat-jdbc/9.0.58/tomcat-jdbc-9.0.58.jar:/home/tbaral/.m2/repository/org/apache/tomcat/tomcat-dbcp/9.0.58/tomcat-dbcp-9.0.58.jar:/home/tbaral/.m2/repository/junit/junit/4.13.1/junit-4.13.1.jar:/home/tbaral/.m2/repository/org/hamcrest/hamcrest-core/1.3/hamcrest-core-1.3.jar:/home/tbaral/.m2/repository/org/apache/tomcat/embed/tomcat-embed-core/9.0.58/tomcat-embed-core-9.0.58.jar:/home/tbaral/.m2/repository/io/rest-assured/rest-assured/4.1.1/rest-assured-4.1.1.jar:/home/tbaral/.m2/repository/org/codehaus/groovy/groovy/2.5.6/groovy-2.5.6.jar:/home/tbaral/.m2/repository/org/codehaus/groovy/groovy-xml/2.5.6/groovy-xml-2.5.6.jar:/home/tbaral/.m2/repository/org/apache/httpcomponents/httpclient/4.5.3/httpclient-4.5.3.jar:/home/tbaral/.m2/repository/org/apache/httpcomponents/httpcore/4.4.6/httpcore-4.4.6.jar:/home/tbaral/.m2/repository/commons-logging/commons-logging/1.2/commons-logging-1.2.jar:/home/tbaral/.m2/repository/commons-codec/commons-codec/1.9/commons-codec-1.9.jar:/home/tbaral/.m2/repository/org/apache/httpcomponents/httpmime/4.5.3/httpmime-4.5.3.jar:/home/tbaral/.m2/repository/org/hamcrest/hamcrest/2.1/hamcrest-2.1.jar:/home/tbaral/.m2/repository/org/ccil/cowan/tagsoup/tagsoup/1.2.1/tagsoup-1.2.1.jar:/home/tbaral/.m2/repository/io/rest-assured/json-path/4.1.1/json-path-4.1.1.jar:/home/tbaral/.m2/repository/org/codehaus/groovy/groovy-json/2.5.6/groovy-json-2.5.6.jar:/home/tbaral/.m2/repository/io/rest-assured/rest-assured-common/4.1.1/rest-assured-common-4.1.1.jar:/home/tbaral/.m2/repository/io/rest-assured/xml-path/4.1.1/xml-path-4.1.1.jar:/home/tbaral/.m2/repository/org/apache/commons/commons-lang3/3.4/commons-lang3-3.4.jar:/home/tbaral/.m2/repository/javax/xml/bind/jaxb-api/2.3.1/jaxb-api-2.3.1.jar:/home/tbaral/.m2/repository/javax/activation/javax.activation-api/1.2.0/javax.activation-api-1.2.0.jar:/home/tbaral/.m2/repository/com/sun/xml/bind/jaxb-osgi/2.3.0.1/jaxb-osgi-2.3.0.1.jar:/home/tbaral/.m2/repository/org/apache/sling/org.apache.sling.javax.activation/0.1.0/org.apache.sling.javax.activation-0.1.0.jar:/home/tbaral/.m2/repository/javax/activation/activation/1.1.1/activation-1.1.1.jar:/home/tbaral/.m2/repository/com/h2database/h2/2.1.210/h2-2.1.210.jar:./target/classes:./target/test-classes:/home/tbaral/.m2/repository/edu/gmu/swe/flaky/sleepy/sleepy-runner/0.0.4-SNAPSHOT/sleepy-runner-0.0.4-SNAPSHOT.jar' 'edu.gmu.swe.flaky.sleepy.runner.SleepyTestRunner' nl.nlighten.prometheus.tomcat.TomcatServletMetricsFilterTest#testServletRequestMetrics '<1721539164,4>' 'info' 10000 ./sleepy-records/internal/node-nl.nlighten.prometheus.tomcat.TomcatServletMetricsFilterTest#testServletRequestMetrics-0.sleepList
INFO:root:====BEGIN Java Log====
INFO:root:TALANK: args.length: 5
TALANK: args[0]: nl.nlighten.prometheus.tomcat.TomcatServletMetricsFilterTest#testServletRequestMetrics
TALANK: args[1]: <1721539164,4>
TALANK: args[2]: info
TALANK: args[3]: 10000
TALANK: args[4]: ./sleepy-records/internal/node-nl.nlighten.prometheus.tomcat.TomcatServletMetricsFilterTest#testServletRequestMetrics-0.sleepList
TALANK Adding line to sleep at: org/apache/tomcat/util/threads/TaskThread$WrappingRunnable:run:0
TALANK Adding line to sleep at: org/apache/tomcat/util/threads/TaskThread$WrappingRunnable:run:61
TALANK Adding line to sleep at: org/apache/tomcat/util/threads/ThreadPoolExecutor$Worker:run:0
TALANK Adding line to sleep at: org/apache/tomcat/util/threads/ThreadPoolExecutor:runWorker:1170
TALANK Adding line to sleep at: org/apache/tomcat/util/threads/ThreadPoolExecutor:runWorker:1171
TALANK Adding line to sleep at: org/apache/tomcat/util/threads/ThreadPoolExecutor:getTask:1089
TALANK Adding line to sleep at: org/apache/tomcat/util/threads/ThreadPoolExecutor:getTask:1090
TALANK Adding line to sleep at: org/apache/tomcat/util/threads/ThreadPoolExecutor:getTask:1114
TALANK Adding line to sleep at: org/apache/tomcat/util/threads/TaskQueue:take:146
TALANK Adding line to sleep at: org/apache/tomcat/util/threads/ThreadPoolExecutor:decrementWorkerCount:443
TALANK Adding line to sleep at: org/apache/tomcat/util/threads/ThreadPoolExecutor:decrementWorkerCount:444
TALANK Adding line to sleep at: org/apache/tomcat/util/threads/ThreadPoolExecutor:processWorkerExit:1036
TALANK Adding line to sleep at: org/apache/tomcat/util/threads/ThreadPoolExecutor:processWorkerExit:1037
TALANK Adding line to sleep at: org/apache/tomcat/util/threads/ThreadPoolExecutor:processWorkerExit:1041
TALANK Adding line to sleep at: org/apache/tomcat/util/threads/ThreadPoolExecutor:processWorkerExit:1042
TALANK Adding line to sleep at: org/apache/tomcat/util/threads/ThreadPoolExecutor:tryTerminate:738
TALANK Adding line to sleep at: org/apache/tomcat/util/threads/ThreadPoolExecutor:tryTerminate:739
TALANK Adding line to sleep at: org/apache/tomcat/util/threads/ThreadPoolExecutor:processWorkerExit:1046
TALANK Adding line to sleep at: org/apache/tomcat/util/threads/ThreadPoolExecutor:processWorkerExit:1047
TALANK Adding line to sleep at: org/apache/tomcat/util/threads/TaskThread$WrappingRunnable:run:62
TALANK Adding line to sleep at: org/apache/tomcat/util/threads/ThreadPoolExecutor:tryTerminate:750
TALANK Adding line to sleep at: org/apache/tomcat/util/threads/ThreadPoolExecutor:tryTerminate:751
TALANK Adding line to sleep at: org/apache/tomcat/util/threads/ThreadPoolExecutor:tryTerminate:752
TALANK Adding line to sleep at: org/apache/tomcat/util/threads/ThreadPoolExecutor:tryTerminate:753
TALANK Adding line to sleep at: org/apache/tomcat/util/threads/ThreadPoolExecutor:tryTerminate:762
TALANK Adding line to sleep at: org/apache/tomcat/util/threads/ThreadPoolExecutor:tryTerminate:763
TALANK Adding line to sleep at: org/apache/tomcat/util/threads/ThreadPoolExecutor:tryTerminate:756
TALANK Adding line to sleep at: org/apache/tomcat/util/threads/ThreadPoolExecutor:tryTerminate:757
TALANK Adding line to sleep at: org/apache/tomcat/util/threads/ThreadPoolExecutor:tryTerminate:758
********TALANK requesting to junitcore ******: org.junit.internal.requests.FilterRequest@30dae81
May 14, 2025 7:40:00 PM org.apache.catalina.core.StandardService startInternal
INFO: Starting service [Tomcat]
May 14, 2025 7:40:00 PM org.apache.catalina.core.StandardEngine startInternal
INFO: Starting Servlet engine: [Apache Tomcat/9.0.58]
May 14, 2025 7:40:01 PM org.apache.coyote.AbstractProtocol init
INFO: Initializing ProtocolHandler ["http-nio-auto-1"]
May 14, 2025 7:40:01 PM org.apache.coyote.AbstractProtocol start
INFO: Starting ProtocolHandler ["http-nio-auto-1-39535"]
May 14, 2025 7:40:01 PM org.apache.coyote.AbstractProtocol pause
INFO: Pausing ProtocolHandler ["http-nio-auto-1-39535"]
May 14, 2025 7:40:03 PM org.apache.catalina.core.StandardService stopInternal
INFO: Stopping service [Tomcat]
May 14, 2025 7:40:03 PM org.apache.coyote.AbstractProtocol stop
INFO: Stopping ProtocolHandler ["http-nio-auto-1-39535"]
May 14, 2025 7:40:13 PM org.apache.tomcat.util.net.Acceptor stop
WARNING: The acceptor thread [http-nio-auto-1-Acceptor] did not stop cleanly
java.lang.InterruptedException: sleep interrupted
	at java.lang.Thread.sleep(Native Method)
	at edu.gmu.swe.flaky.sleepy.intercept.Wrapper.napTime(Wrapper.java:265)
	at edu.gmu.swe.flaky.sleepy.intercept.Wrapper.extraSleep(Wrapper.java:217)
	at org.apache.tomcat.util.threads.ThreadPoolExecutor.getTask(ThreadPoolExecutor.java:1089)
	at org.apache.tomcat.util.threads.ThreadPoolExecutor.runWorker(ThreadPoolExecutor.java:1176)
	at org.apache.tomcat.util.threads.ThreadPoolExecutor$Worker.run(ThreadPoolExecutor.java:659)
	at org.apache.tomcat.util.threads.TaskThread$WrappingRunnable.run(TaskThread.java:61)
	at java.lang.Thread.run(Thread.java:745)
java.lang.InterruptedException: sleep interrupted
	at java.lang.Thread.sleep(Native Method)
	at edu.gmu.swe.flaky.sleepy.intercept.Wrapper.napTime(Wrapper.java:265)
	at edu.gmu.swe.flaky.sleepy.intercept.Wrapper.extraSleep(Wrapper.java:217)
	at org.apache.tomcat.util.threads.ThreadPoolExecutor.getTask(ThreadPoolExecutor.java:1089)
	at org.apache.tomcat.util.threads.ThreadPoolExecutor.runWorker(ThreadPoolExecutor.java:1176)
	at org.apache.tomcat.util.threads.ThreadPoolExecutor$Worker.run(ThreadPoolExecutor.java:659)
	at org.apache.tomcat.util.threads.TaskThread$WrappingRunnable.run(TaskThread.java:61)
	at java.lang.Thread.run(Thread.java:745)
java.lang.InterruptedException: sleep interrupted
	at java.lang.Thread.sleep(Native Method)
	at edu.gmu.swe.flaky.sleepy.intercept.Wrapper.napTime(Wrapper.java:265)
	at edu.gmu.swe.flaky.sleepy.intercept.Wrapper.extraSleep(Wrapper.java:217)
	at org.apache.tomcat.util.threads.ThreadPoolExecutor.decrementWorkerCount(ThreadPoolExecutor.java:443)
	at org.apache.tomcat.util.threads.ThreadPoolExecutor.getTask(ThreadPoolExecutor.java:1094)
	at org.apache.tomcat.util.threads.ThreadPoolExecutor.runWorker(ThreadPoolExecutor.java:1176)
	at org.apache.tomcat.util.threads.ThreadPoolExecutor$Worker.run(ThreadPoolExecutor.java:659)
	at org.apache.tomcat.util.threads.TaskThread$WrappingRunnable.run(TaskThread.java:61)
	at java.lang.Thread.run(Thread.java:745)
May 14, 2025 7:40:18 PM org.apache.tomcat.util.net.AbstractEndpoint shutdownExecutor
WARNING: The executor associated with thread pool [http-nio-auto-1] has not fully shutdown. Some application threads may still be running.
May 14, 2025 7:40:18 PM org.apache.coyote.AbstractProtocol destroy
INFO: Destroying ProtocolHandler ["http-nio-auto-1-39535"]
TALANKINFO:FromJava:OK

INFO:root:====END Java Log====
INFO:root:Kill all Java processes
INFO:root:Impossible to make stable failure so skipping <1721539164,4>
INFO:root:Could not fail nl.nlighten.prometheus.tomcat.TomcatServletMetricsFilterTest#testServletRequestMetrics sleeping thread <1721539164,4>
INFO:root:After working thread <1721539164,4>, with 1392.0 minutes left to analyze nl.nlighten.prometheus.tomcat.TomcatServletMetricsFilterTest#testServletRequestMetrics
INFO:root:Starting analysis on thread named <2017791866,1> that is 11 out of 12
INFO:root:Initial list
INFO:root:['org/apache/tomcat/util/net/Acceptor:run:0\n', 'org/apache/tomcat/util/threads/LimitLatch$Sync:tryAcquireShared:43\n', 'org/apache/tomcat/util/threads/LimitLatch$Sync:tryAcquireShared:44\n', 'org/apache/tomcat/util/net/NioEndpoint:serverSocketAccept:545\n', 'org/apache/tomcat/util/net/NioEndpoint:serverSocketAccept:546\n', 'org/apache/tomcat/util/net/NioEndpoint:serverSocketAccept:547\n', 'org/apache/tomcat/util/collections/SynchronizedStack:pop:0\n', 'org/apache/tomcat/util/collections/SynchronizedStack:pop:76\n', 'org/apache/tomcat/util/net/SocketBufferHandler:<init>:58\n', 'org/apache/tomcat/util/net/SocketBufferHandler:<init>:59\n', 'org/apache/tomcat/util/net/SocketBufferHandler:<init>:60\n', 'org/apache/tomcat/util/res/StringManager:getManager:0\n', 'org/apache/tomcat/util/res/StringManager:getManager:266\n', 'org/apache/tomcat/util/net/NioChannel:<clinit>:39\n', 'org/apache/tomcat/util/net/NioChannel:<clinit>:40\n', 'org/apache/tomcat/util/net/NioEndpoint$NioSocketWrapper:<init>:1118\n', 'org/apache/tomcat/util/net/NioEndpoint$NioSocketWrapper:<init>:1119\n', 'org/apache/tomcat/util/net/NioEndpoint:setSocketOptions:500\n', 'org/apache/tomcat/util/net/NioEndpoint:setSocketOptions:501\n', 'org/apache/tomcat/util/collections/SynchronizedQueue:offer:0\n', 'org/apache/tomcat/util/collections/SynchronizedQueue:offer:57\n', 'org/apache/tomcat/util/net/NioEndpoint$Poller:addEvent:644\n', 'org/apache/tomcat/util/net/NioEndpoint$Poller:addEvent:645\n', 'org/apache/tomcat/util/net/NioEndpoint$Poller:addEvent:646\n', 'org/apache/tomcat/util/net/Acceptor:run:176\n', 'org/apache/tomcat/util/net/Acceptor:run:177\n', 'org/apache/tomcat/util/net/Acceptor:run:102\n', 'org/apache/tomcat/util/net/Acceptor:run:103\n', 'org/apache/tomcat/util/net/Acceptor:run:100\n', 'org/apache/tomcat/util/net/Acceptor:run:101\n']
INFO:root:Using timeout 81.0 minutes
INFO:root:Running command:
INFO:root:/scratch/tbaral/ase26/nod-rr/NOD-Test-Repair/flakerake/jdk1.8.0_102/bin/java -XX:+ExitOnOutOfMemoryError -Xbootclasspath/p:/home/tbaral/.m2/repository/edu/gmu/swe/flaky/sleepy/sleepy-interceptor/0.0.4-SNAPSHOT/sleepy-interceptor-0.0.4-SNAPSHOT.jar -javaagent:/home/tbaral/.m2/repository/edu/gmu/swe/flaky/sleepy/sleepy-interceptor/0.0.4-SNAPSHOT/sleepy-interceptor-0.0.4-SNAPSHOT.jar   -cp '/home/tbaral/.m2/repository/io/prometheus/simpleclient/0.15.0/simpleclient-0.15.0.jar:/home/tbaral/.m2/repository/io/prometheus/simpleclient_tracer_otel/0.15.0/simpleclient_tracer_otel-0.15.0.jar:/home/tbaral/.m2/repository/io/prometheus/simpleclient_tracer_common/0.15.0/simpleclient_tracer_common-0.15.0.jar:/home/tbaral/.m2/repository/io/prometheus/simpleclient_tracer_otel_agent/0.15.0/simpleclient_tracer_otel_agent-0.15.0.jar:/home/tbaral/.m2/repository/io/prometheus/simpleclient_servlet/0.15.0/simpleclient_servlet-0.15.0.jar:/home/tbaral/.m2/repository/io/prometheus/simpleclient_common/0.15.0/simpleclient_common-0.15.0.jar:/home/tbaral/.m2/repository/io/prometheus/simpleclient_servlet_common/0.15.0/simpleclient_servlet_common-0.15.0.jar:/home/tbaral/.m2/repository/io/prometheus/simpleclient_hotspot/0.15.0/simpleclient_hotspot-0.15.0.jar:/home/tbaral/.m2/repository/org/apache/tomcat/tomcat-catalina/9.0.58/tomcat-catalina-9.0.58.jar:/home/tbaral/.m2/repository/org/apache/tomcat/tomcat-servlet-api/9.0.58/tomcat-servlet-api-9.0.58.jar:/home/tbaral/.m2/repository/org/apache/tomcat/tomcat-jsp-api/9.0.58/tomcat-jsp-api-9.0.58.jar:/home/tbaral/.m2/repository/org/apache/tomcat/tomcat-el-api/9.0.58/tomcat-el-api-9.0.58.jar:/home/tbaral/.m2/repository/org/apache/tomcat/tomcat-juli/9.0.58/tomcat-juli-9.0.58.jar:/home/tbaral/.m2/repository/org/apache/tomcat/tomcat-annotations-api/9.0.58/tomcat-annotations-api-9.0.58.jar:/home/tbaral/.m2/repository/org/apache/tomcat/tomcat-api/9.0.58/tomcat-api-9.0.58.jar:/home/tbaral/.m2/repository/org/apache/tomcat/tomcat-jni/9.0.58/tomcat-jni-9.0.58.jar:/home/tbaral/.m2/repository/org/apache/tomcat/tomcat-coyote/9.0.58/tomcat-coyote-9.0.58.jar:/home/tbaral/.m2/repository/org/apache/tomcat/tomcat-util/9.0.58/tomcat-util-9.0.58.jar:/home/tbaral/.m2/repository/org/apache/tomcat/tomcat-util-scan/9.0.58/tomcat-util-scan-9.0.58.jar:/home/tbaral/.m2/repository/org/apache/tomcat/tomcat-jaspic-api/9.0.58/tomcat-jaspic-api-9.0.58.jar:/home/tbaral/.m2/repository/org/apache/tomcat/tomcat-jdbc/9.0.58/tomcat-jdbc-9.0.58.jar:/home/tbaral/.m2/repository/org/apache/tomcat/tomcat-dbcp/9.0.58/tomcat-dbcp-9.0.58.jar:/home/tbaral/.m2/repository/junit/junit/4.13.1/junit-4.13.1.jar:/home/tbaral/.m2/repository/org/hamcrest/hamcrest-core/1.3/hamcrest-core-1.3.jar:/home/tbaral/.m2/repository/org/apache/tomcat/embed/tomcat-embed-core/9.0.58/tomcat-embed-core-9.0.58.jar:/home/tbaral/.m2/repository/io/rest-assured/rest-assured/4.1.1/rest-assured-4.1.1.jar:/home/tbaral/.m2/repository/org/codehaus/groovy/groovy/2.5.6/groovy-2.5.6.jar:/home/tbaral/.m2/repository/org/codehaus/groovy/groovy-xml/2.5.6/groovy-xml-2.5.6.jar:/home/tbaral/.m2/repository/org/apache/httpcomponents/httpclient/4.5.3/httpclient-4.5.3.jar:/home/tbaral/.m2/repository/org/apache/httpcomponents/httpcore/4.4.6/httpcore-4.4.6.jar:/home/tbaral/.m2/repository/commons-logging/commons-logging/1.2/commons-logging-1.2.jar:/home/tbaral/.m2/repository/commons-codec/commons-codec/1.9/commons-codec-1.9.jar:/home/tbaral/.m2/repository/org/apache/httpcomponents/httpmime/4.5.3/httpmime-4.5.3.jar:/home/tbaral/.m2/repository/org/hamcrest/hamcrest/2.1/hamcrest-2.1.jar:/home/tbaral/.m2/repository/org/ccil/cowan/tagsoup/tagsoup/1.2.1/tagsoup-1.2.1.jar:/home/tbaral/.m2/repository/io/rest-assured/json-path/4.1.1/json-path-4.1.1.jar:/home/tbaral/.m2/repository/org/codehaus/groovy/groovy-json/2.5.6/groovy-json-2.5.6.jar:/home/tbaral/.m2/repository/io/rest-assured/rest-assured-common/4.1.1/rest-assured-common-4.1.1.jar:/home/tbaral/.m2/repository/io/rest-assured/xml-path/4.1.1/xml-path-4.1.1.jar:/home/tbaral/.m2/repository/org/apache/commons/commons-lang3/3.4/commons-lang3-3.4.jar:/home/tbaral/.m2/repository/javax/xml/bind/jaxb-api/2.3.1/jaxb-api-2.3.1.jar:/home/tbaral/.m2/repository/javax/activation/javax.activation-api/1.2.0/javax.activation-api-1.2.0.jar:/home/tbaral/.m2/repository/com/sun/xml/bind/jaxb-osgi/2.3.0.1/jaxb-osgi-2.3.0.1.jar:/home/tbaral/.m2/repository/org/apache/sling/org.apache.sling.javax.activation/0.1.0/org.apache.sling.javax.activation-0.1.0.jar:/home/tbaral/.m2/repository/javax/activation/activation/1.1.1/activation-1.1.1.jar:/home/tbaral/.m2/repository/com/h2database/h2/2.1.210/h2-2.1.210.jar:./target/classes:./target/test-classes:/home/tbaral/.m2/repository/edu/gmu/swe/flaky/sleepy/sleepy-runner/0.0.4-SNAPSHOT/sleepy-runner-0.0.4-SNAPSHOT.jar' 'edu.gmu.swe.flaky.sleepy.runner.SleepyTestRunner' nl.nlighten.prometheus.tomcat.TomcatServletMetricsFilterTest#testServletRequestMetrics '<2017791866,1>' 'info' 10000 ./sleepy-records/internal/node-nl.nlighten.prometheus.tomcat.TomcatServletMetricsFilterTest#testServletRequestMetrics-0.sleepList
INFO:root:====BEGIN Java Log====
INFO:root:TALANK: args.length: 5
TALANK: args[0]: nl.nlighten.prometheus.tomcat.TomcatServletMetricsFilterTest#testServletRequestMetrics
TALANK: args[1]: <2017791866,1>
TALANK: args[2]: info
TALANK: args[3]: 10000
TALANK: args[4]: ./sleepy-records/internal/node-nl.nlighten.prometheus.tomcat.TomcatServletMetricsFilterTest#testServletRequestMetrics-0.sleepList
TALANK Adding line to sleep at: org/apache/tomcat/util/net/Acceptor:run:0
TALANK Adding line to sleep at: org/apache/tomcat/util/threads/LimitLatch$Sync:tryAcquireShared:43
TALANK Adding line to sleep at: org/apache/tomcat/util/threads/LimitLatch$Sync:tryAcquireShared:44
TALANK Adding line to sleep at: org/apache/tomcat/util/net/NioEndpoint:serverSocketAccept:545
TALANK Adding line to sleep at: org/apache/tomcat/util/net/NioEndpoint:serverSocketAccept:546
TALANK Adding line to sleep at: org/apache/tomcat/util/net/NioEndpoint:serverSocketAccept:547
TALANK Adding line to sleep at: org/apache/tomcat/util/collections/SynchronizedStack:pop:0
TALANK Adding line to sleep at: org/apache/tomcat/util/collections/SynchronizedStack:pop:76
TALANK Adding line to sleep at: org/apache/tomcat/util/net/SocketBufferHandler:<init>:58
TALANK Adding line to sleep at: org/apache/tomcat/util/net/SocketBufferHandler:<init>:59
TALANK Adding line to sleep at: org/apache/tomcat/util/net/SocketBufferHandler:<init>:60
TALANK Adding line to sleep at: org/apache/tomcat/util/res/StringManager:getManager:0
TALANK Adding line to sleep at: org/apache/tomcat/util/res/StringManager:getManager:266
TALANK Adding line to sleep at: org/apache/tomcat/util/net/NioChannel:<clinit>:39
TALANK Adding line to sleep at: org/apache/tomcat/util/net/NioChannel:<clinit>:40
TALANK Adding line to sleep at: org/apache/tomcat/util/net/NioEndpoint$NioSocketWrapper:<init>:1118
TALANK Adding line to sleep at: org/apache/tomcat/util/net/NioEndpoint$NioSocketWrapper:<init>:1119
TALANK Adding line to sleep at: org/apache/tomcat/util/net/NioEndpoint:setSocketOptions:500
TALANK Adding line to sleep at: org/apache/tomcat/util/net/NioEndpoint:setSocketOptions:501
TALANK Adding line to sleep at: org/apache/tomcat/util/collections/SynchronizedQueue:offer:0
TALANK Adding line to sleep at: org/apache/tomcat/util/collections/SynchronizedQueue:offer:57
TALANK Adding line to sleep at: org/apache/tomcat/util/net/NioEndpoint$Poller:addEvent:644
TALANK Adding line to sleep at: org/apache/tomcat/util/net/NioEndpoint$Poller:addEvent:645
TALANK Adding line to sleep at: org/apache/tomcat/util/net/NioEndpoint$Poller:addEvent:646
TALANK Adding line to sleep at: org/apache/tomcat/util/net/Acceptor:run:176
TALANK Adding line to sleep at: org/apache/tomcat/util/net/Acceptor:run:177
TALANK Adding line to sleep at: org/apache/tomcat/util/net/Acceptor:run:102
TALANK Adding line to sleep at: org/apache/tomcat/util/net/Acceptor:run:103
TALANK Adding line to sleep at: org/apache/tomcat/util/net/Acceptor:run:100
TALANK Adding line to sleep at: org/apache/tomcat/util/net/Acceptor:run:101
********TALANK requesting to junitcore ******: org.junit.internal.requests.FilterRequest@30dae81
May 14, 2025 7:40:23 PM org.apache.catalina.core.StandardService startInternal
INFO: Starting service [Tomcat]
May 14, 2025 7:40:23 PM org.apache.catalina.core.StandardEngine startInternal
INFO: Starting Servlet engine: [Apache Tomcat/9.0.58]
May 14, 2025 7:40:24 PM org.apache.coyote.AbstractProtocol init
INFO: Initializing ProtocolHandler ["http-nio-auto-1"]
May 14, 2025 7:40:24 PM org.apache.coyote.AbstractProtocol start
INFO: Starting ProtocolHandler ["http-nio-auto-1-35193"]
May 14, 2025 7:40:24 PM org.apache.coyote.AbstractProtocol pause
INFO: Pausing ProtocolHandler ["http-nio-auto-1-35193"]
May 14, 2025 7:40:26 PM org.apache.catalina.core.StandardService stopInternal
INFO: Stopping service [Tomcat]
May 14, 2025 7:40:26 PM org.apache.coyote.AbstractProtocol stop
INFO: Stopping ProtocolHandler ["http-nio-auto-1-35193"]
May 14, 2025 7:40:36 PM org.apache.tomcat.util.net.Acceptor stop
WARNING: The acceptor thread [http-nio-auto-1-Acceptor] did not stop cleanly
May 14, 2025 7:40:36 PM org.apache.coyote.AbstractProtocol destroy
INFO: Destroying ProtocolHandler ["http-nio-auto-1-35193"]
TALANKINFO:FromJava:OK

INFO:root:====END Java Log====
INFO:root:Kill all Java processes
INFO:root:Using timeout 81.0 minutes
INFO:root:Running command:
INFO:root:/scratch/tbaral/ase26/nod-rr/NOD-Test-Repair/flakerake/jdk1.8.0_102/bin/java -XX:+ExitOnOutOfMemoryError -Xbootclasspath/p:/home/tbaral/.m2/repository/edu/gmu/swe/flaky/sleepy/sleepy-interceptor/0.0.4-SNAPSHOT/sleepy-interceptor-0.0.4-SNAPSHOT.jar -javaagent:/home/tbaral/.m2/repository/edu/gmu/swe/flaky/sleepy/sleepy-interceptor/0.0.4-SNAPSHOT/sleepy-interceptor-0.0.4-SNAPSHOT.jar   -cp '/home/tbaral/.m2/repository/io/prometheus/simpleclient/0.15.0/simpleclient-0.15.0.jar:/home/tbaral/.m2/repository/io/prometheus/simpleclient_tracer_otel/0.15.0/simpleclient_tracer_otel-0.15.0.jar:/home/tbaral/.m2/repository/io/prometheus/simpleclient_tracer_common/0.15.0/simpleclient_tracer_common-0.15.0.jar:/home/tbaral/.m2/repository/io/prometheus/simpleclient_tracer_otel_agent/0.15.0/simpleclient_tracer_otel_agent-0.15.0.jar:/home/tbaral/.m2/repository/io/prometheus/simpleclient_servlet/0.15.0/simpleclient_servlet-0.15.0.jar:/home/tbaral/.m2/repository/io/prometheus/simpleclient_common/0.15.0/simpleclient_common-0.15.0.jar:/home/tbaral/.m2/repository/io/prometheus/simpleclient_servlet_common/0.15.0/simpleclient_servlet_common-0.15.0.jar:/home/tbaral/.m2/repository/io/prometheus/simpleclient_hotspot/0.15.0/simpleclient_hotspot-0.15.0.jar:/home/tbaral/.m2/repository/org/apache/tomcat/tomcat-catalina/9.0.58/tomcat-catalina-9.0.58.jar:/home/tbaral/.m2/repository/org/apache/tomcat/tomcat-servlet-api/9.0.58/tomcat-servlet-api-9.0.58.jar:/home/tbaral/.m2/repository/org/apache/tomcat/tomcat-jsp-api/9.0.58/tomcat-jsp-api-9.0.58.jar:/home/tbaral/.m2/repository/org/apache/tomcat/tomcat-el-api/9.0.58/tomcat-el-api-9.0.58.jar:/home/tbaral/.m2/repository/org/apache/tomcat/tomcat-juli/9.0.58/tomcat-juli-9.0.58.jar:/home/tbaral/.m2/repository/org/apache/tomcat/tomcat-annotations-api/9.0.58/tomcat-annotations-api-9.0.58.jar:/home/tbaral/.m2/repository/org/apache/tomcat/tomcat-api/9.0.58/tomcat-api-9.0.58.jar:/home/tbaral/.m2/repository/org/apache/tomcat/tomcat-jni/9.0.58/tomcat-jni-9.0.58.jar:/home/tbaral/.m2/repository/org/apache/tomcat/tomcat-coyote/9.0.58/tomcat-coyote-9.0.58.jar:/home/tbaral/.m2/repository/org/apache/tomcat/tomcat-util/9.0.58/tomcat-util-9.0.58.jar:/home/tbaral/.m2/repository/org/apache/tomcat/tomcat-util-scan/9.0.58/tomcat-util-scan-9.0.58.jar:/home/tbaral/.m2/repository/org/apache/tomcat/tomcat-jaspic-api/9.0.58/tomcat-jaspic-api-9.0.58.jar:/home/tbaral/.m2/repository/org/apache/tomcat/tomcat-jdbc/9.0.58/tomcat-jdbc-9.0.58.jar:/home/tbaral/.m2/repository/org/apache/tomcat/tomcat-dbcp/9.0.58/tomcat-dbcp-9.0.58.jar:/home/tbaral/.m2/repository/junit/junit/4.13.1/junit-4.13.1.jar:/home/tbaral/.m2/repository/org/hamcrest/hamcrest-core/1.3/hamcrest-core-1.3.jar:/home/tbaral/.m2/repository/org/apache/tomcat/embed/tomcat-embed-core/9.0.58/tomcat-embed-core-9.0.58.jar:/home/tbaral/.m2/repository/io/rest-assured/rest-assured/4.1.1/rest-assured-4.1.1.jar:/home/tbaral/.m2/repository/org/codehaus/groovy/groovy/2.5.6/groovy-2.5.6.jar:/home/tbaral/.m2/repository/org/codehaus/groovy/groovy-xml/2.5.6/groovy-xml-2.5.6.jar:/home/tbaral/.m2/repository/org/apache/httpcomponents/httpclient/4.5.3/httpclient-4.5.3.jar:/home/tbaral/.m2/repository/org/apache/httpcomponents/httpcore/4.4.6/httpcore-4.4.6.jar:/home/tbaral/.m2/repository/commons-logging/commons-logging/1.2/commons-logging-1.2.jar:/home/tbaral/.m2/repository/commons-codec/commons-codec/1.9/commons-codec-1.9.jar:/home/tbaral/.m2/repository/org/apache/httpcomponents/httpmime/4.5.3/httpmime-4.5.3.jar:/home/tbaral/.m2/repository/org/hamcrest/hamcrest/2.1/hamcrest-2.1.jar:/home/tbaral/.m2/repository/org/ccil/cowan/tagsoup/tagsoup/1.2.1/tagsoup-1.2.1.jar:/home/tbaral/.m2/repository/io/rest-assured/json-path/4.1.1/json-path-4.1.1.jar:/home/tbaral/.m2/repository/org/codehaus/groovy/groovy-json/2.5.6/groovy-json-2.5.6.jar:/home/tbaral/.m2/repository/io/rest-assured/rest-assured-common/4.1.1/rest-assured-common-4.1.1.jar:/home/tbaral/.m2/repository/io/rest-assured/xml-path/4.1.1/xml-path-4.1.1.jar:/home/tbaral/.m2/repository/org/apache/commons/commons-lang3/3.4/commons-lang3-3.4.jar:/home/tbaral/.m2/repository/javax/xml/bind/jaxb-api/2.3.1/jaxb-api-2.3.1.jar:/home/tbaral/.m2/repository/javax/activation/javax.activation-api/1.2.0/javax.activation-api-1.2.0.jar:/home/tbaral/.m2/repository/com/sun/xml/bind/jaxb-osgi/2.3.0.1/jaxb-osgi-2.3.0.1.jar:/home/tbaral/.m2/repository/org/apache/sling/org.apache.sling.javax.activation/0.1.0/org.apache.sling.javax.activation-0.1.0.jar:/home/tbaral/.m2/repository/javax/activation/activation/1.1.1/activation-1.1.1.jar:/home/tbaral/.m2/repository/com/h2database/h2/2.1.210/h2-2.1.210.jar:./target/classes:./target/test-classes:/home/tbaral/.m2/repository/edu/gmu/swe/flaky/sleepy/sleepy-runner/0.0.4-SNAPSHOT/sleepy-runner-0.0.4-SNAPSHOT.jar' 'edu.gmu.swe.flaky.sleepy.runner.SleepyTestRunner' nl.nlighten.prometheus.tomcat.TomcatServletMetricsFilterTest#testServletRequestMetrics '<2017791866,1>' 'info' 10000 ./sleepy-records/internal/node-nl.nlighten.prometheus.tomcat.TomcatServletMetricsFilterTest#testServletRequestMetrics-0.sleepList
INFO:root:====BEGIN Java Log====
INFO:root:TALANK: args.length: 5
TALANK: args[0]: nl.nlighten.prometheus.tomcat.TomcatServletMetricsFilterTest#testServletRequestMetrics
TALANK: args[1]: <2017791866,1>
TALANK: args[2]: info
TALANK: args[3]: 10000
TALANK: args[4]: ./sleepy-records/internal/node-nl.nlighten.prometheus.tomcat.TomcatServletMetricsFilterTest#testServletRequestMetrics-0.sleepList
TALANK Adding line to sleep at: org/apache/tomcat/util/net/Acceptor:run:0
TALANK Adding line to sleep at: org/apache/tomcat/util/threads/LimitLatch$Sync:tryAcquireShared:43
TALANK Adding line to sleep at: org/apache/tomcat/util/threads/LimitLatch$Sync:tryAcquireShared:44
TALANK Adding line to sleep at: org/apache/tomcat/util/net/NioEndpoint:serverSocketAccept:545
TALANK Adding line to sleep at: org/apache/tomcat/util/net/NioEndpoint:serverSocketAccept:546
TALANK Adding line to sleep at: org/apache/tomcat/util/net/NioEndpoint:serverSocketAccept:547
TALANK Adding line to sleep at: org/apache/tomcat/util/collections/SynchronizedStack:pop:0
TALANK Adding line to sleep at: org/apache/tomcat/util/collections/SynchronizedStack:pop:76
TALANK Adding line to sleep at: org/apache/tomcat/util/net/SocketBufferHandler:<init>:58
TALANK Adding line to sleep at: org/apache/tomcat/util/net/SocketBufferHandler:<init>:59
TALANK Adding line to sleep at: org/apache/tomcat/util/net/SocketBufferHandler:<init>:60
TALANK Adding line to sleep at: org/apache/tomcat/util/res/StringManager:getManager:0
TALANK Adding line to sleep at: org/apache/tomcat/util/res/StringManager:getManager:266
TALANK Adding line to sleep at: org/apache/tomcat/util/net/NioChannel:<clinit>:39
TALANK Adding line to sleep at: org/apache/tomcat/util/net/NioChannel:<clinit>:40
TALANK Adding line to sleep at: org/apache/tomcat/util/net/NioEndpoint$NioSocketWrapper:<init>:1118
TALANK Adding line to sleep at: org/apache/tomcat/util/net/NioEndpoint$NioSocketWrapper:<init>:1119
TALANK Adding line to sleep at: org/apache/tomcat/util/net/NioEndpoint:setSocketOptions:500
TALANK Adding line to sleep at: org/apache/tomcat/util/net/NioEndpoint:setSocketOptions:501
TALANK Adding line to sleep at: org/apache/tomcat/util/collections/SynchronizedQueue:offer:0
TALANK Adding line to sleep at: org/apache/tomcat/util/collections/SynchronizedQueue:offer:57
TALANK Adding line to sleep at: org/apache/tomcat/util/net/NioEndpoint$Poller:addEvent:644
TALANK Adding line to sleep at: org/apache/tomcat/util/net/NioEndpoint$Poller:addEvent:645
TALANK Adding line to sleep at: org/apache/tomcat/util/net/NioEndpoint$Poller:addEvent:646
TALANK Adding line to sleep at: org/apache/tomcat/util/net/Acceptor:run:176
TALANK Adding line to sleep at: org/apache/tomcat/util/net/Acceptor:run:177
TALANK Adding line to sleep at: org/apache/tomcat/util/net/Acceptor:run:102
TALANK Adding line to sleep at: org/apache/tomcat/util/net/Acceptor:run:103
TALANK Adding line to sleep at: org/apache/tomcat/util/net/Acceptor:run:100
TALANK Adding line to sleep at: org/apache/tomcat/util/net/Acceptor:run:101
********TALANK requesting to junitcore ******: org.junit.internal.requests.FilterRequest@30dae81
May 14, 2025 7:40:41 PM org.apache.catalina.core.StandardService startInternal
INFO: Starting service [Tomcat]
May 14, 2025 7:40:41 PM org.apache.catalina.core.StandardEngine startInternal
INFO: Starting Servlet engine: [Apache Tomcat/9.0.58]
May 14, 2025 7:40:42 PM org.apache.coyote.AbstractProtocol init
INFO: Initializing ProtocolHandler ["http-nio-auto-1"]
May 14, 2025 7:40:42 PM org.apache.coyote.AbstractProtocol start
INFO: Starting ProtocolHandler ["http-nio-auto-1-41641"]
May 14, 2025 7:40:42 PM org.apache.coyote.AbstractProtocol pause
INFO: Pausing ProtocolHandler ["http-nio-auto-1-41641"]
May 14, 2025 7:40:43 PM org.apache.catalina.core.StandardService stopInternal
INFO: Stopping service [Tomcat]
May 14, 2025 7:40:43 PM org.apache.coyote.AbstractProtocol stop
INFO: Stopping ProtocolHandler ["http-nio-auto-1-41641"]
May 14, 2025 7:40:53 PM org.apache.tomcat.util.net.Acceptor stop
WARNING: The acceptor thread [http-nio-auto-1-Acceptor] did not stop cleanly
May 14, 2025 7:40:53 PM org.apache.coyote.AbstractProtocol destroy
INFO: Destroying ProtocolHandler ["http-nio-auto-1-41641"]
TALANKINFO:FromJava:OK

INFO:root:====END Java Log====
INFO:root:Kill all Java processes
INFO:root:Using timeout 81.0 minutes
INFO:root:Running command:
INFO:root:/scratch/tbaral/ase26/nod-rr/NOD-Test-Repair/flakerake/jdk1.8.0_102/bin/java -XX:+ExitOnOutOfMemoryError -Xbootclasspath/p:/home/tbaral/.m2/repository/edu/gmu/swe/flaky/sleepy/sleepy-interceptor/0.0.4-SNAPSHOT/sleepy-interceptor-0.0.4-SNAPSHOT.jar -javaagent:/home/tbaral/.m2/repository/edu/gmu/swe/flaky/sleepy/sleepy-interceptor/0.0.4-SNAPSHOT/sleepy-interceptor-0.0.4-SNAPSHOT.jar   -cp '/home/tbaral/.m2/repository/io/prometheus/simpleclient/0.15.0/simpleclient-0.15.0.jar:/home/tbaral/.m2/repository/io/prometheus/simpleclient_tracer_otel/0.15.0/simpleclient_tracer_otel-0.15.0.jar:/home/tbaral/.m2/repository/io/prometheus/simpleclient_tracer_common/0.15.0/simpleclient_tracer_common-0.15.0.jar:/home/tbaral/.m2/repository/io/prometheus/simpleclient_tracer_otel_agent/0.15.0/simpleclient_tracer_otel_agent-0.15.0.jar:/home/tbaral/.m2/repository/io/prometheus/simpleclient_servlet/0.15.0/simpleclient_servlet-0.15.0.jar:/home/tbaral/.m2/repository/io/prometheus/simpleclient_common/0.15.0/simpleclient_common-0.15.0.jar:/home/tbaral/.m2/repository/io/prometheus/simpleclient_servlet_common/0.15.0/simpleclient_servlet_common-0.15.0.jar:/home/tbaral/.m2/repository/io/prometheus/simpleclient_hotspot/0.15.0/simpleclient_hotspot-0.15.0.jar:/home/tbaral/.m2/repository/org/apache/tomcat/tomcat-catalina/9.0.58/tomcat-catalina-9.0.58.jar:/home/tbaral/.m2/repository/org/apache/tomcat/tomcat-servlet-api/9.0.58/tomcat-servlet-api-9.0.58.jar:/home/tbaral/.m2/repository/org/apache/tomcat/tomcat-jsp-api/9.0.58/tomcat-jsp-api-9.0.58.jar:/home/tbaral/.m2/repository/org/apache/tomcat/tomcat-el-api/9.0.58/tomcat-el-api-9.0.58.jar:/home/tbaral/.m2/repository/org/apache/tomcat/tomcat-juli/9.0.58/tomcat-juli-9.0.58.jar:/home/tbaral/.m2/repository/org/apache/tomcat/tomcat-annotations-api/9.0.58/tomcat-annotations-api-9.0.58.jar:/home/tbaral/.m2/repository/org/apache/tomcat/tomcat-api/9.0.58/tomcat-api-9.0.58.jar:/home/tbaral/.m2/repository/org/apache/tomcat/tomcat-jni/9.0.58/tomcat-jni-9.0.58.jar:/home/tbaral/.m2/repository/org/apache/tomcat/tomcat-coyote/9.0.58/tomcat-coyote-9.0.58.jar:/home/tbaral/.m2/repository/org/apache/tomcat/tomcat-util/9.0.58/tomcat-util-9.0.58.jar:/home/tbaral/.m2/repository/org/apache/tomcat/tomcat-util-scan/9.0.58/tomcat-util-scan-9.0.58.jar:/home/tbaral/.m2/repository/org/apache/tomcat/tomcat-jaspic-api/9.0.58/tomcat-jaspic-api-9.0.58.jar:/home/tbaral/.m2/repository/org/apache/tomcat/tomcat-jdbc/9.0.58/tomcat-jdbc-9.0.58.jar:/home/tbaral/.m2/repository/org/apache/tomcat/tomcat-dbcp/9.0.58/tomcat-dbcp-9.0.58.jar:/home/tbaral/.m2/repository/junit/junit/4.13.1/junit-4.13.1.jar:/home/tbaral/.m2/repository/org/hamcrest/hamcrest-core/1.3/hamcrest-core-1.3.jar:/home/tbaral/.m2/repository/org/apache/tomcat/embed/tomcat-embed-core/9.0.58/tomcat-embed-core-9.0.58.jar:/home/tbaral/.m2/repository/io/rest-assured/rest-assured/4.1.1/rest-assured-4.1.1.jar:/home/tbaral/.m2/repository/org/codehaus/groovy/groovy/2.5.6/groovy-2.5.6.jar:/home/tbaral/.m2/repository/org/codehaus/groovy/groovy-xml/2.5.6/groovy-xml-2.5.6.jar:/home/tbaral/.m2/repository/org/apache/httpcomponents/httpclient/4.5.3/httpclient-4.5.3.jar:/home/tbaral/.m2/repository/org/apache/httpcomponents/httpcore/4.4.6/httpcore-4.4.6.jar:/home/tbaral/.m2/repository/commons-logging/commons-logging/1.2/commons-logging-1.2.jar:/home/tbaral/.m2/repository/commons-codec/commons-codec/1.9/commons-codec-1.9.jar:/home/tbaral/.m2/repository/org/apache/httpcomponents/httpmime/4.5.3/httpmime-4.5.3.jar:/home/tbaral/.m2/repository/org/hamcrest/hamcrest/2.1/hamcrest-2.1.jar:/home/tbaral/.m2/repository/org/ccil/cowan/tagsoup/tagsoup/1.2.1/tagsoup-1.2.1.jar:/home/tbaral/.m2/repository/io/rest-assured/json-path/4.1.1/json-path-4.1.1.jar:/home/tbaral/.m2/repository/org/codehaus/groovy/groovy-json/2.5.6/groovy-json-2.5.6.jar:/home/tbaral/.m2/repository/io/rest-assured/rest-assured-common/4.1.1/rest-assured-common-4.1.1.jar:/home/tbaral/.m2/repository/io/rest-assured/xml-path/4.1.1/xml-path-4.1.1.jar:/home/tbaral/.m2/repository/org/apache/commons/commons-lang3/3.4/commons-lang3-3.4.jar:/home/tbaral/.m2/repository/javax/xml/bind/jaxb-api/2.3.1/jaxb-api-2.3.1.jar:/home/tbaral/.m2/repository/javax/activation/javax.activation-api/1.2.0/javax.activation-api-1.2.0.jar:/home/tbaral/.m2/repository/com/sun/xml/bind/jaxb-osgi/2.3.0.1/jaxb-osgi-2.3.0.1.jar:/home/tbaral/.m2/repository/org/apache/sling/org.apache.sling.javax.activation/0.1.0/org.apache.sling.javax.activation-0.1.0.jar:/home/tbaral/.m2/repository/javax/activation/activation/1.1.1/activation-1.1.1.jar:/home/tbaral/.m2/repository/com/h2database/h2/2.1.210/h2-2.1.210.jar:./target/classes:./target/test-classes:/home/tbaral/.m2/repository/edu/gmu/swe/flaky/sleepy/sleepy-runner/0.0.4-SNAPSHOT/sleepy-runner-0.0.4-SNAPSHOT.jar' 'edu.gmu.swe.flaky.sleepy.runner.SleepyTestRunner' nl.nlighten.prometheus.tomcat.TomcatServletMetricsFilterTest#testServletRequestMetrics '<2017791866,1>' 'info' 10000 ./sleepy-records/internal/node-nl.nlighten.prometheus.tomcat.TomcatServletMetricsFilterTest#testServletRequestMetrics-0.sleepList
INFO:root:====BEGIN Java Log====
INFO:root:TALANK: args.length: 5
TALANK: args[0]: nl.nlighten.prometheus.tomcat.TomcatServletMetricsFilterTest#testServletRequestMetrics
TALANK: args[1]: <2017791866,1>
TALANK: args[2]: info
TALANK: args[3]: 10000
TALANK: args[4]: ./sleepy-records/internal/node-nl.nlighten.prometheus.tomcat.TomcatServletMetricsFilterTest#testServletRequestMetrics-0.sleepList
TALANK Adding line to sleep at: org/apache/tomcat/util/net/Acceptor:run:0
TALANK Adding line to sleep at: org/apache/tomcat/util/threads/LimitLatch$Sync:tryAcquireShared:43
TALANK Adding line to sleep at: org/apache/tomcat/util/threads/LimitLatch$Sync:tryAcquireShared:44
TALANK Adding line to sleep at: org/apache/tomcat/util/net/NioEndpoint:serverSocketAccept:545
TALANK Adding line to sleep at: org/apache/tomcat/util/net/NioEndpoint:serverSocketAccept:546
TALANK Adding line to sleep at: org/apache/tomcat/util/net/NioEndpoint:serverSocketAccept:547
TALANK Adding line to sleep at: org/apache/tomcat/util/collections/SynchronizedStack:pop:0
TALANK Adding line to sleep at: org/apache/tomcat/util/collections/SynchronizedStack:pop:76
TALANK Adding line to sleep at: org/apache/tomcat/util/net/SocketBufferHandler:<init>:58
TALANK Adding line to sleep at: org/apache/tomcat/util/net/SocketBufferHandler:<init>:59
TALANK Adding line to sleep at: org/apache/tomcat/util/net/SocketBufferHandler:<init>:60
TALANK Adding line to sleep at: org/apache/tomcat/util/res/StringManager:getManager:0
TALANK Adding line to sleep at: org/apache/tomcat/util/res/StringManager:getManager:266
TALANK Adding line to sleep at: org/apache/tomcat/util/net/NioChannel:<clinit>:39
TALANK Adding line to sleep at: org/apache/tomcat/util/net/NioChannel:<clinit>:40
TALANK Adding line to sleep at: org/apache/tomcat/util/net/NioEndpoint$NioSocketWrapper:<init>:1118
TALANK Adding line to sleep at: org/apache/tomcat/util/net/NioEndpoint$NioSocketWrapper:<init>:1119
TALANK Adding line to sleep at: org/apache/tomcat/util/net/NioEndpoint:setSocketOptions:500
TALANK Adding line to sleep at: org/apache/tomcat/util/net/NioEndpoint:setSocketOptions:501
TALANK Adding line to sleep at: org/apache/tomcat/util/collections/SynchronizedQueue:offer:0
TALANK Adding line to sleep at: org/apache/tomcat/util/collections/SynchronizedQueue:offer:57
TALANK Adding line to sleep at: org/apache/tomcat/util/net/NioEndpoint$Poller:addEvent:644
TALANK Adding line to sleep at: org/apache/tomcat/util/net/NioEndpoint$Poller:addEvent:645
TALANK Adding line to sleep at: org/apache/tomcat/util/net/NioEndpoint$Poller:addEvent:646
TALANK Adding line to sleep at: org/apache/tomcat/util/net/Acceptor:run:176
TALANK Adding line to sleep at: org/apache/tomcat/util/net/Acceptor:run:177
TALANK Adding line to sleep at: org/apache/tomcat/util/net/Acceptor:run:102
TALANK Adding line to sleep at: org/apache/tomcat/util/net/Acceptor:run:103
TALANK Adding line to sleep at: org/apache/tomcat/util/net/Acceptor:run:100
TALANK Adding line to sleep at: org/apache/tomcat/util/net/Acceptor:run:101
********TALANK requesting to junitcore ******: org.junit.internal.requests.FilterRequest@30dae81
May 14, 2025 7:40:58 PM org.apache.catalina.core.StandardService startInternal
INFO: Starting service [Tomcat]
May 14, 2025 7:40:58 PM org.apache.catalina.core.StandardEngine startInternal
INFO: Starting Servlet engine: [Apache Tomcat/9.0.58]
May 14, 2025 7:40:58 PM org.apache.coyote.AbstractProtocol init
INFO: Initializing ProtocolHandler ["http-nio-auto-1"]
May 14, 2025 7:40:59 PM org.apache.coyote.AbstractProtocol start
INFO: Starting ProtocolHandler ["http-nio-auto-1-43541"]
May 14, 2025 7:40:59 PM org.apache.coyote.AbstractProtocol pause
INFO: Pausing ProtocolHandler ["http-nio-auto-1-43541"]
May 14, 2025 7:41:00 PM org.apache.catalina.core.StandardService stopInternal
INFO: Stopping service [Tomcat]
May 14, 2025 7:41:00 PM org.apache.coyote.AbstractProtocol stop
INFO: Stopping ProtocolHandler ["http-nio-auto-1-43541"]
May 14, 2025 7:41:10 PM org.apache.tomcat.util.net.Acceptor stop
WARNING: The acceptor thread [http-nio-auto-1-Acceptor] did not stop cleanly
May 14, 2025 7:41:10 PM org.apache.coyote.AbstractProtocol destroy
INFO: Destroying ProtocolHandler ["http-nio-auto-1-43541"]
TALANKINFO:FromJava:OK

INFO:root:====END Java Log====
INFO:root:Kill all Java processes
INFO:root:Impossible to make stable failure so skipping <2017791866,1>
INFO:root:Could not fail nl.nlighten.prometheus.tomcat.TomcatServletMetricsFilterTest#testServletRequestMetrics sleeping thread <2017791866,1>
INFO:root:After working thread <2017791866,1>, with 1391.0 minutes left to analyze nl.nlighten.prometheus.tomcat.TomcatServletMetricsFilterTest#testServletRequestMetrics
INFO:root:Starting analysis on thread named <main> that is 12 out of 12
INFO:root:Initial list
INFO:root:['org/apache/tomcat/util/res/StringManager:getManager:0\n', 'org/apache/tomcat/util/res/StringManager:getManager:266\n', 'org/apache/catalina/core/StandardServer:addService:504\n', 'org/apache/catalina/core/StandardServer:addService:520\n', 'org/apache/catalina/core/ContainerBase:setRealm:630\n', 'org/apache/catalina/core/ContainerBase:setRealm:631\n', 'org/apache/catalina/core/ContainerBase:setRealm:665\n', 'org/apache/catalina/core/ContainerBase:setRealm:666\n', 'org/apache/catalina/core/ContainerBase:findChildren:779\n', 'org/apache/catalina/core/ContainerBase:findChildren:781\n', 'org/apache/catalina/core/ContainerBase:addChildInternal:708\n', 'org/apache/catalina/core/ContainerBase:addChildInternal:715\n', 'org/apache/catalina/core/ContainerBase:findChild:767\n', 'org/apache/catalina/core/ContainerBase:findChild:768\n', 'org/apache/catalina/core/StandardContext:addServletMappingDecoded:3237\n', 'org/apache/catalina/core/StandardContext:addServletMappingDecoded:3245\n', 'org/apache/catalina/core/StandardWrapper:addMapping:718\n', 'org/apache/catalina/core/StandardWrapper:addMapping:719\n', 'org/apache/catalina/core/StandardWrapper:addMapping:722\n', 'org/apache/catalina/core/StandardWrapper:addMapping:723\n', 'org/apache/catalina/core/StandardContext:addFilterDef:3009\n', 'org/apache/catalina/core/StandardContext:addFilterDef:3011\n', 'org/apache/tomcat/util/buf/UDecoder$DecodeException:fillInStackTrace:0\n', 'org/apache/tomcat/util/buf/UDecoder$DecodeException:fillInStackTrace:53\n', 'org/apache/catalina/core/StandardContext:findFilterDef:3466\n', 'org/apache/catalina/core/StandardContext:findFilterDef:3467\n', 'org/apache/catalina/core/StandardContext$ContextFilterMaps:add:4531\n', 'org/apache/catalina/core/StandardContext$ContextFilterMaps:add:4535\n', 'org/apache/catalina/deploy/NamingResourcesImpl:addResource:411\n', 'org/apache/catalina/deploy/NamingResourcesImpl:addResource:414\n', 'org/apache/catalina/util/LifecycleBase:init:0\n', 'org/apache/catalina/util/LifecycleBase:setStateInternal:0\n', 'org/apache/catalina/util/LifecycleBase:setStateInternal:425\n', 'org/apache/tomcat/util/modeler/Registry:getRegistry:0\n', 'org/apache/tomcat/util/modeler/Registry:getRegistry:144\n', 'org/apache/tomcat/util/modeler/Registry:getMBeanServer:454\n', 'org/apache/tomcat/util/modeler/Registry:getMBeanServer:456\n', 'org/apache/tomcat/util/modeler/Registry:getMBeanServer:457\n', 'org/apache/tomcat/util/modeler/Registry:getMBeanServer:469\n', 'org/apache/tomcat/util/modeler/modules/MbeansDescriptorsDigesterSource:execute:158\n', 'org/apache/tomcat/util/modeler/ManagedBean:setName:178\n', 'org/apache/tomcat/util/modeler/ManagedBean:setName:179\n', 'org/apache/tomcat/util/modeler/ManagedBean:setName:183\n', 'org/apache/tomcat/util/modeler/ManagedBean:setName:184\n', 'org/apache/tomcat/util/modeler/ManagedBean:setDescription:134\n', 'org/apache/tomcat/util/modeler/ManagedBean:setDescription:135\n', 'org/apache/tomcat/util/modeler/ManagedBean:setDescription:139\n', 'org/apache/tomcat/util/modeler/ManagedBean:setDescription:140\n', 'org/apache/tomcat/util/modeler/ManagedBean:setType:216\n', 'org/apache/tomcat/util/modeler/ManagedBean:setType:217\n', 'org/apache/tomcat/util/modeler/ManagedBean:setType:221\n', 'org/apache/tomcat/util/modeler/ManagedBean:setType:222\n', 'org/apache/tomcat/util/modeler/ManagedBean:setClassName:116\n', 'org/apache/tomcat/util/modeler/ManagedBean:setClassName:117\n', 'org/apache/tomcat/util/modeler/ManagedBean:setClassName:121\n', 'org/apache/tomcat/util/modeler/ManagedBean:setClassName:122\n', 'org/apache/tomcat/util/modeler/OperationInfo:addParameter:127\n', 'org/apache/tomcat/util/modeler/OperationInfo:addParameter:128\n', 'org/apache/tomcat/util/modeler/OperationInfo:addParameter:135\n', 'org/apache/tomcat/util/modeler/OperationInfo:addParameter:136\n', 'org/apache/tomcat/util/modeler/OperationInfo:getSignature:108\n', 'org/apache/tomcat/util/modeler/OperationInfo:getSignature:109\n', 'org/apache/tomcat/util/modeler/OperationInfo:getSignature:112\n', 'org/apache/tomcat/util/modeler/OperationInfo:getSignature:113\n', 'org/apache/tomcat/util/modeler/modules/MbeansDescriptorsDigesterSource:execute:175\n', 'org/apache/tomcat/util/modeler/ManagedBean:getMBeanInfo:354\n', 'org/apache/tomcat/util/modeler/ManagedBean:getMBeanInfo:355\n', 'org/apache/tomcat/util/modeler/ManagedBean:getMBeanInfo:360\n', 'org/apache/tomcat/util/modeler/ManagedBean:getMBeanInfo:361\n', 'org/apache/tomcat/util/modeler/ManagedBean:getMBeanInfo:363\n', 'org/apache/tomcat/util/modeler/ManagedBean:getMBeanInfo:364\n', 'org/apache/tomcat/util/modeler/ManagedBean:getMBeanInfo:401\n', 'org/apache/tomcat/util/modeler/ManagedBean:getMBeanInfo:402\n', 'org/apache/catalina/core/StandardServer:reconfigureUtilityExecutor:0\n', 'org/apache/tomcat/util/threads/TaskThreadFactory:<init>:41\n', 'org/apache/tomcat/util/threads/TaskThreadFactory:<init>:42\n', 'org/apache/catalina/core/StandardServer:reconfigureUtilityExecutor:447\n', 'org/apache/catalina/core/StandardServer:reconfigureUtilityExecutor:448\n', 'org/apache/catalina/core/StandardServer:reconfigureUtilityExecutor:449\n', 'org/apache/catalina/core/StandardServer:reconfigureUtilityExecutor:452\n', 'org/apache/tomcat/util/modeler/Registry:findDescriptor:707\n', 'org/apache/tomcat/util/modeler/Registry:findDescriptor:708\n', 'org/apache/catalina/mbeans/MBeanUtils:createRegistry:0\n', 'org/apache/catalina/mbeans/MBeanUtils:createRegistry:597\n', 'org/apache/catalina/mbeans/MBeanUtils:createServer:0\n', 'org/apache/catalina/mbeans/MBeanUtils:createServer:611\n', 'org/apache/catalina/util/LifecycleBase:init:141\n', 'org/apache/catalina/core/ContainerBase:getRealm:596\n', 'org/apache/catalina/core/ContainerBase:getRealm:597\n', 'org/apache/catalina/core/ContainerBase:getRealm:606\n', 'org/apache/catalina/core/ContainerBase:getRealm:607\n', 'org/apache/catalina/core/StandardService:findExecutors:369\n', 'org/apache/catalina/core/StandardService:findExecutors:372\n', 'org/apache/catalina/core/StandardService:initInternal:554\n', 'org/apache/catalina/core/StandardService:initInternal:558\n', 'org/apache/catalina/util/LifecycleBase:start:0\n', 'org/apache/naming/StringManager:getManager:0\n', 'org/apache/naming/StringManager:getManager:176\n', 'org/apache/catalina/deploy/NamingResourcesImpl:findResourceLinks:664\n', 'org/apache/catalina/deploy/NamingResourcesImpl:findResourceLinks:667\n', 'org/apache/catalina/deploy/NamingResourcesImpl:findResources:679\n', 'org/apache/catalina/deploy/NamingResourcesImpl:findResources:681\n', 'org/apache/catalina/deploy/NamingResourcesImpl:findResourceEnvRefs:709\n', 'org/apache/catalina/deploy/NamingResourcesImpl:findResourceEnvRefs:711\n', 'org/apache/catalina/deploy/NamingResourcesImpl:findEnvironments:561\n', 'org/apache/catalina/deploy/NamingResourcesImpl:findEnvironments:563\n', 'org/apache/catalina/deploy/NamingResourcesImpl:findEjbs:531\n', 'org/apache/catalina/deploy/NamingResourcesImpl:findEjbs:533\n', 'org/apache/catalina/deploy/NamingResourcesImpl:findMessageDestinationRefs:619\n', 'org/apache/catalina/deploy/NamingResourcesImpl:findMessageDestinationRefs:622\n', 'org/apache/catalina/deploy/NamingResourcesImpl:findServices:738\n', 'org/apache/catalina/deploy/NamingResourcesImpl:findServices:740\n', 'org/apache/catalina/util/LifecycleBase:setState:0\n', 'org/apache/catalina/util/LifecycleBase:setState:367\n', 'org/apache/catalina/util/LifecycleBase:start:200\n', 'org/apache/catalina/core/StandardServer:startInternal:925\n', 'org/apache/catalina/core/StandardService:startInternal:431\n', 'org/apache/catalina/core/StandardEngine:startInternal:0\n', 'org/apache/catalina/core/ContainerBase:startInternal:0\n', 'org/apache/catalina/core/ContainerBase:getClusterInternal:392\n', 'org/apache/catalina/core/ContainerBase:getClusterInternal:393\n', 'org/apache/catalina/core/ContainerBase:getClusterInternal:396\n', 'org/apache/catalina/core/ContainerBase:getClusterInternal:397\n', 'org/apache/catalina/core/ContainerBase:getRealmInternal:613\n', 'org/apache/catalina/core/ContainerBase:getRealmInternal:614\n', 'org/apache/catalina/core/ContainerBase:getRealmInternal:617\n', 'org/apache/catalina/core/ContainerBase:getRealmInternal:618\n', 'org/apache/catalina/core/ContainerBase:startInternal:919\n', 'org/apache/tomcat/util/threads/InlineExecutorService:execute:69\n', 'org/apache/tomcat/util/threads/InlineExecutorService:execute:74\n', 'org/apache/tomcat/util/threads/InlineExecutorService:execute:75\n', 'java/util/concurrent/FutureTask:run:0\n', 'java/util/concurrent/FutureTask:run:258\n', 'java/util/concurrent/FutureTask:run:259\n', 'java/util/concurrent/FutureTask:run:266\n', 'org/apache/catalina/core/ContainerBase$StartChild:call:0\n', 'org/apache/catalina/core/StandardHost:startInternal:0\n', 'org/apache/catalina/core/StandardContext:initInternal:6300\n', 'org/apache/catalina/core/StandardContext:initInternal:6301\n', 'org/apache/catalina/core/StandardContext:startInternal:0\n', 'org/apache/catalina/core/StandardContext:startInternal:4993\n', 'org/apache/catalina/core/StandardContext:startInternal:4994\n', 'org/apache/catalina/core/StandardContext:getResources:2512\n', 'org/apache/catalina/core/StandardContext:getResources:2513\n', 'org/apache/catalina/core/StandardContext:getResources:2516\n', 'org/apache/catalina/core/StandardContext:getResources:2517\n', 'org/apache/catalina/core/StandardContext:setResources:2525\n', 'org/apache/catalina/core/StandardContext:setResources:2526\n', 'org/apache/catalina/core/StandardContext:setResources:2549\n', 'org/apache/catalina/core/StandardContext:setResources:2550\n', 'org/apache/catalina/webresources/TomcatURLStreamHandlerFactory:getInstanceInternal:51\n', 'org/apache/catalina/webresources/TomcatURLStreamHandlerFactory:getInstanceInternal:55\n', 'org/apache/catalina/core/StandardContext:getLoader:1865\n', 'org/apache/catalina/core/StandardContext:getLoader:1866\n', 'org/apache/catalina/core/StandardContext:getLoader:1869\n', 'org/apache/catalina/core/StandardContext:getLoader:1870\n', 'org/apache/catalina/core/StandardContext:setLoader:1877\n', 'org/apache/catalina/core/StandardContext:setLoader:1878\n', 'org/apache/catalina/core/StandardContext:setLoader:1910\n', 'org/apache/catalina/core/StandardContext:setLoader:1911\n', 'org/apache/catalina/util/ExtensionValidator:validateApplication:0\n', 'org/apache/catalina/webresources/Cache:getResource:74\n', 'org/apache/catalina/webresources/Cache:getResource:75\n', 'org/apache/catalina/webresources/Cache:getResource:91\n', 'org/apache/catalina/webresources/Cache:getResource:92\n', 'org/apache/catalina/webresources/CachedResource:validateResource:100\n', 'org/apache/catalina/webresources/CachedResource:validateResource:101\n', 'org/apache/catalina/webresources/CachedResource:validateResource:103\n', 'org/apache/catalina/webresources/CachedResource:validateResource:117\n', 'org/apache/catalina/webresources/Cache:getResource:102\n', 'org/apache/catalina/webresources/Cache:getResource:103\n', 'org/apache/catalina/webresources/Cache:getResource:104\n', 'org/apache/catalina/webresources/Cache:getResource:105\n', 'org/apache/catalina/webresources/Cache:getResources:149\n', 'org/apache/catalina/webresources/Cache:getResources:150\n', 'org/apache/catalina/webresources/Cache:getResources:169\n', 'org/apache/catalina/webresources/Cache:getResources:170\n', 'org/apache/catalina/webresources/CachedResource:validateResources:153\n', 'org/apache/catalina/webresources/CachedResource:validateResources:154\n', 'org/apache/catalina/webresources/CachedResource:validateResources:156\n', 'org/apache/catalina/webresources/CachedResource:validateResources:161\n', 'org/apache/catalina/webresources/Cache:getResources:178\n', 'org/apache/catalina/webresources/Cache:getResources:179\n', 'org/apache/catalina/webresources/Cache:getResources:180\n', 'org/apache/catalina/webresources/Cache:getResources:181\n', 'org/apache/catalina/util/ExtensionValidator:validateApplication:161\n', 'org/apache/catalina/core/StandardContext:bind:5857\n', 'org/apache/catalina/core/StandardContext:bind:5858\n', 'org/apache/naming/ContextBindings:unbindThread:158\n', 'org/apache/naming/ContextBindings:unbindThread:159\n', 'org/apache/naming/ContextBindings:unbindThread:160\n', 'org/apache/catalina/core/StandardContext:bind:5874\n', 'org/apache/catalina/core/StandardContext:bind:5875\n', 'org/apache/catalina/core/StandardContext:findFilterDefs:3477\n', 'org/apache/catalina/core/StandardContext:findFilterDefs:3479\n', 'org/apache/catalina/loader/WebappClassLoaderBase:loadClass:1247\n', 'org/apache/catalina/loader/WebappClassLoaderBase:loadClass:1399\n', 'org/apache/catalina/loader/WebappClassLoaderBase:loadClass:1359\n', 'org/apache/naming/factory/FactoryBase:getObjectInstance:61\n', 'org/apache/naming/factory/FactoryBase:getObjectInstance:62\n', 'org/apache/tomcat/jdbc/pool/PoolProperties:<init>:68\n', 'org/apache/tomcat/jdbc/pool/PoolProperties:<init>:69\n', 'org/apache/tomcat/jdbc/pool/DataSourceProxy:pCreatePool:0\n', 'org/apache/tomcat/jdbc/pool/ConnectionPool:registerCleaner:0\n', 'org/apache/tomcat/jdbc/pool/ConnectionPool:unregisterCleaner:0\n', 'org/apache/tomcat/jdbc/pool/ConnectionPool:unregisterCleaner:1544\n', 'org/apache/tomcat/jdbc/pool/ConnectionPool:registerCleaner:1517\n', 'org/apache/tomcat/jdbc/pool/ConnectionPool:registerCleaner:1518\n', 'org/apache/tomcat/jdbc/pool/ConnectionPool:registerCleaner:1519\n', 'org/apache/tomcat/jdbc/pool/ConnectionPool:registerCleaner:1520\n', 'org/apache/tomcat/jdbc/pool/ConnectionPool$PrivilegedNewTimer:run:1550\n', 'org/apache/tomcat/jdbc/pool/ConnectionPool$PrivilegedNewTimer:run:1551\n', 'org/apache/tomcat/jdbc/pool/ConnectionPool:registerCleaner:1526\n', 'org/apache/tomcat/jdbc/pool/ConnectionPool:registerCleaner:1527\n', 'org/apache/tomcat/jdbc/pool/ConnectionPool:registerCleaner:1530\n', 'org/apache/tomcat/jdbc/pool/PoolProperties$InterceptorDefinition:getInterceptorClass:982\n', 'org/apache/tomcat/jdbc/pool/PoolProperties$InterceptorDefinition:getInterceptorClass:983\n', 'io/prometheus/client/CollectorRegistry:register:52\n', 'io/prometheus/client/CollectorRegistry:register:64\n', 'org/apache/tomcat/jdbc/pool/ConnectionPool:borrowConnection:672\n', 'org/apache/tomcat/jdbc/pool/ConnectionPool:borrowConnection:673\n', 'org/apache/tomcat/jdbc/pool/FairBlockingQueue:poll:259\n', 'org/apache/tomcat/jdbc/pool/FairBlockingQueue:poll:260\n', 'org/apache/tomcat/jdbc/pool/FairBlockingQueue:poll:263\n', 'org/apache/tomcat/jdbc/pool/FairBlockingQueue:poll:264\n', 'org/apache/tomcat/jdbc/pool/ConnectionPool:borrowConnection:690\n', 'org/apache/tomcat/jdbc/pool/ConnectionPool:borrowConnection:691\n', 'org/apache/tomcat/jdbc/pool/ConnectionPool:borrowConnection:692\n', 'org/apache/tomcat/jdbc/pool/ConnectionPool:borrowConnection:693\n', 'org/apache/tomcat/jdbc/pool/PooledConnection:<init>:103\n', 'org/apache/tomcat/jdbc/pool/PooledConnection:<init>:104\n', 'org/apache/tomcat/jdbc/pool/ConnectionPool:getPoolVersion:1559\n', 'org/apache/tomcat/jdbc/pool/ConnectionPool:getPoolVersion:1560\n', 'org/apache/tomcat/jdbc/pool/PooledConnection:lock:780\n', 'org/apache/tomcat/jdbc/pool/PooledConnection:lock:781\n', 'org/apache/tomcat/jdbc/pool/PooledConnection:connect:211\n', 'org/apache/tomcat/jdbc/pool/PooledConnection:connect:212\n', 'org/apache/tomcat/jdbc/pool/PooledConnection:connectUsingDriver:308\n', 'org/apache/tomcat/jdbc/pool/PooledConnection:connectUsingDriver:309\n', 'org/h2/Driver:load:0\n', 'org/h2/Driver:load:155\n', 'org/h2/engine/Engine:openSession:57\n', 'org/h2/engine/Engine:openSession:59\n', 'org/h2/engine/Engine:openSession:63\n', 'org/h2/message/TraceSystem:getTrace:131\n', 'org/h2/message/TraceSystem:getTrace:132\n', 'org/h2/message/TraceSystem:getTrace:134\n', 'org/h2/message/TraceSystem:getTrace:135\n', 'org/h2/mvstore/MVStore$TxCounter:<clinit>:3690\n', 'org/h2/mvstore/MVStore$TxCounter:<clinit>:3691\n', 'org/h2/mvstore/Page:<clinit>:91\n', 'org/h2/mvstore/Page:<clinit>:92\n', 'org/h2/mvstore/MVMap:setInitialRoot:853\n', 'org/h2/mvstore/MVMap:setInitialRoot:854\n', 'org/h2/mvstore/MVMap:getRoot:830\n', 'org/h2/mvstore/MVMap:getRoot:831\n', 'org/h2/mvstore/MVStore:openMetaMap:490\n', 'org/h2/mvstore/MVStore:openMetaMap:491\n', 'org/h2/mvstore/MVMap:compareAndSetRoot:865\n', 'org/h2/mvstore/MVMap:compareAndSetRoot:866\n', 'org/h2/mvstore/MVStore:getOldestVersionToKeep:2758\n', 'org/h2/mvstore/MVStore:getOldestVersionToKeep:2759\n', 'org/h2/mvstore/MVStore$TxCounter:decrementAndGet:3716\n', 'org/h2/mvstore/MVStore$TxCounter:decrementAndGet:3717\n', 'org/h2/mvstore/MVStore:setOldestVersionToKeep:2772\n', 'org/h2/mvstore/MVStore:setOldestVersionToKeep:2773\n', 'org/h2/engine/Database:findSetting:986\n', 'org/h2/engine/Database:findSetting:987\n', 'org/h2/mvstore/MVStore:openMap:648\n', 'org/h2/mvstore/MVStore:openMap:649\n', 'org/h2/mvstore/MVStore:openMap:665\n', 'org/h2/mvstore/MVStore:openMap:666\n', 'org/h2/engine/Database:getModificationMetaId:444\n', 'org/h2/engine/Database:getModificationMetaId:445\n', 'org/h2/engine/Database:<init>:334\n', 'org/h2/engine/Database:<init>:335\n', 'org/h2/engine/Database:<init>:336\n', 'org/h2/engine/Database:<init>:343\n', 'org/h2/engine/Database:<init>:344\n', 'org/h2/schema/Schema:createTable:771\n', 'org/h2/mvstore/tx/TransactionStore:registerTransaction:399\n', 'org/h2/mvstore/tx/TransactionStore:registerTransaction:400\n', 'org/h2/mvstore/tx/TransactionStore:registerTransaction:416\n', 'org/h2/mvstore/tx/TransactionStore:registerTransaction:417\n', 'org/h2/mvstore/tx/TransactionStore:registerTransaction:423\n', 'org/h2/mvstore/tx/TransactionStore:registerTransaction:424\n', 'org/h2/mvstore/tx/Transaction:getStatus:202\n', 'org/h2/mvstore/tx/Transaction:getStatus:203\n', 'org/h2/mvstore/tx/Transaction:setStatus:216\n', 'org/h2/mvstore/tx/Transaction:setStatus:217\n', 'org/h2/mvstore/tx/Transaction:setStatus:255\n', 'org/h2/mvstore/tx/Transaction:setStatus:256\n', 'org/h2/mvstore/tx/TransactionStore:endTransaction:614\n', 'org/h2/mvstore/tx/TransactionStore:endTransaction:615\n', 'org/h2/mvstore/tx/TransactionStore:endTransaction:618\n', 'org/h2/mvstore/tx/TransactionStore:endTransaction:619\n', 'org/h2/mvstore/tx/TransactionStore:endTransaction:622\n', 'org/h2/mvstore/tx/TransactionStore:endTransaction:623\n', 'org/h2/mvstore/db/MVPrimaryIndex:<init>:60\n', 'org/h2/mvstore/db/MVPrimaryIndex:<init>:61\n', 'org/h2/mvstore/db/Store:createTable:197\n', 'org/h2/mvstore/db/Store:createTable:198\n', 'org/h2/schema/Schema:createTable:781\n', 'org/h2/mvstore/db/MVTable:lock:179\n', 'org/h2/mvstore/db/MVTable:lock:183\n', 'org/h2/mvstore/db/MVTable:lock:184\n', 'org/h2/mvstore/db/MVTable:doLock2:249\n', 'org/h2/mvstore/db/MVTable:doLock2:250\n', 'org/h2/mvstore/db/MVTable:lock:197\n', 'org/h2/engine/Database:addSchemaObject:907\n', 'org/h2/schema/Schema:freeUniqueName:489\n', 'org/h2/schema/Schema:freeUniqueName:491\n', 'org/h2/engine/Database:addSchemaObject:910\n', 'org/h2/engine/Database:getNextModificationMetaId:450\n', 'org/h2/engine/Database:getNextModificationMetaId:451\n', 'org/h2/engine/Database:getNextModificationMetaId:452\n', 'org/h2/mvstore/MVStore:isBackgroundThread:3418\n', 'org/h2/mvstore/MVStore:isBackgroundThread:3419\n', 'org/h2/engine/Database:throwLastBackgroundException:1796\n', 'org/h2/engine/Database:throwLastBackgroundException:1797\n', 'org/h2/mvstore/tx/TransactionMap:useSnapshot:545\n', 'org/h2/mvstore/tx/TransactionMap:useSnapshot:546\n', 'org/h2/mvstore/tx/TransactionMap:useSnapshot:549\n', 'org/h2/mvstore/tx/TransactionMap:useSnapshot:550\n', 'org/h2/engine/Database:executeMeta:608\n', 'org/h2/engine/Database:executeMeta:653\n', 'org/h2/engine/Database:getNextModificationDataId:440\n', 'org/h2/engine/Database:getNextModificationDataId:441\n', 'org/h2/mvstore/db/MVTable:syncLastModificationIdWithDatabase:666\n', 'org/h2/mvstore/db/MVTable:syncLastModificationIdWithDatabase:667\n', 'org/h2/mvstore/db/MVTable:syncLastModificationIdWithDatabase:668\n', 'org/h2/mvstore/db/MVTable:syncLastModificationIdWithDatabase:669\n', 'org/h2/mvstore/db/MVTable:unlock:298\n', 'org/h2/mvstore/db/MVTable:unlock:299\n', 'org/h2/mvstore/tx/TransactionStore:getOpenTransactions:349\n', 'org/h2/mvstore/tx/TransactionStore:getOpenTransactions:350\n', 'org/h2/engine/Database:recompileInvalidViews:699\n', 'org/h2/engine/Database:recompileInvalidViews:700\n', 'org/h2/schema/Schema:getAllTablesAndViews:724\n', 'org/h2/schema/Schema:getAllTablesAndViews:725\n', 'org/h2/engine/Database:getSessions:1446\n', 'org/h2/engine/Database:getSessions:1448\n', 'org/h2/engine/Database:<init>:366\n', 'org/h2/engine/Database:<init>:367\n', 'org/h2/engine/Database:allocateObjectId:1324\n', 'org/h2/engine/Database:allocateObjectId:1327\n', 'org/h2/engine/Database:addDatabaseObject:0\n', 'org/h2/mvstore/tx/Transaction:getLogId:616\n', 'org/h2/mvstore/tx/Transaction:getLogId:617\n', 'org/h2/mvstore/tx/Transaction:log:400\n', 'org/h2/mvstore/tx/Transaction:log:401\n', 'org/h2/mvstore/RootReference:<init>:87\n', 'org/h2/mvstore/RootReference:<init>:88\n', 'org/h2/mvstore/RootReference:canUpdate:198\n', 'org/h2/mvstore/RootReference:canUpdate:199\n', 'org/h2/mvstore/db/MVPrimaryIndex:add:131\n', 'org/h2/mvstore/db/MVPrimaryIndex:add:132\n', 'org/h2/mvstore/db/MVPrimaryIndex:add:133\n', 'org/h2/mvstore/db/MVTable:analyzeIfRequired:564\n', 'org/h2/mvstore/db/MVTable:analyzeIfRequired:565\n', 'org/h2/engine/Database:addDatabaseObject:938\n', 'org/h2/mvstore/MVStore$TxCounter:incrementAndGet:3707\n', 'org/h2/mvstore/MVStore$TxCounter:incrementAndGet:3708\n', 'org/h2/mvstore/db/LobStorageMap:<init>:134\n', 'org/h2/mvstore/db/LobStorageMap:<init>:135\n', 'org/h2/mvstore/MVStore:deregisterVersionUsage:3582\n', 'org/h2/mvstore/MVStore:deregisterVersionUsage:3583\n', 'org/h2/mvstore/MVStore:deregisterVersionUsage:3584\n', 'org/h2/mvstore/MVStore:deregisterVersionUsage:3585\n', 'org/h2/mvstore/MVStore:deregisterVersionUsage:3588\n', 'org/h2/mvstore/MVStore:deregisterVersionUsage:3589\n', 'org/h2/mvstore/tx/TransactionStore:flipCommittingTransactionsBit:540\n', 'org/h2/mvstore/tx/TransactionStore:flipCommittingTransactionsBit:541\n', 'org/h2/mvstore/tx/TransactionStore:flipCommittingTransactionsBit:544\n', 'org/h2/mvstore/tx/TransactionStore:flipCommittingTransactionsBit:545\n', 'org/h2/mvstore/MVStore:getMap:714\n', 'org/h2/mvstore/MVStore:getMap:715\n', 'org/h2/engine/OnExitDatabaseCloser:register:0\n', 'org/h2/engine/OnExitDatabaseCloser:register:52\n', 'org/h2/engine/Database:getAllUsersAndRoles:1403\n', 'org/h2/engine/Database:getAllUsersAndRoles:1404\n', 'org/h2/engine/Database:setMasterUser:0\n', 'org/h2/engine/Database:setMasterUser:1708\n', 'org/h2/engine/Engine:openSession:111\n', 'org/h2/engine/Database:createSession:0\n', 'org/h2/engine/Database:createSession:1038\n', 'org/h2/engine/Database:createSession:1039\n', 'org/h2/engine/Database:createSession:1049\n', 'org/h2/engine/Engine:openSession:238\n', 'org/h2/engine/Engine:openSession:289\n', 'org/h2/engine/SessionLocal:isClosed:1152\n', 'org/h2/engine/SessionLocal:isClosed:1153\n', 'org/h2/message/TraceObject:getNextId:154\n', 'org/h2/message/TraceObject:getNextId:155\n', 'org/apache/tomcat/jdbc/pool/PooledConnection:connect:248\n', 'org/apache/tomcat/jdbc/pool/PooledConnection:connect:249\n', 'org/apache/tomcat/jdbc/pool/ConnectionPool:createConnection:776\n', 'org/apache/tomcat/jdbc/pool/ConnectionPool:createConnection:777\n', 'org/apache/tomcat/jdbc/pool/ConnectionPool:createConnection:779\n', 'org/apache/tomcat/jdbc/pool/ConnectionPool:createConnection:780\n', 'org/apache/tomcat/jdbc/pool/PooledConnection:unlock:791\n', 'org/apache/tomcat/jdbc/pool/PooledConnection:unlock:792\n', 'org/h2/engine/Database:findUserOrRole:1023\n', 'org/h2/engine/Database:findUserOrRole:1024\n', 'org/apache/tomcat/jdbc/pool/ConnectionPool:returnConnection:1004\n', 'org/apache/tomcat/jdbc/pool/ConnectionPool:returnConnection:1005\n', 'org/apache/tomcat/jdbc/pool/ConnectionPool:returnConnection:1016\n', 'org/apache/tomcat/jdbc/pool/ConnectionPool:returnConnection:1017\n', 'org/apache/tomcat/jdbc/pool/ConnectionPool:returnConnection:1021\n', 'org/apache/tomcat/jdbc/pool/ConnectionPool:returnConnection:1022\n', 'org/apache/tomcat/jdbc/pool/FairBlockingQueue:offer:95\n', 'org/apache/tomcat/jdbc/pool/FairBlockingQueue:offer:96\n', 'org/apache/tomcat/jdbc/pool/FairBlockingQueue:offer:112\n', 'org/apache/tomcat/jdbc/pool/FairBlockingQueue:offer:113\n', 'org/apache/tomcat/jdbc/pool/ConnectionPool:returnConnection:1023\n', 'org/apache/tomcat/jdbc/pool/DataSourceProxy:pCreatePool:122\n', 'org/apache/catalina/core/StandardWrapper:startInternal:0\n', 'org/apache/catalina/core/StandardPipeline:startInternal:0\n', 'org/apache/catalina/valves/ValveBase:startInternal:0\n', 'org/apache/catalina/valves/ValveBase:startInternal:166\n', 'org/apache/catalina/core/StandardPipeline:startInternal:182\n', 'org/apache/catalina/core/ContainerBase:startInternal:954\n', 'org/apache/catalina/core/StandardWrapper:setAvailable:324\n', 'org/apache/catalina/core/StandardWrapper:setAvailable:325\n', 'org/apache/catalina/core/StandardWrapper:startInternal:1602\n', 'org/apache/catalina/authenticator/AuthenticatorBase:startInternal:0\n', 'org/apache/catalina/authenticator/AuthenticatorBase:startInternal:1350\n', 'org/apache/catalina/core/StandardContext:getManager:1921\n', 'org/apache/catalina/core/StandardContext:getManager:1922\n', 'org/apache/catalina/core/StandardContext:getManager:1925\n', 'org/apache/catalina/core/StandardContext:getManager:1926\n', 'org/apache/catalina/core/ContainerBase:getCluster:370\n', 'org/apache/catalina/core/ContainerBase:getCluster:371\n', 'org/apache/catalina/core/ContainerBase:getCluster:382\n', 'org/apache/catalina/core/ContainerBase:getCluster:383\n', 'org/apache/catalina/core/StandardContext:setManager:1934\n', 'org/apache/catalina/core/StandardContext:setManager:1935\n', 'org/apache/catalina/core/StandardContext:setManager:1966\n', 'org/apache/catalina/core/StandardContext:setManager:1967\n', 'org/apache/catalina/deploy/NamingResourcesImpl:findLocalEjbs:590\n', 'org/apache/catalina/deploy/NamingResourcesImpl:findLocalEjbs:592\n', 'org/apache/catalina/core/StandardContext:findApplicationParameters:3406\n', 'org/apache/catalina/core/StandardContext:findApplicationParameters:3407\n', 'org/apache/catalina/session/StandardManager:startInternal:0\n', 'org/apache/catalina/util/SessionIdGeneratorBase:createSecureRandom:218\n', 'org/apache/catalina/util/SessionIdGeneratorBase:createSecureRandom:219\n', 'org/apache/catalina/util/SessionIdGeneratorBase:createSecureRandom:271\n', 'org/apache/catalina/util/SessionIdGeneratorBase:createSecureRandom:272\n', 'org/apache/catalina/session/StandardManager:startInternal:363\n', 'org/apache/catalina/core/StandardContext:filterStart:4604\n', 'org/apache/catalina/core/DefaultInstanceManager:populateAnnotationsCache:443\n', 'org/apache/catalina/core/DefaultInstanceManager:populateAnnotationsCache:445\n', 'org/apache/catalina/core/StandardContext:filterStart:4623\n', 'org/apache/catalina/core/StandardContext:unbind:5910\n', 'org/apache/catalina/core/StandardContext:unbind:5911\n', 'org/apache/catalina/core/StandardContext:startInternal:5286\n', 'org/apache/catalina/core/StandardContext:startInternal:5287\n', 'org/apache/catalina/core/StandardContext:startInternal:5292\n', 'org/apache/catalina/core/StandardContext:startInternal:5293\n', 'org/apache/catalina/core/StandardContext:startInternal:5314\n', 'java/util/concurrent/FutureTask:run:267\n', 'java/util/concurrent/FutureTask:run:274\n', 'java/util/concurrent/FutureTask:set:233\n', 'java/util/concurrent/FutureTask:finishCompletion:384\n', 'java/util/concurrent/FutureTask:finishCompletion:385\n', 'java/util/concurrent/FutureTask:set:234\n', 'java/util/concurrent/FutureTask:run:275\n', 'org/apache/tomcat/util/threads/InlineExecutorService:execute:76\n', 'org/apache/tomcat/util/threads/InlineExecutorService:execute:82\n', 'org/apache/catalina/core/ContainerBase:startInternal:920\n', 'org/apache/catalina/core/ContainerBase:startInternal:926\n', 'java/util/concurrent/FutureTask:get:192\n', 'java/util/concurrent/FutureTask:get:193\n', 'org/apache/catalina/core/ContainerBase:startInternal:927\n', 'org/apache/catalina/core/StandardHost:startInternal:836\n', 'org/apache/catalina/core/ContainerBase:startInternal:951\n', 'org/apache/tomcat/util/threads/ScheduledThreadPoolExecutor:scheduleWithFixedDelay:138\n', 'java/util/concurrent/FutureTask:<init>:152\n', 'java/util/concurrent/FutureTask:<init>:153\n', 'org/apache/tomcat/util/threads/TaskThreadFactory:newThread:49\n', 'org/apache/tomcat/util/threads/TaskThreadFactory:newThread:50\n', 'org/apache/tomcat/util/threads/TaskThread:<init>:33\n', 'org/apache/tomcat/util/threads/TaskThread:<init>:34\n', 'org/apache/tomcat/util/threads/ScheduledThreadPoolExecutor:scheduleWithFixedDelay:139\n', 'org/apache/catalina/core/ContainerBase:startInternal:952\n', 'org/apache/catalina/core/StandardEngine:startInternal:264\n', 'org/apache/catalina/core/StandardService:startInternal:433\n', 'org/apache/catalina/core/StandardService:startInternal:436\n', 'org/apache/catalina/core/StandardService:startInternal:440\n', 'org/apache/catalina/mapper/Mapper:setDefaultHostName:0\n', 'org/apache/catalina/mapper/Mapper:setDefaultHostName:94\n', 'org/apache/catalina/core/StandardHost:findAliases:752\n', 'org/apache/catalina/core/StandardHost:findAliases:753\n', 'org/apache/catalina/mapper/Mapper:addHost:0\n', 'org/apache/catalina/mapper/Mapper:addHost:143\n', 'org/apache/catalina/core/StandardContext:findWelcomeFiles:3748\n', 'org/apache/catalina/core/StandardContext:findWelcomeFiles:3749\n', 'org/apache/catalina/core/StandardWrapper:findMappings:932\n', 'org/apache/catalina/core/StandardWrapper:findMappings:933\n', 'org/apache/catalina/core/StandardWrapper:findMappings:936\n', 'org/apache/catalina/core/StandardWrapper:findMappings:937\n', 'org/apache/catalina/mapper/Mapper:addContextVersion:282\n', 'org/apache/catalina/mapper/Mapper:addWrapper:466\n', 'org/apache/catalina/mapper/Mapper:addWrapper:515\n', 'org/apache/catalina/mapper/Mapper:addContextVersion:316\n', 'org/apache/catalina/core/StandardService:startInternal:445\n', 'org/apache/catalina/core/StandardService:startInternal:452\n', 'org/apache/catalina/core/StandardServer:startInternal:929\n', 'org/apache/catalina/core/StandardServer:startInternal:932\n', 'org/apache/catalina/core/StandardServer:startInternal:933\n', 'org/apache/catalina/core/StandardService:addConnector:224\n', 'org/apache/catalina/core/StandardService:addConnector:230\n', 'org/apache/coyote/AbstractProtocol:getNameIndex:0\n', 'org/apache/coyote/AbstractProtocol:getNameIndex:357\n', 'org/apache/coyote/AbstractProtocol:getNameIndex:358\n', 'org/apache/coyote/AbstractProtocol:getNameIndex:360\n', 'org/apache/tomcat/util/net/NioEndpoint:initServerSocket:270\n', 'org/apache/tomcat/util/net/NioEndpoint:initServerSocket:271\n', 'org/apache/tomcat/util/net/NioEndpoint:initServerSocket:272\n', 'org/apache/tomcat/util/net/NioEndpoint:initServerSocket:273\n', 'org/apache/tomcat/util/net/NioEndpoint:initServerSocket:274\n', 'org/apache/tomcat/util/net/AbstractJsseEndpoint:getLocalAddress:232\n', 'org/apache/tomcat/util/net/AbstractJsseEndpoint:getLocalAddress:233\n', 'org/apache/tomcat/util/threads/ThreadPoolExecutor:<init>:483\n', 'org/apache/tomcat/util/threads/ThreadPoolExecutor:<init>:484\n', 'org/apache/tomcat/util/threads/ThreadPoolExecutor:addWorker:927\n', 'org/apache/tomcat/util/threads/ThreadPoolExecutor:addWorker:928\n', 'org/apache/tomcat/util/threads/ThreadPoolExecutor:compareAndIncrementWorkerCount:427\n', 'org/apache/tomcat/util/threads/ThreadPoolExecutor:compareAndIncrementWorkerCount:428\n', 'org/apache/tomcat/util/threads/ThreadPoolExecutor:addWorker:961\n', 'org/apache/tomcat/util/threads/ThreadPoolExecutor:addWorker:962\n', 'org/apache/tomcat/util/threads/ThreadPoolExecutor:addWorker:966\n', 'org/apache/tomcat/util/threads/ThreadPoolExecutor:addWorker:967\n', 'org/apache/tomcat/util/threads/ThreadPoolExecutor:addWorker:970\n', 'org/apache/tomcat/util/threads/ThreadPoolExecutor:addWorker:971\n', 'org/apache/tomcat/util/threads/ThreadPoolExecutor:addWorker:981\n', 'org/apache/tomcat/util/threads/ThreadPoolExecutor:addWorker:982\n', 'org/apache/tomcat/util/threads/ThreadPoolExecutor:addWorker:984\n', 'org/apache/tomcat/util/threads/ThreadPoolExecutor:addWorker:985\n', 'org/apache/tomcat/util/net/NioEndpoint$Poller:<init>:624\n', 'org/apache/tomcat/util/net/NioEndpoint$Poller:<init>:625\n', 'org/apache/tomcat/util/net/NioEndpoint:startInternal:312\n', 'org/apache/tomcat/util/net/NioEndpoint:startInternal:313\n', 'org/apache/tomcat/util/net/NioEndpoint:startInternal:314\n', 'org/apache/tomcat/util/net/NioEndpoint:startInternal:315\n', 'org/apache/tomcat/util/net/AbstractEndpoint:startAcceptorThread:1311\n', 'org/apache/tomcat/util/net/AbstractEndpoint:startAcceptorThread:1312\n', 'org/apache/tomcat/util/net/AbstractEndpoint:startAcceptorThread:1313\n', 'org/apache/tomcat/util/net/AbstractEndpoint:startAcceptorThread:1314\n', 'org/apache/coyote/AbstractProtocol:start:615\n', 'org/apache/coyote/AbstractProtocol:start:616\n', 'io/prometheus/client/CollectorRegistry:collectors:103\n', 'io/prometheus/client/CollectorRegistry:collectors:104\n', 'io/prometheus/client/Histogram$Child:get:464\n', 'io/prometheus/client/Histogram$Child:get:465\n', 'org/apache/catalina/util/LifecycleBase:stop:0\n', 'java/util/concurrent/FutureTask:cancel:180\n', 'java/util/concurrent/FutureTask:cancel:181\n', 'org/apache/catalina/core/StandardService:stopInternal:467\n', 'org/apache/tomcat/util/threads/LimitLatch$Sync:tryReleaseShared:55\n', 'org/apache/tomcat/util/threads/LimitLatch$Sync:tryReleaseShared:56\n', 'org/apache/tomcat/util/net/AbstractEndpoint:unlockAccept:1056\n', 'org/apache/catalina/core/StandardService:stopInternal:487\n', 'org/apache/catalina/core/StandardService:stopInternal:496\n', 'org/apache/catalina/core/ContainerBase:stopInternal:0\n', 'org/apache/catalina/core/StandardPipeline:stopInternal:0\n', 'org/apache/catalina/valves/ValveBase:stopInternal:0\n', 'org/apache/catalina/valves/ValveBase:stopInternal:179\n', 'org/apache/catalina/util/LifecycleBase:stop:275\n', 'org/apache/catalina/core/StandardPipeline:stopInternal:208\n', 'org/apache/catalina/core/ContainerBase:stopInternal:986\n', 'org/apache/catalina/core/ContainerBase$StopChild:call:0\n', 'org/apache/catalina/mapper/Mapper:removeHost:0\n', 'org/apache/catalina/mapper/Mapper:removeHost:167\n', 'org/apache/catalina/core/StandardContext:stopInternal:0\n', 'org/apache/catalina/core/StandardContext:stopInternal:5432\n', 'org/apache/catalina/core/StandardContext:stopInternal:5433\n', 'org/apache/catalina/core/StandardContext:stopInternal:5440\n', 'org/apache/catalina/core/StandardContext:stopInternal:5441\n', 'org/apache/catalina/core/StandardContext:stopInternal:5442\n', 'org/apache/naming/ContextBindings:bindThread:144\n', 'org/apache/naming/ContextBindings:bindThread:145\n', 'org/apache/naming/ContextBindings:bindThread:146\n', 'org/apache/catalina/core/StandardWrapper:stopInternal:0\n', 'org/apache/catalina/core/StandardWrapper:unload:0\n', 'org/apache/catalina/core/StandardWrapper:unload:1292\n', 'org/apache/catalina/core/StandardWrapper:unload:1293\n', 'org/apache/catalina/core/StandardWrapper:unload:1409\n', 'org/apache/catalina/core/ContainerBase:stopInternal:1012\n', 'org/apache/catalina/core/StandardWrapper:stopInternal:1650\n', 'org/apache/catalina/core/StandardContext:filterStop:4641\n', 'org/apache/catalina/core/StandardContext:filterStop:4650\n', 'org/apache/catalina/session/StandardManager:stopInternal:0\n', 'org/apache/catalina/session/StandardManager:doUnload:307\n', 'org/apache/catalina/session/StandardManager:doUnload:319\n', 'org/apache/catalina/session/StandardSession:expire:765\n', 'org/apache/catalina/session/ManagerBase:remove:768\n', 'org/apache/catalina/session/ManagerBase:remove:769\n', 'org/apache/catalina/session/ManagerBase:updateSessionMaxAliveTime:1033\n', 'org/apache/catalina/session/ManagerBase:updateSessionMaxAliveTime:1037\n', 'org/apache/catalina/session/ManagerBase:remove:772\n', 'org/apache/catalina/session/ManagerBase:remove:773\n', 'org/apache/catalina/session/ManagerBase:remove:774\n', 'org/apache/catalina/session/ManagerBase:remove:777\n', 'org/apache/catalina/session/StandardSession:expire:866\n', 'org/apache/catalina/session/StandardManager:stopInternal:408\n', 'org/apache/naming/ContextBindings:getClassLoader:260\n', 'org/apache/naming/ContextBindings:getClassLoader:261\n', 'org/apache/naming/factory/ResourceLinkFactory:deregisterGlobalResourceAccess:97\n', 'org/apache/naming/factory/ResourceLinkFactory:deregisterGlobalResourceAccess:98\n', 'org/apache/catalina/authenticator/AuthenticatorBase:stopInternal:0\n', 'org/apache/catalina/authenticator/AuthenticatorBase:stopInternal:1367\n', 'org/apache/catalina/loader/WebappClassLoaderBase:loadClass:1322\n', 'org/apache/catalina/loader/WebappClassLoaderBase:getThreads:2179\n', 'org/apache/catalina/loader/WebappClassLoaderBase:getThreads:2180\n', 'org/apache/catalina/loader/WebappClassLoaderBase:clearReferencesThreads:1763\n', 'org/apache/catalina/loader/WebappClassLoaderBase:clearReferencesThreads:1764\n', 'org/apache/catalina/loader/WebappClassLoaderBase:clearReferencesThreads:1766\n', 'org/apache/catalina/loader/WebappClassLoaderBase:clearReferencesThreads:1767\n', 'org/apache/catalina/loader/WebappClassLoaderBase:clearReferencesRmiTargets:2239\n', 'org/apache/catalina/loader/WebappClassLoaderBase:clearReferencesRmiTargets:2274\n', 'org/apache/catalina/core/StandardContext:resourcesStop:4909\n', 'org/apache/catalina/core/StandardContext:resourcesStop:4910\n', 'org/apache/catalina/util/LifecycleBase:destroy:0\n', 'org/apache/catalina/util/LifecycleBase:destroy:326\n', 'org/apache/catalina/webresources/Cache:clear:339\n', 'org/apache/catalina/webresources/Cache:clear:340\n', 'org/apache/catalina/core/StandardContext:resourcesStop:4919\n', 'org/apache/catalina/core/StandardContext:resourcesStop:4920\n', 'org/apache/catalina/core/StandardContext:stopInternal:5535\n', 'org/apache/catalina/core/StandardContext:stopInternal:5536\n', 'org/apache/catalina/core/ContainerBase:removeChild:837\n', 'org/apache/catalina/core/ContainerBase:removeChild:842\n', 'org/apache/catalina/core/ContainerBase:destroyInternal:1043\n', 'org/apache/tomcat/util/threads/InlineExecutorService:shutdown:35\n', 'org/apache/tomcat/util/threads/InlineExecutorService:shutdown:37\n', 'org/apache/catalina/core/ContainerBase:destroyInternal:1044\n', 'org/apache/catalina/core/ContainerBase:removeChild:839\n', 'org/apache/catalina/core/StandardContext:stopInternal:5556\n', 'org/apache/catalina/core/ContainerBase:stopInternal:987\n', 'org/apache/catalina/core/ContainerBase:stopInternal:992\n', 'org/apache/catalina/core/ContainerBase:stopInternal:993\n', 'org/apache/catalina/core/StandardService:stopInternal:498\n', 'org/apache/catalina/core/StandardService:stopInternal:502\n', 'org/apache/tomcat/util/net/Acceptor:stop:208\n', 'org/apache/tomcat/util/net/Acceptor:stop:209\n', 'org/apache/tomcat/util/net/NioEndpoint$Poller:destroy:639\n', 'org/apache/tomcat/util/net/NioEndpoint$Poller:destroy:640\n', 'org/apache/tomcat/util/net/NioEndpoint:stopInternal:337\n', 'org/apache/tomcat/util/net/NioEndpoint:stopInternal:338\n', 'org/apache/tomcat/util/threads/ThreadPoolExecutor:shutdownNow:1532\n', 'org/apache/tomcat/util/threads/ThreadPoolExecutor:shutdownNow:1533\n', 'org/apache/tomcat/util/threads/ThreadPoolExecutor:advanceRunState:718\n', 'org/apache/tomcat/util/threads/ThreadPoolExecutor:advanceRunState:719\n', 'org/apache/tomcat/util/threads/ThreadPoolExecutor:advanceRunState:720\n', 'org/apache/tomcat/util/threads/ThreadPoolExecutor:advanceRunState:721\n', 'org/apache/tomcat/util/threads/ThreadPoolExecutor$Worker:interruptIfStarted:695\n', 'org/apache/tomcat/util/threads/ThreadPoolExecutor$Worker:interruptIfStarted:696\n', 'org/apache/tomcat/util/threads/ThreadPoolExecutor$Worker:interruptIfStarted:697\n', 'org/apache/tomcat/util/threads/ThreadPoolExecutor$Worker:interruptIfStarted:698\n', 'org/apache/tomcat/util/threads/ThreadPoolExecutor:drainQueue:884\n', 'org/apache/tomcat/util/threads/ThreadPoolExecutor:drainQueue:885\n', 'org/apache/tomcat/util/threads/ThreadPoolExecutor:shutdownNow:1539\n', 'org/apache/tomcat/util/threads/ThreadPoolExecutor:shutdownNow:1540\n', 'org/apache/tomcat/util/threads/ThreadPoolExecutor:tryTerminate:738\n', 'org/apache/tomcat/util/threads/ThreadPoolExecutor:tryTerminate:739\n', 'org/apache/tomcat/util/threads/ThreadPoolExecutor:interruptIdleWorkers:823\n', 'org/apache/tomcat/util/threads/ThreadPoolExecutor:interruptIdleWorkers:824\n', 'org/apache/tomcat/util/threads/ThreadPoolExecutor:interruptIdleWorkers:827\n', 'org/apache/tomcat/util/threads/ThreadPoolExecutor:interruptIdleWorkers:828\n', 'org/apache/tomcat/util/threads/ThreadPoolExecutor$Worker:tryAcquire:675\n', 'org/apache/tomcat/util/threads/ThreadPoolExecutor$Worker:tryAcquire:676\n', 'org/apache/tomcat/util/threads/ThreadPoolExecutor:interruptIdleWorkers:829\n', 'org/apache/tomcat/util/threads/ThreadPoolExecutor:interruptIdleWorkers:830\n', 'org/apache/tomcat/util/threads/ThreadPoolExecutor:interruptIdleWorkers:840\n', 'org/apache/tomcat/util/threads/ThreadPoolExecutor:interruptIdleWorkers:841\n', 'org/apache/tomcat/util/threads/ThreadPoolExecutor:awaitTermination:1581\n', 'org/apache/tomcat/util/threads/ThreadPoolExecutor:awaitTermination:1582\n', 'org/apache/tomcat/util/threads/ThreadPoolExecutor:awaitTermination:1583\n', 'org/apache/tomcat/util/threads/ThreadPoolExecutor:awaitTermination:1584\n', 'org/apache/tomcat/util/threads/ThreadPoolExecutor:awaitTermination:1591\n', 'org/apache/tomcat/util/threads/ThreadPoolExecutor:awaitTermination:1592\n', 'org/apache/tomcat/util/threads/ThreadPoolExecutor:isTerminating:1567\n', 'org/apache/tomcat/util/threads/ThreadPoolExecutor:isTerminating:1568\n', 'org/apache/tomcat/util/collections/SynchronizedStack:clear:0\n', 'org/apache/tomcat/util/collections/SynchronizedStack:clear:90\n', 'org/apache/tomcat/util/collections/SynchronizedStack:pop:0\n', 'org/apache/tomcat/util/collections/SynchronizedStack:pop:76\n', 'org/apache/catalina/core/StandardService:stopInternal:513\n', 'org/apache/catalina/core/StandardService:stopInternal:521\n', 'org/apache/catalina/core/StandardService:stopInternal:525\n', 'org/apache/catalina/core/StandardService:destroyInternal:567\n', 'org/apache/coyote/AbstractProtocol$RecycledProcessors:clear:0\n', 'org/apache/tomcat/util/collections/SynchronizedStack:pop:80\n', 'org/apache/coyote/AbstractProtocol$RecycledProcessors:pop:1233\n', 'org/apache/coyote/AbstractProtocol$RecycledProcessors:pop:1234\n', 'org/apache/coyote/AbstractProtocol$ConnectionHandler:unregister:1157\n', 'org/apache/coyote/RequestGroupInfo:removeRequestProcessor:0\n', 'org/apache/coyote/RequestGroupInfo:removeRequestProcessor:54\n', 'org/apache/coyote/AbstractProtocol$ConnectionHandler:unregister:1176\n', 'org/apache/coyote/AbstractProtocol$RecycledProcessors:clear:1246\n', 'org/apache/coyote/AbstractProtocol$RecycledProcessors:clear:1247\n', 'org/apache/catalina/core/StandardService:removeConnector:284\n', 'org/apache/catalina/core/StandardService:removeConnector:316\n', 'org/apache/catalina/core/StandardService:destroyInternal:571\n', 'org/apache/catalina/core/StandardContext:destroyInternal:5577\n', 'org/apache/catalina/core/StandardContext:destroyInternal:5578\n', 'org/apache/catalina/core/StandardServer:destroyInternal:1060\n', 'org/apache/catalina/core/StandardServer:destroyInternal:1061\n', 'org/apache/catalina/session/StandardManager:doLoad:208\n', 'org/apache/catalina/util/CustomObjectInputStream:<init>:111\n', 'org/apache/catalina/util/CustomObjectInputStream:<init>:113\n', 'org/apache/catalina/util/CustomObjectInputStream:<init>:117\n', 'org/apache/catalina/util/CustomObjectInputStream:<init>:119\n', 'org/apache/catalina/session/StandardManager:doLoad:239\n', 'org/apache/tomcat/util/threads/ThreadPoolExecutor:awaitTermination:1587\n', 'org/apache/tomcat/util/threads/ThreadPoolExecutor:awaitTermination:1588\n', 'org/apache/tomcat/util/net/AbstractEndpoint:unlockAccept:1057\n', 'org/apache/tomcat/util/threads/ThreadPoolExecutor:tryTerminate:750\n', 'org/apache/tomcat/util/threads/ThreadPoolExecutor:tryTerminate:751\n', 'org/apache/tomcat/util/threads/ThreadPoolExecutor:tryTerminate:752\n', 'org/apache/tomcat/util/threads/ThreadPoolExecutor:tryTerminate:753\n', 'org/apache/tomcat/util/threads/ThreadPoolExecutor:tryTerminate:756\n', 'org/apache/tomcat/util/threads/ThreadPoolExecutor:tryTerminate:757\n', 'org/apache/tomcat/util/threads/ThreadPoolExecutor:tryTerminate:758\n', 'org/apache/tomcat/util/threads/ThreadPoolExecutor:tryTerminate:762\n', 'org/apache/tomcat/util/threads/ThreadPoolExecutor:tryTerminate:763\n']
INFO:root:Using timeout 1391.0 minutes
INFO:root:Running command:
INFO:root:/scratch/tbaral/ase26/nod-rr/NOD-Test-Repair/flakerake/jdk1.8.0_102/bin/java -XX:+ExitOnOutOfMemoryError -Xbootclasspath/p:/home/tbaral/.m2/repository/edu/gmu/swe/flaky/sleepy/sleepy-interceptor/0.0.4-SNAPSHOT/sleepy-interceptor-0.0.4-SNAPSHOT.jar -javaagent:/home/tbaral/.m2/repository/edu/gmu/swe/flaky/sleepy/sleepy-interceptor/0.0.4-SNAPSHOT/sleepy-interceptor-0.0.4-SNAPSHOT.jar   -cp '/home/tbaral/.m2/repository/io/prometheus/simpleclient/0.15.0/simpleclient-0.15.0.jar:/home/tbaral/.m2/repository/io/prometheus/simpleclient_tracer_otel/0.15.0/simpleclient_tracer_otel-0.15.0.jar:/home/tbaral/.m2/repository/io/prometheus/simpleclient_tracer_common/0.15.0/simpleclient_tracer_common-0.15.0.jar:/home/tbaral/.m2/repository/io/prometheus/simpleclient_tracer_otel_agent/0.15.0/simpleclient_tracer_otel_agent-0.15.0.jar:/home/tbaral/.m2/repository/io/prometheus/simpleclient_servlet/0.15.0/simpleclient_servlet-0.15.0.jar:/home/tbaral/.m2/repository/io/prometheus/simpleclient_common/0.15.0/simpleclient_common-0.15.0.jar:/home/tbaral/.m2/repository/io/prometheus/simpleclient_servlet_common/0.15.0/simpleclient_servlet_common-0.15.0.jar:/home/tbaral/.m2/repository/io/prometheus/simpleclient_hotspot/0.15.0/simpleclient_hotspot-0.15.0.jar:/home/tbaral/.m2/repository/org/apache/tomcat/tomcat-catalina/9.0.58/tomcat-catalina-9.0.58.jar:/home/tbaral/.m2/repository/org/apache/tomcat/tomcat-servlet-api/9.0.58/tomcat-servlet-api-9.0.58.jar:/home/tbaral/.m2/repository/org/apache/tomcat/tomcat-jsp-api/9.0.58/tomcat-jsp-api-9.0.58.jar:/home/tbaral/.m2/repository/org/apache/tomcat/tomcat-el-api/9.0.58/tomcat-el-api-9.0.58.jar:/home/tbaral/.m2/repository/org/apache/tomcat/tomcat-juli/9.0.58/tomcat-juli-9.0.58.jar:/home/tbaral/.m2/repository/org/apache/tomcat/tomcat-annotations-api/9.0.58/tomcat-annotations-api-9.0.58.jar:/home/tbaral/.m2/repository/org/apache/tomcat/tomcat-api/9.0.58/tomcat-api-9.0.58.jar:/home/tbaral/.m2/repository/org/apache/tomcat/tomcat-jni/9.0.58/tomcat-jni-9.0.58.jar:/home/tbaral/.m2/repository/org/apache/tomcat/tomcat-coyote/9.0.58/tomcat-coyote-9.0.58.jar:/home/tbaral/.m2/repository/org/apache/tomcat/tomcat-util/9.0.58/tomcat-util-9.0.58.jar:/home/tbaral/.m2/repository/org/apache/tomcat/tomcat-util-scan/9.0.58/tomcat-util-scan-9.0.58.jar:/home/tbaral/.m2/repository/org/apache/tomcat/tomcat-jaspic-api/9.0.58/tomcat-jaspic-api-9.0.58.jar:/home/tbaral/.m2/repository/org/apache/tomcat/tomcat-jdbc/9.0.58/tomcat-jdbc-9.0.58.jar:/home/tbaral/.m2/repository/org/apache/tomcat/tomcat-dbcp/9.0.58/tomcat-dbcp-9.0.58.jar:/home/tbaral/.m2/repository/junit/junit/4.13.1/junit-4.13.1.jar:/home/tbaral/.m2/repository/org/hamcrest/hamcrest-core/1.3/hamcrest-core-1.3.jar:/home/tbaral/.m2/repository/org/apache/tomcat/embed/tomcat-embed-core/9.0.58/tomcat-embed-core-9.0.58.jar:/home/tbaral/.m2/repository/io/rest-assured/rest-assured/4.1.1/rest-assured-4.1.1.jar:/home/tbaral/.m2/repository/org/codehaus/groovy/groovy/2.5.6/groovy-2.5.6.jar:/home/tbaral/.m2/repository/org/codehaus/groovy/groovy-xml/2.5.6/groovy-xml-2.5.6.jar:/home/tbaral/.m2/repository/org/apache/httpcomponents/httpclient/4.5.3/httpclient-4.5.3.jar:/home/tbaral/.m2/repository/org/apache/httpcomponents/httpcore/4.4.6/httpcore-4.4.6.jar:/home/tbaral/.m2/repository/commons-logging/commons-logging/1.2/commons-logging-1.2.jar:/home/tbaral/.m2/repository/commons-codec/commons-codec/1.9/commons-codec-1.9.jar:/home/tbaral/.m2/repository/org/apache/httpcomponents/httpmime/4.5.3/httpmime-4.5.3.jar:/home/tbaral/.m2/repository/org/hamcrest/hamcrest/2.1/hamcrest-2.1.jar:/home/tbaral/.m2/repository/org/ccil/cowan/tagsoup/tagsoup/1.2.1/tagsoup-1.2.1.jar:/home/tbaral/.m2/repository/io/rest-assured/json-path/4.1.1/json-path-4.1.1.jar:/home/tbaral/.m2/repository/org/codehaus/groovy/groovy-json/2.5.6/groovy-json-2.5.6.jar:/home/tbaral/.m2/repository/io/rest-assured/rest-assured-common/4.1.1/rest-assured-common-4.1.1.jar:/home/tbaral/.m2/repository/io/rest-assured/xml-path/4.1.1/xml-path-4.1.1.jar:/home/tbaral/.m2/repository/org/apache/commons/commons-lang3/3.4/commons-lang3-3.4.jar:/home/tbaral/.m2/repository/javax/xml/bind/jaxb-api/2.3.1/jaxb-api-2.3.1.jar:/home/tbaral/.m2/repository/javax/activation/javax.activation-api/1.2.0/javax.activation-api-1.2.0.jar:/home/tbaral/.m2/repository/com/sun/xml/bind/jaxb-osgi/2.3.0.1/jaxb-osgi-2.3.0.1.jar:/home/tbaral/.m2/repository/org/apache/sling/org.apache.sling.javax.activation/0.1.0/org.apache.sling.javax.activation-0.1.0.jar:/home/tbaral/.m2/repository/javax/activation/activation/1.1.1/activation-1.1.1.jar:/home/tbaral/.m2/repository/com/h2database/h2/2.1.210/h2-2.1.210.jar:./target/classes:./target/test-classes:/home/tbaral/.m2/repository/edu/gmu/swe/flaky/sleepy/sleepy-runner/0.0.4-SNAPSHOT/sleepy-runner-0.0.4-SNAPSHOT.jar' 'edu.gmu.swe.flaky.sleepy.runner.SleepyTestRunner' nl.nlighten.prometheus.tomcat.TomcatServletMetricsFilterTest#testServletRequestMetrics '<main>' 'info' 10000 ./sleepy-records/internal/node-nl.nlighten.prometheus.tomcat.TomcatServletMetricsFilterTest#testServletRequestMetrics-0.sleepList
INFO:root:====BEGIN Java Log====
INFO:root:TALANK: args.length: 5
TALANK: args[0]: nl.nlighten.prometheus.tomcat.TomcatServletMetricsFilterTest#testServletRequestMetrics
TALANK: args[1]: <main>
TALANK: args[2]: info
TALANK: args[3]: 10000
TALANK: args[4]: ./sleepy-records/internal/node-nl.nlighten.prometheus.tomcat.TomcatServletMetricsFilterTest#testServletRequestMetrics-0.sleepList
TALANK Adding line to sleep at: org/apache/tomcat/util/res/StringManager:getManager:0
TALANK Adding line to sleep at: org/apache/tomcat/util/res/StringManager:getManager:266
TALANK Adding line to sleep at: org/apache/catalina/core/StandardServer:addService:504
TALANK Adding line to sleep at: org/apache/catalina/core/StandardServer:addService:520
TALANK Adding line to sleep at: org/apache/catalina/core/ContainerBase:setRealm:630
TALANK Adding line to sleep at: org/apache/catalina/core/ContainerBase:setRealm:631
TALANK Adding line to sleep at: org/apache/catalina/core/ContainerBase:setRealm:665
TALANK Adding line to sleep at: org/apache/catalina/core/ContainerBase:setRealm:666
TALANK Adding line to sleep at: org/apache/catalina/core/ContainerBase:findChildren:779
TALANK Adding line to sleep at: org/apache/catalina/core/ContainerBase:findChildren:781
TALANK Adding line to sleep at: org/apache/catalina/core/ContainerBase:addChildInternal:708
TALANK Adding line to sleep at: org/apache/catalina/core/ContainerBase:addChildInternal:715
TALANK Adding line to sleep at: org/apache/catalina/core/ContainerBase:findChild:767
TALANK Adding line to sleep at: org/apache/catalina/core/ContainerBase:findChild:768
TALANK Adding line to sleep at: org/apache/catalina/core/StandardContext:addServletMappingDecoded:3237
TALANK Adding line to sleep at: org/apache/catalina/core/StandardContext:addServletMappingDecoded:3245
TALANK Adding line to sleep at: org/apache/catalina/core/StandardWrapper:addMapping:718
TALANK Adding line to sleep at: org/apache/catalina/core/StandardWrapper:addMapping:719
TALANK Adding line to sleep at: org/apache/catalina/core/StandardWrapper:addMapping:722
TALANK Adding line to sleep at: org/apache/catalina/core/StandardWrapper:addMapping:723
TALANK Adding line to sleep at: org/apache/catalina/core/StandardContext:addFilterDef:3009
TALANK Adding line to sleep at: org/apache/catalina/core/StandardContext:addFilterDef:3011
TALANK Adding line to sleep at: org/apache/tomcat/util/buf/UDecoder$DecodeException:fillInStackTrace:0
TALANK Adding line to sleep at: org/apache/tomcat/util/buf/UDecoder$DecodeException:fillInStackTrace:53
TALANK Adding line to sleep at: org/apache/catalina/core/StandardContext:findFilterDef:3466
TALANK Adding line to sleep at: org/apache/catalina/core/StandardContext:findFilterDef:3467
TALANK Adding line to sleep at: org/apache/catalina/core/StandardContext$ContextFilterMaps:add:4531
TALANK Adding line to sleep at: org/apache/catalina/core/StandardContext$ContextFilterMaps:add:4535
TALANK Adding line to sleep at: org/apache/catalina/deploy/NamingResourcesImpl:addResource:411
TALANK Adding line to sleep at: org/apache/catalina/deploy/NamingResourcesImpl:addResource:414
TALANK Adding line to sleep at: org/apache/catalina/util/LifecycleBase:init:0
TALANK Adding line to sleep at: org/apache/catalina/util/LifecycleBase:setStateInternal:0
TALANK Adding line to sleep at: org/apache/catalina/util/LifecycleBase:setStateInternal:425
TALANK Adding line to sleep at: org/apache/tomcat/util/modeler/Registry:getRegistry:0
TALANK Adding line to sleep at: org/apache/tomcat/util/modeler/Registry:getRegistry:144
TALANK Adding line to sleep at: org/apache/tomcat/util/modeler/Registry:getMBeanServer:454
TALANK Adding line to sleep at: org/apache/tomcat/util/modeler/Registry:getMBeanServer:456
TALANK Adding line to sleep at: org/apache/tomcat/util/modeler/Registry:getMBeanServer:457
TALANK Adding line to sleep at: org/apache/tomcat/util/modeler/Registry:getMBeanServer:469
TALANK Adding line to sleep at: org/apache/tomcat/util/modeler/modules/MbeansDescriptorsDigesterSource:execute:158
TALANK Adding line to sleep at: org/apache/tomcat/util/modeler/ManagedBean:setName:178
TALANK Adding line to sleep at: org/apache/tomcat/util/modeler/ManagedBean:setName:179
TALANK Adding line to sleep at: org/apache/tomcat/util/modeler/ManagedBean:setName:183
TALANK Adding line to sleep at: org/apache/tomcat/util/modeler/ManagedBean:setName:184
TALANK Adding line to sleep at: org/apache/tomcat/util/modeler/ManagedBean:setDescription:134
TALANK Adding line to sleep at: org/apache/tomcat/util/modeler/ManagedBean:setDescription:135
TALANK Adding line to sleep at: org/apache/tomcat/util/modeler/ManagedBean:setDescription:139
TALANK Adding line to sleep at: org/apache/tomcat/util/modeler/ManagedBean:setDescription:140
TALANK Adding line to sleep at: org/apache/tomcat/util/modeler/ManagedBean:setType:216
TALANK Adding line to sleep at: org/apache/tomcat/util/modeler/ManagedBean:setType:217
TALANK Adding line to sleep at: org/apache/tomcat/util/modeler/ManagedBean:setType:221
TALANK Adding line to sleep at: org/apache/tomcat/util/modeler/ManagedBean:setType:222
TALANK Adding line to sleep at: org/apache/tomcat/util/modeler/ManagedBean:setClassName:116
TALANK Adding line to sleep at: org/apache/tomcat/util/modeler/ManagedBean:setClassName:117
TALANK Adding line to sleep at: org/apache/tomcat/util/modeler/ManagedBean:setClassName:121
TALANK Adding line to sleep at: org/apache/tomcat/util/modeler/ManagedBean:setClassName:122
TALANK Adding line to sleep at: org/apache/tomcat/util/modeler/OperationInfo:addParameter:127
TALANK Adding line to sleep at: org/apache/tomcat/util/modeler/OperationInfo:addParameter:128
TALANK Adding line to sleep at: org/apache/tomcat/util/modeler/OperationInfo:addParameter:135
TALANK Adding line to sleep at: org/apache/tomcat/util/modeler/OperationInfo:addParameter:136
TALANK Adding line to sleep at: org/apache/tomcat/util/modeler/OperationInfo:getSignature:108
TALANK Adding line to sleep at: org/apache/tomcat/util/modeler/OperationInfo:getSignature:109
TALANK Adding line to sleep at: org/apache/tomcat/util/modeler/OperationInfo:getSignature:112
TALANK Adding line to sleep at: org/apache/tomcat/util/modeler/OperationInfo:getSignature:113
TALANK Adding line to sleep at: org/apache/tomcat/util/modeler/modules/MbeansDescriptorsDigesterSource:execute:175
TALANK Adding line to sleep at: org/apache/tomcat/util/modeler/ManagedBean:getMBeanInfo:354
TALANK Adding line to sleep at: org/apache/tomcat/util/modeler/ManagedBean:getMBeanInfo:355
TALANK Adding line to sleep at: org/apache/tomcat/util/modeler/ManagedBean:getMBeanInfo:360
TALANK Adding line to sleep at: org/apache/tomcat/util/modeler/ManagedBean:getMBeanInfo:361
TALANK Adding line to sleep at: org/apache/tomcat/util/modeler/ManagedBean:getMBeanInfo:363
TALANK Adding line to sleep at: org/apache/tomcat/util/modeler/ManagedBean:getMBeanInfo:364
TALANK Adding line to sleep at: org/apache/tomcat/util/modeler/ManagedBean:getMBeanInfo:401
TALANK Adding line to sleep at: org/apache/tomcat/util/modeler/ManagedBean:getMBeanInfo:402
TALANK Adding line to sleep at: org/apache/catalina/core/StandardServer:reconfigureUtilityExecutor:0
TALANK Adding line to sleep at: org/apache/tomcat/util/threads/TaskThreadFactory:<init>:41
TALANK Adding line to sleep at: org/apache/tomcat/util/threads/TaskThreadFactory:<init>:42
TALANK Adding line to sleep at: org/apache/catalina/core/StandardServer:reconfigureUtilityExecutor:447
TALANK Adding line to sleep at: org/apache/catalina/core/StandardServer:reconfigureUtilityExecutor:448
TALANK Adding line to sleep at: org/apache/catalina/core/StandardServer:reconfigureUtilityExecutor:449
TALANK Adding line to sleep at: org/apache/catalina/core/StandardServer:reconfigureUtilityExecutor:452
TALANK Adding line to sleep at: org/apache/tomcat/util/modeler/Registry:findDescriptor:707
TALANK Adding line to sleep at: org/apache/tomcat/util/modeler/Registry:findDescriptor:708
TALANK Adding line to sleep at: org/apache/catalina/mbeans/MBeanUtils:createRegistry:0
TALANK Adding line to sleep at: org/apache/catalina/mbeans/MBeanUtils:createRegistry:597
TALANK Adding line to sleep at: org/apache/catalina/mbeans/MBeanUtils:createServer:0
TALANK Adding line to sleep at: org/apache/catalina/mbeans/MBeanUtils:createServer:611
TALANK Adding line to sleep at: org/apache/catalina/util/LifecycleBase:init:141
TALANK Adding line to sleep at: org/apache/catalina/core/ContainerBase:getRealm:596
TALANK Adding line to sleep at: org/apache/catalina/core/ContainerBase:getRealm:597
TALANK Adding line to sleep at: org/apache/catalina/core/ContainerBase:getRealm:606
TALANK Adding line to sleep at: org/apache/catalina/core/ContainerBase:getRealm:607
TALANK Adding line to sleep at: org/apache/catalina/core/StandardService:findExecutors:369
TALANK Adding line to sleep at: org/apache/catalina/core/StandardService:findExecutors:372
TALANK Adding line to sleep at: org/apache/catalina/core/StandardService:initInternal:554
TALANK Adding line to sleep at: org/apache/catalina/core/StandardService:initInternal:558
TALANK Adding line to sleep at: org/apache/catalina/util/LifecycleBase:start:0
TALANK Adding line to sleep at: org/apache/naming/StringManager:getManager:0
TALANK Adding line to sleep at: org/apache/naming/StringManager:getManager:176
TALANK Adding line to sleep at: org/apache/catalina/deploy/NamingResourcesImpl:findResourceLinks:664
TALANK Adding line to sleep at: org/apache/catalina/deploy/NamingResourcesImpl:findResourceLinks:667
TALANK Adding line to sleep at: org/apache/catalina/deploy/NamingResourcesImpl:findResources:679
TALANK Adding line to sleep at: org/apache/catalina/deploy/NamingResourcesImpl:findResources:681
TALANK Adding line to sleep at: org/apache/catalina/deploy/NamingResourcesImpl:findResourceEnvRefs:709
TALANK Adding line to sleep at: org/apache/catalina/deploy/NamingResourcesImpl:findResourceEnvRefs:711
TALANK Adding line to sleep at: org/apache/catalina/deploy/NamingResourcesImpl:findEnvironments:561
TALANK Adding line to sleep at: org/apache/catalina/deploy/NamingResourcesImpl:findEnvironments:563
TALANK Adding line to sleep at: org/apache/catalina/deploy/NamingResourcesImpl:findEjbs:531
TALANK Adding line to sleep at: org/apache/catalina/deploy/NamingResourcesImpl:findEjbs:533
TALANK Adding line to sleep at: org/apache/catalina/deploy/NamingResourcesImpl:findMessageDestinationRefs:619
TALANK Adding line to sleep at: org/apache/catalina/deploy/NamingResourcesImpl:findMessageDestinationRefs:622
TALANK Adding line to sleep at: org/apache/catalina/deploy/NamingResourcesImpl:findServices:738
TALANK Adding line to sleep at: org/apache/catalina/deploy/NamingResourcesImpl:findServices:740
TALANK Adding line to sleep at: org/apache/catalina/util/LifecycleBase:setState:0
TALANK Adding line to sleep at: org/apache/catalina/util/LifecycleBase:setState:367
TALANK Adding line to sleep at: org/apache/catalina/util/LifecycleBase:start:200
TALANK Adding line to sleep at: org/apache/catalina/core/StandardServer:startInternal:925
TALANK Adding line to sleep at: org/apache/catalina/core/StandardService:startInternal:431
TALANK Adding line to sleep at: org/apache/catalina/core/StandardEngine:startInternal:0
TALANK Adding line to sleep at: org/apache/catalina/core/ContainerBase:startInternal:0
TALANK Adding line to sleep at: org/apache/catalina/core/ContainerBase:getClusterInternal:392
TALANK Adding line to sleep at: org/apache/catalina/core/ContainerBase:getClusterInternal:393
TALANK Adding line to sleep at: org/apache/catalina/core/ContainerBase:getClusterInternal:396
TALANK Adding line to sleep at: org/apache/catalina/core/ContainerBase:getClusterInternal:397
TALANK Adding line to sleep at: org/apache/catalina/core/ContainerBase:getRealmInternal:613
TALANK Adding line to sleep at: org/apache/catalina/core/ContainerBase:getRealmInternal:614
TALANK Adding line to sleep at: org/apache/catalina/core/ContainerBase:getRealmInternal:617
TALANK Adding line to sleep at: org/apache/catalina/core/ContainerBase:getRealmInternal:618
TALANK Adding line to sleep at: org/apache/catalina/core/ContainerBase:startInternal:919
TALANK Adding line to sleep at: org/apache/tomcat/util/threads/InlineExecutorService:execute:69
TALANK Adding line to sleep at: org/apache/tomcat/util/threads/InlineExecutorService:execute:74
TALANK Adding line to sleep at: org/apache/tomcat/util/threads/InlineExecutorService:execute:75
TALANK Adding line to sleep at: java/util/concurrent/FutureTask:run:0
TALANK Adding line to sleep at: java/util/concurrent/FutureTask:run:258
TALANK Adding line to sleep at: java/util/concurrent/FutureTask:run:259
TALANK Adding line to sleep at: java/util/concurrent/FutureTask:run:266
TALANK Adding line to sleep at: org/apache/catalina/core/ContainerBase$StartChild:call:0
TALANK Adding line to sleep at: org/apache/catalina/core/StandardHost:startInternal:0
TALANK Adding line to sleep at: org/apache/catalina/core/StandardContext:initInternal:6300
TALANK Adding line to sleep at: org/apache/catalina/core/StandardContext:initInternal:6301
TALANK Adding line to sleep at: org/apache/catalina/core/StandardContext:startInternal:0
TALANK Adding line to sleep at: org/apache/catalina/core/StandardContext:startInternal:4993
TALANK Adding line to sleep at: org/apache/catalina/core/StandardContext:startInternal:4994
TALANK Adding line to sleep at: org/apache/catalina/core/StandardContext:getResources:2512
TALANK Adding line to sleep at: org/apache/catalina/core/StandardContext:getResources:2513
TALANK Adding line to sleep at: org/apache/catalina/core/StandardContext:getResources:2516
TALANK Adding line to sleep at: org/apache/catalina/core/StandardContext:getResources:2517
TALANK Adding line to sleep at: org/apache/catalina/core/StandardContext:setResources:2525
TALANK Adding line to sleep at: org/apache/catalina/core/StandardContext:setResources:2526
TALANK Adding line to sleep at: org/apache/catalina/core/StandardContext:setResources:2549
TALANK Adding line to sleep at: org/apache/catalina/core/StandardContext:setResources:2550
TALANK Adding line to sleep at: org/apache/catalina/webresources/TomcatURLStreamHandlerFactory:getInstanceInternal:51
TALANK Adding line to sleep at: org/apache/catalina/webresources/TomcatURLStreamHandlerFactory:getInstanceInternal:55
TALANK Adding line to sleep at: org/apache/catalina/core/StandardContext:getLoader:1865
TALANK Adding line to sleep at: org/apache/catalina/core/StandardContext:getLoader:1866
TALANK Adding line to sleep at: org/apache/catalina/core/StandardContext:getLoader:1869
TALANK Adding line to sleep at: org/apache/catalina/core/StandardContext:getLoader:1870
TALANK Adding line to sleep at: org/apache/catalina/core/StandardContext:setLoader:1877
TALANK Adding line to sleep at: org/apache/catalina/core/StandardContext:setLoader:1878
TALANK Adding line to sleep at: org/apache/catalina/core/StandardContext:setLoader:1910
TALANK Adding line to sleep at: org/apache/catalina/core/StandardContext:setLoader:1911
TALANK Adding line to sleep at: org/apache/catalina/util/ExtensionValidator:validateApplication:0
TALANK Adding line to sleep at: org/apache/catalina/webresources/Cache:getResource:74
TALANK Adding line to sleep at: org/apache/catalina/webresources/Cache:getResource:75
TALANK Adding line to sleep at: org/apache/catalina/webresources/Cache:getResource:91
TALANK Adding line to sleep at: org/apache/catalina/webresources/Cache:getResource:92
TALANK Adding line to sleep at: org/apache/catalina/webresources/CachedResource:validateResource:100
TALANK Adding line to sleep at: org/apache/catalina/webresources/CachedResource:validateResource:101
TALANK Adding line to sleep at: org/apache/catalina/webresources/CachedResource:validateResource:103
TALANK Adding line to sleep at: org/apache/catalina/webresources/CachedResource:validateResource:117
TALANK Adding line to sleep at: org/apache/catalina/webresources/Cache:getResource:102
TALANK Adding line to sleep at: org/apache/catalina/webresources/Cache:getResource:103
TALANK Adding line to sleep at: org/apache/catalina/webresources/Cache:getResource:104
TALANK Adding line to sleep at: org/apache/catalina/webresources/Cache:getResource:105
TALANK Adding line to sleep at: org/apache/catalina/webresources/Cache:getResources:149
TALANK Adding line to sleep at: org/apache/catalina/webresources/Cache:getResources:150
TALANK Adding line to sleep at: org/apache/catalina/webresources/Cache:getResources:169
TALANK Adding line to sleep at: org/apache/catalina/webresources/Cache:getResources:170
TALANK Adding line to sleep at: org/apache/catalina/webresources/CachedResource:validateResources:153
TALANK Adding line to sleep at: org/apache/catalina/webresources/CachedResource:validateResources:154
TALANK Adding line to sleep at: org/apache/catalina/webresources/CachedResource:validateResources:156
TALANK Adding line to sleep at: org/apache/catalina/webresources/CachedResource:validateResources:161
TALANK Adding line to sleep at: org/apache/catalina/webresources/Cache:getResources:178
TALANK Adding line to sleep at: org/apache/catalina/webresources/Cache:getResources:179
TALANK Adding line to sleep at: org/apache/catalina/webresources/Cache:getResources:180
TALANK Adding line to sleep at: org/apache/catalina/webresources/Cache:getResources:181
TALANK Adding line to sleep at: org/apache/catalina/util/ExtensionValidator:validateApplication:161
TALANK Adding line to sleep at: org/apache/catalina/core/StandardContext:bind:5857
TALANK Adding line to sleep at: org/apache/catalina/core/StandardContext:bind:5858
TALANK Adding line to sleep at: org/apache/naming/ContextBindings:unbindThread:158
TALANK Adding line to sleep at: org/apache/naming/ContextBindings:unbindThread:159
TALANK Adding line to sleep at: org/apache/naming/ContextBindings:unbindThread:160
TALANK Adding line to sleep at: org/apache/catalina/core/StandardContext:bind:5874
TALANK Adding line to sleep at: org/apache/catalina/core/StandardContext:bind:5875
TALANK Adding line to sleep at: org/apache/catalina/core/StandardContext:findFilterDefs:3477
TALANK Adding line to sleep at: org/apache/catalina/core/StandardContext:findFilterDefs:3479
TALANK Adding line to sleep at: org/apache/catalina/loader/WebappClassLoaderBase:loadClass:1247
TALANK Adding line to sleep at: org/apache/catalina/loader/WebappClassLoaderBase:loadClass:1399
TALANK Adding line to sleep at: org/apache/catalina/loader/WebappClassLoaderBase:loadClass:1359
TALANK Adding line to sleep at: org/apache/naming/factory/FactoryBase:getObjectInstance:61
TALANK Adding line to sleep at: org/apache/naming/factory/FactoryBase:getObjectInstance:62
TALANK Adding line to sleep at: org/apache/tomcat/jdbc/pool/PoolProperties:<init>:68
TALANK Adding line to sleep at: org/apache/tomcat/jdbc/pool/PoolProperties:<init>:69
TALANK Adding line to sleep at: org/apache/tomcat/jdbc/pool/DataSourceProxy:pCreatePool:0
TALANK Adding line to sleep at: org/apache/tomcat/jdbc/pool/ConnectionPool:registerCleaner:0
TALANK Adding line to sleep at: org/apache/tomcat/jdbc/pool/ConnectionPool:unregisterCleaner:0
TALANK Adding line to sleep at: org/apache/tomcat/jdbc/pool/ConnectionPool:unregisterCleaner:1544
TALANK Adding line to sleep at: org/apache/tomcat/jdbc/pool/ConnectionPool:registerCleaner:1517
TALANK Adding line to sleep at: org/apache/tomcat/jdbc/pool/ConnectionPool:registerCleaner:1518
TALANK Adding line to sleep at: org/apache/tomcat/jdbc/pool/ConnectionPool:registerCleaner:1519
TALANK Adding line to sleep at: org/apache/tomcat/jdbc/pool/ConnectionPool:registerCleaner:1520
TALANK Adding line to sleep at: org/apache/tomcat/jdbc/pool/ConnectionPool$PrivilegedNewTimer:run:1550
TALANK Adding line to sleep at: org/apache/tomcat/jdbc/pool/ConnectionPool$PrivilegedNewTimer:run:1551
TALANK Adding line to sleep at: org/apache/tomcat/jdbc/pool/ConnectionPool:registerCleaner:1526
TALANK Adding line to sleep at: org/apache/tomcat/jdbc/pool/ConnectionPool:registerCleaner:1527
TALANK Adding line to sleep at: org/apache/tomcat/jdbc/pool/ConnectionPool:registerCleaner:1530
TALANK Adding line to sleep at: org/apache/tomcat/jdbc/pool/PoolProperties$InterceptorDefinition:getInterceptorClass:982
TALANK Adding line to sleep at: org/apache/tomcat/jdbc/pool/PoolProperties$InterceptorDefinition:getInterceptorClass:983
TALANK Adding line to sleep at: io/prometheus/client/CollectorRegistry:register:52
TALANK Adding line to sleep at: io/prometheus/client/CollectorRegistry:register:64
TALANK Adding line to sleep at: org/apache/tomcat/jdbc/pool/ConnectionPool:borrowConnection:672
TALANK Adding line to sleep at: org/apache/tomcat/jdbc/pool/ConnectionPool:borrowConnection:673
TALANK Adding line to sleep at: org/apache/tomcat/jdbc/pool/FairBlockingQueue:poll:259
TALANK Adding line to sleep at: org/apache/tomcat/jdbc/pool/FairBlockingQueue:poll:260
TALANK Adding line to sleep at: org/apache/tomcat/jdbc/pool/FairBlockingQueue:poll:263
TALANK Adding line to sleep at: org/apache/tomcat/jdbc/pool/FairBlockingQueue:poll:264
TALANK Adding line to sleep at: org/apache/tomcat/jdbc/pool/ConnectionPool:borrowConnection:690
TALANK Adding line to sleep at: org/apache/tomcat/jdbc/pool/ConnectionPool:borrowConnection:691
TALANK Adding line to sleep at: org/apache/tomcat/jdbc/pool/ConnectionPool:borrowConnection:692
TALANK Adding line to sleep at: org/apache/tomcat/jdbc/pool/ConnectionPool:borrowConnection:693
TALANK Adding line to sleep at: org/apache/tomcat/jdbc/pool/PooledConnection:<init>:103
TALANK Adding line to sleep at: org/apache/tomcat/jdbc/pool/PooledConnection:<init>:104
TALANK Adding line to sleep at: org/apache/tomcat/jdbc/pool/ConnectionPool:getPoolVersion:1559
TALANK Adding line to sleep at: org/apache/tomcat/jdbc/pool/ConnectionPool:getPoolVersion:1560
TALANK Adding line to sleep at: org/apache/tomcat/jdbc/pool/PooledConnection:lock:780
TALANK Adding line to sleep at: org/apache/tomcat/jdbc/pool/PooledConnection:lock:781
TALANK Adding line to sleep at: org/apache/tomcat/jdbc/pool/PooledConnection:connect:211
TALANK Adding line to sleep at: org/apache/tomcat/jdbc/pool/PooledConnection:connect:212
TALANK Adding line to sleep at: org/apache/tomcat/jdbc/pool/PooledConnection:connectUsingDriver:308
TALANK Adding line to sleep at: org/apache/tomcat/jdbc/pool/PooledConnection:connectUsingDriver:309
TALANK Adding line to sleep at: org/h2/Driver:load:0
TALANK Adding line to sleep at: org/h2/Driver:load:155
TALANK Adding line to sleep at: org/h2/engine/Engine:openSession:57
TALANK Adding line to sleep at: org/h2/engine/Engine:openSession:59
TALANK Adding line to sleep at: org/h2/engine/Engine:openSession:63
TALANK Adding line to sleep at: org/h2/message/TraceSystem:getTrace:131
TALANK Adding line to sleep at: org/h2/message/TraceSystem:getTrace:132
TALANK Adding line to sleep at: org/h2/message/TraceSystem:getTrace:134
TALANK Adding line to sleep at: org/h2/message/TraceSystem:getTrace:135
TALANK Adding line to sleep at: org/h2/mvstore/MVStore$TxCounter:<clinit>:3690
TALANK Adding line to sleep at: org/h2/mvstore/MVStore$TxCounter:<clinit>:3691
TALANK Adding line to sleep at: org/h2/mvstore/Page:<clinit>:91
TALANK Adding line to sleep at: org/h2/mvstore/Page:<clinit>:92
TALANK Adding line to sleep at: org/h2/mvstore/MVMap:setInitialRoot:853
TALANK Adding line to sleep at: org/h2/mvstore/MVMap:setInitialRoot:854
TALANK Adding line to sleep at: org/h2/mvstore/MVMap:getRoot:830
TALANK Adding line to sleep at: org/h2/mvstore/MVMap:getRoot:831
TALANK Adding line to sleep at: org/h2/mvstore/MVStore:openMetaMap:490
TALANK Adding line to sleep at: org/h2/mvstore/MVStore:openMetaMap:491
TALANK Adding line to sleep at: org/h2/mvstore/MVMap:compareAndSetRoot:865
TALANK Adding line to sleep at: org/h2/mvstore/MVMap:compareAndSetRoot:866
TALANK Adding line to sleep at: org/h2/mvstore/MVStore:getOldestVersionToKeep:2758
TALANK Adding line to sleep at: org/h2/mvstore/MVStore:getOldestVersionToKeep:2759
TALANK Adding line to sleep at: org/h2/mvstore/MVStore$TxCounter:decrementAndGet:3716
TALANK Adding line to sleep at: org/h2/mvstore/MVStore$TxCounter:decrementAndGet:3717
TALANK Adding line to sleep at: org/h2/mvstore/MVStore:setOldestVersionToKeep:2772
TALANK Adding line to sleep at: org/h2/mvstore/MVStore:setOldestVersionToKeep:2773
TALANK Adding line to sleep at: org/h2/engine/Database:findSetting:986
TALANK Adding line to sleep at: org/h2/engine/Database:findSetting:987
TALANK Adding line to sleep at: org/h2/mvstore/MVStore:openMap:648
TALANK Adding line to sleep at: org/h2/mvstore/MVStore:openMap:649
TALANK Adding line to sleep at: org/h2/mvstore/MVStore:openMap:665
TALANK Adding line to sleep at: org/h2/mvstore/MVStore:openMap:666
TALANK Adding line to sleep at: org/h2/engine/Database:getModificationMetaId:444
TALANK Adding line to sleep at: org/h2/engine/Database:getModificationMetaId:445
TALANK Adding line to sleep at: org/h2/engine/Database:<init>:334
TALANK Adding line to sleep at: org/h2/engine/Database:<init>:335
TALANK Adding line to sleep at: org/h2/engine/Database:<init>:336
TALANK Adding line to sleep at: org/h2/engine/Database:<init>:343
TALANK Adding line to sleep at: org/h2/engine/Database:<init>:344
TALANK Adding line to sleep at: org/h2/schema/Schema:createTable:771
TALANK Adding line to sleep at: org/h2/mvstore/tx/TransactionStore:registerTransaction:399
TALANK Adding line to sleep at: org/h2/mvstore/tx/TransactionStore:registerTransaction:400
TALANK Adding line to sleep at: org/h2/mvstore/tx/TransactionStore:registerTransaction:416
TALANK Adding line to sleep at: org/h2/mvstore/tx/TransactionStore:registerTransaction:417
TALANK Adding line to sleep at: org/h2/mvstore/tx/TransactionStore:registerTransaction:423
TALANK Adding line to sleep at: org/h2/mvstore/tx/TransactionStore:registerTransaction:424
TALANK Adding line to sleep at: org/h2/mvstore/tx/Transaction:getStatus:202
TALANK Adding line to sleep at: org/h2/mvstore/tx/Transaction:getStatus:203
TALANK Adding line to sleep at: org/h2/mvstore/tx/Transaction:setStatus:216
TALANK Adding line to sleep at: org/h2/mvstore/tx/Transaction:setStatus:217
TALANK Adding line to sleep at: org/h2/mvstore/tx/Transaction:setStatus:255
TALANK Adding line to sleep at: org/h2/mvstore/tx/Transaction:setStatus:256
TALANK Adding line to sleep at: org/h2/mvstore/tx/TransactionStore:endTransaction:614
TALANK Adding line to sleep at: org/h2/mvstore/tx/TransactionStore:endTransaction:615
TALANK Adding line to sleep at: org/h2/mvstore/tx/TransactionStore:endTransaction:618
TALANK Adding line to sleep at: org/h2/mvstore/tx/TransactionStore:endTransaction:619
TALANK Adding line to sleep at: org/h2/mvstore/tx/TransactionStore:endTransaction:622
TALANK Adding line to sleep at: org/h2/mvstore/tx/TransactionStore:endTransaction:623
TALANK Adding line to sleep at: org/h2/mvstore/db/MVPrimaryIndex:<init>:60
TALANK Adding line to sleep at: org/h2/mvstore/db/MVPrimaryIndex:<init>:61
TALANK Adding line to sleep at: org/h2/mvstore/db/Store:createTable:197
TALANK Adding line to sleep at: org/h2/mvstore/db/Store:createTable:198
TALANK Adding line to sleep at: org/h2/schema/Schema:createTable:781
TALANK Adding line to sleep at: org/h2/mvstore/db/MVTable:lock:179
TALANK Adding line to sleep at: org/h2/mvstore/db/MVTable:lock:183
TALANK Adding line to sleep at: org/h2/mvstore/db/MVTable:lock:184
TALANK Adding line to sleep at: org/h2/mvstore/db/MVTable:doLock2:249
TALANK Adding line to sleep at: org/h2/mvstore/db/MVTable:doLock2:250
TALANK Adding line to sleep at: org/h2/mvstore/db/MVTable:lock:197
TALANK Adding line to sleep at: org/h2/engine/Database:addSchemaObject:907
TALANK Adding line to sleep at: org/h2/schema/Schema:freeUniqueName:489
TALANK Adding line to sleep at: org/h2/schema/Schema:freeUniqueName:491
TALANK Adding line to sleep at: org/h2/engine/Database:addSchemaObject:910
TALANK Adding line to sleep at: org/h2/engine/Database:getNextModificationMetaId:450
TALANK Adding line to sleep at: org/h2/engine/Database:getNextModificationMetaId:451
TALANK Adding line to sleep at: org/h2/engine/Database:getNextModificationMetaId:452
TALANK Adding line to sleep at: org/h2/mvstore/MVStore:isBackgroundThread:3418
TALANK Adding line to sleep at: org/h2/mvstore/MVStore:isBackgroundThread:3419
TALANK Adding line to sleep at: org/h2/engine/Database:throwLastBackgroundException:1796
TALANK Adding line to sleep at: org/h2/engine/Database:throwLastBackgroundException:1797
TALANK Adding line to sleep at: org/h2/mvstore/tx/TransactionMap:useSnapshot:545
TALANK Adding line to sleep at: org/h2/mvstore/tx/TransactionMap:useSnapshot:546
TALANK Adding line to sleep at: org/h2/mvstore/tx/TransactionMap:useSnapshot:549
TALANK Adding line to sleep at: org/h2/mvstore/tx/TransactionMap:useSnapshot:550
TALANK Adding line to sleep at: org/h2/engine/Database:executeMeta:608
TALANK Adding line to sleep at: org/h2/engine/Database:executeMeta:653
TALANK Adding line to sleep at: org/h2/engine/Database:getNextModificationDataId:440
TALANK Adding line to sleep at: org/h2/engine/Database:getNextModificationDataId:441
TALANK Adding line to sleep at: org/h2/mvstore/db/MVTable:syncLastModificationIdWithDatabase:666
TALANK Adding line to sleep at: org/h2/mvstore/db/MVTable:syncLastModificationIdWithDatabase:667
TALANK Adding line to sleep at: org/h2/mvstore/db/MVTable:syncLastModificationIdWithDatabase:668
TALANK Adding line to sleep at: org/h2/mvstore/db/MVTable:syncLastModificationIdWithDatabase:669
TALANK Adding line to sleep at: org/h2/mvstore/db/MVTable:unlock:298
TALANK Adding line to sleep at: org/h2/mvstore/db/MVTable:unlock:299
TALANK Adding line to sleep at: org/h2/mvstore/tx/TransactionStore:getOpenTransactions:349
TALANK Adding line to sleep at: org/h2/mvstore/tx/TransactionStore:getOpenTransactions:350
TALANK Adding line to sleep at: org/h2/engine/Database:recompileInvalidViews:699
TALANK Adding line to sleep at: org/h2/engine/Database:recompileInvalidViews:700
TALANK Adding line to sleep at: org/h2/schema/Schema:getAllTablesAndViews:724
TALANK Adding line to sleep at: org/h2/schema/Schema:getAllTablesAndViews:725
TALANK Adding line to sleep at: org/h2/engine/Database:getSessions:1446
TALANK Adding line to sleep at: org/h2/engine/Database:getSessions:1448
TALANK Adding line to sleep at: org/h2/engine/Database:<init>:366
TALANK Adding line to sleep at: org/h2/engine/Database:<init>:367
TALANK Adding line to sleep at: org/h2/engine/Database:allocateObjectId:1324
TALANK Adding line to sleep at: org/h2/engine/Database:allocateObjectId:1327
TALANK Adding line to sleep at: org/h2/engine/Database:addDatabaseObject:0
TALANK Adding line to sleep at: org/h2/mvstore/tx/Transaction:getLogId:616
TALANK Adding line to sleep at: org/h2/mvstore/tx/Transaction:getLogId:617
TALANK Adding line to sleep at: org/h2/mvstore/tx/Transaction:log:400
TALANK Adding line to sleep at: org/h2/mvstore/tx/Transaction:log:401
TALANK Adding line to sleep at: org/h2/mvstore/RootReference:<init>:87
TALANK Adding line to sleep at: org/h2/mvstore/RootReference:<init>:88
TALANK Adding line to sleep at: org/h2/mvstore/RootReference:canUpdate:198
TALANK Adding line to sleep at: org/h2/mvstore/RootReference:canUpdate:199
TALANK Adding line to sleep at: org/h2/mvstore/db/MVPrimaryIndex:add:131
TALANK Adding line to sleep at: org/h2/mvstore/db/MVPrimaryIndex:add:132
TALANK Adding line to sleep at: org/h2/mvstore/db/MVPrimaryIndex:add:133
TALANK Adding line to sleep at: org/h2/mvstore/db/MVTable:analyzeIfRequired:564
TALANK Adding line to sleep at: org/h2/mvstore/db/MVTable:analyzeIfRequired:565
TALANK Adding line to sleep at: org/h2/engine/Database:addDatabaseObject:938
TALANK Adding line to sleep at: org/h2/mvstore/MVStore$TxCounter:incrementAndGet:3707
TALANK Adding line to sleep at: org/h2/mvstore/MVStore$TxCounter:incrementAndGet:3708
TALANK Adding line to sleep at: org/h2/mvstore/db/LobStorageMap:<init>:134
TALANK Adding line to sleep at: org/h2/mvstore/db/LobStorageMap:<init>:135
TALANK Adding line to sleep at: org/h2/mvstore/MVStore:deregisterVersionUsage:3582
TALANK Adding line to sleep at: org/h2/mvstore/MVStore:deregisterVersionUsage:3583
TALANK Adding line to sleep at: org/h2/mvstore/MVStore:deregisterVersionUsage:3584
TALANK Adding line to sleep at: org/h2/mvstore/MVStore:deregisterVersionUsage:3585
TALANK Adding line to sleep at: org/h2/mvstore/MVStore:deregisterVersionUsage:3588
TALANK Adding line to sleep at: org/h2/mvstore/MVStore:deregisterVersionUsage:3589
TALANK Adding line to sleep at: org/h2/mvstore/tx/TransactionStore:flipCommittingTransactionsBit:540
TALANK Adding line to sleep at: org/h2/mvstore/tx/TransactionStore:flipCommittingTransactionsBit:541
TALANK Adding line to sleep at: org/h2/mvstore/tx/TransactionStore:flipCommittingTransactionsBit:544
TALANK Adding line to sleep at: org/h2/mvstore/tx/TransactionStore:flipCommittingTransactionsBit:545
TALANK Adding line to sleep at: org/h2/mvstore/MVStore:getMap:714
TALANK Adding line to sleep at: org/h2/mvstore/MVStore:getMap:715
TALANK Adding line to sleep at: org/h2/engine/OnExitDatabaseCloser:register:0
TALANK Adding line to sleep at: org/h2/engine/OnExitDatabaseCloser:register:52
TALANK Adding line to sleep at: org/h2/engine/Database:getAllUsersAndRoles:1403
TALANK Adding line to sleep at: org/h2/engine/Database:getAllUsersAndRoles:1404
TALANK Adding line to sleep at: org/h2/engine/Database:setMasterUser:0
TALANK Adding line to sleep at: org/h2/engine/Database:setMasterUser:1708
TALANK Adding line to sleep at: org/h2/engine/Engine:openSession:111
TALANK Adding line to sleep at: org/h2/engine/Database:createSession:0
TALANK Adding line to sleep at: org/h2/engine/Database:createSession:1038
TALANK Adding line to sleep at: org/h2/engine/Database:createSession:1039
TALANK Adding line to sleep at: org/h2/engine/Database:createSession:1049
TALANK Adding line to sleep at: org/h2/engine/Engine:openSession:238
TALANK Adding line to sleep at: org/h2/engine/Engine:openSession:289
TALANK Adding line to sleep at: org/h2/engine/SessionLocal:isClosed:1152
TALANK Adding line to sleep at: org/h2/engine/SessionLocal:isClosed:1153
TALANK Adding line to sleep at: org/h2/message/TraceObject:getNextId:154
TALANK Adding line to sleep at: org/h2/message/TraceObject:getNextId:155
TALANK Adding line to sleep at: org/apache/tomcat/jdbc/pool/PooledConnection:connect:248
TALANK Adding line to sleep at: org/apache/tomcat/jdbc/pool/PooledConnection:connect:249
TALANK Adding line to sleep at: org/apache/tomcat/jdbc/pool/ConnectionPool:createConnection:776
TALANK Adding line to sleep at: org/apache/tomcat/jdbc/pool/ConnectionPool:createConnection:777
TALANK Adding line to sleep at: org/apache/tomcat/jdbc/pool/ConnectionPool:createConnection:779
TALANK Adding line to sleep at: org/apache/tomcat/jdbc/pool/ConnectionPool:createConnection:780
TALANK Adding line to sleep at: org/apache/tomcat/jdbc/pool/PooledConnection:unlock:791
TALANK Adding line to sleep at: org/apache/tomcat/jdbc/pool/PooledConnection:unlock:792
TALANK Adding line to sleep at: org/h2/engine/Database:findUserOrRole:1023
TALANK Adding line to sleep at: org/h2/engine/Database:findUserOrRole:1024
TALANK Adding line to sleep at: org/apache/tomcat/jdbc/pool/ConnectionPool:returnConnection:1004
TALANK Adding line to sleep at: org/apache/tomcat/jdbc/pool/ConnectionPool:returnConnection:1005
TALANK Adding line to sleep at: org/apache/tomcat/jdbc/pool/ConnectionPool:returnConnection:1016
TALANK Adding line to sleep at: org/apache/tomcat/jdbc/pool/ConnectionPool:returnConnection:1017
TALANK Adding line to sleep at: org/apache/tomcat/jdbc/pool/ConnectionPool:returnConnection:1021
TALANK Adding line to sleep at: org/apache/tomcat/jdbc/pool/ConnectionPool:returnConnection:1022
TALANK Adding line to sleep at: org/apache/tomcat/jdbc/pool/FairBlockingQueue:offer:95
TALANK Adding line to sleep at: org/apache/tomcat/jdbc/pool/FairBlockingQueue:offer:96
TALANK Adding line to sleep at: org/apache/tomcat/jdbc/pool/FairBlockingQueue:offer:112
TALANK Adding line to sleep at: org/apache/tomcat/jdbc/pool/FairBlockingQueue:offer:113
TALANK Adding line to sleep at: org/apache/tomcat/jdbc/pool/ConnectionPool:returnConnection:1023
TALANK Adding line to sleep at: org/apache/tomcat/jdbc/pool/DataSourceProxy:pCreatePool:122
TALANK Adding line to sleep at: org/apache/catalina/core/StandardWrapper:startInternal:0
TALANK Adding line to sleep at: org/apache/catalina/core/StandardPipeline:startInternal:0
TALANK Adding line to sleep at: org/apache/catalina/valves/ValveBase:startInternal:0
TALANK Adding line to sleep at: org/apache/catalina/valves/ValveBase:startInternal:166
TALANK Adding line to sleep at: org/apache/catalina/core/StandardPipeline:startInternal:182
TALANK Adding line to sleep at: org/apache/catalina/core/ContainerBase:startInternal:954
TALANK Adding line to sleep at: org/apache/catalina/core/StandardWrapper:setAvailable:324
TALANK Adding line to sleep at: org/apache/catalina/core/StandardWrapper:setAvailable:325
TALANK Adding line to sleep at: org/apache/catalina/core/StandardWrapper:startInternal:1602
TALANK Adding line to sleep at: org/apache/catalina/authenticator/AuthenticatorBase:startInternal:0
TALANK Adding line to sleep at: org/apache/catalina/authenticator/AuthenticatorBase:startInternal:1350
TALANK Adding line to sleep at: org/apache/catalina/core/StandardContext:getManager:1921
TALANK Adding line to sleep at: org/apache/catalina/core/StandardContext:getManager:1922
TALANK Adding line to sleep at: org/apache/catalina/core/StandardContext:getManager:1925
TALANK Adding line to sleep at: org/apache/catalina/core/StandardContext:getManager:1926
TALANK Adding line to sleep at: org/apache/catalina/core/ContainerBase:getCluster:370
TALANK Adding line to sleep at: org/apache/catalina/core/ContainerBase:getCluster:371
TALANK Adding line to sleep at: org/apache/catalina/core/ContainerBase:getCluster:382
TALANK Adding line to sleep at: org/apache/catalina/core/ContainerBase:getCluster:383
TALANK Adding line to sleep at: org/apache/catalina/core/StandardContext:setManager:1934
TALANK Adding line to sleep at: org/apache/catalina/core/StandardContext:setManager:1935
TALANK Adding line to sleep at: org/apache/catalina/core/StandardContext:setManager:1966
TALANK Adding line to sleep at: org/apache/catalina/core/StandardContext:setManager:1967
TALANK Adding line to sleep at: org/apache/catalina/deploy/NamingResourcesImpl:findLocalEjbs:590
TALANK Adding line to sleep at: org/apache/catalina/deploy/NamingResourcesImpl:findLocalEjbs:592
TALANK Adding line to sleep at: org/apache/catalina/core/StandardContext:findApplicationParameters:3406
TALANK Adding line to sleep at: org/apache/catalina/core/StandardContext:findApplicationParameters:3407
TALANK Adding line to sleep at: org/apache/catalina/session/StandardManager:startInternal:0
TALANK Adding line to sleep at: org/apache/catalina/util/SessionIdGeneratorBase:createSecureRandom:218
TALANK Adding line to sleep at: org/apache/catalina/util/SessionIdGeneratorBase:createSecureRandom:219
TALANK Adding line to sleep at: org/apache/catalina/util/SessionIdGeneratorBase:createSecureRandom:271
TALANK Adding line to sleep at: org/apache/catalina/util/SessionIdGeneratorBase:createSecureRandom:272
TALANK Adding line to sleep at: org/apache/catalina/session/StandardManager:startInternal:363
TALANK Adding line to sleep at: org/apache/catalina/core/StandardContext:filterStart:4604
TALANK Adding line to sleep at: org/apache/catalina/core/DefaultInstanceManager:populateAnnotationsCache:443
TALANK Adding line to sleep at: org/apache/catalina/core/DefaultInstanceManager:populateAnnotationsCache:445
TALANK Adding line to sleep at: org/apache/catalina/core/StandardContext:filterStart:4623
TALANK Adding line to sleep at: org/apache/catalina/core/StandardContext:unbind:5910
TALANK Adding line to sleep at: org/apache/catalina/core/StandardContext:unbind:5911
TALANK Adding line to sleep at: org/apache/catalina/core/StandardContext:startInternal:5286
TALANK Adding line to sleep at: org/apache/catalina/core/StandardContext:startInternal:5287
TALANK Adding line to sleep at: org/apache/catalina/core/StandardContext:startInternal:5292
TALANK Adding line to sleep at: org/apache/catalina/core/StandardContext:startInternal:5293
TALANK Adding line to sleep at: org/apache/catalina/core/StandardContext:startInternal:5314
TALANK Adding line to sleep at: java/util/concurrent/FutureTask:run:267
TALANK Adding line to sleep at: java/util/concurrent/FutureTask:run:274
TALANK Adding line to sleep at: java/util/concurrent/FutureTask:set:233
TALANK Adding line to sleep at: java/util/concurrent/FutureTask:finishCompletion:384
TALANK Adding line to sleep at: java/util/concurrent/FutureTask:finishCompletion:385
TALANK Adding line to sleep at: java/util/concurrent/FutureTask:set:234
TALANK Adding line to sleep at: java/util/concurrent/FutureTask:run:275
TALANK Adding line to sleep at: org/apache/tomcat/util/threads/InlineExecutorService:execute:76
TALANK Adding line to sleep at: org/apache/tomcat/util/threads/InlineExecutorService:execute:82
TALANK Adding line to sleep at: org/apache/catalina/core/ContainerBase:startInternal:920
TALANK Adding line to sleep at: org/apache/catalina/core/ContainerBase:startInternal:926
TALANK Adding line to sleep at: java/util/concurrent/FutureTask:get:192
TALANK Adding line to sleep at: java/util/concurrent/FutureTask:get:193
TALANK Adding line to sleep at: org/apache/catalina/core/ContainerBase:startInternal:927
TALANK Adding line to sleep at: org/apache/catalina/core/StandardHost:startInternal:836
TALANK Adding line to sleep at: org/apache/catalina/core/ContainerBase:startInternal:951
TALANK Adding line to sleep at: org/apache/tomcat/util/threads/ScheduledThreadPoolExecutor:scheduleWithFixedDelay:138
TALANK Adding line to sleep at: java/util/concurrent/FutureTask:<init>:152
TALANK Adding line to sleep at: java/util/concurrent/FutureTask:<init>:153
TALANK Adding line to sleep at: org/apache/tomcat/util/threads/TaskThreadFactory:newThread:49
TALANK Adding line to sleep at: org/apache/tomcat/util/threads/TaskThreadFactory:newThread:50
TALANK Adding line to sleep at: org/apache/tomcat/util/threads/TaskThread:<init>:33
TALANK Adding line to sleep at: org/apache/tomcat/util/threads/TaskThread:<init>:34
TALANK Adding line to sleep at: org/apache/tomcat/util/threads/ScheduledThreadPoolExecutor:scheduleWithFixedDelay:139
TALANK Adding line to sleep at: org/apache/catalina/core/ContainerBase:startInternal:952
TALANK Adding line to sleep at: org/apache/catalina/core/StandardEngine:startInternal:264
TALANK Adding line to sleep at: org/apache/catalina/core/StandardService:startInternal:433
TALANK Adding line to sleep at: org/apache/catalina/core/StandardService:startInternal:436
TALANK Adding line to sleep at: org/apache/catalina/core/StandardService:startInternal:440
TALANK Adding line to sleep at: org/apache/catalina/mapper/Mapper:setDefaultHostName:0
TALANK Adding line to sleep at: org/apache/catalina/mapper/Mapper:setDefaultHostName:94
TALANK Adding line to sleep at: org/apache/catalina/core/StandardHost:findAliases:752
TALANK Adding line to sleep at: org/apache/catalina/core/StandardHost:findAliases:753
TALANK Adding line to sleep at: org/apache/catalina/mapper/Mapper:addHost:0
TALANK Adding line to sleep at: org/apache/catalina/mapper/Mapper:addHost:143
TALANK Adding line to sleep at: org/apache/catalina/core/StandardContext:findWelcomeFiles:3748
TALANK Adding line to sleep at: org/apache/catalina/core/StandardContext:findWelcomeFiles:3749
TALANK Adding line to sleep at: org/apache/catalina/core/StandardWrapper:findMappings:932
TALANK Adding line to sleep at: org/apache/catalina/core/StandardWrapper:findMappings:933
TALANK Adding line to sleep at: org/apache/catalina/core/StandardWrapper:findMappings:936
TALANK Adding line to sleep at: org/apache/catalina/core/StandardWrapper:findMappings:937
TALANK Adding line to sleep at: org/apache/catalina/mapper/Mapper:addContextVersion:282
TALANK Adding line to sleep at: org/apache/catalina/mapper/Mapper:addWrapper:466
TALANK Adding line to sleep at: org/apache/catalina/mapper/Mapper:addWrapper:515
TALANK Adding line to sleep at: org/apache/catalina/mapper/Mapper:addContextVersion:316
TALANK Adding line to sleep at: org/apache/catalina/core/StandardService:startInternal:445
TALANK Adding line to sleep at: org/apache/catalina/core/StandardService:startInternal:452
TALANK Adding line to sleep at: org/apache/catalina/core/StandardServer:startInternal:929
TALANK Adding line to sleep at: org/apache/catalina/core/StandardServer:startInternal:932
TALANK Adding line to sleep at: org/apache/catalina/core/StandardServer:startInternal:933
TALANK Adding line to sleep at: org/apache/catalina/core/StandardService:addConnector:224
TALANK Adding line to sleep at: org/apache/catalina/core/StandardService:addConnector:230
TALANK Adding line to sleep at: org/apache/coyote/AbstractProtocol:getNameIndex:0
TALANK Adding line to sleep at: org/apache/coyote/AbstractProtocol:getNameIndex:357
TALANK Adding line to sleep at: org/apache/coyote/AbstractProtocol:getNameIndex:358
TALANK Adding line to sleep at: org/apache/coyote/AbstractProtocol:getNameIndex:360
TALANK Adding line to sleep at: org/apache/tomcat/util/net/NioEndpoint:initServerSocket:270
TALANK Adding line to sleep at: org/apache/tomcat/util/net/NioEndpoint:initServerSocket:271
TALANK Adding line to sleep at: org/apache/tomcat/util/net/NioEndpoint:initServerSocket:272
TALANK Adding line to sleep at: org/apache/tomcat/util/net/NioEndpoint:initServerSocket:273
TALANK Adding line to sleep at: org/apache/tomcat/util/net/NioEndpoint:initServerSocket:274
TALANK Adding line to sleep at: org/apache/tomcat/util/net/AbstractJsseEndpoint:getLocalAddress:232
TALANK Adding line to sleep at: org/apache/tomcat/util/net/AbstractJsseEndpoint:getLocalAddress:233
TALANK Adding line to sleep at: org/apache/tomcat/util/threads/ThreadPoolExecutor:<init>:483
TALANK Adding line to sleep at: org/apache/tomcat/util/threads/ThreadPoolExecutor:<init>:484
TALANK Adding line to sleep at: org/apache/tomcat/util/threads/ThreadPoolExecutor:addWorker:927
TALANK Adding line to sleep at: org/apache/tomcat/util/threads/ThreadPoolExecutor:addWorker:928
TALANK Adding line to sleep at: org/apache/tomcat/util/threads/ThreadPoolExecutor:compareAndIncrementWorkerCount:427
TALANK Adding line to sleep at: org/apache/tomcat/util/threads/ThreadPoolExecutor:compareAndIncrementWorkerCount:428
TALANK Adding line to sleep at: org/apache/tomcat/util/threads/ThreadPoolExecutor:addWorker:961
TALANK Adding line to sleep at: org/apache/tomcat/util/threads/ThreadPoolExecutor:addWorker:962
TALANK Adding line to sleep at: org/apache/tomcat/util/threads/ThreadPoolExecutor:addWorker:966
TALANK Adding line to sleep at: org/apache/tomcat/util/threads/ThreadPoolExecutor:addWorker:967
TALANK Adding line to sleep at: org/apache/tomcat/util/threads/ThreadPoolExecutor:addWorker:970
TALANK Adding line to sleep at: org/apache/tomcat/util/threads/ThreadPoolExecutor:addWorker:971
TALANK Adding line to sleep at: org/apache/tomcat/util/threads/ThreadPoolExecutor:addWorker:981
TALANK Adding line to sleep at: org/apache/tomcat/util/threads/ThreadPoolExecutor:addWorker:982
TALANK Adding line to sleep at: org/apache/tomcat/util/threads/ThreadPoolExecutor:addWorker:984
TALANK Adding line to sleep at: org/apache/tomcat/util/threads/ThreadPoolExecutor:addWorker:985
TALANK Adding line to sleep at: org/apache/tomcat/util/net/NioEndpoint$Poller:<init>:624
TALANK Adding line to sleep at: org/apache/tomcat/util/net/NioEndpoint$Poller:<init>:625
TALANK Adding line to sleep at: org/apache/tomcat/util/net/NioEndpoint:startInternal:312
TALANK Adding line to sleep at: org/apache/tomcat/util/net/NioEndpoint:startInternal:313
TALANK Adding line to sleep at: org/apache/tomcat/util/net/NioEndpoint:startInternal:314
TALANK Adding line to sleep at: org/apache/tomcat/util/net/NioEndpoint:startInternal:315
TALANK Adding line to sleep at: org/apache/tomcat/util/net/AbstractEndpoint:startAcceptorThread:1311
TALANK Adding line to sleep at: org/apache/tomcat/util/net/AbstractEndpoint:startAcceptorThread:1312
TALANK Adding line to sleep at: org/apache/tomcat/util/net/AbstractEndpoint:startAcceptorThread:1313
TALANK Adding line to sleep at: org/apache/tomcat/util/net/AbstractEndpoint:startAcceptorThread:1314
TALANK Adding line to sleep at: org/apache/coyote/AbstractProtocol:start:615
TALANK Adding line to sleep at: org/apache/coyote/AbstractProtocol:start:616
TALANK Adding line to sleep at: io/prometheus/client/CollectorRegistry:collectors:103
TALANK Adding line to sleep at: io/prometheus/client/CollectorRegistry:collectors:104
TALANK Adding line to sleep at: io/prometheus/client/Histogram$Child:get:464
TALANK Adding line to sleep at: io/prometheus/client/Histogram$Child:get:465
TALANK Adding line to sleep at: org/apache/catalina/util/LifecycleBase:stop:0
TALANK Adding line to sleep at: java/util/concurrent/FutureTask:cancel:180
TALANK Adding line to sleep at: java/util/concurrent/FutureTask:cancel:181
TALANK Adding line to sleep at: org/apache/catalina/core/StandardService:stopInternal:467
TALANK Adding line to sleep at: org/apache/tomcat/util/threads/LimitLatch$Sync:tryReleaseShared:55
TALANK Adding line to sleep at: org/apache/tomcat/util/threads/LimitLatch$Sync:tryReleaseShared:56
TALANK Adding line to sleep at: org/apache/tomcat/util/net/AbstractEndpoint:unlockAccept:1056
TALANK Adding line to sleep at: org/apache/catalina/core/StandardService:stopInternal:487
TALANK Adding line to sleep at: org/apache/catalina/core/StandardService:stopInternal:496
TALANK Adding line to sleep at: org/apache/catalina/core/ContainerBase:stopInternal:0
TALANK Adding line to sleep at: org/apache/catalina/core/StandardPipeline:stopInternal:0
TALANK Adding line to sleep at: org/apache/catalina/valves/ValveBase:stopInternal:0
TALANK Adding line to sleep at: org/apache/catalina/valves/ValveBase:stopInternal:179
TALANK Adding line to sleep at: org/apache/catalina/util/LifecycleBase:stop:275
TALANK Adding line to sleep at: org/apache/catalina/core/StandardPipeline:stopInternal:208
TALANK Adding line to sleep at: org/apache/catalina/core/ContainerBase:stopInternal:986
TALANK Adding line to sleep at: org/apache/catalina/core/ContainerBase$StopChild:call:0
TALANK Adding line to sleep at: org/apache/catalina/mapper/Mapper:removeHost:0
TALANK Adding line to sleep at: org/apache/catalina/mapper/Mapper:removeHost:167
TALANK Adding line to sleep at: org/apache/catalina/core/StandardContext:stopInternal:0
TALANK Adding line to sleep at: org/apache/catalina/core/StandardContext:stopInternal:5432
TALANK Adding line to sleep at: org/apache/catalina/core/StandardContext:stopInternal:5433
TALANK Adding line to sleep at: org/apache/catalina/core/StandardContext:stopInternal:5440
TALANK Adding line to sleep at: org/apache/catalina/core/StandardContext:stopInternal:5441
TALANK Adding line to sleep at: org/apache/catalina/core/StandardContext:stopInternal:5442
TALANK Adding line to sleep at: org/apache/naming/ContextBindings:bindThread:144
TALANK Adding line to sleep at: org/apache/naming/ContextBindings:bindThread:145
TALANK Adding line to sleep at: org/apache/naming/ContextBindings:bindThread:146
TALANK Adding line to sleep at: org/apache/catalina/core/StandardWrapper:stopInternal:0
TALANK Adding line to sleep at: org/apache/catalina/core/StandardWrapper:unload:0
TALANK Adding line to sleep at: org/apache/catalina/core/StandardWrapper:unload:1292
TALANK Adding line to sleep at: org/apache/catalina/core/StandardWrapper:unload:1293
TALANK Adding line to sleep at: org/apache/catalina/core/StandardWrapper:unload:1409
TALANK Adding line to sleep at: org/apache/catalina/core/ContainerBase:stopInternal:1012
TALANK Adding line to sleep at: org/apache/catalina/core/StandardWrapper:stopInternal:1650
TALANK Adding line to sleep at: org/apache/catalina/core/StandardContext:filterStop:4641
TALANK Adding line to sleep at: org/apache/catalina/core/StandardContext:filterStop:4650
TALANK Adding line to sleep at: org/apache/catalina/session/StandardManager:stopInternal:0
TALANK Adding line to sleep at: org/apache/catalina/session/StandardManager:doUnload:307
TALANK Adding line to sleep at: org/apache/catalina/session/StandardManager:doUnload:319
TALANK Adding line to sleep at: org/apache/catalina/session/StandardSession:expire:765
TALANK Adding line to sleep at: org/apache/catalina/session/ManagerBase:remove:768
TALANK Adding line to sleep at: org/apache/catalina/session/ManagerBase:remove:769
TALANK Adding line to sleep at: org/apache/catalina/session/ManagerBase:updateSessionMaxAliveTime:1033
TALANK Adding line to sleep at: org/apache/catalina/session/ManagerBase:updateSessionMaxAliveTime:1037
TALANK Adding line to sleep at: org/apache/catalina/session/ManagerBase:remove:772
TALANK Adding line to sleep at: org/apache/catalina/session/ManagerBase:remove:773
TALANK Adding line to sleep at: org/apache/catalina/session/ManagerBase:remove:774
TALANK Adding line to sleep at: org/apache/catalina/session/ManagerBase:remove:777
TALANK Adding line to sleep at: org/apache/catalina/session/StandardSession:expire:866
TALANK Adding line to sleep at: org/apache/catalina/session/StandardManager:stopInternal:408
TALANK Adding line to sleep at: org/apache/naming/ContextBindings:getClassLoader:260
TALANK Adding line to sleep at: org/apache/naming/ContextBindings:getClassLoader:261
TALANK Adding line to sleep at: org/apache/naming/factory/ResourceLinkFactory:deregisterGlobalResourceAccess:97
TALANK Adding line to sleep at: org/apache/naming/factory/ResourceLinkFactory:deregisterGlobalResourceAccess:98
TALANK Adding line to sleep at: org/apache/catalina/authenticator/AuthenticatorBase:stopInternal:0
TALANK Adding line to sleep at: org/apache/catalina/authenticator/AuthenticatorBase:stopInternal:1367
TALANK Adding line to sleep at: org/apache/catalina/loader/WebappClassLoaderBase:loadClass:1322
TALANK Adding line to sleep at: org/apache/catalina/loader/WebappClassLoaderBase:getThreads:2179
TALANK Adding line to sleep at: org/apache/catalina/loader/WebappClassLoaderBase:getThreads:2180
TALANK Adding line to sleep at: org/apache/catalina/loader/WebappClassLoaderBase:clearReferencesThreads:1763
TALANK Adding line to sleep at: org/apache/catalina/loader/WebappClassLoaderBase:clearReferencesThreads:1764
TALANK Adding line to sleep at: org/apache/catalina/loader/WebappClassLoaderBase:clearReferencesThreads:1766
TALANK Adding line to sleep at: org/apache/catalina/loader/WebappClassLoaderBase:clearReferencesThreads:1767
TALANK Adding line to sleep at: org/apache/catalina/loader/WebappClassLoaderBase:clearReferencesRmiTargets:2239
TALANK Adding line to sleep at: org/apache/catalina/loader/WebappClassLoaderBase:clearReferencesRmiTargets:2274
TALANK Adding line to sleep at: org/apache/catalina/core/StandardContext:resourcesStop:4909
TALANK Adding line to sleep at: org/apache/catalina/core/StandardContext:resourcesStop:4910
TALANK Adding line to sleep at: org/apache/catalina/util/LifecycleBase:destroy:0
TALANK Adding line to sleep at: org/apache/catalina/util/LifecycleBase:destroy:326
TALANK Adding line to sleep at: org/apache/catalina/webresources/Cache:clear:339
TALANK Adding line to sleep at: org/apache/catalina/webresources/Cache:clear:340
TALANK Adding line to sleep at: org/apache/catalina/core/StandardContext:resourcesStop:4919
TALANK Adding line to sleep at: org/apache/catalina/core/StandardContext:resourcesStop:4920
TALANK Adding line to sleep at: org/apache/catalina/core/StandardContext:stopInternal:5535
TALANK Adding line to sleep at: org/apache/catalina/core/StandardContext:stopInternal:5536
TALANK Adding line to sleep at: org/apache/catalina/core/ContainerBase:removeChild:837
TALANK Adding line to sleep at: org/apache/catalina/core/ContainerBase:removeChild:842
TALANK Adding line to sleep at: org/apache/catalina/core/ContainerBase:destroyInternal:1043
TALANK Adding line to sleep at: org/apache/tomcat/util/threads/InlineExecutorService:shutdown:35
TALANK Adding line to sleep at: org/apache/tomcat/util/threads/InlineExecutorService:shutdown:37
TALANK Adding line to sleep at: org/apache/catalina/core/ContainerBase:destroyInternal:1044
TALANK Adding line to sleep at: org/apache/catalina/core/ContainerBase:removeChild:839
TALANK Adding line to sleep at: org/apache/catalina/core/StandardContext:stopInternal:5556
TALANK Adding line to sleep at: org/apache/catalina/core/ContainerBase:stopInternal:987
TALANK Adding line to sleep at: org/apache/catalina/core/ContainerBase:stopInternal:992
TALANK Adding line to sleep at: org/apache/catalina/core/ContainerBase:stopInternal:993
TALANK Adding line to sleep at: org/apache/catalina/core/StandardService:stopInternal:498
TALANK Adding line to sleep at: org/apache/catalina/core/StandardService:stopInternal:502
TALANK Adding line to sleep at: org/apache/tomcat/util/net/Acceptor:stop:208
TALANK Adding line to sleep at: org/apache/tomcat/util/net/Acceptor:stop:209
TALANK Adding line to sleep at: org/apache/tomcat/util/net/NioEndpoint$Poller:destroy:639
TALANK Adding line to sleep at: org/apache/tomcat/util/net/NioEndpoint$Poller:destroy:640
TALANK Adding line to sleep at: org/apache/tomcat/util/net/NioEndpoint:stopInternal:337
TALANK Adding line to sleep at: org/apache/tomcat/util/net/NioEndpoint:stopInternal:338
TALANK Adding line to sleep at: org/apache/tomcat/util/threads/ThreadPoolExecutor:shutdownNow:1532
TALANK Adding line to sleep at: org/apache/tomcat/util/threads/ThreadPoolExecutor:shutdownNow:1533
TALANK Adding line to sleep at: org/apache/tomcat/util/threads/ThreadPoolExecutor:advanceRunState:718
TALANK Adding line to sleep at: org/apache/tomcat/util/threads/ThreadPoolExecutor:advanceRunState:719
TALANK Adding line to sleep at: org/apache/tomcat/util/threads/ThreadPoolExecutor:advanceRunState:720
TALANK Adding line to sleep at: org/apache/tomcat/util/threads/ThreadPoolExecutor:advanceRunState:721
TALANK Adding line to sleep at: org/apache/tomcat/util/threads/ThreadPoolExecutor$Worker:interruptIfStarted:695
TALANK Adding line to sleep at: org/apache/tomcat/util/threads/ThreadPoolExecutor$Worker:interruptIfStarted:696
TALANK Adding line to sleep at: org/apache/tomcat/util/threads/ThreadPoolExecutor$Worker:interruptIfStarted:697
TALANK Adding line to sleep at: org/apache/tomcat/util/threads/ThreadPoolExecutor$Worker:interruptIfStarted:698
TALANK Adding line to sleep at: org/apache/tomcat/util/threads/ThreadPoolExecutor:drainQueue:884
TALANK Adding line to sleep at: org/apache/tomcat/util/threads/ThreadPoolExecutor:drainQueue:885
TALANK Adding line to sleep at: org/apache/tomcat/util/threads/ThreadPoolExecutor:shutdownNow:1539
TALANK Adding line to sleep at: org/apache/tomcat/util/threads/ThreadPoolExecutor:shutdownNow:1540
TALANK Adding line to sleep at: org/apache/tomcat/util/threads/ThreadPoolExecutor:tryTerminate:738
TALANK Adding line to sleep at: org/apache/tomcat/util/threads/ThreadPoolExecutor:tryTerminate:739
TALANK Adding line to sleep at: org/apache/tomcat/util/threads/ThreadPoolExecutor:interruptIdleWorkers:823
TALANK Adding line to sleep at: org/apache/tomcat/util/threads/ThreadPoolExecutor:interruptIdleWorkers:824
TALANK Adding line to sleep at: org/apache/tomcat/util/threads/ThreadPoolExecutor:interruptIdleWorkers:827
TALANK Adding line to sleep at: org/apache/tomcat/util/threads/ThreadPoolExecutor:interruptIdleWorkers:828
TALANK Adding line to sleep at: org/apache/tomcat/util/threads/ThreadPoolExecutor$Worker:tryAcquire:675
TALANK Adding line to sleep at: org/apache/tomcat/util/threads/ThreadPoolExecutor$Worker:tryAcquire:676
TALANK Adding line to sleep at: org/apache/tomcat/util/threads/ThreadPoolExecutor:interruptIdleWorkers:829
TALANK Adding line to sleep at: org/apache/tomcat/util/threads/ThreadPoolExecutor:interruptIdleWorkers:830
TALANK Adding line to sleep at: org/apache/tomcat/util/threads/ThreadPoolExecutor:interruptIdleWorkers:840
TALANK Adding line to sleep at: org/apache/tomcat/util/threads/ThreadPoolExecutor:interruptIdleWorkers:841
TALANK Adding line to sleep at: org/apache/tomcat/util/threads/ThreadPoolExecutor:awaitTermination:1581
TALANK Adding line to sleep at: org/apache/tomcat/util/threads/ThreadPoolExecutor:awaitTermination:1582
TALANK Adding line to sleep at: org/apache/tomcat/util/threads/ThreadPoolExecutor:awaitTermination:1583
TALANK Adding line to sleep at: org/apache/tomcat/util/threads/ThreadPoolExecutor:awaitTermination:1584
TALANK Adding line to sleep at: org/apache/tomcat/util/threads/ThreadPoolExecutor:awaitTermination:1591
TALANK Adding line to sleep at: org/apache/tomcat/util/threads/ThreadPoolExecutor:awaitTermination:1592
TALANK Adding line to sleep at: org/apache/tomcat/util/threads/ThreadPoolExecutor:isTerminating:1567
TALANK Adding line to sleep at: org/apache/tomcat/util/threads/ThreadPoolExecutor:isTerminating:1568
TALANK Adding line to sleep at: org/apache/tomcat/util/collections/SynchronizedStack:clear:0
TALANK Adding line to sleep at: org/apache/tomcat/util/collections/SynchronizedStack:clear:90
TALANK Adding line to sleep at: org/apache/tomcat/util/collections/SynchronizedStack:pop:0
TALANK Adding line to sleep at: org/apache/tomcat/util/collections/SynchronizedStack:pop:76
TALANK Adding line to sleep at: org/apache/catalina/core/StandardService:stopInternal:513
TALANK Adding line to sleep at: org/apache/catalina/core/StandardService:stopInternal:521
TALANK Adding line to sleep at: org/apache/catalina/core/StandardService:stopInternal:525
TALANK Adding line to sleep at: org/apache/catalina/core/StandardService:destroyInternal:567
TALANK Adding line to sleep at: org/apache/coyote/AbstractProtocol$RecycledProcessors:clear:0
TALANK Adding line to sleep at: org/apache/tomcat/util/collections/SynchronizedStack:pop:80
TALANK Adding line to sleep at: org/apache/coyote/AbstractProtocol$RecycledProcessors:pop:1233
TALANK Adding line to sleep at: org/apache/coyote/AbstractProtocol$RecycledProcessors:pop:1234
TALANK Adding line to sleep at: org/apache/coyote/AbstractProtocol$ConnectionHandler:unregister:1157
TALANK Adding line to sleep at: org/apache/coyote/RequestGroupInfo:removeRequestProcessor:0
TALANK Adding line to sleep at: org/apache/coyote/RequestGroupInfo:removeRequestProcessor:54
TALANK Adding line to sleep at: org/apache/coyote/AbstractProtocol$ConnectionHandler:unregister:1176
TALANK Adding line to sleep at: org/apache/coyote/AbstractProtocol$RecycledProcessors:clear:1246
TALANK Adding line to sleep at: org/apache/coyote/AbstractProtocol$RecycledProcessors:clear:1247
TALANK Adding line to sleep at: org/apache/catalina/core/StandardService:removeConnector:284
TALANK Adding line to sleep at: org/apache/catalina/core/StandardService:removeConnector:316
TALANK Adding line to sleep at: org/apache/catalina/core/StandardService:destroyInternal:571
TALANK Adding line to sleep at: org/apache/catalina/core/StandardContext:destroyInternal:5577
TALANK Adding line to sleep at: org/apache/catalina/core/StandardContext:destroyInternal:5578
TALANK Adding line to sleep at: org/apache/catalina/core/StandardServer:destroyInternal:1060
TALANK Adding line to sleep at: org/apache/catalina/core/StandardServer:destroyInternal:1061
TALANK Adding line to sleep at: org/apache/catalina/session/StandardManager:doLoad:208
TALANK Adding line to sleep at: org/apache/catalina/util/CustomObjectInputStream:<init>:111
TALANK Adding line to sleep at: org/apache/catalina/util/CustomObjectInputStream:<init>:113
TALANK Adding line to sleep at: org/apache/catalina/util/CustomObjectInputStream:<init>:117
TALANK Adding line to sleep at: org/apache/catalina/util/CustomObjectInputStream:<init>:119
TALANK Adding line to sleep at: org/apache/catalina/session/StandardManager:doLoad:239
TALANK Adding line to sleep at: org/apache/tomcat/util/threads/ThreadPoolExecutor:awaitTermination:1587
TALANK Adding line to sleep at: org/apache/tomcat/util/threads/ThreadPoolExecutor:awaitTermination:1588
TALANK Adding line to sleep at: org/apache/tomcat/util/net/AbstractEndpoint:unlockAccept:1057
TALANK Adding line to sleep at: org/apache/tomcat/util/threads/ThreadPoolExecutor:tryTerminate:750
TALANK Adding line to sleep at: org/apache/tomcat/util/threads/ThreadPoolExecutor:tryTerminate:751
TALANK Adding line to sleep at: org/apache/tomcat/util/threads/ThreadPoolExecutor:tryTerminate:752
TALANK Adding line to sleep at: org/apache/tomcat/util/threads/ThreadPoolExecutor:tryTerminate:753
TALANK Adding line to sleep at: org/apache/tomcat/util/threads/ThreadPoolExecutor:tryTerminate:756
TALANK Adding line to sleep at: org/apache/tomcat/util/threads/ThreadPoolExecutor:tryTerminate:757
TALANK Adding line to sleep at: org/apache/tomcat/util/threads/ThreadPoolExecutor:tryTerminate:758
TALANK Adding line to sleep at: org/apache/tomcat/util/threads/ThreadPoolExecutor:tryTerminate:762
TALANK Adding line to sleep at: org/apache/tomcat/util/threads/ThreadPoolExecutor:tryTerminate:763
********TALANK requesting to junitcore ******: org.junit.internal.requests.FilterRequest@30dae81
May 14, 2025 7:41:15 PM org.apache.catalina.core.StandardService startInternal
INFO: Starting service [Tomcat]
May 14, 2025 7:41:15 PM org.apache.catalina.core.StandardEngine startInternal
INFO: Starting Servlet engine: [Apache Tomcat/9.0.58]
May 14, 2025 7:41:16 PM org.apache.coyote.AbstractProtocol init
INFO: Initializing ProtocolHandler ["http-nio-auto-1"]
May 14, 2025 7:41:16 PM org.apache.coyote.AbstractProtocol start
INFO: Starting ProtocolHandler ["http-nio-auto-1-40623"]
May 14, 2025 7:45:42 PM org.apache.coyote.AbstractProtocol pause
INFO: Pausing ProtocolHandler ["http-nio-auto-1-40623"]
May 14, 2025 7:46:47 PM org.apache.catalina.core.StandardService stopInternal
INFO: Stopping service [Tomcat]
May 14, 2025 8:20:41 PM org.apache.coyote.AbstractProtocol stop
INFO: Stopping ProtocolHandler ["http-nio-auto-1-40623"]
May 14, 2025 8:28:39 PM org.apache.coyote.AbstractProtocol destroy
INFO: Destroying ProtocolHandler ["http-nio-auto-1-40623"]
TALANKINFO:FromJava:OK

INFO:root:====END Java Log====
INFO:root:Kill all Java processes
INFO:root:Using timeout 1339.0 minutes
INFO:root:Running command:
INFO:root:/scratch/tbaral/ase26/nod-rr/NOD-Test-Repair/flakerake/jdk1.8.0_102/bin/java -XX:+ExitOnOutOfMemoryError -Xbootclasspath/p:/home/tbaral/.m2/repository/edu/gmu/swe/flaky/sleepy/sleepy-interceptor/0.0.4-SNAPSHOT/sleepy-interceptor-0.0.4-SNAPSHOT.jar -javaagent:/home/tbaral/.m2/repository/edu/gmu/swe/flaky/sleepy/sleepy-interceptor/0.0.4-SNAPSHOT/sleepy-interceptor-0.0.4-SNAPSHOT.jar   -cp '/home/tbaral/.m2/repository/io/prometheus/simpleclient/0.15.0/simpleclient-0.15.0.jar:/home/tbaral/.m2/repository/io/prometheus/simpleclient_tracer_otel/0.15.0/simpleclient_tracer_otel-0.15.0.jar:/home/tbaral/.m2/repository/io/prometheus/simpleclient_tracer_common/0.15.0/simpleclient_tracer_common-0.15.0.jar:/home/tbaral/.m2/repository/io/prometheus/simpleclient_tracer_otel_agent/0.15.0/simpleclient_tracer_otel_agent-0.15.0.jar:/home/tbaral/.m2/repository/io/prometheus/simpleclient_servlet/0.15.0/simpleclient_servlet-0.15.0.jar:/home/tbaral/.m2/repository/io/prometheus/simpleclient_common/0.15.0/simpleclient_common-0.15.0.jar:/home/tbaral/.m2/repository/io/prometheus/simpleclient_servlet_common/0.15.0/simpleclient_servlet_common-0.15.0.jar:/home/tbaral/.m2/repository/io/prometheus/simpleclient_hotspot/0.15.0/simpleclient_hotspot-0.15.0.jar:/home/tbaral/.m2/repository/org/apache/tomcat/tomcat-catalina/9.0.58/tomcat-catalina-9.0.58.jar:/home/tbaral/.m2/repository/org/apache/tomcat/tomcat-servlet-api/9.0.58/tomcat-servlet-api-9.0.58.jar:/home/tbaral/.m2/repository/org/apache/tomcat/tomcat-jsp-api/9.0.58/tomcat-jsp-api-9.0.58.jar:/home/tbaral/.m2/repository/org/apache/tomcat/tomcat-el-api/9.0.58/tomcat-el-api-9.0.58.jar:/home/tbaral/.m2/repository/org/apache/tomcat/tomcat-juli/9.0.58/tomcat-juli-9.0.58.jar:/home/tbaral/.m2/repository/org/apache/tomcat/tomcat-annotations-api/9.0.58/tomcat-annotations-api-9.0.58.jar:/home/tbaral/.m2/repository/org/apache/tomcat/tomcat-api/9.0.58/tomcat-api-9.0.58.jar:/home/tbaral/.m2/repository/org/apache/tomcat/tomcat-jni/9.0.58/tomcat-jni-9.0.58.jar:/home/tbaral/.m2/repository/org/apache/tomcat/tomcat-coyote/9.0.58/tomcat-coyote-9.0.58.jar:/home/tbaral/.m2/repository/org/apache/tomcat/tomcat-util/9.0.58/tomcat-util-9.0.58.jar:/home/tbaral/.m2/repository/org/apache/tomcat/tomcat-util-scan/9.0.58/tomcat-util-scan-9.0.58.jar:/home/tbaral/.m2/repository/org/apache/tomcat/tomcat-jaspic-api/9.0.58/tomcat-jaspic-api-9.0.58.jar:/home/tbaral/.m2/repository/org/apache/tomcat/tomcat-jdbc/9.0.58/tomcat-jdbc-9.0.58.jar:/home/tbaral/.m2/repository/org/apache/tomcat/tomcat-dbcp/9.0.58/tomcat-dbcp-9.0.58.jar:/home/tbaral/.m2/repository/junit/junit/4.13.1/junit-4.13.1.jar:/home/tbaral/.m2/repository/org/hamcrest/hamcrest-core/1.3/hamcrest-core-1.3.jar:/home/tbaral/.m2/repository/org/apache/tomcat/embed/tomcat-embed-core/9.0.58/tomcat-embed-core-9.0.58.jar:/home/tbaral/.m2/repository/io/rest-assured/rest-assured/4.1.1/rest-assured-4.1.1.jar:/home/tbaral/.m2/repository/org/codehaus/groovy/groovy/2.5.6/groovy-2.5.6.jar:/home/tbaral/.m2/repository/org/codehaus/groovy/groovy-xml/2.5.6/groovy-xml-2.5.6.jar:/home/tbaral/.m2/repository/org/apache/httpcomponents/httpclient/4.5.3/httpclient-4.5.3.jar:/home/tbaral/.m2/repository/org/apache/httpcomponents/httpcore/4.4.6/httpcore-4.4.6.jar:/home/tbaral/.m2/repository/commons-logging/commons-logging/1.2/commons-logging-1.2.jar:/home/tbaral/.m2/repository/commons-codec/commons-codec/1.9/commons-codec-1.9.jar:/home/tbaral/.m2/repository/org/apache/httpcomponents/httpmime/4.5.3/httpmime-4.5.3.jar:/home/tbaral/.m2/repository/org/hamcrest/hamcrest/2.1/hamcrest-2.1.jar:/home/tbaral/.m2/repository/org/ccil/cowan/tagsoup/tagsoup/1.2.1/tagsoup-1.2.1.jar:/home/tbaral/.m2/repository/io/rest-assured/json-path/4.1.1/json-path-4.1.1.jar:/home/tbaral/.m2/repository/org/codehaus/groovy/groovy-json/2.5.6/groovy-json-2.5.6.jar:/home/tbaral/.m2/repository/io/rest-assured/rest-assured-common/4.1.1/rest-assured-common-4.1.1.jar:/home/tbaral/.m2/repository/io/rest-assured/xml-path/4.1.1/xml-path-4.1.1.jar:/home/tbaral/.m2/repository/org/apache/commons/commons-lang3/3.4/commons-lang3-3.4.jar:/home/tbaral/.m2/repository/javax/xml/bind/jaxb-api/2.3.1/jaxb-api-2.3.1.jar:/home/tbaral/.m2/repository/javax/activation/javax.activation-api/1.2.0/javax.activation-api-1.2.0.jar:/home/tbaral/.m2/repository/com/sun/xml/bind/jaxb-osgi/2.3.0.1/jaxb-osgi-2.3.0.1.jar:/home/tbaral/.m2/repository/org/apache/sling/org.apache.sling.javax.activation/0.1.0/org.apache.sling.javax.activation-0.1.0.jar:/home/tbaral/.m2/repository/javax/activation/activation/1.1.1/activation-1.1.1.jar:/home/tbaral/.m2/repository/com/h2database/h2/2.1.210/h2-2.1.210.jar:./target/classes:./target/test-classes:/home/tbaral/.m2/repository/edu/gmu/swe/flaky/sleepy/sleepy-runner/0.0.4-SNAPSHOT/sleepy-runner-0.0.4-SNAPSHOT.jar' 'edu.gmu.swe.flaky.sleepy.runner.SleepyTestRunner' nl.nlighten.prometheus.tomcat.TomcatServletMetricsFilterTest#testServletRequestMetrics '<main>' 'info' 10000 ./sleepy-records/internal/node-nl.nlighten.prometheus.tomcat.TomcatServletMetricsFilterTest#testServletRequestMetrics-0.sleepList
INFO:root:====BEGIN Java Log====
INFO:root:TALANK: args.length: 5
TALANK: args[0]: nl.nlighten.prometheus.tomcat.TomcatServletMetricsFilterTest#testServletRequestMetrics
TALANK: args[1]: <main>
TALANK: args[2]: info
TALANK: args[3]: 10000
TALANK: args[4]: ./sleepy-records/internal/node-nl.nlighten.prometheus.tomcat.TomcatServletMetricsFilterTest#testServletRequestMetrics-0.sleepList
TALANK Adding line to sleep at: org/apache/tomcat/util/res/StringManager:getManager:0
TALANK Adding line to sleep at: org/apache/tomcat/util/res/StringManager:getManager:266
TALANK Adding line to sleep at: org/apache/catalina/core/StandardServer:addService:504
TALANK Adding line to sleep at: org/apache/catalina/core/StandardServer:addService:520
TALANK Adding line to sleep at: org/apache/catalina/core/ContainerBase:setRealm:630
TALANK Adding line to sleep at: org/apache/catalina/core/ContainerBase:setRealm:631
TALANK Adding line to sleep at: org/apache/catalina/core/ContainerBase:setRealm:665
TALANK Adding line to sleep at: org/apache/catalina/core/ContainerBase:setRealm:666
TALANK Adding line to sleep at: org/apache/catalina/core/ContainerBase:findChildren:779
TALANK Adding line to sleep at: org/apache/catalina/core/ContainerBase:findChildren:781
TALANK Adding line to sleep at: org/apache/catalina/core/ContainerBase:addChildInternal:708
TALANK Adding line to sleep at: org/apache/catalina/core/ContainerBase:addChildInternal:715
TALANK Adding line to sleep at: org/apache/catalina/core/ContainerBase:findChild:767
TALANK Adding line to sleep at: org/apache/catalina/core/ContainerBase:findChild:768
TALANK Adding line to sleep at: org/apache/catalina/core/StandardContext:addServletMappingDecoded:3237
TALANK Adding line to sleep at: org/apache/catalina/core/StandardContext:addServletMappingDecoded:3245
TALANK Adding line to sleep at: org/apache/catalina/core/StandardWrapper:addMapping:718
TALANK Adding line to sleep at: org/apache/catalina/core/StandardWrapper:addMapping:719
TALANK Adding line to sleep at: org/apache/catalina/core/StandardWrapper:addMapping:722
TALANK Adding line to sleep at: org/apache/catalina/core/StandardWrapper:addMapping:723
TALANK Adding line to sleep at: org/apache/catalina/core/StandardContext:addFilterDef:3009
TALANK Adding line to sleep at: org/apache/catalina/core/StandardContext:addFilterDef:3011
TALANK Adding line to sleep at: org/apache/tomcat/util/buf/UDecoder$DecodeException:fillInStackTrace:0
TALANK Adding line to sleep at: org/apache/tomcat/util/buf/UDecoder$DecodeException:fillInStackTrace:53
TALANK Adding line to sleep at: org/apache/catalina/core/StandardContext:findFilterDef:3466
TALANK Adding line to sleep at: org/apache/catalina/core/StandardContext:findFilterDef:3467
TALANK Adding line to sleep at: org/apache/catalina/core/StandardContext$ContextFilterMaps:add:4531
TALANK Adding line to sleep at: org/apache/catalina/core/StandardContext$ContextFilterMaps:add:4535
TALANK Adding line to sleep at: org/apache/catalina/deploy/NamingResourcesImpl:addResource:411
TALANK Adding line to sleep at: org/apache/catalina/deploy/NamingResourcesImpl:addResource:414
TALANK Adding line to sleep at: org/apache/catalina/util/LifecycleBase:init:0
TALANK Adding line to sleep at: org/apache/catalina/util/LifecycleBase:setStateInternal:0
TALANK Adding line to sleep at: org/apache/catalina/util/LifecycleBase:setStateInternal:425
TALANK Adding line to sleep at: org/apache/tomcat/util/modeler/Registry:getRegistry:0
TALANK Adding line to sleep at: org/apache/tomcat/util/modeler/Registry:getRegistry:144
TALANK Adding line to sleep at: org/apache/tomcat/util/modeler/Registry:getMBeanServer:454
TALANK Adding line to sleep at: org/apache/tomcat/util/modeler/Registry:getMBeanServer:456
TALANK Adding line to sleep at: org/apache/tomcat/util/modeler/Registry:getMBeanServer:457
TALANK Adding line to sleep at: org/apache/tomcat/util/modeler/Registry:getMBeanServer:469
TALANK Adding line to sleep at: org/apache/tomcat/util/modeler/modules/MbeansDescriptorsDigesterSource:execute:158
TALANK Adding line to sleep at: org/apache/tomcat/util/modeler/ManagedBean:setName:178
TALANK Adding line to sleep at: org/apache/tomcat/util/modeler/ManagedBean:setName:179
TALANK Adding line to sleep at: org/apache/tomcat/util/modeler/ManagedBean:setName:183
TALANK Adding line to sleep at: org/apache/tomcat/util/modeler/ManagedBean:setName:184
TALANK Adding line to sleep at: org/apache/tomcat/util/modeler/ManagedBean:setDescription:134
TALANK Adding line to sleep at: org/apache/tomcat/util/modeler/ManagedBean:setDescription:135
TALANK Adding line to sleep at: org/apache/tomcat/util/modeler/ManagedBean:setDescription:139
TALANK Adding line to sleep at: org/apache/tomcat/util/modeler/ManagedBean:setDescription:140
TALANK Adding line to sleep at: org/apache/tomcat/util/modeler/ManagedBean:setType:216
TALANK Adding line to sleep at: org/apache/tomcat/util/modeler/ManagedBean:setType:217
TALANK Adding line to sleep at: org/apache/tomcat/util/modeler/ManagedBean:setType:221
TALANK Adding line to sleep at: org/apache/tomcat/util/modeler/ManagedBean:setType:222
TALANK Adding line to sleep at: org/apache/tomcat/util/modeler/ManagedBean:setClassName:116
TALANK Adding line to sleep at: org/apache/tomcat/util/modeler/ManagedBean:setClassName:117
TALANK Adding line to sleep at: org/apache/tomcat/util/modeler/ManagedBean:setClassName:121
TALANK Adding line to sleep at: org/apache/tomcat/util/modeler/ManagedBean:setClassName:122
TALANK Adding line to sleep at: org/apache/tomcat/util/modeler/OperationInfo:addParameter:127
TALANK Adding line to sleep at: org/apache/tomcat/util/modeler/OperationInfo:addParameter:128
TALANK Adding line to sleep at: org/apache/tomcat/util/modeler/OperationInfo:addParameter:135
TALANK Adding line to sleep at: org/apache/tomcat/util/modeler/OperationInfo:addParameter:136
TALANK Adding line to sleep at: org/apache/tomcat/util/modeler/OperationInfo:getSignature:108
TALANK Adding line to sleep at: org/apache/tomcat/util/modeler/OperationInfo:getSignature:109
TALANK Adding line to sleep at: org/apache/tomcat/util/modeler/OperationInfo:getSignature:112
TALANK Adding line to sleep at: org/apache/tomcat/util/modeler/OperationInfo:getSignature:113
TALANK Adding line to sleep at: org/apache/tomcat/util/modeler/modules/MbeansDescriptorsDigesterSource:execute:175
TALANK Adding line to sleep at: org/apache/tomcat/util/modeler/ManagedBean:getMBeanInfo:354
TALANK Adding line to sleep at: org/apache/tomcat/util/modeler/ManagedBean:getMBeanInfo:355
TALANK Adding line to sleep at: org/apache/tomcat/util/modeler/ManagedBean:getMBeanInfo:360
TALANK Adding line to sleep at: org/apache/tomcat/util/modeler/ManagedBean:getMBeanInfo:361
TALANK Adding line to sleep at: org/apache/tomcat/util/modeler/ManagedBean:getMBeanInfo:363
TALANK Adding line to sleep at: org/apache/tomcat/util/modeler/ManagedBean:getMBeanInfo:364
TALANK Adding line to sleep at: org/apache/tomcat/util/modeler/ManagedBean:getMBeanInfo:401
TALANK Adding line to sleep at: org/apache/tomcat/util/modeler/ManagedBean:getMBeanInfo:402
TALANK Adding line to sleep at: org/apache/catalina/core/StandardServer:reconfigureUtilityExecutor:0
TALANK Adding line to sleep at: org/apache/tomcat/util/threads/TaskThreadFactory:<init>:41
TALANK Adding line to sleep at: org/apache/tomcat/util/threads/TaskThreadFactory:<init>:42
TALANK Adding line to sleep at: org/apache/catalina/core/StandardServer:reconfigureUtilityExecutor:447
TALANK Adding line to sleep at: org/apache/catalina/core/StandardServer:reconfigureUtilityExecutor:448
TALANK Adding line to sleep at: org/apache/catalina/core/StandardServer:reconfigureUtilityExecutor:449
TALANK Adding line to sleep at: org/apache/catalina/core/StandardServer:reconfigureUtilityExecutor:452
TALANK Adding line to sleep at: org/apache/tomcat/util/modeler/Registry:findDescriptor:707
TALANK Adding line to sleep at: org/apache/tomcat/util/modeler/Registry:findDescriptor:708
TALANK Adding line to sleep at: org/apache/catalina/mbeans/MBeanUtils:createRegistry:0
TALANK Adding line to sleep at: org/apache/catalina/mbeans/MBeanUtils:createRegistry:597
TALANK Adding line to sleep at: org/apache/catalina/mbeans/MBeanUtils:createServer:0
TALANK Adding line to sleep at: org/apache/catalina/mbeans/MBeanUtils:createServer:611
TALANK Adding line to sleep at: org/apache/catalina/util/LifecycleBase:init:141
TALANK Adding line to sleep at: org/apache/catalina/core/ContainerBase:getRealm:596
TALANK Adding line to sleep at: org/apache/catalina/core/ContainerBase:getRealm:597
TALANK Adding line to sleep at: org/apache/catalina/core/ContainerBase:getRealm:606
TALANK Adding line to sleep at: org/apache/catalina/core/ContainerBase:getRealm:607
TALANK Adding line to sleep at: org/apache/catalina/core/StandardService:findExecutors:369
TALANK Adding line to sleep at: org/apache/catalina/core/StandardService:findExecutors:372
TALANK Adding line to sleep at: org/apache/catalina/core/StandardService:initInternal:554
TALANK Adding line to sleep at: org/apache/catalina/core/StandardService:initInternal:558
TALANK Adding line to sleep at: org/apache/catalina/util/LifecycleBase:start:0
TALANK Adding line to sleep at: org/apache/naming/StringManager:getManager:0
TALANK Adding line to sleep at: org/apache/naming/StringManager:getManager:176
TALANK Adding line to sleep at: org/apache/catalina/deploy/NamingResourcesImpl:findResourceLinks:664
TALANK Adding line to sleep at: org/apache/catalina/deploy/NamingResourcesImpl:findResourceLinks:667
TALANK Adding line to sleep at: org/apache/catalina/deploy/NamingResourcesImpl:findResources:679
TALANK Adding line to sleep at: org/apache/catalina/deploy/NamingResourcesImpl:findResources:681
TALANK Adding line to sleep at: org/apache/catalina/deploy/NamingResourcesImpl:findResourceEnvRefs:709
TALANK Adding line to sleep at: org/apache/catalina/deploy/NamingResourcesImpl:findResourceEnvRefs:711
TALANK Adding line to sleep at: org/apache/catalina/deploy/NamingResourcesImpl:findEnvironments:561
TALANK Adding line to sleep at: org/apache/catalina/deploy/NamingResourcesImpl:findEnvironments:563
TALANK Adding line to sleep at: org/apache/catalina/deploy/NamingResourcesImpl:findEjbs:531
TALANK Adding line to sleep at: org/apache/catalina/deploy/NamingResourcesImpl:findEjbs:533
TALANK Adding line to sleep at: org/apache/catalina/deploy/NamingResourcesImpl:findMessageDestinationRefs:619
TALANK Adding line to sleep at: org/apache/catalina/deploy/NamingResourcesImpl:findMessageDestinationRefs:622
TALANK Adding line to sleep at: org/apache/catalina/deploy/NamingResourcesImpl:findServices:738
TALANK Adding line to sleep at: org/apache/catalina/deploy/NamingResourcesImpl:findServices:740
TALANK Adding line to sleep at: org/apache/catalina/util/LifecycleBase:setState:0
TALANK Adding line to sleep at: org/apache/catalina/util/LifecycleBase:setState:367
TALANK Adding line to sleep at: org/apache/catalina/util/LifecycleBase:start:200
TALANK Adding line to sleep at: org/apache/catalina/core/StandardServer:startInternal:925
TALANK Adding line to sleep at: org/apache/catalina/core/StandardService:startInternal:431
TALANK Adding line to sleep at: org/apache/catalina/core/StandardEngine:startInternal:0
TALANK Adding line to sleep at: org/apache/catalina/core/ContainerBase:startInternal:0
TALANK Adding line to sleep at: org/apache/catalina/core/ContainerBase:getClusterInternal:392
TALANK Adding line to sleep at: org/apache/catalina/core/ContainerBase:getClusterInternal:393
TALANK Adding line to sleep at: org/apache/catalina/core/ContainerBase:getClusterInternal:396
TALANK Adding line to sleep at: org/apache/catalina/core/ContainerBase:getClusterInternal:397
TALANK Adding line to sleep at: org/apache/catalina/core/ContainerBase:getRealmInternal:613
TALANK Adding line to sleep at: org/apache/catalina/core/ContainerBase:getRealmInternal:614
TALANK Adding line to sleep at: org/apache/catalina/core/ContainerBase:getRealmInternal:617
TALANK Adding line to sleep at: org/apache/catalina/core/ContainerBase:getRealmInternal:618
TALANK Adding line to sleep at: org/apache/catalina/core/ContainerBase:startInternal:919
TALANK Adding line to sleep at: org/apache/tomcat/util/threads/InlineExecutorService:execute:69
TALANK Adding line to sleep at: org/apache/tomcat/util/threads/InlineExecutorService:execute:74
TALANK Adding line to sleep at: org/apache/tomcat/util/threads/InlineExecutorService:execute:75
TALANK Adding line to sleep at: java/util/concurrent/FutureTask:run:0
TALANK Adding line to sleep at: java/util/concurrent/FutureTask:run:258
TALANK Adding line to sleep at: java/util/concurrent/FutureTask:run:259
TALANK Adding line to sleep at: java/util/concurrent/FutureTask:run:266
TALANK Adding line to sleep at: org/apache/catalina/core/ContainerBase$StartChild:call:0
TALANK Adding line to sleep at: org/apache/catalina/core/StandardHost:startInternal:0
TALANK Adding line to sleep at: org/apache/catalina/core/StandardContext:initInternal:6300
TALANK Adding line to sleep at: org/apache/catalina/core/StandardContext:initInternal:6301
TALANK Adding line to sleep at: org/apache/catalina/core/StandardContext:startInternal:0
TALANK Adding line to sleep at: org/apache/catalina/core/StandardContext:startInternal:4993
TALANK Adding line to sleep at: org/apache/catalina/core/StandardContext:startInternal:4994
TALANK Adding line to sleep at: org/apache/catalina/core/StandardContext:getResources:2512
TALANK Adding line to sleep at: org/apache/catalina/core/StandardContext:getResources:2513
TALANK Adding line to sleep at: org/apache/catalina/core/StandardContext:getResources:2516
TALANK Adding line to sleep at: org/apache/catalina/core/StandardContext:getResources:2517
TALANK Adding line to sleep at: org/apache/catalina/core/StandardContext:setResources:2525
TALANK Adding line to sleep at: org/apache/catalina/core/StandardContext:setResources:2526
TALANK Adding line to sleep at: org/apache/catalina/core/StandardContext:setResources:2549
TALANK Adding line to sleep at: org/apache/catalina/core/StandardContext:setResources:2550
TALANK Adding line to sleep at: org/apache/catalina/webresources/TomcatURLStreamHandlerFactory:getInstanceInternal:51
TALANK Adding line to sleep at: org/apache/catalina/webresources/TomcatURLStreamHandlerFactory:getInstanceInternal:55
TALANK Adding line to sleep at: org/apache/catalina/core/StandardContext:getLoader:1865
TALANK Adding line to sleep at: org/apache/catalina/core/StandardContext:getLoader:1866
TALANK Adding line to sleep at: org/apache/catalina/core/StandardContext:getLoader:1869
TALANK Adding line to sleep at: org/apache/catalina/core/StandardContext:getLoader:1870
TALANK Adding line to sleep at: org/apache/catalina/core/StandardContext:setLoader:1877
TALANK Adding line to sleep at: org/apache/catalina/core/StandardContext:setLoader:1878
TALANK Adding line to sleep at: org/apache/catalina/core/StandardContext:setLoader:1910
TALANK Adding line to sleep at: org/apache/catalina/core/StandardContext:setLoader:1911
TALANK Adding line to sleep at: org/apache/catalina/util/ExtensionValidator:validateApplication:0
TALANK Adding line to sleep at: org/apache/catalina/webresources/Cache:getResource:74
TALANK Adding line to sleep at: org/apache/catalina/webresources/Cache:getResource:75
TALANK Adding line to sleep at: org/apache/catalina/webresources/Cache:getResource:91
TALANK Adding line to sleep at: org/apache/catalina/webresources/Cache:getResource:92
TALANK Adding line to sleep at: org/apache/catalina/webresources/CachedResource:validateResource:100
TALANK Adding line to sleep at: org/apache/catalina/webresources/CachedResource:validateResource:101
TALANK Adding line to sleep at: org/apache/catalina/webresources/CachedResource:validateResource:103
TALANK Adding line to sleep at: org/apache/catalina/webresources/CachedResource:validateResource:117
TALANK Adding line to sleep at: org/apache/catalina/webresources/Cache:getResource:102
TALANK Adding line to sleep at: org/apache/catalina/webresources/Cache:getResource:103
TALANK Adding line to sleep at: org/apache/catalina/webresources/Cache:getResource:104
TALANK Adding line to sleep at: org/apache/catalina/webresources/Cache:getResource:105
TALANK Adding line to sleep at: org/apache/catalina/webresources/Cache:getResources:149
TALANK Adding line to sleep at: org/apache/catalina/webresources/Cache:getResources:150
TALANK Adding line to sleep at: org/apache/catalina/webresources/Cache:getResources:169
TALANK Adding line to sleep at: org/apache/catalina/webresources/Cache:getResources:170
TALANK Adding line to sleep at: org/apache/catalina/webresources/CachedResource:validateResources:153
TALANK Adding line to sleep at: org/apache/catalina/webresources/CachedResource:validateResources:154
TALANK Adding line to sleep at: org/apache/catalina/webresources/CachedResource:validateResources:156
TALANK Adding line to sleep at: org/apache/catalina/webresources/CachedResource:validateResources:161
TALANK Adding line to sleep at: org/apache/catalina/webresources/Cache:getResources:178
TALANK Adding line to sleep at: org/apache/catalina/webresources/Cache:getResources:179
TALANK Adding line to sleep at: org/apache/catalina/webresources/Cache:getResources:180
TALANK Adding line to sleep at: org/apache/catalina/webresources/Cache:getResources:181
TALANK Adding line to sleep at: org/apache/catalina/util/ExtensionValidator:validateApplication:161
TALANK Adding line to sleep at: org/apache/catalina/core/StandardContext:bind:5857
TALANK Adding line to sleep at: org/apache/catalina/core/StandardContext:bind:5858
TALANK Adding line to sleep at: org/apache/naming/ContextBindings:unbindThread:158
TALANK Adding line to sleep at: org/apache/naming/ContextBindings:unbindThread:159
TALANK Adding line to sleep at: org/apache/naming/ContextBindings:unbindThread:160
TALANK Adding line to sleep at: org/apache/catalina/core/StandardContext:bind:5874
TALANK Adding line to sleep at: org/apache/catalina/core/StandardContext:bind:5875
TALANK Adding line to sleep at: org/apache/catalina/core/StandardContext:findFilterDefs:3477
TALANK Adding line to sleep at: org/apache/catalina/core/StandardContext:findFilterDefs:3479
TALANK Adding line to sleep at: org/apache/catalina/loader/WebappClassLoaderBase:loadClass:1247
TALANK Adding line to sleep at: org/apache/catalina/loader/WebappClassLoaderBase:loadClass:1399
TALANK Adding line to sleep at: org/apache/catalina/loader/WebappClassLoaderBase:loadClass:1359
TALANK Adding line to sleep at: org/apache/naming/factory/FactoryBase:getObjectInstance:61
TALANK Adding line to sleep at: org/apache/naming/factory/FactoryBase:getObjectInstance:62
TALANK Adding line to sleep at: org/apache/tomcat/jdbc/pool/PoolProperties:<init>:68
TALANK Adding line to sleep at: org/apache/tomcat/jdbc/pool/PoolProperties:<init>:69
TALANK Adding line to sleep at: org/apache/tomcat/jdbc/pool/DataSourceProxy:pCreatePool:0
TALANK Adding line to sleep at: org/apache/tomcat/jdbc/pool/ConnectionPool:registerCleaner:0
TALANK Adding line to sleep at: org/apache/tomcat/jdbc/pool/ConnectionPool:unregisterCleaner:0
TALANK Adding line to sleep at: org/apache/tomcat/jdbc/pool/ConnectionPool:unregisterCleaner:1544
TALANK Adding line to sleep at: org/apache/tomcat/jdbc/pool/ConnectionPool:registerCleaner:1517
TALANK Adding line to sleep at: org/apache/tomcat/jdbc/pool/ConnectionPool:registerCleaner:1518
TALANK Adding line to sleep at: org/apache/tomcat/jdbc/pool/ConnectionPool:registerCleaner:1519
TALANK Adding line to sleep at: org/apache/tomcat/jdbc/pool/ConnectionPool:registerCleaner:1520
TALANK Adding line to sleep at: org/apache/tomcat/jdbc/pool/ConnectionPool$PrivilegedNewTimer:run:1550
TALANK Adding line to sleep at: org/apache/tomcat/jdbc/pool/ConnectionPool$PrivilegedNewTimer:run:1551
TALANK Adding line to sleep at: org/apache/tomcat/jdbc/pool/ConnectionPool:registerCleaner:1526
TALANK Adding line to sleep at: org/apache/tomcat/jdbc/pool/ConnectionPool:registerCleaner:1527
TALANK Adding line to sleep at: org/apache/tomcat/jdbc/pool/ConnectionPool:registerCleaner:1530
TALANK Adding line to sleep at: org/apache/tomcat/jdbc/pool/PoolProperties$InterceptorDefinition:getInterceptorClass:982
TALANK Adding line to sleep at: org/apache/tomcat/jdbc/pool/PoolProperties$InterceptorDefinition:getInterceptorClass:983
TALANK Adding line to sleep at: io/prometheus/client/CollectorRegistry:register:52
TALANK Adding line to sleep at: io/prometheus/client/CollectorRegistry:register:64
TALANK Adding line to sleep at: org/apache/tomcat/jdbc/pool/ConnectionPool:borrowConnection:672
TALANK Adding line to sleep at: org/apache/tomcat/jdbc/pool/ConnectionPool:borrowConnection:673
TALANK Adding line to sleep at: org/apache/tomcat/jdbc/pool/FairBlockingQueue:poll:259
TALANK Adding line to sleep at: org/apache/tomcat/jdbc/pool/FairBlockingQueue:poll:260
TALANK Adding line to sleep at: org/apache/tomcat/jdbc/pool/FairBlockingQueue:poll:263
TALANK Adding line to sleep at: org/apache/tomcat/jdbc/pool/FairBlockingQueue:poll:264
TALANK Adding line to sleep at: org/apache/tomcat/jdbc/pool/ConnectionPool:borrowConnection:690
TALANK Adding line to sleep at: org/apache/tomcat/jdbc/pool/ConnectionPool:borrowConnection:691
TALANK Adding line to sleep at: org/apache/tomcat/jdbc/pool/ConnectionPool:borrowConnection:692
TALANK Adding line to sleep at: org/apache/tomcat/jdbc/pool/ConnectionPool:borrowConnection:693
TALANK Adding line to sleep at: org/apache/tomcat/jdbc/pool/PooledConnection:<init>:103
TALANK Adding line to sleep at: org/apache/tomcat/jdbc/pool/PooledConnection:<init>:104
TALANK Adding line to sleep at: org/apache/tomcat/jdbc/pool/ConnectionPool:getPoolVersion:1559
TALANK Adding line to sleep at: org/apache/tomcat/jdbc/pool/ConnectionPool:getPoolVersion:1560
TALANK Adding line to sleep at: org/apache/tomcat/jdbc/pool/PooledConnection:lock:780
TALANK Adding line to sleep at: org/apache/tomcat/jdbc/pool/PooledConnection:lock:781
TALANK Adding line to sleep at: org/apache/tomcat/jdbc/pool/PooledConnection:connect:211
TALANK Adding line to sleep at: org/apache/tomcat/jdbc/pool/PooledConnection:connect:212
TALANK Adding line to sleep at: org/apache/tomcat/jdbc/pool/PooledConnection:connectUsingDriver:308
TALANK Adding line to sleep at: org/apache/tomcat/jdbc/pool/PooledConnection:connectUsingDriver:309
TALANK Adding line to sleep at: org/h2/Driver:load:0
TALANK Adding line to sleep at: org/h2/Driver:load:155
TALANK Adding line to sleep at: org/h2/engine/Engine:openSession:57
TALANK Adding line to sleep at: org/h2/engine/Engine:openSession:59
TALANK Adding line to sleep at: org/h2/engine/Engine:openSession:63
TALANK Adding line to sleep at: org/h2/message/TraceSystem:getTrace:131
TALANK Adding line to sleep at: org/h2/message/TraceSystem:getTrace:132
TALANK Adding line to sleep at: org/h2/message/TraceSystem:getTrace:134
TALANK Adding line to sleep at: org/h2/message/TraceSystem:getTrace:135
TALANK Adding line to sleep at: org/h2/mvstore/MVStore$TxCounter:<clinit>:3690
TALANK Adding line to sleep at: org/h2/mvstore/MVStore$TxCounter:<clinit>:3691
TALANK Adding line to sleep at: org/h2/mvstore/Page:<clinit>:91
TALANK Adding line to sleep at: org/h2/mvstore/Page:<clinit>:92
TALANK Adding line to sleep at: org/h2/mvstore/MVMap:setInitialRoot:853
TALANK Adding line to sleep at: org/h2/mvstore/MVMap:setInitialRoot:854
TALANK Adding line to sleep at: org/h2/mvstore/MVMap:getRoot:830
TALANK Adding line to sleep at: org/h2/mvstore/MVMap:getRoot:831
TALANK Adding line to sleep at: org/h2/mvstore/MVStore:openMetaMap:490
TALANK Adding line to sleep at: org/h2/mvstore/MVStore:openMetaMap:491
TALANK Adding line to sleep at: org/h2/mvstore/MVMap:compareAndSetRoot:865
TALANK Adding line to sleep at: org/h2/mvstore/MVMap:compareAndSetRoot:866
TALANK Adding line to sleep at: org/h2/mvstore/MVStore:getOldestVersionToKeep:2758
TALANK Adding line to sleep at: org/h2/mvstore/MVStore:getOldestVersionToKeep:2759
TALANK Adding line to sleep at: org/h2/mvstore/MVStore$TxCounter:decrementAndGet:3716
TALANK Adding line to sleep at: org/h2/mvstore/MVStore$TxCounter:decrementAndGet:3717
TALANK Adding line to sleep at: org/h2/mvstore/MVStore:setOldestVersionToKeep:2772
TALANK Adding line to sleep at: org/h2/mvstore/MVStore:setOldestVersionToKeep:2773
TALANK Adding line to sleep at: org/h2/engine/Database:findSetting:986
TALANK Adding line to sleep at: org/h2/engine/Database:findSetting:987
TALANK Adding line to sleep at: org/h2/mvstore/MVStore:openMap:648
TALANK Adding line to sleep at: org/h2/mvstore/MVStore:openMap:649
TALANK Adding line to sleep at: org/h2/mvstore/MVStore:openMap:665
TALANK Adding line to sleep at: org/h2/mvstore/MVStore:openMap:666
TALANK Adding line to sleep at: org/h2/engine/Database:getModificationMetaId:444
TALANK Adding line to sleep at: org/h2/engine/Database:getModificationMetaId:445
TALANK Adding line to sleep at: org/h2/engine/Database:<init>:334
TALANK Adding line to sleep at: org/h2/engine/Database:<init>:335
TALANK Adding line to sleep at: org/h2/engine/Database:<init>:336
TALANK Adding line to sleep at: org/h2/engine/Database:<init>:343
TALANK Adding line to sleep at: org/h2/engine/Database:<init>:344
TALANK Adding line to sleep at: org/h2/schema/Schema:createTable:771
TALANK Adding line to sleep at: org/h2/mvstore/tx/TransactionStore:registerTransaction:399
TALANK Adding line to sleep at: org/h2/mvstore/tx/TransactionStore:registerTransaction:400
TALANK Adding line to sleep at: org/h2/mvstore/tx/TransactionStore:registerTransaction:416
TALANK Adding line to sleep at: org/h2/mvstore/tx/TransactionStore:registerTransaction:417
TALANK Adding line to sleep at: org/h2/mvstore/tx/TransactionStore:registerTransaction:423
TALANK Adding line to sleep at: org/h2/mvstore/tx/TransactionStore:registerTransaction:424
TALANK Adding line to sleep at: org/h2/mvstore/tx/Transaction:getStatus:202
TALANK Adding line to sleep at: org/h2/mvstore/tx/Transaction:getStatus:203
TALANK Adding line to sleep at: org/h2/mvstore/tx/Transaction:setStatus:216
TALANK Adding line to sleep at: org/h2/mvstore/tx/Transaction:setStatus:217
TALANK Adding line to sleep at: org/h2/mvstore/tx/Transaction:setStatus:255
TALANK Adding line to sleep at: org/h2/mvstore/tx/Transaction:setStatus:256
TALANK Adding line to sleep at: org/h2/mvstore/tx/TransactionStore:endTransaction:614
TALANK Adding line to sleep at: org/h2/mvstore/tx/TransactionStore:endTransaction:615
TALANK Adding line to sleep at: org/h2/mvstore/tx/TransactionStore:endTransaction:618
TALANK Adding line to sleep at: org/h2/mvstore/tx/TransactionStore:endTransaction:619
TALANK Adding line to sleep at: org/h2/mvstore/tx/TransactionStore:endTransaction:622
TALANK Adding line to sleep at: org/h2/mvstore/tx/TransactionStore:endTransaction:623
TALANK Adding line to sleep at: org/h2/mvstore/db/MVPrimaryIndex:<init>:60
TALANK Adding line to sleep at: org/h2/mvstore/db/MVPrimaryIndex:<init>:61
TALANK Adding line to sleep at: org/h2/mvstore/db/Store:createTable:197
TALANK Adding line to sleep at: org/h2/mvstore/db/Store:createTable:198
TALANK Adding line to sleep at: org/h2/schema/Schema:createTable:781
TALANK Adding line to sleep at: org/h2/mvstore/db/MVTable:lock:179
TALANK Adding line to sleep at: org/h2/mvstore/db/MVTable:lock:183
TALANK Adding line to sleep at: org/h2/mvstore/db/MVTable:lock:184
TALANK Adding line to sleep at: org/h2/mvstore/db/MVTable:doLock2:249
TALANK Adding line to sleep at: org/h2/mvstore/db/MVTable:doLock2:250
TALANK Adding line to sleep at: org/h2/mvstore/db/MVTable:lock:197
TALANK Adding line to sleep at: org/h2/engine/Database:addSchemaObject:907
TALANK Adding line to sleep at: org/h2/schema/Schema:freeUniqueName:489
TALANK Adding line to sleep at: org/h2/schema/Schema:freeUniqueName:491
TALANK Adding line to sleep at: org/h2/engine/Database:addSchemaObject:910
TALANK Adding line to sleep at: org/h2/engine/Database:getNextModificationMetaId:450
TALANK Adding line to sleep at: org/h2/engine/Database:getNextModificationMetaId:451
TALANK Adding line to sleep at: org/h2/engine/Database:getNextModificationMetaId:452
TALANK Adding line to sleep at: org/h2/mvstore/MVStore:isBackgroundThread:3418
TALANK Adding line to sleep at: org/h2/mvstore/MVStore:isBackgroundThread:3419
TALANK Adding line to sleep at: org/h2/engine/Database:throwLastBackgroundException:1796
TALANK Adding line to sleep at: org/h2/engine/Database:throwLastBackgroundException:1797
TALANK Adding line to sleep at: org/h2/mvstore/tx/TransactionMap:useSnapshot:545
TALANK Adding line to sleep at: org/h2/mvstore/tx/TransactionMap:useSnapshot:546
TALANK Adding line to sleep at: org/h2/mvstore/tx/TransactionMap:useSnapshot:549
TALANK Adding line to sleep at: org/h2/mvstore/tx/TransactionMap:useSnapshot:550
TALANK Adding line to sleep at: org/h2/engine/Database:executeMeta:608
TALANK Adding line to sleep at: org/h2/engine/Database:executeMeta:653
TALANK Adding line to sleep at: org/h2/engine/Database:getNextModificationDataId:440
TALANK Adding line to sleep at: org/h2/engine/Database:getNextModificationDataId:441
TALANK Adding line to sleep at: org/h2/mvstore/db/MVTable:syncLastModificationIdWithDatabase:666
TALANK Adding line to sleep at: org/h2/mvstore/db/MVTable:syncLastModificationIdWithDatabase:667
TALANK Adding line to sleep at: org/h2/mvstore/db/MVTable:syncLastModificationIdWithDatabase:668
TALANK Adding line to sleep at: org/h2/mvstore/db/MVTable:syncLastModificationIdWithDatabase:669
TALANK Adding line to sleep at: org/h2/mvstore/db/MVTable:unlock:298
TALANK Adding line to sleep at: org/h2/mvstore/db/MVTable:unlock:299
TALANK Adding line to sleep at: org/h2/mvstore/tx/TransactionStore:getOpenTransactions:349
TALANK Adding line to sleep at: org/h2/mvstore/tx/TransactionStore:getOpenTransactions:350
TALANK Adding line to sleep at: org/h2/engine/Database:recompileInvalidViews:699
TALANK Adding line to sleep at: org/h2/engine/Database:recompileInvalidViews:700
TALANK Adding line to sleep at: org/h2/schema/Schema:getAllTablesAndViews:724
TALANK Adding line to sleep at: org/h2/schema/Schema:getAllTablesAndViews:725
TALANK Adding line to sleep at: org/h2/engine/Database:getSessions:1446
TALANK Adding line to sleep at: org/h2/engine/Database:getSessions:1448
TALANK Adding line to sleep at: org/h2/engine/Database:<init>:366
TALANK Adding line to sleep at: org/h2/engine/Database:<init>:367
TALANK Adding line to sleep at: org/h2/engine/Database:allocateObjectId:1324
TALANK Adding line to sleep at: org/h2/engine/Database:allocateObjectId:1327
TALANK Adding line to sleep at: org/h2/engine/Database:addDatabaseObject:0
TALANK Adding line to sleep at: org/h2/mvstore/tx/Transaction:getLogId:616
TALANK Adding line to sleep at: org/h2/mvstore/tx/Transaction:getLogId:617
TALANK Adding line to sleep at: org/h2/mvstore/tx/Transaction:log:400
TALANK Adding line to sleep at: org/h2/mvstore/tx/Transaction:log:401
TALANK Adding line to sleep at: org/h2/mvstore/RootReference:<init>:87
TALANK Adding line to sleep at: org/h2/mvstore/RootReference:<init>:88
TALANK Adding line to sleep at: org/h2/mvstore/RootReference:canUpdate:198
TALANK Adding line to sleep at: org/h2/mvstore/RootReference:canUpdate:199
TALANK Adding line to sleep at: org/h2/mvstore/db/MVPrimaryIndex:add:131
TALANK Adding line to sleep at: org/h2/mvstore/db/MVPrimaryIndex:add:132
TALANK Adding line to sleep at: org/h2/mvstore/db/MVPrimaryIndex:add:133
TALANK Adding line to sleep at: org/h2/mvstore/db/MVTable:analyzeIfRequired:564
TALANK Adding line to sleep at: org/h2/mvstore/db/MVTable:analyzeIfRequired:565
TALANK Adding line to sleep at: org/h2/engine/Database:addDatabaseObject:938
TALANK Adding line to sleep at: org/h2/mvstore/MVStore$TxCounter:incrementAndGet:3707
TALANK Adding line to sleep at: org/h2/mvstore/MVStore$TxCounter:incrementAndGet:3708
TALANK Adding line to sleep at: org/h2/mvstore/db/LobStorageMap:<init>:134
TALANK Adding line to sleep at: org/h2/mvstore/db/LobStorageMap:<init>:135
TALANK Adding line to sleep at: org/h2/mvstore/MVStore:deregisterVersionUsage:3582
TALANK Adding line to sleep at: org/h2/mvstore/MVStore:deregisterVersionUsage:3583
TALANK Adding line to sleep at: org/h2/mvstore/MVStore:deregisterVersionUsage:3584
TALANK Adding line to sleep at: org/h2/mvstore/MVStore:deregisterVersionUsage:3585
TALANK Adding line to sleep at: org/h2/mvstore/MVStore:deregisterVersionUsage:3588
TALANK Adding line to sleep at: org/h2/mvstore/MVStore:deregisterVersionUsage:3589
TALANK Adding line to sleep at: org/h2/mvstore/tx/TransactionStore:flipCommittingTransactionsBit:540
TALANK Adding line to sleep at: org/h2/mvstore/tx/TransactionStore:flipCommittingTransactionsBit:541
TALANK Adding line to sleep at: org/h2/mvstore/tx/TransactionStore:flipCommittingTransactionsBit:544
TALANK Adding line to sleep at: org/h2/mvstore/tx/TransactionStore:flipCommittingTransactionsBit:545
TALANK Adding line to sleep at: org/h2/mvstore/MVStore:getMap:714
TALANK Adding line to sleep at: org/h2/mvstore/MVStore:getMap:715
TALANK Adding line to sleep at: org/h2/engine/OnExitDatabaseCloser:register:0
TALANK Adding line to sleep at: org/h2/engine/OnExitDatabaseCloser:register:52
TALANK Adding line to sleep at: org/h2/engine/Database:getAllUsersAndRoles:1403
TALANK Adding line to sleep at: org/h2/engine/Database:getAllUsersAndRoles:1404
TALANK Adding line to sleep at: org/h2/engine/Database:setMasterUser:0
TALANK Adding line to sleep at: org/h2/engine/Database:setMasterUser:1708
TALANK Adding line to sleep at: org/h2/engine/Engine:openSession:111
TALANK Adding line to sleep at: org/h2/engine/Database:createSession:0
TALANK Adding line to sleep at: org/h2/engine/Database:createSession:1038
TALANK Adding line to sleep at: org/h2/engine/Database:createSession:1039
TALANK Adding line to sleep at: org/h2/engine/Database:createSession:1049
TALANK Adding line to sleep at: org/h2/engine/Engine:openSession:238
TALANK Adding line to sleep at: org/h2/engine/Engine:openSession:289
TALANK Adding line to sleep at: org/h2/engine/SessionLocal:isClosed:1152
TALANK Adding line to sleep at: org/h2/engine/SessionLocal:isClosed:1153
TALANK Adding line to sleep at: org/h2/message/TraceObject:getNextId:154
TALANK Adding line to sleep at: org/h2/message/TraceObject:getNextId:155
TALANK Adding line to sleep at: org/apache/tomcat/jdbc/pool/PooledConnection:connect:248
TALANK Adding line to sleep at: org/apache/tomcat/jdbc/pool/PooledConnection:connect:249
TALANK Adding line to sleep at: org/apache/tomcat/jdbc/pool/ConnectionPool:createConnection:776
TALANK Adding line to sleep at: org/apache/tomcat/jdbc/pool/ConnectionPool:createConnection:777
TALANK Adding line to sleep at: org/apache/tomcat/jdbc/pool/ConnectionPool:createConnection:779
TALANK Adding line to sleep at: org/apache/tomcat/jdbc/pool/ConnectionPool:createConnection:780
TALANK Adding line to sleep at: org/apache/tomcat/jdbc/pool/PooledConnection:unlock:791
TALANK Adding line to sleep at: org/apache/tomcat/jdbc/pool/PooledConnection:unlock:792
TALANK Adding line to sleep at: org/h2/engine/Database:findUserOrRole:1023
TALANK Adding line to sleep at: org/h2/engine/Database:findUserOrRole:1024
TALANK Adding line to sleep at: org/apache/tomcat/jdbc/pool/ConnectionPool:returnConnection:1004
TALANK Adding line to sleep at: org/apache/tomcat/jdbc/pool/ConnectionPool:returnConnection:1005
TALANK Adding line to sleep at: org/apache/tomcat/jdbc/pool/ConnectionPool:returnConnection:1016
TALANK Adding line to sleep at: org/apache/tomcat/jdbc/pool/ConnectionPool:returnConnection:1017
TALANK Adding line to sleep at: org/apache/tomcat/jdbc/pool/ConnectionPool:returnConnection:1021
TALANK Adding line to sleep at: org/apache/tomcat/jdbc/pool/ConnectionPool:returnConnection:1022
TALANK Adding line to sleep at: org/apache/tomcat/jdbc/pool/FairBlockingQueue:offer:95
TALANK Adding line to sleep at: org/apache/tomcat/jdbc/pool/FairBlockingQueue:offer:96
TALANK Adding line to sleep at: org/apache/tomcat/jdbc/pool/FairBlockingQueue:offer:112
TALANK Adding line to sleep at: org/apache/tomcat/jdbc/pool/FairBlockingQueue:offer:113
TALANK Adding line to sleep at: org/apache/tomcat/jdbc/pool/ConnectionPool:returnConnection:1023
TALANK Adding line to sleep at: org/apache/tomcat/jdbc/pool/DataSourceProxy:pCreatePool:122
TALANK Adding line to sleep at: org/apache/catalina/core/StandardWrapper:startInternal:0
TALANK Adding line to sleep at: org/apache/catalina/core/StandardPipeline:startInternal:0
TALANK Adding line to sleep at: org/apache/catalina/valves/ValveBase:startInternal:0
TALANK Adding line to sleep at: org/apache/catalina/valves/ValveBase:startInternal:166
TALANK Adding line to sleep at: org/apache/catalina/core/StandardPipeline:startInternal:182
TALANK Adding line to sleep at: org/apache/catalina/core/ContainerBase:startInternal:954
TALANK Adding line to sleep at: org/apache/catalina/core/StandardWrapper:setAvailable:324
TALANK Adding line to sleep at: org/apache/catalina/core/StandardWrapper:setAvailable:325
TALANK Adding line to sleep at: org/apache/catalina/core/StandardWrapper:startInternal:1602
TALANK Adding line to sleep at: org/apache/catalina/authenticator/AuthenticatorBase:startInternal:0
TALANK Adding line to sleep at: org/apache/catalina/authenticator/AuthenticatorBase:startInternal:1350
TALANK Adding line to sleep at: org/apache/catalina/core/StandardContext:getManager:1921
TALANK Adding line to sleep at: org/apache/catalina/core/StandardContext:getManager:1922
TALANK Adding line to sleep at: org/apache/catalina/core/StandardContext:getManager:1925
TALANK Adding line to sleep at: org/apache/catalina/core/StandardContext:getManager:1926
TALANK Adding line to sleep at: org/apache/catalina/core/ContainerBase:getCluster:370
TALANK Adding line to sleep at: org/apache/catalina/core/ContainerBase:getCluster:371
TALANK Adding line to sleep at: org/apache/catalina/core/ContainerBase:getCluster:382
TALANK Adding line to sleep at: org/apache/catalina/core/ContainerBase:getCluster:383
TALANK Adding line to sleep at: org/apache/catalina/core/StandardContext:setManager:1934
TALANK Adding line to sleep at: org/apache/catalina/core/StandardContext:setManager:1935
TALANK Adding line to sleep at: org/apache/catalina/core/StandardContext:setManager:1966
TALANK Adding line to sleep at: org/apache/catalina/core/StandardContext:setManager:1967
TALANK Adding line to sleep at: org/apache/catalina/deploy/NamingResourcesImpl:findLocalEjbs:590
TALANK Adding line to sleep at: org/apache/catalina/deploy/NamingResourcesImpl:findLocalEjbs:592
TALANK Adding line to sleep at: org/apache/catalina/core/StandardContext:findApplicationParameters:3406
TALANK Adding line to sleep at: org/apache/catalina/core/StandardContext:findApplicationParameters:3407
TALANK Adding line to sleep at: org/apache/catalina/session/StandardManager:startInternal:0
TALANK Adding line to sleep at: org/apache/catalina/util/SessionIdGeneratorBase:createSecureRandom:218
TALANK Adding line to sleep at: org/apache/catalina/util/SessionIdGeneratorBase:createSecureRandom:219
TALANK Adding line to sleep at: org/apache/catalina/util/SessionIdGeneratorBase:createSecureRandom:271
TALANK Adding line to sleep at: org/apache/catalina/util/SessionIdGeneratorBase:createSecureRandom:272
TALANK Adding line to sleep at: org/apache/catalina/session/StandardManager:startInternal:363
TALANK Adding line to sleep at: org/apache/catalina/core/StandardContext:filterStart:4604
TALANK Adding line to sleep at: org/apache/catalina/core/DefaultInstanceManager:populateAnnotationsCache:443
TALANK Adding line to sleep at: org/apache/catalina/core/DefaultInstanceManager:populateAnnotationsCache:445
TALANK Adding line to sleep at: org/apache/catalina/core/StandardContext:filterStart:4623
TALANK Adding line to sleep at: org/apache/catalina/core/StandardContext:unbind:5910
TALANK Adding line to sleep at: org/apache/catalina/core/StandardContext:unbind:5911
TALANK Adding line to sleep at: org/apache/catalina/core/StandardContext:startInternal:5286
TALANK Adding line to sleep at: org/apache/catalina/core/StandardContext:startInternal:5287
TALANK Adding line to sleep at: org/apache/catalina/core/StandardContext:startInternal:5292
TALANK Adding line to sleep at: org/apache/catalina/core/StandardContext:startInternal:5293
TALANK Adding line to sleep at: org/apache/catalina/core/StandardContext:startInternal:5314
TALANK Adding line to sleep at: java/util/concurrent/FutureTask:run:267
TALANK Adding line to sleep at: java/util/concurrent/FutureTask:run:274
TALANK Adding line to sleep at: java/util/concurrent/FutureTask:set:233
TALANK Adding line to sleep at: java/util/concurrent/FutureTask:finishCompletion:384
TALANK Adding line to sleep at: java/util/concurrent/FutureTask:finishCompletion:385
TALANK Adding line to sleep at: java/util/concurrent/FutureTask:set:234
TALANK Adding line to sleep at: java/util/concurrent/FutureTask:run:275
TALANK Adding line to sleep at: org/apache/tomcat/util/threads/InlineExecutorService:execute:76
TALANK Adding line to sleep at: org/apache/tomcat/util/threads/InlineExecutorService:execute:82
TALANK Adding line to sleep at: org/apache/catalina/core/ContainerBase:startInternal:920
TALANK Adding line to sleep at: org/apache/catalina/core/ContainerBase:startInternal:926
TALANK Adding line to sleep at: java/util/concurrent/FutureTask:get:192
TALANK Adding line to sleep at: java/util/concurrent/FutureTask:get:193
TALANK Adding line to sleep at: org/apache/catalina/core/ContainerBase:startInternal:927
TALANK Adding line to sleep at: org/apache/catalina/core/StandardHost:startInternal:836
TALANK Adding line to sleep at: org/apache/catalina/core/ContainerBase:startInternal:951
TALANK Adding line to sleep at: org/apache/tomcat/util/threads/ScheduledThreadPoolExecutor:scheduleWithFixedDelay:138
TALANK Adding line to sleep at: java/util/concurrent/FutureTask:<init>:152
TALANK Adding line to sleep at: java/util/concurrent/FutureTask:<init>:153
TALANK Adding line to sleep at: org/apache/tomcat/util/threads/TaskThreadFactory:newThread:49
TALANK Adding line to sleep at: org/apache/tomcat/util/threads/TaskThreadFactory:newThread:50
TALANK Adding line to sleep at: org/apache/tomcat/util/threads/TaskThread:<init>:33
TALANK Adding line to sleep at: org/apache/tomcat/util/threads/TaskThread:<init>:34
TALANK Adding line to sleep at: org/apache/tomcat/util/threads/ScheduledThreadPoolExecutor:scheduleWithFixedDelay:139
TALANK Adding line to sleep at: org/apache/catalina/core/ContainerBase:startInternal:952
TALANK Adding line to sleep at: org/apache/catalina/core/StandardEngine:startInternal:264
TALANK Adding line to sleep at: org/apache/catalina/core/StandardService:startInternal:433
TALANK Adding line to sleep at: org/apache/catalina/core/StandardService:startInternal:436
TALANK Adding line to sleep at: org/apache/catalina/core/StandardService:startInternal:440
TALANK Adding line to sleep at: org/apache/catalina/mapper/Mapper:setDefaultHostName:0
TALANK Adding line to sleep at: org/apache/catalina/mapper/Mapper:setDefaultHostName:94
TALANK Adding line to sleep at: org/apache/catalina/core/StandardHost:findAliases:752
TALANK Adding line to sleep at: org/apache/catalina/core/StandardHost:findAliases:753
TALANK Adding line to sleep at: org/apache/catalina/mapper/Mapper:addHost:0
TALANK Adding line to sleep at: org/apache/catalina/mapper/Mapper:addHost:143
TALANK Adding line to sleep at: org/apache/catalina/core/StandardContext:findWelcomeFiles:3748
TALANK Adding line to sleep at: org/apache/catalina/core/StandardContext:findWelcomeFiles:3749
TALANK Adding line to sleep at: org/apache/catalina/core/StandardWrapper:findMappings:932
TALANK Adding line to sleep at: org/apache/catalina/core/StandardWrapper:findMappings:933
TALANK Adding line to sleep at: org/apache/catalina/core/StandardWrapper:findMappings:936
TALANK Adding line to sleep at: org/apache/catalina/core/StandardWrapper:findMappings:937
TALANK Adding line to sleep at: org/apache/catalina/mapper/Mapper:addContextVersion:282
TALANK Adding line to sleep at: org/apache/catalina/mapper/Mapper:addWrapper:466
TALANK Adding line to sleep at: org/apache/catalina/mapper/Mapper:addWrapper:515
TALANK Adding line to sleep at: org/apache/catalina/mapper/Mapper:addContextVersion:316
TALANK Adding line to sleep at: org/apache/catalina/core/StandardService:startInternal:445
TALANK Adding line to sleep at: org/apache/catalina/core/StandardService:startInternal:452
TALANK Adding line to sleep at: org/apache/catalina/core/StandardServer:startInternal:929
TALANK Adding line to sleep at: org/apache/catalina/core/StandardServer:startInternal:932
TALANK Adding line to sleep at: org/apache/catalina/core/StandardServer:startInternal:933
TALANK Adding line to sleep at: org/apache/catalina/core/StandardService:addConnector:224
TALANK Adding line to sleep at: org/apache/catalina/core/StandardService:addConnector:230
TALANK Adding line to sleep at: org/apache/coyote/AbstractProtocol:getNameIndex:0
TALANK Adding line to sleep at: org/apache/coyote/AbstractProtocol:getNameIndex:357
TALANK Adding line to sleep at: org/apache/coyote/AbstractProtocol:getNameIndex:358
TALANK Adding line to sleep at: org/apache/coyote/AbstractProtocol:getNameIndex:360
TALANK Adding line to sleep at: org/apache/tomcat/util/net/NioEndpoint:initServerSocket:270
TALANK Adding line to sleep at: org/apache/tomcat/util/net/NioEndpoint:initServerSocket:271
TALANK Adding line to sleep at: org/apache/tomcat/util/net/NioEndpoint:initServerSocket:272
TALANK Adding line to sleep at: org/apache/tomcat/util/net/NioEndpoint:initServerSocket:273
TALANK Adding line to sleep at: org/apache/tomcat/util/net/NioEndpoint:initServerSocket:274
TALANK Adding line to sleep at: org/apache/tomcat/util/net/AbstractJsseEndpoint:getLocalAddress:232
TALANK Adding line to sleep at: org/apache/tomcat/util/net/AbstractJsseEndpoint:getLocalAddress:233
TALANK Adding line to sleep at: org/apache/tomcat/util/threads/ThreadPoolExecutor:<init>:483
TALANK Adding line to sleep at: org/apache/tomcat/util/threads/ThreadPoolExecutor:<init>:484
TALANK Adding line to sleep at: org/apache/tomcat/util/threads/ThreadPoolExecutor:addWorker:927
TALANK Adding line to sleep at: org/apache/tomcat/util/threads/ThreadPoolExecutor:addWorker:928
TALANK Adding line to sleep at: org/apache/tomcat/util/threads/ThreadPoolExecutor:compareAndIncrementWorkerCount:427
TALANK Adding line to sleep at: org/apache/tomcat/util/threads/ThreadPoolExecutor:compareAndIncrementWorkerCount:428
TALANK Adding line to sleep at: org/apache/tomcat/util/threads/ThreadPoolExecutor:addWorker:961
TALANK Adding line to sleep at: org/apache/tomcat/util/threads/ThreadPoolExecutor:addWorker:962
TALANK Adding line to sleep at: org/apache/tomcat/util/threads/ThreadPoolExecutor:addWorker:966
TALANK Adding line to sleep at: org/apache/tomcat/util/threads/ThreadPoolExecutor:addWorker:967
TALANK Adding line to sleep at: org/apache/tomcat/util/threads/ThreadPoolExecutor:addWorker:970
TALANK Adding line to sleep at: org/apache/tomcat/util/threads/ThreadPoolExecutor:addWorker:971
TALANK Adding line to sleep at: org/apache/tomcat/util/threads/ThreadPoolExecutor:addWorker:981
TALANK Adding line to sleep at: org/apache/tomcat/util/threads/ThreadPoolExecutor:addWorker:982
TALANK Adding line to sleep at: org/apache/tomcat/util/threads/ThreadPoolExecutor:addWorker:984
TALANK Adding line to sleep at: org/apache/tomcat/util/threads/ThreadPoolExecutor:addWorker:985
TALANK Adding line to sleep at: org/apache/tomcat/util/net/NioEndpoint$Poller:<init>:624
TALANK Adding line to sleep at: org/apache/tomcat/util/net/NioEndpoint$Poller:<init>:625
TALANK Adding line to sleep at: org/apache/tomcat/util/net/NioEndpoint:startInternal:312
TALANK Adding line to sleep at: org/apache/tomcat/util/net/NioEndpoint:startInternal:313
TALANK Adding line to sleep at: org/apache/tomcat/util/net/NioEndpoint:startInternal:314
TALANK Adding line to sleep at: org/apache/tomcat/util/net/NioEndpoint:startInternal:315
TALANK Adding line to sleep at: org/apache/tomcat/util/net/AbstractEndpoint:startAcceptorThread:1311
TALANK Adding line to sleep at: org/apache/tomcat/util/net/AbstractEndpoint:startAcceptorThread:1312
TALANK Adding line to sleep at: org/apache/tomcat/util/net/AbstractEndpoint:startAcceptorThread:1313
TALANK Adding line to sleep at: org/apache/tomcat/util/net/AbstractEndpoint:startAcceptorThread:1314
TALANK Adding line to sleep at: org/apache/coyote/AbstractProtocol:start:615
TALANK Adding line to sleep at: org/apache/coyote/AbstractProtocol:start:616
TALANK Adding line to sleep at: io/prometheus/client/CollectorRegistry:collectors:103
TALANK Adding line to sleep at: io/prometheus/client/CollectorRegistry:collectors:104
TALANK Adding line to sleep at: io/prometheus/client/Histogram$Child:get:464
TALANK Adding line to sleep at: io/prometheus/client/Histogram$Child:get:465
TALANK Adding line to sleep at: org/apache/catalina/util/LifecycleBase:stop:0
TALANK Adding line to sleep at: java/util/concurrent/FutureTask:cancel:180
TALANK Adding line to sleep at: java/util/concurrent/FutureTask:cancel:181
TALANK Adding line to sleep at: org/apache/catalina/core/StandardService:stopInternal:467
TALANK Adding line to sleep at: org/apache/tomcat/util/threads/LimitLatch$Sync:tryReleaseShared:55
TALANK Adding line to sleep at: org/apache/tomcat/util/threads/LimitLatch$Sync:tryReleaseShared:56
TALANK Adding line to sleep at: org/apache/tomcat/util/net/AbstractEndpoint:unlockAccept:1056
TALANK Adding line to sleep at: org/apache/catalina/core/StandardService:stopInternal:487
TALANK Adding line to sleep at: org/apache/catalina/core/StandardService:stopInternal:496
TALANK Adding line to sleep at: org/apache/catalina/core/ContainerBase:stopInternal:0
TALANK Adding line to sleep at: org/apache/catalina/core/StandardPipeline:stopInternal:0
TALANK Adding line to sleep at: org/apache/catalina/valves/ValveBase:stopInternal:0
TALANK Adding line to sleep at: org/apache/catalina/valves/ValveBase:stopInternal:179
TALANK Adding line to sleep at: org/apache/catalina/util/LifecycleBase:stop:275
TALANK Adding line to sleep at: org/apache/catalina/core/StandardPipeline:stopInternal:208
TALANK Adding line to sleep at: org/apache/catalina/core/ContainerBase:stopInternal:986
TALANK Adding line to sleep at: org/apache/catalina/core/ContainerBase$StopChild:call:0
TALANK Adding line to sleep at: org/apache/catalina/mapper/Mapper:removeHost:0
TALANK Adding line to sleep at: org/apache/catalina/mapper/Mapper:removeHost:167
TALANK Adding line to sleep at: org/apache/catalina/core/StandardContext:stopInternal:0
TALANK Adding line to sleep at: org/apache/catalina/core/StandardContext:stopInternal:5432
TALANK Adding line to sleep at: org/apache/catalina/core/StandardContext:stopInternal:5433
TALANK Adding line to sleep at: org/apache/catalina/core/StandardContext:stopInternal:5440
TALANK Adding line to sleep at: org/apache/catalina/core/StandardContext:stopInternal:5441
TALANK Adding line to sleep at: org/apache/catalina/core/StandardContext:stopInternal:5442
TALANK Adding line to sleep at: org/apache/naming/ContextBindings:bindThread:144
TALANK Adding line to sleep at: org/apache/naming/ContextBindings:bindThread:145
TALANK Adding line to sleep at: org/apache/naming/ContextBindings:bindThread:146
TALANK Adding line to sleep at: org/apache/catalina/core/StandardWrapper:stopInternal:0
TALANK Adding line to sleep at: org/apache/catalina/core/StandardWrapper:unload:0
TALANK Adding line to sleep at: org/apache/catalina/core/StandardWrapper:unload:1292
TALANK Adding line to sleep at: org/apache/catalina/core/StandardWrapper:unload:1293
TALANK Adding line to sleep at: org/apache/catalina/core/StandardWrapper:unload:1409
TALANK Adding line to sleep at: org/apache/catalina/core/ContainerBase:stopInternal:1012
TALANK Adding line to sleep at: org/apache/catalina/core/StandardWrapper:stopInternal:1650
TALANK Adding line to sleep at: org/apache/catalina/core/StandardContext:filterStop:4641
TALANK Adding line to sleep at: org/apache/catalina/core/StandardContext:filterStop:4650
TALANK Adding line to sleep at: org/apache/catalina/session/StandardManager:stopInternal:0
TALANK Adding line to sleep at: org/apache/catalina/session/StandardManager:doUnload:307
TALANK Adding line to sleep at: org/apache/catalina/session/StandardManager:doUnload:319
TALANK Adding line to sleep at: org/apache/catalina/session/StandardSession:expire:765
TALANK Adding line to sleep at: org/apache/catalina/session/ManagerBase:remove:768
TALANK Adding line to sleep at: org/apache/catalina/session/ManagerBase:remove:769
TALANK Adding line to sleep at: org/apache/catalina/session/ManagerBase:updateSessionMaxAliveTime:1033
TALANK Adding line to sleep at: org/apache/catalina/session/ManagerBase:updateSessionMaxAliveTime:1037
TALANK Adding line to sleep at: org/apache/catalina/session/ManagerBase:remove:772
TALANK Adding line to sleep at: org/apache/catalina/session/ManagerBase:remove:773
TALANK Adding line to sleep at: org/apache/catalina/session/ManagerBase:remove:774
TALANK Adding line to sleep at: org/apache/catalina/session/ManagerBase:remove:777
TALANK Adding line to sleep at: org/apache/catalina/session/StandardSession:expire:866
TALANK Adding line to sleep at: org/apache/catalina/session/StandardManager:stopInternal:408
TALANK Adding line to sleep at: org/apache/naming/ContextBindings:getClassLoader:260
TALANK Adding line to sleep at: org/apache/naming/ContextBindings:getClassLoader:261
TALANK Adding line to sleep at: org/apache/naming/factory/ResourceLinkFactory:deregisterGlobalResourceAccess:97
TALANK Adding line to sleep at: org/apache/naming/factory/ResourceLinkFactory:deregisterGlobalResourceAccess:98
TALANK Adding line to sleep at: org/apache/catalina/authenticator/AuthenticatorBase:stopInternal:0
TALANK Adding line to sleep at: org/apache/catalina/authenticator/AuthenticatorBase:stopInternal:1367
TALANK Adding line to sleep at: org/apache/catalina/loader/WebappClassLoaderBase:loadClass:1322
TALANK Adding line to sleep at: org/apache/catalina/loader/WebappClassLoaderBase:getThreads:2179
TALANK Adding line to sleep at: org/apache/catalina/loader/WebappClassLoaderBase:getThreads:2180
TALANK Adding line to sleep at: org/apache/catalina/loader/WebappClassLoaderBase:clearReferencesThreads:1763
TALANK Adding line to sleep at: org/apache/catalina/loader/WebappClassLoaderBase:clearReferencesThreads:1764
TALANK Adding line to sleep at: org/apache/catalina/loader/WebappClassLoaderBase:clearReferencesThreads:1766
TALANK Adding line to sleep at: org/apache/catalina/loader/WebappClassLoaderBase:clearReferencesThreads:1767
TALANK Adding line to sleep at: org/apache/catalina/loader/WebappClassLoaderBase:clearReferencesRmiTargets:2239
TALANK Adding line to sleep at: org/apache/catalina/loader/WebappClassLoaderBase:clearReferencesRmiTargets:2274
TALANK Adding line to sleep at: org/apache/catalina/core/StandardContext:resourcesStop:4909
TALANK Adding line to sleep at: org/apache/catalina/core/StandardContext:resourcesStop:4910
TALANK Adding line to sleep at: org/apache/catalina/util/LifecycleBase:destroy:0
TALANK Adding line to sleep at: org/apache/catalina/util/LifecycleBase:destroy:326
TALANK Adding line to sleep at: org/apache/catalina/webresources/Cache:clear:339
TALANK Adding line to sleep at: org/apache/catalina/webresources/Cache:clear:340
TALANK Adding line to sleep at: org/apache/catalina/core/StandardContext:resourcesStop:4919
TALANK Adding line to sleep at: org/apache/catalina/core/StandardContext:resourcesStop:4920
TALANK Adding line to sleep at: org/apache/catalina/core/StandardContext:stopInternal:5535
TALANK Adding line to sleep at: org/apache/catalina/core/StandardContext:stopInternal:5536
TALANK Adding line to sleep at: org/apache/catalina/core/ContainerBase:removeChild:837
TALANK Adding line to sleep at: org/apache/catalina/core/ContainerBase:removeChild:842
TALANK Adding line to sleep at: org/apache/catalina/core/ContainerBase:destroyInternal:1043
TALANK Adding line to sleep at: org/apache/tomcat/util/threads/InlineExecutorService:shutdown:35
TALANK Adding line to sleep at: org/apache/tomcat/util/threads/InlineExecutorService:shutdown:37
TALANK Adding line to sleep at: org/apache/catalina/core/ContainerBase:destroyInternal:1044
TALANK Adding line to sleep at: org/apache/catalina/core/ContainerBase:removeChild:839
TALANK Adding line to sleep at: org/apache/catalina/core/StandardContext:stopInternal:5556
TALANK Adding line to sleep at: org/apache/catalina/core/ContainerBase:stopInternal:987
TALANK Adding line to sleep at: org/apache/catalina/core/ContainerBase:stopInternal:992
TALANK Adding line to sleep at: org/apache/catalina/core/ContainerBase:stopInternal:993
TALANK Adding line to sleep at: org/apache/catalina/core/StandardService:stopInternal:498
TALANK Adding line to sleep at: org/apache/catalina/core/StandardService:stopInternal:502
TALANK Adding line to sleep at: org/apache/tomcat/util/net/Acceptor:stop:208
TALANK Adding line to sleep at: org/apache/tomcat/util/net/Acceptor:stop:209
TALANK Adding line to sleep at: org/apache/tomcat/util/net/NioEndpoint$Poller:destroy:639
TALANK Adding line to sleep at: org/apache/tomcat/util/net/NioEndpoint$Poller:destroy:640
TALANK Adding line to sleep at: org/apache/tomcat/util/net/NioEndpoint:stopInternal:337
TALANK Adding line to sleep at: org/apache/tomcat/util/net/NioEndpoint:stopInternal:338
TALANK Adding line to sleep at: org/apache/tomcat/util/threads/ThreadPoolExecutor:shutdownNow:1532
TALANK Adding line to sleep at: org/apache/tomcat/util/threads/ThreadPoolExecutor:shutdownNow:1533
TALANK Adding line to sleep at: org/apache/tomcat/util/threads/ThreadPoolExecutor:advanceRunState:718
TALANK Adding line to sleep at: org/apache/tomcat/util/threads/ThreadPoolExecutor:advanceRunState:719
TALANK Adding line to sleep at: org/apache/tomcat/util/threads/ThreadPoolExecutor:advanceRunState:720
TALANK Adding line to sleep at: org/apache/tomcat/util/threads/ThreadPoolExecutor:advanceRunState:721
TALANK Adding line to sleep at: org/apache/tomcat/util/threads/ThreadPoolExecutor$Worker:interruptIfStarted:695
TALANK Adding line to sleep at: org/apache/tomcat/util/threads/ThreadPoolExecutor$Worker:interruptIfStarted:696
TALANK Adding line to sleep at: org/apache/tomcat/util/threads/ThreadPoolExecutor$Worker:interruptIfStarted:697
TALANK Adding line to sleep at: org/apache/tomcat/util/threads/ThreadPoolExecutor$Worker:interruptIfStarted:698
TALANK Adding line to sleep at: org/apache/tomcat/util/threads/ThreadPoolExecutor:drainQueue:884
TALANK Adding line to sleep at: org/apache/tomcat/util/threads/ThreadPoolExecutor:drainQueue:885
TALANK Adding line to sleep at: org/apache/tomcat/util/threads/ThreadPoolExecutor:shutdownNow:1539
TALANK Adding line to sleep at: org/apache/tomcat/util/threads/ThreadPoolExecutor:shutdownNow:1540
TALANK Adding line to sleep at: org/apache/tomcat/util/threads/ThreadPoolExecutor:tryTerminate:738
TALANK Adding line to sleep at: org/apache/tomcat/util/threads/ThreadPoolExecutor:tryTerminate:739
TALANK Adding line to sleep at: org/apache/tomcat/util/threads/ThreadPoolExecutor:interruptIdleWorkers:823
TALANK Adding line to sleep at: org/apache/tomcat/util/threads/ThreadPoolExecutor:interruptIdleWorkers:824
TALANK Adding line to sleep at: org/apache/tomcat/util/threads/ThreadPoolExecutor:interruptIdleWorkers:827
TALANK Adding line to sleep at: org/apache/tomcat/util/threads/ThreadPoolExecutor:interruptIdleWorkers:828
TALANK Adding line to sleep at: org/apache/tomcat/util/threads/ThreadPoolExecutor$Worker:tryAcquire:675
TALANK Adding line to sleep at: org/apache/tomcat/util/threads/ThreadPoolExecutor$Worker:tryAcquire:676
TALANK Adding line to sleep at: org/apache/tomcat/util/threads/ThreadPoolExecutor:interruptIdleWorkers:829
TALANK Adding line to sleep at: org/apache/tomcat/util/threads/ThreadPoolExecutor:interruptIdleWorkers:830
TALANK Adding line to sleep at: org/apache/tomcat/util/threads/ThreadPoolExecutor:interruptIdleWorkers:840
TALANK Adding line to sleep at: org/apache/tomcat/util/threads/ThreadPoolExecutor:interruptIdleWorkers:841
TALANK Adding line to sleep at: org/apache/tomcat/util/threads/ThreadPoolExecutor:awaitTermination:1581
TALANK Adding line to sleep at: org/apache/tomcat/util/threads/ThreadPoolExecutor:awaitTermination:1582
TALANK Adding line to sleep at: org/apache/tomcat/util/threads/ThreadPoolExecutor:awaitTermination:1583
TALANK Adding line to sleep at: org/apache/tomcat/util/threads/ThreadPoolExecutor:awaitTermination:1584
TALANK Adding line to sleep at: org/apache/tomcat/util/threads/ThreadPoolExecutor:awaitTermination:1591
TALANK Adding line to sleep at: org/apache/tomcat/util/threads/ThreadPoolExecutor:awaitTermination:1592
TALANK Adding line to sleep at: org/apache/tomcat/util/threads/ThreadPoolExecutor:isTerminating:1567
TALANK Adding line to sleep at: org/apache/tomcat/util/threads/ThreadPoolExecutor:isTerminating:1568
TALANK Adding line to sleep at: org/apache/tomcat/util/collections/SynchronizedStack:clear:0
TALANK Adding line to sleep at: org/apache/tomcat/util/collections/SynchronizedStack:clear:90
TALANK Adding line to sleep at: org/apache/tomcat/util/collections/SynchronizedStack:pop:0
TALANK Adding line to sleep at: org/apache/tomcat/util/collections/SynchronizedStack:pop:76
TALANK Adding line to sleep at: org/apache/catalina/core/StandardService:stopInternal:513
TALANK Adding line to sleep at: org/apache/catalina/core/StandardService:stopInternal:521
TALANK Adding line to sleep at: org/apache/catalina/core/StandardService:stopInternal:525
TALANK Adding line to sleep at: org/apache/catalina/core/StandardService:destroyInternal:567
TALANK Adding line to sleep at: org/apache/coyote/AbstractProtocol$RecycledProcessors:clear:0
TALANK Adding line to sleep at: org/apache/tomcat/util/collections/SynchronizedStack:pop:80
TALANK Adding line to sleep at: org/apache/coyote/AbstractProtocol$RecycledProcessors:pop:1233
TALANK Adding line to sleep at: org/apache/coyote/AbstractProtocol$RecycledProcessors:pop:1234
TALANK Adding line to sleep at: org/apache/coyote/AbstractProtocol$ConnectionHandler:unregister:1157
TALANK Adding line to sleep at: org/apache/coyote/RequestGroupInfo:removeRequestProcessor:0
TALANK Adding line to sleep at: org/apache/coyote/RequestGroupInfo:removeRequestProcessor:54
TALANK Adding line to sleep at: org/apache/coyote/AbstractProtocol$ConnectionHandler:unregister:1176
TALANK Adding line to sleep at: org/apache/coyote/AbstractProtocol$RecycledProcessors:clear:1246
TALANK Adding line to sleep at: org/apache/coyote/AbstractProtocol$RecycledProcessors:clear:1247
TALANK Adding line to sleep at: org/apache/catalina/core/StandardService:removeConnector:284
TALANK Adding line to sleep at: org/apache/catalina/core/StandardService:removeConnector:316
TALANK Adding line to sleep at: org/apache/catalina/core/StandardService:destroyInternal:571
TALANK Adding line to sleep at: org/apache/catalina/core/StandardContext:destroyInternal:5577
TALANK Adding line to sleep at: org/apache/catalina/core/StandardContext:destroyInternal:5578
TALANK Adding line to sleep at: org/apache/catalina/core/StandardServer:destroyInternal:1060
TALANK Adding line to sleep at: org/apache/catalina/core/StandardServer:destroyInternal:1061
TALANK Adding line to sleep at: org/apache/catalina/session/StandardManager:doLoad:208
TALANK Adding line to sleep at: org/apache/catalina/util/CustomObjectInputStream:<init>:111
TALANK Adding line to sleep at: org/apache/catalina/util/CustomObjectInputStream:<init>:113
TALANK Adding line to sleep at: org/apache/catalina/util/CustomObjectInputStream:<init>:117
TALANK Adding line to sleep at: org/apache/catalina/util/CustomObjectInputStream:<init>:119
TALANK Adding line to sleep at: org/apache/catalina/session/StandardManager:doLoad:239
TALANK Adding line to sleep at: org/apache/tomcat/util/threads/ThreadPoolExecutor:awaitTermination:1587
TALANK Adding line to sleep at: org/apache/tomcat/util/threads/ThreadPoolExecutor:awaitTermination:1588
TALANK Adding line to sleep at: org/apache/tomcat/util/net/AbstractEndpoint:unlockAccept:1057
TALANK Adding line to sleep at: org/apache/tomcat/util/threads/ThreadPoolExecutor:tryTerminate:750
TALANK Adding line to sleep at: org/apache/tomcat/util/threads/ThreadPoolExecutor:tryTerminate:751
TALANK Adding line to sleep at: org/apache/tomcat/util/threads/ThreadPoolExecutor:tryTerminate:752
TALANK Adding line to sleep at: org/apache/tomcat/util/threads/ThreadPoolExecutor:tryTerminate:753
TALANK Adding line to sleep at: org/apache/tomcat/util/threads/ThreadPoolExecutor:tryTerminate:756
TALANK Adding line to sleep at: org/apache/tomcat/util/threads/ThreadPoolExecutor:tryTerminate:757
TALANK Adding line to sleep at: org/apache/tomcat/util/threads/ThreadPoolExecutor:tryTerminate:758
TALANK Adding line to sleep at: org/apache/tomcat/util/threads/ThreadPoolExecutor:tryTerminate:762
TALANK Adding line to sleep at: org/apache/tomcat/util/threads/ThreadPoolExecutor:tryTerminate:763
********TALANK requesting to junitcore ******: org.junit.internal.requests.FilterRequest@30dae81
May 14, 2025 8:33:49 PM org.apache.catalina.core.StandardService startInternal
INFO: Starting service [Tomcat]
May 14, 2025 8:33:49 PM org.apache.catalina.core.StandardEngine startInternal
INFO: Starting Servlet engine: [Apache Tomcat/9.0.58]
May 14, 2025 8:33:50 PM org.apache.coyote.AbstractProtocol init
INFO: Initializing ProtocolHandler ["http-nio-auto-1"]
May 14, 2025 8:33:50 PM org.apache.coyote.AbstractProtocol start
INFO: Starting ProtocolHandler ["http-nio-auto-1-46835"]
May 14, 2025 8:38:16 PM org.apache.coyote.AbstractProtocol pause
INFO: Pausing ProtocolHandler ["http-nio-auto-1-46835"]
May 14, 2025 8:39:21 PM org.apache.catalina.core.StandardService stopInternal
INFO: Stopping service [Tomcat]
May 14, 2025 9:12:08 PM org.apache.coyote.AbstractProtocol stop
INFO: Stopping ProtocolHandler ["http-nio-auto-1-46835"]
May 14, 2025 9:20:06 PM org.apache.coyote.AbstractProtocol destroy
INFO: Destroying ProtocolHandler ["http-nio-auto-1-46835"]
TALANKINFO:FromJava:OK

INFO:root:====END Java Log====
INFO:root:Kill all Java processes
INFO:root:Using timeout 1287.0 minutes
INFO:root:Running command:
INFO:root:/scratch/tbaral/ase26/nod-rr/NOD-Test-Repair/flakerake/jdk1.8.0_102/bin/java -XX:+ExitOnOutOfMemoryError -Xbootclasspath/p:/home/tbaral/.m2/repository/edu/gmu/swe/flaky/sleepy/sleepy-interceptor/0.0.4-SNAPSHOT/sleepy-interceptor-0.0.4-SNAPSHOT.jar -javaagent:/home/tbaral/.m2/repository/edu/gmu/swe/flaky/sleepy/sleepy-interceptor/0.0.4-SNAPSHOT/sleepy-interceptor-0.0.4-SNAPSHOT.jar   -cp '/home/tbaral/.m2/repository/io/prometheus/simpleclient/0.15.0/simpleclient-0.15.0.jar:/home/tbaral/.m2/repository/io/prometheus/simpleclient_tracer_otel/0.15.0/simpleclient_tracer_otel-0.15.0.jar:/home/tbaral/.m2/repository/io/prometheus/simpleclient_tracer_common/0.15.0/simpleclient_tracer_common-0.15.0.jar:/home/tbaral/.m2/repository/io/prometheus/simpleclient_tracer_otel_agent/0.15.0/simpleclient_tracer_otel_agent-0.15.0.jar:/home/tbaral/.m2/repository/io/prometheus/simpleclient_servlet/0.15.0/simpleclient_servlet-0.15.0.jar:/home/tbaral/.m2/repository/io/prometheus/simpleclient_common/0.15.0/simpleclient_common-0.15.0.jar:/home/tbaral/.m2/repository/io/prometheus/simpleclient_servlet_common/0.15.0/simpleclient_servlet_common-0.15.0.jar:/home/tbaral/.m2/repository/io/prometheus/simpleclient_hotspot/0.15.0/simpleclient_hotspot-0.15.0.jar:/home/tbaral/.m2/repository/org/apache/tomcat/tomcat-catalina/9.0.58/tomcat-catalina-9.0.58.jar:/home/tbaral/.m2/repository/org/apache/tomcat/tomcat-servlet-api/9.0.58/tomcat-servlet-api-9.0.58.jar:/home/tbaral/.m2/repository/org/apache/tomcat/tomcat-jsp-api/9.0.58/tomcat-jsp-api-9.0.58.jar:/home/tbaral/.m2/repository/org/apache/tomcat/tomcat-el-api/9.0.58/tomcat-el-api-9.0.58.jar:/home/tbaral/.m2/repository/org/apache/tomcat/tomcat-juli/9.0.58/tomcat-juli-9.0.58.jar:/home/tbaral/.m2/repository/org/apache/tomcat/tomcat-annotations-api/9.0.58/tomcat-annotations-api-9.0.58.jar:/home/tbaral/.m2/repository/org/apache/tomcat/tomcat-api/9.0.58/tomcat-api-9.0.58.jar:/home/tbaral/.m2/repository/org/apache/tomcat/tomcat-jni/9.0.58/tomcat-jni-9.0.58.jar:/home/tbaral/.m2/repository/org/apache/tomcat/tomcat-coyote/9.0.58/tomcat-coyote-9.0.58.jar:/home/tbaral/.m2/repository/org/apache/tomcat/tomcat-util/9.0.58/tomcat-util-9.0.58.jar:/home/tbaral/.m2/repository/org/apache/tomcat/tomcat-util-scan/9.0.58/tomcat-util-scan-9.0.58.jar:/home/tbaral/.m2/repository/org/apache/tomcat/tomcat-jaspic-api/9.0.58/tomcat-jaspic-api-9.0.58.jar:/home/tbaral/.m2/repository/org/apache/tomcat/tomcat-jdbc/9.0.58/tomcat-jdbc-9.0.58.jar:/home/tbaral/.m2/repository/org/apache/tomcat/tomcat-dbcp/9.0.58/tomcat-dbcp-9.0.58.jar:/home/tbaral/.m2/repository/junit/junit/4.13.1/junit-4.13.1.jar:/home/tbaral/.m2/repository/org/hamcrest/hamcrest-core/1.3/hamcrest-core-1.3.jar:/home/tbaral/.m2/repository/org/apache/tomcat/embed/tomcat-embed-core/9.0.58/tomcat-embed-core-9.0.58.jar:/home/tbaral/.m2/repository/io/rest-assured/rest-assured/4.1.1/rest-assured-4.1.1.jar:/home/tbaral/.m2/repository/org/codehaus/groovy/groovy/2.5.6/groovy-2.5.6.jar:/home/tbaral/.m2/repository/org/codehaus/groovy/groovy-xml/2.5.6/groovy-xml-2.5.6.jar:/home/tbaral/.m2/repository/org/apache/httpcomponents/httpclient/4.5.3/httpclient-4.5.3.jar:/home/tbaral/.m2/repository/org/apache/httpcomponents/httpcore/4.4.6/httpcore-4.4.6.jar:/home/tbaral/.m2/repository/commons-logging/commons-logging/1.2/commons-logging-1.2.jar:/home/tbaral/.m2/repository/commons-codec/commons-codec/1.9/commons-codec-1.9.jar:/home/tbaral/.m2/repository/org/apache/httpcomponents/httpmime/4.5.3/httpmime-4.5.3.jar:/home/tbaral/.m2/repository/org/hamcrest/hamcrest/2.1/hamcrest-2.1.jar:/home/tbaral/.m2/repository/org/ccil/cowan/tagsoup/tagsoup/1.2.1/tagsoup-1.2.1.jar:/home/tbaral/.m2/repository/io/rest-assured/json-path/4.1.1/json-path-4.1.1.jar:/home/tbaral/.m2/repository/org/codehaus/groovy/groovy-json/2.5.6/groovy-json-2.5.6.jar:/home/tbaral/.m2/repository/io/rest-assured/rest-assured-common/4.1.1/rest-assured-common-4.1.1.jar:/home/tbaral/.m2/repository/io/rest-assured/xml-path/4.1.1/xml-path-4.1.1.jar:/home/tbaral/.m2/repository/org/apache/commons/commons-lang3/3.4/commons-lang3-3.4.jar:/home/tbaral/.m2/repository/javax/xml/bind/jaxb-api/2.3.1/jaxb-api-2.3.1.jar:/home/tbaral/.m2/repository/javax/activation/javax.activation-api/1.2.0/javax.activation-api-1.2.0.jar:/home/tbaral/.m2/repository/com/sun/xml/bind/jaxb-osgi/2.3.0.1/jaxb-osgi-2.3.0.1.jar:/home/tbaral/.m2/repository/org/apache/sling/org.apache.sling.javax.activation/0.1.0/org.apache.sling.javax.activation-0.1.0.jar:/home/tbaral/.m2/repository/javax/activation/activation/1.1.1/activation-1.1.1.jar:/home/tbaral/.m2/repository/com/h2database/h2/2.1.210/h2-2.1.210.jar:./target/classes:./target/test-classes:/home/tbaral/.m2/repository/edu/gmu/swe/flaky/sleepy/sleepy-runner/0.0.4-SNAPSHOT/sleepy-runner-0.0.4-SNAPSHOT.jar' 'edu.gmu.swe.flaky.sleepy.runner.SleepyTestRunner' nl.nlighten.prometheus.tomcat.TomcatServletMetricsFilterTest#testServletRequestMetrics '<main>' 'info' 10000 ./sleepy-records/internal/node-nl.nlighten.prometheus.tomcat.TomcatServletMetricsFilterTest#testServletRequestMetrics-0.sleepList
INFO:root:====BEGIN Java Log====
INFO:root:TALANK: args.length: 5
TALANK: args[0]: nl.nlighten.prometheus.tomcat.TomcatServletMetricsFilterTest#testServletRequestMetrics
TALANK: args[1]: <main>
TALANK: args[2]: info
TALANK: args[3]: 10000
TALANK: args[4]: ./sleepy-records/internal/node-nl.nlighten.prometheus.tomcat.TomcatServletMetricsFilterTest#testServletRequestMetrics-0.sleepList
TALANK Adding line to sleep at: org/apache/tomcat/util/res/StringManager:getManager:0
TALANK Adding line to sleep at: org/apache/tomcat/util/res/StringManager:getManager:266
TALANK Adding line to sleep at: org/apache/catalina/core/StandardServer:addService:504
TALANK Adding line to sleep at: org/apache/catalina/core/StandardServer:addService:520
TALANK Adding line to sleep at: org/apache/catalina/core/ContainerBase:setRealm:630
TALANK Adding line to sleep at: org/apache/catalina/core/ContainerBase:setRealm:631
TALANK Adding line to sleep at: org/apache/catalina/core/ContainerBase:setRealm:665
TALANK Adding line to sleep at: org/apache/catalina/core/ContainerBase:setRealm:666
TALANK Adding line to sleep at: org/apache/catalina/core/ContainerBase:findChildren:779
TALANK Adding line to sleep at: org/apache/catalina/core/ContainerBase:findChildren:781
TALANK Adding line to sleep at: org/apache/catalina/core/ContainerBase:addChildInternal:708
TALANK Adding line to sleep at: org/apache/catalina/core/ContainerBase:addChildInternal:715
TALANK Adding line to sleep at: org/apache/catalina/core/ContainerBase:findChild:767
TALANK Adding line to sleep at: org/apache/catalina/core/ContainerBase:findChild:768
TALANK Adding line to sleep at: org/apache/catalina/core/StandardContext:addServletMappingDecoded:3237
TALANK Adding line to sleep at: org/apache/catalina/core/StandardContext:addServletMappingDecoded:3245
TALANK Adding line to sleep at: org/apache/catalina/core/StandardWrapper:addMapping:718
TALANK Adding line to sleep at: org/apache/catalina/core/StandardWrapper:addMapping:719
TALANK Adding line to sleep at: org/apache/catalina/core/StandardWrapper:addMapping:722
TALANK Adding line to sleep at: org/apache/catalina/core/StandardWrapper:addMapping:723
TALANK Adding line to sleep at: org/apache/catalina/core/StandardContext:addFilterDef:3009
TALANK Adding line to sleep at: org/apache/catalina/core/StandardContext:addFilterDef:3011
TALANK Adding line to sleep at: org/apache/tomcat/util/buf/UDecoder$DecodeException:fillInStackTrace:0
TALANK Adding line to sleep at: org/apache/tomcat/util/buf/UDecoder$DecodeException:fillInStackTrace:53
TALANK Adding line to sleep at: org/apache/catalina/core/StandardContext:findFilterDef:3466
TALANK Adding line to sleep at: org/apache/catalina/core/StandardContext:findFilterDef:3467
TALANK Adding line to sleep at: org/apache/catalina/core/StandardContext$ContextFilterMaps:add:4531
TALANK Adding line to sleep at: org/apache/catalina/core/StandardContext$ContextFilterMaps:add:4535
TALANK Adding line to sleep at: org/apache/catalina/deploy/NamingResourcesImpl:addResource:411
TALANK Adding line to sleep at: org/apache/catalina/deploy/NamingResourcesImpl:addResource:414
TALANK Adding line to sleep at: org/apache/catalina/util/LifecycleBase:init:0
TALANK Adding line to sleep at: org/apache/catalina/util/LifecycleBase:setStateInternal:0
TALANK Adding line to sleep at: org/apache/catalina/util/LifecycleBase:setStateInternal:425
TALANK Adding line to sleep at: org/apache/tomcat/util/modeler/Registry:getRegistry:0
TALANK Adding line to sleep at: org/apache/tomcat/util/modeler/Registry:getRegistry:144
TALANK Adding line to sleep at: org/apache/tomcat/util/modeler/Registry:getMBeanServer:454
TALANK Adding line to sleep at: org/apache/tomcat/util/modeler/Registry:getMBeanServer:456
TALANK Adding line to sleep at: org/apache/tomcat/util/modeler/Registry:getMBeanServer:457
TALANK Adding line to sleep at: org/apache/tomcat/util/modeler/Registry:getMBeanServer:469
TALANK Adding line to sleep at: org/apache/tomcat/util/modeler/modules/MbeansDescriptorsDigesterSource:execute:158
TALANK Adding line to sleep at: org/apache/tomcat/util/modeler/ManagedBean:setName:178
TALANK Adding line to sleep at: org/apache/tomcat/util/modeler/ManagedBean:setName:179
TALANK Adding line to sleep at: org/apache/tomcat/util/modeler/ManagedBean:setName:183
TALANK Adding line to sleep at: org/apache/tomcat/util/modeler/ManagedBean:setName:184
TALANK Adding line to sleep at: org/apache/tomcat/util/modeler/ManagedBean:setDescription:134
TALANK Adding line to sleep at: org/apache/tomcat/util/modeler/ManagedBean:setDescription:135
TALANK Adding line to sleep at: org/apache/tomcat/util/modeler/ManagedBean:setDescription:139
TALANK Adding line to sleep at: org/apache/tomcat/util/modeler/ManagedBean:setDescription:140
TALANK Adding line to sleep at: org/apache/tomcat/util/modeler/ManagedBean:setType:216
TALANK Adding line to sleep at: org/apache/tomcat/util/modeler/ManagedBean:setType:217
TALANK Adding line to sleep at: org/apache/tomcat/util/modeler/ManagedBean:setType:221
TALANK Adding line to sleep at: org/apache/tomcat/util/modeler/ManagedBean:setType:222
TALANK Adding line to sleep at: org/apache/tomcat/util/modeler/ManagedBean:setClassName:116
TALANK Adding line to sleep at: org/apache/tomcat/util/modeler/ManagedBean:setClassName:117
TALANK Adding line to sleep at: org/apache/tomcat/util/modeler/ManagedBean:setClassName:121
TALANK Adding line to sleep at: org/apache/tomcat/util/modeler/ManagedBean:setClassName:122
TALANK Adding line to sleep at: org/apache/tomcat/util/modeler/OperationInfo:addParameter:127
TALANK Adding line to sleep at: org/apache/tomcat/util/modeler/OperationInfo:addParameter:128
TALANK Adding line to sleep at: org/apache/tomcat/util/modeler/OperationInfo:addParameter:135
TALANK Adding line to sleep at: org/apache/tomcat/util/modeler/OperationInfo:addParameter:136
TALANK Adding line to sleep at: org/apache/tomcat/util/modeler/OperationInfo:getSignature:108
TALANK Adding line to sleep at: org/apache/tomcat/util/modeler/OperationInfo:getSignature:109
TALANK Adding line to sleep at: org/apache/tomcat/util/modeler/OperationInfo:getSignature:112
TALANK Adding line to sleep at: org/apache/tomcat/util/modeler/OperationInfo:getSignature:113
TALANK Adding line to sleep at: org/apache/tomcat/util/modeler/modules/MbeansDescriptorsDigesterSource:execute:175
TALANK Adding line to sleep at: org/apache/tomcat/util/modeler/ManagedBean:getMBeanInfo:354
TALANK Adding line to sleep at: org/apache/tomcat/util/modeler/ManagedBean:getMBeanInfo:355
TALANK Adding line to sleep at: org/apache/tomcat/util/modeler/ManagedBean:getMBeanInfo:360
TALANK Adding line to sleep at: org/apache/tomcat/util/modeler/ManagedBean:getMBeanInfo:361
TALANK Adding line to sleep at: org/apache/tomcat/util/modeler/ManagedBean:getMBeanInfo:363
TALANK Adding line to sleep at: org/apache/tomcat/util/modeler/ManagedBean:getMBeanInfo:364
TALANK Adding line to sleep at: org/apache/tomcat/util/modeler/ManagedBean:getMBeanInfo:401
TALANK Adding line to sleep at: org/apache/tomcat/util/modeler/ManagedBean:getMBeanInfo:402
TALANK Adding line to sleep at: org/apache/catalina/core/StandardServer:reconfigureUtilityExecutor:0
TALANK Adding line to sleep at: org/apache/tomcat/util/threads/TaskThreadFactory:<init>:41
TALANK Adding line to sleep at: org/apache/tomcat/util/threads/TaskThreadFactory:<init>:42
TALANK Adding line to sleep at: org/apache/catalina/core/StandardServer:reconfigureUtilityExecutor:447
TALANK Adding line to sleep at: org/apache/catalina/core/StandardServer:reconfigureUtilityExecutor:448
TALANK Adding line to sleep at: org/apache/catalina/core/StandardServer:reconfigureUtilityExecutor:449
TALANK Adding line to sleep at: org/apache/catalina/core/StandardServer:reconfigureUtilityExecutor:452
TALANK Adding line to sleep at: org/apache/tomcat/util/modeler/Registry:findDescriptor:707
TALANK Adding line to sleep at: org/apache/tomcat/util/modeler/Registry:findDescriptor:708
TALANK Adding line to sleep at: org/apache/catalina/mbeans/MBeanUtils:createRegistry:0
TALANK Adding line to sleep at: org/apache/catalina/mbeans/MBeanUtils:createRegistry:597
TALANK Adding line to sleep at: org/apache/catalina/mbeans/MBeanUtils:createServer:0
TALANK Adding line to sleep at: org/apache/catalina/mbeans/MBeanUtils:createServer:611
TALANK Adding line to sleep at: org/apache/catalina/util/LifecycleBase:init:141
TALANK Adding line to sleep at: org/apache/catalina/core/ContainerBase:getRealm:596
TALANK Adding line to sleep at: org/apache/catalina/core/ContainerBase:getRealm:597
TALANK Adding line to sleep at: org/apache/catalina/core/ContainerBase:getRealm:606
TALANK Adding line to sleep at: org/apache/catalina/core/ContainerBase:getRealm:607
TALANK Adding line to sleep at: org/apache/catalina/core/StandardService:findExecutors:369
TALANK Adding line to sleep at: org/apache/catalina/core/StandardService:findExecutors:372
TALANK Adding line to sleep at: org/apache/catalina/core/StandardService:initInternal:554
TALANK Adding line to sleep at: org/apache/catalina/core/StandardService:initInternal:558
TALANK Adding line to sleep at: org/apache/catalina/util/LifecycleBase:start:0
TALANK Adding line to sleep at: org/apache/naming/StringManager:getManager:0
TALANK Adding line to sleep at: org/apache/naming/StringManager:getManager:176
TALANK Adding line to sleep at: org/apache/catalina/deploy/NamingResourcesImpl:findResourceLinks:664
TALANK Adding line to sleep at: org/apache/catalina/deploy/NamingResourcesImpl:findResourceLinks:667
TALANK Adding line to sleep at: org/apache/catalina/deploy/NamingResourcesImpl:findResources:679
TALANK Adding line to sleep at: org/apache/catalina/deploy/NamingResourcesImpl:findResources:681
TALANK Adding line to sleep at: org/apache/catalina/deploy/NamingResourcesImpl:findResourceEnvRefs:709
TALANK Adding line to sleep at: org/apache/catalina/deploy/NamingResourcesImpl:findResourceEnvRefs:711
TALANK Adding line to sleep at: org/apache/catalina/deploy/NamingResourcesImpl:findEnvironments:561
TALANK Adding line to sleep at: org/apache/catalina/deploy/NamingResourcesImpl:findEnvironments:563
TALANK Adding line to sleep at: org/apache/catalina/deploy/NamingResourcesImpl:findEjbs:531
TALANK Adding line to sleep at: org/apache/catalina/deploy/NamingResourcesImpl:findEjbs:533
TALANK Adding line to sleep at: org/apache/catalina/deploy/NamingResourcesImpl:findMessageDestinationRefs:619
TALANK Adding line to sleep at: org/apache/catalina/deploy/NamingResourcesImpl:findMessageDestinationRefs:622
TALANK Adding line to sleep at: org/apache/catalina/deploy/NamingResourcesImpl:findServices:738
TALANK Adding line to sleep at: org/apache/catalina/deploy/NamingResourcesImpl:findServices:740
TALANK Adding line to sleep at: org/apache/catalina/util/LifecycleBase:setState:0
TALANK Adding line to sleep at: org/apache/catalina/util/LifecycleBase:setState:367
TALANK Adding line to sleep at: org/apache/catalina/util/LifecycleBase:start:200
TALANK Adding line to sleep at: org/apache/catalina/core/StandardServer:startInternal:925
TALANK Adding line to sleep at: org/apache/catalina/core/StandardService:startInternal:431
TALANK Adding line to sleep at: org/apache/catalina/core/StandardEngine:startInternal:0
TALANK Adding line to sleep at: org/apache/catalina/core/ContainerBase:startInternal:0
TALANK Adding line to sleep at: org/apache/catalina/core/ContainerBase:getClusterInternal:392
TALANK Adding line to sleep at: org/apache/catalina/core/ContainerBase:getClusterInternal:393
TALANK Adding line to sleep at: org/apache/catalina/core/ContainerBase:getClusterInternal:396
TALANK Adding line to sleep at: org/apache/catalina/core/ContainerBase:getClusterInternal:397
TALANK Adding line to sleep at: org/apache/catalina/core/ContainerBase:getRealmInternal:613
TALANK Adding line to sleep at: org/apache/catalina/core/ContainerBase:getRealmInternal:614
TALANK Adding line to sleep at: org/apache/catalina/core/ContainerBase:getRealmInternal:617
TALANK Adding line to sleep at: org/apache/catalina/core/ContainerBase:getRealmInternal:618
TALANK Adding line to sleep at: org/apache/catalina/core/ContainerBase:startInternal:919
TALANK Adding line to sleep at: org/apache/tomcat/util/threads/InlineExecutorService:execute:69
TALANK Adding line to sleep at: org/apache/tomcat/util/threads/InlineExecutorService:execute:74
TALANK Adding line to sleep at: org/apache/tomcat/util/threads/InlineExecutorService:execute:75
TALANK Adding line to sleep at: java/util/concurrent/FutureTask:run:0
TALANK Adding line to sleep at: java/util/concurrent/FutureTask:run:258
TALANK Adding line to sleep at: java/util/concurrent/FutureTask:run:259
TALANK Adding line to sleep at: java/util/concurrent/FutureTask:run:266
TALANK Adding line to sleep at: org/apache/catalina/core/ContainerBase$StartChild:call:0
TALANK Adding line to sleep at: org/apache/catalina/core/StandardHost:startInternal:0
TALANK Adding line to sleep at: org/apache/catalina/core/StandardContext:initInternal:6300
TALANK Adding line to sleep at: org/apache/catalina/core/StandardContext:initInternal:6301
TALANK Adding line to sleep at: org/apache/catalina/core/StandardContext:startInternal:0
TALANK Adding line to sleep at: org/apache/catalina/core/StandardContext:startInternal:4993
TALANK Adding line to sleep at: org/apache/catalina/core/StandardContext:startInternal:4994
TALANK Adding line to sleep at: org/apache/catalina/core/StandardContext:getResources:2512
TALANK Adding line to sleep at: org/apache/catalina/core/StandardContext:getResources:2513
TALANK Adding line to sleep at: org/apache/catalina/core/StandardContext:getResources:2516
TALANK Adding line to sleep at: org/apache/catalina/core/StandardContext:getResources:2517
TALANK Adding line to sleep at: org/apache/catalina/core/StandardContext:setResources:2525
TALANK Adding line to sleep at: org/apache/catalina/core/StandardContext:setResources:2526
TALANK Adding line to sleep at: org/apache/catalina/core/StandardContext:setResources:2549
TALANK Adding line to sleep at: org/apache/catalina/core/StandardContext:setResources:2550
TALANK Adding line to sleep at: org/apache/catalina/webresources/TomcatURLStreamHandlerFactory:getInstanceInternal:51
TALANK Adding line to sleep at: org/apache/catalina/webresources/TomcatURLStreamHandlerFactory:getInstanceInternal:55
TALANK Adding line to sleep at: org/apache/catalina/core/StandardContext:getLoader:1865
TALANK Adding line to sleep at: org/apache/catalina/core/StandardContext:getLoader:1866
TALANK Adding line to sleep at: org/apache/catalina/core/StandardContext:getLoader:1869
TALANK Adding line to sleep at: org/apache/catalina/core/StandardContext:getLoader:1870
TALANK Adding line to sleep at: org/apache/catalina/core/StandardContext:setLoader:1877
TALANK Adding line to sleep at: org/apache/catalina/core/StandardContext:setLoader:1878
TALANK Adding line to sleep at: org/apache/catalina/core/StandardContext:setLoader:1910
TALANK Adding line to sleep at: org/apache/catalina/core/StandardContext:setLoader:1911
TALANK Adding line to sleep at: org/apache/catalina/util/ExtensionValidator:validateApplication:0
TALANK Adding line to sleep at: org/apache/catalina/webresources/Cache:getResource:74
TALANK Adding line to sleep at: org/apache/catalina/webresources/Cache:getResource:75
TALANK Adding line to sleep at: org/apache/catalina/webresources/Cache:getResource:91
TALANK Adding line to sleep at: org/apache/catalina/webresources/Cache:getResource:92
TALANK Adding line to sleep at: org/apache/catalina/webresources/CachedResource:validateResource:100
TALANK Adding line to sleep at: org/apache/catalina/webresources/CachedResource:validateResource:101
TALANK Adding line to sleep at: org/apache/catalina/webresources/CachedResource:validateResource:103
TALANK Adding line to sleep at: org/apache/catalina/webresources/CachedResource:validateResource:117
TALANK Adding line to sleep at: org/apache/catalina/webresources/Cache:getResource:102
TALANK Adding line to sleep at: org/apache/catalina/webresources/Cache:getResource:103
TALANK Adding line to sleep at: org/apache/catalina/webresources/Cache:getResource:104
TALANK Adding line to sleep at: org/apache/catalina/webresources/Cache:getResource:105
TALANK Adding line to sleep at: org/apache/catalina/webresources/Cache:getResources:149
TALANK Adding line to sleep at: org/apache/catalina/webresources/Cache:getResources:150
TALANK Adding line to sleep at: org/apache/catalina/webresources/Cache:getResources:169
TALANK Adding line to sleep at: org/apache/catalina/webresources/Cache:getResources:170
TALANK Adding line to sleep at: org/apache/catalina/webresources/CachedResource:validateResources:153
TALANK Adding line to sleep at: org/apache/catalina/webresources/CachedResource:validateResources:154
TALANK Adding line to sleep at: org/apache/catalina/webresources/CachedResource:validateResources:156
TALANK Adding line to sleep at: org/apache/catalina/webresources/CachedResource:validateResources:161
TALANK Adding line to sleep at: org/apache/catalina/webresources/Cache:getResources:178
TALANK Adding line to sleep at: org/apache/catalina/webresources/Cache:getResources:179
TALANK Adding line to sleep at: org/apache/catalina/webresources/Cache:getResources:180
TALANK Adding line to sleep at: org/apache/catalina/webresources/Cache:getResources:181
TALANK Adding line to sleep at: org/apache/catalina/util/ExtensionValidator:validateApplication:161
TALANK Adding line to sleep at: org/apache/catalina/core/StandardContext:bind:5857
TALANK Adding line to sleep at: org/apache/catalina/core/StandardContext:bind:5858
TALANK Adding line to sleep at: org/apache/naming/ContextBindings:unbindThread:158
TALANK Adding line to sleep at: org/apache/naming/ContextBindings:unbindThread:159
TALANK Adding line to sleep at: org/apache/naming/ContextBindings:unbindThread:160
TALANK Adding line to sleep at: org/apache/catalina/core/StandardContext:bind:5874
TALANK Adding line to sleep at: org/apache/catalina/core/StandardContext:bind:5875
TALANK Adding line to sleep at: org/apache/catalina/core/StandardContext:findFilterDefs:3477
TALANK Adding line to sleep at: org/apache/catalina/core/StandardContext:findFilterDefs:3479
TALANK Adding line to sleep at: org/apache/catalina/loader/WebappClassLoaderBase:loadClass:1247
TALANK Adding line to sleep at: org/apache/catalina/loader/WebappClassLoaderBase:loadClass:1399
TALANK Adding line to sleep at: org/apache/catalina/loader/WebappClassLoaderBase:loadClass:1359
TALANK Adding line to sleep at: org/apache/naming/factory/FactoryBase:getObjectInstance:61
TALANK Adding line to sleep at: org/apache/naming/factory/FactoryBase:getObjectInstance:62
TALANK Adding line to sleep at: org/apache/tomcat/jdbc/pool/PoolProperties:<init>:68
TALANK Adding line to sleep at: org/apache/tomcat/jdbc/pool/PoolProperties:<init>:69
TALANK Adding line to sleep at: org/apache/tomcat/jdbc/pool/DataSourceProxy:pCreatePool:0
TALANK Adding line to sleep at: org/apache/tomcat/jdbc/pool/ConnectionPool:registerCleaner:0
TALANK Adding line to sleep at: org/apache/tomcat/jdbc/pool/ConnectionPool:unregisterCleaner:0
TALANK Adding line to sleep at: org/apache/tomcat/jdbc/pool/ConnectionPool:unregisterCleaner:1544
TALANK Adding line to sleep at: org/apache/tomcat/jdbc/pool/ConnectionPool:registerCleaner:1517
TALANK Adding line to sleep at: org/apache/tomcat/jdbc/pool/ConnectionPool:registerCleaner:1518
TALANK Adding line to sleep at: org/apache/tomcat/jdbc/pool/ConnectionPool:registerCleaner:1519
TALANK Adding line to sleep at: org/apache/tomcat/jdbc/pool/ConnectionPool:registerCleaner:1520
TALANK Adding line to sleep at: org/apache/tomcat/jdbc/pool/ConnectionPool$PrivilegedNewTimer:run:1550
TALANK Adding line to sleep at: org/apache/tomcat/jdbc/pool/ConnectionPool$PrivilegedNewTimer:run:1551
TALANK Adding line to sleep at: org/apache/tomcat/jdbc/pool/ConnectionPool:registerCleaner:1526
TALANK Adding line to sleep at: org/apache/tomcat/jdbc/pool/ConnectionPool:registerCleaner:1527
TALANK Adding line to sleep at: org/apache/tomcat/jdbc/pool/ConnectionPool:registerCleaner:1530
TALANK Adding line to sleep at: org/apache/tomcat/jdbc/pool/PoolProperties$InterceptorDefinition:getInterceptorClass:982
TALANK Adding line to sleep at: org/apache/tomcat/jdbc/pool/PoolProperties$InterceptorDefinition:getInterceptorClass:983
TALANK Adding line to sleep at: io/prometheus/client/CollectorRegistry:register:52
TALANK Adding line to sleep at: io/prometheus/client/CollectorRegistry:register:64
TALANK Adding line to sleep at: org/apache/tomcat/jdbc/pool/ConnectionPool:borrowConnection:672
TALANK Adding line to sleep at: org/apache/tomcat/jdbc/pool/ConnectionPool:borrowConnection:673
TALANK Adding line to sleep at: org/apache/tomcat/jdbc/pool/FairBlockingQueue:poll:259
TALANK Adding line to sleep at: org/apache/tomcat/jdbc/pool/FairBlockingQueue:poll:260
TALANK Adding line to sleep at: org/apache/tomcat/jdbc/pool/FairBlockingQueue:poll:263
TALANK Adding line to sleep at: org/apache/tomcat/jdbc/pool/FairBlockingQueue:poll:264
TALANK Adding line to sleep at: org/apache/tomcat/jdbc/pool/ConnectionPool:borrowConnection:690
TALANK Adding line to sleep at: org/apache/tomcat/jdbc/pool/ConnectionPool:borrowConnection:691
TALANK Adding line to sleep at: org/apache/tomcat/jdbc/pool/ConnectionPool:borrowConnection:692
TALANK Adding line to sleep at: org/apache/tomcat/jdbc/pool/ConnectionPool:borrowConnection:693
TALANK Adding line to sleep at: org/apache/tomcat/jdbc/pool/PooledConnection:<init>:103
TALANK Adding line to sleep at: org/apache/tomcat/jdbc/pool/PooledConnection:<init>:104
TALANK Adding line to sleep at: org/apache/tomcat/jdbc/pool/ConnectionPool:getPoolVersion:1559
TALANK Adding line to sleep at: org/apache/tomcat/jdbc/pool/ConnectionPool:getPoolVersion:1560
TALANK Adding line to sleep at: org/apache/tomcat/jdbc/pool/PooledConnection:lock:780
TALANK Adding line to sleep at: org/apache/tomcat/jdbc/pool/PooledConnection:lock:781
TALANK Adding line to sleep at: org/apache/tomcat/jdbc/pool/PooledConnection:connect:211
TALANK Adding line to sleep at: org/apache/tomcat/jdbc/pool/PooledConnection:connect:212
TALANK Adding line to sleep at: org/apache/tomcat/jdbc/pool/PooledConnection:connectUsingDriver:308
TALANK Adding line to sleep at: org/apache/tomcat/jdbc/pool/PooledConnection:connectUsingDriver:309
TALANK Adding line to sleep at: org/h2/Driver:load:0
TALANK Adding line to sleep at: org/h2/Driver:load:155
TALANK Adding line to sleep at: org/h2/engine/Engine:openSession:57
TALANK Adding line to sleep at: org/h2/engine/Engine:openSession:59
TALANK Adding line to sleep at: org/h2/engine/Engine:openSession:63
TALANK Adding line to sleep at: org/h2/message/TraceSystem:getTrace:131
TALANK Adding line to sleep at: org/h2/message/TraceSystem:getTrace:132
TALANK Adding line to sleep at: org/h2/message/TraceSystem:getTrace:134
TALANK Adding line to sleep at: org/h2/message/TraceSystem:getTrace:135
TALANK Adding line to sleep at: org/h2/mvstore/MVStore$TxCounter:<clinit>:3690
TALANK Adding line to sleep at: org/h2/mvstore/MVStore$TxCounter:<clinit>:3691
TALANK Adding line to sleep at: org/h2/mvstore/Page:<clinit>:91
TALANK Adding line to sleep at: org/h2/mvstore/Page:<clinit>:92
TALANK Adding line to sleep at: org/h2/mvstore/MVMap:setInitialRoot:853
TALANK Adding line to sleep at: org/h2/mvstore/MVMap:setInitialRoot:854
TALANK Adding line to sleep at: org/h2/mvstore/MVMap:getRoot:830
TALANK Adding line to sleep at: org/h2/mvstore/MVMap:getRoot:831
TALANK Adding line to sleep at: org/h2/mvstore/MVStore:openMetaMap:490
TALANK Adding line to sleep at: org/h2/mvstore/MVStore:openMetaMap:491
TALANK Adding line to sleep at: org/h2/mvstore/MVMap:compareAndSetRoot:865
TALANK Adding line to sleep at: org/h2/mvstore/MVMap:compareAndSetRoot:866
TALANK Adding line to sleep at: org/h2/mvstore/MVStore:getOldestVersionToKeep:2758
TALANK Adding line to sleep at: org/h2/mvstore/MVStore:getOldestVersionToKeep:2759
TALANK Adding line to sleep at: org/h2/mvstore/MVStore$TxCounter:decrementAndGet:3716
TALANK Adding line to sleep at: org/h2/mvstore/MVStore$TxCounter:decrementAndGet:3717
TALANK Adding line to sleep at: org/h2/mvstore/MVStore:setOldestVersionToKeep:2772
TALANK Adding line to sleep at: org/h2/mvstore/MVStore:setOldestVersionToKeep:2773
TALANK Adding line to sleep at: org/h2/engine/Database:findSetting:986
TALANK Adding line to sleep at: org/h2/engine/Database:findSetting:987
TALANK Adding line to sleep at: org/h2/mvstore/MVStore:openMap:648
TALANK Adding line to sleep at: org/h2/mvstore/MVStore:openMap:649
TALANK Adding line to sleep at: org/h2/mvstore/MVStore:openMap:665
TALANK Adding line to sleep at: org/h2/mvstore/MVStore:openMap:666
TALANK Adding line to sleep at: org/h2/engine/Database:getModificationMetaId:444
TALANK Adding line to sleep at: org/h2/engine/Database:getModificationMetaId:445
TALANK Adding line to sleep at: org/h2/engine/Database:<init>:334
TALANK Adding line to sleep at: org/h2/engine/Database:<init>:335
TALANK Adding line to sleep at: org/h2/engine/Database:<init>:336
TALANK Adding line to sleep at: org/h2/engine/Database:<init>:343
TALANK Adding line to sleep at: org/h2/engine/Database:<init>:344
TALANK Adding line to sleep at: org/h2/schema/Schema:createTable:771
TALANK Adding line to sleep at: org/h2/mvstore/tx/TransactionStore:registerTransaction:399
TALANK Adding line to sleep at: org/h2/mvstore/tx/TransactionStore:registerTransaction:400
TALANK Adding line to sleep at: org/h2/mvstore/tx/TransactionStore:registerTransaction:416
TALANK Adding line to sleep at: org/h2/mvstore/tx/TransactionStore:registerTransaction:417
TALANK Adding line to sleep at: org/h2/mvstore/tx/TransactionStore:registerTransaction:423
TALANK Adding line to sleep at: org/h2/mvstore/tx/TransactionStore:registerTransaction:424
TALANK Adding line to sleep at: org/h2/mvstore/tx/Transaction:getStatus:202
TALANK Adding line to sleep at: org/h2/mvstore/tx/Transaction:getStatus:203
TALANK Adding line to sleep at: org/h2/mvstore/tx/Transaction:setStatus:216
TALANK Adding line to sleep at: org/h2/mvstore/tx/Transaction:setStatus:217
TALANK Adding line to sleep at: org/h2/mvstore/tx/Transaction:setStatus:255
TALANK Adding line to sleep at: org/h2/mvstore/tx/Transaction:setStatus:256
TALANK Adding line to sleep at: org/h2/mvstore/tx/TransactionStore:endTransaction:614
TALANK Adding line to sleep at: org/h2/mvstore/tx/TransactionStore:endTransaction:615
TALANK Adding line to sleep at: org/h2/mvstore/tx/TransactionStore:endTransaction:618
TALANK Adding line to sleep at: org/h2/mvstore/tx/TransactionStore:endTransaction:619
TALANK Adding line to sleep at: org/h2/mvstore/tx/TransactionStore:endTransaction:622
TALANK Adding line to sleep at: org/h2/mvstore/tx/TransactionStore:endTransaction:623
TALANK Adding line to sleep at: org/h2/mvstore/db/MVPrimaryIndex:<init>:60
TALANK Adding line to sleep at: org/h2/mvstore/db/MVPrimaryIndex:<init>:61
TALANK Adding line to sleep at: org/h2/mvstore/db/Store:createTable:197
TALANK Adding line to sleep at: org/h2/mvstore/db/Store:createTable:198
TALANK Adding line to sleep at: org/h2/schema/Schema:createTable:781
TALANK Adding line to sleep at: org/h2/mvstore/db/MVTable:lock:179
TALANK Adding line to sleep at: org/h2/mvstore/db/MVTable:lock:183
TALANK Adding line to sleep at: org/h2/mvstore/db/MVTable:lock:184
TALANK Adding line to sleep at: org/h2/mvstore/db/MVTable:doLock2:249
TALANK Adding line to sleep at: org/h2/mvstore/db/MVTable:doLock2:250
TALANK Adding line to sleep at: org/h2/mvstore/db/MVTable:lock:197
TALANK Adding line to sleep at: org/h2/engine/Database:addSchemaObject:907
TALANK Adding line to sleep at: org/h2/schema/Schema:freeUniqueName:489
TALANK Adding line to sleep at: org/h2/schema/Schema:freeUniqueName:491
TALANK Adding line to sleep at: org/h2/engine/Database:addSchemaObject:910
TALANK Adding line to sleep at: org/h2/engine/Database:getNextModificationMetaId:450
TALANK Adding line to sleep at: org/h2/engine/Database:getNextModificationMetaId:451
TALANK Adding line to sleep at: org/h2/engine/Database:getNextModificationMetaId:452
TALANK Adding line to sleep at: org/h2/mvstore/MVStore:isBackgroundThread:3418
TALANK Adding line to sleep at: org/h2/mvstore/MVStore:isBackgroundThread:3419
TALANK Adding line to sleep at: org/h2/engine/Database:throwLastBackgroundException:1796
TALANK Adding line to sleep at: org/h2/engine/Database:throwLastBackgroundException:1797
TALANK Adding line to sleep at: org/h2/mvstore/tx/TransactionMap:useSnapshot:545
TALANK Adding line to sleep at: org/h2/mvstore/tx/TransactionMap:useSnapshot:546
TALANK Adding line to sleep at: org/h2/mvstore/tx/TransactionMap:useSnapshot:549
TALANK Adding line to sleep at: org/h2/mvstore/tx/TransactionMap:useSnapshot:550
TALANK Adding line to sleep at: org/h2/engine/Database:executeMeta:608
TALANK Adding line to sleep at: org/h2/engine/Database:executeMeta:653
TALANK Adding line to sleep at: org/h2/engine/Database:getNextModificationDataId:440
TALANK Adding line to sleep at: org/h2/engine/Database:getNextModificationDataId:441
TALANK Adding line to sleep at: org/h2/mvstore/db/MVTable:syncLastModificationIdWithDatabase:666
TALANK Adding line to sleep at: org/h2/mvstore/db/MVTable:syncLastModificationIdWithDatabase:667
TALANK Adding line to sleep at: org/h2/mvstore/db/MVTable:syncLastModificationIdWithDatabase:668
TALANK Adding line to sleep at: org/h2/mvstore/db/MVTable:syncLastModificationIdWithDatabase:669
TALANK Adding line to sleep at: org/h2/mvstore/db/MVTable:unlock:298
TALANK Adding line to sleep at: org/h2/mvstore/db/MVTable:unlock:299
TALANK Adding line to sleep at: org/h2/mvstore/tx/TransactionStore:getOpenTransactions:349
TALANK Adding line to sleep at: org/h2/mvstore/tx/TransactionStore:getOpenTransactions:350
TALANK Adding line to sleep at: org/h2/engine/Database:recompileInvalidViews:699
TALANK Adding line to sleep at: org/h2/engine/Database:recompileInvalidViews:700
TALANK Adding line to sleep at: org/h2/schema/Schema:getAllTablesAndViews:724
TALANK Adding line to sleep at: org/h2/schema/Schema:getAllTablesAndViews:725
TALANK Adding line to sleep at: org/h2/engine/Database:getSessions:1446
TALANK Adding line to sleep at: org/h2/engine/Database:getSessions:1448
TALANK Adding line to sleep at: org/h2/engine/Database:<init>:366
TALANK Adding line to sleep at: org/h2/engine/Database:<init>:367
TALANK Adding line to sleep at: org/h2/engine/Database:allocateObjectId:1324
TALANK Adding line to sleep at: org/h2/engine/Database:allocateObjectId:1327
TALANK Adding line to sleep at: org/h2/engine/Database:addDatabaseObject:0
TALANK Adding line to sleep at: org/h2/mvstore/tx/Transaction:getLogId:616
TALANK Adding line to sleep at: org/h2/mvstore/tx/Transaction:getLogId:617
TALANK Adding line to sleep at: org/h2/mvstore/tx/Transaction:log:400
TALANK Adding line to sleep at: org/h2/mvstore/tx/Transaction:log:401
TALANK Adding line to sleep at: org/h2/mvstore/RootReference:<init>:87
TALANK Adding line to sleep at: org/h2/mvstore/RootReference:<init>:88
TALANK Adding line to sleep at: org/h2/mvstore/RootReference:canUpdate:198
TALANK Adding line to sleep at: org/h2/mvstore/RootReference:canUpdate:199
TALANK Adding line to sleep at: org/h2/mvstore/db/MVPrimaryIndex:add:131
TALANK Adding line to sleep at: org/h2/mvstore/db/MVPrimaryIndex:add:132
TALANK Adding line to sleep at: org/h2/mvstore/db/MVPrimaryIndex:add:133
TALANK Adding line to sleep at: org/h2/mvstore/db/MVTable:analyzeIfRequired:564
TALANK Adding line to sleep at: org/h2/mvstore/db/MVTable:analyzeIfRequired:565
TALANK Adding line to sleep at: org/h2/engine/Database:addDatabaseObject:938
TALANK Adding line to sleep at: org/h2/mvstore/MVStore$TxCounter:incrementAndGet:3707
TALANK Adding line to sleep at: org/h2/mvstore/MVStore$TxCounter:incrementAndGet:3708
TALANK Adding line to sleep at: org/h2/mvstore/db/LobStorageMap:<init>:134
TALANK Adding line to sleep at: org/h2/mvstore/db/LobStorageMap:<init>:135
TALANK Adding line to sleep at: org/h2/mvstore/MVStore:deregisterVersionUsage:3582
TALANK Adding line to sleep at: org/h2/mvstore/MVStore:deregisterVersionUsage:3583
TALANK Adding line to sleep at: org/h2/mvstore/MVStore:deregisterVersionUsage:3584
TALANK Adding line to sleep at: org/h2/mvstore/MVStore:deregisterVersionUsage:3585
TALANK Adding line to sleep at: org/h2/mvstore/MVStore:deregisterVersionUsage:3588
TALANK Adding line to sleep at: org/h2/mvstore/MVStore:deregisterVersionUsage:3589
TALANK Adding line to sleep at: org/h2/mvstore/tx/TransactionStore:flipCommittingTransactionsBit:540
TALANK Adding line to sleep at: org/h2/mvstore/tx/TransactionStore:flipCommittingTransactionsBit:541
TALANK Adding line to sleep at: org/h2/mvstore/tx/TransactionStore:flipCommittingTransactionsBit:544
TALANK Adding line to sleep at: org/h2/mvstore/tx/TransactionStore:flipCommittingTransactionsBit:545
TALANK Adding line to sleep at: org/h2/mvstore/MVStore:getMap:714
TALANK Adding line to sleep at: org/h2/mvstore/MVStore:getMap:715
TALANK Adding line to sleep at: org/h2/engine/OnExitDatabaseCloser:register:0
TALANK Adding line to sleep at: org/h2/engine/OnExitDatabaseCloser:register:52
TALANK Adding line to sleep at: org/h2/engine/Database:getAllUsersAndRoles:1403
TALANK Adding line to sleep at: org/h2/engine/Database:getAllUsersAndRoles:1404
TALANK Adding line to sleep at: org/h2/engine/Database:setMasterUser:0
TALANK Adding line to sleep at: org/h2/engine/Database:setMasterUser:1708
TALANK Adding line to sleep at: org/h2/engine/Engine:openSession:111
TALANK Adding line to sleep at: org/h2/engine/Database:createSession:0
TALANK Adding line to sleep at: org/h2/engine/Database:createSession:1038
TALANK Adding line to sleep at: org/h2/engine/Database:createSession:1039
TALANK Adding line to sleep at: org/h2/engine/Database:createSession:1049
TALANK Adding line to sleep at: org/h2/engine/Engine:openSession:238
TALANK Adding line to sleep at: org/h2/engine/Engine:openSession:289
TALANK Adding line to sleep at: org/h2/engine/SessionLocal:isClosed:1152
TALANK Adding line to sleep at: org/h2/engine/SessionLocal:isClosed:1153
TALANK Adding line to sleep at: org/h2/message/TraceObject:getNextId:154
TALANK Adding line to sleep at: org/h2/message/TraceObject:getNextId:155
TALANK Adding line to sleep at: org/apache/tomcat/jdbc/pool/PooledConnection:connect:248
TALANK Adding line to sleep at: org/apache/tomcat/jdbc/pool/PooledConnection:connect:249
TALANK Adding line to sleep at: org/apache/tomcat/jdbc/pool/ConnectionPool:createConnection:776
TALANK Adding line to sleep at: org/apache/tomcat/jdbc/pool/ConnectionPool:createConnection:777
TALANK Adding line to sleep at: org/apache/tomcat/jdbc/pool/ConnectionPool:createConnection:779
TALANK Adding line to sleep at: org/apache/tomcat/jdbc/pool/ConnectionPool:createConnection:780
TALANK Adding line to sleep at: org/apache/tomcat/jdbc/pool/PooledConnection:unlock:791
TALANK Adding line to sleep at: org/apache/tomcat/jdbc/pool/PooledConnection:unlock:792
TALANK Adding line to sleep at: org/h2/engine/Database:findUserOrRole:1023
TALANK Adding line to sleep at: org/h2/engine/Database:findUserOrRole:1024
TALANK Adding line to sleep at: org/apache/tomcat/jdbc/pool/ConnectionPool:returnConnection:1004
TALANK Adding line to sleep at: org/apache/tomcat/jdbc/pool/ConnectionPool:returnConnection:1005
TALANK Adding line to sleep at: org/apache/tomcat/jdbc/pool/ConnectionPool:returnConnection:1016
TALANK Adding line to sleep at: org/apache/tomcat/jdbc/pool/ConnectionPool:returnConnection:1017
TALANK Adding line to sleep at: org/apache/tomcat/jdbc/pool/ConnectionPool:returnConnection:1021
TALANK Adding line to sleep at: org/apache/tomcat/jdbc/pool/ConnectionPool:returnConnection:1022
TALANK Adding line to sleep at: org/apache/tomcat/jdbc/pool/FairBlockingQueue:offer:95
TALANK Adding line to sleep at: org/apache/tomcat/jdbc/pool/FairBlockingQueue:offer:96
TALANK Adding line to sleep at: org/apache/tomcat/jdbc/pool/FairBlockingQueue:offer:112
TALANK Adding line to sleep at: org/apache/tomcat/jdbc/pool/FairBlockingQueue:offer:113
TALANK Adding line to sleep at: org/apache/tomcat/jdbc/pool/ConnectionPool:returnConnection:1023
TALANK Adding line to sleep at: org/apache/tomcat/jdbc/pool/DataSourceProxy:pCreatePool:122
TALANK Adding line to sleep at: org/apache/catalina/core/StandardWrapper:startInternal:0
TALANK Adding line to sleep at: org/apache/catalina/core/StandardPipeline:startInternal:0
TALANK Adding line to sleep at: org/apache/catalina/valves/ValveBase:startInternal:0
TALANK Adding line to sleep at: org/apache/catalina/valves/ValveBase:startInternal:166
TALANK Adding line to sleep at: org/apache/catalina/core/StandardPipeline:startInternal:182
TALANK Adding line to sleep at: org/apache/catalina/core/ContainerBase:startInternal:954
TALANK Adding line to sleep at: org/apache/catalina/core/StandardWrapper:setAvailable:324
TALANK Adding line to sleep at: org/apache/catalina/core/StandardWrapper:setAvailable:325
TALANK Adding line to sleep at: org/apache/catalina/core/StandardWrapper:startInternal:1602
TALANK Adding line to sleep at: org/apache/catalina/authenticator/AuthenticatorBase:startInternal:0
TALANK Adding line to sleep at: org/apache/catalina/authenticator/AuthenticatorBase:startInternal:1350
TALANK Adding line to sleep at: org/apache/catalina/core/StandardContext:getManager:1921
TALANK Adding line to sleep at: org/apache/catalina/core/StandardContext:getManager:1922
TALANK Adding line to sleep at: org/apache/catalina/core/StandardContext:getManager:1925
TALANK Adding line to sleep at: org/apache/catalina/core/StandardContext:getManager:1926
TALANK Adding line to sleep at: org/apache/catalina/core/ContainerBase:getCluster:370
TALANK Adding line to sleep at: org/apache/catalina/core/ContainerBase:getCluster:371
TALANK Adding line to sleep at: org/apache/catalina/core/ContainerBase:getCluster:382
TALANK Adding line to sleep at: org/apache/catalina/core/ContainerBase:getCluster:383
TALANK Adding line to sleep at: org/apache/catalina/core/StandardContext:setManager:1934
TALANK Adding line to sleep at: org/apache/catalina/core/StandardContext:setManager:1935
TALANK Adding line to sleep at: org/apache/catalina/core/StandardContext:setManager:1966
TALANK Adding line to sleep at: org/apache/catalina/core/StandardContext:setManager:1967
TALANK Adding line to sleep at: org/apache/catalina/deploy/NamingResourcesImpl:findLocalEjbs:590
TALANK Adding line to sleep at: org/apache/catalina/deploy/NamingResourcesImpl:findLocalEjbs:592
TALANK Adding line to sleep at: org/apache/catalina/core/StandardContext:findApplicationParameters:3406
TALANK Adding line to sleep at: org/apache/catalina/core/StandardContext:findApplicationParameters:3407
TALANK Adding line to sleep at: org/apache/catalina/session/StandardManager:startInternal:0
TALANK Adding line to sleep at: org/apache/catalina/util/SessionIdGeneratorBase:createSecureRandom:218
TALANK Adding line to sleep at: org/apache/catalina/util/SessionIdGeneratorBase:createSecureRandom:219
TALANK Adding line to sleep at: org/apache/catalina/util/SessionIdGeneratorBase:createSecureRandom:271
TALANK Adding line to sleep at: org/apache/catalina/util/SessionIdGeneratorBase:createSecureRandom:272
TALANK Adding line to sleep at: org/apache/catalina/session/StandardManager:startInternal:363
TALANK Adding line to sleep at: org/apache/catalina/core/StandardContext:filterStart:4604
TALANK Adding line to sleep at: org/apache/catalina/core/DefaultInstanceManager:populateAnnotationsCache:443
TALANK Adding line to sleep at: org/apache/catalina/core/DefaultInstanceManager:populateAnnotationsCache:445
TALANK Adding line to sleep at: org/apache/catalina/core/StandardContext:filterStart:4623
TALANK Adding line to sleep at: org/apache/catalina/core/StandardContext:unbind:5910
TALANK Adding line to sleep at: org/apache/catalina/core/StandardContext:unbind:5911
TALANK Adding line to sleep at: org/apache/catalina/core/StandardContext:startInternal:5286
TALANK Adding line to sleep at: org/apache/catalina/core/StandardContext:startInternal:5287
TALANK Adding line to sleep at: org/apache/catalina/core/StandardContext:startInternal:5292
TALANK Adding line to sleep at: org/apache/catalina/core/StandardContext:startInternal:5293
TALANK Adding line to sleep at: org/apache/catalina/core/StandardContext:startInternal:5314
TALANK Adding line to sleep at: java/util/concurrent/FutureTask:run:267
TALANK Adding line to sleep at: java/util/concurrent/FutureTask:run:274
TALANK Adding line to sleep at: java/util/concurrent/FutureTask:set:233
TALANK Adding line to sleep at: java/util/concurrent/FutureTask:finishCompletion:384
TALANK Adding line to sleep at: java/util/concurrent/FutureTask:finishCompletion:385
TALANK Adding line to sleep at: java/util/concurrent/FutureTask:set:234
TALANK Adding line to sleep at: java/util/concurrent/FutureTask:run:275
TALANK Adding line to sleep at: org/apache/tomcat/util/threads/InlineExecutorService:execute:76
TALANK Adding line to sleep at: org/apache/tomcat/util/threads/InlineExecutorService:execute:82
TALANK Adding line to sleep at: org/apache/catalina/core/ContainerBase:startInternal:920
TALANK Adding line to sleep at: org/apache/catalina/core/ContainerBase:startInternal:926
TALANK Adding line to sleep at: java/util/concurrent/FutureTask:get:192
TALANK Adding line to sleep at: java/util/concurrent/FutureTask:get:193
TALANK Adding line to sleep at: org/apache/catalina/core/ContainerBase:startInternal:927
TALANK Adding line to sleep at: org/apache/catalina/core/StandardHost:startInternal:836
TALANK Adding line to sleep at: org/apache/catalina/core/ContainerBase:startInternal:951
TALANK Adding line to sleep at: org/apache/tomcat/util/threads/ScheduledThreadPoolExecutor:scheduleWithFixedDelay:138
TALANK Adding line to sleep at: java/util/concurrent/FutureTask:<init>:152
TALANK Adding line to sleep at: java/util/concurrent/FutureTask:<init>:153
TALANK Adding line to sleep at: org/apache/tomcat/util/threads/TaskThreadFactory:newThread:49
TALANK Adding line to sleep at: org/apache/tomcat/util/threads/TaskThreadFactory:newThread:50
TALANK Adding line to sleep at: org/apache/tomcat/util/threads/TaskThread:<init>:33
TALANK Adding line to sleep at: org/apache/tomcat/util/threads/TaskThread:<init>:34
TALANK Adding line to sleep at: org/apache/tomcat/util/threads/ScheduledThreadPoolExecutor:scheduleWithFixedDelay:139
TALANK Adding line to sleep at: org/apache/catalina/core/ContainerBase:startInternal:952
TALANK Adding line to sleep at: org/apache/catalina/core/StandardEngine:startInternal:264
TALANK Adding line to sleep at: org/apache/catalina/core/StandardService:startInternal:433
TALANK Adding line to sleep at: org/apache/catalina/core/StandardService:startInternal:436
TALANK Adding line to sleep at: org/apache/catalina/core/StandardService:startInternal:440
TALANK Adding line to sleep at: org/apache/catalina/mapper/Mapper:setDefaultHostName:0
TALANK Adding line to sleep at: org/apache/catalina/mapper/Mapper:setDefaultHostName:94
TALANK Adding line to sleep at: org/apache/catalina/core/StandardHost:findAliases:752
TALANK Adding line to sleep at: org/apache/catalina/core/StandardHost:findAliases:753
TALANK Adding line to sleep at: org/apache/catalina/mapper/Mapper:addHost:0
TALANK Adding line to sleep at: org/apache/catalina/mapper/Mapper:addHost:143
TALANK Adding line to sleep at: org/apache/catalina/core/StandardContext:findWelcomeFiles:3748
TALANK Adding line to sleep at: org/apache/catalina/core/StandardContext:findWelcomeFiles:3749
TALANK Adding line to sleep at: org/apache/catalina/core/StandardWrapper:findMappings:932
TALANK Adding line to sleep at: org/apache/catalina/core/StandardWrapper:findMappings:933
TALANK Adding line to sleep at: org/apache/catalina/core/StandardWrapper:findMappings:936
TALANK Adding line to sleep at: org/apache/catalina/core/StandardWrapper:findMappings:937
TALANK Adding line to sleep at: org/apache/catalina/mapper/Mapper:addContextVersion:282
TALANK Adding line to sleep at: org/apache/catalina/mapper/Mapper:addWrapper:466
TALANK Adding line to sleep at: org/apache/catalina/mapper/Mapper:addWrapper:515
TALANK Adding line to sleep at: org/apache/catalina/mapper/Mapper:addContextVersion:316
TALANK Adding line to sleep at: org/apache/catalina/core/StandardService:startInternal:445
TALANK Adding line to sleep at: org/apache/catalina/core/StandardService:startInternal:452
TALANK Adding line to sleep at: org/apache/catalina/core/StandardServer:startInternal:929
TALANK Adding line to sleep at: org/apache/catalina/core/StandardServer:startInternal:932
TALANK Adding line to sleep at: org/apache/catalina/core/StandardServer:startInternal:933
TALANK Adding line to sleep at: org/apache/catalina/core/StandardService:addConnector:224
TALANK Adding line to sleep at: org/apache/catalina/core/StandardService:addConnector:230
TALANK Adding line to sleep at: org/apache/coyote/AbstractProtocol:getNameIndex:0
TALANK Adding line to sleep at: org/apache/coyote/AbstractProtocol:getNameIndex:357
TALANK Adding line to sleep at: org/apache/coyote/AbstractProtocol:getNameIndex:358
TALANK Adding line to sleep at: org/apache/coyote/AbstractProtocol:getNameIndex:360
TALANK Adding line to sleep at: org/apache/tomcat/util/net/NioEndpoint:initServerSocket:270
TALANK Adding line to sleep at: org/apache/tomcat/util/net/NioEndpoint:initServerSocket:271
TALANK Adding line to sleep at: org/apache/tomcat/util/net/NioEndpoint:initServerSocket:272
TALANK Adding line to sleep at: org/apache/tomcat/util/net/NioEndpoint:initServerSocket:273
TALANK Adding line to sleep at: org/apache/tomcat/util/net/NioEndpoint:initServerSocket:274
TALANK Adding line to sleep at: org/apache/tomcat/util/net/AbstractJsseEndpoint:getLocalAddress:232
TALANK Adding line to sleep at: org/apache/tomcat/util/net/AbstractJsseEndpoint:getLocalAddress:233
TALANK Adding line to sleep at: org/apache/tomcat/util/threads/ThreadPoolExecutor:<init>:483
TALANK Adding line to sleep at: org/apache/tomcat/util/threads/ThreadPoolExecutor:<init>:484
TALANK Adding line to sleep at: org/apache/tomcat/util/threads/ThreadPoolExecutor:addWorker:927
TALANK Adding line to sleep at: org/apache/tomcat/util/threads/ThreadPoolExecutor:addWorker:928
TALANK Adding line to sleep at: org/apache/tomcat/util/threads/ThreadPoolExecutor:compareAndIncrementWorkerCount:427
TALANK Adding line to sleep at: org/apache/tomcat/util/threads/ThreadPoolExecutor:compareAndIncrementWorkerCount:428
TALANK Adding line to sleep at: org/apache/tomcat/util/threads/ThreadPoolExecutor:addWorker:961
TALANK Adding line to sleep at: org/apache/tomcat/util/threads/ThreadPoolExecutor:addWorker:962
TALANK Adding line to sleep at: org/apache/tomcat/util/threads/ThreadPoolExecutor:addWorker:966
TALANK Adding line to sleep at: org/apache/tomcat/util/threads/ThreadPoolExecutor:addWorker:967
TALANK Adding line to sleep at: org/apache/tomcat/util/threads/ThreadPoolExecutor:addWorker:970
TALANK Adding line to sleep at: org/apache/tomcat/util/threads/ThreadPoolExecutor:addWorker:971
TALANK Adding line to sleep at: org/apache/tomcat/util/threads/ThreadPoolExecutor:addWorker:981
TALANK Adding line to sleep at: org/apache/tomcat/util/threads/ThreadPoolExecutor:addWorker:982
TALANK Adding line to sleep at: org/apache/tomcat/util/threads/ThreadPoolExecutor:addWorker:984
TALANK Adding line to sleep at: org/apache/tomcat/util/threads/ThreadPoolExecutor:addWorker:985
TALANK Adding line to sleep at: org/apache/tomcat/util/net/NioEndpoint$Poller:<init>:624
TALANK Adding line to sleep at: org/apache/tomcat/util/net/NioEndpoint$Poller:<init>:625
TALANK Adding line to sleep at: org/apache/tomcat/util/net/NioEndpoint:startInternal:312
TALANK Adding line to sleep at: org/apache/tomcat/util/net/NioEndpoint:startInternal:313
TALANK Adding line to sleep at: org/apache/tomcat/util/net/NioEndpoint:startInternal:314
TALANK Adding line to sleep at: org/apache/tomcat/util/net/NioEndpoint:startInternal:315
TALANK Adding line to sleep at: org/apache/tomcat/util/net/AbstractEndpoint:startAcceptorThread:1311
TALANK Adding line to sleep at: org/apache/tomcat/util/net/AbstractEndpoint:startAcceptorThread:1312
TALANK Adding line to sleep at: org/apache/tomcat/util/net/AbstractEndpoint:startAcceptorThread:1313
TALANK Adding line to sleep at: org/apache/tomcat/util/net/AbstractEndpoint:startAcceptorThread:1314
TALANK Adding line to sleep at: org/apache/coyote/AbstractProtocol:start:615
TALANK Adding line to sleep at: org/apache/coyote/AbstractProtocol:start:616
TALANK Adding line to sleep at: io/prometheus/client/CollectorRegistry:collectors:103
TALANK Adding line to sleep at: io/prometheus/client/CollectorRegistry:collectors:104
TALANK Adding line to sleep at: io/prometheus/client/Histogram$Child:get:464
TALANK Adding line to sleep at: io/prometheus/client/Histogram$Child:get:465
TALANK Adding line to sleep at: org/apache/catalina/util/LifecycleBase:stop:0
TALANK Adding line to sleep at: java/util/concurrent/FutureTask:cancel:180
TALANK Adding line to sleep at: java/util/concurrent/FutureTask:cancel:181
TALANK Adding line to sleep at: org/apache/catalina/core/StandardService:stopInternal:467
TALANK Adding line to sleep at: org/apache/tomcat/util/threads/LimitLatch$Sync:tryReleaseShared:55
TALANK Adding line to sleep at: org/apache/tomcat/util/threads/LimitLatch$Sync:tryReleaseShared:56
TALANK Adding line to sleep at: org/apache/tomcat/util/net/AbstractEndpoint:unlockAccept:1056
TALANK Adding line to sleep at: org/apache/catalina/core/StandardService:stopInternal:487
TALANK Adding line to sleep at: org/apache/catalina/core/StandardService:stopInternal:496
TALANK Adding line to sleep at: org/apache/catalina/core/ContainerBase:stopInternal:0
TALANK Adding line to sleep at: org/apache/catalina/core/StandardPipeline:stopInternal:0
TALANK Adding line to sleep at: org/apache/catalina/valves/ValveBase:stopInternal:0
TALANK Adding line to sleep at: org/apache/catalina/valves/ValveBase:stopInternal:179
TALANK Adding line to sleep at: org/apache/catalina/util/LifecycleBase:stop:275
TALANK Adding line to sleep at: org/apache/catalina/core/StandardPipeline:stopInternal:208
TALANK Adding line to sleep at: org/apache/catalina/core/ContainerBase:stopInternal:986
TALANK Adding line to sleep at: org/apache/catalina/core/ContainerBase$StopChild:call:0
TALANK Adding line to sleep at: org/apache/catalina/mapper/Mapper:removeHost:0
TALANK Adding line to sleep at: org/apache/catalina/mapper/Mapper:removeHost:167
TALANK Adding line to sleep at: org/apache/catalina/core/StandardContext:stopInternal:0
TALANK Adding line to sleep at: org/apache/catalina/core/StandardContext:stopInternal:5432
TALANK Adding line to sleep at: org/apache/catalina/core/StandardContext:stopInternal:5433
TALANK Adding line to sleep at: org/apache/catalina/core/StandardContext:stopInternal:5440
TALANK Adding line to sleep at: org/apache/catalina/core/StandardContext:stopInternal:5441
TALANK Adding line to sleep at: org/apache/catalina/core/StandardContext:stopInternal:5442
TALANK Adding line to sleep at: org/apache/naming/ContextBindings:bindThread:144
TALANK Adding line to sleep at: org/apache/naming/ContextBindings:bindThread:145
TALANK Adding line to sleep at: org/apache/naming/ContextBindings:bindThread:146
TALANK Adding line to sleep at: org/apache/catalina/core/StandardWrapper:stopInternal:0
TALANK Adding line to sleep at: org/apache/catalina/core/StandardWrapper:unload:0
TALANK Adding line to sleep at: org/apache/catalina/core/StandardWrapper:unload:1292
TALANK Adding line to sleep at: org/apache/catalina/core/StandardWrapper:unload:1293
TALANK Adding line to sleep at: org/apache/catalina/core/StandardWrapper:unload:1409
TALANK Adding line to sleep at: org/apache/catalina/core/ContainerBase:stopInternal:1012
TALANK Adding line to sleep at: org/apache/catalina/core/StandardWrapper:stopInternal:1650
TALANK Adding line to sleep at: org/apache/catalina/core/StandardContext:filterStop:4641
TALANK Adding line to sleep at: org/apache/catalina/core/StandardContext:filterStop:4650
TALANK Adding line to sleep at: org/apache/catalina/session/StandardManager:stopInternal:0
TALANK Adding line to sleep at: org/apache/catalina/session/StandardManager:doUnload:307
TALANK Adding line to sleep at: org/apache/catalina/session/StandardManager:doUnload:319
TALANK Adding line to sleep at: org/apache/catalina/session/StandardSession:expire:765
TALANK Adding line to sleep at: org/apache/catalina/session/ManagerBase:remove:768
TALANK Adding line to sleep at: org/apache/catalina/session/ManagerBase:remove:769
TALANK Adding line to sleep at: org/apache/catalina/session/ManagerBase:updateSessionMaxAliveTime:1033
TALANK Adding line to sleep at: org/apache/catalina/session/ManagerBase:updateSessionMaxAliveTime:1037
TALANK Adding line to sleep at: org/apache/catalina/session/ManagerBase:remove:772
TALANK Adding line to sleep at: org/apache/catalina/session/ManagerBase:remove:773
TALANK Adding line to sleep at: org/apache/catalina/session/ManagerBase:remove:774
TALANK Adding line to sleep at: org/apache/catalina/session/ManagerBase:remove:777
TALANK Adding line to sleep at: org/apache/catalina/session/StandardSession:expire:866
TALANK Adding line to sleep at: org/apache/catalina/session/StandardManager:stopInternal:408
TALANK Adding line to sleep at: org/apache/naming/ContextBindings:getClassLoader:260
TALANK Adding line to sleep at: org/apache/naming/ContextBindings:getClassLoader:261
TALANK Adding line to sleep at: org/apache/naming/factory/ResourceLinkFactory:deregisterGlobalResourceAccess:97
TALANK Adding line to sleep at: org/apache/naming/factory/ResourceLinkFactory:deregisterGlobalResourceAccess:98
TALANK Adding line to sleep at: org/apache/catalina/authenticator/AuthenticatorBase:stopInternal:0
TALANK Adding line to sleep at: org/apache/catalina/authenticator/AuthenticatorBase:stopInternal:1367
TALANK Adding line to sleep at: org/apache/catalina/loader/WebappClassLoaderBase:loadClass:1322
TALANK Adding line to sleep at: org/apache/catalina/loader/WebappClassLoaderBase:getThreads:2179
TALANK Adding line to sleep at: org/apache/catalina/loader/WebappClassLoaderBase:getThreads:2180
TALANK Adding line to sleep at: org/apache/catalina/loader/WebappClassLoaderBase:clearReferencesThreads:1763
TALANK Adding line to sleep at: org/apache/catalina/loader/WebappClassLoaderBase:clearReferencesThreads:1764
TALANK Adding line to sleep at: org/apache/catalina/loader/WebappClassLoaderBase:clearReferencesThreads:1766
TALANK Adding line to sleep at: org/apache/catalina/loader/WebappClassLoaderBase:clearReferencesThreads:1767
TALANK Adding line to sleep at: org/apache/catalina/loader/WebappClassLoaderBase:clearReferencesRmiTargets:2239
TALANK Adding line to sleep at: org/apache/catalina/loader/WebappClassLoaderBase:clearReferencesRmiTargets:2274
TALANK Adding line to sleep at: org/apache/catalina/core/StandardContext:resourcesStop:4909
TALANK Adding line to sleep at: org/apache/catalina/core/StandardContext:resourcesStop:4910
TALANK Adding line to sleep at: org/apache/catalina/util/LifecycleBase:destroy:0
TALANK Adding line to sleep at: org/apache/catalina/util/LifecycleBase:destroy:326
TALANK Adding line to sleep at: org/apache/catalina/webresources/Cache:clear:339
TALANK Adding line to sleep at: org/apache/catalina/webresources/Cache:clear:340
TALANK Adding line to sleep at: org/apache/catalina/core/StandardContext:resourcesStop:4919
TALANK Adding line to sleep at: org/apache/catalina/core/StandardContext:resourcesStop:4920
TALANK Adding line to sleep at: org/apache/catalina/core/StandardContext:stopInternal:5535
TALANK Adding line to sleep at: org/apache/catalina/core/StandardContext:stopInternal:5536
TALANK Adding line to sleep at: org/apache/catalina/core/ContainerBase:removeChild:837
TALANK Adding line to sleep at: org/apache/catalina/core/ContainerBase:removeChild:842
TALANK Adding line to sleep at: org/apache/catalina/core/ContainerBase:destroyInternal:1043
TALANK Adding line to sleep at: org/apache/tomcat/util/threads/InlineExecutorService:shutdown:35
TALANK Adding line to sleep at: org/apache/tomcat/util/threads/InlineExecutorService:shutdown:37
TALANK Adding line to sleep at: org/apache/catalina/core/ContainerBase:destroyInternal:1044
TALANK Adding line to sleep at: org/apache/catalina/core/ContainerBase:removeChild:839
TALANK Adding line to sleep at: org/apache/catalina/core/StandardContext:stopInternal:5556
TALANK Adding line to sleep at: org/apache/catalina/core/ContainerBase:stopInternal:987
TALANK Adding line to sleep at: org/apache/catalina/core/ContainerBase:stopInternal:992
TALANK Adding line to sleep at: org/apache/catalina/core/ContainerBase:stopInternal:993
TALANK Adding line to sleep at: org/apache/catalina/core/StandardService:stopInternal:498
TALANK Adding line to sleep at: org/apache/catalina/core/StandardService:stopInternal:502
TALANK Adding line to sleep at: org/apache/tomcat/util/net/Acceptor:stop:208
TALANK Adding line to sleep at: org/apache/tomcat/util/net/Acceptor:stop:209
TALANK Adding line to sleep at: org/apache/tomcat/util/net/NioEndpoint$Poller:destroy:639
TALANK Adding line to sleep at: org/apache/tomcat/util/net/NioEndpoint$Poller:destroy:640
TALANK Adding line to sleep at: org/apache/tomcat/util/net/NioEndpoint:stopInternal:337
TALANK Adding line to sleep at: org/apache/tomcat/util/net/NioEndpoint:stopInternal:338
TALANK Adding line to sleep at: org/apache/tomcat/util/threads/ThreadPoolExecutor:shutdownNow:1532
TALANK Adding line to sleep at: org/apache/tomcat/util/threads/ThreadPoolExecutor:shutdownNow:1533
TALANK Adding line to sleep at: org/apache/tomcat/util/threads/ThreadPoolExecutor:advanceRunState:718
TALANK Adding line to sleep at: org/apache/tomcat/util/threads/ThreadPoolExecutor:advanceRunState:719
TALANK Adding line to sleep at: org/apache/tomcat/util/threads/ThreadPoolExecutor:advanceRunState:720
TALANK Adding line to sleep at: org/apache/tomcat/util/threads/ThreadPoolExecutor:advanceRunState:721
TALANK Adding line to sleep at: org/apache/tomcat/util/threads/ThreadPoolExecutor$Worker:interruptIfStarted:695
TALANK Adding line to sleep at: org/apache/tomcat/util/threads/ThreadPoolExecutor$Worker:interruptIfStarted:696
TALANK Adding line to sleep at: org/apache/tomcat/util/threads/ThreadPoolExecutor$Worker:interruptIfStarted:697
TALANK Adding line to sleep at: org/apache/tomcat/util/threads/ThreadPoolExecutor$Worker:interruptIfStarted:698
TALANK Adding line to sleep at: org/apache/tomcat/util/threads/ThreadPoolExecutor:drainQueue:884
TALANK Adding line to sleep at: org/apache/tomcat/util/threads/ThreadPoolExecutor:drainQueue:885
TALANK Adding line to sleep at: org/apache/tomcat/util/threads/ThreadPoolExecutor:shutdownNow:1539
TALANK Adding line to sleep at: org/apache/tomcat/util/threads/ThreadPoolExecutor:shutdownNow:1540
TALANK Adding line to sleep at: org/apache/tomcat/util/threads/ThreadPoolExecutor:tryTerminate:738
TALANK Adding line to sleep at: org/apache/tomcat/util/threads/ThreadPoolExecutor:tryTerminate:739
TALANK Adding line to sleep at: org/apache/tomcat/util/threads/ThreadPoolExecutor:interruptIdleWorkers:823
TALANK Adding line to sleep at: org/apache/tomcat/util/threads/ThreadPoolExecutor:interruptIdleWorkers:824
TALANK Adding line to sleep at: org/apache/tomcat/util/threads/ThreadPoolExecutor:interruptIdleWorkers:827
TALANK Adding line to sleep at: org/apache/tomcat/util/threads/ThreadPoolExecutor:interruptIdleWorkers:828
TALANK Adding line to sleep at: org/apache/tomcat/util/threads/ThreadPoolExecutor$Worker:tryAcquire:675
TALANK Adding line to sleep at: org/apache/tomcat/util/threads/ThreadPoolExecutor$Worker:tryAcquire:676
TALANK Adding line to sleep at: org/apache/tomcat/util/threads/ThreadPoolExecutor:interruptIdleWorkers:829
TALANK Adding line to sleep at: org/apache/tomcat/util/threads/ThreadPoolExecutor:interruptIdleWorkers:830
TALANK Adding line to sleep at: org/apache/tomcat/util/threads/ThreadPoolExecutor:interruptIdleWorkers:840
TALANK Adding line to sleep at: org/apache/tomcat/util/threads/ThreadPoolExecutor:interruptIdleWorkers:841
TALANK Adding line to sleep at: org/apache/tomcat/util/threads/ThreadPoolExecutor:awaitTermination:1581
TALANK Adding line to sleep at: org/apache/tomcat/util/threads/ThreadPoolExecutor:awaitTermination:1582
TALANK Adding line to sleep at: org/apache/tomcat/util/threads/ThreadPoolExecutor:awaitTermination:1583
TALANK Adding line to sleep at: org/apache/tomcat/util/threads/ThreadPoolExecutor:awaitTermination:1584
TALANK Adding line to sleep at: org/apache/tomcat/util/threads/ThreadPoolExecutor:awaitTermination:1591
TALANK Adding line to sleep at: org/apache/tomcat/util/threads/ThreadPoolExecutor:awaitTermination:1592
TALANK Adding line to sleep at: org/apache/tomcat/util/threads/ThreadPoolExecutor:isTerminating:1567
TALANK Adding line to sleep at: org/apache/tomcat/util/threads/ThreadPoolExecutor:isTerminating:1568
TALANK Adding line to sleep at: org/apache/tomcat/util/collections/SynchronizedStack:clear:0
TALANK Adding line to sleep at: org/apache/tomcat/util/collections/SynchronizedStack:clear:90
TALANK Adding line to sleep at: org/apache/tomcat/util/collections/SynchronizedStack:pop:0
TALANK Adding line to sleep at: org/apache/tomcat/util/collections/SynchronizedStack:pop:76
TALANK Adding line to sleep at: org/apache/catalina/core/StandardService:stopInternal:513
TALANK Adding line to sleep at: org/apache/catalina/core/StandardService:stopInternal:521
TALANK Adding line to sleep at: org/apache/catalina/core/StandardService:stopInternal:525
TALANK Adding line to sleep at: org/apache/catalina/core/StandardService:destroyInternal:567
TALANK Adding line to sleep at: org/apache/coyote/AbstractProtocol$RecycledProcessors:clear:0
TALANK Adding line to sleep at: org/apache/tomcat/util/collections/SynchronizedStack:pop:80
TALANK Adding line to sleep at: org/apache/coyote/AbstractProtocol$RecycledProcessors:pop:1233
TALANK Adding line to sleep at: org/apache/coyote/AbstractProtocol$RecycledProcessors:pop:1234
TALANK Adding line to sleep at: org/apache/coyote/AbstractProtocol$ConnectionHandler:unregister:1157
TALANK Adding line to sleep at: org/apache/coyote/RequestGroupInfo:removeRequestProcessor:0
TALANK Adding line to sleep at: org/apache/coyote/RequestGroupInfo:removeRequestProcessor:54
TALANK Adding line to sleep at: org/apache/coyote/AbstractProtocol$ConnectionHandler:unregister:1176
TALANK Adding line to sleep at: org/apache/coyote/AbstractProtocol$RecycledProcessors:clear:1246
TALANK Adding line to sleep at: org/apache/coyote/AbstractProtocol$RecycledProcessors:clear:1247
TALANK Adding line to sleep at: org/apache/catalina/core/StandardService:removeConnector:284
TALANK Adding line to sleep at: org/apache/catalina/core/StandardService:removeConnector:316
TALANK Adding line to sleep at: org/apache/catalina/core/StandardService:destroyInternal:571
TALANK Adding line to sleep at: org/apache/catalina/core/StandardContext:destroyInternal:5577
TALANK Adding line to sleep at: org/apache/catalina/core/StandardContext:destroyInternal:5578
TALANK Adding line to sleep at: org/apache/catalina/core/StandardServer:destroyInternal:1060
TALANK Adding line to sleep at: org/apache/catalina/core/StandardServer:destroyInternal:1061
TALANK Adding line to sleep at: org/apache/catalina/session/StandardManager:doLoad:208
TALANK Adding line to sleep at: org/apache/catalina/util/CustomObjectInputStream:<init>:111
TALANK Adding line to sleep at: org/apache/catalina/util/CustomObjectInputStream:<init>:113
TALANK Adding line to sleep at: org/apache/catalina/util/CustomObjectInputStream:<init>:117
TALANK Adding line to sleep at: org/apache/catalina/util/CustomObjectInputStream:<init>:119
TALANK Adding line to sleep at: org/apache/catalina/session/StandardManager:doLoad:239
TALANK Adding line to sleep at: org/apache/tomcat/util/threads/ThreadPoolExecutor:awaitTermination:1587
TALANK Adding line to sleep at: org/apache/tomcat/util/threads/ThreadPoolExecutor:awaitTermination:1588
TALANK Adding line to sleep at: org/apache/tomcat/util/net/AbstractEndpoint:unlockAccept:1057
TALANK Adding line to sleep at: org/apache/tomcat/util/threads/ThreadPoolExecutor:tryTerminate:750
TALANK Adding line to sleep at: org/apache/tomcat/util/threads/ThreadPoolExecutor:tryTerminate:751
TALANK Adding line to sleep at: org/apache/tomcat/util/threads/ThreadPoolExecutor:tryTerminate:752
TALANK Adding line to sleep at: org/apache/tomcat/util/threads/ThreadPoolExecutor:tryTerminate:753
TALANK Adding line to sleep at: org/apache/tomcat/util/threads/ThreadPoolExecutor:tryTerminate:756
TALANK Adding line to sleep at: org/apache/tomcat/util/threads/ThreadPoolExecutor:tryTerminate:757
TALANK Adding line to sleep at: org/apache/tomcat/util/threads/ThreadPoolExecutor:tryTerminate:758
TALANK Adding line to sleep at: org/apache/tomcat/util/threads/ThreadPoolExecutor:tryTerminate:762
TALANK Adding line to sleep at: org/apache/tomcat/util/threads/ThreadPoolExecutor:tryTerminate:763
********TALANK requesting to junitcore ******: org.junit.internal.requests.FilterRequest@30dae81
May 14, 2025 9:25:18 PM org.apache.catalina.core.StandardService startInternal
INFO: Starting service [Tomcat]
May 14, 2025 9:25:18 PM org.apache.catalina.core.StandardEngine startInternal
INFO: Starting Servlet engine: [Apache Tomcat/9.0.58]
May 14, 2025 9:25:19 PM org.apache.coyote.AbstractProtocol init
INFO: Initializing ProtocolHandler ["http-nio-auto-1"]
May 14, 2025 9:25:19 PM org.apache.coyote.AbstractProtocol start
INFO: Starting ProtocolHandler ["http-nio-auto-1-37825"]
May 14, 2025 9:29:45 PM org.apache.coyote.AbstractProtocol pause
INFO: Pausing ProtocolHandler ["http-nio-auto-1-37825"]
May 14, 2025 9:30:50 PM org.apache.catalina.core.StandardService stopInternal
INFO: Stopping service [Tomcat]
May 14, 2025 10:03:37 PM org.apache.coyote.AbstractProtocol stop
INFO: Stopping ProtocolHandler ["http-nio-auto-1-37825"]
May 14, 2025 10:11:35 PM org.apache.coyote.AbstractProtocol destroy
INFO: Destroying ProtocolHandler ["http-nio-auto-1-37825"]
TALANKINFO:FromJava:OK

INFO:root:====END Java Log====
INFO:root:Kill all Java processes
INFO:root:Impossible to make stable failure so skipping <main>
INFO:root:Could not fail nl.nlighten.prometheus.tomcat.TomcatServletMetricsFilterTest#testServletRequestMetrics sleeping thread <main>
INFO:root:After working thread <main>, with 1236.0 minutes left to analyze nl.nlighten.prometheus.tomcat.TomcatServletMetricsFilterTest#testServletRequestMetrics
INFO:root:[('NoFail', 'NoFail', '<-1283386995,1>', '0.0'), ('NoFail', 'NoFail', '<-952858859,1>', '0.0'), ('NoFail', 'NoFail', '<1207327402,1>', '0.0'), ('NoFail', 'NoFail', '<1322705357,1>', '0.0'), ('NoFail', 'NoFail', '<1590468110,1>', '41.0'), ('NoFail', 'NoFail', '<1721539164,0>', '0.0'), ('NoFail', 'NoFail', '<1721539164,1>', '0.0'), ('NoFail', 'NoFail', '<1721539164,2>', '0.0'), ('NoFail', 'NoFail', '<1721539164,3>', '1.0'), ('NoFail', 'NoFail', '<1721539164,4>', '1.0'), ('NoFail', 'NoFail', '<2017791866,1>', '0.0'), ('NoFail', 'NoFail', '<main>', '155.0')]
INFO:root:FlakeRake in total took 205.0 minutes.
INFO:root:FlakeRakeEnd=1747275407.3391767
INFO:root:Ending Script
