INFO:root:Beginning Script
INFO:root:On host 'amd077.orc.gmu.edu'
INFO:root:Using options Namespace(testMethodsFile='/scratch/tbaral/ase26/nod-rr/NOD-Test-Repair/run_flakerake/projects/679/x.csv', reproduceFailureFile='', runs='5', debug='', logging='info', no_sleep=False, minimalizing_method='bisection', sleep_time_ms=10000)
INFO:root:FlakeRakeStartTime=1750884251.8486638
INFO:root:(git rev-parse HEAD)=129c937fb33328e1f4ee8815a94e89676f242c2c

INFO:root:Using Sleepylines minimalizing method bisection
INFO:root:Installing project with mvn opts='-DskipTests -q -B -fn -s $FLAKY_HOME/shell_scripts/maven-repo-fix-settings.xml -DskipITs'
INFO:root:Thread Sleeping analysis on com.squareup.okhttp.internal.http.URLConnectionTest#fixedLengthUpload_smallBuffers
INFO:root:Apache Maven 3.6.3 (cecedd343002696d0abb50b32b541b8a6ba2883f)
Maven home: /scratch/tbaral/ase26/otog/setups/maven
Java version: 1.8.0_102, vendor: Oracle Corporation, runtime: /scratch/tbaral/ase26/otog/setups/jdk1.8.0_102/jre
Default locale: en_US, platform encoding: UTF-8
OS name: "linux", version: "4.18.0-553.33.1.el8_10.x86_64", arch: "amd64", family: "unix"
[DEBUG] Created new class realm maven.api
[DEBUG] Importing foreign packages into class realm maven.api
[DEBUG]   Imported: javax.annotation.* < plexus.core
[DEBUG]   Imported: javax.annotation.security.* < plexus.core
[DEBUG]   Imported: javax.enterprise.inject.* < plexus.core
[DEBUG]   Imported: javax.enterprise.util.* < plexus.core
[DEBUG]   Imported: javax.inject.* < plexus.core
[DEBUG]   Imported: org.apache.maven.* < plexus.core
[DEBUG]   Imported: org.apache.maven.artifact < plexus.core
[DEBUG]   Imported: org.apache.maven.classrealm < plexus.core
[DEBUG]   Imported: org.apache.maven.cli < plexus.core
[DEBUG]   Imported: org.apache.maven.configuration < plexus.core
[DEBUG]   Imported: org.apache.maven.exception < plexus.core
[DEBUG]   Imported: org.apache.maven.execution < plexus.core
[DEBUG]   Imported: org.apache.maven.execution.scope < plexus.core
[DEBUG]   Imported: org.apache.maven.lifecycle < plexus.core
[DEBUG]   Imported: org.apache.maven.model < plexus.core
[DEBUG]   Imported: org.apache.maven.monitor < plexus.core
[DEBUG]   Imported: org.apache.maven.plugin < plexus.core
[DEBUG]   Imported: org.apache.maven.profiles < plexus.core
[DEBUG]   Imported: org.apache.maven.project < plexus.core
[DEBUG]   Imported: org.apache.maven.reporting < plexus.core
[DEBUG]   Imported: org.apache.maven.repository < plexus.core
[DEBUG]   Imported: org.apache.maven.rtinfo < plexus.core
[DEBUG]   Imported: org.apache.maven.settings < plexus.core
[DEBUG]   Imported: org.apache.maven.toolchain < plexus.core
[DEBUG]   Imported: org.apache.maven.usability < plexus.core
[DEBUG]   Imported: org.apache.maven.wagon.* < plexus.core
[DEBUG]   Imported: org.apache.maven.wagon.authentication < plexus.core
[DEBUG]   Imported: org.apache.maven.wagon.authorization < plexus.core
[DEBUG]   Imported: org.apache.maven.wagon.events < plexus.core
[DEBUG]   Imported: org.apache.maven.wagon.observers < plexus.core
[DEBUG]   Imported: org.apache.maven.wagon.proxy < plexus.core
[DEBUG]   Imported: org.apache.maven.wagon.repository < plexus.core
[DEBUG]   Imported: org.apache.maven.wagon.resource < plexus.core
[DEBUG]   Imported: org.codehaus.classworlds < plexus.core
[DEBUG]   Imported: org.codehaus.plexus.* < plexus.core
[DEBUG]   Imported: org.codehaus.plexus.classworlds < plexus.core
[DEBUG]   Imported: org.codehaus.plexus.component < plexus.core
[DEBUG]   Imported: org.codehaus.plexus.configuration < plexus.core
[DEBUG]   Imported: org.codehaus.plexus.container < plexus.core
[DEBUG]   Imported: org.codehaus.plexus.context < plexus.core
[DEBUG]   Imported: org.codehaus.plexus.lifecycle < plexus.core
[DEBUG]   Imported: org.codehaus.plexus.logging < plexus.core
[DEBUG]   Imported: org.codehaus.plexus.personality < plexus.core
[DEBUG]   Imported: org.codehaus.plexus.util.xml.Xpp3Dom < plexus.core
[DEBUG]   Imported: org.codehaus.plexus.util.xml.pull.XmlPullParser < plexus.core
[DEBUG]   Imported: org.codehaus.plexus.util.xml.pull.XmlPullParserException < plexus.core
[DEBUG]   Imported: org.codehaus.plexus.util.xml.pull.XmlSerializer < plexus.core
[DEBUG]   Imported: org.eclipse.aether.* < plexus.core
[DEBUG]   Imported: org.eclipse.aether.artifact < plexus.core
[DEBUG]   Imported: org.eclipse.aether.collection < plexus.core
[DEBUG]   Imported: org.eclipse.aether.deployment < plexus.core
[DEBUG]   Imported: org.eclipse.aether.graph < plexus.core
[DEBUG]   Imported: org.eclipse.aether.impl < plexus.core
[DEBUG]   Imported: org.eclipse.aether.installation < plexus.core
[DEBUG]   Imported: org.eclipse.aether.internal.impl < plexus.core
[DEBUG]   Imported: org.eclipse.aether.metadata < plexus.core
[DEBUG]   Imported: org.eclipse.aether.repository < plexus.core
[DEBUG]   Imported: org.eclipse.aether.resolution < plexus.core
[DEBUG]   Imported: org.eclipse.aether.spi < plexus.core
[DEBUG]   Imported: org.eclipse.aether.transfer < plexus.core
[DEBUG]   Imported: org.eclipse.aether.version < plexus.core
[DEBUG]   Imported: org.fusesource.jansi.* < plexus.core
[DEBUG]   Imported: org.slf4j.* < plexus.core
[DEBUG]   Imported: org.slf4j.event.* < plexus.core
[DEBUG]   Imported: org.slf4j.helpers.* < plexus.core
[DEBUG]   Imported: org.slf4j.spi.* < plexus.core
[DEBUG] Populating class realm maven.api
[INFO] Error stacktraces are turned on.
[DEBUG] Message scheme: plain
[DEBUG] Reading global settings from /scratch/tbaral/ase26/otog/setups/maven/conf/settings.xml
[DEBUG] Reading user settings from /scratch/tbaral/ase26/nod-rr/NOD-Test-Repair/flakerake/shell_scripts/maven-repo-fix-settings.xml
[DEBUG] Reading global toolchains from /scratch/tbaral/ase26/otog/setups/maven/conf/toolchains.xml
[DEBUG] Reading user toolchains from /home/tbaral/.m2/toolchains.xml
[DEBUG] Using local repository at /home/tbaral/.m2/repository
[DEBUG] Using manager EnhancedLocalRepositoryManager with priority 10.0 for /home/tbaral/.m2/repository
[INFO] Scanning for projects...
[DEBUG] Extension realms for project com.squareup.okhttp:okhttp-tests:jar:2.0.0-SNAPSHOT: (none)
[DEBUG] Looking up lifecycle mappings for packaging jar from ClassRealm[plexus.core, parent: null]
[DEBUG] Extension realms for project com.squareup.okhttp:parent:pom:2.0.0-SNAPSHOT: (none)
[DEBUG] Looking up lifecycle mappings for packaging pom from ClassRealm[plexus.core, parent: null]
[DEBUG] Extension realms for project org.sonatype.oss:oss-parent:pom:7: (none)
[DEBUG] Looking up lifecycle mappings for packaging pom from ClassRealm[plexus.core, parent: null]
[DEBUG] === REACTOR BUILD PLAN ================================================
[DEBUG] Project: com.squareup.okhttp:okhttp-tests:jar:2.0.0-SNAPSHOT
[DEBUG] Tasks:   [test]
[DEBUG] Style:   Regular
[DEBUG] =======================================================================
[INFO] 
[INFO] ------------------< com.squareup.okhttp:okhttp-tests >------------------
[INFO] Building OkHttp Tests 2.0.0-SNAPSHOT
[INFO] --------------------------------[ jar ]---------------------------------
[DEBUG] Lifecycle default -> [validate, initialize, generate-sources, process-sources, generate-resources, process-resources, compile, process-classes, generate-test-sources, process-test-sources, generate-test-resources, process-test-resources, test-compile, process-test-classes, test, prepare-package, package, pre-integration-test, integration-test, post-integration-test, verify, install, deploy]
[DEBUG] Lifecycle clean -> [pre-clean, clean, post-clean]
[DEBUG] Lifecycle site -> [pre-site, site, post-site, site-deploy]
[DEBUG] Lifecycle default -> [validate, initialize, generate-sources, process-sources, generate-resources, process-resources, compile, process-classes, generate-test-sources, process-test-sources, generate-test-resources, process-test-resources, test-compile, process-test-classes, test, prepare-package, package, pre-integration-test, integration-test, post-integration-test, verify, install, deploy]
[DEBUG] Lifecycle clean -> [pre-clean, clean, post-clean]
[DEBUG] Lifecycle site -> [pre-site, site, post-site, site-deploy]
[DEBUG] Lifecycle default -> [validate, initialize, generate-sources, process-sources, generate-resources, process-resources, compile, process-classes, generate-test-sources, process-test-sources, generate-test-resources, process-test-resources, test-compile, process-test-classes, test, prepare-package, package, pre-integration-test, integration-test, post-integration-test, verify, install, deploy]
[DEBUG] Lifecycle clean -> [pre-clean, clean, post-clean]
[DEBUG] Lifecycle site -> [pre-site, site, post-site, site-deploy]
[DEBUG] Lifecycle default -> [validate, initialize, generate-sources, process-sources, generate-resources, process-resources, compile, process-classes, generate-test-sources, process-test-sources, generate-test-resources, process-test-resources, test-compile, process-test-classes, test, prepare-package, package, pre-integration-test, integration-test, post-integration-test, verify, install, deploy]
[DEBUG] Lifecycle clean -> [pre-clean, clean, post-clean]
[DEBUG] Lifecycle site -> [pre-site, site, post-site, site-deploy]
[DEBUG] Lifecycle default -> [validate, initialize, generate-sources, process-sources, generate-resources, process-resources, compile, process-classes, generate-test-sources, process-test-sources, generate-test-resources, process-test-resources, test-compile, process-test-classes, test, prepare-package, package, pre-integration-test, integration-test, post-integration-test, verify, install, deploy]
[DEBUG] Lifecycle clean -> [pre-clean, clean, post-clean]
[DEBUG] Lifecycle site -> [pre-site, site, post-site, site-deploy]
[DEBUG] Lifecycle default -> [validate, initialize, generate-sources, process-sources, generate-resources, process-resources, compile, process-classes, generate-test-sources, process-test-sources, generate-test-resources, process-test-resources, test-compile, process-test-classes, test, prepare-package, package, pre-integration-test, integration-test, post-integration-test, verify, install, deploy]
[DEBUG] Lifecycle clean -> [pre-clean, clean, post-clean]
[DEBUG] Lifecycle site -> [pre-site, site, post-site, site-deploy]
[DEBUG] Lifecycle default -> [validate, initialize, generate-sources, process-sources, generate-resources, process-resources, compile, process-classes, generate-test-sources, process-test-sources, generate-test-resources, process-test-resources, test-compile, process-test-classes, test, prepare-package, package, pre-integration-test, integration-test, post-integration-test, verify, install, deploy]
[DEBUG] Lifecycle clean -> [pre-clean, clean, post-clean]
[DEBUG] Lifecycle site -> [pre-site, site, post-site, site-deploy]
[DEBUG] === PROJECT BUILD PLAN ================================================
[DEBUG] Project:       com.squareup.okhttp:okhttp-tests:2.0.0-SNAPSHOT
[DEBUG] Dependencies (collect): []
[DEBUG] Dependencies (resolve): [compile, test]
[DEBUG] Repositories (dependencies): [sonatype-nexus-snapshots (https://oss.sonatype.org/content/repositories/snapshots, default, snapshots), central (https://repo.maven.apache.org/maven2, default, releases)]
[DEBUG] Repositories (plugins)     : [central (https://repo.maven.apache.org/maven2, default, releases)]
[DEBUG] -----------------------------------------------------------------------
[DEBUG] Goal:          org.apache.maven.plugins:maven-enforcer-plugin:1.0:enforce (enforce-maven)
[DEBUG] Style:         Regular
[DEBUG] Configuration: <?xml version="1.0" encoding="UTF-8"?>
<configuration>
  <fail default-value="true">${enforcer.fail}</fail>
  <failFast default-value="false">${enforcer.failFast}</failFast>
  <ignoreCache default-value="false">${enforcer.ignoreCache}</ignoreCache>
  <project>${project}</project>
  <rules>
    <requireMavenVersion>
      <version>(,2.1.0),(2.1.0,2.2.0),(2.2.0,)</version>
      <message>Maven 2.1.0 and 2.2.0 produce incorrect GPG signatures and checksums respectively.</message>
    </requireMavenVersion>
  </rules>
  <session>${session}</session>
  <skip default-value="false">${enforcer.skip}</skip>
</configuration>
[DEBUG] -----------------------------------------------------------------------
[DEBUG] Goal:          org.apache.maven.plugins:maven-resources-plugin:2.6:resources (default-resources)
[DEBUG] Style:         Regular
[DEBUG] Configuration: <?xml version="1.0" encoding="UTF-8"?>
<configuration>
  <buildFilters default-value="${project.build.filters}"/>
  <encoding default-value="${project.build.sourceEncoding}">${encoding}</encoding>
  <escapeString>${maven.resources.escapeString}</escapeString>
  <escapeWindowsPaths default-value="true">${maven.resources.escapeWindowsPaths}</escapeWindowsPaths>
  <includeEmptyDirs default-value="false">${maven.resources.includeEmptyDirs}</includeEmptyDirs>
  <outputDirectory default-value="${project.build.outputDirectory}"/>
  <overwrite default-value="false">${maven.resources.overwrite}</overwrite>
  <project default-value="${project}"/>
  <resources default-value="${project.resources}"/>
  <session default-value="${session}"/>
  <supportMultiLineFiltering default-value="false">${maven.resources.supportMultiLineFiltering}</supportMultiLineFiltering>
  <useBuildFilters default-value="true"/>
  <useDefaultDelimiters default-value="true"/>
</configuration>
[DEBUG] -----------------------------------------------------------------------
[DEBUG] Goal:          org.apache.maven.plugins:maven-compiler-plugin:3.0:compile (default-compile)
[DEBUG] Style:         Regular
[DEBUG] Configuration: <?xml version="1.0" encoding="UTF-8"?>
<configuration>
  <basedir default-value="${basedir}"/>
  <buildDirectory default-value="${project.build.directory}"/>
  <classpathElements default-value="${project.compileClasspathElements}"/>
  <compileSourceRoots default-value="${project.compileSourceRoots}"/>
  <compilerId default-value="javac">${maven.compiler.compilerId}</compilerId>
  <compilerReuseStrategy default-value="${reuseCreated}">${maven.compiler.compilerReuseStrategy}</compilerReuseStrategy>
  <compilerVersion>${maven.compiler.compilerVersion}</compilerVersion>
  <debug default-value="true">${maven.compiler.debug}</debug>
  <debuglevel>${maven.compiler.debuglevel}</debuglevel>
  <encoding default-value="${project.build.sourceEncoding}">${encoding}</encoding>
  <executable>${maven.compiler.executable}</executable>
  <failOnError default-value="true">${maven.compiler.failOnError}</failOnError>
  <forceJavacCompilerUse default-value="false">${maven.compiler.forceJavacCompilerUse}</forceJavacCompilerUse>
  <fork default-value="false">${maven.compiler.fork}</fork>
  <generatedSourcesDirectory default-value="${project.build.directory}/generated-sources/annotations"/>
  <maxmem>${maven.compiler.maxmem}</maxmem>
  <meminitial>${maven.compiler.meminitial}</meminitial>
  <mojoExecution>${mojoExecution}</mojoExecution>
  <optimize default-value="false">${maven.compiler.optimize}</optimize>
  <outputDirectory default-value="${project.build.outputDirectory}"/>
  <projectArtifact default-value="${project.artifact}"/>
  <showDeprecation default-value="false">${maven.compiler.showDeprecation}</showDeprecation>
  <showWarnings default-value="false">${maven.compiler.showWarnings}</showWarnings>
  <skipMultiThreadWarning default-value="false">${maven.compiler.skipMultiThreadWarning}</skipMultiThreadWarning>
  <source default-value="1.5">1.6</source>
  <staleMillis default-value="0">${lastModGranularityMs}</staleMillis>
  <target default-value="1.5">1.6</target>
  <verbose default-value="false">${maven.compiler.verbose}</verbose>
  <mavenSession default-value="${session}"/>
  <session default-value="${session}"/>
</configuration>
[DEBUG] -----------------------------------------------------------------------
[DEBUG] Goal:          org.apache.maven.plugins:maven-resources-plugin:2.6:testResources (default-testResources)
[DEBUG] Style:         Regular
[DEBUG] Configuration: <?xml version="1.0" encoding="UTF-8"?>
<configuration>
  <buildFilters default-value="${project.build.filters}"/>
  <encoding default-value="${project.build.sourceEncoding}">${encoding}</encoding>
  <escapeString>${maven.resources.escapeString}</escapeString>
  <escapeWindowsPaths default-value="true">${maven.resources.escapeWindowsPaths}</escapeWindowsPaths>
  <includeEmptyDirs default-value="false">${maven.resources.includeEmptyDirs}</includeEmptyDirs>
  <outputDirectory default-value="${project.build.testOutputDirectory}"/>
  <overwrite default-value="false">${maven.resources.overwrite}</overwrite>
  <project default-value="${project}"/>
  <resources default-value="${project.testResources}"/>
  <session default-value="${session}"/>
  <skip>${maven.test.skip}</skip>
  <supportMultiLineFiltering default-value="false">${maven.resources.supportMultiLineFiltering}</supportMultiLineFiltering>
  <useBuildFilters default-value="true"/>
  <useDefaultDelimiters default-value="true"/>
</configuration>
[DEBUG] -----------------------------------------------------------------------
[DEBUG] Goal:          org.apache.maven.plugins:maven-compiler-plugin:3.0:testCompile (default-testCompile)
[DEBUG] Style:         Regular
[DEBUG] Configuration: <?xml version="1.0" encoding="UTF-8"?>
<configuration>
  <basedir default-value="${basedir}"/>
  <buildDirectory default-value="${project.build.directory}"/>
  <classpathElements default-value="${project.testClasspathElements}"/>
  <compileSourceRoots default-value="${project.testCompileSourceRoots}"/>
  <compilerId default-value="javac">${maven.compiler.compilerId}</compilerId>
  <compilerReuseStrategy default-value="${reuseCreated}">${maven.compiler.compilerReuseStrategy}</compilerReuseStrategy>
  <compilerVersion>${maven.compiler.compilerVersion}</compilerVersion>
  <debug default-value="true">${maven.compiler.debug}</debug>
  <debuglevel>${maven.compiler.debuglevel}</debuglevel>
  <encoding default-value="${project.build.sourceEncoding}">${encoding}</encoding>
  <executable>${maven.compiler.executable}</executable>
  <failOnError default-value="true">${maven.compiler.failOnError}</failOnError>
  <forceJavacCompilerUse default-value="false">${maven.compiler.forceJavacCompilerUse}</forceJavacCompilerUse>
  <fork default-value="false">${maven.compiler.fork}</fork>
  <generatedTestSourcesDirectory default-value="${project.build.directory}/generated-test-sources/test-annotations"/>
  <maxmem>${maven.compiler.maxmem}</maxmem>
  <meminitial>${maven.compiler.meminitial}</meminitial>
  <mojoExecution>${mojoExecution}</mojoExecution>
  <optimize default-value="false">${maven.compiler.optimize}</optimize>
  <outputDirectory default-value="${project.build.testOutputDirectory}"/>
  <showDeprecation default-value="false">${maven.compiler.showDeprecation}</showDeprecation>
  <showWarnings default-value="false">${maven.compiler.showWarnings}</showWarnings>
  <skip>${maven.test.skip}</skip>
  <skipMultiThreadWarning default-value="false">${maven.compiler.skipMultiThreadWarning}</skipMultiThreadWarning>
  <source default-value="1.5">1.6</source>
  <staleMillis default-value="0">${lastModGranularityMs}</staleMillis>
  <target default-value="1.5">1.6</target>
  <testSource>${maven.compiler.testSource}</testSource>
  <testTarget>${maven.compiler.testTarget}</testTarget>
  <verbose default-value="false">${maven.compiler.verbose}</verbose>
  <mavenSession default-value="${session}"/>
  <session default-value="${session}"/>
</configuration>
[DEBUG] -----------------------------------------------------------------------
[DEBUG] Goal:          org.apache.maven.plugins:maven-surefire-plugin:2.16:test (default-test)
[DEBUG] Style:         Regular
[DEBUG] Configuration: <?xml version="1.0" encoding="UTF-8"?>
<configuration>
  <additionalClasspathElements>${maven.test.additionalClasspath}</additionalClasspathElements>
  <argLine>-Xbootclasspath/p:${settings.localRepository}/org/mortbay/jetty/npn/npn-boot/8.1.2.v20120308/npn-boot-8.1.2.v20120308.jar</argLine>
  <basedir default-value="${basedir}"/>
  <childDelegation default-value="false">${childDelegation}</childDelegation>
  <classesDirectory default-value="${project.build.outputDirectory}"/>
  <classpathDependencyExcludes>${maven.test.dependency.excludes}</classpathDependencyExcludes>
  <debugForkedProcess>${maven.surefire.debug}</debugForkedProcess>
  <dependenciesToScan>${dependenciesToScan}</dependenciesToScan>
  <disableXmlReport default-value="false">${disableXmlReport}</disableXmlReport>
  <enableAssertions default-value="true">${enableAssertions}</enableAssertions>
  <excludedGroups>${excludedGroups}</excludedGroups>
  <failIfNoSpecifiedTests>${surefire.failIfNoSpecifiedTests}</failIfNoSpecifiedTests>
  <failIfNoTests>${failIfNoTests}</failIfNoTests>
  <forkCount default-value="1">${forkCount}</forkCount>
  <forkMode default-value="once">${forkMode}</forkMode>
  <forkedProcessTimeoutInSeconds>${surefire.timeout}</forkedProcessTimeoutInSeconds>
  <groups>${groups}</groups>
  <junitArtifactName default-value="junit:junit">${junitArtifactName}</junitArtifactName>
  <jvm>${jvm}</jvm>
  <localRepository default-value="${localRepository}"/>
  <objectFactory>${objectFactory}</objectFactory>
  <parallel>${parallel}</parallel>
  <parallelMavenExecution default-value="${session.parallel}"/>
  <parallelTestsTimeoutForcedInSeconds>${surefire.parallel.forcedTimeout}</parallelTestsTimeoutForcedInSeconds>
  <parallelTestsTimeoutInSeconds>${surefire.parallel.timeout}</parallelTestsTimeoutInSeconds>
  <perCoreThreadCount default-value="true">${perCoreThreadCount}</perCoreThreadCount>
  <pluginArtifactMap>${plugin.artifactMap}</pluginArtifactMap>
  <pluginDescriptor default-value="${plugin}"/>
  <printSummary default-value="true">${surefire.printSummary}</printSummary>
  <projectArtifactMap>${project.artifactMap}</projectArtifactMap>
  <redirectTestOutputToFile default-value="false">${maven.test.redirectTestOutputToFile}</redirectTestOutputToFile>
  <remoteRepositories default-value="${project.pluginArtifactRepositories}"/>
  <reportFormat default-value="brief">${surefire.reportFormat}</reportFormat>
  <reportNameSuffix default-value="">${surefire.reportNameSuffix}</reportNameSuffix>
  <reportsDirectory default-value="${project.build.directory}/surefire-reports"/>
  <reuseForks default-value="true">${reuseForks}</reuseForks>
  <runOrder default-value="filesystem"/>
  <skip default-value="false">${maven.test.skip}</skip>
  <skipExec>${maven.test.skip.exec}</skipExec>
  <skipTests default-value="false">${skipTests}</skipTests>
  <test>${test}</test>
  <testClassesDirectory default-value="${project.build.testOutputDirectory}"/>
  <testFailureIgnore default-value="false">${maven.test.failure.ignore}</testFailureIgnore>
  <testNGArtifactName default-value="org.testng:testng">${testNGArtifactName}</testNGArtifactName>
  <testSourceDirectory default-value="${project.build.testSourceDirectory}"/>
  <threadCount>${threadCount}</threadCount>
  <threadCountClasses default-value="0">${threadCountClasses}</threadCountClasses>
  <threadCountMethods default-value="0">${threadCountMethods}</threadCountMethods>
  <threadCountSuites default-value="0">${threadCountSuites}</threadCountSuites>
  <trimStackTrace default-value="true">${trimStackTrace}</trimStackTrace>
  <useFile default-value="true">${surefire.useFile}</useFile>
  <useManifestOnlyJar default-value="true">${surefire.useManifestOnlyJar}</useManifestOnlyJar>
  <useSystemClassLoader default-value="true">${surefire.useSystemClassLoader}</useSystemClassLoader>
  <useUnlimitedThreads default-value="false">${useUnlimitedThreads}</useUnlimitedThreads>
  <workingDirectory>${basedir}</workingDirectory>
  <project default-value="${project}"/>
  <session default-value="${session}"/>
</configuration>
[DEBUG] -----------------------------------------------------------------------
[DEBUG] Goal:          org.codehaus.mojo:animal-sniffer-maven-plugin:1.10:check (default)
[DEBUG] Style:         Regular
[DEBUG] Configuration: <?xml version="1.0" encoding="UTF-8"?>
<configuration>
  <classpathElements>${project.compileClasspathElements}</classpathElements>
  <ignoreDependencies default-value="true"/>
  <localRepository>${localRepository}</localRepository>
  <outputDirectory>${project.build.outputDirectory}</outputDirectory>
  <project>${project}</project>
  <signature>
    <groupId>org.codehaus.mojo.signature</groupId>
    <artifactId>java16</artifactId>
    <version>1.1</version>
  </signature>
  <skip default-value="false">${animal.sniffer.skip}</skip>
</configuration>
[DEBUG] =======================================================================
[DEBUG] Skipped remote request for com.squareup.okio:okio:2.0.0-SNAPSHOT/maven-metadata.xml locally installed metadata up-to-date.
[DEBUG] Skipped remote request for com.squareup.okio:okio:2.0.0-SNAPSHOT/maven-metadata.xml locally installed metadata up-to-date.
[DEBUG] Skipped remote request for com.squareup.okhttp:parent:2.0.0-SNAPSHOT/maven-metadata.xml locally installed metadata up-to-date.
[DEBUG] Skipped remote request for com.squareup.okhttp:okhttp:2.0.0-SNAPSHOT/maven-metadata.xml locally installed metadata up-to-date.
[DEBUG] Skipped remote request for com.squareup.okhttp:okhttp:2.0.0-SNAPSHOT/maven-metadata.xml locally installed metadata up-to-date.
[DEBUG] Could not find metadata com.squareup.okhttp:okhttp-protocols:2.0.0-SNAPSHOT/maven-metadata.xml in local (/home/tbaral/.m2/repository)
[DEBUG] Skipped remote request for com.squareup.okhttp:okhttp-protocols:2.0.0-SNAPSHOT/maven-metadata.xml, locally cached metadata up-to-date.
[DEBUG] Could not find metadata com.squareup.okhttp:okhttp-protocols:2.0.0-SNAPSHOT/maven-metadata.xml in local (/home/tbaral/.m2/repository)
[DEBUG] Skipped remote request for com.squareup.okhttp:okhttp-protocols:2.0.0-SNAPSHOT/maven-metadata.xml, locally cached metadata up-to-date.
[DEBUG] Skipped remote request for com.squareup.okhttp:mockwebserver:2.0.0-SNAPSHOT/maven-metadata.xml locally installed metadata up-to-date.
[DEBUG] Skipped remote request for com.squareup.okhttp:mockwebserver:2.0.0-SNAPSHOT/maven-metadata.xml locally installed metadata up-to-date.
[DEBUG] Dependency collection stats: {ConflictMarker.analyzeTime=350962, ConflictMarker.markTime=241807, ConflictMarker.nodeCount=12, ConflictIdSorter.graphTime=232079, ConflictIdSorter.topsortTime=172365, ConflictIdSorter.conflictIdCount=8, ConflictIdSorter.conflictIdCycleCount=0, ConflictResolver.totalTime=1688739, ConflictResolver.conflictItemCount=11, DefaultDependencyCollector.collectTime=97937098, DefaultDependencyCollector.transformTime=3772754}
[DEBUG] com.squareup.okhttp:okhttp-tests:jar:2.0.0-SNAPSHOT
[DEBUG]    com.squareup.okio:okio:jar:2.0.0-SNAPSHOT:compile
[DEBUG]    com.squareup.okhttp:okhttp:jar:2.0.0-SNAPSHOT:compile
[DEBUG]       com.squareup.okhttp:okhttp-protocols:jar:2.0.0-SNAPSHOT:compile
[DEBUG]    org.mortbay.jetty.npn:npn-boot:jar:8.1.2.v20120308:provided
[DEBUG]    junit:junit:jar:4.11:test
[DEBUG]       org.hamcrest:hamcrest-core:jar:1.3:test
[DEBUG]    com.squareup.okhttp:mockwebserver:jar:2.0.0-SNAPSHOT:test
[DEBUG]       org.bouncycastle:bcprov-jdk15on:jar:1.48:test (version managed from 1.48)
[INFO] 
[INFO] --- maven-enforcer-plugin:1.0:enforce (enforce-maven) @ okhttp-tests ---
[DEBUG] Dependency collection stats: {ConflictMarker.analyzeTime=287563, ConflictMarker.markTime=168899, ConflictMarker.nodeCount=100, ConflictIdSorter.graphTime=171163, ConflictIdSorter.topsortTime=27672, ConflictIdSorter.conflictIdCount=32, ConflictIdSorter.conflictIdCycleCount=0, ConflictResolver.totalTime=1974518, ConflictResolver.conflictItemCount=90, DefaultDependencyCollector.collectTime=344132579, DefaultDependencyCollector.transformTime=2682415}
[DEBUG] org.apache.maven.plugins:maven-enforcer-plugin:jar:1.0
[DEBUG]    org.apache.maven:maven-artifact:jar:2.0.9:compile
[DEBUG]    org.apache.maven:maven-plugin-api:jar:2.0.9:compile
[DEBUG]    org.apache.maven:maven-project:jar:2.0.9:compile
[DEBUG]       org.apache.maven:maven-settings:jar:2.0.9:compile
[DEBUG]       org.apache.maven:maven-profile:jar:2.0.9:compile
[DEBUG]       org.apache.maven:maven-model:jar:2.0.9:compile
[DEBUG]       org.apache.maven:maven-artifact-manager:jar:2.0.9:compile
[DEBUG]       org.apache.maven:maven-plugin-registry:jar:2.0.9:compile
[DEBUG]       org.codehaus.plexus:plexus-container-default:jar:1.0-alpha-9-stable-1:compile
[DEBUG]          junit:junit:jar:3.8.2:test (scope managed from default) (version managed from default)
[DEBUG]    org.apache.maven:maven-core:jar:2.0.9:compile
[DEBUG]       org.apache.maven:maven-plugin-parameter-documenter:jar:2.0.9:compile
[DEBUG]       org.apache.maven.reporting:maven-reporting-api:jar:2.0.9:compile
[DEBUG]          org.apache.maven.doxia:doxia-sink-api:jar:1.0-alpha-10:compile
[DEBUG]       org.apache.maven:maven-repository-metadata:jar:2.0.9:compile
[DEBUG]       org.apache.maven:maven-error-diagnostics:jar:2.0.9:compile
[DEBUG]       commons-cli:commons-cli:jar:1.0:compile
[DEBUG]       org.apache.maven:maven-plugin-descriptor:jar:2.0.9:compile
[DEBUG]       org.codehaus.plexus:plexus-interactivity-api:jar:1.0-alpha-4:compile
[DEBUG]       org.apache.maven:maven-monitor:jar:2.0.9:compile
[DEBUG]       classworlds:classworlds:jar:1.1:compile
[DEBUG]    org.codehaus.plexus:plexus-utils:jar:1.5.8:compile
[DEBUG]    commons-lang:commons-lang:jar:2.3:compile
[DEBUG]    org.apache.maven.enforcer:enforcer-api:jar:1.0:compile
[DEBUG]    org.apache.maven.enforcer:enforcer-rules:jar:1.0:compile
[DEBUG]       org.apache.maven.shared:maven-common-artifact-filters:jar:1.2:compile (version managed from default)
[DEBUG]          org.apache.maven.shared:maven-plugin-testing-harness:jar:1.1:test (scope managed from default) (version managed from default)
[DEBUG]             org.codehaus.plexus:plexus-archiver:jar:1.0-alpha-7:test
[DEBUG]       org.beanshell:bsh:jar:2.0b4:compile
[DEBUG]       org.apache.maven.shared:maven-dependency-tree:jar:1.2:compile
[DEBUG]       org.codehaus.plexus:plexus-i18n:jar:1.0-beta-6:compile
[DEBUG] Created new class realm plugin>org.apache.maven.plugins:maven-enforcer-plugin:1.0
[DEBUG] Importing foreign packages into class realm plugin>org.apache.maven.plugins:maven-enforcer-plugin:1.0
[DEBUG]   Imported:  < maven.api
[DEBUG] Populating class realm plugin>org.apache.maven.plugins:maven-enforcer-plugin:1.0
[DEBUG]   Included: org.apache.maven.plugins:maven-enforcer-plugin:jar:1.0
[DEBUG]   Included: org.apache.maven.reporting:maven-reporting-api:jar:2.0.9
[DEBUG]   Included: org.apache.maven.doxia:doxia-sink-api:jar:1.0-alpha-10
[DEBUG]   Included: commons-cli:commons-cli:jar:1.0
[DEBUG]   Included: org.codehaus.plexus:plexus-interactivity-api:jar:1.0-alpha-4
[DEBUG]   Included: org.codehaus.plexus:plexus-utils:jar:1.5.8
[DEBUG]   Included: commons-lang:commons-lang:jar:2.3
[DEBUG]   Included: org.apache.maven.enforcer:enforcer-api:jar:1.0
[DEBUG]   Included: org.apache.maven.enforcer:enforcer-rules:jar:1.0
[DEBUG]   Included: org.apache.maven.shared:maven-common-artifact-filters:jar:1.2
[DEBUG]   Included: org.beanshell:bsh:jar:2.0b4
[DEBUG]   Included: org.apache.maven.shared:maven-dependency-tree:jar:1.2
[DEBUG]   Included: org.codehaus.plexus:plexus-i18n:jar:1.0-beta-6
[DEBUG] Configuring mojo org.apache.maven.plugins:maven-enforcer-plugin:1.0:enforce from plugin realm ClassRealm[plugin>org.apache.maven.plugins:maven-enforcer-plugin:1.0, parent: sun.misc.Launcher$AppClassLoader@5c647e05]
[DEBUG] Configuring mojo 'org.apache.maven.plugins:maven-enforcer-plugin:1.0:enforce' with basic configurator -->
[DEBUG]   (s) fail = true
[DEBUG]   (s) failFast = false
[DEBUG]   (f) ignoreCache = false
[DEBUG]   (s) project = MavenProject: com.squareup.okhttp:okhttp-tests:2.0.0-SNAPSHOT @ /scratch/tbaral/ase26/nod-rr/NOD-Test-Repair/run_flakerake/projects/679/okhttp-tests/pom.xml
[DEBUG]   (s) version = (,2.1.0),(2.1.0,2.2.0),(2.2.0,)
[DEBUG]   (f) message = Maven 2.1.0 and 2.2.0 produce incorrect GPG signatures and checksums respectively.
[DEBUG]   (s) rules = [org.apache.maven.plugins.enforcer.RequireMavenVersion@21ca139c]
[DEBUG]   (s) session = org.apache.maven.execution.MavenSession@226f885f
[DEBUG]   (s) skip = false
[DEBUG] -- end configuration --
[DEBUG] Executing rule: org.apache.maven.plugins.enforcer.RequireMavenVersion
[DEBUG] Rule org.apache.maven.plugins.enforcer.RequireMavenVersion is cacheable.
[DEBUG] Detected Maven Version: 3.6.3
[DEBUG] Detected Maven Version: 3.6.3 is allowed in the range (,2.1.0),(2.1.0,2.2.0),(2.2.0,).
[INFO] 
[INFO] --- maven-resources-plugin:2.6:resources (default-resources) @ okhttp-tests ---
[DEBUG] Dependency collection stats: {ConflictMarker.analyzeTime=229744, ConflictMarker.markTime=152237, ConflictMarker.nodeCount=77, ConflictIdSorter.graphTime=642022, ConflictIdSorter.topsortTime=23725, ConflictIdSorter.conflictIdCount=26, ConflictIdSorter.conflictIdCycleCount=0, ConflictResolver.totalTime=693219, ConflictResolver.conflictItemCount=74, DefaultDependencyCollector.collectTime=273665442, DefaultDependencyCollector.transformTime=1767909}
[DEBUG] org.apache.maven.plugins:maven-resources-plugin:jar:2.6
[DEBUG]    org.apache.maven:maven-plugin-api:jar:2.0.6:compile
[DEBUG]    org.apache.maven:maven-project:jar:2.0.6:compile
[DEBUG]       org.apache.maven:maven-profile:jar:2.0.6:compile
[DEBUG]       org.apache.maven:maven-artifact-manager:jar:2.0.6:compile
[DEBUG]       org.apache.maven:maven-plugin-registry:jar:2.0.6:compile
[DEBUG]    org.apache.maven:maven-core:jar:2.0.6:compile
[DEBUG]       org.apache.maven:maven-plugin-parameter-documenter:jar:2.0.6:compile
[DEBUG]       org.apache.maven.reporting:maven-reporting-api:jar:2.0.6:compile
[DEBUG]          org.apache.maven.doxia:doxia-sink-api:jar:1.0-alpha-7:compile
[DEBUG]       org.apache.maven:maven-repository-metadata:jar:2.0.6:compile
[DEBUG]       org.apache.maven:maven-error-diagnostics:jar:2.0.6:compile
[DEBUG]       commons-cli:commons-cli:jar:1.0:compile
[DEBUG]       org.apache.maven:maven-plugin-descriptor:jar:2.0.6:compile
[DEBUG]       org.codehaus.plexus:plexus-interactivity-api:jar:1.0-alpha-4:compile
[DEBUG]       classworlds:classworlds:jar:1.1:compile
[DEBUG]    org.apache.maven:maven-artifact:jar:2.0.6:compile
[DEBUG]    org.apache.maven:maven-settings:jar:2.0.6:compile
[DEBUG]    org.apache.maven:maven-model:jar:2.0.6:compile
[DEBUG]    org.apache.maven:maven-monitor:jar:2.0.6:compile
[DEBUG]    org.codehaus.plexus:plexus-container-default:jar:1.0-alpha-9-stable-1:compile
[DEBUG]       junit:junit:jar:3.8.1:compile
[DEBUG]    org.codehaus.plexus:plexus-utils:jar:2.0.5:compile
[DEBUG]    org.apache.maven.shared:maven-filtering:jar:1.1:compile
[DEBUG]       org.sonatype.plexus:plexus-build-api:jar:0.0.4:compile
[DEBUG]    org.codehaus.plexus:plexus-interpolation:jar:1.13:compile
[DEBUG] Created new class realm plugin>org.apache.maven.plugins:maven-resources-plugin:2.6
[DEBUG] Importing foreign packages into class realm plugin>org.apache.maven.plugins:maven-resources-plugin:2.6
[DEBUG]   Imported:  < maven.api
[DEBUG] Populating class realm plugin>org.apache.maven.plugins:maven-resources-plugin:2.6
[DEBUG]   Included: org.apache.maven.plugins:maven-resources-plugin:jar:2.6
[DEBUG]   Included: org.apache.maven.reporting:maven-reporting-api:jar:2.0.6
[DEBUG]   Included: org.apache.maven.doxia:doxia-sink-api:jar:1.0-alpha-7
[DEBUG]   Included: commons-cli:commons-cli:jar:1.0
[DEBUG]   Included: org.codehaus.plexus:plexus-interactivity-api:jar:1.0-alpha-4
[DEBUG]   Included: junit:junit:jar:3.8.1
[DEBUG]   Included: org.codehaus.plexus:plexus-utils:jar:2.0.5
[DEBUG]   Included: org.apache.maven.shared:maven-filtering:jar:1.1
[DEBUG]   Included: org.sonatype.plexus:plexus-build-api:jar:0.0.4
[DEBUG]   Included: org.codehaus.plexus:plexus-interpolation:jar:1.13
[DEBUG] Configuring mojo org.apache.maven.plugins:maven-resources-plugin:2.6:resources from plugin realm ClassRealm[plugin>org.apache.maven.plugins:maven-resources-plugin:2.6, parent: sun.misc.Launcher$AppClassLoader@5c647e05]
[DEBUG] Configuring mojo 'org.apache.maven.plugins:maven-resources-plugin:2.6:resources' with basic configurator -->
[DEBUG]   (f) buildFilters = []
[DEBUG]   (f) encoding = UTF-8
[DEBUG]   (f) escapeWindowsPaths = true
[DEBUG]   (s) includeEmptyDirs = false
[DEBUG]   (s) outputDirectory = /scratch/tbaral/ase26/nod-rr/NOD-Test-Repair/run_flakerake/projects/679/okhttp-tests/target/classes
[DEBUG]   (s) overwrite = false
[DEBUG]   (f) project = MavenProject: com.squareup.okhttp:okhttp-tests:2.0.0-SNAPSHOT @ /scratch/tbaral/ase26/nod-rr/NOD-Test-Repair/run_flakerake/projects/679/okhttp-tests/pom.xml
[DEBUG]   (s) resources = [Resource {targetPath: null, filtering: false, FileSet {directory: /scratch/tbaral/ase26/nod-rr/NOD-Test-Repair/run_flakerake/projects/679/okhttp-tests/src/main/resources, PatternSet [includes: {}, excludes: {}]}}]
[DEBUG]   (f) session = org.apache.maven.execution.MavenSession@226f885f
[DEBUG]   (f) supportMultiLineFiltering = false
[DEBUG]   (f) useBuildFilters = true
[DEBUG]   (s) useDefaultDelimiters = true
[DEBUG] -- end configuration --
[DEBUG] properties used {env.OLDPWD=/scratch/tbaral/ase26/nod-rr/NOD-Test-Repair/run_flakerake/projects/679/okhttp-tests, file.encoding.pkg=sun.io, env.ACLOCAL_PATH=/opt/sw/spack/apps/linux-rhel8-x86_64_v2/gcc-10.3.0/curl-7.80.0-rm/share/aclocal, env.MPIF90=/opt/sw/spack/apps/linux-rhel8-x86_64_v2/gcc-10.3.0/openmpi-4.1.2-4a/bin/mpif90, env.SCRATCH=/scratch/tbaral, env.LMOD_FAMILY_COMPILER=gnu10, java.home=/scratch/tbaral/ase26/otog/setups/jdk1.8.0_102/jre, env.SLURM_JOB_UID=1224545917, env._ModuleTable003_=ODAuMC1ybSIsfSxnaXQ9e1siZm4iXT0iL29wdC9zdy9zcGFjay9tb2R1bGVzL2xtb2QvbGludXgtcmhlbDgteDg2XzY0L2djYy8xMC4zLjAvZ2l0LzIuMzkuMS12ZC5sdWEiLFsiZnVsbE5hbWUiXT0iZ2l0LzIuMzkuMS12ZCIsWyJsb2FkT3JkZXIiXT0xMixwcm9wVD17fSxbInN0YWNrRGVwdGgiXT0wLFsic3RhdHVzIl09ImFjdGl2ZSIsWyJ1c2VyTmFtZSJdPSJnaXQiLH0sZ251MTA9e1siZm4iXT0iL29wdC9vaHBjL3B1Yi9tb2R1bGVmaWxlcy9nbnUxMC8xMC4zLjAteWEubHVhIixbImZ1bGxOYW1lIl09ImdudTEwLzEwLjMuMC15YSIsWyJsb2FkT3JkZXIiXT02LHByb3BUPXt9LFsic3RhY2tEZXB0aCJdPTAsWyJzdGF0dXMiXT0iYWN0aXZlIixbInVzZXJOYW1lIl09Imdu, env.LMOD_SETTARG_FULL_SUPPORT=no, env.CMAKE_PREFIX_PATH=/opt/sw/spack/apps/linux-rhel8-x86_64_v2/gcc-10.3.0/git-2.39.1-vd:/opt/sw/spack/apps/linux-rhel8-x86_64_v2/gcc-10.3.0/perl-5.34.0-lm:/opt/sw/spack/apps/linux-rhel8-x86_64_v2/gcc-10.3.0/bzip2-1.0.8-no:/opt/sw/spack/apps/linux-rhel8-x86_64_v2/gcc-10.3.0/curl-7.80.0-rm:/opt/sw/spack/apps/linux-rhel8-x86_64_v2/gcc-10.3.0/openmpi-4.1.2-4a:/opt/sw/spack/apps/linux-rhel8-x86_64_v2/gcc-10.3.0/zlib-1.2.11-2y:/opt/sw/spack/apps/linux-rhel8-x86_64_v2/gcc-9.3.0/gcc-10.3.0-ya, env.LMOD_PACKAGE_PATH=/opt/ohpc/admin/lmod/8.2.10, env.LS_COLORS=rs=0:di=01;34:ln=01;36:mh=00:pi=40;33:so=01;35:do=01;35:bd=40;33;01:cd=40;33;01:or=40;31;01:mi=01;05;37;41:su=37;41:sg=30;43:ca=30;41:tw=30;42:ow=34;42:st=37;44:ex=01;32:*.tar=01;31:*.tgz=01;31:*.arc=01;31:*.arj=01;31:*.taz=01;31:*.lha=01;31:*.lz4=01;31:*.lzh=01;31:*.lzma=01;31:*.tlz=01;31:*.txz=01;31:*.tzo=01;31:*.t7z=01;31:*.zip=01;31:*.z=01;31:*.dz=01;31:*.gz=01;31:*.lrz=01;31:*.lz=01;31:*.lzo=01;31:*.xz=01;31:*.zst=01;31:*.tzst=01;31:*.bz2=01;31:*.bz=01;31:*.tbz=01;31:*.tbz2=01;31:*.tz=01;31:*.deb=01;31:*.rpm=01;31:*.jar=01;31:*.war=01;31:*.ear=01;31:*.sar=01;31:*.rar=01;31:*.alz=01;31:*.ace=01;31:*.zoo=01;31:*.cpio=01;31:*.7z=01;31:*.rz=01;31:*.cab=01;31:*.wim=01;31:*.swm=01;31:*.dwm=01;31:*.esd=01;31:*.jpg=01;35:*.jpeg=01;35:*.mjpg=01;35:*.mjpeg=01;35:*.gif=01;35:*.bmp=01;35:*.pbm=01;35:*.pgm=01;35:*.ppm=01;35:*.tga=01;35:*.xbm=01;35:*.xpm=01;35:*.tif=01;35:*.tiff=01;35:*.png=01;35:*.svg=01;35:*.svgz=01;35:*.mng=01;35:*.pcx=01;35:*.mov=01;35:*.mpg=01;35:*.mpeg=01;35:*.m2v=01;35:*.mkv=01;35:*.webm=01;35:*.ogm=01;35:*.mp4=01;35:*.m4v=01;35:*.mp4v=01;35:*.vob=01;35:*.qt=01;35:*.nuv=01;35:*.wmv=01;35:*.asf=01;35:*.rm=01;35:*.rmvb=01;35:*.flc=01;35:*.avi=01;35:*.fli=01;35:*.flv=01;35:*.gl=01;35:*.dl=01;35:*.xcf=01;35:*.xwd=01;35:*.yuv=01;35:*.cgm=01;35:*.emf=01;35:*.ogv=01;35:*.ogx=01;35:*.aac=01;36:*.au=01;36:*.flac=01;36:*.m4a=01;36:*.mid=01;36:*.midi=01;36:*.mka=01;36:*.mp3=01;36:*.mpc=01;36:*.ogg=01;36:*.ra=01;36:*.wav=01;36:*.oga=01;36:*.opus=01;36:*.spx=01;36:*.xspf=01;36:, env.SSH_TTY=/dev/pts/11, env.__LMOD_REF_COUNT_CMAKE_PREFIX_PATH=/opt/sw/spack/apps/linux-rhel8-x86_64_v2/gcc-10.3.0/git-2.39.1-vd:1;/opt/sw/spack/apps/linux-rhel8-x86_64_v2/gcc-10.3.0/perl-5.34.0-lm:1;/opt/sw/spack/apps/linux-rhel8-x86_64_v2/gcc-10.3.0/bzip2-1.0.8-no:1;/opt/sw/spack/apps/linux-rhel8-x86_64_v2/gcc-10.3.0/curl-7.80.0-rm:1;/opt/sw/spack/apps/linux-rhel8-x86_64_v2/gcc-10.3.0/openmpi-4.1.2-4a:1;/opt/sw/spack/apps/linux-rhel8-x86_64_v2/gcc-10.3.0/zlib-1.2.11-2y:1;/opt/sw/spack/apps/linux-rhel8-x86_64_v2/gcc-9.3.0/gcc-10.3.0-ya:1, env.ENVIRONMENT=BATCH, classworlds.conf=/scratch/tbaral/ase26/otog/setups/maven/bin/m2.conf, env.SLURM_JOBID=3844821, java.endorsed.dirs=/scratch/tbaral/ase26/otog/setups/jdk1.8.0_102/jre/lib/endorsed, env.LOGNAME=tbaral, env.MPICC=/opt/sw/spack/apps/linux-rhel8-x86_64_v2/gcc-10.3.0/openmpi-4.1.2-4a/bin/mpicc, sun.os.patch.level=unknown, env.OPENMPI_ROOT=/opt/sw/spack/apps/linux-rhel8-x86_64_v2/gcc-10.3.0/openmpi-4.1.2-4a, test=com.squareup.okhttp.internal.http.URLConnectionTest#fixedLengthUpload_smallBuffers, java.vendor.url=http://java.oracle.com/, env.INCLUDE=/opt/sw/spack/apps/linux-rhel8-x86_64_v2/gcc-10.3.0/bzip2-1.0.8-no/include:/opt/sw/spack/apps/linux-rhel8-x86_64_v2/gcc-10.3.0/curl-7.80.0-rm/include:/opt/sw/spack/apps/linux-rhel8-x86_64_v2/gcc-10.3.0/openmpi-4.1.2-4a/include:/opt/sw/spack/apps/linux-rhel8-x86_64_v2/gcc-10.3.0/zlib-1.2.11-2y/include:/opt/sw/spack/apps/linux-rhel8-x86_64_v2/gcc-9.3.0/gcc-10.3.0-ya/include/c++/10.3.0:/opt/sw/spack/apps/linux-rhel8-x86_64_v2/gcc-9.3.0/gcc-10.3.0-ya/include, java.version=1.8.0_102, env._ModuleTable002_=LjAvYnppcDIvMS4wLjgtbm8ubHVhIixbImZ1bGxOYW1lIl09ImJ6aXAyLzEuMC44LW5vIixbImxvYWRPcmRlciJdPTEwLHByb3BUPXt9LFsicmVmX2NvdW50Il09MSxbInN0YWNrRGVwdGgiXT0yLFsic3RhdHVzIl09ImFjdGl2ZSIsWyJ1c2VyTmFtZSJdPSJiemlwMi8xLjAuOC1ubyIsfSxjdXJsPXtbImZuIl09Ii9vcHQvc3cvc3BhY2svbW9kdWxlcy9sbW9kL2xpbnV4LXJoZWw4LXg4Nl82NC9nY2MvMTAuMy4wL2N1cmwvNy44MC4wLXJtLmx1YSIsWyJmdWxsTmFtZSJdPSJjdXJsLzcuODAuMC1ybSIsWyJsb2FkT3JkZXIiXT05LHByb3BUPXt9LFsicmVmX2NvdW50Il09MSxbInN0YWNrRGVwdGgiXT0xLFsic3RhdHVzIl09ImFjdGl2ZSIsWyJ1c2VyTmFtZSJdPSJjdXJsLzcu, env.SPACK_ROOT=/opt/sw/spack/current, java.vendor.url.bug=http://bugreport.sun.com/bugreport/, skipTests=true, env.SSH_CLIENT=10.193.124.92 56406 22, env.LIBRARY_PATH=/opt/sw/spack/apps/linux-rhel8-x86_64_v2/gcc-10.3.0/perl-5.34.0-lm/lib:/opt/sw/spack/apps/linux-rhel8-x86_64_v2/gcc-10.3.0/bzip2-1.0.8-no/lib:/opt/sw/spack/apps/linux-rhel8-x86_64_v2/gcc-10.3.0/curl-7.80.0-rm/lib:/opt/sw/spack/apps/linux-rhel8-x86_64_v2/gcc-10.3.0/openmpi-4.1.2-4a/lib:/opt/sw/spack/apps/linux-rhel8-x86_64_v2/gcc-10.3.0/zlib-1.2.11-2y/lib:/opt/sw/spack/apps/linux-rhel8-x86_64_v2/gcc-9.3.0/gcc-10.3.0-ya/lib64:/opt/sw/spack/apps/linux-rhel8-x86_64_v2/gcc-9.3.0/gcc-10.3.0-ya/lib, env.SLURM_JOB_NODELIST=amd077, env.SLURM_JOB_GID=100, env.MPIF77=/opt/sw/spack/apps/linux-rhel8-x86_64_v2/gcc-10.3.0/openmpi-4.1.2-4a/bin/mpif77, user.name=tbaral, env.LANG=en_US.UTF-8, env.LMOD_PKG=/opt/ohpc/admin/lmod/lmod, sun.io.unicode.encoding=UnicodeLittle, sun.jnu.encoding=UTF-8, env.DBUS_SESSION_BUS_ADDRESS=unix:path=/run/user/1224545917/bus, java.runtime.name=Java(TM) SE Runtime Environment, env._ModuleTable001_=X01vZHVsZVRhYmxlXz17WyJNVHZlcnNpb24iXT0zLFsiY19yZWJ1aWxkVGltZSJdPWZhbHNlLFsiY19zaG9ydFRpbWUiXT1mYWxzZSxkZXB0aFQ9e30sZmFtaWx5PXtbImNvbXBpbGVyIl09ImdudTEwIixbIm1waSJdPSJvcGVubXBpNCIsfSxtVD17YXV0b3Rvb2xzPXtbImZuIl09Ii9vcHQvb2hwYy9wdWIvbW9kdWxlZmlsZXMvYXV0b3Rvb2xzLmx1YSIsWyJmdWxsTmFtZSJdPSJhdXRvdG9vbHMiLFsibG9hZE9yZGVyIl09Mixwcm9wVD17fSxbInN0YWNrRGVwdGgiXT0xLFsic3RhdHVzIl09ImFjdGl2ZSIsWyJ1c2VyTmFtZSJdPSJhdXRvdG9vbHMiLH0sYnppcDI9e1siZm4iXT0iL29wdC9zdy9zcGFjay9tb2R1bGVzL2xtb2QvbGludXgtcmhlbDgteDg2XzY0L2djYy8xMC4z, env.SLURM_TASK_PID=1554442, env.LMOD_MPI_NAME=openmpi, env.SSH_CONNECTION=10.193.124.92 56406 129.174.21.177 22, env.__LMOD_REF_COUNT__LMFILES_=/opt/ohpc/admin/lmod/8.2.10/modulefiles/Core/use.own.lua:1;/opt/ohpc/pub/modulefiles/autotools.lua:1;/opt/ohpc/pub/modulefiles/prun/2.0.lua:1;/etc/modulefiles/Core/hosts/hopper:1;/opt/sw/other/modulefiles/slurm-tools/2023-09:1;/opt/ohpc/pub/modulefiles/gnu10/10.3.0-ya.lua:1;/opt/sw/spack/modules/lmod/linux-rhel8-x86_64/gcc/10.3.0/zlib/1.2.11-2y.lua:1;/opt/sw/spack/modules/lmod/linux-rhel8-x86_64/gcc/10.3.0/openmpi4/4.1.2-4a.lua:1;/opt/sw/spack/modules/lmod/linux-rhel8-x86_64/gcc/10.3.0/curl/7.80.0-rm.lua:1;/opt/sw/spack/modules/lmod/linux-rhel8-x86_64/gcc/10.3.0/bzip2/1.0.8-no.lua:1;/opt/sw/spack/modules/lmod/linux-rhel8-x86_64/gcc/10.3.0/perl/5.34.0-lm.lua:1;/opt/sw/spack/modules/lmod/linux-rhel8-x86_64/gcc/10.3.0/git/2.39.1-vd.lua:1, java.specification.name=Java Platform API Specification, env.SLURM_PRIO_PROCESS=10, env.LMOD_PREPEND_BLOCK=normal, user.timezone=, env.LESSOPEN=||/usr/bin/lesspipe.sh %s, env.SLURM_JOB_START_TIME=1750884249, path.separator=:, env.MAVEN_CMD_LINE_ARGS= test -X -Dtest=com.squareup.okhttp.internal.http.URLConnectionTest#fixedLengthUpload_smallBuffers -DfailIfNoTests=false -DskipTests -q -B -fn -s /scratch/tbaral/ase26/nod-rr/NOD-Test-Repair/flakerake/shell_scripts/maven-repo-fix-settings.xml -DskipITs, env.LMOD_MPI_VERSION=4.1.2-4aedfmd, file.encoding=UTF-8, env.HOME=/home/tbaral, env.which_declare=declare -f, sun.java.command=org.codehaus.plexus.classworlds.launcher.Launcher test -X -Dtest=com.squareup.okhttp.internal.http.URLConnectionTest#fixedLengthUpload_smallBuffers -DfailIfNoTests=false -DskipTests -q -B -fn -s /scratch/tbaral/ase26/nod-rr/NOD-Test-Repair/flakerake/shell_scripts/maven-repo-fix-settings.xml -DskipITs, env.MANPATH=/opt/sw/spack/apps/linux-rhel8-x86_64_v2/gcc-10.3.0/git-2.39.1-vd/share/man:/opt/sw/spack/apps/linux-rhel8-x86_64_v2/gcc-10.3.0/perl-5.34.0-lm/man:/opt/sw/spack/apps/linux-rhel8-x86_64_v2/gcc-10.3.0/bzip2-1.0.8-no/man:/opt/sw/spack/apps/linux-rhel8-x86_64_v2/gcc-10.3.0/curl-7.80.0-rm/share/man:/opt/sw/spack/apps/linux-rhel8-x86_64_v2/gcc-10.3.0/openmpi-4.1.2-4a/share/man:/opt/sw/spack/apps/linux-rhel8-x86_64_v2/gcc-10.3.0/zlib-1.2.11-2y/share/man:/opt/sw/spack/apps/linux-rhel8-x86_64_v2/gcc-9.3.0/gcc-10.3.0-ya/share/man:/opt/ohpc/pub/utils/autotools/share/man:/usr/local/share/man:/usr/share/man/overrides:/usr/share/man/en:/usr/share/man, env.CXX=/opt/sw/spack/apps/linux-rhel8-x86_64_v2/gcc-9.3.0/gcc-10.3.0-ya/bin/g++, apache.http.version=4.2.2, env.LMOD_SYSTEM_DEFAULT_MODULES=hosts/hopper, env.LMOD_COLORIZE=no, env.SLURM_TOPOLOGY_ADDR_PATTERN=node, env.LMOD_FULL_SETTARG_SUPPORT=no, env.HOSTNAME=amd077, env.LMOD_MODULERCFILE=/opt/ohpc/admin/lmod/etc/rc-hopper.lua, env.FC=/opt/sw/spack/apps/linux-rhel8-x86_64_v2/gcc-9.3.0/gcc-10.3.0-ya/bin/gfortran, java.io.tmpdir=/tmp, env.SLURM_NODEID=0, user.language=en, env.HISTCONTROL=ignoredups, line.separator=
, env.__LMOD_REF_COUNT_ACLOCAL_PATH=/opt/sw/spack/apps/linux-rhel8-x86_64_v2/gcc-10.3.0/curl-7.80.0-rm/share/aclocal:1, env.BZIP2_ROOT=/opt/sw/spack/apps/linux-rhel8-x86_64_v2/gcc-10.3.0/bzip2-1.0.8-no, env.HISTSIZE=1000, env.SLURM_WORKING_CLUSTER=hopper:SLURM:6817:9984:109, env.CURL_ROOT=/opt/sw/spack/apps/linux-rhel8-x86_64_v2/gcc-10.3.0/curl-7.80.0-rm, env.LMOD_FAMILY_COMPILER_VERSION=10.3.0-ya, java.vm.info=mixed mode, env.C_INCLUDE_PATH=/opt/sw/spack/apps/linux-rhel8-x86_64_v2/gcc-10.3.0/bzip2-1.0.8-no/include:/opt/sw/spack/apps/linux-rhel8-x86_64_v2/gcc-10.3.0/curl-7.80.0-rm/include:/opt/sw/spack/apps/linux-rhel8-x86_64_v2/gcc-10.3.0/openmpi-4.1.2-4a/include:/opt/sw/spack/apps/linux-rhel8-x86_64_v2/gcc-10.3.0/zlib-1.2.11-2y/include:/opt/sw/spack/apps/linux-rhel8-x86_64_v2/gcc-9.3.0/gcc-10.3.0-ya/include, bouncycastle.version=1.48, sonatypeOssDistMgmtSnapshotsUrl=https://oss.sonatype.org/content/repositories/snapshots/, java.vm.specification.name=Java Virtual Machine Specification, env.SLURM_TOOLS_ROOT=/opt/sw/other/apps/slurm-tools/2023-09/, env.SLURM_PROCID=0, env.M2_HOME=/scratch/tbaral/ase26/otog/setups/maven, env.SLURM_MEM_PER_NODE=65536, skipITs=true, env.__LMOD_REF_COUNT_INCLUDE=/opt/sw/spack/apps/linux-rhel8-x86_64_v2/gcc-10.3.0/bzip2-1.0.8-no/include:1;/opt/sw/spack/apps/linux-rhel8-x86_64_v2/gcc-10.3.0/curl-7.80.0-rm/include:1;/opt/sw/spack/apps/linux-rhel8-x86_64_v2/gcc-10.3.0/openmpi-4.1.2-4a/include:1;/opt/sw/spack/apps/linux-rhel8-x86_64_v2/gcc-10.3.0/zlib-1.2.11-2y/include:1;/opt/sw/spack/apps/linux-rhel8-x86_64_v2/gcc-9.3.0/gcc-10.3.0-ya/include/c++/10.3.0:1;/opt/sw/spack/apps/linux-rhel8-x86_64_v2/gcc-9.3.0/gcc-10.3.0-ya/include:1, env.LMOD_DIR=/opt/ohpc/admin/lmod/lmod/libexec, env.SLURM_JOB_END_TIME=1751312649, env.SLURM_CPUS_ON_NODE=8, java.awt.printerjob=sun.print.PSPrinterJob, env.__LMOD_REF_COUNT_C_INCLUDE_PATH=/opt/sw/spack/apps/linux-rhel8-x86_64_v2/gcc-10.3.0/bzip2-1.0.8-no/include:1;/opt/sw/spack/apps/linux-rhel8-x86_64_v2/gcc-10.3.0/curl-7.80.0-rm/include:1;/opt/sw/spack/apps/linux-rhel8-x86_64_v2/gcc-10.3.0/openmpi-4.1.2-4a/include:1;/opt/sw/spack/apps/linux-rhel8-x86_64_v2/gcc-10.3.0/zlib-1.2.11-2y/include:1;/opt/sw/spack/apps/linux-rhel8-x86_64_v2/gcc-9.3.0/gcc-10.3.0-ya/include:1, env.S_COLORS=auto, env.SLURM_CLUSTER_NAME=hopper, env.SLURM_NODELIST=amd077, env.LMOD_FAMILY_MPI_VERSION=4.1.2-4a, env.SLURM_JOB_USER=tbaral, env.SLURM_NODE_ALIASES=(null), env.SLURM_JOB_ACCOUNT=winglam, env.PYTHON_FLAKY_BIN=/scratch/tbaral/ase26/python/py39/bin/python3.9, env.F77=/opt/sw/spack/apps/linux-rhel8-x86_64_v2/gcc-9.3.0/gcc-10.3.0-ya/bin/gfortran, env.SINGULARITY_BASE_USER=/containers/hopper/UserContainers/tbaral, env.LMOD_REDIRECT=no, env.LOADEDMODULES=use.own:autotools:prun/2.0:hosts/hopper:slurm-tools/2023-09:gnu10/10.3.0-ya:zlib/1.2.11-2y:openmpi4/4.1.2-4a:curl/7.80.0-rm:bzip2/1.0.8-no:perl/5.34.0-lm:git/2.39.1-vd, env.BASH_FUNC_module%%=() {  eval $($LMOD_CMD bash "$@") && eval $(${LMOD_SETTARG_CMD:-:} -s sh)
}, os.name=Linux, java.specification.vendor=Oracle Corporation, env.SLURMD_NODENAME=amd077, env.SLURM_JOB_NAME=679_flakerake, env.TERM=screen, java.vm.name=Java HotSpot(TM) 64-Bit Server VM, env.JAVA_FLAKY_HOME=/scratch/tbaral/ase26/otog/setups/jdk1.8.0_102, env.SLURM_JOB_QOS=normal, java.library.path=/opt/sw/spack/apps/linux-rhel8-x86_64_v2/gcc-10.3.0/perl-5.34.0-lm/lib:/opt/sw/spack/apps/linux-rhel8-x86_64_v2/gcc-10.3.0/bzip2-1.0.8-no/lib:/opt/sw/spack/apps/linux-rhel8-x86_64_v2/gcc-10.3.0/curl-7.80.0-rm/lib:/opt/sw/spack/apps/linux-rhel8-x86_64_v2/gcc-10.3.0/openmpi-4.1.2-4a/lib:/opt/sw/spack/apps/linux-rhel8-x86_64_v2/gcc-10.3.0/zlib-1.2.11-2y/lib:/opt/sw/spack/apps/linux-rhel8-x86_64_v2/gcc-9.3.0/gcc-10.3.0-ya/lib64:/opt/sw/spack/apps/linux-rhel8-x86_64_v2/gcc-9.3.0/gcc-10.3.0-ya/lib:/lib64:/usr/java/packages/lib/amd64:/usr/lib64:/lib64:/lib:/usr/lib, env._ModuleTable009_=InN0YWNrRGVwdGgiXT0yLFsic3RhdHVzIl09ImFjdGl2ZSIsWyJ1c2VyTmFtZSJdPSJ6bGliLzEuMi4xMS0yeSIsfSx9LG1wYXRoQT17Ii9vcHQvc3cvb3RoZXIvbW9kdWxlZGVwcy9saW51eC1yaGVsOC14ODZfNjRfdjIvZ2NjLTEwLjMuMC1vcGVubXBpLTQuMS4yIiwiL29wdC9zdy9zcGFjay9tb2R1bGVkZXBzL2xpbnV4LXJoZWw4LXg4Nl82NC9nbnUtMTAuMy4wLW9wZW5tcGktNC4xLjIiLCIvb3B0L3N3L290aGVyL21vZHVsZWRlcHMvbGludXgtcmhlbDgteDg2XzY0X3YyL2djYy0xMC4zLjAiLCIvb3B0L3N3L3NwYWNrL21vZHVsZXMvbG1vZC9saW51eC1yaGVsOC14ODZfNjQvZ2NjLzEwLjMuMCIsIi9vcHQvc3cvb3RoZXIvbW9kdWxlZmlsZXMiLCIvb3B0L29ocGMvcHVi, env.PATH=/scratch/tbaral/ase26/python/py39/bin:/opt/sw/spack/apps/linux-rhel8-x86_64_v2/gcc-10.3.0/git-2.39.1-vd/bin:/opt/sw/spack/apps/linux-rhel8-x86_64_v2/gcc-10.3.0/perl-5.34.0-lm/bin:/opt/sw/spack/apps/linux-rhel8-x86_64_v2/gcc-10.3.0/bzip2-1.0.8-no/bin:/opt/sw/spack/apps/linux-rhel8-x86_64_v2/gcc-10.3.0/curl-7.80.0-rm/bin:/opt/sw/spack/apps/linux-rhel8-x86_64_v2/gcc-10.3.0/openmpi-4.1.2-4a/bin:/opt/sw/spack/apps/linux-rhel8-x86_64_v2/gcc-9.3.0/gcc-10.3.0-ya/bin:/opt/sw/other/apps/slurm-tools/2023-09/bin:/opt/ohpc/pub/utils/prun/2.0:/opt/ohpc/pub/utils/autotools/bin:/opt/ohpc/pub/bin:/opt/sw/spack/current/bin:/usr/local/bin:/usr/bin:/usr/local/sbin:/usr/sbin:/opt/dell/srvadmin/bin:/scratch/tbaral/ase26/otog/setups/maven/bin, env.CC=/opt/sw/spack/apps/linux-rhel8-x86_64_v2/gcc-9.3.0/gcc-10.3.0-ya/bin/gcc, library.jansi.path=/scratch/tbaral/ase26/otog/setups/maven/lib/jansi-native, env.__LMOD_REF_COUNT_LIBRARY_PATH=/opt/sw/spack/apps/linux-rhel8-x86_64_v2/gcc-10.3.0/perl-5.34.0-lm/lib:1;/opt/sw/spack/apps/linux-rhel8-x86_64_v2/gcc-10.3.0/bzip2-1.0.8-no/lib:1;/opt/sw/spack/apps/linux-rhel8-x86_64_v2/gcc-10.3.0/curl-7.80.0-rm/lib:1;/opt/sw/spack/apps/linux-rhel8-x86_64_v2/gcc-10.3.0/openmpi-4.1.2-4a/lib:1;/opt/sw/spack/apps/linux-rhel8-x86_64_v2/gcc-10.3.0/zlib-1.2.11-2y/lib:1;/opt/sw/spack/apps/linux-rhel8-x86_64_v2/gcc-9.3.0/gcc-10.3.0-ya/lib64:1;/opt/sw/spack/apps/linux-rhel8-x86_64_v2/gcc-9.3.0/gcc-10.3.0-ya/lib:1, env.LMOD_SITE_NAME=GMU_Hopper, env.DEBUGINFOD_URLS=https://debuginfod.centos.org/ , java.class.version=52.0, env.SHLVL=4, maven.multiModuleProjectDirectory=/scratch/tbaral/ase26/nod-rr/NOD-Test-Repair/run_flakerake/projects/679/okhttp-tests, env.LD_LIBRARY_PATH=/opt/sw/spack/apps/linux-rhel8-x86_64_v2/gcc-10.3.0/perl-5.34.0-lm/lib:/opt/sw/spack/apps/linux-rhel8-x86_64_v2/gcc-10.3.0/bzip2-1.0.8-no/lib:/opt/sw/spack/apps/linux-rhel8-x86_64_v2/gcc-10.3.0/curl-7.80.0-rm/lib:/opt/sw/spack/apps/linux-rhel8-x86_64_v2/gcc-10.3.0/openmpi-4.1.2-4a/lib:/opt/sw/spack/apps/linux-rhel8-x86_64_v2/gcc-10.3.0/zlib-1.2.11-2y/lib:/opt/sw/spack/apps/linux-rhel8-x86_64_v2/gcc-9.3.0/gcc-10.3.0-ya/lib64:/opt/sw/spack/apps/linux-rhel8-x86_64_v2/gcc-9.3.0/gcc-10.3.0-ya/lib:/lib64, env.MODULESHOME=/opt/ohpc/admin/lmod/lmod, env.LMOD_FAMILY_MPI=openmpi4, env.GCC_ROOT=/opt/sw/spack/apps/linux-rhel8-x86_64_v2/gcc-9.3.0/gcc-10.3.0-ya, env.LMOD_SETTARG_CMD=:, env.__LMOD_REF_COUNT_LD_LIBRARY_PATH=/opt/sw/spack/apps/linux-rhel8-x86_64_v2/gcc-10.3.0/perl-5.34.0-lm/lib:1;/opt/sw/spack/apps/linux-rhel8-x86_64_v2/gcc-10.3.0/bzip2-1.0.8-no/lib:1;/opt/sw/spack/apps/linux-rhel8-x86_64_v2/gcc-10.3.0/curl-7.80.0-rm/lib:1;/opt/sw/spack/apps/linux-rhel8-x86_64_v2/gcc-10.3.0/openmpi-4.1.2-4a/lib:1;/opt/sw/spack/apps/linux-rhel8-x86_64_v2/gcc-10.3.0/zlib-1.2.11-2y/lib:1;/opt/sw/spack/apps/linux-rhel8-x86_64_v2/gcc-9.3.0/gcc-10.3.0-ya/lib64:1;/opt/sw/spack/apps/linux-rhel8-x86_64_v2/gcc-9.3.0/gcc-10.3.0-ya/lib:1;/lib64:1, env.LMOD_VERSION=8.2.10, env.SLURM_JOB_ID=3844821, env.LMOD_SETTARG_TITLE_BAR=no, failIfNoTests=false, env.LMOD_AVAIL_STYLE=en_grouped:system, env.MODULEPATH=/opt/sw/other/moduledeps/linux-rhel8-x86_64_v2/gcc-10.3.0-openmpi-4.1.2:/opt/sw/spack/moduledeps/linux-rhel8-x86_64/gnu-10.3.0-openmpi-4.1.2:/opt/sw/other/moduledeps/linux-rhel8-x86_64_v2/gcc-10.3.0:/opt/sw/spack/modules/lmod/linux-rhel8-x86_64/gcc/10.3.0:/opt/sw/other/modulefiles:/opt/ohpc/pub/modulefiles:/etc/modulefiles/Core:/opt/ohpc/admin/lmod/8.2.10/modulefiles/Core:/home/tbaral/privatemodules, project.build.sourceEncoding=UTF-8, env._ModuleTable008_=ImluYWN0aXZlIixbInVzZXJOYW1lIl09InVjeCIsfSxbInVzZS5vd24iXT17WyJmbiJdPSIvb3B0L29ocGMvYWRtaW4vbG1vZC84LjIuMTAvbW9kdWxlZmlsZXMvQ29yZS91c2Uub3duLmx1YSIsWyJmdWxsTmFtZSJdPSJ1c2Uub3duIixbImxvYWRPcmRlciJdPTEscHJvcFQ9e30sWyJzdGFja0RlcHRoIl09MSxbInN0YXR1cyJdPSJhY3RpdmUiLFsidXNlck5hbWUiXT0idXNlLm93biIsfSx6bGliPXtbImZuIl09Ii9vcHQvc3cvc3BhY2svbW9kdWxlcy9sbW9kL2xpbnV4LXJoZWw4LXg4Nl82NC9nY2MvMTAuMy4wL3psaWIvMS4yLjExLTJ5Lmx1YSIsWyJmdWxsTmFtZSJdPSJ6bGliLzEuMi4xMS0yeSIsWyJsb2FkT3JkZXIiXT03LHByb3BUPXt9LFsicmVmX2NvdW50Il09NCxb, sun.boot.library.path=/scratch/tbaral/ase26/otog/setups/jdk1.8.0_102/jre/lib/amd64, env.VIRTUAL_ENV=/scratch/tbaral/ase26/python/py39, sun.management.compiler=HotSpot 64-Bit Tiered Compilers, env.LMOD_CMD=/opt/ohpc/admin/lmod/lmod/libexec/lmod, java.awt.graphicsenv=sun.awt.X11GraphicsEnvironment, env.BASH_FUNC_ml%%=() {  eval $($LMOD_DIR/ml_cmd "$@")
}, env._ModuleTable_Sz_=10, env.BASH_ENV=/opt/ohpc/admin/lmod/lmod/init/bash, env.USER=tbaral, env.SLURM_JOB_PARTITION=bigmem, airlift.version=0.6, env.__LMOD_REF_COUNT_MANPATH=/opt/sw/spack/apps/linux-rhel8-x86_64_v2/gcc-10.3.0/git-2.39.1-vd/share/man:1;/opt/sw/spack/apps/linux-rhel8-x86_64_v2/gcc-10.3.0/perl-5.34.0-lm/man:1;/opt/sw/spack/apps/linux-rhel8-x86_64_v2/gcc-10.3.0/bzip2-1.0.8-no/man:1;/opt/sw/spack/apps/linux-rhel8-x86_64_v2/gcc-10.3.0/curl-7.80.0-rm/share/man:1;/opt/sw/spack/apps/linux-rhel8-x86_64_v2/gcc-10.3.0/openmpi-4.1.2-4a/share/man:1;/opt/sw/spack/apps/linux-rhel8-x86_64_v2/gcc-10.3.0/zlib-1.2.11-2y/share/man:1;/opt/sw/spack/apps/linux-rhel8-x86_64_v2/gcc-9.3.0/gcc-10.3.0-ya/share/man:1;/opt/ohpc/pub/utils/autotools/share/man:1;/usr/local/share/man:1;/usr/share/man/overrides:1;/usr/share/man/en:1;/usr/share/man:1, junit.version=4.11, java.vm.specification.version=1.8, env.SLURM_TASKS_PER_NODE=1, env.LMOD_AUTO_SWAP=yes, env.SCRATCH2=/scratch2/tbaral, env.MAVEN_REPO=/home/tbaral/.m2/repository, env._ModuleTable007_=InBydW4iLH0sWyJzbHVybS10b29scyJdPXtbImZuIl09Ii9vcHQvc3cvb3RoZXIvbW9kdWxlZmlsZXMvc2x1cm0tdG9vbHMvMjAyMy0wOSIsWyJmdWxsTmFtZSJdPSJzbHVybS10b29scy8yMDIzLTA5IixbImxvYWRPcmRlciJdPTUscHJvcFQ9e30sWyJzdGFja0RlcHRoIl09MCxbInN0YXR1cyJdPSJhY3RpdmUiLFsidXNlck5hbWUiXT0ic2x1cm0tdG9vbHMvMjAyMy0wOSIsfSx1Y3g9e1siZm4iXT0iL29wdC9zdy9zcGFjay9tb2R1bGVkZXBzL2xpbnV4LXJoZWw4LXg4Nl82NC9nbnUtOS4zLjAvdWN4LzEuMTIuMS00Zy5sdWEiLFsiZnVsbE5hbWUiXT0idWN4LzEuMTIuMS00ZyIsWyJsb2FkT3JkZXIiXT0tNCxwcm9wVD17fSxbInN0YWNrRGVwdGgiXT0yLFsic3RhdHVzIl09, env.NLSPATH=/usr/dt/lib/nls/msg/%L/%N.cat, npn.version=8.1.2.v20120308, awt.toolkit=sun.awt.X11.XToolkit, sun.cpu.isalist=, env.MAVEN_PROJECTBASEDIR=/scratch/tbaral/ase26/nod-rr/NOD-Test-Repair/run_flakerake/projects/679/okhttp-tests, env.SLURM_SUBMIT_DIR=/scratch/tbaral/ase26/nod-rr/NOD-Test-Repair/run_flakerake, java.ext.dirs=/scratch/tbaral/ase26/otog/setups/jdk1.8.0_102/jre/lib/ext:/usr/java/packages/lib/ext, os.version=4.18.0-553.33.1.el8_10.x86_64, user.home=/home/tbaral, java.vm.vendor=Oracle Corporation, env.BASH_FUNC_which%%=() {  ( alias;
 eval ${which_declare} ) | /usr/bin/which --tty-only --read-alias --read-functions --show-tilde --show-dot $@
}, env.PKG_CONFIG_PATH=/opt/sw/spack/apps/linux-rhel8-x86_64_v2/gcc-10.3.0/curl-7.80.0-rm/lib/pkgconfig:/opt/sw/spack/apps/linux-rhel8-x86_64_v2/gcc-10.3.0/openmpi-4.1.2-4a/lib/pkgconfig:/opt/sw/spack/apps/linux-rhel8-x86_64_v2/gcc-10.3.0/zlib-1.2.11-2y/lib/pkgconfig, env.JAVA_HOME=/scratch/tbaral/ase26/otog/setups/jdk1.8.0_102, env.XDG_SESSION_ID=59324, env.SINGULARITY_BASE=/containers/hopper/Containers, env._ModuleTable010_=L21vZHVsZWZpbGVzIiwiL2V0Yy9tb2R1bGVmaWxlcy9Db3JlIiwiL29wdC9vaHBjL2FkbWluL2xtb2QvOC4yLjEwL21vZHVsZWZpbGVzL0NvcmUiLCIvaG9tZS90YmFyYWwvcHJpdmF0ZW1vZHVsZXMiLH0sWyJzeXN0ZW1CYXNlTVBBVEgiXT0iL2V0Yy9tb2R1bGVmaWxlcy9Db3JlOi9vcHQvb2hwYy9hZG1pbi9sbW9kLzguMi4xMC9tb2R1bGVmaWxlcy9Db3JlOi9vcHQvb2hwYy9wdWIvbW9kdWxlZmlsZXMiLH0=, maven.conf=/scratch/tbaral/ase26/otog/setups/maven/conf, user.dir=/scratch/tbaral/ase26/nod-rr/NOD-Test-Repair/run_flakerake/projects/679/okhttp-tests, env.XFILESEARCHPATH=/usr/dt/app-defaults/%L/Dt, env.SLURM_NNODES=1, env.MAIL=/var/spool/mail/tbaral, env.PERL_ROOT=/opt/sw/spack/apps/linux-rhel8-x86_64_v2/gcc-10.3.0/perl-5.34.0-lm, env.__LMOD_REF_COUNT_PKG_CONFIG_PATH=/opt/sw/spack/apps/linux-rhel8-x86_64_v2/gcc-10.3.0/curl-7.80.0-rm/lib/pkgconfig:1;/opt/sw/spack/apps/linux-rhel8-x86_64_v2/gcc-10.3.0/openmpi-4.1.2-4a/lib/pkgconfig:1;/opt/sw/spack/apps/linux-rhel8-x86_64_v2/gcc-10.3.0/zlib-1.2.11-2y/lib/pkgconfig:1, env.PWD=/scratch/tbaral/ase26/nod-rr/NOD-Test-Repair/run_flakerake/projects/679/okhttp-tests, env.SLURM_SUBMIT_HOST=hopper2.orc.gmu.edu, env._ModuleTable006_=ZXJsPXtbImZuIl09Ii9vcHQvc3cvc3BhY2svbW9kdWxlcy9sbW9kL2xpbnV4LXJoZWw4LXg4Nl82NC9nY2MvMTAuMy4wL3BlcmwvNS4zNC4wLWxtLmx1YSIsWyJmdWxsTmFtZSJdPSJwZXJsLzUuMzQuMC1sbSIsWyJsb2FkT3JkZXIiXT0xMSxwcm9wVD17fSxbInJlZl9jb3VudCJdPTEsWyJzdGFja0RlcHRoIl09MSxbInN0YXR1cyJdPSJhY3RpdmUiLFsidXNlck5hbWUiXT0icGVybC81LjM0LjAtbG0iLH0scHJ1bj17WyJmbiJdPSIvb3B0L29ocGMvcHViL21vZHVsZWZpbGVzL3BydW4vMi4wLmx1YSIsWyJmdWxsTmFtZSJdPSJwcnVuLzIuMCIsWyJsb2FkT3JkZXIiXT0zLHByb3BUPXt9LFsic3RhY2tEZXB0aCJdPTEsWyJzdGF0dXMiXT0iYWN0aXZlIixbInVzZXJOYW1lIl09, env.GIT_ROOT=/opt/sw/spack/apps/linux-rhel8-x86_64_v2/gcc-10.3.0/git-2.39.1-vd, sun.cpu.endian=little, env.__LMOD_REF_COUNT_CPLUS_INCLUDE_PATH=/opt/sw/spack/apps/linux-rhel8-x86_64_v2/gcc-10.3.0/bzip2-1.0.8-no/include:1;/opt/sw/spack/apps/linux-rhel8-x86_64_v2/gcc-10.3.0/curl-7.80.0-rm/include:1;/opt/sw/spack/apps/linux-rhel8-x86_64_v2/gcc-10.3.0/openmpi-4.1.2-4a/include:1;/opt/sw/spack/apps/linux-rhel8-x86_64_v2/gcc-10.3.0/zlib-1.2.11-2y/include:1;/opt/sw/spack/apps/linux-rhel8-x86_64_v2/gcc-9.3.0/gcc-10.3.0-ya/include:1, env.SLURM_TOPOLOGY_ADDR=amd077, env.SLURM_GTIDS=0, env.ZLIB_ROOT=/opt/sw/spack/apps/linux-rhel8-x86_64_v2/gcc-10.3.0/zlib-1.2.11-2y, env.SLURM_JOB_NUM_NODES=1, env.TMPDIR=/tmp, env.__LMOD_REF_COUNT_PATH=/opt/sw/spack/apps/linux-rhel8-x86_64_v2/gcc-10.3.0/git-2.39.1-vd/bin:1;/opt/sw/spack/apps/linux-rhel8-x86_64_v2/gcc-10.3.0/perl-5.34.0-lm/bin:1;/opt/sw/spack/apps/linux-rhel8-x86_64_v2/gcc-10.3.0/bzip2-1.0.8-no/bin:1;/opt/sw/spack/apps/linux-rhel8-x86_64_v2/gcc-10.3.0/curl-7.80.0-rm/bin:1;/opt/sw/spack/apps/linux-rhel8-x86_64_v2/gcc-10.3.0/openmpi-4.1.2-4a/bin:1;/opt/sw/spack/apps/linux-rhel8-x86_64_v2/gcc-9.3.0/gcc-10.3.0-ya/bin:1;/opt/sw/other/apps/slurm-tools/2023-09/bin:1;/opt/ohpc/pub/utils/prun/2.0:1;/opt/ohpc/pub/utils/autotools/bin:1;/opt/ohpc/pub/bin:1;/opt/sw/spack/current/bin:1;/usr/local/bin:1;/usr/bin:1;/usr/local/sbin:1;/usr/sbin:1;/opt/dell/srvadmin/bin:1, env.SLURM_JOB_CPUS_PER_NODE=8, env.CPLUS_INCLUDE_PATH=/opt/sw/spack/apps/linux-rhel8-x86_64_v2/gcc-10.3.0/bzip2-1.0.8-no/include:/opt/sw/spack/apps/linux-rhel8-x86_64_v2/gcc-10.3.0/curl-7.80.0-rm/include:/opt/sw/spack/apps/linux-rhel8-x86_64_v2/gcc-10.3.0/openmpi-4.1.2-4a/include:/opt/sw/spack/apps/linux-rhel8-x86_64_v2/gcc-10.3.0/zlib-1.2.11-2y/include:/opt/sw/spack/apps/linux-rhel8-x86_64_v2/gcc-9.3.0/gcc-10.3.0-ya/include, java.vm.version=25.102-b14, java.class.path=/scratch/tbaral/ase26/otog/setups/maven/boot/plexus-classworlds-2.6.0.jar, env.__LMOD_REF_COUNT_LOADEDMODULES=use.own:1;autotools:1;prun/2.0:1;hosts/hopper:1;slurm-tools/2023-09:1;gnu10/10.3.0-ya:1;zlib/1.2.11-2y:1;openmpi4/4.1.2-4a:1;curl/7.80.0-rm:1;bzip2/1.0.8-no:1;perl/5.34.0-lm:1;git/2.39.1-vd:1, os.arch=amd64, maven.build.version=Apache Maven 3.6.3 (cecedd343002696d0abb50b32b541b8a6ba2883f), env.SLURM_LOCALID=0, env.SLURM_CONF=/var/spool/slurmd/conf-cache/slurm.conf, guava.version=16.0, sun.java.launcher=SUN_STANDARD, env._ModuleTable005_=Yy9wdWIvbW9kdWxlZmlsZXMvbGliZmFicmljLzEuMTAuMS5sdWEiLFsiZnVsbE5hbWUiXT0ibGliZmFicmljLzEuMTAuMSIsWyJsb2FkT3JkZXIiXT0tNSxwcm9wVD17fSxbInN0YWNrRGVwdGgiXT0yLFsic3RhdHVzIl09ImluYWN0aXZlIixbInVzZXJOYW1lIl09ImxpYmZhYnJpYyIsfSxvcGVubXBpND17WyJmbiJdPSIvb3B0L3N3L3NwYWNrL21vZHVsZXMvbG1vZC9saW51eC1yaGVsOC14ODZfNjQvZ2NjLzEwLjMuMC9vcGVubXBpNC80LjEuMi00YS5sdWEiLFsiZnVsbE5hbWUiXT0ib3Blbm1waTQvNC4xLjItNGEiLFsibG9hZE9yZGVyIl09OCxwcm9wVD17fSxbInN0YWNrRGVwdGgiXT0wLFsic3RhdHVzIl09ImFjdGl2ZSIsWyJ1c2VyTmFtZSJdPSJvcGVubXBpNCIsfSxw, java.vm.specification.vendor=Oracle Corporation, file.separator=/, gson.version=2.2.3, env.FLAKY_MVN_INSTALL_OPTS=-DskipTests -q -B -fn -s $FLAKY_HOME/shell_scripts/maven-repo-fix-settings.xml -DskipITs, java.runtime.version=1.8.0_102-b14, sun.boot.class.path=/scratch/tbaral/ase26/otog/setups/jdk1.8.0_102/jre/lib/resources.jar:/scratch/tbaral/ase26/otog/setups/jdk1.8.0_102/jre/lib/rt.jar:/scratch/tbaral/ase26/otog/setups/jdk1.8.0_102/jre/lib/sunrsasign.jar:/scratch/tbaral/ase26/otog/setups/jdk1.8.0_102/jre/lib/jsse.jar:/scratch/tbaral/ase26/otog/setups/jdk1.8.0_102/jre/lib/jce.jar:/scratch/tbaral/ase26/otog/setups/jdk1.8.0_102/jre/lib/charsets.jar:/scratch/tbaral/ase26/otog/setups/jdk1.8.0_102/jre/lib/jfr.jar:/scratch/tbaral/ase26/otog/setups/jdk1.8.0_102/jre/classes, env.TMOUT=28800, env.XDG_RUNTIME_DIR=/run/user/1224545917, maven.version=3.6.3, env.__LMOD_REF_COUNT_MODULEPATH=/opt/sw/other/moduledeps/linux-rhel8-x86_64_v2/gcc-10.3.0-openmpi-4.1.2:1;/opt/sw/spack/moduledeps/linux-rhel8-x86_64/gnu-10.3.0-openmpi-4.1.2:1;/opt/sw/other/moduledeps/linux-rhel8-x86_64_v2/gcc-10.3.0:1;/opt/sw/spack/modules/lmod/linux-rhel8-x86_64/gcc/10.3.0:1;/opt/sw/other/modulefiles:1;/opt/ohpc/pub/modulefiles:2;/etc/modulefiles/Core:1;/opt/ohpc/admin/lmod/8.2.10/modulefiles/Core:1;/home/tbaral/privatemodules:1, env.MPICXX=/opt/sw/spack/apps/linux-rhel8-x86_64_v2/gcc-10.3.0/openmpi-4.1.2-4a/bin/mpic++, user.country=US, env.LMOD_ROOT=/opt/ohpc/admin/lmod, maven.home=/scratch/tbaral/ase26/otog/setups/maven, env.SHELL=/bin/bash, env._ModuleTable004_=dTEwIix9LGhvc3RzPXtbImZuIl09Ii9ldGMvbW9kdWxlZmlsZXMvQ29yZS9ob3N0cy9ob3BwZXIiLFsiZnVsbE5hbWUiXT0iaG9zdHMvaG9wcGVyIixbImxvYWRPcmRlciJdPTQscHJvcFQ9e30sWyJzdGFja0RlcHRoIl09MCxbInN0YXR1cyJdPSJhY3RpdmUiLFsidXNlck5hbWUiXT0iaG9zdHMvaG9wcGVyIix9LGh3bG9jPXtbImZuIl09Ii9vcHQvb2hwYy9wdWIvbW9kdWxlZmlsZXMvaHdsb2MvMi4xLjAubHVhIixbImZ1bGxOYW1lIl09Imh3bG9jLzIuMS4wIixbImxvYWRPcmRlciJdPS02LHByb3BUPXt9LFsic3RhY2tEZXB0aCJdPTIsWyJzdGF0dXMiXT0iaW5hY3RpdmUiLFsidXNlck5hbWUiXT0iaHdsb2MvMi4xLjAiLH0sbGliZmFicmljPXtbImZuIl09Ii9vcHQvb2hw, java.vendor=Oracle Corporation, env.SLURM_CPUS_PER_TASK=8, env._LMFILES_=/opt/ohpc/admin/lmod/8.2.10/modulefiles/Core/use.own.lua:/opt/ohpc/pub/modulefiles/autotools.lua:/opt/ohpc/pub/modulefiles/prun/2.0.lua:/etc/modulefiles/Core/hosts/hopper:/opt/sw/other/modulefiles/slurm-tools/2023-09:/opt/ohpc/pub/modulefiles/gnu10/10.3.0-ya.lua:/opt/sw/spack/modules/lmod/linux-rhel8-x86_64/gcc/10.3.0/zlib/1.2.11-2y.lua:/opt/sw/spack/modules/lmod/linux-rhel8-x86_64/gcc/10.3.0/openmpi4/4.1.2-4a.lua:/opt/sw/spack/modules/lmod/linux-rhel8-x86_64/gcc/10.3.0/curl/7.80.0-rm.lua:/opt/sw/spack/modules/lmod/linux-rhel8-x86_64/gcc/10.3.0/bzip2/1.0.8-no.lua:/opt/sw/spack/modules/lmod/linux-rhel8-x86_64/gcc/10.3.0/perl/5.34.0-lm.lua:/opt/sw/spack/modules/lmod/linux-rhel8-x86_64/gcc/10.3.0/git/2.39.1-vd.lua, env.FLAKY_HOME=/scratch/tbaral/ase26/nod-rr/NOD-Test-Repair/flakerake, java.specification.version=1.8, sun.arch.data.model=64}
[INFO] Using 'UTF-8' encoding to copy filtered resources.
[DEBUG] resource with targetPath null
directory /scratch/tbaral/ase26/nod-rr/NOD-Test-Repair/run_flakerake/projects/679/okhttp-tests/src/main/resources
excludes []
includes []
[INFO] skip non existing resourceDirectory /scratch/tbaral/ase26/nod-rr/NOD-Test-Repair/run_flakerake/projects/679/okhttp-tests/src/main/resources
[DEBUG] no use filter components
[INFO] 
[INFO] --- maven-compiler-plugin:3.0:compile (default-compile) @ okhttp-tests ---
[DEBUG] Dependency collection stats: {ConflictMarker.analyzeTime=226127, ConflictMarker.markTime=96743, ConflictMarker.nodeCount=160, ConflictIdSorter.graphTime=66456, ConflictIdSorter.topsortTime=40406, ConflictIdSorter.conflictIdCount=43, ConflictIdSorter.conflictIdCycleCount=0, ConflictResolver.totalTime=828414, ConflictResolver.conflictItemCount=63, DefaultDependencyCollector.collectTime=391066325, DefaultDependencyCollector.transformTime=1279577}
[DEBUG] org.apache.maven.plugins:maven-compiler-plugin:jar:3.0
[DEBUG]    org.apache.maven:maven-plugin-api:jar:2.0.9:compile
[DEBUG]    org.apache.maven:maven-artifact:jar:2.0.9:compile
[DEBUG]       org.codehaus.plexus:plexus-utils:jar:1.5.1:compile
[DEBUG]    org.apache.maven:maven-core:jar:2.0.9:compile
[DEBUG]       org.apache.maven:maven-settings:jar:2.0.9:compile
[DEBUG]       org.apache.maven:maven-plugin-parameter-documenter:jar:2.0.9:compile
[DEBUG]       org.apache.maven:maven-profile:jar:2.0.9:compile
[DEBUG]       org.apache.maven:maven-model:jar:2.0.9:compile
[DEBUG]       org.apache.maven:maven-repository-metadata:jar:2.0.9:compile
[DEBUG]       org.apache.maven:maven-error-diagnostics:jar:2.0.9:compile
[DEBUG]       org.apache.maven:maven-project:jar:2.0.9:compile
[DEBUG]          org.apache.maven:maven-plugin-registry:jar:2.0.9:compile
[DEBUG]       org.apache.maven:maven-plugin-descriptor:jar:2.0.9:compile
[DEBUG]       org.apache.maven:maven-artifact-manager:jar:2.0.9:compile
[DEBUG]       org.apache.maven:maven-monitor:jar:2.0.9:compile
[DEBUG]    org.apache.maven:maven-toolchain:jar:1.0:compile
[DEBUG]    org.apache.maven.shared:maven-shared-utils:jar:0.1:compile
[DEBUG]       com.google.code.findbugs:jsr305:jar:2.0.1:compile
[DEBUG]    org.apache.maven.shared:maven-shared-incremental:jar:1.0:compile
[DEBUG]       org.codehaus.plexus:plexus-component-annotations:jar:1.5.5:compile (version managed from default)
[DEBUG]    org.codehaus.plexus:plexus-compiler-api:jar:2.0:compile
[DEBUG]    org.codehaus.plexus:plexus-compiler-manager:jar:2.0:compile
[DEBUG]    org.codehaus.plexus:plexus-compiler-javac:jar:2.0:runtime
[DEBUG]    org.codehaus.plexus:plexus-container-default:jar:1.5.5:compile
[DEBUG]       org.codehaus.plexus:plexus-classworlds:jar:2.2.2:compile
[DEBUG]       org.apache.xbean:xbean-reflect:jar:3.4:compile
[DEBUG]          log4j:log4j:jar:1.2.12:compile
[DEBUG]          commons-logging:commons-logging-api:jar:1.1:compile
[DEBUG]       com.google.collections:google-collections:jar:1.0:compile
[DEBUG]       junit:junit:jar:3.8.2:compile
[DEBUG] Created new class realm plugin>org.apache.maven.plugins:maven-compiler-plugin:3.0
[DEBUG] Importing foreign packages into class realm plugin>org.apache.maven.plugins:maven-compiler-plugin:3.0
[DEBUG]   Imported:  < maven.api
[DEBUG] Populating class realm plugin>org.apache.maven.plugins:maven-compiler-plugin:3.0
[DEBUG]   Included: org.apache.maven.plugins:maven-compiler-plugin:jar:3.0
[DEBUG]   Included: org.codehaus.plexus:plexus-utils:jar:1.5.1
[DEBUG]   Included: org.apache.maven.shared:maven-shared-utils:jar:0.1
[DEBUG]   Included: com.google.code.findbugs:jsr305:jar:2.0.1
[DEBUG]   Included: org.apache.maven.shared:maven-shared-incremental:jar:1.0
[DEBUG]   Included: org.codehaus.plexus:plexus-component-annotations:jar:1.5.5
[DEBUG]   Included: org.codehaus.plexus:plexus-compiler-api:jar:2.0
[DEBUG]   Included: org.codehaus.plexus:plexus-compiler-manager:jar:2.0
[DEBUG]   Included: org.codehaus.plexus:plexus-compiler-javac:jar:2.0
[DEBUG]   Included: org.apache.xbean:xbean-reflect:jar:3.4
[DEBUG]   Included: log4j:log4j:jar:1.2.12
[DEBUG]   Included: commons-logging:commons-logging-api:jar:1.1
[DEBUG]   Included: com.google.collections:google-collections:jar:1.0
[DEBUG]   Included: junit:junit:jar:3.8.2
[DEBUG] Configuring mojo org.apache.maven.plugins:maven-compiler-plugin:3.0:compile from plugin realm ClassRealm[plugin>org.apache.maven.plugins:maven-compiler-plugin:3.0, parent: sun.misc.Launcher$AppClassLoader@5c647e05]
[DEBUG] Configuring mojo 'org.apache.maven.plugins:maven-compiler-plugin:3.0:compile' with basic configurator -->
[DEBUG]   (f) basedir = /scratch/tbaral/ase26/nod-rr/NOD-Test-Repair/run_flakerake/projects/679/okhttp-tests
[DEBUG]   (f) buildDirectory = /scratch/tbaral/ase26/nod-rr/NOD-Test-Repair/run_flakerake/projects/679/okhttp-tests/target
[DEBUG]   (f) classpathElements = [/scratch/tbaral/ase26/nod-rr/NOD-Test-Repair/run_flakerake/projects/679/okhttp-tests/target/classes, /home/tbaral/.m2/repository/com/squareup/okio/okio/2.0.0-SNAPSHOT/okio-2.0.0-SNAPSHOT.jar, /home/tbaral/.m2/repository/com/squareup/okhttp/okhttp/2.0.0-SNAPSHOT/okhttp-2.0.0-SNAPSHOT.jar, /home/tbaral/.m2/repository/com/squareup/okhttp/okhttp-protocols/2.0.0-SNAPSHOT/okhttp-protocols-2.0.0-SNAPSHOT.jar, /home/tbaral/.m2/repository/org/mortbay/jetty/npn/npn-boot/8.1.2.v20120308/npn-boot-8.1.2.v20120308.jar]
[DEBUG]   (f) compileSourceRoots = [/scratch/tbaral/ase26/nod-rr/NOD-Test-Repair/run_flakerake/projects/679/okhttp-tests/src/main/java]
[DEBUG]   (f) compilerId = javac
[DEBUG]   (f) debug = true
[DEBUG]   (f) encoding = UTF-8
[DEBUG]   (f) failOnError = true
[DEBUG]   (f) forceJavacCompilerUse = false
[DEBUG]   (f) fork = false
[DEBUG]   (f) generatedSourcesDirectory = /scratch/tbaral/ase26/nod-rr/NOD-Test-Repair/run_flakerake/projects/679/okhttp-tests/target/generated-sources/annotations
[DEBUG]   (f) mojoExecution = org.apache.maven.plugins:maven-compiler-plugin:3.0:compile {execution: default-compile}
[DEBUG]   (f) optimize = false
[DEBUG]   (f) outputDirectory = /scratch/tbaral/ase26/nod-rr/NOD-Test-Repair/run_flakerake/projects/679/okhttp-tests/target/classes
[DEBUG]   (f) projectArtifact = com.squareup.okhttp:okhttp-tests:jar:2.0.0-SNAPSHOT
[DEBUG]   (f) showDeprecation = false
[DEBUG]   (f) showWarnings = false
[DEBUG]   (f) skipMultiThreadWarning = false
[DEBUG]   (f) source = 1.6
[DEBUG]   (f) staleMillis = 0
[DEBUG]   (f) target = 1.6
[DEBUG]   (f) verbose = false
[DEBUG]   (f) mavenSession = org.apache.maven.execution.MavenSession@226f885f
[DEBUG]   (f) session = org.apache.maven.execution.MavenSession@226f885f
[DEBUG] -- end configuration --
[DEBUG] Using compiler 'javac'.
[INFO] No sources to compile
[INFO] 
[INFO] --- maven-resources-plugin:2.6:testResources (default-testResources) @ okhttp-tests ---
[DEBUG] Configuring mojo org.apache.maven.plugins:maven-resources-plugin:2.6:testResources from plugin realm ClassRealm[plugin>org.apache.maven.plugins:maven-resources-plugin:2.6, parent: sun.misc.Launcher$AppClassLoader@5c647e05]
[DEBUG] Configuring mojo 'org.apache.maven.plugins:maven-resources-plugin:2.6:testResources' with basic configurator -->
[DEBUG]   (f) buildFilters = []
[DEBUG]   (f) encoding = UTF-8
[DEBUG]   (f) escapeWindowsPaths = true
[DEBUG]   (s) includeEmptyDirs = false
[DEBUG]   (s) outputDirectory = /scratch/tbaral/ase26/nod-rr/NOD-Test-Repair/run_flakerake/projects/679/okhttp-tests/target/test-classes
[DEBUG]   (s) overwrite = false
[DEBUG]   (f) project = MavenProject: com.squareup.okhttp:okhttp-tests:2.0.0-SNAPSHOT @ /scratch/tbaral/ase26/nod-rr/NOD-Test-Repair/run_flakerake/projects/679/okhttp-tests/pom.xml
[DEBUG]   (s) resources = [Resource {targetPath: null, filtering: false, FileSet {directory: /scratch/tbaral/ase26/nod-rr/NOD-Test-Repair/run_flakerake/projects/679/okhttp-tests/src/test/resources, PatternSet [includes: {}, excludes: {}]}}]
[DEBUG]   (f) session = org.apache.maven.execution.MavenSession@226f885f
[DEBUG]   (f) supportMultiLineFiltering = false
[DEBUG]   (f) useBuildFilters = true
[DEBUG]   (s) useDefaultDelimiters = true
[DEBUG] -- end configuration --
[DEBUG] properties used {env.OLDPWD=/scratch/tbaral/ase26/nod-rr/NOD-Test-Repair/run_flakerake/projects/679/okhttp-tests, file.encoding.pkg=sun.io, env.ACLOCAL_PATH=/opt/sw/spack/apps/linux-rhel8-x86_64_v2/gcc-10.3.0/curl-7.80.0-rm/share/aclocal, env.MPIF90=/opt/sw/spack/apps/linux-rhel8-x86_64_v2/gcc-10.3.0/openmpi-4.1.2-4a/bin/mpif90, env.SCRATCH=/scratch/tbaral, env.LMOD_FAMILY_COMPILER=gnu10, java.home=/scratch/tbaral/ase26/otog/setups/jdk1.8.0_102/jre, env.SLURM_JOB_UID=1224545917, env._ModuleTable003_=ODAuMC1ybSIsfSxnaXQ9e1siZm4iXT0iL29wdC9zdy9zcGFjay9tb2R1bGVzL2xtb2QvbGludXgtcmhlbDgteDg2XzY0L2djYy8xMC4zLjAvZ2l0LzIuMzkuMS12ZC5sdWEiLFsiZnVsbE5hbWUiXT0iZ2l0LzIuMzkuMS12ZCIsWyJsb2FkT3JkZXIiXT0xMixwcm9wVD17fSxbInN0YWNrRGVwdGgiXT0wLFsic3RhdHVzIl09ImFjdGl2ZSIsWyJ1c2VyTmFtZSJdPSJnaXQiLH0sZ251MTA9e1siZm4iXT0iL29wdC9vaHBjL3B1Yi9tb2R1bGVmaWxlcy9nbnUxMC8xMC4zLjAteWEubHVhIixbImZ1bGxOYW1lIl09ImdudTEwLzEwLjMuMC15YSIsWyJsb2FkT3JkZXIiXT02LHByb3BUPXt9LFsic3RhY2tEZXB0aCJdPTAsWyJzdGF0dXMiXT0iYWN0aXZlIixbInVzZXJOYW1lIl09Imdu, env.LMOD_SETTARG_FULL_SUPPORT=no, env.CMAKE_PREFIX_PATH=/opt/sw/spack/apps/linux-rhel8-x86_64_v2/gcc-10.3.0/git-2.39.1-vd:/opt/sw/spack/apps/linux-rhel8-x86_64_v2/gcc-10.3.0/perl-5.34.0-lm:/opt/sw/spack/apps/linux-rhel8-x86_64_v2/gcc-10.3.0/bzip2-1.0.8-no:/opt/sw/spack/apps/linux-rhel8-x86_64_v2/gcc-10.3.0/curl-7.80.0-rm:/opt/sw/spack/apps/linux-rhel8-x86_64_v2/gcc-10.3.0/openmpi-4.1.2-4a:/opt/sw/spack/apps/linux-rhel8-x86_64_v2/gcc-10.3.0/zlib-1.2.11-2y:/opt/sw/spack/apps/linux-rhel8-x86_64_v2/gcc-9.3.0/gcc-10.3.0-ya, env.LMOD_PACKAGE_PATH=/opt/ohpc/admin/lmod/8.2.10, env.LS_COLORS=rs=0:di=01;34:ln=01;36:mh=00:pi=40;33:so=01;35:do=01;35:bd=40;33;01:cd=40;33;01:or=40;31;01:mi=01;05;37;41:su=37;41:sg=30;43:ca=30;41:tw=30;42:ow=34;42:st=37;44:ex=01;32:*.tar=01;31:*.tgz=01;31:*.arc=01;31:*.arj=01;31:*.taz=01;31:*.lha=01;31:*.lz4=01;31:*.lzh=01;31:*.lzma=01;31:*.tlz=01;31:*.txz=01;31:*.tzo=01;31:*.t7z=01;31:*.zip=01;31:*.z=01;31:*.dz=01;31:*.gz=01;31:*.lrz=01;31:*.lz=01;31:*.lzo=01;31:*.xz=01;31:*.zst=01;31:*.tzst=01;31:*.bz2=01;31:*.bz=01;31:*.tbz=01;31:*.tbz2=01;31:*.tz=01;31:*.deb=01;31:*.rpm=01;31:*.jar=01;31:*.war=01;31:*.ear=01;31:*.sar=01;31:*.rar=01;31:*.alz=01;31:*.ace=01;31:*.zoo=01;31:*.cpio=01;31:*.7z=01;31:*.rz=01;31:*.cab=01;31:*.wim=01;31:*.swm=01;31:*.dwm=01;31:*.esd=01;31:*.jpg=01;35:*.jpeg=01;35:*.mjpg=01;35:*.mjpeg=01;35:*.gif=01;35:*.bmp=01;35:*.pbm=01;35:*.pgm=01;35:*.ppm=01;35:*.tga=01;35:*.xbm=01;35:*.xpm=01;35:*.tif=01;35:*.tiff=01;35:*.png=01;35:*.svg=01;35:*.svgz=01;35:*.mng=01;35:*.pcx=01;35:*.mov=01;35:*.mpg=01;35:*.mpeg=01;35:*.m2v=01;35:*.mkv=01;35:*.webm=01;35:*.ogm=01;35:*.mp4=01;35:*.m4v=01;35:*.mp4v=01;35:*.vob=01;35:*.qt=01;35:*.nuv=01;35:*.wmv=01;35:*.asf=01;35:*.rm=01;35:*.rmvb=01;35:*.flc=01;35:*.avi=01;35:*.fli=01;35:*.flv=01;35:*.gl=01;35:*.dl=01;35:*.xcf=01;35:*.xwd=01;35:*.yuv=01;35:*.cgm=01;35:*.emf=01;35:*.ogv=01;35:*.ogx=01;35:*.aac=01;36:*.au=01;36:*.flac=01;36:*.m4a=01;36:*.mid=01;36:*.midi=01;36:*.mka=01;36:*.mp3=01;36:*.mpc=01;36:*.ogg=01;36:*.ra=01;36:*.wav=01;36:*.oga=01;36:*.opus=01;36:*.spx=01;36:*.xspf=01;36:, env.SSH_TTY=/dev/pts/11, env.__LMOD_REF_COUNT_CMAKE_PREFIX_PATH=/opt/sw/spack/apps/linux-rhel8-x86_64_v2/gcc-10.3.0/git-2.39.1-vd:1;/opt/sw/spack/apps/linux-rhel8-x86_64_v2/gcc-10.3.0/perl-5.34.0-lm:1;/opt/sw/spack/apps/linux-rhel8-x86_64_v2/gcc-10.3.0/bzip2-1.0.8-no:1;/opt/sw/spack/apps/linux-rhel8-x86_64_v2/gcc-10.3.0/curl-7.80.0-rm:1;/opt/sw/spack/apps/linux-rhel8-x86_64_v2/gcc-10.3.0/openmpi-4.1.2-4a:1;/opt/sw/spack/apps/linux-rhel8-x86_64_v2/gcc-10.3.0/zlib-1.2.11-2y:1;/opt/sw/spack/apps/linux-rhel8-x86_64_v2/gcc-9.3.0/gcc-10.3.0-ya:1, env.ENVIRONMENT=BATCH, classworlds.conf=/scratch/tbaral/ase26/otog/setups/maven/bin/m2.conf, env.SLURM_JOBID=3844821, java.endorsed.dirs=/scratch/tbaral/ase26/otog/setups/jdk1.8.0_102/jre/lib/endorsed, env.LOGNAME=tbaral, env.MPICC=/opt/sw/spack/apps/linux-rhel8-x86_64_v2/gcc-10.3.0/openmpi-4.1.2-4a/bin/mpicc, sun.os.patch.level=unknown, env.OPENMPI_ROOT=/opt/sw/spack/apps/linux-rhel8-x86_64_v2/gcc-10.3.0/openmpi-4.1.2-4a, test=com.squareup.okhttp.internal.http.URLConnectionTest#fixedLengthUpload_smallBuffers, java.vendor.url=http://java.oracle.com/, env.INCLUDE=/opt/sw/spack/apps/linux-rhel8-x86_64_v2/gcc-10.3.0/bzip2-1.0.8-no/include:/opt/sw/spack/apps/linux-rhel8-x86_64_v2/gcc-10.3.0/curl-7.80.0-rm/include:/opt/sw/spack/apps/linux-rhel8-x86_64_v2/gcc-10.3.0/openmpi-4.1.2-4a/include:/opt/sw/spack/apps/linux-rhel8-x86_64_v2/gcc-10.3.0/zlib-1.2.11-2y/include:/opt/sw/spack/apps/linux-rhel8-x86_64_v2/gcc-9.3.0/gcc-10.3.0-ya/include/c++/10.3.0:/opt/sw/spack/apps/linux-rhel8-x86_64_v2/gcc-9.3.0/gcc-10.3.0-ya/include, java.version=1.8.0_102, env._ModuleTable002_=LjAvYnppcDIvMS4wLjgtbm8ubHVhIixbImZ1bGxOYW1lIl09ImJ6aXAyLzEuMC44LW5vIixbImxvYWRPcmRlciJdPTEwLHByb3BUPXt9LFsicmVmX2NvdW50Il09MSxbInN0YWNrRGVwdGgiXT0yLFsic3RhdHVzIl09ImFjdGl2ZSIsWyJ1c2VyTmFtZSJdPSJiemlwMi8xLjAuOC1ubyIsfSxjdXJsPXtbImZuIl09Ii9vcHQvc3cvc3BhY2svbW9kdWxlcy9sbW9kL2xpbnV4LXJoZWw4LXg4Nl82NC9nY2MvMTAuMy4wL2N1cmwvNy44MC4wLXJtLmx1YSIsWyJmdWxsTmFtZSJdPSJjdXJsLzcuODAuMC1ybSIsWyJsb2FkT3JkZXIiXT05LHByb3BUPXt9LFsicmVmX2NvdW50Il09MSxbInN0YWNrRGVwdGgiXT0xLFsic3RhdHVzIl09ImFjdGl2ZSIsWyJ1c2VyTmFtZSJdPSJjdXJsLzcu, env.SPACK_ROOT=/opt/sw/spack/current, java.vendor.url.bug=http://bugreport.sun.com/bugreport/, skipTests=true, env.SSH_CLIENT=10.193.124.92 56406 22, env.LIBRARY_PATH=/opt/sw/spack/apps/linux-rhel8-x86_64_v2/gcc-10.3.0/perl-5.34.0-lm/lib:/opt/sw/spack/apps/linux-rhel8-x86_64_v2/gcc-10.3.0/bzip2-1.0.8-no/lib:/opt/sw/spack/apps/linux-rhel8-x86_64_v2/gcc-10.3.0/curl-7.80.0-rm/lib:/opt/sw/spack/apps/linux-rhel8-x86_64_v2/gcc-10.3.0/openmpi-4.1.2-4a/lib:/opt/sw/spack/apps/linux-rhel8-x86_64_v2/gcc-10.3.0/zlib-1.2.11-2y/lib:/opt/sw/spack/apps/linux-rhel8-x86_64_v2/gcc-9.3.0/gcc-10.3.0-ya/lib64:/opt/sw/spack/apps/linux-rhel8-x86_64_v2/gcc-9.3.0/gcc-10.3.0-ya/lib, env.SLURM_JOB_NODELIST=amd077, env.SLURM_JOB_GID=100, env.MPIF77=/opt/sw/spack/apps/linux-rhel8-x86_64_v2/gcc-10.3.0/openmpi-4.1.2-4a/bin/mpif77, user.name=tbaral, env.LANG=en_US.UTF-8, env.LMOD_PKG=/opt/ohpc/admin/lmod/lmod, sun.io.unicode.encoding=UnicodeLittle, sun.jnu.encoding=UTF-8, env.DBUS_SESSION_BUS_ADDRESS=unix:path=/run/user/1224545917/bus, java.runtime.name=Java(TM) SE Runtime Environment, env._ModuleTable001_=X01vZHVsZVRhYmxlXz17WyJNVHZlcnNpb24iXT0zLFsiY19yZWJ1aWxkVGltZSJdPWZhbHNlLFsiY19zaG9ydFRpbWUiXT1mYWxzZSxkZXB0aFQ9e30sZmFtaWx5PXtbImNvbXBpbGVyIl09ImdudTEwIixbIm1waSJdPSJvcGVubXBpNCIsfSxtVD17YXV0b3Rvb2xzPXtbImZuIl09Ii9vcHQvb2hwYy9wdWIvbW9kdWxlZmlsZXMvYXV0b3Rvb2xzLmx1YSIsWyJmdWxsTmFtZSJdPSJhdXRvdG9vbHMiLFsibG9hZE9yZGVyIl09Mixwcm9wVD17fSxbInN0YWNrRGVwdGgiXT0xLFsic3RhdHVzIl09ImFjdGl2ZSIsWyJ1c2VyTmFtZSJdPSJhdXRvdG9vbHMiLH0sYnppcDI9e1siZm4iXT0iL29wdC9zdy9zcGFjay9tb2R1bGVzL2xtb2QvbGludXgtcmhlbDgteDg2XzY0L2djYy8xMC4z, env.SLURM_TASK_PID=1554442, env.LMOD_MPI_NAME=openmpi, env.SSH_CONNECTION=10.193.124.92 56406 129.174.21.177 22, env.__LMOD_REF_COUNT__LMFILES_=/opt/ohpc/admin/lmod/8.2.10/modulefiles/Core/use.own.lua:1;/opt/ohpc/pub/modulefiles/autotools.lua:1;/opt/ohpc/pub/modulefiles/prun/2.0.lua:1;/etc/modulefiles/Core/hosts/hopper:1;/opt/sw/other/modulefiles/slurm-tools/2023-09:1;/opt/ohpc/pub/modulefiles/gnu10/10.3.0-ya.lua:1;/opt/sw/spack/modules/lmod/linux-rhel8-x86_64/gcc/10.3.0/zlib/1.2.11-2y.lua:1;/opt/sw/spack/modules/lmod/linux-rhel8-x86_64/gcc/10.3.0/openmpi4/4.1.2-4a.lua:1;/opt/sw/spack/modules/lmod/linux-rhel8-x86_64/gcc/10.3.0/curl/7.80.0-rm.lua:1;/opt/sw/spack/modules/lmod/linux-rhel8-x86_64/gcc/10.3.0/bzip2/1.0.8-no.lua:1;/opt/sw/spack/modules/lmod/linux-rhel8-x86_64/gcc/10.3.0/perl/5.34.0-lm.lua:1;/opt/sw/spack/modules/lmod/linux-rhel8-x86_64/gcc/10.3.0/git/2.39.1-vd.lua:1, java.specification.name=Java Platform API Specification, env.SLURM_PRIO_PROCESS=10, env.LMOD_PREPEND_BLOCK=normal, user.timezone=, env.LESSOPEN=||/usr/bin/lesspipe.sh %s, env.SLURM_JOB_START_TIME=1750884249, path.separator=:, env.MAVEN_CMD_LINE_ARGS= test -X -Dtest=com.squareup.okhttp.internal.http.URLConnectionTest#fixedLengthUpload_smallBuffers -DfailIfNoTests=false -DskipTests -q -B -fn -s /scratch/tbaral/ase26/nod-rr/NOD-Test-Repair/flakerake/shell_scripts/maven-repo-fix-settings.xml -DskipITs, env.LMOD_MPI_VERSION=4.1.2-4aedfmd, file.encoding=UTF-8, env.HOME=/home/tbaral, env.which_declare=declare -f, sun.java.command=org.codehaus.plexus.classworlds.launcher.Launcher test -X -Dtest=com.squareup.okhttp.internal.http.URLConnectionTest#fixedLengthUpload_smallBuffers -DfailIfNoTests=false -DskipTests -q -B -fn -s /scratch/tbaral/ase26/nod-rr/NOD-Test-Repair/flakerake/shell_scripts/maven-repo-fix-settings.xml -DskipITs, env.MANPATH=/opt/sw/spack/apps/linux-rhel8-x86_64_v2/gcc-10.3.0/git-2.39.1-vd/share/man:/opt/sw/spack/apps/linux-rhel8-x86_64_v2/gcc-10.3.0/perl-5.34.0-lm/man:/opt/sw/spack/apps/linux-rhel8-x86_64_v2/gcc-10.3.0/bzip2-1.0.8-no/man:/opt/sw/spack/apps/linux-rhel8-x86_64_v2/gcc-10.3.0/curl-7.80.0-rm/share/man:/opt/sw/spack/apps/linux-rhel8-x86_64_v2/gcc-10.3.0/openmpi-4.1.2-4a/share/man:/opt/sw/spack/apps/linux-rhel8-x86_64_v2/gcc-10.3.0/zlib-1.2.11-2y/share/man:/opt/sw/spack/apps/linux-rhel8-x86_64_v2/gcc-9.3.0/gcc-10.3.0-ya/share/man:/opt/ohpc/pub/utils/autotools/share/man:/usr/local/share/man:/usr/share/man/overrides:/usr/share/man/en:/usr/share/man, env.CXX=/opt/sw/spack/apps/linux-rhel8-x86_64_v2/gcc-9.3.0/gcc-10.3.0-ya/bin/g++, apache.http.version=4.2.2, env.LMOD_SYSTEM_DEFAULT_MODULES=hosts/hopper, env.LMOD_COLORIZE=no, env.SLURM_TOPOLOGY_ADDR_PATTERN=node, env.LMOD_FULL_SETTARG_SUPPORT=no, env.HOSTNAME=amd077, env.LMOD_MODULERCFILE=/opt/ohpc/admin/lmod/etc/rc-hopper.lua, env.FC=/opt/sw/spack/apps/linux-rhel8-x86_64_v2/gcc-9.3.0/gcc-10.3.0-ya/bin/gfortran, java.io.tmpdir=/tmp, env.SLURM_NODEID=0, user.language=en, env.HISTCONTROL=ignoredups, line.separator=
, env.__LMOD_REF_COUNT_ACLOCAL_PATH=/opt/sw/spack/apps/linux-rhel8-x86_64_v2/gcc-10.3.0/curl-7.80.0-rm/share/aclocal:1, env.BZIP2_ROOT=/opt/sw/spack/apps/linux-rhel8-x86_64_v2/gcc-10.3.0/bzip2-1.0.8-no, env.HISTSIZE=1000, env.SLURM_WORKING_CLUSTER=hopper:SLURM:6817:9984:109, env.CURL_ROOT=/opt/sw/spack/apps/linux-rhel8-x86_64_v2/gcc-10.3.0/curl-7.80.0-rm, env.LMOD_FAMILY_COMPILER_VERSION=10.3.0-ya, java.vm.info=mixed mode, env.C_INCLUDE_PATH=/opt/sw/spack/apps/linux-rhel8-x86_64_v2/gcc-10.3.0/bzip2-1.0.8-no/include:/opt/sw/spack/apps/linux-rhel8-x86_64_v2/gcc-10.3.0/curl-7.80.0-rm/include:/opt/sw/spack/apps/linux-rhel8-x86_64_v2/gcc-10.3.0/openmpi-4.1.2-4a/include:/opt/sw/spack/apps/linux-rhel8-x86_64_v2/gcc-10.3.0/zlib-1.2.11-2y/include:/opt/sw/spack/apps/linux-rhel8-x86_64_v2/gcc-9.3.0/gcc-10.3.0-ya/include, bouncycastle.version=1.48, sonatypeOssDistMgmtSnapshotsUrl=https://oss.sonatype.org/content/repositories/snapshots/, java.vm.specification.name=Java Virtual Machine Specification, env.SLURM_TOOLS_ROOT=/opt/sw/other/apps/slurm-tools/2023-09/, env.SLURM_PROCID=0, env.M2_HOME=/scratch/tbaral/ase26/otog/setups/maven, env.SLURM_MEM_PER_NODE=65536, skipITs=true, env.__LMOD_REF_COUNT_INCLUDE=/opt/sw/spack/apps/linux-rhel8-x86_64_v2/gcc-10.3.0/bzip2-1.0.8-no/include:1;/opt/sw/spack/apps/linux-rhel8-x86_64_v2/gcc-10.3.0/curl-7.80.0-rm/include:1;/opt/sw/spack/apps/linux-rhel8-x86_64_v2/gcc-10.3.0/openmpi-4.1.2-4a/include:1;/opt/sw/spack/apps/linux-rhel8-x86_64_v2/gcc-10.3.0/zlib-1.2.11-2y/include:1;/opt/sw/spack/apps/linux-rhel8-x86_64_v2/gcc-9.3.0/gcc-10.3.0-ya/include/c++/10.3.0:1;/opt/sw/spack/apps/linux-rhel8-x86_64_v2/gcc-9.3.0/gcc-10.3.0-ya/include:1, env.LMOD_DIR=/opt/ohpc/admin/lmod/lmod/libexec, env.SLURM_JOB_END_TIME=1751312649, env.SLURM_CPUS_ON_NODE=8, java.awt.printerjob=sun.print.PSPrinterJob, env.__LMOD_REF_COUNT_C_INCLUDE_PATH=/opt/sw/spack/apps/linux-rhel8-x86_64_v2/gcc-10.3.0/bzip2-1.0.8-no/include:1;/opt/sw/spack/apps/linux-rhel8-x86_64_v2/gcc-10.3.0/curl-7.80.0-rm/include:1;/opt/sw/spack/apps/linux-rhel8-x86_64_v2/gcc-10.3.0/openmpi-4.1.2-4a/include:1;/opt/sw/spack/apps/linux-rhel8-x86_64_v2/gcc-10.3.0/zlib-1.2.11-2y/include:1;/opt/sw/spack/apps/linux-rhel8-x86_64_v2/gcc-9.3.0/gcc-10.3.0-ya/include:1, env.S_COLORS=auto, env.SLURM_CLUSTER_NAME=hopper, env.SLURM_NODELIST=amd077, env.LMOD_FAMILY_MPI_VERSION=4.1.2-4a, env.SLURM_JOB_USER=tbaral, env.SLURM_NODE_ALIASES=(null), env.SLURM_JOB_ACCOUNT=winglam, env.PYTHON_FLAKY_BIN=/scratch/tbaral/ase26/python/py39/bin/python3.9, env.F77=/opt/sw/spack/apps/linux-rhel8-x86_64_v2/gcc-9.3.0/gcc-10.3.0-ya/bin/gfortran, env.SINGULARITY_BASE_USER=/containers/hopper/UserContainers/tbaral, env.LMOD_REDIRECT=no, env.LOADEDMODULES=use.own:autotools:prun/2.0:hosts/hopper:slurm-tools/2023-09:gnu10/10.3.0-ya:zlib/1.2.11-2y:openmpi4/4.1.2-4a:curl/7.80.0-rm:bzip2/1.0.8-no:perl/5.34.0-lm:git/2.39.1-vd, env.BASH_FUNC_module%%=() {  eval $($LMOD_CMD bash "$@") && eval $(${LMOD_SETTARG_CMD:-:} -s sh)
}, os.name=Linux, java.specification.vendor=Oracle Corporation, env.SLURMD_NODENAME=amd077, env.SLURM_JOB_NAME=679_flakerake, env.TERM=screen, java.vm.name=Java HotSpot(TM) 64-Bit Server VM, env.JAVA_FLAKY_HOME=/scratch/tbaral/ase26/otog/setups/jdk1.8.0_102, env.SLURM_JOB_QOS=normal, java.library.path=/opt/sw/spack/apps/linux-rhel8-x86_64_v2/gcc-10.3.0/perl-5.34.0-lm/lib:/opt/sw/spack/apps/linux-rhel8-x86_64_v2/gcc-10.3.0/bzip2-1.0.8-no/lib:/opt/sw/spack/apps/linux-rhel8-x86_64_v2/gcc-10.3.0/curl-7.80.0-rm/lib:/opt/sw/spack/apps/linux-rhel8-x86_64_v2/gcc-10.3.0/openmpi-4.1.2-4a/lib:/opt/sw/spack/apps/linux-rhel8-x86_64_v2/gcc-10.3.0/zlib-1.2.11-2y/lib:/opt/sw/spack/apps/linux-rhel8-x86_64_v2/gcc-9.3.0/gcc-10.3.0-ya/lib64:/opt/sw/spack/apps/linux-rhel8-x86_64_v2/gcc-9.3.0/gcc-10.3.0-ya/lib:/lib64:/usr/java/packages/lib/amd64:/usr/lib64:/lib64:/lib:/usr/lib, env._ModuleTable009_=InN0YWNrRGVwdGgiXT0yLFsic3RhdHVzIl09ImFjdGl2ZSIsWyJ1c2VyTmFtZSJdPSJ6bGliLzEuMi4xMS0yeSIsfSx9LG1wYXRoQT17Ii9vcHQvc3cvb3RoZXIvbW9kdWxlZGVwcy9saW51eC1yaGVsOC14ODZfNjRfdjIvZ2NjLTEwLjMuMC1vcGVubXBpLTQuMS4yIiwiL29wdC9zdy9zcGFjay9tb2R1bGVkZXBzL2xpbnV4LXJoZWw4LXg4Nl82NC9nbnUtMTAuMy4wLW9wZW5tcGktNC4xLjIiLCIvb3B0L3N3L290aGVyL21vZHVsZWRlcHMvbGludXgtcmhlbDgteDg2XzY0X3YyL2djYy0xMC4zLjAiLCIvb3B0L3N3L3NwYWNrL21vZHVsZXMvbG1vZC9saW51eC1yaGVsOC14ODZfNjQvZ2NjLzEwLjMuMCIsIi9vcHQvc3cvb3RoZXIvbW9kdWxlZmlsZXMiLCIvb3B0L29ocGMvcHVi, env.PATH=/scratch/tbaral/ase26/python/py39/bin:/opt/sw/spack/apps/linux-rhel8-x86_64_v2/gcc-10.3.0/git-2.39.1-vd/bin:/opt/sw/spack/apps/linux-rhel8-x86_64_v2/gcc-10.3.0/perl-5.34.0-lm/bin:/opt/sw/spack/apps/linux-rhel8-x86_64_v2/gcc-10.3.0/bzip2-1.0.8-no/bin:/opt/sw/spack/apps/linux-rhel8-x86_64_v2/gcc-10.3.0/curl-7.80.0-rm/bin:/opt/sw/spack/apps/linux-rhel8-x86_64_v2/gcc-10.3.0/openmpi-4.1.2-4a/bin:/opt/sw/spack/apps/linux-rhel8-x86_64_v2/gcc-9.3.0/gcc-10.3.0-ya/bin:/opt/sw/other/apps/slurm-tools/2023-09/bin:/opt/ohpc/pub/utils/prun/2.0:/opt/ohpc/pub/utils/autotools/bin:/opt/ohpc/pub/bin:/opt/sw/spack/current/bin:/usr/local/bin:/usr/bin:/usr/local/sbin:/usr/sbin:/opt/dell/srvadmin/bin:/scratch/tbaral/ase26/otog/setups/maven/bin, env.CC=/opt/sw/spack/apps/linux-rhel8-x86_64_v2/gcc-9.3.0/gcc-10.3.0-ya/bin/gcc, library.jansi.path=/scratch/tbaral/ase26/otog/setups/maven/lib/jansi-native, env.__LMOD_REF_COUNT_LIBRARY_PATH=/opt/sw/spack/apps/linux-rhel8-x86_64_v2/gcc-10.3.0/perl-5.34.0-lm/lib:1;/opt/sw/spack/apps/linux-rhel8-x86_64_v2/gcc-10.3.0/bzip2-1.0.8-no/lib:1;/opt/sw/spack/apps/linux-rhel8-x86_64_v2/gcc-10.3.0/curl-7.80.0-rm/lib:1;/opt/sw/spack/apps/linux-rhel8-x86_64_v2/gcc-10.3.0/openmpi-4.1.2-4a/lib:1;/opt/sw/spack/apps/linux-rhel8-x86_64_v2/gcc-10.3.0/zlib-1.2.11-2y/lib:1;/opt/sw/spack/apps/linux-rhel8-x86_64_v2/gcc-9.3.0/gcc-10.3.0-ya/lib64:1;/opt/sw/spack/apps/linux-rhel8-x86_64_v2/gcc-9.3.0/gcc-10.3.0-ya/lib:1, env.LMOD_SITE_NAME=GMU_Hopper, env.DEBUGINFOD_URLS=https://debuginfod.centos.org/ , java.class.version=52.0, env.SHLVL=4, maven.multiModuleProjectDirectory=/scratch/tbaral/ase26/nod-rr/NOD-Test-Repair/run_flakerake/projects/679/okhttp-tests, env.LD_LIBRARY_PATH=/opt/sw/spack/apps/linux-rhel8-x86_64_v2/gcc-10.3.0/perl-5.34.0-lm/lib:/opt/sw/spack/apps/linux-rhel8-x86_64_v2/gcc-10.3.0/bzip2-1.0.8-no/lib:/opt/sw/spack/apps/linux-rhel8-x86_64_v2/gcc-10.3.0/curl-7.80.0-rm/lib:/opt/sw/spack/apps/linux-rhel8-x86_64_v2/gcc-10.3.0/openmpi-4.1.2-4a/lib:/opt/sw/spack/apps/linux-rhel8-x86_64_v2/gcc-10.3.0/zlib-1.2.11-2y/lib:/opt/sw/spack/apps/linux-rhel8-x86_64_v2/gcc-9.3.0/gcc-10.3.0-ya/lib64:/opt/sw/spack/apps/linux-rhel8-x86_64_v2/gcc-9.3.0/gcc-10.3.0-ya/lib:/lib64, env.MODULESHOME=/opt/ohpc/admin/lmod/lmod, env.LMOD_FAMILY_MPI=openmpi4, env.GCC_ROOT=/opt/sw/spack/apps/linux-rhel8-x86_64_v2/gcc-9.3.0/gcc-10.3.0-ya, env.LMOD_SETTARG_CMD=:, env.__LMOD_REF_COUNT_LD_LIBRARY_PATH=/opt/sw/spack/apps/linux-rhel8-x86_64_v2/gcc-10.3.0/perl-5.34.0-lm/lib:1;/opt/sw/spack/apps/linux-rhel8-x86_64_v2/gcc-10.3.0/bzip2-1.0.8-no/lib:1;/opt/sw/spack/apps/linux-rhel8-x86_64_v2/gcc-10.3.0/curl-7.80.0-rm/lib:1;/opt/sw/spack/apps/linux-rhel8-x86_64_v2/gcc-10.3.0/openmpi-4.1.2-4a/lib:1;/opt/sw/spack/apps/linux-rhel8-x86_64_v2/gcc-10.3.0/zlib-1.2.11-2y/lib:1;/opt/sw/spack/apps/linux-rhel8-x86_64_v2/gcc-9.3.0/gcc-10.3.0-ya/lib64:1;/opt/sw/spack/apps/linux-rhel8-x86_64_v2/gcc-9.3.0/gcc-10.3.0-ya/lib:1;/lib64:1, env.LMOD_VERSION=8.2.10, env.SLURM_JOB_ID=3844821, env.LMOD_SETTARG_TITLE_BAR=no, failIfNoTests=false, env.LMOD_AVAIL_STYLE=en_grouped:system, env.MODULEPATH=/opt/sw/other/moduledeps/linux-rhel8-x86_64_v2/gcc-10.3.0-openmpi-4.1.2:/opt/sw/spack/moduledeps/linux-rhel8-x86_64/gnu-10.3.0-openmpi-4.1.2:/opt/sw/other/moduledeps/linux-rhel8-x86_64_v2/gcc-10.3.0:/opt/sw/spack/modules/lmod/linux-rhel8-x86_64/gcc/10.3.0:/opt/sw/other/modulefiles:/opt/ohpc/pub/modulefiles:/etc/modulefiles/Core:/opt/ohpc/admin/lmod/8.2.10/modulefiles/Core:/home/tbaral/privatemodules, project.build.sourceEncoding=UTF-8, env._ModuleTable008_=ImluYWN0aXZlIixbInVzZXJOYW1lIl09InVjeCIsfSxbInVzZS5vd24iXT17WyJmbiJdPSIvb3B0L29ocGMvYWRtaW4vbG1vZC84LjIuMTAvbW9kdWxlZmlsZXMvQ29yZS91c2Uub3duLmx1YSIsWyJmdWxsTmFtZSJdPSJ1c2Uub3duIixbImxvYWRPcmRlciJdPTEscHJvcFQ9e30sWyJzdGFja0RlcHRoIl09MSxbInN0YXR1cyJdPSJhY3RpdmUiLFsidXNlck5hbWUiXT0idXNlLm93biIsfSx6bGliPXtbImZuIl09Ii9vcHQvc3cvc3BhY2svbW9kdWxlcy9sbW9kL2xpbnV4LXJoZWw4LXg4Nl82NC9nY2MvMTAuMy4wL3psaWIvMS4yLjExLTJ5Lmx1YSIsWyJmdWxsTmFtZSJdPSJ6bGliLzEuMi4xMS0yeSIsWyJsb2FkT3JkZXIiXT03LHByb3BUPXt9LFsicmVmX2NvdW50Il09NCxb, sun.boot.library.path=/scratch/tbaral/ase26/otog/setups/jdk1.8.0_102/jre/lib/amd64, env.VIRTUAL_ENV=/scratch/tbaral/ase26/python/py39, sun.management.compiler=HotSpot 64-Bit Tiered Compilers, env.LMOD_CMD=/opt/ohpc/admin/lmod/lmod/libexec/lmod, java.awt.graphicsenv=sun.awt.X11GraphicsEnvironment, env.BASH_FUNC_ml%%=() {  eval $($LMOD_DIR/ml_cmd "$@")
}, env._ModuleTable_Sz_=10, env.BASH_ENV=/opt/ohpc/admin/lmod/lmod/init/bash, env.USER=tbaral, env.SLURM_JOB_PARTITION=bigmem, airlift.version=0.6, env.__LMOD_REF_COUNT_MANPATH=/opt/sw/spack/apps/linux-rhel8-x86_64_v2/gcc-10.3.0/git-2.39.1-vd/share/man:1;/opt/sw/spack/apps/linux-rhel8-x86_64_v2/gcc-10.3.0/perl-5.34.0-lm/man:1;/opt/sw/spack/apps/linux-rhel8-x86_64_v2/gcc-10.3.0/bzip2-1.0.8-no/man:1;/opt/sw/spack/apps/linux-rhel8-x86_64_v2/gcc-10.3.0/curl-7.80.0-rm/share/man:1;/opt/sw/spack/apps/linux-rhel8-x86_64_v2/gcc-10.3.0/openmpi-4.1.2-4a/share/man:1;/opt/sw/spack/apps/linux-rhel8-x86_64_v2/gcc-10.3.0/zlib-1.2.11-2y/share/man:1;/opt/sw/spack/apps/linux-rhel8-x86_64_v2/gcc-9.3.0/gcc-10.3.0-ya/share/man:1;/opt/ohpc/pub/utils/autotools/share/man:1;/usr/local/share/man:1;/usr/share/man/overrides:1;/usr/share/man/en:1;/usr/share/man:1, junit.version=4.11, java.vm.specification.version=1.8, env.SLURM_TASKS_PER_NODE=1, env.LMOD_AUTO_SWAP=yes, env.SCRATCH2=/scratch2/tbaral, env.MAVEN_REPO=/home/tbaral/.m2/repository, env._ModuleTable007_=InBydW4iLH0sWyJzbHVybS10b29scyJdPXtbImZuIl09Ii9vcHQvc3cvb3RoZXIvbW9kdWxlZmlsZXMvc2x1cm0tdG9vbHMvMjAyMy0wOSIsWyJmdWxsTmFtZSJdPSJzbHVybS10b29scy8yMDIzLTA5IixbImxvYWRPcmRlciJdPTUscHJvcFQ9e30sWyJzdGFja0RlcHRoIl09MCxbInN0YXR1cyJdPSJhY3RpdmUiLFsidXNlck5hbWUiXT0ic2x1cm0tdG9vbHMvMjAyMy0wOSIsfSx1Y3g9e1siZm4iXT0iL29wdC9zdy9zcGFjay9tb2R1bGVkZXBzL2xpbnV4LXJoZWw4LXg4Nl82NC9nbnUtOS4zLjAvdWN4LzEuMTIuMS00Zy5sdWEiLFsiZnVsbE5hbWUiXT0idWN4LzEuMTIuMS00ZyIsWyJsb2FkT3JkZXIiXT0tNCxwcm9wVD17fSxbInN0YWNrRGVwdGgiXT0yLFsic3RhdHVzIl09, env.NLSPATH=/usr/dt/lib/nls/msg/%L/%N.cat, npn.version=8.1.2.v20120308, awt.toolkit=sun.awt.X11.XToolkit, sun.cpu.isalist=, env.MAVEN_PROJECTBASEDIR=/scratch/tbaral/ase26/nod-rr/NOD-Test-Repair/run_flakerake/projects/679/okhttp-tests, env.SLURM_SUBMIT_DIR=/scratch/tbaral/ase26/nod-rr/NOD-Test-Repair/run_flakerake, java.ext.dirs=/scratch/tbaral/ase26/otog/setups/jdk1.8.0_102/jre/lib/ext:/usr/java/packages/lib/ext, os.version=4.18.0-553.33.1.el8_10.x86_64, user.home=/home/tbaral, java.vm.vendor=Oracle Corporation, env.BASH_FUNC_which%%=() {  ( alias;
 eval ${which_declare} ) | /usr/bin/which --tty-only --read-alias --read-functions --show-tilde --show-dot $@
}, env.PKG_CONFIG_PATH=/opt/sw/spack/apps/linux-rhel8-x86_64_v2/gcc-10.3.0/curl-7.80.0-rm/lib/pkgconfig:/opt/sw/spack/apps/linux-rhel8-x86_64_v2/gcc-10.3.0/openmpi-4.1.2-4a/lib/pkgconfig:/opt/sw/spack/apps/linux-rhel8-x86_64_v2/gcc-10.3.0/zlib-1.2.11-2y/lib/pkgconfig, env.JAVA_HOME=/scratch/tbaral/ase26/otog/setups/jdk1.8.0_102, env.XDG_SESSION_ID=59324, env.SINGULARITY_BASE=/containers/hopper/Containers, env._ModuleTable010_=L21vZHVsZWZpbGVzIiwiL2V0Yy9tb2R1bGVmaWxlcy9Db3JlIiwiL29wdC9vaHBjL2FkbWluL2xtb2QvOC4yLjEwL21vZHVsZWZpbGVzL0NvcmUiLCIvaG9tZS90YmFyYWwvcHJpdmF0ZW1vZHVsZXMiLH0sWyJzeXN0ZW1CYXNlTVBBVEgiXT0iL2V0Yy9tb2R1bGVmaWxlcy9Db3JlOi9vcHQvb2hwYy9hZG1pbi9sbW9kLzguMi4xMC9tb2R1bGVmaWxlcy9Db3JlOi9vcHQvb2hwYy9wdWIvbW9kdWxlZmlsZXMiLH0=, maven.conf=/scratch/tbaral/ase26/otog/setups/maven/conf, user.dir=/scratch/tbaral/ase26/nod-rr/NOD-Test-Repair/run_flakerake/projects/679/okhttp-tests, env.XFILESEARCHPATH=/usr/dt/app-defaults/%L/Dt, env.SLURM_NNODES=1, env.MAIL=/var/spool/mail/tbaral, env.PERL_ROOT=/opt/sw/spack/apps/linux-rhel8-x86_64_v2/gcc-10.3.0/perl-5.34.0-lm, env.__LMOD_REF_COUNT_PKG_CONFIG_PATH=/opt/sw/spack/apps/linux-rhel8-x86_64_v2/gcc-10.3.0/curl-7.80.0-rm/lib/pkgconfig:1;/opt/sw/spack/apps/linux-rhel8-x86_64_v2/gcc-10.3.0/openmpi-4.1.2-4a/lib/pkgconfig:1;/opt/sw/spack/apps/linux-rhel8-x86_64_v2/gcc-10.3.0/zlib-1.2.11-2y/lib/pkgconfig:1, env.PWD=/scratch/tbaral/ase26/nod-rr/NOD-Test-Repair/run_flakerake/projects/679/okhttp-tests, env.SLURM_SUBMIT_HOST=hopper2.orc.gmu.edu, env._ModuleTable006_=ZXJsPXtbImZuIl09Ii9vcHQvc3cvc3BhY2svbW9kdWxlcy9sbW9kL2xpbnV4LXJoZWw4LXg4Nl82NC9nY2MvMTAuMy4wL3BlcmwvNS4zNC4wLWxtLmx1YSIsWyJmdWxsTmFtZSJdPSJwZXJsLzUuMzQuMC1sbSIsWyJsb2FkT3JkZXIiXT0xMSxwcm9wVD17fSxbInJlZl9jb3VudCJdPTEsWyJzdGFja0RlcHRoIl09MSxbInN0YXR1cyJdPSJhY3RpdmUiLFsidXNlck5hbWUiXT0icGVybC81LjM0LjAtbG0iLH0scHJ1bj17WyJmbiJdPSIvb3B0L29ocGMvcHViL21vZHVsZWZpbGVzL3BydW4vMi4wLmx1YSIsWyJmdWxsTmFtZSJdPSJwcnVuLzIuMCIsWyJsb2FkT3JkZXIiXT0zLHByb3BUPXt9LFsic3RhY2tEZXB0aCJdPTEsWyJzdGF0dXMiXT0iYWN0aXZlIixbInVzZXJOYW1lIl09, env.GIT_ROOT=/opt/sw/spack/apps/linux-rhel8-x86_64_v2/gcc-10.3.0/git-2.39.1-vd, sun.cpu.endian=little, env.__LMOD_REF_COUNT_CPLUS_INCLUDE_PATH=/opt/sw/spack/apps/linux-rhel8-x86_64_v2/gcc-10.3.0/bzip2-1.0.8-no/include:1;/opt/sw/spack/apps/linux-rhel8-x86_64_v2/gcc-10.3.0/curl-7.80.0-rm/include:1;/opt/sw/spack/apps/linux-rhel8-x86_64_v2/gcc-10.3.0/openmpi-4.1.2-4a/include:1;/opt/sw/spack/apps/linux-rhel8-x86_64_v2/gcc-10.3.0/zlib-1.2.11-2y/include:1;/opt/sw/spack/apps/linux-rhel8-x86_64_v2/gcc-9.3.0/gcc-10.3.0-ya/include:1, env.SLURM_TOPOLOGY_ADDR=amd077, env.SLURM_GTIDS=0, env.ZLIB_ROOT=/opt/sw/spack/apps/linux-rhel8-x86_64_v2/gcc-10.3.0/zlib-1.2.11-2y, env.SLURM_JOB_NUM_NODES=1, env.TMPDIR=/tmp, env.__LMOD_REF_COUNT_PATH=/opt/sw/spack/apps/linux-rhel8-x86_64_v2/gcc-10.3.0/git-2.39.1-vd/bin:1;/opt/sw/spack/apps/linux-rhel8-x86_64_v2/gcc-10.3.0/perl-5.34.0-lm/bin:1;/opt/sw/spack/apps/linux-rhel8-x86_64_v2/gcc-10.3.0/bzip2-1.0.8-no/bin:1;/opt/sw/spack/apps/linux-rhel8-x86_64_v2/gcc-10.3.0/curl-7.80.0-rm/bin:1;/opt/sw/spack/apps/linux-rhel8-x86_64_v2/gcc-10.3.0/openmpi-4.1.2-4a/bin:1;/opt/sw/spack/apps/linux-rhel8-x86_64_v2/gcc-9.3.0/gcc-10.3.0-ya/bin:1;/opt/sw/other/apps/slurm-tools/2023-09/bin:1;/opt/ohpc/pub/utils/prun/2.0:1;/opt/ohpc/pub/utils/autotools/bin:1;/opt/ohpc/pub/bin:1;/opt/sw/spack/current/bin:1;/usr/local/bin:1;/usr/bin:1;/usr/local/sbin:1;/usr/sbin:1;/opt/dell/srvadmin/bin:1, env.SLURM_JOB_CPUS_PER_NODE=8, env.CPLUS_INCLUDE_PATH=/opt/sw/spack/apps/linux-rhel8-x86_64_v2/gcc-10.3.0/bzip2-1.0.8-no/include:/opt/sw/spack/apps/linux-rhel8-x86_64_v2/gcc-10.3.0/curl-7.80.0-rm/include:/opt/sw/spack/apps/linux-rhel8-x86_64_v2/gcc-10.3.0/openmpi-4.1.2-4a/include:/opt/sw/spack/apps/linux-rhel8-x86_64_v2/gcc-10.3.0/zlib-1.2.11-2y/include:/opt/sw/spack/apps/linux-rhel8-x86_64_v2/gcc-9.3.0/gcc-10.3.0-ya/include, java.vm.version=25.102-b14, java.class.path=/scratch/tbaral/ase26/otog/setups/maven/boot/plexus-classworlds-2.6.0.jar, env.__LMOD_REF_COUNT_LOADEDMODULES=use.own:1;autotools:1;prun/2.0:1;hosts/hopper:1;slurm-tools/2023-09:1;gnu10/10.3.0-ya:1;zlib/1.2.11-2y:1;openmpi4/4.1.2-4a:1;curl/7.80.0-rm:1;bzip2/1.0.8-no:1;perl/5.34.0-lm:1;git/2.39.1-vd:1, os.arch=amd64, maven.build.version=Apache Maven 3.6.3 (cecedd343002696d0abb50b32b541b8a6ba2883f), env.SLURM_LOCALID=0, env.SLURM_CONF=/var/spool/slurmd/conf-cache/slurm.conf, guava.version=16.0, sun.java.launcher=SUN_STANDARD, env._ModuleTable005_=Yy9wdWIvbW9kdWxlZmlsZXMvbGliZmFicmljLzEuMTAuMS5sdWEiLFsiZnVsbE5hbWUiXT0ibGliZmFicmljLzEuMTAuMSIsWyJsb2FkT3JkZXIiXT0tNSxwcm9wVD17fSxbInN0YWNrRGVwdGgiXT0yLFsic3RhdHVzIl09ImluYWN0aXZlIixbInVzZXJOYW1lIl09ImxpYmZhYnJpYyIsfSxvcGVubXBpND17WyJmbiJdPSIvb3B0L3N3L3NwYWNrL21vZHVsZXMvbG1vZC9saW51eC1yaGVsOC14ODZfNjQvZ2NjLzEwLjMuMC9vcGVubXBpNC80LjEuMi00YS5sdWEiLFsiZnVsbE5hbWUiXT0ib3Blbm1waTQvNC4xLjItNGEiLFsibG9hZE9yZGVyIl09OCxwcm9wVD17fSxbInN0YWNrRGVwdGgiXT0wLFsic3RhdHVzIl09ImFjdGl2ZSIsWyJ1c2VyTmFtZSJdPSJvcGVubXBpNCIsfSxw, java.vm.specification.vendor=Oracle Corporation, file.separator=/, gson.version=2.2.3, env.FLAKY_MVN_INSTALL_OPTS=-DskipTests -q -B -fn -s $FLAKY_HOME/shell_scripts/maven-repo-fix-settings.xml -DskipITs, java.runtime.version=1.8.0_102-b14, sun.boot.class.path=/scratch/tbaral/ase26/otog/setups/jdk1.8.0_102/jre/lib/resources.jar:/scratch/tbaral/ase26/otog/setups/jdk1.8.0_102/jre/lib/rt.jar:/scratch/tbaral/ase26/otog/setups/jdk1.8.0_102/jre/lib/sunrsasign.jar:/scratch/tbaral/ase26/otog/setups/jdk1.8.0_102/jre/lib/jsse.jar:/scratch/tbaral/ase26/otog/setups/jdk1.8.0_102/jre/lib/jce.jar:/scratch/tbaral/ase26/otog/setups/jdk1.8.0_102/jre/lib/charsets.jar:/scratch/tbaral/ase26/otog/setups/jdk1.8.0_102/jre/lib/jfr.jar:/scratch/tbaral/ase26/otog/setups/jdk1.8.0_102/jre/classes, env.TMOUT=28800, env.XDG_RUNTIME_DIR=/run/user/1224545917, maven.version=3.6.3, env.__LMOD_REF_COUNT_MODULEPATH=/opt/sw/other/moduledeps/linux-rhel8-x86_64_v2/gcc-10.3.0-openmpi-4.1.2:1;/opt/sw/spack/moduledeps/linux-rhel8-x86_64/gnu-10.3.0-openmpi-4.1.2:1;/opt/sw/other/moduledeps/linux-rhel8-x86_64_v2/gcc-10.3.0:1;/opt/sw/spack/modules/lmod/linux-rhel8-x86_64/gcc/10.3.0:1;/opt/sw/other/modulefiles:1;/opt/ohpc/pub/modulefiles:2;/etc/modulefiles/Core:1;/opt/ohpc/admin/lmod/8.2.10/modulefiles/Core:1;/home/tbaral/privatemodules:1, env.MPICXX=/opt/sw/spack/apps/linux-rhel8-x86_64_v2/gcc-10.3.0/openmpi-4.1.2-4a/bin/mpic++, user.country=US, env.LMOD_ROOT=/opt/ohpc/admin/lmod, maven.home=/scratch/tbaral/ase26/otog/setups/maven, env.SHELL=/bin/bash, env._ModuleTable004_=dTEwIix9LGhvc3RzPXtbImZuIl09Ii9ldGMvbW9kdWxlZmlsZXMvQ29yZS9ob3N0cy9ob3BwZXIiLFsiZnVsbE5hbWUiXT0iaG9zdHMvaG9wcGVyIixbImxvYWRPcmRlciJdPTQscHJvcFQ9e30sWyJzdGFja0RlcHRoIl09MCxbInN0YXR1cyJdPSJhY3RpdmUiLFsidXNlck5hbWUiXT0iaG9zdHMvaG9wcGVyIix9LGh3bG9jPXtbImZuIl09Ii9vcHQvb2hwYy9wdWIvbW9kdWxlZmlsZXMvaHdsb2MvMi4xLjAubHVhIixbImZ1bGxOYW1lIl09Imh3bG9jLzIuMS4wIixbImxvYWRPcmRlciJdPS02LHByb3BUPXt9LFsic3RhY2tEZXB0aCJdPTIsWyJzdGF0dXMiXT0iaW5hY3RpdmUiLFsidXNlck5hbWUiXT0iaHdsb2MvMi4xLjAiLH0sbGliZmFicmljPXtbImZuIl09Ii9vcHQvb2hw, java.vendor=Oracle Corporation, env.SLURM_CPUS_PER_TASK=8, env._LMFILES_=/opt/ohpc/admin/lmod/8.2.10/modulefiles/Core/use.own.lua:/opt/ohpc/pub/modulefiles/autotools.lua:/opt/ohpc/pub/modulefiles/prun/2.0.lua:/etc/modulefiles/Core/hosts/hopper:/opt/sw/other/modulefiles/slurm-tools/2023-09:/opt/ohpc/pub/modulefiles/gnu10/10.3.0-ya.lua:/opt/sw/spack/modules/lmod/linux-rhel8-x86_64/gcc/10.3.0/zlib/1.2.11-2y.lua:/opt/sw/spack/modules/lmod/linux-rhel8-x86_64/gcc/10.3.0/openmpi4/4.1.2-4a.lua:/opt/sw/spack/modules/lmod/linux-rhel8-x86_64/gcc/10.3.0/curl/7.80.0-rm.lua:/opt/sw/spack/modules/lmod/linux-rhel8-x86_64/gcc/10.3.0/bzip2/1.0.8-no.lua:/opt/sw/spack/modules/lmod/linux-rhel8-x86_64/gcc/10.3.0/perl/5.34.0-lm.lua:/opt/sw/spack/modules/lmod/linux-rhel8-x86_64/gcc/10.3.0/git/2.39.1-vd.lua, env.FLAKY_HOME=/scratch/tbaral/ase26/nod-rr/NOD-Test-Repair/flakerake, java.specification.version=1.8, sun.arch.data.model=64}
[INFO] Using 'UTF-8' encoding to copy filtered resources.
[DEBUG] resource with targetPath null
directory /scratch/tbaral/ase26/nod-rr/NOD-Test-Repair/run_flakerake/projects/679/okhttp-tests/src/test/resources
excludes []
includes []
[INFO] skip non existing resourceDirectory /scratch/tbaral/ase26/nod-rr/NOD-Test-Repair/run_flakerake/projects/679/okhttp-tests/src/test/resources
[DEBUG] no use filter components
[INFO] 
[INFO] --- maven-compiler-plugin:3.0:testCompile (default-testCompile) @ okhttp-tests ---
[DEBUG] Configuring mojo org.apache.maven.plugins:maven-compiler-plugin:3.0:testCompile from plugin realm ClassRealm[plugin>org.apache.maven.plugins:maven-compiler-plugin:3.0, parent: sun.misc.Launcher$AppClassLoader@5c647e05]
[DEBUG] Configuring mojo 'org.apache.maven.plugins:maven-compiler-plugin:3.0:testCompile' with basic configurator -->
[DEBUG]   (f) basedir = /scratch/tbaral/ase26/nod-rr/NOD-Test-Repair/run_flakerake/projects/679/okhttp-tests
[DEBUG]   (f) buildDirectory = /scratch/tbaral/ase26/nod-rr/NOD-Test-Repair/run_flakerake/projects/679/okhttp-tests/target
[DEBUG]   (f) classpathElements = [/scratch/tbaral/ase26/nod-rr/NOD-Test-Repair/run_flakerake/projects/679/okhttp-tests/target/test-classes, /scratch/tbaral/ase26/nod-rr/NOD-Test-Repair/run_flakerake/projects/679/okhttp-tests/target/classes, /home/tbaral/.m2/repository/com/squareup/okio/okio/2.0.0-SNAPSHOT/okio-2.0.0-SNAPSHOT.jar, /home/tbaral/.m2/repository/com/squareup/okhttp/okhttp/2.0.0-SNAPSHOT/okhttp-2.0.0-SNAPSHOT.jar, /home/tbaral/.m2/repository/com/squareup/okhttp/okhttp-protocols/2.0.0-SNAPSHOT/okhttp-protocols-2.0.0-SNAPSHOT.jar, /home/tbaral/.m2/repository/org/mortbay/jetty/npn/npn-boot/8.1.2.v20120308/npn-boot-8.1.2.v20120308.jar, /home/tbaral/.m2/repository/junit/junit/4.11/junit-4.11.jar, /home/tbaral/.m2/repository/org/hamcrest/hamcrest-core/1.3/hamcrest-core-1.3.jar, /home/tbaral/.m2/repository/com/squareup/okhttp/mockwebserver/2.0.0-SNAPSHOT/mockwebserver-2.0.0-SNAPSHOT.jar, /home/tbaral/.m2/repository/org/bouncycastle/bcprov-jdk15on/1.48/bcprov-jdk15on-1.48.jar]
[DEBUG]   (f) compileSourceRoots = [/scratch/tbaral/ase26/nod-rr/NOD-Test-Repair/run_flakerake/projects/679/okhttp-tests/src/test/java]
[DEBUG]   (f) compilerId = javac
[DEBUG]   (f) debug = true
[DEBUG]   (f) encoding = UTF-8
[DEBUG]   (f) failOnError = true
[DEBUG]   (f) forceJavacCompilerUse = false
[DEBUG]   (f) fork = false
[DEBUG]   (f) generatedTestSourcesDirectory = /scratch/tbaral/ase26/nod-rr/NOD-Test-Repair/run_flakerake/projects/679/okhttp-tests/target/generated-test-sources/test-annotations
[DEBUG]   (f) mojoExecution = org.apache.maven.plugins:maven-compiler-plugin:3.0:testCompile {execution: default-testCompile}
[DEBUG]   (f) optimize = false
[DEBUG]   (f) outputDirectory = /scratch/tbaral/ase26/nod-rr/NOD-Test-Repair/run_flakerake/projects/679/okhttp-tests/target/test-classes
[DEBUG]   (f) showDeprecation = false
[DEBUG]   (f) showWarnings = false
[DEBUG]   (f) skipMultiThreadWarning = false
[DEBUG]   (f) source = 1.6
[DEBUG]   (f) staleMillis = 0
[DEBUG]   (f) target = 1.6
[DEBUG]   (f) verbose = false
[DEBUG]   (f) mavenSession = org.apache.maven.execution.MavenSession@226f885f
[DEBUG]   (f) session = org.apache.maven.execution.MavenSession@226f885f
[DEBUG] -- end configuration --
[DEBUG] Using compiler 'javac'.
[DEBUG] Source directories: [/scratch/tbaral/ase26/nod-rr/NOD-Test-Repair/run_flakerake/projects/679/okhttp-tests/src/test/java]
[DEBUG] Classpath: [/scratch/tbaral/ase26/nod-rr/NOD-Test-Repair/run_flakerake/projects/679/okhttp-tests/target/test-classes
 /scratch/tbaral/ase26/nod-rr/NOD-Test-Repair/run_flakerake/projects/679/okhttp-tests/target/classes
 /home/tbaral/.m2/repository/com/squareup/okio/okio/2.0.0-SNAPSHOT/okio-2.0.0-SNAPSHOT.jar
 /home/tbaral/.m2/repository/com/squareup/okhttp/okhttp/2.0.0-SNAPSHOT/okhttp-2.0.0-SNAPSHOT.jar
 /home/tbaral/.m2/repository/com/squareup/okhttp/okhttp-protocols/2.0.0-SNAPSHOT/okhttp-protocols-2.0.0-SNAPSHOT.jar
 /home/tbaral/.m2/repository/org/mortbay/jetty/npn/npn-boot/8.1.2.v20120308/npn-boot-8.1.2.v20120308.jar
 /home/tbaral/.m2/repository/junit/junit/4.11/junit-4.11.jar
 /home/tbaral/.m2/repository/org/hamcrest/hamcrest-core/1.3/hamcrest-core-1.3.jar
 /home/tbaral/.m2/repository/com/squareup/okhttp/mockwebserver/2.0.0-SNAPSHOT/mockwebserver-2.0.0-SNAPSHOT.jar
 /home/tbaral/.m2/repository/org/bouncycastle/bcprov-jdk15on/1.48/bcprov-jdk15on-1.48.jar]
[DEBUG] Output directory: /scratch/tbaral/ase26/nod-rr/NOD-Test-Repair/run_flakerake/projects/679/okhttp-tests/target/test-classes
[DEBUG] CompilerReuseStrategy: reuseCreated
[INFO] Nothing to compile - all classes are up to date
[INFO] 
[INFO] --- maven-surefire-plugin:2.16:test (default-test) @ okhttp-tests ---
[DEBUG] Dependency collection stats: {ConflictMarker.analyzeTime=128503, ConflictMarker.markTime=68850, ConflictMarker.nodeCount=113, ConflictIdSorter.graphTime=33453, ConflictIdSorter.topsortTime=32792, ConflictIdSorter.conflictIdCount=34, ConflictIdSorter.conflictIdCycleCount=0, ConflictResolver.totalTime=943131, ConflictResolver.conflictItemCount=84, DefaultDependencyCollector.collectTime=128416343, DefaultDependencyCollector.transformTime=1233660}
[DEBUG] org.apache.maven.plugins:maven-surefire-plugin:jar:2.16
[DEBUG]    org.apache.maven.surefire:surefire-junit47:jar:2.16:runtime
[DEBUG]       org.apache.maven.surefire:common-junit48:jar:2.16:runtime
[DEBUG]          org.apache.maven.surefire:common-junit4:jar:2.16:runtime
[DEBUG]             org.apache.maven.surefire:common-junit3:jar:2.16:runtime
[DEBUG]          org.apache.maven.surefire:surefire-grouper:jar:2.16:runtime (version managed from default)
[DEBUG]          org.apache.maven.shared:maven-shared-utils:jar:0.4:runtime (version managed from default)
[DEBUG]             com.google.code.findbugs:jsr305:jar:2.0.1:provided (scope managed from default) (version managed from default)
[DEBUG]          org.apache.maven.surefire:common-java5:jar:2.16:runtime
[DEBUG]    org.apache.maven:maven-plugin-api:jar:2.0.9:compile
[DEBUG]    org.apache.maven.surefire:maven-surefire-common:jar:2.16:compile
[DEBUG]       org.apache.maven.surefire:surefire-booter:jar:2.16:compile (version managed from default)
[DEBUG]       org.apache.maven:maven-artifact:jar:2.0.9:compile (version managed from default)
[DEBUG]          org.codehaus.plexus:plexus-utils:jar:1.5.1:compile
[DEBUG]       org.apache.maven:maven-plugin-descriptor:jar:2.0.9:compile (version managed from default)
[DEBUG]          org.codehaus.plexus:plexus-container-default:jar:1.0-alpha-9-stable-1:compile
[DEBUG]             junit:junit:jar:3.8.1:test (scope managed from default) (version managed from default)
[DEBUG]       org.apache.maven:maven-project:jar:2.0.9:compile (version managed from default)
[DEBUG]          org.apache.maven:maven-settings:jar:2.0.9:compile
[DEBUG]          org.apache.maven:maven-profile:jar:2.0.9:compile
[DEBUG]          org.apache.maven:maven-artifact-manager:jar:2.0.9:compile
[DEBUG]          org.apache.maven:maven-plugin-registry:jar:2.0.9:compile
[DEBUG]       org.apache.maven:maven-model:jar:2.0.9:compile (version managed from default)
[DEBUG]       org.apache.maven:maven-core:jar:2.0.9:compile (version managed from default) (exclusions managed from default)
[DEBUG]          org.apache.maven:maven-plugin-parameter-documenter:jar:2.0.9:compile
[DEBUG]          org.apache.maven.reporting:maven-reporting-api:jar:2.0.9:compile (version managed from default)
[DEBUG]          org.apache.maven:maven-repository-metadata:jar:2.0.9:compile
[DEBUG]          org.apache.maven:maven-error-diagnostics:jar:2.0.9:compile
[DEBUG]          org.apache.maven:maven-monitor:jar:2.0.9:compile
[DEBUG]          classworlds:classworlds:jar:1.1:compile
[DEBUG]       org.apache.commons:commons-lang3:jar:3.1:compile (version managed from default)
[DEBUG]    org.apache.maven.surefire:surefire-api:jar:2.16:compile
[DEBUG]    org.apache.maven:maven-toolchain:jar:2.0.9:compile
[DEBUG]    org.apache.maven.plugin-tools:maven-plugin-annotations:jar:3.2:compile
[DEBUG] Created new class realm plugin>org.apache.maven.plugins:maven-surefire-plugin:2.16
[DEBUG] Importing foreign packages into class realm plugin>org.apache.maven.plugins:maven-surefire-plugin:2.16
[DEBUG]   Imported:  < maven.api
[DEBUG] Populating class realm plugin>org.apache.maven.plugins:maven-surefire-plugin:2.16
[DEBUG]   Included: org.apache.maven.plugins:maven-surefire-plugin:jar:2.16
[DEBUG]   Included: org.apache.maven.surefire:surefire-junit47:jar:2.16
[DEBUG]   Included: org.apache.maven.surefire:common-junit48:jar:2.16
[DEBUG]   Included: org.apache.maven.surefire:common-junit4:jar:2.16
[DEBUG]   Included: org.apache.maven.surefire:common-junit3:jar:2.16
[DEBUG]   Included: org.apache.maven.surefire:surefire-grouper:jar:2.16
[DEBUG]   Included: org.apache.maven.shared:maven-shared-utils:jar:0.4
[DEBUG]   Included: org.apache.maven.surefire:common-java5:jar:2.16
[DEBUG]   Included: org.apache.maven.surefire:maven-surefire-common:jar:2.16
[DEBUG]   Included: org.apache.maven.surefire:surefire-booter:jar:2.16
[DEBUG]   Included: org.codehaus.plexus:plexus-utils:jar:1.5.1
[DEBUG]   Included: org.apache.maven.reporting:maven-reporting-api:jar:2.0.9
[DEBUG]   Included: org.apache.commons:commons-lang3:jar:3.1
[DEBUG]   Included: org.apache.maven.surefire:surefire-api:jar:2.16
[DEBUG]   Included: org.apache.maven.plugin-tools:maven-plugin-annotations:jar:3.2
[DEBUG] Configuring mojo org.apache.maven.plugins:maven-surefire-plugin:2.16:test from plugin realm ClassRealm[plugin>org.apache.maven.plugins:maven-surefire-plugin:2.16, parent: sun.misc.Launcher$AppClassLoader@5c647e05]
[DEBUG] Configuring mojo 'org.apache.maven.plugins:maven-surefire-plugin:2.16:test' with basic configurator -->
[DEBUG]   (s) additionalClasspathElements = []
[DEBUG]   (s) argLine = -Xbootclasspath/p:/home/tbaral/.m2/repository/org/mortbay/jetty/npn/npn-boot/8.1.2.v20120308/npn-boot-8.1.2.v20120308.jar
[DEBUG]   (s) basedir = /scratch/tbaral/ase26/nod-rr/NOD-Test-Repair/run_flakerake/projects/679/okhttp-tests
[DEBUG]   (s) childDelegation = false
[DEBUG]   (s) classesDirectory = /scratch/tbaral/ase26/nod-rr/NOD-Test-Repair/run_flakerake/projects/679/okhttp-tests/target/classes
[DEBUG]   (s) classpathDependencyExcludes = []
[DEBUG]   (s) dependenciesToScan = []
[DEBUG]   (s) disableXmlReport = false
[DEBUG]   (s) enableAssertions = true
[DEBUG]   (s) failIfNoTests = false
[DEBUG]   (f) forkCount = 1
[DEBUG]   (s) forkMode = once
[DEBUG]   (s) junitArtifactName = junit:junit
[DEBUG]   (s) localRepository =       id: local
      url: file:///home/tbaral/.m2/repository/
   layout: default
snapshots: [enabled => true, update => always]
 releases: [enabled => true, update => always]

[DEBUG]   (f) parallelMavenExecution = false
[DEBUG]   (s) perCoreThreadCount = true
[DEBUG]   (s) pluginArtifactMap = {org.apache.maven.plugins:maven-surefire-plugin=org.apache.maven.plugins:maven-surefire-plugin:maven-plugin:2.16:, org.apache.maven.surefire:surefire-junit47=org.apache.maven.surefire:surefire-junit47:jar:2.16:runtime, org.apache.maven.surefire:common-junit48=org.apache.maven.surefire:common-junit48:jar:2.16:runtime, org.apache.maven.surefire:common-junit4=org.apache.maven.surefire:common-junit4:jar:2.16:runtime, org.apache.maven.surefire:common-junit3=org.apache.maven.surefire:common-junit3:jar:2.16:runtime, org.apache.maven.surefire:surefire-grouper=org.apache.maven.surefire:surefire-grouper:jar:2.16:runtime, org.apache.maven.shared:maven-shared-utils=org.apache.maven.shared:maven-shared-utils:jar:0.4:runtime, org.apache.maven.surefire:common-java5=org.apache.maven.surefire:common-java5:jar:2.16:runtime, org.apache.maven:maven-plugin-api=org.apache.maven:maven-plugin-api:jar:2.0.9:compile, org.apache.maven.surefire:maven-surefire-common=org.apache.maven.surefire:maven-surefire-common:jar:2.16:compile, org.apache.maven.surefire:surefire-booter=org.apache.maven.surefire:surefire-booter:jar:2.16:compile, org.apache.maven:maven-artifact=org.apache.maven:maven-artifact:jar:2.0.9:compile, org.codehaus.plexus:plexus-utils=org.codehaus.plexus:plexus-utils:jar:1.5.1:compile, org.apache.maven:maven-plugin-descriptor=org.apache.maven:maven-plugin-descriptor:jar:2.0.9:compile, org.codehaus.plexus:plexus-container-default=org.codehaus.plexus:plexus-container-default:jar:1.0-alpha-9-stable-1:compile, org.apache.maven:maven-project=org.apache.maven:maven-project:jar:2.0.9:compile, org.apache.maven:maven-settings=org.apache.maven:maven-settings:jar:2.0.9:compile, org.apache.maven:maven-profile=org.apache.maven:maven-profile:jar:2.0.9:compile, org.apache.maven:maven-artifact-manager=org.apache.maven:maven-artifact-manager:jar:2.0.9:compile, org.apache.maven:maven-plugin-registry=org.apache.maven:maven-plugin-registry:jar:2.0.9:compile, org.apache.maven:maven-model=org.apache.maven:maven-model:jar:2.0.9:compile, org.apache.maven:maven-core=org.apache.maven:maven-core:jar:2.0.9:compile, org.apache.maven:maven-plugin-parameter-documenter=org.apache.maven:maven-plugin-parameter-documenter:jar:2.0.9:compile, org.apache.maven.reporting:maven-reporting-api=org.apache.maven.reporting:maven-reporting-api:jar:2.0.9:compile, org.apache.maven:maven-repository-metadata=org.apache.maven:maven-repository-metadata:jar:2.0.9:compile, org.apache.maven:maven-error-diagnostics=org.apache.maven:maven-error-diagnostics:jar:2.0.9:compile, org.apache.maven:maven-monitor=org.apache.maven:maven-monitor:jar:2.0.9:compile, classworlds:classworlds=classworlds:classworlds:jar:1.1:compile, org.apache.commons:commons-lang3=org.apache.commons:commons-lang3:jar:3.1:compile, org.apache.maven.surefire:surefire-api=org.apache.maven.surefire:surefire-api:jar:2.16:compile, org.apache.maven:maven-toolchain=org.apache.maven:maven-toolchain:jar:2.0.9:compile, org.apache.maven.plugin-tools:maven-plugin-annotations=org.apache.maven.plugin-tools:maven-plugin-annotations:jar:3.2:compile}
[DEBUG]   (f) pluginDescriptor = Component Descriptor: role: 'org.apache.maven.plugin.Mojo', implementation: 'org.apache.maven.plugin.surefire.SurefirePlugin', role hint: 'org.apache.maven.plugins:maven-surefire-plugin:2.16:test'
role: 'org.apache.maven.plugin.Mojo', implementation: 'org.apache.maven.plugin.surefire.HelpMojo', role hint: 'org.apache.maven.plugins:maven-surefire-plugin:2.16:help'
---
[DEBUG]   (s) printSummary = true
[DEBUG]   (s) projectArtifactMap = {com.squareup.okio:okio=com.squareup.okio:okio:jar:2.0.0-SNAPSHOT:compile, com.squareup.okhttp:okhttp=com.squareup.okhttp:okhttp:jar:2.0.0-SNAPSHOT:compile, com.squareup.okhttp:okhttp-protocols=com.squareup.okhttp:okhttp-protocols:jar:2.0.0-SNAPSHOT:compile, org.mortbay.jetty.npn:npn-boot=org.mortbay.jetty.npn:npn-boot:jar:8.1.2.v20120308:provided, junit:junit=junit:junit:jar:4.11:test, org.hamcrest:hamcrest-core=org.hamcrest:hamcrest-core:jar:1.3:test, com.squareup.okhttp:mockwebserver=com.squareup.okhttp:mockwebserver:jar:2.0.0-SNAPSHOT:test, org.bouncycastle:bcprov-jdk15on=org.bouncycastle:bcprov-jdk15on:jar:1.48:test}
[DEBUG]   (s) redirectTestOutputToFile = false
[DEBUG]   (s) remoteRepositories = [      id: central
      url: https://repo.maven.apache.org/maven2
   layout: default
snapshots: [enabled => false, update => daily]
 releases: [enabled => true, update => never]
]
[DEBUG]   (s) reportFormat = brief
[DEBUG]   (s) reportsDirectory = /scratch/tbaral/ase26/nod-rr/NOD-Test-Repair/run_flakerake/projects/679/okhttp-tests/target/surefire-reports
[DEBUG]   (f) reuseForks = true
[DEBUG]   (s) runOrder = filesystem
[DEBUG]   (s) skip = false
[DEBUG]   (s) skipTests = true
[DEBUG]   (s) test = com.squareup.okhttp.internal.http.URLConnectionTest#fixedLengthUpload_smallBuffers
[DEBUG]   (s) testClassesDirectory = /scratch/tbaral/ase26/nod-rr/NOD-Test-Repair/run_flakerake/projects/679/okhttp-tests/target/test-classes
[DEBUG]   (s) testFailureIgnore = false
[DEBUG]   (s) testNGArtifactName = org.testng:testng
[DEBUG]   (s) testSourceDirectory = /scratch/tbaral/ase26/nod-rr/NOD-Test-Repair/run_flakerake/projects/679/okhttp-tests/src/test/java
[DEBUG]   (s) threadCountClasses = 0
[DEBUG]   (s) threadCountMethods = 0
[DEBUG]   (s) threadCountSuites = 0
[DEBUG]   (s) trimStackTrace = true
[DEBUG]   (s) useFile = true
[DEBUG]   (s) useManifestOnlyJar = true
[DEBUG]   (s) useSystemClassLoader = true
[DEBUG]   (s) useUnlimitedThreads = false
[DEBUG]   (s) workingDirectory = /scratch/tbaral/ase26/nod-rr/NOD-Test-Repair/run_flakerake/projects/679/okhttp-tests
[DEBUG]   (s) project = MavenProject: com.squareup.okhttp:okhttp-tests:2.0.0-SNAPSHOT @ /scratch/tbaral/ase26/nod-rr/NOD-Test-Repair/run_flakerake/projects/679/okhttp-tests/pom.xml
[DEBUG]   (s) session = org.apache.maven.execution.MavenSession@226f885f
[DEBUG] -- end configuration --
[INFO] Tests are skipped.
[INFO] 
[INFO] --- animal-sniffer-maven-plugin:1.10:check (default) @ okhttp-tests ---
[DEBUG] Dependency collection stats: {ConflictMarker.analyzeTime=132600, ConflictMarker.markTime=80111, ConflictMarker.nodeCount=231, ConflictIdSorter.graphTime=39684, ConflictIdSorter.topsortTime=34886, ConflictIdSorter.conflictIdCount=41, ConflictIdSorter.conflictIdCycleCount=0, ConflictResolver.totalTime=14882663, ConflictResolver.conflictItemCount=78, DefaultDependencyCollector.collectTime=431605036, DefaultDependencyCollector.transformTime=15199562}
[DEBUG] org.codehaus.mojo:animal-sniffer-maven-plugin:jar:1.10
[DEBUG]    org.codehaus.mojo:animal-sniffer:jar:1.10:compile
[DEBUG]       org.ow2.asm:asm-all:jar:4.0:compile
[DEBUG]    org.codehaus.mojo:java-boot-classpath-detector:jar:1.10:compile
[DEBUG]    org.apache.maven:maven-plugin-api:jar:2.0.1:compile
[DEBUG]    org.apache.maven:maven-core:jar:2.0.1:compile
[DEBUG]       org.apache.maven:maven-settings:jar:2.0.1:compile
[DEBUG]       org.apache.maven:maven-plugin-parameter-documenter:jar:2.0.1:compile
[DEBUG]       org.apache.maven.reporting:maven-reporting-api:jar:2.0.1:compile
[DEBUG]          org.apache.maven.doxia:doxia-sink-api:jar:1.0-alpha-6:compile
[DEBUG]       org.apache.maven:maven-profile:jar:2.0.1:compile
[DEBUG]       org.apache.maven:maven-model:jar:2.0.1:compile
[DEBUG]       org.codehaus.plexus:plexus-container-default:jar:1.0-alpha-9:compile
[DEBUG]          junit:junit:jar:4.11:test (scope managed from default) (version managed from default)
[DEBUG]             org.hamcrest:hamcrest-core:jar:1.3:test
[DEBUG]          classworlds:classworlds:jar:1.1-alpha-2:compile
[DEBUG]       org.apache.maven:maven-repository-metadata:jar:2.0.1:compile
[DEBUG]       org.apache.maven:maven-error-diagnostics:jar:2.0.1:compile
[DEBUG]       org.apache.maven:maven-plugin-registry:jar:2.0.1:compile
[DEBUG]       commons-cli:commons-cli:jar:1.0:compile
[DEBUG]       org.apache.maven:maven-plugin-descriptor:jar:2.0.1:compile
[DEBUG]       org.codehaus.plexus:plexus-interactivity-api:jar:1.0-alpha-4:compile
[DEBUG]       org.apache.maven:maven-artifact-manager:jar:2.0.1:compile
[DEBUG]       org.apache.maven:maven-monitor:jar:2.0.1:compile
[DEBUG]    org.apache.maven:maven-project:jar:2.0.1:compile
[DEBUG]    org.apache.maven:maven-artifact:jar:2.0.1:compile
[DEBUG]    org.apache.maven:maven-toolchain:jar:2.2.1:compile
[DEBUG]    org.apache.maven.shared:maven-common-artifact-filters:jar:1.2:compile
[DEBUG]       org.apache.maven.shared:maven-plugin-testing-harness:jar:1.1:compile
[DEBUG]          org.codehaus.plexus:plexus-archiver:jar:1.0-alpha-7:compile
[DEBUG]    org.codehaus.plexus:plexus-utils:jar:1.5.6:compile
[DEBUG] Created new class realm plugin>org.codehaus.mojo:animal-sniffer-maven-plugin:1.10
[DEBUG] Importing foreign packages into class realm plugin>org.codehaus.mojo:animal-sniffer-maven-plugin:1.10
[DEBUG]   Imported:  < maven.api
[DEBUG] Populating class realm plugin>org.codehaus.mojo:animal-sniffer-maven-plugin:1.10
[DEBUG]   Included: org.codehaus.mojo:animal-sniffer-maven-plugin:jar:1.10
[DEBUG]   Included: org.codehaus.mojo:animal-sniffer:jar:1.10
[DEBUG]   Included: org.ow2.asm:asm-all:jar:4.0
[DEBUG]   Included: org.codehaus.mojo:java-boot-classpath-detector:jar:1.10
[DEBUG]   Included: org.apache.maven.reporting:maven-reporting-api:jar:2.0.1
[DEBUG]   Included: org.apache.maven.doxia:doxia-sink-api:jar:1.0-alpha-6
[DEBUG]   Included: commons-cli:commons-cli:jar:1.0
[DEBUG]   Included: org.codehaus.plexus:plexus-interactivity-api:jar:1.0-alpha-4
[DEBUG]   Included: org.apache.maven.shared:maven-common-artifact-filters:jar:1.2
[DEBUG]   Included: org.apache.maven.shared:maven-plugin-testing-harness:jar:1.1
[DEBUG]   Included: org.codehaus.plexus:plexus-archiver:jar:1.0-alpha-7
[DEBUG]   Included: org.codehaus.plexus:plexus-utils:jar:1.5.6
[DEBUG] Configuring mojo org.codehaus.mojo:animal-sniffer-maven-plugin:1.10:check from plugin realm ClassRealm[plugin>org.codehaus.mojo:animal-sniffer-maven-plugin:1.10, parent: sun.misc.Launcher$AppClassLoader@5c647e05]
[DEBUG] Configuring mojo 'org.codehaus.mojo:animal-sniffer-maven-plugin:1.10:check' with basic configurator -->
[DEBUG]   (f) classpathElements = [/scratch/tbaral/ase26/nod-rr/NOD-Test-Repair/run_flakerake/projects/679/okhttp-tests/target/classes, /home/tbaral/.m2/repository/com/squareup/okio/okio/2.0.0-SNAPSHOT/okio-2.0.0-SNAPSHOT.jar, /home/tbaral/.m2/repository/com/squareup/okhttp/okhttp/2.0.0-SNAPSHOT/okhttp-2.0.0-SNAPSHOT.jar, /home/tbaral/.m2/repository/com/squareup/okhttp/okhttp-protocols/2.0.0-SNAPSHOT/okhttp-protocols-2.0.0-SNAPSHOT.jar, /home/tbaral/.m2/repository/org/mortbay/jetty/npn/npn-boot/8.1.2.v20120308/npn-boot-8.1.2.v20120308.jar]
[DEBUG]   (f) ignoreDependencies = true
[DEBUG]   (f) localRepository =       id: local
      url: file:///home/tbaral/.m2/repository/
   layout: default
snapshots: [enabled => true, update => always]
 releases: [enabled => true, update => always]

[DEBUG]   (f) outputDirectory = /scratch/tbaral/ase26/nod-rr/NOD-Test-Repair/run_flakerake/projects/679/okhttp-tests/target/classes
[DEBUG]   (f) project = MavenProject: com.squareup.okhttp:okhttp-tests:2.0.0-SNAPSHOT @ /scratch/tbaral/ase26/nod-rr/NOD-Test-Repair/run_flakerake/projects/679/okhttp-tests/pom.xml
[DEBUG]   (s) groupId = org.codehaus.mojo.signature
[DEBUG]   (s) artifactId = java16
[DEBUG]   (s) version = 1.1
[DEBUG]   (f) signature = org.codehaus.mojo.signature:java16:1.1
[DEBUG]   (f) skip = false
[DEBUG] -- end configuration --
[INFO] Checking unresolved references to org.codehaus.mojo.signature:java16:1.1
[INFO] ------------------------------------------------------------------------
[INFO] BUILD SUCCESS
[INFO] ------------------------------------------------------------------------
[INFO] Total time:  3.312 s
[INFO] Finished at: 2025-06-25T16:44:42-04:00
[INFO] ------------------------------------------------------------------------

INFO:root:Found argLine:'-Xbootclasspath/p:/home/tbaral/.m2/repository/org/mortbay/jetty/npn/npn-boot/8.1.2.v20120308/npn-boot-8.1.2.v20120308.jar'
INFO:root:[INFO] Scanning for projects...
[INFO] 
[INFO] ------------------< com.squareup.okhttp:okhttp-tests >------------------
[INFO] Building OkHttp Tests 2.0.0-SNAPSHOT
[INFO] --------------------------------[ jar ]---------------------------------
[INFO] 
[INFO] --- maven-dependency-plugin:2.8:build-classpath (default-cli) @ okhttp-tests ---
[INFO] Wrote classpath file '/scratch/tbaral/ase26/nod-rr/NOD-Test-Repair/run_flakerake/projects/679/okhttp-tests/sleepy-records/internal/clazz_path.txt'.
[INFO] ------------------------------------------------------------------------
[INFO] BUILD SUCCESS
[INFO] ------------------------------------------------------------------------
[INFO] Total time:  2.111 s
[INFO] Finished at: 2025-06-25T16:44:44-04:00
[INFO] ------------------------------------------------------------------------

INFO:root:Running test with no sleeping so using default sleep time.
INFO:root:Using timeout 60.0 minutes
INFO:root:Running command:
INFO:root:/scratch/tbaral/ase26/otog/setups/jdk1.8.0_102/bin/java -XX:+ExitOnOutOfMemoryError -Xbootclasspath/p:/home/tbaral/.m2/repository/edu/gmu/swe/flaky/sleepy/sleepy-interceptor/0.0.4-SNAPSHOT/sleepy-interceptor-0.0.4-SNAPSHOT.jar:/home/tbaral/.m2/repository/org/mortbay/jetty/npn/npn-boot/8.1.2.v20120308/npn-boot-8.1.2.v20120308.jar -javaagent:/home/tbaral/.m2/repository/edu/gmu/swe/flaky/sleepy/sleepy-interceptor/0.0.4-SNAPSHOT/sleepy-interceptor-0.0.4-SNAPSHOT.jar   -cp '/home/tbaral/.m2/repository/com/squareup/okio/okio/2.0.0-SNAPSHOT/okio-2.0.0-SNAPSHOT.jar:/home/tbaral/.m2/repository/com/squareup/okhttp/okhttp/2.0.0-SNAPSHOT/okhttp-2.0.0-SNAPSHOT.jar:/home/tbaral/.m2/repository/com/squareup/okhttp/okhttp-protocols/2.0.0-SNAPSHOT/okhttp-protocols-2.0.0-SNAPSHOT.jar:/home/tbaral/.m2/repository/org/mortbay/jetty/npn/npn-boot/8.1.2.v20120308/npn-boot-8.1.2.v20120308.jar:/home/tbaral/.m2/repository/junit/junit/4.11/junit-4.11.jar:/home/tbaral/.m2/repository/org/hamcrest/hamcrest-core/1.3/hamcrest-core-1.3.jar:/home/tbaral/.m2/repository/com/squareup/okhttp/mockwebserver/2.0.0-SNAPSHOT/mockwebserver-2.0.0-SNAPSHOT.jar:/home/tbaral/.m2/repository/org/bouncycastle/bcprov-jdk15on/1.48/bcprov-jdk15on-1.48.jar:./target/classes:./target/test-classes:/home/tbaral/.m2/repository/edu/gmu/swe/flaky/sleepy/sleepy-runner/0.0.4-SNAPSHOT/sleepy-runner-0.0.4-SNAPSHOT.jar' 'edu.gmu.swe.flaky.sleepy.runner.SleepyTestRunner' com.squareup.okhttp.internal.http.URLConnectionTest#fixedLengthUpload_smallBuffers '0' 'info' 10000 
INFO:root:====BEGIN Java Log====
INFO:root:TALANK: args.length: 4
TALANK: args[0]: com.squareup.okhttp.internal.http.URLConnectionTest#fixedLengthUpload_smallBuffers
TALANK: args[1]: 0
TALANK: args[2]: info
TALANK: args[3]: 10000
********TALANK requesting to junitcore ******: org.junit.internal.requests.FilterRequest@77b52d12

INFO:root:====END Java Log====
INFO:root:Non timeout flaky_fail_attempt
INFO:root:Command '/scratch/tbaral/ase26/otog/setups/jdk1.8.0_102/bin/java -XX:+ExitOnOutOfMemoryError -Xbootclasspath/p:/home/tbaral/.m2/repository/edu/gmu/swe/flaky/sleepy/sleepy-interceptor/0.0.4-SNAPSHOT/sleepy-interceptor-0.0.4-SNAPSHOT.jar:/home/tbaral/.m2/repository/org/mortbay/jetty/npn/npn-boot/8.1.2.v20120308/npn-boot-8.1.2.v20120308.jar -javaagent:/home/tbaral/.m2/repository/edu/gmu/swe/flaky/sleepy/sleepy-interceptor/0.0.4-SNAPSHOT/sleepy-interceptor-0.0.4-SNAPSHOT.jar   -cp '/home/tbaral/.m2/repository/com/squareup/okio/okio/2.0.0-SNAPSHOT/okio-2.0.0-SNAPSHOT.jar:/home/tbaral/.m2/repository/com/squareup/okhttp/okhttp/2.0.0-SNAPSHOT/okhttp-2.0.0-SNAPSHOT.jar:/home/tbaral/.m2/repository/com/squareup/okhttp/okhttp-protocols/2.0.0-SNAPSHOT/okhttp-protocols-2.0.0-SNAPSHOT.jar:/home/tbaral/.m2/repository/org/mortbay/jetty/npn/npn-boot/8.1.2.v20120308/npn-boot-8.1.2.v20120308.jar:/home/tbaral/.m2/repository/junit/junit/4.11/junit-4.11.jar:/home/tbaral/.m2/repository/org/hamcrest/hamcrest-core/1.3/hamcrest-core-1.3.jar:/home/tbaral/.m2/repository/com/squareup/okhttp/mockwebserver/2.0.0-SNAPSHOT/mockwebserver-2.0.0-SNAPSHOT.jar:/home/tbaral/.m2/repository/org/bouncycastle/bcprov-jdk15on/1.48/bcprov-jdk15on-1.48.jar:./target/classes:./target/test-classes:/home/tbaral/.m2/repository/edu/gmu/swe/flaky/sleepy/sleepy-runner/0.0.4-SNAPSHOT/sleepy-runner-0.0.4-SNAPSHOT.jar' 'edu.gmu.swe.flaky.sleepy.runner.SleepyTestRunner' com.squareup.okhttp.internal.http.URLConnectionTest#fixedLengthUpload_smallBuffers '0' 'info' 10000 ' died with <Signals.SIGKILL: 9>.
ERROR:root:Command '/scratch/tbaral/ase26/otog/setups/jdk1.8.0_102/bin/java -XX:+ExitOnOutOfMemoryError -Xbootclasspath/p:/home/tbaral/.m2/repository/edu/gmu/swe/flaky/sleepy/sleepy-interceptor/0.0.4-SNAPSHOT/sleepy-interceptor-0.0.4-SNAPSHOT.jar:/home/tbaral/.m2/repository/org/mortbay/jetty/npn/npn-boot/8.1.2.v20120308/npn-boot-8.1.2.v20120308.jar -javaagent:/home/tbaral/.m2/repository/edu/gmu/swe/flaky/sleepy/sleepy-interceptor/0.0.4-SNAPSHOT/sleepy-interceptor-0.0.4-SNAPSHOT.jar   -cp '/home/tbaral/.m2/repository/com/squareup/okio/okio/2.0.0-SNAPSHOT/okio-2.0.0-SNAPSHOT.jar:/home/tbaral/.m2/repository/com/squareup/okhttp/okhttp/2.0.0-SNAPSHOT/okhttp-2.0.0-SNAPSHOT.jar:/home/tbaral/.m2/repository/com/squareup/okhttp/okhttp-protocols/2.0.0-SNAPSHOT/okhttp-protocols-2.0.0-SNAPSHOT.jar:/home/tbaral/.m2/repository/org/mortbay/jetty/npn/npn-boot/8.1.2.v20120308/npn-boot-8.1.2.v20120308.jar:/home/tbaral/.m2/repository/junit/junit/4.11/junit-4.11.jar:/home/tbaral/.m2/repository/org/hamcrest/hamcrest-core/1.3/hamcrest-core-1.3.jar:/home/tbaral/.m2/repository/com/squareup/okhttp/mockwebserver/2.0.0-SNAPSHOT/mockwebserver-2.0.0-SNAPSHOT.jar:/home/tbaral/.m2/repository/org/bouncycastle/bcprov-jdk15on/1.48/bcprov-jdk15on-1.48.jar:./target/classes:./target/test-classes:/home/tbaral/.m2/repository/edu/gmu/swe/flaky/sleepy/sleepy-runner/0.0.4-SNAPSHOT/sleepy-runner-0.0.4-SNAPSHOT.jar' 'edu.gmu.swe.flaky.sleepy.runner.SleepyTestRunner' com.squareup.okhttp.internal.http.URLConnectionTest#fixedLengthUpload_smallBuffers '0' 'info' 10000 ' died with <Signals.SIGKILL: 9>.
INFO:root:Kill all Java processes
INFO:root:Unaltered flaky_fail_attempt: 1
INFO:root:Running test with no sleeping so using default sleep time.
INFO:root:Using timeout 60.0 minutes
INFO:root:Running command:
INFO:root:/scratch/tbaral/ase26/otog/setups/jdk1.8.0_102/bin/java -XX:+ExitOnOutOfMemoryError -Xbootclasspath/p:/home/tbaral/.m2/repository/edu/gmu/swe/flaky/sleepy/sleepy-interceptor/0.0.4-SNAPSHOT/sleepy-interceptor-0.0.4-SNAPSHOT.jar:/home/tbaral/.m2/repository/org/mortbay/jetty/npn/npn-boot/8.1.2.v20120308/npn-boot-8.1.2.v20120308.jar -javaagent:/home/tbaral/.m2/repository/edu/gmu/swe/flaky/sleepy/sleepy-interceptor/0.0.4-SNAPSHOT/sleepy-interceptor-0.0.4-SNAPSHOT.jar   -cp '/home/tbaral/.m2/repository/com/squareup/okio/okio/2.0.0-SNAPSHOT/okio-2.0.0-SNAPSHOT.jar:/home/tbaral/.m2/repository/com/squareup/okhttp/okhttp/2.0.0-SNAPSHOT/okhttp-2.0.0-SNAPSHOT.jar:/home/tbaral/.m2/repository/com/squareup/okhttp/okhttp-protocols/2.0.0-SNAPSHOT/okhttp-protocols-2.0.0-SNAPSHOT.jar:/home/tbaral/.m2/repository/org/mortbay/jetty/npn/npn-boot/8.1.2.v20120308/npn-boot-8.1.2.v20120308.jar:/home/tbaral/.m2/repository/junit/junit/4.11/junit-4.11.jar:/home/tbaral/.m2/repository/org/hamcrest/hamcrest-core/1.3/hamcrest-core-1.3.jar:/home/tbaral/.m2/repository/com/squareup/okhttp/mockwebserver/2.0.0-SNAPSHOT/mockwebserver-2.0.0-SNAPSHOT.jar:/home/tbaral/.m2/repository/org/bouncycastle/bcprov-jdk15on/1.48/bcprov-jdk15on-1.48.jar:./target/classes:./target/test-classes:/home/tbaral/.m2/repository/edu/gmu/swe/flaky/sleepy/sleepy-runner/0.0.4-SNAPSHOT/sleepy-runner-0.0.4-SNAPSHOT.jar' 'edu.gmu.swe.flaky.sleepy.runner.SleepyTestRunner' com.squareup.okhttp.internal.http.URLConnectionTest#fixedLengthUpload_smallBuffers '0' 'info' 10000 
INFO:root:====BEGIN Java Log====
INFO:root:TALANK: args.length: 4
TALANK: args[0]: com.squareup.okhttp.internal.http.URLConnectionTest#fixedLengthUpload_smallBuffers
TALANK: args[1]: 0
TALANK: args[2]: info
TALANK: args[3]: 10000
********TALANK requesting to junitcore ******: org.junit.internal.requests.FilterRequest@77b52d12
TALANKINFO:FromJava:OK
Jun 25, 2025 4:44:46 PM com.squareup.okhttp.mockwebserver.MockWebServer$3 processOneRequest
INFO: Received request: POST / HTTP/1.1 and responded: HTTP/1.1 200 OK

INFO:root:====END Java Log====
INFO:root:Kill all Java processes
INFO:root:Running test with no sleeping so using default sleep time.
INFO:root:Using timeout 60.0 minutes
INFO:root:Running command:
INFO:root:/scratch/tbaral/ase26/otog/setups/jdk1.8.0_102/bin/java -XX:+ExitOnOutOfMemoryError -Xbootclasspath/p:/home/tbaral/.m2/repository/edu/gmu/swe/flaky/sleepy/sleepy-interceptor/0.0.4-SNAPSHOT/sleepy-interceptor-0.0.4-SNAPSHOT.jar:/home/tbaral/.m2/repository/org/mortbay/jetty/npn/npn-boot/8.1.2.v20120308/npn-boot-8.1.2.v20120308.jar -javaagent:/home/tbaral/.m2/repository/edu/gmu/swe/flaky/sleepy/sleepy-interceptor/0.0.4-SNAPSHOT/sleepy-interceptor-0.0.4-SNAPSHOT.jar   -cp '/home/tbaral/.m2/repository/com/squareup/okio/okio/2.0.0-SNAPSHOT/okio-2.0.0-SNAPSHOT.jar:/home/tbaral/.m2/repository/com/squareup/okhttp/okhttp/2.0.0-SNAPSHOT/okhttp-2.0.0-SNAPSHOT.jar:/home/tbaral/.m2/repository/com/squareup/okhttp/okhttp-protocols/2.0.0-SNAPSHOT/okhttp-protocols-2.0.0-SNAPSHOT.jar:/home/tbaral/.m2/repository/org/mortbay/jetty/npn/npn-boot/8.1.2.v20120308/npn-boot-8.1.2.v20120308.jar:/home/tbaral/.m2/repository/junit/junit/4.11/junit-4.11.jar:/home/tbaral/.m2/repository/org/hamcrest/hamcrest-core/1.3/hamcrest-core-1.3.jar:/home/tbaral/.m2/repository/com/squareup/okhttp/mockwebserver/2.0.0-SNAPSHOT/mockwebserver-2.0.0-SNAPSHOT.jar:/home/tbaral/.m2/repository/org/bouncycastle/bcprov-jdk15on/1.48/bcprov-jdk15on-1.48.jar:./target/classes:./target/test-classes:/home/tbaral/.m2/repository/edu/gmu/swe/flaky/sleepy/sleepy-runner/0.0.4-SNAPSHOT/sleepy-runner-0.0.4-SNAPSHOT.jar' 'edu.gmu.swe.flaky.sleepy.runner.SleepyTestRunner' com.squareup.okhttp.internal.http.URLConnectionTest#fixedLengthUpload_smallBuffers '0' 'info' 10000 
INFO:root:====BEGIN Java Log====
INFO:root:TALANK: args.length: 4
TALANK: args[0]: com.squareup.okhttp.internal.http.URLConnectionTest#fixedLengthUpload_smallBuffers
TALANK: args[1]: 0
TALANK: args[2]: info
TALANK: args[3]: 10000
********TALANK requesting to junitcore ******: org.junit.internal.requests.FilterRequest@77b52d12
TALANKINFO:FromJava:OK
Jun 25, 2025 4:44:47 PM com.squareup.okhttp.mockwebserver.MockWebServer$3 processOneRequest
INFO: Received request: POST / HTTP/1.1 and responded: HTTP/1.1 200 OK

INFO:root:====END Java Log====
INFO:root:Kill all Java processes
INFO:root:Running test with no sleeping so using default sleep time.
INFO:root:Using timeout 60.0 minutes
INFO:root:Running command:
INFO:root:/scratch/tbaral/ase26/otog/setups/jdk1.8.0_102/bin/java -XX:+ExitOnOutOfMemoryError -Xbootclasspath/p:/home/tbaral/.m2/repository/edu/gmu/swe/flaky/sleepy/sleepy-interceptor/0.0.4-SNAPSHOT/sleepy-interceptor-0.0.4-SNAPSHOT.jar:/home/tbaral/.m2/repository/org/mortbay/jetty/npn/npn-boot/8.1.2.v20120308/npn-boot-8.1.2.v20120308.jar -javaagent:/home/tbaral/.m2/repository/edu/gmu/swe/flaky/sleepy/sleepy-interceptor/0.0.4-SNAPSHOT/sleepy-interceptor-0.0.4-SNAPSHOT.jar   -cp '/home/tbaral/.m2/repository/com/squareup/okio/okio/2.0.0-SNAPSHOT/okio-2.0.0-SNAPSHOT.jar:/home/tbaral/.m2/repository/com/squareup/okhttp/okhttp/2.0.0-SNAPSHOT/okhttp-2.0.0-SNAPSHOT.jar:/home/tbaral/.m2/repository/com/squareup/okhttp/okhttp-protocols/2.0.0-SNAPSHOT/okhttp-protocols-2.0.0-SNAPSHOT.jar:/home/tbaral/.m2/repository/org/mortbay/jetty/npn/npn-boot/8.1.2.v20120308/npn-boot-8.1.2.v20120308.jar:/home/tbaral/.m2/repository/junit/junit/4.11/junit-4.11.jar:/home/tbaral/.m2/repository/org/hamcrest/hamcrest-core/1.3/hamcrest-core-1.3.jar:/home/tbaral/.m2/repository/com/squareup/okhttp/mockwebserver/2.0.0-SNAPSHOT/mockwebserver-2.0.0-SNAPSHOT.jar:/home/tbaral/.m2/repository/org/bouncycastle/bcprov-jdk15on/1.48/bcprov-jdk15on-1.48.jar:./target/classes:./target/test-classes:/home/tbaral/.m2/repository/edu/gmu/swe/flaky/sleepy/sleepy-runner/0.0.4-SNAPSHOT/sleepy-runner-0.0.4-SNAPSHOT.jar' 'edu.gmu.swe.flaky.sleepy.runner.SleepyTestRunner' com.squareup.okhttp.internal.http.URLConnectionTest#fixedLengthUpload_smallBuffers '0' 'info' 10000 
INFO:root:====BEGIN Java Log====
INFO:root:TALANK: args.length: 4
TALANK: args[0]: com.squareup.okhttp.internal.http.URLConnectionTest#fixedLengthUpload_smallBuffers
TALANK: args[1]: 0
TALANK: args[2]: info
TALANK: args[3]: 10000
********TALANK requesting to junitcore ******: org.junit.internal.requests.FilterRequest@77b52d12
TALANKINFO:FromJava:OK
Jun 25, 2025 4:44:48 PM com.squareup.okhttp.mockwebserver.MockWebServer$3 processOneRequest
INFO: Received request: POST / HTTP/1.1 and responded: HTTP/1.1 200 OK

INFO:root:====END Java Log====
INFO:root:Kill all Java processes
INFO:root:Running test with no sleeping so using default sleep time.
INFO:root:Using timeout 60.0 minutes
INFO:root:Running command:
INFO:root:/scratch/tbaral/ase26/otog/setups/jdk1.8.0_102/bin/java -XX:+ExitOnOutOfMemoryError -Xbootclasspath/p:/home/tbaral/.m2/repository/edu/gmu/swe/flaky/sleepy/sleepy-interceptor/0.0.4-SNAPSHOT/sleepy-interceptor-0.0.4-SNAPSHOT.jar:/home/tbaral/.m2/repository/org/mortbay/jetty/npn/npn-boot/8.1.2.v20120308/npn-boot-8.1.2.v20120308.jar -javaagent:/home/tbaral/.m2/repository/edu/gmu/swe/flaky/sleepy/sleepy-interceptor/0.0.4-SNAPSHOT/sleepy-interceptor-0.0.4-SNAPSHOT.jar   -cp '/home/tbaral/.m2/repository/com/squareup/okio/okio/2.0.0-SNAPSHOT/okio-2.0.0-SNAPSHOT.jar:/home/tbaral/.m2/repository/com/squareup/okhttp/okhttp/2.0.0-SNAPSHOT/okhttp-2.0.0-SNAPSHOT.jar:/home/tbaral/.m2/repository/com/squareup/okhttp/okhttp-protocols/2.0.0-SNAPSHOT/okhttp-protocols-2.0.0-SNAPSHOT.jar:/home/tbaral/.m2/repository/org/mortbay/jetty/npn/npn-boot/8.1.2.v20120308/npn-boot-8.1.2.v20120308.jar:/home/tbaral/.m2/repository/junit/junit/4.11/junit-4.11.jar:/home/tbaral/.m2/repository/org/hamcrest/hamcrest-core/1.3/hamcrest-core-1.3.jar:/home/tbaral/.m2/repository/com/squareup/okhttp/mockwebserver/2.0.0-SNAPSHOT/mockwebserver-2.0.0-SNAPSHOT.jar:/home/tbaral/.m2/repository/org/bouncycastle/bcprov-jdk15on/1.48/bcprov-jdk15on-1.48.jar:./target/classes:./target/test-classes:/home/tbaral/.m2/repository/edu/gmu/swe/flaky/sleepy/sleepy-runner/0.0.4-SNAPSHOT/sleepy-runner-0.0.4-SNAPSHOT.jar' 'edu.gmu.swe.flaky.sleepy.runner.SleepyTestRunner' com.squareup.okhttp.internal.http.URLConnectionTest#fixedLengthUpload_smallBuffers '0' 'info' 10000 
INFO:root:====BEGIN Java Log====
INFO:root:TALANK: args.length: 4
TALANK: args[0]: com.squareup.okhttp.internal.http.URLConnectionTest#fixedLengthUpload_smallBuffers
TALANK: args[1]: 0
TALANK: args[2]: info
TALANK: args[3]: 10000
********TALANK requesting to junitcore ******: org.junit.internal.requests.FilterRequest@77b52d12
TALANKINFO:FromJava:OK
Jun 25, 2025 4:44:48 PM com.squareup.okhttp.mockwebserver.MockWebServer$3 processOneRequest
INFO: Received request: POST / HTTP/1.1 and responded: HTTP/1.1 200 OK

INFO:root:====END Java Log====
INFO:root:Kill all Java processes
INFO:root:Found Thread <-1343685637,1>
INFO:root:Found Thread <-1787720848,1>
INFO:root:Found Thread <548981854,1>
INFO:root:Found Thread <main>
INFO:root:Starting analysis on thread named <-1343685637,1> that is 1 out of 4
INFO:root:Initial list
INFO:root:['com/squareup/okhttp/internal/NamedRunnable:run:0\n', 'com/squareup/okhttp/internal/NamedRunnable:run:30\n', 'com/squareup/okhttp/internal/NamedRunnable:run:31\n', 'com/squareup/okhttp/internal/NamedRunnable:run:32\n', 'com/squareup/okhttp/mockwebserver/MockWebServer$2:acceptConnections:274\n', 'com/squareup/okhttp/mockwebserver/MockWebServer$2:acceptConnections:275\n', 'com/squareup/okhttp/mockwebserver/MockWebServer:serveConnection:298\n', 'com/squareup/okhttp/internal/Util$1:newThread:276\n', 'com/squareup/okhttp/internal/Util$1:newThread:277\n', 'com/squareup/okhttp/mockwebserver/MockWebServer:serveConnection:299\n', 'com/squareup/okhttp/internal/Util:closeQuietly:127\n', 'com/squareup/okhttp/internal/Util:closeQuietly:128\n', 'com/squareup/okhttp/mockwebserver/MockWebServer$2:execute:267\n', 'com/squareup/okhttp/mockwebserver/MockWebServer$2:execute:268\n', 'com/squareup/okhttp/internal/NamedRunnable:run:35\n', 'com/squareup/okhttp/internal/NamedRunnable:run:36\n']
INFO:root:Using timeout 47.0 minutes
INFO:root:Running command:
INFO:root:/scratch/tbaral/ase26/otog/setups/jdk1.8.0_102/bin/java -XX:+ExitOnOutOfMemoryError -Xbootclasspath/p:/home/tbaral/.m2/repository/edu/gmu/swe/flaky/sleepy/sleepy-interceptor/0.0.4-SNAPSHOT/sleepy-interceptor-0.0.4-SNAPSHOT.jar:/home/tbaral/.m2/repository/org/mortbay/jetty/npn/npn-boot/8.1.2.v20120308/npn-boot-8.1.2.v20120308.jar -javaagent:/home/tbaral/.m2/repository/edu/gmu/swe/flaky/sleepy/sleepy-interceptor/0.0.4-SNAPSHOT/sleepy-interceptor-0.0.4-SNAPSHOT.jar   -cp '/home/tbaral/.m2/repository/com/squareup/okio/okio/2.0.0-SNAPSHOT/okio-2.0.0-SNAPSHOT.jar:/home/tbaral/.m2/repository/com/squareup/okhttp/okhttp/2.0.0-SNAPSHOT/okhttp-2.0.0-SNAPSHOT.jar:/home/tbaral/.m2/repository/com/squareup/okhttp/okhttp-protocols/2.0.0-SNAPSHOT/okhttp-protocols-2.0.0-SNAPSHOT.jar:/home/tbaral/.m2/repository/org/mortbay/jetty/npn/npn-boot/8.1.2.v20120308/npn-boot-8.1.2.v20120308.jar:/home/tbaral/.m2/repository/junit/junit/4.11/junit-4.11.jar:/home/tbaral/.m2/repository/org/hamcrest/hamcrest-core/1.3/hamcrest-core-1.3.jar:/home/tbaral/.m2/repository/com/squareup/okhttp/mockwebserver/2.0.0-SNAPSHOT/mockwebserver-2.0.0-SNAPSHOT.jar:/home/tbaral/.m2/repository/org/bouncycastle/bcprov-jdk15on/1.48/bcprov-jdk15on-1.48.jar:./target/classes:./target/test-classes:/home/tbaral/.m2/repository/edu/gmu/swe/flaky/sleepy/sleepy-runner/0.0.4-SNAPSHOT/sleepy-runner-0.0.4-SNAPSHOT.jar' 'edu.gmu.swe.flaky.sleepy.runner.SleepyTestRunner' com.squareup.okhttp.internal.http.URLConnectionTest#fixedLengthUpload_smallBuffers '<-1343685637,1>' 'info' 10000 ./sleepy-records/internal/node-com.squareup.okhttp.internal.http.URLConnectionTest#fixedLengthUpload_smallBuffers-0.sleepList
INFO:root:====BEGIN Java Log====
INFO:root:TALANK: args.length: 5
TALANK: args[0]: com.squareup.okhttp.internal.http.URLConnectionTest#fixedLengthUpload_smallBuffers
TALANK: args[1]: <-1343685637,1>
TALANK: args[2]: info
TALANK: args[3]: 10000
TALANK: args[4]: ./sleepy-records/internal/node-com.squareup.okhttp.internal.http.URLConnectionTest#fixedLengthUpload_smallBuffers-0.sleepList
TALANK Adding line to sleep at: com/squareup/okhttp/internal/NamedRunnable:run:0
TALANK Adding line to sleep at: com/squareup/okhttp/internal/NamedRunnable:run:30
TALANK Adding line to sleep at: com/squareup/okhttp/internal/NamedRunnable:run:31
TALANK Adding line to sleep at: com/squareup/okhttp/internal/NamedRunnable:run:32
TALANK Adding line to sleep at: com/squareup/okhttp/mockwebserver/MockWebServer$2:acceptConnections:274
TALANK Adding line to sleep at: com/squareup/okhttp/mockwebserver/MockWebServer$2:acceptConnections:275
TALANK Adding line to sleep at: com/squareup/okhttp/mockwebserver/MockWebServer:serveConnection:298
TALANK Adding line to sleep at: com/squareup/okhttp/internal/Util$1:newThread:276
TALANK Adding line to sleep at: com/squareup/okhttp/internal/Util$1:newThread:277
TALANK Adding line to sleep at: com/squareup/okhttp/mockwebserver/MockWebServer:serveConnection:299
TALANK Adding line to sleep at: com/squareup/okhttp/internal/Util:closeQuietly:127
TALANK Adding line to sleep at: com/squareup/okhttp/internal/Util:closeQuietly:128
TALANK Adding line to sleep at: com/squareup/okhttp/mockwebserver/MockWebServer$2:execute:267
TALANK Adding line to sleep at: com/squareup/okhttp/mockwebserver/MockWebServer$2:execute:268
TALANK Adding line to sleep at: com/squareup/okhttp/internal/NamedRunnable:run:35
TALANK Adding line to sleep at: com/squareup/okhttp/internal/NamedRunnable:run:36
********TALANK requesting to junitcore ******: org.junit.internal.requests.FilterRequest@77b52d12

INFO:root:====END Java Log====
INFO:root:Non timeout flaky_fail_attempt
INFO:root:Command '/scratch/tbaral/ase26/otog/setups/jdk1.8.0_102/bin/java -XX:+ExitOnOutOfMemoryError -Xbootclasspath/p:/home/tbaral/.m2/repository/edu/gmu/swe/flaky/sleepy/sleepy-interceptor/0.0.4-SNAPSHOT/sleepy-interceptor-0.0.4-SNAPSHOT.jar:/home/tbaral/.m2/repository/org/mortbay/jetty/npn/npn-boot/8.1.2.v20120308/npn-boot-8.1.2.v20120308.jar -javaagent:/home/tbaral/.m2/repository/edu/gmu/swe/flaky/sleepy/sleepy-interceptor/0.0.4-SNAPSHOT/sleepy-interceptor-0.0.4-SNAPSHOT.jar   -cp '/home/tbaral/.m2/repository/com/squareup/okio/okio/2.0.0-SNAPSHOT/okio-2.0.0-SNAPSHOT.jar:/home/tbaral/.m2/repository/com/squareup/okhttp/okhttp/2.0.0-SNAPSHOT/okhttp-2.0.0-SNAPSHOT.jar:/home/tbaral/.m2/repository/com/squareup/okhttp/okhttp-protocols/2.0.0-SNAPSHOT/okhttp-protocols-2.0.0-SNAPSHOT.jar:/home/tbaral/.m2/repository/org/mortbay/jetty/npn/npn-boot/8.1.2.v20120308/npn-boot-8.1.2.v20120308.jar:/home/tbaral/.m2/repository/junit/junit/4.11/junit-4.11.jar:/home/tbaral/.m2/repository/org/hamcrest/hamcrest-core/1.3/hamcrest-core-1.3.jar:/home/tbaral/.m2/repository/com/squareup/okhttp/mockwebserver/2.0.0-SNAPSHOT/mockwebserver-2.0.0-SNAPSHOT.jar:/home/tbaral/.m2/repository/org/bouncycastle/bcprov-jdk15on/1.48/bcprov-jdk15on-1.48.jar:./target/classes:./target/test-classes:/home/tbaral/.m2/repository/edu/gmu/swe/flaky/sleepy/sleepy-runner/0.0.4-SNAPSHOT/sleepy-runner-0.0.4-SNAPSHOT.jar' 'edu.gmu.swe.flaky.sleepy.runner.SleepyTestRunner' com.squareup.okhttp.internal.http.URLConnectionTest#fixedLengthUpload_smallBuffers '<-1343685637,1>' 'info' 10000 ./sleepy-records/internal/node-com.squareup.okhttp.internal.http.URLConnectionTest#fixedLengthUpload_smallBuffers-0.sleepList' died with <Signals.SIGKILL: 9>.
ERROR:root:Command '/scratch/tbaral/ase26/otog/setups/jdk1.8.0_102/bin/java -XX:+ExitOnOutOfMemoryError -Xbootclasspath/p:/home/tbaral/.m2/repository/edu/gmu/swe/flaky/sleepy/sleepy-interceptor/0.0.4-SNAPSHOT/sleepy-interceptor-0.0.4-SNAPSHOT.jar:/home/tbaral/.m2/repository/org/mortbay/jetty/npn/npn-boot/8.1.2.v20120308/npn-boot-8.1.2.v20120308.jar -javaagent:/home/tbaral/.m2/repository/edu/gmu/swe/flaky/sleepy/sleepy-interceptor/0.0.4-SNAPSHOT/sleepy-interceptor-0.0.4-SNAPSHOT.jar   -cp '/home/tbaral/.m2/repository/com/squareup/okio/okio/2.0.0-SNAPSHOT/okio-2.0.0-SNAPSHOT.jar:/home/tbaral/.m2/repository/com/squareup/okhttp/okhttp/2.0.0-SNAPSHOT/okhttp-2.0.0-SNAPSHOT.jar:/home/tbaral/.m2/repository/com/squareup/okhttp/okhttp-protocols/2.0.0-SNAPSHOT/okhttp-protocols-2.0.0-SNAPSHOT.jar:/home/tbaral/.m2/repository/org/mortbay/jetty/npn/npn-boot/8.1.2.v20120308/npn-boot-8.1.2.v20120308.jar:/home/tbaral/.m2/repository/junit/junit/4.11/junit-4.11.jar:/home/tbaral/.m2/repository/org/hamcrest/hamcrest-core/1.3/hamcrest-core-1.3.jar:/home/tbaral/.m2/repository/com/squareup/okhttp/mockwebserver/2.0.0-SNAPSHOT/mockwebserver-2.0.0-SNAPSHOT.jar:/home/tbaral/.m2/repository/org/bouncycastle/bcprov-jdk15on/1.48/bcprov-jdk15on-1.48.jar:./target/classes:./target/test-classes:/home/tbaral/.m2/repository/edu/gmu/swe/flaky/sleepy/sleepy-runner/0.0.4-SNAPSHOT/sleepy-runner-0.0.4-SNAPSHOT.jar' 'edu.gmu.swe.flaky.sleepy.runner.SleepyTestRunner' com.squareup.okhttp.internal.http.URLConnectionTest#fixedLengthUpload_smallBuffers '<-1343685637,1>' 'info' 10000 ./sleepy-records/internal/node-com.squareup.okhttp.internal.http.URLConnectionTest#fixedLengthUpload_smallBuffers-0.sleepList' died with <Signals.SIGKILL: 9>.
INFO:root:Kill all Java processes
INFO:root:Using timeout 47.0 minutes
INFO:root:Running command:
INFO:root:/scratch/tbaral/ase26/otog/setups/jdk1.8.0_102/bin/java -XX:+ExitOnOutOfMemoryError -Xbootclasspath/p:/home/tbaral/.m2/repository/edu/gmu/swe/flaky/sleepy/sleepy-interceptor/0.0.4-SNAPSHOT/sleepy-interceptor-0.0.4-SNAPSHOT.jar:/home/tbaral/.m2/repository/org/mortbay/jetty/npn/npn-boot/8.1.2.v20120308/npn-boot-8.1.2.v20120308.jar -javaagent:/home/tbaral/.m2/repository/edu/gmu/swe/flaky/sleepy/sleepy-interceptor/0.0.4-SNAPSHOT/sleepy-interceptor-0.0.4-SNAPSHOT.jar   -cp '/home/tbaral/.m2/repository/com/squareup/okio/okio/2.0.0-SNAPSHOT/okio-2.0.0-SNAPSHOT.jar:/home/tbaral/.m2/repository/com/squareup/okhttp/okhttp/2.0.0-SNAPSHOT/okhttp-2.0.0-SNAPSHOT.jar:/home/tbaral/.m2/repository/com/squareup/okhttp/okhttp-protocols/2.0.0-SNAPSHOT/okhttp-protocols-2.0.0-SNAPSHOT.jar:/home/tbaral/.m2/repository/org/mortbay/jetty/npn/npn-boot/8.1.2.v20120308/npn-boot-8.1.2.v20120308.jar:/home/tbaral/.m2/repository/junit/junit/4.11/junit-4.11.jar:/home/tbaral/.m2/repository/org/hamcrest/hamcrest-core/1.3/hamcrest-core-1.3.jar:/home/tbaral/.m2/repository/com/squareup/okhttp/mockwebserver/2.0.0-SNAPSHOT/mockwebserver-2.0.0-SNAPSHOT.jar:/home/tbaral/.m2/repository/org/bouncycastle/bcprov-jdk15on/1.48/bcprov-jdk15on-1.48.jar:./target/classes:./target/test-classes:/home/tbaral/.m2/repository/edu/gmu/swe/flaky/sleepy/sleepy-runner/0.0.4-SNAPSHOT/sleepy-runner-0.0.4-SNAPSHOT.jar' 'edu.gmu.swe.flaky.sleepy.runner.SleepyTestRunner' com.squareup.okhttp.internal.http.URLConnectionTest#fixedLengthUpload_smallBuffers '<-1343685637,1>' 'info' 10000 ./sleepy-records/internal/node-com.squareup.okhttp.internal.http.URLConnectionTest#fixedLengthUpload_smallBuffers-0.sleepList
INFO:root:====BEGIN Java Log====
INFO:root:TALANK: args.length: 5
TALANK: args[0]: com.squareup.okhttp.internal.http.URLConnectionTest#fixedLengthUpload_smallBuffers
TALANK: args[1]: <-1343685637,1>
TALANK: args[2]: info
TALANK: args[3]: 10000
TALANK: args[4]: ./sleepy-records/internal/node-com.squareup.okhttp.internal.http.URLConnectionTest#fixedLengthUpload_smallBuffers-0.sleepList
TALANK Adding line to sleep at: com/squareup/okhttp/internal/NamedRunnable:run:0
TALANK Adding line to sleep at: com/squareup/okhttp/internal/NamedRunnable:run:30
TALANK Adding line to sleep at: com/squareup/okhttp/internal/NamedRunnable:run:31
TALANK Adding line to sleep at: com/squareup/okhttp/internal/NamedRunnable:run:32
TALANK Adding line to sleep at: com/squareup/okhttp/mockwebserver/MockWebServer$2:acceptConnections:274
TALANK Adding line to sleep at: com/squareup/okhttp/mockwebserver/MockWebServer$2:acceptConnections:275
TALANK Adding line to sleep at: com/squareup/okhttp/mockwebserver/MockWebServer:serveConnection:298
TALANK Adding line to sleep at: com/squareup/okhttp/internal/Util$1:newThread:276
TALANK Adding line to sleep at: com/squareup/okhttp/internal/Util$1:newThread:277
TALANK Adding line to sleep at: com/squareup/okhttp/mockwebserver/MockWebServer:serveConnection:299
TALANK Adding line to sleep at: com/squareup/okhttp/internal/Util:closeQuietly:127
TALANK Adding line to sleep at: com/squareup/okhttp/internal/Util:closeQuietly:128
TALANK Adding line to sleep at: com/squareup/okhttp/mockwebserver/MockWebServer$2:execute:267
TALANK Adding line to sleep at: com/squareup/okhttp/mockwebserver/MockWebServer$2:execute:268
TALANK Adding line to sleep at: com/squareup/okhttp/internal/NamedRunnable:run:35
TALANK Adding line to sleep at: com/squareup/okhttp/internal/NamedRunnable:run:36
********TALANK requesting to junitcore ******: org.junit.internal.requests.FilterRequest@77b52d12

INFO:root:====END Java Log====
INFO:root:Non timeout flaky_fail_attempt
INFO:root:Command '/scratch/tbaral/ase26/otog/setups/jdk1.8.0_102/bin/java -XX:+ExitOnOutOfMemoryError -Xbootclasspath/p:/home/tbaral/.m2/repository/edu/gmu/swe/flaky/sleepy/sleepy-interceptor/0.0.4-SNAPSHOT/sleepy-interceptor-0.0.4-SNAPSHOT.jar:/home/tbaral/.m2/repository/org/mortbay/jetty/npn/npn-boot/8.1.2.v20120308/npn-boot-8.1.2.v20120308.jar -javaagent:/home/tbaral/.m2/repository/edu/gmu/swe/flaky/sleepy/sleepy-interceptor/0.0.4-SNAPSHOT/sleepy-interceptor-0.0.4-SNAPSHOT.jar   -cp '/home/tbaral/.m2/repository/com/squareup/okio/okio/2.0.0-SNAPSHOT/okio-2.0.0-SNAPSHOT.jar:/home/tbaral/.m2/repository/com/squareup/okhttp/okhttp/2.0.0-SNAPSHOT/okhttp-2.0.0-SNAPSHOT.jar:/home/tbaral/.m2/repository/com/squareup/okhttp/okhttp-protocols/2.0.0-SNAPSHOT/okhttp-protocols-2.0.0-SNAPSHOT.jar:/home/tbaral/.m2/repository/org/mortbay/jetty/npn/npn-boot/8.1.2.v20120308/npn-boot-8.1.2.v20120308.jar:/home/tbaral/.m2/repository/junit/junit/4.11/junit-4.11.jar:/home/tbaral/.m2/repository/org/hamcrest/hamcrest-core/1.3/hamcrest-core-1.3.jar:/home/tbaral/.m2/repository/com/squareup/okhttp/mockwebserver/2.0.0-SNAPSHOT/mockwebserver-2.0.0-SNAPSHOT.jar:/home/tbaral/.m2/repository/org/bouncycastle/bcprov-jdk15on/1.48/bcprov-jdk15on-1.48.jar:./target/classes:./target/test-classes:/home/tbaral/.m2/repository/edu/gmu/swe/flaky/sleepy/sleepy-runner/0.0.4-SNAPSHOT/sleepy-runner-0.0.4-SNAPSHOT.jar' 'edu.gmu.swe.flaky.sleepy.runner.SleepyTestRunner' com.squareup.okhttp.internal.http.URLConnectionTest#fixedLengthUpload_smallBuffers '<-1343685637,1>' 'info' 10000 ./sleepy-records/internal/node-com.squareup.okhttp.internal.http.URLConnectionTest#fixedLengthUpload_smallBuffers-0.sleepList' died with <Signals.SIGKILL: 9>.
INFO:root:Kill all Java processes
INFO:root:Using timeout 47.0 minutes
INFO:root:Running command:
INFO:root:/scratch/tbaral/ase26/otog/setups/jdk1.8.0_102/bin/java -XX:+ExitOnOutOfMemoryError -Xbootclasspath/p:/home/tbaral/.m2/repository/edu/gmu/swe/flaky/sleepy/sleepy-interceptor/0.0.4-SNAPSHOT/sleepy-interceptor-0.0.4-SNAPSHOT.jar:/home/tbaral/.m2/repository/org/mortbay/jetty/npn/npn-boot/8.1.2.v20120308/npn-boot-8.1.2.v20120308.jar -javaagent:/home/tbaral/.m2/repository/edu/gmu/swe/flaky/sleepy/sleepy-interceptor/0.0.4-SNAPSHOT/sleepy-interceptor-0.0.4-SNAPSHOT.jar   -cp '/home/tbaral/.m2/repository/com/squareup/okio/okio/2.0.0-SNAPSHOT/okio-2.0.0-SNAPSHOT.jar:/home/tbaral/.m2/repository/com/squareup/okhttp/okhttp/2.0.0-SNAPSHOT/okhttp-2.0.0-SNAPSHOT.jar:/home/tbaral/.m2/repository/com/squareup/okhttp/okhttp-protocols/2.0.0-SNAPSHOT/okhttp-protocols-2.0.0-SNAPSHOT.jar:/home/tbaral/.m2/repository/org/mortbay/jetty/npn/npn-boot/8.1.2.v20120308/npn-boot-8.1.2.v20120308.jar:/home/tbaral/.m2/repository/junit/junit/4.11/junit-4.11.jar:/home/tbaral/.m2/repository/org/hamcrest/hamcrest-core/1.3/hamcrest-core-1.3.jar:/home/tbaral/.m2/repository/com/squareup/okhttp/mockwebserver/2.0.0-SNAPSHOT/mockwebserver-2.0.0-SNAPSHOT.jar:/home/tbaral/.m2/repository/org/bouncycastle/bcprov-jdk15on/1.48/bcprov-jdk15on-1.48.jar:./target/classes:./target/test-classes:/home/tbaral/.m2/repository/edu/gmu/swe/flaky/sleepy/sleepy-runner/0.0.4-SNAPSHOT/sleepy-runner-0.0.4-SNAPSHOT.jar' 'edu.gmu.swe.flaky.sleepy.runner.SleepyTestRunner' com.squareup.okhttp.internal.http.URLConnectionTest#fixedLengthUpload_smallBuffers '<-1343685637,1>' 'info' 10000 ./sleepy-records/internal/node-com.squareup.okhttp.internal.http.URLConnectionTest#fixedLengthUpload_smallBuffers-0.sleepList
INFO:root:====BEGIN Java Log====
INFO:root:TALANK: args.length: 5
TALANK: args[0]: com.squareup.okhttp.internal.http.URLConnectionTest#fixedLengthUpload_smallBuffers
TALANK: args[1]: <-1343685637,1>
TALANK: args[2]: info
TALANK: args[3]: 10000
TALANK: args[4]: ./sleepy-records/internal/node-com.squareup.okhttp.internal.http.URLConnectionTest#fixedLengthUpload_smallBuffers-0.sleepList
TALANK Adding line to sleep at: com/squareup/okhttp/internal/NamedRunnable:run:0
TALANK Adding line to sleep at: com/squareup/okhttp/internal/NamedRunnable:run:30
TALANK Adding line to sleep at: com/squareup/okhttp/internal/NamedRunnable:run:31
TALANK Adding line to sleep at: com/squareup/okhttp/internal/NamedRunnable:run:32
TALANK Adding line to sleep at: com/squareup/okhttp/mockwebserver/MockWebServer$2:acceptConnections:274
TALANK Adding line to sleep at: com/squareup/okhttp/mockwebserver/MockWebServer$2:acceptConnections:275
TALANK Adding line to sleep at: com/squareup/okhttp/mockwebserver/MockWebServer:serveConnection:298
TALANK Adding line to sleep at: com/squareup/okhttp/internal/Util$1:newThread:276
TALANK Adding line to sleep at: com/squareup/okhttp/internal/Util$1:newThread:277
TALANK Adding line to sleep at: com/squareup/okhttp/mockwebserver/MockWebServer:serveConnection:299
TALANK Adding line to sleep at: com/squareup/okhttp/internal/Util:closeQuietly:127
TALANK Adding line to sleep at: com/squareup/okhttp/internal/Util:closeQuietly:128
TALANK Adding line to sleep at: com/squareup/okhttp/mockwebserver/MockWebServer$2:execute:267
TALANK Adding line to sleep at: com/squareup/okhttp/mockwebserver/MockWebServer$2:execute:268
TALANK Adding line to sleep at: com/squareup/okhttp/internal/NamedRunnable:run:35
TALANK Adding line to sleep at: com/squareup/okhttp/internal/NamedRunnable:run:36
********TALANK requesting to junitcore ******: org.junit.internal.requests.FilterRequest@77b52d12

INFO:root:====END Java Log====
INFO:root:Non timeout flaky_fail_attempt
INFO:root:Command '/scratch/tbaral/ase26/otog/setups/jdk1.8.0_102/bin/java -XX:+ExitOnOutOfMemoryError -Xbootclasspath/p:/home/tbaral/.m2/repository/edu/gmu/swe/flaky/sleepy/sleepy-interceptor/0.0.4-SNAPSHOT/sleepy-interceptor-0.0.4-SNAPSHOT.jar:/home/tbaral/.m2/repository/org/mortbay/jetty/npn/npn-boot/8.1.2.v20120308/npn-boot-8.1.2.v20120308.jar -javaagent:/home/tbaral/.m2/repository/edu/gmu/swe/flaky/sleepy/sleepy-interceptor/0.0.4-SNAPSHOT/sleepy-interceptor-0.0.4-SNAPSHOT.jar   -cp '/home/tbaral/.m2/repository/com/squareup/okio/okio/2.0.0-SNAPSHOT/okio-2.0.0-SNAPSHOT.jar:/home/tbaral/.m2/repository/com/squareup/okhttp/okhttp/2.0.0-SNAPSHOT/okhttp-2.0.0-SNAPSHOT.jar:/home/tbaral/.m2/repository/com/squareup/okhttp/okhttp-protocols/2.0.0-SNAPSHOT/okhttp-protocols-2.0.0-SNAPSHOT.jar:/home/tbaral/.m2/repository/org/mortbay/jetty/npn/npn-boot/8.1.2.v20120308/npn-boot-8.1.2.v20120308.jar:/home/tbaral/.m2/repository/junit/junit/4.11/junit-4.11.jar:/home/tbaral/.m2/repository/org/hamcrest/hamcrest-core/1.3/hamcrest-core-1.3.jar:/home/tbaral/.m2/repository/com/squareup/okhttp/mockwebserver/2.0.0-SNAPSHOT/mockwebserver-2.0.0-SNAPSHOT.jar:/home/tbaral/.m2/repository/org/bouncycastle/bcprov-jdk15on/1.48/bcprov-jdk15on-1.48.jar:./target/classes:./target/test-classes:/home/tbaral/.m2/repository/edu/gmu/swe/flaky/sleepy/sleepy-runner/0.0.4-SNAPSHOT/sleepy-runner-0.0.4-SNAPSHOT.jar' 'edu.gmu.swe.flaky.sleepy.runner.SleepyTestRunner' com.squareup.okhttp.internal.http.URLConnectionTest#fixedLengthUpload_smallBuffers '<-1343685637,1>' 'info' 10000 ./sleepy-records/internal/node-com.squareup.okhttp.internal.http.URLConnectionTest#fixedLengthUpload_smallBuffers-0.sleepList' died with <Signals.SIGKILL: 9>.
INFO:root:Kill all Java processes
INFO:root:Using timeout 28.0 minutes
INFO:root:Running command:
INFO:root:/scratch/tbaral/ase26/otog/setups/jdk1.8.0_102/bin/java -XX:+ExitOnOutOfMemoryError -Xbootclasspath/p:/home/tbaral/.m2/repository/edu/gmu/swe/flaky/sleepy/sleepy-interceptor/0.0.4-SNAPSHOT/sleepy-interceptor-0.0.4-SNAPSHOT.jar:/home/tbaral/.m2/repository/org/mortbay/jetty/npn/npn-boot/8.1.2.v20120308/npn-boot-8.1.2.v20120308.jar -javaagent:/home/tbaral/.m2/repository/edu/gmu/swe/flaky/sleepy/sleepy-interceptor/0.0.4-SNAPSHOT/sleepy-interceptor-0.0.4-SNAPSHOT.jar   -cp '/home/tbaral/.m2/repository/com/squareup/okio/okio/2.0.0-SNAPSHOT/okio-2.0.0-SNAPSHOT.jar:/home/tbaral/.m2/repository/com/squareup/okhttp/okhttp/2.0.0-SNAPSHOT/okhttp-2.0.0-SNAPSHOT.jar:/home/tbaral/.m2/repository/com/squareup/okhttp/okhttp-protocols/2.0.0-SNAPSHOT/okhttp-protocols-2.0.0-SNAPSHOT.jar:/home/tbaral/.m2/repository/org/mortbay/jetty/npn/npn-boot/8.1.2.v20120308/npn-boot-8.1.2.v20120308.jar:/home/tbaral/.m2/repository/junit/junit/4.11/junit-4.11.jar:/home/tbaral/.m2/repository/org/hamcrest/hamcrest-core/1.3/hamcrest-core-1.3.jar:/home/tbaral/.m2/repository/com/squareup/okhttp/mockwebserver/2.0.0-SNAPSHOT/mockwebserver-2.0.0-SNAPSHOT.jar:/home/tbaral/.m2/repository/org/bouncycastle/bcprov-jdk15on/1.48/bcprov-jdk15on-1.48.jar:./target/classes:./target/test-classes:/home/tbaral/.m2/repository/edu/gmu/swe/flaky/sleepy/sleepy-runner/0.0.4-SNAPSHOT/sleepy-runner-0.0.4-SNAPSHOT.jar' 'edu.gmu.swe.flaky.sleepy.runner.SleepyTestRunner' com.squareup.okhttp.internal.http.URLConnectionTest#fixedLengthUpload_smallBuffers '<-1343685637,1>' 'info' 10000 ./sleepy-records/internal/node-com.squareup.okhttp.internal.http.URLConnectionTest#fixedLengthUpload_smallBuffers-1.sleepList
INFO:root:====BEGIN Java Log====
INFO:root:TALANK: args.length: 5
TALANK: args[0]: com.squareup.okhttp.internal.http.URLConnectionTest#fixedLengthUpload_smallBuffers
TALANK: args[1]: <-1343685637,1>
TALANK: args[2]: info
TALANK: args[3]: 10000
TALANK: args[4]: ./sleepy-records/internal/node-com.squareup.okhttp.internal.http.URLConnectionTest#fixedLengthUpload_smallBuffers-1.sleepList
TALANK Adding line to sleep at: com/squareup/okhttp/internal/Util$1:newThread:277
TALANK Adding line to sleep at: com/squareup/okhttp/mockwebserver/MockWebServer:serveConnection:299
TALANK Adding line to sleep at: com/squareup/okhttp/internal/Util:closeQuietly:127
TALANK Adding line to sleep at: com/squareup/okhttp/internal/Util:closeQuietly:128
TALANK Adding line to sleep at: com/squareup/okhttp/mockwebserver/MockWebServer$2:execute:267
TALANK Adding line to sleep at: com/squareup/okhttp/mockwebserver/MockWebServer$2:execute:268
TALANK Adding line to sleep at: com/squareup/okhttp/internal/NamedRunnable:run:35
TALANK Adding line to sleep at: com/squareup/okhttp/internal/NamedRunnable:run:36
********TALANK requesting to junitcore ******: org.junit.internal.requests.FilterRequest@77b52d12
TALANKINFO:FromJava:OK
Jun 25, 2025 4:47:34 PM com.squareup.okhttp.mockwebserver.MockWebServer$3 processOneRequest
INFO: Received request: POST / HTTP/1.1 and responded: HTTP/1.1 200 OK

INFO:root:====END Java Log====
INFO:root:Kill all Java processes
INFO:root:Using timeout 28.0 minutes
INFO:root:Running command:
INFO:root:/scratch/tbaral/ase26/otog/setups/jdk1.8.0_102/bin/java -XX:+ExitOnOutOfMemoryError -Xbootclasspath/p:/home/tbaral/.m2/repository/edu/gmu/swe/flaky/sleepy/sleepy-interceptor/0.0.4-SNAPSHOT/sleepy-interceptor-0.0.4-SNAPSHOT.jar:/home/tbaral/.m2/repository/org/mortbay/jetty/npn/npn-boot/8.1.2.v20120308/npn-boot-8.1.2.v20120308.jar -javaagent:/home/tbaral/.m2/repository/edu/gmu/swe/flaky/sleepy/sleepy-interceptor/0.0.4-SNAPSHOT/sleepy-interceptor-0.0.4-SNAPSHOT.jar   -cp '/home/tbaral/.m2/repository/com/squareup/okio/okio/2.0.0-SNAPSHOT/okio-2.0.0-SNAPSHOT.jar:/home/tbaral/.m2/repository/com/squareup/okhttp/okhttp/2.0.0-SNAPSHOT/okhttp-2.0.0-SNAPSHOT.jar:/home/tbaral/.m2/repository/com/squareup/okhttp/okhttp-protocols/2.0.0-SNAPSHOT/okhttp-protocols-2.0.0-SNAPSHOT.jar:/home/tbaral/.m2/repository/org/mortbay/jetty/npn/npn-boot/8.1.2.v20120308/npn-boot-8.1.2.v20120308.jar:/home/tbaral/.m2/repository/junit/junit/4.11/junit-4.11.jar:/home/tbaral/.m2/repository/org/hamcrest/hamcrest-core/1.3/hamcrest-core-1.3.jar:/home/tbaral/.m2/repository/com/squareup/okhttp/mockwebserver/2.0.0-SNAPSHOT/mockwebserver-2.0.0-SNAPSHOT.jar:/home/tbaral/.m2/repository/org/bouncycastle/bcprov-jdk15on/1.48/bcprov-jdk15on-1.48.jar:./target/classes:./target/test-classes:/home/tbaral/.m2/repository/edu/gmu/swe/flaky/sleepy/sleepy-runner/0.0.4-SNAPSHOT/sleepy-runner-0.0.4-SNAPSHOT.jar' 'edu.gmu.swe.flaky.sleepy.runner.SleepyTestRunner' com.squareup.okhttp.internal.http.URLConnectionTest#fixedLengthUpload_smallBuffers '<-1343685637,1>' 'info' 10000 ./sleepy-records/internal/node-com.squareup.okhttp.internal.http.URLConnectionTest#fixedLengthUpload_smallBuffers-1.sleepList
INFO:root:====BEGIN Java Log====
INFO:root:TALANK: args.length: 5
TALANK: args[0]: com.squareup.okhttp.internal.http.URLConnectionTest#fixedLengthUpload_smallBuffers
TALANK: args[1]: <-1343685637,1>
TALANK: args[2]: info
TALANK: args[3]: 10000
TALANK: args[4]: ./sleepy-records/internal/node-com.squareup.okhttp.internal.http.URLConnectionTest#fixedLengthUpload_smallBuffers-1.sleepList
TALANK Adding line to sleep at: com/squareup/okhttp/internal/Util$1:newThread:277
TALANK Adding line to sleep at: com/squareup/okhttp/mockwebserver/MockWebServer:serveConnection:299
TALANK Adding line to sleep at: com/squareup/okhttp/internal/Util:closeQuietly:127
TALANK Adding line to sleep at: com/squareup/okhttp/internal/Util:closeQuietly:128
TALANK Adding line to sleep at: com/squareup/okhttp/mockwebserver/MockWebServer$2:execute:267
TALANK Adding line to sleep at: com/squareup/okhttp/mockwebserver/MockWebServer$2:execute:268
TALANK Adding line to sleep at: com/squareup/okhttp/internal/NamedRunnable:run:35
TALANK Adding line to sleep at: com/squareup/okhttp/internal/NamedRunnable:run:36
********TALANK requesting to junitcore ******: org.junit.internal.requests.FilterRequest@77b52d12
TALANKINFO:FromJava:OK
Jun 25, 2025 4:47:46 PM com.squareup.okhttp.mockwebserver.MockWebServer$3 processOneRequest
INFO: Received request: POST / HTTP/1.1 and responded: HTTP/1.1 200 OK

INFO:root:====END Java Log====
INFO:root:Kill all Java processes
INFO:root:Using timeout 28.0 minutes
INFO:root:Running command:
INFO:root:/scratch/tbaral/ase26/otog/setups/jdk1.8.0_102/bin/java -XX:+ExitOnOutOfMemoryError -Xbootclasspath/p:/home/tbaral/.m2/repository/edu/gmu/swe/flaky/sleepy/sleepy-interceptor/0.0.4-SNAPSHOT/sleepy-interceptor-0.0.4-SNAPSHOT.jar:/home/tbaral/.m2/repository/org/mortbay/jetty/npn/npn-boot/8.1.2.v20120308/npn-boot-8.1.2.v20120308.jar -javaagent:/home/tbaral/.m2/repository/edu/gmu/swe/flaky/sleepy/sleepy-interceptor/0.0.4-SNAPSHOT/sleepy-interceptor-0.0.4-SNAPSHOT.jar   -cp '/home/tbaral/.m2/repository/com/squareup/okio/okio/2.0.0-SNAPSHOT/okio-2.0.0-SNAPSHOT.jar:/home/tbaral/.m2/repository/com/squareup/okhttp/okhttp/2.0.0-SNAPSHOT/okhttp-2.0.0-SNAPSHOT.jar:/home/tbaral/.m2/repository/com/squareup/okhttp/okhttp-protocols/2.0.0-SNAPSHOT/okhttp-protocols-2.0.0-SNAPSHOT.jar:/home/tbaral/.m2/repository/org/mortbay/jetty/npn/npn-boot/8.1.2.v20120308/npn-boot-8.1.2.v20120308.jar:/home/tbaral/.m2/repository/junit/junit/4.11/junit-4.11.jar:/home/tbaral/.m2/repository/org/hamcrest/hamcrest-core/1.3/hamcrest-core-1.3.jar:/home/tbaral/.m2/repository/com/squareup/okhttp/mockwebserver/2.0.0-SNAPSHOT/mockwebserver-2.0.0-SNAPSHOT.jar:/home/tbaral/.m2/repository/org/bouncycastle/bcprov-jdk15on/1.48/bcprov-jdk15on-1.48.jar:./target/classes:./target/test-classes:/home/tbaral/.m2/repository/edu/gmu/swe/flaky/sleepy/sleepy-runner/0.0.4-SNAPSHOT/sleepy-runner-0.0.4-SNAPSHOT.jar' 'edu.gmu.swe.flaky.sleepy.runner.SleepyTestRunner' com.squareup.okhttp.internal.http.URLConnectionTest#fixedLengthUpload_smallBuffers '<-1343685637,1>' 'info' 10000 ./sleepy-records/internal/node-com.squareup.okhttp.internal.http.URLConnectionTest#fixedLengthUpload_smallBuffers-1.sleepList
INFO:root:====BEGIN Java Log====
INFO:root:TALANK: args.length: 5
TALANK: args[0]: com.squareup.okhttp.internal.http.URLConnectionTest#fixedLengthUpload_smallBuffers
TALANK: args[1]: <-1343685637,1>
TALANK: args[2]: info
TALANK: args[3]: 10000
TALANK: args[4]: ./sleepy-records/internal/node-com.squareup.okhttp.internal.http.URLConnectionTest#fixedLengthUpload_smallBuffers-1.sleepList
TALANK Adding line to sleep at: com/squareup/okhttp/internal/Util$1:newThread:277
TALANK Adding line to sleep at: com/squareup/okhttp/mockwebserver/MockWebServer:serveConnection:299
TALANK Adding line to sleep at: com/squareup/okhttp/internal/Util:closeQuietly:127
TALANK Adding line to sleep at: com/squareup/okhttp/internal/Util:closeQuietly:128
TALANK Adding line to sleep at: com/squareup/okhttp/mockwebserver/MockWebServer$2:execute:267
TALANK Adding line to sleep at: com/squareup/okhttp/mockwebserver/MockWebServer$2:execute:268
TALANK Adding line to sleep at: com/squareup/okhttp/internal/NamedRunnable:run:35
TALANK Adding line to sleep at: com/squareup/okhttp/internal/NamedRunnable:run:36
********TALANK requesting to junitcore ******: org.junit.internal.requests.FilterRequest@77b52d12
TALANKINFO:FromJava:OK
Jun 25, 2025 4:47:57 PM com.squareup.okhttp.mockwebserver.MockWebServer$3 processOneRequest
INFO: Received request: POST / HTTP/1.1 and responded: HTTP/1.1 200 OK

INFO:root:====END Java Log====
INFO:root:Kill all Java processes
INFO:root:Impossible to make stable failure so skipping <-1343685637,1>
INFO:root:Using timeout 28.0 minutes
INFO:root:Running command:
INFO:root:/scratch/tbaral/ase26/otog/setups/jdk1.8.0_102/bin/java -XX:+ExitOnOutOfMemoryError -Xbootclasspath/p:/home/tbaral/.m2/repository/edu/gmu/swe/flaky/sleepy/sleepy-interceptor/0.0.4-SNAPSHOT/sleepy-interceptor-0.0.4-SNAPSHOT.jar:/home/tbaral/.m2/repository/org/mortbay/jetty/npn/npn-boot/8.1.2.v20120308/npn-boot-8.1.2.v20120308.jar -javaagent:/home/tbaral/.m2/repository/edu/gmu/swe/flaky/sleepy/sleepy-interceptor/0.0.4-SNAPSHOT/sleepy-interceptor-0.0.4-SNAPSHOT.jar   -cp '/home/tbaral/.m2/repository/com/squareup/okio/okio/2.0.0-SNAPSHOT/okio-2.0.0-SNAPSHOT.jar:/home/tbaral/.m2/repository/com/squareup/okhttp/okhttp/2.0.0-SNAPSHOT/okhttp-2.0.0-SNAPSHOT.jar:/home/tbaral/.m2/repository/com/squareup/okhttp/okhttp-protocols/2.0.0-SNAPSHOT/okhttp-protocols-2.0.0-SNAPSHOT.jar:/home/tbaral/.m2/repository/org/mortbay/jetty/npn/npn-boot/8.1.2.v20120308/npn-boot-8.1.2.v20120308.jar:/home/tbaral/.m2/repository/junit/junit/4.11/junit-4.11.jar:/home/tbaral/.m2/repository/org/hamcrest/hamcrest-core/1.3/hamcrest-core-1.3.jar:/home/tbaral/.m2/repository/com/squareup/okhttp/mockwebserver/2.0.0-SNAPSHOT/mockwebserver-2.0.0-SNAPSHOT.jar:/home/tbaral/.m2/repository/org/bouncycastle/bcprov-jdk15on/1.48/bcprov-jdk15on-1.48.jar:./target/classes:./target/test-classes:/home/tbaral/.m2/repository/edu/gmu/swe/flaky/sleepy/sleepy-runner/0.0.4-SNAPSHOT/sleepy-runner-0.0.4-SNAPSHOT.jar' 'edu.gmu.swe.flaky.sleepy.runner.SleepyTestRunner' com.squareup.okhttp.internal.http.URLConnectionTest#fixedLengthUpload_smallBuffers '<-1343685637,1>' 'info' 10000 ./sleepy-records/internal/node-com.squareup.okhttp.internal.http.URLConnectionTest#fixedLengthUpload_smallBuffers-2.sleepList
INFO:root:====BEGIN Java Log====
INFO:root:TALANK: args.length: 5
TALANK: args[0]: com.squareup.okhttp.internal.http.URLConnectionTest#fixedLengthUpload_smallBuffers
TALANK: args[1]: <-1343685637,1>
TALANK: args[2]: info
TALANK: args[3]: 10000
TALANK: args[4]: ./sleepy-records/internal/node-com.squareup.okhttp.internal.http.URLConnectionTest#fixedLengthUpload_smallBuffers-2.sleepList
TALANK Adding line to sleep at: com/squareup/okhttp/internal/NamedRunnable:run:0
TALANK Adding line to sleep at: com/squareup/okhttp/internal/NamedRunnable:run:30
TALANK Adding line to sleep at: com/squareup/okhttp/internal/NamedRunnable:run:31
TALANK Adding line to sleep at: com/squareup/okhttp/internal/NamedRunnable:run:32
TALANK Adding line to sleep at: com/squareup/okhttp/mockwebserver/MockWebServer$2:acceptConnections:274
TALANK Adding line to sleep at: com/squareup/okhttp/mockwebserver/MockWebServer$2:acceptConnections:275
TALANK Adding line to sleep at: com/squareup/okhttp/mockwebserver/MockWebServer:serveConnection:298
TALANK Adding line to sleep at: com/squareup/okhttp/internal/Util$1:newThread:276
********TALANK requesting to junitcore ******: org.junit.internal.requests.FilterRequest@77b52d12

INFO:root:====END Java Log====
INFO:root:Non timeout flaky_fail_attempt
INFO:root:Command '/scratch/tbaral/ase26/otog/setups/jdk1.8.0_102/bin/java -XX:+ExitOnOutOfMemoryError -Xbootclasspath/p:/home/tbaral/.m2/repository/edu/gmu/swe/flaky/sleepy/sleepy-interceptor/0.0.4-SNAPSHOT/sleepy-interceptor-0.0.4-SNAPSHOT.jar:/home/tbaral/.m2/repository/org/mortbay/jetty/npn/npn-boot/8.1.2.v20120308/npn-boot-8.1.2.v20120308.jar -javaagent:/home/tbaral/.m2/repository/edu/gmu/swe/flaky/sleepy/sleepy-interceptor/0.0.4-SNAPSHOT/sleepy-interceptor-0.0.4-SNAPSHOT.jar   -cp '/home/tbaral/.m2/repository/com/squareup/okio/okio/2.0.0-SNAPSHOT/okio-2.0.0-SNAPSHOT.jar:/home/tbaral/.m2/repository/com/squareup/okhttp/okhttp/2.0.0-SNAPSHOT/okhttp-2.0.0-SNAPSHOT.jar:/home/tbaral/.m2/repository/com/squareup/okhttp/okhttp-protocols/2.0.0-SNAPSHOT/okhttp-protocols-2.0.0-SNAPSHOT.jar:/home/tbaral/.m2/repository/org/mortbay/jetty/npn/npn-boot/8.1.2.v20120308/npn-boot-8.1.2.v20120308.jar:/home/tbaral/.m2/repository/junit/junit/4.11/junit-4.11.jar:/home/tbaral/.m2/repository/org/hamcrest/hamcrest-core/1.3/hamcrest-core-1.3.jar:/home/tbaral/.m2/repository/com/squareup/okhttp/mockwebserver/2.0.0-SNAPSHOT/mockwebserver-2.0.0-SNAPSHOT.jar:/home/tbaral/.m2/repository/org/bouncycastle/bcprov-jdk15on/1.48/bcprov-jdk15on-1.48.jar:./target/classes:./target/test-classes:/home/tbaral/.m2/repository/edu/gmu/swe/flaky/sleepy/sleepy-runner/0.0.4-SNAPSHOT/sleepy-runner-0.0.4-SNAPSHOT.jar' 'edu.gmu.swe.flaky.sleepy.runner.SleepyTestRunner' com.squareup.okhttp.internal.http.URLConnectionTest#fixedLengthUpload_smallBuffers '<-1343685637,1>' 'info' 10000 ./sleepy-records/internal/node-com.squareup.okhttp.internal.http.URLConnectionTest#fixedLengthUpload_smallBuffers-2.sleepList' died with <Signals.SIGKILL: 9>.
ERROR:root:Command '/scratch/tbaral/ase26/otog/setups/jdk1.8.0_102/bin/java -XX:+ExitOnOutOfMemoryError -Xbootclasspath/p:/home/tbaral/.m2/repository/edu/gmu/swe/flaky/sleepy/sleepy-interceptor/0.0.4-SNAPSHOT/sleepy-interceptor-0.0.4-SNAPSHOT.jar:/home/tbaral/.m2/repository/org/mortbay/jetty/npn/npn-boot/8.1.2.v20120308/npn-boot-8.1.2.v20120308.jar -javaagent:/home/tbaral/.m2/repository/edu/gmu/swe/flaky/sleepy/sleepy-interceptor/0.0.4-SNAPSHOT/sleepy-interceptor-0.0.4-SNAPSHOT.jar   -cp '/home/tbaral/.m2/repository/com/squareup/okio/okio/2.0.0-SNAPSHOT/okio-2.0.0-SNAPSHOT.jar:/home/tbaral/.m2/repository/com/squareup/okhttp/okhttp/2.0.0-SNAPSHOT/okhttp-2.0.0-SNAPSHOT.jar:/home/tbaral/.m2/repository/com/squareup/okhttp/okhttp-protocols/2.0.0-SNAPSHOT/okhttp-protocols-2.0.0-SNAPSHOT.jar:/home/tbaral/.m2/repository/org/mortbay/jetty/npn/npn-boot/8.1.2.v20120308/npn-boot-8.1.2.v20120308.jar:/home/tbaral/.m2/repository/junit/junit/4.11/junit-4.11.jar:/home/tbaral/.m2/repository/org/hamcrest/hamcrest-core/1.3/hamcrest-core-1.3.jar:/home/tbaral/.m2/repository/com/squareup/okhttp/mockwebserver/2.0.0-SNAPSHOT/mockwebserver-2.0.0-SNAPSHOT.jar:/home/tbaral/.m2/repository/org/bouncycastle/bcprov-jdk15on/1.48/bcprov-jdk15on-1.48.jar:./target/classes:./target/test-classes:/home/tbaral/.m2/repository/edu/gmu/swe/flaky/sleepy/sleepy-runner/0.0.4-SNAPSHOT/sleepy-runner-0.0.4-SNAPSHOT.jar' 'edu.gmu.swe.flaky.sleepy.runner.SleepyTestRunner' com.squareup.okhttp.internal.http.URLConnectionTest#fixedLengthUpload_smallBuffers '<-1343685637,1>' 'info' 10000 ./sleepy-records/internal/node-com.squareup.okhttp.internal.http.URLConnectionTest#fixedLengthUpload_smallBuffers-2.sleepList' died with <Signals.SIGKILL: 9>.
INFO:root:Kill all Java processes
INFO:root:Using timeout 28.0 minutes
INFO:root:Running command:
INFO:root:/scratch/tbaral/ase26/otog/setups/jdk1.8.0_102/bin/java -XX:+ExitOnOutOfMemoryError -Xbootclasspath/p:/home/tbaral/.m2/repository/edu/gmu/swe/flaky/sleepy/sleepy-interceptor/0.0.4-SNAPSHOT/sleepy-interceptor-0.0.4-SNAPSHOT.jar:/home/tbaral/.m2/repository/org/mortbay/jetty/npn/npn-boot/8.1.2.v20120308/npn-boot-8.1.2.v20120308.jar -javaagent:/home/tbaral/.m2/repository/edu/gmu/swe/flaky/sleepy/sleepy-interceptor/0.0.4-SNAPSHOT/sleepy-interceptor-0.0.4-SNAPSHOT.jar   -cp '/home/tbaral/.m2/repository/com/squareup/okio/okio/2.0.0-SNAPSHOT/okio-2.0.0-SNAPSHOT.jar:/home/tbaral/.m2/repository/com/squareup/okhttp/okhttp/2.0.0-SNAPSHOT/okhttp-2.0.0-SNAPSHOT.jar:/home/tbaral/.m2/repository/com/squareup/okhttp/okhttp-protocols/2.0.0-SNAPSHOT/okhttp-protocols-2.0.0-SNAPSHOT.jar:/home/tbaral/.m2/repository/org/mortbay/jetty/npn/npn-boot/8.1.2.v20120308/npn-boot-8.1.2.v20120308.jar:/home/tbaral/.m2/repository/junit/junit/4.11/junit-4.11.jar:/home/tbaral/.m2/repository/org/hamcrest/hamcrest-core/1.3/hamcrest-core-1.3.jar:/home/tbaral/.m2/repository/com/squareup/okhttp/mockwebserver/2.0.0-SNAPSHOT/mockwebserver-2.0.0-SNAPSHOT.jar:/home/tbaral/.m2/repository/org/bouncycastle/bcprov-jdk15on/1.48/bcprov-jdk15on-1.48.jar:./target/classes:./target/test-classes:/home/tbaral/.m2/repository/edu/gmu/swe/flaky/sleepy/sleepy-runner/0.0.4-SNAPSHOT/sleepy-runner-0.0.4-SNAPSHOT.jar' 'edu.gmu.swe.flaky.sleepy.runner.SleepyTestRunner' com.squareup.okhttp.internal.http.URLConnectionTest#fixedLengthUpload_smallBuffers '<-1343685637,1>' 'info' 10000 ./sleepy-records/internal/node-com.squareup.okhttp.internal.http.URLConnectionTest#fixedLengthUpload_smallBuffers-2.sleepList
INFO:root:====BEGIN Java Log====
INFO:root:TALANK: args.length: 5
TALANK: args[0]: com.squareup.okhttp.internal.http.URLConnectionTest#fixedLengthUpload_smallBuffers
TALANK: args[1]: <-1343685637,1>
TALANK: args[2]: info
TALANK: args[3]: 10000
TALANK: args[4]: ./sleepy-records/internal/node-com.squareup.okhttp.internal.http.URLConnectionTest#fixedLengthUpload_smallBuffers-2.sleepList
TALANK Adding line to sleep at: com/squareup/okhttp/internal/NamedRunnable:run:0
TALANK Adding line to sleep at: com/squareup/okhttp/internal/NamedRunnable:run:30
TALANK Adding line to sleep at: com/squareup/okhttp/internal/NamedRunnable:run:31
TALANK Adding line to sleep at: com/squareup/okhttp/internal/NamedRunnable:run:32
TALANK Adding line to sleep at: com/squareup/okhttp/mockwebserver/MockWebServer$2:acceptConnections:274
TALANK Adding line to sleep at: com/squareup/okhttp/mockwebserver/MockWebServer$2:acceptConnections:275
TALANK Adding line to sleep at: com/squareup/okhttp/mockwebserver/MockWebServer:serveConnection:298
TALANK Adding line to sleep at: com/squareup/okhttp/internal/Util$1:newThread:276
********TALANK requesting to junitcore ******: org.junit.internal.requests.FilterRequest@77b52d12

INFO:root:====END Java Log====
INFO:root:Non timeout flaky_fail_attempt
INFO:root:Command '/scratch/tbaral/ase26/otog/setups/jdk1.8.0_102/bin/java -XX:+ExitOnOutOfMemoryError -Xbootclasspath/p:/home/tbaral/.m2/repository/edu/gmu/swe/flaky/sleepy/sleepy-interceptor/0.0.4-SNAPSHOT/sleepy-interceptor-0.0.4-SNAPSHOT.jar:/home/tbaral/.m2/repository/org/mortbay/jetty/npn/npn-boot/8.1.2.v20120308/npn-boot-8.1.2.v20120308.jar -javaagent:/home/tbaral/.m2/repository/edu/gmu/swe/flaky/sleepy/sleepy-interceptor/0.0.4-SNAPSHOT/sleepy-interceptor-0.0.4-SNAPSHOT.jar   -cp '/home/tbaral/.m2/repository/com/squareup/okio/okio/2.0.0-SNAPSHOT/okio-2.0.0-SNAPSHOT.jar:/home/tbaral/.m2/repository/com/squareup/okhttp/okhttp/2.0.0-SNAPSHOT/okhttp-2.0.0-SNAPSHOT.jar:/home/tbaral/.m2/repository/com/squareup/okhttp/okhttp-protocols/2.0.0-SNAPSHOT/okhttp-protocols-2.0.0-SNAPSHOT.jar:/home/tbaral/.m2/repository/org/mortbay/jetty/npn/npn-boot/8.1.2.v20120308/npn-boot-8.1.2.v20120308.jar:/home/tbaral/.m2/repository/junit/junit/4.11/junit-4.11.jar:/home/tbaral/.m2/repository/org/hamcrest/hamcrest-core/1.3/hamcrest-core-1.3.jar:/home/tbaral/.m2/repository/com/squareup/okhttp/mockwebserver/2.0.0-SNAPSHOT/mockwebserver-2.0.0-SNAPSHOT.jar:/home/tbaral/.m2/repository/org/bouncycastle/bcprov-jdk15on/1.48/bcprov-jdk15on-1.48.jar:./target/classes:./target/test-classes:/home/tbaral/.m2/repository/edu/gmu/swe/flaky/sleepy/sleepy-runner/0.0.4-SNAPSHOT/sleepy-runner-0.0.4-SNAPSHOT.jar' 'edu.gmu.swe.flaky.sleepy.runner.SleepyTestRunner' com.squareup.okhttp.internal.http.URLConnectionTest#fixedLengthUpload_smallBuffers '<-1343685637,1>' 'info' 10000 ./sleepy-records/internal/node-com.squareup.okhttp.internal.http.URLConnectionTest#fixedLengthUpload_smallBuffers-2.sleepList' died with <Signals.SIGKILL: 9>.
INFO:root:Kill all Java processes
INFO:root:Using timeout 28.0 minutes
INFO:root:Running command:
INFO:root:/scratch/tbaral/ase26/otog/setups/jdk1.8.0_102/bin/java -XX:+ExitOnOutOfMemoryError -Xbootclasspath/p:/home/tbaral/.m2/repository/edu/gmu/swe/flaky/sleepy/sleepy-interceptor/0.0.4-SNAPSHOT/sleepy-interceptor-0.0.4-SNAPSHOT.jar:/home/tbaral/.m2/repository/org/mortbay/jetty/npn/npn-boot/8.1.2.v20120308/npn-boot-8.1.2.v20120308.jar -javaagent:/home/tbaral/.m2/repository/edu/gmu/swe/flaky/sleepy/sleepy-interceptor/0.0.4-SNAPSHOT/sleepy-interceptor-0.0.4-SNAPSHOT.jar   -cp '/home/tbaral/.m2/repository/com/squareup/okio/okio/2.0.0-SNAPSHOT/okio-2.0.0-SNAPSHOT.jar:/home/tbaral/.m2/repository/com/squareup/okhttp/okhttp/2.0.0-SNAPSHOT/okhttp-2.0.0-SNAPSHOT.jar:/home/tbaral/.m2/repository/com/squareup/okhttp/okhttp-protocols/2.0.0-SNAPSHOT/okhttp-protocols-2.0.0-SNAPSHOT.jar:/home/tbaral/.m2/repository/org/mortbay/jetty/npn/npn-boot/8.1.2.v20120308/npn-boot-8.1.2.v20120308.jar:/home/tbaral/.m2/repository/junit/junit/4.11/junit-4.11.jar:/home/tbaral/.m2/repository/org/hamcrest/hamcrest-core/1.3/hamcrest-core-1.3.jar:/home/tbaral/.m2/repository/com/squareup/okhttp/mockwebserver/2.0.0-SNAPSHOT/mockwebserver-2.0.0-SNAPSHOT.jar:/home/tbaral/.m2/repository/org/bouncycastle/bcprov-jdk15on/1.48/bcprov-jdk15on-1.48.jar:./target/classes:./target/test-classes:/home/tbaral/.m2/repository/edu/gmu/swe/flaky/sleepy/sleepy-runner/0.0.4-SNAPSHOT/sleepy-runner-0.0.4-SNAPSHOT.jar' 'edu.gmu.swe.flaky.sleepy.runner.SleepyTestRunner' com.squareup.okhttp.internal.http.URLConnectionTest#fixedLengthUpload_smallBuffers '<-1343685637,1>' 'info' 10000 ./sleepy-records/internal/node-com.squareup.okhttp.internal.http.URLConnectionTest#fixedLengthUpload_smallBuffers-2.sleepList
INFO:root:====BEGIN Java Log====
INFO:root:TALANK: args.length: 5
TALANK: args[0]: com.squareup.okhttp.internal.http.URLConnectionTest#fixedLengthUpload_smallBuffers
TALANK: args[1]: <-1343685637,1>
TALANK: args[2]: info
TALANK: args[3]: 10000
TALANK: args[4]: ./sleepy-records/internal/node-com.squareup.okhttp.internal.http.URLConnectionTest#fixedLengthUpload_smallBuffers-2.sleepList
TALANK Adding line to sleep at: com/squareup/okhttp/internal/NamedRunnable:run:0
TALANK Adding line to sleep at: com/squareup/okhttp/internal/NamedRunnable:run:30
TALANK Adding line to sleep at: com/squareup/okhttp/internal/NamedRunnable:run:31
TALANK Adding line to sleep at: com/squareup/okhttp/internal/NamedRunnable:run:32
TALANK Adding line to sleep at: com/squareup/okhttp/mockwebserver/MockWebServer$2:acceptConnections:274
TALANK Adding line to sleep at: com/squareup/okhttp/mockwebserver/MockWebServer$2:acceptConnections:275
TALANK Adding line to sleep at: com/squareup/okhttp/mockwebserver/MockWebServer:serveConnection:298
TALANK Adding line to sleep at: com/squareup/okhttp/internal/Util$1:newThread:276
********TALANK requesting to junitcore ******: org.junit.internal.requests.FilterRequest@77b52d12
TALANKINFO:FromJava:OK
Jun 25, 2025 4:52:02 PM com.squareup.okhttp.mockwebserver.MockWebServer$3 processOneRequest
INFO: Received request: POST / HTTP/1.1 and responded: HTTP/1.1 200 OK

INFO:root:====END Java Log====
INFO:root:Kill all Java processes
INFO:root:Using timeout 28.0 minutes
INFO:root:Running command:
INFO:root:/scratch/tbaral/ase26/otog/setups/jdk1.8.0_102/bin/java -XX:+ExitOnOutOfMemoryError -Xbootclasspath/p:/home/tbaral/.m2/repository/edu/gmu/swe/flaky/sleepy/sleepy-interceptor/0.0.4-SNAPSHOT/sleepy-interceptor-0.0.4-SNAPSHOT.jar:/home/tbaral/.m2/repository/org/mortbay/jetty/npn/npn-boot/8.1.2.v20120308/npn-boot-8.1.2.v20120308.jar -javaagent:/home/tbaral/.m2/repository/edu/gmu/swe/flaky/sleepy/sleepy-interceptor/0.0.4-SNAPSHOT/sleepy-interceptor-0.0.4-SNAPSHOT.jar   -cp '/home/tbaral/.m2/repository/com/squareup/okio/okio/2.0.0-SNAPSHOT/okio-2.0.0-SNAPSHOT.jar:/home/tbaral/.m2/repository/com/squareup/okhttp/okhttp/2.0.0-SNAPSHOT/okhttp-2.0.0-SNAPSHOT.jar:/home/tbaral/.m2/repository/com/squareup/okhttp/okhttp-protocols/2.0.0-SNAPSHOT/okhttp-protocols-2.0.0-SNAPSHOT.jar:/home/tbaral/.m2/repository/org/mortbay/jetty/npn/npn-boot/8.1.2.v20120308/npn-boot-8.1.2.v20120308.jar:/home/tbaral/.m2/repository/junit/junit/4.11/junit-4.11.jar:/home/tbaral/.m2/repository/org/hamcrest/hamcrest-core/1.3/hamcrest-core-1.3.jar:/home/tbaral/.m2/repository/com/squareup/okhttp/mockwebserver/2.0.0-SNAPSHOT/mockwebserver-2.0.0-SNAPSHOT.jar:/home/tbaral/.m2/repository/org/bouncycastle/bcprov-jdk15on/1.48/bcprov-jdk15on-1.48.jar:./target/classes:./target/test-classes:/home/tbaral/.m2/repository/edu/gmu/swe/flaky/sleepy/sleepy-runner/0.0.4-SNAPSHOT/sleepy-runner-0.0.4-SNAPSHOT.jar' 'edu.gmu.swe.flaky.sleepy.runner.SleepyTestRunner' com.squareup.okhttp.internal.http.URLConnectionTest#fixedLengthUpload_smallBuffers '<-1343685637,1>' 'info' 10000 ./sleepy-records/internal/node-com.squareup.okhttp.internal.http.URLConnectionTest#fixedLengthUpload_smallBuffers-2.sleepList
INFO:root:====BEGIN Java Log====
INFO:root:TALANK: args.length: 5
TALANK: args[0]: com.squareup.okhttp.internal.http.URLConnectionTest#fixedLengthUpload_smallBuffers
TALANK: args[1]: <-1343685637,1>
TALANK: args[2]: info
TALANK: args[3]: 10000
TALANK: args[4]: ./sleepy-records/internal/node-com.squareup.okhttp.internal.http.URLConnectionTest#fixedLengthUpload_smallBuffers-2.sleepList
TALANK Adding line to sleep at: com/squareup/okhttp/internal/NamedRunnable:run:0
TALANK Adding line to sleep at: com/squareup/okhttp/internal/NamedRunnable:run:30
TALANK Adding line to sleep at: com/squareup/okhttp/internal/NamedRunnable:run:31
TALANK Adding line to sleep at: com/squareup/okhttp/internal/NamedRunnable:run:32
TALANK Adding line to sleep at: com/squareup/okhttp/mockwebserver/MockWebServer$2:acceptConnections:274
TALANK Adding line to sleep at: com/squareup/okhttp/mockwebserver/MockWebServer$2:acceptConnections:275
TALANK Adding line to sleep at: com/squareup/okhttp/mockwebserver/MockWebServer:serveConnection:298
TALANK Adding line to sleep at: com/squareup/okhttp/internal/Util$1:newThread:276
********TALANK requesting to junitcore ******: org.junit.internal.requests.FilterRequest@77b52d12
TALANKINFO:FromJava:OK
Jun 25, 2025 4:53:42 PM com.squareup.okhttp.mockwebserver.MockWebServer$3 processOneRequest
INFO: Received request: POST / HTTP/1.1 and responded: HTTP/1.1 200 OK

INFO:root:====END Java Log====
INFO:root:Kill all Java processes
INFO:root:Using timeout 28.0 minutes
INFO:root:Running command:
INFO:root:/scratch/tbaral/ase26/otog/setups/jdk1.8.0_102/bin/java -XX:+ExitOnOutOfMemoryError -Xbootclasspath/p:/home/tbaral/.m2/repository/edu/gmu/swe/flaky/sleepy/sleepy-interceptor/0.0.4-SNAPSHOT/sleepy-interceptor-0.0.4-SNAPSHOT.jar:/home/tbaral/.m2/repository/org/mortbay/jetty/npn/npn-boot/8.1.2.v20120308/npn-boot-8.1.2.v20120308.jar -javaagent:/home/tbaral/.m2/repository/edu/gmu/swe/flaky/sleepy/sleepy-interceptor/0.0.4-SNAPSHOT/sleepy-interceptor-0.0.4-SNAPSHOT.jar   -cp '/home/tbaral/.m2/repository/com/squareup/okio/okio/2.0.0-SNAPSHOT/okio-2.0.0-SNAPSHOT.jar:/home/tbaral/.m2/repository/com/squareup/okhttp/okhttp/2.0.0-SNAPSHOT/okhttp-2.0.0-SNAPSHOT.jar:/home/tbaral/.m2/repository/com/squareup/okhttp/okhttp-protocols/2.0.0-SNAPSHOT/okhttp-protocols-2.0.0-SNAPSHOT.jar:/home/tbaral/.m2/repository/org/mortbay/jetty/npn/npn-boot/8.1.2.v20120308/npn-boot-8.1.2.v20120308.jar:/home/tbaral/.m2/repository/junit/junit/4.11/junit-4.11.jar:/home/tbaral/.m2/repository/org/hamcrest/hamcrest-core/1.3/hamcrest-core-1.3.jar:/home/tbaral/.m2/repository/com/squareup/okhttp/mockwebserver/2.0.0-SNAPSHOT/mockwebserver-2.0.0-SNAPSHOT.jar:/home/tbaral/.m2/repository/org/bouncycastle/bcprov-jdk15on/1.48/bcprov-jdk15on-1.48.jar:./target/classes:./target/test-classes:/home/tbaral/.m2/repository/edu/gmu/swe/flaky/sleepy/sleepy-runner/0.0.4-SNAPSHOT/sleepy-runner-0.0.4-SNAPSHOT.jar' 'edu.gmu.swe.flaky.sleepy.runner.SleepyTestRunner' com.squareup.okhttp.internal.http.URLConnectionTest#fixedLengthUpload_smallBuffers '<-1343685637,1>' 'info' 10000 ./sleepy-records/internal/node-com.squareup.okhttp.internal.http.URLConnectionTest#fixedLengthUpload_smallBuffers-2.sleepList
INFO:root:====BEGIN Java Log====
INFO:root:TALANK: args.length: 5
TALANK: args[0]: com.squareup.okhttp.internal.http.URLConnectionTest#fixedLengthUpload_smallBuffers
TALANK: args[1]: <-1343685637,1>
TALANK: args[2]: info
TALANK: args[3]: 10000
TALANK: args[4]: ./sleepy-records/internal/node-com.squareup.okhttp.internal.http.URLConnectionTest#fixedLengthUpload_smallBuffers-2.sleepList
TALANK Adding line to sleep at: com/squareup/okhttp/internal/NamedRunnable:run:0
TALANK Adding line to sleep at: com/squareup/okhttp/internal/NamedRunnable:run:30
TALANK Adding line to sleep at: com/squareup/okhttp/internal/NamedRunnable:run:31
TALANK Adding line to sleep at: com/squareup/okhttp/internal/NamedRunnable:run:32
TALANK Adding line to sleep at: com/squareup/okhttp/mockwebserver/MockWebServer$2:acceptConnections:274
TALANK Adding line to sleep at: com/squareup/okhttp/mockwebserver/MockWebServer$2:acceptConnections:275
TALANK Adding line to sleep at: com/squareup/okhttp/mockwebserver/MockWebServer:serveConnection:298
TALANK Adding line to sleep at: com/squareup/okhttp/internal/Util$1:newThread:276
********TALANK requesting to junitcore ******: org.junit.internal.requests.FilterRequest@77b52d12
TALANKINFO:FromJava:OK
Jun 25, 2025 4:55:23 PM com.squareup.okhttp.mockwebserver.MockWebServer$3 processOneRequest
INFO: Received request: POST / HTTP/1.1 and responded: HTTP/1.1 200 OK

INFO:root:====END Java Log====
INFO:root:Kill all Java processes
INFO:root:Impossible to make stable failure so skipping <-1343685637,1>
INFO:root:After working thread <-1343685637,1>, with 1429.0 minutes left to analyze com.squareup.okhttp.internal.http.URLConnectionTest#fixedLengthUpload_smallBuffers
INFO:root:Starting analysis on thread named <-1787720848,1> that is 2 out of 4
INFO:root:Initial list
INFO:root:['com/squareup/okhttp/ConnectionPool$1:run:0\n', 'com/squareup/okhttp/ConnectionPool$1:run:89\n', 'com/squareup/okhttp/ConnectionPool$1:run:111\n']
INFO:root:Using timeout 17.0 minutes
INFO:root:Running command:
INFO:root:/scratch/tbaral/ase26/otog/setups/jdk1.8.0_102/bin/java -XX:+ExitOnOutOfMemoryError -Xbootclasspath/p:/home/tbaral/.m2/repository/edu/gmu/swe/flaky/sleepy/sleepy-interceptor/0.0.4-SNAPSHOT/sleepy-interceptor-0.0.4-SNAPSHOT.jar:/home/tbaral/.m2/repository/org/mortbay/jetty/npn/npn-boot/8.1.2.v20120308/npn-boot-8.1.2.v20120308.jar -javaagent:/home/tbaral/.m2/repository/edu/gmu/swe/flaky/sleepy/sleepy-interceptor/0.0.4-SNAPSHOT/sleepy-interceptor-0.0.4-SNAPSHOT.jar   -cp '/home/tbaral/.m2/repository/com/squareup/okio/okio/2.0.0-SNAPSHOT/okio-2.0.0-SNAPSHOT.jar:/home/tbaral/.m2/repository/com/squareup/okhttp/okhttp/2.0.0-SNAPSHOT/okhttp-2.0.0-SNAPSHOT.jar:/home/tbaral/.m2/repository/com/squareup/okhttp/okhttp-protocols/2.0.0-SNAPSHOT/okhttp-protocols-2.0.0-SNAPSHOT.jar:/home/tbaral/.m2/repository/org/mortbay/jetty/npn/npn-boot/8.1.2.v20120308/npn-boot-8.1.2.v20120308.jar:/home/tbaral/.m2/repository/junit/junit/4.11/junit-4.11.jar:/home/tbaral/.m2/repository/org/hamcrest/hamcrest-core/1.3/hamcrest-core-1.3.jar:/home/tbaral/.m2/repository/com/squareup/okhttp/mockwebserver/2.0.0-SNAPSHOT/mockwebserver-2.0.0-SNAPSHOT.jar:/home/tbaral/.m2/repository/org/bouncycastle/bcprov-jdk15on/1.48/bcprov-jdk15on-1.48.jar:./target/classes:./target/test-classes:/home/tbaral/.m2/repository/edu/gmu/swe/flaky/sleepy/sleepy-runner/0.0.4-SNAPSHOT/sleepy-runner-0.0.4-SNAPSHOT.jar' 'edu.gmu.swe.flaky.sleepy.runner.SleepyTestRunner' com.squareup.okhttp.internal.http.URLConnectionTest#fixedLengthUpload_smallBuffers '<-1787720848,1>' 'info' 10000 ./sleepy-records/internal/node-com.squareup.okhttp.internal.http.URLConnectionTest#fixedLengthUpload_smallBuffers-0.sleepList
INFO:root:====BEGIN Java Log====
INFO:root:TALANK: args.length: 5
TALANK: args[0]: com.squareup.okhttp.internal.http.URLConnectionTest#fixedLengthUpload_smallBuffers
TALANK: args[1]: <-1787720848,1>
TALANK: args[2]: info
TALANK: args[3]: 10000
TALANK: args[4]: ./sleepy-records/internal/node-com.squareup.okhttp.internal.http.URLConnectionTest#fixedLengthUpload_smallBuffers-0.sleepList
TALANK Adding line to sleep at: com/squareup/okhttp/ConnectionPool$1:run:0
TALANK Adding line to sleep at: com/squareup/okhttp/ConnectionPool$1:run:89
TALANK Adding line to sleep at: com/squareup/okhttp/ConnectionPool$1:run:111
********TALANK requesting to junitcore ******: org.junit.internal.requests.FilterRequest@77b52d12
TALANKINFO:FromJava:OK
Jun 25, 2025 4:55:24 PM com.squareup.okhttp.mockwebserver.MockWebServer$3 processOneRequest
INFO: Received request: POST / HTTP/1.1 and responded: HTTP/1.1 200 OK

INFO:root:====END Java Log====
INFO:root:Kill all Java processes
INFO:root:Using timeout 17.0 minutes
INFO:root:Running command:
INFO:root:/scratch/tbaral/ase26/otog/setups/jdk1.8.0_102/bin/java -XX:+ExitOnOutOfMemoryError -Xbootclasspath/p:/home/tbaral/.m2/repository/edu/gmu/swe/flaky/sleepy/sleepy-interceptor/0.0.4-SNAPSHOT/sleepy-interceptor-0.0.4-SNAPSHOT.jar:/home/tbaral/.m2/repository/org/mortbay/jetty/npn/npn-boot/8.1.2.v20120308/npn-boot-8.1.2.v20120308.jar -javaagent:/home/tbaral/.m2/repository/edu/gmu/swe/flaky/sleepy/sleepy-interceptor/0.0.4-SNAPSHOT/sleepy-interceptor-0.0.4-SNAPSHOT.jar   -cp '/home/tbaral/.m2/repository/com/squareup/okio/okio/2.0.0-SNAPSHOT/okio-2.0.0-SNAPSHOT.jar:/home/tbaral/.m2/repository/com/squareup/okhttp/okhttp/2.0.0-SNAPSHOT/okhttp-2.0.0-SNAPSHOT.jar:/home/tbaral/.m2/repository/com/squareup/okhttp/okhttp-protocols/2.0.0-SNAPSHOT/okhttp-protocols-2.0.0-SNAPSHOT.jar:/home/tbaral/.m2/repository/org/mortbay/jetty/npn/npn-boot/8.1.2.v20120308/npn-boot-8.1.2.v20120308.jar:/home/tbaral/.m2/repository/junit/junit/4.11/junit-4.11.jar:/home/tbaral/.m2/repository/org/hamcrest/hamcrest-core/1.3/hamcrest-core-1.3.jar:/home/tbaral/.m2/repository/com/squareup/okhttp/mockwebserver/2.0.0-SNAPSHOT/mockwebserver-2.0.0-SNAPSHOT.jar:/home/tbaral/.m2/repository/org/bouncycastle/bcprov-jdk15on/1.48/bcprov-jdk15on-1.48.jar:./target/classes:./target/test-classes:/home/tbaral/.m2/repository/edu/gmu/swe/flaky/sleepy/sleepy-runner/0.0.4-SNAPSHOT/sleepy-runner-0.0.4-SNAPSHOT.jar' 'edu.gmu.swe.flaky.sleepy.runner.SleepyTestRunner' com.squareup.okhttp.internal.http.URLConnectionTest#fixedLengthUpload_smallBuffers '<-1787720848,1>' 'info' 10000 ./sleepy-records/internal/node-com.squareup.okhttp.internal.http.URLConnectionTest#fixedLengthUpload_smallBuffers-0.sleepList
INFO:root:====BEGIN Java Log====
INFO:root:TALANK: args.length: 5
TALANK: args[0]: com.squareup.okhttp.internal.http.URLConnectionTest#fixedLengthUpload_smallBuffers
TALANK: args[1]: <-1787720848,1>
TALANK: args[2]: info
TALANK: args[3]: 10000
TALANK: args[4]: ./sleepy-records/internal/node-com.squareup.okhttp.internal.http.URLConnectionTest#fixedLengthUpload_smallBuffers-0.sleepList
TALANK Adding line to sleep at: com/squareup/okhttp/ConnectionPool$1:run:0
TALANK Adding line to sleep at: com/squareup/okhttp/ConnectionPool$1:run:89
TALANK Adding line to sleep at: com/squareup/okhttp/ConnectionPool$1:run:111
********TALANK requesting to junitcore ******: org.junit.internal.requests.FilterRequest@77b52d12
TALANKINFO:FromJava:OK
Jun 25, 2025 4:55:25 PM com.squareup.okhttp.mockwebserver.MockWebServer$3 processOneRequest
INFO: Received request: POST / HTTP/1.1 and responded: HTTP/1.1 200 OK

INFO:root:====END Java Log====
INFO:root:Kill all Java processes
INFO:root:Using timeout 17.0 minutes
INFO:root:Running command:
INFO:root:/scratch/tbaral/ase26/otog/setups/jdk1.8.0_102/bin/java -XX:+ExitOnOutOfMemoryError -Xbootclasspath/p:/home/tbaral/.m2/repository/edu/gmu/swe/flaky/sleepy/sleepy-interceptor/0.0.4-SNAPSHOT/sleepy-interceptor-0.0.4-SNAPSHOT.jar:/home/tbaral/.m2/repository/org/mortbay/jetty/npn/npn-boot/8.1.2.v20120308/npn-boot-8.1.2.v20120308.jar -javaagent:/home/tbaral/.m2/repository/edu/gmu/swe/flaky/sleepy/sleepy-interceptor/0.0.4-SNAPSHOT/sleepy-interceptor-0.0.4-SNAPSHOT.jar   -cp '/home/tbaral/.m2/repository/com/squareup/okio/okio/2.0.0-SNAPSHOT/okio-2.0.0-SNAPSHOT.jar:/home/tbaral/.m2/repository/com/squareup/okhttp/okhttp/2.0.0-SNAPSHOT/okhttp-2.0.0-SNAPSHOT.jar:/home/tbaral/.m2/repository/com/squareup/okhttp/okhttp-protocols/2.0.0-SNAPSHOT/okhttp-protocols-2.0.0-SNAPSHOT.jar:/home/tbaral/.m2/repository/org/mortbay/jetty/npn/npn-boot/8.1.2.v20120308/npn-boot-8.1.2.v20120308.jar:/home/tbaral/.m2/repository/junit/junit/4.11/junit-4.11.jar:/home/tbaral/.m2/repository/org/hamcrest/hamcrest-core/1.3/hamcrest-core-1.3.jar:/home/tbaral/.m2/repository/com/squareup/okhttp/mockwebserver/2.0.0-SNAPSHOT/mockwebserver-2.0.0-SNAPSHOT.jar:/home/tbaral/.m2/repository/org/bouncycastle/bcprov-jdk15on/1.48/bcprov-jdk15on-1.48.jar:./target/classes:./target/test-classes:/home/tbaral/.m2/repository/edu/gmu/swe/flaky/sleepy/sleepy-runner/0.0.4-SNAPSHOT/sleepy-runner-0.0.4-SNAPSHOT.jar' 'edu.gmu.swe.flaky.sleepy.runner.SleepyTestRunner' com.squareup.okhttp.internal.http.URLConnectionTest#fixedLengthUpload_smallBuffers '<-1787720848,1>' 'info' 10000 ./sleepy-records/internal/node-com.squareup.okhttp.internal.http.URLConnectionTest#fixedLengthUpload_smallBuffers-0.sleepList
INFO:root:====BEGIN Java Log====
INFO:root:TALANK: args.length: 5
TALANK: args[0]: com.squareup.okhttp.internal.http.URLConnectionTest#fixedLengthUpload_smallBuffers
TALANK: args[1]: <-1787720848,1>
TALANK: args[2]: info
TALANK: args[3]: 10000
TALANK: args[4]: ./sleepy-records/internal/node-com.squareup.okhttp.internal.http.URLConnectionTest#fixedLengthUpload_smallBuffers-0.sleepList
TALANK Adding line to sleep at: com/squareup/okhttp/ConnectionPool$1:run:0
TALANK Adding line to sleep at: com/squareup/okhttp/ConnectionPool$1:run:89
TALANK Adding line to sleep at: com/squareup/okhttp/ConnectionPool$1:run:111
********TALANK requesting to junitcore ******: org.junit.internal.requests.FilterRequest@77b52d12
TALANKINFO:FromJava:OK
Jun 25, 2025 4:55:26 PM com.squareup.okhttp.mockwebserver.MockWebServer$3 processOneRequest
INFO: Received request: POST / HTTP/1.1 and responded: HTTP/1.1 200 OK

INFO:root:====END Java Log====
INFO:root:Kill all Java processes
INFO:root:Impossible to make stable failure so skipping <-1787720848,1>
INFO:root:Could not fail com.squareup.okhttp.internal.http.URLConnectionTest#fixedLengthUpload_smallBuffers sleeping thread <-1787720848,1>
INFO:root:After working thread <-1787720848,1>, with 1429.0 minutes left to analyze com.squareup.okhttp.internal.http.URLConnectionTest#fixedLengthUpload_smallBuffers
INFO:root:Starting analysis on thread named <548981854,1> that is 3 out of 4
INFO:root:Initial list
INFO:root:['com/squareup/okhttp/internal/NamedRunnable:run:0\n', 'com/squareup/okhttp/internal/NamedRunnable:run:30\n', 'com/squareup/okhttp/internal/NamedRunnable:run:31\n', 'com/squareup/okhttp/internal/NamedRunnable:run:32\n', 'com/squareup/okhttp/mockwebserver/MockWebServer$3:processOneRequest:391\n', 'com/squareup/okhttp/mockwebserver/MockWebServer$3:processOneRequest:392\n', 'com/squareup/okhttp/mockwebserver/MockWebServer$3:processOneRequest:393\n', 'com/squareup/okhttp/mockwebserver/QueueDispatcher:dispatch:44\n', 'com/squareup/okhttp/mockwebserver/QueueDispatcher:dispatch:45\n', 'com/squareup/okhttp/mockwebserver/MockWebServer:writeResponse:521\n', 'com/squareup/okhttp/mockwebserver/MockWebServer:writeResponse:522\n', 'com/squareup/okhttp/mockwebserver/MockWebServer$3:processConnection:364\n', 'com/squareup/okhttp/mockwebserver/MockWebServer$3:processConnection:365\n', 'com/squareup/okhttp/internal/NamedRunnable:run:35\n', 'com/squareup/okhttp/internal/NamedRunnable:run:36\n']
INFO:root:Using timeout 45.0 minutes
INFO:root:Running command:
INFO:root:/scratch/tbaral/ase26/otog/setups/jdk1.8.0_102/bin/java -XX:+ExitOnOutOfMemoryError -Xbootclasspath/p:/home/tbaral/.m2/repository/edu/gmu/swe/flaky/sleepy/sleepy-interceptor/0.0.4-SNAPSHOT/sleepy-interceptor-0.0.4-SNAPSHOT.jar:/home/tbaral/.m2/repository/org/mortbay/jetty/npn/npn-boot/8.1.2.v20120308/npn-boot-8.1.2.v20120308.jar -javaagent:/home/tbaral/.m2/repository/edu/gmu/swe/flaky/sleepy/sleepy-interceptor/0.0.4-SNAPSHOT/sleepy-interceptor-0.0.4-SNAPSHOT.jar   -cp '/home/tbaral/.m2/repository/com/squareup/okio/okio/2.0.0-SNAPSHOT/okio-2.0.0-SNAPSHOT.jar:/home/tbaral/.m2/repository/com/squareup/okhttp/okhttp/2.0.0-SNAPSHOT/okhttp-2.0.0-SNAPSHOT.jar:/home/tbaral/.m2/repository/com/squareup/okhttp/okhttp-protocols/2.0.0-SNAPSHOT/okhttp-protocols-2.0.0-SNAPSHOT.jar:/home/tbaral/.m2/repository/org/mortbay/jetty/npn/npn-boot/8.1.2.v20120308/npn-boot-8.1.2.v20120308.jar:/home/tbaral/.m2/repository/junit/junit/4.11/junit-4.11.jar:/home/tbaral/.m2/repository/org/hamcrest/hamcrest-core/1.3/hamcrest-core-1.3.jar:/home/tbaral/.m2/repository/com/squareup/okhttp/mockwebserver/2.0.0-SNAPSHOT/mockwebserver-2.0.0-SNAPSHOT.jar:/home/tbaral/.m2/repository/org/bouncycastle/bcprov-jdk15on/1.48/bcprov-jdk15on-1.48.jar:./target/classes:./target/test-classes:/home/tbaral/.m2/repository/edu/gmu/swe/flaky/sleepy/sleepy-runner/0.0.4-SNAPSHOT/sleepy-runner-0.0.4-SNAPSHOT.jar' 'edu.gmu.swe.flaky.sleepy.runner.SleepyTestRunner' com.squareup.okhttp.internal.http.URLConnectionTest#fixedLengthUpload_smallBuffers '<548981854,1>' 'info' 10000 ./sleepy-records/internal/node-com.squareup.okhttp.internal.http.URLConnectionTest#fixedLengthUpload_smallBuffers-0.sleepList
INFO:root:====BEGIN Java Log====
INFO:root:TALANK: args.length: 5
TALANK: args[0]: com.squareup.okhttp.internal.http.URLConnectionTest#fixedLengthUpload_smallBuffers
TALANK: args[1]: <548981854,1>
TALANK: args[2]: info
TALANK: args[3]: 10000
TALANK: args[4]: ./sleepy-records/internal/node-com.squareup.okhttp.internal.http.URLConnectionTest#fixedLengthUpload_smallBuffers-0.sleepList
TALANK Adding line to sleep at: com/squareup/okhttp/internal/NamedRunnable:run:0
TALANK Adding line to sleep at: com/squareup/okhttp/internal/NamedRunnable:run:30
TALANK Adding line to sleep at: com/squareup/okhttp/internal/NamedRunnable:run:31
TALANK Adding line to sleep at: com/squareup/okhttp/internal/NamedRunnable:run:32
TALANK Adding line to sleep at: com/squareup/okhttp/mockwebserver/MockWebServer$3:processOneRequest:391
TALANK Adding line to sleep at: com/squareup/okhttp/mockwebserver/MockWebServer$3:processOneRequest:392
TALANK Adding line to sleep at: com/squareup/okhttp/mockwebserver/MockWebServer$3:processOneRequest:393
TALANK Adding line to sleep at: com/squareup/okhttp/mockwebserver/QueueDispatcher:dispatch:44
TALANK Adding line to sleep at: com/squareup/okhttp/mockwebserver/QueueDispatcher:dispatch:45
TALANK Adding line to sleep at: com/squareup/okhttp/mockwebserver/MockWebServer:writeResponse:521
TALANK Adding line to sleep at: com/squareup/okhttp/mockwebserver/MockWebServer:writeResponse:522
TALANK Adding line to sleep at: com/squareup/okhttp/mockwebserver/MockWebServer$3:processConnection:364
TALANK Adding line to sleep at: com/squareup/okhttp/mockwebserver/MockWebServer$3:processConnection:365
TALANK Adding line to sleep at: com/squareup/okhttp/internal/NamedRunnable:run:35
TALANK Adding line to sleep at: com/squareup/okhttp/internal/NamedRunnable:run:36
********TALANK requesting to junitcore ******: org.junit.internal.requests.FilterRequest@77b52d12
TALANKINFO:FromJava:OK

INFO:root:====END Java Log====
INFO:root:Kill all Java processes
INFO:root:Using timeout 45.0 minutes
INFO:root:Running command:
INFO:root:/scratch/tbaral/ase26/otog/setups/jdk1.8.0_102/bin/java -XX:+ExitOnOutOfMemoryError -Xbootclasspath/p:/home/tbaral/.m2/repository/edu/gmu/swe/flaky/sleepy/sleepy-interceptor/0.0.4-SNAPSHOT/sleepy-interceptor-0.0.4-SNAPSHOT.jar:/home/tbaral/.m2/repository/org/mortbay/jetty/npn/npn-boot/8.1.2.v20120308/npn-boot-8.1.2.v20120308.jar -javaagent:/home/tbaral/.m2/repository/edu/gmu/swe/flaky/sleepy/sleepy-interceptor/0.0.4-SNAPSHOT/sleepy-interceptor-0.0.4-SNAPSHOT.jar   -cp '/home/tbaral/.m2/repository/com/squareup/okio/okio/2.0.0-SNAPSHOT/okio-2.0.0-SNAPSHOT.jar:/home/tbaral/.m2/repository/com/squareup/okhttp/okhttp/2.0.0-SNAPSHOT/okhttp-2.0.0-SNAPSHOT.jar:/home/tbaral/.m2/repository/com/squareup/okhttp/okhttp-protocols/2.0.0-SNAPSHOT/okhttp-protocols-2.0.0-SNAPSHOT.jar:/home/tbaral/.m2/repository/org/mortbay/jetty/npn/npn-boot/8.1.2.v20120308/npn-boot-8.1.2.v20120308.jar:/home/tbaral/.m2/repository/junit/junit/4.11/junit-4.11.jar:/home/tbaral/.m2/repository/org/hamcrest/hamcrest-core/1.3/hamcrest-core-1.3.jar:/home/tbaral/.m2/repository/com/squareup/okhttp/mockwebserver/2.0.0-SNAPSHOT/mockwebserver-2.0.0-SNAPSHOT.jar:/home/tbaral/.m2/repository/org/bouncycastle/bcprov-jdk15on/1.48/bcprov-jdk15on-1.48.jar:./target/classes:./target/test-classes:/home/tbaral/.m2/repository/edu/gmu/swe/flaky/sleepy/sleepy-runner/0.0.4-SNAPSHOT/sleepy-runner-0.0.4-SNAPSHOT.jar' 'edu.gmu.swe.flaky.sleepy.runner.SleepyTestRunner' com.squareup.okhttp.internal.http.URLConnectionTest#fixedLengthUpload_smallBuffers '<548981854,1>' 'info' 10000 ./sleepy-records/internal/node-com.squareup.okhttp.internal.http.URLConnectionTest#fixedLengthUpload_smallBuffers-0.sleepList
INFO:root:====BEGIN Java Log====
INFO:root:TALANK: args.length: 5
TALANK: args[0]: com.squareup.okhttp.internal.http.URLConnectionTest#fixedLengthUpload_smallBuffers
TALANK: args[1]: <548981854,1>
TALANK: args[2]: info
TALANK: args[3]: 10000
TALANK: args[4]: ./sleepy-records/internal/node-com.squareup.okhttp.internal.http.URLConnectionTest#fixedLengthUpload_smallBuffers-0.sleepList
TALANK Adding line to sleep at: com/squareup/okhttp/internal/NamedRunnable:run:0
TALANK Adding line to sleep at: com/squareup/okhttp/internal/NamedRunnable:run:30
TALANK Adding line to sleep at: com/squareup/okhttp/internal/NamedRunnable:run:31
TALANK Adding line to sleep at: com/squareup/okhttp/internal/NamedRunnable:run:32
TALANK Adding line to sleep at: com/squareup/okhttp/mockwebserver/MockWebServer$3:processOneRequest:391
TALANK Adding line to sleep at: com/squareup/okhttp/mockwebserver/MockWebServer$3:processOneRequest:392
TALANK Adding line to sleep at: com/squareup/okhttp/mockwebserver/MockWebServer$3:processOneRequest:393
TALANK Adding line to sleep at: com/squareup/okhttp/mockwebserver/QueueDispatcher:dispatch:44
TALANK Adding line to sleep at: com/squareup/okhttp/mockwebserver/QueueDispatcher:dispatch:45
TALANK Adding line to sleep at: com/squareup/okhttp/mockwebserver/MockWebServer:writeResponse:521
TALANK Adding line to sleep at: com/squareup/okhttp/mockwebserver/MockWebServer:writeResponse:522
TALANK Adding line to sleep at: com/squareup/okhttp/mockwebserver/MockWebServer$3:processConnection:364
TALANK Adding line to sleep at: com/squareup/okhttp/mockwebserver/MockWebServer$3:processConnection:365
TALANK Adding line to sleep at: com/squareup/okhttp/internal/NamedRunnable:run:35
TALANK Adding line to sleep at: com/squareup/okhttp/internal/NamedRunnable:run:36
********TALANK requesting to junitcore ******: org.junit.internal.requests.FilterRequest@77b52d12
TALANKINFO:FromJava:OK

INFO:root:====END Java Log====
INFO:root:Kill all Java processes
INFO:root:Using timeout 45.0 minutes
INFO:root:Running command:
INFO:root:/scratch/tbaral/ase26/otog/setups/jdk1.8.0_102/bin/java -XX:+ExitOnOutOfMemoryError -Xbootclasspath/p:/home/tbaral/.m2/repository/edu/gmu/swe/flaky/sleepy/sleepy-interceptor/0.0.4-SNAPSHOT/sleepy-interceptor-0.0.4-SNAPSHOT.jar:/home/tbaral/.m2/repository/org/mortbay/jetty/npn/npn-boot/8.1.2.v20120308/npn-boot-8.1.2.v20120308.jar -javaagent:/home/tbaral/.m2/repository/edu/gmu/swe/flaky/sleepy/sleepy-interceptor/0.0.4-SNAPSHOT/sleepy-interceptor-0.0.4-SNAPSHOT.jar   -cp '/home/tbaral/.m2/repository/com/squareup/okio/okio/2.0.0-SNAPSHOT/okio-2.0.0-SNAPSHOT.jar:/home/tbaral/.m2/repository/com/squareup/okhttp/okhttp/2.0.0-SNAPSHOT/okhttp-2.0.0-SNAPSHOT.jar:/home/tbaral/.m2/repository/com/squareup/okhttp/okhttp-protocols/2.0.0-SNAPSHOT/okhttp-protocols-2.0.0-SNAPSHOT.jar:/home/tbaral/.m2/repository/org/mortbay/jetty/npn/npn-boot/8.1.2.v20120308/npn-boot-8.1.2.v20120308.jar:/home/tbaral/.m2/repository/junit/junit/4.11/junit-4.11.jar:/home/tbaral/.m2/repository/org/hamcrest/hamcrest-core/1.3/hamcrest-core-1.3.jar:/home/tbaral/.m2/repository/com/squareup/okhttp/mockwebserver/2.0.0-SNAPSHOT/mockwebserver-2.0.0-SNAPSHOT.jar:/home/tbaral/.m2/repository/org/bouncycastle/bcprov-jdk15on/1.48/bcprov-jdk15on-1.48.jar:./target/classes:./target/test-classes:/home/tbaral/.m2/repository/edu/gmu/swe/flaky/sleepy/sleepy-runner/0.0.4-SNAPSHOT/sleepy-runner-0.0.4-SNAPSHOT.jar' 'edu.gmu.swe.flaky.sleepy.runner.SleepyTestRunner' com.squareup.okhttp.internal.http.URLConnectionTest#fixedLengthUpload_smallBuffers '<548981854,1>' 'info' 10000 ./sleepy-records/internal/node-com.squareup.okhttp.internal.http.URLConnectionTest#fixedLengthUpload_smallBuffers-0.sleepList
INFO:root:====BEGIN Java Log====
INFO:root:TALANK: args.length: 5
TALANK: args[0]: com.squareup.okhttp.internal.http.URLConnectionTest#fixedLengthUpload_smallBuffers
TALANK: args[1]: <548981854,1>
TALANK: args[2]: info
TALANK: args[3]: 10000
TALANK: args[4]: ./sleepy-records/internal/node-com.squareup.okhttp.internal.http.URLConnectionTest#fixedLengthUpload_smallBuffers-0.sleepList
TALANK Adding line to sleep at: com/squareup/okhttp/internal/NamedRunnable:run:0
TALANK Adding line to sleep at: com/squareup/okhttp/internal/NamedRunnable:run:30
TALANK Adding line to sleep at: com/squareup/okhttp/internal/NamedRunnable:run:31
TALANK Adding line to sleep at: com/squareup/okhttp/internal/NamedRunnable:run:32
TALANK Adding line to sleep at: com/squareup/okhttp/mockwebserver/MockWebServer$3:processOneRequest:391
TALANK Adding line to sleep at: com/squareup/okhttp/mockwebserver/MockWebServer$3:processOneRequest:392
TALANK Adding line to sleep at: com/squareup/okhttp/mockwebserver/MockWebServer$3:processOneRequest:393
TALANK Adding line to sleep at: com/squareup/okhttp/mockwebserver/QueueDispatcher:dispatch:44
TALANK Adding line to sleep at: com/squareup/okhttp/mockwebserver/QueueDispatcher:dispatch:45
TALANK Adding line to sleep at: com/squareup/okhttp/mockwebserver/MockWebServer:writeResponse:521
TALANK Adding line to sleep at: com/squareup/okhttp/mockwebserver/MockWebServer:writeResponse:522
TALANK Adding line to sleep at: com/squareup/okhttp/mockwebserver/MockWebServer$3:processConnection:364
TALANK Adding line to sleep at: com/squareup/okhttp/mockwebserver/MockWebServer$3:processConnection:365
TALANK Adding line to sleep at: com/squareup/okhttp/internal/NamedRunnable:run:35
TALANK Adding line to sleep at: com/squareup/okhttp/internal/NamedRunnable:run:36
********TALANK requesting to junitcore ******: org.junit.internal.requests.FilterRequest@77b52d12
TALANKINFO:FromJava:OK

INFO:root:====END Java Log====
INFO:root:Kill all Java processes
INFO:root:Impossible to make stable failure so skipping <548981854,1>
INFO:root:Could not fail com.squareup.okhttp.internal.http.URLConnectionTest#fixedLengthUpload_smallBuffers sleeping thread <548981854,1>
INFO:root:After working thread <548981854,1>, with 1423.0 minutes left to analyze com.squareup.okhttp.internal.http.URLConnectionTest#fixedLengthUpload_smallBuffers
INFO:root:Starting analysis on thread named <main> that is 4 out of 4
INFO:root:Initial list
INFO:root:['com/squareup/okhttp/internal/SslContextBuilder:localhost:0\n', 'com/squareup/okhttp/internal/SslContextBuilder:<init>:56\n', 'com/squareup/okhttp/internal/SslContextBuilder:<init>:57\n', 'com/squareup/okhttp/internal/SslContextBuilder:<init>:58\n', 'org/bouncycastle/asn1/DERObjectIdentifier:fromOctetString:0\n', 'org/bouncycastle/asn1/DERObjectIdentifier:getBody:0\n', 'org/bouncycastle/jce/provider/X509CertificateObject:hashCode:0\n', 'com/squareup/okhttp/internal/SslContextBuilder:localhost:78\n', 'com/squareup/okhttp/mockwebserver/QueueDispatcher:enqueueResponse:58\n', 'com/squareup/okhttp/mockwebserver/QueueDispatcher:enqueueResponse:59\n', 'com/squareup/okhttp/mockwebserver/MockWebServer:play:243\n', 'com/squareup/okhttp/mockwebserver/MockWebServer:play:244\n', 'com/squareup/okhttp/mockwebserver/MockWebServer:play:248\n', 'com/squareup/okhttp/internal/Util$1:newThread:276\n', 'com/squareup/okhttp/internal/Util$1:newThread:277\n', 'com/squareup/okhttp/mockwebserver/MockWebServer:play:249\n', 'com/squareup/okhttp/OkHttpClient:getDefaultSSLSocketFactory:0\n', 'com/squareup/okhttp/OkHttpClient:getDefaultSSLSocketFactory:495\n', 'com/squareup/okhttp/internal/http/HttpEngine:sendRequest:161\n', 'com/squareup/okhttp/internal/http/HttpEngine:sendRequest:162\n', 'com/squareup/okhttp/ConnectionPool:get:0\n', 'com/squareup/okhttp/ConnectionPool:get:206\n', 'com/squareup/okhttp/ConnectionPool:get:207\n', 'com/squareup/okhttp/RouteDatabase:shouldPostpone:0\n', 'com/squareup/okhttp/RouteDatabase:shouldPostpone:43\n', 'com/squareup/okhttp/internal/Platform:connectSocket:123\n', 'com/squareup/okhttp/internal/Platform:connectSocket:124\n', 'com/squareup/okhttp/RouteDatabase:connected:0\n', 'com/squareup/okhttp/RouteDatabase:connected:39\n', 'com/squareup/okhttp/internal/http/HttpEngine:writingRequestHeaders:253\n', 'com/squareup/okhttp/internal/http/HttpEngine:writingRequestHeaders:254\n', 'okio/SegmentPool:take:39\n', 'okio/SegmentPool:take:47\n', 'okio/SegmentPool:recycle:53\n', 'okio/SegmentPool:recycle:59\n', 'okio/SegmentPool:take:45\n', 'com/squareup/okhttp/internal/http/URLConnectionTest:doUpload:493\n', 'com/squareup/okhttp/internal/http/URLConnectionTest:doUpload:494\n', 'okio/Okio$1:flush:84\n', 'okio/Okio$1:flush:85\n', 'com/squareup/okhttp/internal/http/HttpEngine:readResponse:567\n', 'com/squareup/okhttp/internal/http/HttpEngine:readResponse:568\n', 'com/squareup/okhttp/ConnectionPool:recycle:235\n', 'com/squareup/okhttp/ConnectionPool:recycle:239\n', 'com/squareup/okhttp/ConnectionPool:recycle:241\n', 'com/squareup/okhttp/ConnectionPool:recycle:242\n', 'com/squareup/okhttp/mockwebserver/MockWebServer:takeRequest:205\n', 'com/squareup/okhttp/mockwebserver/MockWebServer:takeRequest:206\n', 'com/squareup/okhttp/mockwebserver/MockWebServer:shutdown:293\n', 'com/squareup/okhttp/mockwebserver/MockWebServer:shutdown:294\n']
INFO:root:Using timeout 126.0 minutes
INFO:root:Running command:
INFO:root:/scratch/tbaral/ase26/otog/setups/jdk1.8.0_102/bin/java -XX:+ExitOnOutOfMemoryError -Xbootclasspath/p:/home/tbaral/.m2/repository/edu/gmu/swe/flaky/sleepy/sleepy-interceptor/0.0.4-SNAPSHOT/sleepy-interceptor-0.0.4-SNAPSHOT.jar:/home/tbaral/.m2/repository/org/mortbay/jetty/npn/npn-boot/8.1.2.v20120308/npn-boot-8.1.2.v20120308.jar -javaagent:/home/tbaral/.m2/repository/edu/gmu/swe/flaky/sleepy/sleepy-interceptor/0.0.4-SNAPSHOT/sleepy-interceptor-0.0.4-SNAPSHOT.jar   -cp '/home/tbaral/.m2/repository/com/squareup/okio/okio/2.0.0-SNAPSHOT/okio-2.0.0-SNAPSHOT.jar:/home/tbaral/.m2/repository/com/squareup/okhttp/okhttp/2.0.0-SNAPSHOT/okhttp-2.0.0-SNAPSHOT.jar:/home/tbaral/.m2/repository/com/squareup/okhttp/okhttp-protocols/2.0.0-SNAPSHOT/okhttp-protocols-2.0.0-SNAPSHOT.jar:/home/tbaral/.m2/repository/org/mortbay/jetty/npn/npn-boot/8.1.2.v20120308/npn-boot-8.1.2.v20120308.jar:/home/tbaral/.m2/repository/junit/junit/4.11/junit-4.11.jar:/home/tbaral/.m2/repository/org/hamcrest/hamcrest-core/1.3/hamcrest-core-1.3.jar:/home/tbaral/.m2/repository/com/squareup/okhttp/mockwebserver/2.0.0-SNAPSHOT/mockwebserver-2.0.0-SNAPSHOT.jar:/home/tbaral/.m2/repository/org/bouncycastle/bcprov-jdk15on/1.48/bcprov-jdk15on-1.48.jar:./target/classes:./target/test-classes:/home/tbaral/.m2/repository/edu/gmu/swe/flaky/sleepy/sleepy-runner/0.0.4-SNAPSHOT/sleepy-runner-0.0.4-SNAPSHOT.jar' 'edu.gmu.swe.flaky.sleepy.runner.SleepyTestRunner' com.squareup.okhttp.internal.http.URLConnectionTest#fixedLengthUpload_smallBuffers '<main>' 'info' 10000 ./sleepy-records/internal/node-com.squareup.okhttp.internal.http.URLConnectionTest#fixedLengthUpload_smallBuffers-0.sleepList
INFO:root:====BEGIN Java Log====
INFO:root:TALANK: args.length: 5
TALANK: args[0]: com.squareup.okhttp.internal.http.URLConnectionTest#fixedLengthUpload_smallBuffers
TALANK: args[1]: <main>
TALANK: args[2]: info
TALANK: args[3]: 10000
TALANK: args[4]: ./sleepy-records/internal/node-com.squareup.okhttp.internal.http.URLConnectionTest#fixedLengthUpload_smallBuffers-0.sleepList
TALANK Adding line to sleep at: com/squareup/okhttp/internal/SslContextBuilder:localhost:0
TALANK Adding line to sleep at: com/squareup/okhttp/internal/SslContextBuilder:<init>:56
TALANK Adding line to sleep at: com/squareup/okhttp/internal/SslContextBuilder:<init>:57
TALANK Adding line to sleep at: com/squareup/okhttp/internal/SslContextBuilder:<init>:58
TALANK Adding line to sleep at: org/bouncycastle/asn1/DERObjectIdentifier:fromOctetString:0
TALANK Adding line to sleep at: org/bouncycastle/asn1/DERObjectIdentifier:getBody:0
TALANK Adding line to sleep at: org/bouncycastle/jce/provider/X509CertificateObject:hashCode:0
TALANK Adding line to sleep at: com/squareup/okhttp/internal/SslContextBuilder:localhost:78
TALANK Adding line to sleep at: com/squareup/okhttp/mockwebserver/QueueDispatcher:enqueueResponse:58
TALANK Adding line to sleep at: com/squareup/okhttp/mockwebserver/QueueDispatcher:enqueueResponse:59
TALANK Adding line to sleep at: com/squareup/okhttp/mockwebserver/MockWebServer:play:243
TALANK Adding line to sleep at: com/squareup/okhttp/mockwebserver/MockWebServer:play:244
TALANK Adding line to sleep at: com/squareup/okhttp/mockwebserver/MockWebServer:play:248
TALANK Adding line to sleep at: com/squareup/okhttp/internal/Util$1:newThread:276
TALANK Adding line to sleep at: com/squareup/okhttp/internal/Util$1:newThread:277
TALANK Adding line to sleep at: com/squareup/okhttp/mockwebserver/MockWebServer:play:249
TALANK Adding line to sleep at: com/squareup/okhttp/OkHttpClient:getDefaultSSLSocketFactory:0
TALANK Adding line to sleep at: com/squareup/okhttp/OkHttpClient:getDefaultSSLSocketFactory:495
TALANK Adding line to sleep at: com/squareup/okhttp/internal/http/HttpEngine:sendRequest:161
TALANK Adding line to sleep at: com/squareup/okhttp/internal/http/HttpEngine:sendRequest:162
TALANK Adding line to sleep at: com/squareup/okhttp/ConnectionPool:get:0
TALANK Adding line to sleep at: com/squareup/okhttp/ConnectionPool:get:206
TALANK Adding line to sleep at: com/squareup/okhttp/ConnectionPool:get:207
TALANK Adding line to sleep at: com/squareup/okhttp/RouteDatabase:shouldPostpone:0
TALANK Adding line to sleep at: com/squareup/okhttp/RouteDatabase:shouldPostpone:43
TALANK Adding line to sleep at: com/squareup/okhttp/internal/Platform:connectSocket:123
TALANK Adding line to sleep at: com/squareup/okhttp/internal/Platform:connectSocket:124
TALANK Adding line to sleep at: com/squareup/okhttp/RouteDatabase:connected:0
TALANK Adding line to sleep at: com/squareup/okhttp/RouteDatabase:connected:39
TALANK Adding line to sleep at: com/squareup/okhttp/internal/http/HttpEngine:writingRequestHeaders:253
TALANK Adding line to sleep at: com/squareup/okhttp/internal/http/HttpEngine:writingRequestHeaders:254
TALANK Adding line to sleep at: okio/SegmentPool:take:39
TALANK Adding line to sleep at: okio/SegmentPool:take:47
TALANK Adding line to sleep at: okio/SegmentPool:recycle:53
TALANK Adding line to sleep at: okio/SegmentPool:recycle:59
TALANK Adding line to sleep at: okio/SegmentPool:take:45
TALANK Adding line to sleep at: com/squareup/okhttp/internal/http/URLConnectionTest:doUpload:493
TALANK Adding line to sleep at: com/squareup/okhttp/internal/http/URLConnectionTest:doUpload:494
TALANK Adding line to sleep at: okio/Okio$1:flush:84
TALANK Adding line to sleep at: okio/Okio$1:flush:85
TALANK Adding line to sleep at: com/squareup/okhttp/internal/http/HttpEngine:readResponse:567
TALANK Adding line to sleep at: com/squareup/okhttp/internal/http/HttpEngine:readResponse:568
TALANK Adding line to sleep at: com/squareup/okhttp/ConnectionPool:recycle:235
TALANK Adding line to sleep at: com/squareup/okhttp/ConnectionPool:recycle:239
TALANK Adding line to sleep at: com/squareup/okhttp/ConnectionPool:recycle:241
TALANK Adding line to sleep at: com/squareup/okhttp/ConnectionPool:recycle:242
TALANK Adding line to sleep at: com/squareup/okhttp/mockwebserver/MockWebServer:takeRequest:205
TALANK Adding line to sleep at: com/squareup/okhttp/mockwebserver/MockWebServer:takeRequest:206
TALANK Adding line to sleep at: com/squareup/okhttp/mockwebserver/MockWebServer:shutdown:293
TALANK Adding line to sleep at: com/squareup/okhttp/mockwebserver/MockWebServer:shutdown:294
********TALANK requesting to junitcore ******: org.junit.internal.requests.FilterRequest@77b52d12
Jun 25, 2025 5:07:27 PM com.squareup.okhttp.mockwebserver.MockWebServer$3 processOneRequest
INFO: Received request: POST / HTTP/1.1 and responded: HTTP/1.1 200 OK
TALANKINFO:FromJava:OK

INFO:root:====END Java Log====
INFO:root:Kill all Java processes
INFO:root:Using timeout 126.0 minutes
INFO:root:Running command:
INFO:root:/scratch/tbaral/ase26/otog/setups/jdk1.8.0_102/bin/java -XX:+ExitOnOutOfMemoryError -Xbootclasspath/p:/home/tbaral/.m2/repository/edu/gmu/swe/flaky/sleepy/sleepy-interceptor/0.0.4-SNAPSHOT/sleepy-interceptor-0.0.4-SNAPSHOT.jar:/home/tbaral/.m2/repository/org/mortbay/jetty/npn/npn-boot/8.1.2.v20120308/npn-boot-8.1.2.v20120308.jar -javaagent:/home/tbaral/.m2/repository/edu/gmu/swe/flaky/sleepy/sleepy-interceptor/0.0.4-SNAPSHOT/sleepy-interceptor-0.0.4-SNAPSHOT.jar   -cp '/home/tbaral/.m2/repository/com/squareup/okio/okio/2.0.0-SNAPSHOT/okio-2.0.0-SNAPSHOT.jar:/home/tbaral/.m2/repository/com/squareup/okhttp/okhttp/2.0.0-SNAPSHOT/okhttp-2.0.0-SNAPSHOT.jar:/home/tbaral/.m2/repository/com/squareup/okhttp/okhttp-protocols/2.0.0-SNAPSHOT/okhttp-protocols-2.0.0-SNAPSHOT.jar:/home/tbaral/.m2/repository/org/mortbay/jetty/npn/npn-boot/8.1.2.v20120308/npn-boot-8.1.2.v20120308.jar:/home/tbaral/.m2/repository/junit/junit/4.11/junit-4.11.jar:/home/tbaral/.m2/repository/org/hamcrest/hamcrest-core/1.3/hamcrest-core-1.3.jar:/home/tbaral/.m2/repository/com/squareup/okhttp/mockwebserver/2.0.0-SNAPSHOT/mockwebserver-2.0.0-SNAPSHOT.jar:/home/tbaral/.m2/repository/org/bouncycastle/bcprov-jdk15on/1.48/bcprov-jdk15on-1.48.jar:./target/classes:./target/test-classes:/home/tbaral/.m2/repository/edu/gmu/swe/flaky/sleepy/sleepy-runner/0.0.4-SNAPSHOT/sleepy-runner-0.0.4-SNAPSHOT.jar' 'edu.gmu.swe.flaky.sleepy.runner.SleepyTestRunner' com.squareup.okhttp.internal.http.URLConnectionTest#fixedLengthUpload_smallBuffers '<main>' 'info' 10000 ./sleepy-records/internal/node-com.squareup.okhttp.internal.http.URLConnectionTest#fixedLengthUpload_smallBuffers-0.sleepList
INFO:root:====BEGIN Java Log====
INFO:root:TALANK: args.length: 5
TALANK: args[0]: com.squareup.okhttp.internal.http.URLConnectionTest#fixedLengthUpload_smallBuffers
TALANK: args[1]: <main>
TALANK: args[2]: info
TALANK: args[3]: 10000
TALANK: args[4]: ./sleepy-records/internal/node-com.squareup.okhttp.internal.http.URLConnectionTest#fixedLengthUpload_smallBuffers-0.sleepList
TALANK Adding line to sleep at: com/squareup/okhttp/internal/SslContextBuilder:localhost:0
TALANK Adding line to sleep at: com/squareup/okhttp/internal/SslContextBuilder:<init>:56
TALANK Adding line to sleep at: com/squareup/okhttp/internal/SslContextBuilder:<init>:57
TALANK Adding line to sleep at: com/squareup/okhttp/internal/SslContextBuilder:<init>:58
TALANK Adding line to sleep at: org/bouncycastle/asn1/DERObjectIdentifier:fromOctetString:0
TALANK Adding line to sleep at: org/bouncycastle/asn1/DERObjectIdentifier:getBody:0
TALANK Adding line to sleep at: org/bouncycastle/jce/provider/X509CertificateObject:hashCode:0
TALANK Adding line to sleep at: com/squareup/okhttp/internal/SslContextBuilder:localhost:78
TALANK Adding line to sleep at: com/squareup/okhttp/mockwebserver/QueueDispatcher:enqueueResponse:58
TALANK Adding line to sleep at: com/squareup/okhttp/mockwebserver/QueueDispatcher:enqueueResponse:59
TALANK Adding line to sleep at: com/squareup/okhttp/mockwebserver/MockWebServer:play:243
TALANK Adding line to sleep at: com/squareup/okhttp/mockwebserver/MockWebServer:play:244
TALANK Adding line to sleep at: com/squareup/okhttp/mockwebserver/MockWebServer:play:248
TALANK Adding line to sleep at: com/squareup/okhttp/internal/Util$1:newThread:276
TALANK Adding line to sleep at: com/squareup/okhttp/internal/Util$1:newThread:277
TALANK Adding line to sleep at: com/squareup/okhttp/mockwebserver/MockWebServer:play:249
TALANK Adding line to sleep at: com/squareup/okhttp/OkHttpClient:getDefaultSSLSocketFactory:0
TALANK Adding line to sleep at: com/squareup/okhttp/OkHttpClient:getDefaultSSLSocketFactory:495
TALANK Adding line to sleep at: com/squareup/okhttp/internal/http/HttpEngine:sendRequest:161
TALANK Adding line to sleep at: com/squareup/okhttp/internal/http/HttpEngine:sendRequest:162
TALANK Adding line to sleep at: com/squareup/okhttp/ConnectionPool:get:0
TALANK Adding line to sleep at: com/squareup/okhttp/ConnectionPool:get:206
TALANK Adding line to sleep at: com/squareup/okhttp/ConnectionPool:get:207
TALANK Adding line to sleep at: com/squareup/okhttp/RouteDatabase:shouldPostpone:0
TALANK Adding line to sleep at: com/squareup/okhttp/RouteDatabase:shouldPostpone:43
TALANK Adding line to sleep at: com/squareup/okhttp/internal/Platform:connectSocket:123
TALANK Adding line to sleep at: com/squareup/okhttp/internal/Platform:connectSocket:124
TALANK Adding line to sleep at: com/squareup/okhttp/RouteDatabase:connected:0
TALANK Adding line to sleep at: com/squareup/okhttp/RouteDatabase:connected:39
TALANK Adding line to sleep at: com/squareup/okhttp/internal/http/HttpEngine:writingRequestHeaders:253
TALANK Adding line to sleep at: com/squareup/okhttp/internal/http/HttpEngine:writingRequestHeaders:254
TALANK Adding line to sleep at: okio/SegmentPool:take:39
TALANK Adding line to sleep at: okio/SegmentPool:take:47
TALANK Adding line to sleep at: okio/SegmentPool:recycle:53
TALANK Adding line to sleep at: okio/SegmentPool:recycle:59
TALANK Adding line to sleep at: okio/SegmentPool:take:45
TALANK Adding line to sleep at: com/squareup/okhttp/internal/http/URLConnectionTest:doUpload:493
TALANK Adding line to sleep at: com/squareup/okhttp/internal/http/URLConnectionTest:doUpload:494
TALANK Adding line to sleep at: okio/Okio$1:flush:84
TALANK Adding line to sleep at: okio/Okio$1:flush:85
TALANK Adding line to sleep at: com/squareup/okhttp/internal/http/HttpEngine:readResponse:567
TALANK Adding line to sleep at: com/squareup/okhttp/internal/http/HttpEngine:readResponse:568
TALANK Adding line to sleep at: com/squareup/okhttp/ConnectionPool:recycle:235
TALANK Adding line to sleep at: com/squareup/okhttp/ConnectionPool:recycle:239
TALANK Adding line to sleep at: com/squareup/okhttp/ConnectionPool:recycle:241
TALANK Adding line to sleep at: com/squareup/okhttp/ConnectionPool:recycle:242
TALANK Adding line to sleep at: com/squareup/okhttp/mockwebserver/MockWebServer:takeRequest:205
TALANK Adding line to sleep at: com/squareup/okhttp/mockwebserver/MockWebServer:takeRequest:206
TALANK Adding line to sleep at: com/squareup/okhttp/mockwebserver/MockWebServer:shutdown:293
TALANK Adding line to sleep at: com/squareup/okhttp/mockwebserver/MockWebServer:shutdown:294
********TALANK requesting to junitcore ******: org.junit.internal.requests.FilterRequest@77b52d12
Jun 25, 2025 5:15:49 PM com.squareup.okhttp.mockwebserver.MockWebServer$3 processOneRequest
INFO: Received request: POST / HTTP/1.1 and responded: HTTP/1.1 200 OK
TALANKINFO:FromJava:OK

INFO:root:====END Java Log====
INFO:root:Kill all Java processes
INFO:root:Using timeout 126.0 minutes
INFO:root:Running command:
INFO:root:/scratch/tbaral/ase26/otog/setups/jdk1.8.0_102/bin/java -XX:+ExitOnOutOfMemoryError -Xbootclasspath/p:/home/tbaral/.m2/repository/edu/gmu/swe/flaky/sleepy/sleepy-interceptor/0.0.4-SNAPSHOT/sleepy-interceptor-0.0.4-SNAPSHOT.jar:/home/tbaral/.m2/repository/org/mortbay/jetty/npn/npn-boot/8.1.2.v20120308/npn-boot-8.1.2.v20120308.jar -javaagent:/home/tbaral/.m2/repository/edu/gmu/swe/flaky/sleepy/sleepy-interceptor/0.0.4-SNAPSHOT/sleepy-interceptor-0.0.4-SNAPSHOT.jar   -cp '/home/tbaral/.m2/repository/com/squareup/okio/okio/2.0.0-SNAPSHOT/okio-2.0.0-SNAPSHOT.jar:/home/tbaral/.m2/repository/com/squareup/okhttp/okhttp/2.0.0-SNAPSHOT/okhttp-2.0.0-SNAPSHOT.jar:/home/tbaral/.m2/repository/com/squareup/okhttp/okhttp-protocols/2.0.0-SNAPSHOT/okhttp-protocols-2.0.0-SNAPSHOT.jar:/home/tbaral/.m2/repository/org/mortbay/jetty/npn/npn-boot/8.1.2.v20120308/npn-boot-8.1.2.v20120308.jar:/home/tbaral/.m2/repository/junit/junit/4.11/junit-4.11.jar:/home/tbaral/.m2/repository/org/hamcrest/hamcrest-core/1.3/hamcrest-core-1.3.jar:/home/tbaral/.m2/repository/com/squareup/okhttp/mockwebserver/2.0.0-SNAPSHOT/mockwebserver-2.0.0-SNAPSHOT.jar:/home/tbaral/.m2/repository/org/bouncycastle/bcprov-jdk15on/1.48/bcprov-jdk15on-1.48.jar:./target/classes:./target/test-classes:/home/tbaral/.m2/repository/edu/gmu/swe/flaky/sleepy/sleepy-runner/0.0.4-SNAPSHOT/sleepy-runner-0.0.4-SNAPSHOT.jar' 'edu.gmu.swe.flaky.sleepy.runner.SleepyTestRunner' com.squareup.okhttp.internal.http.URLConnectionTest#fixedLengthUpload_smallBuffers '<main>' 'info' 10000 ./sleepy-records/internal/node-com.squareup.okhttp.internal.http.URLConnectionTest#fixedLengthUpload_smallBuffers-0.sleepList
INFO:root:====BEGIN Java Log====
INFO:root:TALANK: args.length: 5
TALANK: args[0]: com.squareup.okhttp.internal.http.URLConnectionTest#fixedLengthUpload_smallBuffers
TALANK: args[1]: <main>
TALANK: args[2]: info
TALANK: args[3]: 10000
TALANK: args[4]: ./sleepy-records/internal/node-com.squareup.okhttp.internal.http.URLConnectionTest#fixedLengthUpload_smallBuffers-0.sleepList
TALANK Adding line to sleep at: com/squareup/okhttp/internal/SslContextBuilder:localhost:0
TALANK Adding line to sleep at: com/squareup/okhttp/internal/SslContextBuilder:<init>:56
TALANK Adding line to sleep at: com/squareup/okhttp/internal/SslContextBuilder:<init>:57
TALANK Adding line to sleep at: com/squareup/okhttp/internal/SslContextBuilder:<init>:58
TALANK Adding line to sleep at: org/bouncycastle/asn1/DERObjectIdentifier:fromOctetString:0
TALANK Adding line to sleep at: org/bouncycastle/asn1/DERObjectIdentifier:getBody:0
TALANK Adding line to sleep at: org/bouncycastle/jce/provider/X509CertificateObject:hashCode:0
TALANK Adding line to sleep at: com/squareup/okhttp/internal/SslContextBuilder:localhost:78
TALANK Adding line to sleep at: com/squareup/okhttp/mockwebserver/QueueDispatcher:enqueueResponse:58
TALANK Adding line to sleep at: com/squareup/okhttp/mockwebserver/QueueDispatcher:enqueueResponse:59
TALANK Adding line to sleep at: com/squareup/okhttp/mockwebserver/MockWebServer:play:243
TALANK Adding line to sleep at: com/squareup/okhttp/mockwebserver/MockWebServer:play:244
TALANK Adding line to sleep at: com/squareup/okhttp/mockwebserver/MockWebServer:play:248
TALANK Adding line to sleep at: com/squareup/okhttp/internal/Util$1:newThread:276
TALANK Adding line to sleep at: com/squareup/okhttp/internal/Util$1:newThread:277
TALANK Adding line to sleep at: com/squareup/okhttp/mockwebserver/MockWebServer:play:249
TALANK Adding line to sleep at: com/squareup/okhttp/OkHttpClient:getDefaultSSLSocketFactory:0
TALANK Adding line to sleep at: com/squareup/okhttp/OkHttpClient:getDefaultSSLSocketFactory:495
TALANK Adding line to sleep at: com/squareup/okhttp/internal/http/HttpEngine:sendRequest:161
TALANK Adding line to sleep at: com/squareup/okhttp/internal/http/HttpEngine:sendRequest:162
TALANK Adding line to sleep at: com/squareup/okhttp/ConnectionPool:get:0
TALANK Adding line to sleep at: com/squareup/okhttp/ConnectionPool:get:206
TALANK Adding line to sleep at: com/squareup/okhttp/ConnectionPool:get:207
TALANK Adding line to sleep at: com/squareup/okhttp/RouteDatabase:shouldPostpone:0
TALANK Adding line to sleep at: com/squareup/okhttp/RouteDatabase:shouldPostpone:43
TALANK Adding line to sleep at: com/squareup/okhttp/internal/Platform:connectSocket:123
TALANK Adding line to sleep at: com/squareup/okhttp/internal/Platform:connectSocket:124
TALANK Adding line to sleep at: com/squareup/okhttp/RouteDatabase:connected:0
TALANK Adding line to sleep at: com/squareup/okhttp/RouteDatabase:connected:39
TALANK Adding line to sleep at: com/squareup/okhttp/internal/http/HttpEngine:writingRequestHeaders:253
TALANK Adding line to sleep at: com/squareup/okhttp/internal/http/HttpEngine:writingRequestHeaders:254
TALANK Adding line to sleep at: okio/SegmentPool:take:39
TALANK Adding line to sleep at: okio/SegmentPool:take:47
TALANK Adding line to sleep at: okio/SegmentPool:recycle:53
TALANK Adding line to sleep at: okio/SegmentPool:recycle:59
TALANK Adding line to sleep at: okio/SegmentPool:take:45
TALANK Adding line to sleep at: com/squareup/okhttp/internal/http/URLConnectionTest:doUpload:493
TALANK Adding line to sleep at: com/squareup/okhttp/internal/http/URLConnectionTest:doUpload:494
TALANK Adding line to sleep at: okio/Okio$1:flush:84
TALANK Adding line to sleep at: okio/Okio$1:flush:85
TALANK Adding line to sleep at: com/squareup/okhttp/internal/http/HttpEngine:readResponse:567
TALANK Adding line to sleep at: com/squareup/okhttp/internal/http/HttpEngine:readResponse:568
TALANK Adding line to sleep at: com/squareup/okhttp/ConnectionPool:recycle:235
TALANK Adding line to sleep at: com/squareup/okhttp/ConnectionPool:recycle:239
TALANK Adding line to sleep at: com/squareup/okhttp/ConnectionPool:recycle:241
TALANK Adding line to sleep at: com/squareup/okhttp/ConnectionPool:recycle:242
TALANK Adding line to sleep at: com/squareup/okhttp/mockwebserver/MockWebServer:takeRequest:205
TALANK Adding line to sleep at: com/squareup/okhttp/mockwebserver/MockWebServer:takeRequest:206
TALANK Adding line to sleep at: com/squareup/okhttp/mockwebserver/MockWebServer:shutdown:293
TALANK Adding line to sleep at: com/squareup/okhttp/mockwebserver/MockWebServer:shutdown:294
********TALANK requesting to junitcore ******: org.junit.internal.requests.FilterRequest@77b52d12
Jun 25, 2025 5:24:11 PM com.squareup.okhttp.mockwebserver.MockWebServer$3 processOneRequest
INFO: Received request: POST / HTTP/1.1 and responded: HTTP/1.1 200 OK
TALANKINFO:FromJava:OK

INFO:root:====END Java Log====
INFO:root:Kill all Java processes
INFO:root:Impossible to make stable failure so skipping <main>
INFO:root:Could not fail com.squareup.okhttp.internal.http.URLConnectionTest#fixedLengthUpload_smallBuffers sleeping thread <main>
INFO:root:After working thread <main>, with 1398.0 minutes left to analyze com.squareup.okhttp.internal.http.URLConnectionTest#fixedLengthUpload_smallBuffers
INFO:root:[('FAILURE_THAT_COULD_NOT_BE_LOGGED', 'com/squareup/okhttp/internal/NamedRunnable:run:0,com/squareup/okhttp/internal/NamedRunnable:run:30,com/squareup/okhttp/internal/NamedRunnable:run:31,com/squareup/okhttp/internal/NamedRunnable:run:32,com/squareup/okhttp/mockwebserver/MockWebServer$2:acceptConnections:274,com/squareup/okhttp/mockwebserver/MockWebServer$2:acceptConnections:275,com/squareup/okhttp/mockwebserver/MockWebServer:serveConnection:298,com/squareup/okhttp/internal/Util$1:newThread:276,com/squareup/okhttp/internal/Util$1:newThread:277,com/squareup/okhttp/mockwebserver/MockWebServer:serveConnection:299,com/squareup/okhttp/internal/Util:closeQuietly:127,com/squareup/okhttp/internal/Util:closeQuietly:128,com/squareup/okhttp/mockwebserver/MockWebServer$2:execute:267,com/squareup/okhttp/mockwebserver/MockWebServer$2:execute:268,com/squareup/okhttp/internal/NamedRunnable:run:35,com/squareup/okhttp/internal/NamedRunnable:run:36', '<-1343685637,1>', '10.0'), ('NoFail', 'NoFail', '<-1787720848,1>', '0.0'), ('NoFail', 'NoFail', '<548981854,1>', '6.0'), ('NoFail', 'NoFail', '<main>', '25.0')]
INFO:root:FlakeRake in total took 42.0 minutes.
INFO:root:FlakeRakeEnd=1750886806.9719598
INFO:root:Ending Script
