Archive:  merged_failures.zip
caution: filename not matched:  reruns_10K_flakerake_dataset_unique_removed_time_from_log.zip
caution: filename not matched:  reruns_10K_unique_removed_time_from_log.zip
test
test
Cloning into '/NOD-Test-Repair/tdrepro/projects/slug'...
remote: Not Found
fatal: repository 'https://github.com/slug/' not found
runAll.sh: line 67: cd: /NOD-Test-Repair/tdrepro/projects/slug: No such file or directory
error: pathspec 'sha' did not match any file(s) known to git
[[1;34mINFO[m] Scanning for projects...
[[1;31mERROR[m] [ERROR] Could not find the selected project in the reactor: module @ 
[[1;31mERROR[m] Could not find the selected project in the reactor: module -> [1m[Help 1][m
[[1;31mERROR[m] 
[[1;31mERROR[m] To see the full stack trace of the errors, re-run Maven with the [1m-e[m switch.
[[1;31mERROR[m] Re-run Maven using the [1m-X[m switch to enable full debug logging.
[[1;31mERROR[m] 
[[1;31mERROR[m] For more information about the errors and possible solutions, please read the following articles:
[[1;31mERROR[m] [1m[Help 1][m http://cwiki.apache.org/confluence/display/MAVEN/MavenExecutionException
slug
runAll.sh: line 122: cd: /NOD-Test-Repair/tdrepro/projects/slug: No such file or directory
grep: pom.xml: No such file or directory
modify-project.sh: line 21: cd: /NOD-Test-Repair/tdrepro/projects/slug: No such file or directory
javac: file not found: PomFile.java
Usage: javac <options> <source files>
use -help for a list of possible options
Error: Could not find or load main class PomFile
runAll.sh: line 130: cd: /NOD-Test-Repair/tdrepro/projects/slug: No such file or directory
[[1;34mINFO[m] Scanning for projects...
[[1;31mERROR[m] [ERROR] Could not find the selected project in the reactor: module @ 
[[1;31mERROR[m] Could not find the selected project in the reactor: module -> [1m[Help 1][m
[[1;31mERROR[m] 
[[1;31mERROR[m] To see the full stack trace of the errors, re-run Maven with the [1m-e[m switch.
[[1;31mERROR[m] Re-run Maven using the [1m-X[m switch to enable full debug logging.
[[1;31mERROR[m] 
[[1;31mERROR[m] For more information about the errors and possible solutions, please read the following articles:
[[1;31mERROR[m] [1m[Help 1][m http://cwiki.apache.org/confluence/display/MAVEN/MavenExecutionException
cp /NOD-Test-Repair/tdrepro/jacococli.jar /NOD-Test-Repair/tdrepro/agent-pom-modify
Generate reports in different formats by reading exec and Java class files.

Usage: java -jar jacococli.jar report [<execfiles> ...] --classfiles <path> [--csv <file>] [--encoding <charset>] [--help] [--html <dir>] [--name <name>] [--quiet] [--sourcefiles <path>] [--tabwith <n>] [--xml <file>]
 <execfiles>          : list of JaCoCo *.exec files to read
 --classfiles <path>  : location of Java class files
 --csv <file>         : output file for the CSV report
 --encoding <charset> : source file encoding (by default platform encoding is
                        used)
 --help               : show help
 --html <dir>         : output directory for the HTML report
 --name <name>        : name used for this report
 --quiet              : suppress all output on stdout
 --sourcefiles <path> : location of the source files
 --tabwith <n>        : tab stop width for the source pages (default 4)
 --xml <file>         : output file for the XML report

Option "--classfiles" is required
java -jar jacococli.jar report module/target/jacoco.exec                           --xml module/target/coverage.xml
python3 /NOD-Test-Repair/tdrepro/collect_executed_meths.py module test slug
Traceback (most recent call last):
  File "/NOD-Test-Repair/tdrepro/collect_executed_meths.py", line 10, in <module>
    tree = ET.parse(module+"/target/coverage.xml")
  File "/usr/lib/python3.10/xml/etree/ElementTree.py", line 1222, in parse
    tree.parse(source, parser)
  File "/usr/lib/python3.10/xml/etree/ElementTree.py", line 569, in parse
    source = open(source, "rb")
FileNotFoundError: [Errno 2] No such file or directory: 'module/target/coverage.xml'
find: 'module': No such file or directory
test_class_full_path=
python3 /NOD-Test-Repair/tdrepro/collect_test_meth_body.py module test slug  /NOD-Test-Repair/tdrepro
Traceback (most recent call last):
  File "/NOD-Test-Repair/tdrepro/collect_test_meth_body.py", line 14, in <module>
    test_method_only = test_name.split("#")[1] 
IndexError: list index out of range
/NOD-Test-Repair/tdrepro/agent-pom-modify
/usr/local/lib/python3.10/dist-packages/tree_sitter/__init__.py:36: FutureWarning: Language(path, name) is deprecated. Use Language(ptr, name) instead.
  warn("{} is deprecated. Use {} instead.".format(old, new), FutureWarning)
Traceback (most recent call last):
  File "/NOD-Test-Repair/tdrepro/collect_method_body.py", line 31, in <module>
    with open(executed_methods_file, newline='') as f:
FileNotFoundError: [Errno 2] No such file or directory: 'slug_module_test_executed_methods.csv'
 python3 /NOD-Test-Repair/tdrepro/collect_method_body.py module test slug 
result=
Executed methods: 
Total tokens:      
mv: cannot stat 'slug_module_test_executed_methods.csv': No such file or directory
mv: cannot stat 'slug_module_test_executed_method_bodies.csv': No such file or directory
Traceback (most recent call last):
  File "/NOD-Test-Repair/tdrepro/finding_base_package.py", line 14, in <module>
    with open(csv_file, newline='') as f:
FileNotFoundError: [Errno 2] No such file or directory: '/NOD-Test-Repair/tdrepro/traces/slug_module_test_executed_methods.csv'

runAll.sh: line 242: cd: /NOD-Test-Repair/tdrepro/projects/slug: No such file or directory
org.activiti.engine.test.jobexecutor.AsyncExecutorTest#testAsyncExecutorDisabledOnOneEngine
AsyncExecutorTest
Cloning into '/NOD-Test-Repair/tdrepro/projects/activiti/activiti'...
Note: switching to 'b11f757a'.

You are in 'detached HEAD' state. You can look around, make experimental
changes and commit them, and you can discard any commits you make in this
state without impacting any branches by switching back to a branch.

If you want to create a new branch to retain commits you create, you may
do so (now or later) by using -c with the switch command. Example:

  git switch -c <new-branch-name>

Or undo this operation with:

  git switch -

Turn off this advice by setting config variable advice.detachedHead to false

HEAD is now at b11f757a48 Merge pull request #2034 from Activiti/updatebot-bf8cb8fa-c63e-49df-81d0-e632fd74c046
[[1;34mINFO[m] Scanning for projects...
[[1;34mINFO[m] [1m------------------------------------------------------------------------[m
[[1;34mINFO[m] [1mReactor Build Order:[m
[[1;34mINFO[m] 
[[1;34mINFO[m] Activiti Core :: Parent                                            [pom]
[[1;34mINFO[m] Activiti :: BPMN Model                                             [jar]
[[1;34mINFO[m] Activiti :: Process Validation                                     [jar]
[[1;34mINFO[m] Activiti :: BPMN Layout                                            [jar]
[[1;34mINFO[m] Activiti :: BPMN Converter                                         [jar]
[[1;34mINFO[m] Activiti :: Engine                                                 [jar]
[[1;34mINFO[m] 
[[1;34mINFO[m] [1m---------------------< [0;36morg.activiti:activiti-root[0;1m >---------------------[m
[[1;34mINFO[m] [1mBuilding Activiti Core :: Parent 7.0.0-SNAPSHOT                    [1/6][m
[[1;34mINFO[m] [1m--------------------------------[ pom ]---------------------------------[m
[[1;34mINFO[m] 
[[1;34mINFO[m] [1m--- [0;32mmaven-enforcer-plugin:3.0.0-M1:enforce[m [1m(enforce-java)[m @ [36mactiviti-root[0;1m ---[m
[[1;34mINFO[m] 
[[1;34mINFO[m] [1m--- [0;32mmaven-enforcer-plugin:3.0.0-M1:enforce[m [1m(enforce-maven)[m @ [36mactiviti-root[0;1m ---[m
[[1;34mINFO[m] 
[[1;34mINFO[m] [1m--- [0;32mmaven-enforcer-plugin:3.0.0-M1:enforce[m [1m(enforce-plugin-versions)[m @ [36mactiviti-root[0;1m ---[m
[[1;34mINFO[m] 
[[1;34mINFO[m] [1m--- [0;32mmaven-enforcer-plugin:3.0.0-M1:enforce[m [1m(enforce-direct-dependencies)[m @ [36mactiviti-root[0;1m ---[m
[[1;34mINFO[m] Flag 'useClassesFromLastBuild' is set. Try to use existing output folder.
[[1;34mINFO[m] Flag 'suppressTypesFromJavaRuntime' is set. Classes available in current Java-runtime will be ignored.
[[1;34mINFO[m] Analyze dependencies of artifact 'org.activiti:activiti-root:pom:7.0.0-SNAPSHOT'.
[[1;34mINFO[m] Nothing to analyze in 'org.activiti:activiti-root:pom:7.0.0-SNAPSHOT'.
[[1;34mINFO[m] 
[[1;34mINFO[m] [1m--- [0;32mmaven-enforcer-plugin:3.0.0-M1:enforce[m [1m(ban-blacklisted-dependencies)[m @ [36mactiviti-root[0;1m ---[m
[[1;34mINFO[m] 
[[1;34mINFO[m] [1m--- [0;32mjacoco-maven-plugin:0.7.9:prepare-agent[m [1m(pre-unit-test)[m @ [36mactiviti-root[0;1m ---[m
[[1;34mINFO[m] argLine set to -javaagent:/root/.m2/repository/org/jacoco/org.jacoco.agent/0.7.9/org.jacoco.agent-0.7.9-runtime.jar=destfile=/NOD-Test-Repair/tdrepro/projects/activiti/activiti/target/jacoco.exec -Duser.language=en
[[1;34mINFO[m] 
[[1;34mINFO[m] [1m--- [0;32mjacoco-maven-plugin:0.7.9:report[m [1m(post-unit-test)[m @ [36mactiviti-root[0;1m ---[m
[[1;34mINFO[m] Skipping JaCoCo execution due to missing execution data file.
[[1;34mINFO[m] 
[[1;34mINFO[m] [1m--- [0;32mjacoco-maven-plugin:0.7.9:prepare-agent-integration[m [1m(pre-integration-test)[m @ [36mactiviti-root[0;1m ---[m
[[1;34mINFO[m] argLine set to -javaagent:/root/.m2/repository/org/jacoco/org.jacoco.agent/0.7.9/org.jacoco.agent-0.7.9-runtime.jar=destfile=/NOD-Test-Repair/tdrepro/projects/activiti/activiti/target/jacoco-it.exec -Duser.language=en
[[1;34mINFO[m] 
[[1;34mINFO[m] [1m--- [0;32mjacoco-maven-plugin:0.7.9:report-integration[m [1m(post-integration-test)[m @ [36mactiviti-root[0;1m ---[m
[[1;34mINFO[m] Skipping JaCoCo execution due to missing execution data file.
[[1;34mINFO[m] 
[[1;34mINFO[m] [1m--- [0;32mmaven-install-plugin:2.5.2:install[m [1m(default-install)[m @ [36mactiviti-root[0;1m ---[m
[[1;34mINFO[m] Installing /NOD-Test-Repair/tdrepro/projects/activiti/activiti/pom.xml to /root/.m2/repository/org/activiti/activiti-root/7.0.0-SNAPSHOT/activiti-root-7.0.0-SNAPSHOT.pom
[[1;34mINFO[m] 
[[1;34mINFO[m] [1m------------------< [0;36morg.activiti:activiti-bpmn-model[0;1m >------------------[m
[[1;34mINFO[m] [1mBuilding Activiti :: BPMN Model 7.0.0-SNAPSHOT                     [2/6][m
[[1;34mINFO[m] [1m--------------------------------[ jar ]---------------------------------[m
[[1;34mINFO[m] 
[[1;34mINFO[m] [1m--- [0;32mmaven-enforcer-plugin:3.0.0-M1:enforce[m [1m(enforce-java)[m @ [36mactiviti-bpmn-model[0;1m ---[m
[[1;34mINFO[m] 
[[1;34mINFO[m] [1m--- [0;32mmaven-enforcer-plugin:3.0.0-M1:enforce[m [1m(enforce-maven)[m @ [36mactiviti-bpmn-model[0;1m ---[m
[[1;34mINFO[m] 
[[1;34mINFO[m] [1m--- [0;32mmaven-enforcer-plugin:3.0.0-M1:enforce[m [1m(enforce-plugin-versions)[m @ [36mactiviti-bpmn-model[0;1m ---[m
[[1;34mINFO[m] 
[[1;34mINFO[m] [1m--- [0;32mmaven-enforcer-plugin:3.0.0-M1:enforce[m [1m(enforce-direct-dependencies)[m @ [36mactiviti-bpmn-model[0;1m ---[m
[[1;34mINFO[m] Flag 'useClassesFromLastBuild' is set. Try to use existing output folder.
[[1;34mINFO[m] Flag 'suppressTypesFromJavaRuntime' is set. Classes available in current Java-runtime will be ignored.
[[1;34mINFO[m] Analyze dependencies of artifact 'org.activiti:activiti-bpmn-model:jar:7.0.0-SNAPSHOT'.
[[1;34mINFO[m] Nothing to analyze in 'org.activiti:activiti-bpmn-model:jar:7.0.0-SNAPSHOT'.
[[1;34mINFO[m] 
[[1;34mINFO[m] [1m--- [0;32mmaven-enforcer-plugin:3.0.0-M1:enforce[m [1m(ban-blacklisted-dependencies)[m @ [36mactiviti-bpmn-model[0;1m ---[m
[[1;34mINFO[m] 
[[1;34mINFO[m] [1m--- [0;32mjacoco-maven-plugin:0.7.9:prepare-agent[m [1m(pre-unit-test)[m @ [36mactiviti-bpmn-model[0;1m ---[m
[[1;34mINFO[m] argLine set to -javaagent:/root/.m2/repository/org/jacoco/org.jacoco.agent/0.7.9/org.jacoco.agent-0.7.9-runtime.jar=destfile=/NOD-Test-Repair/tdrepro/projects/activiti/activiti/activiti-bpmn-model/target/jacoco.exec -Duser.language=en
[[1;34mINFO[m] 
[[1;34mINFO[m] [1m--- [0;32mmaven-resources-plugin:3.0.1:resources[m [1m(default-resources)[m @ [36mactiviti-bpmn-model[0;1m ---[m
[[1;34mINFO[m] Using 'UTF-8' encoding to copy filtered resources.
[[1;34mINFO[m] skip non existing resourceDirectory /NOD-Test-Repair/tdrepro/projects/activiti/activiti/activiti-bpmn-model/src/main/resources
[[1;34mINFO[m] 
[[1;34mINFO[m] [1m--- [0;32mmaven-compiler-plugin:3.7.0:compile[m [1m(default-compile)[m @ [36mactiviti-bpmn-model[0;1m ---[m
[[1;34mINFO[m] Changes detected - recompiling the module!
[[1;34mINFO[m] Compiling 96 source files to /NOD-Test-Repair/tdrepro/projects/activiti/activiti/activiti-bpmn-model/target/classes
[[1;34mINFO[m] 
[[1;34mINFO[m] [1m--- [0;32mmaven-resources-plugin:3.0.1:testResources[m [1m(default-testResources)[m @ [36mactiviti-bpmn-model[0;1m ---[m
[[1;34mINFO[m] Using 'UTF-8' encoding to copy filtered resources.
[[1;34mINFO[m] skip non existing resourceDirectory /NOD-Test-Repair/tdrepro/projects/activiti/activiti/activiti-bpmn-model/src/test/resources
[[1;34mINFO[m] 
[[1;34mINFO[m] [1m--- [0;32mmaven-compiler-plugin:3.7.0:testCompile[m [1m(default-testCompile)[m @ [36mactiviti-bpmn-model[0;1m ---[m
[[1;34mINFO[m] No sources to compile
[[1;34mINFO[m] 
[[1;34mINFO[m] [1m--- [0;32mmaven-surefire-plugin:2.20.1:test[m [1m(default-test)[m @ [36mactiviti-bpmn-model[0;1m ---[m
[[1;34mINFO[m] Tests are skipped.
[[1;34mINFO[m] 
[[1;34mINFO[m] [1m--- [0;32mjacoco-maven-plugin:0.7.9:report[m [1m(post-unit-test)[m @ [36mactiviti-bpmn-model[0;1m ---[m
[[1;34mINFO[m] Skipping JaCoCo execution due to missing execution data file.
[[1;34mINFO[m] 
[[1;34mINFO[m] [1m--- [0;32mmaven-jar-plugin:3.0.2:jar[m [1m(default-jar)[m @ [36mactiviti-bpmn-model[0;1m ---[m
[[1;34mINFO[m] Building jar: /NOD-Test-Repair/tdrepro/projects/activiti/activiti/activiti-bpmn-model/target/activiti-bpmn-model-7.0.0-SNAPSHOT.jar
[[1;34mINFO[m] 
[[1;34mINFO[m] [1m--- [0;32mjacoco-maven-plugin:0.7.9:prepare-agent-integration[m [1m(pre-integration-test)[m @ [36mactiviti-bpmn-model[0;1m ---[m
[[1;34mINFO[m] argLine set to -javaagent:/root/.m2/repository/org/jacoco/org.jacoco.agent/0.7.9/org.jacoco.agent-0.7.9-runtime.jar=destfile=/NOD-Test-Repair/tdrepro/projects/activiti/activiti/activiti-bpmn-model/target/jacoco-it.exec -Duser.language=en
[[1;34mINFO[m] 
[[1;34mINFO[m] [1m--- [0;32mjacoco-maven-plugin:0.7.9:report-integration[m [1m(post-integration-test)[m @ [36mactiviti-bpmn-model[0;1m ---[m
[[1;34mINFO[m] Skipping JaCoCo execution due to missing execution data file.
[[1;34mINFO[m] 
[[1;34mINFO[m] [1m--- [0;32mmaven-install-plugin:2.5.2:install[m [1m(default-install)[m @ [36mactiviti-bpmn-model[0;1m ---[m
[[1;34mINFO[m] Installing /NOD-Test-Repair/tdrepro/projects/activiti/activiti/activiti-bpmn-model/target/activiti-bpmn-model-7.0.0-SNAPSHOT.jar to /root/.m2/repository/org/activiti/activiti-bpmn-model/7.0.0-SNAPSHOT/activiti-bpmn-model-7.0.0-SNAPSHOT.jar
[[1;34mINFO[m] Installing /NOD-Test-Repair/tdrepro/projects/activiti/activiti/activiti-bpmn-model/pom.xml to /root/.m2/repository/org/activiti/activiti-bpmn-model/7.0.0-SNAPSHOT/activiti-bpmn-model-7.0.0-SNAPSHOT.pom
[[1;34mINFO[m] 
[[1;34mINFO[m] [1m--------------< [0;36morg.activiti:activiti-process-validation[0;1m >--------------[m
[[1;34mINFO[m] [1mBuilding Activiti :: Process Validation 7.0.0-SNAPSHOT             [3/6][m
[[1;34mINFO[m] [1m--------------------------------[ jar ]---------------------------------[m
[[1;34mINFO[m] 
[[1;34mINFO[m] [1m--- [0;32mmaven-enforcer-plugin:3.0.0-M1:enforce[m [1m(enforce-java)[m @ [36mactiviti-process-validation[0;1m ---[m
[[1;34mINFO[m] 
[[1;34mINFO[m] [1m--- [0;32mmaven-enforcer-plugin:3.0.0-M1:enforce[m [1m(enforce-maven)[m @ [36mactiviti-process-validation[0;1m ---[m
[[1;34mINFO[m] 
[[1;34mINFO[m] [1m--- [0;32mmaven-enforcer-plugin:3.0.0-M1:enforce[m [1m(enforce-plugin-versions)[m @ [36mactiviti-process-validation[0;1m ---[m
[[1;34mINFO[m] 
[[1;34mINFO[m] [1m--- [0;32mmaven-enforcer-plugin:3.0.0-M1:enforce[m [1m(enforce-direct-dependencies)[m @ [36mactiviti-process-validation[0;1m ---[m
[[1;34mINFO[m] Flag 'useClassesFromLastBuild' is set. Try to use existing output folder.
[[1;34mINFO[m] Flag 'suppressTypesFromJavaRuntime' is set. Classes available in current Java-runtime will be ignored.
[[1;34mINFO[m] Analyze dependencies of artifact 'org.activiti:activiti-process-validation:jar:7.0.0-SNAPSHOT'.
[[1;34mINFO[m] Nothing to analyze in 'org.activiti:activiti-process-validation:jar:7.0.0-SNAPSHOT'.
[[1;34mINFO[m] 
[[1;34mINFO[m] [1m--- [0;32mmaven-enforcer-plugin:3.0.0-M1:enforce[m [1m(ban-blacklisted-dependencies)[m @ [36mactiviti-process-validation[0;1m ---[m
[[1;34mINFO[m] 
[[1;34mINFO[m] [1m--- [0;32mjacoco-maven-plugin:0.7.9:prepare-agent[m [1m(pre-unit-test)[m @ [36mactiviti-process-validation[0;1m ---[m
[[1;34mINFO[m] argLine set to -javaagent:/root/.m2/repository/org/jacoco/org.jacoco.agent/0.7.9/org.jacoco.agent-0.7.9-runtime.jar=destfile=/NOD-Test-Repair/tdrepro/projects/activiti/activiti/activiti-process-validation/target/jacoco.exec -Duser.language=en
[[1;34mINFO[m] 
[[1;34mINFO[m] [1m--- [0;32mmaven-resources-plugin:3.0.1:resources[m [1m(default-resources)[m @ [36mactiviti-process-validation[0;1m ---[m
[[1;34mINFO[m] Using 'UTF-8' encoding to copy filtered resources.
[[1;34mINFO[m] skip non existing resourceDirectory /NOD-Test-Repair/tdrepro/projects/activiti/activiti/activiti-process-validation/src/main/resources
[[1;34mINFO[m] 
[[1;34mINFO[m] [1m--- [0;32mmaven-compiler-plugin:3.7.0:compile[m [1m(default-compile)[m @ [36mactiviti-process-validation[0;1m ---[m
[[1;34mINFO[m] Changes detected - recompiling the module!
[[1;34mINFO[m] Compiling 39 source files to /NOD-Test-Repair/tdrepro/projects/activiti/activiti/activiti-process-validation/target/classes
[[1;34mINFO[m] 
[[1;34mINFO[m] [1m--- [0;32mmaven-resources-plugin:3.0.1:testResources[m [1m(default-testResources)[m @ [36mactiviti-process-validation[0;1m ---[m
[[1;34mINFO[m] Using 'UTF-8' encoding to copy filtered resources.
[[1;34mINFO[m] skip non existing resourceDirectory /NOD-Test-Repair/tdrepro/projects/activiti/activiti/activiti-process-validation/src/test/resources
[[1;34mINFO[m] 
[[1;34mINFO[m] [1m--- [0;32mmaven-compiler-plugin:3.7.0:testCompile[m [1m(default-testCompile)[m @ [36mactiviti-process-validation[0;1m ---[m
[[1;34mINFO[m] Changes detected - recompiling the module!
[[1;34mINFO[m] Compiling 1 source file to /NOD-Test-Repair/tdrepro/projects/activiti/activiti/activiti-process-validation/target/test-classes
[[1;34mINFO[m] 
[[1;34mINFO[m] [1m--- [0;32mmaven-surefire-plugin:2.20.1:test[m [1m(default-test)[m @ [36mactiviti-process-validation[0;1m ---[m
[[1;34mINFO[m] Tests are skipped.
[[1;34mINFO[m] 
[[1;34mINFO[m] [1m--- [0;32mjacoco-maven-plugin:0.7.9:report[m [1m(post-unit-test)[m @ [36mactiviti-process-validation[0;1m ---[m
[[1;34mINFO[m] Skipping JaCoCo execution due to missing execution data file.
[[1;34mINFO[m] 
[[1;34mINFO[m] [1m--- [0;32mmaven-jar-plugin:3.0.2:jar[m [1m(default-jar)[m @ [36mactiviti-process-validation[0;1m ---[m
[[1;34mINFO[m] Building jar: /NOD-Test-Repair/tdrepro/projects/activiti/activiti/activiti-process-validation/target/activiti-process-validation-7.0.0-SNAPSHOT.jar
[[1;34mINFO[m] 
[[1;34mINFO[m] [1m--- [0;32mjacoco-maven-plugin:0.7.9:prepare-agent-integration[m [1m(pre-integration-test)[m @ [36mactiviti-process-validation[0;1m ---[m
[[1;34mINFO[m] argLine set to -javaagent:/root/.m2/repository/org/jacoco/org.jacoco.agent/0.7.9/org.jacoco.agent-0.7.9-runtime.jar=destfile=/NOD-Test-Repair/tdrepro/projects/activiti/activiti/activiti-process-validation/target/jacoco-it.exec -Duser.language=en
[[1;34mINFO[m] 
[[1;34mINFO[m] [1m--- [0;32mjacoco-maven-plugin:0.7.9:report-integration[m [1m(post-integration-test)[m @ [36mactiviti-process-validation[0;1m ---[m
[[1;34mINFO[m] Skipping JaCoCo execution due to missing execution data file.
[[1;34mINFO[m] 
[[1;34mINFO[m] [1m--- [0;32mmaven-install-plugin:2.5.2:install[m [1m(default-install)[m @ [36mactiviti-process-validation[0;1m ---[m
[[1;34mINFO[m] Installing /NOD-Test-Repair/tdrepro/projects/activiti/activiti/activiti-process-validation/target/activiti-process-validation-7.0.0-SNAPSHOT.jar to /root/.m2/repository/org/activiti/activiti-process-validation/7.0.0-SNAPSHOT/activiti-process-validation-7.0.0-SNAPSHOT.jar
[[1;34mINFO[m] Installing /NOD-Test-Repair/tdrepro/projects/activiti/activiti/activiti-process-validation/pom.xml to /root/.m2/repository/org/activiti/activiti-process-validation/7.0.0-SNAPSHOT/activiti-process-validation-7.0.0-SNAPSHOT.pom
[[1;34mINFO[m] 
[[1;34mINFO[m] [1m-----------------< [0;36morg.activiti:activiti-bpmn-layout[0;1m >------------------[m
[[1;34mINFO[m] [1mBuilding Activiti :: BPMN Layout 7.0.0-SNAPSHOT                    [4/6][m
[[1;34mINFO[m] [1m--------------------------------[ jar ]---------------------------------[m
[[1;34mINFO[m] 
[[1;34mINFO[m] [1m--- [0;32mmaven-enforcer-plugin:3.0.0-M1:enforce[m [1m(enforce-java)[m @ [36mactiviti-bpmn-layout[0;1m ---[m
[[1;34mINFO[m] 
[[1;34mINFO[m] [1m--- [0;32mmaven-enforcer-plugin:3.0.0-M1:enforce[m [1m(enforce-maven)[m @ [36mactiviti-bpmn-layout[0;1m ---[m
[[1;34mINFO[m] 
[[1;34mINFO[m] [1m--- [0;32mmaven-enforcer-plugin:3.0.0-M1:enforce[m [1m(enforce-plugin-versions)[m @ [36mactiviti-bpmn-layout[0;1m ---[m
[[1;34mINFO[m] 
[[1;34mINFO[m] [1m--- [0;32mmaven-enforcer-plugin:3.0.0-M1:enforce[m [1m(enforce-direct-dependencies)[m @ [36mactiviti-bpmn-layout[0;1m ---[m
[[1;34mINFO[m] Flag 'useClassesFromLastBuild' is set. Try to use existing output folder.
[[1;34mINFO[m] Flag 'suppressTypesFromJavaRuntime' is set. Classes available in current Java-runtime will be ignored.
[[1;34mINFO[m] Analyze dependencies of artifact 'org.activiti:activiti-bpmn-layout:jar:7.0.0-SNAPSHOT'.
[[1;34mINFO[m] Nothing to analyze in 'org.activiti:activiti-bpmn-layout:jar:7.0.0-SNAPSHOT'.
[[1;34mINFO[m] 
[[1;34mINFO[m] [1m--- [0;32mmaven-enforcer-plugin:3.0.0-M1:enforce[m [1m(ban-blacklisted-dependencies)[m @ [36mactiviti-bpmn-layout[0;1m ---[m
[[1;34mINFO[m] 
[[1;34mINFO[m] [1m--- [0;32mjacoco-maven-plugin:0.7.9:prepare-agent[m [1m(pre-unit-test)[m @ [36mactiviti-bpmn-layout[0;1m ---[m
[[1;34mINFO[m] argLine set to -javaagent:/root/.m2/repository/org/jacoco/org.jacoco.agent/0.7.9/org.jacoco.agent-0.7.9-runtime.jar=destfile=/NOD-Test-Repair/tdrepro/projects/activiti/activiti/activiti-bpmn-layout/target/jacoco.exec -Duser.language=en
[[1;34mINFO[m] 
[[1;34mINFO[m] [1m--- [0;32mmaven-resources-plugin:3.0.1:resources[m [1m(default-resources)[m @ [36mactiviti-bpmn-layout[0;1m ---[m
[[1;34mINFO[m] Using 'UTF-8' encoding to copy filtered resources.
[[1;34mINFO[m] skip non existing resourceDirectory /NOD-Test-Repair/tdrepro/projects/activiti/activiti/activiti-bpmn-layout/src/main/resources
[[1;34mINFO[m] 
[[1;34mINFO[m] [1m--- [0;32mmaven-compiler-plugin:3.7.0:compile[m [1m(default-compile)[m @ [36mactiviti-bpmn-layout[0;1m ---[m
[[1;34mINFO[m] Changes detected - recompiling the module!
[[1;34mINFO[m] Compiling 2 source files to /NOD-Test-Repair/tdrepro/projects/activiti/activiti/activiti-bpmn-layout/target/classes
[[1;34mINFO[m] 
[[1;34mINFO[m] [1m--- [0;32mmaven-resources-plugin:3.0.1:testResources[m [1m(default-testResources)[m @ [36mactiviti-bpmn-layout[0;1m ---[m
[[1;34mINFO[m] Using 'UTF-8' encoding to copy filtered resources.
[[1;34mINFO[m] skip non existing resourceDirectory /NOD-Test-Repair/tdrepro/projects/activiti/activiti/activiti-bpmn-layout/src/test/resources
[[1;34mINFO[m] 
[[1;34mINFO[m] [1m--- [0;32mmaven-compiler-plugin:3.7.0:testCompile[m [1m(default-testCompile)[m @ [36mactiviti-bpmn-layout[0;1m ---[m
[[1;34mINFO[m] No sources to compile
[[1;34mINFO[m] 
[[1;34mINFO[m] [1m--- [0;32mmaven-surefire-plugin:2.20.1:test[m [1m(default-test)[m @ [36mactiviti-bpmn-layout[0;1m ---[m
[[1;34mINFO[m] Tests are skipped.
[[1;34mINFO[m] 
[[1;34mINFO[m] [1m--- [0;32mjacoco-maven-plugin:0.7.9:report[m [1m(post-unit-test)[m @ [36mactiviti-bpmn-layout[0;1m ---[m
[[1;34mINFO[m] Skipping JaCoCo execution due to missing execution data file.
[[1;34mINFO[m] 
[[1;34mINFO[m] [1m--- [0;32mmaven-jar-plugin:3.0.2:jar[m [1m(default-jar)[m @ [36mactiviti-bpmn-layout[0;1m ---[m
[[1;34mINFO[m] Building jar: /NOD-Test-Repair/tdrepro/projects/activiti/activiti/activiti-bpmn-layout/target/activiti-bpmn-layout-7.0.0-SNAPSHOT.jar
[[1;34mINFO[m] 
[[1;34mINFO[m] [1m--- [0;32mjacoco-maven-plugin:0.7.9:prepare-agent-integration[m [1m(pre-integration-test)[m @ [36mactiviti-bpmn-layout[0;1m ---[m
[[1;34mINFO[m] argLine set to -javaagent:/root/.m2/repository/org/jacoco/org.jacoco.agent/0.7.9/org.jacoco.agent-0.7.9-runtime.jar=destfile=/NOD-Test-Repair/tdrepro/projects/activiti/activiti/activiti-bpmn-layout/target/jacoco-it.exec -Duser.language=en
[[1;34mINFO[m] 
[[1;34mINFO[m] [1m--- [0;32mjacoco-maven-plugin:0.7.9:report-integration[m [1m(post-integration-test)[m @ [36mactiviti-bpmn-layout[0;1m ---[m
[[1;34mINFO[m] Skipping JaCoCo execution due to missing execution data file.
[[1;34mINFO[m] 
[[1;34mINFO[m] [1m--- [0;32mmaven-install-plugin:2.5.2:install[m [1m(default-install)[m @ [36mactiviti-bpmn-layout[0;1m ---[m
[[1;34mINFO[m] Installing /NOD-Test-Repair/tdrepro/projects/activiti/activiti/activiti-bpmn-layout/target/activiti-bpmn-layout-7.0.0-SNAPSHOT.jar to /root/.m2/repository/org/activiti/activiti-bpmn-layout/7.0.0-SNAPSHOT/activiti-bpmn-layout-7.0.0-SNAPSHOT.jar
[[1;34mINFO[m] Installing /NOD-Test-Repair/tdrepro/projects/activiti/activiti/activiti-bpmn-layout/pom.xml to /root/.m2/repository/org/activiti/activiti-bpmn-layout/7.0.0-SNAPSHOT/activiti-bpmn-layout-7.0.0-SNAPSHOT.pom
[[1;34mINFO[m] 
[[1;34mINFO[m] [1m----------------< [0;36morg.activiti:activiti-bpmn-converter[0;1m >----------------[m
[[1;34mINFO[m] [1mBuilding Activiti :: BPMN Converter 7.0.0-SNAPSHOT                 [5/6][m
[[1;34mINFO[m] [1m--------------------------------[ jar ]---------------------------------[m
[[1;34mINFO[m] 
[[1;34mINFO[m] [1m--- [0;32mmaven-enforcer-plugin:3.0.0-M1:enforce[m [1m(enforce-java)[m @ [36mactiviti-bpmn-converter[0;1m ---[m
[[1;34mINFO[m] 
[[1;34mINFO[m] [1m--- [0;32mmaven-enforcer-plugin:3.0.0-M1:enforce[m [1m(enforce-maven)[m @ [36mactiviti-bpmn-converter[0;1m ---[m
[[1;34mINFO[m] 
[[1;34mINFO[m] [1m--- [0;32mmaven-enforcer-plugin:3.0.0-M1:enforce[m [1m(enforce-plugin-versions)[m @ [36mactiviti-bpmn-converter[0;1m ---[m
[[1;34mINFO[m] 
[[1;34mINFO[m] [1m--- [0;32mmaven-enforcer-plugin:3.0.0-M1:enforce[m [1m(enforce-direct-dependencies)[m @ [36mactiviti-bpmn-converter[0;1m ---[m
[[1;34mINFO[m] Flag 'useClassesFromLastBuild' is set. Try to use existing output folder.
[[1;34mINFO[m] Flag 'suppressTypesFromJavaRuntime' is set. Classes available in current Java-runtime will be ignored.
[[1;34mINFO[m] Analyze dependencies of artifact 'org.activiti:activiti-bpmn-converter:jar:7.0.0-SNAPSHOT'.
[[1;34mINFO[m] Nothing to analyze in 'org.activiti:activiti-bpmn-converter:jar:7.0.0-SNAPSHOT'.
[[1;34mINFO[m] 
[[1;34mINFO[m] [1m--- [0;32mmaven-enforcer-plugin:3.0.0-M1:enforce[m [1m(ban-blacklisted-dependencies)[m @ [36mactiviti-bpmn-converter[0;1m ---[m
[[1;34mINFO[m] 
[[1;34mINFO[m] [1m--- [0;32mjacoco-maven-plugin:0.7.9:prepare-agent[m [1m(pre-unit-test)[m @ [36mactiviti-bpmn-converter[0;1m ---[m
[[1;34mINFO[m] argLine set to -javaagent:/root/.m2/repository/org/jacoco/org.jacoco.agent/0.7.9/org.jacoco.agent-0.7.9-runtime.jar=destfile=/NOD-Test-Repair/tdrepro/projects/activiti/activiti/activiti-bpmn-converter/target/jacoco.exec -Duser.language=en
[[1;34mINFO[m] 
[[1;34mINFO[m] [1m--- [0;32mmaven-resources-plugin:3.0.1:resources[m [1m(default-resources)[m @ [36mactiviti-bpmn-converter[0;1m ---[m
[[1;34mINFO[m] Using 'UTF-8' encoding to copy filtered resources.
[[1;34mINFO[m] Copying 14 resources
[[1;34mINFO[m] 
[[1;34mINFO[m] [1m--- [0;32mmaven-compiler-plugin:3.7.0:compile[m [1m(default-compile)[m @ [36mactiviti-bpmn-converter[0;1m ---[m
[[1;34mINFO[m] Changes detected - recompiling the module!
[[1;34mINFO[m] Compiling 95 source files to /NOD-Test-Repair/tdrepro/projects/activiti/activiti/activiti-bpmn-converter/target/classes
[[1;34mINFO[m] /NOD-Test-Repair/tdrepro/projects/activiti/activiti/activiti-bpmn-converter/src/main/java/org/activiti/bpmn/converter/parser/ProcessParser.java: Some input files use unchecked or unsafe operations.
[[1;34mINFO[m] /NOD-Test-Repair/tdrepro/projects/activiti/activiti/activiti-bpmn-converter/src/main/java/org/activiti/bpmn/converter/parser/ProcessParser.java: Recompile with -Xlint:unchecked for details.
[[1;34mINFO[m] 
[[1;34mINFO[m] [1m--- [0;32mmaven-resources-plugin:3.0.1:testResources[m [1m(default-testResources)[m @ [36mactiviti-bpmn-converter[0;1m ---[m
[[1;34mINFO[m] Using 'UTF-8' encoding to copy filtered resources.
[[1;34mINFO[m] Copying 40 resources
[[1;34mINFO[m] 
[[1;34mINFO[m] [1m--- [0;32mmaven-compiler-plugin:3.7.0:testCompile[m [1m(default-testCompile)[m @ [36mactiviti-bpmn-converter[0;1m ---[m
[[1;34mINFO[m] Changes detected - recompiling the module!
[[1;34mINFO[m] Compiling 39 source files to /NOD-Test-Repair/tdrepro/projects/activiti/activiti/activiti-bpmn-converter/target/test-classes
[[1;34mINFO[m] 
[[1;34mINFO[m] [1m--- [0;32mmaven-surefire-plugin:2.20.1:test[m [1m(default-test)[m @ [36mactiviti-bpmn-converter[0;1m ---[m
[[1;34mINFO[m] Tests are skipped.
[[1;34mINFO[m] 
[[1;34mINFO[m] [1m--- [0;32mjacoco-maven-plugin:0.7.9:report[m [1m(post-unit-test)[m @ [36mactiviti-bpmn-converter[0;1m ---[m
[[1;34mINFO[m] Skipping JaCoCo execution due to missing execution data file.
[[1;34mINFO[m] 
[[1;34mINFO[m] [1m--- [0;32mmaven-jar-plugin:3.0.2:jar[m [1m(default-jar)[m @ [36mactiviti-bpmn-converter[0;1m ---[m
[[1;34mINFO[m] Building jar: /NOD-Test-Repair/tdrepro/projects/activiti/activiti/activiti-bpmn-converter/target/activiti-bpmn-converter-7.0.0-SNAPSHOT.jar
[[1;34mINFO[m] 
[[1;34mINFO[m] [1m--- [0;32mjacoco-maven-plugin:0.7.9:prepare-agent-integration[m [1m(pre-integration-test)[m @ [36mactiviti-bpmn-converter[0;1m ---[m
[[1;34mINFO[m] argLine set to -javaagent:/root/.m2/repository/org/jacoco/org.jacoco.agent/0.7.9/org.jacoco.agent-0.7.9-runtime.jar=destfile=/NOD-Test-Repair/tdrepro/projects/activiti/activiti/activiti-bpmn-converter/target/jacoco-it.exec -Duser.language=en
[[1;34mINFO[m] 
[[1;34mINFO[m] [1m--- [0;32mjacoco-maven-plugin:0.7.9:report-integration[m [1m(post-integration-test)[m @ [36mactiviti-bpmn-converter[0;1m ---[m
[[1;34mINFO[m] Skipping JaCoCo execution due to missing execution data file.
[[1;34mINFO[m] 
[[1;34mINFO[m] [1m--- [0;32mmaven-install-plugin:2.5.2:install[m [1m(default-install)[m @ [36mactiviti-bpmn-converter[0;1m ---[m
[[1;34mINFO[m] Installing /NOD-Test-Repair/tdrepro/projects/activiti/activiti/activiti-bpmn-converter/target/activiti-bpmn-converter-7.0.0-SNAPSHOT.jar to /root/.m2/repository/org/activiti/activiti-bpmn-converter/7.0.0-SNAPSHOT/activiti-bpmn-converter-7.0.0-SNAPSHOT.jar
[[1;34mINFO[m] Installing /NOD-Test-Repair/tdrepro/projects/activiti/activiti/activiti-bpmn-converter/pom.xml to /root/.m2/repository/org/activiti/activiti-bpmn-converter/7.0.0-SNAPSHOT/activiti-bpmn-converter-7.0.0-SNAPSHOT.pom
[[1;34mINFO[m] 
[[1;34mINFO[m] [1m--------------------< [0;36morg.activiti:activiti-engine[0;1m >--------------------[m
[[1;34mINFO[m] [1mBuilding Activiti :: Engine 7.0.0-SNAPSHOT                         [6/6][m
[[1;34mINFO[m] [1m--------------------------------[ jar ]---------------------------------[m
[[1;34mINFO[m] 
[[1;34mINFO[m] [1m--- [0;32mmaven-enforcer-plugin:3.0.0-M1:enforce[m [1m(enforce-java)[m @ [36mactiviti-engine[0;1m ---[m
[[1;34mINFO[m] 
[[1;34mINFO[m] [1m--- [0;32mmaven-enforcer-plugin:3.0.0-M1:enforce[m [1m(enforce-maven)[m @ [36mactiviti-engine[0;1m ---[m
[[1;34mINFO[m] 
[[1;34mINFO[m] [1m--- [0;32mmaven-enforcer-plugin:3.0.0-M1:enforce[m [1m(enforce-plugin-versions)[m @ [36mactiviti-engine[0;1m ---[m
[[1;34mINFO[m] 
[[1;34mINFO[m] [1m--- [0;32mmaven-enforcer-plugin:3.0.0-M1:enforce[m [1m(enforce-direct-dependencies)[m @ [36mactiviti-engine[0;1m ---[m
[[1;34mINFO[m] Flag 'useClassesFromLastBuild' is set. Try to use existing output folder.
[[1;34mINFO[m] Flag 'suppressTypesFromJavaRuntime' is set. Classes available in current Java-runtime will be ignored.
[[1;34mINFO[m] Analyze dependencies of artifact 'org.activiti:activiti-engine:jar:7.0.0-SNAPSHOT'.
[[1;34mINFO[m] Nothing to analyze in 'org.activiti:activiti-engine:jar:7.0.0-SNAPSHOT'.
[[1;34mINFO[m] 
[[1;34mINFO[m] [1m--- [0;32mmaven-enforcer-plugin:3.0.0-M1:enforce[m [1m(ban-blacklisted-dependencies)[m @ [36mactiviti-engine[0;1m ---[m
[[1;34mINFO[m] 
[[1;34mINFO[m] [1m--- [0;32mjacoco-maven-plugin:0.7.9:prepare-agent[m [1m(pre-unit-test)[m @ [36mactiviti-engine[0;1m ---[m
[[1;34mINFO[m] argLine set to -javaagent:/root/.m2/repository/org/jacoco/org.jacoco.agent/0.7.9/org.jacoco.agent-0.7.9-runtime.jar=destfile=/NOD-Test-Repair/tdrepro/projects/activiti/activiti/activiti-engine/target/jacoco.exec -Duser.language=en
[[1;34mINFO[m] 
[[1;34mINFO[m] [1m--- [0;32mmaven-resources-plugin:3.0.1:resources[m [1m(default-resources)[m @ [36mactiviti-engine[0;1m ---[m
[[1;34mINFO[m] Using 'UTF-8' encoding to copy filtered resources.
[[1;34mINFO[m] Copying 368 resources
[[1;34mINFO[m] 
[[1;34mINFO[m] [1m--- [0;32mmaven-compiler-plugin:3.7.0:compile[m [1m(default-compile)[m @ [36mactiviti-engine[0;1m ---[m
[[1;34mINFO[m] Changes detected - recompiling the module!
[[1;34mINFO[m] Compiling 1102 source files to /NOD-Test-Repair/tdrepro/projects/activiti/activiti/activiti-engine/target/classes
[[1;33mWARNING[m] /NOD-Test-Repair/tdrepro/projects/activiti/activiti/activiti-engine/src/main/java/org/activiti/engine/impl/AbstractNativeQuery.java:[122,45] toString(java.lang.Object) in org.apache.commons.lang3.ObjectUtils has been deprecated
[[1;34mINFO[m] /NOD-Test-Repair/tdrepro/projects/activiti/activiti/activiti-engine/src/main/java/org/activiti/engine/impl/util/json/JSONArray.java: Some input files use unchecked or unsafe operations.
[[1;34mINFO[m] /NOD-Test-Repair/tdrepro/projects/activiti/activiti/activiti-engine/src/main/java/org/activiti/engine/impl/util/json/JSONArray.java: Recompile with -Xlint:unchecked for details.
[[1;34mINFO[m] 
[[1;34mINFO[m] [1m--- [0;32mmaven-resources-plugin:3.0.1:testResources[m [1m(default-testResources)[m @ [36mactiviti-engine[0;1m ---[m
[[1;34mINFO[m] Using 'UTF-8' encoding to copy filtered resources.
[[1;34mINFO[m] Copying 1070 resources
[[1;34mINFO[m] 
[[1;34mINFO[m] [1m--- [0;32mmaven-compiler-plugin:3.7.0:testCompile[m [1m(default-testCompile)[m @ [36mactiviti-engine[0;1m ---[m
[[1;34mINFO[m] Changes detected - recompiling the module!
[[1;34mINFO[m] Compiling 427 source files to /NOD-Test-Repair/tdrepro/projects/activiti/activiti/activiti-engine/target/test-classes
[[1;33mWARNING[m] /NOD-Test-Repair/tdrepro/projects/activiti/activiti/activiti-engine/src/test/java/org/activiti/engine/test/json/JsonTest.java:[234,16] put(java.lang.String,com.fasterxml.jackson.databind.JsonNode) in com.fasterxml.jackson.databind.node.ObjectNode has been deprecated
[[1;33mWARNING[m] /NOD-Test-Repair/tdrepro/projects/activiti/activiti/activiti-engine/src/test/java/org/activiti/engine/test/logging/mdc/MemoryLogAppender.java:[17,30] WriterOutputStream(java.io.Writer) in org.apache.commons.io.output.WriterOutputStream has been deprecated
[[1;34mINFO[m] /NOD-Test-Repair/tdrepro/projects/activiti/activiti/activiti-engine/src/test/java/org/activiti/engine/test/api/variables/TransientVariablesTest.java: Some input files use unchecked or unsafe operations.
[[1;34mINFO[m] /NOD-Test-Repair/tdrepro/projects/activiti/activiti/activiti-engine/src/test/java/org/activiti/engine/test/api/variables/TransientVariablesTest.java: Recompile with -Xlint:unchecked for details.
[[1;34mINFO[m] 
[[1;34mINFO[m] [1m--- [0;32mmaven-surefire-plugin:2.20.1:test[m [1m(default-test)[m @ [36mactiviti-engine[0;1m ---[m
[[1;34mINFO[m] Tests are skipped.
[[1;34mINFO[m] 
[[1;34mINFO[m] [1m--- [0;32mjacoco-maven-plugin:0.7.9:report[m [1m(post-unit-test)[m @ [36mactiviti-engine[0;1m ---[m
[[1;34mINFO[m] Skipping JaCoCo execution due to missing execution data file.
[[1;34mINFO[m] 
[[1;34mINFO[m] [1m--- [0;32mmaven-jar-plugin:3.0.2:jar[m [1m(default-jar)[m @ [36mactiviti-engine[0;1m ---[m
[[1;34mINFO[m] Building jar: /NOD-Test-Repair/tdrepro/projects/activiti/activiti/activiti-engine/target/activiti-engine-7.0.0-SNAPSHOT.jar
[[1;34mINFO[m] 
[[1;34mINFO[m] [1m--- [0;32mjacoco-maven-plugin:0.7.9:prepare-agent-integration[m [1m(pre-integration-test)[m @ [36mactiviti-engine[0;1m ---[m
[[1;34mINFO[m] argLine set to -javaagent:/root/.m2/repository/org/jacoco/org.jacoco.agent/0.7.9/org.jacoco.agent-0.7.9-runtime.jar=destfile=/NOD-Test-Repair/tdrepro/projects/activiti/activiti/activiti-engine/target/jacoco-it.exec -Duser.language=en
[[1;34mINFO[m] 
[[1;34mINFO[m] [1m--- [0;32mjacoco-maven-plugin:0.7.9:report-integration[m [1m(post-integration-test)[m @ [36mactiviti-engine[0;1m ---[m
[[1;34mINFO[m] Skipping JaCoCo execution due to missing execution data file.
[[1;34mINFO[m] 
[[1;34mINFO[m] [1m--- [0;32mmaven-install-plugin:2.5.2:install[m [1m(default-install)[m @ [36mactiviti-engine[0;1m ---[m
[[1;34mINFO[m] Installing /NOD-Test-Repair/tdrepro/projects/activiti/activiti/activiti-engine/target/activiti-engine-7.0.0-SNAPSHOT.jar to /root/.m2/repository/org/activiti/activiti-engine/7.0.0-SNAPSHOT/activiti-engine-7.0.0-SNAPSHOT.jar
[[1;34mINFO[m] Installing /NOD-Test-Repair/tdrepro/projects/activiti/activiti/activiti-engine/pom.xml to /root/.m2/repository/org/activiti/activiti-engine/7.0.0-SNAPSHOT/activiti-engine-7.0.0-SNAPSHOT.pom
[[1;34mINFO[m] [1m------------------------------------------------------------------------[m
[[1;34mINFO[m] [1mReactor Summary for Activiti Core :: Parent 7.0.0-SNAPSHOT:[m
[[1;34mINFO[m] 
[[1;34mINFO[m] Activiti Core :: Parent ............................ [1;32mSUCCESS[m [  0.697 s]
[[1;34mINFO[m] Activiti :: BPMN Model ............................. [1;32mSUCCESS[m [  0.987 s]
[[1;34mINFO[m] Activiti :: Process Validation ..................... [1;32mSUCCESS[m [  0.238 s]
[[1;34mINFO[m] Activiti :: BPMN Layout ............................ [1;32mSUCCESS[m [  0.108 s]
[[1;34mINFO[m] Activiti :: BPMN Converter ......................... [1;32mSUCCESS[m [  0.488 s]
[[1;34mINFO[m] Activiti :: Engine ................................. [1;32mSUCCESS[m [  3.683 s]
[[1;34mINFO[m] [1m------------------------------------------------------------------------[m
[[1;34mINFO[m] [1;32mBUILD SUCCESS[m
[[1;34mINFO[m] [1m------------------------------------------------------------------------[m
[[1;34mINFO[m] Total time:  6.406 s
[[1;34mINFO[m] Finished at: 2026-04-30T23:33:57Z
[[1;34mINFO[m] [1m------------------------------------------------------------------------[m
activiti_activiti
/NOD-Test-Repair/tdrepro/projects/activiti/activiti/activiti-spring-identity
/NOD-Test-Repair/tdrepro/projects/activiti/activiti/activiti-spring-security-policies
/NOD-Test-Repair/tdrepro/projects/activiti/activiti/activiti-spring-security
/NOD-Test-Repair/tdrepro/projects/activiti/activiti/activiti-api-impl/activiti-api-runtime-shared-impl
/NOD-Test-Repair/tdrepro/projects/activiti/activiti/activiti-engine
/NOD-Test-Repair/tdrepro/projects/activiti/activiti/activiti-core-dependencies
/NOD-Test-Repair/tdrepro/projects/activiti/activiti/activiti-bpmn-layout
/NOD-Test-Repair/tdrepro/projects/activiti/activiti/activiti-bpmn-model
/NOD-Test-Repair/tdrepro/projects/activiti/activiti/activiti-api-impl/activiti-api-model-shared-impl
/NOD-Test-Repair/tdrepro/projects/activiti/activiti/activiti-bpmn-converter
/NOD-Test-Repair/tdrepro/projects/activiti/activiti/activiti-api-impl/activiti-api-process-runtime-impl
/NOD-Test-Repair/tdrepro/projects/activiti/activiti/activiti-spring-boot-starter
/NOD-Test-Repair/tdrepro/projects/activiti/activiti/activiti-api-impl/activiti-api-task-model-impl
/NOD-Test-Repair/tdrepro/projects/activiti/activiti/activiti-json-converter
/NOD-Test-Repair/tdrepro/projects/activiti/activiti/activiti-api-impl
/NOD-Test-Repair/tdrepro/projects/activiti/activiti/activiti-api-impl/activiti-api-process-model-impl
/NOD-Test-Repair/tdrepro/projects/activiti/activiti/activiti-image-generator
/NOD-Test-Repair/tdrepro/projects/activiti/activiti/activiti-spring
/NOD-Test-Repair/tdrepro/projects/activiti/activiti/activiti-process-validation
/NOD-Test-Repair/tdrepro/projects/activiti/activiti/activiti-api-impl/activiti-api-task-runtime-impl
/NOD-Test-Repair/tdrepro/projects/activiti/activiti
[[1;34mINFO[m] Scanning for projects...
[[1;33mWARNING[m] 
[[1;33mWARNING[m] Some problems were encountered while building the effective model for org.activiti:activiti-engine:jar:7.0.0-SNAPSHOT
[[1;33mWARNING[m] 'build.plugins.plugin.(groupId:artifactId)' must be unique but found duplicate declaration of plugin org.apache.maven.plugins:maven-surefire-plugin @ line 183, column 21
[[1;33mWARNING[m] 
[[1;33mWARNING[m] It is highly recommended to fix these problems because they threaten the stability of your build.
[[1;33mWARNING[m] 
[[1;33mWARNING[m] For this reason, future Maven versions might no longer support building such malformed projects.
[[1;33mWARNING[m] 
[[1;34mINFO[m] [1m------------------------------------------------------------------------[m
[[1;34mINFO[m] [1mReactor Build Order:[m
[[1;34mINFO[m] 
[[1;34mINFO[m] Activiti Core :: Parent                                            [pom]
[[1;34mINFO[m] Activiti :: BPMN Model                                             [jar]
[[1;34mINFO[m] Activiti :: Process Validation                                     [jar]
[[1;34mINFO[m] Activiti :: BPMN Layout                                            [jar]
[[1;34mINFO[m] Activiti :: BPMN Converter                                         [jar]
[[1;34mINFO[m] Activiti :: Engine                                                 [jar]
[[1;34mINFO[m] 
[[1;34mINFO[m] [1m---------------------< [0;36morg.activiti:activiti-root[0;1m >---------------------[m
[[1;34mINFO[m] [1mBuilding Activiti Core :: Parent 7.0.0-SNAPSHOT                    [1/6][m
[[1;34mINFO[m] [1m--------------------------------[ pom ]---------------------------------[m
Downloading from central: https://repo.maven.apache.org/maven2/org/jacoco/jacoco-maven-plugin/0.8.8/jacoco-maven-plugin-0.8.8.pom
Progress (1): 3.8 kB                    Downloaded from central: https://repo.maven.apache.org/maven2/org/jacoco/jacoco-maven-plugin/0.8.8/jacoco-maven-plugin-0.8.8.pom (3.8 kB at 13 kB/s)
Downloading from central: https://repo.maven.apache.org/maven2/org/jacoco/org.jacoco.build/0.8.8/org.jacoco.build-0.8.8.pom
Progress (1): 4.1 kBProgress (1): 8.2 kBProgress (1): 12 kB Progress (1): 16 kBProgress (1): 20 kBProgress (1): 25 kBProgress (1): 29 kBProgress (1): 33 kBProgress (1): 37 kBProgress (1): 41 kBProgress (1): 44 kB                   Downloaded from central: https://repo.maven.apache.org/maven2/org/jacoco/org.jacoco.build/0.8.8/org.jacoco.build-0.8.8.pom (44 kB at 544 kB/s)
Downloading from central: https://repo.maven.apache.org/maven2/org/jacoco/jacoco-maven-plugin/0.8.8/jacoco-maven-plugin-0.8.8.jar
Progress (1): 2.3/56 kBProgress (1): 5.0/56 kBProgress (1): 7.7/56 kBProgress (1): 10/56 kB Progress (1): 13/56 kBProgress (1): 16/56 kBProgress (1): 19/56 kBProgress (1): 21/56 kBProgress (1): 24/56 kBProgress (1): 27/56 kBProgress (1): 30/56 kBProgress (1): 32/56 kBProgress (1): 35/56 kBProgress (1): 38/56 kBProgress (1): 42/56 kBProgress (1): 46/56 kBProgress (1): 50/56 kBProgress (1): 54/56 kBProgress (1): 56 kB                      Downloaded from central: https://repo.maven.apache.org/maven2/org/jacoco/jacoco-maven-plugin/0.8.8/jacoco-maven-plugin-0.8.8.jar (56 kB at 717 kB/s)
[[1;34mINFO[m] 
[[1;34mINFO[m] [1m--- [0;32mmaven-clean-plugin:3.0.0:clean[m [1m(default-clean)[m @ [36mactiviti-root[0;1m ---[m
[[1;34mINFO[m] 
[[1;34mINFO[m] [1m--- [0;32mmaven-enforcer-plugin:3.0.0-M1:enforce[m [1m(enforce-java)[m @ [36mactiviti-root[0;1m ---[m
[[1;34mINFO[m] 
[[1;34mINFO[m] [1m--- [0;32mmaven-enforcer-plugin:3.0.0-M1:enforce[m [1m(enforce-maven)[m @ [36mactiviti-root[0;1m ---[m
[[1;34mINFO[m] 
[[1;34mINFO[m] [1m--- [0;32mmaven-enforcer-plugin:3.0.0-M1:enforce[m [1m(enforce-plugin-versions)[m @ [36mactiviti-root[0;1m ---[m
[[1;34mINFO[m] 
[[1;34mINFO[m] [1m--- [0;32mmaven-enforcer-plugin:3.0.0-M1:enforce[m [1m(enforce-direct-dependencies)[m @ [36mactiviti-root[0;1m ---[m
[[1;34mINFO[m] Flag 'useClassesFromLastBuild' is set. Try to use existing output folder.
[[1;34mINFO[m] Flag 'suppressTypesFromJavaRuntime' is set. Classes available in current Java-runtime will be ignored.
[[1;34mINFO[m] Analyze dependencies of artifact 'org.activiti:activiti-root:pom:7.0.0-SNAPSHOT'.
[[1;34mINFO[m] Nothing to analyze in 'org.activiti:activiti-root:pom:7.0.0-SNAPSHOT'.
[[1;34mINFO[m] 
[[1;34mINFO[m] [1m--- [0;32mmaven-enforcer-plugin:3.0.0-M1:enforce[m [1m(ban-blacklisted-dependencies)[m @ [36mactiviti-root[0;1m ---[m
[[1;34mINFO[m] 
[[1;34mINFO[m] [1m--- [0;32mjacoco-maven-plugin:0.8.8:prepare-agent[m [1m(pre-unit-test)[m @ [36mactiviti-root[0;1m ---[m
Downloading from central: https://repo.maven.apache.org/maven2/org/jacoco/org.jacoco.agent/0.8.8/org.jacoco.agent-0.8.8.pom
Progress (1): 3.5 kB                    Downloaded from central: https://repo.maven.apache.org/maven2/org/jacoco/org.jacoco.agent/0.8.8/org.jacoco.agent-0.8.8.pom (3.5 kB at 56 kB/s)
Downloading from central: https://repo.maven.apache.org/maven2/org/jacoco/org.jacoco.core/0.8.8/org.jacoco.core-0.8.8.pom
Progress (1): 2.1 kB                    Downloaded from central: https://repo.maven.apache.org/maven2/org/jacoco/org.jacoco.core/0.8.8/org.jacoco.core-0.8.8.pom (2.1 kB at 27 kB/s)
Downloading from central: https://repo.maven.apache.org/maven2/org/ow2/asm/asm-commons/9.2/asm-commons-9.2.pom
Downloaded from central: https://repo.maven.apache.org/maven2/org/ow2/asm/asm-commons/9.2/asm-commons-9.2.pom (0 B at 0 B/s)
Downloading from central: https://repo.maven.apache.org/maven2/org/ow2/asm/asm-tree/9.2/asm-tree-9.2.pom
Downloaded from central: https://repo.maven.apache.org/maven2/org/ow2/asm/asm-tree/9.2/asm-tree-9.2.pom (0 B at 0 B/s)
Downloading from central: https://repo.maven.apache.org/maven2/org/ow2/asm/asm-analysis/9.2/asm-analysis-9.2.pom
Downloaded from central: https://repo.maven.apache.org/maven2/org/ow2/asm/asm-analysis/9.2/asm-analysis-9.2.pom (0 B at 0 B/s)
Downloading from central: https://repo.maven.apache.org/maven2/org/jacoco/org.jacoco.report/0.8.8/org.jacoco.report-0.8.8.pom
Progress (1): 1.9 kB                    Downloaded from central: https://repo.maven.apache.org/maven2/org/jacoco/org.jacoco.report/0.8.8/org.jacoco.report-0.8.8.pom (1.9 kB at 19 kB/s)
Downloading from central: https://repo.maven.apache.org/maven2/org/apache/maven/maven-artifact/2.0.2/maven-artifact-2.0.2.jar
Downloading from central: https://repo.maven.apache.org/maven2/org/apache/maven/maven-repository-metadata/2.0.2/maven-repository-metadata-2.0.2.jar
Downloading from central: https://repo.maven.apache.org/maven2/org/jacoco/org.jacoco.agent/0.8.8/org.jacoco.agent-0.8.8-runtime.jar
Downloading from central: https://repo.maven.apache.org/maven2/org/jacoco/org.jacoco.core/0.8.8/org.jacoco.core-0.8.8.jar
Downloading from central: https://repo.maven.apache.org/maven2/org/ow2/asm/asm-commons/9.2/asm-commons-9.2.jar
Progress (1): 3.8/293 kBProgress (1): 7.8/293 kBProgress (1): 12/293 kB Progress (1): 16/293 kBProgress (1): 20/293 kBProgress (1): 24/293 kBProgress (1): 28/293 kBProgress (1): 32/293 kBProgress (1): 36/293 kBProgress (1): 40/293 kBProgress (1): 45/293 kBProgress (1): 49/293 kBProgress (1): 53/293 kBProgress (1): 57/293 kBProgress (1): 61/293 kBProgress (1): 65/293 kBProgress (1): 69/293 kBProgress (1): 73/293 kBProgress (1): 77/293 kBProgress (1): 81/293 kBProgress (1): 86/293 kBProgress (1): 90/293 kBProgress (1): 92/293 kBProgress (1): 96/293 kBProgress (1): 100/293 kBProgress (1): 104/293 kBProgress (1): 108/293 kBProgress (1): 112/293 kBProgress (1): 116/293 kBProgress (1): 120/293 kBProgress (1): 125/293 kBProgress (1): 129/293 kBProgress (1): 133/293 kBProgress (1): 137/293 kBProgress (1): 141/293 kBProgress (1): 145/293 kBProgress (1): 149/293 kBProgress (1): 153/293 kBProgress (1): 157/293 kBProgress (1): 161/293 kBProgress (1): 166/293 kBProgress (1): 170/293 kBProgress (1): 174/293 kBProgress (1): 178/293 kBProgress (1): 182/293 kBProgress (1): 186/293 kBProgress (1): 190/293 kBProgress (1): 194/293 kBProgress (1): 198/293 kBProgress (1): 202/293 kB                        Downloaded from central: https://repo.maven.apache.org/maven2/org/ow2/asm/asm-commons/9.2/asm-commons-9.2.jar (0 B at 0 B/s)
Progress (1): 206/293 kB                        Downloading from central: https://repo.maven.apache.org/maven2/org/ow2/asm/asm-analysis/9.2/asm-analysis-9.2.jar
Progress (1): 211/293 kBProgress (1): 215/293 kBProgress (1): 217/293 kBProgress (1): 221/293 kBProgress (1): 225/293 kBProgress (1): 229/293 kBProgress (1): 233/293 kBProgress (1): 237/293 kBProgress (1): 241/293 kBProgress (1): 245/293 kBProgress (1): 250/293 kBProgress (1): 254/293 kBProgress (1): 258/293 kBProgress (1): 262/293 kBProgress (1): 266/293 kBProgress (1): 270/293 kBProgress (1): 274/293 kBProgress (1): 278/293 kBProgress (1): 282/293 kBProgress (1): 286/293 kBProgress (1): 290/293 kBProgress (1): 293 kB    Progress (2): 293 kB | 2.3/78 kBProgress (2): 293 kB | 5.0/78 kBProgress (2): 293 kB | 7.7/78 kBProgress (2): 293 kB | 10/78 kB Progress (2): 293 kB | 13/78 kBProgress (2): 293 kB | 16/78 kBProgress (2): 293 kB | 19/78 kBProgress (2): 293 kB | 21/78 kBProgress (2): 293 kB | 24/78 kBProgress (2): 293 kB | 27/78 kBProgress (2): 293 kB | 30/78 kBProgress (2): 293 kB | 32/78 kBProgress (2): 293 kB | 35/78 kBProgress (2): 293 kB | 38/78 kBProgress (2): 293 kB | 41/78 kBProgress (2): 293 kB | 43/78 kBProgress (2): 293 kB | 46/78 kBProgress (2): 293 kB | 49/78 kBProgress (2): 293 kB | 52/78 kBProgress (2): 293 kB | 54/78 kBProgress (2): 293 kB | 58/78 kBProgress (2): 293 kB | 62/78 kBProgress (2): 293 kB | 67/78 kBProgress (2): 293 kB | 71/78 kBProgress (2): 293 kB | 75/78 kBProgress (2): 293 kB | 78 kB   Progress (3): 293 kB | 78 kB | 2.3/20 kBProgress (3): 293 kB | 78 kB | 5.0/20 kBProgress (3): 293 kB | 78 kB | 7.7/20 kBProgress (3): 293 kB | 78 kB | 10/20 kB Progress (3): 293 kB | 78 kB | 13/20 kBProgress (3): 293 kB | 78 kB | 16/20 kBProgress (3): 293 kB | 78 kB | 19/20 kBProgress (3): 293 kB | 78 kB | 20 kB                                       Downloaded from central: https://repo.maven.apache.org/maven2/org/ow2/asm/asm-analysis/9.2/asm-analysis-9.2.jar (0 B at 0 B/s)
Downloading from central: https://repo.maven.apache.org/maven2/org/ow2/asm/asm-tree/9.2/asm-tree-9.2.jar
Downloaded from central: https://repo.maven.apache.org/maven2/org/jacoco/org.jacoco.agent/0.8.8/org.jacoco.agent-0.8.8-runtime.jar (293 kB at 3.3 MB/s)
Downloading from central: https://repo.maven.apache.org/maven2/org/jacoco/org.jacoco.report/0.8.8/org.jacoco.report-0.8.8.jar
Progress (3): 78 kB | 20 kB | 2.7/203 kBProgress (3): 78 kB | 20 kB | 5.5/203 kBProgress (3): 78 kB | 20 kB | 8.2/203 kBProgress (3): 78 kB | 20 kB | 11/203 kB Progress (3): 78 kB | 20 kB | 14/203 kB                                       Downloaded from central: https://repo.maven.apache.org/maven2/org/apache/maven/maven-artifact/2.0.2/maven-artifact-2.0.2.jar (78 kB at 688 kB/s)
Progress (2): 20 kB | 16/203 kBProgress (2): 20 kB | 19/203 kBProgress (2): 20 kB | 22/203 kBProgress (2): 20 kB | 25/203 kBProgress (2): 20 kB | 27/203 kBProgress (2): 20 kB | 30/203 kBProgress (2): 20 kB | 33/203 kB                               Downloaded from central: https://repo.maven.apache.org/maven2/org/apache/maven/maven-repository-metadata/2.0.2/maven-repository-metadata-2.0.2.jar (20 kB at 170 kB/s)
Progress (1): 36/203 kBProgress (1): 38/203 kBProgress (1): 41/203 kBProgress (1): 44/203 kBProgress (1): 47/203 kBProgress (1): 49/203 kBProgress (1): 52/203 kBProgress (1): 55/203 kBProgress (1): 59/203 kB                       Downloaded from central: https://repo.maven.apache.org/maven2/org/ow2/asm/asm-tree/9.2/asm-tree-9.2.jar (0 B at 0 B/s)
Progress (1): 63/203 kBProgress (1): 67/203 kBProgress (1): 71/203 kBProgress (1): 75/203 kBProgress (1): 79/203 kBProgress (1): 83/203 kBProgress (1): 88/203 kBProgress (1): 92/203 kBProgress (1): 96/203 kBProgress (1): 100/203 kBProgress (1): 104/203 kBProgress (1): 108/203 kBProgress (1): 112/203 kBProgress (1): 116/203 kBProgress (1): 120/203 kBProgress (1): 122/203 kBProgress (1): 127/203 kBProgress (1): 131/203 kBProgress (1): 135/203 kBProgress (1): 139/203 kBProgress (2): 139/203 kB | 4.1/129 kBProgress (2): 143/203 kB | 4.1/129 kBProgress (2): 143/203 kB | 7.7/129 kBProgress (2): 143/203 kB | 12/129 kB Progress (2): 147/203 kB | 12/129 kBProgress (2): 147/203 kB | 16/129 kBProgress (2): 151/203 kB | 16/129 kBProgress (2): 155/203 kB | 16/129 kBProgress (2): 155/203 kB | 20/129 kBProgress (2): 155/203 kB | 24/129 kBProgress (2): 159/203 kB | 24/129 kBProgress (2): 159/203 kB | 28/129 kBProgress (2): 159/203 kB | 32/129 kBProgress (2): 163/203 kB | 32/129 kBProgress (2): 167/203 kB | 32/129 kBProgress (2): 167/203 kB | 36/129 kBProgress (2): 167/203 kB | 40/129 kBProgress (2): 172/203 kB | 40/129 kBProgress (2): 172/203 kB | 45/129 kBProgress (2): 172/203 kB | 49/129 kBProgress (2): 176/203 kB | 49/129 kBProgress (2): 180/203 kB | 49/129 kBProgress (2): 180/203 kB | 53/129 kBProgress (2): 182/203 kB | 53/129 kBProgress (2): 182/203 kB | 57/129 kBProgress (2): 182/203 kB | 61/129 kBProgress (2): 186/203 kB | 61/129 kBProgress (2): 186/203 kB | 65/129 kBProgress (2): 190/203 kB | 65/129 kBProgress (2): 194/203 kB | 65/129 kBProgress (2): 194/203 kB | 69/129 kBProgress (2): 194/203 kB | 73/129 kBProgress (2): 198/203 kB | 73/129 kBProgress (2): 198/203 kB | 77/129 kBProgress (2): 198/203 kB | 81/129 kBProgress (2): 202/203 kB | 81/129 kBProgress (2): 203 kB | 81/129 kB    Progress (2): 203 kB | 86/129 kBProgress (2): 203 kB | 90/129 kBProgress (2): 203 kB | 94/129 kBProgress (2): 203 kB | 98/129 kBProgress (2): 203 kB | 102/129 kBProgress (2): 203 kB | 106/129 kBProgress (2): 203 kB | 110/129 kBProgress (2): 203 kB | 114/129 kBProgress (2): 203 kB | 118/129 kBProgress (2): 203 kB | 122/129 kBProgress (2): 203 kB | 126/129 kBProgress (2): 203 kB | 129 kB                                 Downloaded from central: https://repo.maven.apache.org/maven2/org/jacoco/org.jacoco.report/0.8.8/org.jacoco.report-0.8.8.jar (129 kB at 758 kB/s)
Downloaded from central: https://repo.maven.apache.org/maven2/org/jacoco/org.jacoco.core/0.8.8/org.jacoco.core-0.8.8.jar (203 kB at 993 kB/s)
[[1;34mINFO[m] argLine set to -javaagent:/root/.m2/repository/org/jacoco/org.jacoco.agent/0.8.8/org.jacoco.agent-0.8.8-runtime.jar=destfile=/NOD-Test-Repair/tdrepro/projects/activiti/activiti/target/jacoco.exec -Duser.language=en
[[1;34mINFO[m] 
[[1;34mINFO[m] [1m--- [0;32mjacoco-maven-plugin:0.8.8:prepare-agent[m [1m(default-prepare-agent)[m @ [36mactiviti-root[0;1m ---[m
[[1;34mINFO[m] argLine set to -javaagent:/root/.m2/repository/org/jacoco/org.jacoco.agent/0.8.8/org.jacoco.agent-0.8.8-runtime.jar=destfile=/NOD-Test-Repair/tdrepro/projects/activiti/activiti/target/jacoco.exec -Duser.language=en
[[1;34mINFO[m] 
[[1;34mINFO[m] [1m--- [0;32mjacoco-maven-plugin:0.8.8:report[m [1m(post-unit-test)[m @ [36mactiviti-root[0;1m ---[m
[[1;34mINFO[m] Skipping JaCoCo execution due to missing execution data file.
[[1;34mINFO[m] 
[[1;34mINFO[m] [1m--- [0;32mjacoco-maven-plugin:0.8.8:report[m [1m(jacoco-report)[m @ [36mactiviti-root[0;1m ---[m
[[1;34mINFO[m] Skipping JaCoCo execution due to missing execution data file.
[[1;34mINFO[m] 
[[1;34mINFO[m] [1m--- [0;32mjacoco-maven-plugin:0.8.8:prepare-agent-integration[m [1m(pre-integration-test)[m @ [36mactiviti-root[0;1m ---[m
[[1;34mINFO[m] argLine set to -javaagent:/root/.m2/repository/org/jacoco/org.jacoco.agent/0.8.8/org.jacoco.agent-0.8.8-runtime.jar=destfile=/NOD-Test-Repair/tdrepro/projects/activiti/activiti/target/jacoco-it.exec -Duser.language=en
[[1;34mINFO[m] 
[[1;34mINFO[m] [1m--- [0;32mjacoco-maven-plugin:0.8.8:report-integration[m [1m(post-integration-test)[m @ [36mactiviti-root[0;1m ---[m
[[1;34mINFO[m] Skipping JaCoCo execution due to missing execution data file.
[[1;34mINFO[m] 
[[1;34mINFO[m] [1m--- [0;32mmaven-install-plugin:2.5.2:install[m [1m(default-install)[m @ [36mactiviti-root[0;1m ---[m
[[1;34mINFO[m] Installing /NOD-Test-Repair/tdrepro/projects/activiti/activiti/pom.xml to /root/.m2/repository/org/activiti/activiti-root/7.0.0-SNAPSHOT/activiti-root-7.0.0-SNAPSHOT.pom
[[1;34mINFO[m] 
[[1;34mINFO[m] [1m------------------< [0;36morg.activiti:activiti-bpmn-model[0;1m >------------------[m
[[1;34mINFO[m] [1mBuilding Activiti :: BPMN Model 7.0.0-SNAPSHOT                     [2/6][m
[[1;34mINFO[m] [1m--------------------------------[ jar ]---------------------------------[m
[[1;34mINFO[m] 
[[1;34mINFO[m] [1m--- [0;32mmaven-clean-plugin:3.0.0:clean[m [1m(default-clean)[m @ [36mactiviti-bpmn-model[0;1m ---[m
[[1;34mINFO[m] Deleting /NOD-Test-Repair/tdrepro/projects/activiti/activiti/activiti-bpmn-model/target
[[1;34mINFO[m] 
[[1;34mINFO[m] [1m--- [0;32mmaven-enforcer-plugin:3.0.0-M1:enforce[m [1m(enforce-java)[m @ [36mactiviti-bpmn-model[0;1m ---[m
[[1;34mINFO[m] 
[[1;34mINFO[m] [1m--- [0;32mmaven-enforcer-plugin:3.0.0-M1:enforce[m [1m(enforce-maven)[m @ [36mactiviti-bpmn-model[0;1m ---[m
[[1;34mINFO[m] 
[[1;34mINFO[m] [1m--- [0;32mmaven-enforcer-plugin:3.0.0-M1:enforce[m [1m(enforce-plugin-versions)[m @ [36mactiviti-bpmn-model[0;1m ---[m
[[1;34mINFO[m] 
[[1;34mINFO[m] [1m--- [0;32mmaven-enforcer-plugin:3.0.0-M1:enforce[m [1m(enforce-direct-dependencies)[m @ [36mactiviti-bpmn-model[0;1m ---[m
[[1;34mINFO[m] Flag 'useClassesFromLastBuild' is set. Try to use existing output folder.
[[1;34mINFO[m] Flag 'suppressTypesFromJavaRuntime' is set. Classes available in current Java-runtime will be ignored.
[[1;34mINFO[m] Analyze dependencies of artifact 'org.activiti:activiti-bpmn-model:jar:7.0.0-SNAPSHOT'.
[[1;34mINFO[m] Nothing to analyze in 'org.activiti:activiti-bpmn-model:jar:7.0.0-SNAPSHOT'.
[[1;34mINFO[m] 
[[1;34mINFO[m] [1m--- [0;32mmaven-enforcer-plugin:3.0.0-M1:enforce[m [1m(ban-blacklisted-dependencies)[m @ [36mactiviti-bpmn-model[0;1m ---[m
[[1;34mINFO[m] 
[[1;34mINFO[m] [1m--- [0;32mjacoco-maven-plugin:0.8.8:prepare-agent[m [1m(pre-unit-test)[m @ [36mactiviti-bpmn-model[0;1m ---[m
[[1;34mINFO[m] argLine set to -javaagent:/root/.m2/repository/org/jacoco/org.jacoco.agent/0.8.8/org.jacoco.agent-0.8.8-runtime.jar=destfile=/NOD-Test-Repair/tdrepro/projects/activiti/activiti/activiti-bpmn-model/target/jacoco.exec -Duser.language=en
[[1;34mINFO[m] 
[[1;34mINFO[m] [1m--- [0;32mjacoco-maven-plugin:0.8.8:prepare-agent[m [1m(default-prepare-agent)[m @ [36mactiviti-bpmn-model[0;1m ---[m
[[1;34mINFO[m] argLine set to -javaagent:/root/.m2/repository/org/jacoco/org.jacoco.agent/0.8.8/org.jacoco.agent-0.8.8-runtime.jar=destfile=/NOD-Test-Repair/tdrepro/projects/activiti/activiti/activiti-bpmn-model/target/jacoco.exec -Duser.language=en
[[1;34mINFO[m] 
[[1;34mINFO[m] [1m--- [0;32mmaven-resources-plugin:3.0.1:resources[m [1m(default-resources)[m @ [36mactiviti-bpmn-model[0;1m ---[m
[[1;34mINFO[m] Using 'UTF-8' encoding to copy filtered resources.
[[1;34mINFO[m] skip non existing resourceDirectory /NOD-Test-Repair/tdrepro/projects/activiti/activiti/activiti-bpmn-model/src/main/resources
[[1;34mINFO[m] 
[[1;34mINFO[m] [1m--- [0;32mmaven-compiler-plugin:3.7.0:compile[m [1m(default-compile)[m @ [36mactiviti-bpmn-model[0;1m ---[m
[[1;34mINFO[m] Changes detected - recompiling the module!
[[1;34mINFO[m] Compiling 96 source files to /NOD-Test-Repair/tdrepro/projects/activiti/activiti/activiti-bpmn-model/target/classes
[[1;34mINFO[m] 
[[1;34mINFO[m] [1m--- [0;32mmaven-resources-plugin:3.0.1:testResources[m [1m(default-testResources)[m @ [36mactiviti-bpmn-model[0;1m ---[m
[[1;34mINFO[m] Using 'UTF-8' encoding to copy filtered resources.
[[1;34mINFO[m] skip non existing resourceDirectory /NOD-Test-Repair/tdrepro/projects/activiti/activiti/activiti-bpmn-model/src/test/resources
[[1;34mINFO[m] 
[[1;34mINFO[m] [1m--- [0;32mmaven-compiler-plugin:3.7.0:testCompile[m [1m(default-testCompile)[m @ [36mactiviti-bpmn-model[0;1m ---[m
[[1;34mINFO[m] No sources to compile
[[1;34mINFO[m] 
[[1;34mINFO[m] [1m--- [0;32mmaven-surefire-plugin:2.19.1:test[m [1m(default-test)[m @ [36mactiviti-bpmn-model[0;1m ---[m
[[1;34mINFO[m] Tests are skipped.
[[1;34mINFO[m] 
[[1;34mINFO[m] [1m--- [0;32mjacoco-maven-plugin:0.8.8:report[m [1m(post-unit-test)[m @ [36mactiviti-bpmn-model[0;1m ---[m
[[1;34mINFO[m] Skipping JaCoCo execution due to missing execution data file.
[[1;34mINFO[m] 
[[1;34mINFO[m] [1m--- [0;32mjacoco-maven-plugin:0.8.8:report[m [1m(jacoco-report)[m @ [36mactiviti-bpmn-model[0;1m ---[m
[[1;34mINFO[m] Skipping JaCoCo execution due to missing execution data file.
[[1;34mINFO[m] 
[[1;34mINFO[m] [1m--- [0;32mmaven-jar-plugin:3.0.2:jar[m [1m(default-jar)[m @ [36mactiviti-bpmn-model[0;1m ---[m
[[1;34mINFO[m] Building jar: /NOD-Test-Repair/tdrepro/projects/activiti/activiti/activiti-bpmn-model/target/activiti-bpmn-model-7.0.0-SNAPSHOT.jar
[[1;34mINFO[m] 
[[1;34mINFO[m] [1m--- [0;32mjacoco-maven-plugin:0.8.8:prepare-agent-integration[m [1m(pre-integration-test)[m @ [36mactiviti-bpmn-model[0;1m ---[m
[[1;34mINFO[m] argLine set to -javaagent:/root/.m2/repository/org/jacoco/org.jacoco.agent/0.8.8/org.jacoco.agent-0.8.8-runtime.jar=destfile=/NOD-Test-Repair/tdrepro/projects/activiti/activiti/activiti-bpmn-model/target/jacoco-it.exec -Duser.language=en
[[1;34mINFO[m] 
[[1;34mINFO[m] [1m--- [0;32mjacoco-maven-plugin:0.8.8:report-integration[m [1m(post-integration-test)[m @ [36mactiviti-bpmn-model[0;1m ---[m
[[1;34mINFO[m] Skipping JaCoCo execution due to missing execution data file.
[[1;34mINFO[m] 
[[1;34mINFO[m] [1m--- [0;32mmaven-install-plugin:2.5.2:install[m [1m(default-install)[m @ [36mactiviti-bpmn-model[0;1m ---[m
[[1;34mINFO[m] Installing /NOD-Test-Repair/tdrepro/projects/activiti/activiti/activiti-bpmn-model/target/activiti-bpmn-model-7.0.0-SNAPSHOT.jar to /root/.m2/repository/org/activiti/activiti-bpmn-model/7.0.0-SNAPSHOT/activiti-bpmn-model-7.0.0-SNAPSHOT.jar
[[1;34mINFO[m] Installing /NOD-Test-Repair/tdrepro/projects/activiti/activiti/activiti-bpmn-model/pom.xml to /root/.m2/repository/org/activiti/activiti-bpmn-model/7.0.0-SNAPSHOT/activiti-bpmn-model-7.0.0-SNAPSHOT.pom
[[1;34mINFO[m] 
[[1;34mINFO[m] [1m--------------< [0;36morg.activiti:activiti-process-validation[0;1m >--------------[m
[[1;34mINFO[m] [1mBuilding Activiti :: Process Validation 7.0.0-SNAPSHOT             [3/6][m
[[1;34mINFO[m] [1m--------------------------------[ jar ]---------------------------------[m
[[1;34mINFO[m] 
[[1;34mINFO[m] [1m--- [0;32mmaven-clean-plugin:3.0.0:clean[m [1m(default-clean)[m @ [36mactiviti-process-validation[0;1m ---[m
[[1;34mINFO[m] Deleting /NOD-Test-Repair/tdrepro/projects/activiti/activiti/activiti-process-validation/target
[[1;34mINFO[m] 
[[1;34mINFO[m] [1m--- [0;32mmaven-enforcer-plugin:3.0.0-M1:enforce[m [1m(enforce-java)[m @ [36mactiviti-process-validation[0;1m ---[m
[[1;34mINFO[m] 
[[1;34mINFO[m] [1m--- [0;32mmaven-enforcer-plugin:3.0.0-M1:enforce[m [1m(enforce-maven)[m @ [36mactiviti-process-validation[0;1m ---[m
[[1;34mINFO[m] 
[[1;34mINFO[m] [1m--- [0;32mmaven-enforcer-plugin:3.0.0-M1:enforce[m [1m(enforce-plugin-versions)[m @ [36mactiviti-process-validation[0;1m ---[m
[[1;34mINFO[m] 
[[1;34mINFO[m] [1m--- [0;32mmaven-enforcer-plugin:3.0.0-M1:enforce[m [1m(enforce-direct-dependencies)[m @ [36mactiviti-process-validation[0;1m ---[m
[[1;34mINFO[m] Flag 'useClassesFromLastBuild' is set. Try to use existing output folder.
[[1;34mINFO[m] Flag 'suppressTypesFromJavaRuntime' is set. Classes available in current Java-runtime will be ignored.
[[1;34mINFO[m] Analyze dependencies of artifact 'org.activiti:activiti-process-validation:jar:7.0.0-SNAPSHOT'.
[[1;34mINFO[m] Nothing to analyze in 'org.activiti:activiti-process-validation:jar:7.0.0-SNAPSHOT'.
[[1;34mINFO[m] 
[[1;34mINFO[m] [1m--- [0;32mmaven-enforcer-plugin:3.0.0-M1:enforce[m [1m(ban-blacklisted-dependencies)[m @ [36mactiviti-process-validation[0;1m ---[m
[[1;34mINFO[m] 
[[1;34mINFO[m] [1m--- [0;32mjacoco-maven-plugin:0.8.8:prepare-agent[m [1m(pre-unit-test)[m @ [36mactiviti-process-validation[0;1m ---[m
[[1;34mINFO[m] argLine set to -javaagent:/root/.m2/repository/org/jacoco/org.jacoco.agent/0.8.8/org.jacoco.agent-0.8.8-runtime.jar=destfile=/NOD-Test-Repair/tdrepro/projects/activiti/activiti/activiti-process-validation/target/jacoco.exec -Duser.language=en
[[1;34mINFO[m] 
[[1;34mINFO[m] [1m--- [0;32mjacoco-maven-plugin:0.8.8:prepare-agent[m [1m(default-prepare-agent)[m @ [36mactiviti-process-validation[0;1m ---[m
[[1;34mINFO[m] argLine set to -javaagent:/root/.m2/repository/org/jacoco/org.jacoco.agent/0.8.8/org.jacoco.agent-0.8.8-runtime.jar=destfile=/NOD-Test-Repair/tdrepro/projects/activiti/activiti/activiti-process-validation/target/jacoco.exec -Duser.language=en
[[1;34mINFO[m] 
[[1;34mINFO[m] [1m--- [0;32mmaven-resources-plugin:3.0.1:resources[m [1m(default-resources)[m @ [36mactiviti-process-validation[0;1m ---[m
[[1;34mINFO[m] Using 'UTF-8' encoding to copy filtered resources.
[[1;34mINFO[m] skip non existing resourceDirectory /NOD-Test-Repair/tdrepro/projects/activiti/activiti/activiti-process-validation/src/main/resources
[[1;34mINFO[m] 
[[1;34mINFO[m] [1m--- [0;32mmaven-compiler-plugin:3.7.0:compile[m [1m(default-compile)[m @ [36mactiviti-process-validation[0;1m ---[m
[[1;34mINFO[m] Changes detected - recompiling the module!
[[1;34mINFO[m] Compiling 39 source files to /NOD-Test-Repair/tdrepro/projects/activiti/activiti/activiti-process-validation/target/classes
[[1;34mINFO[m] 
[[1;34mINFO[m] [1m--- [0;32mmaven-resources-plugin:3.0.1:testResources[m [1m(default-testResources)[m @ [36mactiviti-process-validation[0;1m ---[m
[[1;34mINFO[m] Using 'UTF-8' encoding to copy filtered resources.
[[1;34mINFO[m] skip non existing resourceDirectory /NOD-Test-Repair/tdrepro/projects/activiti/activiti/activiti-process-validation/src/test/resources
[[1;34mINFO[m] 
[[1;34mINFO[m] [1m--- [0;32mmaven-compiler-plugin:3.7.0:testCompile[m [1m(default-testCompile)[m @ [36mactiviti-process-validation[0;1m ---[m
[[1;34mINFO[m] Changes detected - recompiling the module!
[[1;34mINFO[m] Compiling 1 source file to /NOD-Test-Repair/tdrepro/projects/activiti/activiti/activiti-process-validation/target/test-classes
[[1;34mINFO[m] 
[[1;34mINFO[m] [1m--- [0;32mmaven-surefire-plugin:2.19.1:test[m [1m(default-test)[m @ [36mactiviti-process-validation[0;1m ---[m
[[1;34mINFO[m] Tests are skipped.
[[1;34mINFO[m] 
[[1;34mINFO[m] [1m--- [0;32mjacoco-maven-plugin:0.8.8:report[m [1m(post-unit-test)[m @ [36mactiviti-process-validation[0;1m ---[m
[[1;34mINFO[m] Skipping JaCoCo execution due to missing execution data file.
[[1;34mINFO[m] 
[[1;34mINFO[m] [1m--- [0;32mjacoco-maven-plugin:0.8.8:report[m [1m(jacoco-report)[m @ [36mactiviti-process-validation[0;1m ---[m
[[1;34mINFO[m] Skipping JaCoCo execution due to missing execution data file.
[[1;34mINFO[m] 
[[1;34mINFO[m] [1m--- [0;32mmaven-jar-plugin:3.0.2:jar[m [1m(default-jar)[m @ [36mactiviti-process-validation[0;1m ---[m
[[1;34mINFO[m] Building jar: /NOD-Test-Repair/tdrepro/projects/activiti/activiti/activiti-process-validation/target/activiti-process-validation-7.0.0-SNAPSHOT.jar
[[1;34mINFO[m] 
[[1;34mINFO[m] [1m--- [0;32mjacoco-maven-plugin:0.8.8:prepare-agent-integration[m [1m(pre-integration-test)[m @ [36mactiviti-process-validation[0;1m ---[m
[[1;34mINFO[m] argLine set to -javaagent:/root/.m2/repository/org/jacoco/org.jacoco.agent/0.8.8/org.jacoco.agent-0.8.8-runtime.jar=destfile=/NOD-Test-Repair/tdrepro/projects/activiti/activiti/activiti-process-validation/target/jacoco-it.exec -Duser.language=en
[[1;34mINFO[m] 
[[1;34mINFO[m] [1m--- [0;32mjacoco-maven-plugin:0.8.8:report-integration[m [1m(post-integration-test)[m @ [36mactiviti-process-validation[0;1m ---[m
[[1;34mINFO[m] Skipping JaCoCo execution due to missing execution data file.
[[1;34mINFO[m] 
[[1;34mINFO[m] [1m--- [0;32mmaven-install-plugin:2.5.2:install[m [1m(default-install)[m @ [36mactiviti-process-validation[0;1m ---[m
[[1;34mINFO[m] Installing /NOD-Test-Repair/tdrepro/projects/activiti/activiti/activiti-process-validation/target/activiti-process-validation-7.0.0-SNAPSHOT.jar to /root/.m2/repository/org/activiti/activiti-process-validation/7.0.0-SNAPSHOT/activiti-process-validation-7.0.0-SNAPSHOT.jar
[[1;34mINFO[m] Installing /NOD-Test-Repair/tdrepro/projects/activiti/activiti/activiti-process-validation/pom.xml to /root/.m2/repository/org/activiti/activiti-process-validation/7.0.0-SNAPSHOT/activiti-process-validation-7.0.0-SNAPSHOT.pom
[[1;34mINFO[m] 
[[1;34mINFO[m] [1m-----------------< [0;36morg.activiti:activiti-bpmn-layout[0;1m >------------------[m
[[1;34mINFO[m] [1mBuilding Activiti :: BPMN Layout 7.0.0-SNAPSHOT                    [4/6][m
[[1;34mINFO[m] [1m--------------------------------[ jar ]---------------------------------[m
[[1;34mINFO[m] 
[[1;34mINFO[m] [1m--- [0;32mmaven-clean-plugin:3.0.0:clean[m [1m(default-clean)[m @ [36mactiviti-bpmn-layout[0;1m ---[m
[[1;34mINFO[m] Deleting /NOD-Test-Repair/tdrepro/projects/activiti/activiti/activiti-bpmn-layout/target
[[1;34mINFO[m] 
[[1;34mINFO[m] [1m--- [0;32mmaven-enforcer-plugin:3.0.0-M1:enforce[m [1m(enforce-java)[m @ [36mactiviti-bpmn-layout[0;1m ---[m
[[1;34mINFO[m] 
[[1;34mINFO[m] [1m--- [0;32mmaven-enforcer-plugin:3.0.0-M1:enforce[m [1m(enforce-maven)[m @ [36mactiviti-bpmn-layout[0;1m ---[m
[[1;34mINFO[m] 
[[1;34mINFO[m] [1m--- [0;32mmaven-enforcer-plugin:3.0.0-M1:enforce[m [1m(enforce-plugin-versions)[m @ [36mactiviti-bpmn-layout[0;1m ---[m
[[1;34mINFO[m] 
[[1;34mINFO[m] [1m--- [0;32mmaven-enforcer-plugin:3.0.0-M1:enforce[m [1m(enforce-direct-dependencies)[m @ [36mactiviti-bpmn-layout[0;1m ---[m
[[1;34mINFO[m] Flag 'useClassesFromLastBuild' is set. Try to use existing output folder.
[[1;34mINFO[m] Flag 'suppressTypesFromJavaRuntime' is set. Classes available in current Java-runtime will be ignored.
[[1;34mINFO[m] Analyze dependencies of artifact 'org.activiti:activiti-bpmn-layout:jar:7.0.0-SNAPSHOT'.
[[1;34mINFO[m] Nothing to analyze in 'org.activiti:activiti-bpmn-layout:jar:7.0.0-SNAPSHOT'.
[[1;34mINFO[m] 
[[1;34mINFO[m] [1m--- [0;32mmaven-enforcer-plugin:3.0.0-M1:enforce[m [1m(ban-blacklisted-dependencies)[m @ [36mactiviti-bpmn-layout[0;1m ---[m
[[1;34mINFO[m] 
[[1;34mINFO[m] [1m--- [0;32mjacoco-maven-plugin:0.8.8:prepare-agent[m [1m(pre-unit-test)[m @ [36mactiviti-bpmn-layout[0;1m ---[m
[[1;34mINFO[m] argLine set to -javaagent:/root/.m2/repository/org/jacoco/org.jacoco.agent/0.8.8/org.jacoco.agent-0.8.8-runtime.jar=destfile=/NOD-Test-Repair/tdrepro/projects/activiti/activiti/activiti-bpmn-layout/target/jacoco.exec -Duser.language=en
[[1;34mINFO[m] 
[[1;34mINFO[m] [1m--- [0;32mjacoco-maven-plugin:0.8.8:prepare-agent[m [1m(default-prepare-agent)[m @ [36mactiviti-bpmn-layout[0;1m ---[m
[[1;34mINFO[m] argLine set to -javaagent:/root/.m2/repository/org/jacoco/org.jacoco.agent/0.8.8/org.jacoco.agent-0.8.8-runtime.jar=destfile=/NOD-Test-Repair/tdrepro/projects/activiti/activiti/activiti-bpmn-layout/target/jacoco.exec -Duser.language=en
[[1;34mINFO[m] 
[[1;34mINFO[m] [1m--- [0;32mmaven-resources-plugin:3.0.1:resources[m [1m(default-resources)[m @ [36mactiviti-bpmn-layout[0;1m ---[m
[[1;34mINFO[m] Using 'UTF-8' encoding to copy filtered resources.
[[1;34mINFO[m] skip non existing resourceDirectory /NOD-Test-Repair/tdrepro/projects/activiti/activiti/activiti-bpmn-layout/src/main/resources
[[1;34mINFO[m] 
[[1;34mINFO[m] [1m--- [0;32mmaven-compiler-plugin:3.7.0:compile[m [1m(default-compile)[m @ [36mactiviti-bpmn-layout[0;1m ---[m
[[1;34mINFO[m] Changes detected - recompiling the module!
[[1;34mINFO[m] Compiling 2 source files to /NOD-Test-Repair/tdrepro/projects/activiti/activiti/activiti-bpmn-layout/target/classes
[[1;34mINFO[m] 
[[1;34mINFO[m] [1m--- [0;32mmaven-resources-plugin:3.0.1:testResources[m [1m(default-testResources)[m @ [36mactiviti-bpmn-layout[0;1m ---[m
[[1;34mINFO[m] Using 'UTF-8' encoding to copy filtered resources.
[[1;34mINFO[m] skip non existing resourceDirectory /NOD-Test-Repair/tdrepro/projects/activiti/activiti/activiti-bpmn-layout/src/test/resources
[[1;34mINFO[m] 
[[1;34mINFO[m] [1m--- [0;32mmaven-compiler-plugin:3.7.0:testCompile[m [1m(default-testCompile)[m @ [36mactiviti-bpmn-layout[0;1m ---[m
[[1;34mINFO[m] No sources to compile
[[1;34mINFO[m] 
[[1;34mINFO[m] [1m--- [0;32mmaven-surefire-plugin:2.19.1:test[m [1m(default-test)[m @ [36mactiviti-bpmn-layout[0;1m ---[m
[[1;34mINFO[m] Tests are skipped.
[[1;34mINFO[m] 
[[1;34mINFO[m] [1m--- [0;32mjacoco-maven-plugin:0.8.8:report[m [1m(post-unit-test)[m @ [36mactiviti-bpmn-layout[0;1m ---[m
[[1;34mINFO[m] Skipping JaCoCo execution due to missing execution data file.
[[1;34mINFO[m] 
[[1;34mINFO[m] [1m--- [0;32mjacoco-maven-plugin:0.8.8:report[m [1m(jacoco-report)[m @ [36mactiviti-bpmn-layout[0;1m ---[m
[[1;34mINFO[m] Skipping JaCoCo execution due to missing execution data file.
[[1;34mINFO[m] 
[[1;34mINFO[m] [1m--- [0;32mmaven-jar-plugin:3.0.2:jar[m [1m(default-jar)[m @ [36mactiviti-bpmn-layout[0;1m ---[m
[[1;34mINFO[m] Building jar: /NOD-Test-Repair/tdrepro/projects/activiti/activiti/activiti-bpmn-layout/target/activiti-bpmn-layout-7.0.0-SNAPSHOT.jar
[[1;34mINFO[m] 
[[1;34mINFO[m] [1m--- [0;32mjacoco-maven-plugin:0.8.8:prepare-agent-integration[m [1m(pre-integration-test)[m @ [36mactiviti-bpmn-layout[0;1m ---[m
[[1;34mINFO[m] argLine set to -javaagent:/root/.m2/repository/org/jacoco/org.jacoco.agent/0.8.8/org.jacoco.agent-0.8.8-runtime.jar=destfile=/NOD-Test-Repair/tdrepro/projects/activiti/activiti/activiti-bpmn-layout/target/jacoco-it.exec -Duser.language=en
[[1;34mINFO[m] 
[[1;34mINFO[m] [1m--- [0;32mjacoco-maven-plugin:0.8.8:report-integration[m [1m(post-integration-test)[m @ [36mactiviti-bpmn-layout[0;1m ---[m
[[1;34mINFO[m] Skipping JaCoCo execution due to missing execution data file.
[[1;34mINFO[m] 
[[1;34mINFO[m] [1m--- [0;32mmaven-install-plugin:2.5.2:install[m [1m(default-install)[m @ [36mactiviti-bpmn-layout[0;1m ---[m
[[1;34mINFO[m] Installing /NOD-Test-Repair/tdrepro/projects/activiti/activiti/activiti-bpmn-layout/target/activiti-bpmn-layout-7.0.0-SNAPSHOT.jar to /root/.m2/repository/org/activiti/activiti-bpmn-layout/7.0.0-SNAPSHOT/activiti-bpmn-layout-7.0.0-SNAPSHOT.jar
[[1;34mINFO[m] Installing /NOD-Test-Repair/tdrepro/projects/activiti/activiti/activiti-bpmn-layout/pom.xml to /root/.m2/repository/org/activiti/activiti-bpmn-layout/7.0.0-SNAPSHOT/activiti-bpmn-layout-7.0.0-SNAPSHOT.pom
[[1;34mINFO[m] 
[[1;34mINFO[m] [1m----------------< [0;36morg.activiti:activiti-bpmn-converter[0;1m >----------------[m
[[1;34mINFO[m] [1mBuilding Activiti :: BPMN Converter 7.0.0-SNAPSHOT                 [5/6][m
[[1;34mINFO[m] [1m--------------------------------[ jar ]---------------------------------[m
[[1;34mINFO[m] 
[[1;34mINFO[m] [1m--- [0;32mmaven-clean-plugin:3.0.0:clean[m [1m(default-clean)[m @ [36mactiviti-bpmn-converter[0;1m ---[m
[[1;34mINFO[m] Deleting /NOD-Test-Repair/tdrepro/projects/activiti/activiti/activiti-bpmn-converter/target
[[1;34mINFO[m] 
[[1;34mINFO[m] [1m--- [0;32mmaven-enforcer-plugin:3.0.0-M1:enforce[m [1m(enforce-java)[m @ [36mactiviti-bpmn-converter[0;1m ---[m
[[1;34mINFO[m] 
[[1;34mINFO[m] [1m--- [0;32mmaven-enforcer-plugin:3.0.0-M1:enforce[m [1m(enforce-maven)[m @ [36mactiviti-bpmn-converter[0;1m ---[m
[[1;34mINFO[m] 
[[1;34mINFO[m] [1m--- [0;32mmaven-enforcer-plugin:3.0.0-M1:enforce[m [1m(enforce-plugin-versions)[m @ [36mactiviti-bpmn-converter[0;1m ---[m
[[1;34mINFO[m] 
[[1;34mINFO[m] [1m--- [0;32mmaven-enforcer-plugin:3.0.0-M1:enforce[m [1m(enforce-direct-dependencies)[m @ [36mactiviti-bpmn-converter[0;1m ---[m
[[1;34mINFO[m] Flag 'useClassesFromLastBuild' is set. Try to use existing output folder.
[[1;34mINFO[m] Flag 'suppressTypesFromJavaRuntime' is set. Classes available in current Java-runtime will be ignored.
[[1;34mINFO[m] Analyze dependencies of artifact 'org.activiti:activiti-bpmn-converter:jar:7.0.0-SNAPSHOT'.
[[1;34mINFO[m] Nothing to analyze in 'org.activiti:activiti-bpmn-converter:jar:7.0.0-SNAPSHOT'.
[[1;34mINFO[m] 
[[1;34mINFO[m] [1m--- [0;32mmaven-enforcer-plugin:3.0.0-M1:enforce[m [1m(ban-blacklisted-dependencies)[m @ [36mactiviti-bpmn-converter[0;1m ---[m
[[1;34mINFO[m] 
[[1;34mINFO[m] [1m--- [0;32mjacoco-maven-plugin:0.8.8:prepare-agent[m [1m(pre-unit-test)[m @ [36mactiviti-bpmn-converter[0;1m ---[m
[[1;34mINFO[m] argLine set to -javaagent:/root/.m2/repository/org/jacoco/org.jacoco.agent/0.8.8/org.jacoco.agent-0.8.8-runtime.jar=destfile=/NOD-Test-Repair/tdrepro/projects/activiti/activiti/activiti-bpmn-converter/target/jacoco.exec -Duser.language=en
[[1;34mINFO[m] 
[[1;34mINFO[m] [1m--- [0;32mjacoco-maven-plugin:0.8.8:prepare-agent[m [1m(default-prepare-agent)[m @ [36mactiviti-bpmn-converter[0;1m ---[m
[[1;34mINFO[m] argLine set to -javaagent:/root/.m2/repository/org/jacoco/org.jacoco.agent/0.8.8/org.jacoco.agent-0.8.8-runtime.jar=destfile=/NOD-Test-Repair/tdrepro/projects/activiti/activiti/activiti-bpmn-converter/target/jacoco.exec -Duser.language=en
[[1;34mINFO[m] 
[[1;34mINFO[m] [1m--- [0;32mmaven-resources-plugin:3.0.1:resources[m [1m(default-resources)[m @ [36mactiviti-bpmn-converter[0;1m ---[m
[[1;34mINFO[m] Using 'UTF-8' encoding to copy filtered resources.
[[1;34mINFO[m] Copying 14 resources
[[1;34mINFO[m] 
[[1;34mINFO[m] [1m--- [0;32mmaven-compiler-plugin:3.7.0:compile[m [1m(default-compile)[m @ [36mactiviti-bpmn-converter[0;1m ---[m
[[1;34mINFO[m] Changes detected - recompiling the module!
[[1;34mINFO[m] Compiling 95 source files to /NOD-Test-Repair/tdrepro/projects/activiti/activiti/activiti-bpmn-converter/target/classes
[[1;34mINFO[m] /NOD-Test-Repair/tdrepro/projects/activiti/activiti/activiti-bpmn-converter/src/main/java/org/activiti/bpmn/converter/parser/ProcessParser.java: Some input files use unchecked or unsafe operations.
[[1;34mINFO[m] /NOD-Test-Repair/tdrepro/projects/activiti/activiti/activiti-bpmn-converter/src/main/java/org/activiti/bpmn/converter/parser/ProcessParser.java: Recompile with -Xlint:unchecked for details.
[[1;34mINFO[m] 
[[1;34mINFO[m] [1m--- [0;32mmaven-resources-plugin:3.0.1:testResources[m [1m(default-testResources)[m @ [36mactiviti-bpmn-converter[0;1m ---[m
[[1;34mINFO[m] Using 'UTF-8' encoding to copy filtered resources.
[[1;34mINFO[m] Copying 40 resources
[[1;34mINFO[m] 
[[1;34mINFO[m] [1m--- [0;32mmaven-compiler-plugin:3.7.0:testCompile[m [1m(default-testCompile)[m @ [36mactiviti-bpmn-converter[0;1m ---[m
[[1;34mINFO[m] Changes detected - recompiling the module!
[[1;34mINFO[m] Compiling 39 source files to /NOD-Test-Repair/tdrepro/projects/activiti/activiti/activiti-bpmn-converter/target/test-classes
[[1;34mINFO[m] 
[[1;34mINFO[m] [1m--- [0;32mmaven-surefire-plugin:2.19.1:test[m [1m(default-test)[m @ [36mactiviti-bpmn-converter[0;1m ---[m
[[1;34mINFO[m] Tests are skipped.
[[1;34mINFO[m] 
[[1;34mINFO[m] [1m--- [0;32mjacoco-maven-plugin:0.8.8:report[m [1m(post-unit-test)[m @ [36mactiviti-bpmn-converter[0;1m ---[m
[[1;34mINFO[m] Skipping JaCoCo execution due to missing execution data file.
[[1;34mINFO[m] 
[[1;34mINFO[m] [1m--- [0;32mjacoco-maven-plugin:0.8.8:report[m [1m(jacoco-report)[m @ [36mactiviti-bpmn-converter[0;1m ---[m
[[1;34mINFO[m] Skipping JaCoCo execution due to missing execution data file.
[[1;34mINFO[m] 
[[1;34mINFO[m] [1m--- [0;32mmaven-jar-plugin:3.0.2:jar[m [1m(default-jar)[m @ [36mactiviti-bpmn-converter[0;1m ---[m
[[1;34mINFO[m] Building jar: /NOD-Test-Repair/tdrepro/projects/activiti/activiti/activiti-bpmn-converter/target/activiti-bpmn-converter-7.0.0-SNAPSHOT.jar
[[1;34mINFO[m] 
[[1;34mINFO[m] [1m--- [0;32mjacoco-maven-plugin:0.8.8:prepare-agent-integration[m [1m(pre-integration-test)[m @ [36mactiviti-bpmn-converter[0;1m ---[m
[[1;34mINFO[m] argLine set to -javaagent:/root/.m2/repository/org/jacoco/org.jacoco.agent/0.8.8/org.jacoco.agent-0.8.8-runtime.jar=destfile=/NOD-Test-Repair/tdrepro/projects/activiti/activiti/activiti-bpmn-converter/target/jacoco-it.exec -Duser.language=en
[[1;34mINFO[m] 
[[1;34mINFO[m] [1m--- [0;32mjacoco-maven-plugin:0.8.8:report-integration[m [1m(post-integration-test)[m @ [36mactiviti-bpmn-converter[0;1m ---[m
[[1;34mINFO[m] Skipping JaCoCo execution due to missing execution data file.
[[1;34mINFO[m] 
[[1;34mINFO[m] [1m--- [0;32mmaven-install-plugin:2.5.2:install[m [1m(default-install)[m @ [36mactiviti-bpmn-converter[0;1m ---[m
[[1;34mINFO[m] Installing /NOD-Test-Repair/tdrepro/projects/activiti/activiti/activiti-bpmn-converter/target/activiti-bpmn-converter-7.0.0-SNAPSHOT.jar to /root/.m2/repository/org/activiti/activiti-bpmn-converter/7.0.0-SNAPSHOT/activiti-bpmn-converter-7.0.0-SNAPSHOT.jar
[[1;34mINFO[m] Installing /NOD-Test-Repair/tdrepro/projects/activiti/activiti/activiti-bpmn-converter/pom.xml to /root/.m2/repository/org/activiti/activiti-bpmn-converter/7.0.0-SNAPSHOT/activiti-bpmn-converter-7.0.0-SNAPSHOT.pom
[[1;34mINFO[m] 
[[1;34mINFO[m] [1m--------------------< [0;36morg.activiti:activiti-engine[0;1m >--------------------[m
[[1;34mINFO[m] [1mBuilding Activiti :: Engine 7.0.0-SNAPSHOT                         [6/6][m
[[1;34mINFO[m] [1m--------------------------------[ jar ]---------------------------------[m
[[1;34mINFO[m] 
[[1;34mINFO[m] [1m--- [0;32mmaven-clean-plugin:3.0.0:clean[m [1m(default-clean)[m @ [36mactiviti-engine[0;1m ---[m
[[1;34mINFO[m] Deleting /NOD-Test-Repair/tdrepro/projects/activiti/activiti/activiti-engine/target
[[1;34mINFO[m] 
[[1;34mINFO[m] [1m--- [0;32mmaven-enforcer-plugin:3.0.0-M1:enforce[m [1m(enforce-java)[m @ [36mactiviti-engine[0;1m ---[m
[[1;34mINFO[m] 
[[1;34mINFO[m] [1m--- [0;32mmaven-enforcer-plugin:3.0.0-M1:enforce[m [1m(enforce-maven)[m @ [36mactiviti-engine[0;1m ---[m
[[1;34mINFO[m] 
[[1;34mINFO[m] [1m--- [0;32mmaven-enforcer-plugin:3.0.0-M1:enforce[m [1m(enforce-plugin-versions)[m @ [36mactiviti-engine[0;1m ---[m
[[1;34mINFO[m] 
[[1;34mINFO[m] [1m--- [0;32mmaven-enforcer-plugin:3.0.0-M1:enforce[m [1m(enforce-direct-dependencies)[m @ [36mactiviti-engine[0;1m ---[m
[[1;34mINFO[m] Flag 'useClassesFromLastBuild' is set. Try to use existing output folder.
[[1;34mINFO[m] Flag 'suppressTypesFromJavaRuntime' is set. Classes available in current Java-runtime will be ignored.
[[1;34mINFO[m] Analyze dependencies of artifact 'org.activiti:activiti-engine:jar:7.0.0-SNAPSHOT'.
[[1;34mINFO[m] Nothing to analyze in 'org.activiti:activiti-engine:jar:7.0.0-SNAPSHOT'.
[[1;34mINFO[m] 
[[1;34mINFO[m] [1m--- [0;32mmaven-enforcer-plugin:3.0.0-M1:enforce[m [1m(ban-blacklisted-dependencies)[m @ [36mactiviti-engine[0;1m ---[m
[[1;34mINFO[m] 
[[1;34mINFO[m] [1m--- [0;32mjacoco-maven-plugin:0.8.8:prepare-agent[m [1m(pre-unit-test)[m @ [36mactiviti-engine[0;1m ---[m
[[1;34mINFO[m] argLine set to -javaagent:/root/.m2/repository/org/jacoco/org.jacoco.agent/0.8.8/org.jacoco.agent-0.8.8-runtime.jar=destfile=/NOD-Test-Repair/tdrepro/projects/activiti/activiti/activiti-engine/target/jacoco.exec -Duser.language=en
[[1;34mINFO[m] 
[[1;34mINFO[m] [1m--- [0;32mjacoco-maven-plugin:0.8.8:prepare-agent[m [1m(default-prepare-agent)[m @ [36mactiviti-engine[0;1m ---[m
[[1;34mINFO[m] argLine set to -javaagent:/root/.m2/repository/org/jacoco/org.jacoco.agent/0.8.8/org.jacoco.agent-0.8.8-runtime.jar=destfile=/NOD-Test-Repair/tdrepro/projects/activiti/activiti/activiti-engine/target/jacoco.exec -Duser.language=en
[[1;34mINFO[m] 
[[1;34mINFO[m] [1m--- [0;32mmaven-resources-plugin:3.0.1:resources[m [1m(default-resources)[m @ [36mactiviti-engine[0;1m ---[m
[[1;34mINFO[m] Using 'UTF-8' encoding to copy filtered resources.
[[1;34mINFO[m] Copying 368 resources
[[1;34mINFO[m] 
[[1;34mINFO[m] [1m--- [0;32mmaven-compiler-plugin:3.7.0:compile[m [1m(default-compile)[m @ [36mactiviti-engine[0;1m ---[m
[[1;34mINFO[m] Changes detected - recompiling the module!
[[1;34mINFO[m] Compiling 1102 source files to /NOD-Test-Repair/tdrepro/projects/activiti/activiti/activiti-engine/target/classes
[[1;33mWARNING[m] /NOD-Test-Repair/tdrepro/projects/activiti/activiti/activiti-engine/src/main/java/org/activiti/engine/impl/AbstractNativeQuery.java:[122,45] toString(java.lang.Object) in org.apache.commons.lang3.ObjectUtils has been deprecated
[[1;34mINFO[m] /NOD-Test-Repair/tdrepro/projects/activiti/activiti/activiti-engine/src/main/java/org/activiti/engine/impl/util/json/JSONArray.java: Some input files use unchecked or unsafe operations.
[[1;34mINFO[m] /NOD-Test-Repair/tdrepro/projects/activiti/activiti/activiti-engine/src/main/java/org/activiti/engine/impl/util/json/JSONArray.java: Recompile with -Xlint:unchecked for details.
[[1;34mINFO[m] 
[[1;34mINFO[m] [1m--- [0;32mmaven-resources-plugin:3.0.1:testResources[m [1m(default-testResources)[m @ [36mactiviti-engine[0;1m ---[m
[[1;34mINFO[m] Using 'UTF-8' encoding to copy filtered resources.
[[1;34mINFO[m] Copying 1070 resources
[[1;34mINFO[m] 
[[1;34mINFO[m] [1m--- [0;32mmaven-compiler-plugin:3.7.0:testCompile[m [1m(default-testCompile)[m @ [36mactiviti-engine[0;1m ---[m
[[1;34mINFO[m] Changes detected - recompiling the module!
[[1;34mINFO[m] Compiling 427 source files to /NOD-Test-Repair/tdrepro/projects/activiti/activiti/activiti-engine/target/test-classes
[[1;33mWARNING[m] /NOD-Test-Repair/tdrepro/projects/activiti/activiti/activiti-engine/src/test/java/org/activiti/engine/test/json/JsonTest.java:[234,16] put(java.lang.String,com.fasterxml.jackson.databind.JsonNode) in com.fasterxml.jackson.databind.node.ObjectNode has been deprecated
[[1;33mWARNING[m] /NOD-Test-Repair/tdrepro/projects/activiti/activiti/activiti-engine/src/test/java/org/activiti/engine/test/logging/mdc/MemoryLogAppender.java:[17,30] WriterOutputStream(java.io.Writer) in org.apache.commons.io.output.WriterOutputStream has been deprecated
[[1;34mINFO[m] /NOD-Test-Repair/tdrepro/projects/activiti/activiti/activiti-engine/src/test/java/org/activiti/engine/test/api/variables/TransientVariablesTest.java: Some input files use unchecked or unsafe operations.
[[1;34mINFO[m] /NOD-Test-Repair/tdrepro/projects/activiti/activiti/activiti-engine/src/test/java/org/activiti/engine/test/api/variables/TransientVariablesTest.java: Recompile with -Xlint:unchecked for details.
[[1;34mINFO[m] 
[[1;34mINFO[m] [1m--- [0;32mmaven-surefire-plugin:2.19.1:test[m [1m(default-test)[m @ [36mactiviti-engine[0;1m ---[m
[[1;34mINFO[m] Tests are skipped.
[[1;34mINFO[m] 
[[1;34mINFO[m] [1m--- [0;32mjacoco-maven-plugin:0.8.8:report[m [1m(post-unit-test)[m @ [36mactiviti-engine[0;1m ---[m
[[1;34mINFO[m] Skipping JaCoCo execution due to missing execution data file.
[[1;34mINFO[m] 
[[1;34mINFO[m] [1m--- [0;32mjacoco-maven-plugin:0.8.8:report[m [1m(jacoco-report)[m @ [36mactiviti-engine[0;1m ---[m
[[1;34mINFO[m] Skipping JaCoCo execution due to missing execution data file.
[[1;34mINFO[m] 
[[1;34mINFO[m] [1m--- [0;32mmaven-jar-plugin:3.0.2:jar[m [1m(default-jar)[m @ [36mactiviti-engine[0;1m ---[m
[[1;34mINFO[m] Building jar: /NOD-Test-Repair/tdrepro/projects/activiti/activiti/activiti-engine/target/activiti-engine-7.0.0-SNAPSHOT.jar
[[1;34mINFO[m] 
[[1;34mINFO[m] [1m--- [0;32mjacoco-maven-plugin:0.8.8:prepare-agent-integration[m [1m(pre-integration-test)[m @ [36mactiviti-engine[0;1m ---[m
[[1;34mINFO[m] argLine set to -javaagent:/root/.m2/repository/org/jacoco/org.jacoco.agent/0.8.8/org.jacoco.agent-0.8.8-runtime.jar=destfile=/NOD-Test-Repair/tdrepro/projects/activiti/activiti/activiti-engine/target/jacoco-it.exec -Duser.language=en
[[1;34mINFO[m] 
[[1;34mINFO[m] [1m--- [0;32mjacoco-maven-plugin:0.8.8:report-integration[m [1m(post-integration-test)[m @ [36mactiviti-engine[0;1m ---[m
[[1;34mINFO[m] Skipping JaCoCo execution due to missing execution data file.
[[1;34mINFO[m] 
[[1;34mINFO[m] [1m--- [0;32mmaven-install-plugin:2.5.2:install[m [1m(default-install)[m @ [36mactiviti-engine[0;1m ---[m
[[1;34mINFO[m] Installing /NOD-Test-Repair/tdrepro/projects/activiti/activiti/activiti-engine/target/activiti-engine-7.0.0-SNAPSHOT.jar to /root/.m2/repository/org/activiti/activiti-engine/7.0.0-SNAPSHOT/activiti-engine-7.0.0-SNAPSHOT.jar
[[1;34mINFO[m] Installing /NOD-Test-Repair/tdrepro/projects/activiti/activiti/activiti-engine/pom.xml to /root/.m2/repository/org/activiti/activiti-engine/7.0.0-SNAPSHOT/activiti-engine-7.0.0-SNAPSHOT.pom
[[1;34mINFO[m] [1m------------------------------------------------------------------------[m
[[1;34mINFO[m] [1mReactor Summary for Activiti Core :: Parent 7.0.0-SNAPSHOT:[m
[[1;34mINFO[m] 
[[1;34mINFO[m] Activiti Core :: Parent ............................ [1;32mSUCCESS[m [  1.618 s]
[[1;34mINFO[m] Activiti :: BPMN Model ............................. [1;32mSUCCESS[m [  0.889 s]
[[1;34mINFO[m] Activiti :: Process Validation ..................... [1;32mSUCCESS[m [  0.196 s]
[[1;34mINFO[m] Activiti :: BPMN Layout ............................ [1;32mSUCCESS[m [  0.086 s]
[[1;34mINFO[m] Activiti :: BPMN Converter ......................... [1;32mSUCCESS[m [  0.428 s]
[[1;34mINFO[m] Activiti :: Engine ................................. [1;32mSUCCESS[m [  3.737 s]
[[1;34mINFO[m] [1m------------------------------------------------------------------------[m
[[1;34mINFO[m] [1;32mBUILD SUCCESS[m
[[1;34mINFO[m] [1m------------------------------------------------------------------------[m
[[1;34mINFO[m] Total time:  7.130 s
[[1;34mINFO[m] Finished at: 2026-04-30T23:34:06Z
[[1;34mINFO[m] [1m------------------------------------------------------------------------[m
cp /NOD-Test-Repair/tdrepro/jacococli.jar /NOD-Test-Repair/tdrepro/projects/activiti/activiti
mod=./activiti-bpmn-layout/target
class dir=./activiti-bpmn-layout/target/classes
source dir=./activiti-bpmn-layout/src/main/java
classes exists
mod=./activiti-process-validation/target
class dir=./activiti-process-validation/target/classes
source dir=./activiti-process-validation/src/main/java
classes exists
mod=./activiti-bpmn-converter/target
class dir=./activiti-bpmn-converter/target/classes
source dir=./activiti-bpmn-converter/src/main/java
classes exists
mod=./activiti-engine/target
class dir=./activiti-engine/target/classes
source dir=./activiti-engine/src/main/java
classes exists
mod=./activiti-bpmn-model/target
class dir=./activiti-bpmn-model/target/classes
source dir=./activiti-bpmn-model/src/main/java
classes exists
[INFO] Loading execution data file /NOD-Test-Repair/tdrepro/projects/activiti/activiti/activiti-engine/target/jacoco.exec.
[INFO] Analyzing 1108 classes.
java -jar jacococli.jar report activiti-engine/target/jacoco.exec         --classfiles ./activiti-bpmn-layout/target/classes --classfiles ./activiti-process-validation/target/classes --classfiles ./activiti-bpmn-converter/target/classes --classfiles ./activiti-engine/target/classes --classfiles ./activiti-bpmn-model/target/classes          --sourcefiles ./activiti-bpmn-layout/src/main/java --sourcefiles ./activiti-process-validation/src/main/java --sourcefiles ./activiti-bpmn-converter/src/main/java --sourcefiles ./activiti-engine/src/main/java --sourcefiles ./activiti-bpmn-model/src/main/java          --xml activiti-engine/target/coverage.xml
python3 /NOD-Test-Repair/tdrepro/collect_executed_meths.py activiti-engine org.activiti.engine.test.jobexecutor.AsyncExecutorTest#testAsyncExecutorDisabledOnOneEngine activiti/activiti
***desc= (Ljava/io/InputStream;)V
***desc= ()Ljava/io/InputStream;
***desc= (Ljava/io/InputStream;)[B
***desc= (Lorg/activiti/engine/delegate/event/ActivitiEventType;)V
***desc= (Ljava/lang/String;)V
***desc= (Ljava/lang/String;)V
***desc= (Ljava/lang/String;)V
***desc= (Ljava/lang/String;)V
***desc= (Ljava/lang/String;)V
***desc= (Ljava/lang/String;)V
***desc= (Ljava/lang/String;)V
***desc= (Ljava/lang/String;)V
***desc= (Ljava/lang/String;)V
***desc= (Ljava/lang/Object;Ljava/util/Map;Z)V
***desc= ()V
***desc= (Ljava/lang/Object;)V
***desc= (Lorg/activiti/engine/delegate/event/ActivitiEventType;)Lorg/activiti/engine/delegate/event/ActivitiEvent;
***desc= (Lorg/activiti/engine/delegate/event/ActivitiEventType;Ljava/lang/Object;)Lorg/activiti/engine/delegate/event/ActivitiEntityEvent;
***desc= (Ljava/lang/Object;Ljava/util/Map;Z)Lorg/activiti/engine/delegate/event/ActivitiProcessStartedEvent;
***desc= (Lorg/activiti/engine/delegate/event/ActivitiEventType;Ljava/lang/Object;Ljava/util/Map;Z)Lorg/activiti/engine/delegate/event/ActivitiEntityWithVariablesEvent;
***desc= (Lorg/activiti/engine/impl/persistence/entity/ExecutionEntity;Lorg/activiti/engine/delegate/event/ActivitiEventType;Ljava/lang/String;Ljava/lang/String;Ljava/lang/String;Ljava/lang/String;Ljava/lang/Object;Ljava/lang/String;Ljava/lang/String;Ljava/lang/String;Ljava/lang/Object;)Lorg/activiti/engine/delegate/event/ActivitiSequenceFlowTakenEvent;
***desc= (Lorg/activiti/engine/delegate/event/ActivitiEventType;Ljava/lang/String;Ljava/lang/String;Ljava/lang/String;Ljava/lang/String;Ljava/lang/String;Lorg/activiti/bpmn/model/FlowElement;)Lorg/activiti/engine/delegate/event/ActivitiActivityEvent;
***desc= (Lorg/activiti/bpmn/model/FlowNode;)Ljava/lang/String;
***desc= (Ljava/lang/String;Ljava/lang/String;Ljava/lang/String;Ljava/lang/String;Ljava/lang/String;Ljava/lang/String;Ljava/lang/Object;)Lorg/activiti/engine/delegate/event/ActivitiActivityCancelledEvent;
***desc= (Ljava/lang/String;Ljava/lang/String;Ljava/lang/String;Ljava/lang/Object;)Lorg/activiti/engine/delegate/event/ActivitiCancelledEvent;
***desc= (Lorg/activiti/engine/delegate/event/impl/ActivitiEventImpl;)V
***desc= (Lorg/activiti/engine/delegate/event/ActivitiEventType;)V
***desc= (Ljava/lang/String;)V
***desc= (Ljava/lang/String;)V
***desc= (Ljava/lang/String;)V
***desc= (Ljava/lang/String;)V
***desc= (Lorg/activiti/engine/delegate/event/ActivitiEventType;)V
***desc= (Lorg/activiti/engine/delegate/event/ActivitiEventType;Ljava/lang/String;Ljava/lang/String;Ljava/lang/String;)V
***desc= ()Lorg/activiti/engine/delegate/event/ActivitiEventType;
***desc= (Ljava/lang/String;)V
***desc= ()Ljava/lang/String;
***desc= (Ljava/lang/String;)V
***desc= (Ljava/lang/String;)V
***desc= (Ljava/lang/Object;Ljava/util/Map;ZLorg/activiti/engine/delegate/event/ActivitiEventType;)V
***desc= (Ljava/lang/Object;Lorg/activiti/engine/delegate/event/ActivitiEventType;)V
***desc= ()Ljava/lang/Object;
***desc= ()V
***desc= (Ljava/lang/Object;)V
***desc= ()V
***desc= (Lorg/activiti/engine/delegate/event/ActivitiEvent;)V
***desc= ()V
***desc= ()V
***desc= (Z)V
***desc= ()Z
***desc= (Lorg/activiti/engine/delegate/event/ActivitiEvent;)V
***desc= (Lorg/activiti/engine/delegate/event/ActivitiEvent;)Lorg/activiti/bpmn/model/BpmnModel;
***desc= (Ljava/lang/Thread;)V
***desc= ()Z
***desc= (Lorg/activiti/engine/ProcessEngineConfiguration;Lorg/activiti/engine/ManagementService;JJZ)V
***desc= (Lorg/activiti/engine/ManagementService;)Z
***desc= ()V
***desc= ()Lorg/activiti/validation/ProcessValidator;
***desc= ()V
***desc= (Lorg/activiti/bpmn/model/BpmnModel;)Ljava/util/List;
***desc= (Lorg/activiti/validation/validator/ValidatorSet;)V
***desc= (Lorg/activiti/engine/runtime/ClockReader;)V
***desc= (Ljava/lang/String;I)Ljava/util/Date;
***desc= ()V
***desc= ()V
***desc= (Ljava/lang/String;)Lorg/activiti/engine/impl/calendar/BusinessCalendar;
***desc= (Ljava/lang/String;Lorg/activiti/engine/impl/calendar/BusinessCalendar;)Lorg/activiti/engine/impl/calendar/BusinessCalendarManager;
***desc= (Lorg/activiti/engine/runtime/ClockReader;)V
***desc= (Ljava/lang/String;)Ljava/util/Date;
***desc= (Lorg/activiti/engine/runtime/ClockReader;)V
***desc= (Ljava/lang/String;ILorg/activiti/engine/runtime/ClockReader;)V
***desc= (Ljava/lang/String;Lorg/activiti/engine/runtime/ClockReader;)V
***desc= ()Ljava/util/Calendar;
***desc= (Ljava/util/Calendar;)Ljava/util/Calendar;
***desc= ()Ljava/util/Date;
***desc= (Ljava/util/Calendar;Ljavax/xml/datatype/Duration;)Ljava/util/Calendar;
***desc= (Ljava/lang/String;)Ljavax/xml/datatype/Duration;
***desc= (Ljava/lang/String;)Z
***desc= (Lorg/activiti/engine/runtime/ClockReader;)V
***desc= (Ljava/lang/String;ILjava/util/Date;Ljava/util/Date;)Ljava/lang/Boolean;
***desc= ()V
***desc= ()V
***desc= (Lorg/activiti/engine/impl/interceptor/CommandContext;)Lorg/activiti/engine/impl/cfg/TransactionContext;
***desc= (Lorg/activiti/engine/impl/interceptor/CommandContext;)V
***desc= ()V
***desc= (Lorg/activiti/engine/impl/cfg/TransactionState;Z)V
***desc= ()Lorg/activiti/engine/impl/db/DbSqlSession;
***desc= ()V
***desc= ()Ljava/lang/String;
***desc= ()V
***desc= ()V
***desc= ()Ljava/lang/String;
***desc= ()V
***desc= ()Ljava/lang/String;
***desc= (Ljavax/xml/stream/XMLStreamReader;Lorg/activiti/bpmn/model/BaseElement;Lorg/activiti/bpmn/model/BpmnModel;)V
***desc= ()V
***desc= ()Ljava/lang/String;
***desc= ()V
***desc= ()Ljava/lang/String;
***desc= ()V
***desc= ()Ljava/lang/String;
***desc= ()V
***desc= ()Ljava/lang/String;
***desc= ()V
***desc= ()Ljava/lang/String;
***desc= ()V
***desc= ()Ljava/lang/String;
***desc= ()V
***desc= ()Ljava/lang/String;
***desc= ()V
***desc= ()Ljava/lang/String;
***desc= ()V
***desc= ()Ljava/lang/String;
***desc= ()V
***desc= ()Ljava/lang/String;
***desc= ()V
***desc= ()Ljava/lang/String;
***desc= ()V
***desc= ()Ljava/lang/String;
***desc= (Ljavax/xml/stream/XMLStreamReader;Lorg/activiti/bpmn/model/BaseElement;Lorg/activiti/bpmn/model/BpmnModel;)V
***desc= ()V
***desc= ()Ljava/lang/String;
***desc= ()V
***desc= ()Ljava/lang/String;
***desc= ()V
***desc= ()Ljava/lang/String;
***desc= ()V
***desc= ()Ljava/lang/String;
***desc= ()V
***desc= ()Ljava/lang/String;
***desc= ()V
***desc= ()Ljava/lang/String;
***desc= ()V
***desc= ()Ljava/lang/String;
***desc= ()V
***desc= ()Ljava/lang/String;
***desc= ()V
***desc= ()Ljava/lang/String;
***desc= ()V
***desc= ()Ljava/lang/String;
***desc= ()V
***desc= ()V
***desc= ()Ljava/lang/String;
***desc= ()V
***desc= ()Ljava/lang/String;
***desc= ()V
***desc= ()Ljava/lang/String;
***desc= ()V
***desc= ()V
***desc= (Lorg/activiti/engine/impl/persistence/entity/Entity;Z)V
***desc= ()Lorg/activiti/engine/impl/persistence/entity/Entity;
***desc= ()Z
***desc= ()V
***desc= (Lorg/activiti/engine/impl/persistence/entity/Entity;Z)Lorg/activiti/engine/impl/persistence/cache/CachedEntity;
***desc= (Ljava/lang/Class;Ljava/lang/String;)Ljava/lang/Object;
***desc= (Ljava/lang/Class;)Ljava/util/Map;
***desc= (Ljava/lang/Class;)Ljava/util/Collection;
***desc= (Ljava/lang/Class;)Ljava/util/List;
***desc= ()Ljava/util/Map;
***desc= ()V
***desc= ()V
***desc= (Lorg/activiti/bpmn/converter/child/BaseChildElementParser;)V
***desc= (Lorg/activiti/bpmn/model/BaseElement;Ljavax/xml/stream/XMLStreamReader;)V
***desc= (Lorg/activiti/bpmn/model/GraphicInfo;Ljavax/xml/stream/XMLStreamReader;)V
***desc= (Ljava/lang/String;Lorg/activiti/bpmn/model/BaseElement;Ljavax/xml/stream/XMLStreamReader;Lorg/activiti/bpmn/model/BpmnModel;)V
***desc= (Ljava/lang/String;Lorg/activiti/bpmn/model/BaseElement;Ljavax/xml/stream/XMLStreamReader;Ljava/util/Map;Lorg/activiti/bpmn/model/BpmnModel;)V
***desc= (Ljavax/xml/stream/XMLStreamReader;Lorg/activiti/bpmn/model/BaseElement;[Ljava/util/List;)V
***desc= (Lorg/activiti/bpmn/model/ExtensionAttribute;[Ljava/util/List;)Z
***desc= ()V
***desc= ()V
***desc= ()V
***desc= ()V
***desc= ()V
***desc= ()V
***desc= ()V
***desc= (Lorg/activiti/engine/impl/persistence/entity/HistoricIdentityLinkEntity;Ljava/lang/Object;)Z
***desc= ()V
***desc= (Lorg/activiti/engine/impl/persistence/entity/JobEntity;Ljava/lang/Object;)Z
***desc= ()V
***desc= ()V
***desc= ()V
***desc= ()V
***desc= (Lorg/activiti/engine/impl/persistence/entity/TimerJobEntity;Ljava/lang/Object;)Z
***desc= ()V
***desc= ()V
***desc= ()V
***desc= (Lorg/activiti/engine/impl/persistence/entity/ExecutionEntity;Ljava/lang/Object;)Z
***desc= ()V
***desc= ()V
***desc= (Lorg/activiti/engine/impl/persistence/entity/TaskEntity;Ljava/lang/Object;)Z
***desc= ()V
***desc= ()V
***desc= ()V
***desc= ()V
***desc= ()V
***desc= ()V
***desc= ()V
***desc= ()V
***desc= ()V
***desc= (Lorg/activiti/engine/impl/persistence/entity/ExecutionEntity;Ljava/lang/Object;)Z
***desc= ()V
***desc= ()V
***desc= (Lorg/activiti/engine/impl/persistence/entity/IdentityLinkEntity;Ljava/lang/Object;)Z
***desc= ()V
***desc= (Lorg/activiti/engine/impl/persistence/entity/HistoricActivityInstanceEntity;Ljava/lang/Object;)Z
***desc= ()V
***desc= ()V
***desc= (Ljava/io/InputStream;Ljava/lang/String;)[B
***desc= (Ljava/io/InputStream;)V
***desc= (Ljava/lang/String;)Lorg/activiti/engine/repository/ProcessDefinition;
***desc= (Ljava/lang/String;Z)Lorg/activiti/engine/repository/ProcessDefinition;
***desc= (Ljava/lang/String;)Lorg/activiti/bpmn/model/Process;
***desc= (Ljava/lang/String;)Z
***desc= (Ljava/lang/String;)Lorg/activiti/engine/impl/persistence/entity/ProcessDefinitionEntity;
***desc= ()Ljava/lang/ClassLoader;
***desc= (Ljava/lang/String;)Ljava/io/InputStream;
***desc= ()Ljava/lang/ClassLoader;
***desc= ()V
***desc= (Lorg/activiti/engine/impl/interceptor/CommandContext;Ljava/lang/String;)Z
***desc= (Lorg/activiti/engine/impl/cfg/ProcessEngineConfigurationImpl;Ljava/lang/String;)Z
***desc= (Lorg/activiti/engine/impl/interceptor/CommandContext;Lorg/activiti/engine/repository/ProcessDefinition;)Z
***desc= (Lorg/activiti/bpmn/model/TimerEventDefinition;ZLorg/activiti/engine/impl/persistence/entity/ExecutionEntity;Ljava/lang/String;Ljava/lang/String;)Lorg/activiti/engine/impl/persistence/entity/TimerJobEntity;
***desc= ()V
***desc= (Ljava/util/Date;)V
***desc= (Ljava/util/Calendar;)V
***desc= ()Ljava/util/Date;
***desc= ()Ljava/util/Calendar;
***desc= ()V
***desc= (Lorg/activiti/engine/repository/ProcessDefinition;Ljava/lang/String;Ljava/lang/String;Ljava/util/Map;Ljava/util/Map;)Lorg/activiti/engine/runtime/ProcessInstance;
***desc= (Lorg/activiti/engine/repository/ProcessDefinition;Ljava/lang/String;Ljava/lang/String;Ljava/util/Map;Ljava/util/Map;Z)Lorg/activiti/engine/runtime/ProcessInstance;
***desc= (Lorg/activiti/engine/repository/ProcessDefinition;Ljava/lang/String;Ljava/lang/String;Lorg/activiti/bpmn/model/FlowElement;Lorg/activiti/bpmn/model/Process;Ljava/util/Map;Ljava/util/Map;Z)Lorg/activiti/engine/runtime/ProcessInstance;
***desc= (Lorg/activiti/engine/impl/persistence/entity/ExecutionEntity;Lorg/activiti/engine/impl/interceptor/CommandContext;Ljava/util/Map;)V
***desc= (Ljava/util/Collection;)Ljava/util/Map;
***desc= (Ljava/util/Collection;)Z
***desc= (Ljava/util/Collection;)Z
***desc= ()V
***desc= (Lorg/activiti/bpmn/model/BpmnModel;Lorg/activiti/bpmn/model/Process;Ljava/util/List;)V
***desc= ()V
***desc= (Lorg/activiti/bpmn/model/BpmnModel;Lorg/activiti/bpmn/model/Process;Ljava/util/List;)V
***desc= ()V
***desc= (Lorg/activiti/bpmn/model/BpmnModel;Lorg/activiti/bpmn/model/Process;Ljava/util/List;)V
***desc= (Lorg/activiti/bpmn/model/Process;Lorg/activiti/bpmn/model/Activity;Ljava/util/List;)V
***desc= (Lorg/activiti/bpmn/model/Process;Lorg/activiti/bpmn/model/Activity;Ljava/util/List;)V
***desc= (Lorg/activiti/bpmn/model/Process;Lorg/activiti/bpmn/model/Activity;Ljava/util/List;)V
***desc= ()V
***desc= (Lorg/activiti/bpmn/model/BpmnModel;Lorg/activiti/bpmn/model/Process;Ljava/util/List;)V
***desc= ()V
***desc= (Lorg/activiti/bpmn/model/BpmnModel;Lorg/activiti/bpmn/model/Process;Ljava/util/List;)V
***desc= ()V
***desc= (Lorg/activiti/bpmn/model/BpmnModel;Lorg/activiti/bpmn/model/Process;Ljava/util/List;)V
***desc= ()V
***desc= (Lorg/activiti/bpmn/model/BpmnModel;Lorg/activiti/bpmn/model/Process;Ljava/util/List;)V
***desc= ()V
***desc= (Lorg/activiti/bpmn/model/BpmnModel;Ljava/util/List;)V
***desc= ()V
***desc= (Lorg/activiti/bpmn/model/BpmnModel;Lorg/activiti/bpmn/model/Process;Ljava/util/List;)V
***desc= ()V
***desc= (Lorg/activiti/bpmn/model/BpmnModel;Ljava/util/List;)V
***desc= ()V
***desc= (Lorg/activiti/bpmn/model/BpmnModel;Ljava/util/List;)V
***desc= (Lorg/activiti/bpmn/model/BpmnModel;Lorg/activiti/bpmn/model/Process;Ljava/util/List;)V
***desc= (Lorg/activiti/bpmn/model/BpmnModel;Ljava/util/List;)V
***desc= (Lorg/activiti/bpmn/model/BpmnModel;Ljava/util/List;)Z
***desc= ()V
***desc= (Lorg/activiti/bpmn/model/BpmnModel;Lorg/activiti/bpmn/model/Process;Ljava/util/List;)V
***desc= (Ljava/util/List;Lorg/activiti/bpmn/model/Process;Ljava/util/List;)V
***desc= (Ljava/util/List;Lorg/activiti/bpmn/model/Process;Ljava/util/List;)V
***desc= ()V
***desc= (Lorg/activiti/bpmn/model/BpmnModel;Lorg/activiti/bpmn/model/Process;Ljava/util/List;)V
***desc= ()V
***desc= (Lorg/activiti/bpmn/model/BpmnModel;Lorg/activiti/bpmn/model/Process;Ljava/util/List;)V
***desc= ()V
***desc= (Lorg/activiti/bpmn/model/BpmnModel;Lorg/activiti/bpmn/model/Process;Ljava/util/List;)V
***desc= ()V
***desc= (Lorg/activiti/bpmn/model/BpmnModel;Ljava/util/List;)V
***desc= ()V
***desc= (Lorg/activiti/bpmn/model/BpmnModel;Ljava/util/List;)V
***desc= ()V
***desc= (Lorg/activiti/bpmn/model/BpmnModel;Lorg/activiti/bpmn/model/Process;Ljava/util/List;)V
***desc= ()V
***desc= (Lorg/activiti/bpmn/model/BpmnModel;Lorg/activiti/bpmn/model/Process;Ljava/util/List;)V
***desc= ()V
***desc= (Lorg/activiti/bpmn/model/BpmnModel;Lorg/activiti/bpmn/model/Process;Ljava/util/List;)V
***desc= ()V
***desc= (Lorg/activiti/bpmn/model/BpmnModel;Ljava/util/List;)V
***desc= ()V
***desc= (Lorg/activiti/bpmn/model/BpmnModel;Lorg/activiti/bpmn/model/Process;Ljava/util/List;)V
***desc= (Lorg/activiti/bpmn/model/Process;Lorg/activiti/bpmn/model/Event;Lorg/activiti/bpmn/model/EventDefinition;Ljava/util/List;)V
***desc= ()V
***desc= (Lorg/activiti/bpmn/model/BpmnModel;Lorg/activiti/bpmn/model/Process;Ljava/util/List;)V
***desc= ()V
***desc= ()V
***desc= (Lorg/activiti/bpmn/model/BpmnModel;Lorg/activiti/bpmn/model/Process;Ljava/util/List;)V
***desc= ()V
***desc= (Lorg/activiti/bpmn/model/BpmnModel;Lorg/activiti/bpmn/model/Process;Ljava/util/List;)V
***desc= (Lorg/activiti/bpmn/model/Process;Lorg/activiti/bpmn/model/BaseElement;Ljava/util/List;Ljava/util/List;)V
***desc= ()V
***desc= (Lorg/activiti/bpmn/model/BpmnModel;Ljava/util/List;)V
***desc= (Ljavax/el/ValueExpression;Ljava/lang/String;)V
***desc= (Lorg/activiti/engine/delegate/VariableScope;)Ljava/lang/Object;
***desc= ()V
***desc= (Z)V
***desc= ()V
***desc= ()Ljavax/el/FunctionMapper;
***desc= ()Ljavax/el/VariableMapper;
***desc= (ZLjava/lang/Class;Ljava/lang/String;Ljava/lang/String;)V
***desc= (Ljava/lang/Class;Ljava/lang/String;Ljava/lang/String;)V
***desc= (Ljavax/el/ELResolver;)V
***desc= (Lorg/activiti/engine/delegate/VariableScope;)V
***desc= (Ljava/util/Map;)V
***desc= (Ljava/util/Map;Z)V
***desc= (Ljava/lang/String;)Lorg/activiti/engine/delegate/Expression;
***desc= (Lorg/activiti/engine/delegate/VariableScope;)Ljavax/el/ELContext;
***desc= (Lorg/activiti/engine/delegate/VariableScope;)Lorg/activiti/engine/impl/el/ActivitiElContext;
***desc= (Lorg/activiti/engine/delegate/VariableScope;)Ljavax/el/ELResolver;
***desc= ()V
***desc= (Lorg/activiti/bpmn/model/HasExecutionListeners;Lorg/activiti/engine/delegate/DelegateExecution;Ljava/lang/String;)V
***desc= (Lorg/activiti/engine/impl/persistence/entity/TaskEntity;Ljava/lang/String;)V
***desc= (Lorg/activiti/bpmn/model/UserTask;Lorg/activiti/engine/impl/persistence/entity/TaskEntity;Ljava/lang/String;)V
***desc= ()V
***desc= (Lorg/activiti/engine/impl/persistence/entity/DeploymentEntity;Ljava/util/Map;)V
***desc= (Ljava/lang/String;)Lorg/activiti/engine/repository/ProcessDefinition;
***desc= (Ljava/lang/String;)Lorg/activiti/engine/repository/ProcessDefinition;
***desc= (Lorg/activiti/engine/repository/ProcessDefinition;)Lorg/activiti/engine/impl/persistence/deploy/ProcessDefinitionCacheEntry;
***desc= (Ljava/lang/String;Z)V
***desc= (Ljava/util/List;)V
***desc= ()Lorg/activiti/engine/impl/persistence/deploy/DeploymentCache;
***desc= (Lorg/activiti/engine/impl/persistence/deploy/DeploymentCache;)V
***desc= ()Lorg/activiti/engine/impl/persistence/deploy/ProcessDefinitionInfoCache;
***desc= (Lorg/activiti/engine/impl/persistence/deploy/ProcessDefinitionInfoCache;)V
***desc= (Lorg/activiti/engine/impl/persistence/deploy/DeploymentCache;)V
***desc= (Lorg/activiti/engine/impl/cfg/ProcessEngineConfigurationImpl;)V
***desc= (Lorg/activiti/engine/impl/persistence/entity/ProcessDefinitionEntityManager;)V
***desc= (Lorg/activiti/engine/impl/persistence/entity/DeploymentEntityManager;)V
***desc= (Lorg/activiti/engine/impl/persistence/deploy/ProcessDefinitionInfoCache;Ljava/lang/String;)V
***desc= ()V
***desc= (Ljava/lang/String;)Ljava/lang/Object;
***desc= (Ljava/lang/String;Ljava/lang/Object;)V
***desc= (Ljava/lang/String;)V
***desc= ()V
***desc= ()V
***desc= (I)V
***desc= ()Lcom/fasterxml/jackson/databind/node/ObjectNode;
***desc= (Lcom/fasterxml/jackson/databind/node/ObjectNode;)V
***desc= (Lorg/activiti/engine/repository/ProcessDefinition;Lorg/activiti/bpmn/model/BpmnModel;Lorg/activiti/bpmn/model/Process;)V
***desc= ()Lorg/activiti/engine/repository/ProcessDefinition;
***desc= ()Lorg/activiti/bpmn/model/BpmnModel;
***desc= ()Lorg/activiti/bpmn/model/Process;
***desc= (Lorg/activiti/engine/impl/interceptor/CommandExecutor;)V
***desc= (Ljava/lang/String;)Lorg/activiti/engine/impl/persistence/deploy/ProcessDefinitionInfoCacheObject;
***desc= (Ljava/lang/String;Lorg/activiti/engine/impl/interceptor/CommandContext;)Lorg/activiti/engine/impl/persistence/deploy/ProcessDefinitionInfoCacheObject;
***desc= ()V
***desc= (Lorg/activiti/bpmn/model/SequenceFlow;Lorg/activiti/engine/delegate/DelegateExecution;)Z
***desc= ()V
***desc= (Lorg/activiti/engine/impl/bpmn/parser/BpmnParser;)Lorg/activiti/engine/impl/bpmn/parser/BpmnParse;
***desc= ()V
***desc= ()V
***desc= ()Lorg/activiti/engine/impl/interceptor/CommandInterceptor;
***desc= ()V
***desc= ()Z
***desc= ()Z
***desc= ()Z
***desc= ()V
***desc= (Lorg/activiti/engine/impl/interceptor/CommandConfig;Lorg/activiti/engine/impl/interceptor/CommandInterceptor;)V
***desc= (Lorg/activiti/engine/impl/interceptor/Command;)Ljava/lang/Object;
***desc= (Lorg/activiti/engine/impl/interceptor/CommandConfig;Lorg/activiti/engine/impl/interceptor/Command;)Ljava/lang/Object;
***desc= ()V
***desc= ()V
***desc= ()V
***desc= ()Lorg/activiti/engine/ProcessEngine;
***desc= ()V
***desc= ()V
***desc= ()V
***desc= ()V
***desc= ()V
***desc= ()V
***desc= ()V
***desc= ()Ljava/util/Collection;
***desc= ()V
***desc= (Ljava/util/List;)Lorg/activiti/engine/impl/interceptor/CommandInterceptor;
***desc= ()V
***desc= (Ljava/lang/Object;)V
***desc= ()V
***desc= ()Ljava/util/Properties;
***desc= ()V
***desc= ()V
***desc= ()V
***desc= (Lorg/apache/ibatis/mapping/Environment;Ljava/io/Reader;Ljava/util/Properties;)Lorg/apache/ibatis/session/Configuration;
***desc= (Lorg/apache/ibatis/session/Configuration;)V
***desc= (Lorg/apache/ibatis/session/Configuration;)V
***desc= (Lorg/apache/ibatis/session/Configuration;Lorg/apache/ibatis/builder/xml/XMLConfigBuilder;)Lorg/apache/ibatis/session/Configuration;
***desc= (Lorg/apache/ibatis/session/Configuration;)Lorg/apache/ibatis/session/Configuration;
***desc= (Ljava/lang/String;)Ljava/io/InputStream;
***desc= ()Ljava/io/InputStream;
***desc= ()Ljava/util/Set;
***desc= ()Ljava/util/Set;
***desc= ()V
***desc= ()V
***desc= ()V
***desc= ()V
***desc= ()V
***desc= ()V
***desc= ()Lorg/activiti/engine/impl/db/DbSqlSessionFactory;
***desc= (Lorg/activiti/engine/impl/interceptor/SessionFactory;)V
***desc= ()V
***desc= ()V
***desc= ()V
***desc= ()V
***desc= ()V
***desc= ()V
***desc= ()V
***desc= ()V
***desc= ()Ljava/util/Collection;
***desc= ()V
***desc= ()V
***desc= ()V
***desc= ()Ljava/util/List;
***desc= ()V
***desc= ()V
***desc= ()V
***desc= ()V
***desc= ()V
***desc= ()V
***desc= ()V
***desc= ()V
***desc= ()V
***desc= ()V
***desc= ()I
***desc= ()V
***desc= ()V
***desc= ()V
***desc= ()V
***desc= ()V
***desc= ()V
***desc= ()V
***desc= ()V
***desc= ()V
***desc= ()V
***desc= ()V
***desc= ()V
***desc= ()Lorg/activiti/engine/impl/interceptor/CommandConfig;
***desc= ()Lorg/activiti/engine/impl/interceptor/CommandConfig;
***desc= ()Lorg/activiti/engine/impl/interceptor/CommandExecutor;
***desc= ()Lorg/activiti/engine/RepositoryService;
***desc= ()Lorg/activiti/engine/RuntimeService;
***desc= ()Lorg/activiti/engine/HistoryService;
***desc= ()Lorg/activiti/engine/TaskService;
***desc= ()Lorg/activiti/engine/ManagementService;
***desc= ()Lorg/activiti/engine/DynamicBpmnService;
***desc= ()Ljava/util/Map;
***desc= ()Lorg/activiti/engine/impl/cfg/IdGenerator;
***desc= ()Lorg/activiti/engine/impl/variable/VariableTypes;
***desc= ()Lorg/activiti/engine/impl/el/ExpressionManager;
***desc= ()Lorg/activiti/engine/impl/calendar/BusinessCalendarManager;
***desc= ()Lorg/activiti/engine/impl/cfg/TransactionContextFactory;
***desc= ()Ljava/util/Map;
***desc= ()Lorg/activiti/engine/impl/util/ProcessInstanceHelper;
***desc= ()Lorg/activiti/engine/impl/bpmn/listener/ListenerNotificationHelper;
***desc= ()Ljava/util/List;
***desc= ()Ljava/util/List;
***desc= ()Ljava/util/List;
***desc= ()Lorg/activiti/engine/impl/persistence/deploy/DeploymentManager;
***desc= ()Lorg/activiti/engine/impl/interceptor/DelegateInterceptor;
***desc= ()Lorg/activiti/engine/impl/jobexecutor/FailedJobCommandFactory;
***desc= ()Lorg/activiti/engine/impl/persistence/deploy/DeploymentCache;
***desc= ()Z
***desc= ()Lorg/activiti/engine/delegate/event/ActivitiEventDispatcher;
***desc= ()Lorg/activiti/validation/ProcessValidator;
***desc= ()Z
***desc= ()Lorg/activiti/engine/impl/cfg/PerformanceSettings;
***desc= ()Lorg/activiti/engine/impl/persistence/entity/AttachmentEntityManager;
***desc= ()Lorg/activiti/engine/impl/persistence/entity/CommentEntityManager;
***desc= ()Lorg/activiti/engine/impl/persistence/entity/DeploymentEntityManager;
***desc= ()Lorg/activiti/engine/impl/persistence/entity/EventSubscriptionEntityManager;
***desc= ()Lorg/activiti/engine/impl/persistence/entity/ExecutionEntityManager;
***desc= ()Lorg/activiti/engine/impl/persistence/entity/HistoricActivityInstanceEntityManager;
***desc= ()Lorg/activiti/engine/impl/persistence/entity/HistoricDetailEntityManager;
***desc= ()Lorg/activiti/engine/impl/persistence/entity/HistoricIdentityLinkEntityManager;
***desc= ()Lorg/activiti/engine/impl/persistence/entity/HistoricProcessInstanceEntityManager;
***desc= ()Lorg/activiti/engine/impl/persistence/entity/HistoricTaskInstanceEntityManager;
***desc= ()Lorg/activiti/engine/impl/persistence/entity/HistoricVariableInstanceEntityManager;
***desc= ()Lorg/activiti/engine/impl/persistence/entity/IdentityLinkEntityManager;
***desc= ()Lorg/activiti/engine/impl/persistence/entity/JobEntityManager;
***desc= ()Lorg/activiti/engine/impl/persistence/entity/TimerJobEntityManager;
***desc= ()Lorg/activiti/engine/impl/persistence/entity/SuspendedJobEntityManager;
***desc= ()Lorg/activiti/engine/impl/persistence/entity/DeadLetterJobEntityManager;
***desc= ()Lorg/activiti/engine/impl/persistence/entity/ModelEntityManager;
***desc= ()Lorg/activiti/engine/impl/persistence/entity/ProcessDefinitionEntityManager;
***desc= ()Lorg/activiti/engine/impl/persistence/entity/ProcessDefinitionInfoEntityManager;
***desc= ()Lorg/activiti/engine/impl/persistence/entity/PropertyEntityManager;
***desc= ()Lorg/activiti/engine/impl/persistence/entity/ResourceEntityManager;
***desc= ()Lorg/activiti/engine/impl/persistence/entity/TaskEntityManager;
***desc= ()Lorg/activiti/engine/impl/persistence/entity/VariableInstanceEntityManager;
***desc= ()Lorg/activiti/engine/impl/history/HistoryManager;
***desc= ()Lorg/activiti/engine/impl/asyncexecutor/JobManager;
***desc= ()Lcom/fasterxml/jackson/databind/ObjectMapper;
***desc= ()Z
***desc= ()Lorg/activiti/engine/compatibility/Activiti5CompatibilityHandler;
***desc= ()I
***desc= ()V
***desc= ()V
***desc= (Lorg/activiti/engine/impl/bpmn/parser/BpmnParse;Lorg/activiti/bpmn/model/BaseElement;)V
***desc= ()V
***desc= ()Ljava/lang/Class;
***desc= ()V
***desc= ()V
***desc= ()Ljava/lang/Class;
***desc= (Lorg/activiti/engine/impl/bpmn/parser/BpmnParse;Lorg/activiti/bpmn/model/Process;)V
***desc= (Lorg/activiti/engine/impl/bpmn/parser/BpmnParse;Lorg/activiti/bpmn/model/Process;)Lorg/activiti/engine/impl/persistence/entity/ProcessDefinitionEntity;
***desc= (Lorg/activiti/engine/impl/bpmn/parser/BpmnParse;Ljava/util/List;)V
***desc= ()V
***desc= ()V
***desc= ()Ljava/lang/Class;
***desc= (Lorg/activiti/engine/impl/bpmn/parser/BpmnParse;Lorg/activiti/bpmn/model/BoundaryEvent;)V
***desc= ()V
***desc= ()V
***desc= ()Ljava/lang/Class;
***desc= ()V
***desc= ()Ljava/lang/Class;
***desc= ()V
***desc= ()Ljava/lang/Class;
***desc= ()V
***desc= ()V
***desc= ()Ljava/lang/Class;
***desc= ()V
***desc= ()Ljava/lang/Class;
***desc= ()V
***desc= ()Ljava/lang/Class;
***desc= ()V
***desc= ()Ljava/lang/Class;
***desc= ()V
***desc= ()V
***desc= ()Ljava/lang/Class;
***desc= ()V
***desc= ()Ljava/lang/Class;
***desc= ()V
***desc= ()Ljava/lang/Class;
***desc= ()V
***desc= ()Ljava/lang/Class;
***desc= ()V
***desc= ()V
***desc= ()Ljava/lang/Class;
***desc= ()V
***desc= ()Ljava/lang/Class;
***desc= ()V
***desc= ()Ljava/lang/Class;
***desc= ()V
***desc= ()Ljava/lang/Class;
***desc= ()V
***desc= ()Ljava/lang/Class;
***desc= (Lorg/activiti/engine/impl/bpmn/parser/BpmnParse;Lorg/activiti/bpmn/model/TimerEventDefinition;)V
***desc= ()V
***desc= ()Ljava/util/Set;
***desc= (Lorg/activiti/engine/impl/bpmn/parser/BpmnParse;Lorg/activiti/bpmn/model/BaseElement;)V
***desc= (Lorg/activiti/engine/impl/bpmn/parser/BpmnParse;Ljava/util/Collection;)V
***desc= ()V
***desc= ()Ljava/lang/Class;
***desc= ()V
***desc= ()V
***desc= ()Ljava/lang/Class;
***desc= ()V
***desc= ()V
***desc= ()Ljava/lang/Class;
***desc= ()V
***desc= ()Ljava/lang/Class;
***desc= ()V
***desc= ()Ljava/lang/Class;
***desc= (Lorg/activiti/engine/impl/bpmn/parser/BpmnParse;Lorg/activiti/bpmn/model/UserTask;)V
***desc= ()V
***desc= ()Ljava/lang/Class;
***desc= ()V
***desc= ()Ljava/lang/Class;
***desc= (Lorg/activiti/engine/impl/bpmn/parser/BpmnParse;Lorg/activiti/bpmn/model/SequenceFlow;)V
***desc= ()V
***desc= ()Ljava/lang/Class;
***desc= ()V
***desc= ()Ljava/lang/Class;
***desc= (Lorg/activiti/engine/impl/bpmn/parser/BpmnParse;Lorg/activiti/bpmn/model/EndEvent;)V
***desc= ()V
***desc= ()V
***desc= ()Ljava/lang/Class;
***desc= ()V
***desc= ()Ljava/lang/Class;
***desc= (Lorg/activiti/engine/impl/bpmn/parser/BpmnParse;Lorg/activiti/bpmn/model/StartEvent;)V
***desc= ()V
***desc= ()V
***desc= ()Ljava/lang/String;
***desc= ()V
***desc= (Lorg/activiti/engine/impl/variable/VariableType;)Lorg/activiti/engine/impl/variable/DefaultVariableTypes;
***desc= (Lorg/activiti/engine/impl/variable/VariableType;I)Lorg/activiti/engine/impl/variable/DefaultVariableTypes;
***desc= ()V
***desc= ()Ljava/lang/String;
***desc= (Ljava/lang/String;Ljava/lang/Class;)V
***desc= ()Ljava/lang/String;
***desc= ()Ljava/lang/String;
***desc= ()V
***desc= (Z)V
***desc= (ILcom/fasterxml/jackson/databind/ObjectMapper;)V
***desc= ()Ljava/lang/String;
***desc= ()V
***desc= ()Ljava/lang/String;
***desc= ()V
***desc= ()Ljava/lang/String;
***desc= (ILcom/fasterxml/jackson/databind/ObjectMapper;)V
***desc= ()Ljava/lang/String;
***desc= ()V
***desc= (I)V
***desc= ()Ljava/lang/String;
***desc= ()V
***desc= ()Ljava/lang/String;
***desc= ()V
***desc= ()Ljava/lang/String;
***desc= ()V
***desc= ()Ljava/lang/String;
***desc= ()V
***desc= ()Ljava/lang/String;
***desc= (I)V
***desc= ()Ljava/lang/String;
***desc= ()V
***desc= ()Ljava/lang/String;
***desc= ()V
***desc= ()Ljava/lang/String;
***desc= ()V
***desc= ()Ljava/lang/String;
***desc= (Lorg/activiti/engine/delegate/DelegateExecution;Ljava/lang/String;)Z
***desc= ()V
***desc= (Ljava/io/Reader;)V
***desc= (Ljava/lang/String;)V
***desc= ()V
***desc= ()C
***desc= ()C
***desc= (C)Ljava/lang/String;
***desc= ()Ljava/lang/Object;
***desc= ()V
***desc= (Lorg/activiti/engine/impl/util/json/JSONTokener;)V
***desc= (Ljava/lang/String;)V
***desc= (Ljava/lang/String;)Ljava/lang/Object;
***desc= ()Ljava/util/Iterator;
***desc= (Ljava/lang/String;)Ljava/lang/Object;
***desc= (Ljava/lang/String;Ljava/lang/Object;)Lorg/activiti/engine/impl/util/json/JSONObject;
***desc= (Ljava/lang/String;Ljava/lang/Object;)Lorg/activiti/engine/impl/util/json/JSONObject;
***desc= (Ljava/lang/String;)Ljava/lang/String;
***desc= (Ljava/lang/Object;)V
***desc= ()Ljava/lang/String;
***desc= (Ljava/lang/Object;)Ljava/lang/String;
***desc= ()V
***desc= (Ljava/lang/String;)V
***desc= ()V
***desc= ()V
***desc= ()V
***desc= ()V
***desc= (Lorg/activiti/engine/impl/cfg/ProcessEngineConfigurationImpl;Ljava/util/List;)V
***desc= (Lorg/activiti/engine/impl/scripting/ScriptBindingsFactory;)V
***desc= (Ljavax/script/ScriptEngineManager;)V
***desc= (Lorg/activiti/engine/impl/interceptor/CommandContext;Lorg/activiti/engine/impl/persistence/entity/ExecutionEntity;Z)V
***desc= ()V
***desc= (Lorg/activiti/bpmn/model/FlowNode;)V
***desc= (Lorg/activiti/bpmn/model/FlowNode;)V
***desc= (Lorg/activiti/bpmn/model/FlowNode;)V
***desc= (Lorg/activiti/bpmn/model/FlowElement;)V
***desc= ()V
***desc= ()V
***desc= (Lorg/activiti/engine/impl/interceptor/CommandContext;)Lorg/activiti/engine/ActivitiEngineAgenda;
***desc= (Lorg/activiti/engine/impl/interceptor/CommandContext;Lorg/activiti/engine/impl/persistence/entity/ExecutionEntity;ZZ)V
***desc= (Lorg/activiti/engine/impl/interceptor/CommandContext;Lorg/activiti/engine/impl/persistence/entity/ExecutionEntity;)V
***desc= ()V
***desc= ()V
***desc= (Lorg/activiti/bpmn/model/FlowNode;)V
***desc= (Lorg/activiti/bpmn/model/FlowNode;)V
***desc= (Lorg/activiti/engine/impl/delegate/ActivityBehavior;Lorg/activiti/bpmn/model/FlowNode;)V
***desc= (Lorg/activiti/bpmn/model/SequenceFlow;)V
***desc= (Ljava/util/Collection;Lorg/activiti/engine/impl/persistence/entity/ExecutionEntity;)V
***desc= ()V
***desc= (Lorg/activiti/engine/impl/interceptor/CommandContext;Lorg/activiti/engine/impl/persistence/entity/ExecutionEntity;)V
***desc= (Lorg/activiti/engine/impl/persistence/entity/ExecutionEntity;)Lorg/activiti/bpmn/model/FlowElement;
***desc= (Lorg/activiti/bpmn/model/HasExecutionListeners;Lorg/activiti/engine/impl/persistence/entity/ExecutionEntity;Ljava/lang/String;)V
***desc= ()Lorg/activiti/engine/impl/persistence/entity/ExecutionEntity;
***desc= (Lorg/activiti/engine/impl/interceptor/CommandContext;)V
***desc= ()Z
***desc= ()Ljava/lang/Runnable;
***desc= (Ljava/lang/Runnable;)V
***desc= (Lorg/activiti/engine/impl/persistence/entity/ExecutionEntity;)V
***desc= (Lorg/activiti/engine/impl/persistence/entity/ExecutionEntity;Z)V
***desc= (Lorg/activiti/engine/impl/persistence/entity/ExecutionEntity;)V
***desc= ()V
***desc= ()V
***desc= (Lorg/activiti/engine/impl/interceptor/CommandContext;)V
***desc= ()V
***desc= ()V
***desc= (Lorg/activiti/engine/impl/interceptor/CommandContext;Lorg/activiti/engine/impl/persistence/entity/ExecutionEntity;)V
***desc= ()V
***desc= ()V
***desc= ()V
***desc= ()V
***desc= ()V
***desc= ()D
***desc= (D)V
***desc= ()D
***desc= (D)V
***desc= (D)V
***desc= (D)V
***desc= (I)V
***desc= (I)V
***desc= ()V
***desc= ()Lorg/activiti/bpmn/model/Activity;
***desc= (Lorg/activiti/bpmn/model/Activity;)V
***desc= ()Ljava/lang/String;
***desc= (Ljava/lang/String;)V
***desc= ()Z
***desc= ()V
***desc= ()Ljava/lang/String;
***desc= (Ljava/lang/String;)V
***desc= (Ljava/lang/String;)V
***desc= (Z)V
***desc= ()V
***desc= (Z)V
***desc= ()Ljava/util/List;
***desc= ()Lorg/activiti/bpmn/model/MultiInstanceLoopCharacteristics;
***desc= ()Z
***desc= ()Ljava/util/List;
***desc= ()Ljava/util/List;
***desc= ()V
***desc= ()Ljava/lang/String;
***desc= ()Ljava/lang/String;
***desc= (Ljava/lang/String;)V
***desc= ()Ljava/lang/String;
***desc= ()Ljava/lang/String;
***desc= ()Ljava/lang/String;
***desc= ()V
***desc= ()Ljava/lang/String;
***desc= ()Ljava/lang/String;
***desc= (Ljava/lang/String;)V
***desc= ()Ljava/lang/String;
***desc= (Ljava/lang/String;)V
***desc= ()Ljava/lang/String;
***desc= (Ljava/lang/String;)V
***desc= ()Lorg/activiti/bpmn/model/FlowElement;
***desc= (Lorg/activiti/bpmn/model/FlowElement;)V
***desc= ()Lorg/activiti/bpmn/model/FlowElement;
***desc= (Lorg/activiti/bpmn/model/FlowElement;)V
***desc= (Ljava/util/List;)V
***desc= ()V
***desc= ()Z
***desc= (Z)V
***desc= (Z)V
***desc= ()Ljava/lang/Object;
***desc= (Ljava/lang/Object;)V
***desc= ()Ljava/util/List;
***desc= ()Ljava/util/List;
***desc= ()V
***desc= ()Ljava/lang/String;
***desc= ()Ljava/lang/String;
***desc= (Ljava/lang/String;)V
***desc= ()Z
***desc= (Z)V
***desc= ()Ljava/util/List;
***desc= (Ljava/lang/String;)Lorg/activiti/bpmn/model/FlowElement;
***desc= (Ljava/lang/String;Z)Lorg/activiti/bpmn/model/FlowElement;
***desc= (Ljava/lang/String;)Lorg/activiti/bpmn/model/FlowElementsContainer;
***desc= (Lorg/activiti/bpmn/model/FlowElementsContainer;Ljava/lang/String;)Lorg/activiti/bpmn/model/FlowElementsContainer;
***desc= (Ljava/lang/String;)Lorg/activiti/bpmn/model/FlowElement;
***desc= ()Ljava/util/Collection;
***desc= (Lorg/activiti/bpmn/model/FlowElement;)V
***desc= ()Ljava/util/Collection;
***desc= ()Ljava/util/List;
***desc= ()Ljava/util/List;
***desc= ()Ljava/util/List;
***desc= (Ljava/lang/Class;)Ljava/util/List;
***desc= (Ljava/lang/Class;Z)Ljava/util/List;
***desc= ()Ljava/util/List;
***desc= ()Lorg/activiti/bpmn/model/FlowElement;
***desc= (Lorg/activiti/bpmn/model/FlowElement;)V
***desc= ()V
***desc= ()Ljava/lang/String;
***desc= (Ljava/lang/String;)V
***desc= ()Ljava/lang/String;
***desc= ()Ljava/util/List;
***desc= ()Lorg/activiti/bpmn/model/FlowElementsContainer;
***desc= ()Lorg/activiti/bpmn/model/SubProcess;
***desc= (Lorg/activiti/bpmn/model/FlowElementsContainer;)V
***desc= ()V
***desc= (Lorg/activiti/bpmn/model/ExtensionAttribute;)V
***desc= (Ljava/lang/String;)Lorg/activiti/bpmn/model/Process;
***desc= ()Ljava/util/List;
***desc= (Ljava/lang/String;)Lorg/activiti/bpmn/model/FlowElement;
***desc= (Ljava/lang/String;Lorg/activiti/bpmn/model/GraphicInfo;)V
***desc= (Ljava/lang/String;)Ljava/util/List;
***desc= ()Ljava/util/Map;
***desc= ()Ljava/util/Map;
***desc= (Ljava/lang/String;Ljava/util/List;)V
***desc= ()Ljava/util/Collection;
***desc= ()Ljava/util/Collection;
***desc= ()Ljava/util/Map;
***desc= ()Ljava/util/List;
***desc= ()Ljava/util/List;
***desc= ()Ljava/util/List;
***desc= (Ljava/lang/String;Ljava/lang/String;)V
***desc= ()Ljava/lang/String;
***desc= (Ljava/lang/String;)V
***desc= (Ljava/lang/String;)V
***desc= (Ljava/util/List;)V
***desc= (Ljava/util/List;)V
***desc= ()Ljava/lang/Object;
***desc= (Ljava/lang/Object;)V
***desc= ()V
***desc= ()Ljava/lang/String;
***desc= (Ljava/lang/String;)V
***desc= ()Ljava/lang/String;
***desc= (Ljava/lang/String;)V
***desc= ()Ljava/lang/String;
***desc= (Ljava/lang/String;)V
***desc= ()Ljava/lang/String;
***desc= (Ljava/lang/String;)V
***desc= ()Ljava/lang/String;
***desc= (Ljava/lang/String;)V
***desc= (Ljava/lang/String;)V
***desc= ()Ljava/lang/String;
***desc= (Ljava/lang/String;)V
***desc= (Ljava/lang/String;)V
***desc= ()Ljava/util/List;
***desc= ()Ljava/util/List;
***desc= ()Ljava/util/List;
***desc= ()Ljava/util/Map;
***desc= ()Ljava/util/Map;
***desc= ()Ljava/lang/String;
***desc= ()V
***desc= (Ljava/lang/String;)V
***desc= (Ljava/lang/String;Ljava/lang/String;)V
***desc= ()Ljava/lang/String;
***desc= (Ljava/lang/String;)V
***desc= (Ljava/lang/String;)V
***desc= (Ljava/lang/String;)V
***desc= ()Ljava/lang/String;
***desc= (Ljava/lang/String;)V
***desc= ()V
***desc= ()Ljava/util/List;
***desc= ()V
***desc= ()Ljava/lang/String;
***desc= (Ljava/lang/String;)V
***desc= (I)V
***desc= (I)V
***desc= ()Ljava/util/Map;
***desc= (I)V
***desc= (Lorg/activiti/engine/impl/interceptor/CommandContext;)Ljava/util/List;
***desc= ()V
***desc= (Lorg/activiti/engine/impl/persistence/entity/TimerJobEntity;)V
***desc= ()Ljava/util/Collection;
***desc= ()I
***desc= ()V
***desc= (Lorg/activiti/engine/runtime/Job;)Z
***desc= (Lorg/activiti/engine/runtime/Job;)Ljava/lang/Runnable;
***desc= ()V
***desc= ()V
***desc= ()V
***desc= ()V
***desc= ()V
***desc= ()V
***desc= ()V
***desc= ()V
***desc= ()V
***desc= ()V
***desc= ()V
***desc= ()Lorg/activiti/engine/impl/cfg/ProcessEngineConfigurationImpl;
***desc= (Lorg/activiti/engine/impl/cfg/ProcessEngineConfigurationImpl;)V
***desc= ()Z
***desc= (Z)V
***desc= ()Z
***desc= (Z)V
***desc= (I)V
***desc= (I)V
***desc= (I)V
***desc= (J)V
***desc= (J)V
***desc= ()Ljava/lang/String;
***desc= ()I
***desc= (I)V
***desc= ()I
***desc= (I)V
***desc= ()I
***desc= ()I
***desc= ()I
***desc= (I)V
***desc= ()I
***desc= (I)V
***desc= (I)V
***desc= ()I
***desc= (I)V
***desc= ()I
***desc= (I)V
***desc= ()V
***desc= (Lorg/activiti/engine/impl/asyncexecutor/AcquireTimerJobsRunnable;Lorg/activiti/engine/impl/asyncexecutor/AcquiredTimerJobEntities;)V
***desc= (Lorg/activiti/engine/impl/interceptor/CommandContext;)Ljava/lang/Void;
***desc= (Lorg/activiti/engine/runtime/Job;Lorg/activiti/engine/impl/cfg/ProcessEngineConfigurationImpl;)V
***desc= ()V
***desc= ()Z
***desc= ()V
***desc= ()V
***desc= ()Z
***desc= ()V
***desc= (Lorg/activiti/engine/impl/asyncexecutor/AsyncExecutor;)V
***desc= ()V
***desc= ()V
***desc= ()V
***desc= (Lorg/activiti/engine/impl/asyncexecutor/AsyncExecutor;)V
***desc= ()V
***desc= ()V
***desc= ()V
***desc= (Lorg/activiti/engine/impl/asyncexecutor/AsyncExecutor;Lorg/activiti/engine/impl/asyncexecutor/JobManager;)V
***desc= ()V
***desc= ()V
***desc= ()V
***desc= ()V
***desc= ()Ljava/util/Collection;
***desc= ()I
***desc= (Lorg/activiti/engine/impl/cfg/ProcessEngineConfigurationImpl;)V
***desc= (Lorg/activiti/engine/impl/persistence/entity/JobEntity;)V
***desc= (Lorg/activiti/bpmn/model/TimerEventDefinition;ZLorg/activiti/engine/impl/persistence/entity/ExecutionEntity;Ljava/lang/String;Ljava/lang/String;)Lorg/activiti/engine/impl/persistence/entity/TimerJobEntity;
***desc= (Lorg/activiti/engine/impl/persistence/entity/TimerJobEntity;)V
***desc= (Lorg/activiti/engine/impl/persistence/entity/TimerJobEntity;)Lorg/activiti/engine/impl/persistence/entity/JobEntity;
***desc= (Lorg/activiti/engine/runtime/Job;)V
***desc= (Lorg/activiti/engine/impl/persistence/entity/JobEntity;)V
***desc= (Lorg/activiti/engine/impl/persistence/entity/JobEntity;)V
***desc= (Lorg/activiti/engine/impl/persistence/entity/JobEntity;Lorg/activiti/engine/delegate/VariableScope;)V
***desc= (Lorg/activiti/bpmn/model/Process;Ljava/lang/String;)I
***desc= (Lorg/activiti/engine/impl/persistence/entity/JobEntity;Ljava/util/Date;Lorg/activiti/engine/delegate/VariableScope;)Z
***desc= (Ljava/lang/String;Lorg/activiti/engine/delegate/VariableScope;)Ljava/lang/String;
***desc= (Lorg/activiti/engine/impl/persistence/entity/JobEntity;)V
***desc= (Lorg/activiti/engine/impl/persistence/entity/AbstractJobEntity;)Lorg/activiti/engine/impl/persistence/entity/JobEntity;
***desc= (Lorg/activiti/engine/impl/persistence/entity/AbstractJobEntity;Lorg/activiti/engine/impl/persistence/entity/AbstractJobEntity;)Lorg/activiti/engine/impl/persistence/entity/AbstractJobEntity;
***desc= (Lorg/activiti/engine/impl/cfg/ProcessEngineConfigurationImpl;)V
***desc= ()Z
***desc= ()Lorg/activiti/engine/impl/interceptor/CommandContext;
***desc= ()Lorg/activiti/engine/impl/asyncexecutor/AsyncExecutor;
***desc= ()Lorg/activiti/engine/impl/persistence/entity/ExecutionEntityManager;
***desc= ()V
***desc= ()V
***desc= (Lorg/activiti/engine/impl/el/ExpressionManager;)V
***desc= (Lorg/activiti/engine/impl/bpmn/helper/ClassDelegateFactory;)V
***desc= ()V
***desc= ()V
***desc= (Lorg/activiti/engine/impl/bpmn/helper/ClassDelegateFactory;)V
***desc= ()V
***desc= (Lorg/activiti/bpmn/model/StartEvent;)Lorg/activiti/engine/impl/bpmn/behavior/NoneStartEventActivityBehavior;
***desc= (Lorg/activiti/bpmn/model/UserTask;)Lorg/activiti/engine/impl/bpmn/behavior/UserTaskActivityBehavior;
***desc= (Lorg/activiti/bpmn/model/EndEvent;)Lorg/activiti/engine/impl/bpmn/behavior/NoneEndEventActivityBehavior;
***desc= (Lorg/activiti/bpmn/model/BoundaryEvent;Lorg/activiti/bpmn/model/TimerEventDefinition;Z)Lorg/activiti/engine/impl/bpmn/behavior/BoundaryTimerEventActivityBehavior;
***desc= ()V
***desc= (Ljavax/xml/stream/XMLStreamReader;Lorg/activiti/bpmn/model/BpmnModel;)V
***desc= ()V
***desc= ()V
***desc= ()V
***desc= ()V
***desc= ()V
***desc= (Ljavax/xml/stream/XMLStreamReader;Lorg/activiti/bpmn/model/BpmnModel;)V
***desc= ()V
***desc= ()V
***desc= ()V
***desc= ()V
***desc= (Ljavax/xml/stream/XMLStreamReader;Lorg/activiti/bpmn/model/BpmnModel;)Lorg/activiti/bpmn/model/Process;
***desc= ()V
***desc= ()V
***desc= ()V
***desc= ()V
***desc= (Ljavax/xml/stream/XMLStreamReader;Lorg/activiti/bpmn/model/BpmnModel;)V
***desc= ()V
***desc= ()V
***desc= ()V
***desc= ()V
***desc= ()V
***desc= ()V
***desc= ()V
***desc= ()V
***desc= ()V
***desc= ()Ljava/lang/String;
***desc= ()V
***desc= ()Ljava/lang/String;
***desc= ()V
***desc= ()Ljava/lang/String;
***desc= ()Lorg/activiti/engine/impl/interceptor/CommandContext;
***desc= ()Lorg/activiti/engine/ActivitiEngineAgenda;
***desc= (Lorg/activiti/engine/impl/interceptor/CommandContext;)V
***desc= ()V
***desc= ()Lorg/activiti/engine/impl/cfg/ProcessEngineConfigurationImpl;
***desc= (Lorg/activiti/engine/impl/cfg/ProcessEngineConfigurationImpl;)V
***desc= ()V
***desc= (Lorg/activiti/engine/impl/cfg/TransactionContext;)V
***desc= ()V
***desc= (Ljava/lang/ThreadLocal;)Ljava/util/Stack;
***desc= ()V
***desc= ()V
***desc= ()V
***desc= ()V
***desc= (Lorg/activiti/engine/impl/asyncexecutor/AsyncExecutor;)V
***desc= (Lorg/activiti/engine/impl/interceptor/CommandContext;)Lorg/activiti/engine/impl/asyncexecutor/AcquiredJobEntities;
***desc= (Lorg/activiti/engine/runtime/Job;)V
***desc= (Lorg/activiti/engine/impl/interceptor/CommandContext;)Ljava/lang/Object;
***desc= ()V
***desc= (Ljava/lang/String;Ljava/lang/String;Ljava/lang/String;Ljava/util/Map;)V
***desc= (Lorg/activiti/engine/impl/interceptor/CommandContext;)Lorg/activiti/engine/runtime/ProcessInstance;
***desc= (Lorg/activiti/engine/repository/ProcessDefinition;Ljava/lang/String;Ljava/lang/String;Ljava/util/Map;Ljava/util/Map;)Lorg/activiti/engine/runtime/ProcessInstance;
***desc= (Ljava/lang/String;)V
***desc= (Lorg/activiti/engine/impl/interceptor/CommandContext;)Lcom/fasterxml/jackson/databind/node/ObjectNode;
***desc= (Lorg/activiti/engine/impl/asyncexecutor/AsyncExecutor;)V
***desc= (Lorg/activiti/engine/impl/interceptor/CommandContext;)Lorg/activiti/engine/impl/asyncexecutor/AcquiredTimerJobEntities;
***desc= (Lorg/activiti/engine/impl/interceptor/CommandContext;Lorg/activiti/engine/impl/persistence/entity/TimerJobEntity;I)V
***desc= (Ljava/lang/String;Z)V
***desc= (Lorg/activiti/engine/impl/interceptor/CommandContext;)Ljava/lang/Void;
***desc= (I)V
***desc= (Lorg/activiti/engine/impl/interceptor/CommandContext;)Lorg/activiti/engine/impl/db/IdBlock;
***desc= (Ljava/lang/String;)V
***desc= (Lorg/activiti/engine/impl/interceptor/CommandContext;)Ljava/lang/Object;
***desc= ()V
***desc= ()V
***desc= (Lorg/activiti/engine/impl/interceptor/CommandContext;)Ljava/lang/Void;
***desc= ()V
***desc= (Lorg/activiti/engine/impl/repository/DeploymentBuilderImpl;)V
***desc= (Lorg/activiti/engine/impl/interceptor/CommandContext;)Lorg/activiti/engine/repository/Deployment;
***desc= (Lorg/activiti/engine/impl/interceptor/CommandContext;)Lorg/activiti/engine/repository/Deployment;
***desc= (Lorg/activiti/engine/runtime/Job;)V
***desc= (Lorg/activiti/engine/impl/interceptor/CommandContext;)Ljava/lang/Object;
***desc= ()V
***desc= ()V
***desc= ()Ljava/lang/Class;
***desc= ()V
***desc= ()Ljava/lang/Class;
***desc= ()V
***desc= ()Lorg/activiti/engine/impl/bpmn/parser/BpmnParser;
***desc= (Lorg/activiti/engine/impl/bpmn/parser/BpmnParser;)V
***desc= (Lorg/activiti/engine/impl/persistence/entity/DeploymentEntity;Ljava/util/Map;)Lorg/activiti/engine/impl/bpmn/deployer/ParsedDeploymentBuilder;
***desc= (Lorg/activiti/engine/impl/persistence/entity/DeploymentEntity;Lorg/activiti/engine/impl/bpmn/parser/BpmnParser;Ljava/util/Map;)V
***desc= ()Lorg/activiti/engine/impl/bpmn/deployer/ParsedDeployment;
***desc= (Lorg/activiti/engine/impl/persistence/entity/ResourceEntity;)Lorg/activiti/engine/impl/bpmn/parser/BpmnParse;
***desc= (Ljava/lang/String;)Z
***desc= ()V
***desc= ()V
***desc= (Lorg/activiti/engine/impl/persistence/entity/ProcessDefinitionEntity;)V
***desc= (Lorg/activiti/engine/impl/persistence/entity/ProcessDefinitionEntity;Lorg/activiti/bpmn/model/Process;)V
***desc= (Lorg/activiti/engine/impl/persistence/entity/ProcessDefinitionEntity;Lorg/activiti/bpmn/model/Process;)Ljava/util/List;
***desc= ()V
***desc= (Ljava/util/Collection;)V
***desc= (Lorg/activiti/engine/impl/persistence/entity/DeploymentEntity;Ljava/util/List;)V
***desc= (Lorg/activiti/engine/impl/bpmn/deployer/ParsedDeployment;)V
***desc= (Lorg/activiti/engine/impl/persistence/entity/ProcessDefinitionEntity;)Lorg/activiti/engine/impl/persistence/entity/ProcessDefinitionEntity;
***desc= (Lorg/activiti/engine/impl/persistence/entity/ProcessDefinitionEntity;)Lorg/activiti/engine/impl/persistence/entity/ProcessDefinitionEntity;
***desc= (Lorg/activiti/engine/impl/persistence/entity/ProcessDefinitionEntity;Lorg/activiti/engine/impl/persistence/entity/ProcessDefinitionEntity;Lorg/activiti/engine/impl/bpmn/deployer/ParsedDeployment;)V
***desc= (Lorg/activiti/bpmn/model/Process;Lorg/activiti/engine/impl/persistence/entity/ProcessDefinitionEntity;)V
***desc= (Lorg/activiti/engine/impl/interceptor/CommandContext;Ljava/util/List;Lorg/activiti/engine/impl/persistence/entity/ProcessDefinitionEntity;Lorg/activiti/engine/impl/bpmn/deployer/BpmnDeploymentHelper$ExpressionType;)V
***desc= ()Lorg/activiti/engine/impl/bpmn/deployer/TimerManager;
***desc= (Lorg/activiti/engine/impl/bpmn/deployer/TimerManager;)V
***desc= ()Lorg/activiti/engine/impl/bpmn/deployer/EventSubscriptionManager;
***desc= (Lorg/activiti/engine/impl/bpmn/deployer/EventSubscriptionManager;)V
***desc= (Lorg/activiti/engine/impl/persistence/entity/DeploymentEntity;Ljava/util/List;Ljava/util/Map;Ljava/util/Map;)V
***desc= ()Lorg/activiti/engine/impl/persistence/entity/DeploymentEntity;
***desc= ()Ljava/util/List;
***desc= (Lorg/activiti/engine/impl/persistence/entity/ProcessDefinitionEntity;)Lorg/activiti/engine/impl/persistence/entity/ResourceEntity;
***desc= (Lorg/activiti/engine/impl/persistence/entity/ProcessDefinitionEntity;)Lorg/activiti/engine/impl/bpmn/parser/BpmnParse;
***desc= (Lorg/activiti/engine/impl/persistence/entity/ProcessDefinitionEntity;)Lorg/activiti/bpmn/model/BpmnModel;
***desc= (Lorg/activiti/engine/impl/persistence/entity/ProcessDefinitionEntity;)Lorg/activiti/bpmn/model/Process;
***desc= (Ljava/lang/String;)Ljava/lang/String;
***desc= (Lorg/activiti/engine/impl/persistence/entity/ProcessDefinitionEntity;Ljava/util/Map;)Ljava/lang/String;
***desc= ()V
***desc= ()V
***desc= (Lorg/activiti/engine/impl/bpmn/deployer/ParsedDeployment;)V
***desc= (Lorg/activiti/engine/impl/persistence/entity/ProcessDefinitionEntity;Lorg/activiti/engine/impl/cfg/ProcessEngineConfigurationImpl;Lorg/activiti/engine/impl/interceptor/CommandContext;)V
***desc= ()V
***desc= (Lorg/activiti/engine/impl/persistence/entity/DeploymentEntity;Ljava/util/Map;)V
***desc= (Lorg/activiti/engine/impl/bpmn/deployer/ParsedDeployment;)V
***desc= (Lorg/activiti/engine/impl/bpmn/deployer/ParsedDeployment;)Ljava/util/Map;
***desc= (Lorg/activiti/engine/impl/bpmn/deployer/ParsedDeployment;Ljava/util/Map;)V
***desc= (Lorg/activiti/engine/impl/bpmn/deployer/ParsedDeployment;)V
***desc= (Lorg/activiti/engine/impl/bpmn/deployer/ParsedDeployment;Ljava/util/Map;)V
***desc= (Lorg/activiti/engine/impl/bpmn/deployer/ParsedDeployment;)V
***desc= (Lorg/activiti/engine/impl/persistence/entity/ProcessDefinitionEntity;)Ljava/lang/String;
***desc= (Lorg/activiti/engine/impl/bpmn/deployer/ParsedDeployment;)V
***desc= (Ljava/lang/String;Lorg/activiti/bpmn/model/Process;)V
***desc= (Ljava/util/Collection;Lcom/fasterxml/jackson/databind/node/ObjectNode;)Z
***desc= (Ljava/util/List;Lcom/fasterxml/jackson/databind/node/ObjectNode;)Z
***desc= (Lorg/activiti/engine/impl/cfg/IdGenerator;)V
***desc= (Lorg/activiti/engine/impl/bpmn/deployer/ParsedDeploymentBuilderFactory;)V
***desc= (Lorg/activiti/engine/impl/bpmn/deployer/BpmnDeploymentHelper;)V
***desc= (Lorg/activiti/engine/impl/bpmn/deployer/CachingAndArtifactsManager;)V
***desc= ()V
***desc= ()V
***desc= (Lorg/activiti/engine/impl/persistence/entity/ProcessDefinitionEntity;)V
***desc= (Lorg/activiti/engine/impl/persistence/entity/ProcessDefinitionEntity;)V
***desc= (Lorg/activiti/engine/impl/persistence/entity/ProcessDefinitionEntity;Lorg/activiti/bpmn/model/Process;Lorg/activiti/bpmn/model/BpmnModel;)V
***desc= (Lorg/activiti/engine/impl/interceptor/CommandContext;Lorg/activiti/engine/impl/persistence/entity/ProcessDefinitionEntity;Lorg/activiti/bpmn/model/Process;Lorg/activiti/bpmn/model/BpmnModel;)V
***desc= ()V
***desc= ()V
***desc= (Lorg/activiti/bpmn/model/UserTask;)V
***desc= (Lorg/activiti/engine/delegate/DelegateExecution;)V
***desc= (Lorg/activiti/engine/impl/persistence/entity/TaskEntityManager;Ljava/lang/String;Ljava/lang/String;Ljava/util/List;Ljava/util/List;Lorg/activiti/engine/impl/persistence/entity/TaskEntity;Lorg/activiti/engine/impl/el/ExpressionManager;Lorg/activiti/engine/delegate/DelegateExecution;)V
***desc= ()V
***desc= ()V
***desc= (Lorg/activiti/engine/impl/persistence/entity/ExecutionEntity;)V
***desc= (Lorg/activiti/engine/impl/persistence/entity/ExecutionEntity;ZZ)V
***desc= ()V
***desc= ()V
***desc= (Lorg/activiti/bpmn/model/TimerEventDefinition;Z)V
***desc= (Lorg/activiti/engine/delegate/DelegateExecution;)V
***desc= ()V
***desc= (Z)V
***desc= (Lorg/activiti/engine/delegate/DelegateExecution;Ljava/lang/String;Ljava/lang/Object;)V
***desc= (Lorg/activiti/engine/impl/persistence/entity/ExecutionEntity;Lorg/activiti/engine/impl/interceptor/CommandContext;)V
***desc= (Lorg/activiti/engine/impl/persistence/entity/ExecutionEntity;Lorg/activiti/engine/impl/persistence/entity/ExecutionEntity;Lorg/activiti/engine/impl/interceptor/CommandContext;)V
***desc= ()V
***desc= (Lorg/activiti/engine/delegate/DelegateExecution;)V
***desc= (Lorg/activiti/engine/delegate/DelegateExecution;)V
***desc= (Ljavax/el/ValueExpression;)V
***desc= (Ljavax/el/ValueExpression;Ljavax/el/ELContext;)V
***desc= ()V
***desc= ()V
***desc= ()V
***desc= ()Ljava/lang/Object;
***desc= ()V
***desc= (Lorg/activiti/engine/impl/delegate/invocation/DelegateInvocation;)V
***desc= (Lorg/activiti/engine/impl/interceptor/CommandContextFactory;Lorg/activiti/engine/impl/cfg/ProcessEngineConfigurationImpl;)V
***desc= (Lorg/activiti/engine/impl/interceptor/CommandConfig;Lorg/activiti/engine/impl/interceptor/Command;)Ljava/lang/Object;
***desc= ()V
***desc= ()V
***desc= (Lorg/activiti/engine/impl/interceptor/CommandInterceptor;)V
***desc= ()V
***desc= (ZLorg/activiti/engine/impl/cfg/TransactionPropagation;)V
***desc= ()Z
***desc= ()Lorg/activiti/engine/impl/interceptor/CommandConfig;
***desc= ()Lorg/activiti/engine/impl/interceptor/CommandConfig;
***desc= (Lorg/activiti/engine/impl/interceptor/CommandInvoker;Lorg/activiti/engine/impl/interceptor/CommandContext;Lorg/activiti/engine/impl/interceptor/Command;)V
***desc= ()V
***desc= ()V
***desc= (Lorg/activiti/engine/impl/interceptor/Command;)Lorg/activiti/engine/impl/interceptor/CommandContext;
***desc= (Lorg/activiti/engine/impl/cfg/ProcessEngineConfigurationImpl;)V
***desc= (Lorg/activiti/engine/impl/cfg/TransactionContext;)V
***desc= (Lorg/activiti/engine/impl/interceptor/CommandContext;)V
***desc= (Lorg/activiti/engine/impl/interceptor/CommandContext;)V
***desc= (Lorg/activiti/engine/impl/interceptor/CommandContext;)V
***desc= (Lorg/activiti/engine/impl/cfg/TransactionContextFactory;)V
***desc= (Lorg/activiti/engine/impl/interceptor/CommandConfig;Lorg/activiti/engine/impl/interceptor/Command;)Ljava/lang/Object;
***desc= (Lorg/activiti/engine/impl/interceptor/Command;Lorg/activiti/engine/impl/cfg/ProcessEngineConfigurationImpl;)V
***desc= ()V
***desc= (Lorg/activiti/engine/impl/interceptor/CommandContextCloseListener;)V
***desc= ()V
***desc= ()V
***desc= ()V
***desc= ()V
***desc= ()V
***desc= (Ljava/lang/Class;)Ljava/lang/Object;
***desc= ()Lorg/activiti/engine/impl/db/DbSqlSession;
***desc= ()Lorg/activiti/engine/impl/persistence/cache/EntityCache;
***desc= ()Lorg/activiti/engine/impl/persistence/entity/DeploymentEntityManager;
***desc= ()Lorg/activiti/engine/impl/persistence/entity/ResourceEntityManager;
***desc= ()Lorg/activiti/engine/impl/persistence/entity/ProcessDefinitionEntityManager;
***desc= ()Lorg/activiti/engine/impl/persistence/entity/ModelEntityManager;
***desc= ()Lorg/activiti/engine/impl/persistence/entity/ProcessDefinitionInfoEntityManager;
***desc= ()Lorg/activiti/engine/impl/persistence/entity/ExecutionEntityManager;
***desc= ()Lorg/activiti/engine/impl/persistence/entity/TaskEntityManager;
***desc= ()Lorg/activiti/engine/impl/persistence/entity/IdentityLinkEntityManager;
***desc= ()Lorg/activiti/engine/impl/persistence/entity/VariableInstanceEntityManager;
***desc= ()Lorg/activiti/engine/impl/persistence/entity/JobEntityManager;
***desc= ()Lorg/activiti/engine/impl/persistence/entity/TimerJobEntityManager;
***desc= ()Lorg/activiti/engine/impl/persistence/entity/PropertyEntityManager;
***desc= ()Lorg/activiti/engine/impl/history/HistoryManager;
***desc= ()Lorg/activiti/engine/impl/asyncexecutor/JobManager;
***desc= (Lorg/activiti/engine/impl/persistence/entity/ExecutionEntity;)V
***desc= ()Z
***desc= ()Ljava/util/Collection;
***desc= ()Ljava/lang/Throwable;
***desc= ()Lorg/activiti/engine/impl/cfg/ProcessEngineConfigurationImpl;
***desc= ()Lorg/activiti/engine/delegate/event/ActivitiEventDispatcher;
***desc= ()Lorg/activiti/engine/ActivitiEngineAgenda;
***desc= ()Ljava/lang/Object;
***desc= (Ljava/lang/Object;)V
***desc= ()Z
***desc= (Z)V
***desc= ()V
***desc= ()V
***desc= (Lorg/activiti/engine/impl/interceptor/CommandConfig;Lorg/activiti/engine/impl/interceptor/Command;)Ljava/lang/Object;
***desc= (Lorg/activiti/engine/impl/interceptor/CommandContext;)V
***desc= (Ljava/lang/Runnable;)V
***desc= ()V
***desc= ()V
***desc= (Lorg/activiti/engine/impl/interceptor/CommandConfig;Lorg/activiti/engine/impl/interceptor/Command;)Ljava/lang/Object;
***desc= ()V
***desc= ()V
***desc= (Ljava/sql/PreparedStatement;ILorg/activiti/engine/impl/persistence/entity/ByteArrayRef;Lorg/apache/ibatis/type/JdbcType;)V
***desc= (Lorg/activiti/engine/impl/persistence/entity/ByteArrayRef;)Ljava/lang/String;
***desc= (Ljava/sql/ResultSet;Ljava/lang/String;)Lorg/activiti/engine/impl/persistence/entity/ByteArrayRef;
***desc= ()V
***desc= (Ljava/util/Collection;Ljava/util/Collection;Lorg/activiti/engine/impl/persistence/entity/Entity;Ljava/lang/Object;)Z
***desc= (Ljava/lang/Class;Ljava/lang/Class;)V
***desc= ()Ljava/lang/Class;
***desc= (Lorg/activiti/engine/impl/interceptor/CommandContext;)Lorg/activiti/engine/impl/interceptor/Session;
***desc= (Lorg/activiti/engine/impl/cfg/ProcessEngineConfigurationImpl;)V
***desc= ()Lorg/activiti/engine/impl/interceptor/CommandContext;
***desc= (Ljava/lang/Class;)Ljava/lang/Object;
***desc= ()Lorg/activiti/engine/impl/cfg/ProcessEngineConfigurationImpl;
***desc= ()Lorg/activiti/engine/runtime/Clock;
***desc= ()Lorg/activiti/engine/impl/asyncexecutor/AsyncExecutor;
***desc= ()Lorg/activiti/engine/delegate/event/ActivitiEventDispatcher;
***desc= ()Lorg/activiti/engine/impl/history/HistoryManager;
***desc= ()Lorg/activiti/engine/impl/persistence/entity/ResourceEntityManager;
***desc= ()Lorg/activiti/engine/impl/persistence/entity/ProcessDefinitionEntityManager;
***desc= ()Lorg/activiti/engine/impl/persistence/entity/ProcessDefinitionInfoEntityManager;
***desc= ()Lorg/activiti/engine/impl/persistence/entity/ExecutionEntityManager;
***desc= ()Lorg/activiti/engine/impl/persistence/entity/TaskEntityManager;
***desc= ()Lorg/activiti/engine/impl/persistence/entity/IdentityLinkEntityManager;
***desc= ()Lorg/activiti/engine/impl/persistence/entity/EventSubscriptionEntityManager;
***desc= ()Lorg/activiti/engine/impl/persistence/entity/VariableInstanceEntityManager;
***desc= ()Lorg/activiti/engine/impl/persistence/entity/JobEntityManager;
***desc= ()Lorg/activiti/engine/impl/persistence/entity/TimerJobEntityManager;
***desc= ()Lorg/activiti/engine/impl/persistence/entity/SuspendedJobEntityManager;
***desc= ()Lorg/activiti/engine/impl/persistence/entity/DeadLetterJobEntityManager;
***desc= ()Lorg/activiti/engine/impl/persistence/entity/HistoricProcessInstanceEntityManager;
***desc= ()Lorg/activiti/engine/impl/persistence/entity/HistoricDetailEntityManager;
***desc= ()Lorg/activiti/engine/impl/persistence/entity/HistoricActivityInstanceEntityManager;
***desc= ()Lorg/activiti/engine/impl/persistence/entity/HistoricVariableInstanceEntityManager;
***desc= ()Lorg/activiti/engine/impl/persistence/entity/HistoricTaskInstanceEntityManager;
***desc= ()Lorg/activiti/engine/impl/persistence/entity/HistoricIdentityLinkEntityManager;
***desc= ()Lorg/activiti/engine/impl/persistence/entity/AttachmentEntityManager;
***desc= ()Lorg/activiti/engine/impl/persistence/entity/CommentEntityManager;
***desc= (Lorg/activiti/engine/impl/cfg/ProcessEngineConfigurationImpl;)V
***desc= (Ljava/lang/String;)V
***desc= (Ljava/lang/String;)V
***desc= (Lorg/activiti/engine/impl/cfg/ProcessEngineConfigurationImpl;)V
***desc= ()Ljava/lang/Class;
***desc= (Lorg/activiti/engine/impl/persistence/entity/ExecutionEntity;)Lorg/activiti/engine/impl/persistence/entity/HistoricProcessInstanceEntity;
***desc= (Ljava/lang/String;)Ljava/util/List;
***desc= (Ljava/lang/String;)Ljava/util/List;
***desc= (Lorg/activiti/engine/impl/cfg/ProcessEngineConfigurationImpl;)V
***desc= (Ljava/lang/String;)Ljava/util/List;
***desc= (Lorg/activiti/engine/impl/cfg/ProcessEngineConfigurationImpl;)V
***desc= ()Ljava/lang/Class;
***desc= ()Lorg/activiti/engine/impl/persistence/entity/TaskEntity;
***desc= (Ljava/lang/String;)Ljava/util/List;
***desc= (Ljava/lang/String;)Ljava/util/List;
***desc= (Lorg/activiti/engine/impl/TaskQueryImpl;)J
***desc= (Ljava/lang/String;)Ljava/util/List;
***desc= (Lorg/activiti/engine/impl/cfg/ProcessEngineConfigurationImpl;)V
***desc= (Lorg/activiti/engine/impl/cfg/ProcessEngineConfigurationImpl;)V
***desc= ()Ljava/lang/Class;
***desc= ()Lorg/activiti/engine/impl/persistence/entity/HistoricActivityInstanceEntity;
***desc= (Ljava/lang/String;Ljava/lang/String;)Ljava/util/List;
***desc= (Ljava/lang/String;)V
***desc= (Lorg/activiti/engine/impl/cfg/ProcessEngineConfigurationImpl;)V
***desc= ()Ljava/lang/Class;
***desc= ()Ljava/util/List;
***desc= (Ljava/lang/String;)Ljava/util/List;
***desc= (Ljava/lang/String;)V
***desc= ()V
***desc= (Lorg/activiti/engine/impl/cfg/ProcessEngineConfigurationImpl;)V
***desc= ()Ljava/lang/Class;
***desc= ()Lorg/activiti/engine/impl/persistence/entity/HistoricIdentityLinkEntity;
***desc= (Ljava/lang/String;)Ljava/util/List;
***desc= (Ljava/lang/String;)Ljava/util/List;
***desc= (Lorg/activiti/engine/impl/cfg/ProcessEngineConfigurationImpl;)V
***desc= ()Ljava/lang/Class;
***desc= (Lorg/activiti/engine/impl/persistence/entity/TaskEntity;Lorg/activiti/engine/impl/persistence/entity/ExecutionEntity;)Lorg/activiti/engine/impl/persistence/entity/HistoricTaskInstanceEntity;
***desc= (Ljava/lang/String;)Ljava/util/List;
***desc= (Ljava/lang/String;)Ljava/util/List;
***desc= (Lorg/activiti/engine/impl/cfg/ProcessEngineConfigurationImpl;)V
***desc= ()Ljava/lang/Class;
***desc= (Ljava/lang/String;)Ljava/util/List;
***desc= (Lorg/activiti/engine/impl/cfg/ProcessEngineConfigurationImpl;)V
***desc= ()Ljava/lang/Class;
***desc= ()Lorg/activiti/engine/impl/persistence/entity/TimerJobEntity;
***desc= (Lorg/activiti/engine/impl/TimerJobQueryImpl;Lorg/activiti/engine/impl/Page;)Ljava/util/List;
***desc= (Lorg/activiti/engine/impl/TimerJobQueryImpl;)J
***desc= (Lorg/activiti/engine/impl/Page;)Ljava/util/List;
***desc= (Ljava/lang/String;Ljava/lang/String;)Ljava/util/List;
***desc= (Ljava/lang/String;)Ljava/util/List;
***desc= (Ljava/lang/String;Ljava/lang/String;)Ljava/util/List;
***desc= (Lorg/activiti/engine/impl/cfg/ProcessEngineConfigurationImpl;)V
***desc= (Ljava/lang/String;)Ljava/util/List;
***desc= (Lorg/activiti/engine/impl/cfg/ProcessEngineConfigurationImpl;)V
***desc= (Lorg/activiti/engine/impl/ModelQueryImpl;Lorg/activiti/engine/impl/Page;)Ljava/util/List;
***desc= (Lorg/activiti/engine/impl/cfg/ProcessEngineConfigurationImpl;)V
***desc= ()Ljava/lang/Class;
***desc= ()Lorg/activiti/engine/impl/persistence/entity/DeploymentEntity;
***desc= (Lorg/activiti/engine/impl/DeploymentQueryImpl;Lorg/activiti/engine/impl/Page;)Ljava/util/List;
***desc= (Lorg/activiti/engine/impl/cfg/ProcessEngineConfigurationImpl;)V
***desc= ()Ljava/lang/Class;
***desc= (Ljava/lang/String;)Ljava/util/List;
***desc= (Ljava/lang/String;)Ljava/util/List;
***desc= (Lorg/activiti/engine/impl/cfg/ProcessEngineConfigurationImpl;)V
***desc= ()Ljava/lang/Class;
***desc= ()Lorg/activiti/engine/impl/persistence/entity/PropertyEntity;
***desc= (Lorg/activiti/engine/impl/cfg/ProcessEngineConfigurationImpl;)V
***desc= (Ljava/lang/String;)Lorg/activiti/engine/impl/persistence/entity/ProcessDefinitionInfoEntity;
***desc= (Lorg/activiti/engine/impl/cfg/ProcessEngineConfigurationImpl;)V
***desc= ()Ljava/lang/Class;
***desc= ()Lorg/activiti/engine/impl/persistence/entity/IdentityLinkEntity;
***desc= (Ljava/lang/String;)Ljava/util/List;
***desc= (Ljava/lang/String;)Ljava/util/List;
***desc= (Ljava/lang/String;)V
***desc= (Lorg/activiti/engine/impl/cfg/ProcessEngineConfigurationImpl;)V
***desc= ()Lorg/activiti/engine/impl/persistence/entity/ResourceEntity;
***desc= (Ljava/lang/String;)V
***desc= (Ljava/lang/String;)Ljava/util/List;
***desc= (Lorg/activiti/engine/impl/cfg/ProcessEngineConfigurationImpl;)V
***desc= ()Ljava/lang/Class;
***desc= ()Lorg/activiti/engine/impl/persistence/entity/ExecutionEntity;
***desc= (Ljava/lang/String;)Lorg/activiti/engine/impl/persistence/entity/ExecutionEntity;
***desc= (Ljava/lang/String;)Lorg/activiti/engine/impl/persistence/entity/ExecutionEntity;
***desc= (Ljava/lang/String;)Ljava/util/List;
***desc= (Ljava/lang/String;)Ljava/util/List;
***desc= (Ljava/lang/String;Ljava/util/Date;Ljava/util/Date;)V
***desc= (Ljava/lang/String;)V
***desc= (Lorg/activiti/engine/impl/cfg/ProcessEngineConfigurationImpl;)V
***desc= (Lorg/activiti/engine/impl/cfg/ProcessEngineConfigurationImpl;)V
***desc= ()Ljava/lang/Class;
***desc= (Ljava/lang/String;)Ljava/util/List;
***desc= (Ljava/lang/String;)Ljava/util/List;
***desc= (Lorg/activiti/engine/impl/cfg/ProcessEngineConfigurationImpl;)V
***desc= ()Ljava/lang/Class;
***desc= (Ljava/lang/String;)Ljava/util/List;
***desc= (Lorg/activiti/engine/impl/cfg/ProcessEngineConfigurationImpl;)V
***desc= ()Ljava/lang/Class;
***desc= ()Lorg/activiti/engine/impl/persistence/entity/ProcessDefinitionEntity;
***desc= (Ljava/lang/String;)Lorg/activiti/engine/impl/persistence/entity/ProcessDefinitionEntity;
***desc= (Ljava/lang/String;)V
***desc= (Lorg/activiti/engine/impl/ProcessDefinitionQueryImpl;Lorg/activiti/engine/impl/Page;)Ljava/util/List;
***desc= (Ljava/lang/String;Ljava/lang/String;)Lorg/activiti/engine/impl/persistence/entity/ProcessDefinitionEntity;
***desc= (Lorg/activiti/engine/impl/cfg/ProcessEngineConfigurationImpl;)V
***desc= ()Ljava/lang/Class;
***desc= ()Lorg/activiti/engine/impl/persistence/entity/JobEntity;
***desc= (Lorg/activiti/engine/impl/Page;)Ljava/util/List;
***desc= (Ljava/lang/String;)Ljava/util/List;
***desc= (Lorg/activiti/engine/impl/Page;)Ljava/util/List;
***desc= (Lorg/activiti/engine/impl/JobQueryImpl;Lorg/activiti/engine/impl/Page;)Ljava/util/List;
***desc= (Lorg/activiti/engine/impl/JobQueryImpl;)J
***desc= ()V
***desc= ()V
***desc= ()Lorg/activiti/engine/compatibility/Activiti5CompatibilityHandler;
***desc= ()V
***desc= ()V
***desc= ()Lorg/activiti/engine/impl/bpmn/parser/BpmnParse;
***desc= ()Lorg/activiti/engine/impl/bpmn/parser/factory/ActivityBehaviorFactory;
***desc= (Lorg/activiti/engine/impl/bpmn/parser/factory/ActivityBehaviorFactory;)V
***desc= ()Lorg/activiti/engine/impl/bpmn/parser/factory/ListenerFactory;
***desc= (Lorg/activiti/engine/impl/bpmn/parser/factory/ListenerFactory;)V
***desc= (Lorg/activiti/engine/impl/cfg/BpmnParseFactory;)V
***desc= ()Lorg/activiti/engine/impl/bpmn/parser/BpmnParseHandlers;
***desc= (Lorg/activiti/engine/impl/bpmn/parser/BpmnParseHandlers;)V
***desc= ()V
***desc= (Ljava/util/List;)V
***desc= (Lorg/activiti/engine/parse/BpmnParseHandler;)V
***desc= (Lorg/activiti/engine/impl/bpmn/parser/BpmnParse;Lorg/activiti/bpmn/model/BaseElement;)V
***desc= ()V
***desc= (Lorg/activiti/engine/impl/bpmn/parser/BpmnParser;)V
***desc= (Lorg/activiti/engine/impl/persistence/entity/DeploymentEntity;)Lorg/activiti/engine/impl/bpmn/parser/BpmnParse;
***desc= ()Lorg/activiti/engine/impl/bpmn/parser/BpmnParse;
***desc= (Ljava/lang/String;)Lorg/activiti/engine/impl/bpmn/parser/BpmnParse;
***desc= (Ljava/io/InputStream;)Lorg/activiti/engine/impl/bpmn/parser/BpmnParse;
***desc= (Lorg/activiti/engine/impl/util/io/StreamSource;)V
***desc= (Ljava/lang/String;)Lorg/activiti/engine/impl/bpmn/parser/BpmnParse;
***desc= ()V
***desc= (Ljava/util/Collection;)V
***desc= ()V
***desc= (Ljava/lang/String;Ljava/util/List;)V
***desc= (Ljava/lang/String;)Lorg/activiti/engine/impl/persistence/entity/ProcessDefinitionEntity;
***desc= (Z)V
***desc= (Z)V
***desc= ()Ljava/util/List;
***desc= ()Lorg/activiti/engine/impl/bpmn/parser/BpmnParseHandlers;
***desc= ()Lorg/activiti/engine/impl/persistence/entity/DeploymentEntity;
***desc= ()Lorg/activiti/bpmn/model/BpmnModel;
***desc= ()Lorg/activiti/engine/impl/bpmn/parser/factory/ActivityBehaviorFactory;
***desc= (Lorg/activiti/engine/impl/persistence/entity/ProcessDefinitionEntity;)V
***desc= ()Lorg/activiti/bpmn/model/FlowElement;
***desc= (Lorg/activiti/bpmn/model/FlowElement;)V
***desc= ()Lorg/activiti/bpmn/model/Process;
***desc= ()V
***desc= (Lorg/activiti/engine/impl/cfg/ProcessEngineConfigurationImpl;)V
***desc= ()Ljava/util/List;
***desc= ()Lorg/activiti/engine/impl/db/DbSqlSession;
***desc= ()Lorg/activiti/engine/impl/persistence/cache/EntityCache;
***desc= (Ljava/lang/String;)Lorg/activiti/engine/impl/persistence/entity/Entity;
***desc= (Lorg/activiti/engine/impl/persistence/entity/Entity;)V
***desc= (Lorg/activiti/engine/impl/persistence/entity/Entity;)Lorg/activiti/engine/impl/persistence/entity/Entity;
***desc= (Lorg/activiti/engine/impl/persistence/entity/Entity;)V
***desc= (Ljava/lang/String;Ljava/lang/Object;Lorg/activiti/engine/impl/persistence/SingleCachedEntityMatcher;Z)Lorg/activiti/engine/impl/persistence/entity/Entity;
***desc= (Ljava/lang/String;Ljava/lang/Object;Lorg/activiti/engine/impl/persistence/CachedEntityMatcher;Z)Ljava/util/List;
***desc= (Ljava/lang/String;ILjava/lang/String;)V
***desc= (Ljava/lang/String;)Lorg/activiti/engine/impl/history/HistoryLevel;
***desc= ()Ljava/lang/String;
***desc= (Lorg/activiti/engine/impl/history/HistoryLevel;)Z
***desc= ()V
***desc= (Lorg/activiti/engine/impl/cfg/ProcessEngineConfigurationImpl;Lorg/activiti/engine/impl/history/HistoryLevel;)V
***desc= (Lorg/activiti/engine/impl/history/HistoryLevel;)Z
***desc= ()Z
***desc= (Ljava/lang/String;Ljava/lang/String;Ljava/lang/String;)V
***desc= (Lorg/activiti/engine/impl/persistence/entity/ExecutionEntity;Lorg/activiti/bpmn/model/FlowElement;)V
***desc= (Lorg/activiti/engine/impl/persistence/entity/ExecutionEntity;)V
***desc= (Lorg/activiti/engine/impl/persistence/entity/ExecutionEntity;Ljava/lang/String;)V
***desc= (Lorg/activiti/engine/impl/persistence/entity/ExecutionEntity;ZZ)Lorg/activiti/engine/impl/persistence/entity/HistoricActivityInstanceEntity;
***desc= (Lorg/activiti/engine/impl/persistence/entity/ExecutionEntity;Ljava/lang/String;ZZ)Lorg/activiti/engine/impl/persistence/entity/HistoricActivityInstanceEntity;
***desc= (Ljava/lang/String;Ljava/lang/String;Z)Lorg/activiti/engine/impl/persistence/entity/HistoricActivityInstanceEntity;
***desc= (Lorg/activiti/engine/impl/persistence/entity/ExecutionEntity;)Lorg/activiti/engine/impl/persistence/entity/HistoricActivityInstanceEntity;
***desc= (Lorg/activiti/engine/impl/persistence/entity/TaskEntity;Lorg/activiti/engine/impl/persistence/entity/ExecutionEntity;)V
***desc= (Lorg/activiti/engine/impl/persistence/entity/TaskEntity;)V
***desc= (Lorg/activiti/engine/impl/persistence/entity/TaskEntity;)V
***desc= (Ljava/lang/String;Ljava/lang/String;)V
***desc= (Ljava/lang/String;Ljava/lang/String;)V
***desc= (Ljava/lang/String;Ljava/lang/String;)V
***desc= (Lorg/activiti/engine/impl/persistence/entity/IdentityLinkEntity;)V
***desc= (Lorg/activiti/bpmn/model/FlowElement;)Ljava/lang/String;
***desc= ()Lorg/activiti/engine/impl/persistence/cache/EntityCache;
***desc= ()V
***desc= ()V
***desc= (Lorg/activiti/bpmn/model/BpmnModel;Ljava/util/List;)V
***desc= ()V
***desc= ()V
***desc= ()Lorg/activiti/validation/validator/ValidatorSet;
***desc= (Ljava/lang/String;)V
***desc= ()Ljava/util/Collection;
***desc= (Lorg/activiti/validation/validator/Validator;)V
***desc= ()V
***desc= ()Ljava/lang/String;
***desc= ()V
***desc= ()Ljava/lang/String;
***desc= ()V
***desc= ()V
***desc= ()Ljava/lang/String;
***desc= ()V
***desc= ()Ljava/lang/String;
***desc= (Lorg/activiti/engine/impl/jobexecutor/AsyncJobAddedNotification;)V
***desc= (Lorg/activiti/engine/impl/interceptor/CommandContext;)Ljava/lang/Void;
***desc= ()V
***desc= ()V
***desc= ()Ljava/lang/String;
***desc= ()V
***desc= (Lorg/activiti/engine/impl/persistence/entity/JobEntity;Lorg/activiti/engine/impl/asyncexecutor/AsyncExecutor;)V
***desc= (Lorg/activiti/engine/impl/interceptor/CommandContext;)V
***desc= (Lorg/activiti/engine/impl/interceptor/CommandContext;)V
***desc= (Lorg/activiti/engine/impl/interceptor/CommandContext;)V
***desc= ()V
***desc= ()V
***desc= ()Ljava/lang/String;
***desc= (Lorg/activiti/engine/impl/persistence/entity/JobEntity;Ljava/lang/String;Lorg/activiti/engine/impl/persistence/entity/ExecutionEntity;Lorg/activiti/engine/impl/interceptor/CommandContext;)V
***desc= (Lorg/activiti/engine/impl/persistence/entity/JobEntity;Lorg/activiti/engine/impl/persistence/entity/ExecutionEntity;Ljava/util/List;Lorg/activiti/engine/impl/interceptor/CommandContext;)V
***desc= (Lorg/activiti/engine/impl/persistence/entity/JobEntity;Lorg/activiti/bpmn/model/FlowNode;Lorg/activiti/engine/impl/persistence/entity/ExecutionEntity;Lorg/activiti/engine/impl/interceptor/CommandContext;)V
***desc= (Lorg/activiti/bpmn/model/FlowNode;)Ljava/lang/String;
***desc= ()V
***desc= (Ljava/lang/String;Ljava/lang/String;Ljava/lang/String;)Ljava/lang/String;
***desc= (Ljava/lang/String;)Ljava/lang/String;
***desc= (Ljava/lang/String;)Ljava/lang/String;
***desc= (Ljava/lang/String;)Ljava/lang/String;
***desc= ()V
***desc= (Ljava/lang/String;)V
***desc= ()Ljava/lang/String;
***desc= ()[B
***desc= (Ljava/lang/String;[B)V
***desc= ([B)V
***desc= ()V
***desc= ()V
***desc= ()V
***desc= ()Ljava/lang/Object;
***desc= ()Ljava/lang/String;
***desc= (Ljava/lang/String;)V
***desc= ()Ljava/util/Date;
***desc= (Ljava/util/Date;)V
***desc= ()V
***desc= (Lorg/activiti/engine/impl/persistence/entity/ExecutionEntity;)V
***desc= ()Ljava/lang/Object;
***desc= ()Ljava/lang/String;
***desc= (Ljava/lang/String;)V
***desc= ()Ljava/lang/String;
***desc= ()Ljava/lang/String;
***desc= ()Ljava/lang/String;
***desc= (Ljava/lang/String;)V
***desc= ()Ljava/lang/String;
***desc= ()Ljava/lang/String;
***desc= (Ljava/lang/String;)V
***desc= ()Ljava/lang/String;
***desc= (Lorg/activiti/engine/impl/cfg/ProcessEngineConfigurationImpl;Lorg/activiti/engine/impl/persistence/entity/data/EventSubscriptionDataManager;)V
***desc= (Ljava/lang/String;)Ljava/util/List;
***desc= (Ljava/lang/String;)V
***desc= (Lorg/activiti/engine/impl/cfg/ProcessEngineConfigurationImpl;Lorg/activiti/engine/impl/persistence/entity/data/ProcessDefinitionInfoDataManager;)V
***desc= (Ljava/lang/String;)V
***desc= (Ljava/lang/String;)Lorg/activiti/engine/impl/persistence/entity/ProcessDefinitionInfoEntity;
***desc= ()V
***desc= (Lorg/activiti/engine/impl/cfg/ProcessEngineConfigurationImpl;Lorg/activiti/engine/impl/persistence/entity/data/HistoricDetailDataManager;)V
***desc= (Ljava/lang/String;)V
***desc= (Ljava/lang/String;)V
***desc= ()V
***desc= ()Ljava/lang/String;
***desc= (Ljava/lang/String;)V
***desc= ()[B
***desc= ([B)V
***desc= ()Ljava/lang/String;
***desc= (Ljava/lang/String;)V
***desc= ()Ljava/lang/Object;
***desc= (Z)V
***desc= ()Z
***desc= ()V
***desc= ()Ljava/lang/Object;
***desc= ()Ljava/lang/String;
***desc= (Ljava/lang/String;)V
***desc= ()Ljava/util/Date;
***desc= (Ljava/util/Date;)V
***desc= (Lorg/activiti/engine/impl/cfg/ProcessEngineConfigurationImpl;Lorg/activiti/engine/impl/persistence/entity/data/HistoricTaskInstanceDataManager;)V
***desc= ()Lorg/activiti/engine/impl/persistence/entity/data/DataManager;
***desc= (Lorg/activiti/engine/impl/persistence/entity/TaskEntity;Lorg/activiti/engine/impl/persistence/entity/ExecutionEntity;)Lorg/activiti/engine/impl/persistence/entity/HistoricTaskInstanceEntity;
***desc= (Ljava/lang/String;)V
***desc= (Ljava/lang/String;)V
***desc= ()V
***desc= ()Ljava/lang/Object;
***desc= (Lorg/activiti/engine/impl/persistence/entity/ExecutionEntity;)V
***desc= ()Ljava/util/Date;
***desc= (Ljava/util/Date;)V
***desc= ()Ljava/lang/String;
***desc= (Ljava/lang/String;)V
***desc= ()I
***desc= (I)V
***desc= ()Ljava/lang/String;
***desc= (Ljava/lang/String;)V
***desc= ()Z
***desc= (Z)V
***desc= ()Ljava/lang/String;
***desc= (Ljava/lang/String;)V
***desc= ()Ljava/lang/String;
***desc= (Ljava/lang/String;)V
***desc= ()Ljava/util/Date;
***desc= (Ljava/util/Date;)V
***desc= ()I
***desc= (I)V
***desc= ()Ljava/lang/String;
***desc= (Ljava/lang/String;)V
***desc= ()Ljava/lang/String;
***desc= (Ljava/lang/String;)V
***desc= ()Ljava/lang/String;
***desc= (Ljava/lang/String;)V
***desc= ()Ljava/lang/String;
***desc= (Ljava/lang/String;)V
***desc= ()Ljava/lang/String;
***desc= (Ljava/lang/String;)V
***desc= ()Ljava/lang/String;
***desc= (Ljava/lang/String;)V
***desc= ()Lorg/activiti/engine/impl/persistence/entity/ByteArrayRef;
***desc= (Ljava/lang/String;)[B
***desc= (Lorg/activiti/engine/impl/cfg/ProcessEngineConfigurationImpl;Lorg/activiti/engine/impl/persistence/entity/data/HistoricActivityInstanceDataManager;)V
***desc= ()Lorg/activiti/engine/impl/persistence/entity/data/DataManager;
***desc= (Ljava/lang/String;Ljava/lang/String;)Ljava/util/List;
***desc= (Ljava/lang/String;)V
***desc= (Lorg/activiti/engine/impl/cfg/ProcessEngineConfigurationImpl;Lorg/activiti/engine/impl/persistence/entity/data/ExecutionDataManager;)V
***desc= ()Lorg/activiti/engine/impl/persistence/entity/data/DataManager;
***desc= (Lorg/activiti/engine/impl/persistence/entity/ExecutionEntity;)V
***desc= (Lorg/activiti/engine/impl/persistence/entity/ExecutionEntity;Z)V
***desc= (Ljava/lang/String;)Lorg/activiti/engine/impl/persistence/entity/ExecutionEntity;
***desc= (Ljava/lang/String;)Ljava/util/List;
***desc= (Lorg/activiti/engine/repository/ProcessDefinition;Ljava/lang/String;Ljava/lang/String;Ljava/lang/String;)Lorg/activiti/engine/impl/persistence/entity/ExecutionEntity;
***desc= (Lorg/activiti/engine/impl/persistence/entity/ExecutionEntity;)Lorg/activiti/engine/impl/persistence/entity/ExecutionEntity;
***desc= (Lorg/activiti/engine/impl/persistence/entity/ExecutionEntity;Lorg/activiti/engine/impl/persistence/entity/ExecutionEntity;)V
***desc= (Ljava/lang/String;Ljava/lang/String;Z)V
***desc= (Ljava/lang/String;Ljava/lang/String;Z)V
***desc= (Lorg/activiti/engine/impl/persistence/entity/ExecutionEntity;Ljava/lang/String;Z)V
***desc= (Lorg/activiti/engine/impl/persistence/entity/ExecutionEntity;Ljava/lang/String;Z)V
***desc= (Lorg/activiti/engine/impl/persistence/entity/ExecutionEntity;)Ljava/util/List;
***desc= (Lorg/activiti/engine/impl/persistence/entity/ExecutionEntity;Ljava/util/List;)V
***desc= (Lorg/activiti/engine/impl/persistence/entity/ExecutionEntity;Ljava/lang/String;Z)V
***desc= (Ljava/lang/String;)V
***desc= (Ljava/lang/String;)V
***desc= ()V
***desc= (Lorg/activiti/engine/impl/cfg/ProcessEngineConfigurationImpl;)V
***desc= ()V
***desc= ()V
***desc= ()V
***desc= ()Ljava/util/Map;
***desc= (Ljava/util/Map;)V
***desc= ()Ljavax/el/ELContext;
***desc= (Ljavax/el/ELContext;)V
***desc= ()V
***desc= ()Ljava/lang/String;
***desc= (Ljava/lang/String;)V
***desc= ()I
***desc= ()I
***desc= (I)V
***desc= ()Z
***desc= (Z)V
***desc= (Z)V
***desc= (Z)V
***desc= (Lorg/activiti/engine/impl/cfg/ProcessEngineConfigurationImpl;Lorg/activiti/engine/impl/persistence/entity/data/DeploymentDataManager;)V
***desc= ()Lorg/activiti/engine/impl/persistence/entity/data/DataManager;
***desc= (Lorg/activiti/engine/impl/persistence/entity/DeploymentEntity;)V
***desc= (Ljava/lang/String;Z)V
***desc= (Ljava/lang/String;)V
***desc= (Lorg/activiti/engine/repository/ProcessDefinition;)V
***desc= (Lorg/activiti/engine/repository/ProcessDefinition;)V
***desc= (Ljava/lang/String;)V
***desc= (Ljava/lang/String;)V
***desc= (Ljava/util/List;)V
***desc= (Lorg/activiti/engine/repository/ProcessDefinition;)V
***desc= (Lorg/activiti/engine/repository/ProcessDefinition;)V
***desc= (Lorg/activiti/engine/repository/ProcessDefinition;)Lorg/activiti/engine/impl/persistence/entity/ProcessDefinitionEntity;
***desc= (Lorg/activiti/engine/repository/ProcessDefinition;)Lorg/activiti/engine/repository/ProcessDefinition;
***desc= (Lorg/activiti/engine/impl/DeploymentQueryImpl;Lorg/activiti/engine/impl/Page;)Ljava/util/List;
***desc= ()V
***desc= ()Ljava/lang/Object;
***desc= ()Ljava/lang/String;
***desc= (Ljava/lang/String;)V
***desc= ()Ljava/lang/String;
***desc= (Ljava/lang/String;)V
***desc= ()Ljava/lang/String;
***desc= (Ljava/lang/String;)V
***desc= ()Ljava/lang/String;
***desc= (Ljava/lang/String;)V
***desc= ()Ljava/lang/String;
***desc= (Ljava/lang/String;)V
***desc= ()Ljava/lang/String;
***desc= (Ljava/lang/String;)V
***desc= ()Ljava/lang/String;
***desc= ()Ljava/lang/String;
***desc= (Ljava/lang/String;)V
***desc= (Lorg/activiti/engine/impl/cfg/ProcessEngineConfigurationImpl;Lorg/activiti/engine/impl/persistence/entity/data/HistoricIdentityLinkDataManager;)V
***desc= ()Lorg/activiti/engine/impl/persistence/entity/data/DataManager;
***desc= (Ljava/lang/String;)Ljava/util/List;
***desc= (Ljava/lang/String;)V
***desc= (Ljava/lang/String;)V
***desc= (Lorg/activiti/engine/impl/cfg/ProcessEngineConfigurationImpl;Lorg/activiti/engine/impl/persistence/entity/data/ResourceDataManager;)V
***desc= ()Lorg/activiti/engine/impl/persistence/entity/data/DataManager;
***desc= (Ljava/lang/String;)V
***desc= (Ljava/lang/String;)Ljava/util/List;
***desc= ()V
***desc= ()Ljava/lang/String;
***desc= (Ljava/lang/String;)V
***desc= ()Ljava/lang/String;
***desc= (Ljava/lang/String;)V
***desc= ()Ljava/lang/String;
***desc= ()Ljava/lang/Object;
***desc= (Lorg/activiti/engine/impl/cfg/ProcessEngineConfigurationImpl;Lorg/activiti/engine/impl/persistence/entity/data/DeadLetterJobDataManager;)V
***desc= (Ljava/lang/String;)Ljava/util/List;
***desc= (Lorg/activiti/engine/impl/cfg/ProcessEngineConfigurationImpl;Lorg/activiti/engine/impl/persistence/entity/data/HistoricProcessInstanceDataManager;)V
***desc= ()Lorg/activiti/engine/impl/persistence/entity/data/DataManager;
***desc= (Lorg/activiti/engine/impl/persistence/entity/ExecutionEntity;)Lorg/activiti/engine/impl/persistence/entity/HistoricProcessInstanceEntity;
***desc= (Ljava/lang/String;)V
***desc= (Ljava/lang/String;)V
***desc= ()V
***desc= ()Ljava/lang/Object;
***desc= ()Ljava/lang/String;
***desc= (Ljava/lang/String;)V
***desc= ()Ljava/lang/String;
***desc= (Ljava/lang/String;)V
***desc= (Ljava/lang/String;)V
***desc= ()Ljava/lang/String;
***desc= ()Ljava/lang/String;
***desc= (Ljava/lang/String;)V
***desc= ()I
***desc= (I)V
***desc= ()Ljava/lang/String;
***desc= (Ljava/lang/String;)V
***desc= ()Ljava/lang/String;
***desc= (Ljava/lang/String;)V
***desc= ()Ljava/lang/String;
***desc= (Ljava/lang/String;)V
***desc= ()Ljava/lang/String;
***desc= (Ljava/lang/String;)V
***desc= ()Z
***desc= (Z)V
***desc= (Z)V
***desc= ()I
***desc= (I)V
***desc= ()Z
***desc= ()Ljava/lang/String;
***desc= ()V
***desc= ()Lorg/activiti/engine/impl/persistence/entity/ExecutionEntityImpl;
***desc= ()Ljava/lang/Object;
***desc= ()Lorg/activiti/bpmn/model/FlowElement;
***desc= (Lorg/activiti/bpmn/model/FlowElement;)V
***desc= ()Ljava/util/List;
***desc= (Lorg/activiti/engine/impl/persistence/entity/ExecutionEntity;)V
***desc= ()V
***desc= ()Ljava/lang/String;
***desc= (Ljava/lang/String;)V
***desc= (Ljava/lang/String;)V
***desc= ()Ljava/lang/String;
***desc= ()Ljava/lang/String;
***desc= (Ljava/lang/String;)V
***desc= ()Ljava/lang/String;
***desc= (Ljava/lang/String;)V
***desc= ()Ljava/lang/Integer;
***desc= (Ljava/lang/Integer;)V
***desc= ()Ljava/lang/String;
***desc= ()Lorg/activiti/engine/impl/persistence/entity/ExecutionEntityImpl;
***desc= ()V
***desc= ()Z
***desc= ()Lorg/activiti/engine/impl/persistence/entity/ExecutionEntityImpl;
***desc= ()V
***desc= (Lorg/activiti/engine/impl/persistence/entity/ExecutionEntity;)V
***desc= ()Ljava/lang/String;
***desc= ()Lorg/activiti/engine/impl/persistence/entity/ExecutionEntityImpl;
***desc= ()V
***desc= ()Lorg/activiti/engine/impl/persistence/entity/ExecutionEntityImpl;
***desc= ()V
***desc= ()Ljava/lang/String;
***desc= (Ljava/lang/String;)V
***desc= ()Z
***desc= (Z)V
***desc= ()Ljava/util/Collection;
***desc= ()Ljava/util/List;
***desc= ()V
***desc= ()Ljava/util/List;
***desc= ()V
***desc= ()V
***desc= ()Ljava/util/List;
***desc= ()Ljava/util/List;
***desc= ()V
***desc= ()Ljava/lang/String;
***desc= (Ljava/lang/String;)V
***desc= ()Ljava/lang/String;
***desc= (Ljava/lang/String;)V
***desc= ()Ljava/lang/String;
***desc= (Z)V
***desc= ()Z
***desc= (Z)V
***desc= ()I
***desc= (I)V
***desc= ()Z
***desc= ()Z
***desc= (Z)V
***desc= ()Ljava/lang/String;
***desc= ()Ljava/lang/String;
***desc= ()Ljava/lang/String;
***desc= (Ljava/lang/String;)V
***desc= ()Z
***desc= (Z)V
***desc= ()Ljava/lang/String;
***desc= (Ljava/lang/String;)V
***desc= ()Ljava/util/Date;
***desc= (Ljava/util/Date;)V
***desc= ()I
***desc= (I)V
***desc= ()I
***desc= (I)V
***desc= ()I
***desc= (I)V
***desc= ()I
***desc= (I)V
***desc= ()I
***desc= (I)V
***desc= ()I
***desc= (I)V
***desc= ()I
***desc= (I)V
***desc= ()I
***desc= (I)V
***desc= (Lorg/activiti/engine/impl/cfg/ProcessEngineConfigurationImpl;Lorg/activiti/engine/impl/persistence/entity/data/TaskDataManager;)V
***desc= ()Lorg/activiti/engine/impl/persistence/entity/data/DataManager;
***desc= ()Lorg/activiti/engine/impl/persistence/entity/TaskEntity;
***desc= (Lorg/activiti/engine/impl/persistence/entity/TaskEntity;Z)V
***desc= (Lorg/activiti/engine/impl/persistence/entity/TaskEntity;Lorg/activiti/engine/impl/persistence/entity/ExecutionEntity;)V
***desc= (Lorg/activiti/engine/impl/persistence/entity/TaskEntity;Ljava/lang/String;)V
***desc= (Lorg/activiti/engine/impl/persistence/entity/TaskEntity;Ljava/lang/String;Z)V
***desc= (Lorg/activiti/engine/impl/persistence/entity/TaskEntity;)V
***desc= (Lorg/activiti/engine/impl/persistence/entity/TaskEntity;)V
***desc= (Ljava/lang/String;Ljava/lang/String;Z)V
***desc= (Lorg/activiti/engine/impl/persistence/entity/TaskEntity;Ljava/lang/String;ZZ)V
***desc= (Lorg/activiti/engine/impl/persistence/entity/TaskEntity;Z)V
***desc= (Ljava/lang/String;)Ljava/util/List;
***desc= (Ljava/lang/String;)Ljava/util/List;
***desc= (Lorg/activiti/engine/impl/TaskQueryImpl;)J
***desc= (Ljava/lang/String;)Ljava/util/List;
***desc= ()V
***desc= ()Ljava/lang/Object;
***desc= ()Ljava/util/List;
***desc= ()Lorg/activiti/engine/impl/persistence/entity/ExecutionEntity;
***desc= (Ljava/lang/String;)V
***desc= (Ljava/lang/String;)V
***desc= (I)V
***desc= ()Ljava/lang/String;
***desc= ()I
***desc= (I)V
***desc= ()Ljava/lang/String;
***desc= ()Ljava/lang/String;
***desc= ()Ljava/util/Date;
***desc= ()I
***desc= ()Ljava/util/Date;
***desc= (Ljava/util/Date;)V
***desc= ()Ljava/lang/String;
***desc= ()Ljava/lang/String;
***desc= ()Ljava/lang/String;
***desc= (Ljava/lang/String;)V
***desc= ()Ljava/lang/String;
***desc= ()Ljava/lang/String;
***desc= (Ljava/lang/String;)V
***desc= (Ljava/lang/String;)V
***desc= ()Lorg/activiti/engine/impl/persistence/entity/ExecutionEntity;
***desc= (Lorg/activiti/engine/impl/persistence/entity/ExecutionEntity;)V
***desc= (Ljava/lang/String;)V
***desc= ()Ljava/lang/String;
***desc= ()Ljava/lang/String;
***desc= ()Z
***desc= (Z)V
***desc= ()Z
***desc= (Z)V
***desc= ()Ljava/lang/String;
***desc= ()Ljava/util/Map;
***desc= ()I
***desc= (I)V
***desc= ()Ljava/lang/String;
***desc= ()Ljava/lang/String;
***desc= (Ljava/lang/String;)V
***desc= ()Ljava/util/Date;
***desc= ()V
***desc= ()Ljava/lang/Object;
***desc= ()Ljava/lang/String;
***desc= (Ljava/lang/String;)V
***desc= ()Ljava/lang/String;
***desc= (Ljava/lang/String;)V
***desc= ()Ljava/lang/String;
***desc= (Ljava/lang/String;)V
***desc= ()Ljava/lang/String;
***desc= (Ljava/lang/String;)V
***desc= ()Ljava/lang/String;
***desc= (Ljava/lang/String;)V
***desc= (Lorg/activiti/engine/impl/cfg/ProcessEngineConfigurationImpl;)V
***desc= (Ljava/lang/String;)Lorg/activiti/engine/impl/persistence/entity/Entity;
***desc= ()Lorg/activiti/engine/impl/persistence/entity/Entity;
***desc= (Lorg/activiti/engine/impl/persistence/entity/Entity;)V
***desc= (Lorg/activiti/engine/impl/persistence/entity/Entity;Z)V
***desc= (Lorg/activiti/engine/impl/persistence/entity/Entity;)Lorg/activiti/engine/impl/persistence/entity/Entity;
***desc= (Lorg/activiti/engine/impl/persistence/entity/Entity;Z)Lorg/activiti/engine/impl/persistence/entity/Entity;
***desc= (Lorg/activiti/engine/impl/persistence/entity/Entity;)V
***desc= (Lorg/activiti/engine/impl/persistence/entity/Entity;Z)V
***desc= ()Z
***desc= (Lorg/activiti/engine/impl/persistence/entity/ExecutionEntity;)Z
***desc= (Lorg/activiti/engine/impl/persistence/CountingExecutionEntity;)Z
***desc= (Lorg/activiti/engine/impl/cfg/ProcessEngineConfigurationImpl;Lorg/activiti/engine/impl/persistence/entity/data/TimerJobDataManager;)V
***desc= (Lorg/activiti/engine/impl/Page;)Ljava/util/List;
***desc= (Ljava/lang/String;Ljava/lang/String;)Ljava/util/List;
***desc= (Ljava/lang/String;Ljava/lang/String;)Ljava/util/List;
***desc= (Ljava/lang/String;)Ljava/util/List;
***desc= (Lorg/activiti/engine/impl/TimerJobQueryImpl;Lorg/activiti/engine/impl/Page;)Ljava/util/List;
***desc= (Lorg/activiti/engine/impl/TimerJobQueryImpl;)J
***desc= (Lorg/activiti/engine/impl/persistence/entity/TimerJobEntity;)V
***desc= (Lorg/activiti/engine/impl/persistence/entity/TimerJobEntity;Z)V
***desc= (Lorg/activiti/engine/impl/persistence/entity/TimerJobEntity;Z)Z
***desc= (Lorg/activiti/engine/impl/persistence/entity/TimerJobEntity;)V
***desc= (Lorg/activiti/engine/impl/persistence/entity/TimerJobEntity;)V
***desc= (Lorg/activiti/engine/impl/persistence/entity/TimerJobEntity;)V
***desc= ()Lorg/activiti/engine/impl/persistence/entity/data/TimerJobDataManager;
***desc= (Lorg/activiti/engine/impl/cfg/ProcessEngineConfigurationImpl;Lorg/activiti/engine/impl/persistence/entity/data/PropertyDataManager;)V
***desc= ()Lorg/activiti/engine/impl/persistence/entity/data/DataManager;
***desc= (Lorg/activiti/engine/impl/cfg/ProcessEngineConfigurationImpl;Lorg/activiti/engine/impl/persistence/entity/data/EventLogEntryDataManager;)V
***desc= (Lorg/activiti/engine/impl/cfg/ProcessEngineConfigurationImpl;Lorg/activiti/engine/impl/persistence/entity/data/SuspendedJobDataManager;)V
***desc= (Ljava/lang/String;)Ljava/util/List;
***desc= ()V
***desc= ()Ljava/lang/Object;
***desc= ()Z
***desc= ()Ljava/lang/String;
***desc= (Ljava/lang/String;)V
***desc= ()Ljava/lang/String;
***desc= (Ljava/lang/String;)V
***desc= ()Ljava/lang/String;
***desc= (Ljava/lang/String;)V
***desc= ()Ljava/lang/String;
***desc= ()Ljava/lang/String;
***desc= (Ljava/lang/String;)V
***desc= ()Ljava/lang/String;
***desc= ()Lorg/activiti/engine/impl/persistence/entity/ExecutionEntity;
***desc= (Lorg/activiti/engine/impl/persistence/entity/ExecutionEntity;)V
***desc= ()Ljava/lang/String;
***desc= ()V
***desc= (Lorg/activiti/engine/impl/cfg/ProcessEngineConfigurationImpl;Lorg/activiti/engine/impl/persistence/entity/data/ByteArrayDataManager;)V
***desc= (ILjava/lang/String;)V
***desc= ()I
***desc= ()V
***desc= ()Ljava/lang/String;
***desc= (Ljava/lang/String;)V
***desc= (Z)V
***desc= (Z)V
***desc= (Lorg/activiti/engine/impl/cfg/ProcessEngineConfigurationImpl;Lorg/activiti/engine/impl/persistence/entity/data/AttachmentDataManager;)V
***desc= (Ljava/lang/String;)Ljava/util/List;
***desc= (Ljava/lang/String;)V
***desc= ()V
***desc= (Lorg/activiti/engine/impl/cfg/ProcessEngineConfigurationImpl;Lorg/activiti/engine/impl/persistence/entity/data/CommentDataManager;)V
***desc= (Ljava/lang/String;)V
***desc= (Ljava/lang/String;)V
***desc= ()V
***desc= (Lorg/activiti/engine/impl/cfg/ProcessEngineConfigurationImpl;Lorg/activiti/engine/impl/persistence/entity/data/VariableInstanceDataManager;)V
***desc= (Ljava/lang/String;)Ljava/util/List;
***desc= (Ljava/lang/String;)Ljava/util/List;
***desc= (Lorg/activiti/engine/impl/persistence/entity/TaskEntity;)V
***desc= (Lorg/activiti/engine/impl/cfg/ProcessEngineConfigurationImpl;Lorg/activiti/engine/impl/persistence/entity/data/ProcessDefinitionDataManager;)V
***desc= ()Lorg/activiti/engine/impl/persistence/entity/data/DataManager;
***desc= (Ljava/lang/String;)Lorg/activiti/engine/impl/persistence/entity/ProcessDefinitionEntity;
***desc= (Ljava/lang/String;)V
***desc= (Lorg/activiti/engine/impl/ProcessDefinitionQueryImpl;Lorg/activiti/engine/impl/Page;)Ljava/util/List;
***desc= (Ljava/lang/String;Ljava/lang/String;)Lorg/activiti/engine/impl/persistence/entity/ProcessDefinitionEntity;
***desc= ()V
***desc= (Lorg/activiti/engine/impl/persistence/entity/TaskEntity;Lorg/activiti/engine/impl/persistence/entity/ExecutionEntity;)V
***desc= ()Ljava/lang/Object;
***desc= ()Ljava/lang/String;
***desc= (Ljava/lang/String;)V
***desc= ()Ljava/lang/String;
***desc= (Ljava/lang/String;)V
***desc= ()Ljava/lang/String;
***desc= ()Ljava/lang/String;
***desc= (Ljava/lang/String;)V
***desc= ()Ljava/lang/String;
***desc= (Ljava/lang/String;)V
***desc= ()Ljava/lang/String;
***desc= ()I
***desc= (I)V
***desc= ()Ljava/util/Date;
***desc= (Ljava/util/Date;)V
***desc= ()Ljava/lang/String;
***desc= (Ljava/lang/String;)V
***desc= ()Ljava/lang/String;
***desc= ()Ljava/lang/String;
***desc= ()Ljava/util/Date;
***desc= ()Ljava/lang/String;
***desc= (Ljava/lang/String;)V
***desc= ()V
***desc= (Lorg/activiti/engine/impl/persistence/entity/ResourceEntity;)V
***desc= ()Ljava/util/Map;
***desc= ()Ljava/lang/Object;
***desc= (Ljava/lang/Object;)V
***desc= ()Ljava/lang/String;
***desc= ()Ljava/lang/String;
***desc= ()Ljava/lang/String;
***desc= ()Ljava/lang/String;
***desc= (Ljava/lang/String;)V
***desc= ()Ljava/util/Date;
***desc= (Ljava/util/Date;)V
***desc= ()Z
***desc= (Z)V
***desc= ()Ljava/lang/String;
***desc= (Lorg/activiti/engine/impl/cfg/ProcessEngineConfigurationImpl;Lorg/activiti/engine/impl/persistence/entity/data/JobDataManager;)V
***desc= ()Lorg/activiti/engine/impl/persistence/entity/data/DataManager;
***desc= (Lorg/activiti/engine/impl/persistence/entity/JobEntity;)Z
***desc= (Lorg/activiti/engine/impl/persistence/entity/JobEntity;Z)Z
***desc= (Lorg/activiti/engine/impl/Page;)Ljava/util/List;
***desc= (Ljava/lang/String;)Ljava/util/List;
***desc= (Lorg/activiti/engine/impl/Page;)Ljava/util/List;
***desc= (Lorg/activiti/engine/impl/JobQueryImpl;Lorg/activiti/engine/impl/Page;)Ljava/util/List;
***desc= (Lorg/activiti/engine/impl/JobQueryImpl;)J
***desc= (Lorg/activiti/engine/impl/persistence/entity/JobEntity;)V
***desc= (Lorg/activiti/engine/impl/persistence/entity/JobEntity;Z)V
***desc= (Lorg/activiti/engine/impl/persistence/entity/JobEntity;)V
***desc= (Lorg/activiti/engine/impl/persistence/entity/JobEntity;)V
***desc= (Lorg/activiti/engine/impl/cfg/ProcessEngineConfigurationImpl;Lorg/activiti/engine/impl/persistence/entity/data/ModelDataManager;)V
***desc= (Lorg/activiti/engine/impl/ModelQueryImpl;Lorg/activiti/engine/impl/Page;)Ljava/util/List;
***desc= (Lorg/activiti/engine/impl/cfg/ProcessEngineConfigurationImpl;Lorg/activiti/engine/impl/persistence/entity/data/IdentityLinkDataManager;)V
***desc= ()Lorg/activiti/engine/impl/persistence/entity/data/DataManager;
***desc= (Lorg/activiti/engine/impl/persistence/entity/IdentityLinkEntity;Z)V
***desc= (Ljava/lang/String;)Ljava/util/List;
***desc= (Ljava/lang/String;)Ljava/util/List;
***desc= (Lorg/activiti/engine/impl/persistence/entity/ExecutionEntity;Ljava/lang/String;Ljava/lang/String;Ljava/lang/String;)Lorg/activiti/engine/impl/persistence/entity/IdentityLinkEntity;
***desc= (Lorg/activiti/engine/impl/persistence/entity/ExecutionEntity;Ljava/lang/String;Ljava/lang/String;)Lorg/activiti/engine/impl/persistence/entity/IdentityLinkEntity;
***desc= (Ljava/lang/String;)V
***desc= (Ljava/lang/String;)V
***desc= (Lorg/activiti/engine/impl/cfg/ProcessEngineConfigurationImpl;Lorg/activiti/engine/impl/persistence/entity/data/HistoricVariableInstanceDataManager;)V
***desc= (Ljava/lang/String;)V
***desc= (Ljava/lang/String;)V
***desc= ()V
***desc= (Ljava/lang/String;)V
***desc= ()Ljava/lang/String;
***desc= ()Ljava/lang/String;
***desc= ()Ljava/util/Date;
***desc= ()Ljava/util/Date;
***desc= ()Ljava/lang/Long;
***desc= (Ljava/lang/String;)V
***desc= (Ljava/lang/String;)V
***desc= (Ljava/util/Date;)V
***desc= (Ljava/util/Date;)V
***desc= (Ljava/lang/Long;)V
***desc= ()Ljava/lang/String;
***desc= (Ljava/lang/String;)V
***desc= (Lorg/activiti/engine/impl/RepositoryServiceImpl;)V
***desc= (Lorg/activiti/engine/impl/RepositoryServiceImpl;Lorg/activiti/engine/impl/persistence/entity/DeploymentEntity;Lorg/activiti/engine/impl/persistence/entity/ResourceEntityManager;)V
***desc= (Ljava/lang/String;Ljava/io/InputStream;)Lorg/activiti/engine/repository/DeploymentBuilder;
***desc= (Ljava/lang/String;)Lorg/activiti/engine/repository/DeploymentBuilder;
***desc= ()Lorg/activiti/engine/repository/Deployment;
***desc= ()Lorg/activiti/engine/impl/persistence/entity/DeploymentEntity;
***desc= ()Z
***desc= ()Z
***desc= ()Z
***desc= ()Ljava/util/Date;
***desc= ()V
***desc= ()Ljava/lang/Class;
***desc= ()Ljava/lang/String;
***desc= ()V
***desc= ()Ljava/lang/Class;
***desc= ()Ljava/lang/String;
***desc= ()V
***desc= (Ljavax/xml/stream/XMLStreamReader;Lorg/activiti/bpmn/model/BpmnModel;Lorg/activiti/bpmn/model/Process;Ljava/util/List;)V
***desc= (Ljava/lang/String;Lorg/activiti/bpmn/model/BaseElement;Lorg/activiti/bpmn/model/BpmnModel;Ljavax/xml/stream/XMLStreamReader;)V
***desc= (Ljava/lang/String;Lorg/activiti/bpmn/model/BaseElement;Ljava/util/Map;Lorg/activiti/bpmn/model/BpmnModel;Ljavax/xml/stream/XMLStreamReader;)V
***desc= (Ljavax/xml/stream/XMLStreamReader;)Z
***desc= (Ljavax/xml/stream/XMLStreamReader;)Z
***desc= (Ljavax/xml/stream/XMLStreamReader;)Z
***desc= ()V
***desc= ()V
***desc= ()Ljava/lang/Class;
***desc= ()Ljava/lang/String;
***desc= ()V
***desc= ()Ljava/lang/Class;
***desc= ()Ljava/lang/String;
***desc= ()V
***desc= ()Ljava/lang/Class;
***desc= ()Ljava/lang/String;
***desc= (Ljavax/xml/stream/XMLStreamReader;Lorg/activiti/bpmn/model/BpmnModel;)Lorg/activiti/bpmn/model/BaseElement;
***desc= ()V
***desc= ()Ljava/lang/Class;
***desc= ()Ljava/lang/String;
***desc= (Ljavax/xml/stream/XMLStreamReader;Lorg/activiti/bpmn/model/BpmnModel;)Lorg/activiti/bpmn/model/BaseElement;
***desc= ()V
***desc= (Lorg/activiti/bpmn/converter/UserTaskXMLConverter;)V
***desc= ()Ljava/lang/String;
***desc= ()V
***desc= ()Ljava/lang/Class;
***desc= ()Ljava/lang/String;
***desc= ()V
***desc= ()Ljava/lang/Class;
***desc= ()Ljava/lang/String;
***desc= ()V
***desc= ()Ljava/lang/Class;
***desc= ()Ljava/lang/String;
***desc= ()V
***desc= ()Ljava/lang/Class;
***desc= ()Ljava/lang/String;
***desc= ()V
***desc= ()Ljava/lang/Class;
***desc= ()Ljava/lang/String;
***desc= (Lorg/activiti/bpmn/converter/CallActivityXMLConverter;)V
***desc= ()Ljava/lang/String;
***desc= ()V
***desc= ()Ljava/lang/Class;
***desc= ()Ljava/lang/String;
***desc= ()V
***desc= ()Ljava/lang/Class;
***desc= ()Ljava/lang/String;
***desc= ()V
***desc= ()Ljava/lang/Class;
***desc= ()Ljava/lang/String;
***desc= ()V
***desc= ()Ljava/lang/Class;
***desc= ()Ljava/lang/String;
***desc= ()V
***desc= ()Ljava/lang/Class;
***desc= ()Ljava/lang/String;
***desc= (Ljavax/xml/stream/XMLStreamReader;Lorg/activiti/bpmn/model/BpmnModel;)Lorg/activiti/bpmn/model/BaseElement;
***desc= ()V
***desc= (Lorg/activiti/bpmn/converter/BaseBpmnXMLConverter;)V
***desc= (Lorg/activiti/bpmn/converter/BaseBpmnXMLConverter;Ljava/lang/Class;)V
***desc= (Lorg/activiti/bpmn/converter/util/InputStreamProvider;)V
***desc= ()Ljavax/xml/validation/Schema;
***desc= (Lorg/activiti/bpmn/converter/util/InputStreamProvider;ZZLjava/lang/String;)Lorg/activiti/bpmn/model/BpmnModel;
***desc= (Ljavax/xml/stream/XMLStreamReader;)Lorg/activiti/bpmn/model/BpmnModel;
***desc= (Ljava/util/Collection;Lorg/activiti/bpmn/model/BaseElement;)V
***desc= (Ljava/lang/String;Lorg/activiti/bpmn/model/BaseElement;)Lorg/activiti/bpmn/model/FlowNode;
***desc= ()V
***desc= (Lorg/activiti/bpmn/converter/UserTaskXMLConverter;)V
***desc= ()Ljava/lang/String;
***desc= ()V
***desc= ()Ljava/lang/Class;
***desc= ()Ljava/lang/String;
***desc= ()V
***desc= ()Ljava/lang/Class;
***desc= ()Ljava/lang/String;
***desc= ()V
***desc= ()Ljava/lang/Class;
***desc= ()Ljava/lang/String;
***desc= (Ljavax/xml/stream/XMLStreamReader;Lorg/activiti/bpmn/model/BpmnModel;)Lorg/activiti/bpmn/model/BaseElement;
***desc= ()V
***desc= ()Ljava/lang/Class;
***desc= ()Ljava/lang/String;
***desc= ()V
***desc= ()Ljava/lang/Class;
***desc= ()Ljava/lang/String;
***desc= (Ljavax/xml/stream/XMLStreamReader;Lorg/activiti/bpmn/model/BpmnModel;)Lorg/activiti/bpmn/model/BaseElement;
***desc= (Lorg/activiti/bpmn/converter/CallActivityXMLConverter;)V
***desc= ()Ljava/lang/String;
***desc= ()V
***desc= ()Ljava/lang/Class;
***desc= ()Ljava/lang/String;
***desc= ()V
***desc= ()Ljava/lang/String;
***desc= ()V
***desc= ()Ljava/lang/Class;
***desc= ()Ljava/lang/String;
***desc= (Lorg/activiti/bpmn/converter/UserTaskXMLConverter;)V
***desc= ()Ljava/lang/String;
***desc= (Ljava/lang/String;Ljava/lang/Object;)V
***desc= (Lorg/apache/ibatis/session/SqlSession;)V
***desc= ()V
***desc= ()Ljava/lang/String;
***desc= ()V
***desc= (I)V
***desc= (Lorg/activiti/engine/impl/interceptor/CommandExecutor;)V
***desc= (Lorg/activiti/engine/impl/interceptor/CommandConfig;)V
***desc= (Lorg/activiti/engine/impl/db/DbSqlSessionFactory;Lorg/activiti/engine/impl/persistence/cache/EntityCache;)V
***desc= (Lorg/activiti/engine/impl/persistence/entity/Entity;)V
***desc= (Lorg/activiti/engine/impl/persistence/entity/Entity;)V
***desc= (Ljava/lang/String;Ljava/lang/Object;)I
***desc= (Ljava/lang/String;Ljava/lang/Object;Ljava/lang/Class;)V
***desc= (Lorg/activiti/engine/impl/persistence/entity/Entity;)V
***desc= (Ljava/lang/String;Ljava/lang/Object;)Ljava/util/List;
***desc= (Ljava/lang/String;Ljava/lang/Object;Z)Ljava/util/List;
***desc= (Ljava/lang/String;Ljava/lang/Object;Lorg/activiti/engine/impl/Page;)Ljava/util/List;
***desc= (Ljava/lang/String;Ljava/lang/Object;Lorg/activiti/engine/impl/Page;Z)Ljava/util/List;
***desc= (Ljava/lang/String;Lorg/activiti/engine/impl/db/ListQueryParameterObject;Lorg/activiti/engine/impl/Page;)Ljava/util/List;
***desc= (Ljava/lang/String;Lorg/activiti/engine/impl/db/ListQueryParameterObject;Lorg/activiti/engine/impl/Page;Z)Ljava/util/List;
***desc= (Ljava/lang/String;Ljava/lang/Object;II)Ljava/util/List;
***desc= (Ljava/lang/String;Ljava/lang/Object;IIZ)Ljava/util/List;
***desc= (Ljava/lang/String;Lorg/activiti/engine/impl/db/ListQueryParameterObject;Z)Ljava/util/List;
***desc= (Ljava/lang/String;Ljava/lang/Object;IIZ)Ljava/util/List;
***desc= (Ljava/lang/String;Ljava/lang/Object;)Ljava/lang/Object;
***desc= (Ljava/lang/Class;Ljava/lang/String;)Lorg/activiti/engine/impl/persistence/entity/Entity;
***desc= (Ljava/lang/Class;Ljava/lang/String;Z)Lorg/activiti/engine/impl/persistence/entity/Entity;
***desc= (Ljava/util/List;)Ljava/util/List;
***desc= (Lorg/activiti/engine/impl/persistence/entity/Entity;)Lorg/activiti/engine/impl/persistence/entity/Entity;
***desc= ()V
***desc= ()V
***desc= ()V
***desc= (Lorg/activiti/engine/impl/persistence/entity/Entity;)Z
***desc= (Lorg/activiti/engine/impl/persistence/entity/Entity;)Z
***desc= ()V
***desc= (Ljava/lang/Class;Ljava/util/Collection;)V
***desc= (Lorg/activiti/engine/impl/persistence/entity/Entity;Ljava/lang/Class;)V
***desc= (Ljava/util/Collection;Ljava/lang/Class;)V
***desc= (Lorg/activiti/engine/impl/persistence/entity/Entity;)V
***desc= ()V
***desc= ()V
***desc= (Ljava/lang/Class;)V
***desc= (Ljava/lang/Class;Ljava/util/Collection;)V
***desc= ()V
***desc= ()V
***desc= ()V
***desc= ()V
***desc= (Ljava/lang/String;Ljava/lang/String;)V
***desc= ()Ljava/lang/String;
***desc= (Ljava/lang/String;)I
***desc= ()Z
***desc= ()Z
***desc= (Ljava/lang/String;)Z
***desc= (Ljava/lang/String;)Ljava/lang/String;
***desc= (Ljava/lang/String;Ljava/lang/String;Ljava/lang/String;)Ljava/lang/String;
***desc= (Ljava/lang/String;Ljava/lang/String;Ljava/lang/String;Z)V
***desc= (Ljava/lang/String;Ljava/lang/String;Ljava/lang/String;Ljava/io/InputStream;)V
***desc= (Ljava/lang/String;Ljava/lang/String;)Ljava/lang/String;
***desc= (Ljava/io/BufferedReader;)Ljava/lang/String;
***desc= ()V
***desc= ()V
***desc= ()Z
***desc= ()Z
***desc= ()Lorg/apache/ibatis/session/SqlSession;
***desc= ()V
***desc= ()V
***desc= (Ljava/lang/Object;II)V
***desc= ()I
***desc= ()I
***desc= ()Ljava/lang/Object;
***desc= (I)V
***desc= (I)V
***desc= ()Ljava/lang/String;
***desc= ()V
***desc= ()Ljava/lang/Class;
***desc= (Lorg/activiti/engine/impl/interceptor/CommandContext;)Lorg/activiti/engine/impl/interceptor/Session;
***desc= (Lorg/activiti/engine/impl/persistence/entity/Entity;)Ljava/lang/String;
***desc= (Ljava/lang/Class;)Ljava/lang/String;
***desc= (Lorg/activiti/engine/impl/persistence/entity/Entity;)Ljava/lang/String;
***desc= (Ljava/lang/Class;)Ljava/lang/String;
***desc= (Ljava/lang/Class;)Ljava/lang/String;
***desc= (Ljava/lang/Class;Ljava/util/Map;Ljava/lang/String;)Ljava/lang/String;
***desc= (Ljava/lang/String;)Ljava/lang/String;
***desc= (Ljava/lang/String;)V
***desc= (ZLjava/lang/String;)V
***desc= (Ljava/lang/String;)V
***desc= (Ljava/lang/Class;)Ljava/lang/Boolean;
***desc= ()Lorg/apache/ibatis/session/SqlSessionFactory;
***desc= (Lorg/apache/ibatis/session/SqlSessionFactory;)V
***desc= ()Lorg/activiti/engine/impl/cfg/IdGenerator;
***desc= (Lorg/activiti/engine/impl/cfg/IdGenerator;)V
***desc= ()Ljava/lang/String;
***desc= ()Z
***desc= (Z)V
***desc= (Ljava/lang/String;)V
***desc= ()Ljava/lang/String;
***desc= ()Ljava/lang/String;
***desc= (Ljava/lang/String;)V
***desc= ()Ljava/lang/String;
***desc= (Ljava/lang/String;)V
***desc= (Z)V
***desc= ()Z
***desc= ()I
***desc= (I)V
***desc= ()V
***desc= ()V
***desc= (Ljava/lang/String;)V
***desc= (Ljava/lang/String;Ljava/util/List;)V
***desc= (Ljava/lang/String;)Z
***desc= (JJ)V
***desc= ()J
***desc= ()J
***desc= ()V
***desc= ()V
***desc= ()Ljava/lang/String;
***desc= ()Ljava/lang/String;
***desc= ()Ljava/lang/String;
***desc= ()Ljava/lang/String;
***desc= (Ljava/lang/String;)Lorg/activiti/engine/ProcessEngineConfiguration;
***desc= (Ljava/lang/String;)Lorg/activiti/engine/ProcessEngineConfiguration;
***desc= (Z)Lorg/activiti/engine/ProcessEngineConfiguration;
***desc= ()Ljava/lang/ClassLoader;
***desc= ()Lorg/activiti/engine/ProcessEngineLifecycleListener;
***desc= ()Ljava/lang/String;
***desc= ()Lorg/activiti/engine/runtime/Clock;
***desc= ()Lorg/activiti/engine/impl/asyncexecutor/AsyncExecutor;
***desc= (Lorg/activiti/engine/impl/asyncexecutor/AsyncExecutor;)Lorg/activiti/engine/ProcessEngineConfiguration;
***desc= ()Z
***desc= ()Lorg/activiti/engine/ActivitiEngineAgendaFactory;
***desc= (Lorg/activiti/engine/ProcessEngine;)V
***desc= (Lorg/activiti/engine/ProcessEngine;)V
***desc= ()V
***desc= (Lorg/activiti/engine/impl/cfg/ProcessEngineConfigurationImpl;)V
***desc= ()Lorg/activiti/engine/task/TaskQuery;
***desc= (Lorg/activiti/engine/impl/cfg/ProcessEngineConfigurationImpl;)V
***desc= (Ljava/lang/String;)Lcom/fasterxml/jackson/databind/node/ObjectNode;
***desc= ()V
***desc= ()V
***desc= (Ljava/lang/String;)Lorg/activiti/engine/impl/ProcessDefinitionQueryImpl;
***desc= (Ljava/lang/String;)Lorg/activiti/engine/impl/ProcessDefinitionQueryImpl;
***desc= (Ljava/lang/Integer;)Lorg/activiti/engine/repository/ProcessDefinitionQuery;
***desc= (Ljava/lang/Integer;)V
***desc= ()Lorg/activiti/engine/repository/ProcessDefinitionQuery;
***desc= ()Lorg/activiti/engine/repository/ProcessDefinitionQuery;
***desc= (Lorg/activiti/engine/impl/interceptor/CommandContext;Lorg/activiti/engine/impl/Page;)Ljava/util/List;
***desc= ()V
***desc= ()Ljava/lang/String;
***desc= ()Ljava/util/Set;
***desc= ()Ljava/lang/String;
***desc= ()Ljava/util/Set;
***desc= ()Ljava/lang/String;
***desc= ()Ljava/lang/String;
***desc= ()Ljava/lang/String;
***desc= ()Ljava/lang/String;
***desc= ()Ljava/util/Set;
***desc= ()Ljava/lang/Integer;
***desc= ()Ljava/lang/Integer;
***desc= ()Ljava/lang/Integer;
***desc= ()Ljava/lang/Integer;
***desc= ()Ljava/lang/Integer;
***desc= ()Z
***desc= ()Ljava/lang/String;
***desc= ()Ljava/lang/String;
***desc= ()Ljava/lang/String;
***desc= ()Ljava/lang/String;
***desc= ()Lorg/activiti/engine/impl/persistence/entity/SuspensionState;
***desc= ()Ljava/lang/String;
***desc= ()Ljava/lang/String;
***desc= ()Ljava/lang/String;
***desc= ()Z
***desc= ()Ljava/lang/String;
***desc= ()Ljava/lang/String;
***desc= ()V
***desc= (Ljava/lang/String;)V
***desc= ()Ljava/lang/String;
***desc= ()V
***desc= ()V
***desc= (Lorg/activiti/engine/impl/cfg/ProcessEngineConfigurationImpl;)V
***desc= (Lorg/activiti/engine/impl/interceptor/CommandExecutor;)V
***desc= ()V
***desc= (Lorg/activiti/engine/impl/interceptor/CommandContext;)Ljava/lang/Object;
***desc= ()V
***desc= (Ljava/lang/String;)Lorg/activiti/engine/repository/ModelQuery;
***desc= (Lorg/activiti/engine/impl/interceptor/CommandContext;Lorg/activiti/engine/impl/Page;)Ljava/util/List;
***desc= ()Ljava/lang/String;
***desc= ()Ljava/lang/String;
***desc= ()Ljava/lang/String;
***desc= ()Ljava/lang/Integer;
***desc= ()Ljava/lang/String;
***desc= ()Ljava/lang/String;
***desc= ()Ljava/lang/String;
***desc= ()Ljava/lang/String;
***desc= ()Z
***desc= ()Ljava/lang/String;
***desc= ()Z
***desc= ()Z
***desc= ()Ljava/lang/String;
***desc= ()Ljava/lang/String;
***desc= ()Z
***desc= (Lorg/activiti/engine/impl/interceptor/CommandExecutor;)V
***desc= ()Lorg/activiti/engine/impl/TimerJobQueryImpl;
***desc= (Lorg/activiti/engine/impl/interceptor/CommandContext;)J
***desc= (Lorg/activiti/engine/impl/interceptor/CommandContext;Lorg/activiti/engine/impl/Page;)Ljava/util/List;
***desc= ()Ljava/lang/String;
***desc= ()Ljava/lang/String;
***desc= ()Z
***desc= ()Ljava/util/Date;
***desc= ()Z
***desc= ()Ljava/lang/String;
***desc= ()Ljava/lang/String;
***desc= ()Ljava/lang/String;
***desc= ()Z
***desc= ()Ljava/lang/String;
***desc= ()Ljava/lang/String;
***desc= ()Ljava/util/Date;
***desc= ()Ljava/util/Date;
***desc= ()Ljava/util/Date;
***desc= ()Ljava/util/Date;
***desc= ()V
***desc= (Ljava/lang/String;)Lorg/activiti/engine/runtime/ProcessInstance;
***desc= ()V
***desc= ()Lorg/activiti/engine/repository/DeploymentBuilder;
***desc= (Lorg/activiti/engine/impl/repository/DeploymentBuilderImpl;)Lorg/activiti/engine/repository/Deployment;
***desc= (Ljava/lang/String;Z)V
***desc= ()Lorg/activiti/engine/repository/DeploymentQuery;
***desc= (Lorg/activiti/engine/impl/interceptor/CommandExecutor;)V
***desc= (Lorg/activiti/engine/impl/interceptor/CommandContext;Lorg/activiti/engine/impl/Page;)Ljava/util/List;
***desc= ()Ljava/lang/String;
***desc= ()Ljava/lang/String;
***desc= ()Ljava/lang/String;
***desc= ()Ljava/lang/String;
***desc= ()Ljava/lang/String;
***desc= ()Ljava/lang/String;
***desc= ()Ljava/lang/String;
***desc= ()Z
***desc= ()Ljava/lang/String;
***desc= ()Ljava/lang/String;
***desc= (Lorg/activiti/engine/impl/interceptor/CommandExecutor;Ljava/lang/String;)V
***desc= (Ljava/lang/String;)Lorg/activiti/engine/impl/TaskQueryImpl;
***desc= ()Ljava/util/List;
***desc= ()V
***desc= (Lorg/activiti/engine/impl/interceptor/CommandContext;)J
***desc= ()Ljava/lang/String;
***desc= ()Ljava/lang/String;
***desc= ()Ljava/util/List;
***desc= ()Ljava/util/List;
***desc= ()Ljava/lang/String;
***desc= ()Z
***desc= ()Lorg/activiti/engine/task/DelegationState;
***desc= ()Z
***desc= ()Ljava/lang/String;
***desc= ()Ljava/lang/String;
***desc= ()Ljava/util/List;
***desc= ()Ljava/lang/String;
***desc= ()Ljava/lang/String;
***desc= ()Ljava/lang/String;
***desc= ()Ljava/lang/String;
***desc= ()Ljava/lang/Integer;
***desc= ()Ljava/util/Date;
***desc= ()Ljava/util/Date;
***desc= ()Ljava/util/Date;
***desc= ()Ljava/lang/String;
***desc= ()Ljava/lang/String;
***desc= ()Ljava/lang/String;
***desc= ()Ljava/lang/String;
***desc= ()Ljava/lang/String;
***desc= ()Ljava/lang/String;
***desc= ()Z
***desc= ()Ljava/lang/String;
***desc= ()Ljava/lang/String;
***desc= ()Z
***desc= ()Ljava/util/List;
***desc= ()Ljava/lang/Integer;
***desc= ()Ljava/lang/Integer;
***desc= ()Ljava/lang/String;
***desc= ()Ljava/util/List;
***desc= ()Ljava/lang/String;
***desc= ()Ljava/util/List;
***desc= ()Ljava/lang/String;
***desc= ()Ljava/lang/String;
***desc= ()Ljava/lang/String;
***desc= ()Ljava/lang/String;
***desc= ()Ljava/lang/String;
***desc= ()Ljava/util/List;
***desc= ()Ljava/lang/String;
***desc= ()Ljava/util/List;
***desc= ()Ljava/util/List;
***desc= ()Ljava/lang/String;
***desc= ()Ljava/util/List;
***desc= ()Ljava/lang/String;
***desc= ()Ljava/util/Date;
***desc= ()Ljava/util/Date;
***desc= ()Ljava/util/Date;
***desc= ()Z
***desc= ()Lorg/activiti/engine/impl/persistence/entity/SuspensionState;
***desc= ()Z
***desc= ()Ljava/lang/String;
***desc= ()Ljava/lang/String;
***desc= ()Ljava/lang/String;
***desc= ()Ljava/lang/String;
***desc= ()Ljava/lang/String;
***desc= ()Ljava/lang/String;
***desc= ()V
***desc= ()V
***desc= (Lorg/activiti/engine/impl/interceptor/CommandContext;)Ljava/lang/Object;
***desc= ()V
***desc= ()Lorg/activiti/engine/runtime/JobQuery;
***desc= ()Lorg/activiti/engine/runtime/TimerJobQuery;
***desc= (Lorg/activiti/engine/impl/interceptor/CommandExecutor;)V
***desc= ()Ljava/util/List;
***desc= (Lorg/activiti/engine/impl/cfg/ProcessEngineConfigurationImpl;)V
***desc= ()V
***desc= ()Ljava/lang/String;
***desc= ()Lorg/activiti/engine/ManagementService;
***desc= ()Lorg/activiti/engine/TaskService;
***desc= ()Lorg/activiti/engine/RuntimeService;
***desc= ()Lorg/activiti/engine/RepositoryService;
***desc= ()Lorg/activiti/engine/impl/cfg/ProcessEngineConfigurationImpl;
***desc= ()V
***desc= (Lorg/activiti/engine/impl/cfg/ProcessEngineConfigurationImpl;)V
***desc= (Lorg/activiti/engine/impl/interceptor/CommandExecutor;)V
***desc= (Lorg/activiti/engine/impl/interceptor/CommandContext;)J
***desc= (Lorg/activiti/engine/impl/interceptor/CommandContext;Lorg/activiti/engine/impl/Page;)Ljava/util/List;
***desc= ()Ljava/lang/String;
***desc= ()Ljava/lang/String;
***desc= ()Z
***desc= ()Z
***desc= ()Ljava/lang/String;
***desc= ()Ljava/lang/String;
***desc= ()Ljava/lang/String;
***desc= ()Z
***desc= ()Ljava/lang/String;
***desc= ()Ljava/lang/String;
***desc= ()Z
***desc= ()Z
***desc= ()Ljava/util/Date;
***desc= ()Ljava/util/Date;
***desc= ()Ljava/util/Date;
***desc= ()Ljava/util/Date;
***desc= ()Z
***desc= ()Z
***desc= (II)V
***desc= ()I
***desc= ()I
***desc= (Lorg/activiti/engine/impl/RepositoryServiceImpl;)V
***desc= (Lorg/activiti/engine/impl/interceptor/CommandContext;)Lorg/activiti/engine/repository/DeploymentBuilder;
***desc= (Ljava/lang/String;)V
***desc= ()Ljava/lang/String;
***desc= ()V
***desc= ()V
***desc= (Lorg/activiti/engine/impl/interceptor/CommandExecutor;)V
***desc= (Lorg/activiti/engine/query/QueryProperty;)Lorg/activiti/engine/query/Query;
***desc= ()Lorg/activiti/engine/query/Query;
***desc= (Lorg/activiti/engine/impl/Direction;)Lorg/activiti/engine/query/Query;
***desc= ()V
***desc= ()Ljava/util/List;
***desc= ()J
***desc= (Lorg/activiti/engine/impl/interceptor/CommandContext;)Ljava/lang/Object;
***desc= (Ljava/lang/String;Ljava/lang/String;Lorg/activiti/engine/impl/AbstractQuery$NullHandlingOnOrder;)V
***desc= ()Ljava/lang/String;
***desc= ()Ljava/lang/String;
***desc= ()V
count_executed_methods = 2443 : total_token_count = 12328
test_class_full_path=activiti-engine/src/test/java/org/activiti/engine/test/jobexecutor/AsyncExecutorTest.java
python3 /NOD-Test-Repair/tdrepro/collect_test_meth_body.py activiti-engine org.activiti.engine.test.jobexecutor.AsyncExecutorTest#testAsyncExecutorDisabledOnOneEngine activiti/activiti activiti-engine/src/test/java/org/activiti/engine/test/jobexecutor/AsyncExecutorTest.java /NOD-Test-Repair/tdrepro
/usr/local/lib/python3.10/dist-packages/tree_sitter/__init__.py:36: FutureWarning: Language(path, name) is deprecated. Use Language(ptr, name) instead.
  warn("{} is deprecated. Use {} instead.".format(old, new), FutureWarning)
/NOD-Test-Repair/tdrepro/traces/activiti_activiti_activiti-engine_org.activiti.engine.test.jobexecutor.AsyncExecutorTest#testAsyncExecutorDisabledOnOneEngine_test_code.csv
<Node type=method_declaration, start_point=(87, 2), end_point=(133, 3)>
/NOD-Test-Repair/tdrepro/projects/activiti/activiti
/usr/local/lib/python3.10/dist-packages/tree_sitter/__init__.py:36: FutureWarning: Language(path, name) is deprecated. Use Language(ptr, name) instead.
  warn("{} is deprecated. Use {} instead.".format(old, new), FutureWarning)
 python3 /NOD-Test-Repair/tdrepro/collect_method_body.py activiti-engine org.activiti.engine.test.jobexecutor.AsyncExecutorTest#testAsyncExecutorDisabledOnOneEngine activiti/activiti activiti-bpmn-converter activiti-bpmn-layout activiti-bpmn-model activiti-engine activiti-process-validation
result=executed_methods_count=2095:total_token_count=42662
Executed methods: 2095
Total tokens:      42662
org.activiti.engine
org.activiti.engine.test.bpmn.event.timer.compatibility.BoundaryTimerEventRepeatCompatibilityTest#testRepeatWithoutEnd
BoundaryTimerEventRepeatCompatibilityTest
M	activiti-api-impl/activiti-api-model-shared-impl/pom.xml
M	activiti-api-impl/activiti-api-process-model-impl/pom.xml
M	activiti-api-impl/activiti-api-process-runtime-impl/pom.xml
M	activiti-api-impl/activiti-api-runtime-shared-impl/pom.xml
M	activiti-api-impl/activiti-api-task-model-impl/pom.xml
M	activiti-api-impl/activiti-api-task-runtime-impl/pom.xml
M	activiti-api-impl/pom.xml
M	activiti-bpmn-converter/pom.xml
M	activiti-bpmn-layout/pom.xml
M	activiti-bpmn-model/pom.xml
M	activiti-core-dependencies/pom.xml
M	activiti-engine/pom.xml
M	activiti-image-generator/pom.xml
M	activiti-json-converter/pom.xml
M	activiti-process-validation/pom.xml
M	activiti-spring-boot-starter/pom.xml
M	activiti-spring-identity/pom.xml
M	activiti-spring-security-policies/pom.xml
M	activiti-spring-security/pom.xml
M	activiti-spring/pom.xml
M	pom.xml
HEAD is now at b11f757a48 Merge pull request #2034 from Activiti/updatebot-bf8cb8fa-c63e-49df-81d0-e632fd74c046
[[1;34mINFO[m] Scanning for projects...
[[1;33mWARNING[m] 
[[1;33mWARNING[m] Some problems were encountered while building the effective model for org.activiti:activiti-engine:jar:7.0.0-SNAPSHOT
[[1;33mWARNING[m] 'build.plugins.plugin.(groupId:artifactId)' must be unique but found duplicate declaration of plugin org.apache.maven.plugins:maven-surefire-plugin @ line 183, column 21
[[1;33mWARNING[m] 
[[1;33mWARNING[m] It is highly recommended to fix these problems because they threaten the stability of your build.
[[1;33mWARNING[m] 
[[1;33mWARNING[m] For this reason, future Maven versions might no longer support building such malformed projects.
[[1;33mWARNING[m] 
[[1;34mINFO[m] [1m------------------------------------------------------------------------[m
[[1;34mINFO[m] [1mReactor Build Order:[m
[[1;34mINFO[m] 
[[1;34mINFO[m] Activiti Core :: Parent                                            [pom]
[[1;34mINFO[m] Activiti :: BPMN Model                                             [jar]
[[1;34mINFO[m] Activiti :: Process Validation                                     [jar]
[[1;34mINFO[m] Activiti :: BPMN Layout                                            [jar]
[[1;34mINFO[m] Activiti :: BPMN Converter                                         [jar]
[[1;34mINFO[m] Activiti :: Engine                                                 [jar]
[[1;34mINFO[m] 
[[1;34mINFO[m] [1m---------------------< [0;36morg.activiti:activiti-root[0;1m >---------------------[m
[[1;34mINFO[m] [1mBuilding Activiti Core :: Parent 7.0.0-SNAPSHOT                    [1/6][m
[[1;34mINFO[m] [1m--------------------------------[ pom ]---------------------------------[m
[[1;34mINFO[m] 
[[1;34mINFO[m] [1m--- [0;32mmaven-enforcer-plugin:3.0.0-M1:enforce[m [1m(enforce-java)[m @ [36mactiviti-root[0;1m ---[m
[[1;34mINFO[m] 
[[1;34mINFO[m] [1m--- [0;32mmaven-enforcer-plugin:3.0.0-M1:enforce[m [1m(enforce-maven)[m @ [36mactiviti-root[0;1m ---[m
[[1;34mINFO[m] 
[[1;34mINFO[m] [1m--- [0;32mmaven-enforcer-plugin:3.0.0-M1:enforce[m [1m(enforce-plugin-versions)[m @ [36mactiviti-root[0;1m ---[m
[[1;34mINFO[m] 
[[1;34mINFO[m] [1m--- [0;32mmaven-enforcer-plugin:3.0.0-M1:enforce[m [1m(enforce-direct-dependencies)[m @ [36mactiviti-root[0;1m ---[m
[[1;34mINFO[m] Flag 'useClassesFromLastBuild' is set. Try to use existing output folder.
[[1;34mINFO[m] Flag 'suppressTypesFromJavaRuntime' is set. Classes available in current Java-runtime will be ignored.
[[1;34mINFO[m] Analyze dependencies of artifact 'org.activiti:activiti-root:pom:7.0.0-SNAPSHOT'.
[[1;34mINFO[m] Nothing to analyze in 'org.activiti:activiti-root:pom:7.0.0-SNAPSHOT'.
[[1;34mINFO[m] 
[[1;34mINFO[m] [1m--- [0;32mmaven-enforcer-plugin:3.0.0-M1:enforce[m [1m(ban-blacklisted-dependencies)[m @ [36mactiviti-root[0;1m ---[m
[[1;34mINFO[m] 
[[1;34mINFO[m] [1m--- [0;32mjacoco-maven-plugin:0.8.8:prepare-agent[m [1m(pre-unit-test)[m @ [36mactiviti-root[0;1m ---[m
[[1;34mINFO[m] argLine set to -javaagent:/root/.m2/repository/org/jacoco/org.jacoco.agent/0.8.8/org.jacoco.agent-0.8.8-runtime.jar=destfile=/NOD-Test-Repair/tdrepro/projects/activiti/activiti/target/jacoco.exec -Duser.language=en
[[1;34mINFO[m] 
[[1;34mINFO[m] [1m--- [0;32mjacoco-maven-plugin:0.8.8:prepare-agent[m [1m(default-prepare-agent)[m @ [36mactiviti-root[0;1m ---[m
[[1;34mINFO[m] argLine set to -javaagent:/root/.m2/repository/org/jacoco/org.jacoco.agent/0.8.8/org.jacoco.agent-0.8.8-runtime.jar=destfile=/NOD-Test-Repair/tdrepro/projects/activiti/activiti/target/jacoco.exec -Duser.language=en
[[1;34mINFO[m] 
[[1;34mINFO[m] [1m--- [0;32mjacoco-maven-plugin:0.8.8:report[m [1m(post-unit-test)[m @ [36mactiviti-root[0;1m ---[m
[[1;34mINFO[m] Skipping JaCoCo execution due to missing execution data file.
[[1;34mINFO[m] 
[[1;34mINFO[m] [1m--- [0;32mjacoco-maven-plugin:0.8.8:report[m [1m(jacoco-report)[m @ [36mactiviti-root[0;1m ---[m
[[1;34mINFO[m] Skipping JaCoCo execution due to missing execution data file.
[[1;34mINFO[m] 
[[1;34mINFO[m] [1m--- [0;32mjacoco-maven-plugin:0.8.8:prepare-agent-integration[m [1m(pre-integration-test)[m @ [36mactiviti-root[0;1m ---[m
[[1;34mINFO[m] argLine set to -javaagent:/root/.m2/repository/org/jacoco/org.jacoco.agent/0.8.8/org.jacoco.agent-0.8.8-runtime.jar=destfile=/NOD-Test-Repair/tdrepro/projects/activiti/activiti/target/jacoco-it.exec -Duser.language=en
[[1;34mINFO[m] 
[[1;34mINFO[m] [1m--- [0;32mjacoco-maven-plugin:0.8.8:report-integration[m [1m(post-integration-test)[m @ [36mactiviti-root[0;1m ---[m
[[1;34mINFO[m] Skipping JaCoCo execution due to missing execution data file.
[[1;34mINFO[m] 
[[1;34mINFO[m] [1m--- [0;32mmaven-install-plugin:2.5.2:install[m [1m(default-install)[m @ [36mactiviti-root[0;1m ---[m
[[1;34mINFO[m] Installing /NOD-Test-Repair/tdrepro/projects/activiti/activiti/pom.xml to /root/.m2/repository/org/activiti/activiti-root/7.0.0-SNAPSHOT/activiti-root-7.0.0-SNAPSHOT.pom
[[1;34mINFO[m] 
[[1;34mINFO[m] [1m------------------< [0;36morg.activiti:activiti-bpmn-model[0;1m >------------------[m
[[1;34mINFO[m] [1mBuilding Activiti :: BPMN Model 7.0.0-SNAPSHOT                     [2/6][m
[[1;34mINFO[m] [1m--------------------------------[ jar ]---------------------------------[m
[[1;34mINFO[m] 
[[1;34mINFO[m] [1m--- [0;32mmaven-enforcer-plugin:3.0.0-M1:enforce[m [1m(enforce-java)[m @ [36mactiviti-bpmn-model[0;1m ---[m
[[1;34mINFO[m] 
[[1;34mINFO[m] [1m--- [0;32mmaven-enforcer-plugin:3.0.0-M1:enforce[m [1m(enforce-maven)[m @ [36mactiviti-bpmn-model[0;1m ---[m
[[1;34mINFO[m] 
[[1;34mINFO[m] [1m--- [0;32mmaven-enforcer-plugin:3.0.0-M1:enforce[m [1m(enforce-plugin-versions)[m @ [36mactiviti-bpmn-model[0;1m ---[m
[[1;34mINFO[m] 
[[1;34mINFO[m] [1m--- [0;32mmaven-enforcer-plugin:3.0.0-M1:enforce[m [1m(enforce-direct-dependencies)[m @ [36mactiviti-bpmn-model[0;1m ---[m
[[1;34mINFO[m] Flag 'useClassesFromLastBuild' is set. Try to use existing output folder.
[[1;34mINFO[m] Flag 'suppressTypesFromJavaRuntime' is set. Classes available in current Java-runtime will be ignored.
[[1;34mINFO[m] Analyze dependencies of artifact 'org.activiti:activiti-bpmn-model:jar:7.0.0-SNAPSHOT'.
[[1;34mINFO[m] No illegal transitive dependencies found in 'org.activiti:activiti-bpmn-model:jar:7.0.0-SNAPSHOT'.
[[1;34mINFO[m] 
[[1;34mINFO[m] [1m--- [0;32mmaven-enforcer-plugin:3.0.0-M1:enforce[m [1m(ban-blacklisted-dependencies)[m @ [36mactiviti-bpmn-model[0;1m ---[m
[[1;34mINFO[m] 
[[1;34mINFO[m] [1m--- [0;32mjacoco-maven-plugin:0.8.8:prepare-agent[m [1m(pre-unit-test)[m @ [36mactiviti-bpmn-model[0;1m ---[m
[[1;34mINFO[m] argLine set to -javaagent:/root/.m2/repository/org/jacoco/org.jacoco.agent/0.8.8/org.jacoco.agent-0.8.8-runtime.jar=destfile=/NOD-Test-Repair/tdrepro/projects/activiti/activiti/activiti-bpmn-model/target/jacoco.exec -Duser.language=en
[[1;34mINFO[m] 
[[1;34mINFO[m] [1m--- [0;32mjacoco-maven-plugin:0.8.8:prepare-agent[m [1m(default-prepare-agent)[m @ [36mactiviti-bpmn-model[0;1m ---[m
[[1;34mINFO[m] argLine set to -javaagent:/root/.m2/repository/org/jacoco/org.jacoco.agent/0.8.8/org.jacoco.agent-0.8.8-runtime.jar=destfile=/NOD-Test-Repair/tdrepro/projects/activiti/activiti/activiti-bpmn-model/target/jacoco.exec -Duser.language=en
[[1;34mINFO[m] 
[[1;34mINFO[m] [1m--- [0;32mmaven-resources-plugin:3.0.1:resources[m [1m(default-resources)[m @ [36mactiviti-bpmn-model[0;1m ---[m
[[1;34mINFO[m] Using 'UTF-8' encoding to copy filtered resources.
[[1;34mINFO[m] skip non existing resourceDirectory /NOD-Test-Repair/tdrepro/projects/activiti/activiti/activiti-bpmn-model/src/main/resources
[[1;34mINFO[m] 
[[1;34mINFO[m] [1m--- [0;32mmaven-compiler-plugin:3.7.0:compile[m [1m(default-compile)[m @ [36mactiviti-bpmn-model[0;1m ---[m
[[1;34mINFO[m] Nothing to compile - all classes are up to date
[[1;34mINFO[m] 
[[1;34mINFO[m] [1m--- [0;32mmaven-resources-plugin:3.0.1:testResources[m [1m(default-testResources)[m @ [36mactiviti-bpmn-model[0;1m ---[m
[[1;34mINFO[m] Using 'UTF-8' encoding to copy filtered resources.
[[1;34mINFO[m] skip non existing resourceDirectory /NOD-Test-Repair/tdrepro/projects/activiti/activiti/activiti-bpmn-model/src/test/resources
[[1;34mINFO[m] 
[[1;34mINFO[m] [1m--- [0;32mmaven-compiler-plugin:3.7.0:testCompile[m [1m(default-testCompile)[m @ [36mactiviti-bpmn-model[0;1m ---[m
[[1;34mINFO[m] No sources to compile
[[1;34mINFO[m] 
[[1;34mINFO[m] [1m--- [0;32mmaven-surefire-plugin:2.19.1:test[m [1m(default-test)[m @ [36mactiviti-bpmn-model[0;1m ---[m
[[1;34mINFO[m] Tests are skipped.
[[1;34mINFO[m] 
[[1;34mINFO[m] [1m--- [0;32mjacoco-maven-plugin:0.8.8:report[m [1m(post-unit-test)[m @ [36mactiviti-bpmn-model[0;1m ---[m
[[1;34mINFO[m] Skipping JaCoCo execution due to missing execution data file.
[[1;34mINFO[m] 
[[1;34mINFO[m] [1m--- [0;32mjacoco-maven-plugin:0.8.8:report[m [1m(jacoco-report)[m @ [36mactiviti-bpmn-model[0;1m ---[m
[[1;34mINFO[m] Skipping JaCoCo execution due to missing execution data file.
[[1;34mINFO[m] 
[[1;34mINFO[m] [1m--- [0;32mmaven-jar-plugin:3.0.2:jar[m [1m(default-jar)[m @ [36mactiviti-bpmn-model[0;1m ---[m
[[1;34mINFO[m] 
[[1;34mINFO[m] [1m--- [0;32mjacoco-maven-plugin:0.8.8:prepare-agent-integration[m [1m(pre-integration-test)[m @ [36mactiviti-bpmn-model[0;1m ---[m
[[1;34mINFO[m] argLine set to -javaagent:/root/.m2/repository/org/jacoco/org.jacoco.agent/0.8.8/org.jacoco.agent-0.8.8-runtime.jar=destfile=/NOD-Test-Repair/tdrepro/projects/activiti/activiti/activiti-bpmn-model/target/jacoco-it.exec -Duser.language=en
[[1;34mINFO[m] 
[[1;34mINFO[m] [1m--- [0;32mjacoco-maven-plugin:0.8.8:report-integration[m [1m(post-integration-test)[m @ [36mactiviti-bpmn-model[0;1m ---[m
[[1;34mINFO[m] Skipping JaCoCo execution due to missing execution data file.
[[1;34mINFO[m] 
[[1;34mINFO[m] [1m--- [0;32mmaven-install-plugin:2.5.2:install[m [1m(default-install)[m @ [36mactiviti-bpmn-model[0;1m ---[m
[[1;34mINFO[m] Installing /NOD-Test-Repair/tdrepro/projects/activiti/activiti/activiti-bpmn-model/target/activiti-bpmn-model-7.0.0-SNAPSHOT.jar to /root/.m2/repository/org/activiti/activiti-bpmn-model/7.0.0-SNAPSHOT/activiti-bpmn-model-7.0.0-SNAPSHOT.jar
[[1;34mINFO[m] Installing /NOD-Test-Repair/tdrepro/projects/activiti/activiti/activiti-bpmn-model/pom.xml to /root/.m2/repository/org/activiti/activiti-bpmn-model/7.0.0-SNAPSHOT/activiti-bpmn-model-7.0.0-SNAPSHOT.pom
[[1;34mINFO[m] 
[[1;34mINFO[m] [1m--------------< [0;36morg.activiti:activiti-process-validation[0;1m >--------------[m
[[1;34mINFO[m] [1mBuilding Activiti :: Process Validation 7.0.0-SNAPSHOT             [3/6][m
[[1;34mINFO[m] [1m--------------------------------[ jar ]---------------------------------[m
[[1;34mINFO[m] 
[[1;34mINFO[m] [1m--- [0;32mmaven-enforcer-plugin:3.0.0-M1:enforce[m [1m(enforce-java)[m @ [36mactiviti-process-validation[0;1m ---[m
[[1;34mINFO[m] 
[[1;34mINFO[m] [1m--- [0;32mmaven-enforcer-plugin:3.0.0-M1:enforce[m [1m(enforce-maven)[m @ [36mactiviti-process-validation[0;1m ---[m
[[1;34mINFO[m] 
[[1;34mINFO[m] [1m--- [0;32mmaven-enforcer-plugin:3.0.0-M1:enforce[m [1m(enforce-plugin-versions)[m @ [36mactiviti-process-validation[0;1m ---[m
[[1;34mINFO[m] 
[[1;34mINFO[m] [1m--- [0;32mmaven-enforcer-plugin:3.0.0-M1:enforce[m [1m(enforce-direct-dependencies)[m @ [36mactiviti-process-validation[0;1m ---[m
[[1;34mINFO[m] Flag 'useClassesFromLastBuild' is set. Try to use existing output folder.
[[1;34mINFO[m] Flag 'suppressTypesFromJavaRuntime' is set. Classes available in current Java-runtime will be ignored.
[[1;34mINFO[m] Analyze dependencies of artifact 'org.activiti:activiti-process-validation:jar:7.0.0-SNAPSHOT'.
[[1;34mINFO[m] No illegal transitive dependencies found in 'org.activiti:activiti-process-validation:jar:7.0.0-SNAPSHOT'.
[[1;34mINFO[m] 
[[1;34mINFO[m] [1m--- [0;32mmaven-enforcer-plugin:3.0.0-M1:enforce[m [1m(ban-blacklisted-dependencies)[m @ [36mactiviti-process-validation[0;1m ---[m
[[1;34mINFO[m] 
[[1;34mINFO[m] [1m--- [0;32mjacoco-maven-plugin:0.8.8:prepare-agent[m [1m(pre-unit-test)[m @ [36mactiviti-process-validation[0;1m ---[m
[[1;34mINFO[m] argLine set to -javaagent:/root/.m2/repository/org/jacoco/org.jacoco.agent/0.8.8/org.jacoco.agent-0.8.8-runtime.jar=destfile=/NOD-Test-Repair/tdrepro/projects/activiti/activiti/activiti-process-validation/target/jacoco.exec -Duser.language=en
[[1;34mINFO[m] 
[[1;34mINFO[m] [1m--- [0;32mjacoco-maven-plugin:0.8.8:prepare-agent[m [1m(default-prepare-agent)[m @ [36mactiviti-process-validation[0;1m ---[m
[[1;34mINFO[m] argLine set to -javaagent:/root/.m2/repository/org/jacoco/org.jacoco.agent/0.8.8/org.jacoco.agent-0.8.8-runtime.jar=destfile=/NOD-Test-Repair/tdrepro/projects/activiti/activiti/activiti-process-validation/target/jacoco.exec -Duser.language=en
[[1;34mINFO[m] 
[[1;34mINFO[m] [1m--- [0;32mmaven-resources-plugin:3.0.1:resources[m [1m(default-resources)[m @ [36mactiviti-process-validation[0;1m ---[m
[[1;34mINFO[m] Using 'UTF-8' encoding to copy filtered resources.
[[1;34mINFO[m] skip non existing resourceDirectory /NOD-Test-Repair/tdrepro/projects/activiti/activiti/activiti-process-validation/src/main/resources
[[1;34mINFO[m] 
[[1;34mINFO[m] [1m--- [0;32mmaven-compiler-plugin:3.7.0:compile[m [1m(default-compile)[m @ [36mactiviti-process-validation[0;1m ---[m
[[1;34mINFO[m] Nothing to compile - all classes are up to date
[[1;34mINFO[m] 
[[1;34mINFO[m] [1m--- [0;32mmaven-resources-plugin:3.0.1:testResources[m [1m(default-testResources)[m @ [36mactiviti-process-validation[0;1m ---[m
[[1;34mINFO[m] Using 'UTF-8' encoding to copy filtered resources.
[[1;34mINFO[m] skip non existing resourceDirectory /NOD-Test-Repair/tdrepro/projects/activiti/activiti/activiti-process-validation/src/test/resources
[[1;34mINFO[m] 
[[1;34mINFO[m] [1m--- [0;32mmaven-compiler-plugin:3.7.0:testCompile[m [1m(default-testCompile)[m @ [36mactiviti-process-validation[0;1m ---[m
[[1;34mINFO[m] Nothing to compile - all classes are up to date
[[1;34mINFO[m] 
[[1;34mINFO[m] [1m--- [0;32mmaven-surefire-plugin:2.19.1:test[m [1m(default-test)[m @ [36mactiviti-process-validation[0;1m ---[m
[[1;34mINFO[m] Tests are skipped.
[[1;34mINFO[m] 
[[1;34mINFO[m] [1m--- [0;32mjacoco-maven-plugin:0.8.8:report[m [1m(post-unit-test)[m @ [36mactiviti-process-validation[0;1m ---[m
[[1;34mINFO[m] Skipping JaCoCo execution due to missing execution data file.
[[1;34mINFO[m] 
[[1;34mINFO[m] [1m--- [0;32mjacoco-maven-plugin:0.8.8:report[m [1m(jacoco-report)[m @ [36mactiviti-process-validation[0;1m ---[m
[[1;34mINFO[m] Skipping JaCoCo execution due to missing execution data file.
[[1;34mINFO[m] 
[[1;34mINFO[m] [1m--- [0;32mmaven-jar-plugin:3.0.2:jar[m [1m(default-jar)[m @ [36mactiviti-process-validation[0;1m ---[m
[[1;34mINFO[m] 
[[1;34mINFO[m] [1m--- [0;32mjacoco-maven-plugin:0.8.8:prepare-agent-integration[m [1m(pre-integration-test)[m @ [36mactiviti-process-validation[0;1m ---[m
[[1;34mINFO[m] argLine set to -javaagent:/root/.m2/repository/org/jacoco/org.jacoco.agent/0.8.8/org.jacoco.agent-0.8.8-runtime.jar=destfile=/NOD-Test-Repair/tdrepro/projects/activiti/activiti/activiti-process-validation/target/jacoco-it.exec -Duser.language=en
[[1;34mINFO[m] 
[[1;34mINFO[m] [1m--- [0;32mjacoco-maven-plugin:0.8.8:report-integration[m [1m(post-integration-test)[m @ [36mactiviti-process-validation[0;1m ---[m
[[1;34mINFO[m] Skipping JaCoCo execution due to missing execution data file.
[[1;34mINFO[m] 
[[1;34mINFO[m] [1m--- [0;32mmaven-install-plugin:2.5.2:install[m [1m(default-install)[m @ [36mactiviti-process-validation[0;1m ---[m
[[1;34mINFO[m] Installing /NOD-Test-Repair/tdrepro/projects/activiti/activiti/activiti-process-validation/target/activiti-process-validation-7.0.0-SNAPSHOT.jar to /root/.m2/repository/org/activiti/activiti-process-validation/7.0.0-SNAPSHOT/activiti-process-validation-7.0.0-SNAPSHOT.jar
[[1;34mINFO[m] Installing /NOD-Test-Repair/tdrepro/projects/activiti/activiti/activiti-process-validation/pom.xml to /root/.m2/repository/org/activiti/activiti-process-validation/7.0.0-SNAPSHOT/activiti-process-validation-7.0.0-SNAPSHOT.pom
[[1;34mINFO[m] 
[[1;34mINFO[m] [1m-----------------< [0;36morg.activiti:activiti-bpmn-layout[0;1m >------------------[m
[[1;34mINFO[m] [1mBuilding Activiti :: BPMN Layout 7.0.0-SNAPSHOT                    [4/6][m
[[1;34mINFO[m] [1m--------------------------------[ jar ]---------------------------------[m
[[1;34mINFO[m] 
[[1;34mINFO[m] [1m--- [0;32mmaven-enforcer-plugin:3.0.0-M1:enforce[m [1m(enforce-java)[m @ [36mactiviti-bpmn-layout[0;1m ---[m
[[1;34mINFO[m] 
[[1;34mINFO[m] [1m--- [0;32mmaven-enforcer-plugin:3.0.0-M1:enforce[m [1m(enforce-maven)[m @ [36mactiviti-bpmn-layout[0;1m ---[m
[[1;34mINFO[m] 
[[1;34mINFO[m] [1m--- [0;32mmaven-enforcer-plugin:3.0.0-M1:enforce[m [1m(enforce-plugin-versions)[m @ [36mactiviti-bpmn-layout[0;1m ---[m
[[1;34mINFO[m] 
[[1;34mINFO[m] [1m--- [0;32mmaven-enforcer-plugin:3.0.0-M1:enforce[m [1m(enforce-direct-dependencies)[m @ [36mactiviti-bpmn-layout[0;1m ---[m
[[1;34mINFO[m] Flag 'useClassesFromLastBuild' is set. Try to use existing output folder.
[[1;34mINFO[m] Flag 'suppressTypesFromJavaRuntime' is set. Classes available in current Java-runtime will be ignored.
[[1;34mINFO[m] Analyze dependencies of artifact 'org.activiti:activiti-bpmn-layout:jar:7.0.0-SNAPSHOT'.
[[1;34mINFO[m] No illegal transitive dependencies found in 'org.activiti:activiti-bpmn-layout:jar:7.0.0-SNAPSHOT'.
[[1;34mINFO[m] 
[[1;34mINFO[m] [1m--- [0;32mmaven-enforcer-plugin:3.0.0-M1:enforce[m [1m(ban-blacklisted-dependencies)[m @ [36mactiviti-bpmn-layout[0;1m ---[m
[[1;34mINFO[m] 
[[1;34mINFO[m] [1m--- [0;32mjacoco-maven-plugin:0.8.8:prepare-agent[m [1m(pre-unit-test)[m @ [36mactiviti-bpmn-layout[0;1m ---[m
[[1;34mINFO[m] argLine set to -javaagent:/root/.m2/repository/org/jacoco/org.jacoco.agent/0.8.8/org.jacoco.agent-0.8.8-runtime.jar=destfile=/NOD-Test-Repair/tdrepro/projects/activiti/activiti/activiti-bpmn-layout/target/jacoco.exec -Duser.language=en
[[1;34mINFO[m] 
[[1;34mINFO[m] [1m--- [0;32mjacoco-maven-plugin:0.8.8:prepare-agent[m [1m(default-prepare-agent)[m @ [36mactiviti-bpmn-layout[0;1m ---[m
[[1;34mINFO[m] argLine set to -javaagent:/root/.m2/repository/org/jacoco/org.jacoco.agent/0.8.8/org.jacoco.agent-0.8.8-runtime.jar=destfile=/NOD-Test-Repair/tdrepro/projects/activiti/activiti/activiti-bpmn-layout/target/jacoco.exec -Duser.language=en
[[1;34mINFO[m] 
[[1;34mINFO[m] [1m--- [0;32mmaven-resources-plugin:3.0.1:resources[m [1m(default-resources)[m @ [36mactiviti-bpmn-layout[0;1m ---[m
[[1;34mINFO[m] Using 'UTF-8' encoding to copy filtered resources.
[[1;34mINFO[m] skip non existing resourceDirectory /NOD-Test-Repair/tdrepro/projects/activiti/activiti/activiti-bpmn-layout/src/main/resources
[[1;34mINFO[m] 
[[1;34mINFO[m] [1m--- [0;32mmaven-compiler-plugin:3.7.0:compile[m [1m(default-compile)[m @ [36mactiviti-bpmn-layout[0;1m ---[m
[[1;34mINFO[m] Nothing to compile - all classes are up to date
[[1;34mINFO[m] 
[[1;34mINFO[m] [1m--- [0;32mmaven-resources-plugin:3.0.1:testResources[m [1m(default-testResources)[m @ [36mactiviti-bpmn-layout[0;1m ---[m
[[1;34mINFO[m] Using 'UTF-8' encoding to copy filtered resources.
[[1;34mINFO[m] skip non existing resourceDirectory /NOD-Test-Repair/tdrepro/projects/activiti/activiti/activiti-bpmn-layout/src/test/resources
[[1;34mINFO[m] 
[[1;34mINFO[m] [1m--- [0;32mmaven-compiler-plugin:3.7.0:testCompile[m [1m(default-testCompile)[m @ [36mactiviti-bpmn-layout[0;1m ---[m
[[1;34mINFO[m] No sources to compile
[[1;34mINFO[m] 
[[1;34mINFO[m] [1m--- [0;32mmaven-surefire-plugin:2.19.1:test[m [1m(default-test)[m @ [36mactiviti-bpmn-layout[0;1m ---[m
[[1;34mINFO[m] Tests are skipped.
[[1;34mINFO[m] 
[[1;34mINFO[m] [1m--- [0;32mjacoco-maven-plugin:0.8.8:report[m [1m(post-unit-test)[m @ [36mactiviti-bpmn-layout[0;1m ---[m
[[1;34mINFO[m] Skipping JaCoCo execution due to missing execution data file.
[[1;34mINFO[m] 
[[1;34mINFO[m] [1m--- [0;32mjacoco-maven-plugin:0.8.8:report[m [1m(jacoco-report)[m @ [36mactiviti-bpmn-layout[0;1m ---[m
[[1;34mINFO[m] Skipping JaCoCo execution due to missing execution data file.
[[1;34mINFO[m] 
[[1;34mINFO[m] [1m--- [0;32mmaven-jar-plugin:3.0.2:jar[m [1m(default-jar)[m @ [36mactiviti-bpmn-layout[0;1m ---[m
[[1;34mINFO[m] 
[[1;34mINFO[m] [1m--- [0;32mjacoco-maven-plugin:0.8.8:prepare-agent-integration[m [1m(pre-integration-test)[m @ [36mactiviti-bpmn-layout[0;1m ---[m
[[1;34mINFO[m] argLine set to -javaagent:/root/.m2/repository/org/jacoco/org.jacoco.agent/0.8.8/org.jacoco.agent-0.8.8-runtime.jar=destfile=/NOD-Test-Repair/tdrepro/projects/activiti/activiti/activiti-bpmn-layout/target/jacoco-it.exec -Duser.language=en
[[1;34mINFO[m] 
[[1;34mINFO[m] [1m--- [0;32mjacoco-maven-plugin:0.8.8:report-integration[m [1m(post-integration-test)[m @ [36mactiviti-bpmn-layout[0;1m ---[m
[[1;34mINFO[m] Skipping JaCoCo execution due to missing execution data file.
[[1;34mINFO[m] 
[[1;34mINFO[m] [1m--- [0;32mmaven-install-plugin:2.5.2:install[m [1m(default-install)[m @ [36mactiviti-bpmn-layout[0;1m ---[m
[[1;34mINFO[m] Installing /NOD-Test-Repair/tdrepro/projects/activiti/activiti/activiti-bpmn-layout/target/activiti-bpmn-layout-7.0.0-SNAPSHOT.jar to /root/.m2/repository/org/activiti/activiti-bpmn-layout/7.0.0-SNAPSHOT/activiti-bpmn-layout-7.0.0-SNAPSHOT.jar
[[1;34mINFO[m] Installing /NOD-Test-Repair/tdrepro/projects/activiti/activiti/activiti-bpmn-layout/pom.xml to /root/.m2/repository/org/activiti/activiti-bpmn-layout/7.0.0-SNAPSHOT/activiti-bpmn-layout-7.0.0-SNAPSHOT.pom
[[1;34mINFO[m] 
[[1;34mINFO[m] [1m----------------< [0;36morg.activiti:activiti-bpmn-converter[0;1m >----------------[m
[[1;34mINFO[m] [1mBuilding Activiti :: BPMN Converter 7.0.0-SNAPSHOT                 [5/6][m
[[1;34mINFO[m] [1m--------------------------------[ jar ]---------------------------------[m
[[1;34mINFO[m] 
[[1;34mINFO[m] [1m--- [0;32mmaven-enforcer-plugin:3.0.0-M1:enforce[m [1m(enforce-java)[m @ [36mactiviti-bpmn-converter[0;1m ---[m
[[1;34mINFO[m] 
[[1;34mINFO[m] [1m--- [0;32mmaven-enforcer-plugin:3.0.0-M1:enforce[m [1m(enforce-maven)[m @ [36mactiviti-bpmn-converter[0;1m ---[m
[[1;34mINFO[m] 
[[1;34mINFO[m] [1m--- [0;32mmaven-enforcer-plugin:3.0.0-M1:enforce[m [1m(enforce-plugin-versions)[m @ [36mactiviti-bpmn-converter[0;1m ---[m
[[1;34mINFO[m] 
[[1;34mINFO[m] [1m--- [0;32mmaven-enforcer-plugin:3.0.0-M1:enforce[m [1m(enforce-direct-dependencies)[m @ [36mactiviti-bpmn-converter[0;1m ---[m
[[1;34mINFO[m] Flag 'useClassesFromLastBuild' is set. Try to use existing output folder.
[[1;34mINFO[m] Flag 'suppressTypesFromJavaRuntime' is set. Classes available in current Java-runtime will be ignored.
[[1;34mINFO[m] Analyze dependencies of artifact 'org.activiti:activiti-bpmn-converter:jar:7.0.0-SNAPSHOT'.
[[1;34mINFO[m] No illegal transitive dependencies found in 'org.activiti:activiti-bpmn-converter:jar:7.0.0-SNAPSHOT'.
[[1;34mINFO[m] 
[[1;34mINFO[m] [1m--- [0;32mmaven-enforcer-plugin:3.0.0-M1:enforce[m [1m(ban-blacklisted-dependencies)[m @ [36mactiviti-bpmn-converter[0;1m ---[m
[[1;34mINFO[m] 
[[1;34mINFO[m] [1m--- [0;32mjacoco-maven-plugin:0.8.8:prepare-agent[m [1m(pre-unit-test)[m @ [36mactiviti-bpmn-converter[0;1m ---[m
[[1;34mINFO[m] argLine set to -javaagent:/root/.m2/repository/org/jacoco/org.jacoco.agent/0.8.8/org.jacoco.agent-0.8.8-runtime.jar=destfile=/NOD-Test-Repair/tdrepro/projects/activiti/activiti/activiti-bpmn-converter/target/jacoco.exec -Duser.language=en
[[1;34mINFO[m] 
[[1;34mINFO[m] [1m--- [0;32mjacoco-maven-plugin:0.8.8:prepare-agent[m [1m(default-prepare-agent)[m @ [36mactiviti-bpmn-converter[0;1m ---[m
[[1;34mINFO[m] argLine set to -javaagent:/root/.m2/repository/org/jacoco/org.jacoco.agent/0.8.8/org.jacoco.agent-0.8.8-runtime.jar=destfile=/NOD-Test-Repair/tdrepro/projects/activiti/activiti/activiti-bpmn-converter/target/jacoco.exec -Duser.language=en
[[1;34mINFO[m] 
[[1;34mINFO[m] [1m--- [0;32mmaven-resources-plugin:3.0.1:resources[m [1m(default-resources)[m @ [36mactiviti-bpmn-converter[0;1m ---[m
[[1;34mINFO[m] Using 'UTF-8' encoding to copy filtered resources.
[[1;34mINFO[m] Copying 14 resources
[[1;34mINFO[m] 
[[1;34mINFO[m] [1m--- [0;32mmaven-compiler-plugin:3.7.0:compile[m [1m(default-compile)[m @ [36mactiviti-bpmn-converter[0;1m ---[m
[[1;34mINFO[m] Nothing to compile - all classes are up to date
[[1;34mINFO[m] 
[[1;34mINFO[m] [1m--- [0;32mmaven-resources-plugin:3.0.1:testResources[m [1m(default-testResources)[m @ [36mactiviti-bpmn-converter[0;1m ---[m
[[1;34mINFO[m] Using 'UTF-8' encoding to copy filtered resources.
[[1;34mINFO[m] Copying 40 resources
[[1;34mINFO[m] 
[[1;34mINFO[m] [1m--- [0;32mmaven-compiler-plugin:3.7.0:testCompile[m [1m(default-testCompile)[m @ [36mactiviti-bpmn-converter[0;1m ---[m
[[1;34mINFO[m] Nothing to compile - all classes are up to date
[[1;34mINFO[m] 
[[1;34mINFO[m] [1m--- [0;32mmaven-surefire-plugin:2.19.1:test[m [1m(default-test)[m @ [36mactiviti-bpmn-converter[0;1m ---[m
[[1;34mINFO[m] Tests are skipped.
[[1;34mINFO[m] 
[[1;34mINFO[m] [1m--- [0;32mjacoco-maven-plugin:0.8.8:report[m [1m(post-unit-test)[m @ [36mactiviti-bpmn-converter[0;1m ---[m
[[1;34mINFO[m] Skipping JaCoCo execution due to missing execution data file.
[[1;34mINFO[m] 
[[1;34mINFO[m] [1m--- [0;32mjacoco-maven-plugin:0.8.8:report[m [1m(jacoco-report)[m @ [36mactiviti-bpmn-converter[0;1m ---[m
[[1;34mINFO[m] Skipping JaCoCo execution due to missing execution data file.
[[1;34mINFO[m] 
[[1;34mINFO[m] [1m--- [0;32mmaven-jar-plugin:3.0.2:jar[m [1m(default-jar)[m @ [36mactiviti-bpmn-converter[0;1m ---[m
[[1;34mINFO[m] 
[[1;34mINFO[m] [1m--- [0;32mjacoco-maven-plugin:0.8.8:prepare-agent-integration[m [1m(pre-integration-test)[m @ [36mactiviti-bpmn-converter[0;1m ---[m
[[1;34mINFO[m] argLine set to -javaagent:/root/.m2/repository/org/jacoco/org.jacoco.agent/0.8.8/org.jacoco.agent-0.8.8-runtime.jar=destfile=/NOD-Test-Repair/tdrepro/projects/activiti/activiti/activiti-bpmn-converter/target/jacoco-it.exec -Duser.language=en
[[1;34mINFO[m] 
[[1;34mINFO[m] [1m--- [0;32mjacoco-maven-plugin:0.8.8:report-integration[m [1m(post-integration-test)[m @ [36mactiviti-bpmn-converter[0;1m ---[m
[[1;34mINFO[m] Skipping JaCoCo execution due to missing execution data file.
[[1;34mINFO[m] 
[[1;34mINFO[m] [1m--- [0;32mmaven-install-plugin:2.5.2:install[m [1m(default-install)[m @ [36mactiviti-bpmn-converter[0;1m ---[m
[[1;34mINFO[m] Installing /NOD-Test-Repair/tdrepro/projects/activiti/activiti/activiti-bpmn-converter/target/activiti-bpmn-converter-7.0.0-SNAPSHOT.jar to /root/.m2/repository/org/activiti/activiti-bpmn-converter/7.0.0-SNAPSHOT/activiti-bpmn-converter-7.0.0-SNAPSHOT.jar
[[1;34mINFO[m] Installing /NOD-Test-Repair/tdrepro/projects/activiti/activiti/activiti-bpmn-converter/pom.xml to /root/.m2/repository/org/activiti/activiti-bpmn-converter/7.0.0-SNAPSHOT/activiti-bpmn-converter-7.0.0-SNAPSHOT.pom
[[1;34mINFO[m] 
[[1;34mINFO[m] [1m--------------------< [0;36morg.activiti:activiti-engine[0;1m >--------------------[m
[[1;34mINFO[m] [1mBuilding Activiti :: Engine 7.0.0-SNAPSHOT                         [6/6][m
[[1;34mINFO[m] [1m--------------------------------[ jar ]---------------------------------[m
[[1;34mINFO[m] 
[[1;34mINFO[m] [1m--- [0;32mmaven-enforcer-plugin:3.0.0-M1:enforce[m [1m(enforce-java)[m @ [36mactiviti-engine[0;1m ---[m
[[1;34mINFO[m] 
[[1;34mINFO[m] [1m--- [0;32mmaven-enforcer-plugin:3.0.0-M1:enforce[m [1m(enforce-maven)[m @ [36mactiviti-engine[0;1m ---[m
[[1;34mINFO[m] 
[[1;34mINFO[m] [1m--- [0;32mmaven-enforcer-plugin:3.0.0-M1:enforce[m [1m(enforce-plugin-versions)[m @ [36mactiviti-engine[0;1m ---[m
[[1;34mINFO[m] 
[[1;34mINFO[m] [1m--- [0;32mmaven-enforcer-plugin:3.0.0-M1:enforce[m [1m(enforce-direct-dependencies)[m @ [36mactiviti-engine[0;1m ---[m
[[1;34mINFO[m] Flag 'useClassesFromLastBuild' is set. Try to use existing output folder.
[[1;34mINFO[m] Flag 'suppressTypesFromJavaRuntime' is set. Classes available in current Java-runtime will be ignored.
[[1;34mINFO[m] Analyze dependencies of artifact 'org.activiti:activiti-engine:jar:7.0.0-SNAPSHOT'.
[[1;34mINFO[m] No illegal transitive dependencies found in 'org.activiti:activiti-engine:jar:7.0.0-SNAPSHOT'.
[[1;34mINFO[m] 
[[1;34mINFO[m] [1m--- [0;32mmaven-enforcer-plugin:3.0.0-M1:enforce[m [1m(ban-blacklisted-dependencies)[m @ [36mactiviti-engine[0;1m ---[m
[[1;34mINFO[m] 
[[1;34mINFO[m] [1m--- [0;32mjacoco-maven-plugin:0.8.8:prepare-agent[m [1m(pre-unit-test)[m @ [36mactiviti-engine[0;1m ---[m
[[1;34mINFO[m] argLine set to -javaagent:/root/.m2/repository/org/jacoco/org.jacoco.agent/0.8.8/org.jacoco.agent-0.8.8-runtime.jar=destfile=/NOD-Test-Repair/tdrepro/projects/activiti/activiti/activiti-engine/target/jacoco.exec -Duser.language=en
[[1;34mINFO[m] 
[[1;34mINFO[m] [1m--- [0;32mjacoco-maven-plugin:0.8.8:prepare-agent[m [1m(default-prepare-agent)[m @ [36mactiviti-engine[0;1m ---[m
[[1;34mINFO[m] argLine set to -javaagent:/root/.m2/repository/org/jacoco/org.jacoco.agent/0.8.8/org.jacoco.agent-0.8.8-runtime.jar=destfile=/NOD-Test-Repair/tdrepro/projects/activiti/activiti/activiti-engine/target/jacoco.exec -Duser.language=en
[[1;34mINFO[m] 
[[1;34mINFO[m] [1m--- [0;32mmaven-resources-plugin:3.0.1:resources[m [1m(default-resources)[m @ [36mactiviti-engine[0;1m ---[m
[[1;34mINFO[m] Using 'UTF-8' encoding to copy filtered resources.
[[1;34mINFO[m] Copying 368 resources
[[1;34mINFO[m] 
[[1;34mINFO[m] [1m--- [0;32mmaven-compiler-plugin:3.7.0:compile[m [1m(default-compile)[m @ [36mactiviti-engine[0;1m ---[m
[[1;34mINFO[m] Nothing to compile - all classes are up to date
[[1;34mINFO[m] 
[[1;34mINFO[m] [1m--- [0;32mmaven-resources-plugin:3.0.1:testResources[m [1m(default-testResources)[m @ [36mactiviti-engine[0;1m ---[m
[[1;34mINFO[m] Using 'UTF-8' encoding to copy filtered resources.
[[1;34mINFO[m] Copying 1070 resources
[[1;34mINFO[m] 
[[1;34mINFO[m] [1m--- [0;32mmaven-compiler-plugin:3.7.0:testCompile[m [1m(default-testCompile)[m @ [36mactiviti-engine[0;1m ---[m
[[1;34mINFO[m] Nothing to compile - all classes are up to date
[[1;34mINFO[m] 
[[1;34mINFO[m] [1m--- [0;32mmaven-surefire-plugin:2.19.1:test[m [1m(default-test)[m @ [36mactiviti-engine[0;1m ---[m
[[1;34mINFO[m] Tests are skipped.
[[1;34mINFO[m] 
[[1;34mINFO[m] [1m--- [0;32mjacoco-maven-plugin:0.8.8:report[m [1m(post-unit-test)[m @ [36mactiviti-engine[0;1m ---[m
[[1;34mINFO[m] Loading execution data file /NOD-Test-Repair/tdrepro/projects/activiti/activiti/activiti-engine/target/jacoco.exec
[[1;34mINFO[m] Analyzed bundle 'Activiti :: Engine' with 877 classes
[[1;34mINFO[m] 
[[1;34mINFO[m] [1m--- [0;32mjacoco-maven-plugin:0.8.8:report[m [1m(jacoco-report)[m @ [36mactiviti-engine[0;1m ---[m
[[1;34mINFO[m] Loading execution data file /NOD-Test-Repair/tdrepro/projects/activiti/activiti/activiti-engine/target/jacoco.exec
[[1;34mINFO[m] Analyzed bundle 'Activiti :: Engine' with 877 classes
[[1;34mINFO[m] 
[[1;34mINFO[m] [1m--- [0;32mmaven-jar-plugin:3.0.2:jar[m [1m(default-jar)[m @ [36mactiviti-engine[0;1m ---[m
[[1;34mINFO[m] 
[[1;34mINFO[m] [1m--- [0;32mjacoco-maven-plugin:0.8.8:prepare-agent-integration[m [1m(pre-integration-test)[m @ [36mactiviti-engine[0;1m ---[m
[[1;34mINFO[m] argLine set to -javaagent:/root/.m2/repository/org/jacoco/org.jacoco.agent/0.8.8/org.jacoco.agent-0.8.8-runtime.jar=destfile=/NOD-Test-Repair/tdrepro/projects/activiti/activiti/activiti-engine/target/jacoco-it.exec -Duser.language=en
[[1;34mINFO[m] 
[[1;34mINFO[m] [1m--- [0;32mjacoco-maven-plugin:0.8.8:report-integration[m [1m(post-integration-test)[m @ [36mactiviti-engine[0;1m ---[m
[[1;34mINFO[m] Skipping JaCoCo execution due to missing execution data file.
[[1;34mINFO[m] 
[[1;34mINFO[m] [1m--- [0;32mmaven-install-plugin:2.5.2:install[m [1m(default-install)[m @ [36mactiviti-engine[0;1m ---[m
[[1;34mINFO[m] Installing /NOD-Test-Repair/tdrepro/projects/activiti/activiti/activiti-engine/target/activiti-engine-7.0.0-SNAPSHOT.jar to /root/.m2/repository/org/activiti/activiti-engine/7.0.0-SNAPSHOT/activiti-engine-7.0.0-SNAPSHOT.jar
[[1;34mINFO[m] Installing /NOD-Test-Repair/tdrepro/projects/activiti/activiti/activiti-engine/pom.xml to /root/.m2/repository/org/activiti/activiti-engine/7.0.0-SNAPSHOT/activiti-engine-7.0.0-SNAPSHOT.pom
[[1;34mINFO[m] [1m------------------------------------------------------------------------[m
[[1;34mINFO[m] [1mReactor Summary for Activiti Core :: Parent 7.0.0-SNAPSHOT:[m
[[1;34mINFO[m] 
[[1;34mINFO[m] Activiti Core :: Parent ............................ [1;32mSUCCESS[m [  0.323 s]
[[1;34mINFO[m] Activiti :: BPMN Model ............................. [1;32mSUCCESS[m [  0.409 s]
[[1;34mINFO[m] Activiti :: Process Validation ..................... [1;32mSUCCESS[m [  0.154 s]
[[1;34mINFO[m] Activiti :: BPMN Layout ............................ [1;32mSUCCESS[m [  0.058 s]
[[1;34mINFO[m] Activiti :: BPMN Converter ......................... [1;32mSUCCESS[m [  0.283 s]
[[1;34mINFO[m] Activiti :: Engine ................................. [1;32mSUCCESS[m [  2.846 s]
[[1;34mINFO[m] [1m------------------------------------------------------------------------[m
[[1;34mINFO[m] [1;32mBUILD SUCCESS[m
[[1;34mINFO[m] [1m------------------------------------------------------------------------[m
[[1;34mINFO[m] Total time:  4.253 s
[[1;34mINFO[m] Finished at: 2026-04-30T23:34:20Z
[[1;34mINFO[m] [1m------------------------------------------------------------------------[m
activiti_activiti
/NOD-Test-Repair/tdrepro/projects/activiti/activiti/activiti-spring-identity
/NOD-Test-Repair/tdrepro/projects/activiti/activiti/activiti-spring-security-policies
/NOD-Test-Repair/tdrepro/projects/activiti/activiti/activiti-spring-security
/NOD-Test-Repair/tdrepro/projects/activiti/activiti/activiti-api-impl/activiti-api-runtime-shared-impl
/NOD-Test-Repair/tdrepro/projects/activiti/activiti/activiti-engine
/NOD-Test-Repair/tdrepro/projects/activiti/activiti/activiti-core-dependencies
/NOD-Test-Repair/tdrepro/projects/activiti/activiti/activiti-bpmn-layout
/NOD-Test-Repair/tdrepro/projects/activiti/activiti/activiti-bpmn-model
/NOD-Test-Repair/tdrepro/projects/activiti/activiti/activiti-api-impl/activiti-api-model-shared-impl
/NOD-Test-Repair/tdrepro/projects/activiti/activiti/activiti-bpmn-converter
/NOD-Test-Repair/tdrepro/projects/activiti/activiti/activiti-api-impl/activiti-api-process-runtime-impl
/NOD-Test-Repair/tdrepro/projects/activiti/activiti/activiti-spring-boot-starter
/NOD-Test-Repair/tdrepro/projects/activiti/activiti/activiti-api-impl/activiti-api-task-model-impl
/NOD-Test-Repair/tdrepro/projects/activiti/activiti/activiti-json-converter
/NOD-Test-Repair/tdrepro/projects/activiti/activiti/activiti-api-impl
/NOD-Test-Repair/tdrepro/projects/activiti/activiti/activiti-api-impl/activiti-api-process-model-impl
/NOD-Test-Repair/tdrepro/projects/activiti/activiti/activiti-image-generator
/NOD-Test-Repair/tdrepro/projects/activiti/activiti/activiti-spring
/NOD-Test-Repair/tdrepro/projects/activiti/activiti/activiti-process-validation
/NOD-Test-Repair/tdrepro/projects/activiti/activiti/activiti-api-impl/activiti-api-task-runtime-impl
/NOD-Test-Repair/tdrepro/projects/activiti/activiti
[[1;34mINFO[m] Scanning for projects...
[[1;33mWARNING[m] 
[[1;33mWARNING[m] Some problems were encountered while building the effective model for org.activiti:activiti-core-dependencies:pom:7.0.0-SNAPSHOT
[[1;33mWARNING[m] 'build.plugins.plugin.(groupId:artifactId)' must be unique but found duplicate declaration of plugin org.jacoco:jacoco-maven-plugin @ line 153, column 17
[[1;33mWARNING[m] 'build.plugins.plugin.(groupId:artifactId)' must be unique but found duplicate declaration of plugin org.apache.maven.plugins:maven-surefire-plugin @ line 173, column 21
[[1;33mWARNING[m] 'build.plugins.plugin.(groupId:artifactId)' must be unique but found duplicate declaration of plugin org.jacoco:jacoco-maven-plugin @ org.activiti:activiti-root:7.0.0-SNAPSHOT, /NOD-Test-Repair/tdrepro/projects/activiti/activiti/pom.xml, line 380, column 17
[[1;33mWARNING[m] 'build.plugins.plugin.(groupId:artifactId)' must be unique but found duplicate declaration of plugin org.apache.maven.plugins:maven-surefire-plugin @ org.activiti:activiti-root:7.0.0-SNAPSHOT, /NOD-Test-Repair/tdrepro/projects/activiti/activiti/pom.xml, line 400, column 21
[[1;33mWARNING[m] 
[[1;33mWARNING[m] Some problems were encountered while building the effective model for org.activiti:activiti-api-model-shared-impl:jar:7.0.0-SNAPSHOT
[[1;33mWARNING[m] 'build.plugins.plugin.(groupId:artifactId)' must be unique but found duplicate declaration of plugin org.jacoco:jacoco-maven-plugin @ line 76, column 17
[[1;33mWARNING[m] 'build.plugins.plugin.(groupId:artifactId)' must be unique but found duplicate declaration of plugin org.apache.maven.plugins:maven-surefire-plugin @ line 96, column 21
[[1;33mWARNING[m] 'build.plugins.plugin.(groupId:artifactId)' must be unique but found duplicate declaration of plugin org.jacoco:jacoco-maven-plugin @ org.activiti:activiti-api-impl:7.0.0-SNAPSHOT, /NOD-Test-Repair/tdrepro/projects/activiti/activiti/activiti-api-impl/pom.xml, line 49, column 17
[[1;33mWARNING[m] 'build.plugins.plugin.(groupId:artifactId)' must be unique but found duplicate declaration of plugin org.apache.maven.plugins:maven-surefire-plugin @ org.activiti:activiti-api-impl:7.0.0-SNAPSHOT, /NOD-Test-Repair/tdrepro/projects/activiti/activiti/activiti-api-impl/pom.xml, line 69, column 21
[[1;33mWARNING[m] 
[[1;33mWARNING[m] Some problems were encountered while building the effective model for org.activiti:activiti-api-runtime-shared-impl:jar:7.0.0-SNAPSHOT
[[1;33mWARNING[m] 'build.plugins.plugin.(groupId:artifactId)' must be unique but found duplicate declaration of plugin org.jacoco:jacoco-maven-plugin @ line 70, column 17
[[1;33mWARNING[m] 'build.plugins.plugin.(groupId:artifactId)' must be unique but found duplicate declaration of plugin org.apache.maven.plugins:maven-surefire-plugin @ line 90, column 21
[[1;33mWARNING[m] 
[[1;33mWARNING[m] Some problems were encountered while building the effective model for org.activiti:activiti-api-process-model-impl:jar:7.0.0-SNAPSHOT
[[1;33mWARNING[m] 'build.plugins.plugin.(groupId:artifactId)' must be unique but found duplicate declaration of plugin org.jacoco:jacoco-maven-plugin @ line 88, column 17
[[1;33mWARNING[m] 'build.plugins.plugin.(groupId:artifactId)' must be unique but found duplicate declaration of plugin org.apache.maven.plugins:maven-surefire-plugin @ line 108, column 21
[[1;33mWARNING[m] 
[[1;33mWARNING[m] Some problems were encountered while building the effective model for org.activiti:activiti-api-process-runtime-impl:jar:7.0.0-SNAPSHOT
[[1;33mWARNING[m] 'build.plugins.plugin.(groupId:artifactId)' must be unique but found duplicate declaration of plugin org.jacoco:jacoco-maven-plugin @ line 121, column 17
[[1;33mWARNING[m] 'build.plugins.plugin.(groupId:artifactId)' must be unique but found duplicate declaration of plugin org.apache.maven.plugins:maven-surefire-plugin @ line 141, column 21
[[1;33mWARNING[m] 
[[1;33mWARNING[m] Some problems were encountered while building the effective model for org.activiti:activiti-api-task-model-impl:jar:7.0.0-SNAPSHOT
[[1;33mWARNING[m] 'build.plugins.plugin.(groupId:artifactId)' must be unique but found duplicate declaration of plugin org.jacoco:jacoco-maven-plugin @ line 74, column 17
[[1;33mWARNING[m] 'build.plugins.plugin.(groupId:artifactId)' must be unique but found duplicate declaration of plugin org.apache.maven.plugins:maven-surefire-plugin @ line 94, column 21
[[1;33mWARNING[m] 
[[1;33mWARNING[m] Some problems were encountered while building the effective model for org.activiti:activiti-api-task-runtime-impl:jar:7.0.0-SNAPSHOT
[[1;33mWARNING[m] 'build.plugins.plugin.(groupId:artifactId)' must be unique but found duplicate declaration of plugin org.jacoco:jacoco-maven-plugin @ line 110, column 17
[[1;33mWARNING[m] 'build.plugins.plugin.(groupId:artifactId)' must be unique but found duplicate declaration of plugin org.apache.maven.plugins:maven-surefire-plugin @ line 130, column 21
[[1;33mWARNING[m] 
[[1;33mWARNING[m] Some problems were encountered while building the effective model for org.activiti:activiti-api-impl:pom:7.0.0-SNAPSHOT
[[1;33mWARNING[m] 'build.plugins.plugin.(groupId:artifactId)' must be unique but found duplicate declaration of plugin org.jacoco:jacoco-maven-plugin @ line 49, column 17
[[1;33mWARNING[m] 'build.plugins.plugin.(groupId:artifactId)' must be unique but found duplicate declaration of plugin org.apache.maven.plugins:maven-surefire-plugin @ line 69, column 21
[[1;33mWARNING[m] 
[[1;33mWARNING[m] Some problems were encountered while building the effective model for org.activiti:activiti-bpmn-model:jar:7.0.0-SNAPSHOT
[[1;33mWARNING[m] 'build.plugins.plugin.(groupId:artifactId)' must be unique but found duplicate declaration of plugin org.jacoco:jacoco-maven-plugin @ line 62, column 17
[[1;33mWARNING[m] 'build.plugins.plugin.(groupId:artifactId)' must be unique but found duplicate declaration of plugin org.apache.maven.plugins:maven-surefire-plugin @ line 82, column 21
[[1;33mWARNING[m] 
[[1;33mWARNING[m] Some problems were encountered while building the effective model for org.activiti:activiti-bpmn-layout:jar:7.0.0-SNAPSHOT
[[1;33mWARNING[m] 'build.plugins.plugin.(groupId:artifactId)' must be unique but found duplicate declaration of plugin org.jacoco:jacoco-maven-plugin @ line 67, column 17
[[1;33mWARNING[m] 'build.plugins.plugin.(groupId:artifactId)' must be unique but found duplicate declaration of plugin org.apache.maven.plugins:maven-surefire-plugin @ line 87, column 21
[[1;33mWARNING[m] 
[[1;33mWARNING[m] Some problems were encountered while building the effective model for org.activiti:activiti-bpmn-converter:jar:7.0.0-SNAPSHOT
[[1;33mWARNING[m] 'build.plugins.plugin.(groupId:artifactId)' must be unique but found duplicate declaration of plugin org.jacoco:jacoco-maven-plugin @ line 101, column 17
[[1;33mWARNING[m] 'build.plugins.plugin.(groupId:artifactId)' must be unique but found duplicate declaration of plugin org.apache.maven.plugins:maven-surefire-plugin @ line 121, column 21
[[1;33mWARNING[m] 
[[1;33mWARNING[m] Some problems were encountered while building the effective model for org.activiti:activiti-process-validation:jar:7.0.0-SNAPSHOT
[[1;33mWARNING[m] 'build.plugins.plugin.(groupId:artifactId)' must be unique but found duplicate declaration of plugin org.jacoco:jacoco-maven-plugin @ line 64, column 17
[[1;33mWARNING[m] 'build.plugins.plugin.(groupId:artifactId)' must be unique but found duplicate declaration of plugin org.apache.maven.plugins:maven-surefire-plugin @ line 84, column 21
[[1;33mWARNING[m] 
[[1;33mWARNING[m] Some problems were encountered while building the effective model for org.activiti:activiti-image-generator:jar:7.0.0-SNAPSHOT
[[1;33mWARNING[m] 'build.plugins.plugin.(groupId:artifactId)' must be unique but found duplicate declaration of plugin org.jacoco:jacoco-maven-plugin @ line 105, column 17
[[1;33mWARNING[m] 'build.plugins.plugin.(groupId:artifactId)' must be unique but found duplicate declaration of plugin org.apache.maven.plugins:maven-surefire-plugin @ line 125, column 21
[[1;33mWARNING[m] 
[[1;33mWARNING[m] Some problems were encountered while building the effective model for org.activiti:activiti-json-converter:jar:7.0.0-SNAPSHOT
[[1;33mWARNING[m] 'build.plugins.plugin.(groupId:artifactId)' must be unique but found duplicate declaration of plugin org.jacoco:jacoco-maven-plugin @ line 93, column 17
[[1;33mWARNING[m] 'build.plugins.plugin.(groupId:artifactId)' must be unique but found duplicate declaration of plugin org.apache.maven.plugins:maven-surefire-plugin @ line 113, column 21
[[1;33mWARNING[m] 
[[1;33mWARNING[m] Some problems were encountered while building the effective model for org.activiti:activiti-engine:jar:7.0.0-SNAPSHOT
[[1;33mWARNING[m] 'build.plugins.plugin.(groupId:artifactId)' must be unique but found duplicate declaration of plugin org.apache.maven.plugins:maven-surefire-plugin @ line 183, column 21
[[1;33mWARNING[m] 'build.plugins.plugin.(groupId:artifactId)' must be unique but found duplicate declaration of plugin org.jacoco:jacoco-maven-plugin @ line 191, column 17
[[1;33mWARNING[m] 'build.plugins.plugin.(groupId:artifactId)' must be unique but found duplicate declaration of plugin org.apache.maven.plugins:maven-surefire-plugin @ line 211, column 21
[[1;33mWARNING[m] 
[[1;33mWARNING[m] Some problems were encountered while building the effective model for org.activiti:activiti-spring:jar:7.0.0-SNAPSHOT
[[1;33mWARNING[m] 'build.plugins.plugin.(groupId:artifactId)' must be unique but found duplicate declaration of plugin org.jacoco:jacoco-maven-plugin @ line 247, column 17
[[1;33mWARNING[m] 'build.plugins.plugin.(groupId:artifactId)' must be unique but found duplicate declaration of plugin org.apache.maven.plugins:maven-surefire-plugin @ line 267, column 21
[[1;33mWARNING[m] 
[[1;33mWARNING[m] Some problems were encountered while building the effective model for org.activiti:activiti-spring-identity:jar:7.0.0-SNAPSHOT
[[1;33mWARNING[m] 'build.plugins.plugin.(groupId:artifactId)' must be unique but found duplicate declaration of plugin org.jacoco:jacoco-maven-plugin @ line 97, column 17
[[1;33mWARNING[m] 'build.plugins.plugin.(groupId:artifactId)' must be unique but found duplicate declaration of plugin org.apache.maven.plugins:maven-surefire-plugin @ line 117, column 21
[[1;33mWARNING[m] 
[[1;33mWARNING[m] Some problems were encountered while building the effective model for org.activiti:activiti-spring-security:jar:7.0.0-SNAPSHOT
[[1;33mWARNING[m] 'build.plugins.plugin.(groupId:artifactId)' must be unique but found duplicate declaration of plugin org.jacoco:jacoco-maven-plugin @ line 99, column 17
[[1;33mWARNING[m] 'build.plugins.plugin.(groupId:artifactId)' must be unique but found duplicate declaration of plugin org.apache.maven.plugins:maven-surefire-plugin @ line 119, column 21
[[1;33mWARNING[m] 
[[1;33mWARNING[m] Some problems were encountered while building the effective model for org.activiti:activiti-spring-security-policies:jar:7.0.0-SNAPSHOT
[[1;33mWARNING[m] 'build.plugins.plugin.(groupId:artifactId)' must be unique but found duplicate declaration of plugin org.jacoco:jacoco-maven-plugin @ line 86, column 17
[[1;33mWARNING[m] 'build.plugins.plugin.(groupId:artifactId)' must be unique but found duplicate declaration of plugin org.apache.maven.plugins:maven-surefire-plugin @ line 106, column 21
[[1;33mWARNING[m] 
[[1;33mWARNING[m] Some problems were encountered while building the effective model for org.activiti:activiti-spring-boot-starter:jar:7.0.0-SNAPSHOT
[[1;33mWARNING[m] 'build.plugins.plugin.(groupId:artifactId)' must be unique but found duplicate declaration of plugin org.jacoco:jacoco-maven-plugin @ line 174, column 17
[[1;33mWARNING[m] 'build.plugins.plugin.(groupId:artifactId)' must be unique but found duplicate declaration of plugin org.apache.maven.plugins:maven-surefire-plugin @ line 194, column 21
[[1;33mWARNING[m] 
[[1;33mWARNING[m] Some problems were encountered while building the effective model for org.activiti:activiti-root:pom:7.0.0-SNAPSHOT
[[1;33mWARNING[m] 'build.plugins.plugin.(groupId:artifactId)' must be unique but found duplicate declaration of plugin org.jacoco:jacoco-maven-plugin @ line 380, column 17
[[1;33mWARNING[m] 'build.plugins.plugin.(groupId:artifactId)' must be unique but found duplicate declaration of plugin org.apache.maven.plugins:maven-surefire-plugin @ line 400, column 21
[[1;33mWARNING[m] 
[[1;33mWARNING[m] It is highly recommended to fix these problems because they threaten the stability of your build.
[[1;33mWARNING[m] 
[[1;33mWARNING[m] For this reason, future Maven versions might no longer support building such malformed projects.
[[1;33mWARNING[m] 
[[1;34mINFO[m] [1m------------------------------------------------------------------------[m
[[1;34mINFO[m] [1mReactor Build Order:[m
[[1;34mINFO[m] 
[[1;34mINFO[m] Activiti Core :: Parent                                            [pom]
[[1;34mINFO[m] Activiti :: BPMN Model                                             [jar]
[[1;34mINFO[m] Activiti :: Process Validation                                     [jar]
[[1;34mINFO[m] Activiti :: BPMN Layout                                            [jar]
[[1;34mINFO[m] Activiti :: BPMN Converter                                         [jar]
[[1;34mINFO[m] Activiti :: Engine                                                 [jar]
[[1;34mINFO[m] 
[[1;34mINFO[m] [1m---------------------< [0;36morg.activiti:activiti-root[0;1m >---------------------[m
[[1;34mINFO[m] [1mBuilding Activiti Core :: Parent 7.0.0-SNAPSHOT                    [1/6][m
[[1;34mINFO[m] [1m--------------------------------[ pom ]---------------------------------[m
[[1;34mINFO[m] 
[[1;34mINFO[m] [1m--- [0;32mmaven-clean-plugin:3.0.0:clean[m [1m(default-clean)[m @ [36mactiviti-root[0;1m ---[m
[[1;34mINFO[m] 
[[1;34mINFO[m] [1m--- [0;32mmaven-enforcer-plugin:3.0.0-M1:enforce[m [1m(enforce-java)[m @ [36mactiviti-root[0;1m ---[m
[[1;34mINFO[m] 
[[1;34mINFO[m] [1m--- [0;32mmaven-enforcer-plugin:3.0.0-M1:enforce[m [1m(enforce-maven)[m @ [36mactiviti-root[0;1m ---[m
[[1;34mINFO[m] 
[[1;34mINFO[m] [1m--- [0;32mmaven-enforcer-plugin:3.0.0-M1:enforce[m [1m(enforce-plugin-versions)[m @ [36mactiviti-root[0;1m ---[m
[[1;34mINFO[m] 
[[1;34mINFO[m] [1m--- [0;32mmaven-enforcer-plugin:3.0.0-M1:enforce[m [1m(enforce-direct-dependencies)[m @ [36mactiviti-root[0;1m ---[m
[[1;34mINFO[m] Flag 'useClassesFromLastBuild' is set. Try to use existing output folder.
[[1;34mINFO[m] Flag 'suppressTypesFromJavaRuntime' is set. Classes available in current Java-runtime will be ignored.
[[1;34mINFO[m] Analyze dependencies of artifact 'org.activiti:activiti-root:pom:7.0.0-SNAPSHOT'.
[[1;34mINFO[m] Nothing to analyze in 'org.activiti:activiti-root:pom:7.0.0-SNAPSHOT'.
[[1;34mINFO[m] 
[[1;34mINFO[m] [1m--- [0;32mmaven-enforcer-plugin:3.0.0-M1:enforce[m [1m(ban-blacklisted-dependencies)[m @ [36mactiviti-root[0;1m ---[m
[[1;34mINFO[m] 
[[1;34mINFO[m] [1m--- [0;32mjacoco-maven-plugin:0.8.8:prepare-agent[m [1m(pre-unit-test)[m @ [36mactiviti-root[0;1m ---[m
[[1;34mINFO[m] argLine set to -javaagent:/root/.m2/repository/org/jacoco/org.jacoco.agent/0.8.8/org.jacoco.agent-0.8.8-runtime.jar=destfile=/NOD-Test-Repair/tdrepro/projects/activiti/activiti/target/jacoco.exec -Duser.language=en
[[1;34mINFO[m] 
[[1;34mINFO[m] [1m--- [0;32mjacoco-maven-plugin:0.8.8:prepare-agent[m [1m(default-prepare-agent)[m @ [36mactiviti-root[0;1m ---[m
[[1;34mINFO[m] argLine set to -javaagent:/root/.m2/repository/org/jacoco/org.jacoco.agent/0.8.8/org.jacoco.agent-0.8.8-runtime.jar=destfile=/NOD-Test-Repair/tdrepro/projects/activiti/activiti/target/jacoco.exec -Duser.language=en
[[1;34mINFO[m] 
[[1;34mINFO[m] [1m--- [0;32mjacoco-maven-plugin:0.8.8:report[m [1m(post-unit-test)[m @ [36mactiviti-root[0;1m ---[m
[[1;34mINFO[m] Skipping JaCoCo execution due to missing execution data file.
[[1;34mINFO[m] 
[[1;34mINFO[m] [1m--- [0;32mjacoco-maven-plugin:0.8.8:report[m [1m(jacoco-report)[m @ [36mactiviti-root[0;1m ---[m
[[1;34mINFO[m] Skipping JaCoCo execution due to missing execution data file.
[[1;34mINFO[m] 
[[1;34mINFO[m] [1m--- [0;32mjacoco-maven-plugin:0.8.8:prepare-agent-integration[m [1m(pre-integration-test)[m @ [36mactiviti-root[0;1m ---[m
[[1;34mINFO[m] argLine set to -javaagent:/root/.m2/repository/org/jacoco/org.jacoco.agent/0.8.8/org.jacoco.agent-0.8.8-runtime.jar=destfile=/NOD-Test-Repair/tdrepro/projects/activiti/activiti/target/jacoco-it.exec -Duser.language=en
[[1;34mINFO[m] 
[[1;34mINFO[m] [1m--- [0;32mjacoco-maven-plugin:0.8.8:report-integration[m [1m(post-integration-test)[m @ [36mactiviti-root[0;1m ---[m
[[1;34mINFO[m] Skipping JaCoCo execution due to missing execution data file.
[[1;34mINFO[m] 
[[1;34mINFO[m] [1m--- [0;32mmaven-install-plugin:2.5.2:install[m [1m(default-install)[m @ [36mactiviti-root[0;1m ---[m
[[1;34mINFO[m] Installing /NOD-Test-Repair/tdrepro/projects/activiti/activiti/pom.xml to /root/.m2/repository/org/activiti/activiti-root/7.0.0-SNAPSHOT/activiti-root-7.0.0-SNAPSHOT.pom
[[1;34mINFO[m] 
[[1;34mINFO[m] [1m------------------< [0;36morg.activiti:activiti-bpmn-model[0;1m >------------------[m
[[1;34mINFO[m] [1mBuilding Activiti :: BPMN Model 7.0.0-SNAPSHOT                     [2/6][m
[[1;34mINFO[m] [1m--------------------------------[ jar ]---------------------------------[m
[[1;34mINFO[m] 
[[1;34mINFO[m] [1m--- [0;32mmaven-clean-plugin:3.0.0:clean[m [1m(default-clean)[m @ [36mactiviti-bpmn-model[0;1m ---[m
[[1;34mINFO[m] Deleting /NOD-Test-Repair/tdrepro/projects/activiti/activiti/activiti-bpmn-model/target
[[1;34mINFO[m] 
[[1;34mINFO[m] [1m--- [0;32mmaven-enforcer-plugin:3.0.0-M1:enforce[m [1m(enforce-java)[m @ [36mactiviti-bpmn-model[0;1m ---[m
[[1;34mINFO[m] 
[[1;34mINFO[m] [1m--- [0;32mmaven-enforcer-plugin:3.0.0-M1:enforce[m [1m(enforce-maven)[m @ [36mactiviti-bpmn-model[0;1m ---[m
[[1;34mINFO[m] 
[[1;34mINFO[m] [1m--- [0;32mmaven-enforcer-plugin:3.0.0-M1:enforce[m [1m(enforce-plugin-versions)[m @ [36mactiviti-bpmn-model[0;1m ---[m
[[1;34mINFO[m] 
[[1;34mINFO[m] [1m--- [0;32mmaven-enforcer-plugin:3.0.0-M1:enforce[m [1m(enforce-direct-dependencies)[m @ [36mactiviti-bpmn-model[0;1m ---[m
[[1;34mINFO[m] Flag 'useClassesFromLastBuild' is set. Try to use existing output folder.
[[1;34mINFO[m] Flag 'suppressTypesFromJavaRuntime' is set. Classes available in current Java-runtime will be ignored.
[[1;34mINFO[m] Analyze dependencies of artifact 'org.activiti:activiti-bpmn-model:jar:7.0.0-SNAPSHOT'.
[[1;34mINFO[m] Nothing to analyze in 'org.activiti:activiti-bpmn-model:jar:7.0.0-SNAPSHOT'.
[[1;34mINFO[m] 
[[1;34mINFO[m] [1m--- [0;32mmaven-enforcer-plugin:3.0.0-M1:enforce[m [1m(ban-blacklisted-dependencies)[m @ [36mactiviti-bpmn-model[0;1m ---[m
[[1;34mINFO[m] 
[[1;34mINFO[m] [1m--- [0;32mjacoco-maven-plugin:0.8.8:prepare-agent[m [1m(pre-unit-test)[m @ [36mactiviti-bpmn-model[0;1m ---[m
[[1;34mINFO[m] argLine set to -javaagent:/root/.m2/repository/org/jacoco/org.jacoco.agent/0.8.8/org.jacoco.agent-0.8.8-runtime.jar=destfile=/NOD-Test-Repair/tdrepro/projects/activiti/activiti/activiti-bpmn-model/target/jacoco.exec -Duser.language=en
[[1;34mINFO[m] 
[[1;34mINFO[m] [1m--- [0;32mjacoco-maven-plugin:0.8.8:prepare-agent[m [1m(default-prepare-agent)[m @ [36mactiviti-bpmn-model[0;1m ---[m
[[1;34mINFO[m] argLine set to -javaagent:/root/.m2/repository/org/jacoco/org.jacoco.agent/0.8.8/org.jacoco.agent-0.8.8-runtime.jar=destfile=/NOD-Test-Repair/tdrepro/projects/activiti/activiti/activiti-bpmn-model/target/jacoco.exec -Duser.language=en
[[1;34mINFO[m] 
[[1;34mINFO[m] [1m--- [0;32mmaven-resources-plugin:3.0.1:resources[m [1m(default-resources)[m @ [36mactiviti-bpmn-model[0;1m ---[m
[[1;34mINFO[m] Using 'UTF-8' encoding to copy filtered resources.
[[1;34mINFO[m] skip non existing resourceDirectory /NOD-Test-Repair/tdrepro/projects/activiti/activiti/activiti-bpmn-model/src/main/resources
[[1;34mINFO[m] 
[[1;34mINFO[m] [1m--- [0;32mmaven-compiler-plugin:3.7.0:compile[m [1m(default-compile)[m @ [36mactiviti-bpmn-model[0;1m ---[m
[[1;34mINFO[m] Changes detected - recompiling the module!
[[1;34mINFO[m] Compiling 96 source files to /NOD-Test-Repair/tdrepro/projects/activiti/activiti/activiti-bpmn-model/target/classes
[[1;34mINFO[m] 
[[1;34mINFO[m] [1m--- [0;32mmaven-resources-plugin:3.0.1:testResources[m [1m(default-testResources)[m @ [36mactiviti-bpmn-model[0;1m ---[m
[[1;34mINFO[m] Using 'UTF-8' encoding to copy filtered resources.
[[1;34mINFO[m] skip non existing resourceDirectory /NOD-Test-Repair/tdrepro/projects/activiti/activiti/activiti-bpmn-model/src/test/resources
[[1;34mINFO[m] 
[[1;34mINFO[m] [1m--- [0;32mmaven-compiler-plugin:3.7.0:testCompile[m [1m(default-testCompile)[m @ [36mactiviti-bpmn-model[0;1m ---[m
[[1;34mINFO[m] No sources to compile
[[1;34mINFO[m] 
[[1;34mINFO[m] [1m--- [0;32mmaven-surefire-plugin:2.19.1:test[m [1m(default-test)[m @ [36mactiviti-bpmn-model[0;1m ---[m
[[1;34mINFO[m] Tests are skipped.
[[1;34mINFO[m] 
[[1;34mINFO[m] [1m--- [0;32mjacoco-maven-plugin:0.8.8:report[m [1m(post-unit-test)[m @ [36mactiviti-bpmn-model[0;1m ---[m
[[1;34mINFO[m] Skipping JaCoCo execution due to missing execution data file.
[[1;34mINFO[m] 
[[1;34mINFO[m] [1m--- [0;32mjacoco-maven-plugin:0.8.8:report[m [1m(jacoco-report)[m @ [36mactiviti-bpmn-model[0;1m ---[m
[[1;34mINFO[m] Skipping JaCoCo execution due to missing execution data file.
[[1;34mINFO[m] 
[[1;34mINFO[m] [1m--- [0;32mmaven-jar-plugin:3.0.2:jar[m [1m(default-jar)[m @ [36mactiviti-bpmn-model[0;1m ---[m
[[1;34mINFO[m] Building jar: /NOD-Test-Repair/tdrepro/projects/activiti/activiti/activiti-bpmn-model/target/activiti-bpmn-model-7.0.0-SNAPSHOT.jar
[[1;34mINFO[m] 
[[1;34mINFO[m] [1m--- [0;32mjacoco-maven-plugin:0.8.8:prepare-agent-integration[m [1m(pre-integration-test)[m @ [36mactiviti-bpmn-model[0;1m ---[m
[[1;34mINFO[m] argLine set to -javaagent:/root/.m2/repository/org/jacoco/org.jacoco.agent/0.8.8/org.jacoco.agent-0.8.8-runtime.jar=destfile=/NOD-Test-Repair/tdrepro/projects/activiti/activiti/activiti-bpmn-model/target/jacoco-it.exec -Duser.language=en
[[1;34mINFO[m] 
[[1;34mINFO[m] [1m--- [0;32mjacoco-maven-plugin:0.8.8:report-integration[m [1m(post-integration-test)[m @ [36mactiviti-bpmn-model[0;1m ---[m
[[1;34mINFO[m] Skipping JaCoCo execution due to missing execution data file.
[[1;34mINFO[m] 
[[1;34mINFO[m] [1m--- [0;32mmaven-install-plugin:2.5.2:install[m [1m(default-install)[m @ [36mactiviti-bpmn-model[0;1m ---[m
[[1;34mINFO[m] Installing /NOD-Test-Repair/tdrepro/projects/activiti/activiti/activiti-bpmn-model/target/activiti-bpmn-model-7.0.0-SNAPSHOT.jar to /root/.m2/repository/org/activiti/activiti-bpmn-model/7.0.0-SNAPSHOT/activiti-bpmn-model-7.0.0-SNAPSHOT.jar
[[1;34mINFO[m] Installing /NOD-Test-Repair/tdrepro/projects/activiti/activiti/activiti-bpmn-model/pom.xml to /root/.m2/repository/org/activiti/activiti-bpmn-model/7.0.0-SNAPSHOT/activiti-bpmn-model-7.0.0-SNAPSHOT.pom
[[1;34mINFO[m] 
[[1;34mINFO[m] [1m--------------< [0;36morg.activiti:activiti-process-validation[0;1m >--------------[m
[[1;34mINFO[m] [1mBuilding Activiti :: Process Validation 7.0.0-SNAPSHOT             [3/6][m
[[1;34mINFO[m] [1m--------------------------------[ jar ]---------------------------------[m
[[1;34mINFO[m] 
[[1;34mINFO[m] [1m--- [0;32mmaven-clean-plugin:3.0.0:clean[m [1m(default-clean)[m @ [36mactiviti-process-validation[0;1m ---[m
[[1;34mINFO[m] Deleting /NOD-Test-Repair/tdrepro/projects/activiti/activiti/activiti-process-validation/target
[[1;34mINFO[m] 
[[1;34mINFO[m] [1m--- [0;32mmaven-enforcer-plugin:3.0.0-M1:enforce[m [1m(enforce-java)[m @ [36mactiviti-process-validation[0;1m ---[m
[[1;34mINFO[m] 
[[1;34mINFO[m] [1m--- [0;32mmaven-enforcer-plugin:3.0.0-M1:enforce[m [1m(enforce-maven)[m @ [36mactiviti-process-validation[0;1m ---[m
[[1;34mINFO[m] 
[[1;34mINFO[m] [1m--- [0;32mmaven-enforcer-plugin:3.0.0-M1:enforce[m [1m(enforce-plugin-versions)[m @ [36mactiviti-process-validation[0;1m ---[m
[[1;34mINFO[m] 
[[1;34mINFO[m] [1m--- [0;32mmaven-enforcer-plugin:3.0.0-M1:enforce[m [1m(enforce-direct-dependencies)[m @ [36mactiviti-process-validation[0;1m ---[m
[[1;34mINFO[m] Flag 'useClassesFromLastBuild' is set. Try to use existing output folder.
[[1;34mINFO[m] Flag 'suppressTypesFromJavaRuntime' is set. Classes available in current Java-runtime will be ignored.
[[1;34mINFO[m] Analyze dependencies of artifact 'org.activiti:activiti-process-validation:jar:7.0.0-SNAPSHOT'.
[[1;34mINFO[m] Nothing to analyze in 'org.activiti:activiti-process-validation:jar:7.0.0-SNAPSHOT'.
[[1;34mINFO[m] 
[[1;34mINFO[m] [1m--- [0;32mmaven-enforcer-plugin:3.0.0-M1:enforce[m [1m(ban-blacklisted-dependencies)[m @ [36mactiviti-process-validation[0;1m ---[m
[[1;34mINFO[m] 
[[1;34mINFO[m] [1m--- [0;32mjacoco-maven-plugin:0.8.8:prepare-agent[m [1m(pre-unit-test)[m @ [36mactiviti-process-validation[0;1m ---[m
[[1;34mINFO[m] argLine set to -javaagent:/root/.m2/repository/org/jacoco/org.jacoco.agent/0.8.8/org.jacoco.agent-0.8.8-runtime.jar=destfile=/NOD-Test-Repair/tdrepro/projects/activiti/activiti/activiti-process-validation/target/jacoco.exec -Duser.language=en
[[1;34mINFO[m] 
[[1;34mINFO[m] [1m--- [0;32mjacoco-maven-plugin:0.8.8:prepare-agent[m [1m(default-prepare-agent)[m @ [36mactiviti-process-validation[0;1m ---[m
[[1;34mINFO[m] argLine set to -javaagent:/root/.m2/repository/org/jacoco/org.jacoco.agent/0.8.8/org.jacoco.agent-0.8.8-runtime.jar=destfile=/NOD-Test-Repair/tdrepro/projects/activiti/activiti/activiti-process-validation/target/jacoco.exec -Duser.language=en
[[1;34mINFO[m] 
[[1;34mINFO[m] [1m--- [0;32mmaven-resources-plugin:3.0.1:resources[m [1m(default-resources)[m @ [36mactiviti-process-validation[0;1m ---[m
[[1;34mINFO[m] Using 'UTF-8' encoding to copy filtered resources.
[[1;34mINFO[m] skip non existing resourceDirectory /NOD-Test-Repair/tdrepro/projects/activiti/activiti/activiti-process-validation/src/main/resources
[[1;34mINFO[m] 
[[1;34mINFO[m] [1m--- [0;32mmaven-compiler-plugin:3.7.0:compile[m [1m(default-compile)[m @ [36mactiviti-process-validation[0;1m ---[m
[[1;34mINFO[m] Changes detected - recompiling the module!
[[1;34mINFO[m] Compiling 39 source files to /NOD-Test-Repair/tdrepro/projects/activiti/activiti/activiti-process-validation/target/classes
[[1;34mINFO[m] 
[[1;34mINFO[m] [1m--- [0;32mmaven-resources-plugin:3.0.1:testResources[m [1m(default-testResources)[m @ [36mactiviti-process-validation[0;1m ---[m
[[1;34mINFO[m] Using 'UTF-8' encoding to copy filtered resources.
[[1;34mINFO[m] skip non existing resourceDirectory /NOD-Test-Repair/tdrepro/projects/activiti/activiti/activiti-process-validation/src/test/resources
[[1;34mINFO[m] 
[[1;34mINFO[m] [1m--- [0;32mmaven-compiler-plugin:3.7.0:testCompile[m [1m(default-testCompile)[m @ [36mactiviti-process-validation[0;1m ---[m
[[1;34mINFO[m] Changes detected - recompiling the module!
[[1;34mINFO[m] Compiling 1 source file to /NOD-Test-Repair/tdrepro/projects/activiti/activiti/activiti-process-validation/target/test-classes
[[1;34mINFO[m] 
[[1;34mINFO[m] [1m--- [0;32mmaven-surefire-plugin:2.19.1:test[m [1m(default-test)[m @ [36mactiviti-process-validation[0;1m ---[m
[[1;34mINFO[m] Tests are skipped.
[[1;34mINFO[m] 
[[1;34mINFO[m] [1m--- [0;32mjacoco-maven-plugin:0.8.8:report[m [1m(post-unit-test)[m @ [36mactiviti-process-validation[0;1m ---[m
[[1;34mINFO[m] Skipping JaCoCo execution due to missing execution data file.
[[1;34mINFO[m] 
[[1;34mINFO[m] [1m--- [0;32mjacoco-maven-plugin:0.8.8:report[m [1m(jacoco-report)[m @ [36mactiviti-process-validation[0;1m ---[m
[[1;34mINFO[m] Skipping JaCoCo execution due to missing execution data file.
[[1;34mINFO[m] 
[[1;34mINFO[m] [1m--- [0;32mmaven-jar-plugin:3.0.2:jar[m [1m(default-jar)[m @ [36mactiviti-process-validation[0;1m ---[m
[[1;34mINFO[m] Building jar: /NOD-Test-Repair/tdrepro/projects/activiti/activiti/activiti-process-validation/target/activiti-process-validation-7.0.0-SNAPSHOT.jar
[[1;34mINFO[m] 
[[1;34mINFO[m] [1m--- [0;32mjacoco-maven-plugin:0.8.8:prepare-agent-integration[m [1m(pre-integration-test)[m @ [36mactiviti-process-validation[0;1m ---[m
[[1;34mINFO[m] argLine set to -javaagent:/root/.m2/repository/org/jacoco/org.jacoco.agent/0.8.8/org.jacoco.agent-0.8.8-runtime.jar=destfile=/NOD-Test-Repair/tdrepro/projects/activiti/activiti/activiti-process-validation/target/jacoco-it.exec -Duser.language=en
[[1;34mINFO[m] 
[[1;34mINFO[m] [1m--- [0;32mjacoco-maven-plugin:0.8.8:report-integration[m [1m(post-integration-test)[m @ [36mactiviti-process-validation[0;1m ---[m
[[1;34mINFO[m] Skipping JaCoCo execution due to missing execution data file.
[[1;34mINFO[m] 
[[1;34mINFO[m] [1m--- [0;32mmaven-install-plugin:2.5.2:install[m [1m(default-install)[m @ [36mactiviti-process-validation[0;1m ---[m
[[1;34mINFO[m] Installing /NOD-Test-Repair/tdrepro/projects/activiti/activiti/activiti-process-validation/target/activiti-process-validation-7.0.0-SNAPSHOT.jar to /root/.m2/repository/org/activiti/activiti-process-validation/7.0.0-SNAPSHOT/activiti-process-validation-7.0.0-SNAPSHOT.jar
[[1;34mINFO[m] Installing /NOD-Test-Repair/tdrepro/projects/activiti/activiti/activiti-process-validation/pom.xml to /root/.m2/repository/org/activiti/activiti-process-validation/7.0.0-SNAPSHOT/activiti-process-validation-7.0.0-SNAPSHOT.pom
[[1;34mINFO[m] 
[[1;34mINFO[m] [1m-----------------< [0;36morg.activiti:activiti-bpmn-layout[0;1m >------------------[m
[[1;34mINFO[m] [1mBuilding Activiti :: BPMN Layout 7.0.0-SNAPSHOT                    [4/6][m
[[1;34mINFO[m] [1m--------------------------------[ jar ]---------------------------------[m
[[1;34mINFO[m] 
[[1;34mINFO[m] [1m--- [0;32mmaven-clean-plugin:3.0.0:clean[m [1m(default-clean)[m @ [36mactiviti-bpmn-layout[0;1m ---[m
[[1;34mINFO[m] Deleting /NOD-Test-Repair/tdrepro/projects/activiti/activiti/activiti-bpmn-layout/target
[[1;34mINFO[m] 
[[1;34mINFO[m] [1m--- [0;32mmaven-enforcer-plugin:3.0.0-M1:enforce[m [1m(enforce-java)[m @ [36mactiviti-bpmn-layout[0;1m ---[m
[[1;34mINFO[m] 
[[1;34mINFO[m] [1m--- [0;32mmaven-enforcer-plugin:3.0.0-M1:enforce[m [1m(enforce-maven)[m @ [36mactiviti-bpmn-layout[0;1m ---[m
[[1;34mINFO[m] 
[[1;34mINFO[m] [1m--- [0;32mmaven-enforcer-plugin:3.0.0-M1:enforce[m [1m(enforce-plugin-versions)[m @ [36mactiviti-bpmn-layout[0;1m ---[m
[[1;34mINFO[m] 
[[1;34mINFO[m] [1m--- [0;32mmaven-enforcer-plugin:3.0.0-M1:enforce[m [1m(enforce-direct-dependencies)[m @ [36mactiviti-bpmn-layout[0;1m ---[m
[[1;34mINFO[m] Flag 'useClassesFromLastBuild' is set. Try to use existing output folder.
[[1;34mINFO[m] Flag 'suppressTypesFromJavaRuntime' is set. Classes available in current Java-runtime will be ignored.
[[1;34mINFO[m] Analyze dependencies of artifact 'org.activiti:activiti-bpmn-layout:jar:7.0.0-SNAPSHOT'.
[[1;34mINFO[m] Nothing to analyze in 'org.activiti:activiti-bpmn-layout:jar:7.0.0-SNAPSHOT'.
[[1;34mINFO[m] 
[[1;34mINFO[m] [1m--- [0;32mmaven-enforcer-plugin:3.0.0-M1:enforce[m [1m(ban-blacklisted-dependencies)[m @ [36mactiviti-bpmn-layout[0;1m ---[m
[[1;34mINFO[m] 
[[1;34mINFO[m] [1m--- [0;32mjacoco-maven-plugin:0.8.8:prepare-agent[m [1m(pre-unit-test)[m @ [36mactiviti-bpmn-layout[0;1m ---[m
[[1;34mINFO[m] argLine set to -javaagent:/root/.m2/repository/org/jacoco/org.jacoco.agent/0.8.8/org.jacoco.agent-0.8.8-runtime.jar=destfile=/NOD-Test-Repair/tdrepro/projects/activiti/activiti/activiti-bpmn-layout/target/jacoco.exec -Duser.language=en
[[1;34mINFO[m] 
[[1;34mINFO[m] [1m--- [0;32mjacoco-maven-plugin:0.8.8:prepare-agent[m [1m(default-prepare-agent)[m @ [36mactiviti-bpmn-layout[0;1m ---[m
[[1;34mINFO[m] argLine set to -javaagent:/root/.m2/repository/org/jacoco/org.jacoco.agent/0.8.8/org.jacoco.agent-0.8.8-runtime.jar=destfile=/NOD-Test-Repair/tdrepro/projects/activiti/activiti/activiti-bpmn-layout/target/jacoco.exec -Duser.language=en
[[1;34mINFO[m] 
[[1;34mINFO[m] [1m--- [0;32mmaven-resources-plugin:3.0.1:resources[m [1m(default-resources)[m @ [36mactiviti-bpmn-layout[0;1m ---[m
[[1;34mINFO[m] Using 'UTF-8' encoding to copy filtered resources.
[[1;34mINFO[m] skip non existing resourceDirectory /NOD-Test-Repair/tdrepro/projects/activiti/activiti/activiti-bpmn-layout/src/main/resources
[[1;34mINFO[m] 
[[1;34mINFO[m] [1m--- [0;32mmaven-compiler-plugin:3.7.0:compile[m [1m(default-compile)[m @ [36mactiviti-bpmn-layout[0;1m ---[m
[[1;34mINFO[m] Changes detected - recompiling the module!
[[1;34mINFO[m] Compiling 2 source files to /NOD-Test-Repair/tdrepro/projects/activiti/activiti/activiti-bpmn-layout/target/classes
[[1;34mINFO[m] 
[[1;34mINFO[m] [1m--- [0;32mmaven-resources-plugin:3.0.1:testResources[m [1m(default-testResources)[m @ [36mactiviti-bpmn-layout[0;1m ---[m
[[1;34mINFO[m] Using 'UTF-8' encoding to copy filtered resources.
[[1;34mINFO[m] skip non existing resourceDirectory /NOD-Test-Repair/tdrepro/projects/activiti/activiti/activiti-bpmn-layout/src/test/resources
[[1;34mINFO[m] 
[[1;34mINFO[m] [1m--- [0;32mmaven-compiler-plugin:3.7.0:testCompile[m [1m(default-testCompile)[m @ [36mactiviti-bpmn-layout[0;1m ---[m
[[1;34mINFO[m] No sources to compile
[[1;34mINFO[m] 
[[1;34mINFO[m] [1m--- [0;32mmaven-surefire-plugin:2.19.1:test[m [1m(default-test)[m @ [36mactiviti-bpmn-layout[0;1m ---[m
[[1;34mINFO[m] Tests are skipped.
[[1;34mINFO[m] 
[[1;34mINFO[m] [1m--- [0;32mjacoco-maven-plugin:0.8.8:report[m [1m(post-unit-test)[m @ [36mactiviti-bpmn-layout[0;1m ---[m
[[1;34mINFO[m] Skipping JaCoCo execution due to missing execution data file.
[[1;34mINFO[m] 
[[1;34mINFO[m] [1m--- [0;32mjacoco-maven-plugin:0.8.8:report[m [1m(jacoco-report)[m @ [36mactiviti-bpmn-layout[0;1m ---[m
[[1;34mINFO[m] Skipping JaCoCo execution due to missing execution data file.
[[1;34mINFO[m] 
[[1;34mINFO[m] [1m--- [0;32mmaven-jar-plugin:3.0.2:jar[m [1m(default-jar)[m @ [36mactiviti-bpmn-layout[0;1m ---[m
[[1;34mINFO[m] Building jar: /NOD-Test-Repair/tdrepro/projects/activiti/activiti/activiti-bpmn-layout/target/activiti-bpmn-layout-7.0.0-SNAPSHOT.jar
[[1;34mINFO[m] 
[[1;34mINFO[m] [1m--- [0;32mjacoco-maven-plugin:0.8.8:prepare-agent-integration[m [1m(pre-integration-test)[m @ [36mactiviti-bpmn-layout[0;1m ---[m
[[1;34mINFO[m] argLine set to -javaagent:/root/.m2/repository/org/jacoco/org.jacoco.agent/0.8.8/org.jacoco.agent-0.8.8-runtime.jar=destfile=/NOD-Test-Repair/tdrepro/projects/activiti/activiti/activiti-bpmn-layout/target/jacoco-it.exec -Duser.language=en
[[1;34mINFO[m] 
[[1;34mINFO[m] [1m--- [0;32mjacoco-maven-plugin:0.8.8:report-integration[m [1m(post-integration-test)[m @ [36mactiviti-bpmn-layout[0;1m ---[m
[[1;34mINFO[m] Skipping JaCoCo execution due to missing execution data file.
[[1;34mINFO[m] 
[[1;34mINFO[m] [1m--- [0;32mmaven-install-plugin:2.5.2:install[m [1m(default-install)[m @ [36mactiviti-bpmn-layout[0;1m ---[m
[[1;34mINFO[m] Installing /NOD-Test-Repair/tdrepro/projects/activiti/activiti/activiti-bpmn-layout/target/activiti-bpmn-layout-7.0.0-SNAPSHOT.jar to /root/.m2/repository/org/activiti/activiti-bpmn-layout/7.0.0-SNAPSHOT/activiti-bpmn-layout-7.0.0-SNAPSHOT.jar
[[1;34mINFO[m] Installing /NOD-Test-Repair/tdrepro/projects/activiti/activiti/activiti-bpmn-layout/pom.xml to /root/.m2/repository/org/activiti/activiti-bpmn-layout/7.0.0-SNAPSHOT/activiti-bpmn-layout-7.0.0-SNAPSHOT.pom
[[1;34mINFO[m] 
[[1;34mINFO[m] [1m----------------< [0;36morg.activiti:activiti-bpmn-converter[0;1m >----------------[m
[[1;34mINFO[m] [1mBuilding Activiti :: BPMN Converter 7.0.0-SNAPSHOT                 [5/6][m
[[1;34mINFO[m] [1m--------------------------------[ jar ]---------------------------------[m
[[1;34mINFO[m] 
[[1;34mINFO[m] [1m--- [0;32mmaven-clean-plugin:3.0.0:clean[m [1m(default-clean)[m @ [36mactiviti-bpmn-converter[0;1m ---[m
[[1;34mINFO[m] Deleting /NOD-Test-Repair/tdrepro/projects/activiti/activiti/activiti-bpmn-converter/target
[[1;34mINFO[m] 
[[1;34mINFO[m] [1m--- [0;32mmaven-enforcer-plugin:3.0.0-M1:enforce[m [1m(enforce-java)[m @ [36mactiviti-bpmn-converter[0;1m ---[m
[[1;34mINFO[m] 
[[1;34mINFO[m] [1m--- [0;32mmaven-enforcer-plugin:3.0.0-M1:enforce[m [1m(enforce-maven)[m @ [36mactiviti-bpmn-converter[0;1m ---[m
[[1;34mINFO[m] 
[[1;34mINFO[m] [1m--- [0;32mmaven-enforcer-plugin:3.0.0-M1:enforce[m [1m(enforce-plugin-versions)[m @ [36mactiviti-bpmn-converter[0;1m ---[m
[[1;34mINFO[m] 
[[1;34mINFO[m] [1m--- [0;32mmaven-enforcer-plugin:3.0.0-M1:enforce[m [1m(enforce-direct-dependencies)[m @ [36mactiviti-bpmn-converter[0;1m ---[m
[[1;34mINFO[m] Flag 'useClassesFromLastBuild' is set. Try to use existing output folder.
[[1;34mINFO[m] Flag 'suppressTypesFromJavaRuntime' is set. Classes available in current Java-runtime will be ignored.
[[1;34mINFO[m] Analyze dependencies of artifact 'org.activiti:activiti-bpmn-converter:jar:7.0.0-SNAPSHOT'.
[[1;34mINFO[m] Nothing to analyze in 'org.activiti:activiti-bpmn-converter:jar:7.0.0-SNAPSHOT'.
[[1;34mINFO[m] 
[[1;34mINFO[m] [1m--- [0;32mmaven-enforcer-plugin:3.0.0-M1:enforce[m [1m(ban-blacklisted-dependencies)[m @ [36mactiviti-bpmn-converter[0;1m ---[m
[[1;34mINFO[m] 
[[1;34mINFO[m] [1m--- [0;32mjacoco-maven-plugin:0.8.8:prepare-agent[m [1m(pre-unit-test)[m @ [36mactiviti-bpmn-converter[0;1m ---[m
[[1;34mINFO[m] argLine set to -javaagent:/root/.m2/repository/org/jacoco/org.jacoco.agent/0.8.8/org.jacoco.agent-0.8.8-runtime.jar=destfile=/NOD-Test-Repair/tdrepro/projects/activiti/activiti/activiti-bpmn-converter/target/jacoco.exec -Duser.language=en
[[1;34mINFO[m] 
[[1;34mINFO[m] [1m--- [0;32mjacoco-maven-plugin:0.8.8:prepare-agent[m [1m(default-prepare-agent)[m @ [36mactiviti-bpmn-converter[0;1m ---[m
[[1;34mINFO[m] argLine set to -javaagent:/root/.m2/repository/org/jacoco/org.jacoco.agent/0.8.8/org.jacoco.agent-0.8.8-runtime.jar=destfile=/NOD-Test-Repair/tdrepro/projects/activiti/activiti/activiti-bpmn-converter/target/jacoco.exec -Duser.language=en
[[1;34mINFO[m] 
[[1;34mINFO[m] [1m--- [0;32mmaven-resources-plugin:3.0.1:resources[m [1m(default-resources)[m @ [36mactiviti-bpmn-converter[0;1m ---[m
[[1;34mINFO[m] Using 'UTF-8' encoding to copy filtered resources.
[[1;34mINFO[m] Copying 14 resources
[[1;34mINFO[m] 
[[1;34mINFO[m] [1m--- [0;32mmaven-compiler-plugin:3.7.0:compile[m [1m(default-compile)[m @ [36mactiviti-bpmn-converter[0;1m ---[m
[[1;34mINFO[m] Changes detected - recompiling the module!
[[1;34mINFO[m] Compiling 95 source files to /NOD-Test-Repair/tdrepro/projects/activiti/activiti/activiti-bpmn-converter/target/classes
[[1;34mINFO[m] /NOD-Test-Repair/tdrepro/projects/activiti/activiti/activiti-bpmn-converter/src/main/java/org/activiti/bpmn/converter/parser/ProcessParser.java: Some input files use unchecked or unsafe operations.
[[1;34mINFO[m] /NOD-Test-Repair/tdrepro/projects/activiti/activiti/activiti-bpmn-converter/src/main/java/org/activiti/bpmn/converter/parser/ProcessParser.java: Recompile with -Xlint:unchecked for details.
[[1;34mINFO[m] 
[[1;34mINFO[m] [1m--- [0;32mmaven-resources-plugin:3.0.1:testResources[m [1m(default-testResources)[m @ [36mactiviti-bpmn-converter[0;1m ---[m
[[1;34mINFO[m] Using 'UTF-8' encoding to copy filtered resources.
[[1;34mINFO[m] Copying 40 resources
[[1;34mINFO[m] 
[[1;34mINFO[m] [1m--- [0;32mmaven-compiler-plugin:3.7.0:testCompile[m [1m(default-testCompile)[m @ [36mactiviti-bpmn-converter[0;1m ---[m
[[1;34mINFO[m] Changes detected - recompiling the module!
[[1;34mINFO[m] Compiling 39 source files to /NOD-Test-Repair/tdrepro/projects/activiti/activiti/activiti-bpmn-converter/target/test-classes
[[1;34mINFO[m] 
[[1;34mINFO[m] [1m--- [0;32mmaven-surefire-plugin:2.19.1:test[m [1m(default-test)[m @ [36mactiviti-bpmn-converter[0;1m ---[m
[[1;34mINFO[m] Tests are skipped.
[[1;34mINFO[m] 
[[1;34mINFO[m] [1m--- [0;32mjacoco-maven-plugin:0.8.8:report[m [1m(post-unit-test)[m @ [36mactiviti-bpmn-converter[0;1m ---[m
[[1;34mINFO[m] Skipping JaCoCo execution due to missing execution data file.
[[1;34mINFO[m] 
[[1;34mINFO[m] [1m--- [0;32mjacoco-maven-plugin:0.8.8:report[m [1m(jacoco-report)[m @ [36mactiviti-bpmn-converter[0;1m ---[m
[[1;34mINFO[m] Skipping JaCoCo execution due to missing execution data file.
[[1;34mINFO[m] 
[[1;34mINFO[m] [1m--- [0;32mmaven-jar-plugin:3.0.2:jar[m [1m(default-jar)[m @ [36mactiviti-bpmn-converter[0;1m ---[m
[[1;34mINFO[m] Building jar: /NOD-Test-Repair/tdrepro/projects/activiti/activiti/activiti-bpmn-converter/target/activiti-bpmn-converter-7.0.0-SNAPSHOT.jar
[[1;34mINFO[m] 
[[1;34mINFO[m] [1m--- [0;32mjacoco-maven-plugin:0.8.8:prepare-agent-integration[m [1m(pre-integration-test)[m @ [36mactiviti-bpmn-converter[0;1m ---[m
[[1;34mINFO[m] argLine set to -javaagent:/root/.m2/repository/org/jacoco/org.jacoco.agent/0.8.8/org.jacoco.agent-0.8.8-runtime.jar=destfile=/NOD-Test-Repair/tdrepro/projects/activiti/activiti/activiti-bpmn-converter/target/jacoco-it.exec -Duser.language=en
[[1;34mINFO[m] 
[[1;34mINFO[m] [1m--- [0;32mjacoco-maven-plugin:0.8.8:report-integration[m [1m(post-integration-test)[m @ [36mactiviti-bpmn-converter[0;1m ---[m
[[1;34mINFO[m] Skipping JaCoCo execution due to missing execution data file.
[[1;34mINFO[m] 
[[1;34mINFO[m] [1m--- [0;32mmaven-install-plugin:2.5.2:install[m [1m(default-install)[m @ [36mactiviti-bpmn-converter[0;1m ---[m
[[1;34mINFO[m] Installing /NOD-Test-Repair/tdrepro/projects/activiti/activiti/activiti-bpmn-converter/target/activiti-bpmn-converter-7.0.0-SNAPSHOT.jar to /root/.m2/repository/org/activiti/activiti-bpmn-converter/7.0.0-SNAPSHOT/activiti-bpmn-converter-7.0.0-SNAPSHOT.jar
[[1;34mINFO[m] Installing /NOD-Test-Repair/tdrepro/projects/activiti/activiti/activiti-bpmn-converter/pom.xml to /root/.m2/repository/org/activiti/activiti-bpmn-converter/7.0.0-SNAPSHOT/activiti-bpmn-converter-7.0.0-SNAPSHOT.pom
[[1;34mINFO[m] 
[[1;34mINFO[m] [1m--------------------< [0;36morg.activiti:activiti-engine[0;1m >--------------------[m
[[1;34mINFO[m] [1mBuilding Activiti :: Engine 7.0.0-SNAPSHOT                         [6/6][m
[[1;34mINFO[m] [1m--------------------------------[ jar ]---------------------------------[m
[[1;34mINFO[m] 
[[1;34mINFO[m] [1m--- [0;32mmaven-clean-plugin:3.0.0:clean[m [1m(default-clean)[m @ [36mactiviti-engine[0;1m ---[m
[[1;34mINFO[m] Deleting /NOD-Test-Repair/tdrepro/projects/activiti/activiti/activiti-engine/target
[[1;34mINFO[m] 
[[1;34mINFO[m] [1m--- [0;32mmaven-enforcer-plugin:3.0.0-M1:enforce[m [1m(enforce-java)[m @ [36mactiviti-engine[0;1m ---[m
[[1;34mINFO[m] 
[[1;34mINFO[m] [1m--- [0;32mmaven-enforcer-plugin:3.0.0-M1:enforce[m [1m(enforce-maven)[m @ [36mactiviti-engine[0;1m ---[m
[[1;34mINFO[m] 
[[1;34mINFO[m] [1m--- [0;32mmaven-enforcer-plugin:3.0.0-M1:enforce[m [1m(enforce-plugin-versions)[m @ [36mactiviti-engine[0;1m ---[m
[[1;34mINFO[m] 
[[1;34mINFO[m] [1m--- [0;32mmaven-enforcer-plugin:3.0.0-M1:enforce[m [1m(enforce-direct-dependencies)[m @ [36mactiviti-engine[0;1m ---[m
[[1;34mINFO[m] Flag 'useClassesFromLastBuild' is set. Try to use existing output folder.
[[1;34mINFO[m] Flag 'suppressTypesFromJavaRuntime' is set. Classes available in current Java-runtime will be ignored.
[[1;34mINFO[m] Analyze dependencies of artifact 'org.activiti:activiti-engine:jar:7.0.0-SNAPSHOT'.
[[1;34mINFO[m] Nothing to analyze in 'org.activiti:activiti-engine:jar:7.0.0-SNAPSHOT'.
[[1;34mINFO[m] 
[[1;34mINFO[m] [1m--- [0;32mmaven-enforcer-plugin:3.0.0-M1:enforce[m [1m(ban-blacklisted-dependencies)[m @ [36mactiviti-engine[0;1m ---[m
[[1;34mINFO[m] 
[[1;34mINFO[m] [1m--- [0;32mjacoco-maven-plugin:0.8.8:prepare-agent[m [1m(pre-unit-test)[m @ [36mactiviti-engine[0;1m ---[m
[[1;34mINFO[m] argLine set to -javaagent:/root/.m2/repository/org/jacoco/org.jacoco.agent/0.8.8/org.jacoco.agent-0.8.8-runtime.jar=destfile=/NOD-Test-Repair/tdrepro/projects/activiti/activiti/activiti-engine/target/jacoco.exec -Duser.language=en
[[1;34mINFO[m] 
[[1;34mINFO[m] [1m--- [0;32mjacoco-maven-plugin:0.8.8:prepare-agent[m [1m(default-prepare-agent)[m @ [36mactiviti-engine[0;1m ---[m
[[1;34mINFO[m] argLine set to -javaagent:/root/.m2/repository/org/jacoco/org.jacoco.agent/0.8.8/org.jacoco.agent-0.8.8-runtime.jar=destfile=/NOD-Test-Repair/tdrepro/projects/activiti/activiti/activiti-engine/target/jacoco.exec -Duser.language=en
[[1;34mINFO[m] 
[[1;34mINFO[m] [1m--- [0;32mmaven-resources-plugin:3.0.1:resources[m [1m(default-resources)[m @ [36mactiviti-engine[0;1m ---[m
[[1;34mINFO[m] Using 'UTF-8' encoding to copy filtered resources.
[[1;34mINFO[m] Copying 368 resources
[[1;34mINFO[m] 
[[1;34mINFO[m] [1m--- [0;32mmaven-compiler-plugin:3.7.0:compile[m [1m(default-compile)[m @ [36mactiviti-engine[0;1m ---[m
[[1;34mINFO[m] Changes detected - recompiling the module!
[[1;34mINFO[m] Compiling 1102 source files to /NOD-Test-Repair/tdrepro/projects/activiti/activiti/activiti-engine/target/classes
[[1;33mWARNING[m] /NOD-Test-Repair/tdrepro/projects/activiti/activiti/activiti-engine/src/main/java/org/activiti/engine/impl/AbstractNativeQuery.java:[122,45] toString(java.lang.Object) in org.apache.commons.lang3.ObjectUtils has been deprecated
[[1;34mINFO[m] /NOD-Test-Repair/tdrepro/projects/activiti/activiti/activiti-engine/src/main/java/org/activiti/engine/impl/util/json/JSONArray.java: Some input files use unchecked or unsafe operations.
[[1;34mINFO[m] /NOD-Test-Repair/tdrepro/projects/activiti/activiti/activiti-engine/src/main/java/org/activiti/engine/impl/util/json/JSONArray.java: Recompile with -Xlint:unchecked for details.
[[1;34mINFO[m] 
[[1;34mINFO[m] [1m--- [0;32mmaven-resources-plugin:3.0.1:testResources[m [1m(default-testResources)[m @ [36mactiviti-engine[0;1m ---[m
[[1;34mINFO[m] Using 'UTF-8' encoding to copy filtered resources.
[[1;34mINFO[m] Copying 1070 resources
[[1;34mINFO[m] 
[[1;34mINFO[m] [1m--- [0;32mmaven-compiler-plugin:3.7.0:testCompile[m [1m(default-testCompile)[m @ [36mactiviti-engine[0;1m ---[m
[[1;34mINFO[m] Changes detected - recompiling the module!
[[1;34mINFO[m] Compiling 427 source files to /NOD-Test-Repair/tdrepro/projects/activiti/activiti/activiti-engine/target/test-classes
[[1;33mWARNING[m] /NOD-Test-Repair/tdrepro/projects/activiti/activiti/activiti-engine/src/test/java/org/activiti/engine/test/json/JsonTest.java:[234,16] put(java.lang.String,com.fasterxml.jackson.databind.JsonNode) in com.fasterxml.jackson.databind.node.ObjectNode has been deprecated
[[1;33mWARNING[m] /NOD-Test-Repair/tdrepro/projects/activiti/activiti/activiti-engine/src/test/java/org/activiti/engine/test/logging/mdc/MemoryLogAppender.java:[17,30] WriterOutputStream(java.io.Writer) in org.apache.commons.io.output.WriterOutputStream has been deprecated
[[1;34mINFO[m] /NOD-Test-Repair/tdrepro/projects/activiti/activiti/activiti-engine/src/test/java/org/activiti/engine/test/api/variables/TransientVariablesTest.java: Some input files use unchecked or unsafe operations.
[[1;34mINFO[m] /NOD-Test-Repair/tdrepro/projects/activiti/activiti/activiti-engine/src/test/java/org/activiti/engine/test/api/variables/TransientVariablesTest.java: Recompile with -Xlint:unchecked for details.
[[1;34mINFO[m] 
[[1;34mINFO[m] [1m--- [0;32mmaven-surefire-plugin:2.19.1:test[m [1m(default-test)[m @ [36mactiviti-engine[0;1m ---[m
[[1;34mINFO[m] Tests are skipped.
[[1;34mINFO[m] 
[[1;34mINFO[m] [1m--- [0;32mjacoco-maven-plugin:0.8.8:report[m [1m(post-unit-test)[m @ [36mactiviti-engine[0;1m ---[m
[[1;34mINFO[m] Skipping JaCoCo execution due to missing execution data file.
[[1;34mINFO[m] 
[[1;34mINFO[m] [1m--- [0;32mjacoco-maven-plugin:0.8.8:report[m [1m(jacoco-report)[m @ [36mactiviti-engine[0;1m ---[m
[[1;34mINFO[m] Skipping JaCoCo execution due to missing execution data file.
[[1;34mINFO[m] 
[[1;34mINFO[m] [1m--- [0;32mmaven-jar-plugin:3.0.2:jar[m [1m(default-jar)[m @ [36mactiviti-engine[0;1m ---[m
[[1;34mINFO[m] Building jar: /NOD-Test-Repair/tdrepro/projects/activiti/activiti/activiti-engine/target/activiti-engine-7.0.0-SNAPSHOT.jar
[[1;34mINFO[m] 
[[1;34mINFO[m] [1m--- [0;32mjacoco-maven-plugin:0.8.8:prepare-agent-integration[m [1m(pre-integration-test)[m @ [36mactiviti-engine[0;1m ---[m
[[1;34mINFO[m] argLine set to -javaagent:/root/.m2/repository/org/jacoco/org.jacoco.agent/0.8.8/org.jacoco.agent-0.8.8-runtime.jar=destfile=/NOD-Test-Repair/tdrepro/projects/activiti/activiti/activiti-engine/target/jacoco-it.exec -Duser.language=en
[[1;34mINFO[m] 
[[1;34mINFO[m] [1m--- [0;32mjacoco-maven-plugin:0.8.8:report-integration[m [1m(post-integration-test)[m @ [36mactiviti-engine[0;1m ---[m
[[1;34mINFO[m] Skipping JaCoCo execution due to missing execution data file.
[[1;34mINFO[m] 
[[1;34mINFO[m] [1m--- [0;32mmaven-install-plugin:2.5.2:install[m [1m(default-install)[m @ [36mactiviti-engine[0;1m ---[m
[[1;34mINFO[m] Installing /NOD-Test-Repair/tdrepro/projects/activiti/activiti/activiti-engine/target/activiti-engine-7.0.0-SNAPSHOT.jar to /root/.m2/repository/org/activiti/activiti-engine/7.0.0-SNAPSHOT/activiti-engine-7.0.0-SNAPSHOT.jar
[[1;34mINFO[m] Installing /NOD-Test-Repair/tdrepro/projects/activiti/activiti/activiti-engine/pom.xml to /root/.m2/repository/org/activiti/activiti-engine/7.0.0-SNAPSHOT/activiti-engine-7.0.0-SNAPSHOT.pom
[[1;34mINFO[m] [1m------------------------------------------------------------------------[m
[[1;34mINFO[m] [1mReactor Summary for Activiti Core :: Parent 7.0.0-SNAPSHOT:[m
[[1;34mINFO[m] 
[[1;34mINFO[m] Activiti Core :: Parent ............................ [1;32mSUCCESS[m [  0.351 s]
[[1;34mINFO[m] Activiti :: BPMN Model ............................. [1;32mSUCCESS[m [  0.852 s]
[[1;34mINFO[m] Activiti :: Process Validation ..................... [1;32mSUCCESS[m [  0.218 s]
[[1;34mINFO[m] Activiti :: BPMN Layout ............................ [1;32mSUCCESS[m [  0.107 s]
[[1;34mINFO[m] Activiti :: BPMN Converter ......................... [1;32mSUCCESS[m [  0.440 s]
[[1;34mINFO[m] Activiti :: Engine ................................. [1;32mSUCCESS[m [  3.794 s]
[[1;34mINFO[m] [1m------------------------------------------------------------------------[m
[[1;34mINFO[m] [1;32mBUILD SUCCESS[m
[[1;34mINFO[m] [1m------------------------------------------------------------------------[m
[[1;34mINFO[m] Total time:  5.958 s
[[1;34mINFO[m] Finished at: 2026-04-30T23:34:27Z
[[1;34mINFO[m] [1m------------------------------------------------------------------------[m
cp /NOD-Test-Repair/tdrepro/jacococli.jar /NOD-Test-Repair/tdrepro/projects/activiti/activiti
mod=./activiti-bpmn-layout/target
class dir=./activiti-bpmn-layout/target/classes
source dir=./activiti-bpmn-layout/src/main/java
classes exists
mod=./activiti-process-validation/target
class dir=./activiti-process-validation/target/classes
source dir=./activiti-process-validation/src/main/java
classes exists
mod=./activiti-bpmn-converter/target
class dir=./activiti-bpmn-converter/target/classes
source dir=./activiti-bpmn-converter/src/main/java
classes exists
mod=./activiti-engine/target
class dir=./activiti-engine/target/classes
source dir=./activiti-engine/src/main/java
classes exists
mod=./activiti-bpmn-model/target
class dir=./activiti-bpmn-model/target/classes
source dir=./activiti-bpmn-model/src/main/java
classes exists
[INFO] Loading execution data file /NOD-Test-Repair/tdrepro/projects/activiti/activiti/activiti-engine/target/jacoco.exec.
[INFO] Analyzing 1108 classes.
java -jar jacococli.jar report activiti-engine/target/jacoco.exec         --classfiles ./activiti-bpmn-layout/target/classes --classfiles ./activiti-process-validation/target/classes --classfiles ./activiti-bpmn-converter/target/classes --classfiles ./activiti-engine/target/classes --classfiles ./activiti-bpmn-model/target/classes          --sourcefiles ./activiti-bpmn-layout/src/main/java --sourcefiles ./activiti-process-validation/src/main/java --sourcefiles ./activiti-bpmn-converter/src/main/java --sourcefiles ./activiti-engine/src/main/java --sourcefiles ./activiti-bpmn-model/src/main/java          --xml activiti-engine/target/coverage.xml
python3 /NOD-Test-Repair/tdrepro/collect_executed_meths.py activiti-engine org.activiti.engine.test.bpmn.event.timer.compatibility.BoundaryTimerEventRepeatCompatibilityTest#testRepeatWithoutEnd activiti/activiti
***desc= (Ljava/io/InputStream;)V
***desc= ()Ljava/io/InputStream;
***desc= (Ljava/io/InputStream;)[B
***desc= (Lorg/activiti/engine/delegate/event/ActivitiEventType;)V
***desc= (Ljava/lang/String;)V
***desc= (Ljava/lang/String;)V
***desc= (Ljava/lang/String;)V
***desc= (Ljava/lang/String;)V
***desc= (Ljava/lang/String;)V
***desc= (Ljava/lang/String;)V
***desc= (Ljava/lang/String;)V
***desc= (Ljava/lang/String;)V
***desc= (Ljava/lang/String;)V
***desc= (Ljava/lang/Object;Ljava/util/Map;Z)V
***desc= (Lorg/activiti/engine/delegate/event/ActivitiEventType;)Lorg/activiti/engine/delegate/event/ActivitiEvent;
***desc= (Lorg/activiti/engine/delegate/event/ActivitiEventType;Ljava/lang/Object;)Lorg/activiti/engine/delegate/event/ActivitiEntityEvent;
***desc= (Ljava/lang/Object;Ljava/util/Map;Z)Lorg/activiti/engine/delegate/event/ActivitiProcessStartedEvent;
***desc= (Lorg/activiti/engine/delegate/event/ActivitiEventType;Ljava/lang/Object;Ljava/util/Map;Z)Lorg/activiti/engine/delegate/event/ActivitiEntityWithVariablesEvent;
***desc= (Lorg/activiti/engine/impl/persistence/entity/ExecutionEntity;Lorg/activiti/engine/delegate/event/ActivitiEventType;Ljava/lang/String;Ljava/lang/String;Ljava/lang/String;Ljava/lang/String;Ljava/lang/Object;Ljava/lang/String;Ljava/lang/String;Ljava/lang/String;Ljava/lang/Object;)Lorg/activiti/engine/delegate/event/ActivitiSequenceFlowTakenEvent;
***desc= (Lorg/activiti/engine/delegate/event/ActivitiEventType;Ljava/lang/String;Ljava/lang/String;Ljava/lang/String;Ljava/lang/String;Ljava/lang/String;Lorg/activiti/bpmn/model/FlowElement;)Lorg/activiti/engine/delegate/event/ActivitiActivityEvent;
***desc= (Lorg/activiti/bpmn/model/FlowNode;)Ljava/lang/String;
***desc= (Lorg/activiti/engine/delegate/event/ActivitiEventType;Ljava/lang/String;Ljava/lang/Object;Lorg/activiti/engine/impl/variable/VariableType;Ljava/lang/String;Ljava/lang/String;Ljava/lang/String;Ljava/lang/String;)Lorg/activiti/engine/delegate/event/ActivitiVariableEvent;
***desc= (Lorg/activiti/engine/delegate/event/impl/ActivitiEventImpl;)V
***desc= (Lorg/activiti/engine/delegate/event/ActivitiEventType;)V
***desc= (Ljava/lang/String;)V
***desc= (Ljava/lang/String;)V
***desc= (Ljava/lang/String;)V
***desc= (Ljava/lang/String;)V
***desc= (Lorg/activiti/engine/delegate/event/ActivitiEventType;)V
***desc= (Lorg/activiti/engine/delegate/event/ActivitiEventType;Ljava/lang/String;Ljava/lang/String;Ljava/lang/String;)V
***desc= ()Lorg/activiti/engine/delegate/event/ActivitiEventType;
***desc= (Ljava/lang/String;)V
***desc= ()Ljava/lang/String;
***desc= (Ljava/lang/String;)V
***desc= (Ljava/lang/String;)V
***desc= (Ljava/lang/Object;Ljava/util/Map;ZLorg/activiti/engine/delegate/event/ActivitiEventType;)V
***desc= (Ljava/lang/Object;Lorg/activiti/engine/delegate/event/ActivitiEventType;)V
***desc= ()Ljava/lang/Object;
***desc= (Lorg/activiti/engine/delegate/event/ActivitiEventType;)V
***desc= (Ljava/lang/String;)V
***desc= (Ljava/lang/Object;)V
***desc= (Lorg/activiti/engine/impl/variable/VariableType;)V
***desc= (Ljava/lang/String;)V
***desc= ()V
***desc= (Lorg/activiti/engine/delegate/event/ActivitiEvent;)V
***desc= ()V
***desc= ()V
***desc= (Z)V
***desc= ()Z
***desc= (Lorg/activiti/engine/delegate/event/ActivitiEvent;)V
***desc= (Lorg/activiti/engine/delegate/event/ActivitiEvent;)Lorg/activiti/bpmn/model/BpmnModel;
***desc= ()V
***desc= ()V
***desc= ()V
***desc= ()V
***desc= ()V
***desc= ()V
***desc= ()V
***desc= ()V
***desc= ()V
***desc= ()V
***desc= ()V
***desc= (JJ)V
***desc= ()V
***desc= ()V
***desc= ()V
***desc= ()V
***desc= (Ljava/lang/Thread;)V
***desc= ()Z
***desc= (Lorg/activiti/engine/ProcessEngineConfiguration;Lorg/activiti/engine/ManagementService;JJ)V
***desc= (Lorg/activiti/engine/ProcessEngineConfiguration;Lorg/activiti/engine/ManagementService;JJZ)V
***desc= (Lorg/activiti/engine/ManagementService;)Z
***desc= (Lorg/activiti/engine/ProcessEngine;Ljava/lang/Class;Ljava/lang/String;)Ljava/lang/String;
***desc= (Lorg/activiti/engine/ProcessEngine;Ljava/lang/String;Ljava/lang/Class;Ljava/lang/String;)V
***desc= (Ljava/lang/Class;Ljava/lang/String;)Ljava/lang/String;
***desc= ()V
***desc= ()V
***desc= ()Lorg/activiti/validation/ProcessValidator;
***desc= ()V
***desc= (Lorg/activiti/bpmn/model/BpmnModel;)Ljava/util/List;
***desc= (Lorg/activiti/validation/validator/ValidatorSet;)V
***desc= (Lorg/activiti/engine/runtime/ClockReader;)V
***desc= ()V
***desc= ()V
***desc= (Ljava/lang/String;)Lorg/activiti/engine/impl/calendar/BusinessCalendar;
***desc= (Ljava/lang/String;Lorg/activiti/engine/impl/calendar/BusinessCalendar;)Lorg/activiti/engine/impl/calendar/BusinessCalendarManager;
***desc= (Lorg/activiti/engine/runtime/ClockReader;)V
***desc= (Ljava/lang/String;)Ljava/util/Date;
***desc= (Lorg/activiti/engine/runtime/ClockReader;)V
***desc= (Ljava/lang/String;ILorg/activiti/engine/runtime/ClockReader;)V
***desc= ()Ljava/util/Calendar;
***desc= (Ljava/util/Calendar;)Ljava/util/Calendar;
***desc= (Ljava/util/Date;)Ljava/lang/Boolean;
***desc= ()Ljava/util/Date;
***desc= (Ljava/util/Calendar;)Ljava/util/Calendar;
***desc= (Ljava/util/Calendar;Ljavax/xml/datatype/Duration;)Ljava/util/Calendar;
***desc= (Ljava/lang/String;)Ljava/util/Calendar;
***desc= (Ljava/lang/String;)Ljavax/xml/datatype/Duration;
***desc= (Ljava/lang/String;)Z
***desc= (Lorg/activiti/engine/runtime/ClockReader;)V
***desc= (Ljava/lang/String;I)Ljava/util/Date;
***desc= (Ljava/lang/String;ILjava/util/Date;Ljava/util/Date;)Ljava/lang/Boolean;
***desc= ()V
***desc= ()V
***desc= (Lorg/activiti/engine/impl/interceptor/CommandContext;)Lorg/activiti/engine/impl/cfg/TransactionContext;
***desc= (Lorg/activiti/engine/impl/interceptor/CommandContext;)V
***desc= ()V
***desc= (Lorg/activiti/engine/impl/cfg/TransactionState;Z)V
***desc= ()Lorg/activiti/engine/impl/db/DbSqlSession;
***desc= ()V
***desc= (Ljava/lang/String;)V
***desc= ()Ljava/lang/String;
***desc= ()V
***desc= ()V
***desc= ()Ljava/lang/String;
***desc= (Ljavax/xml/stream/XMLStreamReader;Lorg/activiti/bpmn/model/BaseElement;Lorg/activiti/bpmn/model/BpmnModel;)V
***desc= ()V
***desc= ()Ljava/lang/String;
***desc= (Ljavax/xml/stream/XMLStreamReader;Lorg/activiti/bpmn/model/BaseElement;Lorg/activiti/bpmn/model/BpmnModel;)V
***desc= ()V
***desc= ()Ljava/lang/String;
***desc= ()V
***desc= ()Ljava/lang/String;
***desc= ()V
***desc= ()Ljava/lang/String;
***desc= (Ljavax/xml/stream/XMLStreamReader;Lorg/activiti/bpmn/model/BaseElement;Lorg/activiti/bpmn/model/BpmnModel;)V
***desc= ()V
***desc= ()Ljava/lang/String;
***desc= ()V
***desc= ()Ljava/lang/String;
***desc= ()V
***desc= ()Ljava/lang/String;
***desc= ()V
***desc= ()Ljava/lang/String;
***desc= ()V
***desc= ()Ljava/lang/String;
***desc= ()V
***desc= ()Ljava/lang/String;
***desc= ()V
***desc= ()Ljava/lang/String;
***desc= ()V
***desc= ()Ljava/lang/String;
***desc= ()V
***desc= ()Ljava/lang/String;
***desc= ()V
***desc= ()Ljava/lang/String;
***desc= ()V
***desc= ()Ljava/lang/String;
***desc= ()V
***desc= ()Ljava/lang/String;
***desc= ()V
***desc= ()Ljava/lang/String;
***desc= ()V
***desc= ()Ljava/lang/String;
***desc= ()V
***desc= ()Ljava/lang/String;
***desc= ()V
***desc= ()Ljava/lang/String;
***desc= ()V
***desc= ()Ljava/lang/String;
***desc= ()V
***desc= ()Ljava/lang/String;
***desc= ()V
***desc= ()Ljava/lang/String;
***desc= ()V
***desc= ()V
***desc= ()Ljava/lang/String;
***desc= ()V
***desc= ()Ljava/lang/String;
***desc= ()V
***desc= ()Ljava/lang/String;
***desc= ()V
***desc= ()V
***desc= (Lorg/activiti/engine/impl/persistence/entity/Entity;Z)V
***desc= ()Lorg/activiti/engine/impl/persistence/entity/Entity;
***desc= ()Z
***desc= ()V
***desc= (Lorg/activiti/engine/impl/persistence/entity/Entity;Z)Lorg/activiti/engine/impl/persistence/cache/CachedEntity;
***desc= (Ljava/lang/Class;Ljava/lang/String;)Ljava/lang/Object;
***desc= (Ljava/lang/Class;)Ljava/util/Map;
***desc= (Ljava/lang/Class;)Ljava/util/Collection;
***desc= (Ljava/lang/Class;)Ljava/util/List;
***desc= ()Ljava/util/Map;
***desc= ()V
***desc= ()V
***desc= (Lorg/activiti/bpmn/converter/child/BaseChildElementParser;)V
***desc= (Lorg/activiti/bpmn/model/BaseElement;Ljavax/xml/stream/XMLStreamReader;)V
***desc= (Ljava/lang/String;Lorg/activiti/bpmn/model/BaseElement;Ljavax/xml/stream/XMLStreamReader;Lorg/activiti/bpmn/model/BpmnModel;)V
***desc= (Ljava/lang/String;Lorg/activiti/bpmn/model/BaseElement;Ljavax/xml/stream/XMLStreamReader;Ljava/util/Map;Lorg/activiti/bpmn/model/BpmnModel;)V
***desc= (Ljavax/xml/stream/XMLStreamReader;Lorg/activiti/bpmn/model/BaseElement;[Ljava/util/List;)V
***desc= (Lorg/activiti/bpmn/model/ExtensionAttribute;[Ljava/util/List;)Z
***desc= ()V
***desc= ()V
***desc= ()V
***desc= ()V
***desc= (Lorg/activiti/engine/impl/persistence/entity/HistoricVariableInstanceEntity;Ljava/lang/Object;)Z
***desc= ()V
***desc= ()V
***desc= ()V
***desc= ()V
***desc= (Lorg/activiti/engine/impl/persistence/entity/JobEntity;Ljava/lang/Object;)Z
***desc= ()V
***desc= ()V
***desc= ()V
***desc= ()V
***desc= (Lorg/activiti/engine/impl/persistence/entity/TimerJobEntity;Ljava/lang/Object;)Z
***desc= ()V
***desc= (Lorg/activiti/engine/impl/persistence/entity/VariableInstanceEntity;Ljava/lang/Object;)Z
***desc= ()V
***desc= ()V
***desc= (Lorg/activiti/engine/impl/persistence/entity/ExecutionEntity;Ljava/lang/Object;)Z
***desc= ()V
***desc= (Lorg/activiti/engine/impl/persistence/entity/HistoricVariableInstanceEntity;Ljava/lang/Object;)Z
***desc= ()V
***desc= (Lorg/activiti/engine/impl/persistence/entity/TaskEntity;Ljava/lang/Object;)Z
***desc= ()V
***desc= (Lorg/activiti/engine/impl/persistence/entity/ExecutionEntity;Ljava/lang/Object;)Z
***desc= ()V
***desc= ()V
***desc= ()V
***desc= ()V
***desc= ()V
***desc= ()V
***desc= ()V
***desc= ()V
***desc= (Lorg/activiti/engine/impl/persistence/entity/ExecutionEntity;Ljava/lang/Object;)Z
***desc= ()V
***desc= ()V
***desc= ()V
***desc= (Lorg/activiti/engine/impl/persistence/entity/HistoricActivityInstanceEntity;Ljava/lang/Object;)Z
***desc= ()V
***desc= ()V
***desc= (Ljava/io/InputStream;Ljava/lang/String;)[B
***desc= (Ljava/io/InputStream;)V
***desc= (Ljava/lang/String;)Lorg/activiti/engine/repository/ProcessDefinition;
***desc= (Ljava/lang/String;Z)Lorg/activiti/engine/repository/ProcessDefinition;
***desc= (Ljava/lang/String;)Lorg/activiti/bpmn/model/Process;
***desc= (Ljava/lang/String;)Z
***desc= (Ljava/lang/String;)Lorg/activiti/engine/impl/persistence/entity/ProcessDefinitionEntity;
***desc= (Ljava/util/Calendar;Ljava/util/TimeZone;)Ljava/util/Calendar;
***desc= ()Ljava/lang/ClassLoader;
***desc= (Ljava/lang/String;)Ljava/io/InputStream;
***desc= ()Ljava/lang/ClassLoader;
***desc= ()V
***desc= (Lorg/activiti/engine/impl/interceptor/CommandContext;Ljava/lang/String;)Z
***desc= (Lorg/activiti/engine/impl/cfg/ProcessEngineConfigurationImpl;Ljava/lang/String;)Z
***desc= (Lorg/activiti/engine/impl/interceptor/CommandContext;Lorg/activiti/engine/repository/ProcessDefinition;)Z
***desc= (Lorg/activiti/bpmn/model/TimerEventDefinition;ZLorg/activiti/engine/impl/persistence/entity/ExecutionEntity;Ljava/lang/String;Ljava/lang/String;)Lorg/activiti/engine/impl/persistence/entity/TimerJobEntity;
***desc= (Ljava/lang/String;)Ljava/lang/String;
***desc= ()V
***desc= (Ljava/util/Date;)V
***desc= (Ljava/util/Calendar;)V
***desc= ()V
***desc= ()Ljava/util/Date;
***desc= ()Ljava/util/Calendar;
***desc= ()Ljava/util/TimeZone;
***desc= ()V
***desc= (Lorg/activiti/engine/repository/ProcessDefinition;Ljava/lang/String;Ljava/lang/String;Ljava/util/Map;Ljava/util/Map;)Lorg/activiti/engine/runtime/ProcessInstance;
***desc= (Lorg/activiti/engine/repository/ProcessDefinition;Ljava/lang/String;Ljava/lang/String;Ljava/util/Map;Ljava/util/Map;Z)Lorg/activiti/engine/runtime/ProcessInstance;
***desc= (Lorg/activiti/engine/repository/ProcessDefinition;Ljava/lang/String;Ljava/lang/String;Lorg/activiti/bpmn/model/FlowElement;Lorg/activiti/bpmn/model/Process;Ljava/util/Map;Ljava/util/Map;Z)Lorg/activiti/engine/runtime/ProcessInstance;
***desc= (Lorg/activiti/engine/impl/persistence/entity/ExecutionEntity;Lorg/activiti/engine/impl/interceptor/CommandContext;Ljava/util/Map;)V
***desc= (Ljava/util/Collection;)Ljava/util/Map;
***desc= (Ljava/util/Collection;)Z
***desc= (Ljava/util/Collection;)Z
***desc= ()V
***desc= (Lorg/activiti/bpmn/model/BpmnModel;Lorg/activiti/bpmn/model/Process;Ljava/util/List;)V
***desc= ()V
***desc= (Lorg/activiti/bpmn/model/BpmnModel;Lorg/activiti/bpmn/model/Process;Ljava/util/List;)V
***desc= ()V
***desc= (Lorg/activiti/bpmn/model/BpmnModel;Lorg/activiti/bpmn/model/Process;Ljava/util/List;)V
***desc= (Lorg/activiti/bpmn/model/Process;Lorg/activiti/bpmn/model/Activity;Ljava/util/List;)V
***desc= (Lorg/activiti/bpmn/model/Process;Lorg/activiti/bpmn/model/Activity;Ljava/util/List;)V
***desc= (Lorg/activiti/bpmn/model/Process;Lorg/activiti/bpmn/model/Activity;Ljava/util/List;)V
***desc= ()V
***desc= (Lorg/activiti/bpmn/model/BpmnModel;Lorg/activiti/bpmn/model/Process;Ljava/util/List;)V
***desc= ()V
***desc= (Lorg/activiti/bpmn/model/BpmnModel;Lorg/activiti/bpmn/model/Process;Ljava/util/List;)V
***desc= ()V
***desc= (Lorg/activiti/bpmn/model/BpmnModel;Lorg/activiti/bpmn/model/Process;Ljava/util/List;)V
***desc= ()V
***desc= (Lorg/activiti/bpmn/model/BpmnModel;Lorg/activiti/bpmn/model/Process;Ljava/util/List;)V
***desc= ()V
***desc= (Lorg/activiti/bpmn/model/BpmnModel;Ljava/util/List;)V
***desc= ()V
***desc= (Lorg/activiti/bpmn/model/BpmnModel;Lorg/activiti/bpmn/model/Process;Ljava/util/List;)V
***desc= ()V
***desc= (Lorg/activiti/bpmn/model/BpmnModel;Ljava/util/List;)V
***desc= ()V
***desc= (Lorg/activiti/bpmn/model/BpmnModel;Ljava/util/List;)V
***desc= (Lorg/activiti/bpmn/model/BpmnModel;Lorg/activiti/bpmn/model/Process;Ljava/util/List;)V
***desc= (Lorg/activiti/bpmn/model/BpmnModel;Ljava/util/List;)V
***desc= (Lorg/activiti/bpmn/model/BpmnModel;Ljava/util/List;)Z
***desc= ()V
***desc= (Lorg/activiti/bpmn/model/BpmnModel;Lorg/activiti/bpmn/model/Process;Ljava/util/List;)V
***desc= (Ljava/util/List;Lorg/activiti/bpmn/model/Process;Ljava/util/List;)V
***desc= (Ljava/util/List;Lorg/activiti/bpmn/model/Process;Ljava/util/List;)V
***desc= ()V
***desc= (Lorg/activiti/bpmn/model/BpmnModel;Lorg/activiti/bpmn/model/Process;Ljava/util/List;)V
***desc= ()V
***desc= (Lorg/activiti/bpmn/model/BpmnModel;Lorg/activiti/bpmn/model/Process;Ljava/util/List;)V
***desc= ()V
***desc= (Lorg/activiti/bpmn/model/BpmnModel;Lorg/activiti/bpmn/model/Process;Ljava/util/List;)V
***desc= ()V
***desc= (Lorg/activiti/bpmn/model/BpmnModel;Ljava/util/List;)V
***desc= ()V
***desc= (Lorg/activiti/bpmn/model/BpmnModel;Ljava/util/List;)V
***desc= ()V
***desc= (Lorg/activiti/bpmn/model/BpmnModel;Lorg/activiti/bpmn/model/Process;Ljava/util/List;)V
***desc= ()V
***desc= (Lorg/activiti/bpmn/model/BpmnModel;Lorg/activiti/bpmn/model/Process;Ljava/util/List;)V
***desc= ()V
***desc= (Lorg/activiti/bpmn/model/BpmnModel;Lorg/activiti/bpmn/model/Process;Ljava/util/List;)V
***desc= ()V
***desc= (Lorg/activiti/bpmn/model/BpmnModel;Ljava/util/List;)V
***desc= ()V
***desc= (Lorg/activiti/bpmn/model/BpmnModel;Lorg/activiti/bpmn/model/Process;Ljava/util/List;)V
***desc= (Lorg/activiti/bpmn/model/Process;Lorg/activiti/bpmn/model/Event;Lorg/activiti/bpmn/model/EventDefinition;Ljava/util/List;)V
***desc= ()V
***desc= (Lorg/activiti/bpmn/model/BpmnModel;Lorg/activiti/bpmn/model/Process;Ljava/util/List;)V
***desc= ()V
***desc= ()V
***desc= (Lorg/activiti/bpmn/model/BpmnModel;Lorg/activiti/bpmn/model/Process;Ljava/util/List;)V
***desc= ()V
***desc= (Lorg/activiti/bpmn/model/BpmnModel;Lorg/activiti/bpmn/model/Process;Ljava/util/List;)V
***desc= (Lorg/activiti/bpmn/model/Process;Lorg/activiti/bpmn/model/BaseElement;Ljava/util/List;Ljava/util/List;)V
***desc= ()V
***desc= (Lorg/activiti/bpmn/model/BpmnModel;Ljava/util/List;)V
***desc= (Ljava/util/Map;)V
***desc= (Ljavax/el/ValueExpression;Ljava/lang/String;)V
***desc= (Lorg/activiti/engine/delegate/VariableScope;)Ljava/lang/Object;
***desc= ()V
***desc= (Z)V
***desc= ()V
***desc= ()Ljavax/el/FunctionMapper;
***desc= ()Ljavax/el/VariableMapper;
***desc= (ZLjava/lang/Class;Ljava/lang/String;Ljava/lang/String;)V
***desc= (Ljava/lang/Class;Ljava/lang/String;Ljava/lang/String;)V
***desc= (Ljavax/el/ELResolver;)V
***desc= (Lorg/activiti/engine/delegate/VariableScope;)V
***desc= (Ljava/util/Map;)V
***desc= (Ljava/util/Map;Z)V
***desc= (Ljava/lang/String;)Lorg/activiti/engine/delegate/Expression;
***desc= (Lorg/activiti/engine/delegate/VariableScope;)Ljavax/el/ELContext;
***desc= (Lorg/activiti/engine/delegate/VariableScope;)Lorg/activiti/engine/impl/el/ActivitiElContext;
***desc= (Lorg/activiti/engine/delegate/VariableScope;)Ljavax/el/ELResolver;
***desc= ()V
***desc= (Lorg/activiti/bpmn/model/HasExecutionListeners;Lorg/activiti/engine/delegate/DelegateExecution;Ljava/lang/String;)V
***desc= (Lorg/activiti/engine/impl/persistence/entity/TaskEntity;Ljava/lang/String;)V
***desc= (Lorg/activiti/bpmn/model/UserTask;Lorg/activiti/engine/impl/persistence/entity/TaskEntity;Ljava/lang/String;)V
***desc= ()V
***desc= (Lorg/activiti/engine/impl/persistence/entity/DeploymentEntity;Ljava/util/Map;)V
***desc= (Ljava/lang/String;)Lorg/activiti/engine/repository/ProcessDefinition;
***desc= (Ljava/lang/String;)Lorg/activiti/engine/repository/ProcessDefinition;
***desc= (Lorg/activiti/engine/repository/ProcessDefinition;)Lorg/activiti/engine/impl/persistence/deploy/ProcessDefinitionCacheEntry;
***desc= (Ljava/lang/String;Z)V
***desc= (Ljava/util/List;)V
***desc= ()Lorg/activiti/engine/impl/persistence/deploy/DeploymentCache;
***desc= (Lorg/activiti/engine/impl/persistence/deploy/DeploymentCache;)V
***desc= ()Lorg/activiti/engine/impl/persistence/deploy/ProcessDefinitionInfoCache;
***desc= (Lorg/activiti/engine/impl/persistence/deploy/ProcessDefinitionInfoCache;)V
***desc= (Lorg/activiti/engine/impl/persistence/deploy/DeploymentCache;)V
***desc= (Lorg/activiti/engine/impl/cfg/ProcessEngineConfigurationImpl;)V
***desc= (Lorg/activiti/engine/impl/persistence/entity/ProcessDefinitionEntityManager;)V
***desc= (Lorg/activiti/engine/impl/persistence/entity/DeploymentEntityManager;)V
***desc= (Lorg/activiti/engine/impl/persistence/deploy/ProcessDefinitionInfoCache;Ljava/lang/String;)V
***desc= ()V
***desc= (Ljava/lang/String;)Ljava/lang/Object;
***desc= (Ljava/lang/String;Ljava/lang/Object;)V
***desc= (Ljava/lang/String;)V
***desc= ()V
***desc= ()V
***desc= (I)V
***desc= ()Lcom/fasterxml/jackson/databind/node/ObjectNode;
***desc= (Lcom/fasterxml/jackson/databind/node/ObjectNode;)V
***desc= (Lorg/activiti/engine/repository/ProcessDefinition;Lorg/activiti/bpmn/model/BpmnModel;Lorg/activiti/bpmn/model/Process;)V
***desc= ()Lorg/activiti/engine/repository/ProcessDefinition;
***desc= ()Lorg/activiti/bpmn/model/BpmnModel;
***desc= ()Lorg/activiti/bpmn/model/Process;
***desc= (Lorg/activiti/engine/impl/interceptor/CommandExecutor;)V
***desc= (Ljava/lang/String;)Lorg/activiti/engine/impl/persistence/deploy/ProcessDefinitionInfoCacheObject;
***desc= (Ljava/lang/String;Lorg/activiti/engine/impl/persistence/deploy/ProcessDefinitionInfoCacheObject;)V
***desc= (Ljava/lang/String;Lorg/activiti/engine/impl/interceptor/CommandContext;)Lorg/activiti/engine/impl/persistence/deploy/ProcessDefinitionInfoCacheObject;
***desc= ()V
***desc= (Lorg/activiti/bpmn/model/SequenceFlow;Lorg/activiti/engine/delegate/DelegateExecution;)Z
***desc= (Ljava/lang/String;Ljava/lang/String;Lcom/fasterxml/jackson/databind/node/ObjectNode;)Ljava/lang/String;
***desc= ()V
***desc= (Lorg/activiti/engine/impl/bpmn/parser/BpmnParser;)Lorg/activiti/engine/impl/bpmn/parser/BpmnParse;
***desc= ()V
***desc= (Lorg/springframework/beans/factory/BeanFactory;)V
***desc= (Ljava/lang/Object;)Z
***desc= ()V
***desc= ()Lorg/activiti/engine/impl/interceptor/CommandInterceptor;
***desc= (Lorg/springframework/core/io/Resource;Ljava/lang/String;)Lorg/activiti/engine/ProcessEngineConfiguration;
***desc= (Ljava/io/InputStream;Ljava/lang/String;)Lorg/activiti/engine/ProcessEngineConfiguration;
***desc= ()V
***desc= ()Z
***desc= ()Z
***desc= ()Z
***desc= ()Z
***desc= ()V
***desc= (Lorg/activiti/engine/impl/interceptor/CommandConfig;Lorg/activiti/engine/impl/interceptor/CommandInterceptor;)V
***desc= (Lorg/activiti/engine/impl/interceptor/Command;)Ljava/lang/Object;
***desc= (Lorg/activiti/engine/impl/interceptor/CommandConfig;Lorg/activiti/engine/impl/interceptor/Command;)Ljava/lang/Object;
***desc= ()V
***desc= ()V
***desc= ()Lorg/activiti/engine/ProcessEngine;
***desc= ()V
***desc= ()V
***desc= ()V
***desc= ()V
***desc= ()V
***desc= ()V
***desc= ()V
***desc= ()Ljava/util/Collection;
***desc= ()V
***desc= (Ljava/util/List;)Lorg/activiti/engine/impl/interceptor/CommandInterceptor;
***desc= ()V
***desc= (Ljava/lang/Object;)V
***desc= ()V
***desc= ()Ljava/util/Properties;
***desc= ()V
***desc= ()V
***desc= ()V
***desc= (Lorg/apache/ibatis/mapping/Environment;Ljava/io/Reader;Ljava/util/Properties;)Lorg/apache/ibatis/session/Configuration;
***desc= (Lorg/apache/ibatis/session/Configuration;)V
***desc= (Lorg/apache/ibatis/session/Configuration;)V
***desc= (Lorg/apache/ibatis/session/Configuration;Lorg/apache/ibatis/builder/xml/XMLConfigBuilder;)Lorg/apache/ibatis/session/Configuration;
***desc= (Lorg/apache/ibatis/session/Configuration;)Lorg/apache/ibatis/session/Configuration;
***desc= (Ljava/lang/String;)Ljava/io/InputStream;
***desc= ()Ljava/io/InputStream;
***desc= ()Ljava/util/Set;
***desc= ()Ljava/util/Set;
***desc= ()V
***desc= ()V
***desc= ()V
***desc= ()V
***desc= ()V
***desc= ()V
***desc= ()Lorg/activiti/engine/impl/db/DbSqlSessionFactory;
***desc= (Lorg/activiti/engine/impl/interceptor/SessionFactory;)V
***desc= ()V
***desc= ()V
***desc= ()V
***desc= ()V
***desc= ()V
***desc= ()V
***desc= ()V
***desc= ()V
***desc= ()Ljava/util/Collection;
***desc= ()V
***desc= ()V
***desc= ()V
***desc= ()Ljava/util/List;
***desc= ()V
***desc= ()V
***desc= ()V
***desc= ()V
***desc= ()V
***desc= ()V
***desc= ()V
***desc= ()V
***desc= ()V
***desc= ()V
***desc= ()I
***desc= ()V
***desc= ()V
***desc= ()V
***desc= ()V
***desc= ()V
***desc= ()V
***desc= ()V
***desc= ()V
***desc= ()V
***desc= ()V
***desc= ()V
***desc= ()V
***desc= ()Lorg/activiti/engine/impl/interceptor/CommandConfig;
***desc= ()Lorg/activiti/engine/impl/interceptor/CommandConfig;
***desc= ()Lorg/activiti/engine/impl/interceptor/CommandExecutor;
***desc= ()Lorg/activiti/engine/RepositoryService;
***desc= ()Lorg/activiti/engine/RuntimeService;
***desc= ()Lorg/activiti/engine/HistoryService;
***desc= ()Lorg/activiti/engine/TaskService;
***desc= ()Lorg/activiti/engine/ManagementService;
***desc= ()Lorg/activiti/engine/DynamicBpmnService;
***desc= ()Ljava/util/Map;
***desc= ()Lorg/activiti/engine/impl/cfg/IdGenerator;
***desc= ()Lorg/activiti/engine/impl/scripting/ScriptingEngines;
***desc= ()Lorg/activiti/engine/impl/variable/VariableTypes;
***desc= ()Lorg/activiti/engine/impl/el/ExpressionManager;
***desc= ()Lorg/activiti/engine/impl/calendar/BusinessCalendarManager;
***desc= ()Lorg/activiti/engine/impl/cfg/TransactionContextFactory;
***desc= ()Ljava/util/Map;
***desc= ()Lorg/activiti/engine/impl/util/ProcessInstanceHelper;
***desc= ()Lorg/activiti/engine/impl/bpmn/listener/ListenerNotificationHelper;
***desc= ()Ljava/util/List;
***desc= ()Ljava/util/List;
***desc= ()Ljava/util/List;
***desc= ()Ljava/util/Map;
***desc= (Ljava/util/Map;)Lorg/activiti/engine/impl/cfg/ProcessEngineConfigurationImpl;
***desc= ()Lorg/activiti/engine/impl/persistence/deploy/DeploymentManager;
***desc= ()Lorg/activiti/engine/impl/interceptor/DelegateInterceptor;
***desc= ()Lorg/activiti/engine/impl/jobexecutor/FailedJobCommandFactory;
***desc= ()Lorg/activiti/engine/impl/persistence/deploy/DeploymentCache;
***desc= ()Z
***desc= ()Lorg/activiti/engine/delegate/event/ActivitiEventDispatcher;
***desc= ()Lorg/activiti/validation/ProcessValidator;
***desc= ()Z
***desc= ()Lorg/activiti/engine/impl/cfg/PerformanceSettings;
***desc= ()Lorg/activiti/engine/impl/persistence/entity/AttachmentEntityManager;
***desc= ()Lorg/activiti/engine/impl/persistence/entity/CommentEntityManager;
***desc= ()Lorg/activiti/engine/impl/persistence/entity/DeploymentEntityManager;
***desc= ()Lorg/activiti/engine/impl/persistence/entity/EventSubscriptionEntityManager;
***desc= ()Lorg/activiti/engine/impl/persistence/entity/ExecutionEntityManager;
***desc= ()Lorg/activiti/engine/impl/persistence/entity/HistoricActivityInstanceEntityManager;
***desc= ()Lorg/activiti/engine/impl/persistence/entity/HistoricDetailEntityManager;
***desc= ()Lorg/activiti/engine/impl/persistence/entity/HistoricIdentityLinkEntityManager;
***desc= ()Lorg/activiti/engine/impl/persistence/entity/HistoricProcessInstanceEntityManager;
***desc= ()Lorg/activiti/engine/impl/persistence/entity/HistoricTaskInstanceEntityManager;
***desc= ()Lorg/activiti/engine/impl/persistence/entity/HistoricVariableInstanceEntityManager;
***desc= ()Lorg/activiti/engine/impl/persistence/entity/IdentityLinkEntityManager;
***desc= ()Lorg/activiti/engine/impl/persistence/entity/JobEntityManager;
***desc= ()Lorg/activiti/engine/impl/persistence/entity/TimerJobEntityManager;
***desc= ()Lorg/activiti/engine/impl/persistence/entity/SuspendedJobEntityManager;
***desc= ()Lorg/activiti/engine/impl/persistence/entity/DeadLetterJobEntityManager;
***desc= ()Lorg/activiti/engine/impl/persistence/entity/ModelEntityManager;
***desc= ()Lorg/activiti/engine/impl/persistence/entity/ProcessDefinitionEntityManager;
***desc= ()Lorg/activiti/engine/impl/persistence/entity/ProcessDefinitionInfoEntityManager;
***desc= ()Lorg/activiti/engine/impl/persistence/entity/PropertyEntityManager;
***desc= ()Lorg/activiti/engine/impl/persistence/entity/ResourceEntityManager;
***desc= ()Lorg/activiti/engine/impl/persistence/entity/TaskEntityManager;
***desc= ()Lorg/activiti/engine/impl/persistence/entity/VariableInstanceEntityManager;
***desc= ()Lorg/activiti/engine/impl/persistence/entity/TableDataManager;
***desc= ()Lorg/activiti/engine/impl/history/HistoryManager;
***desc= ()Lorg/activiti/engine/impl/asyncexecutor/JobManager;
***desc= ()Lcom/fasterxml/jackson/databind/ObjectMapper;
***desc= ()Z
***desc= ()Lorg/activiti/engine/compatibility/Activiti5CompatibilityHandler;
***desc= ()I
***desc= ()V
***desc= ()V
***desc= (Lorg/activiti/engine/impl/bpmn/parser/BpmnParse;Lorg/activiti/bpmn/model/BaseElement;)V
***desc= ()V
***desc= ()Ljava/lang/Class;
***desc= (Lorg/activiti/engine/impl/bpmn/parser/BpmnParse;Lorg/activiti/bpmn/model/ScriptTask;)V
***desc= ()V
***desc= ()V
***desc= ()Ljava/lang/Class;
***desc= (Lorg/activiti/engine/impl/bpmn/parser/BpmnParse;Lorg/activiti/bpmn/model/Process;)V
***desc= (Lorg/activiti/engine/impl/bpmn/parser/BpmnParse;Lorg/activiti/bpmn/model/Process;)Lorg/activiti/engine/impl/persistence/entity/ProcessDefinitionEntity;
***desc= (Lorg/activiti/engine/impl/bpmn/parser/BpmnParse;Ljava/util/List;)V
***desc= ()V
***desc= ()V
***desc= ()Ljava/lang/Class;
***desc= (Lorg/activiti/engine/impl/bpmn/parser/BpmnParse;Lorg/activiti/bpmn/model/BoundaryEvent;)V
***desc= ()V
***desc= ()V
***desc= ()Ljava/lang/Class;
***desc= ()V
***desc= ()Ljava/lang/Class;
***desc= ()V
***desc= ()Ljava/lang/Class;
***desc= ()V
***desc= ()V
***desc= ()Ljava/lang/Class;
***desc= ()V
***desc= ()Ljava/lang/Class;
***desc= ()V
***desc= ()Ljava/lang/Class;
***desc= ()V
***desc= ()Ljava/lang/Class;
***desc= ()V
***desc= ()V
***desc= ()Ljava/lang/Class;
***desc= ()V
***desc= ()Ljava/lang/Class;
***desc= ()V
***desc= ()Ljava/lang/Class;
***desc= ()V
***desc= ()Ljava/lang/Class;
***desc= ()V
***desc= ()V
***desc= ()Ljava/lang/Class;
***desc= ()V
***desc= ()Ljava/lang/Class;
***desc= ()V
***desc= ()Ljava/lang/Class;
***desc= ()V
***desc= ()Ljava/lang/Class;
***desc= ()V
***desc= ()Ljava/lang/Class;
***desc= (Lorg/activiti/engine/impl/bpmn/parser/BpmnParse;Lorg/activiti/bpmn/model/TimerEventDefinition;)V
***desc= ()V
***desc= ()Ljava/util/Set;
***desc= (Lorg/activiti/engine/impl/bpmn/parser/BpmnParse;Lorg/activiti/bpmn/model/BaseElement;)V
***desc= (Lorg/activiti/engine/impl/bpmn/parser/BpmnParse;Ljava/util/Collection;)V
***desc= ()V
***desc= ()Ljava/lang/Class;
***desc= ()V
***desc= ()V
***desc= ()Ljava/lang/Class;
***desc= ()V
***desc= ()V
***desc= ()Ljava/lang/Class;
***desc= ()V
***desc= ()Ljava/lang/Class;
***desc= ()V
***desc= ()Ljava/lang/Class;
***desc= (Lorg/activiti/engine/impl/bpmn/parser/BpmnParse;Lorg/activiti/bpmn/model/UserTask;)V
***desc= ()V
***desc= ()Ljava/lang/Class;
***desc= ()V
***desc= ()Ljava/lang/Class;
***desc= (Lorg/activiti/engine/impl/bpmn/parser/BpmnParse;Lorg/activiti/bpmn/model/SequenceFlow;)V
***desc= ()V
***desc= ()Ljava/lang/Class;
***desc= ()V
***desc= ()Ljava/lang/Class;
***desc= (Lorg/activiti/engine/impl/bpmn/parser/BpmnParse;Lorg/activiti/bpmn/model/EndEvent;)V
***desc= ()V
***desc= ()V
***desc= ()Ljava/lang/Class;
***desc= ()V
***desc= ()Ljava/lang/Class;
***desc= (Lorg/activiti/engine/impl/bpmn/parser/BpmnParse;Lorg/activiti/bpmn/model/StartEvent;)V
***desc= ()V
***desc= ()V
***desc= ()Ljava/lang/String;
***desc= ()V
***desc= (Lorg/activiti/engine/impl/variable/VariableType;)Lorg/activiti/engine/impl/variable/DefaultVariableTypes;
***desc= (Lorg/activiti/engine/impl/variable/VariableType;I)Lorg/activiti/engine/impl/variable/DefaultVariableTypes;
***desc= (Ljava/lang/String;)Lorg/activiti/engine/impl/variable/VariableType;
***desc= (Ljava/lang/Object;)Lorg/activiti/engine/impl/variable/VariableType;
***desc= ()V
***desc= ()Ljava/lang/String;
***desc= (Ljava/lang/String;Ljava/lang/Class;)V
***desc= ()Ljava/lang/String;
***desc= ()Ljava/lang/String;
***desc= ()V
***desc= (Z)V
***desc= (ILcom/fasterxml/jackson/databind/ObjectMapper;)V
***desc= ()Ljava/lang/String;
***desc= ()V
***desc= ()Ljava/lang/String;
***desc= ()V
***desc= ()Ljava/lang/String;
***desc= (Ljava/lang/Object;)Z
***desc= (ILcom/fasterxml/jackson/databind/ObjectMapper;)V
***desc= ()Ljava/lang/String;
***desc= ()V
***desc= (I)V
***desc= ()Ljava/lang/String;
***desc= ()V
***desc= ()Ljava/lang/String;
***desc= ()V
***desc= ()Ljava/lang/String;
***desc= ()V
***desc= ()Ljava/lang/String;
***desc= ()V
***desc= ()Ljava/lang/String;
***desc= (I)V
***desc= ()Ljava/lang/String;
***desc= (Ljava/lang/Object;Lorg/activiti/engine/impl/variable/ValueFields;)V
***desc= (Ljava/lang/Object;)Z
***desc= ()V
***desc= ()Ljava/lang/String;
***desc= ()V
***desc= ()Ljava/lang/String;
***desc= ()V
***desc= ()Ljava/lang/String;
***desc= (Lorg/activiti/engine/delegate/DelegateExecution;Ljava/lang/String;)Z
***desc= ()V
***desc= (Ljava/io/Reader;)V
***desc= (Ljava/lang/String;)V
***desc= ()V
***desc= ()C
***desc= ()C
***desc= (C)Ljava/lang/String;
***desc= ()Ljava/lang/Object;
***desc= (Ljava/lang/String;)Lorg/activiti/engine/impl/util/json/JSONException;
***desc= ()Ljava/lang/String;
***desc= ()V
***desc= (Lorg/activiti/engine/impl/util/json/JSONTokener;)V
***desc= (Ljava/lang/String;)V
***desc= (Ljava/lang/String;)Ljava/lang/Object;
***desc= ()Ljava/util/Iterator;
***desc= (Ljava/lang/String;)Ljava/lang/Object;
***desc= (Ljava/lang/String;Ljava/lang/Object;)Lorg/activiti/engine/impl/util/json/JSONObject;
***desc= (Ljava/lang/String;Ljava/lang/Object;)Lorg/activiti/engine/impl/util/json/JSONObject;
***desc= (Ljava/lang/String;)Ljava/lang/String;
***desc= (Ljava/lang/Object;)V
***desc= ()Ljava/lang/String;
***desc= (Ljava/lang/Object;)Ljava/lang/String;
***desc= ()V
***desc= (Ljava/lang/String;)V
***desc= ()V
***desc= (Lorg/activiti/engine/impl/cfg/ProcessEngineConfigurationImpl;Lorg/activiti/engine/delegate/VariableScope;)Lorg/activiti/engine/impl/scripting/Resolver;
***desc= (Lorg/activiti/engine/impl/cfg/ProcessEngineConfigurationImpl;Lorg/activiti/engine/delegate/VariableScope;)V
***desc= (Ljava/lang/Object;)Z
***desc= ()V
***desc= ()V
***desc= ()Ljava/util/List;
***desc= ()V
***desc= ()V
***desc= (Lorg/activiti/engine/impl/cfg/ProcessEngineConfigurationImpl;Lorg/activiti/engine/delegate/VariableScope;)Lorg/activiti/engine/impl/scripting/Resolver;
***desc= (Ljava/lang/Object;)Z
***desc= (Lorg/activiti/engine/impl/cfg/ProcessEngineConfigurationImpl;Ljava/util/List;)V
***desc= (Lorg/activiti/engine/delegate/VariableScope;Z)Ljavax/script/Bindings;
***desc= (Lorg/activiti/engine/delegate/VariableScope;)Ljava/util/List;
***desc= (Ljava/util/List;Lorg/activiti/engine/delegate/VariableScope;)V
***desc= (Ljava/util/List;Lorg/activiti/engine/delegate/VariableScope;Z)V
***desc= (Ljava/lang/Object;)Ljava/lang/Object;
***desc= ()V
***desc= (Lorg/activiti/engine/impl/scripting/ScriptBindingsFactory;)V
***desc= (Ljavax/script/ScriptEngineManager;)V
***desc= (Ljava/lang/String;Ljava/lang/String;Lorg/activiti/engine/delegate/VariableScope;Z)Ljava/lang/Object;
***desc= (Ljava/lang/String;Ljava/lang/String;Ljavax/script/Bindings;)Ljava/lang/Object;
***desc= (Ljava/lang/String;)Ljavax/script/ScriptEngine;
***desc= (Lorg/activiti/engine/delegate/VariableScope;Z)Ljavax/script/Bindings;
***desc= (Lorg/activiti/engine/impl/interceptor/CommandContext;Lorg/activiti/engine/impl/persistence/entity/ExecutionEntity;Z)V
***desc= ()V
***desc= (Lorg/activiti/bpmn/model/FlowNode;)V
***desc= (Lorg/activiti/bpmn/model/FlowNode;)V
***desc= (Lorg/activiti/bpmn/model/FlowNode;)V
***desc= (Lorg/activiti/bpmn/model/FlowElement;)V
***desc= ()V
***desc= ()V
***desc= (Lorg/activiti/engine/impl/interceptor/CommandContext;)Lorg/activiti/engine/ActivitiEngineAgenda;
***desc= (Lorg/activiti/engine/impl/interceptor/CommandContext;Lorg/activiti/engine/impl/persistence/entity/ExecutionEntity;ZZ)V
***desc= (Lorg/activiti/engine/impl/interceptor/CommandContext;Lorg/activiti/engine/impl/persistence/entity/ExecutionEntity;)V
***desc= ()V
***desc= ()V
***desc= (Lorg/activiti/bpmn/model/FlowNode;)V
***desc= (Lorg/activiti/bpmn/model/FlowNode;)V
***desc= (Lorg/activiti/engine/impl/delegate/ActivityBehavior;Lorg/activiti/bpmn/model/FlowNode;)V
***desc= (Lorg/activiti/bpmn/model/SequenceFlow;)V
***desc= (Ljava/util/Collection;Lorg/activiti/engine/impl/persistence/entity/ExecutionEntity;)V
***desc= ()V
***desc= (Lorg/activiti/engine/impl/interceptor/CommandContext;Lorg/activiti/engine/impl/persistence/entity/ExecutionEntity;)V
***desc= (Lorg/activiti/engine/impl/persistence/entity/ExecutionEntity;)Lorg/activiti/bpmn/model/FlowElement;
***desc= (Lorg/activiti/bpmn/model/HasExecutionListeners;Lorg/activiti/engine/impl/persistence/entity/ExecutionEntity;Ljava/lang/String;)V
***desc= ()Lorg/activiti/engine/impl/persistence/entity/ExecutionEntity;
***desc= (Lorg/activiti/engine/impl/interceptor/CommandContext;)V
***desc= ()Z
***desc= ()Ljava/lang/Runnable;
***desc= (Ljava/lang/Runnable;)V
***desc= (Lorg/activiti/engine/impl/persistence/entity/ExecutionEntity;)V
***desc= (Lorg/activiti/engine/impl/persistence/entity/ExecutionEntity;Z)V
***desc= (Lorg/activiti/engine/impl/persistence/entity/ExecutionEntity;)V
***desc= (Lorg/activiti/engine/impl/persistence/entity/ExecutionEntity;)V
***desc= ()V
***desc= ()V
***desc= (Lorg/activiti/engine/impl/interceptor/CommandContext;)V
***desc= ()V
***desc= ()V
***desc= (Lorg/activiti/engine/impl/interceptor/CommandContext;Lorg/activiti/engine/impl/persistence/entity/ExecutionEntity;)V
***desc= ()V
***desc= (Lorg/activiti/engine/impl/persistence/entity/ExecutionEntity;)V
***desc= ()V
***desc= (Lorg/activiti/engine/impl/persistence/entity/ExecutionEntityManager;Lorg/activiti/engine/impl/persistence/entity/ExecutionEntity;)Lorg/activiti/engine/impl/persistence/entity/ExecutionEntity;
***desc= (Lorg/activiti/engine/impl/persistence/entity/ExecutionEntity;)Z
***desc= (Lorg/activiti/engine/impl/persistence/entity/ExecutionEntityManager;Ljava/lang/String;)I
***desc= (Lorg/activiti/engine/impl/persistence/entity/ExecutionEntityManager;Ljava/lang/String;)I
***desc= (Lorg/activiti/engine/impl/persistence/entity/ExecutionEntityManager;Lorg/activiti/engine/impl/persistence/entity/ExecutionEntity;)Z
***desc= ()V
***desc= (Lorg/activiti/engine/impl/interceptor/CommandContext;Lorg/activiti/engine/impl/persistence/entity/ExecutionEntity;)V
***desc= ()V
***desc= ()V
***desc= ()V
***desc= ()V
***desc= ()V
***desc= ()Lorg/activiti/bpmn/model/Activity;
***desc= (Lorg/activiti/bpmn/model/Activity;)V
***desc= ()Ljava/lang/String;
***desc= (Ljava/lang/String;)V
***desc= ()Z
***desc= (Z)V
***desc= ()V
***desc= ()Ljava/lang/String;
***desc= (Ljava/lang/String;)V
***desc= (Ljava/lang/String;)V
***desc= (Z)V
***desc= ()V
***desc= ()Z
***desc= (Z)V
***desc= ()Ljava/util/List;
***desc= ()Ljava/lang/String;
***desc= ()Lorg/activiti/bpmn/model/MultiInstanceLoopCharacteristics;
***desc= ()Z
***desc= ()Ljava/util/List;
***desc= ()Ljava/util/List;
***desc= ()V
***desc= ()Ljava/lang/String;
***desc= ()Ljava/lang/String;
***desc= (Ljava/lang/String;)V
***desc= ()Ljava/lang/String;
***desc= ()Ljava/lang/String;
***desc= ()V
***desc= ()Ljava/lang/String;
***desc= ()Ljava/lang/String;
***desc= (Ljava/lang/String;)V
***desc= ()Ljava/lang/String;
***desc= (Ljava/lang/String;)V
***desc= ()Ljava/lang/String;
***desc= (Ljava/lang/String;)V
***desc= ()Lorg/activiti/bpmn/model/FlowElement;
***desc= (Lorg/activiti/bpmn/model/FlowElement;)V
***desc= ()Lorg/activiti/bpmn/model/FlowElement;
***desc= (Lorg/activiti/bpmn/model/FlowElement;)V
***desc= ()V
***desc= ()Z
***desc= (Z)V
***desc= (Z)V
***desc= ()Ljava/lang/Object;
***desc= (Ljava/lang/Object;)V
***desc= ()Ljava/util/List;
***desc= ()Ljava/util/List;
***desc= ()V
***desc= ()Ljava/lang/String;
***desc= ()Ljava/lang/String;
***desc= (Ljava/lang/String;)V
***desc= ()Z
***desc= ()Ljava/util/List;
***desc= (Ljava/lang/String;)Lorg/activiti/bpmn/model/FlowElement;
***desc= (Ljava/lang/String;Z)Lorg/activiti/bpmn/model/FlowElement;
***desc= (Ljava/lang/String;)Lorg/activiti/bpmn/model/FlowElementsContainer;
***desc= (Lorg/activiti/bpmn/model/FlowElementsContainer;Ljava/lang/String;)Lorg/activiti/bpmn/model/FlowElementsContainer;
***desc= (Ljava/lang/String;)Lorg/activiti/bpmn/model/FlowElement;
***desc= ()Ljava/util/Collection;
***desc= (Lorg/activiti/bpmn/model/FlowElement;)V
***desc= ()Ljava/util/Collection;
***desc= ()Ljava/util/List;
***desc= ()Ljava/util/List;
***desc= ()Ljava/util/List;
***desc= (Ljava/lang/Class;)Ljava/util/List;
***desc= (Ljava/lang/Class;Z)Ljava/util/List;
***desc= ()Ljava/util/List;
***desc= ()Lorg/activiti/bpmn/model/FlowElement;
***desc= (Lorg/activiti/bpmn/model/FlowElement;)V
***desc= ()V
***desc= ()Ljava/lang/String;
***desc= (Ljava/lang/String;)V
***desc= ()Ljava/lang/String;
***desc= ()Ljava/util/List;
***desc= ()Lorg/activiti/bpmn/model/FlowElementsContainer;
***desc= ()Lorg/activiti/bpmn/model/SubProcess;
***desc= (Lorg/activiti/bpmn/model/FlowElementsContainer;)V
***desc= ()V
***desc= (Lorg/activiti/bpmn/model/ExtensionAttribute;)V
***desc= (Ljava/lang/String;)Lorg/activiti/bpmn/model/Process;
***desc= ()Ljava/util/List;
***desc= ()Ljava/util/Map;
***desc= ()Ljava/util/Map;
***desc= ()Ljava/util/Collection;
***desc= ()Ljava/util/Collection;
***desc= ()Ljava/util/Map;
***desc= ()Ljava/util/List;
***desc= ()Ljava/util/List;
***desc= ()Ljava/util/List;
***desc= (Ljava/lang/String;Ljava/lang/String;)V
***desc= ()Ljava/lang/String;
***desc= (Ljava/lang/String;)V
***desc= (Ljava/lang/String;)V
***desc= (Ljava/util/List;)V
***desc= (Ljava/util/List;)V
***desc= ()Ljava/lang/Object;
***desc= (Ljava/lang/Object;)V
***desc= ()V
***desc= ()Ljava/lang/String;
***desc= (Ljava/lang/String;)V
***desc= ()Ljava/lang/String;
***desc= (Ljava/lang/String;)V
***desc= ()Ljava/lang/String;
***desc= (Ljava/lang/String;)V
***desc= ()Z
***desc= ()V
***desc= ()Ljava/lang/String;
***desc= (Ljava/lang/String;)V
***desc= ()Ljava/lang/String;
***desc= (Ljava/lang/String;)V
***desc= ()Ljava/lang/String;
***desc= (Ljava/lang/String;)V
***desc= ()Ljava/lang/String;
***desc= (Ljava/lang/String;)V
***desc= ()Ljava/lang/String;
***desc= (Ljava/lang/String;)V
***desc= (Ljava/lang/String;)V
***desc= ()Ljava/lang/String;
***desc= (Ljava/lang/String;)V
***desc= (Ljava/lang/String;)V
***desc= ()Ljava/util/List;
***desc= ()Ljava/util/List;
***desc= ()Ljava/util/List;
***desc= ()Ljava/util/Map;
***desc= ()Ljava/util/Map;
***desc= ()Ljava/lang/String;
***desc= ()V
***desc= (Ljava/lang/String;)V
***desc= (Ljava/lang/String;Ljava/lang/String;)V
***desc= ()Ljava/lang/String;
***desc= (Ljava/lang/String;)V
***desc= (Ljava/lang/String;)V
***desc= (Ljava/lang/String;)V
***desc= ()Ljava/lang/String;
***desc= (Ljava/lang/String;)V
***desc= ()V
***desc= ()Ljava/util/List;
***desc= ()V
***desc= ()Ljava/lang/String;
***desc= (Ljava/lang/String;)V
***desc= (I)V
***desc= (I)V
***desc= ()Ljava/util/Map;
***desc= (I)V
***desc= (Lorg/activiti/engine/impl/interceptor/CommandContext;)Ljava/util/List;
***desc= ()V
***desc= (Lorg/activiti/engine/impl/persistence/entity/TimerJobEntity;)V
***desc= ()Ljava/util/Collection;
***desc= ()I
***desc= ()V
***desc= (Lorg/activiti/engine/runtime/Job;)Z
***desc= (Lorg/activiti/engine/runtime/Job;)Ljava/lang/Runnable;
***desc= ()V
***desc= ()V
***desc= ()V
***desc= ()V
***desc= ()V
***desc= ()V
***desc= ()V
***desc= ()V
***desc= ()V
***desc= ()V
***desc= ()V
***desc= ()Lorg/activiti/engine/impl/cfg/ProcessEngineConfigurationImpl;
***desc= (Lorg/activiti/engine/impl/cfg/ProcessEngineConfigurationImpl;)V
***desc= ()Z
***desc= (Z)V
***desc= ()Z
***desc= ()Ljava/lang/String;
***desc= ()I
***desc= ()I
***desc= ()I
***desc= ()I
***desc= ()I
***desc= (I)V
***desc= ()I
***desc= (I)V
***desc= ()I
***desc= ()I
***desc= ()V
***desc= (Lorg/activiti/engine/impl/asyncexecutor/AcquireTimerJobsRunnable;Lorg/activiti/engine/impl/asyncexecutor/AcquiredTimerJobEntities;)V
***desc= (Lorg/activiti/engine/impl/interceptor/CommandContext;)Ljava/lang/Void;
***desc= (Lorg/activiti/engine/runtime/Job;Lorg/activiti/engine/impl/cfg/ProcessEngineConfigurationImpl;)V
***desc= ()V
***desc= ()Z
***desc= ()V
***desc= ()V
***desc= ()Z
***desc= ()V
***desc= (Lorg/activiti/engine/impl/asyncexecutor/AsyncExecutor;)V
***desc= ()V
***desc= ()V
***desc= ()V
***desc= (Lorg/activiti/engine/impl/asyncexecutor/AsyncExecutor;)V
***desc= ()V
***desc= ()V
***desc= ()V
***desc= (Lorg/activiti/engine/impl/asyncexecutor/AsyncExecutor;Lorg/activiti/engine/impl/asyncexecutor/JobManager;)V
***desc= ()V
***desc= ()V
***desc= ()V
***desc= ()V
***desc= ()Ljava/util/Collection;
***desc= ()I
***desc= (Lorg/activiti/engine/impl/cfg/ProcessEngineConfigurationImpl;)V
***desc= (Lorg/activiti/engine/impl/persistence/entity/JobEntity;)V
***desc= (Lorg/activiti/bpmn/model/TimerEventDefinition;ZLorg/activiti/engine/impl/persistence/entity/ExecutionEntity;Ljava/lang/String;Ljava/lang/String;)Lorg/activiti/engine/impl/persistence/entity/TimerJobEntity;
***desc= (Lorg/activiti/engine/impl/persistence/entity/TimerJobEntity;)V
***desc= (Lorg/activiti/engine/impl/persistence/entity/TimerJobEntity;)Lorg/activiti/engine/impl/persistence/entity/JobEntity;
***desc= (Lorg/activiti/engine/runtime/Job;)V
***desc= (Lorg/activiti/engine/impl/persistence/entity/JobEntity;)V
***desc= (Lorg/activiti/engine/impl/persistence/entity/JobEntity;)V
***desc= (Lorg/activiti/engine/impl/persistence/entity/JobEntity;Lorg/activiti/engine/delegate/VariableScope;)V
***desc= (Lorg/activiti/bpmn/model/Process;Ljava/lang/String;)I
***desc= (Ljava/lang/String;)I
***desc= (Lorg/activiti/engine/impl/persistence/entity/JobEntity;Ljava/util/Date;Lorg/activiti/engine/delegate/VariableScope;)Z
***desc= (Ljava/lang/String;Lorg/activiti/engine/delegate/VariableScope;)Ljava/lang/String;
***desc= (Lorg/activiti/engine/impl/persistence/entity/JobEntity;)V
***desc= (Lorg/activiti/engine/impl/persistence/entity/AbstractJobEntity;)Lorg/activiti/engine/impl/persistence/entity/JobEntity;
***desc= (Lorg/activiti/engine/impl/persistence/entity/AbstractJobEntity;Lorg/activiti/engine/impl/persistence/entity/AbstractJobEntity;)Lorg/activiti/engine/impl/persistence/entity/AbstractJobEntity;
***desc= (Lorg/activiti/engine/impl/cfg/ProcessEngineConfigurationImpl;)V
***desc= ()Z
***desc= ()Lorg/activiti/engine/impl/interceptor/CommandContext;
***desc= ()Lorg/activiti/engine/impl/asyncexecutor/AsyncExecutor;
***desc= ()Lorg/activiti/engine/impl/persistence/entity/ExecutionEntityManager;
***desc= ()V
***desc= ()V
***desc= (Lorg/activiti/engine/impl/el/ExpressionManager;)V
***desc= (Lorg/activiti/engine/impl/bpmn/helper/ClassDelegateFactory;)V
***desc= ()V
***desc= ()V
***desc= (Lorg/activiti/engine/impl/bpmn/helper/ClassDelegateFactory;)V
***desc= ()V
***desc= (Lorg/activiti/bpmn/model/StartEvent;)Lorg/activiti/engine/impl/bpmn/behavior/NoneStartEventActivityBehavior;
***desc= (Lorg/activiti/bpmn/model/UserTask;)Lorg/activiti/engine/impl/bpmn/behavior/UserTaskActivityBehavior;
***desc= (Lorg/activiti/bpmn/model/ScriptTask;)Lorg/activiti/engine/impl/bpmn/behavior/ScriptTaskActivityBehavior;
***desc= (Lorg/activiti/bpmn/model/EndEvent;)Lorg/activiti/engine/impl/bpmn/behavior/NoneEndEventActivityBehavior;
***desc= (Lorg/activiti/bpmn/model/BoundaryEvent;Lorg/activiti/bpmn/model/TimerEventDefinition;Z)Lorg/activiti/engine/impl/bpmn/behavior/BoundaryTimerEventActivityBehavior;
***desc= ()V
***desc= ()V
***desc= ()V
***desc= ()V
***desc= ()V
***desc= ()V
***desc= (Ljavax/xml/stream/XMLStreamReader;Lorg/activiti/bpmn/model/BpmnModel;)V
***desc= ()V
***desc= ()V
***desc= ()V
***desc= ()V
***desc= (Ljavax/xml/stream/XMLStreamReader;Lorg/activiti/bpmn/model/BpmnModel;)Lorg/activiti/bpmn/model/Process;
***desc= ()V
***desc= ()V
***desc= ()V
***desc= ()V
***desc= ()V
***desc= ()V
***desc= ()V
***desc= ()V
***desc= ()V
***desc= ()V
***desc= ()V
***desc= ()V
***desc= ()V
***desc= ()Ljava/lang/String;
***desc= ()V
***desc= ()Ljava/lang/String;
***desc= ()V
***desc= ()Ljava/lang/String;
***desc= ()Lorg/activiti/engine/impl/interceptor/CommandContext;
***desc= ()Lorg/activiti/engine/ActivitiEngineAgenda;
***desc= (Lorg/activiti/engine/impl/interceptor/CommandContext;)V
***desc= ()V
***desc= ()Lorg/activiti/engine/impl/cfg/ProcessEngineConfigurationImpl;
***desc= (Lorg/activiti/engine/impl/cfg/ProcessEngineConfigurationImpl;)V
***desc= ()V
***desc= (Lorg/activiti/engine/impl/cfg/TransactionContext;)V
***desc= ()V
***desc= (Ljava/lang/ThreadLocal;)Ljava/util/Stack;
***desc= (Ljava/lang/String;Ljava/lang/String;)Lcom/fasterxml/jackson/databind/node/ObjectNode;
***desc= ()V
***desc= (Ljava/lang/String;)Lcom/fasterxml/jackson/databind/node/ObjectNode;
***desc= ()Ljava/util/Map;
***desc= (Ljava/lang/String;Lcom/fasterxml/jackson/databind/node/ObjectNode;)V
***desc= ()V
***desc= ()V
***desc= ()V
***desc= (Lorg/activiti/engine/impl/asyncexecutor/AsyncExecutor;)V
***desc= (Lorg/activiti/engine/impl/interceptor/CommandContext;)Lorg/activiti/engine/impl/asyncexecutor/AcquiredJobEntities;
***desc= (Ljava/lang/String;)V
***desc= (Lorg/activiti/engine/impl/interceptor/CommandContext;)Ljava/lang/Object;
***desc= (Lorg/activiti/engine/runtime/Job;)V
***desc= (Lorg/activiti/engine/impl/interceptor/CommandContext;)Ljava/lang/Object;
***desc= ()V
***desc= (Ljava/lang/String;Ljava/lang/String;Ljava/lang/String;Ljava/util/Map;)V
***desc= (Lorg/activiti/engine/impl/interceptor/CommandContext;)Lorg/activiti/engine/runtime/ProcessInstance;
***desc= (Lorg/activiti/engine/repository/ProcessDefinition;Ljava/lang/String;Ljava/lang/String;Ljava/util/Map;Ljava/util/Map;)Lorg/activiti/engine/runtime/ProcessInstance;
***desc= (Ljava/lang/String;)V
***desc= (Lorg/activiti/engine/impl/interceptor/CommandContext;)Lcom/fasterxml/jackson/databind/node/ObjectNode;
***desc= (Ljava/lang/String;)V
***desc= (Lorg/activiti/engine/impl/interceptor/CommandContext;Lorg/activiti/engine/impl/persistence/entity/TaskEntity;Ljava/util/Map;Z)V
***desc= (Lorg/activiti/engine/impl/asyncexecutor/AsyncExecutor;)V
***desc= (Lorg/activiti/engine/impl/interceptor/CommandContext;)Lorg/activiti/engine/impl/asyncexecutor/AcquiredTimerJobEntities;
***desc= (Lorg/activiti/engine/impl/interceptor/CommandContext;Lorg/activiti/engine/impl/persistence/entity/TimerJobEntity;I)V
***desc= (Ljava/lang/String;Ljava/util/Map;)V
***desc= (Lorg/activiti/engine/impl/interceptor/CommandContext;Lorg/activiti/engine/impl/persistence/entity/TaskEntity;)Ljava/lang/Void;
***desc= (Ljava/lang/String;Z)V
***desc= (Lorg/activiti/engine/impl/interceptor/CommandContext;)Ljava/lang/Void;
***desc= (Ljava/lang/String;Ljava/util/Map;Z)V
***desc= (Lorg/activiti/engine/impl/interceptor/CommandContext;Lorg/activiti/engine/impl/persistence/entity/ExecutionEntity;)Ljava/lang/Object;
***desc= (Ljava/lang/String;)V
***desc= (Lorg/activiti/engine/impl/interceptor/CommandContext;)Ljava/lang/Object;
***desc= (I)V
***desc= (Lorg/activiti/engine/impl/interceptor/CommandContext;)Lorg/activiti/engine/impl/db/IdBlock;
***desc= ()V
***desc= (Lorg/activiti/engine/impl/interceptor/CommandContext;)Ljava/util/Map;
***desc= (Ljava/lang/String;)V
***desc= (Lorg/activiti/engine/impl/interceptor/CommandContext;)Ljava/lang/Object;
***desc= ()V
***desc= ()V
***desc= (Lorg/activiti/engine/impl/interceptor/CommandContext;)Ljava/lang/Void;
***desc= ()V
***desc= (Lorg/activiti/engine/impl/repository/DeploymentBuilderImpl;)V
***desc= (Lorg/activiti/engine/impl/interceptor/CommandContext;)Lorg/activiti/engine/repository/Deployment;
***desc= (Lorg/activiti/engine/impl/interceptor/CommandContext;)Lorg/activiti/engine/repository/Deployment;
***desc= (Lorg/activiti/engine/runtime/Job;)V
***desc= (Lorg/activiti/engine/impl/interceptor/CommandContext;)Ljava/lang/Object;
***desc= ()V
***desc= ()V
***desc= ()Ljava/lang/Class;
***desc= ()V
***desc= ()Ljava/lang/Class;
***desc= ()V
***desc= ()Lorg/activiti/engine/impl/bpmn/parser/BpmnParser;
***desc= (Lorg/activiti/engine/impl/bpmn/parser/BpmnParser;)V
***desc= (Lorg/activiti/engine/impl/persistence/entity/DeploymentEntity;Ljava/util/Map;)Lorg/activiti/engine/impl/bpmn/deployer/ParsedDeploymentBuilder;
***desc= (Lorg/activiti/engine/impl/persistence/entity/DeploymentEntity;Lorg/activiti/engine/impl/bpmn/parser/BpmnParser;Ljava/util/Map;)V
***desc= ()Lorg/activiti/engine/impl/bpmn/deployer/ParsedDeployment;
***desc= (Lorg/activiti/engine/impl/persistence/entity/ResourceEntity;)Lorg/activiti/engine/impl/bpmn/parser/BpmnParse;
***desc= (Ljava/lang/String;)Z
***desc= ()V
***desc= ()V
***desc= (Lorg/activiti/engine/impl/persistence/entity/ProcessDefinitionEntity;)V
***desc= (Lorg/activiti/engine/impl/persistence/entity/ProcessDefinitionEntity;Lorg/activiti/bpmn/model/Process;)V
***desc= (Lorg/activiti/engine/impl/persistence/entity/ProcessDefinitionEntity;Lorg/activiti/bpmn/model/Process;)Ljava/util/List;
***desc= ()V
***desc= (Ljava/util/Collection;)V
***desc= (Lorg/activiti/engine/impl/persistence/entity/DeploymentEntity;Ljava/util/List;)V
***desc= (Lorg/activiti/engine/impl/bpmn/deployer/ParsedDeployment;)V
***desc= (Lorg/activiti/engine/impl/persistence/entity/ProcessDefinitionEntity;)Lorg/activiti/engine/impl/persistence/entity/ProcessDefinitionEntity;
***desc= (Lorg/activiti/engine/impl/persistence/entity/ProcessDefinitionEntity;Lorg/activiti/engine/impl/persistence/entity/ProcessDefinitionEntity;Lorg/activiti/engine/impl/bpmn/deployer/ParsedDeployment;)V
***desc= (Lorg/activiti/bpmn/model/Process;Lorg/activiti/engine/impl/persistence/entity/ProcessDefinitionEntity;)V
***desc= (Lorg/activiti/engine/impl/interceptor/CommandContext;Ljava/util/List;Lorg/activiti/engine/impl/persistence/entity/ProcessDefinitionEntity;Lorg/activiti/engine/impl/bpmn/deployer/BpmnDeploymentHelper$ExpressionType;)V
***desc= ()Lorg/activiti/engine/impl/bpmn/deployer/TimerManager;
***desc= (Lorg/activiti/engine/impl/bpmn/deployer/TimerManager;)V
***desc= ()Lorg/activiti/engine/impl/bpmn/deployer/EventSubscriptionManager;
***desc= (Lorg/activiti/engine/impl/bpmn/deployer/EventSubscriptionManager;)V
***desc= (Lorg/activiti/engine/impl/persistence/entity/DeploymentEntity;Ljava/util/List;Ljava/util/Map;Ljava/util/Map;)V
***desc= ()Lorg/activiti/engine/impl/persistence/entity/DeploymentEntity;
***desc= ()Ljava/util/List;
***desc= (Lorg/activiti/engine/impl/persistence/entity/ProcessDefinitionEntity;)Lorg/activiti/engine/impl/persistence/entity/ResourceEntity;
***desc= (Lorg/activiti/engine/impl/persistence/entity/ProcessDefinitionEntity;)Lorg/activiti/engine/impl/bpmn/parser/BpmnParse;
***desc= (Lorg/activiti/engine/impl/persistence/entity/ProcessDefinitionEntity;)Lorg/activiti/bpmn/model/BpmnModel;
***desc= (Lorg/activiti/engine/impl/persistence/entity/ProcessDefinitionEntity;)Lorg/activiti/bpmn/model/Process;
***desc= (Ljava/lang/String;)Ljava/lang/String;
***desc= (Lorg/activiti/engine/impl/persistence/entity/ProcessDefinitionEntity;Ljava/util/Map;)Ljava/lang/String;
***desc= ()V
***desc= ()V
***desc= (Lorg/activiti/engine/impl/bpmn/deployer/ParsedDeployment;)V
***desc= (Lorg/activiti/engine/impl/persistence/entity/ProcessDefinitionEntity;Lorg/activiti/engine/impl/cfg/ProcessEngineConfigurationImpl;Lorg/activiti/engine/impl/interceptor/CommandContext;)V
***desc= ()V
***desc= (Lorg/activiti/engine/impl/persistence/entity/DeploymentEntity;Ljava/util/Map;)V
***desc= (Lorg/activiti/engine/impl/bpmn/deployer/ParsedDeployment;)V
***desc= (Lorg/activiti/engine/impl/bpmn/deployer/ParsedDeployment;)Ljava/util/Map;
***desc= (Lorg/activiti/engine/impl/bpmn/deployer/ParsedDeployment;Ljava/util/Map;)V
***desc= (Lorg/activiti/engine/impl/bpmn/deployer/ParsedDeployment;)V
***desc= (Lorg/activiti/engine/impl/bpmn/deployer/ParsedDeployment;Ljava/util/Map;)V
***desc= (Lorg/activiti/engine/impl/bpmn/deployer/ParsedDeployment;)V
***desc= (Lorg/activiti/engine/impl/persistence/entity/ProcessDefinitionEntity;)Ljava/lang/String;
***desc= (Ljava/lang/String;Lorg/activiti/bpmn/model/Process;)V
***desc= (Ljava/util/Collection;Lcom/fasterxml/jackson/databind/node/ObjectNode;)Z
***desc= (Ljava/util/List;Lcom/fasterxml/jackson/databind/node/ObjectNode;)Z
***desc= (Lorg/activiti/engine/impl/cfg/IdGenerator;)V
***desc= (Lorg/activiti/engine/impl/bpmn/deployer/ParsedDeploymentBuilderFactory;)V
***desc= (Lorg/activiti/engine/impl/bpmn/deployer/BpmnDeploymentHelper;)V
***desc= (Lorg/activiti/engine/impl/bpmn/deployer/CachingAndArtifactsManager;)V
***desc= ()V
***desc= ()V
***desc= (Lorg/activiti/engine/impl/persistence/entity/ProcessDefinitionEntity;)V
***desc= (Lorg/activiti/engine/impl/persistence/entity/ProcessDefinitionEntity;)V
***desc= (Lorg/activiti/engine/impl/persistence/entity/ProcessDefinitionEntity;Lorg/activiti/bpmn/model/Process;Lorg/activiti/bpmn/model/BpmnModel;)V
***desc= (Lorg/activiti/engine/impl/interceptor/CommandContext;Lorg/activiti/engine/impl/persistence/entity/ProcessDefinitionEntity;Lorg/activiti/bpmn/model/Process;Lorg/activiti/bpmn/model/BpmnModel;)V
***desc= ()V
***desc= ()V
***desc= (Lorg/activiti/engine/delegate/DelegateExecution;)V
***desc= (Ljava/lang/String;Ljava/lang/String;Ljava/lang/String;)V
***desc= (Ljava/lang/String;Ljava/lang/String;Ljava/lang/String;Ljava/lang/String;Z)V
***desc= (Lorg/activiti/engine/delegate/DelegateExecution;)V
***desc= ()V
***desc= (Lorg/activiti/bpmn/model/UserTask;)V
***desc= (Lorg/activiti/engine/delegate/DelegateExecution;)V
***desc= (Lorg/activiti/engine/delegate/DelegateExecution;Ljava/lang/String;Ljava/lang/Object;)V
***desc= (Lorg/activiti/engine/impl/persistence/entity/TaskEntityManager;Ljava/lang/String;Ljava/lang/String;Ljava/util/List;Ljava/util/List;Lorg/activiti/engine/impl/persistence/entity/TaskEntity;Lorg/activiti/engine/impl/el/ExpressionManager;Lorg/activiti/engine/delegate/DelegateExecution;)V
***desc= ()V
***desc= ()V
***desc= (Lorg/activiti/engine/impl/persistence/entity/ExecutionEntity;)V
***desc= (Lorg/activiti/engine/impl/persistence/entity/ExecutionEntity;ZZ)V
***desc= ()V
***desc= ()V
***desc= (Ljava/lang/String;Ljava/lang/String;Lcom/fasterxml/jackson/databind/node/ObjectNode;)Ljava/lang/String;
***desc= (Ljava/util/List;Ljava/lang/String;Lcom/fasterxml/jackson/databind/node/ObjectNode;)Ljava/util/List;
***desc= (Lorg/activiti/bpmn/model/TimerEventDefinition;Z)V
***desc= (Lorg/activiti/engine/delegate/DelegateExecution;)V
***desc= ()V
***desc= (Lorg/activiti/engine/delegate/DelegateExecution;)V
***desc= (Ljava/util/Collection;Lorg/activiti/engine/delegate/DelegateExecution;)V
***desc= (Ljava/lang/String;Lorg/activiti/bpmn/model/FlowElement;)Ljava/util/Collection;
***desc= (Ljava/lang/String;)Lorg/activiti/bpmn/model/Process;
***desc= ()Z
***desc= ()Z
***desc= (Z)V
***desc= (Lorg/activiti/engine/delegate/DelegateExecution;Ljava/lang/String;Ljava/lang/Object;)V
***desc= (Lorg/activiti/engine/impl/persistence/entity/ExecutionEntity;Lorg/activiti/engine/impl/interceptor/CommandContext;)V
***desc= ()V
***desc= (Lorg/activiti/engine/delegate/DelegateExecution;)V
***desc= (Lorg/activiti/engine/delegate/DelegateExecution;)V
***desc= (Ljavax/el/ValueExpression;)V
***desc= (Ljavax/el/ValueExpression;Ljavax/el/ELContext;)V
***desc= ()V
***desc= ()V
***desc= ()V
***desc= ()Ljava/lang/Object;
***desc= ()V
***desc= (Lorg/activiti/engine/impl/delegate/invocation/DelegateInvocation;)V
***desc= (Lorg/activiti/engine/impl/interceptor/CommandContextFactory;Lorg/activiti/engine/impl/cfg/ProcessEngineConfigurationImpl;)V
***desc= (Lorg/activiti/engine/impl/interceptor/CommandConfig;Lorg/activiti/engine/impl/interceptor/Command;)Ljava/lang/Object;
***desc= ()V
***desc= ()V
***desc= (Lorg/activiti/engine/impl/interceptor/CommandInterceptor;)V
***desc= ()V
***desc= (ZLorg/activiti/engine/impl/cfg/TransactionPropagation;)V
***desc= ()Z
***desc= ()Lorg/activiti/engine/impl/interceptor/CommandConfig;
***desc= ()Lorg/activiti/engine/impl/interceptor/CommandConfig;
***desc= (Lorg/activiti/engine/impl/interceptor/CommandInvoker;Lorg/activiti/engine/impl/interceptor/CommandContext;Lorg/activiti/engine/impl/interceptor/Command;)V
***desc= ()V
***desc= ()V
***desc= (Lorg/activiti/engine/impl/interceptor/Command;)Lorg/activiti/engine/impl/interceptor/CommandContext;
***desc= (Lorg/activiti/engine/impl/cfg/ProcessEngineConfigurationImpl;)V
***desc= (Lorg/activiti/engine/impl/cfg/TransactionContext;)V
***desc= (Lorg/activiti/engine/impl/interceptor/CommandContext;)V
***desc= (Lorg/activiti/engine/impl/interceptor/CommandContext;)V
***desc= (Lorg/activiti/engine/impl/interceptor/CommandContext;)V
***desc= (Lorg/activiti/engine/impl/cfg/TransactionContextFactory;)V
***desc= (Lorg/activiti/engine/impl/interceptor/CommandConfig;Lorg/activiti/engine/impl/interceptor/Command;)Ljava/lang/Object;
***desc= (Lorg/activiti/engine/impl/interceptor/Command;Lorg/activiti/engine/impl/cfg/ProcessEngineConfigurationImpl;)V
***desc= ()V
***desc= (Lorg/activiti/engine/impl/interceptor/CommandContextCloseListener;)V
***desc= ()V
***desc= ()V
***desc= ()V
***desc= ()V
***desc= ()V
***desc= (Ljava/lang/Class;)Ljava/lang/Object;
***desc= ()Lorg/activiti/engine/impl/db/DbSqlSession;
***desc= ()Lorg/activiti/engine/impl/persistence/cache/EntityCache;
***desc= ()Lorg/activiti/engine/impl/persistence/entity/DeploymentEntityManager;
***desc= ()Lorg/activiti/engine/impl/persistence/entity/ProcessDefinitionEntityManager;
***desc= ()Lorg/activiti/engine/impl/persistence/entity/ModelEntityManager;
***desc= ()Lorg/activiti/engine/impl/persistence/entity/ProcessDefinitionInfoEntityManager;
***desc= ()Lorg/activiti/engine/impl/persistence/entity/ExecutionEntityManager;
***desc= ()Lorg/activiti/engine/impl/persistence/entity/TaskEntityManager;
***desc= ()Lorg/activiti/engine/impl/persistence/entity/VariableInstanceEntityManager;
***desc= ()Lorg/activiti/engine/impl/persistence/entity/HistoricProcessInstanceEntityManager;
***desc= ()Lorg/activiti/engine/impl/persistence/entity/HistoricActivityInstanceEntityManager;
***desc= ()Lorg/activiti/engine/impl/persistence/entity/HistoricTaskInstanceEntityManager;
***desc= ()Lorg/activiti/engine/impl/persistence/entity/JobEntityManager;
***desc= ()Lorg/activiti/engine/impl/persistence/entity/TimerJobEntityManager;
***desc= ()Lorg/activiti/engine/impl/persistence/entity/TableDataManager;
***desc= ()Lorg/activiti/engine/impl/persistence/entity/PropertyEntityManager;
***desc= ()Lorg/activiti/engine/impl/history/HistoryManager;
***desc= ()Lorg/activiti/engine/impl/asyncexecutor/JobManager;
***desc= (Lorg/activiti/engine/impl/persistence/entity/ExecutionEntity;)V
***desc= ()Z
***desc= ()Ljava/util/Collection;
***desc= ()Ljava/lang/Throwable;
***desc= ()Lorg/activiti/engine/impl/cfg/ProcessEngineConfigurationImpl;
***desc= ()Lorg/activiti/engine/delegate/event/ActivitiEventDispatcher;
***desc= ()Lorg/activiti/engine/ActivitiEngineAgenda;
***desc= ()Ljava/lang/Object;
***desc= (Ljava/lang/Object;)V
***desc= ()Z
***desc= (Z)V
***desc= ()V
***desc= ()V
***desc= (Lorg/activiti/engine/impl/interceptor/CommandConfig;Lorg/activiti/engine/impl/interceptor/Command;)Ljava/lang/Object;
***desc= (Lorg/activiti/engine/impl/interceptor/CommandContext;)V
***desc= (Ljava/lang/Runnable;)V
***desc= ()V
***desc= ()V
***desc= (Lorg/activiti/engine/impl/interceptor/CommandConfig;Lorg/activiti/engine/impl/interceptor/Command;)Ljava/lang/Object;
***desc= ()V
***desc= ()V
***desc= (Ljava/sql/PreparedStatement;ILorg/activiti/engine/impl/persistence/entity/ByteArrayRef;Lorg/apache/ibatis/type/JdbcType;)V
***desc= (Lorg/activiti/engine/impl/persistence/entity/ByteArrayRef;)Ljava/lang/String;
***desc= (Ljava/sql/ResultSet;Ljava/lang/String;)Lorg/activiti/engine/impl/persistence/entity/ByteArrayRef;
***desc= ()V
***desc= (Ljava/util/Collection;Ljava/util/Collection;Lorg/activiti/engine/impl/persistence/entity/Entity;Ljava/lang/Object;)Z
***desc= (Ljava/lang/Class;Ljava/lang/Class;)V
***desc= ()Ljava/lang/Class;
***desc= (Lorg/activiti/engine/impl/interceptor/CommandContext;)Lorg/activiti/engine/impl/interceptor/Session;
***desc= (Lorg/activiti/engine/impl/cfg/ProcessEngineConfigurationImpl;)V
***desc= ()Lorg/activiti/engine/impl/interceptor/CommandContext;
***desc= (Ljava/lang/Class;)Ljava/lang/Object;
***desc= ()Lorg/activiti/engine/impl/cfg/ProcessEngineConfigurationImpl;
***desc= ()Lorg/activiti/engine/runtime/Clock;
***desc= ()Lorg/activiti/engine/impl/asyncexecutor/AsyncExecutor;
***desc= ()Lorg/activiti/engine/delegate/event/ActivitiEventDispatcher;
***desc= ()Lorg/activiti/engine/impl/history/HistoryManager;
***desc= ()Lorg/activiti/engine/impl/persistence/entity/ResourceEntityManager;
***desc= ()Lorg/activiti/engine/impl/persistence/entity/ProcessDefinitionEntityManager;
***desc= ()Lorg/activiti/engine/impl/persistence/entity/ProcessDefinitionInfoEntityManager;
***desc= ()Lorg/activiti/engine/impl/persistence/entity/ExecutionEntityManager;
***desc= ()Lorg/activiti/engine/impl/persistence/entity/TaskEntityManager;
***desc= ()Lorg/activiti/engine/impl/persistence/entity/IdentityLinkEntityManager;
***desc= ()Lorg/activiti/engine/impl/persistence/entity/EventSubscriptionEntityManager;
***desc= ()Lorg/activiti/engine/impl/persistence/entity/VariableInstanceEntityManager;
***desc= ()Lorg/activiti/engine/impl/persistence/entity/JobEntityManager;
***desc= ()Lorg/activiti/engine/impl/persistence/entity/TimerJobEntityManager;
***desc= ()Lorg/activiti/engine/impl/persistence/entity/SuspendedJobEntityManager;
***desc= ()Lorg/activiti/engine/impl/persistence/entity/DeadLetterJobEntityManager;
***desc= ()Lorg/activiti/engine/impl/persistence/entity/HistoricProcessInstanceEntityManager;
***desc= ()Lorg/activiti/engine/impl/persistence/entity/HistoricDetailEntityManager;
***desc= ()Lorg/activiti/engine/impl/persistence/entity/HistoricActivityInstanceEntityManager;
***desc= ()Lorg/activiti/engine/impl/persistence/entity/HistoricVariableInstanceEntityManager;
***desc= ()Lorg/activiti/engine/impl/persistence/entity/HistoricTaskInstanceEntityManager;
***desc= ()Lorg/activiti/engine/impl/persistence/entity/HistoricIdentityLinkEntityManager;
***desc= ()Lorg/activiti/engine/impl/persistence/entity/AttachmentEntityManager;
***desc= ()Lorg/activiti/engine/impl/persistence/entity/CommentEntityManager;
***desc= (Lorg/activiti/engine/impl/cfg/ProcessEngineConfigurationImpl;)V
***desc= (Ljava/lang/String;)V
***desc= (Ljava/lang/String;)V
***desc= (Lorg/activiti/engine/impl/cfg/ProcessEngineConfigurationImpl;)V
***desc= ()Ljava/lang/Class;
***desc= (Lorg/activiti/engine/impl/persistence/entity/ExecutionEntity;)Lorg/activiti/engine/impl/persistence/entity/HistoricProcessInstanceEntity;
***desc= (Ljava/lang/String;)Ljava/util/List;
***desc= (Ljava/lang/String;)Ljava/util/List;
***desc= (Lorg/activiti/engine/impl/HistoricProcessInstanceQueryImpl;)Ljava/util/List;
***desc= (Lorg/activiti/engine/impl/cfg/ProcessEngineConfigurationImpl;)V
***desc= (Ljava/lang/String;)Ljava/util/List;
***desc= (Lorg/activiti/engine/impl/cfg/ProcessEngineConfigurationImpl;)V
***desc= ()Ljava/lang/Class;
***desc= ()Lorg/activiti/engine/impl/persistence/entity/TaskEntity;
***desc= (Ljava/lang/String;)Ljava/util/List;
***desc= (Lorg/activiti/engine/impl/TaskQueryImpl;)Ljava/util/List;
***desc= (Ljava/lang/String;)Ljava/util/List;
***desc= (Lorg/activiti/engine/impl/cfg/ProcessEngineConfigurationImpl;)V
***desc= (Lorg/activiti/engine/impl/cfg/ProcessEngineConfigurationImpl;)V
***desc= ()Ljava/lang/Class;
***desc= ()Lorg/activiti/engine/impl/persistence/entity/HistoricActivityInstanceEntity;
***desc= (Ljava/lang/String;Ljava/lang/String;)Ljava/util/List;
***desc= (Ljava/lang/String;)V
***desc= (Lorg/activiti/engine/impl/HistoricActivityInstanceQueryImpl;Lorg/activiti/engine/impl/Page;)Ljava/util/List;
***desc= (Lorg/activiti/engine/impl/cfg/ProcessEngineConfigurationImpl;)V
***desc= ()Ljava/lang/Class;
***desc= ()Ljava/util/List;
***desc= (Ljava/lang/String;)Ljava/util/List;
***desc= (Ljava/lang/String;)V
***desc= ()V
***desc= (Lorg/activiti/engine/impl/cfg/ProcessEngineConfigurationImpl;)V
***desc= ()Ljava/lang/Class;
***desc= (Ljava/lang/String;)Ljava/util/List;
***desc= (Ljava/lang/String;)Ljava/util/List;
***desc= (Lorg/activiti/engine/impl/cfg/ProcessEngineConfigurationImpl;)V
***desc= ()Ljava/lang/Class;
***desc= (Lorg/activiti/engine/impl/persistence/entity/TaskEntity;Lorg/activiti/engine/impl/persistence/entity/ExecutionEntity;)Lorg/activiti/engine/impl/persistence/entity/HistoricTaskInstanceEntity;
***desc= (Ljava/lang/String;)Ljava/util/List;
***desc= (Ljava/lang/String;)Ljava/util/List;
***desc= (Lorg/activiti/engine/impl/HistoricTaskInstanceQueryImpl;)Ljava/util/List;
***desc= (Lorg/activiti/engine/impl/cfg/ProcessEngineConfigurationImpl;)V
***desc= ()Ljava/lang/Class;
***desc= (Ljava/lang/String;)Ljava/util/List;
***desc= (Lorg/activiti/engine/impl/cfg/ProcessEngineConfigurationImpl;)V
***desc= ()Ljava/lang/Class;
***desc= ()Lorg/activiti/engine/impl/persistence/entity/TimerJobEntity;
***desc= (Lorg/activiti/engine/impl/TimerJobQueryImpl;Lorg/activiti/engine/impl/Page;)Ljava/util/List;
***desc= (Lorg/activiti/engine/impl/Page;)Ljava/util/List;
***desc= (Ljava/lang/String;Ljava/lang/String;)Ljava/util/List;
***desc= (Ljava/lang/String;)Ljava/util/List;
***desc= (Ljava/lang/String;Ljava/lang/String;)Ljava/util/List;
***desc= (Lorg/activiti/engine/impl/cfg/ProcessEngineConfigurationImpl;)V
***desc= ()Lorg/activiti/engine/impl/persistence/entity/HistoricDetailVariableInstanceUpdateEntity;
***desc= (Ljava/lang/String;)Ljava/util/List;
***desc= (Ljava/lang/String;)Ljava/util/List;
***desc= (Lorg/activiti/engine/impl/cfg/ProcessEngineConfigurationImpl;)V
***desc= (Lorg/activiti/engine/impl/ModelQueryImpl;Lorg/activiti/engine/impl/Page;)Ljava/util/List;
***desc= (Lorg/activiti/engine/impl/cfg/ProcessEngineConfigurationImpl;)V
***desc= ()Ljava/lang/Class;
***desc= ()Lorg/activiti/engine/impl/persistence/entity/DeploymentEntity;
***desc= (Lorg/activiti/engine/impl/cfg/ProcessEngineConfigurationImpl;)V
***desc= ()Ljava/lang/Class;
***desc= ()Lorg/activiti/engine/impl/persistence/entity/HistoricVariableInstanceEntity;
***desc= (Lorg/activiti/engine/impl/persistence/entity/HistoricVariableInstanceEntity;)V
***desc= (Ljava/lang/String;)Ljava/util/List;
***desc= (Ljava/lang/String;)Ljava/util/List;
***desc= (Lorg/activiti/engine/impl/cfg/ProcessEngineConfigurationImpl;)V
***desc= ()Ljava/lang/Class;
***desc= ()Lorg/activiti/engine/impl/persistence/entity/PropertyEntity;
***desc= (Lorg/activiti/engine/impl/cfg/ProcessEngineConfigurationImpl;)V
***desc= (Ljava/lang/String;)Lorg/activiti/engine/impl/persistence/entity/ProcessDefinitionInfoEntity;
***desc= (Lorg/activiti/engine/impl/cfg/ProcessEngineConfigurationImpl;)V
***desc= ()Ljava/lang/Class;
***desc= (Ljava/lang/String;)Ljava/util/List;
***desc= (Ljava/lang/String;)Ljava/util/List;
***desc= (Ljava/lang/String;)V
***desc= (Lorg/activiti/engine/impl/cfg/ProcessEngineConfigurationImpl;)V
***desc= ()Lorg/activiti/engine/impl/persistence/entity/ResourceEntity;
***desc= (Ljava/lang/String;)V
***desc= (Lorg/activiti/engine/impl/cfg/ProcessEngineConfigurationImpl;)V
***desc= ()Ljava/lang/Class;
***desc= ()Lorg/activiti/engine/impl/persistence/entity/ExecutionEntity;
***desc= (Ljava/lang/String;)Lorg/activiti/engine/impl/persistence/entity/ExecutionEntity;
***desc= (Ljava/lang/String;)Lorg/activiti/engine/impl/persistence/entity/ExecutionEntity;
***desc= (Ljava/lang/String;)Ljava/util/List;
***desc= (Ljava/lang/String;)Ljava/util/List;
***desc= (Ljava/lang/String;)Ljava/util/List;
***desc= (Lorg/activiti/engine/impl/ProcessInstanceQueryImpl;)Ljava/util/List;
***desc= (Ljava/lang/String;Ljava/util/Date;Ljava/util/Date;)V
***desc= (Ljava/lang/String;)V
***desc= (Lorg/activiti/engine/impl/cfg/ProcessEngineConfigurationImpl;)V
***desc= (Lorg/activiti/engine/impl/cfg/ProcessEngineConfigurationImpl;)V
***desc= ()Ljava/lang/Class;
***desc= ()Lorg/activiti/engine/impl/persistence/entity/VariableInstanceEntity;
***desc= (Ljava/lang/String;)Ljava/util/List;
***desc= (Ljava/lang/String;)Ljava/util/List;
***desc= (Ljava/lang/String;Ljava/lang/String;)Lorg/activiti/engine/impl/persistence/entity/VariableInstanceEntity;
***desc= (Lorg/activiti/engine/impl/cfg/ProcessEngineConfigurationImpl;)V
***desc= ()Ljava/lang/Class;
***desc= (Ljava/lang/String;)Ljava/util/List;
***desc= (Lorg/activiti/engine/impl/cfg/ProcessEngineConfigurationImpl;)V
***desc= ()Ljava/lang/Class;
***desc= ()Lorg/activiti/engine/impl/persistence/entity/ProcessDefinitionEntity;
***desc= (Ljava/lang/String;)Lorg/activiti/engine/impl/persistence/entity/ProcessDefinitionEntity;
***desc= (Ljava/lang/String;)V
***desc= (Lorg/activiti/engine/impl/ProcessDefinitionQueryImpl;Lorg/activiti/engine/impl/Page;)Ljava/util/List;
***desc= (Lorg/activiti/engine/impl/cfg/ProcessEngineConfigurationImpl;)V
***desc= ()Ljava/lang/Class;
***desc= ()Lorg/activiti/engine/impl/persistence/entity/JobEntity;
***desc= (Lorg/activiti/engine/impl/Page;)Ljava/util/List;
***desc= (Ljava/lang/String;)Ljava/util/List;
***desc= (Lorg/activiti/engine/impl/Page;)Ljava/util/List;
***desc= (Lorg/activiti/engine/impl/JobQueryImpl;Lorg/activiti/engine/impl/Page;)Ljava/util/List;
***desc= ()V
***desc= (Ljava/lang/String;)V
***desc= (Ljava/lang/String;)V
***desc= (I)V
***desc= (Ljava/lang/String;)V
***desc= (Ljava/lang/String;)V
***desc= (Z)V
***desc= (Z)V
***desc= ()V
***desc= ()V
***desc= ()Lorg/activiti/engine/compatibility/Activiti5CompatibilityHandler;
***desc= ()V
***desc= ()V
***desc= ()Lorg/activiti/engine/impl/bpmn/parser/BpmnParse;
***desc= ()Lorg/activiti/engine/impl/bpmn/parser/factory/ActivityBehaviorFactory;
***desc= (Lorg/activiti/engine/impl/bpmn/parser/factory/ActivityBehaviorFactory;)V
***desc= ()Lorg/activiti/engine/impl/bpmn/parser/factory/ListenerFactory;
***desc= (Lorg/activiti/engine/impl/bpmn/parser/factory/ListenerFactory;)V
***desc= (Lorg/activiti/engine/impl/cfg/BpmnParseFactory;)V
***desc= ()Lorg/activiti/engine/impl/bpmn/parser/BpmnParseHandlers;
***desc= (Lorg/activiti/engine/impl/bpmn/parser/BpmnParseHandlers;)V
***desc= ()V
***desc= (Ljava/util/List;)V
***desc= (Lorg/activiti/engine/parse/BpmnParseHandler;)V
***desc= (Lorg/activiti/engine/impl/bpmn/parser/BpmnParse;Lorg/activiti/bpmn/model/BaseElement;)V
***desc= ()V
***desc= (Lorg/activiti/engine/impl/bpmn/parser/BpmnParser;)V
***desc= (Lorg/activiti/engine/impl/persistence/entity/DeploymentEntity;)Lorg/activiti/engine/impl/bpmn/parser/BpmnParse;
***desc= ()Lorg/activiti/engine/impl/bpmn/parser/BpmnParse;
***desc= (Ljava/lang/String;)Lorg/activiti/engine/impl/bpmn/parser/BpmnParse;
***desc= (Ljava/io/InputStream;)Lorg/activiti/engine/impl/bpmn/parser/BpmnParse;
***desc= (Lorg/activiti/engine/impl/util/io/StreamSource;)V
***desc= (Ljava/lang/String;)Lorg/activiti/engine/impl/bpmn/parser/BpmnParse;
***desc= ()V
***desc= (Ljava/util/Collection;)V
***desc= ()V
***desc= (Z)V
***desc= (Z)V
***desc= ()Ljava/util/List;
***desc= ()Lorg/activiti/engine/impl/bpmn/parser/BpmnParseHandlers;
***desc= ()Lorg/activiti/engine/impl/persistence/entity/DeploymentEntity;
***desc= ()Lorg/activiti/bpmn/model/BpmnModel;
***desc= ()Lorg/activiti/engine/impl/bpmn/parser/factory/ActivityBehaviorFactory;
***desc= (Lorg/activiti/engine/impl/persistence/entity/ProcessDefinitionEntity;)V
***desc= ()Lorg/activiti/bpmn/model/FlowElement;
***desc= (Lorg/activiti/bpmn/model/FlowElement;)V
***desc= ()Lorg/activiti/bpmn/model/Process;
***desc= ()V
***desc= (Lorg/activiti/engine/impl/cfg/ProcessEngineConfigurationImpl;)V
***desc= ()Ljava/util/List;
***desc= ()Lorg/activiti/engine/impl/db/DbSqlSession;
***desc= ()Lorg/activiti/engine/impl/persistence/cache/EntityCache;
***desc= (Ljava/lang/String;)Lorg/activiti/engine/impl/persistence/entity/Entity;
***desc= (Lorg/activiti/engine/impl/persistence/entity/Entity;)V
***desc= (Lorg/activiti/engine/impl/persistence/entity/Entity;)V
***desc= (Ljava/lang/String;Ljava/lang/Object;Lorg/activiti/engine/impl/persistence/SingleCachedEntityMatcher;Z)Lorg/activiti/engine/impl/persistence/entity/Entity;
***desc= (Ljava/lang/String;Ljava/lang/Object;Lorg/activiti/engine/impl/persistence/CachedEntityMatcher;Z)Ljava/util/List;
***desc= (Ljava/lang/String;ILjava/lang/String;)V
***desc= (Ljava/lang/String;)Lorg/activiti/engine/impl/history/HistoryLevel;
***desc= ()Ljava/lang/String;
***desc= (Lorg/activiti/engine/impl/history/HistoryLevel;)Z
***desc= ()V
***desc= (Lorg/activiti/engine/impl/cfg/ProcessEngineConfigurationImpl;Lorg/activiti/engine/impl/history/HistoryLevel;)V
***desc= (Lorg/activiti/engine/impl/history/HistoryLevel;)Z
***desc= ()Z
***desc= (Ljava/lang/String;Ljava/lang/String;Ljava/lang/String;)V
***desc= (Lorg/activiti/engine/impl/persistence/entity/ExecutionEntity;Lorg/activiti/bpmn/model/FlowElement;)V
***desc= (Lorg/activiti/engine/impl/persistence/entity/ExecutionEntity;)V
***desc= (Lorg/activiti/engine/impl/persistence/entity/ExecutionEntity;Ljava/lang/String;)V
***desc= (Lorg/activiti/engine/impl/persistence/entity/ExecutionEntity;ZZ)Lorg/activiti/engine/impl/persistence/entity/HistoricActivityInstanceEntity;
***desc= (Lorg/activiti/engine/impl/persistence/entity/ExecutionEntity;Ljava/lang/String;ZZ)Lorg/activiti/engine/impl/persistence/entity/HistoricActivityInstanceEntity;
***desc= (Ljava/lang/String;Ljava/lang/String;Z)Lorg/activiti/engine/impl/persistence/entity/HistoricActivityInstanceEntity;
***desc= (Lorg/activiti/engine/impl/persistence/entity/ExecutionEntity;)Lorg/activiti/engine/impl/persistence/entity/HistoricActivityInstanceEntity;
***desc= (Lorg/activiti/engine/impl/persistence/entity/TaskEntity;Lorg/activiti/engine/impl/persistence/entity/ExecutionEntity;)V
***desc= (Lorg/activiti/engine/impl/persistence/entity/TaskEntity;)V
***desc= (Ljava/lang/String;Ljava/lang/String;)V
***desc= (Ljava/lang/String;Ljava/lang/String;)V
***desc= (Lorg/activiti/engine/impl/persistence/entity/VariableInstanceEntity;)V
***desc= (Lorg/activiti/engine/impl/persistence/entity/VariableInstanceEntity;Lorg/activiti/engine/impl/persistence/entity/ExecutionEntity;Z)V
***desc= (Lorg/activiti/bpmn/model/FlowElement;)Ljava/lang/String;
***desc= ()Lorg/activiti/engine/impl/persistence/cache/EntityCache;
***desc= ()V
***desc= ()V
***desc= (Lorg/activiti/bpmn/model/BpmnModel;Ljava/util/List;)V
***desc= ()V
***desc= ()V
***desc= ()Lorg/activiti/validation/validator/ValidatorSet;
***desc= (Ljava/lang/String;)V
***desc= ()Ljava/util/Collection;
***desc= (Lorg/activiti/validation/validator/Validator;)V
***desc= ()V
***desc= ()Ljava/lang/String;
***desc= ()V
***desc= ()Ljava/lang/String;
***desc= ()V
***desc= ()V
***desc= ()Ljava/lang/String;
***desc= ()V
***desc= ()Ljava/lang/String;
***desc= (Lorg/activiti/engine/impl/jobexecutor/AsyncJobAddedNotification;)V
***desc= (Lorg/activiti/engine/impl/interceptor/CommandContext;)Ljava/lang/Void;
***desc= ()V
***desc= ()V
***desc= ()Ljava/lang/String;
***desc= ()V
***desc= (Lorg/activiti/engine/impl/persistence/entity/JobEntity;Lorg/activiti/engine/impl/asyncexecutor/AsyncExecutor;)V
***desc= (Lorg/activiti/engine/impl/interceptor/CommandContext;)V
***desc= (Lorg/activiti/engine/impl/interceptor/CommandContext;)V
***desc= (Lorg/activiti/engine/impl/interceptor/CommandContext;)V
***desc= ()V
***desc= ()V
***desc= ()Ljava/lang/String;
***desc= (Lorg/activiti/engine/impl/persistence/entity/JobEntity;Ljava/lang/String;Lorg/activiti/engine/impl/persistence/entity/ExecutionEntity;Lorg/activiti/engine/impl/interceptor/CommandContext;)V
***desc= (Lorg/activiti/engine/impl/persistence/entity/JobEntity;Lorg/activiti/engine/impl/persistence/entity/ExecutionEntity;Ljava/util/List;Lorg/activiti/engine/impl/interceptor/CommandContext;)V
***desc= ()V
***desc= (Ljava/lang/String;Ljava/lang/String;Ljava/lang/String;)Ljava/lang/String;
***desc= (Ljava/lang/String;)Ljava/lang/String;
***desc= (Ljava/lang/String;)Ljava/lang/String;
***desc= (Ljava/lang/String;)Ljava/lang/String;
***desc= ()V
***desc= (Ljava/lang/String;)V
***desc= ()Ljava/lang/String;
***desc= ()[B
***desc= (Ljava/lang/String;[B)V
***desc= ([B)V
***desc= ()V
***desc= ()V
***desc= ()V
***desc= ()Ljava/lang/Object;
***desc= ()Ljava/lang/String;
***desc= (Ljava/lang/String;)V
***desc= ()Ljava/util/Date;
***desc= (Ljava/util/Date;)V
***desc= ()V
***desc= (Lorg/activiti/engine/impl/persistence/entity/ExecutionEntity;)V
***desc= ()Ljava/lang/Object;
***desc= ()Ljava/lang/String;
***desc= (Ljava/lang/String;)V
***desc= ()Ljava/lang/String;
***desc= ()Ljava/lang/String;
***desc= ()Ljava/lang/String;
***desc= (Ljava/lang/String;)V
***desc= ()Ljava/lang/String;
***desc= ()Ljava/lang/String;
***desc= (Ljava/lang/String;)V
***desc= ()Ljava/lang/String;
***desc= (Ljava/lang/String;)V
***desc= (Ljava/lang/String;)V
***desc= ()Ljava/lang/String;
***desc= (Ljava/lang/String;)V
***desc= ()Ljava/lang/Integer;
***desc= (Ljava/lang/Integer;)V
***desc= ()Ljava/lang/String;
***desc= (Ljava/lang/String;)V
***desc= (Lorg/activiti/engine/impl/cfg/ProcessEngineConfigurationImpl;Lorg/activiti/engine/impl/persistence/entity/data/EventSubscriptionDataManager;)V
***desc= (Ljava/lang/String;)Ljava/util/List;
***desc= (Ljava/lang/String;)V
***desc= (Lorg/activiti/engine/impl/cfg/ProcessEngineConfigurationImpl;Lorg/activiti/engine/impl/persistence/entity/data/ProcessDefinitionInfoDataManager;)V
***desc= (Ljava/lang/String;)V
***desc= (Ljava/lang/String;)Lorg/activiti/engine/impl/persistence/entity/ProcessDefinitionInfoEntity;
***desc= ()V
***desc= (Lorg/activiti/engine/impl/cfg/ProcessEngineConfigurationImpl;Lorg/activiti/engine/impl/persistence/entity/data/HistoricDetailDataManager;)V
***desc= ()Lorg/activiti/engine/impl/persistence/entity/data/DataManager;
***desc= (Lorg/activiti/engine/impl/persistence/entity/VariableInstanceEntity;)Lorg/activiti/engine/impl/persistence/entity/HistoricDetailVariableInstanceUpdateEntity;
***desc= (Lorg/activiti/engine/impl/persistence/entity/HistoricDetailEntity;Z)V
***desc= (Ljava/lang/String;)V
***desc= (Ljava/lang/String;)V
***desc= ()V
***desc= ()Ljava/lang/Object;
***desc= (Ljava/lang/String;)V
***desc= (Ljava/lang/String;)V
***desc= ()[B
***desc= ()Lorg/activiti/engine/impl/persistence/entity/ByteArrayRef;
***desc= ()V
***desc= (Ljava/lang/Object;)V
***desc= (Ljava/lang/String;)V
***desc= ()Ljava/lang/String;
***desc= (Ljava/lang/String;)V
***desc= ()Lorg/activiti/engine/impl/variable/VariableType;
***desc= (Lorg/activiti/engine/impl/variable/VariableType;)V
***desc= ()Ljava/lang/String;
***desc= ()Ljava/lang/String;
***desc= ()Ljava/lang/String;
***desc= ()Ljava/lang/Long;
***desc= ()Ljava/lang/Double;
***desc= ()Ljava/lang/String;
***desc= (Ljava/lang/String;)V
***desc= ()Ljava/lang/String;
***desc= ()V
***desc= ()Ljava/lang/String;
***desc= (Ljava/lang/String;)V
***desc= ()[B
***desc= ([B)V
***desc= ()Ljava/lang/String;
***desc= (Ljava/lang/String;)V
***desc= ()Z
***desc= ()V
***desc= ()Ljava/lang/Object;
***desc= ()Ljava/lang/String;
***desc= (Ljava/lang/String;)V
***desc= ()Ljava/util/Date;
***desc= (Ljava/util/Date;)V
***desc= (Lorg/activiti/engine/impl/cfg/ProcessEngineConfigurationImpl;Lorg/activiti/engine/impl/persistence/entity/data/HistoricTaskInstanceDataManager;)V
***desc= ()Lorg/activiti/engine/impl/persistence/entity/data/DataManager;
***desc= (Lorg/activiti/engine/impl/persistence/entity/TaskEntity;Lorg/activiti/engine/impl/persistence/entity/ExecutionEntity;)Lorg/activiti/engine/impl/persistence/entity/HistoricTaskInstanceEntity;
***desc= (Ljava/lang/String;)V
***desc= (Lorg/activiti/engine/impl/HistoricTaskInstanceQueryImpl;)Ljava/util/List;
***desc= (Ljava/lang/String;)V
***desc= ()V
***desc= ()Ljava/lang/Object;
***desc= (Lorg/activiti/engine/impl/persistence/entity/ExecutionEntity;)V
***desc= ()Ljava/util/Date;
***desc= (Ljava/util/Date;)V
***desc= ()Ljava/lang/String;
***desc= (Ljava/lang/String;)V
***desc= ()I
***desc= (I)V
***desc= ()Ljava/lang/String;
***desc= (Ljava/lang/String;)V
***desc= ()Z
***desc= (Z)V
***desc= ()Ljava/lang/String;
***desc= (Ljava/lang/String;)V
***desc= ()Ljava/lang/String;
***desc= (Ljava/lang/String;)V
***desc= ()Ljava/util/Date;
***desc= (Ljava/util/Date;)V
***desc= ()I
***desc= (I)V
***desc= ()Ljava/lang/String;
***desc= (Ljava/lang/String;)V
***desc= ()Ljava/lang/String;
***desc= (Ljava/lang/String;)V
***desc= ()Ljava/lang/String;
***desc= (Ljava/lang/String;)V
***desc= ()Ljava/lang/String;
***desc= (Ljava/lang/String;)V
***desc= ()Ljava/lang/String;
***desc= (Ljava/lang/String;)V
***desc= ()Ljava/lang/String;
***desc= (Ljava/lang/String;)V
***desc= ()Lorg/activiti/engine/impl/persistence/entity/ByteArrayRef;
***desc= (Ljava/lang/String;)[B
***desc= (Lorg/activiti/engine/impl/cfg/ProcessEngineConfigurationImpl;Lorg/activiti/engine/impl/persistence/entity/data/HistoricActivityInstanceDataManager;)V
***desc= ()Lorg/activiti/engine/impl/persistence/entity/data/DataManager;
***desc= (Ljava/lang/String;Ljava/lang/String;)Ljava/util/List;
***desc= (Ljava/lang/String;)V
***desc= (Lorg/activiti/engine/impl/HistoricActivityInstanceQueryImpl;Lorg/activiti/engine/impl/Page;)Ljava/util/List;
***desc= (Lorg/activiti/engine/impl/cfg/ProcessEngineConfigurationImpl;Lorg/activiti/engine/impl/persistence/entity/data/ExecutionDataManager;)V
***desc= ()Lorg/activiti/engine/impl/persistence/entity/data/DataManager;
***desc= (Lorg/activiti/engine/impl/persistence/entity/ExecutionEntity;)V
***desc= (Lorg/activiti/engine/impl/persistence/entity/ExecutionEntity;Z)V
***desc= (Ljava/lang/String;)Lorg/activiti/engine/impl/persistence/entity/ExecutionEntity;
***desc= (Ljava/lang/String;)Ljava/util/List;
***desc= (Ljava/lang/String;)Ljava/util/List;
***desc= (Lorg/activiti/engine/impl/ProcessInstanceQueryImpl;)Ljava/util/List;
***desc= (Lorg/activiti/engine/repository/ProcessDefinition;Ljava/lang/String;Ljava/lang/String;Ljava/lang/String;)Lorg/activiti/engine/impl/persistence/entity/ExecutionEntity;
***desc= (Lorg/activiti/engine/impl/persistence/entity/ExecutionEntity;)Lorg/activiti/engine/impl/persistence/entity/ExecutionEntity;
***desc= (Lorg/activiti/engine/impl/persistence/entity/ExecutionEntity;Lorg/activiti/engine/impl/persistence/entity/ExecutionEntity;)V
***desc= (Ljava/lang/String;Ljava/lang/String;Z)V
***desc= (Lorg/activiti/engine/impl/persistence/entity/ExecutionEntity;Ljava/lang/String;Z)V
***desc= (Ljava/lang/String;Ljava/lang/String;Ljava/lang/String;ZZ)V
***desc= (Lorg/activiti/engine/impl/persistence/entity/ExecutionEntity;Ljava/lang/String;Z)V
***desc= (Lorg/activiti/engine/impl/persistence/entity/ExecutionEntity;)Ljava/util/List;
***desc= (Lorg/activiti/engine/impl/persistence/entity/ExecutionEntity;Ljava/util/List;)V
***desc= (Lorg/activiti/engine/impl/persistence/entity/ExecutionEntity;Ljava/lang/String;Z)V
***desc= (Ljava/lang/String;)V
***desc= (Ljava/lang/String;)V
***desc= ()V
***desc= (Lorg/activiti/engine/impl/cfg/ProcessEngineConfigurationImpl;)V
***desc= ()Lorg/activiti/engine/impl/db/DbSqlSession;
***desc= ()Ljava/util/Map;
***desc= ()Ljava/util/List;
***desc= (Ljava/lang/String;)J
***desc= ()V
***desc= ()V
***desc= ()V
***desc= (Ljava/lang/String;)Z
***desc= (Ljava/lang/String;)Z
***desc= ()Ljava/util/Map;
***desc= (Ljava/util/Map;)V
***desc= (Ljava/lang/String;Ljava/lang/Object;Z)V
***desc= (Ljava/lang/String;Ljava/lang/Object;Lorg/activiti/engine/impl/persistence/entity/ExecutionEntity;Z)V
***desc= (Ljava/lang/String;Ljava/lang/Object;Lorg/activiti/engine/impl/persistence/entity/ExecutionEntity;)Lorg/activiti/engine/impl/persistence/entity/VariableInstanceEntity;
***desc= ()Z
***desc= ()Ljavax/el/ELContext;
***desc= (Ljavax/el/ELContext;)V
***desc= ()V
***desc= ()Ljava/lang/String;
***desc= (Ljava/lang/String;)V
***desc= ()I
***desc= ()I
***desc= (I)V
***desc= ()Z
***desc= (Z)V
***desc= (Z)V
***desc= (Lorg/activiti/engine/impl/cfg/ProcessEngineConfigurationImpl;Lorg/activiti/engine/impl/persistence/entity/data/DeploymentDataManager;)V
***desc= ()Lorg/activiti/engine/impl/persistence/entity/data/DataManager;
***desc= (Lorg/activiti/engine/impl/persistence/entity/DeploymentEntity;)V
***desc= (Ljava/lang/String;Z)V
***desc= (Ljava/lang/String;)V
***desc= (Lorg/activiti/engine/repository/ProcessDefinition;)V
***desc= (Lorg/activiti/engine/repository/ProcessDefinition;)V
***desc= (Ljava/lang/String;)V
***desc= (Ljava/lang/String;)V
***desc= (Ljava/util/List;)V
***desc= (Lorg/activiti/engine/repository/ProcessDefinition;)V
***desc= (Lorg/activiti/engine/repository/ProcessDefinition;)V
***desc= (Lorg/activiti/engine/repository/ProcessDefinition;)Lorg/activiti/engine/impl/persistence/entity/ProcessDefinitionEntity;
***desc= (Lorg/activiti/engine/repository/ProcessDefinition;)Lorg/activiti/engine/repository/ProcessDefinition;
***desc= ()V
***desc= ()Ljava/lang/Object;
***desc= ()Ljava/lang/String;
***desc= (Ljava/lang/String;)V
***desc= ()Ljava/lang/String;
***desc= (Ljava/lang/String;)V
***desc= ()Ljava/lang/String;
***desc= (Ljava/lang/String;)V
***desc= ()Ljava/lang/String;
***desc= (Ljava/lang/String;)V
***desc= ()Ljava/lang/String;
***desc= ()Ljava/lang/String;
***desc= (Ljava/lang/String;)V
***desc= ()Ljava/lang/String;
***desc= ()Ljava/lang/String;
***desc= (Ljava/lang/String;)V
***desc= ()V
***desc= ()Ljava/lang/Object;
***desc= ()I
***desc= ()Lorg/activiti/engine/impl/persistence/entity/ByteArrayRef;
***desc= ()I
***desc= (I)V
***desc= ()Ljava/lang/String;
***desc= (Ljava/lang/String;)V
***desc= ()Lorg/activiti/engine/impl/variable/VariableType;
***desc= (Lorg/activiti/engine/impl/variable/VariableType;)V
***desc= ()Ljava/lang/Long;
***desc= (Ljava/lang/Long;)V
***desc= ()Ljava/lang/Double;
***desc= (Ljava/lang/Double;)V
***desc= ()Ljava/lang/String;
***desc= (Ljava/lang/String;)V
***desc= ()Ljava/lang/String;
***desc= (Ljava/lang/String;)V
***desc= (Lorg/activiti/engine/impl/cfg/ProcessEngineConfigurationImpl;Lorg/activiti/engine/impl/persistence/entity/data/HistoricIdentityLinkDataManager;)V
***desc= (Ljava/lang/String;)Ljava/util/List;
***desc= (Ljava/lang/String;)V
***desc= (Ljava/lang/String;)V
***desc= (Lorg/activiti/engine/impl/cfg/ProcessEngineConfigurationImpl;Lorg/activiti/engine/impl/persistence/entity/data/ResourceDataManager;)V
***desc= ()Lorg/activiti/engine/impl/persistence/entity/data/DataManager;
***desc= (Ljava/lang/String;)V
***desc= ()V
***desc= ()Ljava/lang/String;
***desc= (Ljava/lang/String;)V
***desc= ()Ljava/lang/String;
***desc= (Ljava/lang/String;)V
***desc= ()Ljava/lang/String;
***desc= ()Ljava/lang/Object;
***desc= (Lorg/activiti/engine/impl/cfg/ProcessEngineConfigurationImpl;Lorg/activiti/engine/impl/persistence/entity/data/DeadLetterJobDataManager;)V
***desc= (Ljava/lang/String;)Ljava/util/List;
***desc= ()V
***desc= ()Ljava/lang/Object;
***desc= ()Ljava/lang/String;
***desc= ()Lorg/activiti/engine/impl/variable/VariableType;
***desc= (Ljava/lang/String;)V
***desc= ()Ljava/lang/Long;
***desc= (Ljava/lang/Long;)V
***desc= ()Ljava/lang/Double;
***desc= (Ljava/lang/Double;)V
***desc= ()Ljava/lang/String;
***desc= (Ljava/lang/String;)V
***desc= ()Ljava/lang/String;
***desc= (Ljava/lang/String;)V
***desc= (Lorg/activiti/engine/impl/variable/VariableType;)V
***desc= (Ljava/lang/String;)V
***desc= ()Ljava/lang/String;
***desc= ()Ljava/lang/String;
***desc= (Ljava/lang/String;)V
***desc= ()Ljava/util/Date;
***desc= (Ljava/util/Date;)V
***desc= ()Ljava/util/Date;
***desc= (Ljava/util/Date;)V
***desc= ()Ljava/lang/String;
***desc= (Ljava/lang/String;)V
***desc= ()Lorg/activiti/engine/impl/persistence/entity/ByteArrayRef;
***desc= (Lorg/activiti/engine/impl/cfg/ProcessEngineConfigurationImpl;Lorg/activiti/engine/impl/persistence/entity/data/HistoricProcessInstanceDataManager;)V
***desc= ()Lorg/activiti/engine/impl/persistence/entity/data/DataManager;
***desc= (Lorg/activiti/engine/impl/persistence/entity/ExecutionEntity;)Lorg/activiti/engine/impl/persistence/entity/HistoricProcessInstanceEntity;
***desc= (Ljava/lang/String;)V
***desc= (Ljava/lang/String;)V
***desc= (Lorg/activiti/engine/impl/HistoricProcessInstanceQueryImpl;)Ljava/util/List;
***desc= ()V
***desc= ()Ljava/lang/Object;
***desc= ()Ljava/lang/String;
***desc= (Ljava/lang/String;)V
***desc= ()Ljava/lang/String;
***desc= (Ljava/lang/String;)V
***desc= (Ljava/lang/String;)V
***desc= ()Ljava/lang/String;
***desc= ()Ljava/lang/String;
***desc= (Ljava/lang/String;)V
***desc= ()I
***desc= (I)V
***desc= ()Ljava/lang/String;
***desc= (Ljava/lang/String;)V
***desc= ()Ljava/lang/String;
***desc= (Ljava/lang/String;)V
***desc= ()Ljava/lang/String;
***desc= (Ljava/lang/String;)V
***desc= ()Ljava/lang/String;
***desc= (Ljava/lang/String;)V
***desc= ()Z
***desc= (Z)V
***desc= ()I
***desc= (I)V
***desc= ()Z
***desc= ()Ljava/lang/String;
***desc= ()V
***desc= ()Lorg/activiti/engine/impl/persistence/entity/ExecutionEntityImpl;
***desc= ()Ljava/lang/Object;
***desc= ()Lorg/activiti/bpmn/model/FlowElement;
***desc= (Lorg/activiti/bpmn/model/FlowElement;)V
***desc= ()Ljava/util/List;
***desc= (Lorg/activiti/engine/impl/persistence/entity/ExecutionEntity;)V
***desc= ()V
***desc= ()Ljava/lang/String;
***desc= (Ljava/lang/String;)V
***desc= (Ljava/lang/String;)V
***desc= ()Ljava/lang/String;
***desc= ()Ljava/lang/String;
***desc= (Ljava/lang/String;)V
***desc= ()Ljava/lang/String;
***desc= (Ljava/lang/String;)V
***desc= ()Ljava/lang/Integer;
***desc= (Ljava/lang/Integer;)V
***desc= ()Ljava/lang/String;
***desc= ()Z
***desc= ()Lorg/activiti/engine/impl/persistence/entity/ExecutionEntityImpl;
***desc= ()V
***desc= (Lorg/activiti/engine/impl/persistence/entity/ExecutionEntity;)V
***desc= ()Ljava/lang/String;
***desc= ()Lorg/activiti/engine/impl/persistence/entity/ExecutionEntityImpl;
***desc= ()V
***desc= ()Lorg/activiti/engine/impl/persistence/entity/ExecutionEntityImpl;
***desc= ()V
***desc= ()Ljava/lang/String;
***desc= (Ljava/lang/String;)V
***desc= ()Z
***desc= (Z)V
***desc= ()V
***desc= (Lorg/activiti/engine/impl/persistence/entity/VariableInstanceEntity;)V
***desc= ()Ljava/util/Collection;
***desc= ()Lorg/activiti/engine/impl/persistence/entity/VariableScopeImpl;
***desc= ()Lorg/activiti/engine/impl/persistence/entity/ExecutionEntityImpl;
***desc= (Ljava/lang/String;Ljava/lang/Object;Lorg/activiti/engine/impl/persistence/entity/ExecutionEntity;)Lorg/activiti/engine/impl/persistence/entity/VariableInstanceEntity;
***desc= (Ljava/lang/String;)Lorg/activiti/engine/impl/persistence/entity/VariableInstanceEntity;
***desc= ()Ljava/util/List;
***desc= ()V
***desc= ()Ljava/util/List;
***desc= ()V
***desc= ()V
***desc= ()Ljava/util/List;
***desc= ()Ljava/lang/String;
***desc= (Ljava/lang/String;)V
***desc= ()Ljava/lang/String;
***desc= (Ljava/lang/String;)V
***desc= ()Ljava/lang/String;
***desc= (Z)V
***desc= ()Z
***desc= (Z)V
***desc= ()I
***desc= (I)V
***desc= ()Z
***desc= ()Z
***desc= ()Z
***desc= (Z)V
***desc= ()Ljava/lang/String;
***desc= ()Ljava/lang/String;
***desc= ()Ljava/lang/String;
***desc= (Ljava/lang/String;)V
***desc= ()Z
***desc= (Z)V
***desc= ()Ljava/lang/String;
***desc= (Ljava/lang/String;)V
***desc= ()Ljava/util/Date;
***desc= (Ljava/util/Date;)V
***desc= ()I
***desc= (I)V
***desc= ()I
***desc= (I)V
***desc= ()I
***desc= (I)V
***desc= ()I
***desc= (I)V
***desc= ()I
***desc= (I)V
***desc= ()I
***desc= (I)V
***desc= ()I
***desc= (I)V
***desc= ()I
***desc= (I)V
***desc= (Lorg/activiti/engine/impl/cfg/ProcessEngineConfigurationImpl;Lorg/activiti/engine/impl/persistence/entity/data/TaskDataManager;)V
***desc= ()Lorg/activiti/engine/impl/persistence/entity/data/DataManager;
***desc= ()Lorg/activiti/engine/impl/persistence/entity/TaskEntity;
***desc= (Lorg/activiti/engine/impl/persistence/entity/TaskEntity;Z)V
***desc= (Lorg/activiti/engine/impl/persistence/entity/TaskEntity;Lorg/activiti/engine/impl/persistence/entity/ExecutionEntity;)V
***desc= (Lorg/activiti/engine/impl/persistence/entity/TaskEntity;Ljava/lang/String;ZZ)V
***desc= (Lorg/activiti/engine/impl/persistence/entity/TaskEntity;Z)V
***desc= (Ljava/lang/String;)Ljava/util/List;
***desc= (Lorg/activiti/engine/impl/TaskQueryImpl;)Ljava/util/List;
***desc= (Ljava/lang/String;)Ljava/util/List;
***desc= ()V
***desc= ()Ljava/lang/Object;
***desc= ()Ljava/util/List;
***desc= ()Lorg/activiti/engine/impl/persistence/entity/ExecutionEntity;
***desc= (Ljava/lang/String;)V
***desc= (I)V
***desc= ()Ljava/lang/String;
***desc= ()I
***desc= (I)V
***desc= ()Ljava/lang/String;
***desc= (Ljava/lang/String;)V
***desc= ()Ljava/lang/String;
***desc= (Ljava/lang/String;)V
***desc= ()Ljava/util/Date;
***desc= ()I
***desc= ()Ljava/util/Date;
***desc= (Ljava/util/Date;)V
***desc= ()Ljava/lang/String;
***desc= ()Ljava/lang/String;
***desc= ()Ljava/lang/String;
***desc= (Ljava/lang/String;)V
***desc= ()Ljava/lang/String;
***desc= ()Ljava/lang/String;
***desc= (Ljava/lang/String;)V
***desc= (Ljava/lang/String;)V
***desc= (Lorg/activiti/engine/impl/persistence/entity/ExecutionEntity;)V
***desc= (Ljava/lang/String;)V
***desc= ()Ljava/lang/String;
***desc= ()Lorg/activiti/engine/task/DelegationState;
***desc= ()Ljava/lang/String;
***desc= ()Z
***desc= (Z)V
***desc= ()Ljava/lang/String;
***desc= ()Ljava/util/Map;
***desc= ()I
***desc= (I)V
***desc= ()Ljava/lang/String;
***desc= ()Z
***desc= ()Ljava/lang/String;
***desc= (Ljava/lang/String;)V
***desc= ()Ljava/util/Date;
***desc= (Lorg/activiti/engine/impl/cfg/ProcessEngineConfigurationImpl;)V
***desc= (Ljava/lang/String;)Lorg/activiti/engine/impl/persistence/entity/Entity;
***desc= ()Lorg/activiti/engine/impl/persistence/entity/Entity;
***desc= (Lorg/activiti/engine/impl/persistence/entity/Entity;)V
***desc= (Lorg/activiti/engine/impl/persistence/entity/Entity;Z)V
***desc= (Lorg/activiti/engine/impl/persistence/entity/Entity;)V
***desc= (Lorg/activiti/engine/impl/persistence/entity/Entity;Z)V
***desc= ()Z
***desc= (Lorg/activiti/engine/impl/persistence/entity/ExecutionEntity;)Z
***desc= (Lorg/activiti/engine/impl/persistence/CountingExecutionEntity;)Z
***desc= (Lorg/activiti/engine/impl/cfg/ProcessEngineConfigurationImpl;Lorg/activiti/engine/impl/persistence/entity/data/TimerJobDataManager;)V
***desc= (Lorg/activiti/engine/impl/persistence/entity/JobEntity;Lorg/activiti/engine/delegate/VariableScope;)Lorg/activiti/engine/impl/persistence/entity/TimerJobEntity;
***desc= (Lorg/activiti/engine/impl/Page;)Ljava/util/List;
***desc= (Ljava/lang/String;Ljava/lang/String;)Ljava/util/List;
***desc= (Ljava/lang/String;Ljava/lang/String;)Ljava/util/List;
***desc= (Ljava/lang/String;)Ljava/util/List;
***desc= (Lorg/activiti/engine/impl/TimerJobQueryImpl;Lorg/activiti/engine/impl/Page;)Ljava/util/List;
***desc= (Lorg/activiti/engine/impl/persistence/entity/TimerJobEntity;)V
***desc= (Lorg/activiti/engine/impl/persistence/entity/TimerJobEntity;Z)V
***desc= (Lorg/activiti/engine/impl/persistence/entity/TimerJobEntity;Z)Z
***desc= (Lorg/activiti/engine/impl/persistence/entity/TimerJobEntity;)V
***desc= (Lorg/activiti/engine/impl/persistence/entity/TimerJobEntity;)V
***desc= (Lorg/activiti/engine/impl/persistence/entity/TimerJobEntity;)V
***desc= (Lorg/activiti/engine/impl/persistence/entity/JobEntity;)Lorg/activiti/engine/impl/persistence/entity/TimerJobEntity;
***desc= (Lorg/activiti/engine/impl/persistence/entity/JobEntity;I)V
***desc= (Lorg/activiti/engine/impl/persistence/entity/JobEntity;Ljava/util/Date;Lorg/activiti/engine/delegate/VariableScope;)Z
***desc= (Lorg/activiti/engine/impl/persistence/entity/JobEntity;Lorg/activiti/engine/delegate/VariableScope;)Ljava/util/Date;
***desc= (Lorg/activiti/engine/impl/persistence/entity/JobEntity;)I
***desc= (Ljava/lang/String;Lorg/activiti/engine/delegate/VariableScope;)Ljava/lang/String;
***desc= ()Lorg/activiti/engine/impl/persistence/entity/data/TimerJobDataManager;
***desc= (Lorg/activiti/engine/impl/cfg/ProcessEngineConfigurationImpl;Lorg/activiti/engine/impl/persistence/entity/data/PropertyDataManager;)V
***desc= ()Lorg/activiti/engine/impl/persistence/entity/data/DataManager;
***desc= (Lorg/activiti/engine/impl/cfg/ProcessEngineConfigurationImpl;Lorg/activiti/engine/impl/persistence/entity/data/EventLogEntryDataManager;)V
***desc= (Lorg/activiti/engine/impl/cfg/ProcessEngineConfigurationImpl;Lorg/activiti/engine/impl/persistence/entity/data/SuspendedJobDataManager;)V
***desc= (Ljava/lang/String;)Ljava/util/List;
***desc= ()V
***desc= (Lorg/activiti/engine/impl/cfg/ProcessEngineConfigurationImpl;Lorg/activiti/engine/impl/persistence/entity/data/ByteArrayDataManager;)V
***desc= (ILjava/lang/String;)V
***desc= ()I
***desc= ()V
***desc= ()Ljava/lang/String;
***desc= (Ljava/lang/String;)V
***desc= (Z)V
***desc= (Z)V
***desc= (Lorg/activiti/engine/impl/cfg/ProcessEngineConfigurationImpl;Lorg/activiti/engine/impl/persistence/entity/data/AttachmentDataManager;)V
***desc= (Ljava/lang/String;)Ljava/util/List;
***desc= (Ljava/lang/String;)V
***desc= ()V
***desc= (Lorg/activiti/engine/impl/cfg/ProcessEngineConfigurationImpl;Lorg/activiti/engine/impl/persistence/entity/data/CommentDataManager;)V
***desc= (Ljava/lang/String;)V
***desc= (Ljava/lang/String;)V
***desc= ()V
***desc= (Lorg/activiti/engine/impl/cfg/ProcessEngineConfigurationImpl;Lorg/activiti/engine/impl/persistence/entity/data/VariableInstanceDataManager;)V
***desc= ()Lorg/activiti/engine/impl/persistence/entity/data/DataManager;
***desc= (Ljava/lang/String;Lorg/activiti/engine/impl/variable/VariableType;Ljava/lang/Object;)Lorg/activiti/engine/impl/persistence/entity/VariableInstanceEntity;
***desc= (Lorg/activiti/engine/impl/persistence/entity/VariableInstanceEntity;Z)V
***desc= (Ljava/lang/String;)Ljava/util/List;
***desc= (Ljava/lang/String;)Ljava/util/List;
***desc= (Ljava/lang/String;Ljava/lang/String;)Lorg/activiti/engine/impl/persistence/entity/VariableInstanceEntity;
***desc= (Lorg/activiti/engine/impl/persistence/entity/VariableInstanceEntity;Z)V
***desc= (Lorg/activiti/engine/impl/persistence/entity/VariableInstanceEntity;)Lorg/activiti/engine/delegate/event/ActivitiVariableEvent;
***desc= (Lorg/activiti/engine/impl/persistence/entity/TaskEntity;)V
***desc= (Lorg/activiti/engine/impl/cfg/ProcessEngineConfigurationImpl;Lorg/activiti/engine/impl/persistence/entity/data/ProcessDefinitionDataManager;)V
***desc= ()Lorg/activiti/engine/impl/persistence/entity/data/DataManager;
***desc= (Ljava/lang/String;)Lorg/activiti/engine/impl/persistence/entity/ProcessDefinitionEntity;
***desc= (Ljava/lang/String;)V
***desc= (Lorg/activiti/engine/impl/ProcessDefinitionQueryImpl;Lorg/activiti/engine/impl/Page;)Ljava/util/List;
***desc= ()V
***desc= (Lorg/activiti/engine/impl/persistence/entity/TaskEntity;Lorg/activiti/engine/impl/persistence/entity/ExecutionEntity;)V
***desc= ()Ljava/lang/Object;
***desc= ()Ljava/lang/String;
***desc= (Ljava/lang/String;)V
***desc= ()Ljava/lang/String;
***desc= (Ljava/lang/String;)V
***desc= (Ljava/lang/String;)V
***desc= ()Ljava/lang/String;
***desc= (Ljava/lang/String;)V
***desc= ()Ljava/lang/String;
***desc= ()Ljava/lang/String;
***desc= (Ljava/lang/String;)V
***desc= ()Ljava/util/Date;
***desc= ()Ljava/lang/String;
***desc= ()I
***desc= (I)V
***desc= ()Ljava/util/Date;
***desc= (Ljava/util/Date;)V
***desc= ()Ljava/lang/String;
***desc= (Ljava/lang/String;)V
***desc= ()Ljava/lang/String;
***desc= ()Ljava/lang/String;
***desc= ()Ljava/util/Date;
***desc= ()Ljava/lang/String;
***desc= (Ljava/lang/String;)V
***desc= ()V
***desc= (Lorg/activiti/engine/impl/persistence/entity/ResourceEntity;)V
***desc= ()Ljava/util/Map;
***desc= ()Ljava/lang/Object;
***desc= (Ljava/lang/Object;)V
***desc= ()Ljava/lang/String;
***desc= (Ljava/lang/String;)V
***desc= ()Ljava/lang/String;
***desc= ()Ljava/lang/String;
***desc= ()Ljava/lang/String;
***desc= (Ljava/lang/String;)V
***desc= ()Ljava/util/Date;
***desc= (Ljava/util/Date;)V
***desc= ()Z
***desc= (Z)V
***desc= ()Ljava/lang/String;
***desc= (Lorg/activiti/engine/impl/cfg/ProcessEngineConfigurationImpl;Lorg/activiti/engine/impl/persistence/entity/data/JobDataManager;)V
***desc= ()Lorg/activiti/engine/impl/persistence/entity/data/DataManager;
***desc= (Lorg/activiti/engine/impl/persistence/entity/JobEntity;)Z
***desc= (Lorg/activiti/engine/impl/persistence/entity/JobEntity;Z)Z
***desc= (Lorg/activiti/engine/impl/Page;)Ljava/util/List;
***desc= (Ljava/lang/String;)Ljava/util/List;
***desc= (Lorg/activiti/engine/impl/Page;)Ljava/util/List;
***desc= (Lorg/activiti/engine/impl/JobQueryImpl;Lorg/activiti/engine/impl/Page;)Ljava/util/List;
***desc= (Lorg/activiti/engine/impl/persistence/entity/JobEntity;)V
***desc= (Lorg/activiti/engine/impl/persistence/entity/JobEntity;Z)V
***desc= (Lorg/activiti/engine/impl/persistence/entity/JobEntity;)V
***desc= (Lorg/activiti/engine/impl/persistence/entity/JobEntity;)V
***desc= (Lorg/activiti/engine/impl/cfg/ProcessEngineConfigurationImpl;Lorg/activiti/engine/impl/persistence/entity/data/ModelDataManager;)V
***desc= (Lorg/activiti/engine/impl/ModelQueryImpl;Lorg/activiti/engine/impl/Page;)Ljava/util/List;
***desc= (Lorg/activiti/engine/impl/cfg/ProcessEngineConfigurationImpl;Lorg/activiti/engine/impl/persistence/entity/data/IdentityLinkDataManager;)V
***desc= (Ljava/lang/String;)Ljava/util/List;
***desc= (Ljava/lang/String;)Ljava/util/List;
***desc= (Ljava/lang/String;)V
***desc= (Ljava/lang/String;)V
***desc= (Lorg/activiti/engine/impl/cfg/ProcessEngineConfigurationImpl;Lorg/activiti/engine/impl/persistence/entity/data/HistoricVariableInstanceDataManager;)V
***desc= ()Lorg/activiti/engine/impl/persistence/entity/data/DataManager;
***desc= (Lorg/activiti/engine/impl/persistence/entity/VariableInstanceEntity;)Lorg/activiti/engine/impl/persistence/entity/HistoricVariableInstanceEntity;
***desc= (Lorg/activiti/engine/impl/persistence/entity/HistoricVariableInstanceEntity;Lorg/activiti/engine/impl/persistence/entity/VariableInstanceEntity;)V
***desc= (Lorg/activiti/engine/impl/persistence/entity/HistoricVariableInstanceEntity;Z)V
***desc= (Ljava/lang/String;)V
***desc= (Ljava/lang/String;)V
***desc= ()V
***desc= (Ljava/lang/String;)V
***desc= ()Ljava/lang/String;
***desc= ()Ljava/lang/String;
***desc= ()Ljava/util/Date;
***desc= ()Ljava/util/Date;
***desc= ()Ljava/lang/Long;
***desc= (Ljava/lang/String;)V
***desc= (Ljava/lang/String;)V
***desc= (Ljava/util/Date;)V
***desc= (Ljava/util/Date;)V
***desc= (Ljava/lang/Long;)V
***desc= ()Ljava/lang/String;
***desc= ()V
***desc= ()Ljava/lang/String;
***desc= (Ljava/lang/String;)V
***desc= ()Ljava/lang/String;
***desc= ()Ljava/lang/String;
***desc= (Ljava/lang/String;)V
***desc= ()Ljava/lang/String;
***desc= (Ljava/lang/String;)V
***desc= ()Ljava/util/Date;
***desc= (Ljava/util/Date;)V
***desc= (Lorg/activiti/engine/impl/RepositoryServiceImpl;)V
***desc= (Lorg/activiti/engine/impl/RepositoryServiceImpl;Lorg/activiti/engine/impl/persistence/entity/DeploymentEntity;Lorg/activiti/engine/impl/persistence/entity/ResourceEntityManager;)V
***desc= (Ljava/lang/String;Ljava/io/InputStream;)Lorg/activiti/engine/repository/DeploymentBuilder;
***desc= (Ljava/lang/String;)Lorg/activiti/engine/repository/DeploymentBuilder;
***desc= (Ljava/lang/String;)Lorg/activiti/engine/repository/DeploymentBuilder;
***desc= ()Lorg/activiti/engine/repository/Deployment;
***desc= ()Lorg/activiti/engine/impl/persistence/entity/DeploymentEntity;
***desc= ()Z
***desc= ()Z
***desc= ()Z
***desc= ()Ljava/util/Date;
***desc= ()V
***desc= ()Ljava/lang/Class;
***desc= ()Ljava/lang/String;
***desc= ()V
***desc= ()Ljava/lang/Class;
***desc= ()Ljava/lang/String;
***desc= ()V
***desc= (Ljavax/xml/stream/XMLStreamReader;Lorg/activiti/bpmn/model/BpmnModel;Lorg/activiti/bpmn/model/Process;Ljava/util/List;)V
***desc= (Ljava/lang/String;Lorg/activiti/bpmn/model/BaseElement;Lorg/activiti/bpmn/model/BpmnModel;Ljavax/xml/stream/XMLStreamReader;)V
***desc= (Ljava/lang/String;Lorg/activiti/bpmn/model/BaseElement;Ljava/util/Map;Lorg/activiti/bpmn/model/BpmnModel;Ljavax/xml/stream/XMLStreamReader;)V
***desc= (Ljavax/xml/stream/XMLStreamReader;)Z
***desc= (Ljavax/xml/stream/XMLStreamReader;)Z
***desc= (Ljavax/xml/stream/XMLStreamReader;)Z
***desc= ()V
***desc= ()V
***desc= ()Ljava/lang/Class;
***desc= ()Ljava/lang/String;
***desc= ()V
***desc= ()Ljava/lang/Class;
***desc= ()Ljava/lang/String;
***desc= ()V
***desc= ()Ljava/lang/Class;
***desc= ()Ljava/lang/String;
***desc= (Ljavax/xml/stream/XMLStreamReader;Lorg/activiti/bpmn/model/BpmnModel;)Lorg/activiti/bpmn/model/BaseElement;
***desc= ()V
***desc= ()Ljava/lang/Class;
***desc= ()Ljava/lang/String;
***desc= (Ljavax/xml/stream/XMLStreamReader;Lorg/activiti/bpmn/model/BpmnModel;)Lorg/activiti/bpmn/model/BaseElement;
***desc= ()V
***desc= (Lorg/activiti/bpmn/converter/UserTaskXMLConverter;)V
***desc= ()Ljava/lang/String;
***desc= ()V
***desc= ()Ljava/lang/Class;
***desc= ()Ljava/lang/String;
***desc= ()V
***desc= ()Ljava/lang/Class;
***desc= ()Ljava/lang/String;
***desc= ()V
***desc= ()Ljava/lang/Class;
***desc= ()Ljava/lang/String;
***desc= ()V
***desc= ()Ljava/lang/Class;
***desc= ()Ljava/lang/String;
***desc= ()V
***desc= ()Ljava/lang/Class;
***desc= ()Ljava/lang/String;
***desc= (Lorg/activiti/bpmn/converter/CallActivityXMLConverter;)V
***desc= ()Ljava/lang/String;
***desc= ()V
***desc= ()Ljava/lang/Class;
***desc= ()Ljava/lang/String;
***desc= ()V
***desc= ()Ljava/lang/Class;
***desc= ()Ljava/lang/String;
***desc= (Ljavax/xml/stream/XMLStreamReader;Lorg/activiti/bpmn/model/BpmnModel;)Lorg/activiti/bpmn/model/BaseElement;
***desc= ()V
***desc= ()Ljava/lang/Class;
***desc= ()Ljava/lang/String;
***desc= ()V
***desc= ()Ljava/lang/Class;
***desc= ()Ljava/lang/String;
***desc= ()V
***desc= ()Ljava/lang/Class;
***desc= ()Ljava/lang/String;
***desc= (Ljavax/xml/stream/XMLStreamReader;Lorg/activiti/bpmn/model/BpmnModel;)Lorg/activiti/bpmn/model/BaseElement;
***desc= ()V
***desc= (Lorg/activiti/bpmn/converter/BaseBpmnXMLConverter;)V
***desc= (Lorg/activiti/bpmn/converter/BaseBpmnXMLConverter;Ljava/lang/Class;)V
***desc= (Lorg/activiti/bpmn/converter/util/InputStreamProvider;)V
***desc= ()Ljavax/xml/validation/Schema;
***desc= (Lorg/activiti/bpmn/converter/util/InputStreamProvider;ZZLjava/lang/String;)Lorg/activiti/bpmn/model/BpmnModel;
***desc= (Ljavax/xml/stream/XMLStreamReader;)Lorg/activiti/bpmn/model/BpmnModel;
***desc= (Ljava/util/Collection;Lorg/activiti/bpmn/model/BaseElement;)V
***desc= (Ljava/lang/String;Lorg/activiti/bpmn/model/BaseElement;)Lorg/activiti/bpmn/model/FlowNode;
***desc= ()V
***desc= (Lorg/activiti/bpmn/converter/UserTaskXMLConverter;)V
***desc= ()Ljava/lang/String;
***desc= ()V
***desc= ()Ljava/lang/Class;
***desc= ()Ljava/lang/String;
***desc= ()V
***desc= ()Ljava/lang/Class;
***desc= ()Ljava/lang/String;
***desc= ()V
***desc= ()Ljava/lang/Class;
***desc= ()Ljava/lang/String;
***desc= (Ljavax/xml/stream/XMLStreamReader;Lorg/activiti/bpmn/model/BpmnModel;)Lorg/activiti/bpmn/model/BaseElement;
***desc= ()V
***desc= ()Ljava/lang/Class;
***desc= ()Ljava/lang/String;
***desc= ()V
***desc= ()Ljava/lang/Class;
***desc= ()Ljava/lang/String;
***desc= (Ljavax/xml/stream/XMLStreamReader;Lorg/activiti/bpmn/model/BpmnModel;)Lorg/activiti/bpmn/model/BaseElement;
***desc= (Lorg/activiti/bpmn/converter/CallActivityXMLConverter;)V
***desc= ()Ljava/lang/String;
***desc= ()V
***desc= ()Ljava/lang/Class;
***desc= ()Ljava/lang/String;
***desc= ()V
***desc= ()Ljava/lang/String;
***desc= ()V
***desc= ()Ljava/lang/Class;
***desc= ()Ljava/lang/String;
***desc= (Lorg/activiti/bpmn/converter/UserTaskXMLConverter;)V
***desc= ()Ljava/lang/String;
***desc= (Ljava/lang/String;Ljava/lang/Object;)V
***desc= (Lorg/apache/ibatis/session/SqlSession;)V
***desc= ()V
***desc= ()Ljava/lang/String;
***desc= ()V
***desc= (I)V
***desc= (Lorg/activiti/engine/impl/interceptor/CommandExecutor;)V
***desc= (Lorg/activiti/engine/impl/interceptor/CommandConfig;)V
***desc= (Lorg/activiti/engine/impl/db/DbSqlSessionFactory;Lorg/activiti/engine/impl/persistence/cache/EntityCache;)V
***desc= (Lorg/activiti/engine/impl/persistence/entity/Entity;)V
***desc= (Ljava/lang/String;Ljava/lang/Object;)I
***desc= (Ljava/lang/String;Ljava/lang/Object;Ljava/lang/Class;)V
***desc= (Lorg/activiti/engine/impl/persistence/entity/Entity;)V
***desc= (Ljava/lang/String;Ljava/lang/Object;)Ljava/util/List;
***desc= (Ljava/lang/String;Ljava/lang/Object;Z)Ljava/util/List;
***desc= (Ljava/lang/String;Ljava/lang/Object;Lorg/activiti/engine/impl/Page;)Ljava/util/List;
***desc= (Ljava/lang/String;Ljava/lang/Object;Lorg/activiti/engine/impl/Page;Z)Ljava/util/List;
***desc= (Ljava/lang/String;Lorg/activiti/engine/impl/db/ListQueryParameterObject;Lorg/activiti/engine/impl/Page;)Ljava/util/List;
***desc= (Ljava/lang/String;Lorg/activiti/engine/impl/db/ListQueryParameterObject;Lorg/activiti/engine/impl/Page;Z)Ljava/util/List;
***desc= (Ljava/lang/String;Ljava/lang/Object;II)Ljava/util/List;
***desc= (Ljava/lang/String;Ljava/lang/Object;IIZ)Ljava/util/List;
***desc= (Ljava/lang/String;Lorg/activiti/engine/impl/db/ListQueryParameterObject;)Ljava/util/List;
***desc= (Ljava/lang/String;Lorg/activiti/engine/impl/db/ListQueryParameterObject;Z)Ljava/util/List;
***desc= (Ljava/lang/String;Ljava/lang/Object;IIZ)Ljava/util/List;
***desc= (Ljava/lang/String;Ljava/lang/Object;)Ljava/lang/Object;
***desc= (Ljava/lang/Class;Ljava/lang/String;Z)Lorg/activiti/engine/impl/persistence/entity/Entity;
***desc= (Ljava/util/List;)Ljava/util/List;
***desc= (Lorg/activiti/engine/impl/persistence/entity/Entity;)Lorg/activiti/engine/impl/persistence/entity/Entity;
***desc= ()V
***desc= ()V
***desc= ()V
***desc= (Lorg/activiti/engine/impl/persistence/entity/Entity;)Z
***desc= (Lorg/activiti/engine/impl/persistence/entity/Entity;)Z
***desc= ()V
***desc= (Ljava/lang/Class;Ljava/util/Collection;)V
***desc= (Lorg/activiti/engine/impl/persistence/entity/Entity;Ljava/lang/Class;)V
***desc= (Ljava/util/Collection;Ljava/lang/Class;)V
***desc= (Lorg/activiti/engine/impl/persistence/entity/Entity;)V
***desc= ()V
***desc= ()V
***desc= (Ljava/lang/Class;)V
***desc= (Ljava/lang/Class;Ljava/util/Collection;)V
***desc= ()V
***desc= ()V
***desc= ()V
***desc= ()V
***desc= ()V
***desc= ()V
***desc= (Ljava/lang/String;Ljava/lang/String;)V
***desc= ()Z
***desc= (Ljava/lang/String;)Z
***desc= (Ljava/lang/String;)Ljava/lang/String;
***desc= (Ljava/lang/String;Ljava/lang/String;Ljava/lang/String;)Ljava/lang/String;
***desc= (Ljava/lang/String;Ljava/lang/String;Ljava/lang/String;Z)V
***desc= (Ljava/lang/String;Ljava/lang/String;Ljava/lang/String;Ljava/io/InputStream;)V
***desc= (Ljava/lang/String;Ljava/lang/String;)Ljava/lang/String;
***desc= (Ljava/io/BufferedReader;)Ljava/lang/String;
***desc= ()V
***desc= ()Z
***desc= ()Z
***desc= ()Lorg/apache/ibatis/session/SqlSession;
***desc= ()Lorg/activiti/engine/impl/db/DbSqlSessionFactory;
***desc= ()V
***desc= ()V
***desc= (Ljava/lang/Object;II)V
***desc= ()I
***desc= ()I
***desc= ()Ljava/lang/Object;
***desc= (I)V
***desc= (I)V
***desc= ()Ljava/lang/String;
***desc= ()V
***desc= ()Ljava/lang/Class;
***desc= (Lorg/activiti/engine/impl/interceptor/CommandContext;)Lorg/activiti/engine/impl/interceptor/Session;
***desc= (Lorg/activiti/engine/impl/persistence/entity/Entity;)Ljava/lang/String;
***desc= (Ljava/lang/Class;)Ljava/lang/String;
***desc= (Lorg/activiti/engine/impl/persistence/entity/Entity;)Ljava/lang/String;
***desc= (Ljava/lang/Class;)Ljava/lang/String;
***desc= (Ljava/lang/Class;)Ljava/lang/String;
***desc= (Ljava/lang/Class;Ljava/util/Map;Ljava/lang/String;)Ljava/lang/String;
***desc= (Ljava/lang/String;)Ljava/lang/String;
***desc= (Ljava/lang/String;)V
***desc= (ZLjava/lang/String;)V
***desc= (Ljava/lang/String;)V
***desc= (Ljava/lang/Class;)Ljava/lang/Boolean;
***desc= ()Lorg/apache/ibatis/session/SqlSessionFactory;
***desc= (Lorg/apache/ibatis/session/SqlSessionFactory;)V
***desc= ()Lorg/activiti/engine/impl/cfg/IdGenerator;
***desc= (Lorg/activiti/engine/impl/cfg/IdGenerator;)V
***desc= ()Ljava/lang/String;
***desc= ()Z
***desc= (Z)V
***desc= (Ljava/lang/String;)V
***desc= ()Ljava/lang/String;
***desc= ()Ljava/lang/String;
***desc= (Ljava/lang/String;)V
***desc= ()Ljava/lang/String;
***desc= (Ljava/lang/String;)V
***desc= (Z)V
***desc= ()Z
***desc= ()I
***desc= (I)V
***desc= ()V
***desc= ()V
***desc= (Ljava/sql/ResultSet;Ljava/lang/String;)Lorg/activiti/engine/impl/variable/VariableType;
***desc= (Ljava/sql/PreparedStatement;ILorg/activiti/engine/impl/variable/VariableType;Lorg/apache/ibatis/type/JdbcType;)V
***desc= ()Lorg/activiti/engine/impl/variable/VariableTypes;
***desc= (Ljava/lang/String;)V
***desc= (Ljava/lang/String;Ljava/util/List;)V
***desc= (JJ)V
***desc= ()J
***desc= ()J
***desc= ()V
***desc= ()V
***desc= (Ljava/io/InputStream;)Lorg/activiti/engine/ProcessEngineConfiguration;
***desc= (Ljava/io/InputStream;Ljava/lang/String;)Lorg/activiti/engine/ProcessEngineConfiguration;
***desc= ()Ljava/lang/String;
***desc= ()Ljava/lang/String;
***desc= (Ljava/lang/String;)Lorg/activiti/engine/ProcessEngineConfiguration;
***desc= (I)Lorg/activiti/engine/ProcessEngineConfiguration;
***desc= (Ljava/util/Map;)Lorg/activiti/engine/ProcessEngineConfiguration;
***desc= ()Ljava/lang/String;
***desc= ()Ljava/lang/String;
***desc= (Ljava/lang/String;)Lorg/activiti/engine/ProcessEngineConfiguration;
***desc= (Ljava/lang/String;)Lorg/activiti/engine/ProcessEngineConfiguration;
***desc= (Ljava/lang/String;)Lorg/activiti/engine/ProcessEngineConfiguration;
***desc= (Ljava/lang/String;)Lorg/activiti/engine/ProcessEngineConfiguration;
***desc= (Ljava/lang/String;)Lorg/activiti/engine/ProcessEngineConfiguration;
***desc= ()Lorg/activiti/engine/impl/history/HistoryLevel;
***desc= (Z)Lorg/activiti/engine/ProcessEngineConfiguration;
***desc= ()Ljava/lang/ClassLoader;
***desc= ()Lorg/activiti/engine/ProcessEngineLifecycleListener;
***desc= ()Ljava/lang/String;
***desc= ()Ljava/lang/String;
***desc= ()Ljava/lang/String;
***desc= ()Ljava/lang/String;
***desc= ()Lorg/activiti/engine/runtime/Clock;
***desc= ()Lorg/activiti/engine/impl/asyncexecutor/AsyncExecutor;
***desc= (Lorg/activiti/engine/impl/asyncexecutor/AsyncExecutor;)Lorg/activiti/engine/ProcessEngineConfiguration;
***desc= (I)Lorg/activiti/engine/ProcessEngineConfiguration;
***desc= ()Z
***desc= (Z)Lorg/activiti/engine/ProcessEngineConfiguration;
***desc= ()Lorg/activiti/engine/ActivitiEngineAgendaFactory;
***desc= ()V
***desc= (Lorg/activiti/engine/ProcessEngine;)V
***desc= (Ljava/net/URL;)Lorg/activiti/engine/ProcessEngineInfo;
***desc= (Ljava/net/URL;)Lorg/activiti/engine/ProcessEngine;
***desc= ()Lorg/activiti/engine/ProcessEngine;
***desc= (Ljava/lang/String;)Lorg/activiti/engine/ProcessEngine;
***desc= ()V
***desc= ()Z
***desc= (Z)V
***desc= ()V
***desc= (Lorg/activiti/engine/impl/cfg/ProcessEngineConfigurationImpl;)V
***desc= (Ljava/lang/String;)V
***desc= ()Lorg/activiti/engine/task/TaskQuery;
***desc= (Lorg/activiti/engine/impl/cfg/ProcessEngineConfigurationImpl;)V
***desc= (Ljava/lang/String;)Lcom/fasterxml/jackson/databind/node/ObjectNode;
***desc= (Ljava/lang/String;Lcom/fasterxml/jackson/databind/node/ObjectNode;)Lcom/fasterxml/jackson/databind/node/ObjectNode;
***desc= (Lcom/fasterxml/jackson/databind/node/ObjectNode;)Lcom/fasterxml/jackson/databind/node/ObjectNode;
***desc= (Lorg/activiti/engine/impl/interceptor/CommandExecutor;Ljava/lang/String;)V
***desc= (Lorg/activiti/engine/impl/interceptor/CommandContext;Lorg/activiti/engine/impl/Page;)Ljava/util/List;
***desc= (Ljava/lang/String;)Lorg/activiti/engine/impl/HistoricTaskInstanceQueryImpl;
***desc= ()V
***desc= (Lorg/activiti/engine/history/HistoricTaskInstance;)V
***desc= ()V
***desc= ()Ljava/util/List;
***desc= ()Ljava/lang/String;
***desc= ()Ljava/util/List;
***desc= ()Ljava/lang/String;
***desc= ()Ljava/lang/String;
***desc= ()Ljava/lang/String;
***desc= ()Ljava/lang/String;
***desc= ()Ljava/lang/String;
***desc= ()Ljava/util/List;
***desc= ()Ljava/lang/String;
***desc= ()Ljava/lang/String;
***desc= ()Ljava/util/List;
***desc= ()Ljava/util/List;
***desc= ()Ljava/lang/String;
***desc= ()Ljava/util/List;
***desc= ()Ljava/lang/String;
***desc= ()Ljava/lang/String;
***desc= ()Ljava/lang/Integer;
***desc= ()Ljava/lang/Integer;
***desc= ()Ljava/lang/Integer;
***desc= ()Z
***desc= ()Z
***desc= ()Ljava/util/Date;
***desc= ()Ljava/util/Date;
***desc= ()Ljava/util/Date;
***desc= ()Z
***desc= ()Ljava/util/Date;
***desc= ()Ljava/util/Date;
***desc= ()Ljava/util/Date;
***desc= ()Ljava/util/Date;
***desc= ()Ljava/util/Date;
***desc= ()Ljava/lang/String;
***desc= ()Ljava/lang/String;
***desc= ()Ljava/lang/String;
***desc= ()Z
***desc= ()Z
***desc= ()Z
***desc= ()Ljava/lang/String;
***desc= ()Ljava/lang/String;
***desc= ()Ljava/util/List;
***desc= ()Ljava/util/List;
***desc= ()Ljava/lang/String;
***desc= ()Ljava/lang/String;
***desc= ()Ljava/lang/String;
***desc= ()Ljava/lang/String;
***desc= ()Ljava/util/List;
***desc= ()Ljava/lang/String;
***desc= ()Ljava/lang/String;
***desc= ()Ljava/lang/String;
***desc= ()Ljava/lang/String;
***desc= ()Ljava/lang/String;
***desc= ()Ljava/lang/String;
***desc= ()Ljava/lang/String;
***desc= ()Ljava/util/Date;
***desc= ()Ljava/lang/String;
***desc= ()Ljava/lang/String;
***desc= ()Ljava/util/List;
***desc= ()Ljava/lang/String;
***desc= ()Ljava/lang/String;
***desc= ()Ljava/lang/String;
***desc= ()Ljava/lang/String;
***desc= ()Ljava/lang/String;
***desc= ()Ljava/lang/String;
***desc= ()Ljava/util/List;
***desc= ()V
***desc= ()V
***desc= (Ljava/lang/String;)Lorg/activiti/engine/impl/ProcessDefinitionQueryImpl;
***desc= (Ljava/lang/String;)Lorg/activiti/engine/impl/ProcessDefinitionQueryImpl;
***desc= (Ljava/lang/Integer;)Lorg/activiti/engine/repository/ProcessDefinitionQuery;
***desc= (Ljava/lang/Integer;)V
***desc= ()Lorg/activiti/engine/repository/ProcessDefinitionQuery;
***desc= ()Lorg/activiti/engine/repository/ProcessDefinitionQuery;
***desc= (Lorg/activiti/engine/impl/interceptor/CommandContext;Lorg/activiti/engine/impl/Page;)Ljava/util/List;
***desc= ()V
***desc= ()Ljava/lang/String;
***desc= ()Ljava/util/Set;
***desc= ()Ljava/lang/String;
***desc= ()Ljava/util/Set;
***desc= ()Ljava/lang/String;
***desc= ()Ljava/lang/String;
***desc= ()Ljava/lang/String;
***desc= ()Ljava/lang/String;
***desc= ()Ljava/util/Set;
***desc= ()Ljava/lang/Integer;
***desc= ()Ljava/lang/Integer;
***desc= ()Ljava/lang/Integer;
***desc= ()Ljava/lang/Integer;
***desc= ()Ljava/lang/Integer;
***desc= ()Z
***desc= ()Ljava/lang/String;
***desc= ()Ljava/lang/String;
***desc= ()Ljava/lang/String;
***desc= ()Ljava/lang/String;
***desc= ()Lorg/activiti/engine/impl/persistence/entity/SuspensionState;
***desc= ()Ljava/lang/String;
***desc= ()Ljava/lang/String;
***desc= ()Ljava/lang/String;
***desc= ()Z
***desc= ()Ljava/lang/String;
***desc= ()Ljava/lang/String;
***desc= ()V
***desc= (Ljava/lang/String;)V
***desc= ()Ljava/lang/String;
***desc= ()V
***desc= ()V
***desc= (Lorg/activiti/engine/impl/cfg/ProcessEngineConfigurationImpl;)V
***desc= (Lorg/activiti/engine/impl/interceptor/CommandExecutor;)V
***desc= ()V
***desc= (Lorg/activiti/engine/impl/interceptor/CommandContext;)Ljava/lang/Object;
***desc= ()V
***desc= (Ljava/lang/String;)Lorg/activiti/engine/repository/ModelQuery;
***desc= (Lorg/activiti/engine/impl/interceptor/CommandContext;Lorg/activiti/engine/impl/Page;)Ljava/util/List;
***desc= ()Ljava/lang/String;
***desc= ()Ljava/lang/String;
***desc= ()Ljava/lang/String;
***desc= ()Ljava/lang/Integer;
***desc= ()Ljava/lang/String;
***desc= ()Ljava/lang/String;
***desc= ()Ljava/lang/String;
***desc= ()Ljava/lang/String;
***desc= ()Z
***desc= ()Ljava/lang/String;
***desc= ()Z
***desc= ()Z
***desc= ()Ljava/lang/String;
***desc= ()Ljava/lang/String;
***desc= ()Z
***desc= (Lorg/activiti/engine/impl/interceptor/CommandExecutor;)V
***desc= (Lorg/activiti/engine/impl/interceptor/CommandContext;Lorg/activiti/engine/impl/Page;)Ljava/util/List;
***desc= (Ljava/lang/String;)Lorg/activiti/engine/impl/HistoricActivityInstanceQueryImpl;
***desc= ()Ljava/lang/String;
***desc= ()Ljava/lang/String;
***desc= ()Z
***desc= ()Ljava/lang/String;
***desc= ()Ljava/lang/String;
***desc= ()Ljava/lang/String;
***desc= ()Ljava/lang/String;
***desc= ()Ljava/lang/String;
***desc= ()Ljava/lang/String;
***desc= ()Ljava/lang/String;
***desc= ()Z
***desc= ()Z
***desc= ()Ljava/lang/String;
***desc= ()Ljava/lang/String;
***desc= ()Ljava/lang/String;
***desc= (Lorg/activiti/engine/impl/interceptor/CommandExecutor;)V
***desc= (Lorg/activiti/engine/impl/interceptor/CommandContext;Lorg/activiti/engine/impl/Page;)Ljava/util/List;
***desc= ()Ljava/lang/String;
***desc= ()Ljava/lang/String;
***desc= ()Z
***desc= ()Z
***desc= ()Ljava/lang/String;
***desc= ()Ljava/lang/String;
***desc= ()Ljava/lang/String;
***desc= ()Z
***desc= ()Ljava/lang/String;
***desc= ()Ljava/lang/String;
***desc= ()Ljava/util/Date;
***desc= ()Ljava/util/Date;
***desc= ()Ljava/util/Date;
***desc= ()Ljava/util/Date;
***desc= ()V
***desc= (Ljava/lang/String;)Lorg/activiti/engine/runtime/ProcessInstance;
***desc= (Ljava/lang/String;Ljava/lang/String;Ljava/lang/Object;)V
***desc= ()Lorg/activiti/engine/runtime/ProcessInstanceQuery;
***desc= ()V
***desc= ()Lorg/activiti/engine/repository/DeploymentBuilder;
***desc= (Lorg/activiti/engine/impl/repository/DeploymentBuilderImpl;)Lorg/activiti/engine/repository/Deployment;
***desc= (Ljava/lang/String;Z)V
***desc= (Ljava/lang/String;Ljava/lang/String;Ljava/lang/String;)V
***desc= (Lorg/activiti/engine/impl/interceptor/CommandExecutor;Ljava/lang/String;)V
***desc= ()Ljava/util/List;
***desc= ()V
***desc= (Lorg/activiti/engine/impl/interceptor/CommandContext;Lorg/activiti/engine/impl/Page;)Ljava/util/List;
***desc= (Lorg/activiti/engine/task/Task;)V
***desc= ()Ljava/lang/String;
***desc= ()Ljava/lang/String;
***desc= ()Ljava/util/List;
***desc= ()Ljava/util/List;
***desc= ()Ljava/lang/String;
***desc= ()Z
***desc= ()Lorg/activiti/engine/task/DelegationState;
***desc= ()Z
***desc= ()Ljava/lang/String;
***desc= ()Ljava/lang/String;
***desc= ()Ljava/util/List;
***desc= ()Ljava/lang/String;
***desc= ()Ljava/lang/String;
***desc= ()Ljava/lang/String;
***desc= ()Ljava/lang/String;
***desc= ()Ljava/lang/Integer;
***desc= ()Ljava/util/Date;
***desc= ()Ljava/util/Date;
***desc= ()Ljava/util/Date;
***desc= ()Ljava/lang/String;
***desc= ()Ljava/lang/String;
***desc= ()Ljava/lang/String;
***desc= ()Ljava/lang/String;
***desc= ()Ljava/lang/String;
***desc= ()Ljava/lang/String;
***desc= ()Z
***desc= ()Ljava/lang/String;
***desc= ()Ljava/lang/String;
***desc= ()Z
***desc= ()Ljava/util/List;
***desc= ()Ljava/lang/Integer;
***desc= ()Ljava/lang/Integer;
***desc= ()Ljava/lang/String;
***desc= ()Ljava/util/List;
***desc= ()Ljava/lang/String;
***desc= ()Ljava/util/List;
***desc= ()Ljava/lang/String;
***desc= ()Ljava/lang/String;
***desc= ()Ljava/lang/String;
***desc= ()Ljava/lang/String;
***desc= ()Ljava/lang/String;
***desc= ()Ljava/util/List;
***desc= ()Ljava/lang/String;
***desc= ()Ljava/util/List;
***desc= ()Ljava/util/List;
***desc= ()Ljava/lang/String;
***desc= ()Ljava/util/List;
***desc= ()Ljava/lang/String;
***desc= ()Ljava/util/Date;
***desc= ()Ljava/util/Date;
***desc= ()Ljava/util/Date;
***desc= ()Z
***desc= ()Lorg/activiti/engine/impl/persistence/entity/SuspensionState;
***desc= ()Z
***desc= ()Ljava/lang/String;
***desc= ()Ljava/lang/String;
***desc= ()Ljava/lang/String;
***desc= ()Ljava/lang/String;
***desc= ()Ljava/lang/String;
***desc= ()Ljava/lang/String;
***desc= ()V
***desc= (Lorg/activiti/engine/impl/interceptor/CommandExecutor;)V
***desc= ()Lorg/activiti/engine/history/HistoricProcessInstanceQuery;
***desc= (Lorg/activiti/engine/impl/interceptor/CommandContext;Lorg/activiti/engine/impl/Page;)Ljava/util/List;
***desc= (Lorg/activiti/engine/history/HistoricProcessInstance;Lorg/activiti/engine/impl/interceptor/CommandContext;)V
***desc= ()V
***desc= ()V
***desc= ()Ljava/lang/String;
***desc= ()Ljava/lang/String;
***desc= ()Ljava/lang/String;
***desc= ()Ljava/util/List;
***desc= ()Ljava/lang/String;
***desc= ()Ljava/lang/String;
***desc= ()Ljava/lang/Integer;
***desc= ()Ljava/lang/String;
***desc= ()Ljava/util/Set;
***desc= ()Ljava/lang/String;
***desc= ()Ljava/lang/String;
***desc= ()Z
***desc= ()Ljava/util/List;
***desc= ()Ljava/util/Date;
***desc= ()Ljava/util/Date;
***desc= ()Ljava/util/Date;
***desc= ()Ljava/util/Date;
***desc= ()Ljava/lang/String;
***desc= ()Ljava/lang/String;
***desc= ()Ljava/lang/String;
***desc= ()Ljava/lang/String;
***desc= ()Ljava/util/List;
***desc= ()Z
***desc= ()Z
***desc= ()Z
***desc= ()Z
***desc= ()Ljava/lang/String;
***desc= ()Ljava/lang/String;
***desc= ()Z
***desc= ()Ljava/lang/String;
***desc= ()Ljava/util/List;
***desc= ()V
***desc= ()Ljava/util/Map;
***desc= ()Lorg/activiti/engine/runtime/JobQuery;
***desc= ()Lorg/activiti/engine/runtime/TimerJobQuery;
***desc= (Lorg/activiti/engine/impl/interceptor/CommandExecutor;)V
***desc= ()V
***desc= ()Ljava/util/List;
***desc= (Lorg/activiti/engine/impl/cfg/ProcessEngineConfigurationImpl;)V
***desc= ()Ljava/lang/String;
***desc= ()Lorg/activiti/engine/ManagementService;
***desc= ()Lorg/activiti/engine/TaskService;
***desc= ()Lorg/activiti/engine/HistoryService;
***desc= ()Lorg/activiti/engine/RuntimeService;
***desc= ()Lorg/activiti/engine/RepositoryService;
***desc= ()Lorg/activiti/engine/DynamicBpmnService;
***desc= ()Lorg/activiti/engine/impl/cfg/ProcessEngineConfigurationImpl;
***desc= ()V
***desc= (Lorg/activiti/engine/impl/cfg/ProcessEngineConfigurationImpl;)V
***desc= ()Lorg/activiti/engine/history/HistoricProcessInstanceQuery;
***desc= ()Lorg/activiti/engine/history/HistoricActivityInstanceQuery;
***desc= ()Lorg/activiti/engine/history/HistoricTaskInstanceQuery;
***desc= (Lorg/activiti/engine/impl/interceptor/CommandExecutor;)V
***desc= (Lorg/activiti/engine/impl/interceptor/CommandContext;Lorg/activiti/engine/impl/Page;)Ljava/util/List;
***desc= ()Ljava/lang/String;
***desc= ()Ljava/lang/String;
***desc= ()Z
***desc= ()Z
***desc= ()Ljava/lang/String;
***desc= ()Ljava/lang/String;
***desc= ()Ljava/lang/String;
***desc= ()Z
***desc= ()Ljava/lang/String;
***desc= ()Ljava/lang/String;
***desc= ()Z
***desc= ()Z
***desc= ()Ljava/util/Date;
***desc= ()Ljava/util/Date;
***desc= ()Ljava/util/Date;
***desc= ()Ljava/util/Date;
***desc= ()Z
***desc= ()Z
***desc= (II)V
***desc= ()I
***desc= ()I
***desc= (Lorg/activiti/engine/impl/RepositoryServiceImpl;)V
***desc= (Lorg/activiti/engine/impl/interceptor/CommandContext;)Lorg/activiti/engine/repository/DeploymentBuilder;
***desc= (Ljava/lang/String;)V
***desc= ()Ljava/lang/String;
***desc= ()V
***desc= (Lorg/activiti/engine/impl/interceptor/CommandExecutor;)V
***desc= (Lorg/activiti/engine/impl/interceptor/CommandContext;Lorg/activiti/engine/impl/Page;)Ljava/util/List;
***desc= ()V
***desc= ()Z
***desc= ()Ljava/lang/String;
***desc= ()Ljava/lang/String;
***desc= ()Ljava/util/Set;
***desc= ()Ljava/lang/String;
***desc= ()Ljava/lang/String;
***desc= ()Ljava/util/Set;
***desc= ()Ljava/lang/String;
***desc= ()Ljava/lang/String;
***desc= ()Ljava/lang/Integer;
***desc= ()Ljava/lang/String;
***desc= ()Ljava/util/Set;
***desc= ()Ljava/lang/String;
***desc= ()Ljava/lang/String;
***desc= ()Ljava/lang/String;
***desc= ()Z
***desc= ()Ljava/lang/String;
***desc= ()Lorg/activiti/engine/impl/persistence/entity/SuspensionState;
***desc= ()Ljava/util/List;
***desc= ()Ljava/lang/String;
***desc= ()Ljava/lang/String;
***desc= ()Z
***desc= ()Ljava/lang/String;
***desc= ()Ljava/lang/String;
***desc= ()Ljava/lang/String;
***desc= ()Ljava/lang/String;
***desc= ()Ljava/util/List;
***desc= ()Ljava/lang/String;
***desc= ()Ljava/util/List;
***desc= ()Ljava/lang/String;
***desc= ()Z
***desc= ()Z
***desc= ()Z
***desc= ()Ljava/util/Date;
***desc= ()Ljava/util/Date;
***desc= ()Ljava/lang/String;
***desc= ()V
***desc= (Lorg/activiti/engine/impl/interceptor/CommandExecutor;)V
***desc= (Lorg/activiti/engine/query/QueryProperty;)Lorg/activiti/engine/query/Query;
***desc= ()Lorg/activiti/engine/query/Query;
***desc= (Lorg/activiti/engine/impl/Direction;)Lorg/activiti/engine/query/Query;
***desc= ()V
***desc= ()Ljava/util/List;
***desc= (Lorg/activiti/engine/impl/interceptor/CommandContext;)Ljava/lang/Object;
***desc= (Ljava/lang/String;Ljava/lang/String;Lorg/activiti/engine/impl/AbstractQuery$NullHandlingOnOrder;)V
***desc= ()Ljava/lang/String;
***desc= ()Ljava/lang/String;
***desc= ()V
count_executed_methods = 2788 : total_token_count = 14084
test_class_full_path=activiti-engine/src/test/java/org/activiti/engine/test/bpmn/event/timer/compatibility/BoundaryTimerEventRepeatCompatibilityTest.java
python3 /NOD-Test-Repair/tdrepro/collect_test_meth_body.py activiti-engine org.activiti.engine.test.bpmn.event.timer.compatibility.BoundaryTimerEventRepeatCompatibilityTest#testRepeatWithoutEnd activiti/activiti activiti-engine/src/test/java/org/activiti/engine/test/bpmn/event/timer/compatibility/BoundaryTimerEventRepeatCompatibilityTest.java /NOD-Test-Repair/tdrepro
/usr/local/lib/python3.10/dist-packages/tree_sitter/__init__.py:36: FutureWarning: Language(path, name) is deprecated. Use Language(ptr, name) instead.
  warn("{} is deprecated. Use {} instead.".format(old, new), FutureWarning)
/NOD-Test-Repair/tdrepro/traces/activiti_activiti_activiti-engine_org.activiti.engine.test.bpmn.event.timer.compatibility.BoundaryTimerEventRepeatCompatibilityTest#testRepeatWithoutEnd_test_code.csv
<Node type=method_declaration, start_point=(17, 2), end_point=(109, 3)>
/NOD-Test-Repair/tdrepro/projects/activiti/activiti
/usr/local/lib/python3.10/dist-packages/tree_sitter/__init__.py:36: FutureWarning: Language(path, name) is deprecated. Use Language(ptr, name) instead.
  warn("{} is deprecated. Use {} instead.".format(old, new), FutureWarning)
 python3 /NOD-Test-Repair/tdrepro/collect_method_body.py activiti-engine org.activiti.engine.test.bpmn.event.timer.compatibility.BoundaryTimerEventRepeatCompatibilityTest#testRepeatWithoutEnd activiti/activiti activiti-bpmn-converter activiti-bpmn-layout activiti-bpmn-model activiti-engine activiti-process-validation
result=executed_methods_count=2427:total_token_count=48453
Executed methods: 2427
Total tokens:      48453
org.activiti.engine
org.activiti.engine.test.api.event.ActivityEventsTest#testActivityTimeOutEvent
ActivityEventsTest
HEAD is now at b11f757a48 Merge pull request #2034 from Activiti/updatebot-bf8cb8fa-c63e-49df-81d0-e632fd74c046
M	activiti-api-impl/activiti-api-model-shared-impl/pom.xml
M	activiti-api-impl/activiti-api-process-model-impl/pom.xml
M	activiti-api-impl/activiti-api-process-runtime-impl/pom.xml
M	activiti-api-impl/activiti-api-runtime-shared-impl/pom.xml
M	activiti-api-impl/activiti-api-task-model-impl/pom.xml
M	activiti-api-impl/activiti-api-task-runtime-impl/pom.xml
M	activiti-api-impl/pom.xml
M	activiti-bpmn-converter/pom.xml
M	activiti-bpmn-layout/pom.xml
M	activiti-bpmn-model/pom.xml
M	activiti-core-dependencies/pom.xml
M	activiti-engine/pom.xml
M	activiti-image-generator/pom.xml
M	activiti-json-converter/pom.xml
M	activiti-process-validation/pom.xml
M	activiti-spring-boot-starter/pom.xml
M	activiti-spring-identity/pom.xml
M	activiti-spring-security-policies/pom.xml
M	activiti-spring-security/pom.xml
M	activiti-spring/pom.xml
M	pom.xml
[[1;34mINFO[m] Scanning for projects...
[[1;33mWARNING[m] 
[[1;33mWARNING[m] Some problems were encountered while building the effective model for org.activiti:activiti-core-dependencies:pom:7.0.0-SNAPSHOT
[[1;33mWARNING[m] 'build.plugins.plugin.(groupId:artifactId)' must be unique but found duplicate declaration of plugin org.jacoco:jacoco-maven-plugin @ line 153, column 17
[[1;33mWARNING[m] 'build.plugins.plugin.(groupId:artifactId)' must be unique but found duplicate declaration of plugin org.apache.maven.plugins:maven-surefire-plugin @ line 173, column 21
[[1;33mWARNING[m] 'build.plugins.plugin.(groupId:artifactId)' must be unique but found duplicate declaration of plugin org.jacoco:jacoco-maven-plugin @ org.activiti:activiti-root:7.0.0-SNAPSHOT, /NOD-Test-Repair/tdrepro/projects/activiti/activiti/pom.xml, line 380, column 17
[[1;33mWARNING[m] 'build.plugins.plugin.(groupId:artifactId)' must be unique but found duplicate declaration of plugin org.apache.maven.plugins:maven-surefire-plugin @ org.activiti:activiti-root:7.0.0-SNAPSHOT, /NOD-Test-Repair/tdrepro/projects/activiti/activiti/pom.xml, line 400, column 21
[[1;33mWARNING[m] 
[[1;33mWARNING[m] Some problems were encountered while building the effective model for org.activiti:activiti-api-model-shared-impl:jar:7.0.0-SNAPSHOT
[[1;33mWARNING[m] 'build.plugins.plugin.(groupId:artifactId)' must be unique but found duplicate declaration of plugin org.jacoco:jacoco-maven-plugin @ line 76, column 17
[[1;33mWARNING[m] 'build.plugins.plugin.(groupId:artifactId)' must be unique but found duplicate declaration of plugin org.apache.maven.plugins:maven-surefire-plugin @ line 96, column 21
[[1;33mWARNING[m] 'build.plugins.plugin.(groupId:artifactId)' must be unique but found duplicate declaration of plugin org.jacoco:jacoco-maven-plugin @ org.activiti:activiti-api-impl:7.0.0-SNAPSHOT, /NOD-Test-Repair/tdrepro/projects/activiti/activiti/activiti-api-impl/pom.xml, line 49, column 17
[[1;33mWARNING[m] 'build.plugins.plugin.(groupId:artifactId)' must be unique but found duplicate declaration of plugin org.apache.maven.plugins:maven-surefire-plugin @ org.activiti:activiti-api-impl:7.0.0-SNAPSHOT, /NOD-Test-Repair/tdrepro/projects/activiti/activiti/activiti-api-impl/pom.xml, line 69, column 21
[[1;33mWARNING[m] 
[[1;33mWARNING[m] Some problems were encountered while building the effective model for org.activiti:activiti-api-runtime-shared-impl:jar:7.0.0-SNAPSHOT
[[1;33mWARNING[m] 'build.plugins.plugin.(groupId:artifactId)' must be unique but found duplicate declaration of plugin org.jacoco:jacoco-maven-plugin @ line 70, column 17
[[1;33mWARNING[m] 'build.plugins.plugin.(groupId:artifactId)' must be unique but found duplicate declaration of plugin org.apache.maven.plugins:maven-surefire-plugin @ line 90, column 21
[[1;33mWARNING[m] 
[[1;33mWARNING[m] Some problems were encountered while building the effective model for org.activiti:activiti-api-process-model-impl:jar:7.0.0-SNAPSHOT
[[1;33mWARNING[m] 'build.plugins.plugin.(groupId:artifactId)' must be unique but found duplicate declaration of plugin org.jacoco:jacoco-maven-plugin @ line 88, column 17
[[1;33mWARNING[m] 'build.plugins.plugin.(groupId:artifactId)' must be unique but found duplicate declaration of plugin org.apache.maven.plugins:maven-surefire-plugin @ line 108, column 21
[[1;33mWARNING[m] 
[[1;33mWARNING[m] Some problems were encountered while building the effective model for org.activiti:activiti-api-process-runtime-impl:jar:7.0.0-SNAPSHOT
[[1;33mWARNING[m] 'build.plugins.plugin.(groupId:artifactId)' must be unique but found duplicate declaration of plugin org.jacoco:jacoco-maven-plugin @ line 121, column 17
[[1;33mWARNING[m] 'build.plugins.plugin.(groupId:artifactId)' must be unique but found duplicate declaration of plugin org.apache.maven.plugins:maven-surefire-plugin @ line 141, column 21
[[1;33mWARNING[m] 
[[1;33mWARNING[m] Some problems were encountered while building the effective model for org.activiti:activiti-api-task-model-impl:jar:7.0.0-SNAPSHOT
[[1;33mWARNING[m] 'build.plugins.plugin.(groupId:artifactId)' must be unique but found duplicate declaration of plugin org.jacoco:jacoco-maven-plugin @ line 74, column 17
[[1;33mWARNING[m] 'build.plugins.plugin.(groupId:artifactId)' must be unique but found duplicate declaration of plugin org.apache.maven.plugins:maven-surefire-plugin @ line 94, column 21
[[1;33mWARNING[m] 
[[1;33mWARNING[m] Some problems were encountered while building the effective model for org.activiti:activiti-api-task-runtime-impl:jar:7.0.0-SNAPSHOT
[[1;33mWARNING[m] 'build.plugins.plugin.(groupId:artifactId)' must be unique but found duplicate declaration of plugin org.jacoco:jacoco-maven-plugin @ line 110, column 17
[[1;33mWARNING[m] 'build.plugins.plugin.(groupId:artifactId)' must be unique but found duplicate declaration of plugin org.apache.maven.plugins:maven-surefire-plugin @ line 130, column 21
[[1;33mWARNING[m] 
[[1;33mWARNING[m] Some problems were encountered while building the effective model for org.activiti:activiti-api-impl:pom:7.0.0-SNAPSHOT
[[1;33mWARNING[m] 'build.plugins.plugin.(groupId:artifactId)' must be unique but found duplicate declaration of plugin org.jacoco:jacoco-maven-plugin @ line 49, column 17
[[1;33mWARNING[m] 'build.plugins.plugin.(groupId:artifactId)' must be unique but found duplicate declaration of plugin org.apache.maven.plugins:maven-surefire-plugin @ line 69, column 21
[[1;33mWARNING[m] 
[[1;33mWARNING[m] Some problems were encountered while building the effective model for org.activiti:activiti-bpmn-model:jar:7.0.0-SNAPSHOT
[[1;33mWARNING[m] 'build.plugins.plugin.(groupId:artifactId)' must be unique but found duplicate declaration of plugin org.jacoco:jacoco-maven-plugin @ line 62, column 17
[[1;33mWARNING[m] 'build.plugins.plugin.(groupId:artifactId)' must be unique but found duplicate declaration of plugin org.apache.maven.plugins:maven-surefire-plugin @ line 82, column 21
[[1;33mWARNING[m] 
[[1;33mWARNING[m] Some problems were encountered while building the effective model for org.activiti:activiti-bpmn-layout:jar:7.0.0-SNAPSHOT
[[1;33mWARNING[m] 'build.plugins.plugin.(groupId:artifactId)' must be unique but found duplicate declaration of plugin org.jacoco:jacoco-maven-plugin @ line 67, column 17
[[1;33mWARNING[m] 'build.plugins.plugin.(groupId:artifactId)' must be unique but found duplicate declaration of plugin org.apache.maven.plugins:maven-surefire-plugin @ line 87, column 21
[[1;33mWARNING[m] 
[[1;33mWARNING[m] Some problems were encountered while building the effective model for org.activiti:activiti-bpmn-converter:jar:7.0.0-SNAPSHOT
[[1;33mWARNING[m] 'build.plugins.plugin.(groupId:artifactId)' must be unique but found duplicate declaration of plugin org.jacoco:jacoco-maven-plugin @ line 101, column 17
[[1;33mWARNING[m] 'build.plugins.plugin.(groupId:artifactId)' must be unique but found duplicate declaration of plugin org.apache.maven.plugins:maven-surefire-plugin @ line 121, column 21
[[1;33mWARNING[m] 
[[1;33mWARNING[m] Some problems were encountered while building the effective model for org.activiti:activiti-process-validation:jar:7.0.0-SNAPSHOT
[[1;33mWARNING[m] 'build.plugins.plugin.(groupId:artifactId)' must be unique but found duplicate declaration of plugin org.jacoco:jacoco-maven-plugin @ line 64, column 17
[[1;33mWARNING[m] 'build.plugins.plugin.(groupId:artifactId)' must be unique but found duplicate declaration of plugin org.apache.maven.plugins:maven-surefire-plugin @ line 84, column 21
[[1;33mWARNING[m] 
[[1;33mWARNING[m] Some problems were encountered while building the effective model for org.activiti:activiti-image-generator:jar:7.0.0-SNAPSHOT
[[1;33mWARNING[m] 'build.plugins.plugin.(groupId:artifactId)' must be unique but found duplicate declaration of plugin org.jacoco:jacoco-maven-plugin @ line 105, column 17
[[1;33mWARNING[m] 'build.plugins.plugin.(groupId:artifactId)' must be unique but found duplicate declaration of plugin org.apache.maven.plugins:maven-surefire-plugin @ line 125, column 21
[[1;33mWARNING[m] 
[[1;33mWARNING[m] Some problems were encountered while building the effective model for org.activiti:activiti-json-converter:jar:7.0.0-SNAPSHOT
[[1;33mWARNING[m] 'build.plugins.plugin.(groupId:artifactId)' must be unique but found duplicate declaration of plugin org.jacoco:jacoco-maven-plugin @ line 93, column 17
[[1;33mWARNING[m] 'build.plugins.plugin.(groupId:artifactId)' must be unique but found duplicate declaration of plugin org.apache.maven.plugins:maven-surefire-plugin @ line 113, column 21
[[1;33mWARNING[m] 
[[1;33mWARNING[m] Some problems were encountered while building the effective model for org.activiti:activiti-engine:jar:7.0.0-SNAPSHOT
[[1;33mWARNING[m] 'build.plugins.plugin.(groupId:artifactId)' must be unique but found duplicate declaration of plugin org.apache.maven.plugins:maven-surefire-plugin @ line 183, column 21
[[1;33mWARNING[m] 'build.plugins.plugin.(groupId:artifactId)' must be unique but found duplicate declaration of plugin org.jacoco:jacoco-maven-plugin @ line 191, column 17
[[1;33mWARNING[m] 'build.plugins.plugin.(groupId:artifactId)' must be unique but found duplicate declaration of plugin org.apache.maven.plugins:maven-surefire-plugin @ line 211, column 21
[[1;33mWARNING[m] 
[[1;33mWARNING[m] Some problems were encountered while building the effective model for org.activiti:activiti-spring:jar:7.0.0-SNAPSHOT
[[1;33mWARNING[m] 'build.plugins.plugin.(groupId:artifactId)' must be unique but found duplicate declaration of plugin org.jacoco:jacoco-maven-plugin @ line 247, column 17
[[1;33mWARNING[m] 'build.plugins.plugin.(groupId:artifactId)' must be unique but found duplicate declaration of plugin org.apache.maven.plugins:maven-surefire-plugin @ line 267, column 21
[[1;33mWARNING[m] 
[[1;33mWARNING[m] Some problems were encountered while building the effective model for org.activiti:activiti-spring-identity:jar:7.0.0-SNAPSHOT
[[1;33mWARNING[m] 'build.plugins.plugin.(groupId:artifactId)' must be unique but found duplicate declaration of plugin org.jacoco:jacoco-maven-plugin @ line 97, column 17
[[1;33mWARNING[m] 'build.plugins.plugin.(groupId:artifactId)' must be unique but found duplicate declaration of plugin org.apache.maven.plugins:maven-surefire-plugin @ line 117, column 21
[[1;33mWARNING[m] 
[[1;33mWARNING[m] Some problems were encountered while building the effective model for org.activiti:activiti-spring-security:jar:7.0.0-SNAPSHOT
[[1;33mWARNING[m] 'build.plugins.plugin.(groupId:artifactId)' must be unique but found duplicate declaration of plugin org.jacoco:jacoco-maven-plugin @ line 99, column 17
[[1;33mWARNING[m] 'build.plugins.plugin.(groupId:artifactId)' must be unique but found duplicate declaration of plugin org.apache.maven.plugins:maven-surefire-plugin @ line 119, column 21
[[1;33mWARNING[m] 
[[1;33mWARNING[m] Some problems were encountered while building the effective model for org.activiti:activiti-spring-security-policies:jar:7.0.0-SNAPSHOT
[[1;33mWARNING[m] 'build.plugins.plugin.(groupId:artifactId)' must be unique but found duplicate declaration of plugin org.jacoco:jacoco-maven-plugin @ line 86, column 17
[[1;33mWARNING[m] 'build.plugins.plugin.(groupId:artifactId)' must be unique but found duplicate declaration of plugin org.apache.maven.plugins:maven-surefire-plugin @ line 106, column 21
[[1;33mWARNING[m] 
[[1;33mWARNING[m] Some problems were encountered while building the effective model for org.activiti:activiti-spring-boot-starter:jar:7.0.0-SNAPSHOT
[[1;33mWARNING[m] 'build.plugins.plugin.(groupId:artifactId)' must be unique but found duplicate declaration of plugin org.jacoco:jacoco-maven-plugin @ line 174, column 17
[[1;33mWARNING[m] 'build.plugins.plugin.(groupId:artifactId)' must be unique but found duplicate declaration of plugin org.apache.maven.plugins:maven-surefire-plugin @ line 194, column 21
[[1;33mWARNING[m] 
[[1;33mWARNING[m] Some problems were encountered while building the effective model for org.activiti:activiti-root:pom:7.0.0-SNAPSHOT
[[1;33mWARNING[m] 'build.plugins.plugin.(groupId:artifactId)' must be unique but found duplicate declaration of plugin org.jacoco:jacoco-maven-plugin @ line 380, column 17
[[1;33mWARNING[m] 'build.plugins.plugin.(groupId:artifactId)' must be unique but found duplicate declaration of plugin org.apache.maven.plugins:maven-surefire-plugin @ line 400, column 21
[[1;33mWARNING[m] 
[[1;33mWARNING[m] It is highly recommended to fix these problems because they threaten the stability of your build.
[[1;33mWARNING[m] 
[[1;33mWARNING[m] For this reason, future Maven versions might no longer support building such malformed projects.
[[1;33mWARNING[m] 
[[1;34mINFO[m] [1m------------------------------------------------------------------------[m
[[1;34mINFO[m] [1mReactor Build Order:[m
[[1;34mINFO[m] 
[[1;34mINFO[m] Activiti Core :: Parent                                            [pom]
[[1;34mINFO[m] Activiti :: BPMN Model                                             [jar]
[[1;34mINFO[m] Activiti :: Process Validation                                     [jar]
[[1;34mINFO[m] Activiti :: BPMN Layout                                            [jar]
[[1;34mINFO[m] Activiti :: BPMN Converter                                         [jar]
[[1;34mINFO[m] Activiti :: Engine                                                 [jar]
[[1;34mINFO[m] 
[[1;34mINFO[m] [1m---------------------< [0;36morg.activiti:activiti-root[0;1m >---------------------[m
[[1;34mINFO[m] [1mBuilding Activiti Core :: Parent 7.0.0-SNAPSHOT                    [1/6][m
[[1;34mINFO[m] [1m--------------------------------[ pom ]---------------------------------[m
[[1;34mINFO[m] 
[[1;34mINFO[m] [1m--- [0;32mmaven-enforcer-plugin:3.0.0-M1:enforce[m [1m(enforce-java)[m @ [36mactiviti-root[0;1m ---[m
[[1;34mINFO[m] 
[[1;34mINFO[m] [1m--- [0;32mmaven-enforcer-plugin:3.0.0-M1:enforce[m [1m(enforce-maven)[m @ [36mactiviti-root[0;1m ---[m
[[1;34mINFO[m] 
[[1;34mINFO[m] [1m--- [0;32mmaven-enforcer-plugin:3.0.0-M1:enforce[m [1m(enforce-plugin-versions)[m @ [36mactiviti-root[0;1m ---[m
[[1;34mINFO[m] 
[[1;34mINFO[m] [1m--- [0;32mmaven-enforcer-plugin:3.0.0-M1:enforce[m [1m(enforce-direct-dependencies)[m @ [36mactiviti-root[0;1m ---[m
[[1;34mINFO[m] Flag 'useClassesFromLastBuild' is set. Try to use existing output folder.
[[1;34mINFO[m] Flag 'suppressTypesFromJavaRuntime' is set. Classes available in current Java-runtime will be ignored.
[[1;34mINFO[m] Analyze dependencies of artifact 'org.activiti:activiti-root:pom:7.0.0-SNAPSHOT'.
[[1;34mINFO[m] Nothing to analyze in 'org.activiti:activiti-root:pom:7.0.0-SNAPSHOT'.
[[1;34mINFO[m] 
[[1;34mINFO[m] [1m--- [0;32mmaven-enforcer-plugin:3.0.0-M1:enforce[m [1m(ban-blacklisted-dependencies)[m @ [36mactiviti-root[0;1m ---[m
[[1;34mINFO[m] 
[[1;34mINFO[m] [1m--- [0;32mjacoco-maven-plugin:0.8.8:prepare-agent[m [1m(pre-unit-test)[m @ [36mactiviti-root[0;1m ---[m
[[1;34mINFO[m] argLine set to -javaagent:/root/.m2/repository/org/jacoco/org.jacoco.agent/0.8.8/org.jacoco.agent-0.8.8-runtime.jar=destfile=/NOD-Test-Repair/tdrepro/projects/activiti/activiti/target/jacoco.exec -Duser.language=en
[[1;34mINFO[m] 
[[1;34mINFO[m] [1m--- [0;32mjacoco-maven-plugin:0.8.8:prepare-agent[m [1m(default-prepare-agent)[m @ [36mactiviti-root[0;1m ---[m
[[1;34mINFO[m] argLine set to -javaagent:/root/.m2/repository/org/jacoco/org.jacoco.agent/0.8.8/org.jacoco.agent-0.8.8-runtime.jar=destfile=/NOD-Test-Repair/tdrepro/projects/activiti/activiti/target/jacoco.exec -Duser.language=en
[[1;34mINFO[m] 
[[1;34mINFO[m] [1m--- [0;32mjacoco-maven-plugin:0.8.8:report[m [1m(post-unit-test)[m @ [36mactiviti-root[0;1m ---[m
[[1;34mINFO[m] Skipping JaCoCo execution due to missing execution data file.
[[1;34mINFO[m] 
[[1;34mINFO[m] [1m--- [0;32mjacoco-maven-plugin:0.8.8:report[m [1m(jacoco-report)[m @ [36mactiviti-root[0;1m ---[m
[[1;34mINFO[m] Skipping JaCoCo execution due to missing execution data file.
[[1;34mINFO[m] 
[[1;34mINFO[m] [1m--- [0;32mjacoco-maven-plugin:0.8.8:prepare-agent-integration[m [1m(pre-integration-test)[m @ [36mactiviti-root[0;1m ---[m
[[1;34mINFO[m] argLine set to -javaagent:/root/.m2/repository/org/jacoco/org.jacoco.agent/0.8.8/org.jacoco.agent-0.8.8-runtime.jar=destfile=/NOD-Test-Repair/tdrepro/projects/activiti/activiti/target/jacoco-it.exec -Duser.language=en
[[1;34mINFO[m] 
[[1;34mINFO[m] [1m--- [0;32mjacoco-maven-plugin:0.8.8:report-integration[m [1m(post-integration-test)[m @ [36mactiviti-root[0;1m ---[m
[[1;34mINFO[m] Skipping JaCoCo execution due to missing execution data file.
[[1;34mINFO[m] 
[[1;34mINFO[m] [1m--- [0;32mmaven-install-plugin:2.5.2:install[m [1m(default-install)[m @ [36mactiviti-root[0;1m ---[m
[[1;34mINFO[m] Installing /NOD-Test-Repair/tdrepro/projects/activiti/activiti/pom.xml to /root/.m2/repository/org/activiti/activiti-root/7.0.0-SNAPSHOT/activiti-root-7.0.0-SNAPSHOT.pom
[[1;34mINFO[m] 
[[1;34mINFO[m] [1m------------------< [0;36morg.activiti:activiti-bpmn-model[0;1m >------------------[m
[[1;34mINFO[m] [1mBuilding Activiti :: BPMN Model 7.0.0-SNAPSHOT                     [2/6][m
[[1;34mINFO[m] [1m--------------------------------[ jar ]---------------------------------[m
[[1;34mINFO[m] 
[[1;34mINFO[m] [1m--- [0;32mmaven-enforcer-plugin:3.0.0-M1:enforce[m [1m(enforce-java)[m @ [36mactiviti-bpmn-model[0;1m ---[m
[[1;34mINFO[m] 
[[1;34mINFO[m] [1m--- [0;32mmaven-enforcer-plugin:3.0.0-M1:enforce[m [1m(enforce-maven)[m @ [36mactiviti-bpmn-model[0;1m ---[m
[[1;34mINFO[m] 
[[1;34mINFO[m] [1m--- [0;32mmaven-enforcer-plugin:3.0.0-M1:enforce[m [1m(enforce-plugin-versions)[m @ [36mactiviti-bpmn-model[0;1m ---[m
[[1;34mINFO[m] 
[[1;34mINFO[m] [1m--- [0;32mmaven-enforcer-plugin:3.0.0-M1:enforce[m [1m(enforce-direct-dependencies)[m @ [36mactiviti-bpmn-model[0;1m ---[m
[[1;34mINFO[m] Flag 'useClassesFromLastBuild' is set. Try to use existing output folder.
[[1;34mINFO[m] Flag 'suppressTypesFromJavaRuntime' is set. Classes available in current Java-runtime will be ignored.
[[1;34mINFO[m] Analyze dependencies of artifact 'org.activiti:activiti-bpmn-model:jar:7.0.0-SNAPSHOT'.
[[1;34mINFO[m] No illegal transitive dependencies found in 'org.activiti:activiti-bpmn-model:jar:7.0.0-SNAPSHOT'.
[[1;34mINFO[m] 
[[1;34mINFO[m] [1m--- [0;32mmaven-enforcer-plugin:3.0.0-M1:enforce[m [1m(ban-blacklisted-dependencies)[m @ [36mactiviti-bpmn-model[0;1m ---[m
[[1;34mINFO[m] 
[[1;34mINFO[m] [1m--- [0;32mjacoco-maven-plugin:0.8.8:prepare-agent[m [1m(pre-unit-test)[m @ [36mactiviti-bpmn-model[0;1m ---[m
[[1;34mINFO[m] argLine set to -javaagent:/root/.m2/repository/org/jacoco/org.jacoco.agent/0.8.8/org.jacoco.agent-0.8.8-runtime.jar=destfile=/NOD-Test-Repair/tdrepro/projects/activiti/activiti/activiti-bpmn-model/target/jacoco.exec -Duser.language=en
[[1;34mINFO[m] 
[[1;34mINFO[m] [1m--- [0;32mjacoco-maven-plugin:0.8.8:prepare-agent[m [1m(default-prepare-agent)[m @ [36mactiviti-bpmn-model[0;1m ---[m
[[1;34mINFO[m] argLine set to -javaagent:/root/.m2/repository/org/jacoco/org.jacoco.agent/0.8.8/org.jacoco.agent-0.8.8-runtime.jar=destfile=/NOD-Test-Repair/tdrepro/projects/activiti/activiti/activiti-bpmn-model/target/jacoco.exec -Duser.language=en
[[1;34mINFO[m] 
[[1;34mINFO[m] [1m--- [0;32mmaven-resources-plugin:3.0.1:resources[m [1m(default-resources)[m @ [36mactiviti-bpmn-model[0;1m ---[m
[[1;34mINFO[m] Using 'UTF-8' encoding to copy filtered resources.
[[1;34mINFO[m] skip non existing resourceDirectory /NOD-Test-Repair/tdrepro/projects/activiti/activiti/activiti-bpmn-model/src/main/resources
[[1;34mINFO[m] 
[[1;34mINFO[m] [1m--- [0;32mmaven-compiler-plugin:3.7.0:compile[m [1m(default-compile)[m @ [36mactiviti-bpmn-model[0;1m ---[m
[[1;34mINFO[m] Nothing to compile - all classes are up to date
[[1;34mINFO[m] 
[[1;34mINFO[m] [1m--- [0;32mmaven-resources-plugin:3.0.1:testResources[m [1m(default-testResources)[m @ [36mactiviti-bpmn-model[0;1m ---[m
[[1;34mINFO[m] Using 'UTF-8' encoding to copy filtered resources.
[[1;34mINFO[m] skip non existing resourceDirectory /NOD-Test-Repair/tdrepro/projects/activiti/activiti/activiti-bpmn-model/src/test/resources
[[1;34mINFO[m] 
[[1;34mINFO[m] [1m--- [0;32mmaven-compiler-plugin:3.7.0:testCompile[m [1m(default-testCompile)[m @ [36mactiviti-bpmn-model[0;1m ---[m
[[1;34mINFO[m] No sources to compile
[[1;34mINFO[m] 
[[1;34mINFO[m] [1m--- [0;32mmaven-surefire-plugin:2.19.1:test[m [1m(default-test)[m @ [36mactiviti-bpmn-model[0;1m ---[m
[[1;34mINFO[m] Tests are skipped.
[[1;34mINFO[m] 
[[1;34mINFO[m] [1m--- [0;32mjacoco-maven-plugin:0.8.8:report[m [1m(post-unit-test)[m @ [36mactiviti-bpmn-model[0;1m ---[m
[[1;34mINFO[m] Skipping JaCoCo execution due to missing execution data file.
[[1;34mINFO[m] 
[[1;34mINFO[m] [1m--- [0;32mjacoco-maven-plugin:0.8.8:report[m [1m(jacoco-report)[m @ [36mactiviti-bpmn-model[0;1m ---[m
[[1;34mINFO[m] Skipping JaCoCo execution due to missing execution data file.
[[1;34mINFO[m] 
[[1;34mINFO[m] [1m--- [0;32mmaven-jar-plugin:3.0.2:jar[m [1m(default-jar)[m @ [36mactiviti-bpmn-model[0;1m ---[m
[[1;34mINFO[m] 
[[1;34mINFO[m] [1m--- [0;32mjacoco-maven-plugin:0.8.8:prepare-agent-integration[m [1m(pre-integration-test)[m @ [36mactiviti-bpmn-model[0;1m ---[m
[[1;34mINFO[m] argLine set to -javaagent:/root/.m2/repository/org/jacoco/org.jacoco.agent/0.8.8/org.jacoco.agent-0.8.8-runtime.jar=destfile=/NOD-Test-Repair/tdrepro/projects/activiti/activiti/activiti-bpmn-model/target/jacoco-it.exec -Duser.language=en
[[1;34mINFO[m] 
[[1;34mINFO[m] [1m--- [0;32mjacoco-maven-plugin:0.8.8:report-integration[m [1m(post-integration-test)[m @ [36mactiviti-bpmn-model[0;1m ---[m
[[1;34mINFO[m] Skipping JaCoCo execution due to missing execution data file.
[[1;34mINFO[m] 
[[1;34mINFO[m] [1m--- [0;32mmaven-install-plugin:2.5.2:install[m [1m(default-install)[m @ [36mactiviti-bpmn-model[0;1m ---[m
[[1;34mINFO[m] Installing /NOD-Test-Repair/tdrepro/projects/activiti/activiti/activiti-bpmn-model/target/activiti-bpmn-model-7.0.0-SNAPSHOT.jar to /root/.m2/repository/org/activiti/activiti-bpmn-model/7.0.0-SNAPSHOT/activiti-bpmn-model-7.0.0-SNAPSHOT.jar
[[1;34mINFO[m] Installing /NOD-Test-Repair/tdrepro/projects/activiti/activiti/activiti-bpmn-model/pom.xml to /root/.m2/repository/org/activiti/activiti-bpmn-model/7.0.0-SNAPSHOT/activiti-bpmn-model-7.0.0-SNAPSHOT.pom
[[1;34mINFO[m] 
[[1;34mINFO[m] [1m--------------< [0;36morg.activiti:activiti-process-validation[0;1m >--------------[m
[[1;34mINFO[m] [1mBuilding Activiti :: Process Validation 7.0.0-SNAPSHOT             [3/6][m
[[1;34mINFO[m] [1m--------------------------------[ jar ]---------------------------------[m
[[1;34mINFO[m] 
[[1;34mINFO[m] [1m--- [0;32mmaven-enforcer-plugin:3.0.0-M1:enforce[m [1m(enforce-java)[m @ [36mactiviti-process-validation[0;1m ---[m
[[1;34mINFO[m] 
[[1;34mINFO[m] [1m--- [0;32mmaven-enforcer-plugin:3.0.0-M1:enforce[m [1m(enforce-maven)[m @ [36mactiviti-process-validation[0;1m ---[m
[[1;34mINFO[m] 
[[1;34mINFO[m] [1m--- [0;32mmaven-enforcer-plugin:3.0.0-M1:enforce[m [1m(enforce-plugin-versions)[m @ [36mactiviti-process-validation[0;1m ---[m
[[1;34mINFO[m] 
[[1;34mINFO[m] [1m--- [0;32mmaven-enforcer-plugin:3.0.0-M1:enforce[m [1m(enforce-direct-dependencies)[m @ [36mactiviti-process-validation[0;1m ---[m
[[1;34mINFO[m] Flag 'useClassesFromLastBuild' is set. Try to use existing output folder.
[[1;34mINFO[m] Flag 'suppressTypesFromJavaRuntime' is set. Classes available in current Java-runtime will be ignored.
[[1;34mINFO[m] Analyze dependencies of artifact 'org.activiti:activiti-process-validation:jar:7.0.0-SNAPSHOT'.
[[1;34mINFO[m] No illegal transitive dependencies found in 'org.activiti:activiti-process-validation:jar:7.0.0-SNAPSHOT'.
[[1;34mINFO[m] 
[[1;34mINFO[m] [1m--- [0;32mmaven-enforcer-plugin:3.0.0-M1:enforce[m [1m(ban-blacklisted-dependencies)[m @ [36mactiviti-process-validation[0;1m ---[m
[[1;34mINFO[m] 
[[1;34mINFO[m] [1m--- [0;32mjacoco-maven-plugin:0.8.8:prepare-agent[m [1m(pre-unit-test)[m @ [36mactiviti-process-validation[0;1m ---[m
[[1;34mINFO[m] argLine set to -javaagent:/root/.m2/repository/org/jacoco/org.jacoco.agent/0.8.8/org.jacoco.agent-0.8.8-runtime.jar=destfile=/NOD-Test-Repair/tdrepro/projects/activiti/activiti/activiti-process-validation/target/jacoco.exec -Duser.language=en
[[1;34mINFO[m] 
[[1;34mINFO[m] [1m--- [0;32mjacoco-maven-plugin:0.8.8:prepare-agent[m [1m(default-prepare-agent)[m @ [36mactiviti-process-validation[0;1m ---[m
[[1;34mINFO[m] argLine set to -javaagent:/root/.m2/repository/org/jacoco/org.jacoco.agent/0.8.8/org.jacoco.agent-0.8.8-runtime.jar=destfile=/NOD-Test-Repair/tdrepro/projects/activiti/activiti/activiti-process-validation/target/jacoco.exec -Duser.language=en
[[1;34mINFO[m] 
[[1;34mINFO[m] [1m--- [0;32mmaven-resources-plugin:3.0.1:resources[m [1m(default-resources)[m @ [36mactiviti-process-validation[0;1m ---[m
[[1;34mINFO[m] Using 'UTF-8' encoding to copy filtered resources.
[[1;34mINFO[m] skip non existing resourceDirectory /NOD-Test-Repair/tdrepro/projects/activiti/activiti/activiti-process-validation/src/main/resources
[[1;34mINFO[m] 
[[1;34mINFO[m] [1m--- [0;32mmaven-compiler-plugin:3.7.0:compile[m [1m(default-compile)[m @ [36mactiviti-process-validation[0;1m ---[m
[[1;34mINFO[m] Nothing to compile - all classes are up to date
[[1;34mINFO[m] 
[[1;34mINFO[m] [1m--- [0;32mmaven-resources-plugin:3.0.1:testResources[m [1m(default-testResources)[m @ [36mactiviti-process-validation[0;1m ---[m
[[1;34mINFO[m] Using 'UTF-8' encoding to copy filtered resources.
[[1;34mINFO[m] skip non existing resourceDirectory /NOD-Test-Repair/tdrepro/projects/activiti/activiti/activiti-process-validation/src/test/resources
[[1;34mINFO[m] 
[[1;34mINFO[m] [1m--- [0;32mmaven-compiler-plugin:3.7.0:testCompile[m [1m(default-testCompile)[m @ [36mactiviti-process-validation[0;1m ---[m
[[1;34mINFO[m] Nothing to compile - all classes are up to date
[[1;34mINFO[m] 
[[1;34mINFO[m] [1m--- [0;32mmaven-surefire-plugin:2.19.1:test[m [1m(default-test)[m @ [36mactiviti-process-validation[0;1m ---[m
[[1;34mINFO[m] Tests are skipped.
[[1;34mINFO[m] 
[[1;34mINFO[m] [1m--- [0;32mjacoco-maven-plugin:0.8.8:report[m [1m(post-unit-test)[m @ [36mactiviti-process-validation[0;1m ---[m
[[1;34mINFO[m] Skipping JaCoCo execution due to missing execution data file.
[[1;34mINFO[m] 
[[1;34mINFO[m] [1m--- [0;32mjacoco-maven-plugin:0.8.8:report[m [1m(jacoco-report)[m @ [36mactiviti-process-validation[0;1m ---[m
[[1;34mINFO[m] Skipping JaCoCo execution due to missing execution data file.
[[1;34mINFO[m] 
[[1;34mINFO[m] [1m--- [0;32mmaven-jar-plugin:3.0.2:jar[m [1m(default-jar)[m @ [36mactiviti-process-validation[0;1m ---[m
[[1;34mINFO[m] 
[[1;34mINFO[m] [1m--- [0;32mjacoco-maven-plugin:0.8.8:prepare-agent-integration[m [1m(pre-integration-test)[m @ [36mactiviti-process-validation[0;1m ---[m
[[1;34mINFO[m] argLine set to -javaagent:/root/.m2/repository/org/jacoco/org.jacoco.agent/0.8.8/org.jacoco.agent-0.8.8-runtime.jar=destfile=/NOD-Test-Repair/tdrepro/projects/activiti/activiti/activiti-process-validation/target/jacoco-it.exec -Duser.language=en
[[1;34mINFO[m] 
[[1;34mINFO[m] [1m--- [0;32mjacoco-maven-plugin:0.8.8:report-integration[m [1m(post-integration-test)[m @ [36mactiviti-process-validation[0;1m ---[m
[[1;34mINFO[m] Skipping JaCoCo execution due to missing execution data file.
[[1;34mINFO[m] 
[[1;34mINFO[m] [1m--- [0;32mmaven-install-plugin:2.5.2:install[m [1m(default-install)[m @ [36mactiviti-process-validation[0;1m ---[m
[[1;34mINFO[m] Installing /NOD-Test-Repair/tdrepro/projects/activiti/activiti/activiti-process-validation/target/activiti-process-validation-7.0.0-SNAPSHOT.jar to /root/.m2/repository/org/activiti/activiti-process-validation/7.0.0-SNAPSHOT/activiti-process-validation-7.0.0-SNAPSHOT.jar
[[1;34mINFO[m] Installing /NOD-Test-Repair/tdrepro/projects/activiti/activiti/activiti-process-validation/pom.xml to /root/.m2/repository/org/activiti/activiti-process-validation/7.0.0-SNAPSHOT/activiti-process-validation-7.0.0-SNAPSHOT.pom
[[1;34mINFO[m] 
[[1;34mINFO[m] [1m-----------------< [0;36morg.activiti:activiti-bpmn-layout[0;1m >------------------[m
[[1;34mINFO[m] [1mBuilding Activiti :: BPMN Layout 7.0.0-SNAPSHOT                    [4/6][m
[[1;34mINFO[m] [1m--------------------------------[ jar ]---------------------------------[m
[[1;34mINFO[m] 
[[1;34mINFO[m] [1m--- [0;32mmaven-enforcer-plugin:3.0.0-M1:enforce[m [1m(enforce-java)[m @ [36mactiviti-bpmn-layout[0;1m ---[m
[[1;34mINFO[m] 
[[1;34mINFO[m] [1m--- [0;32mmaven-enforcer-plugin:3.0.0-M1:enforce[m [1m(enforce-maven)[m @ [36mactiviti-bpmn-layout[0;1m ---[m
[[1;34mINFO[m] 
[[1;34mINFO[m] [1m--- [0;32mmaven-enforcer-plugin:3.0.0-M1:enforce[m [1m(enforce-plugin-versions)[m @ [36mactiviti-bpmn-layout[0;1m ---[m
[[1;34mINFO[m] 
[[1;34mINFO[m] [1m--- [0;32mmaven-enforcer-plugin:3.0.0-M1:enforce[m [1m(enforce-direct-dependencies)[m @ [36mactiviti-bpmn-layout[0;1m ---[m
[[1;34mINFO[m] Flag 'useClassesFromLastBuild' is set. Try to use existing output folder.
[[1;34mINFO[m] Flag 'suppressTypesFromJavaRuntime' is set. Classes available in current Java-runtime will be ignored.
[[1;34mINFO[m] Analyze dependencies of artifact 'org.activiti:activiti-bpmn-layout:jar:7.0.0-SNAPSHOT'.
[[1;34mINFO[m] No illegal transitive dependencies found in 'org.activiti:activiti-bpmn-layout:jar:7.0.0-SNAPSHOT'.
[[1;34mINFO[m] 
[[1;34mINFO[m] [1m--- [0;32mmaven-enforcer-plugin:3.0.0-M1:enforce[m [1m(ban-blacklisted-dependencies)[m @ [36mactiviti-bpmn-layout[0;1m ---[m
[[1;34mINFO[m] 
[[1;34mINFO[m] [1m--- [0;32mjacoco-maven-plugin:0.8.8:prepare-agent[m [1m(pre-unit-test)[m @ [36mactiviti-bpmn-layout[0;1m ---[m
[[1;34mINFO[m] argLine set to -javaagent:/root/.m2/repository/org/jacoco/org.jacoco.agent/0.8.8/org.jacoco.agent-0.8.8-runtime.jar=destfile=/NOD-Test-Repair/tdrepro/projects/activiti/activiti/activiti-bpmn-layout/target/jacoco.exec -Duser.language=en
[[1;34mINFO[m] 
[[1;34mINFO[m] [1m--- [0;32mjacoco-maven-plugin:0.8.8:prepare-agent[m [1m(default-prepare-agent)[m @ [36mactiviti-bpmn-layout[0;1m ---[m
[[1;34mINFO[m] argLine set to -javaagent:/root/.m2/repository/org/jacoco/org.jacoco.agent/0.8.8/org.jacoco.agent-0.8.8-runtime.jar=destfile=/NOD-Test-Repair/tdrepro/projects/activiti/activiti/activiti-bpmn-layout/target/jacoco.exec -Duser.language=en
[[1;34mINFO[m] 
[[1;34mINFO[m] [1m--- [0;32mmaven-resources-plugin:3.0.1:resources[m [1m(default-resources)[m @ [36mactiviti-bpmn-layout[0;1m ---[m
[[1;34mINFO[m] Using 'UTF-8' encoding to copy filtered resources.
[[1;34mINFO[m] skip non existing resourceDirectory /NOD-Test-Repair/tdrepro/projects/activiti/activiti/activiti-bpmn-layout/src/main/resources
[[1;34mINFO[m] 
[[1;34mINFO[m] [1m--- [0;32mmaven-compiler-plugin:3.7.0:compile[m [1m(default-compile)[m @ [36mactiviti-bpmn-layout[0;1m ---[m
[[1;34mINFO[m] Nothing to compile - all classes are up to date
[[1;34mINFO[m] 
[[1;34mINFO[m] [1m--- [0;32mmaven-resources-plugin:3.0.1:testResources[m [1m(default-testResources)[m @ [36mactiviti-bpmn-layout[0;1m ---[m
[[1;34mINFO[m] Using 'UTF-8' encoding to copy filtered resources.
[[1;34mINFO[m] skip non existing resourceDirectory /NOD-Test-Repair/tdrepro/projects/activiti/activiti/activiti-bpmn-layout/src/test/resources
[[1;34mINFO[m] 
[[1;34mINFO[m] [1m--- [0;32mmaven-compiler-plugin:3.7.0:testCompile[m [1m(default-testCompile)[m @ [36mactiviti-bpmn-layout[0;1m ---[m
[[1;34mINFO[m] No sources to compile
[[1;34mINFO[m] 
[[1;34mINFO[m] [1m--- [0;32mmaven-surefire-plugin:2.19.1:test[m [1m(default-test)[m @ [36mactiviti-bpmn-layout[0;1m ---[m
[[1;34mINFO[m] Tests are skipped.
[[1;34mINFO[m] 
[[1;34mINFO[m] [1m--- [0;32mjacoco-maven-plugin:0.8.8:report[m [1m(post-unit-test)[m @ [36mactiviti-bpmn-layout[0;1m ---[m
[[1;34mINFO[m] Skipping JaCoCo execution due to missing execution data file.
[[1;34mINFO[m] 
[[1;34mINFO[m] [1m--- [0;32mjacoco-maven-plugin:0.8.8:report[m [1m(jacoco-report)[m @ [36mactiviti-bpmn-layout[0;1m ---[m
[[1;34mINFO[m] Skipping JaCoCo execution due to missing execution data file.
[[1;34mINFO[m] 
[[1;34mINFO[m] [1m--- [0;32mmaven-jar-plugin:3.0.2:jar[m [1m(default-jar)[m @ [36mactiviti-bpmn-layout[0;1m ---[m
[[1;34mINFO[m] 
[[1;34mINFO[m] [1m--- [0;32mjacoco-maven-plugin:0.8.8:prepare-agent-integration[m [1m(pre-integration-test)[m @ [36mactiviti-bpmn-layout[0;1m ---[m
[[1;34mINFO[m] argLine set to -javaagent:/root/.m2/repository/org/jacoco/org.jacoco.agent/0.8.8/org.jacoco.agent-0.8.8-runtime.jar=destfile=/NOD-Test-Repair/tdrepro/projects/activiti/activiti/activiti-bpmn-layout/target/jacoco-it.exec -Duser.language=en
[[1;34mINFO[m] 
[[1;34mINFO[m] [1m--- [0;32mjacoco-maven-plugin:0.8.8:report-integration[m [1m(post-integration-test)[m @ [36mactiviti-bpmn-layout[0;1m ---[m
[[1;34mINFO[m] Skipping JaCoCo execution due to missing execution data file.
[[1;34mINFO[m] 
[[1;34mINFO[m] [1m--- [0;32mmaven-install-plugin:2.5.2:install[m [1m(default-install)[m @ [36mactiviti-bpmn-layout[0;1m ---[m
[[1;34mINFO[m] Installing /NOD-Test-Repair/tdrepro/projects/activiti/activiti/activiti-bpmn-layout/target/activiti-bpmn-layout-7.0.0-SNAPSHOT.jar to /root/.m2/repository/org/activiti/activiti-bpmn-layout/7.0.0-SNAPSHOT/activiti-bpmn-layout-7.0.0-SNAPSHOT.jar
[[1;34mINFO[m] Installing /NOD-Test-Repair/tdrepro/projects/activiti/activiti/activiti-bpmn-layout/pom.xml to /root/.m2/repository/org/activiti/activiti-bpmn-layout/7.0.0-SNAPSHOT/activiti-bpmn-layout-7.0.0-SNAPSHOT.pom
[[1;34mINFO[m] 
[[1;34mINFO[m] [1m----------------< [0;36morg.activiti:activiti-bpmn-converter[0;1m >----------------[m
[[1;34mINFO[m] [1mBuilding Activiti :: BPMN Converter 7.0.0-SNAPSHOT                 [5/6][m
[[1;34mINFO[m] [1m--------------------------------[ jar ]---------------------------------[m
[[1;34mINFO[m] 
[[1;34mINFO[m] [1m--- [0;32mmaven-enforcer-plugin:3.0.0-M1:enforce[m [1m(enforce-java)[m @ [36mactiviti-bpmn-converter[0;1m ---[m
[[1;34mINFO[m] 
[[1;34mINFO[m] [1m--- [0;32mmaven-enforcer-plugin:3.0.0-M1:enforce[m [1m(enforce-maven)[m @ [36mactiviti-bpmn-converter[0;1m ---[m
[[1;34mINFO[m] 
[[1;34mINFO[m] [1m--- [0;32mmaven-enforcer-plugin:3.0.0-M1:enforce[m [1m(enforce-plugin-versions)[m @ [36mactiviti-bpmn-converter[0;1m ---[m
[[1;34mINFO[m] 
[[1;34mINFO[m] [1m--- [0;32mmaven-enforcer-plugin:3.0.0-M1:enforce[m [1m(enforce-direct-dependencies)[m @ [36mactiviti-bpmn-converter[0;1m ---[m
[[1;34mINFO[m] Flag 'useClassesFromLastBuild' is set. Try to use existing output folder.
[[1;34mINFO[m] Flag 'suppressTypesFromJavaRuntime' is set. Classes available in current Java-runtime will be ignored.
[[1;34mINFO[m] Analyze dependencies of artifact 'org.activiti:activiti-bpmn-converter:jar:7.0.0-SNAPSHOT'.
[[1;34mINFO[m] No illegal transitive dependencies found in 'org.activiti:activiti-bpmn-converter:jar:7.0.0-SNAPSHOT'.
[[1;34mINFO[m] 
[[1;34mINFO[m] [1m--- [0;32mmaven-enforcer-plugin:3.0.0-M1:enforce[m [1m(ban-blacklisted-dependencies)[m @ [36mactiviti-bpmn-converter[0;1m ---[m
[[1;34mINFO[m] 
[[1;34mINFO[m] [1m--- [0;32mjacoco-maven-plugin:0.8.8:prepare-agent[m [1m(pre-unit-test)[m @ [36mactiviti-bpmn-converter[0;1m ---[m
[[1;34mINFO[m] argLine set to -javaagent:/root/.m2/repository/org/jacoco/org.jacoco.agent/0.8.8/org.jacoco.agent-0.8.8-runtime.jar=destfile=/NOD-Test-Repair/tdrepro/projects/activiti/activiti/activiti-bpmn-converter/target/jacoco.exec -Duser.language=en
[[1;34mINFO[m] 
[[1;34mINFO[m] [1m--- [0;32mjacoco-maven-plugin:0.8.8:prepare-agent[m [1m(default-prepare-agent)[m @ [36mactiviti-bpmn-converter[0;1m ---[m
[[1;34mINFO[m] argLine set to -javaagent:/root/.m2/repository/org/jacoco/org.jacoco.agent/0.8.8/org.jacoco.agent-0.8.8-runtime.jar=destfile=/NOD-Test-Repair/tdrepro/projects/activiti/activiti/activiti-bpmn-converter/target/jacoco.exec -Duser.language=en
[[1;34mINFO[m] 
[[1;34mINFO[m] [1m--- [0;32mmaven-resources-plugin:3.0.1:resources[m [1m(default-resources)[m @ [36mactiviti-bpmn-converter[0;1m ---[m
[[1;34mINFO[m] Using 'UTF-8' encoding to copy filtered resources.
[[1;34mINFO[m] Copying 14 resources
[[1;34mINFO[m] 
[[1;34mINFO[m] [1m--- [0;32mmaven-compiler-plugin:3.7.0:compile[m [1m(default-compile)[m @ [36mactiviti-bpmn-converter[0;1m ---[m
[[1;34mINFO[m] Nothing to compile - all classes are up to date
[[1;34mINFO[m] 
[[1;34mINFO[m] [1m--- [0;32mmaven-resources-plugin:3.0.1:testResources[m [1m(default-testResources)[m @ [36mactiviti-bpmn-converter[0;1m ---[m
[[1;34mINFO[m] Using 'UTF-8' encoding to copy filtered resources.
[[1;34mINFO[m] Copying 40 resources
[[1;34mINFO[m] 
[[1;34mINFO[m] [1m--- [0;32mmaven-compiler-plugin:3.7.0:testCompile[m [1m(default-testCompile)[m @ [36mactiviti-bpmn-converter[0;1m ---[m
[[1;34mINFO[m] Nothing to compile - all classes are up to date
[[1;34mINFO[m] 
[[1;34mINFO[m] [1m--- [0;32mmaven-surefire-plugin:2.19.1:test[m [1m(default-test)[m @ [36mactiviti-bpmn-converter[0;1m ---[m
[[1;34mINFO[m] Tests are skipped.
[[1;34mINFO[m] 
[[1;34mINFO[m] [1m--- [0;32mjacoco-maven-plugin:0.8.8:report[m [1m(post-unit-test)[m @ [36mactiviti-bpmn-converter[0;1m ---[m
[[1;34mINFO[m] Skipping JaCoCo execution due to missing execution data file.
[[1;34mINFO[m] 
[[1;34mINFO[m] [1m--- [0;32mjacoco-maven-plugin:0.8.8:report[m [1m(jacoco-report)[m @ [36mactiviti-bpmn-converter[0;1m ---[m
[[1;34mINFO[m] Skipping JaCoCo execution due to missing execution data file.
[[1;34mINFO[m] 
[[1;34mINFO[m] [1m--- [0;32mmaven-jar-plugin:3.0.2:jar[m [1m(default-jar)[m @ [36mactiviti-bpmn-converter[0;1m ---[m
[[1;34mINFO[m] 
[[1;34mINFO[m] [1m--- [0;32mjacoco-maven-plugin:0.8.8:prepare-agent-integration[m [1m(pre-integration-test)[m @ [36mactiviti-bpmn-converter[0;1m ---[m
[[1;34mINFO[m] argLine set to -javaagent:/root/.m2/repository/org/jacoco/org.jacoco.agent/0.8.8/org.jacoco.agent-0.8.8-runtime.jar=destfile=/NOD-Test-Repair/tdrepro/projects/activiti/activiti/activiti-bpmn-converter/target/jacoco-it.exec -Duser.language=en
[[1;34mINFO[m] 
[[1;34mINFO[m] [1m--- [0;32mjacoco-maven-plugin:0.8.8:report-integration[m [1m(post-integration-test)[m @ [36mactiviti-bpmn-converter[0;1m ---[m
[[1;34mINFO[m] Skipping JaCoCo execution due to missing execution data file.
[[1;34mINFO[m] 
[[1;34mINFO[m] [1m--- [0;32mmaven-install-plugin:2.5.2:install[m [1m(default-install)[m @ [36mactiviti-bpmn-converter[0;1m ---[m
[[1;34mINFO[m] Installing /NOD-Test-Repair/tdrepro/projects/activiti/activiti/activiti-bpmn-converter/target/activiti-bpmn-converter-7.0.0-SNAPSHOT.jar to /root/.m2/repository/org/activiti/activiti-bpmn-converter/7.0.0-SNAPSHOT/activiti-bpmn-converter-7.0.0-SNAPSHOT.jar
[[1;34mINFO[m] Installing /NOD-Test-Repair/tdrepro/projects/activiti/activiti/activiti-bpmn-converter/pom.xml to /root/.m2/repository/org/activiti/activiti-bpmn-converter/7.0.0-SNAPSHOT/activiti-bpmn-converter-7.0.0-SNAPSHOT.pom
[[1;34mINFO[m] 
[[1;34mINFO[m] [1m--------------------< [0;36morg.activiti:activiti-engine[0;1m >--------------------[m
[[1;34mINFO[m] [1mBuilding Activiti :: Engine 7.0.0-SNAPSHOT                         [6/6][m
[[1;34mINFO[m] [1m--------------------------------[ jar ]---------------------------------[m
[[1;34mINFO[m] 
[[1;34mINFO[m] [1m--- [0;32mmaven-enforcer-plugin:3.0.0-M1:enforce[m [1m(enforce-java)[m @ [36mactiviti-engine[0;1m ---[m
[[1;34mINFO[m] 
[[1;34mINFO[m] [1m--- [0;32mmaven-enforcer-plugin:3.0.0-M1:enforce[m [1m(enforce-maven)[m @ [36mactiviti-engine[0;1m ---[m
[[1;34mINFO[m] 
[[1;34mINFO[m] [1m--- [0;32mmaven-enforcer-plugin:3.0.0-M1:enforce[m [1m(enforce-plugin-versions)[m @ [36mactiviti-engine[0;1m ---[m
[[1;34mINFO[m] 
[[1;34mINFO[m] [1m--- [0;32mmaven-enforcer-plugin:3.0.0-M1:enforce[m [1m(enforce-direct-dependencies)[m @ [36mactiviti-engine[0;1m ---[m
[[1;34mINFO[m] Flag 'useClassesFromLastBuild' is set. Try to use existing output folder.
[[1;34mINFO[m] Flag 'suppressTypesFromJavaRuntime' is set. Classes available in current Java-runtime will be ignored.
[[1;34mINFO[m] Analyze dependencies of artifact 'org.activiti:activiti-engine:jar:7.0.0-SNAPSHOT'.
[[1;34mINFO[m] No illegal transitive dependencies found in 'org.activiti:activiti-engine:jar:7.0.0-SNAPSHOT'.
[[1;34mINFO[m] 
[[1;34mINFO[m] [1m--- [0;32mmaven-enforcer-plugin:3.0.0-M1:enforce[m [1m(ban-blacklisted-dependencies)[m @ [36mactiviti-engine[0;1m ---[m
[[1;34mINFO[m] 
[[1;34mINFO[m] [1m--- [0;32mjacoco-maven-plugin:0.8.8:prepare-agent[m [1m(pre-unit-test)[m @ [36mactiviti-engine[0;1m ---[m
[[1;34mINFO[m] argLine set to -javaagent:/root/.m2/repository/org/jacoco/org.jacoco.agent/0.8.8/org.jacoco.agent-0.8.8-runtime.jar=destfile=/NOD-Test-Repair/tdrepro/projects/activiti/activiti/activiti-engine/target/jacoco.exec -Duser.language=en
[[1;34mINFO[m] 
[[1;34mINFO[m] [1m--- [0;32mjacoco-maven-plugin:0.8.8:prepare-agent[m [1m(default-prepare-agent)[m @ [36mactiviti-engine[0;1m ---[m
[[1;34mINFO[m] argLine set to -javaagent:/root/.m2/repository/org/jacoco/org.jacoco.agent/0.8.8/org.jacoco.agent-0.8.8-runtime.jar=destfile=/NOD-Test-Repair/tdrepro/projects/activiti/activiti/activiti-engine/target/jacoco.exec -Duser.language=en
[[1;34mINFO[m] 
[[1;34mINFO[m] [1m--- [0;32mmaven-resources-plugin:3.0.1:resources[m [1m(default-resources)[m @ [36mactiviti-engine[0;1m ---[m
[[1;34mINFO[m] Using 'UTF-8' encoding to copy filtered resources.
[[1;34mINFO[m] Copying 368 resources
[[1;34mINFO[m] 
[[1;34mINFO[m] [1m--- [0;32mmaven-compiler-plugin:3.7.0:compile[m [1m(default-compile)[m @ [36mactiviti-engine[0;1m ---[m
[[1;34mINFO[m] Nothing to compile - all classes are up to date
[[1;34mINFO[m] 
[[1;34mINFO[m] [1m--- [0;32mmaven-resources-plugin:3.0.1:testResources[m [1m(default-testResources)[m @ [36mactiviti-engine[0;1m ---[m
[[1;34mINFO[m] Using 'UTF-8' encoding to copy filtered resources.
[[1;34mINFO[m] Copying 1070 resources
[[1;34mINFO[m] 
[[1;34mINFO[m] [1m--- [0;32mmaven-compiler-plugin:3.7.0:testCompile[m [1m(default-testCompile)[m @ [36mactiviti-engine[0;1m ---[m
[[1;34mINFO[m] Nothing to compile - all classes are up to date
[[1;34mINFO[m] 
[[1;34mINFO[m] [1m--- [0;32mmaven-surefire-plugin:2.19.1:test[m [1m(default-test)[m @ [36mactiviti-engine[0;1m ---[m
[[1;34mINFO[m] Tests are skipped.
[[1;34mINFO[m] 
[[1;34mINFO[m] [1m--- [0;32mjacoco-maven-plugin:0.8.8:report[m [1m(post-unit-test)[m @ [36mactiviti-engine[0;1m ---[m
[[1;34mINFO[m] Loading execution data file /NOD-Test-Repair/tdrepro/projects/activiti/activiti/activiti-engine/target/jacoco.exec
[[1;34mINFO[m] Analyzed bundle 'Activiti :: Engine' with 877 classes
[[1;34mINFO[m] 
[[1;34mINFO[m] [1m--- [0;32mjacoco-maven-plugin:0.8.8:report[m [1m(jacoco-report)[m @ [36mactiviti-engine[0;1m ---[m
[[1;34mINFO[m] Loading execution data file /NOD-Test-Repair/tdrepro/projects/activiti/activiti/activiti-engine/target/jacoco.exec
[[1;34mINFO[m] Analyzed bundle 'Activiti :: Engine' with 877 classes
[[1;34mINFO[m] 
[[1;34mINFO[m] [1m--- [0;32mmaven-jar-plugin:3.0.2:jar[m [1m(default-jar)[m @ [36mactiviti-engine[0;1m ---[m
[[1;34mINFO[m] 
[[1;34mINFO[m] [1m--- [0;32mjacoco-maven-plugin:0.8.8:prepare-agent-integration[m [1m(pre-integration-test)[m @ [36mactiviti-engine[0;1m ---[m
[[1;34mINFO[m] argLine set to -javaagent:/root/.m2/repository/org/jacoco/org.jacoco.agent/0.8.8/org.jacoco.agent-0.8.8-runtime.jar=destfile=/NOD-Test-Repair/tdrepro/projects/activiti/activiti/activiti-engine/target/jacoco-it.exec -Duser.language=en
[[1;34mINFO[m] 
[[1;34mINFO[m] [1m--- [0;32mjacoco-maven-plugin:0.8.8:report-integration[m [1m(post-integration-test)[m @ [36mactiviti-engine[0;1m ---[m
[[1;34mINFO[m] Skipping JaCoCo execution due to missing execution data file.
[[1;34mINFO[m] 
[[1;34mINFO[m] [1m--- [0;32mmaven-install-plugin:2.5.2:install[m [1m(default-install)[m @ [36mactiviti-engine[0;1m ---[m
[[1;34mINFO[m] Installing /NOD-Test-Repair/tdrepro/projects/activiti/activiti/activiti-engine/target/activiti-engine-7.0.0-SNAPSHOT.jar to /root/.m2/repository/org/activiti/activiti-engine/7.0.0-SNAPSHOT/activiti-engine-7.0.0-SNAPSHOT.jar
[[1;34mINFO[m] Installing /NOD-Test-Repair/tdrepro/projects/activiti/activiti/activiti-engine/pom.xml to /root/.m2/repository/org/activiti/activiti-engine/7.0.0-SNAPSHOT/activiti-engine-7.0.0-SNAPSHOT.pom
[[1;34mINFO[m] [1m------------------------------------------------------------------------[m
[[1;34mINFO[m] [1mReactor Summary for Activiti Core :: Parent 7.0.0-SNAPSHOT:[m
[[1;34mINFO[m] 
[[1;34mINFO[m] Activiti Core :: Parent ............................ [1;32mSUCCESS[m [  0.330 s]
[[1;34mINFO[m] Activiti :: BPMN Model ............................. [1;32mSUCCESS[m [  0.412 s]
[[1;34mINFO[m] Activiti :: Process Validation ..................... [1;32mSUCCESS[m [  0.158 s]
[[1;34mINFO[m] Activiti :: BPMN Layout ............................ [1;32mSUCCESS[m [  0.060 s]
[[1;34mINFO[m] Activiti :: BPMN Converter ......................... [1;32mSUCCESS[m [  0.291 s]
[[1;34mINFO[m] Activiti :: Engine ................................. [1;32mSUCCESS[m [  2.883 s]
[[1;34mINFO[m] [1m------------------------------------------------------------------------[m
[[1;34mINFO[m] [1;32mBUILD SUCCESS[m
[[1;34mINFO[m] [1m------------------------------------------------------------------------[m
[[1;34mINFO[m] Total time:  4.326 s
[[1;34mINFO[m] Finished at: 2026-04-30T23:34:43Z
[[1;34mINFO[m] [1m------------------------------------------------------------------------[m
activiti_activiti
/NOD-Test-Repair/tdrepro/projects/activiti/activiti/activiti-spring-identity
/NOD-Test-Repair/tdrepro/projects/activiti/activiti/activiti-spring-security-policies
/NOD-Test-Repair/tdrepro/projects/activiti/activiti/activiti-spring-security
/NOD-Test-Repair/tdrepro/projects/activiti/activiti/activiti-api-impl/activiti-api-runtime-shared-impl
/NOD-Test-Repair/tdrepro/projects/activiti/activiti/activiti-engine
/NOD-Test-Repair/tdrepro/projects/activiti/activiti/activiti-core-dependencies
/NOD-Test-Repair/tdrepro/projects/activiti/activiti/activiti-bpmn-layout
/NOD-Test-Repair/tdrepro/projects/activiti/activiti/activiti-bpmn-model
/NOD-Test-Repair/tdrepro/projects/activiti/activiti/activiti-api-impl/activiti-api-model-shared-impl
/NOD-Test-Repair/tdrepro/projects/activiti/activiti/activiti-bpmn-converter
/NOD-Test-Repair/tdrepro/projects/activiti/activiti/activiti-api-impl/activiti-api-process-runtime-impl
/NOD-Test-Repair/tdrepro/projects/activiti/activiti/activiti-spring-boot-starter
/NOD-Test-Repair/tdrepro/projects/activiti/activiti/activiti-api-impl/activiti-api-task-model-impl
/NOD-Test-Repair/tdrepro/projects/activiti/activiti/activiti-json-converter
/NOD-Test-Repair/tdrepro/projects/activiti/activiti/activiti-api-impl
/NOD-Test-Repair/tdrepro/projects/activiti/activiti/activiti-api-impl/activiti-api-process-model-impl
/NOD-Test-Repair/tdrepro/projects/activiti/activiti/activiti-image-generator
/NOD-Test-Repair/tdrepro/projects/activiti/activiti/activiti-spring
/NOD-Test-Repair/tdrepro/projects/activiti/activiti/activiti-process-validation
/NOD-Test-Repair/tdrepro/projects/activiti/activiti/activiti-api-impl/activiti-api-task-runtime-impl
/NOD-Test-Repair/tdrepro/projects/activiti/activiti
[[1;34mINFO[m] Scanning for projects...
[[1;33mWARNING[m] 
[[1;33mWARNING[m] Some problems were encountered while building the effective model for org.activiti:activiti-core-dependencies:pom:7.0.0-SNAPSHOT
[[1;33mWARNING[m] 'build.plugins.plugin.(groupId:artifactId)' must be unique but found duplicate declaration of plugin org.jacoco:jacoco-maven-plugin @ line 153, column 17
[[1;33mWARNING[m] 'build.plugins.plugin.(groupId:artifactId)' must be unique but found duplicate declaration of plugin org.apache.maven.plugins:maven-surefire-plugin @ line 173, column 21
[[1;33mWARNING[m] 'build.plugins.plugin.(groupId:artifactId)' must be unique but found duplicate declaration of plugin org.jacoco:jacoco-maven-plugin @ line 181, column 17
[[1;33mWARNING[m] 'build.plugins.plugin.(groupId:artifactId)' must be unique but found duplicate declaration of plugin org.apache.maven.plugins:maven-surefire-plugin @ line 201, column 21
[[1;33mWARNING[m] 'build.plugins.plugin.(groupId:artifactId)' must be unique but found duplicate declaration of plugin org.jacoco:jacoco-maven-plugin @ org.activiti:activiti-root:7.0.0-SNAPSHOT, /NOD-Test-Repair/tdrepro/projects/activiti/activiti/pom.xml, line 380, column 17
[[1;33mWARNING[m] 'build.plugins.plugin.(groupId:artifactId)' must be unique but found duplicate declaration of plugin org.apache.maven.plugins:maven-surefire-plugin @ org.activiti:activiti-root:7.0.0-SNAPSHOT, /NOD-Test-Repair/tdrepro/projects/activiti/activiti/pom.xml, line 400, column 21
[[1;33mWARNING[m] 'build.plugins.plugin.(groupId:artifactId)' must be unique but found duplicate declaration of plugin org.jacoco:jacoco-maven-plugin @ org.activiti:activiti-root:7.0.0-SNAPSHOT, /NOD-Test-Repair/tdrepro/projects/activiti/activiti/pom.xml, line 408, column 17
[[1;33mWARNING[m] 'build.plugins.plugin.(groupId:artifactId)' must be unique but found duplicate declaration of plugin org.apache.maven.plugins:maven-surefire-plugin @ org.activiti:activiti-root:7.0.0-SNAPSHOT, /NOD-Test-Repair/tdrepro/projects/activiti/activiti/pom.xml, line 428, column 21
[[1;33mWARNING[m] 
[[1;33mWARNING[m] Some problems were encountered while building the effective model for org.activiti:activiti-api-model-shared-impl:jar:7.0.0-SNAPSHOT
[[1;33mWARNING[m] 'build.plugins.plugin.(groupId:artifactId)' must be unique but found duplicate declaration of plugin org.jacoco:jacoco-maven-plugin @ line 76, column 17
[[1;33mWARNING[m] 'build.plugins.plugin.(groupId:artifactId)' must be unique but found duplicate declaration of plugin org.apache.maven.plugins:maven-surefire-plugin @ line 96, column 21
[[1;33mWARNING[m] 'build.plugins.plugin.(groupId:artifactId)' must be unique but found duplicate declaration of plugin org.jacoco:jacoco-maven-plugin @ line 104, column 17
[[1;33mWARNING[m] 'build.plugins.plugin.(groupId:artifactId)' must be unique but found duplicate declaration of plugin org.apache.maven.plugins:maven-surefire-plugin @ line 124, column 21
[[1;33mWARNING[m] 'build.plugins.plugin.(groupId:artifactId)' must be unique but found duplicate declaration of plugin org.jacoco:jacoco-maven-plugin @ org.activiti:activiti-api-impl:7.0.0-SNAPSHOT, /NOD-Test-Repair/tdrepro/projects/activiti/activiti/activiti-api-impl/pom.xml, line 49, column 17
[[1;33mWARNING[m] 'build.plugins.plugin.(groupId:artifactId)' must be unique but found duplicate declaration of plugin org.apache.maven.plugins:maven-surefire-plugin @ org.activiti:activiti-api-impl:7.0.0-SNAPSHOT, /NOD-Test-Repair/tdrepro/projects/activiti/activiti/activiti-api-impl/pom.xml, line 69, column 21
[[1;33mWARNING[m] 'build.plugins.plugin.(groupId:artifactId)' must be unique but found duplicate declaration of plugin org.jacoco:jacoco-maven-plugin @ org.activiti:activiti-api-impl:7.0.0-SNAPSHOT, /NOD-Test-Repair/tdrepro/projects/activiti/activiti/activiti-api-impl/pom.xml, line 77, column 17
[[1;33mWARNING[m] 'build.plugins.plugin.(groupId:artifactId)' must be unique but found duplicate declaration of plugin org.apache.maven.plugins:maven-surefire-plugin @ org.activiti:activiti-api-impl:7.0.0-SNAPSHOT, /NOD-Test-Repair/tdrepro/projects/activiti/activiti/activiti-api-impl/pom.xml, line 97, column 21
[[1;33mWARNING[m] 
[[1;33mWARNING[m] Some problems were encountered while building the effective model for org.activiti:activiti-api-runtime-shared-impl:jar:7.0.0-SNAPSHOT
[[1;33mWARNING[m] 'build.plugins.plugin.(groupId:artifactId)' must be unique but found duplicate declaration of plugin org.jacoco:jacoco-maven-plugin @ line 70, column 17
[[1;33mWARNING[m] 'build.plugins.plugin.(groupId:artifactId)' must be unique but found duplicate declaration of plugin org.apache.maven.plugins:maven-surefire-plugin @ line 90, column 21
[[1;33mWARNING[m] 'build.plugins.plugin.(groupId:artifactId)' must be unique but found duplicate declaration of plugin org.jacoco:jacoco-maven-plugin @ line 98, column 17
[[1;33mWARNING[m] 'build.plugins.plugin.(groupId:artifactId)' must be unique but found duplicate declaration of plugin org.apache.maven.plugins:maven-surefire-plugin @ line 118, column 21
[[1;33mWARNING[m] 
[[1;33mWARNING[m] Some problems were encountered while building the effective model for org.activiti:activiti-api-process-model-impl:jar:7.0.0-SNAPSHOT
[[1;33mWARNING[m] 'build.plugins.plugin.(groupId:artifactId)' must be unique but found duplicate declaration of plugin org.jacoco:jacoco-maven-plugin @ line 88, column 17
[[1;33mWARNING[m] 'build.plugins.plugin.(groupId:artifactId)' must be unique but found duplicate declaration of plugin org.apache.maven.plugins:maven-surefire-plugin @ line 108, column 21
[[1;33mWARNING[m] 'build.plugins.plugin.(groupId:artifactId)' must be unique but found duplicate declaration of plugin org.jacoco:jacoco-maven-plugin @ line 116, column 17
[[1;33mWARNING[m] 'build.plugins.plugin.(groupId:artifactId)' must be unique but found duplicate declaration of plugin org.apache.maven.plugins:maven-surefire-plugin @ line 136, column 21
[[1;33mWARNING[m] 
[[1;33mWARNING[m] Some problems were encountered while building the effective model for org.activiti:activiti-api-process-runtime-impl:jar:7.0.0-SNAPSHOT
[[1;33mWARNING[m] 'build.plugins.plugin.(groupId:artifactId)' must be unique but found duplicate declaration of plugin org.jacoco:jacoco-maven-plugin @ line 121, column 17
[[1;33mWARNING[m] 'build.plugins.plugin.(groupId:artifactId)' must be unique but found duplicate declaration of plugin org.apache.maven.plugins:maven-surefire-plugin @ line 141, column 21
[[1;33mWARNING[m] 'build.plugins.plugin.(groupId:artifactId)' must be unique but found duplicate declaration of plugin org.jacoco:jacoco-maven-plugin @ line 149, column 17
[[1;33mWARNING[m] 'build.plugins.plugin.(groupId:artifactId)' must be unique but found duplicate declaration of plugin org.apache.maven.plugins:maven-surefire-plugin @ line 169, column 21
[[1;33mWARNING[m] 
[[1;33mWARNING[m] Some problems were encountered while building the effective model for org.activiti:activiti-api-task-model-impl:jar:7.0.0-SNAPSHOT
[[1;33mWARNING[m] 'build.plugins.plugin.(groupId:artifactId)' must be unique but found duplicate declaration of plugin org.jacoco:jacoco-maven-plugin @ line 74, column 17
[[1;33mWARNING[m] 'build.plugins.plugin.(groupId:artifactId)' must be unique but found duplicate declaration of plugin org.apache.maven.plugins:maven-surefire-plugin @ line 94, column 21
[[1;33mWARNING[m] 'build.plugins.plugin.(groupId:artifactId)' must be unique but found duplicate declaration of plugin org.jacoco:jacoco-maven-plugin @ line 102, column 17
[[1;33mWARNING[m] 'build.plugins.plugin.(groupId:artifactId)' must be unique but found duplicate declaration of plugin org.apache.maven.plugins:maven-surefire-plugin @ line 122, column 21
[[1;33mWARNING[m] 
[[1;33mWARNING[m] Some problems were encountered while building the effective model for org.activiti:activiti-api-task-runtime-impl:jar:7.0.0-SNAPSHOT
[[1;33mWARNING[m] 'build.plugins.plugin.(groupId:artifactId)' must be unique but found duplicate declaration of plugin org.jacoco:jacoco-maven-plugin @ line 110, column 17
[[1;33mWARNING[m] 'build.plugins.plugin.(groupId:artifactId)' must be unique but found duplicate declaration of plugin org.apache.maven.plugins:maven-surefire-plugin @ line 130, column 21
[[1;33mWARNING[m] 'build.plugins.plugin.(groupId:artifactId)' must be unique but found duplicate declaration of plugin org.jacoco:jacoco-maven-plugin @ line 138, column 17
[[1;33mWARNING[m] 'build.plugins.plugin.(groupId:artifactId)' must be unique but found duplicate declaration of plugin org.apache.maven.plugins:maven-surefire-plugin @ line 158, column 21
[[1;33mWARNING[m] 
[[1;33mWARNING[m] Some problems were encountered while building the effective model for org.activiti:activiti-api-impl:pom:7.0.0-SNAPSHOT
[[1;33mWARNING[m] 'build.plugins.plugin.(groupId:artifactId)' must be unique but found duplicate declaration of plugin org.jacoco:jacoco-maven-plugin @ line 49, column 17
[[1;33mWARNING[m] 'build.plugins.plugin.(groupId:artifactId)' must be unique but found duplicate declaration of plugin org.apache.maven.plugins:maven-surefire-plugin @ line 69, column 21
[[1;33mWARNING[m] 'build.plugins.plugin.(groupId:artifactId)' must be unique but found duplicate declaration of plugin org.jacoco:jacoco-maven-plugin @ line 77, column 17
[[1;33mWARNING[m] 'build.plugins.plugin.(groupId:artifactId)' must be unique but found duplicate declaration of plugin org.apache.maven.plugins:maven-surefire-plugin @ line 97, column 21
[[1;33mWARNING[m] 
[[1;33mWARNING[m] Some problems were encountered while building the effective model for org.activiti:activiti-bpmn-model:jar:7.0.0-SNAPSHOT
[[1;33mWARNING[m] 'build.plugins.plugin.(groupId:artifactId)' must be unique but found duplicate declaration of plugin org.jacoco:jacoco-maven-plugin @ line 62, column 17
[[1;33mWARNING[m] 'build.plugins.plugin.(groupId:artifactId)' must be unique but found duplicate declaration of plugin org.apache.maven.plugins:maven-surefire-plugin @ line 82, column 21
[[1;33mWARNING[m] 'build.plugins.plugin.(groupId:artifactId)' must be unique but found duplicate declaration of plugin org.jacoco:jacoco-maven-plugin @ line 90, column 17
[[1;33mWARNING[m] 'build.plugins.plugin.(groupId:artifactId)' must be unique but found duplicate declaration of plugin org.apache.maven.plugins:maven-surefire-plugin @ line 110, column 21
[[1;33mWARNING[m] 
[[1;33mWARNING[m] Some problems were encountered while building the effective model for org.activiti:activiti-bpmn-layout:jar:7.0.0-SNAPSHOT
[[1;33mWARNING[m] 'build.plugins.plugin.(groupId:artifactId)' must be unique but found duplicate declaration of plugin org.jacoco:jacoco-maven-plugin @ line 67, column 17
[[1;33mWARNING[m] 'build.plugins.plugin.(groupId:artifactId)' must be unique but found duplicate declaration of plugin org.apache.maven.plugins:maven-surefire-plugin @ line 87, column 21
[[1;33mWARNING[m] 'build.plugins.plugin.(groupId:artifactId)' must be unique but found duplicate declaration of plugin org.jacoco:jacoco-maven-plugin @ line 95, column 17
[[1;33mWARNING[m] 'build.plugins.plugin.(groupId:artifactId)' must be unique but found duplicate declaration of plugin org.apache.maven.plugins:maven-surefire-plugin @ line 115, column 21
[[1;33mWARNING[m] 
[[1;33mWARNING[m] Some problems were encountered while building the effective model for org.activiti:activiti-bpmn-converter:jar:7.0.0-SNAPSHOT
[[1;33mWARNING[m] 'build.plugins.plugin.(groupId:artifactId)' must be unique but found duplicate declaration of plugin org.jacoco:jacoco-maven-plugin @ line 101, column 17
[[1;33mWARNING[m] 'build.plugins.plugin.(groupId:artifactId)' must be unique but found duplicate declaration of plugin org.apache.maven.plugins:maven-surefire-plugin @ line 121, column 21
[[1;33mWARNING[m] 'build.plugins.plugin.(groupId:artifactId)' must be unique but found duplicate declaration of plugin org.jacoco:jacoco-maven-plugin @ line 129, column 17
[[1;33mWARNING[m] 'build.plugins.plugin.(groupId:artifactId)' must be unique but found duplicate declaration of plugin org.apache.maven.plugins:maven-surefire-plugin @ line 149, column 21
[[1;33mWARNING[m] 
[[1;33mWARNING[m] Some problems were encountered while building the effective model for org.activiti:activiti-process-validation:jar:7.0.0-SNAPSHOT
[[1;33mWARNING[m] 'build.plugins.plugin.(groupId:artifactId)' must be unique but found duplicate declaration of plugin org.jacoco:jacoco-maven-plugin @ line 64, column 17
[[1;33mWARNING[m] 'build.plugins.plugin.(groupId:artifactId)' must be unique but found duplicate declaration of plugin org.apache.maven.plugins:maven-surefire-plugin @ line 84, column 21
[[1;33mWARNING[m] 'build.plugins.plugin.(groupId:artifactId)' must be unique but found duplicate declaration of plugin org.jacoco:jacoco-maven-plugin @ line 92, column 17
[[1;33mWARNING[m] 'build.plugins.plugin.(groupId:artifactId)' must be unique but found duplicate declaration of plugin org.apache.maven.plugins:maven-surefire-plugin @ line 112, column 21
[[1;33mWARNING[m] 
[[1;33mWARNING[m] Some problems were encountered while building the effective model for org.activiti:activiti-image-generator:jar:7.0.0-SNAPSHOT
[[1;33mWARNING[m] 'build.plugins.plugin.(groupId:artifactId)' must be unique but found duplicate declaration of plugin org.jacoco:jacoco-maven-plugin @ line 105, column 17
[[1;33mWARNING[m] 'build.plugins.plugin.(groupId:artifactId)' must be unique but found duplicate declaration of plugin org.apache.maven.plugins:maven-surefire-plugin @ line 125, column 21
[[1;33mWARNING[m] 'build.plugins.plugin.(groupId:artifactId)' must be unique but found duplicate declaration of plugin org.jacoco:jacoco-maven-plugin @ line 133, column 17
[[1;33mWARNING[m] 'build.plugins.plugin.(groupId:artifactId)' must be unique but found duplicate declaration of plugin org.apache.maven.plugins:maven-surefire-plugin @ line 153, column 21
[[1;33mWARNING[m] 
[[1;33mWARNING[m] Some problems were encountered while building the effective model for org.activiti:activiti-json-converter:jar:7.0.0-SNAPSHOT
[[1;33mWARNING[m] 'build.plugins.plugin.(groupId:artifactId)' must be unique but found duplicate declaration of plugin org.jacoco:jacoco-maven-plugin @ line 93, column 17
[[1;33mWARNING[m] 'build.plugins.plugin.(groupId:artifactId)' must be unique but found duplicate declaration of plugin org.apache.maven.plugins:maven-surefire-plugin @ line 113, column 21
[[1;33mWARNING[m] 'build.plugins.plugin.(groupId:artifactId)' must be unique but found duplicate declaration of plugin org.jacoco:jacoco-maven-plugin @ line 121, column 17
[[1;33mWARNING[m] 'build.plugins.plugin.(groupId:artifactId)' must be unique but found duplicate declaration of plugin org.apache.maven.plugins:maven-surefire-plugin @ line 141, column 21
[[1;33mWARNING[m] 
[[1;33mWARNING[m] Some problems were encountered while building the effective model for org.activiti:activiti-engine:jar:7.0.0-SNAPSHOT
[[1;33mWARNING[m] 'build.plugins.plugin.(groupId:artifactId)' must be unique but found duplicate declaration of plugin org.apache.maven.plugins:maven-surefire-plugin @ line 183, column 21
[[1;33mWARNING[m] 'build.plugins.plugin.(groupId:artifactId)' must be unique but found duplicate declaration of plugin org.jacoco:jacoco-maven-plugin @ line 191, column 17
[[1;33mWARNING[m] 'build.plugins.plugin.(groupId:artifactId)' must be unique but found duplicate declaration of plugin org.apache.maven.plugins:maven-surefire-plugin @ line 211, column 21
[[1;33mWARNING[m] 'build.plugins.plugin.(groupId:artifactId)' must be unique but found duplicate declaration of plugin org.jacoco:jacoco-maven-plugin @ line 219, column 17
[[1;33mWARNING[m] 'build.plugins.plugin.(groupId:artifactId)' must be unique but found duplicate declaration of plugin org.apache.maven.plugins:maven-surefire-plugin @ line 239, column 21
[[1;33mWARNING[m] 
[[1;33mWARNING[m] Some problems were encountered while building the effective model for org.activiti:activiti-spring:jar:7.0.0-SNAPSHOT
[[1;33mWARNING[m] 'build.plugins.plugin.(groupId:artifactId)' must be unique but found duplicate declaration of plugin org.jacoco:jacoco-maven-plugin @ line 247, column 17
[[1;33mWARNING[m] 'build.plugins.plugin.(groupId:artifactId)' must be unique but found duplicate declaration of plugin org.apache.maven.plugins:maven-surefire-plugin @ line 267, column 21
[[1;33mWARNING[m] 'build.plugins.plugin.(groupId:artifactId)' must be unique but found duplicate declaration of plugin org.jacoco:jacoco-maven-plugin @ line 275, column 17
[[1;33mWARNING[m] 'build.plugins.plugin.(groupId:artifactId)' must be unique but found duplicate declaration of plugin org.apache.maven.plugins:maven-surefire-plugin @ line 295, column 21
[[1;33mWARNING[m] 
[[1;33mWARNING[m] Some problems were encountered while building the effective model for org.activiti:activiti-spring-identity:jar:7.0.0-SNAPSHOT
[[1;33mWARNING[m] 'build.plugins.plugin.(groupId:artifactId)' must be unique but found duplicate declaration of plugin org.jacoco:jacoco-maven-plugin @ line 97, column 17
[[1;33mWARNING[m] 'build.plugins.plugin.(groupId:artifactId)' must be unique but found duplicate declaration of plugin org.apache.maven.plugins:maven-surefire-plugin @ line 117, column 21
[[1;33mWARNING[m] 'build.plugins.plugin.(groupId:artifactId)' must be unique but found duplicate declaration of plugin org.jacoco:jacoco-maven-plugin @ line 125, column 17
[[1;33mWARNING[m] 'build.plugins.plugin.(groupId:artifactId)' must be unique but found duplicate declaration of plugin org.apache.maven.plugins:maven-surefire-plugin @ line 145, column 21
[[1;33mWARNING[m] 
[[1;33mWARNING[m] Some problems were encountered while building the effective model for org.activiti:activiti-spring-security:jar:7.0.0-SNAPSHOT
[[1;33mWARNING[m] 'build.plugins.plugin.(groupId:artifactId)' must be unique but found duplicate declaration of plugin org.jacoco:jacoco-maven-plugin @ line 99, column 17
[[1;33mWARNING[m] 'build.plugins.plugin.(groupId:artifactId)' must be unique but found duplicate declaration of plugin org.apache.maven.plugins:maven-surefire-plugin @ line 119, column 21
[[1;33mWARNING[m] 'build.plugins.plugin.(groupId:artifactId)' must be unique but found duplicate declaration of plugin org.jacoco:jacoco-maven-plugin @ line 127, column 17
[[1;33mWARNING[m] 'build.plugins.plugin.(groupId:artifactId)' must be unique but found duplicate declaration of plugin org.apache.maven.plugins:maven-surefire-plugin @ line 147, column 21
[[1;33mWARNING[m] 
[[1;33mWARNING[m] Some problems were encountered while building the effective model for org.activiti:activiti-spring-security-policies:jar:7.0.0-SNAPSHOT
[[1;33mWARNING[m] 'build.plugins.plugin.(groupId:artifactId)' must be unique but found duplicate declaration of plugin org.jacoco:jacoco-maven-plugin @ line 86, column 17
[[1;33mWARNING[m] 'build.plugins.plugin.(groupId:artifactId)' must be unique but found duplicate declaration of plugin org.apache.maven.plugins:maven-surefire-plugin @ line 106, column 21
[[1;33mWARNING[m] 'build.plugins.plugin.(groupId:artifactId)' must be unique but found duplicate declaration of plugin org.jacoco:jacoco-maven-plugin @ line 114, column 17
[[1;33mWARNING[m] 'build.plugins.plugin.(groupId:artifactId)' must be unique but found duplicate declaration of plugin org.apache.maven.plugins:maven-surefire-plugin @ line 134, column 21
[[1;33mWARNING[m] 
[[1;33mWARNING[m] Some problems were encountered while building the effective model for org.activiti:activiti-spring-boot-starter:jar:7.0.0-SNAPSHOT
[[1;33mWARNING[m] 'build.plugins.plugin.(groupId:artifactId)' must be unique but found duplicate declaration of plugin org.jacoco:jacoco-maven-plugin @ line 174, column 17
[[1;33mWARNING[m] 'build.plugins.plugin.(groupId:artifactId)' must be unique but found duplicate declaration of plugin org.apache.maven.plugins:maven-surefire-plugin @ line 194, column 21
[[1;33mWARNING[m] 'build.plugins.plugin.(groupId:artifactId)' must be unique but found duplicate declaration of plugin org.jacoco:jacoco-maven-plugin @ line 202, column 17
[[1;33mWARNING[m] 'build.plugins.plugin.(groupId:artifactId)' must be unique but found duplicate declaration of plugin org.apache.maven.plugins:maven-surefire-plugin @ line 222, column 21
[[1;33mWARNING[m] 
[[1;33mWARNING[m] Some problems were encountered while building the effective model for org.activiti:activiti-root:pom:7.0.0-SNAPSHOT
[[1;33mWARNING[m] 'build.plugins.plugin.(groupId:artifactId)' must be unique but found duplicate declaration of plugin org.jacoco:jacoco-maven-plugin @ line 380, column 17
[[1;33mWARNING[m] 'build.plugins.plugin.(groupId:artifactId)' must be unique but found duplicate declaration of plugin org.apache.maven.plugins:maven-surefire-plugin @ line 400, column 21
[[1;33mWARNING[m] 'build.plugins.plugin.(groupId:artifactId)' must be unique but found duplicate declaration of plugin org.jacoco:jacoco-maven-plugin @ line 408, column 17
[[1;33mWARNING[m] 'build.plugins.plugin.(groupId:artifactId)' must be unique but found duplicate declaration of plugin org.apache.maven.plugins:maven-surefire-plugin @ line 428, column 21
[[1;33mWARNING[m] 
[[1;33mWARNING[m] It is highly recommended to fix these problems because they threaten the stability of your build.
[[1;33mWARNING[m] 
[[1;33mWARNING[m] For this reason, future Maven versions might no longer support building such malformed projects.
[[1;33mWARNING[m] 
[[1;34mINFO[m] [1m------------------------------------------------------------------------[m
[[1;34mINFO[m] [1mReactor Build Order:[m
[[1;34mINFO[m] 
[[1;34mINFO[m] Activiti Core :: Parent                                            [pom]
[[1;34mINFO[m] Activiti :: BPMN Model                                             [jar]
[[1;34mINFO[m] Activiti :: Process Validation                                     [jar]
[[1;34mINFO[m] Activiti :: BPMN Layout                                            [jar]
[[1;34mINFO[m] Activiti :: BPMN Converter                                         [jar]
[[1;34mINFO[m] Activiti :: Engine                                                 [jar]
[[1;34mINFO[m] 
[[1;34mINFO[m] [1m---------------------< [0;36morg.activiti:activiti-root[0;1m >---------------------[m
[[1;34mINFO[m] [1mBuilding Activiti Core :: Parent 7.0.0-SNAPSHOT                    [1/6][m
[[1;34mINFO[m] [1m--------------------------------[ pom ]---------------------------------[m
[[1;34mINFO[m] 
[[1;34mINFO[m] [1m--- [0;32mmaven-clean-plugin:3.0.0:clean[m [1m(default-clean)[m @ [36mactiviti-root[0;1m ---[m
[[1;34mINFO[m] 
[[1;34mINFO[m] [1m--- [0;32mmaven-enforcer-plugin:3.0.0-M1:enforce[m [1m(enforce-java)[m @ [36mactiviti-root[0;1m ---[m
[[1;34mINFO[m] 
[[1;34mINFO[m] [1m--- [0;32mmaven-enforcer-plugin:3.0.0-M1:enforce[m [1m(enforce-maven)[m @ [36mactiviti-root[0;1m ---[m
[[1;34mINFO[m] 
[[1;34mINFO[m] [1m--- [0;32mmaven-enforcer-plugin:3.0.0-M1:enforce[m [1m(enforce-plugin-versions)[m @ [36mactiviti-root[0;1m ---[m
[[1;34mINFO[m] 
[[1;34mINFO[m] [1m--- [0;32mmaven-enforcer-plugin:3.0.0-M1:enforce[m [1m(enforce-direct-dependencies)[m @ [36mactiviti-root[0;1m ---[m
[[1;34mINFO[m] Flag 'useClassesFromLastBuild' is set. Try to use existing output folder.
[[1;34mINFO[m] Flag 'suppressTypesFromJavaRuntime' is set. Classes available in current Java-runtime will be ignored.
[[1;34mINFO[m] Analyze dependencies of artifact 'org.activiti:activiti-root:pom:7.0.0-SNAPSHOT'.
[[1;34mINFO[m] Nothing to analyze in 'org.activiti:activiti-root:pom:7.0.0-SNAPSHOT'.
[[1;34mINFO[m] 
[[1;34mINFO[m] [1m--- [0;32mmaven-enforcer-plugin:3.0.0-M1:enforce[m [1m(ban-blacklisted-dependencies)[m @ [36mactiviti-root[0;1m ---[m
[[1;34mINFO[m] 
[[1;34mINFO[m] [1m--- [0;32mjacoco-maven-plugin:0.8.8:prepare-agent[m [1m(pre-unit-test)[m @ [36mactiviti-root[0;1m ---[m
[[1;34mINFO[m] argLine set to -javaagent:/root/.m2/repository/org/jacoco/org.jacoco.agent/0.8.8/org.jacoco.agent-0.8.8-runtime.jar=destfile=/NOD-Test-Repair/tdrepro/projects/activiti/activiti/target/jacoco.exec -Duser.language=en
[[1;34mINFO[m] 
[[1;34mINFO[m] [1m--- [0;32mjacoco-maven-plugin:0.8.8:prepare-agent[m [1m(default-prepare-agent)[m @ [36mactiviti-root[0;1m ---[m
[[1;34mINFO[m] argLine set to -javaagent:/root/.m2/repository/org/jacoco/org.jacoco.agent/0.8.8/org.jacoco.agent-0.8.8-runtime.jar=destfile=/NOD-Test-Repair/tdrepro/projects/activiti/activiti/target/jacoco.exec -Duser.language=en
[[1;34mINFO[m] 
[[1;34mINFO[m] [1m--- [0;32mjacoco-maven-plugin:0.8.8:report[m [1m(post-unit-test)[m @ [36mactiviti-root[0;1m ---[m
[[1;34mINFO[m] Skipping JaCoCo execution due to missing execution data file.
[[1;34mINFO[m] 
[[1;34mINFO[m] [1m--- [0;32mjacoco-maven-plugin:0.8.8:report[m [1m(jacoco-report)[m @ [36mactiviti-root[0;1m ---[m
[[1;34mINFO[m] Skipping JaCoCo execution due to missing execution data file.
[[1;34mINFO[m] 
[[1;34mINFO[m] [1m--- [0;32mjacoco-maven-plugin:0.8.8:prepare-agent-integration[m [1m(pre-integration-test)[m @ [36mactiviti-root[0;1m ---[m
[[1;34mINFO[m] argLine set to -javaagent:/root/.m2/repository/org/jacoco/org.jacoco.agent/0.8.8/org.jacoco.agent-0.8.8-runtime.jar=destfile=/NOD-Test-Repair/tdrepro/projects/activiti/activiti/target/jacoco-it.exec -Duser.language=en
[[1;34mINFO[m] 
[[1;34mINFO[m] [1m--- [0;32mjacoco-maven-plugin:0.8.8:report-integration[m [1m(post-integration-test)[m @ [36mactiviti-root[0;1m ---[m
[[1;34mINFO[m] Skipping JaCoCo execution due to missing execution data file.
[[1;34mINFO[m] 
[[1;34mINFO[m] [1m--- [0;32mmaven-install-plugin:2.5.2:install[m [1m(default-install)[m @ [36mactiviti-root[0;1m ---[m
[[1;34mINFO[m] Installing /NOD-Test-Repair/tdrepro/projects/activiti/activiti/pom.xml to /root/.m2/repository/org/activiti/activiti-root/7.0.0-SNAPSHOT/activiti-root-7.0.0-SNAPSHOT.pom
[[1;34mINFO[m] 
[[1;34mINFO[m] [1m------------------< [0;36morg.activiti:activiti-bpmn-model[0;1m >------------------[m
[[1;34mINFO[m] [1mBuilding Activiti :: BPMN Model 7.0.0-SNAPSHOT                     [2/6][m
[[1;34mINFO[m] [1m--------------------------------[ jar ]---------------------------------[m
[[1;34mINFO[m] 
[[1;34mINFO[m] [1m--- [0;32mmaven-clean-plugin:3.0.0:clean[m [1m(default-clean)[m @ [36mactiviti-bpmn-model[0;1m ---[m
[[1;34mINFO[m] Deleting /NOD-Test-Repair/tdrepro/projects/activiti/activiti/activiti-bpmn-model/target
[[1;34mINFO[m] 
[[1;34mINFO[m] [1m--- [0;32mmaven-enforcer-plugin:3.0.0-M1:enforce[m [1m(enforce-java)[m @ [36mactiviti-bpmn-model[0;1m ---[m
[[1;34mINFO[m] 
[[1;34mINFO[m] [1m--- [0;32mmaven-enforcer-plugin:3.0.0-M1:enforce[m [1m(enforce-maven)[m @ [36mactiviti-bpmn-model[0;1m ---[m
[[1;34mINFO[m] 
[[1;34mINFO[m] [1m--- [0;32mmaven-enforcer-plugin:3.0.0-M1:enforce[m [1m(enforce-plugin-versions)[m @ [36mactiviti-bpmn-model[0;1m ---[m
[[1;34mINFO[m] 
[[1;34mINFO[m] [1m--- [0;32mmaven-enforcer-plugin:3.0.0-M1:enforce[m [1m(enforce-direct-dependencies)[m @ [36mactiviti-bpmn-model[0;1m ---[m
[[1;34mINFO[m] Flag 'useClassesFromLastBuild' is set. Try to use existing output folder.
[[1;34mINFO[m] Flag 'suppressTypesFromJavaRuntime' is set. Classes available in current Java-runtime will be ignored.
[[1;34mINFO[m] Analyze dependencies of artifact 'org.activiti:activiti-bpmn-model:jar:7.0.0-SNAPSHOT'.
[[1;34mINFO[m] Nothing to analyze in 'org.activiti:activiti-bpmn-model:jar:7.0.0-SNAPSHOT'.
[[1;34mINFO[m] 
[[1;34mINFO[m] [1m--- [0;32mmaven-enforcer-plugin:3.0.0-M1:enforce[m [1m(ban-blacklisted-dependencies)[m @ [36mactiviti-bpmn-model[0;1m ---[m
[[1;34mINFO[m] 
[[1;34mINFO[m] [1m--- [0;32mjacoco-maven-plugin:0.8.8:prepare-agent[m [1m(pre-unit-test)[m @ [36mactiviti-bpmn-model[0;1m ---[m
[[1;34mINFO[m] argLine set to -javaagent:/root/.m2/repository/org/jacoco/org.jacoco.agent/0.8.8/org.jacoco.agent-0.8.8-runtime.jar=destfile=/NOD-Test-Repair/tdrepro/projects/activiti/activiti/activiti-bpmn-model/target/jacoco.exec -Duser.language=en
[[1;34mINFO[m] 
[[1;34mINFO[m] [1m--- [0;32mjacoco-maven-plugin:0.8.8:prepare-agent[m [1m(default-prepare-agent)[m @ [36mactiviti-bpmn-model[0;1m ---[m
[[1;34mINFO[m] argLine set to -javaagent:/root/.m2/repository/org/jacoco/org.jacoco.agent/0.8.8/org.jacoco.agent-0.8.8-runtime.jar=destfile=/NOD-Test-Repair/tdrepro/projects/activiti/activiti/activiti-bpmn-model/target/jacoco.exec -Duser.language=en
[[1;34mINFO[m] 
[[1;34mINFO[m] [1m--- [0;32mmaven-resources-plugin:3.0.1:resources[m [1m(default-resources)[m @ [36mactiviti-bpmn-model[0;1m ---[m
[[1;34mINFO[m] Using 'UTF-8' encoding to copy filtered resources.
[[1;34mINFO[m] skip non existing resourceDirectory /NOD-Test-Repair/tdrepro/projects/activiti/activiti/activiti-bpmn-model/src/main/resources
[[1;34mINFO[m] 
[[1;34mINFO[m] [1m--- [0;32mmaven-compiler-plugin:3.7.0:compile[m [1m(default-compile)[m @ [36mactiviti-bpmn-model[0;1m ---[m
[[1;34mINFO[m] Changes detected - recompiling the module!
[[1;34mINFO[m] Compiling 96 source files to /NOD-Test-Repair/tdrepro/projects/activiti/activiti/activiti-bpmn-model/target/classes
[[1;34mINFO[m] 
[[1;34mINFO[m] [1m--- [0;32mmaven-resources-plugin:3.0.1:testResources[m [1m(default-testResources)[m @ [36mactiviti-bpmn-model[0;1m ---[m
[[1;34mINFO[m] Using 'UTF-8' encoding to copy filtered resources.
[[1;34mINFO[m] skip non existing resourceDirectory /NOD-Test-Repair/tdrepro/projects/activiti/activiti/activiti-bpmn-model/src/test/resources
[[1;34mINFO[m] 
[[1;34mINFO[m] [1m--- [0;32mmaven-compiler-plugin:3.7.0:testCompile[m [1m(default-testCompile)[m @ [36mactiviti-bpmn-model[0;1m ---[m
[[1;34mINFO[m] No sources to compile
[[1;34mINFO[m] 
[[1;34mINFO[m] [1m--- [0;32mmaven-surefire-plugin:2.19.1:test[m [1m(default-test)[m @ [36mactiviti-bpmn-model[0;1m ---[m
[[1;34mINFO[m] Tests are skipped.
[[1;34mINFO[m] 
[[1;34mINFO[m] [1m--- [0;32mjacoco-maven-plugin:0.8.8:report[m [1m(post-unit-test)[m @ [36mactiviti-bpmn-model[0;1m ---[m
[[1;34mINFO[m] Skipping JaCoCo execution due to missing execution data file.
[[1;34mINFO[m] 
[[1;34mINFO[m] [1m--- [0;32mjacoco-maven-plugin:0.8.8:report[m [1m(jacoco-report)[m @ [36mactiviti-bpmn-model[0;1m ---[m
[[1;34mINFO[m] Skipping JaCoCo execution due to missing execution data file.
[[1;34mINFO[m] 
[[1;34mINFO[m] [1m--- [0;32mmaven-jar-plugin:3.0.2:jar[m [1m(default-jar)[m @ [36mactiviti-bpmn-model[0;1m ---[m
[[1;34mINFO[m] Building jar: /NOD-Test-Repair/tdrepro/projects/activiti/activiti/activiti-bpmn-model/target/activiti-bpmn-model-7.0.0-SNAPSHOT.jar
[[1;34mINFO[m] 
[[1;34mINFO[m] [1m--- [0;32mjacoco-maven-plugin:0.8.8:prepare-agent-integration[m [1m(pre-integration-test)[m @ [36mactiviti-bpmn-model[0;1m ---[m
[[1;34mINFO[m] argLine set to -javaagent:/root/.m2/repository/org/jacoco/org.jacoco.agent/0.8.8/org.jacoco.agent-0.8.8-runtime.jar=destfile=/NOD-Test-Repair/tdrepro/projects/activiti/activiti/activiti-bpmn-model/target/jacoco-it.exec -Duser.language=en
[[1;34mINFO[m] 
[[1;34mINFO[m] [1m--- [0;32mjacoco-maven-plugin:0.8.8:report-integration[m [1m(post-integration-test)[m @ [36mactiviti-bpmn-model[0;1m ---[m
[[1;34mINFO[m] Skipping JaCoCo execution due to missing execution data file.
[[1;34mINFO[m] 
[[1;34mINFO[m] [1m--- [0;32mmaven-install-plugin:2.5.2:install[m [1m(default-install)[m @ [36mactiviti-bpmn-model[0;1m ---[m
[[1;34mINFO[m] Installing /NOD-Test-Repair/tdrepro/projects/activiti/activiti/activiti-bpmn-model/target/activiti-bpmn-model-7.0.0-SNAPSHOT.jar to /root/.m2/repository/org/activiti/activiti-bpmn-model/7.0.0-SNAPSHOT/activiti-bpmn-model-7.0.0-SNAPSHOT.jar
[[1;34mINFO[m] Installing /NOD-Test-Repair/tdrepro/projects/activiti/activiti/activiti-bpmn-model/pom.xml to /root/.m2/repository/org/activiti/activiti-bpmn-model/7.0.0-SNAPSHOT/activiti-bpmn-model-7.0.0-SNAPSHOT.pom
[[1;34mINFO[m] 
[[1;34mINFO[m] [1m--------------< [0;36morg.activiti:activiti-process-validation[0;1m >--------------[m
[[1;34mINFO[m] [1mBuilding Activiti :: Process Validation 7.0.0-SNAPSHOT             [3/6][m
[[1;34mINFO[m] [1m--------------------------------[ jar ]---------------------------------[m
[[1;34mINFO[m] 
[[1;34mINFO[m] [1m--- [0;32mmaven-clean-plugin:3.0.0:clean[m [1m(default-clean)[m @ [36mactiviti-process-validation[0;1m ---[m
[[1;34mINFO[m] Deleting /NOD-Test-Repair/tdrepro/projects/activiti/activiti/activiti-process-validation/target
[[1;34mINFO[m] 
[[1;34mINFO[m] [1m--- [0;32mmaven-enforcer-plugin:3.0.0-M1:enforce[m [1m(enforce-java)[m @ [36mactiviti-process-validation[0;1m ---[m
[[1;34mINFO[m] 
[[1;34mINFO[m] [1m--- [0;32mmaven-enforcer-plugin:3.0.0-M1:enforce[m [1m(enforce-maven)[m @ [36mactiviti-process-validation[0;1m ---[m
[[1;34mINFO[m] 
[[1;34mINFO[m] [1m--- [0;32mmaven-enforcer-plugin:3.0.0-M1:enforce[m [1m(enforce-plugin-versions)[m @ [36mactiviti-process-validation[0;1m ---[m
[[1;34mINFO[m] 
[[1;34mINFO[m] [1m--- [0;32mmaven-enforcer-plugin:3.0.0-M1:enforce[m [1m(enforce-direct-dependencies)[m @ [36mactiviti-process-validation[0;1m ---[m
[[1;34mINFO[m] Flag 'useClassesFromLastBuild' is set. Try to use existing output folder.
[[1;34mINFO[m] Flag 'suppressTypesFromJavaRuntime' is set. Classes available in current Java-runtime will be ignored.
[[1;34mINFO[m] Analyze dependencies of artifact 'org.activiti:activiti-process-validation:jar:7.0.0-SNAPSHOT'.
[[1;34mINFO[m] Nothing to analyze in 'org.activiti:activiti-process-validation:jar:7.0.0-SNAPSHOT'.
[[1;34mINFO[m] 
[[1;34mINFO[m] [1m--- [0;32mmaven-enforcer-plugin:3.0.0-M1:enforce[m [1m(ban-blacklisted-dependencies)[m @ [36mactiviti-process-validation[0;1m ---[m
[[1;34mINFO[m] 
[[1;34mINFO[m] [1m--- [0;32mjacoco-maven-plugin:0.8.8:prepare-agent[m [1m(pre-unit-test)[m @ [36mactiviti-process-validation[0;1m ---[m
[[1;34mINFO[m] argLine set to -javaagent:/root/.m2/repository/org/jacoco/org.jacoco.agent/0.8.8/org.jacoco.agent-0.8.8-runtime.jar=destfile=/NOD-Test-Repair/tdrepro/projects/activiti/activiti/activiti-process-validation/target/jacoco.exec -Duser.language=en
[[1;34mINFO[m] 
[[1;34mINFO[m] [1m--- [0;32mjacoco-maven-plugin:0.8.8:prepare-agent[m [1m(default-prepare-agent)[m @ [36mactiviti-process-validation[0;1m ---[m
[[1;34mINFO[m] argLine set to -javaagent:/root/.m2/repository/org/jacoco/org.jacoco.agent/0.8.8/org.jacoco.agent-0.8.8-runtime.jar=destfile=/NOD-Test-Repair/tdrepro/projects/activiti/activiti/activiti-process-validation/target/jacoco.exec -Duser.language=en
[[1;34mINFO[m] 
[[1;34mINFO[m] [1m--- [0;32mmaven-resources-plugin:3.0.1:resources[m [1m(default-resources)[m @ [36mactiviti-process-validation[0;1m ---[m
[[1;34mINFO[m] Using 'UTF-8' encoding to copy filtered resources.
[[1;34mINFO[m] skip non existing resourceDirectory /NOD-Test-Repair/tdrepro/projects/activiti/activiti/activiti-process-validation/src/main/resources
[[1;34mINFO[m] 
[[1;34mINFO[m] [1m--- [0;32mmaven-compiler-plugin:3.7.0:compile[m [1m(default-compile)[m @ [36mactiviti-process-validation[0;1m ---[m
[[1;34mINFO[m] Changes detected - recompiling the module!
[[1;34mINFO[m] Compiling 39 source files to /NOD-Test-Repair/tdrepro/projects/activiti/activiti/activiti-process-validation/target/classes
[[1;34mINFO[m] 
[[1;34mINFO[m] [1m--- [0;32mmaven-resources-plugin:3.0.1:testResources[m [1m(default-testResources)[m @ [36mactiviti-process-validation[0;1m ---[m
[[1;34mINFO[m] Using 'UTF-8' encoding to copy filtered resources.
[[1;34mINFO[m] skip non existing resourceDirectory /NOD-Test-Repair/tdrepro/projects/activiti/activiti/activiti-process-validation/src/test/resources
[[1;34mINFO[m] 
[[1;34mINFO[m] [1m--- [0;32mmaven-compiler-plugin:3.7.0:testCompile[m [1m(default-testCompile)[m @ [36mactiviti-process-validation[0;1m ---[m
[[1;34mINFO[m] Changes detected - recompiling the module!
[[1;34mINFO[m] Compiling 1 source file to /NOD-Test-Repair/tdrepro/projects/activiti/activiti/activiti-process-validation/target/test-classes
[[1;34mINFO[m] 
[[1;34mINFO[m] [1m--- [0;32mmaven-surefire-plugin:2.19.1:test[m [1m(default-test)[m @ [36mactiviti-process-validation[0;1m ---[m
[[1;34mINFO[m] Tests are skipped.
[[1;34mINFO[m] 
[[1;34mINFO[m] [1m--- [0;32mjacoco-maven-plugin:0.8.8:report[m [1m(post-unit-test)[m @ [36mactiviti-process-validation[0;1m ---[m
[[1;34mINFO[m] Skipping JaCoCo execution due to missing execution data file.
[[1;34mINFO[m] 
[[1;34mINFO[m] [1m--- [0;32mjacoco-maven-plugin:0.8.8:report[m [1m(jacoco-report)[m @ [36mactiviti-process-validation[0;1m ---[m
[[1;34mINFO[m] Skipping JaCoCo execution due to missing execution data file.
[[1;34mINFO[m] 
[[1;34mINFO[m] [1m--- [0;32mmaven-jar-plugin:3.0.2:jar[m [1m(default-jar)[m @ [36mactiviti-process-validation[0;1m ---[m
[[1;34mINFO[m] Building jar: /NOD-Test-Repair/tdrepro/projects/activiti/activiti/activiti-process-validation/target/activiti-process-validation-7.0.0-SNAPSHOT.jar
[[1;34mINFO[m] 
[[1;34mINFO[m] [1m--- [0;32mjacoco-maven-plugin:0.8.8:prepare-agent-integration[m [1m(pre-integration-test)[m @ [36mactiviti-process-validation[0;1m ---[m
[[1;34mINFO[m] argLine set to -javaagent:/root/.m2/repository/org/jacoco/org.jacoco.agent/0.8.8/org.jacoco.agent-0.8.8-runtime.jar=destfile=/NOD-Test-Repair/tdrepro/projects/activiti/activiti/activiti-process-validation/target/jacoco-it.exec -Duser.language=en
[[1;34mINFO[m] 
[[1;34mINFO[m] [1m--- [0;32mjacoco-maven-plugin:0.8.8:report-integration[m [1m(post-integration-test)[m @ [36mactiviti-process-validation[0;1m ---[m
[[1;34mINFO[m] Skipping JaCoCo execution due to missing execution data file.
[[1;34mINFO[m] 
[[1;34mINFO[m] [1m--- [0;32mmaven-install-plugin:2.5.2:install[m [1m(default-install)[m @ [36mactiviti-process-validation[0;1m ---[m
[[1;34mINFO[m] Installing /NOD-Test-Repair/tdrepro/projects/activiti/activiti/activiti-process-validation/target/activiti-process-validation-7.0.0-SNAPSHOT.jar to /root/.m2/repository/org/activiti/activiti-process-validation/7.0.0-SNAPSHOT/activiti-process-validation-7.0.0-SNAPSHOT.jar
[[1;34mINFO[m] Installing /NOD-Test-Repair/tdrepro/projects/activiti/activiti/activiti-process-validation/pom.xml to /root/.m2/repository/org/activiti/activiti-process-validation/7.0.0-SNAPSHOT/activiti-process-validation-7.0.0-SNAPSHOT.pom
[[1;34mINFO[m] 
[[1;34mINFO[m] [1m-----------------< [0;36morg.activiti:activiti-bpmn-layout[0;1m >------------------[m
[[1;34mINFO[m] [1mBuilding Activiti :: BPMN Layout 7.0.0-SNAPSHOT                    [4/6][m
[[1;34mINFO[m] [1m--------------------------------[ jar ]---------------------------------[m
[[1;34mINFO[m] 
[[1;34mINFO[m] [1m--- [0;32mmaven-clean-plugin:3.0.0:clean[m [1m(default-clean)[m @ [36mactiviti-bpmn-layout[0;1m ---[m
[[1;34mINFO[m] Deleting /NOD-Test-Repair/tdrepro/projects/activiti/activiti/activiti-bpmn-layout/target
[[1;34mINFO[m] 
[[1;34mINFO[m] [1m--- [0;32mmaven-enforcer-plugin:3.0.0-M1:enforce[m [1m(enforce-java)[m @ [36mactiviti-bpmn-layout[0;1m ---[m
[[1;34mINFO[m] 
[[1;34mINFO[m] [1m--- [0;32mmaven-enforcer-plugin:3.0.0-M1:enforce[m [1m(enforce-maven)[m @ [36mactiviti-bpmn-layout[0;1m ---[m
[[1;34mINFO[m] 
[[1;34mINFO[m] [1m--- [0;32mmaven-enforcer-plugin:3.0.0-M1:enforce[m [1m(enforce-plugin-versions)[m @ [36mactiviti-bpmn-layout[0;1m ---[m
[[1;34mINFO[m] 
[[1;34mINFO[m] [1m--- [0;32mmaven-enforcer-plugin:3.0.0-M1:enforce[m [1m(enforce-direct-dependencies)[m @ [36mactiviti-bpmn-layout[0;1m ---[m
[[1;34mINFO[m] Flag 'useClassesFromLastBuild' is set. Try to use existing output folder.
[[1;34mINFO[m] Flag 'suppressTypesFromJavaRuntime' is set. Classes available in current Java-runtime will be ignored.
[[1;34mINFO[m] Analyze dependencies of artifact 'org.activiti:activiti-bpmn-layout:jar:7.0.0-SNAPSHOT'.
[[1;34mINFO[m] Nothing to analyze in 'org.activiti:activiti-bpmn-layout:jar:7.0.0-SNAPSHOT'.
[[1;34mINFO[m] 
[[1;34mINFO[m] [1m--- [0;32mmaven-enforcer-plugin:3.0.0-M1:enforce[m [1m(ban-blacklisted-dependencies)[m @ [36mactiviti-bpmn-layout[0;1m ---[m
[[1;34mINFO[m] 
[[1;34mINFO[m] [1m--- [0;32mjacoco-maven-plugin:0.8.8:prepare-agent[m [1m(pre-unit-test)[m @ [36mactiviti-bpmn-layout[0;1m ---[m
[[1;34mINFO[m] argLine set to -javaagent:/root/.m2/repository/org/jacoco/org.jacoco.agent/0.8.8/org.jacoco.agent-0.8.8-runtime.jar=destfile=/NOD-Test-Repair/tdrepro/projects/activiti/activiti/activiti-bpmn-layout/target/jacoco.exec -Duser.language=en
[[1;34mINFO[m] 
[[1;34mINFO[m] [1m--- [0;32mjacoco-maven-plugin:0.8.8:prepare-agent[m [1m(default-prepare-agent)[m @ [36mactiviti-bpmn-layout[0;1m ---[m
[[1;34mINFO[m] argLine set to -javaagent:/root/.m2/repository/org/jacoco/org.jacoco.agent/0.8.8/org.jacoco.agent-0.8.8-runtime.jar=destfile=/NOD-Test-Repair/tdrepro/projects/activiti/activiti/activiti-bpmn-layout/target/jacoco.exec -Duser.language=en
[[1;34mINFO[m] 
[[1;34mINFO[m] [1m--- [0;32mmaven-resources-plugin:3.0.1:resources[m [1m(default-resources)[m @ [36mactiviti-bpmn-layout[0;1m ---[m
[[1;34mINFO[m] Using 'UTF-8' encoding to copy filtered resources.
[[1;34mINFO[m] skip non existing resourceDirectory /NOD-Test-Repair/tdrepro/projects/activiti/activiti/activiti-bpmn-layout/src/main/resources
[[1;34mINFO[m] 
[[1;34mINFO[m] [1m--- [0;32mmaven-compiler-plugin:3.7.0:compile[m [1m(default-compile)[m @ [36mactiviti-bpmn-layout[0;1m ---[m
[[1;34mINFO[m] Changes detected - recompiling the module!
[[1;34mINFO[m] Compiling 2 source files to /NOD-Test-Repair/tdrepro/projects/activiti/activiti/activiti-bpmn-layout/target/classes
[[1;34mINFO[m] 
[[1;34mINFO[m] [1m--- [0;32mmaven-resources-plugin:3.0.1:testResources[m [1m(default-testResources)[m @ [36mactiviti-bpmn-layout[0;1m ---[m
[[1;34mINFO[m] Using 'UTF-8' encoding to copy filtered resources.
[[1;34mINFO[m] skip non existing resourceDirectory /NOD-Test-Repair/tdrepro/projects/activiti/activiti/activiti-bpmn-layout/src/test/resources
[[1;34mINFO[m] 
[[1;34mINFO[m] [1m--- [0;32mmaven-compiler-plugin:3.7.0:testCompile[m [1m(default-testCompile)[m @ [36mactiviti-bpmn-layout[0;1m ---[m
[[1;34mINFO[m] No sources to compile
[[1;34mINFO[m] 
[[1;34mINFO[m] [1m--- [0;32mmaven-surefire-plugin:2.19.1:test[m [1m(default-test)[m @ [36mactiviti-bpmn-layout[0;1m ---[m
[[1;34mINFO[m] Tests are skipped.
[[1;34mINFO[m] 
[[1;34mINFO[m] [1m--- [0;32mjacoco-maven-plugin:0.8.8:report[m [1m(post-unit-test)[m @ [36mactiviti-bpmn-layout[0;1m ---[m
[[1;34mINFO[m] Skipping JaCoCo execution due to missing execution data file.
[[1;34mINFO[m] 
[[1;34mINFO[m] [1m--- [0;32mjacoco-maven-plugin:0.8.8:report[m [1m(jacoco-report)[m @ [36mactiviti-bpmn-layout[0;1m ---[m
[[1;34mINFO[m] Skipping JaCoCo execution due to missing execution data file.
[[1;34mINFO[m] 
[[1;34mINFO[m] [1m--- [0;32mmaven-jar-plugin:3.0.2:jar[m [1m(default-jar)[m @ [36mactiviti-bpmn-layout[0;1m ---[m
[[1;34mINFO[m] Building jar: /NOD-Test-Repair/tdrepro/projects/activiti/activiti/activiti-bpmn-layout/target/activiti-bpmn-layout-7.0.0-SNAPSHOT.jar
[[1;34mINFO[m] 
[[1;34mINFO[m] [1m--- [0;32mjacoco-maven-plugin:0.8.8:prepare-agent-integration[m [1m(pre-integration-test)[m @ [36mactiviti-bpmn-layout[0;1m ---[m
[[1;34mINFO[m] argLine set to -javaagent:/root/.m2/repository/org/jacoco/org.jacoco.agent/0.8.8/org.jacoco.agent-0.8.8-runtime.jar=destfile=/NOD-Test-Repair/tdrepro/projects/activiti/activiti/activiti-bpmn-layout/target/jacoco-it.exec -Duser.language=en
[[1;34mINFO[m] 
[[1;34mINFO[m] [1m--- [0;32mjacoco-maven-plugin:0.8.8:report-integration[m [1m(post-integration-test)[m @ [36mactiviti-bpmn-layout[0;1m ---[m
[[1;34mINFO[m] Skipping JaCoCo execution due to missing execution data file.
[[1;34mINFO[m] 
[[1;34mINFO[m] [1m--- [0;32mmaven-install-plugin:2.5.2:install[m [1m(default-install)[m @ [36mactiviti-bpmn-layout[0;1m ---[m
[[1;34mINFO[m] Installing /NOD-Test-Repair/tdrepro/projects/activiti/activiti/activiti-bpmn-layout/target/activiti-bpmn-layout-7.0.0-SNAPSHOT.jar to /root/.m2/repository/org/activiti/activiti-bpmn-layout/7.0.0-SNAPSHOT/activiti-bpmn-layout-7.0.0-SNAPSHOT.jar
[[1;34mINFO[m] Installing /NOD-Test-Repair/tdrepro/projects/activiti/activiti/activiti-bpmn-layout/pom.xml to /root/.m2/repository/org/activiti/activiti-bpmn-layout/7.0.0-SNAPSHOT/activiti-bpmn-layout-7.0.0-SNAPSHOT.pom
[[1;34mINFO[m] 
[[1;34mINFO[m] [1m----------------< [0;36morg.activiti:activiti-bpmn-converter[0;1m >----------------[m
[[1;34mINFO[m] [1mBuilding Activiti :: BPMN Converter 7.0.0-SNAPSHOT                 [5/6][m
[[1;34mINFO[m] [1m--------------------------------[ jar ]---------------------------------[m
[[1;34mINFO[m] 
[[1;34mINFO[m] [1m--- [0;32mmaven-clean-plugin:3.0.0:clean[m [1m(default-clean)[m @ [36mactiviti-bpmn-converter[0;1m ---[m
[[1;34mINFO[m] Deleting /NOD-Test-Repair/tdrepro/projects/activiti/activiti/activiti-bpmn-converter/target
[[1;34mINFO[m] 
[[1;34mINFO[m] [1m--- [0;32mmaven-enforcer-plugin:3.0.0-M1:enforce[m [1m(enforce-java)[m @ [36mactiviti-bpmn-converter[0;1m ---[m
[[1;34mINFO[m] 
[[1;34mINFO[m] [1m--- [0;32mmaven-enforcer-plugin:3.0.0-M1:enforce[m [1m(enforce-maven)[m @ [36mactiviti-bpmn-converter[0;1m ---[m
[[1;34mINFO[m] 
[[1;34mINFO[m] [1m--- [0;32mmaven-enforcer-plugin:3.0.0-M1:enforce[m [1m(enforce-plugin-versions)[m @ [36mactiviti-bpmn-converter[0;1m ---[m
[[1;34mINFO[m] 
[[1;34mINFO[m] [1m--- [0;32mmaven-enforcer-plugin:3.0.0-M1:enforce[m [1m(enforce-direct-dependencies)[m @ [36mactiviti-bpmn-converter[0;1m ---[m
[[1;34mINFO[m] Flag 'useClassesFromLastBuild' is set. Try to use existing output folder.
[[1;34mINFO[m] Flag 'suppressTypesFromJavaRuntime' is set. Classes available in current Java-runtime will be ignored.
[[1;34mINFO[m] Analyze dependencies of artifact 'org.activiti:activiti-bpmn-converter:jar:7.0.0-SNAPSHOT'.
[[1;34mINFO[m] Nothing to analyze in 'org.activiti:activiti-bpmn-converter:jar:7.0.0-SNAPSHOT'.
[[1;34mINFO[m] 
[[1;34mINFO[m] [1m--- [0;32mmaven-enforcer-plugin:3.0.0-M1:enforce[m [1m(ban-blacklisted-dependencies)[m @ [36mactiviti-bpmn-converter[0;1m ---[m
[[1;34mINFO[m] 
[[1;34mINFO[m] [1m--- [0;32mjacoco-maven-plugin:0.8.8:prepare-agent[m [1m(pre-unit-test)[m @ [36mactiviti-bpmn-converter[0;1m ---[m
[[1;34mINFO[m] argLine set to -javaagent:/root/.m2/repository/org/jacoco/org.jacoco.agent/0.8.8/org.jacoco.agent-0.8.8-runtime.jar=destfile=/NOD-Test-Repair/tdrepro/projects/activiti/activiti/activiti-bpmn-converter/target/jacoco.exec -Duser.language=en
[[1;34mINFO[m] 
[[1;34mINFO[m] [1m--- [0;32mjacoco-maven-plugin:0.8.8:prepare-agent[m [1m(default-prepare-agent)[m @ [36mactiviti-bpmn-converter[0;1m ---[m
[[1;34mINFO[m] argLine set to -javaagent:/root/.m2/repository/org/jacoco/org.jacoco.agent/0.8.8/org.jacoco.agent-0.8.8-runtime.jar=destfile=/NOD-Test-Repair/tdrepro/projects/activiti/activiti/activiti-bpmn-converter/target/jacoco.exec -Duser.language=en
[[1;34mINFO[m] 
[[1;34mINFO[m] [1m--- [0;32mmaven-resources-plugin:3.0.1:resources[m [1m(default-resources)[m @ [36mactiviti-bpmn-converter[0;1m ---[m
[[1;34mINFO[m] Using 'UTF-8' encoding to copy filtered resources.
[[1;34mINFO[m] Copying 14 resources
[[1;34mINFO[m] 
[[1;34mINFO[m] [1m--- [0;32mmaven-compiler-plugin:3.7.0:compile[m [1m(default-compile)[m @ [36mactiviti-bpmn-converter[0;1m ---[m
[[1;34mINFO[m] Changes detected - recompiling the module!
[[1;34mINFO[m] Compiling 95 source files to /NOD-Test-Repair/tdrepro/projects/activiti/activiti/activiti-bpmn-converter/target/classes
[[1;34mINFO[m] /NOD-Test-Repair/tdrepro/projects/activiti/activiti/activiti-bpmn-converter/src/main/java/org/activiti/bpmn/converter/parser/ProcessParser.java: Some input files use unchecked or unsafe operations.
[[1;34mINFO[m] /NOD-Test-Repair/tdrepro/projects/activiti/activiti/activiti-bpmn-converter/src/main/java/org/activiti/bpmn/converter/parser/ProcessParser.java: Recompile with -Xlint:unchecked for details.
[[1;34mINFO[m] 
[[1;34mINFO[m] [1m--- [0;32mmaven-resources-plugin:3.0.1:testResources[m [1m(default-testResources)[m @ [36mactiviti-bpmn-converter[0;1m ---[m
[[1;34mINFO[m] Using 'UTF-8' encoding to copy filtered resources.
[[1;34mINFO[m] Copying 40 resources
[[1;34mINFO[m] 
[[1;34mINFO[m] [1m--- [0;32mmaven-compiler-plugin:3.7.0:testCompile[m [1m(default-testCompile)[m @ [36mactiviti-bpmn-converter[0;1m ---[m
[[1;34mINFO[m] Changes detected - recompiling the module!
[[1;34mINFO[m] Compiling 39 source files to /NOD-Test-Repair/tdrepro/projects/activiti/activiti/activiti-bpmn-converter/target/test-classes
[[1;34mINFO[m] 
[[1;34mINFO[m] [1m--- [0;32mmaven-surefire-plugin:2.19.1:test[m [1m(default-test)[m @ [36mactiviti-bpmn-converter[0;1m ---[m
[[1;34mINFO[m] Tests are skipped.
[[1;34mINFO[m] 
[[1;34mINFO[m] [1m--- [0;32mjacoco-maven-plugin:0.8.8:report[m [1m(post-unit-test)[m @ [36mactiviti-bpmn-converter[0;1m ---[m
[[1;34mINFO[m] Skipping JaCoCo execution due to missing execution data file.
[[1;34mINFO[m] 
[[1;34mINFO[m] [1m--- [0;32mjacoco-maven-plugin:0.8.8:report[m [1m(jacoco-report)[m @ [36mactiviti-bpmn-converter[0;1m ---[m
[[1;34mINFO[m] Skipping JaCoCo execution due to missing execution data file.
[[1;34mINFO[m] 
[[1;34mINFO[m] [1m--- [0;32mmaven-jar-plugin:3.0.2:jar[m [1m(default-jar)[m @ [36mactiviti-bpmn-converter[0;1m ---[m
[[1;34mINFO[m] Building jar: /NOD-Test-Repair/tdrepro/projects/activiti/activiti/activiti-bpmn-converter/target/activiti-bpmn-converter-7.0.0-SNAPSHOT.jar
[[1;34mINFO[m] 
[[1;34mINFO[m] [1m--- [0;32mjacoco-maven-plugin:0.8.8:prepare-agent-integration[m [1m(pre-integration-test)[m @ [36mactiviti-bpmn-converter[0;1m ---[m
[[1;34mINFO[m] argLine set to -javaagent:/root/.m2/repository/org/jacoco/org.jacoco.agent/0.8.8/org.jacoco.agent-0.8.8-runtime.jar=destfile=/NOD-Test-Repair/tdrepro/projects/activiti/activiti/activiti-bpmn-converter/target/jacoco-it.exec -Duser.language=en
[[1;34mINFO[m] 
[[1;34mINFO[m] [1m--- [0;32mjacoco-maven-plugin:0.8.8:report-integration[m [1m(post-integration-test)[m @ [36mactiviti-bpmn-converter[0;1m ---[m
[[1;34mINFO[m] Skipping JaCoCo execution due to missing execution data file.
[[1;34mINFO[m] 
[[1;34mINFO[m] [1m--- [0;32mmaven-install-plugin:2.5.2:install[m [1m(default-install)[m @ [36mactiviti-bpmn-converter[0;1m ---[m
[[1;34mINFO[m] Installing /NOD-Test-Repair/tdrepro/projects/activiti/activiti/activiti-bpmn-converter/target/activiti-bpmn-converter-7.0.0-SNAPSHOT.jar to /root/.m2/repository/org/activiti/activiti-bpmn-converter/7.0.0-SNAPSHOT/activiti-bpmn-converter-7.0.0-SNAPSHOT.jar
[[1;34mINFO[m] Installing /NOD-Test-Repair/tdrepro/projects/activiti/activiti/activiti-bpmn-converter/pom.xml to /root/.m2/repository/org/activiti/activiti-bpmn-converter/7.0.0-SNAPSHOT/activiti-bpmn-converter-7.0.0-SNAPSHOT.pom
[[1;34mINFO[m] 
[[1;34mINFO[m] [1m--------------------< [0;36morg.activiti:activiti-engine[0;1m >--------------------[m
[[1;34mINFO[m] [1mBuilding Activiti :: Engine 7.0.0-SNAPSHOT                         [6/6][m
[[1;34mINFO[m] [1m--------------------------------[ jar ]---------------------------------[m
[[1;34mINFO[m] 
[[1;34mINFO[m] [1m--- [0;32mmaven-clean-plugin:3.0.0:clean[m [1m(default-clean)[m @ [36mactiviti-engine[0;1m ---[m
[[1;34mINFO[m] Deleting /NOD-Test-Repair/tdrepro/projects/activiti/activiti/activiti-engine/target
[[1;34mINFO[m] 
[[1;34mINFO[m] [1m--- [0;32mmaven-enforcer-plugin:3.0.0-M1:enforce[m [1m(enforce-java)[m @ [36mactiviti-engine[0;1m ---[m
[[1;34mINFO[m] 
[[1;34mINFO[m] [1m--- [0;32mmaven-enforcer-plugin:3.0.0-M1:enforce[m [1m(enforce-maven)[m @ [36mactiviti-engine[0;1m ---[m
[[1;34mINFO[m] 
[[1;34mINFO[m] [1m--- [0;32mmaven-enforcer-plugin:3.0.0-M1:enforce[m [1m(enforce-plugin-versions)[m @ [36mactiviti-engine[0;1m ---[m
[[1;34mINFO[m] 
[[1;34mINFO[m] [1m--- [0;32mmaven-enforcer-plugin:3.0.0-M1:enforce[m [1m(enforce-direct-dependencies)[m @ [36mactiviti-engine[0;1m ---[m
[[1;34mINFO[m] Flag 'useClassesFromLastBuild' is set. Try to use existing output folder.
[[1;34mINFO[m] Flag 'suppressTypesFromJavaRuntime' is set. Classes available in current Java-runtime will be ignored.
[[1;34mINFO[m] Analyze dependencies of artifact 'org.activiti:activiti-engine:jar:7.0.0-SNAPSHOT'.
[[1;34mINFO[m] Nothing to analyze in 'org.activiti:activiti-engine:jar:7.0.0-SNAPSHOT'.
[[1;34mINFO[m] 
[[1;34mINFO[m] [1m--- [0;32mmaven-enforcer-plugin:3.0.0-M1:enforce[m [1m(ban-blacklisted-dependencies)[m @ [36mactiviti-engine[0;1m ---[m
[[1;34mINFO[m] 
[[1;34mINFO[m] [1m--- [0;32mjacoco-maven-plugin:0.8.8:prepare-agent[m [1m(pre-unit-test)[m @ [36mactiviti-engine[0;1m ---[m
[[1;34mINFO[m] argLine set to -javaagent:/root/.m2/repository/org/jacoco/org.jacoco.agent/0.8.8/org.jacoco.agent-0.8.8-runtime.jar=destfile=/NOD-Test-Repair/tdrepro/projects/activiti/activiti/activiti-engine/target/jacoco.exec -Duser.language=en
[[1;34mINFO[m] 
[[1;34mINFO[m] [1m--- [0;32mjacoco-maven-plugin:0.8.8:prepare-agent[m [1m(default-prepare-agent)[m @ [36mactiviti-engine[0;1m ---[m
[[1;34mINFO[m] argLine set to -javaagent:/root/.m2/repository/org/jacoco/org.jacoco.agent/0.8.8/org.jacoco.agent-0.8.8-runtime.jar=destfile=/NOD-Test-Repair/tdrepro/projects/activiti/activiti/activiti-engine/target/jacoco.exec -Duser.language=en
[[1;34mINFO[m] 
[[1;34mINFO[m] [1m--- [0;32mmaven-resources-plugin:3.0.1:resources[m [1m(default-resources)[m @ [36mactiviti-engine[0;1m ---[m
[[1;34mINFO[m] Using 'UTF-8' encoding to copy filtered resources.
[[1;34mINFO[m] Copying 368 resources
[[1;34mINFO[m] 
[[1;34mINFO[m] [1m--- [0;32mmaven-compiler-plugin:3.7.0:compile[m [1m(default-compile)[m @ [36mactiviti-engine[0;1m ---[m
[[1;34mINFO[m] Changes detected - recompiling the module!
[[1;34mINFO[m] Compiling 1102 source files to /NOD-Test-Repair/tdrepro/projects/activiti/activiti/activiti-engine/target/classes
[[1;33mWARNING[m] /NOD-Test-Repair/tdrepro/projects/activiti/activiti/activiti-engine/src/main/java/org/activiti/engine/impl/AbstractNativeQuery.java:[122,45] toString(java.lang.Object) in org.apache.commons.lang3.ObjectUtils has been deprecated
[[1;34mINFO[m] /NOD-Test-Repair/tdrepro/projects/activiti/activiti/activiti-engine/src/main/java/org/activiti/engine/impl/util/json/JSONArray.java: Some input files use unchecked or unsafe operations.
[[1;34mINFO[m] /NOD-Test-Repair/tdrepro/projects/activiti/activiti/activiti-engine/src/main/java/org/activiti/engine/impl/util/json/JSONArray.java: Recompile with -Xlint:unchecked for details.
[[1;34mINFO[m] 
[[1;34mINFO[m] [1m--- [0;32mmaven-resources-plugin:3.0.1:testResources[m [1m(default-testResources)[m @ [36mactiviti-engine[0;1m ---[m
[[1;34mINFO[m] Using 'UTF-8' encoding to copy filtered resources.
[[1;34mINFO[m] Copying 1070 resources
[[1;34mINFO[m] 
[[1;34mINFO[m] [1m--- [0;32mmaven-compiler-plugin:3.7.0:testCompile[m [1m(default-testCompile)[m @ [36mactiviti-engine[0;1m ---[m
[[1;34mINFO[m] Changes detected - recompiling the module!
[[1;34mINFO[m] Compiling 427 source files to /NOD-Test-Repair/tdrepro/projects/activiti/activiti/activiti-engine/target/test-classes
[[1;33mWARNING[m] /NOD-Test-Repair/tdrepro/projects/activiti/activiti/activiti-engine/src/test/java/org/activiti/engine/test/json/JsonTest.java:[234,16] put(java.lang.String,com.fasterxml.jackson.databind.JsonNode) in com.fasterxml.jackson.databind.node.ObjectNode has been deprecated
[[1;33mWARNING[m] /NOD-Test-Repair/tdrepro/projects/activiti/activiti/activiti-engine/src/test/java/org/activiti/engine/test/logging/mdc/MemoryLogAppender.java:[17,30] WriterOutputStream(java.io.Writer) in org.apache.commons.io.output.WriterOutputStream has been deprecated
[[1;34mINFO[m] /NOD-Test-Repair/tdrepro/projects/activiti/activiti/activiti-engine/src/test/java/org/activiti/engine/test/api/variables/TransientVariablesTest.java: Some input files use unchecked or unsafe operations.
[[1;34mINFO[m] /NOD-Test-Repair/tdrepro/projects/activiti/activiti/activiti-engine/src/test/java/org/activiti/engine/test/api/variables/TransientVariablesTest.java: Recompile with -Xlint:unchecked for details.
[[1;34mINFO[m] 
[[1;34mINFO[m] [1m--- [0;32mmaven-surefire-plugin:2.19.1:test[m [1m(default-test)[m @ [36mactiviti-engine[0;1m ---[m
[[1;34mINFO[m] Tests are skipped.
[[1;34mINFO[m] 
[[1;34mINFO[m] [1m--- [0;32mjacoco-maven-plugin:0.8.8:report[m [1m(post-unit-test)[m @ [36mactiviti-engine[0;1m ---[m
[[1;34mINFO[m] Skipping JaCoCo execution due to missing execution data file.
[[1;34mINFO[m] 
[[1;34mINFO[m] [1m--- [0;32mjacoco-maven-plugin:0.8.8:report[m [1m(jacoco-report)[m @ [36mactiviti-engine[0;1m ---[m
[[1;34mINFO[m] Skipping JaCoCo execution due to missing execution data file.
[[1;34mINFO[m] 
[[1;34mINFO[m] [1m--- [0;32mmaven-jar-plugin:3.0.2:jar[m [1m(default-jar)[m @ [36mactiviti-engine[0;1m ---[m
[[1;34mINFO[m] Building jar: /NOD-Test-Repair/tdrepro/projects/activiti/activiti/activiti-engine/target/activiti-engine-7.0.0-SNAPSHOT.jar
[[1;34mINFO[m] 
[[1;34mINFO[m] [1m--- [0;32mjacoco-maven-plugin:0.8.8:prepare-agent-integration[m [1m(pre-integration-test)[m @ [36mactiviti-engine[0;1m ---[m
[[1;34mINFO[m] argLine set to -javaagent:/root/.m2/repository/org/jacoco/org.jacoco.agent/0.8.8/org.jacoco.agent-0.8.8-runtime.jar=destfile=/NOD-Test-Repair/tdrepro/projects/activiti/activiti/activiti-engine/target/jacoco-it.exec -Duser.language=en
[[1;34mINFO[m] 
[[1;34mINFO[m] [1m--- [0;32mjacoco-maven-plugin:0.8.8:report-integration[m [1m(post-integration-test)[m @ [36mactiviti-engine[0;1m ---[m
[[1;34mINFO[m] Skipping JaCoCo execution due to missing execution data file.
[[1;34mINFO[m] 
[[1;34mINFO[m] [1m--- [0;32mmaven-install-plugin:2.5.2:install[m [1m(default-install)[m @ [36mactiviti-engine[0;1m ---[m
[[1;34mINFO[m] Installing /NOD-Test-Repair/tdrepro/projects/activiti/activiti/activiti-engine/target/activiti-engine-7.0.0-SNAPSHOT.jar to /root/.m2/repository/org/activiti/activiti-engine/7.0.0-SNAPSHOT/activiti-engine-7.0.0-SNAPSHOT.jar
[[1;34mINFO[m] Installing /NOD-Test-Repair/tdrepro/projects/activiti/activiti/activiti-engine/pom.xml to /root/.m2/repository/org/activiti/activiti-engine/7.0.0-SNAPSHOT/activiti-engine-7.0.0-SNAPSHOT.pom
[[1;34mINFO[m] [1m------------------------------------------------------------------------[m
[[1;34mINFO[m] [1mReactor Summary for Activiti Core :: Parent 7.0.0-SNAPSHOT:[m
[[1;34mINFO[m] 
[[1;34mINFO[m] Activiti Core :: Parent ............................ [1;32mSUCCESS[m [  0.337 s]
[[1;34mINFO[m] Activiti :: BPMN Model ............................. [1;32mSUCCESS[m [  0.865 s]
[[1;34mINFO[m] Activiti :: Process Validation ..................... [1;32mSUCCESS[m [  0.225 s]
[[1;34mINFO[m] Activiti :: BPMN Layout ............................ [1;32mSUCCESS[m [  0.115 s]
[[1;34mINFO[m] Activiti :: BPMN Converter ......................... [1;32mSUCCESS[m [  0.456 s]
[[1;34mINFO[m] Activiti :: Engine ................................. [1;32mSUCCESS[m [  3.680 s]
[[1;34mINFO[m] [1m------------------------------------------------------------------------[m
[[1;34mINFO[m] [1;32mBUILD SUCCESS[m
[[1;34mINFO[m] [1m------------------------------------------------------------------------[m
[[1;34mINFO[m] Total time:  5.880 s
[[1;34mINFO[m] Finished at: 2026-04-30T23:34:50Z
[[1;34mINFO[m] [1m------------------------------------------------------------------------[m
cp /NOD-Test-Repair/tdrepro/jacococli.jar /NOD-Test-Repair/tdrepro/projects/activiti/activiti
mod=./activiti-bpmn-layout/target
class dir=./activiti-bpmn-layout/target/classes
source dir=./activiti-bpmn-layout/src/main/java
classes exists
mod=./activiti-process-validation/target
class dir=./activiti-process-validation/target/classes
source dir=./activiti-process-validation/src/main/java
classes exists
mod=./activiti-bpmn-converter/target
class dir=./activiti-bpmn-converter/target/classes
source dir=./activiti-bpmn-converter/src/main/java
classes exists
mod=./activiti-engine/target
class dir=./activiti-engine/target/classes
source dir=./activiti-engine/src/main/java
classes exists
mod=./activiti-bpmn-model/target
class dir=./activiti-bpmn-model/target/classes
source dir=./activiti-bpmn-model/src/main/java
classes exists
[INFO] Loading execution data file /NOD-Test-Repair/tdrepro/projects/activiti/activiti/activiti-engine/target/jacoco.exec.
[INFO] Analyzing 1108 classes.
java -jar jacococli.jar report activiti-engine/target/jacoco.exec         --classfiles ./activiti-bpmn-layout/target/classes --classfiles ./activiti-process-validation/target/classes --classfiles ./activiti-bpmn-converter/target/classes --classfiles ./activiti-engine/target/classes --classfiles ./activiti-bpmn-model/target/classes          --sourcefiles ./activiti-bpmn-layout/src/main/java --sourcefiles ./activiti-process-validation/src/main/java --sourcefiles ./activiti-bpmn-converter/src/main/java --sourcefiles ./activiti-engine/src/main/java --sourcefiles ./activiti-bpmn-model/src/main/java          --xml activiti-engine/target/coverage.xml
python3 /NOD-Test-Repair/tdrepro/collect_executed_meths.py activiti-engine org.activiti.engine.test.api.event.ActivityEventsTest#testActivityTimeOutEvent activiti/activiti
***desc= (Ljava/io/InputStream;)V
***desc= ()Ljava/io/InputStream;
***desc= (Ljava/io/InputStream;)[B
***desc= (Lorg/activiti/engine/delegate/event/ActivitiEventType;)V
***desc= ()Ljava/lang/String;
***desc= (Ljava/lang/String;)V
***desc= ()Ljava/lang/String;
***desc= (Ljava/lang/String;)V
***desc= ()Ljava/lang/String;
***desc= (Ljava/lang/String;)V
***desc= ()Ljava/lang/String;
***desc= (Ljava/lang/String;)V
***desc= ()Ljava/lang/String;
***desc= (Ljava/lang/String;)V
***desc= ()Ljava/lang/String;
***desc= (Ljava/lang/String;)V
***desc= ()Ljava/lang/String;
***desc= (Ljava/lang/String;)V
***desc= ()Ljava/lang/String;
***desc= (Ljava/lang/String;)V
***desc= ()Ljava/lang/String;
***desc= (Ljava/lang/String;)V
***desc= (Ljava/lang/Object;Ljava/util/Map;Z)V
***desc= (Lorg/activiti/engine/delegate/event/ActivitiEventType;)Lorg/activiti/engine/delegate/event/ActivitiEvent;
***desc= (Lorg/activiti/engine/delegate/event/ActivitiEventType;Ljava/lang/Object;)Lorg/activiti/engine/delegate/event/ActivitiEntityEvent;
***desc= (Ljava/lang/Object;Ljava/util/Map;Z)Lorg/activiti/engine/delegate/event/ActivitiProcessStartedEvent;
***desc= (Lorg/activiti/engine/delegate/event/ActivitiEventType;Ljava/lang/Object;Ljava/util/Map;Z)Lorg/activiti/engine/delegate/event/ActivitiEntityWithVariablesEvent;
***desc= (Lorg/activiti/engine/impl/persistence/entity/ExecutionEntity;Lorg/activiti/engine/delegate/event/ActivitiEventType;Ljava/lang/String;Ljava/lang/String;Ljava/lang/String;Ljava/lang/String;Ljava/lang/Object;Ljava/lang/String;Ljava/lang/String;Ljava/lang/String;Ljava/lang/Object;)Lorg/activiti/engine/delegate/event/ActivitiSequenceFlowTakenEvent;
***desc= (Lorg/activiti/engine/delegate/event/ActivitiEventType;Ljava/lang/String;Ljava/lang/String;Ljava/lang/String;Ljava/lang/String;Ljava/lang/String;Lorg/activiti/bpmn/model/FlowElement;)Lorg/activiti/engine/delegate/event/ActivitiActivityEvent;
***desc= (Lorg/activiti/bpmn/model/FlowNode;)Ljava/lang/String;
***desc= (Ljava/lang/String;Ljava/lang/String;Ljava/lang/String;Ljava/lang/String;Ljava/lang/String;Ljava/lang/String;Ljava/lang/Object;)Lorg/activiti/engine/delegate/event/ActivitiActivityCancelledEvent;
***desc= (Lorg/activiti/engine/delegate/event/impl/ActivitiEventImpl;)V
***desc= (Lorg/activiti/engine/delegate/event/ActivitiEventType;)V
***desc= ()Ljava/lang/String;
***desc= (Ljava/lang/String;)V
***desc= ()Ljava/lang/String;
***desc= (Ljava/lang/String;)V
***desc= ()Ljava/lang/String;
***desc= (Ljava/lang/String;)V
***desc= ()Ljava/lang/String;
***desc= (Ljava/lang/String;)V
***desc= (Lorg/activiti/engine/delegate/event/ActivitiEventType;)V
***desc= (Lorg/activiti/engine/delegate/event/ActivitiEventType;Ljava/lang/String;Ljava/lang/String;Ljava/lang/String;)V
***desc= ()Lorg/activiti/engine/delegate/event/ActivitiEventType;
***desc= ()Ljava/lang/String;
***desc= (Ljava/lang/String;)V
***desc= ()Ljava/lang/String;
***desc= (Ljava/lang/String;)V
***desc= ()Ljava/lang/String;
***desc= (Ljava/lang/String;)V
***desc= (Ljava/lang/Object;Ljava/util/Map;ZLorg/activiti/engine/delegate/event/ActivitiEventType;)V
***desc= ()Ljava/util/Map;
***desc= (Ljava/lang/Object;Lorg/activiti/engine/delegate/event/ActivitiEventType;)V
***desc= ()Ljava/lang/Object;
***desc= ()V
***desc= (Ljava/lang/Object;)V
***desc= ()Ljava/lang/Object;
***desc= ()V
***desc= (Lorg/activiti/engine/delegate/event/ActivitiEventListener;)V
***desc= (Lorg/activiti/engine/delegate/event/ActivitiEventListener;)V
***desc= (Lorg/activiti/engine/delegate/event/ActivitiEvent;)V
***desc= (Lorg/activiti/engine/delegate/event/ActivitiEvent;Lorg/activiti/engine/delegate/event/ActivitiEventListener;)V
***desc= ()V
***desc= ()V
***desc= (Z)V
***desc= ()Z
***desc= (Lorg/activiti/engine/delegate/event/ActivitiEventListener;)V
***desc= (Lorg/activiti/engine/delegate/event/ActivitiEventListener;)V
***desc= (Lorg/activiti/engine/delegate/event/ActivitiEvent;)V
***desc= (Lorg/activiti/engine/delegate/event/ActivitiEvent;)Lorg/activiti/bpmn/model/BpmnModel;
***desc= ()V
***desc= ()V
***desc= ()V
***desc= ()V
***desc= ()V
***desc= ()V
***desc= ()V
***desc= ()V
***desc= ()V
***desc= ()V
***desc= ()V
***desc= (JJ)V
***desc= ()V
***desc= ()V
***desc= ()V
***desc= ()V
***desc= (Ljava/lang/Thread;)V
***desc= ()Z
***desc= (Lorg/activiti/engine/ProcessEngineConfiguration;Lorg/activiti/engine/ManagementService;JJ)V
***desc= (Lorg/activiti/engine/ProcessEngineConfiguration;Lorg/activiti/engine/ManagementService;JJZ)V
***desc= (Lorg/activiti/engine/ManagementService;)Z
***desc= (Lorg/activiti/engine/ProcessEngine;Ljava/lang/Class;Ljava/lang/String;)Ljava/lang/String;
***desc= (Lorg/activiti/engine/ProcessEngine;Ljava/lang/String;Ljava/lang/Class;Ljava/lang/String;)V
***desc= ()V
***desc= ()V
***desc= (Ljava/lang/String;Ljava/lang/String;Ljava/lang/String;Ljava/lang/String;Ljava/util/Map;)Lorg/activiti/engine/impl/persistence/entity/EventLogEntryEntity;
***desc= (Ljava/lang/String;Ljava/lang/String;Ljava/lang/String;Ljava/lang/String;Ljava/lang/String;Ljava/util/Map;)Lorg/activiti/engine/impl/persistence/entity/EventLogEntryEntity;
***desc= (Lorg/activiti/engine/delegate/event/ActivitiEvent;)V
***desc= (Ljava/util/Date;)V
***desc= (Lcom/fasterxml/jackson/databind/ObjectMapper;)V
***desc= ()Ljava/lang/Object;
***desc= (Ljava/util/Map;Ljava/lang/String;Ljava/lang/Object;)V
***desc= ()V
***desc= ()V
***desc= (Lorg/activiti/engine/impl/interceptor/CommandContext;)Lorg/activiti/engine/impl/persistence/entity/EventLogEntryEntity;
***desc= ()V
***desc= (Lorg/activiti/engine/impl/interceptor/CommandContext;)Lorg/activiti/engine/impl/persistence/entity/EventLogEntryEntity;
***desc= ()V
***desc= (Lorg/activiti/engine/impl/persistence/entity/TaskEntity;)Ljava/util/Map;
***desc= ()V
***desc= (Lorg/activiti/engine/impl/interceptor/CommandContext;)Lorg/activiti/engine/impl/persistence/entity/EventLogEntryEntity;
***desc= ()V
***desc= (Lorg/activiti/engine/impl/interceptor/CommandContext;)Lorg/activiti/engine/impl/persistence/entity/EventLogEntryEntity;
***desc= ()V
***desc= (Lorg/activiti/engine/impl/interceptor/CommandContext;)Lorg/activiti/engine/impl/persistence/entity/EventLogEntryEntity;
***desc= ()V
***desc= (Lorg/activiti/engine/impl/interceptor/CommandContext;)Lorg/activiti/engine/impl/persistence/entity/EventLogEntryEntity;
***desc= ()V
***desc= ()Lorg/activiti/validation/ProcessValidator;
***desc= ()V
***desc= (Lorg/activiti/bpmn/model/BpmnModel;)Ljava/util/List;
***desc= (Lorg/activiti/validation/validator/ValidatorSet;)V
***desc= (Lorg/activiti/engine/runtime/ClockReader;)V
***desc= (Ljava/lang/String;I)Ljava/util/Date;
***desc= ()V
***desc= ()V
***desc= (Ljava/lang/String;)Lorg/activiti/engine/impl/calendar/BusinessCalendar;
***desc= (Ljava/lang/String;Lorg/activiti/engine/impl/calendar/BusinessCalendar;)Lorg/activiti/engine/impl/calendar/BusinessCalendarManager;
***desc= (Lorg/activiti/engine/runtime/ClockReader;)V
***desc= (Ljava/lang/String;)Ljava/util/Date;
***desc= (Lorg/activiti/engine/runtime/ClockReader;)V
***desc= (Ljava/lang/String;ILorg/activiti/engine/runtime/ClockReader;)V
***desc= (Ljava/lang/String;Lorg/activiti/engine/runtime/ClockReader;)V
***desc= ()Ljava/util/Calendar;
***desc= (Ljava/util/Calendar;)Ljava/util/Calendar;
***desc= ()Ljava/util/Date;
***desc= (Ljava/util/Calendar;Ljavax/xml/datatype/Duration;)Ljava/util/Calendar;
***desc= (Ljava/lang/String;)Ljavax/xml/datatype/Duration;
***desc= (Ljava/lang/String;)Z
***desc= (Lorg/activiti/engine/runtime/ClockReader;)V
***desc= (Ljava/lang/String;ILjava/util/Date;Ljava/util/Date;)Ljava/lang/Boolean;
***desc= ()V
***desc= ()V
***desc= (Lorg/activiti/engine/impl/interceptor/CommandContext;)Lorg/activiti/engine/impl/cfg/TransactionContext;
***desc= (Lorg/activiti/engine/impl/interceptor/CommandContext;)V
***desc= ()V
***desc= (Lorg/activiti/engine/impl/cfg/TransactionState;Z)V
***desc= ()Lorg/activiti/engine/impl/db/DbSqlSession;
***desc= ()V
***desc= (Ljava/lang/String;)V
***desc= ()Ljava/lang/String;
***desc= ()V
***desc= ()V
***desc= ()Ljava/lang/String;
***desc= ()V
***desc= ()Ljava/lang/String;
***desc= (Ljavax/xml/stream/XMLStreamReader;Lorg/activiti/bpmn/model/BaseElement;Lorg/activiti/bpmn/model/BpmnModel;)V
***desc= ()V
***desc= ()Ljava/lang/String;
***desc= ()V
***desc= ()Ljava/lang/String;
***desc= ()V
***desc= ()Ljava/lang/String;
***desc= ()V
***desc= ()Ljava/lang/String;
***desc= ()V
***desc= ()Ljava/lang/String;
***desc= ()V
***desc= ()Ljava/lang/String;
***desc= ()V
***desc= ()Ljava/lang/String;
***desc= ()V
***desc= ()Ljava/lang/String;
***desc= ()V
***desc= ()Ljava/lang/String;
***desc= ()V
***desc= ()Ljava/lang/String;
***desc= ()V
***desc= ()Ljava/lang/String;
***desc= ()V
***desc= ()Ljava/lang/String;
***desc= (Ljavax/xml/stream/XMLStreamReader;Lorg/activiti/bpmn/model/BaseElement;Lorg/activiti/bpmn/model/BpmnModel;)V
***desc= ()V
***desc= ()Ljava/lang/String;
***desc= ()V
***desc= ()Ljava/lang/String;
***desc= ()V
***desc= ()Ljava/lang/String;
***desc= ()V
***desc= ()Ljava/lang/String;
***desc= ()V
***desc= ()Ljava/lang/String;
***desc= ()V
***desc= ()Ljava/lang/String;
***desc= ()V
***desc= ()Ljava/lang/String;
***desc= ()V
***desc= ()Ljava/lang/String;
***desc= ()V
***desc= ()Ljava/lang/String;
***desc= ()V
***desc= ()Ljava/lang/String;
***desc= ()V
***desc= ()V
***desc= ()Ljava/lang/String;
***desc= ()V
***desc= ()Ljava/lang/String;
***desc= ()V
***desc= ()Ljava/lang/String;
***desc= ()V
***desc= ()V
***desc= (Lorg/activiti/engine/impl/persistence/entity/Entity;Z)V
***desc= ()Lorg/activiti/engine/impl/persistence/entity/Entity;
***desc= ()Z
***desc= ()V
***desc= (Lorg/activiti/engine/impl/persistence/entity/Entity;Z)Lorg/activiti/engine/impl/persistence/cache/CachedEntity;
***desc= (Ljava/lang/Class;Ljava/lang/String;)Ljava/lang/Object;
***desc= (Ljava/lang/Class;)Ljava/util/Map;
***desc= (Ljava/lang/Class;)Ljava/util/Collection;
***desc= (Ljava/lang/Class;)Ljava/util/List;
***desc= ()Ljava/util/Map;
***desc= ()V
***desc= ()V
***desc= (Lorg/activiti/bpmn/converter/child/BaseChildElementParser;)V
***desc= (Lorg/activiti/bpmn/model/BaseElement;Ljavax/xml/stream/XMLStreamReader;)V
***desc= (Ljava/lang/String;Lorg/activiti/bpmn/model/BaseElement;Ljavax/xml/stream/XMLStreamReader;Lorg/activiti/bpmn/model/BpmnModel;)V
***desc= (Ljava/lang/String;Lorg/activiti/bpmn/model/BaseElement;Ljavax/xml/stream/XMLStreamReader;Ljava/util/Map;Lorg/activiti/bpmn/model/BpmnModel;)V
***desc= (Ljavax/xml/stream/XMLStreamReader;Lorg/activiti/bpmn/model/BaseElement;[Ljava/util/List;)V
***desc= (Lorg/activiti/bpmn/model/ExtensionAttribute;[Ljava/util/List;)Z
***desc= ()V
***desc= ()V
***desc= ()V
***desc= ()V
***desc= ()V
***desc= ()V
***desc= ()V
***desc= ()V
***desc= (Lorg/activiti/engine/impl/persistence/entity/JobEntity;Ljava/lang/Object;)Z
***desc= ()V
***desc= ()V
***desc= ()V
***desc= ()V
***desc= (Lorg/activiti/engine/impl/persistence/entity/TimerJobEntity;Ljava/lang/Object;)Z
***desc= ()V
***desc= ()V
***desc= ()V
***desc= (Lorg/activiti/engine/impl/persistence/entity/ExecutionEntity;Ljava/lang/Object;)Z
***desc= ()V
***desc= ()V
***desc= (Lorg/activiti/engine/impl/persistence/entity/TaskEntity;Ljava/lang/Object;)Z
***desc= ()V
***desc= (Lorg/activiti/engine/impl/persistence/entity/ExecutionEntity;Ljava/lang/Object;)Z
***desc= ()V
***desc= ()V
***desc= ()V
***desc= ()V
***desc= ()V
***desc= ()V
***desc= ()V
***desc= ()V
***desc= (Lorg/activiti/engine/impl/persistence/entity/ExecutionEntity;Ljava/lang/Object;)Z
***desc= ()V
***desc= ()V
***desc= ()V
***desc= (Lorg/activiti/engine/impl/persistence/entity/HistoricActivityInstanceEntity;Ljava/lang/Object;)Z
***desc= ()V
***desc= ()V
***desc= (Ljava/io/InputStream;Ljava/lang/String;)[B
***desc= (Ljava/io/InputStream;)V
***desc= (Ljava/lang/String;)Lorg/activiti/engine/repository/ProcessDefinition;
***desc= (Ljava/lang/String;Z)Lorg/activiti/engine/repository/ProcessDefinition;
***desc= (Ljava/lang/String;)Lorg/activiti/bpmn/model/Process;
***desc= (Ljava/lang/String;)Z
***desc= (Ljava/lang/String;)Lorg/activiti/engine/impl/persistence/entity/ProcessDefinitionEntity;
***desc= ()Ljava/lang/ClassLoader;
***desc= (Ljava/lang/String;)Ljava/io/InputStream;
***desc= ()Ljava/lang/ClassLoader;
***desc= ()V
***desc= (Lorg/activiti/engine/impl/interceptor/CommandContext;Ljava/lang/String;)Z
***desc= (Lorg/activiti/engine/impl/cfg/ProcessEngineConfigurationImpl;Ljava/lang/String;)Z
***desc= (Lorg/activiti/engine/impl/interceptor/CommandContext;Lorg/activiti/engine/repository/ProcessDefinition;)Z
***desc= (Lorg/activiti/bpmn/model/TimerEventDefinition;ZLorg/activiti/engine/impl/persistence/entity/ExecutionEntity;Ljava/lang/String;Ljava/lang/String;)Lorg/activiti/engine/impl/persistence/entity/TimerJobEntity;
***desc= ()V
***desc= (Ljava/util/Date;)V
***desc= (Ljava/util/Calendar;)V
***desc= ()V
***desc= ()Ljava/util/Date;
***desc= ()Ljava/util/Calendar;
***desc= ()V
***desc= (Lorg/activiti/engine/repository/ProcessDefinition;Ljava/lang/String;Ljava/lang/String;Ljava/util/Map;Ljava/util/Map;)Lorg/activiti/engine/runtime/ProcessInstance;
***desc= (Lorg/activiti/engine/repository/ProcessDefinition;Ljava/lang/String;Ljava/lang/String;Ljava/util/Map;Ljava/util/Map;Z)Lorg/activiti/engine/runtime/ProcessInstance;
***desc= (Lorg/activiti/engine/repository/ProcessDefinition;Ljava/lang/String;Ljava/lang/String;Lorg/activiti/bpmn/model/FlowElement;Lorg/activiti/bpmn/model/Process;Ljava/util/Map;Ljava/util/Map;Z)Lorg/activiti/engine/runtime/ProcessInstance;
***desc= (Lorg/activiti/engine/impl/persistence/entity/ExecutionEntity;Lorg/activiti/engine/impl/interceptor/CommandContext;Ljava/util/Map;)V
***desc= (Ljava/util/Collection;)Ljava/util/Map;
***desc= (Ljava/util/Collection;)Z
***desc= (Ljava/util/Collection;)Z
***desc= ()V
***desc= (Lorg/activiti/bpmn/model/BpmnModel;Lorg/activiti/bpmn/model/Process;Ljava/util/List;)V
***desc= ()V
***desc= (Lorg/activiti/bpmn/model/BpmnModel;Lorg/activiti/bpmn/model/Process;Ljava/util/List;)V
***desc= ()V
***desc= (Lorg/activiti/bpmn/model/BpmnModel;Lorg/activiti/bpmn/model/Process;Ljava/util/List;)V
***desc= (Lorg/activiti/bpmn/model/Process;Lorg/activiti/bpmn/model/Activity;Ljava/util/List;)V
***desc= (Lorg/activiti/bpmn/model/Process;Lorg/activiti/bpmn/model/Activity;Ljava/util/List;)V
***desc= (Lorg/activiti/bpmn/model/Process;Lorg/activiti/bpmn/model/Activity;Ljava/util/List;)V
***desc= ()V
***desc= (Lorg/activiti/bpmn/model/BpmnModel;Lorg/activiti/bpmn/model/Process;Ljava/util/List;)V
***desc= ()V
***desc= (Lorg/activiti/bpmn/model/BpmnModel;Lorg/activiti/bpmn/model/Process;Ljava/util/List;)V
***desc= ()V
***desc= (Lorg/activiti/bpmn/model/BpmnModel;Lorg/activiti/bpmn/model/Process;Ljava/util/List;)V
***desc= ()V
***desc= (Lorg/activiti/bpmn/model/BpmnModel;Lorg/activiti/bpmn/model/Process;Ljava/util/List;)V
***desc= ()V
***desc= (Lorg/activiti/bpmn/model/BpmnModel;Ljava/util/List;)V
***desc= ()V
***desc= (Lorg/activiti/bpmn/model/BpmnModel;Lorg/activiti/bpmn/model/Process;Ljava/util/List;)V
***desc= ()V
***desc= (Lorg/activiti/bpmn/model/BpmnModel;Ljava/util/List;)V
***desc= ()V
***desc= (Lorg/activiti/bpmn/model/BpmnModel;Ljava/util/List;)V
***desc= (Lorg/activiti/bpmn/model/BpmnModel;Lorg/activiti/bpmn/model/Process;Ljava/util/List;)V
***desc= (Lorg/activiti/bpmn/model/BpmnModel;Ljava/util/List;)V
***desc= (Lorg/activiti/bpmn/model/BpmnModel;Ljava/util/List;)Z
***desc= ()V
***desc= (Lorg/activiti/bpmn/model/BpmnModel;Lorg/activiti/bpmn/model/Process;Ljava/util/List;)V
***desc= (Ljava/util/List;Lorg/activiti/bpmn/model/Process;Ljava/util/List;)V
***desc= (Ljava/util/List;Lorg/activiti/bpmn/model/Process;Ljava/util/List;)V
***desc= ()V
***desc= (Lorg/activiti/bpmn/model/BpmnModel;Lorg/activiti/bpmn/model/Process;Ljava/util/List;)V
***desc= ()V
***desc= (Lorg/activiti/bpmn/model/BpmnModel;Lorg/activiti/bpmn/model/Process;Ljava/util/List;)V
***desc= ()V
***desc= (Lorg/activiti/bpmn/model/BpmnModel;Lorg/activiti/bpmn/model/Process;Ljava/util/List;)V
***desc= ()V
***desc= (Lorg/activiti/bpmn/model/BpmnModel;Ljava/util/List;)V
***desc= ()V
***desc= (Lorg/activiti/bpmn/model/BpmnModel;Ljava/util/List;)V
***desc= ()V
***desc= (Lorg/activiti/bpmn/model/BpmnModel;Lorg/activiti/bpmn/model/Process;Ljava/util/List;)V
***desc= ()V
***desc= (Lorg/activiti/bpmn/model/BpmnModel;Lorg/activiti/bpmn/model/Process;Ljava/util/List;)V
***desc= ()V
***desc= (Lorg/activiti/bpmn/model/BpmnModel;Lorg/activiti/bpmn/model/Process;Ljava/util/List;)V
***desc= ()V
***desc= (Lorg/activiti/bpmn/model/BpmnModel;Ljava/util/List;)V
***desc= ()V
***desc= (Lorg/activiti/bpmn/model/BpmnModel;Lorg/activiti/bpmn/model/Process;Ljava/util/List;)V
***desc= (Lorg/activiti/bpmn/model/Process;Lorg/activiti/bpmn/model/Event;Lorg/activiti/bpmn/model/EventDefinition;Ljava/util/List;)V
***desc= ()V
***desc= (Lorg/activiti/bpmn/model/BpmnModel;Lorg/activiti/bpmn/model/Process;Ljava/util/List;)V
***desc= ()V
***desc= ()V
***desc= (Lorg/activiti/bpmn/model/BpmnModel;Lorg/activiti/bpmn/model/Process;Ljava/util/List;)V
***desc= ()V
***desc= (Lorg/activiti/bpmn/model/BpmnModel;Lorg/activiti/bpmn/model/Process;Ljava/util/List;)V
***desc= (Lorg/activiti/bpmn/model/Process;Lorg/activiti/bpmn/model/BaseElement;Ljava/util/List;Ljava/util/List;)V
***desc= ()V
***desc= (Lorg/activiti/bpmn/model/BpmnModel;Ljava/util/List;)V
***desc= (Ljava/util/Map;)V
***desc= (Ljavax/el/ValueExpression;Ljava/lang/String;)V
***desc= (Lorg/activiti/engine/delegate/VariableScope;)Ljava/lang/Object;
***desc= ()V
***desc= (Z)V
***desc= ()V
***desc= ()Ljavax/el/FunctionMapper;
***desc= ()Ljavax/el/VariableMapper;
***desc= (ZLjava/lang/Class;Ljava/lang/String;Ljava/lang/String;)V
***desc= (Ljava/lang/Class;Ljava/lang/String;Ljava/lang/String;)V
***desc= (Ljavax/el/ELResolver;)V
***desc= (Lorg/activiti/engine/delegate/VariableScope;)V
***desc= (Ljava/util/Map;)V
***desc= (Ljava/util/Map;Z)V
***desc= (Ljava/lang/String;)Lorg/activiti/engine/delegate/Expression;
***desc= (Lorg/activiti/engine/delegate/VariableScope;)Ljavax/el/ELContext;
***desc= (Lorg/activiti/engine/delegate/VariableScope;)Lorg/activiti/engine/impl/el/ActivitiElContext;
***desc= (Lorg/activiti/engine/delegate/VariableScope;)Ljavax/el/ELResolver;
***desc= ()V
***desc= (Lorg/activiti/bpmn/model/HasExecutionListeners;Lorg/activiti/engine/delegate/DelegateExecution;Ljava/lang/String;)V
***desc= (Lorg/activiti/engine/impl/persistence/entity/TaskEntity;Ljava/lang/String;)V
***desc= (Lorg/activiti/bpmn/model/UserTask;Lorg/activiti/engine/impl/persistence/entity/TaskEntity;Ljava/lang/String;)V
***desc= ()V
***desc= (Lorg/activiti/engine/impl/persistence/entity/DeploymentEntity;Ljava/util/Map;)V
***desc= (Ljava/lang/String;)Lorg/activiti/engine/repository/ProcessDefinition;
***desc= (Ljava/lang/String;)Lorg/activiti/engine/repository/ProcessDefinition;
***desc= (Lorg/activiti/engine/repository/ProcessDefinition;)Lorg/activiti/engine/impl/persistence/deploy/ProcessDefinitionCacheEntry;
***desc= (Ljava/lang/String;Z)V
***desc= (Ljava/util/List;)V
***desc= ()Lorg/activiti/engine/impl/persistence/deploy/DeploymentCache;
***desc= (Lorg/activiti/engine/impl/persistence/deploy/DeploymentCache;)V
***desc= ()Lorg/activiti/engine/impl/persistence/deploy/ProcessDefinitionInfoCache;
***desc= (Lorg/activiti/engine/impl/persistence/deploy/ProcessDefinitionInfoCache;)V
***desc= (Lorg/activiti/engine/impl/persistence/deploy/DeploymentCache;)V
***desc= (Lorg/activiti/engine/impl/cfg/ProcessEngineConfigurationImpl;)V
***desc= (Lorg/activiti/engine/impl/persistence/entity/ProcessDefinitionEntityManager;)V
***desc= (Lorg/activiti/engine/impl/persistence/entity/DeploymentEntityManager;)V
***desc= (Lorg/activiti/engine/impl/persistence/deploy/ProcessDefinitionInfoCache;Ljava/lang/String;)V
***desc= ()V
***desc= (Ljava/lang/String;)Ljava/lang/Object;
***desc= (Ljava/lang/String;Ljava/lang/Object;)V
***desc= (Ljava/lang/String;)V
***desc= ()V
***desc= ()V
***desc= (I)V
***desc= ()Lcom/fasterxml/jackson/databind/node/ObjectNode;
***desc= (Lcom/fasterxml/jackson/databind/node/ObjectNode;)V
***desc= (Lorg/activiti/engine/repository/ProcessDefinition;Lorg/activiti/bpmn/model/BpmnModel;Lorg/activiti/bpmn/model/Process;)V
***desc= ()Lorg/activiti/engine/repository/ProcessDefinition;
***desc= ()Lorg/activiti/bpmn/model/BpmnModel;
***desc= ()Lorg/activiti/bpmn/model/Process;
***desc= (Lorg/activiti/engine/impl/interceptor/CommandExecutor;)V
***desc= (Ljava/lang/String;)Lorg/activiti/engine/impl/persistence/deploy/ProcessDefinitionInfoCacheObject;
***desc= (Ljava/lang/String;Lorg/activiti/engine/impl/persistence/deploy/ProcessDefinitionInfoCacheObject;)V
***desc= (Ljava/lang/String;Lorg/activiti/engine/impl/interceptor/CommandContext;)Lorg/activiti/engine/impl/persistence/deploy/ProcessDefinitionInfoCacheObject;
***desc= ()V
***desc= (Lorg/activiti/bpmn/model/SequenceFlow;Lorg/activiti/engine/delegate/DelegateExecution;)Z
***desc= (Ljava/lang/String;Ljava/lang/String;Lcom/fasterxml/jackson/databind/node/ObjectNode;)Ljava/lang/String;
***desc= ()V
***desc= (Lorg/activiti/engine/impl/bpmn/parser/BpmnParser;)Lorg/activiti/engine/impl/bpmn/parser/BpmnParse;
***desc= ()V
***desc= (Lorg/springframework/beans/factory/BeanFactory;)V
***desc= ()V
***desc= ()Lorg/activiti/engine/impl/interceptor/CommandInterceptor;
***desc= (Lorg/springframework/core/io/Resource;Ljava/lang/String;)Lorg/activiti/engine/ProcessEngineConfiguration;
***desc= (Ljava/io/InputStream;Ljava/lang/String;)Lorg/activiti/engine/ProcessEngineConfiguration;
***desc= ()V
***desc= ()Z
***desc= ()Z
***desc= ()Z
***desc= ()Z
***desc= ()V
***desc= (Lorg/activiti/engine/impl/interceptor/CommandConfig;Lorg/activiti/engine/impl/interceptor/CommandInterceptor;)V
***desc= (Lorg/activiti/engine/impl/interceptor/Command;)Ljava/lang/Object;
***desc= (Lorg/activiti/engine/impl/interceptor/CommandConfig;Lorg/activiti/engine/impl/interceptor/Command;)Ljava/lang/Object;
***desc= ()V
***desc= ()V
***desc= ()Lorg/activiti/engine/ProcessEngine;
***desc= ()V
***desc= ()V
***desc= ()V
***desc= ()V
***desc= ()V
***desc= ()V
***desc= ()V
***desc= ()Ljava/util/Collection;
***desc= ()V
***desc= (Ljava/util/List;)Lorg/activiti/engine/impl/interceptor/CommandInterceptor;
***desc= ()V
***desc= (Ljava/lang/Object;)V
***desc= ()V
***desc= ()Ljava/util/Properties;
***desc= ()V
***desc= ()V
***desc= ()V
***desc= (Lorg/apache/ibatis/mapping/Environment;Ljava/io/Reader;Ljava/util/Properties;)Lorg/apache/ibatis/session/Configuration;
***desc= (Lorg/apache/ibatis/session/Configuration;)V
***desc= (Lorg/apache/ibatis/session/Configuration;)V
***desc= (Lorg/apache/ibatis/session/Configuration;Lorg/apache/ibatis/builder/xml/XMLConfigBuilder;)Lorg/apache/ibatis/session/Configuration;
***desc= (Lorg/apache/ibatis/session/Configuration;)Lorg/apache/ibatis/session/Configuration;
***desc= (Ljava/lang/String;)Ljava/io/InputStream;
***desc= ()Ljava/io/InputStream;
***desc= ()Ljava/util/Set;
***desc= ()Ljava/util/Set;
***desc= ()V
***desc= ()V
***desc= ()V
***desc= ()V
***desc= ()V
***desc= ()V
***desc= ()Lorg/activiti/engine/impl/db/DbSqlSessionFactory;
***desc= (Lorg/activiti/engine/impl/interceptor/SessionFactory;)V
***desc= ()V
***desc= ()V
***desc= ()V
***desc= ()V
***desc= ()V
***desc= ()V
***desc= ()V
***desc= ()V
***desc= ()Ljava/util/Collection;
***desc= ()V
***desc= ()V
***desc= ()V
***desc= ()Ljava/util/List;
***desc= ()V
***desc= ()V
***desc= ()V
***desc= ()V
***desc= ()V
***desc= ()V
***desc= ()V
***desc= ()V
***desc= ()V
***desc= ()V
***desc= ()I
***desc= ()V
***desc= ()V
***desc= ()V
***desc= ()V
***desc= ()V
***desc= ()V
***desc= ()V
***desc= ()V
***desc= ()V
***desc= ()V
***desc= ()V
***desc= ()V
***desc= ()Lorg/activiti/engine/impl/interceptor/CommandConfig;
***desc= ()Lorg/activiti/engine/impl/interceptor/CommandConfig;
***desc= ()Lorg/activiti/engine/impl/interceptor/CommandExecutor;
***desc= ()Lorg/activiti/engine/RepositoryService;
***desc= ()Lorg/activiti/engine/RuntimeService;
***desc= ()Lorg/activiti/engine/HistoryService;
***desc= ()Lorg/activiti/engine/TaskService;
***desc= ()Lorg/activiti/engine/ManagementService;
***desc= ()Lorg/activiti/engine/DynamicBpmnService;
***desc= ()Ljava/util/Map;
***desc= ()Lorg/activiti/engine/impl/cfg/IdGenerator;
***desc= ()Lorg/activiti/engine/impl/variable/VariableTypes;
***desc= ()Lorg/activiti/engine/impl/el/ExpressionManager;
***desc= ()Lorg/activiti/engine/impl/calendar/BusinessCalendarManager;
***desc= ()Lorg/activiti/engine/impl/cfg/TransactionContextFactory;
***desc= ()Ljava/util/Map;
***desc= ()Lorg/activiti/engine/impl/util/ProcessInstanceHelper;
***desc= ()Lorg/activiti/engine/impl/bpmn/listener/ListenerNotificationHelper;
***desc= ()Ljava/util/List;
***desc= ()Ljava/util/List;
***desc= ()Ljava/util/List;
***desc= (Ljava/util/Map;)Lorg/activiti/engine/impl/cfg/ProcessEngineConfigurationImpl;
***desc= ()Lorg/activiti/engine/impl/persistence/deploy/DeploymentManager;
***desc= ()Lorg/activiti/engine/impl/interceptor/DelegateInterceptor;
***desc= ()Lorg/activiti/engine/impl/jobexecutor/FailedJobCommandFactory;
***desc= ()Lorg/activiti/engine/impl/persistence/deploy/DeploymentCache;
***desc= ()Z
***desc= ()Lorg/activiti/engine/delegate/event/ActivitiEventDispatcher;
***desc= ()Lorg/activiti/validation/ProcessValidator;
***desc= ()Z
***desc= ()Lorg/activiti/engine/impl/cfg/PerformanceSettings;
***desc= ()Lorg/activiti/engine/impl/persistence/entity/AttachmentEntityManager;
***desc= ()Lorg/activiti/engine/impl/persistence/entity/CommentEntityManager;
***desc= ()Lorg/activiti/engine/impl/persistence/entity/DeploymentEntityManager;
***desc= ()Lorg/activiti/engine/impl/persistence/entity/EventLogEntryEntityManager;
***desc= ()Lorg/activiti/engine/impl/persistence/entity/EventSubscriptionEntityManager;
***desc= ()Lorg/activiti/engine/impl/persistence/entity/ExecutionEntityManager;
***desc= ()Lorg/activiti/engine/impl/persistence/entity/HistoricActivityInstanceEntityManager;
***desc= ()Lorg/activiti/engine/impl/persistence/entity/HistoricDetailEntityManager;
***desc= ()Lorg/activiti/engine/impl/persistence/entity/HistoricIdentityLinkEntityManager;
***desc= ()Lorg/activiti/engine/impl/persistence/entity/HistoricProcessInstanceEntityManager;
***desc= ()Lorg/activiti/engine/impl/persistence/entity/HistoricTaskInstanceEntityManager;
***desc= ()Lorg/activiti/engine/impl/persistence/entity/HistoricVariableInstanceEntityManager;
***desc= ()Lorg/activiti/engine/impl/persistence/entity/IdentityLinkEntityManager;
***desc= ()Lorg/activiti/engine/impl/persistence/entity/JobEntityManager;
***desc= ()Lorg/activiti/engine/impl/persistence/entity/TimerJobEntityManager;
***desc= ()Lorg/activiti/engine/impl/persistence/entity/SuspendedJobEntityManager;
***desc= ()Lorg/activiti/engine/impl/persistence/entity/DeadLetterJobEntityManager;
***desc= ()Lorg/activiti/engine/impl/persistence/entity/ModelEntityManager;
***desc= ()Lorg/activiti/engine/impl/persistence/entity/ProcessDefinitionEntityManager;
***desc= ()Lorg/activiti/engine/impl/persistence/entity/ProcessDefinitionInfoEntityManager;
***desc= ()Lorg/activiti/engine/impl/persistence/entity/PropertyEntityManager;
***desc= ()Lorg/activiti/engine/impl/persistence/entity/ResourceEntityManager;
***desc= ()Lorg/activiti/engine/impl/persistence/entity/TaskEntityManager;
***desc= ()Lorg/activiti/engine/impl/persistence/entity/VariableInstanceEntityManager;
***desc= ()Lorg/activiti/engine/impl/persistence/entity/TableDataManager;
***desc= ()Lorg/activiti/engine/impl/history/HistoryManager;
***desc= ()Lorg/activiti/engine/impl/asyncexecutor/JobManager;
***desc= ()Lcom/fasterxml/jackson/databind/ObjectMapper;
***desc= ()Z
***desc= ()Lorg/activiti/engine/compatibility/Activiti5CompatibilityHandler;
***desc= ()I
***desc= ()V
***desc= ()V
***desc= (Lorg/activiti/engine/impl/bpmn/parser/BpmnParse;Lorg/activiti/bpmn/model/BaseElement;)V
***desc= ()V
***desc= ()Ljava/lang/Class;
***desc= ()V
***desc= ()V
***desc= ()Ljava/lang/Class;
***desc= (Lorg/activiti/engine/impl/bpmn/parser/BpmnParse;Lorg/activiti/bpmn/model/Process;)V
***desc= (Lorg/activiti/engine/impl/bpmn/parser/BpmnParse;Lorg/activiti/bpmn/model/Process;)Lorg/activiti/engine/impl/persistence/entity/ProcessDefinitionEntity;
***desc= (Lorg/activiti/engine/impl/bpmn/parser/BpmnParse;Ljava/util/List;)V
***desc= ()V
***desc= ()V
***desc= ()Ljava/lang/Class;
***desc= (Lorg/activiti/engine/impl/bpmn/parser/BpmnParse;Lorg/activiti/bpmn/model/BoundaryEvent;)V
***desc= ()V
***desc= ()V
***desc= ()Ljava/lang/Class;
***desc= ()V
***desc= ()Ljava/lang/Class;
***desc= ()V
***desc= ()Ljava/lang/Class;
***desc= ()V
***desc= ()V
***desc= ()Ljava/lang/Class;
***desc= ()V
***desc= ()Ljava/lang/Class;
***desc= ()V
***desc= ()Ljava/lang/Class;
***desc= ()V
***desc= ()Ljava/lang/Class;
***desc= ()V
***desc= ()V
***desc= ()Ljava/lang/Class;
***desc= ()V
***desc= ()Ljava/lang/Class;
***desc= ()V
***desc= ()Ljava/lang/Class;
***desc= ()V
***desc= ()Ljava/lang/Class;
***desc= ()V
***desc= ()V
***desc= ()Ljava/lang/Class;
***desc= ()V
***desc= ()Ljava/lang/Class;
***desc= ()V
***desc= ()Ljava/lang/Class;
***desc= ()V
***desc= ()Ljava/lang/Class;
***desc= ()V
***desc= ()Ljava/lang/Class;
***desc= (Lorg/activiti/engine/impl/bpmn/parser/BpmnParse;Lorg/activiti/bpmn/model/TimerEventDefinition;)V
***desc= ()V
***desc= ()Ljava/util/Set;
***desc= (Lorg/activiti/engine/impl/bpmn/parser/BpmnParse;Lorg/activiti/bpmn/model/BaseElement;)V
***desc= (Lorg/activiti/engine/impl/bpmn/parser/BpmnParse;Ljava/util/Collection;)V
***desc= ()V
***desc= ()Ljava/lang/Class;
***desc= ()V
***desc= ()V
***desc= ()Ljava/lang/Class;
***desc= ()V
***desc= ()V
***desc= ()Ljava/lang/Class;
***desc= ()V
***desc= ()Ljava/lang/Class;
***desc= ()V
***desc= ()Ljava/lang/Class;
***desc= (Lorg/activiti/engine/impl/bpmn/parser/BpmnParse;Lorg/activiti/bpmn/model/UserTask;)V
***desc= ()V
***desc= ()Ljava/lang/Class;
***desc= ()V
***desc= ()Ljava/lang/Class;
***desc= (Lorg/activiti/engine/impl/bpmn/parser/BpmnParse;Lorg/activiti/bpmn/model/SequenceFlow;)V
***desc= ()V
***desc= ()Ljava/lang/Class;
***desc= ()V
***desc= ()Ljava/lang/Class;
***desc= (Lorg/activiti/engine/impl/bpmn/parser/BpmnParse;Lorg/activiti/bpmn/model/EndEvent;)V
***desc= ()V
***desc= ()V
***desc= ()Ljava/lang/Class;
***desc= ()V
***desc= ()Ljava/lang/Class;
***desc= (Lorg/activiti/engine/impl/bpmn/parser/BpmnParse;Lorg/activiti/bpmn/model/StartEvent;)V
***desc= ()V
***desc= ()V
***desc= ()Ljava/lang/String;
***desc= ()V
***desc= (Lorg/activiti/engine/impl/variable/VariableType;)Lorg/activiti/engine/impl/variable/DefaultVariableTypes;
***desc= (Lorg/activiti/engine/impl/variable/VariableType;I)Lorg/activiti/engine/impl/variable/DefaultVariableTypes;
***desc= ()V
***desc= ()Ljava/lang/String;
***desc= (Ljava/lang/String;Ljava/lang/Class;)V
***desc= ()Ljava/lang/String;
***desc= ()Ljava/lang/String;
***desc= ()V
***desc= (Z)V
***desc= (ILcom/fasterxml/jackson/databind/ObjectMapper;)V
***desc= ()Ljava/lang/String;
***desc= ()V
***desc= ()Ljava/lang/String;
***desc= ()V
***desc= ()Ljava/lang/String;
***desc= (ILcom/fasterxml/jackson/databind/ObjectMapper;)V
***desc= ()Ljava/lang/String;
***desc= ()V
***desc= (I)V
***desc= ()Ljava/lang/String;
***desc= ()V
***desc= ()Ljava/lang/String;
***desc= ()V
***desc= ()Ljava/lang/String;
***desc= ()V
***desc= ()Ljava/lang/String;
***desc= ()V
***desc= ()Ljava/lang/String;
***desc= (I)V
***desc= ()Ljava/lang/String;
***desc= ()V
***desc= ()Ljava/lang/String;
***desc= ()V
***desc= ()Ljava/lang/String;
***desc= ()V
***desc= ()Ljava/lang/String;
***desc= (Lorg/activiti/engine/delegate/DelegateExecution;Ljava/lang/String;)Z
***desc= ()V
***desc= (Ljava/io/Reader;)V
***desc= (Ljava/lang/String;)V
***desc= ()V
***desc= ()C
***desc= ()C
***desc= (C)Ljava/lang/String;
***desc= ()Ljava/lang/Object;
***desc= ()V
***desc= (Lorg/activiti/engine/impl/util/json/JSONTokener;)V
***desc= (Ljava/lang/String;)V
***desc= (Ljava/lang/String;)Ljava/lang/Object;
***desc= ()Ljava/util/Iterator;
***desc= (Ljava/lang/String;)Ljava/lang/Object;
***desc= (Ljava/lang/String;Ljava/lang/Object;)Lorg/activiti/engine/impl/util/json/JSONObject;
***desc= (Ljava/lang/String;Ljava/lang/Object;)Lorg/activiti/engine/impl/util/json/JSONObject;
***desc= (Ljava/lang/String;)Ljava/lang/String;
***desc= (Ljava/lang/Object;)V
***desc= ()Ljava/lang/String;
***desc= (Ljava/lang/Object;)Ljava/lang/String;
***desc= ()V
***desc= (Ljava/lang/String;)V
***desc= ()V
***desc= ()V
***desc= ()V
***desc= ()V
***desc= (Lorg/activiti/engine/impl/cfg/ProcessEngineConfigurationImpl;Ljava/util/List;)V
***desc= (Lorg/activiti/engine/impl/scripting/ScriptBindingsFactory;)V
***desc= (Ljavax/script/ScriptEngineManager;)V
***desc= (Lorg/activiti/engine/impl/interceptor/CommandContext;Lorg/activiti/engine/impl/persistence/entity/ExecutionEntity;Z)V
***desc= ()V
***desc= (Lorg/activiti/bpmn/model/FlowNode;)V
***desc= (Lorg/activiti/bpmn/model/FlowNode;)V
***desc= (Lorg/activiti/bpmn/model/FlowNode;)V
***desc= (Lorg/activiti/bpmn/model/FlowElement;)V
***desc= ()V
***desc= ()V
***desc= (Lorg/activiti/engine/impl/interceptor/CommandContext;)Lorg/activiti/engine/ActivitiEngineAgenda;
***desc= (Lorg/activiti/engine/impl/interceptor/CommandContext;Lorg/activiti/engine/impl/persistence/entity/ExecutionEntity;ZZ)V
***desc= (Lorg/activiti/engine/impl/interceptor/CommandContext;Lorg/activiti/engine/impl/persistence/entity/ExecutionEntity;)V
***desc= ()V
***desc= ()V
***desc= (Lorg/activiti/bpmn/model/FlowNode;)V
***desc= (Lorg/activiti/bpmn/model/FlowNode;)V
***desc= (Lorg/activiti/engine/impl/delegate/ActivityBehavior;Lorg/activiti/bpmn/model/FlowNode;)V
***desc= (Lorg/activiti/bpmn/model/SequenceFlow;)V
***desc= (Ljava/util/Collection;Lorg/activiti/engine/impl/persistence/entity/ExecutionEntity;)V
***desc= ()V
***desc= (Lorg/activiti/engine/impl/interceptor/CommandContext;Lorg/activiti/engine/impl/persistence/entity/ExecutionEntity;)V
***desc= (Lorg/activiti/engine/impl/persistence/entity/ExecutionEntity;)Lorg/activiti/bpmn/model/FlowElement;
***desc= (Lorg/activiti/bpmn/model/HasExecutionListeners;Lorg/activiti/engine/impl/persistence/entity/ExecutionEntity;Ljava/lang/String;)V
***desc= ()Lorg/activiti/engine/impl/persistence/entity/ExecutionEntity;
***desc= (Lorg/activiti/engine/impl/interceptor/CommandContext;)V
***desc= ()Z
***desc= ()Ljava/lang/Runnable;
***desc= (Ljava/lang/Runnable;)V
***desc= (Lorg/activiti/engine/impl/persistence/entity/ExecutionEntity;)V
***desc= (Lorg/activiti/engine/impl/persistence/entity/ExecutionEntity;Z)V
***desc= (Lorg/activiti/engine/impl/persistence/entity/ExecutionEntity;)V
***desc= (Lorg/activiti/engine/impl/persistence/entity/ExecutionEntity;)V
***desc= ()V
***desc= ()V
***desc= (Lorg/activiti/engine/impl/interceptor/CommandContext;)V
***desc= ()V
***desc= ()V
***desc= (Lorg/activiti/engine/impl/interceptor/CommandContext;Lorg/activiti/engine/impl/persistence/entity/ExecutionEntity;)V
***desc= ()V
***desc= (Lorg/activiti/engine/impl/persistence/entity/ExecutionEntity;)V
***desc= ()V
***desc= (Lorg/activiti/engine/impl/persistence/entity/ExecutionEntityManager;Lorg/activiti/engine/impl/persistence/entity/ExecutionEntity;)Lorg/activiti/engine/impl/persistence/entity/ExecutionEntity;
***desc= (Lorg/activiti/engine/impl/persistence/entity/ExecutionEntity;)Z
***desc= (Lorg/activiti/engine/impl/persistence/entity/ExecutionEntityManager;Ljava/lang/String;)I
***desc= (Lorg/activiti/engine/impl/persistence/entity/ExecutionEntityManager;Ljava/lang/String;)I
***desc= ()V
***desc= (Lorg/activiti/engine/impl/interceptor/CommandContext;Lorg/activiti/engine/impl/persistence/entity/ExecutionEntity;)V
***desc= ()V
***desc= ()V
***desc= ()V
***desc= ()V
***desc= ()V
***desc= ()Lorg/activiti/bpmn/model/Activity;
***desc= (Lorg/activiti/bpmn/model/Activity;)V
***desc= ()Ljava/lang/String;
***desc= (Ljava/lang/String;)V
***desc= ()Z
***desc= ()V
***desc= ()Ljava/lang/String;
***desc= (Ljava/lang/String;)V
***desc= (Ljava/lang/String;)V
***desc= (Z)V
***desc= ()V
***desc= (Z)V
***desc= ()Ljava/util/List;
***desc= ()Lorg/activiti/bpmn/model/MultiInstanceLoopCharacteristics;
***desc= ()Z
***desc= ()Ljava/util/List;
***desc= ()Ljava/util/List;
***desc= ()V
***desc= ()Ljava/lang/String;
***desc= ()Ljava/lang/String;
***desc= (Ljava/lang/String;)V
***desc= ()Ljava/lang/String;
***desc= ()Ljava/lang/String;
***desc= ()Ljava/lang/String;
***desc= ()V
***desc= ()Ljava/lang/String;
***desc= ()Ljava/lang/String;
***desc= (Ljava/lang/String;)V
***desc= ()Ljava/lang/String;
***desc= (Ljava/lang/String;)V
***desc= ()Ljava/lang/String;
***desc= (Ljava/lang/String;)V
***desc= ()Lorg/activiti/bpmn/model/FlowElement;
***desc= (Lorg/activiti/bpmn/model/FlowElement;)V
***desc= ()Lorg/activiti/bpmn/model/FlowElement;
***desc= (Lorg/activiti/bpmn/model/FlowElement;)V
***desc= ()V
***desc= ()Z
***desc= (Z)V
***desc= (Z)V
***desc= ()Ljava/lang/Object;
***desc= (Ljava/lang/Object;)V
***desc= ()Ljava/util/List;
***desc= ()Ljava/util/List;
***desc= ()V
***desc= ()Ljava/lang/String;
***desc= ()Ljava/lang/String;
***desc= (Ljava/lang/String;)V
***desc= ()Z
***desc= ()Ljava/util/List;
***desc= (Ljava/lang/String;)Lorg/activiti/bpmn/model/FlowElement;
***desc= (Ljava/lang/String;Z)Lorg/activiti/bpmn/model/FlowElement;
***desc= (Ljava/lang/String;)Lorg/activiti/bpmn/model/FlowElementsContainer;
***desc= (Lorg/activiti/bpmn/model/FlowElementsContainer;Ljava/lang/String;)Lorg/activiti/bpmn/model/FlowElementsContainer;
***desc= (Ljava/lang/String;)Lorg/activiti/bpmn/model/FlowElement;
***desc= ()Ljava/util/Collection;
***desc= (Lorg/activiti/bpmn/model/FlowElement;)V
***desc= ()Ljava/util/Collection;
***desc= ()Ljava/util/List;
***desc= ()Ljava/util/List;
***desc= ()Ljava/util/List;
***desc= (Ljava/lang/Class;)Ljava/util/List;
***desc= (Ljava/lang/Class;Z)Ljava/util/List;
***desc= ()Ljava/util/List;
***desc= ()Lorg/activiti/bpmn/model/FlowElement;
***desc= (Lorg/activiti/bpmn/model/FlowElement;)V
***desc= ()V
***desc= ()Ljava/lang/String;
***desc= (Ljava/lang/String;)V
***desc= ()Ljava/lang/String;
***desc= ()Ljava/util/List;
***desc= ()Lorg/activiti/bpmn/model/FlowElementsContainer;
***desc= ()Lorg/activiti/bpmn/model/SubProcess;
***desc= (Lorg/activiti/bpmn/model/FlowElementsContainer;)V
***desc= ()V
***desc= (Ljava/lang/String;)Lorg/activiti/bpmn/model/Process;
***desc= ()Ljava/util/List;
***desc= ()Ljava/util/Map;
***desc= ()Ljava/util/Map;
***desc= ()Ljava/util/Collection;
***desc= ()Ljava/util/Collection;
***desc= ()Ljava/util/Map;
***desc= ()Ljava/util/List;
***desc= ()Ljava/util/List;
***desc= ()Ljava/util/List;
***desc= (Ljava/lang/String;Ljava/lang/String;)V
***desc= ()Ljava/lang/String;
***desc= (Ljava/lang/String;)V
***desc= (Ljava/lang/String;)V
***desc= (Ljava/util/List;)V
***desc= (Ljava/util/List;)V
***desc= ()Ljava/lang/Object;
***desc= (Ljava/lang/Object;)V
***desc= ()V
***desc= ()Ljava/lang/String;
***desc= (Ljava/lang/String;)V
***desc= ()Ljava/lang/String;
***desc= (Ljava/lang/String;)V
***desc= ()Ljava/lang/String;
***desc= (Ljava/lang/String;)V
***desc= ()Ljava/lang/String;
***desc= (Ljava/lang/String;)V
***desc= ()Ljava/lang/String;
***desc= (Ljava/lang/String;)V
***desc= (Ljava/lang/String;)V
***desc= ()Ljava/lang/String;
***desc= (Ljava/lang/String;)V
***desc= (Ljava/lang/String;)V
***desc= ()Ljava/util/List;
***desc= ()Ljava/util/List;
***desc= ()Ljava/util/List;
***desc= ()Ljava/util/Map;
***desc= ()Ljava/util/Map;
***desc= ()Ljava/lang/String;
***desc= ()V
***desc= (Ljava/lang/String;)V
***desc= (Ljava/lang/String;Ljava/lang/String;)V
***desc= ()Ljava/lang/String;
***desc= (Ljava/lang/String;)V
***desc= (Ljava/lang/String;)V
***desc= ()Ljava/lang/String;
***desc= ()V
***desc= ()Ljava/util/List;
***desc= ()V
***desc= ()Ljava/lang/String;
***desc= (Ljava/lang/String;)V
***desc= (I)V
***desc= (I)V
***desc= ()Ljava/util/Map;
***desc= (I)V
***desc= (Lorg/activiti/engine/impl/interceptor/CommandContext;)Ljava/util/List;
***desc= ()V
***desc= (Lorg/activiti/engine/impl/persistence/entity/TimerJobEntity;)V
***desc= ()Ljava/util/Collection;
***desc= ()I
***desc= ()V
***desc= (Lorg/activiti/engine/runtime/Job;)Z
***desc= (Lorg/activiti/engine/runtime/Job;)Ljava/lang/Runnable;
***desc= ()V
***desc= ()V
***desc= ()V
***desc= ()V
***desc= ()V
***desc= ()V
***desc= ()V
***desc= ()V
***desc= ()V
***desc= ()V
***desc= ()V
***desc= ()Lorg/activiti/engine/impl/cfg/ProcessEngineConfigurationImpl;
***desc= (Lorg/activiti/engine/impl/cfg/ProcessEngineConfigurationImpl;)V
***desc= ()Z
***desc= (Z)V
***desc= ()Z
***desc= ()Ljava/lang/String;
***desc= ()I
***desc= ()I
***desc= ()I
***desc= ()I
***desc= ()I
***desc= (I)V
***desc= ()I
***desc= (I)V
***desc= ()I
***desc= ()I
***desc= ()V
***desc= (Lorg/activiti/engine/impl/asyncexecutor/AcquireTimerJobsRunnable;Lorg/activiti/engine/impl/asyncexecutor/AcquiredTimerJobEntities;)V
***desc= (Lorg/activiti/engine/impl/interceptor/CommandContext;)Ljava/lang/Void;
***desc= (Lorg/activiti/engine/runtime/Job;Lorg/activiti/engine/impl/cfg/ProcessEngineConfigurationImpl;)V
***desc= ()V
***desc= ()Z
***desc= ()V
***desc= ()V
***desc= ()Z
***desc= ()V
***desc= (Lorg/activiti/engine/impl/asyncexecutor/AsyncExecutor;)V
***desc= ()V
***desc= ()V
***desc= ()V
***desc= (Lorg/activiti/engine/impl/asyncexecutor/AsyncExecutor;)V
***desc= ()V
***desc= ()V
***desc= ()V
***desc= (Lorg/activiti/engine/impl/asyncexecutor/AsyncExecutor;Lorg/activiti/engine/impl/asyncexecutor/JobManager;)V
***desc= ()V
***desc= ()V
***desc= ()V
***desc= ()V
***desc= ()Ljava/util/Collection;
***desc= ()I
***desc= (Lorg/activiti/engine/impl/cfg/ProcessEngineConfigurationImpl;)V
***desc= (Lorg/activiti/engine/impl/persistence/entity/JobEntity;)V
***desc= (Lorg/activiti/bpmn/model/TimerEventDefinition;ZLorg/activiti/engine/impl/persistence/entity/ExecutionEntity;Ljava/lang/String;Ljava/lang/String;)Lorg/activiti/engine/impl/persistence/entity/TimerJobEntity;
***desc= (Lorg/activiti/engine/impl/persistence/entity/TimerJobEntity;)V
***desc= (Lorg/activiti/engine/impl/persistence/entity/TimerJobEntity;)Lorg/activiti/engine/impl/persistence/entity/JobEntity;
***desc= (Lorg/activiti/engine/runtime/Job;)V
***desc= (Lorg/activiti/engine/impl/persistence/entity/JobEntity;)V
***desc= (Lorg/activiti/engine/impl/persistence/entity/JobEntity;)V
***desc= (Lorg/activiti/engine/impl/persistence/entity/JobEntity;Lorg/activiti/engine/delegate/VariableScope;)V
***desc= (Lorg/activiti/bpmn/model/Process;Ljava/lang/String;)I
***desc= (Lorg/activiti/engine/impl/persistence/entity/JobEntity;Ljava/util/Date;Lorg/activiti/engine/delegate/VariableScope;)Z
***desc= (Ljava/lang/String;Lorg/activiti/engine/delegate/VariableScope;)Ljava/lang/String;
***desc= (Lorg/activiti/engine/impl/persistence/entity/JobEntity;)V
***desc= (Lorg/activiti/engine/impl/persistence/entity/AbstractJobEntity;)Lorg/activiti/engine/impl/persistence/entity/JobEntity;
***desc= (Lorg/activiti/engine/impl/persistence/entity/AbstractJobEntity;Lorg/activiti/engine/impl/persistence/entity/AbstractJobEntity;)Lorg/activiti/engine/impl/persistence/entity/AbstractJobEntity;
***desc= (Lorg/activiti/engine/impl/cfg/ProcessEngineConfigurationImpl;)V
***desc= ()Z
***desc= ()Lorg/activiti/engine/impl/interceptor/CommandContext;
***desc= ()Lorg/activiti/engine/impl/asyncexecutor/AsyncExecutor;
***desc= ()Lorg/activiti/engine/impl/persistence/entity/ExecutionEntityManager;
***desc= ()V
***desc= ()V
***desc= (Lorg/activiti/engine/impl/el/ExpressionManager;)V
***desc= (Lorg/activiti/engine/impl/bpmn/helper/ClassDelegateFactory;)V
***desc= ()V
***desc= ()V
***desc= (Lorg/activiti/engine/impl/bpmn/helper/ClassDelegateFactory;)V
***desc= ()V
***desc= (Lorg/activiti/bpmn/model/StartEvent;)Lorg/activiti/engine/impl/bpmn/behavior/NoneStartEventActivityBehavior;
***desc= (Lorg/activiti/bpmn/model/UserTask;)Lorg/activiti/engine/impl/bpmn/behavior/UserTaskActivityBehavior;
***desc= (Lorg/activiti/bpmn/model/EndEvent;)Lorg/activiti/engine/impl/bpmn/behavior/NoneEndEventActivityBehavior;
***desc= (Lorg/activiti/bpmn/model/BoundaryEvent;Lorg/activiti/bpmn/model/TimerEventDefinition;Z)Lorg/activiti/engine/impl/bpmn/behavior/BoundaryTimerEventActivityBehavior;
***desc= ()V
***desc= ()V
***desc= ()V
***desc= ()V
***desc= ()V
***desc= ()V
***desc= (Ljavax/xml/stream/XMLStreamReader;Lorg/activiti/bpmn/model/BpmnModel;)V
***desc= ()V
***desc= ()V
***desc= ()V
***desc= ()V
***desc= (Ljavax/xml/stream/XMLStreamReader;Lorg/activiti/bpmn/model/BpmnModel;)Lorg/activiti/bpmn/model/Process;
***desc= ()V
***desc= ()V
***desc= ()V
***desc= ()V
***desc= ()V
***desc= ()V
***desc= ()V
***desc= ()V
***desc= ()V
***desc= ()V
***desc= ()V
***desc= ()V
***desc= ()V
***desc= ()Ljava/lang/String;
***desc= ()V
***desc= ()Ljava/lang/String;
***desc= ()V
***desc= ()Ljava/lang/String;
***desc= ()Lorg/activiti/engine/impl/interceptor/CommandContext;
***desc= ()Lorg/activiti/engine/ActivitiEngineAgenda;
***desc= (Lorg/activiti/engine/impl/interceptor/CommandContext;)V
***desc= ()V
***desc= ()Lorg/activiti/engine/impl/cfg/ProcessEngineConfigurationImpl;
***desc= (Lorg/activiti/engine/impl/cfg/ProcessEngineConfigurationImpl;)V
***desc= ()V
***desc= (Lorg/activiti/engine/impl/cfg/TransactionContext;)V
***desc= ()V
***desc= (Ljava/lang/ThreadLocal;)Ljava/util/Stack;
***desc= (Ljava/lang/String;Ljava/lang/String;)Lcom/fasterxml/jackson/databind/node/ObjectNode;
***desc= ()V
***desc= (Ljava/lang/String;)Lcom/fasterxml/jackson/databind/node/ObjectNode;
***desc= ()Ljava/util/Map;
***desc= (Ljava/lang/String;Lcom/fasterxml/jackson/databind/node/ObjectNode;)V
***desc= ()V
***desc= ()V
***desc= ()V
***desc= (Lorg/activiti/engine/impl/asyncexecutor/AsyncExecutor;)V
***desc= (Lorg/activiti/engine/impl/interceptor/CommandContext;)Lorg/activiti/engine/impl/asyncexecutor/AcquiredJobEntities;
***desc= (Lorg/activiti/engine/runtime/Job;)V
***desc= (Lorg/activiti/engine/impl/interceptor/CommandContext;)Ljava/lang/Object;
***desc= ()V
***desc= (Ljava/lang/String;Ljava/lang/String;Ljava/lang/String;Ljava/util/Map;)V
***desc= (Lorg/activiti/engine/impl/interceptor/CommandContext;)Lorg/activiti/engine/runtime/ProcessInstance;
***desc= (Lorg/activiti/engine/repository/ProcessDefinition;Ljava/lang/String;Ljava/lang/String;Ljava/util/Map;Ljava/util/Map;)Lorg/activiti/engine/runtime/ProcessInstance;
***desc= (J)V
***desc= (Lorg/activiti/engine/impl/interceptor/CommandContext;)Ljava/lang/Void;
***desc= (Ljava/lang/String;)V
***desc= (Lorg/activiti/engine/impl/interceptor/CommandContext;)Lcom/fasterxml/jackson/databind/node/ObjectNode;
***desc= (Ljava/lang/Long;Ljava/lang/Long;)V
***desc= (Lorg/activiti/engine/impl/interceptor/CommandContext;)Ljava/util/List;
***desc= (Lorg/activiti/engine/impl/asyncexecutor/AsyncExecutor;)V
***desc= (Lorg/activiti/engine/impl/interceptor/CommandContext;)Lorg/activiti/engine/impl/asyncexecutor/AcquiredTimerJobEntities;
***desc= (Lorg/activiti/engine/impl/interceptor/CommandContext;Lorg/activiti/engine/impl/persistence/entity/TimerJobEntity;I)V
***desc= (Lorg/activiti/engine/delegate/event/ActivitiEventListener;)V
***desc= (Lorg/activiti/engine/impl/interceptor/CommandContext;)Ljava/lang/Void;
***desc= (Ljava/lang/String;Z)V
***desc= (Lorg/activiti/engine/impl/interceptor/CommandContext;)Ljava/lang/Void;
***desc= (I)V
***desc= (Lorg/activiti/engine/impl/interceptor/CommandContext;)Lorg/activiti/engine/impl/db/IdBlock;
***desc= ()V
***desc= (Lorg/activiti/engine/impl/interceptor/CommandContext;)Ljava/util/Map;
***desc= (Ljava/lang/String;)V
***desc= (Lorg/activiti/engine/impl/interceptor/CommandContext;)Ljava/lang/Object;
***desc= ()V
***desc= (Lorg/activiti/engine/delegate/event/ActivitiEventListener;)V
***desc= (Lorg/activiti/engine/impl/interceptor/CommandContext;)Ljava/lang/Void;
***desc= ()V
***desc= (Lorg/activiti/engine/impl/interceptor/CommandContext;)Ljava/lang/Void;
***desc= ()V
***desc= (Lorg/activiti/engine/impl/repository/DeploymentBuilderImpl;)V
***desc= (Lorg/activiti/engine/impl/interceptor/CommandContext;)Lorg/activiti/engine/repository/Deployment;
***desc= (Lorg/activiti/engine/impl/interceptor/CommandContext;)Lorg/activiti/engine/repository/Deployment;
***desc= (Lorg/activiti/engine/runtime/Job;)V
***desc= (Lorg/activiti/engine/impl/interceptor/CommandContext;)Ljava/lang/Object;
***desc= ()V
***desc= ()V
***desc= ()Ljava/lang/Class;
***desc= ()V
***desc= ()Ljava/lang/Class;
***desc= ()V
***desc= ()Lorg/activiti/engine/impl/bpmn/parser/BpmnParser;
***desc= (Lorg/activiti/engine/impl/bpmn/parser/BpmnParser;)V
***desc= (Lorg/activiti/engine/impl/persistence/entity/DeploymentEntity;Ljava/util/Map;)Lorg/activiti/engine/impl/bpmn/deployer/ParsedDeploymentBuilder;
***desc= (Lorg/activiti/engine/impl/persistence/entity/DeploymentEntity;Lorg/activiti/engine/impl/bpmn/parser/BpmnParser;Ljava/util/Map;)V
***desc= ()Lorg/activiti/engine/impl/bpmn/deployer/ParsedDeployment;
***desc= (Lorg/activiti/engine/impl/persistence/entity/ResourceEntity;)Lorg/activiti/engine/impl/bpmn/parser/BpmnParse;
***desc= (Ljava/lang/String;)Z
***desc= ()V
***desc= ()V
***desc= (Lorg/activiti/engine/impl/persistence/entity/ProcessDefinitionEntity;)V
***desc= (Lorg/activiti/engine/impl/persistence/entity/ProcessDefinitionEntity;Lorg/activiti/bpmn/model/Process;)V
***desc= (Lorg/activiti/engine/impl/persistence/entity/ProcessDefinitionEntity;Lorg/activiti/bpmn/model/Process;)Ljava/util/List;
***desc= ()V
***desc= (Ljava/util/Collection;)V
***desc= (Lorg/activiti/engine/impl/persistence/entity/DeploymentEntity;Ljava/util/List;)V
***desc= (Lorg/activiti/engine/impl/bpmn/deployer/ParsedDeployment;)V
***desc= (Lorg/activiti/engine/impl/persistence/entity/ProcessDefinitionEntity;)Lorg/activiti/engine/impl/persistence/entity/ProcessDefinitionEntity;
***desc= (Lorg/activiti/engine/impl/persistence/entity/ProcessDefinitionEntity;Lorg/activiti/engine/impl/persistence/entity/ProcessDefinitionEntity;Lorg/activiti/engine/impl/bpmn/deployer/ParsedDeployment;)V
***desc= (Lorg/activiti/bpmn/model/Process;Lorg/activiti/engine/impl/persistence/entity/ProcessDefinitionEntity;)V
***desc= (Lorg/activiti/engine/impl/interceptor/CommandContext;Ljava/util/List;Lorg/activiti/engine/impl/persistence/entity/ProcessDefinitionEntity;Lorg/activiti/engine/impl/bpmn/deployer/BpmnDeploymentHelper$ExpressionType;)V
***desc= ()Lorg/activiti/engine/impl/bpmn/deployer/TimerManager;
***desc= (Lorg/activiti/engine/impl/bpmn/deployer/TimerManager;)V
***desc= ()Lorg/activiti/engine/impl/bpmn/deployer/EventSubscriptionManager;
***desc= (Lorg/activiti/engine/impl/bpmn/deployer/EventSubscriptionManager;)V
***desc= (Lorg/activiti/engine/impl/persistence/entity/DeploymentEntity;Ljava/util/List;Ljava/util/Map;Ljava/util/Map;)V
***desc= ()Lorg/activiti/engine/impl/persistence/entity/DeploymentEntity;
***desc= ()Ljava/util/List;
***desc= (Lorg/activiti/engine/impl/persistence/entity/ProcessDefinitionEntity;)Lorg/activiti/engine/impl/persistence/entity/ResourceEntity;
***desc= (Lorg/activiti/engine/impl/persistence/entity/ProcessDefinitionEntity;)Lorg/activiti/engine/impl/bpmn/parser/BpmnParse;
***desc= (Lorg/activiti/engine/impl/persistence/entity/ProcessDefinitionEntity;)Lorg/activiti/bpmn/model/BpmnModel;
***desc= (Lorg/activiti/engine/impl/persistence/entity/ProcessDefinitionEntity;)Lorg/activiti/bpmn/model/Process;
***desc= (Ljava/lang/String;)Ljava/lang/String;
***desc= (Lorg/activiti/engine/impl/persistence/entity/ProcessDefinitionEntity;Ljava/util/Map;)Ljava/lang/String;
***desc= ()V
***desc= ()V
***desc= (Lorg/activiti/engine/impl/bpmn/deployer/ParsedDeployment;)V
***desc= (Lorg/activiti/engine/impl/persistence/entity/ProcessDefinitionEntity;Lorg/activiti/engine/impl/cfg/ProcessEngineConfigurationImpl;Lorg/activiti/engine/impl/interceptor/CommandContext;)V
***desc= ()V
***desc= (Lorg/activiti/engine/impl/persistence/entity/DeploymentEntity;Ljava/util/Map;)V
***desc= (Lorg/activiti/engine/impl/bpmn/deployer/ParsedDeployment;)V
***desc= (Lorg/activiti/engine/impl/bpmn/deployer/ParsedDeployment;)Ljava/util/Map;
***desc= (Lorg/activiti/engine/impl/bpmn/deployer/ParsedDeployment;Ljava/util/Map;)V
***desc= (Lorg/activiti/engine/impl/bpmn/deployer/ParsedDeployment;)V
***desc= (Lorg/activiti/engine/impl/bpmn/deployer/ParsedDeployment;Ljava/util/Map;)V
***desc= (Lorg/activiti/engine/impl/bpmn/deployer/ParsedDeployment;)V
***desc= (Lorg/activiti/engine/impl/persistence/entity/ProcessDefinitionEntity;)Ljava/lang/String;
***desc= (Ljava/lang/String;Lorg/activiti/bpmn/model/Process;)V
***desc= (Ljava/util/Collection;Lcom/fasterxml/jackson/databind/node/ObjectNode;)Z
***desc= (Ljava/util/List;Lcom/fasterxml/jackson/databind/node/ObjectNode;)Z
***desc= (Lorg/activiti/engine/impl/cfg/IdGenerator;)V
***desc= (Lorg/activiti/engine/impl/bpmn/deployer/ParsedDeploymentBuilderFactory;)V
***desc= (Lorg/activiti/engine/impl/bpmn/deployer/BpmnDeploymentHelper;)V
***desc= (Lorg/activiti/engine/impl/bpmn/deployer/CachingAndArtifactsManager;)V
***desc= ()V
***desc= ()V
***desc= (Lorg/activiti/engine/impl/persistence/entity/ProcessDefinitionEntity;)V
***desc= (Lorg/activiti/engine/impl/persistence/entity/ProcessDefinitionEntity;)V
***desc= (Lorg/activiti/engine/impl/persistence/entity/ProcessDefinitionEntity;Lorg/activiti/bpmn/model/Process;Lorg/activiti/bpmn/model/BpmnModel;)V
***desc= (Lorg/activiti/engine/impl/interceptor/CommandContext;Lorg/activiti/engine/impl/persistence/entity/ProcessDefinitionEntity;Lorg/activiti/bpmn/model/Process;Lorg/activiti/bpmn/model/BpmnModel;)V
***desc= ()V
***desc= ()V
***desc= (Lorg/activiti/bpmn/model/UserTask;)V
***desc= (Lorg/activiti/engine/delegate/DelegateExecution;)V
***desc= (Lorg/activiti/engine/impl/persistence/entity/TaskEntityManager;Ljava/lang/String;Ljava/lang/String;Ljava/util/List;Ljava/util/List;Lorg/activiti/engine/impl/persistence/entity/TaskEntity;Lorg/activiti/engine/impl/el/ExpressionManager;Lorg/activiti/engine/delegate/DelegateExecution;)V
***desc= ()V
***desc= ()V
***desc= (Lorg/activiti/engine/impl/persistence/entity/ExecutionEntity;)V
***desc= (Lorg/activiti/engine/impl/persistence/entity/ExecutionEntity;ZZ)V
***desc= ()V
***desc= ()V
***desc= (Ljava/lang/String;Ljava/lang/String;Lcom/fasterxml/jackson/databind/node/ObjectNode;)Ljava/lang/String;
***desc= (Ljava/util/List;Ljava/lang/String;Lcom/fasterxml/jackson/databind/node/ObjectNode;)Ljava/util/List;
***desc= (Lorg/activiti/bpmn/model/TimerEventDefinition;Z)V
***desc= (Lorg/activiti/engine/delegate/DelegateExecution;)V
***desc= ()V
***desc= (Z)V
***desc= (Lorg/activiti/engine/delegate/DelegateExecution;Ljava/lang/String;Ljava/lang/Object;)V
***desc= (Lorg/activiti/engine/impl/persistence/entity/ExecutionEntity;Lorg/activiti/engine/impl/interceptor/CommandContext;)V
***desc= (Lorg/activiti/engine/impl/persistence/entity/ExecutionEntity;Lorg/activiti/engine/impl/persistence/entity/ExecutionEntity;Lorg/activiti/engine/impl/interceptor/CommandContext;)V
***desc= ()V
***desc= (Lorg/activiti/engine/delegate/DelegateExecution;)V
***desc= (Lorg/activiti/engine/delegate/DelegateExecution;)V
***desc= (Ljavax/el/ValueExpression;)V
***desc= (Ljavax/el/ValueExpression;Ljavax/el/ELContext;)V
***desc= ()V
***desc= ()V
***desc= ()V
***desc= ()Ljava/lang/Object;
***desc= ()V
***desc= (Lorg/activiti/engine/impl/delegate/invocation/DelegateInvocation;)V
***desc= (Lorg/activiti/engine/impl/interceptor/CommandContextFactory;Lorg/activiti/engine/impl/cfg/ProcessEngineConfigurationImpl;)V
***desc= (Lorg/activiti/engine/impl/interceptor/CommandConfig;Lorg/activiti/engine/impl/interceptor/Command;)Ljava/lang/Object;
***desc= ()V
***desc= ()V
***desc= (Lorg/activiti/engine/impl/interceptor/CommandInterceptor;)V
***desc= ()V
***desc= (ZLorg/activiti/engine/impl/cfg/TransactionPropagation;)V
***desc= ()Z
***desc= ()Lorg/activiti/engine/impl/interceptor/CommandConfig;
***desc= ()Lorg/activiti/engine/impl/interceptor/CommandConfig;
***desc= (Lorg/activiti/engine/impl/interceptor/CommandInvoker;Lorg/activiti/engine/impl/interceptor/CommandContext;Lorg/activiti/engine/impl/interceptor/Command;)V
***desc= ()V
***desc= ()V
***desc= (Lorg/activiti/engine/impl/interceptor/Command;)Lorg/activiti/engine/impl/interceptor/CommandContext;
***desc= (Lorg/activiti/engine/impl/cfg/ProcessEngineConfigurationImpl;)V
***desc= (Lorg/activiti/engine/impl/cfg/TransactionContext;)V
***desc= (Lorg/activiti/engine/impl/interceptor/CommandContext;)V
***desc= (Lorg/activiti/engine/impl/interceptor/CommandContext;)V
***desc= (Lorg/activiti/engine/impl/interceptor/CommandContext;)V
***desc= (Lorg/activiti/engine/impl/cfg/TransactionContextFactory;)V
***desc= (Lorg/activiti/engine/impl/interceptor/CommandConfig;Lorg/activiti/engine/impl/interceptor/Command;)Ljava/lang/Object;
***desc= (Lorg/activiti/engine/impl/interceptor/Command;Lorg/activiti/engine/impl/cfg/ProcessEngineConfigurationImpl;)V
***desc= ()V
***desc= (Lorg/activiti/engine/impl/interceptor/CommandContextCloseListener;)V
***desc= ()V
***desc= ()V
***desc= ()V
***desc= ()V
***desc= ()V
***desc= (Ljava/lang/String;Ljava/lang/Object;)V
***desc= (Ljava/lang/String;)Ljava/lang/Object;
***desc= (Ljava/lang/Class;)Ljava/lang/Object;
***desc= ()Lorg/activiti/engine/impl/db/DbSqlSession;
***desc= ()Lorg/activiti/engine/impl/persistence/cache/EntityCache;
***desc= ()Lorg/activiti/engine/impl/persistence/entity/DeploymentEntityManager;
***desc= ()Lorg/activiti/engine/impl/persistence/entity/ProcessDefinitionEntityManager;
***desc= ()Lorg/activiti/engine/impl/persistence/entity/ModelEntityManager;
***desc= ()Lorg/activiti/engine/impl/persistence/entity/ProcessDefinitionInfoEntityManager;
***desc= ()Lorg/activiti/engine/impl/persistence/entity/ExecutionEntityManager;
***desc= ()Lorg/activiti/engine/impl/persistence/entity/TaskEntityManager;
***desc= ()Lorg/activiti/engine/impl/persistence/entity/VariableInstanceEntityManager;
***desc= ()Lorg/activiti/engine/impl/persistence/entity/HistoricProcessInstanceEntityManager;
***desc= ()Lorg/activiti/engine/impl/persistence/entity/HistoricActivityInstanceEntityManager;
***desc= ()Lorg/activiti/engine/impl/persistence/entity/HistoricTaskInstanceEntityManager;
***desc= ()Lorg/activiti/engine/impl/persistence/entity/EventLogEntryEntityManager;
***desc= ()Lorg/activiti/engine/impl/persistence/entity/JobEntityManager;
***desc= ()Lorg/activiti/engine/impl/persistence/entity/TimerJobEntityManager;
***desc= ()Lorg/activiti/engine/impl/persistence/entity/TableDataManager;
***desc= ()Lorg/activiti/engine/impl/persistence/entity/PropertyEntityManager;
***desc= ()Lorg/activiti/engine/impl/history/HistoryManager;
***desc= ()Lorg/activiti/engine/impl/asyncexecutor/JobManager;
***desc= (Lorg/activiti/engine/impl/persistence/entity/ExecutionEntity;)V
***desc= ()Z
***desc= ()Ljava/util/Collection;
***desc= ()Ljava/lang/Throwable;
***desc= ()Lorg/activiti/engine/impl/cfg/ProcessEngineConfigurationImpl;
***desc= ()Lorg/activiti/engine/delegate/event/ActivitiEventDispatcher;
***desc= ()Lorg/activiti/engine/ActivitiEngineAgenda;
***desc= ()Ljava/lang/Object;
***desc= (Ljava/lang/Object;)V
***desc= ()Z
***desc= (Z)V
***desc= ()V
***desc= ()V
***desc= (Lorg/activiti/engine/impl/interceptor/CommandConfig;Lorg/activiti/engine/impl/interceptor/Command;)Ljava/lang/Object;
***desc= (Lorg/activiti/engine/impl/interceptor/CommandContext;)V
***desc= (Ljava/lang/Runnable;)V
***desc= ()V
***desc= ()V
***desc= (Lorg/activiti/engine/impl/interceptor/CommandConfig;Lorg/activiti/engine/impl/interceptor/Command;)Ljava/lang/Object;
***desc= ()V
***desc= ()V
***desc= (Ljava/sql/PreparedStatement;ILorg/activiti/engine/impl/persistence/entity/ByteArrayRef;Lorg/apache/ibatis/type/JdbcType;)V
***desc= (Lorg/activiti/engine/impl/persistence/entity/ByteArrayRef;)Ljava/lang/String;
***desc= (Ljava/sql/ResultSet;Ljava/lang/String;)Lorg/activiti/engine/impl/persistence/entity/ByteArrayRef;
***desc= ()V
***desc= (Ljava/util/Collection;Ljava/util/Collection;Lorg/activiti/engine/impl/persistence/entity/Entity;Ljava/lang/Object;)Z
***desc= (Ljava/lang/Class;Ljava/lang/Class;)V
***desc= ()Ljava/lang/Class;
***desc= (Lorg/activiti/engine/impl/interceptor/CommandContext;)Lorg/activiti/engine/impl/interceptor/Session;
***desc= (Lorg/activiti/engine/impl/cfg/ProcessEngineConfigurationImpl;)V
***desc= ()Lorg/activiti/engine/impl/interceptor/CommandContext;
***desc= (Ljava/lang/Class;)Ljava/lang/Object;
***desc= ()Lorg/activiti/engine/impl/cfg/ProcessEngineConfigurationImpl;
***desc= ()Lorg/activiti/engine/runtime/Clock;
***desc= ()Lorg/activiti/engine/impl/asyncexecutor/AsyncExecutor;
***desc= ()Lorg/activiti/engine/delegate/event/ActivitiEventDispatcher;
***desc= ()Lorg/activiti/engine/impl/history/HistoryManager;
***desc= ()Lorg/activiti/engine/impl/persistence/entity/ResourceEntityManager;
***desc= ()Lorg/activiti/engine/impl/persistence/entity/ProcessDefinitionEntityManager;
***desc= ()Lorg/activiti/engine/impl/persistence/entity/ProcessDefinitionInfoEntityManager;
***desc= ()Lorg/activiti/engine/impl/persistence/entity/ExecutionEntityManager;
***desc= ()Lorg/activiti/engine/impl/persistence/entity/TaskEntityManager;
***desc= ()Lorg/activiti/engine/impl/persistence/entity/IdentityLinkEntityManager;
***desc= ()Lorg/activiti/engine/impl/persistence/entity/EventSubscriptionEntityManager;
***desc= ()Lorg/activiti/engine/impl/persistence/entity/VariableInstanceEntityManager;
***desc= ()Lorg/activiti/engine/impl/persistence/entity/JobEntityManager;
***desc= ()Lorg/activiti/engine/impl/persistence/entity/TimerJobEntityManager;
***desc= ()Lorg/activiti/engine/impl/persistence/entity/SuspendedJobEntityManager;
***desc= ()Lorg/activiti/engine/impl/persistence/entity/DeadLetterJobEntityManager;
***desc= ()Lorg/activiti/engine/impl/persistence/entity/HistoricProcessInstanceEntityManager;
***desc= ()Lorg/activiti/engine/impl/persistence/entity/HistoricDetailEntityManager;
***desc= ()Lorg/activiti/engine/impl/persistence/entity/HistoricActivityInstanceEntityManager;
***desc= ()Lorg/activiti/engine/impl/persistence/entity/HistoricVariableInstanceEntityManager;
***desc= ()Lorg/activiti/engine/impl/persistence/entity/HistoricTaskInstanceEntityManager;
***desc= ()Lorg/activiti/engine/impl/persistence/entity/HistoricIdentityLinkEntityManager;
***desc= ()Lorg/activiti/engine/impl/persistence/entity/AttachmentEntityManager;
***desc= ()Lorg/activiti/engine/impl/persistence/entity/CommentEntityManager;
***desc= (Lorg/activiti/engine/impl/cfg/ProcessEngineConfigurationImpl;)V
***desc= (Ljava/lang/String;)V
***desc= (Ljava/lang/String;)V
***desc= (Lorg/activiti/engine/impl/cfg/ProcessEngineConfigurationImpl;)V
***desc= ()Ljava/lang/Class;
***desc= (Lorg/activiti/engine/impl/persistence/entity/ExecutionEntity;)Lorg/activiti/engine/impl/persistence/entity/HistoricProcessInstanceEntity;
***desc= (Ljava/lang/String;)Ljava/util/List;
***desc= (Ljava/lang/String;)Ljava/util/List;
***desc= (Lorg/activiti/engine/impl/HistoricProcessInstanceQueryImpl;)Ljava/util/List;
***desc= (Lorg/activiti/engine/impl/cfg/ProcessEngineConfigurationImpl;)V
***desc= (Ljava/lang/String;)Ljava/util/List;
***desc= (Lorg/activiti/engine/impl/cfg/ProcessEngineConfigurationImpl;)V
***desc= ()Ljava/lang/Class;
***desc= ()Lorg/activiti/engine/impl/persistence/entity/TaskEntity;
***desc= (Ljava/lang/String;)Ljava/util/List;
***desc= (Ljava/lang/String;)Ljava/util/List;
***desc= (Lorg/activiti/engine/impl/cfg/ProcessEngineConfigurationImpl;)V
***desc= (Lorg/activiti/engine/impl/cfg/ProcessEngineConfigurationImpl;)V
***desc= ()Ljava/lang/Class;
***desc= ()Lorg/activiti/engine/impl/persistence/entity/HistoricActivityInstanceEntity;
***desc= (Ljava/lang/String;Ljava/lang/String;)Ljava/util/List;
***desc= (Ljava/lang/String;)V
***desc= (Lorg/activiti/engine/impl/HistoricActivityInstanceQueryImpl;Lorg/activiti/engine/impl/Page;)Ljava/util/List;
***desc= (Lorg/activiti/engine/impl/cfg/ProcessEngineConfigurationImpl;)V
***desc= ()Ljava/lang/Class;
***desc= ()Ljava/util/List;
***desc= (Ljava/lang/String;)Ljava/util/List;
***desc= (Ljava/lang/String;)V
***desc= ()V
***desc= (Lorg/activiti/engine/impl/cfg/ProcessEngineConfigurationImpl;)V
***desc= ()Ljava/lang/Class;
***desc= (Ljava/lang/String;)Ljava/util/List;
***desc= (Ljava/lang/String;)Ljava/util/List;
***desc= (Lorg/activiti/engine/impl/cfg/ProcessEngineConfigurationImpl;)V
***desc= ()Ljava/lang/Class;
***desc= (Lorg/activiti/engine/impl/persistence/entity/TaskEntity;Lorg/activiti/engine/impl/persistence/entity/ExecutionEntity;)Lorg/activiti/engine/impl/persistence/entity/HistoricTaskInstanceEntity;
***desc= (Ljava/lang/String;)Ljava/util/List;
***desc= (Ljava/lang/String;)Ljava/util/List;
***desc= (Lorg/activiti/engine/impl/HistoricTaskInstanceQueryImpl;)Ljava/util/List;
***desc= (Lorg/activiti/engine/impl/cfg/ProcessEngineConfigurationImpl;)V
***desc= ()Ljava/lang/Class;
***desc= (Ljava/lang/String;)Ljava/util/List;
***desc= (Lorg/activiti/engine/impl/cfg/ProcessEngineConfigurationImpl;)V
***desc= ()Ljava/lang/Class;
***desc= ()Lorg/activiti/engine/impl/persistence/entity/TimerJobEntity;
***desc= (Lorg/activiti/engine/impl/TimerJobQueryImpl;Lorg/activiti/engine/impl/Page;)Ljava/util/List;
***desc= (Lorg/activiti/engine/impl/Page;)Ljava/util/List;
***desc= (Ljava/lang/String;Ljava/lang/String;)Ljava/util/List;
***desc= (Ljava/lang/String;)Ljava/util/List;
***desc= (Ljava/lang/String;Ljava/lang/String;)Ljava/util/List;
***desc= (Lorg/activiti/engine/impl/cfg/ProcessEngineConfigurationImpl;)V
***desc= (Ljava/lang/String;)Ljava/util/List;
***desc= (Ljava/lang/String;)Ljava/util/List;
***desc= (Lorg/activiti/engine/impl/cfg/ProcessEngineConfigurationImpl;)V
***desc= (Lorg/activiti/engine/impl/ModelQueryImpl;Lorg/activiti/engine/impl/Page;)Ljava/util/List;
***desc= (Lorg/activiti/engine/impl/cfg/ProcessEngineConfigurationImpl;)V
***desc= ()Ljava/lang/Class;
***desc= ()Lorg/activiti/engine/impl/persistence/entity/DeploymentEntity;
***desc= (Lorg/activiti/engine/impl/cfg/ProcessEngineConfigurationImpl;)V
***desc= ()Ljava/lang/Class;
***desc= (Ljava/lang/String;)Ljava/util/List;
***desc= (Ljava/lang/String;)Ljava/util/List;
***desc= (Lorg/activiti/engine/impl/cfg/ProcessEngineConfigurationImpl;)V
***desc= ()Ljava/lang/Class;
***desc= ()Lorg/activiti/engine/impl/persistence/entity/PropertyEntity;
***desc= (Lorg/activiti/engine/impl/cfg/ProcessEngineConfigurationImpl;)V
***desc= (Ljava/lang/String;)Lorg/activiti/engine/impl/persistence/entity/ProcessDefinitionInfoEntity;
***desc= (Lorg/activiti/engine/impl/cfg/ProcessEngineConfigurationImpl;)V
***desc= ()Ljava/lang/Class;
***desc= (Ljava/lang/String;)Ljava/util/List;
***desc= (Ljava/lang/String;)Ljava/util/List;
***desc= (Ljava/lang/String;)V
***desc= (Lorg/activiti/engine/impl/cfg/ProcessEngineConfigurationImpl;)V
***desc= ()Lorg/activiti/engine/impl/persistence/entity/ResourceEntity;
***desc= (Ljava/lang/String;)V
***desc= (Lorg/activiti/engine/impl/cfg/ProcessEngineConfigurationImpl;)V
***desc= ()Ljava/lang/Class;
***desc= ()Lorg/activiti/engine/impl/persistence/entity/ExecutionEntity;
***desc= (Ljava/lang/String;)Lorg/activiti/engine/impl/persistence/entity/ExecutionEntity;
***desc= (Ljava/lang/String;)Lorg/activiti/engine/impl/persistence/entity/ExecutionEntity;
***desc= (Ljava/lang/String;)Ljava/util/List;
***desc= (Ljava/lang/String;)Ljava/util/List;
***desc= (Ljava/lang/String;)Ljava/util/List;
***desc= (Ljava/lang/String;Ljava/util/Date;Ljava/util/Date;)V
***desc= (Lorg/activiti/engine/impl/cfg/ProcessEngineConfigurationImpl;)V
***desc= ()Lorg/activiti/engine/impl/persistence/entity/EventLogEntryEntity;
***desc= ()Ljava/util/List;
***desc= (J)V
***desc= (Lorg/activiti/engine/impl/cfg/ProcessEngineConfigurationImpl;)V
***desc= ()Ljava/lang/Class;
***desc= (Ljava/lang/String;)Ljava/util/List;
***desc= (Ljava/lang/String;)Ljava/util/List;
***desc= (Lorg/activiti/engine/impl/cfg/ProcessEngineConfigurationImpl;)V
***desc= ()Ljava/lang/Class;
***desc= (Ljava/lang/String;)Ljava/util/List;
***desc= (Lorg/activiti/engine/impl/cfg/ProcessEngineConfigurationImpl;)V
***desc= ()Ljava/lang/Class;
***desc= ()Lorg/activiti/engine/impl/persistence/entity/ProcessDefinitionEntity;
***desc= (Ljava/lang/String;)Lorg/activiti/engine/impl/persistence/entity/ProcessDefinitionEntity;
***desc= (Ljava/lang/String;)V
***desc= (Lorg/activiti/engine/impl/ProcessDefinitionQueryImpl;Lorg/activiti/engine/impl/Page;)Ljava/util/List;
***desc= (Lorg/activiti/engine/impl/cfg/ProcessEngineConfigurationImpl;)V
***desc= ()Ljava/lang/Class;
***desc= ()Lorg/activiti/engine/impl/persistence/entity/JobEntity;
***desc= (Lorg/activiti/engine/impl/Page;)Ljava/util/List;
***desc= (Ljava/lang/String;)Ljava/util/List;
***desc= (Lorg/activiti/engine/impl/Page;)Ljava/util/List;
***desc= (Lorg/activiti/engine/impl/JobQueryImpl;Lorg/activiti/engine/impl/Page;)Ljava/util/List;
***desc= ()V
***desc= (Ljava/lang/String;)V
***desc= (Ljava/lang/String;)V
***desc= (I)V
***desc= (Ljava/lang/String;)V
***desc= (Ljava/lang/String;)V
***desc= (Z)V
***desc= (Z)V
***desc= ()V
***desc= ()V
***desc= ()Lorg/activiti/engine/compatibility/Activiti5CompatibilityHandler;
***desc= ()V
***desc= ()V
***desc= ()Lorg/activiti/engine/impl/bpmn/parser/BpmnParse;
***desc= ()Lorg/activiti/engine/impl/bpmn/parser/factory/ActivityBehaviorFactory;
***desc= (Lorg/activiti/engine/impl/bpmn/parser/factory/ActivityBehaviorFactory;)V
***desc= ()Lorg/activiti/engine/impl/bpmn/parser/factory/ListenerFactory;
***desc= (Lorg/activiti/engine/impl/bpmn/parser/factory/ListenerFactory;)V
***desc= (Lorg/activiti/engine/impl/cfg/BpmnParseFactory;)V
***desc= ()Lorg/activiti/engine/impl/bpmn/parser/BpmnParseHandlers;
***desc= (Lorg/activiti/engine/impl/bpmn/parser/BpmnParseHandlers;)V
***desc= ()V
***desc= (Ljava/util/List;)V
***desc= (Lorg/activiti/engine/parse/BpmnParseHandler;)V
***desc= (Lorg/activiti/engine/impl/bpmn/parser/BpmnParse;Lorg/activiti/bpmn/model/BaseElement;)V
***desc= ()V
***desc= (Lorg/activiti/engine/impl/bpmn/parser/BpmnParser;)V
***desc= (Lorg/activiti/engine/impl/persistence/entity/DeploymentEntity;)Lorg/activiti/engine/impl/bpmn/parser/BpmnParse;
***desc= ()Lorg/activiti/engine/impl/bpmn/parser/BpmnParse;
***desc= (Ljava/lang/String;)Lorg/activiti/engine/impl/bpmn/parser/BpmnParse;
***desc= (Ljava/io/InputStream;)Lorg/activiti/engine/impl/bpmn/parser/BpmnParse;
***desc= (Lorg/activiti/engine/impl/util/io/StreamSource;)V
***desc= (Ljava/lang/String;)Lorg/activiti/engine/impl/bpmn/parser/BpmnParse;
***desc= ()V
***desc= (Ljava/util/Collection;)V
***desc= ()V
***desc= (Z)V
***desc= (Z)V
***desc= ()Ljava/util/List;
***desc= ()Lorg/activiti/engine/impl/bpmn/parser/BpmnParseHandlers;
***desc= ()Lorg/activiti/engine/impl/persistence/entity/DeploymentEntity;
***desc= ()Lorg/activiti/bpmn/model/BpmnModel;
***desc= ()Lorg/activiti/engine/impl/bpmn/parser/factory/ActivityBehaviorFactory;
***desc= (Lorg/activiti/engine/impl/persistence/entity/ProcessDefinitionEntity;)V
***desc= ()Lorg/activiti/bpmn/model/FlowElement;
***desc= (Lorg/activiti/bpmn/model/FlowElement;)V
***desc= ()Lorg/activiti/bpmn/model/Process;
***desc= ()V
***desc= (Lorg/activiti/engine/impl/cfg/ProcessEngineConfigurationImpl;)V
***desc= ()Ljava/util/List;
***desc= ()Lorg/activiti/engine/impl/db/DbSqlSession;
***desc= ()Lorg/activiti/engine/impl/persistence/cache/EntityCache;
***desc= (Ljava/lang/String;)Lorg/activiti/engine/impl/persistence/entity/Entity;
***desc= (Lorg/activiti/engine/impl/persistence/entity/Entity;)V
***desc= (Lorg/activiti/engine/impl/persistence/entity/Entity;)V
***desc= (Ljava/lang/String;Ljava/lang/Object;Lorg/activiti/engine/impl/persistence/SingleCachedEntityMatcher;Z)Lorg/activiti/engine/impl/persistence/entity/Entity;
***desc= (Ljava/lang/String;Ljava/lang/Object;Lorg/activiti/engine/impl/persistence/CachedEntityMatcher;Z)Ljava/util/List;
***desc= (Ljava/lang/String;ILjava/lang/String;)V
***desc= (Ljava/lang/String;)Lorg/activiti/engine/impl/history/HistoryLevel;
***desc= ()Ljava/lang/String;
***desc= (Lorg/activiti/engine/impl/history/HistoryLevel;)Z
***desc= ()V
***desc= (Lorg/activiti/engine/impl/cfg/ProcessEngineConfigurationImpl;Lorg/activiti/engine/impl/history/HistoryLevel;)V
***desc= (Lorg/activiti/engine/impl/history/HistoryLevel;)Z
***desc= ()Z
***desc= (Ljava/lang/String;Ljava/lang/String;Ljava/lang/String;)V
***desc= (Lorg/activiti/engine/impl/persistence/entity/ExecutionEntity;Lorg/activiti/bpmn/model/FlowElement;)V
***desc= (Lorg/activiti/engine/impl/persistence/entity/ExecutionEntity;)V
***desc= (Lorg/activiti/engine/impl/persistence/entity/ExecutionEntity;Ljava/lang/String;)V
***desc= (Lorg/activiti/engine/impl/persistence/entity/ExecutionEntity;ZZ)Lorg/activiti/engine/impl/persistence/entity/HistoricActivityInstanceEntity;
***desc= (Lorg/activiti/engine/impl/persistence/entity/ExecutionEntity;Ljava/lang/String;ZZ)Lorg/activiti/engine/impl/persistence/entity/HistoricActivityInstanceEntity;
***desc= (Ljava/lang/String;Ljava/lang/String;Z)Lorg/activiti/engine/impl/persistence/entity/HistoricActivityInstanceEntity;
***desc= (Lorg/activiti/engine/impl/persistence/entity/ExecutionEntity;)Lorg/activiti/engine/impl/persistence/entity/HistoricActivityInstanceEntity;
***desc= (Lorg/activiti/engine/impl/persistence/entity/TaskEntity;Lorg/activiti/engine/impl/persistence/entity/ExecutionEntity;)V
***desc= (Lorg/activiti/engine/impl/persistence/entity/TaskEntity;)V
***desc= (Ljava/lang/String;Ljava/lang/String;)V
***desc= (Ljava/lang/String;Ljava/lang/String;)V
***desc= (Lorg/activiti/bpmn/model/FlowElement;)Ljava/lang/String;
***desc= ()Lorg/activiti/engine/impl/persistence/cache/EntityCache;
***desc= ()V
***desc= ()V
***desc= (Lorg/activiti/bpmn/model/BpmnModel;Ljava/util/List;)V
***desc= ()V
***desc= ()V
***desc= ()Lorg/activiti/validation/validator/ValidatorSet;
***desc= (Ljava/lang/String;)V
***desc= ()Ljava/util/Collection;
***desc= (Lorg/activiti/validation/validator/Validator;)V
***desc= (Lorg/activiti/engine/impl/event/logger/EventLogger;)V
***desc= (Lorg/activiti/engine/impl/interceptor/CommandContext;)V
***desc= (Lorg/activiti/engine/impl/interceptor/CommandContext;)V
***desc= (Lorg/activiti/engine/impl/interceptor/CommandContext;)V
***desc= ()V
***desc= (Lorg/activiti/engine/runtime/Clock;Lcom/fasterxml/jackson/databind/ObjectMapper;)V
***desc= ()V
***desc= (Lorg/activiti/engine/delegate/event/ActivitiEvent;)V
***desc= (Lorg/activiti/engine/delegate/event/ActivitiEvent;)Lorg/activiti/engine/impl/event/logger/handler/EventLoggerEventHandler;
***desc= (Lorg/activiti/engine/delegate/event/ActivitiEvent;Ljava/lang/Class;)Lorg/activiti/engine/impl/event/logger/handler/EventLoggerEventHandler;
***desc= (Lorg/activiti/engine/delegate/event/ActivitiEventType;Ljava/lang/Class;)V
***desc= ()Lorg/activiti/engine/impl/event/logger/EventFlusher;
***desc= ()V
***desc= ()V
***desc= (Lorg/activiti/engine/impl/interceptor/CommandContext;)V
***desc= (Lorg/activiti/engine/impl/interceptor/CommandContext;)V
***desc= ()V
***desc= ()V
***desc= (Lorg/activiti/engine/impl/interceptor/CommandContext;)V
***desc= (Lorg/activiti/engine/impl/event/logger/handler/EventLoggerEventHandler;)V
***desc= ()V
***desc= ()Ljava/lang/String;
***desc= ()V
***desc= ()Ljava/lang/String;
***desc= ()V
***desc= ()V
***desc= ()Ljava/lang/String;
***desc= ()V
***desc= ()Ljava/lang/String;
***desc= (Lorg/activiti/engine/impl/jobexecutor/AsyncJobAddedNotification;)V
***desc= (Lorg/activiti/engine/impl/interceptor/CommandContext;)Ljava/lang/Void;
***desc= ()V
***desc= ()V
***desc= ()Ljava/lang/String;
***desc= ()V
***desc= (Lorg/activiti/engine/impl/persistence/entity/JobEntity;Lorg/activiti/engine/impl/asyncexecutor/AsyncExecutor;)V
***desc= (Lorg/activiti/engine/impl/interceptor/CommandContext;)V
***desc= (Lorg/activiti/engine/impl/interceptor/CommandContext;)V
***desc= (Lorg/activiti/engine/impl/interceptor/CommandContext;)V
***desc= ()V
***desc= ()V
***desc= ()Ljava/lang/String;
***desc= (Lorg/activiti/engine/impl/persistence/entity/JobEntity;Ljava/lang/String;Lorg/activiti/engine/impl/persistence/entity/ExecutionEntity;Lorg/activiti/engine/impl/interceptor/CommandContext;)V
***desc= (Lorg/activiti/engine/impl/persistence/entity/JobEntity;Lorg/activiti/engine/impl/persistence/entity/ExecutionEntity;Ljava/util/List;Lorg/activiti/engine/impl/interceptor/CommandContext;)V
***desc= (Lorg/activiti/engine/impl/persistence/entity/JobEntity;Lorg/activiti/bpmn/model/FlowNode;Lorg/activiti/engine/impl/persistence/entity/ExecutionEntity;Lorg/activiti/engine/impl/interceptor/CommandContext;)V
***desc= (Lorg/activiti/bpmn/model/FlowNode;)Ljava/lang/String;
***desc= ()V
***desc= (Ljava/lang/String;Ljava/lang/String;Ljava/lang/String;)Ljava/lang/String;
***desc= (Ljava/lang/String;)Ljava/lang/String;
***desc= (Ljava/lang/String;)Ljava/lang/String;
***desc= (Ljava/lang/String;)Ljava/lang/String;
***desc= ()V
***desc= (Ljava/lang/String;)V
***desc= ()Ljava/lang/String;
***desc= ()[B
***desc= (Ljava/lang/String;[B)V
***desc= ([B)V
***desc= ()V
***desc= ()V
***desc= ()V
***desc= ()Ljava/lang/Object;
***desc= ()Ljava/lang/String;
***desc= (Ljava/lang/String;)V
***desc= ()Ljava/util/Date;
***desc= (Ljava/util/Date;)V
***desc= ()V
***desc= (Lorg/activiti/engine/impl/persistence/entity/ExecutionEntity;)V
***desc= ()Ljava/lang/Object;
***desc= ()Ljava/lang/String;
***desc= (Ljava/lang/String;)V
***desc= ()Ljava/lang/String;
***desc= ()Ljava/lang/String;
***desc= ()Ljava/lang/String;
***desc= (Ljava/lang/String;)V
***desc= ()Ljava/lang/String;
***desc= ()Ljava/lang/String;
***desc= (Ljava/lang/String;)V
***desc= ()Ljava/lang/String;
***desc= (Ljava/lang/String;)V
***desc= (Ljava/lang/String;)V
***desc= ()Ljava/lang/String;
***desc= (Ljava/lang/String;)V
***desc= ()Ljava/lang/Integer;
***desc= (Ljava/lang/Integer;)V
***desc= ()Ljava/lang/String;
***desc= (Ljava/lang/String;)V
***desc= (Lorg/activiti/engine/impl/cfg/ProcessEngineConfigurationImpl;Lorg/activiti/engine/impl/persistence/entity/data/EventSubscriptionDataManager;)V
***desc= (Ljava/lang/String;)Ljava/util/List;
***desc= (Ljava/lang/String;)V
***desc= (Lorg/activiti/engine/impl/cfg/ProcessEngineConfigurationImpl;Lorg/activiti/engine/impl/persistence/entity/data/ProcessDefinitionInfoDataManager;)V
***desc= (Ljava/lang/String;)V
***desc= (Ljava/lang/String;)Lorg/activiti/engine/impl/persistence/entity/ProcessDefinitionInfoEntity;
***desc= ()V
***desc= (Lorg/activiti/engine/impl/cfg/ProcessEngineConfigurationImpl;Lorg/activiti/engine/impl/persistence/entity/data/HistoricDetailDataManager;)V
***desc= (Ljava/lang/String;)V
***desc= (Ljava/lang/String;)V
***desc= ()V
***desc= ()Ljava/lang/String;
***desc= (Ljava/lang/String;)V
***desc= ()[B
***desc= ([B)V
***desc= ()Ljava/lang/String;
***desc= (Ljava/lang/String;)V
***desc= ()Z
***desc= ()V
***desc= ()Ljava/lang/Object;
***desc= ()Ljava/lang/String;
***desc= (Ljava/lang/String;)V
***desc= ()Ljava/util/Date;
***desc= (Ljava/util/Date;)V
***desc= (Lorg/activiti/engine/impl/cfg/ProcessEngineConfigurationImpl;Lorg/activiti/engine/impl/persistence/entity/data/HistoricTaskInstanceDataManager;)V
***desc= ()Lorg/activiti/engine/impl/persistence/entity/data/DataManager;
***desc= (Lorg/activiti/engine/impl/persistence/entity/TaskEntity;Lorg/activiti/engine/impl/persistence/entity/ExecutionEntity;)Lorg/activiti/engine/impl/persistence/entity/HistoricTaskInstanceEntity;
***desc= (Ljava/lang/String;)V
***desc= (Lorg/activiti/engine/impl/HistoricTaskInstanceQueryImpl;)Ljava/util/List;
***desc= (Ljava/lang/String;)V
***desc= ()V
***desc= ()Ljava/lang/Object;
***desc= (Lorg/activiti/engine/impl/persistence/entity/ExecutionEntity;)V
***desc= ()Ljava/util/Date;
***desc= (Ljava/util/Date;)V
***desc= ()Ljava/lang/String;
***desc= (Ljava/lang/String;)V
***desc= ()I
***desc= (I)V
***desc= ()Ljava/lang/String;
***desc= (Ljava/lang/String;)V
***desc= ()Z
***desc= (Z)V
***desc= ()Ljava/lang/String;
***desc= (Ljava/lang/String;)V
***desc= ()Ljava/lang/String;
***desc= (Ljava/lang/String;)V
***desc= ()Ljava/util/Date;
***desc= (Ljava/util/Date;)V
***desc= ()I
***desc= (I)V
***desc= ()Ljava/lang/String;
***desc= (Ljava/lang/String;)V
***desc= ()Ljava/lang/String;
***desc= (Ljava/lang/String;)V
***desc= ()Ljava/lang/String;
***desc= (Ljava/lang/String;)V
***desc= ()Ljava/lang/String;
***desc= (Ljava/lang/String;)V
***desc= ()Ljava/lang/String;
***desc= (Ljava/lang/String;)V
***desc= ()Ljava/lang/String;
***desc= (Ljava/lang/String;)V
***desc= ()Lorg/activiti/engine/impl/persistence/entity/ByteArrayRef;
***desc= (Ljava/lang/String;)[B
***desc= (Lorg/activiti/engine/impl/cfg/ProcessEngineConfigurationImpl;Lorg/activiti/engine/impl/persistence/entity/data/HistoricActivityInstanceDataManager;)V
***desc= ()Lorg/activiti/engine/impl/persistence/entity/data/DataManager;
***desc= (Ljava/lang/String;Ljava/lang/String;)Ljava/util/List;
***desc= (Ljava/lang/String;)V
***desc= (Lorg/activiti/engine/impl/HistoricActivityInstanceQueryImpl;Lorg/activiti/engine/impl/Page;)Ljava/util/List;
***desc= (Lorg/activiti/engine/impl/cfg/ProcessEngineConfigurationImpl;Lorg/activiti/engine/impl/persistence/entity/data/ExecutionDataManager;)V
***desc= ()Lorg/activiti/engine/impl/persistence/entity/data/DataManager;
***desc= (Lorg/activiti/engine/impl/persistence/entity/ExecutionEntity;)V
***desc= (Lorg/activiti/engine/impl/persistence/entity/ExecutionEntity;Z)V
***desc= (Ljava/lang/String;)Lorg/activiti/engine/impl/persistence/entity/ExecutionEntity;
***desc= (Ljava/lang/String;)Ljava/util/List;
***desc= (Ljava/lang/String;)Ljava/util/List;
***desc= (Lorg/activiti/engine/repository/ProcessDefinition;Ljava/lang/String;Ljava/lang/String;Ljava/lang/String;)Lorg/activiti/engine/impl/persistence/entity/ExecutionEntity;
***desc= (Lorg/activiti/engine/impl/persistence/entity/ExecutionEntity;)Lorg/activiti/engine/impl/persistence/entity/ExecutionEntity;
***desc= (Lorg/activiti/engine/impl/persistence/entity/ExecutionEntity;Lorg/activiti/engine/impl/persistence/entity/ExecutionEntity;)V
***desc= (Ljava/lang/String;Ljava/lang/String;Z)V
***desc= (Lorg/activiti/engine/impl/persistence/entity/ExecutionEntity;Ljava/lang/String;Z)V
***desc= (Ljava/lang/String;Ljava/lang/String;Ljava/lang/String;ZZ)V
***desc= (Lorg/activiti/engine/impl/persistence/entity/ExecutionEntity;Ljava/lang/String;Z)V
***desc= (Lorg/activiti/engine/impl/persistence/entity/ExecutionEntity;)Ljava/util/List;
***desc= (Lorg/activiti/engine/impl/persistence/entity/ExecutionEntity;Ljava/util/List;)V
***desc= (Lorg/activiti/engine/impl/persistence/entity/ExecutionEntity;Ljava/lang/String;Z)V
***desc= (Ljava/lang/String;)V
***desc= ()V
***desc= (Lorg/activiti/engine/impl/cfg/ProcessEngineConfigurationImpl;)V
***desc= ()Lorg/activiti/engine/impl/db/DbSqlSession;
***desc= ()Ljava/util/Map;
***desc= ()Ljava/util/List;
***desc= (Ljava/lang/String;)J
***desc= ()V
***desc= ()V
***desc= ()V
***desc= ()Ljava/util/Map;
***desc= (Ljava/util/Map;)V
***desc= ()Ljavax/el/ELContext;
***desc= (Ljavax/el/ELContext;)V
***desc= ()V
***desc= ()Ljava/lang/String;
***desc= (Ljava/lang/String;)V
***desc= ()I
***desc= ()I
***desc= (I)V
***desc= ()Z
***desc= (Z)V
***desc= (Z)V
***desc= (Lorg/activiti/engine/impl/cfg/ProcessEngineConfigurationImpl;Lorg/activiti/engine/impl/persistence/entity/data/DeploymentDataManager;)V
***desc= ()Lorg/activiti/engine/impl/persistence/entity/data/DataManager;
***desc= (Lorg/activiti/engine/impl/persistence/entity/DeploymentEntity;)V
***desc= (Ljava/lang/String;Z)V
***desc= (Ljava/lang/String;)V
***desc= (Lorg/activiti/engine/repository/ProcessDefinition;)V
***desc= (Lorg/activiti/engine/repository/ProcessDefinition;)V
***desc= (Ljava/lang/String;)V
***desc= (Ljava/lang/String;)V
***desc= (Ljava/util/List;)V
***desc= (Lorg/activiti/engine/repository/ProcessDefinition;)V
***desc= (Lorg/activiti/engine/repository/ProcessDefinition;)V
***desc= (Lorg/activiti/engine/repository/ProcessDefinition;)Lorg/activiti/engine/impl/persistence/entity/ProcessDefinitionEntity;
***desc= (Lorg/activiti/engine/repository/ProcessDefinition;)Lorg/activiti/engine/repository/ProcessDefinition;
***desc= ()V
***desc= ()Ljava/lang/Object;
***desc= ()Ljava/lang/String;
***desc= (Ljava/lang/String;)V
***desc= ()Ljava/lang/String;
***desc= (Ljava/lang/String;)V
***desc= ()Ljava/lang/String;
***desc= (Ljava/lang/String;)V
***desc= ()Ljava/lang/String;
***desc= (Ljava/lang/String;)V
***desc= ()Ljava/lang/String;
***desc= ()Ljava/lang/String;
***desc= (Ljava/lang/String;)V
***desc= ()Ljava/lang/String;
***desc= ()Ljava/lang/String;
***desc= (Ljava/lang/String;)V
***desc= (Lorg/activiti/engine/impl/cfg/ProcessEngineConfigurationImpl;Lorg/activiti/engine/impl/persistence/entity/data/HistoricIdentityLinkDataManager;)V
***desc= (Ljava/lang/String;)Ljava/util/List;
***desc= (Ljava/lang/String;)V
***desc= (Ljava/lang/String;)V
***desc= (Lorg/activiti/engine/impl/cfg/ProcessEngineConfigurationImpl;Lorg/activiti/engine/impl/persistence/entity/data/ResourceDataManager;)V
***desc= ()Lorg/activiti/engine/impl/persistence/entity/data/DataManager;
***desc= (Ljava/lang/String;)V
***desc= ()V
***desc= ()Ljava/lang/String;
***desc= (Ljava/lang/String;)V
***desc= ()Ljava/lang/String;
***desc= (Ljava/lang/String;)V
***desc= ()Ljava/lang/String;
***desc= ()Ljava/lang/Object;
***desc= (Lorg/activiti/engine/impl/cfg/ProcessEngineConfigurationImpl;Lorg/activiti/engine/impl/persistence/entity/data/DeadLetterJobDataManager;)V
***desc= (Ljava/lang/String;)Ljava/util/List;
***desc= (Lorg/activiti/engine/impl/cfg/ProcessEngineConfigurationImpl;Lorg/activiti/engine/impl/persistence/entity/data/HistoricProcessInstanceDataManager;)V
***desc= ()Lorg/activiti/engine/impl/persistence/entity/data/DataManager;
***desc= (Lorg/activiti/engine/impl/persistence/entity/ExecutionEntity;)Lorg/activiti/engine/impl/persistence/entity/HistoricProcessInstanceEntity;
***desc= (Ljava/lang/String;)V
***desc= (Ljava/lang/String;)V
***desc= (Lorg/activiti/engine/impl/HistoricProcessInstanceQueryImpl;)Ljava/util/List;
***desc= ()V
***desc= ()Ljava/lang/Object;
***desc= ()Ljava/lang/String;
***desc= (Ljava/lang/String;)V
***desc= ()Ljava/lang/String;
***desc= (Ljava/lang/String;)V
***desc= (Ljava/lang/String;)V
***desc= ()Ljava/lang/String;
***desc= ()Ljava/lang/String;
***desc= (Ljava/lang/String;)V
***desc= ()I
***desc= (I)V
***desc= ()Ljava/lang/String;
***desc= (Ljava/lang/String;)V
***desc= ()Ljava/lang/String;
***desc= (Ljava/lang/String;)V
***desc= ()Ljava/lang/String;
***desc= (Ljava/lang/String;)V
***desc= ()Ljava/lang/String;
***desc= (Ljava/lang/String;)V
***desc= ()Z
***desc= (Z)V
***desc= ()I
***desc= (I)V
***desc= ()Z
***desc= ()Ljava/lang/String;
***desc= ()V
***desc= ()Lorg/activiti/engine/impl/persistence/entity/ExecutionEntityImpl;
***desc= ()Ljava/lang/Object;
***desc= ()Lorg/activiti/bpmn/model/FlowElement;
***desc= (Lorg/activiti/bpmn/model/FlowElement;)V
***desc= ()Ljava/util/List;
***desc= (Lorg/activiti/engine/impl/persistence/entity/ExecutionEntity;)V
***desc= ()V
***desc= ()Ljava/lang/String;
***desc= (Ljava/lang/String;)V
***desc= (Ljava/lang/String;)V
***desc= ()Ljava/lang/String;
***desc= ()Ljava/lang/String;
***desc= (Ljava/lang/String;)V
***desc= ()Ljava/lang/String;
***desc= (Ljava/lang/String;)V
***desc= ()Ljava/lang/Integer;
***desc= (Ljava/lang/Integer;)V
***desc= ()Ljava/lang/String;
***desc= ()Z
***desc= ()Lorg/activiti/engine/impl/persistence/entity/ExecutionEntityImpl;
***desc= ()V
***desc= (Lorg/activiti/engine/impl/persistence/entity/ExecutionEntity;)V
***desc= ()Ljava/lang/String;
***desc= ()Lorg/activiti/engine/impl/persistence/entity/ExecutionEntityImpl;
***desc= ()V
***desc= ()Lorg/activiti/engine/impl/persistence/entity/ExecutionEntityImpl;
***desc= ()V
***desc= ()Ljava/lang/String;
***desc= (Ljava/lang/String;)V
***desc= ()Z
***desc= (Z)V
***desc= ()Ljava/util/Collection;
***desc= ()Ljava/util/List;
***desc= ()V
***desc= ()Ljava/util/List;
***desc= ()V
***desc= ()V
***desc= ()Ljava/util/List;
***desc= ()Ljava/lang/String;
***desc= (Ljava/lang/String;)V
***desc= ()Ljava/lang/String;
***desc= (Ljava/lang/String;)V
***desc= ()Ljava/lang/String;
***desc= (Z)V
***desc= ()Z
***desc= (Z)V
***desc= ()I
***desc= (I)V
***desc= ()Z
***desc= ()Z
***desc= (Z)V
***desc= ()Ljava/lang/String;
***desc= ()Ljava/lang/String;
***desc= ()Ljava/lang/String;
***desc= (Ljava/lang/String;)V
***desc= ()Z
***desc= (Z)V
***desc= ()Ljava/lang/String;
***desc= (Ljava/lang/String;)V
***desc= ()Ljava/util/Date;
***desc= (Ljava/util/Date;)V
***desc= ()I
***desc= (I)V
***desc= ()I
***desc= (I)V
***desc= ()I
***desc= (I)V
***desc= ()I
***desc= (I)V
***desc= ()I
***desc= (I)V
***desc= ()I
***desc= (I)V
***desc= ()I
***desc= (I)V
***desc= ()I
***desc= (I)V
***desc= (Lorg/activiti/engine/impl/cfg/ProcessEngineConfigurationImpl;Lorg/activiti/engine/impl/persistence/entity/data/TaskDataManager;)V
***desc= ()Lorg/activiti/engine/impl/persistence/entity/data/DataManager;
***desc= ()Lorg/activiti/engine/impl/persistence/entity/TaskEntity;
***desc= (Lorg/activiti/engine/impl/persistence/entity/TaskEntity;Z)V
***desc= (Lorg/activiti/engine/impl/persistence/entity/TaskEntity;Lorg/activiti/engine/impl/persistence/entity/ExecutionEntity;)V
***desc= (Lorg/activiti/engine/impl/persistence/entity/TaskEntity;Ljava/lang/String;ZZ)V
***desc= (Lorg/activiti/engine/impl/persistence/entity/TaskEntity;Z)V
***desc= (Ljava/lang/String;)Ljava/util/List;
***desc= (Ljava/lang/String;)Ljava/util/List;
***desc= ()V
***desc= ()Ljava/lang/Object;
***desc= ()Ljava/util/List;
***desc= ()Lorg/activiti/engine/impl/persistence/entity/ExecutionEntity;
***desc= (I)V
***desc= ()Ljava/lang/String;
***desc= ()I
***desc= (I)V
***desc= ()Ljava/lang/String;
***desc= ()Ljava/lang/String;
***desc= ()Ljava/util/Date;
***desc= ()I
***desc= ()Ljava/util/Date;
***desc= (Ljava/util/Date;)V
***desc= ()Ljava/lang/String;
***desc= ()Ljava/lang/String;
***desc= ()Ljava/lang/String;
***desc= (Ljava/lang/String;)V
***desc= ()Ljava/lang/String;
***desc= ()Ljava/lang/String;
***desc= (Ljava/lang/String;)V
***desc= (Ljava/lang/String;)V
***desc= (Lorg/activiti/engine/impl/persistence/entity/ExecutionEntity;)V
***desc= (Ljava/lang/String;)V
***desc= ()Ljava/lang/String;
***desc= ()Ljava/lang/String;
***desc= ()Z
***desc= (Z)V
***desc= (Z)V
***desc= ()Ljava/lang/String;
***desc= ()Ljava/util/Map;
***desc= ()I
***desc= (I)V
***desc= ()Ljava/lang/String;
***desc= ()Ljava/lang/String;
***desc= (Ljava/lang/String;)V
***desc= ()Ljava/util/Date;
***desc= (Lorg/activiti/engine/impl/cfg/ProcessEngineConfigurationImpl;)V
***desc= (Ljava/lang/String;)Lorg/activiti/engine/impl/persistence/entity/Entity;
***desc= ()Lorg/activiti/engine/impl/persistence/entity/Entity;
***desc= (Lorg/activiti/engine/impl/persistence/entity/Entity;)V
***desc= (Lorg/activiti/engine/impl/persistence/entity/Entity;Z)V
***desc= (Lorg/activiti/engine/impl/persistence/entity/Entity;)V
***desc= (Lorg/activiti/engine/impl/persistence/entity/Entity;Z)V
***desc= ()Z
***desc= (Lorg/activiti/engine/impl/persistence/entity/ExecutionEntity;)Z
***desc= (Lorg/activiti/engine/impl/persistence/CountingExecutionEntity;)Z
***desc= (Lorg/activiti/engine/impl/cfg/ProcessEngineConfigurationImpl;Lorg/activiti/engine/impl/persistence/entity/data/TimerJobDataManager;)V
***desc= (Lorg/activiti/engine/impl/Page;)Ljava/util/List;
***desc= (Ljava/lang/String;Ljava/lang/String;)Ljava/util/List;
***desc= (Ljava/lang/String;Ljava/lang/String;)Ljava/util/List;
***desc= (Ljava/lang/String;)Ljava/util/List;
***desc= (Lorg/activiti/engine/impl/TimerJobQueryImpl;Lorg/activiti/engine/impl/Page;)Ljava/util/List;
***desc= (Lorg/activiti/engine/impl/persistence/entity/TimerJobEntity;)V
***desc= (Lorg/activiti/engine/impl/persistence/entity/TimerJobEntity;Z)V
***desc= (Lorg/activiti/engine/impl/persistence/entity/TimerJobEntity;Z)Z
***desc= (Lorg/activiti/engine/impl/persistence/entity/TimerJobEntity;)V
***desc= (Lorg/activiti/engine/impl/persistence/entity/TimerJobEntity;)V
***desc= (Lorg/activiti/engine/impl/persistence/entity/TimerJobEntity;)V
***desc= ()Lorg/activiti/engine/impl/persistence/entity/data/TimerJobDataManager;
***desc= (Lorg/activiti/engine/impl/cfg/ProcessEngineConfigurationImpl;Lorg/activiti/engine/impl/persistence/entity/data/PropertyDataManager;)V
***desc= ()Lorg/activiti/engine/impl/persistence/entity/data/DataManager;
***desc= (Lorg/activiti/engine/impl/cfg/ProcessEngineConfigurationImpl;Lorg/activiti/engine/impl/persistence/entity/data/EventLogEntryDataManager;)V
***desc= ()Lorg/activiti/engine/impl/persistence/entity/data/DataManager;
***desc= ()Ljava/util/List;
***desc= (J)V
***desc= (Lorg/activiti/engine/impl/cfg/ProcessEngineConfigurationImpl;Lorg/activiti/engine/impl/persistence/entity/data/SuspendedJobDataManager;)V
***desc= (Ljava/lang/String;)Ljava/util/List;
***desc= ()V
***desc= (Lorg/activiti/engine/impl/cfg/ProcessEngineConfigurationImpl;Lorg/activiti/engine/impl/persistence/entity/data/ByteArrayDataManager;)V
***desc= (ILjava/lang/String;)V
***desc= ()I
***desc= ()V
***desc= ()Ljava/lang/String;
***desc= (Ljava/lang/String;)V
***desc= (Z)V
***desc= (Z)V
***desc= (Lorg/activiti/engine/impl/cfg/ProcessEngineConfigurationImpl;Lorg/activiti/engine/impl/persistence/entity/data/AttachmentDataManager;)V
***desc= (Ljava/lang/String;)Ljava/util/List;
***desc= (Ljava/lang/String;)V
***desc= ()V
***desc= (Lorg/activiti/engine/impl/cfg/ProcessEngineConfigurationImpl;Lorg/activiti/engine/impl/persistence/entity/data/CommentDataManager;)V
***desc= (Ljava/lang/String;)V
***desc= (Ljava/lang/String;)V
***desc= ()V
***desc= (Lorg/activiti/engine/impl/cfg/ProcessEngineConfigurationImpl;Lorg/activiti/engine/impl/persistence/entity/data/VariableInstanceDataManager;)V
***desc= (Ljava/lang/String;)Ljava/util/List;
***desc= (Ljava/lang/String;)Ljava/util/List;
***desc= (Lorg/activiti/engine/impl/persistence/entity/TaskEntity;)V
***desc= ()V
***desc= ()Ljava/lang/Object;
***desc= ()J
***desc= (J)V
***desc= ()Ljava/lang/String;
***desc= (Ljava/lang/String;)V
***desc= ()Ljava/lang/String;
***desc= (Ljava/lang/String;)V
***desc= ()Ljava/lang/String;
***desc= (Ljava/lang/String;)V
***desc= ()Ljava/lang/String;
***desc= (Ljava/lang/String;)V
***desc= ()Ljava/lang/String;
***desc= (Ljava/lang/String;)V
***desc= ()Ljava/util/Date;
***desc= (Ljava/util/Date;)V
***desc= ()Ljava/lang/String;
***desc= ()[B
***desc= ([B)V
***desc= ()Ljava/lang/String;
***desc= ()Ljava/lang/String;
***desc= (Lorg/activiti/engine/impl/cfg/ProcessEngineConfigurationImpl;Lorg/activiti/engine/impl/persistence/entity/data/ProcessDefinitionDataManager;)V
***desc= ()Lorg/activiti/engine/impl/persistence/entity/data/DataManager;
***desc= (Ljava/lang/String;)Lorg/activiti/engine/impl/persistence/entity/ProcessDefinitionEntity;
***desc= (Ljava/lang/String;)V
***desc= (Lorg/activiti/engine/impl/ProcessDefinitionQueryImpl;Lorg/activiti/engine/impl/Page;)Ljava/util/List;
***desc= ()V
***desc= (Lorg/activiti/engine/impl/persistence/entity/TaskEntity;Lorg/activiti/engine/impl/persistence/entity/ExecutionEntity;)V
***desc= ()Ljava/lang/Object;
***desc= ()Ljava/lang/String;
***desc= (Ljava/lang/String;)V
***desc= ()Ljava/lang/String;
***desc= (Ljava/lang/String;)V
***desc= ()Ljava/lang/String;
***desc= (Ljava/lang/String;)V
***desc= ()Ljava/lang/String;
***desc= ()Ljava/lang/String;
***desc= (Ljava/lang/String;)V
***desc= ()Ljava/util/Date;
***desc= ()Ljava/lang/String;
***desc= ()I
***desc= (I)V
***desc= ()Ljava/util/Date;
***desc= (Ljava/util/Date;)V
***desc= ()Ljava/lang/String;
***desc= (Ljava/lang/String;)V
***desc= ()Ljava/lang/String;
***desc= ()Ljava/lang/String;
***desc= ()Ljava/util/Date;
***desc= ()Ljava/lang/String;
***desc= (Ljava/lang/String;)V
***desc= ()V
***desc= (Lorg/activiti/engine/impl/persistence/entity/ResourceEntity;)V
***desc= ()Ljava/util/Map;
***desc= ()Ljava/lang/Object;
***desc= (Ljava/lang/Object;)V
***desc= ()Ljava/lang/String;
***desc= (Ljava/lang/String;)V
***desc= ()Ljava/lang/String;
***desc= ()Ljava/lang/String;
***desc= ()Ljava/lang/String;
***desc= (Ljava/lang/String;)V
***desc= ()Ljava/util/Date;
***desc= (Ljava/util/Date;)V
***desc= ()Z
***desc= (Z)V
***desc= ()Ljava/lang/String;
***desc= (Lorg/activiti/engine/impl/cfg/ProcessEngineConfigurationImpl;Lorg/activiti/engine/impl/persistence/entity/data/JobDataManager;)V
***desc= ()Lorg/activiti/engine/impl/persistence/entity/data/DataManager;
***desc= (Lorg/activiti/engine/impl/persistence/entity/JobEntity;)Z
***desc= (Lorg/activiti/engine/impl/persistence/entity/JobEntity;Z)Z
***desc= (Lorg/activiti/engine/impl/Page;)Ljava/util/List;
***desc= (Ljava/lang/String;)Ljava/util/List;
***desc= (Lorg/activiti/engine/impl/Page;)Ljava/util/List;
***desc= (Lorg/activiti/engine/impl/JobQueryImpl;Lorg/activiti/engine/impl/Page;)Ljava/util/List;
***desc= (Lorg/activiti/engine/impl/persistence/entity/JobEntity;)V
***desc= (Lorg/activiti/engine/impl/persistence/entity/JobEntity;Z)V
***desc= (Lorg/activiti/engine/impl/persistence/entity/JobEntity;)V
***desc= (Lorg/activiti/engine/impl/persistence/entity/JobEntity;)V
***desc= (Lorg/activiti/engine/impl/cfg/ProcessEngineConfigurationImpl;Lorg/activiti/engine/impl/persistence/entity/data/ModelDataManager;)V
***desc= (Lorg/activiti/engine/impl/ModelQueryImpl;Lorg/activiti/engine/impl/Page;)Ljava/util/List;
***desc= (Lorg/activiti/engine/impl/cfg/ProcessEngineConfigurationImpl;Lorg/activiti/engine/impl/persistence/entity/data/IdentityLinkDataManager;)V
***desc= (Ljava/lang/String;)Ljava/util/List;
***desc= (Ljava/lang/String;)Ljava/util/List;
***desc= (Ljava/lang/String;)V
***desc= (Ljava/lang/String;)V
***desc= (Lorg/activiti/engine/impl/cfg/ProcessEngineConfigurationImpl;Lorg/activiti/engine/impl/persistence/entity/data/HistoricVariableInstanceDataManager;)V
***desc= (Ljava/lang/String;)V
***desc= (Ljava/lang/String;)V
***desc= ()V
***desc= (Ljava/lang/String;)V
***desc= ()Ljava/lang/String;
***desc= ()Ljava/lang/String;
***desc= ()Ljava/util/Date;
***desc= ()Ljava/util/Date;
***desc= ()Ljava/lang/Long;
***desc= (Ljava/lang/String;)V
***desc= (Ljava/lang/String;)V
***desc= (Ljava/util/Date;)V
***desc= (Ljava/util/Date;)V
***desc= (Ljava/lang/Long;)V
***desc= ()Ljava/lang/String;
***desc= (Ljava/lang/String;)V
***desc= (Lorg/activiti/engine/impl/RepositoryServiceImpl;)V
***desc= (Lorg/activiti/engine/impl/RepositoryServiceImpl;Lorg/activiti/engine/impl/persistence/entity/DeploymentEntity;Lorg/activiti/engine/impl/persistence/entity/ResourceEntityManager;)V
***desc= (Ljava/lang/String;Ljava/io/InputStream;)Lorg/activiti/engine/repository/DeploymentBuilder;
***desc= (Ljava/lang/String;)Lorg/activiti/engine/repository/DeploymentBuilder;
***desc= (Ljava/lang/String;)Lorg/activiti/engine/repository/DeploymentBuilder;
***desc= ()Lorg/activiti/engine/repository/Deployment;
***desc= ()Lorg/activiti/engine/impl/persistence/entity/DeploymentEntity;
***desc= ()Z
***desc= ()Z
***desc= ()Z
***desc= ()Ljava/util/Date;
***desc= ()V
***desc= ()Ljava/lang/Class;
***desc= ()Ljava/lang/String;
***desc= ()V
***desc= ()Ljava/lang/Class;
***desc= ()Ljava/lang/String;
***desc= ()V
***desc= (Ljavax/xml/stream/XMLStreamReader;Lorg/activiti/bpmn/model/BpmnModel;Lorg/activiti/bpmn/model/Process;Ljava/util/List;)V
***desc= (Ljava/lang/String;Lorg/activiti/bpmn/model/BaseElement;Lorg/activiti/bpmn/model/BpmnModel;Ljavax/xml/stream/XMLStreamReader;)V
***desc= (Ljava/lang/String;Lorg/activiti/bpmn/model/BaseElement;Ljava/util/Map;Lorg/activiti/bpmn/model/BpmnModel;Ljavax/xml/stream/XMLStreamReader;)V
***desc= (Ljavax/xml/stream/XMLStreamReader;)Z
***desc= (Ljavax/xml/stream/XMLStreamReader;)Z
***desc= (Ljavax/xml/stream/XMLStreamReader;)Z
***desc= ()V
***desc= ()V
***desc= ()Ljava/lang/Class;
***desc= ()Ljava/lang/String;
***desc= ()V
***desc= ()Ljava/lang/Class;
***desc= ()Ljava/lang/String;
***desc= ()V
***desc= ()Ljava/lang/Class;
***desc= ()Ljava/lang/String;
***desc= (Ljavax/xml/stream/XMLStreamReader;Lorg/activiti/bpmn/model/BpmnModel;)Lorg/activiti/bpmn/model/BaseElement;
***desc= ()V
***desc= ()Ljava/lang/Class;
***desc= ()Ljava/lang/String;
***desc= (Ljavax/xml/stream/XMLStreamReader;Lorg/activiti/bpmn/model/BpmnModel;)Lorg/activiti/bpmn/model/BaseElement;
***desc= ()V
***desc= (Lorg/activiti/bpmn/converter/UserTaskXMLConverter;)V
***desc= ()Ljava/lang/String;
***desc= ()V
***desc= ()Ljava/lang/Class;
***desc= ()Ljava/lang/String;
***desc= ()V
***desc= ()Ljava/lang/Class;
***desc= ()Ljava/lang/String;
***desc= ()V
***desc= ()Ljava/lang/Class;
***desc= ()Ljava/lang/String;
***desc= ()V
***desc= ()Ljava/lang/Class;
***desc= ()Ljava/lang/String;
***desc= ()V
***desc= ()Ljava/lang/Class;
***desc= ()Ljava/lang/String;
***desc= (Lorg/activiti/bpmn/converter/CallActivityXMLConverter;)V
***desc= ()Ljava/lang/String;
***desc= ()V
***desc= ()Ljava/lang/Class;
***desc= ()Ljava/lang/String;
***desc= ()V
***desc= ()Ljava/lang/Class;
***desc= ()Ljava/lang/String;
***desc= ()V
***desc= ()Ljava/lang/Class;
***desc= ()Ljava/lang/String;
***desc= ()V
***desc= ()Ljava/lang/Class;
***desc= ()Ljava/lang/String;
***desc= ()V
***desc= ()Ljava/lang/Class;
***desc= ()Ljava/lang/String;
***desc= (Ljavax/xml/stream/XMLStreamReader;Lorg/activiti/bpmn/model/BpmnModel;)Lorg/activiti/bpmn/model/BaseElement;
***desc= ()V
***desc= (Lorg/activiti/bpmn/converter/BaseBpmnXMLConverter;)V
***desc= (Lorg/activiti/bpmn/converter/BaseBpmnXMLConverter;Ljava/lang/Class;)V
***desc= (Lorg/activiti/bpmn/converter/util/InputStreamProvider;)V
***desc= ()Ljavax/xml/validation/Schema;
***desc= (Lorg/activiti/bpmn/converter/util/InputStreamProvider;ZZLjava/lang/String;)Lorg/activiti/bpmn/model/BpmnModel;
***desc= (Ljavax/xml/stream/XMLStreamReader;)Lorg/activiti/bpmn/model/BpmnModel;
***desc= (Ljava/util/Collection;Lorg/activiti/bpmn/model/BaseElement;)V
***desc= (Ljava/lang/String;Lorg/activiti/bpmn/model/BaseElement;)Lorg/activiti/bpmn/model/FlowNode;
***desc= ()V
***desc= (Lorg/activiti/bpmn/converter/UserTaskXMLConverter;)V
***desc= ()Ljava/lang/String;
***desc= ()V
***desc= ()Ljava/lang/Class;
***desc= ()Ljava/lang/String;
***desc= ()V
***desc= ()Ljava/lang/Class;
***desc= ()Ljava/lang/String;
***desc= ()V
***desc= ()Ljava/lang/Class;
***desc= ()Ljava/lang/String;
***desc= (Ljavax/xml/stream/XMLStreamReader;Lorg/activiti/bpmn/model/BpmnModel;)Lorg/activiti/bpmn/model/BaseElement;
***desc= ()V
***desc= ()Ljava/lang/Class;
***desc= ()Ljava/lang/String;
***desc= ()V
***desc= ()Ljava/lang/Class;
***desc= ()Ljava/lang/String;
***desc= (Ljavax/xml/stream/XMLStreamReader;Lorg/activiti/bpmn/model/BpmnModel;)Lorg/activiti/bpmn/model/BaseElement;
***desc= (Lorg/activiti/bpmn/converter/CallActivityXMLConverter;)V
***desc= ()Ljava/lang/String;
***desc= ()V
***desc= ()Ljava/lang/Class;
***desc= ()Ljava/lang/String;
***desc= ()V
***desc= ()Ljava/lang/String;
***desc= ()V
***desc= ()Ljava/lang/Class;
***desc= ()Ljava/lang/String;
***desc= (Lorg/activiti/bpmn/converter/UserTaskXMLConverter;)V
***desc= ()Ljava/lang/String;
***desc= (Ljava/lang/String;Ljava/lang/Object;)V
***desc= (Lorg/apache/ibatis/session/SqlSession;)V
***desc= ()V
***desc= ()Ljava/lang/String;
***desc= ()V
***desc= (I)V
***desc= (Lorg/activiti/engine/impl/interceptor/CommandExecutor;)V
***desc= (Lorg/activiti/engine/impl/interceptor/CommandConfig;)V
***desc= (Lorg/activiti/engine/impl/db/DbSqlSessionFactory;Lorg/activiti/engine/impl/persistence/cache/EntityCache;)V
***desc= (Lorg/activiti/engine/impl/persistence/entity/Entity;)V
***desc= (Ljava/lang/String;Ljava/lang/Object;)I
***desc= (Ljava/lang/String;Ljava/lang/Object;Ljava/lang/Class;)V
***desc= (Lorg/activiti/engine/impl/persistence/entity/Entity;)V
***desc= (Ljava/lang/String;)Ljava/util/List;
***desc= (Ljava/lang/String;Ljava/lang/Object;)Ljava/util/List;
***desc= (Ljava/lang/String;Ljava/lang/Object;Z)Ljava/util/List;
***desc= (Ljava/lang/String;Ljava/lang/Object;Lorg/activiti/engine/impl/Page;)Ljava/util/List;
***desc= (Ljava/lang/String;Ljava/lang/Object;Lorg/activiti/engine/impl/Page;Z)Ljava/util/List;
***desc= (Ljava/lang/String;Lorg/activiti/engine/impl/db/ListQueryParameterObject;Lorg/activiti/engine/impl/Page;)Ljava/util/List;
***desc= (Ljava/lang/String;Lorg/activiti/engine/impl/db/ListQueryParameterObject;Lorg/activiti/engine/impl/Page;Z)Ljava/util/List;
***desc= (Ljava/lang/String;Ljava/lang/Object;II)Ljava/util/List;
***desc= (Ljava/lang/String;Ljava/lang/Object;IIZ)Ljava/util/List;
***desc= (Ljava/lang/String;Lorg/activiti/engine/impl/db/ListQueryParameterObject;)Ljava/util/List;
***desc= (Ljava/lang/String;Lorg/activiti/engine/impl/db/ListQueryParameterObject;Z)Ljava/util/List;
***desc= (Ljava/lang/String;Ljava/lang/Object;IIZ)Ljava/util/List;
***desc= (Ljava/lang/String;Ljava/lang/Object;)Ljava/lang/Object;
***desc= (Ljava/lang/Class;Ljava/lang/String;Z)Lorg/activiti/engine/impl/persistence/entity/Entity;
***desc= (Ljava/util/List;)Ljava/util/List;
***desc= (Lorg/activiti/engine/impl/persistence/entity/Entity;)Lorg/activiti/engine/impl/persistence/entity/Entity;
***desc= ()V
***desc= ()V
***desc= ()V
***desc= (Lorg/activiti/engine/impl/persistence/entity/Entity;)Z
***desc= (Lorg/activiti/engine/impl/persistence/entity/Entity;)Z
***desc= ()V
***desc= (Ljava/lang/Class;Ljava/util/Collection;)V
***desc= (Lorg/activiti/engine/impl/persistence/entity/Entity;Ljava/lang/Class;)V
***desc= (Ljava/util/Collection;Ljava/lang/Class;)V
***desc= (Lorg/activiti/engine/impl/persistence/entity/Entity;)V
***desc= ()V
***desc= ()V
***desc= (Ljava/lang/Class;)V
***desc= (Ljava/lang/Class;Ljava/util/Collection;)V
***desc= ()V
***desc= ()V
***desc= ()V
***desc= ()V
***desc= ()V
***desc= ()V
***desc= (Ljava/lang/String;Ljava/lang/String;)V
***desc= ()Z
***desc= (Ljava/lang/String;)Z
***desc= (Ljava/lang/String;)Ljava/lang/String;
***desc= (Ljava/lang/String;Ljava/lang/String;Ljava/lang/String;)Ljava/lang/String;
***desc= (Ljava/lang/String;Ljava/lang/String;Ljava/lang/String;Z)V
***desc= (Ljava/lang/String;Ljava/lang/String;Ljava/lang/String;Ljava/io/InputStream;)V
***desc= (Ljava/lang/String;Ljava/lang/String;)Ljava/lang/String;
***desc= (Ljava/io/BufferedReader;)Ljava/lang/String;
***desc= ()V
***desc= ()Z
***desc= ()Z
***desc= ()Lorg/apache/ibatis/session/SqlSession;
***desc= ()Lorg/activiti/engine/impl/db/DbSqlSessionFactory;
***desc= ()V
***desc= ()V
***desc= (Ljava/lang/Object;II)V
***desc= ()I
***desc= ()I
***desc= ()Ljava/lang/Object;
***desc= (I)V
***desc= (I)V
***desc= ()Ljava/lang/String;
***desc= ()V
***desc= ()Ljava/lang/Class;
***desc= (Lorg/activiti/engine/impl/interceptor/CommandContext;)Lorg/activiti/engine/impl/interceptor/Session;
***desc= (Lorg/activiti/engine/impl/persistence/entity/Entity;)Ljava/lang/String;
***desc= (Ljava/lang/Class;)Ljava/lang/String;
***desc= (Lorg/activiti/engine/impl/persistence/entity/Entity;)Ljava/lang/String;
***desc= (Ljava/lang/Class;)Ljava/lang/String;
***desc= (Ljava/lang/Class;)Ljava/lang/String;
***desc= (Ljava/lang/Class;Ljava/util/Map;Ljava/lang/String;)Ljava/lang/String;
***desc= (Ljava/lang/String;)Ljava/lang/String;
***desc= (Ljava/lang/String;)V
***desc= (ZLjava/lang/String;)V
***desc= (Ljava/lang/String;)V
***desc= (Ljava/lang/Class;)Ljava/lang/Boolean;
***desc= ()Lorg/apache/ibatis/session/SqlSessionFactory;
***desc= (Lorg/apache/ibatis/session/SqlSessionFactory;)V
***desc= ()Lorg/activiti/engine/impl/cfg/IdGenerator;
***desc= (Lorg/activiti/engine/impl/cfg/IdGenerator;)V
***desc= ()Ljava/lang/String;
***desc= ()Z
***desc= (Z)V
***desc= (Ljava/lang/String;)V
***desc= ()Ljava/lang/String;
***desc= ()Ljava/lang/String;
***desc= (Ljava/lang/String;)V
***desc= ()Ljava/lang/String;
***desc= (Ljava/lang/String;)V
***desc= (Z)V
***desc= ()Z
***desc= ()I
***desc= (I)V
***desc= ()V
***desc= ()V
***desc= (Ljava/lang/String;)V
***desc= (Ljava/lang/String;Ljava/util/List;)V
***desc= (JJ)V
***desc= ()J
***desc= ()J
***desc= ()V
***desc= ()V
***desc= (Ljava/io/InputStream;)Lorg/activiti/engine/ProcessEngineConfiguration;
***desc= (Ljava/io/InputStream;Ljava/lang/String;)Lorg/activiti/engine/ProcessEngineConfiguration;
***desc= ()Ljava/lang/String;
***desc= ()Ljava/lang/String;
***desc= (Ljava/lang/String;)Lorg/activiti/engine/ProcessEngineConfiguration;
***desc= (I)Lorg/activiti/engine/ProcessEngineConfiguration;
***desc= (Ljava/util/Map;)Lorg/activiti/engine/ProcessEngineConfiguration;
***desc= ()Ljava/lang/String;
***desc= ()Ljava/lang/String;
***desc= (Ljava/lang/String;)Lorg/activiti/engine/ProcessEngineConfiguration;
***desc= (Ljava/lang/String;)Lorg/activiti/engine/ProcessEngineConfiguration;
***desc= (Ljava/lang/String;)Lorg/activiti/engine/ProcessEngineConfiguration;
***desc= (Ljava/lang/String;)Lorg/activiti/engine/ProcessEngineConfiguration;
***desc= (Ljava/lang/String;)Lorg/activiti/engine/ProcessEngineConfiguration;
***desc= ()Lorg/activiti/engine/impl/history/HistoryLevel;
***desc= (Z)Lorg/activiti/engine/ProcessEngineConfiguration;
***desc= ()Ljava/lang/ClassLoader;
***desc= ()Lorg/activiti/engine/ProcessEngineLifecycleListener;
***desc= ()Ljava/lang/String;
***desc= ()Ljava/lang/String;
***desc= ()Ljava/lang/String;
***desc= ()Ljava/lang/String;
***desc= ()Lorg/activiti/engine/runtime/Clock;
***desc= ()Lorg/activiti/engine/impl/asyncexecutor/AsyncExecutor;
***desc= (Lorg/activiti/engine/impl/asyncexecutor/AsyncExecutor;)Lorg/activiti/engine/ProcessEngineConfiguration;
***desc= (I)Lorg/activiti/engine/ProcessEngineConfiguration;
***desc= ()Z
***desc= (Z)Lorg/activiti/engine/ProcessEngineConfiguration;
***desc= ()Lorg/activiti/engine/ActivitiEngineAgendaFactory;
***desc= ()V
***desc= (Lorg/activiti/engine/ProcessEngine;)V
***desc= (Ljava/net/URL;)Lorg/activiti/engine/ProcessEngineInfo;
***desc= (Ljava/net/URL;)Lorg/activiti/engine/ProcessEngine;
***desc= ()Lorg/activiti/engine/ProcessEngine;
***desc= (Ljava/lang/String;)Lorg/activiti/engine/ProcessEngine;
***desc= ()V
***desc= ()Z
***desc= (Z)V
***desc= ()V
***desc= (Lorg/activiti/engine/impl/cfg/ProcessEngineConfigurationImpl;)V
***desc= (Lorg/activiti/engine/impl/cfg/ProcessEngineConfigurationImpl;)V
***desc= (Ljava/lang/String;)Lcom/fasterxml/jackson/databind/node/ObjectNode;
***desc= (Ljava/lang/String;Lcom/fasterxml/jackson/databind/node/ObjectNode;)Lcom/fasterxml/jackson/databind/node/ObjectNode;
***desc= (Lcom/fasterxml/jackson/databind/node/ObjectNode;)Lcom/fasterxml/jackson/databind/node/ObjectNode;
***desc= (Lorg/activiti/engine/impl/interceptor/CommandExecutor;Ljava/lang/String;)V
***desc= (Lorg/activiti/engine/impl/interceptor/CommandContext;Lorg/activiti/engine/impl/Page;)Ljava/util/List;
***desc= (Ljava/lang/String;)Lorg/activiti/engine/impl/HistoricTaskInstanceQueryImpl;
***desc= ()V
***desc= (Lorg/activiti/engine/history/HistoricTaskInstance;)V
***desc= ()V
***desc= ()Ljava/util/List;
***desc= ()Ljava/lang/String;
***desc= ()Ljava/util/List;
***desc= ()Ljava/lang/String;
***desc= ()Ljava/lang/String;
***desc= ()Ljava/lang/String;
***desc= ()Ljava/lang/String;
***desc= ()Ljava/lang/String;
***desc= ()Ljava/util/List;
***desc= ()Ljava/lang/String;
***desc= ()Ljava/lang/String;
***desc= ()Ljava/util/List;
***desc= ()Ljava/util/List;
***desc= ()Ljava/lang/String;
***desc= ()Ljava/util/List;
***desc= ()Ljava/lang/String;
***desc= ()Ljava/lang/String;
***desc= ()Ljava/lang/Integer;
***desc= ()Ljava/lang/Integer;
***desc= ()Ljava/lang/Integer;
***desc= ()Z
***desc= ()Z
***desc= ()Ljava/util/Date;
***desc= ()Ljava/util/Date;
***desc= ()Ljava/util/Date;
***desc= ()Z
***desc= ()Ljava/util/Date;
***desc= ()Ljava/util/Date;
***desc= ()Ljava/util/Date;
***desc= ()Ljava/util/Date;
***desc= ()Ljava/util/Date;
***desc= ()Ljava/lang/String;
***desc= ()Ljava/lang/String;
***desc= ()Ljava/lang/String;
***desc= ()Z
***desc= ()Z
***desc= ()Z
***desc= ()Ljava/lang/String;
***desc= ()Ljava/lang/String;
***desc= ()Ljava/util/List;
***desc= ()Ljava/util/List;
***desc= ()Ljava/lang/String;
***desc= ()Ljava/lang/String;
***desc= ()Ljava/lang/String;
***desc= ()Ljava/lang/String;
***desc= ()Ljava/util/List;
***desc= ()Ljava/lang/String;
***desc= ()Ljava/lang/String;
***desc= ()Ljava/lang/String;
***desc= ()Ljava/lang/String;
***desc= ()Ljava/lang/String;
***desc= ()Ljava/lang/String;
***desc= ()Ljava/lang/String;
***desc= ()Ljava/util/Date;
***desc= ()Ljava/lang/String;
***desc= ()Ljava/lang/String;
***desc= ()Ljava/util/List;
***desc= ()Ljava/lang/String;
***desc= ()Ljava/lang/String;
***desc= ()Ljava/lang/String;
***desc= ()Ljava/lang/String;
***desc= ()Ljava/lang/String;
***desc= ()Ljava/lang/String;
***desc= ()Ljava/util/List;
***desc= ()V
***desc= ()V
***desc= (Ljava/lang/String;)Lorg/activiti/engine/impl/ProcessDefinitionQueryImpl;
***desc= (Ljava/lang/String;)Lorg/activiti/engine/impl/ProcessDefinitionQueryImpl;
***desc= (Ljava/lang/Integer;)Lorg/activiti/engine/repository/ProcessDefinitionQuery;
***desc= (Ljava/lang/Integer;)V
***desc= ()Lorg/activiti/engine/repository/ProcessDefinitionQuery;
***desc= ()Lorg/activiti/engine/repository/ProcessDefinitionQuery;
***desc= (Lorg/activiti/engine/impl/interceptor/CommandContext;Lorg/activiti/engine/impl/Page;)Ljava/util/List;
***desc= ()V
***desc= ()Ljava/lang/String;
***desc= ()Ljava/util/Set;
***desc= ()Ljava/lang/String;
***desc= ()Ljava/util/Set;
***desc= ()Ljava/lang/String;
***desc= ()Ljava/lang/String;
***desc= ()Ljava/lang/String;
***desc= ()Ljava/lang/String;
***desc= ()Ljava/util/Set;
***desc= ()Ljava/lang/Integer;
***desc= ()Ljava/lang/Integer;
***desc= ()Ljava/lang/Integer;
***desc= ()Ljava/lang/Integer;
***desc= ()Ljava/lang/Integer;
***desc= ()Z
***desc= ()Ljava/lang/String;
***desc= ()Ljava/lang/String;
***desc= ()Ljava/lang/String;
***desc= ()Ljava/lang/String;
***desc= ()Lorg/activiti/engine/impl/persistence/entity/SuspensionState;
***desc= ()Ljava/lang/String;
***desc= ()Ljava/lang/String;
***desc= ()Ljava/lang/String;
***desc= ()Z
***desc= ()Ljava/lang/String;
***desc= ()Ljava/lang/String;
***desc= ()V
***desc= (Ljava/lang/String;)V
***desc= ()Ljava/lang/String;
***desc= ()V
***desc= ()V
***desc= (Lorg/activiti/engine/impl/cfg/ProcessEngineConfigurationImpl;)V
***desc= (Lorg/activiti/engine/impl/interceptor/CommandExecutor;)V
***desc= ()V
***desc= (Lorg/activiti/engine/impl/interceptor/CommandContext;)Ljava/lang/Object;
***desc= ()V
***desc= (Ljava/lang/String;)Lorg/activiti/engine/repository/ModelQuery;
***desc= (Lorg/activiti/engine/impl/interceptor/CommandContext;Lorg/activiti/engine/impl/Page;)Ljava/util/List;
***desc= ()Ljava/lang/String;
***desc= ()Ljava/lang/String;
***desc= ()Ljava/lang/String;
***desc= ()Ljava/lang/Integer;
***desc= ()Ljava/lang/String;
***desc= ()Ljava/lang/String;
***desc= ()Ljava/lang/String;
***desc= ()Ljava/lang/String;
***desc= ()Z
***desc= ()Ljava/lang/String;
***desc= ()Z
***desc= ()Z
***desc= ()Ljava/lang/String;
***desc= ()Ljava/lang/String;
***desc= ()Z
***desc= (Lorg/activiti/engine/impl/interceptor/CommandExecutor;)V
***desc= (Lorg/activiti/engine/impl/interceptor/CommandContext;Lorg/activiti/engine/impl/Page;)Ljava/util/List;
***desc= (Ljava/lang/String;)Lorg/activiti/engine/impl/HistoricActivityInstanceQueryImpl;
***desc= ()Ljava/lang/String;
***desc= ()Ljava/lang/String;
***desc= ()Z
***desc= ()Ljava/lang/String;
***desc= ()Ljava/lang/String;
***desc= ()Ljava/lang/String;
***desc= ()Ljava/lang/String;
***desc= ()Ljava/lang/String;
***desc= ()Ljava/lang/String;
***desc= ()Ljava/lang/String;
***desc= ()Z
***desc= ()Z
***desc= ()Ljava/lang/String;
***desc= ()Ljava/lang/String;
***desc= ()Ljava/lang/String;
***desc= (Lorg/activiti/engine/impl/interceptor/CommandExecutor;)V
***desc= (Ljava/lang/String;)Lorg/activiti/engine/impl/TimerJobQueryImpl;
***desc= (Lorg/activiti/engine/impl/interceptor/CommandContext;Lorg/activiti/engine/impl/Page;)Ljava/util/List;
***desc= ()Ljava/lang/String;
***desc= ()Ljava/lang/String;
***desc= ()Z
***desc= ()Z
***desc= ()Ljava/lang/String;
***desc= ()Ljava/lang/String;
***desc= ()Ljava/lang/String;
***desc= ()Z
***desc= ()Ljava/lang/String;
***desc= ()Ljava/lang/String;
***desc= ()Ljava/util/Date;
***desc= ()Ljava/util/Date;
***desc= ()Ljava/util/Date;
***desc= ()Ljava/util/Date;
***desc= ()V
***desc= (Ljava/lang/String;)Lorg/activiti/engine/runtime/ProcessInstance;
***desc= (Lorg/activiti/engine/delegate/event/ActivitiEventListener;)V
***desc= (Lorg/activiti/engine/delegate/event/ActivitiEventListener;)V
***desc= ()V
***desc= ()Lorg/activiti/engine/repository/DeploymentBuilder;
***desc= (Lorg/activiti/engine/impl/repository/DeploymentBuilderImpl;)Lorg/activiti/engine/repository/Deployment;
***desc= (Ljava/lang/String;Z)V
***desc= (Ljava/lang/String;Ljava/lang/String;Ljava/lang/String;)V
***desc= ()V
***desc= (Lorg/activiti/engine/impl/interceptor/CommandExecutor;)V
***desc= ()Lorg/activiti/engine/history/HistoricProcessInstanceQuery;
***desc= (Lorg/activiti/engine/impl/interceptor/CommandContext;Lorg/activiti/engine/impl/Page;)Ljava/util/List;
***desc= (Lorg/activiti/engine/history/HistoricProcessInstance;Lorg/activiti/engine/impl/interceptor/CommandContext;)V
***desc= ()V
***desc= ()V
***desc= ()Ljava/lang/String;
***desc= ()Ljava/lang/String;
***desc= ()Ljava/lang/String;
***desc= ()Ljava/util/List;
***desc= ()Ljava/lang/String;
***desc= ()Ljava/lang/String;
***desc= ()Ljava/lang/Integer;
***desc= ()Ljava/lang/String;
***desc= ()Ljava/util/Set;
***desc= ()Ljava/lang/String;
***desc= ()Ljava/lang/String;
***desc= ()Z
***desc= ()Ljava/util/List;
***desc= ()Ljava/util/Date;
***desc= ()Ljava/util/Date;
***desc= ()Ljava/util/Date;
***desc= ()Ljava/util/Date;
***desc= ()Ljava/lang/String;
***desc= ()Ljava/lang/String;
***desc= ()Ljava/lang/String;
***desc= ()Ljava/lang/String;
***desc= ()Ljava/util/List;
***desc= ()Z
***desc= ()Z
***desc= ()Z
***desc= ()Z
***desc= ()Ljava/lang/String;
***desc= ()Ljava/lang/String;
***desc= ()Z
***desc= ()Ljava/lang/String;
***desc= ()Ljava/util/List;
***desc= ()V
***desc= ()Ljava/util/Map;
***desc= ()Lorg/activiti/engine/runtime/JobQuery;
***desc= ()Lorg/activiti/engine/runtime/TimerJobQuery;
***desc= (Ljava/lang/Long;Ljava/lang/Long;)Ljava/util/List;
***desc= (J)V
***desc= (Lorg/activiti/engine/impl/interceptor/CommandExecutor;)V
***desc= ()V
***desc= ()Ljava/util/List;
***desc= (Lorg/activiti/engine/impl/cfg/ProcessEngineConfigurationImpl;)V
***desc= ()Ljava/lang/String;
***desc= ()Lorg/activiti/engine/ManagementService;
***desc= ()Lorg/activiti/engine/TaskService;
***desc= ()Lorg/activiti/engine/HistoryService;
***desc= ()Lorg/activiti/engine/RuntimeService;
***desc= ()Lorg/activiti/engine/RepositoryService;
***desc= ()Lorg/activiti/engine/DynamicBpmnService;
***desc= ()Lorg/activiti/engine/impl/cfg/ProcessEngineConfigurationImpl;
***desc= ()V
***desc= (Lorg/activiti/engine/impl/cfg/ProcessEngineConfigurationImpl;)V
***desc= ()Lorg/activiti/engine/history/HistoricProcessInstanceQuery;
***desc= ()Lorg/activiti/engine/history/HistoricActivityInstanceQuery;
***desc= ()Lorg/activiti/engine/history/HistoricTaskInstanceQuery;
***desc= (Lorg/activiti/engine/impl/interceptor/CommandExecutor;)V
***desc= (Lorg/activiti/engine/impl/interceptor/CommandContext;Lorg/activiti/engine/impl/Page;)Ljava/util/List;
***desc= ()Ljava/lang/String;
***desc= ()Ljava/lang/String;
***desc= ()Z
***desc= ()Z
***desc= ()Ljava/lang/String;
***desc= ()Ljava/lang/String;
***desc= ()Ljava/lang/String;
***desc= ()Z
***desc= ()Ljava/lang/String;
***desc= ()Ljava/lang/String;
***desc= ()Z
***desc= ()Z
***desc= ()Ljava/util/Date;
***desc= ()Ljava/util/Date;
***desc= ()Ljava/util/Date;
***desc= ()Ljava/util/Date;
***desc= ()Z
***desc= ()Z
***desc= (II)V
***desc= ()I
***desc= ()I
***desc= (Lorg/activiti/engine/impl/RepositoryServiceImpl;)V
***desc= (Lorg/activiti/engine/impl/interceptor/CommandContext;)Lorg/activiti/engine/repository/DeploymentBuilder;
***desc= (Ljava/lang/String;)V
***desc= ()Ljava/lang/String;
***desc= ()V
***desc= ()V
***desc= (Lorg/activiti/engine/impl/interceptor/CommandExecutor;)V
***desc= (Lorg/activiti/engine/query/QueryProperty;)Lorg/activiti/engine/query/Query;
***desc= ()Lorg/activiti/engine/query/Query;
***desc= (Lorg/activiti/engine/impl/Direction;)Lorg/activiti/engine/query/Query;
***desc= ()V
***desc= ()Ljava/lang/Object;
***desc= ()Ljava/util/List;
***desc= (Lorg/activiti/engine/impl/interceptor/CommandContext;)Ljava/lang/Object;
***desc= (Lorg/activiti/engine/impl/interceptor/CommandContext;)Ljava/lang/Object;
***desc= (Ljava/lang/String;Ljava/lang/String;Lorg/activiti/engine/impl/AbstractQuery$NullHandlingOnOrder;)V
***desc= ()Ljava/lang/String;
***desc= ()Ljava/lang/String;
***desc= ()V
count_executed_methods = 2588 : total_token_count = 13044
test_class_full_path=activiti-engine/src/test/java/org/activiti/engine/test/api/event/ActivityEventsTest.java
python3 /NOD-Test-Repair/tdrepro/collect_test_meth_body.py activiti-engine org.activiti.engine.test.api.event.ActivityEventsTest#testActivityTimeOutEvent activiti/activiti activiti-engine/src/test/java/org/activiti/engine/test/api/event/ActivityEventsTest.java /NOD-Test-Repair/tdrepro
/usr/local/lib/python3.10/dist-packages/tree_sitter/__init__.py:36: FutureWarning: Language(path, name) is deprecated. Use Language(ptr, name) instead.
  warn("{} is deprecated. Use {} instead.".format(old, new), FutureWarning)
/NOD-Test-Repair/tdrepro/traces/activiti_activiti_activiti-engine_org.activiti.engine.test.api.event.ActivityEventsTest#testActivityTimeOutEvent_test_code.csv
<Node type=method_declaration, start_point=(474, 2), end_point=(492, 3)>
/NOD-Test-Repair/tdrepro/projects/activiti/activiti
/usr/local/lib/python3.10/dist-packages/tree_sitter/__init__.py:36: FutureWarning: Language(path, name) is deprecated. Use Language(ptr, name) instead.
  warn("{} is deprecated. Use {} instead.".format(old, new), FutureWarning)
 python3 /NOD-Test-Repair/tdrepro/collect_method_body.py activiti-engine org.activiti.engine.test.api.event.ActivityEventsTest#testActivityTimeOutEvent activiti/activiti activiti-bpmn-converter activiti-bpmn-layout activiti-bpmn-model activiti-engine activiti-process-validation
result=executed_methods_count=2220:total_token_count=45851
Executed methods: 2220
Total tokens:      45851
org.activiti.engine
