caution: filename not matched:  reruns_10K_flakerake_dataset_unique_removed_time_from_log.zip
caution: filename not matched:  reruns_10K_unique_removed_time_from_log.zip
Archive:  merged_failures.zip
test
test
Cloning into '/NOD-Test-Repair/tdrepro/projects/slug'...
remote: Not Found
fatal: repository 'https://github.com/slug/' not found
runAll.sh: line 67: cd: /NOD-Test-Repair/tdrepro/projects/slug: No such file or directory
error: pathspec 'sha' did not match any file(s) known to git
[[1;34mINFO[m] Scanning for projects...
[[1;31mERROR[m] [ERROR] Could not find the selected project in the reactor: module @ 
[[1;31mERROR[m] Could not find the selected project in the reactor: module -> [1m[Help 1][m
[[1;31mERROR[m] 
[[1;31mERROR[m] To see the full stack trace of the errors, re-run Maven with the [1m-e[m switch.
[[1;31mERROR[m] Re-run Maven using the [1m-X[m switch to enable full debug logging.
[[1;31mERROR[m] 
[[1;31mERROR[m] For more information about the errors and possible solutions, please read the following articles:
[[1;31mERROR[m] [1m[Help 1][m http://cwiki.apache.org/confluence/display/MAVEN/MavenExecutionException
slug
runAll.sh: line 122: cd: /NOD-Test-Repair/tdrepro/projects/slug: No such file or directory
grep: pom.xml: No such file or directory
modify-project.sh: line 21: cd: /NOD-Test-Repair/tdrepro/projects/slug: No such file or directory
javac: file not found: PomFile.java
Usage: javac <options> <source files>
use -help for a list of possible options
Error: Could not find or load main class PomFile
runAll.sh: line 130: cd: /NOD-Test-Repair/tdrepro/projects/slug: No such file or directory
[[1;34mINFO[m] Scanning for projects...
[[1;31mERROR[m] [ERROR] Could not find the selected project in the reactor: module @ 
[[1;31mERROR[m] Could not find the selected project in the reactor: module -> [1m[Help 1][m
[[1;31mERROR[m] 
[[1;31mERROR[m] To see the full stack trace of the errors, re-run Maven with the [1m-e[m switch.
[[1;31mERROR[m] Re-run Maven using the [1m-X[m switch to enable full debug logging.
[[1;31mERROR[m] 
[[1;31mERROR[m] For more information about the errors and possible solutions, please read the following articles:
[[1;31mERROR[m] [1m[Help 1][m http://cwiki.apache.org/confluence/display/MAVEN/MavenExecutionException
cp /NOD-Test-Repair/tdrepro/jacococli.jar /NOD-Test-Repair/tdrepro/agent-pom-modify
Generate reports in different formats by reading exec and Java class files.

Usage: java -jar jacococli.jar report [<execfiles> ...] --classfiles <path> [--csv <file>] [--encoding <charset>] [--help] [--html <dir>] [--name <name>] [--quiet] [--sourcefiles <path>] [--tabwith <n>] [--xml <file>]
 <execfiles>          : list of JaCoCo *.exec files to read
 --classfiles <path>  : location of Java class files
 --csv <file>         : output file for the CSV report
 --encoding <charset> : source file encoding (by default platform encoding is
                        used)
 --help               : show help
 --html <dir>         : output directory for the HTML report
 --name <name>        : name used for this report
 --quiet              : suppress all output on stdout
 --sourcefiles <path> : location of the source files
 --tabwith <n>        : tab stop width for the source pages (default 4)
 --xml <file>         : output file for the XML report

Option "--classfiles" is required
java -jar jacococli.jar report module/target/jacoco.exec                           --xml module/target/coverage.xml
python3 /NOD-Test-Repair/tdrepro/collect_executed_meths.py module test slug
Traceback (most recent call last):
  File "/NOD-Test-Repair/tdrepro/collect_executed_meths.py", line 10, in <module>
    tree = ET.parse(module+"/target/coverage.xml")
  File "/usr/lib/python3.10/xml/etree/ElementTree.py", line 1222, in parse
    tree.parse(source, parser)
  File "/usr/lib/python3.10/xml/etree/ElementTree.py", line 569, in parse
    source = open(source, "rb")
FileNotFoundError: [Errno 2] No such file or directory: 'module/target/coverage.xml'
find: 'module': No such file or directory
test_class_full_path=
python3 /NOD-Test-Repair/tdrepro/collect_test_meth_body.py module test slug  /NOD-Test-Repair/tdrepro
Traceback (most recent call last):
  File "/NOD-Test-Repair/tdrepro/collect_test_meth_body.py", line 14, in <module>
    test_method_only = test_name.split("#")[1] 
IndexError: list index out of range
/NOD-Test-Repair/tdrepro/agent-pom-modify
/usr/local/lib/python3.10/dist-packages/tree_sitter/__init__.py:36: FutureWarning: Language(path, name) is deprecated. Use Language(ptr, name) instead.
  warn("{} is deprecated. Use {} instead.".format(old, new), FutureWarning)
Traceback (most recent call last):
  File "/NOD-Test-Repair/tdrepro/collect_method_body.py", line 31, in <module>
    with open(executed_methods_file, newline='') as f:
FileNotFoundError: [Errno 2] No such file or directory: 'slug_module_test_executed_methods.csv'
 python3 /NOD-Test-Repair/tdrepro/collect_method_body.py module test slug 
result=
Executed methods: 
Total tokens:      
mv: cannot stat 'slug_module_test_executed_methods.csv': No such file or directory
mv: cannot stat 'slug_module_test_executed_method_bodies.csv': No such file or directory
Traceback (most recent call last):
  File "/NOD-Test-Repair/tdrepro/finding_base_package.py", line 14, in <module>
    with open(csv_file, newline='') as f:
FileNotFoundError: [Errno 2] No such file or directory: '/NOD-Test-Repair/tdrepro/traces/slug_module_test_executed_methods.csv'

runAll.sh: line 242: cd: /NOD-Test-Repair/tdrepro/projects/slug: No such file or directory
org.springframework.boot.cli.SampleIntegrationTests#uiSample
SampleIntegrationTests
HEAD is now at cf24af0bfbf Rework logging to prevent double initialization
M	pom.xml
M	spring-boot-actuator/pom.xml
M	spring-boot-autoconfigure/pom.xml
M	spring-boot-cli/pom.xml
M	spring-boot-dependencies/pom.xml
M	spring-boot-docs/pom.xml
M	spring-boot-full-build/pom.xml
M	spring-boot-integration-tests/pom.xml
M	spring-boot-parent/pom.xml
M	spring-boot-samples/pom.xml
M	spring-boot-samples/spring-boot-sample-actuator-log4j/pom.xml
M	spring-boot-samples/spring-boot-sample-actuator-log4j2/pom.xml
M	spring-boot-samples/spring-boot-sample-actuator-noweb/pom.xml
M	spring-boot-samples/spring-boot-sample-actuator-ui/pom.xml
M	spring-boot-samples/spring-boot-sample-actuator/pom.xml
M	spring-boot-samples/spring-boot-sample-amqp/pom.xml
M	spring-boot-samples/spring-boot-sample-aop/pom.xml
M	spring-boot-samples/spring-boot-sample-batch/pom.xml
M	spring-boot-samples/spring-boot-sample-data-elasticsearch/pom.xml
M	spring-boot-samples/spring-boot-sample-data-gemfire/pom.xml
M	spring-boot-samples/spring-boot-sample-data-jpa/pom.xml
M	spring-boot-samples/spring-boot-sample-data-mongodb/pom.xml
M	spring-boot-samples/spring-boot-sample-data-redis/pom.xml
M	spring-boot-samples/spring-boot-sample-data-rest/pom.xml
M	spring-boot-samples/spring-boot-sample-data-solr/pom.xml
M	spring-boot-samples/spring-boot-sample-flyway/pom.xml
M	spring-boot-samples/spring-boot-sample-hornetq/pom.xml
M	spring-boot-samples/spring-boot-sample-integration/pom.xml
M	spring-boot-samples/spring-boot-sample-jersey/pom.xml
M	spring-boot-samples/spring-boot-sample-jersey1/pom.xml
M	spring-boot-samples/spring-boot-sample-jetty/pom.xml
M	spring-boot-samples/spring-boot-sample-jta-atomikos/pom.xml
M	spring-boot-samples/spring-boot-sample-jta-bitronix/pom.xml
M	spring-boot-samples/spring-boot-sample-jta-jndi/pom.xml
M	spring-boot-samples/spring-boot-sample-liquibase/pom.xml
M	spring-boot-samples/spring-boot-sample-parent-context/pom.xml
M	spring-boot-samples/spring-boot-sample-profile/pom.xml
M	spring-boot-samples/spring-boot-sample-secure/pom.xml
M	spring-boot-samples/spring-boot-sample-servlet/pom.xml
M	spring-boot-samples/spring-boot-sample-simple/pom.xml
M	spring-boot-samples/spring-boot-sample-tomcat-multi-connectors/pom.xml
M	spring-boot-samples/spring-boot-sample-tomcat-ssl/pom.xml
M	spring-boot-samples/spring-boot-sample-tomcat/pom.xml
M	spring-boot-samples/spring-boot-sample-tomcat8-jsp/pom.xml
M	spring-boot-samples/spring-boot-sample-traditional/pom.xml
M	spring-boot-samples/spring-boot-sample-velocity/pom.xml
M	spring-boot-samples/spring-boot-sample-web-freemarker/pom.xml
M	spring-boot-samples/spring-boot-sample-web-groovy-templates/pom.xml
M	spring-boot-samples/spring-boot-sample-web-jsp/pom.xml
M	spring-boot-samples/spring-boot-sample-web-method-security/pom.xml
M	spring-boot-samples/spring-boot-sample-web-secure-custom/pom.xml
M	spring-boot-samples/spring-boot-sample-web-secure-jdbc/pom.xml
M	spring-boot-samples/spring-boot-sample-web-secure/pom.xml
M	spring-boot-samples/spring-boot-sample-web-static/pom.xml
M	spring-boot-samples/spring-boot-sample-web-ui/pom.xml
M	spring-boot-samples/spring-boot-sample-web-velocity/pom.xml
M	spring-boot-samples/spring-boot-sample-websocket/pom.xml
M	spring-boot-samples/spring-boot-sample-ws/pom.xml
M	spring-boot-samples/spring-boot-sample-xml/pom.xml
M	spring-boot-starters/pom.xml
M	spring-boot-starters/spring-boot-starter-actuator/pom.xml
M	spring-boot-starters/spring-boot-starter-amqp/pom.xml
M	spring-boot-starters/spring-boot-starter-aop/pom.xml
M	spring-boot-starters/spring-boot-starter-batch/pom.xml
M	spring-boot-starters/spring-boot-starter-cloud-connectors/pom.xml
M	spring-boot-starters/spring-boot-starter-data-elasticsearch/pom.xml
M	spring-boot-starters/spring-boot-starter-data-gemfire/pom.xml
M	spring-boot-starters/spring-boot-starter-data-jpa/pom.xml
M	spring-boot-starters/spring-boot-starter-data-mongodb/pom.xml
M	spring-boot-starters/spring-boot-starter-data-rest/pom.xml
M	spring-boot-starters/spring-boot-starter-data-solr/pom.xml
M	spring-boot-starters/spring-boot-starter-freemarker/pom.xml
M	spring-boot-starters/spring-boot-starter-groovy-templates/pom.xml
M	spring-boot-starters/spring-boot-starter-hornetq/pom.xml
M	spring-boot-starters/spring-boot-starter-integration/pom.xml
M	spring-boot-starters/spring-boot-starter-jdbc/pom.xml
M	spring-boot-starters/spring-boot-starter-jersey/pom.xml
M	spring-boot-starters/spring-boot-starter-jetty/pom.xml
M	spring-boot-starters/spring-boot-starter-jta-atomikos/pom.xml
M	spring-boot-starters/spring-boot-starter-jta-bitronix/pom.xml
M	spring-boot-starters/spring-boot-starter-log4j/pom.xml
M	spring-boot-starters/spring-boot-starter-log4j2/pom.xml
M	spring-boot-starters/spring-boot-starter-logging/pom.xml
M	spring-boot-starters/spring-boot-starter-mail/pom.xml
M	spring-boot-starters/spring-boot-starter-mobile/pom.xml
M	spring-boot-starters/spring-boot-starter-parent/pom.xml
M	spring-boot-starters/spring-boot-starter-redis/pom.xml
M	spring-boot-starters/spring-boot-starter-remote-shell/pom.xml
M	spring-boot-starters/spring-boot-starter-security/pom.xml
M	spring-boot-starters/spring-boot-starter-social-facebook/pom.xml
M	spring-boot-starters/spring-boot-starter-social-linkedin/pom.xml
M	spring-boot-starters/spring-boot-starter-social-twitter/pom.xml
M	spring-boot-starters/spring-boot-starter-test/pom.xml
M	spring-boot-starters/spring-boot-starter-thymeleaf/pom.xml
M	spring-boot-starters/spring-boot-starter-tomcat/pom.xml
M	spring-boot-starters/spring-boot-starter-velocity/pom.xml
M	spring-boot-starters/spring-boot-starter-web/pom.xml
M	spring-boot-starters/spring-boot-starter-websocket/pom.xml
M	spring-boot-starters/spring-boot-starter-ws/pom.xml
M	spring-boot-starters/spring-boot-starter/pom.xml
M	spring-boot-tools/pom.xml
M	spring-boot-tools/spring-boot-dependency-tools/pom.xml
M	spring-boot-tools/spring-boot-gradle-plugin/pom.xml
M	spring-boot-tools/spring-boot-loader-tools/pom.xml
M	spring-boot-tools/spring-boot-maven-plugin/pom.xml
M	spring-boot-versions/pom.xml
M	spring-boot/pom.xml
Saved working directory and index state WIP on (no branch): cf24af0bfbf Rework logging to prevent double initialization
[[1;34mINFO[m] Scanning for projects...
Downloading from spring-milestones: http://repo.spring.io/milestone/org/springframework/integration/spring-integration-bom/4.1.0.RC1/spring-integration-bom-4.1.0.RC1.pom
Downloading from spring-snapshots: http://repo.spring.io/snapshot/org/springframework/integration/spring-integration-bom/4.1.0.RC1/spring-integration-bom-4.1.0.RC1.pom
Downloading from central: https://repo.maven.apache.org/maven2/org/springframework/integration/spring-integration-bom/4.1.0.RC1/spring-integration-bom-4.1.0.RC1.pom
Downloading from spring-ext: http://repo.spring.io/ext-release-local/org/springframework/integration/spring-integration-bom/4.1.0.RC1/spring-integration-bom-4.1.0.RC1.pom
Downloading from gradle: http://repo.gradle.org/gradle/libs-releases-local/org/springframework/integration/spring-integration-bom/4.1.0.RC1/spring-integration-bom-4.1.0.RC1.pom
[[1;31mERROR[m] [ERROR] Some problems were encountered while processing the POMs:
[ERROR] Non-resolvable import POM: Could not transfer artifact org.springframework.integration:spring-integration-bom:pom:4.1.0.RC1 from/to spring-milestones (http://repo.spring.io/milestone): Transfer failed for http://repo.spring.io/milestone/org/springframework/integration/spring-integration-bom/4.1.0.RC1/spring-integration-bom-4.1.0.RC1.pom 405 Not Allowed @ line 1196, column 16
[ERROR] Non-resolvable import POM: Could not transfer artifact org.springframework.integration:spring-integration-bom:pom:4.1.0.RC1 from/to spring-ext (http://repo.spring.io/ext-release-local/): Transfer failed for http://repo.spring.io/ext-release-local/org/springframework/integration/spring-integration-bom/4.1.0.RC1/spring-integration-bom-4.1.0.RC1.pom 405 Not Allowed @ org.springframework.boot:spring-boot-dependencies:1.2.0.BUILD-SNAPSHOT, /NOD-Test-Repair/tdrepro/projects/spring-projects/spring-boot/spring-boot-dependencies/pom.xml, line 1196, column 16
[ERROR] Non-resolvable import POM: Failure to transfer org.springframework.integration:spring-integration-bom:pom:4.1.0.RC1 from http://repo.spring.io/milestone was cached in the local repository, resolution will not be reattempted until the update interval of spring-milestones has elapsed or updates are forced. Original error: Could not transfer artifact org.springframework.integration:spring-integration-bom:pom:4.1.0.RC1 from/to spring-milestones (http://repo.spring.io/milestone): Transfer failed for http://repo.spring.io/milestone/org/springframework/integration/spring-integration-bom/4.1.0.RC1/spring-integration-bom-4.1.0.RC1.pom 405 Not Allowed @ org.springframework.boot:spring-boot-dependencies:1.2.0.BUILD-SNAPSHOT, /NOD-Test-Repair/tdrepro/projects/spring-projects/spring-boot/spring-boot-dependencies/pom.xml, line 1196, column 16
[ERROR] Non-resolvable import POM: Failure to transfer org.springframework.integration:spring-integration-bom:pom:4.1.0.RC1 from http://repo.spring.io/ext-release-local/ was cached in the local repository, resolution will not be reattempted until the update interval of spring-ext has elapsed or updates are forced. Original error: Could not transfer artifact org.springframework.integration:spring-integration-bom:pom:4.1.0.RC1 from/to spring-ext (http://repo.spring.io/ext-release-local/): Transfer failed for http://repo.spring.io/ext-release-local/org/springframework/integration/spring-integration-bom/4.1.0.RC1/spring-integration-bom-4.1.0.RC1.pom 405 Not Allowed @ org.springframework.boot:spring-boot-dependencies:1.2.0.BUILD-SNAPSHOT, /NOD-Test-Repair/tdrepro/projects/spring-projects/spring-boot/spring-boot-dependencies/pom.xml, line 1196, column 16
[ERROR] Non-resolvable import POM: Failure to transfer org.springframework.integration:spring-integration-bom:pom:4.1.0.RC1 from http://repo.spring.io/ext-release-local/ was cached in the local repository, resolution will not be reattempted until the update interval of spring-ext has elapsed or updates are forced. Original error: Could not transfer artifact org.springframework.integration:spring-integration-bom:pom:4.1.0.RC1 from/to spring-ext (http://repo.spring.io/ext-release-local/): Transfer failed for http://repo.spring.io/ext-release-local/org/springframework/integration/spring-integration-bom/4.1.0.RC1/spring-integration-bom-4.1.0.RC1.pom 405 Not Allowed @ org.springframework.boot:spring-boot-dependencies:1.2.0.BUILD-SNAPSHOT, /NOD-Test-Repair/tdrepro/projects/spring-projects/spring-boot/spring-boot-dependencies/pom.xml, line 1196, column 16
[ERROR] Non-resolvable import POM: Failure to transfer org.springframework.integration:spring-integration-bom:pom:4.1.0.RC1 from http://repo.spring.io/ext-release-local/ was cached in the local repository, resolution will not be reattempted until the update interval of spring-ext has elapsed or updates are forced. Original error: Could not transfer artifact org.springframework.integration:spring-integration-bom:pom:4.1.0.RC1 from/to spring-ext (http://repo.spring.io/ext-release-local/): Transfer failed for http://repo.spring.io/ext-release-local/org/springframework/integration/spring-integration-bom/4.1.0.RC1/spring-integration-bom-4.1.0.RC1.pom 405 Not Allowed @ org.springframework.boot:spring-boot-dependencies:1.2.0.BUILD-SNAPSHOT, /NOD-Test-Repair/tdrepro/projects/spring-projects/spring-boot/spring-boot-dependencies/pom.xml, line 1196, column 16
[ERROR] 'dependencies.dependency.version' for org.springframework.integration:spring-integration-core:jar is missing. @ line 198, column 15
[ERROR] 'dependencies.dependency.version' for org.springframework.integration:spring-integration-jmx:jar is missing. @ line 203, column 15
[ERROR] Non-resolvable import POM: Failure to transfer org.springframework.integration:spring-integration-bom:pom:4.1.0.RC1 from http://repo.spring.io/ext-release-local/ was cached in the local repository, resolution will not be reattempted until the update interval of spring-ext has elapsed or updates are forced. Original error: Could not transfer artifact org.springframework.integration:spring-integration-bom:pom:4.1.0.RC1 from/to spring-ext (http://repo.spring.io/ext-release-local/): Transfer failed for http://repo.spring.io/ext-release-local/org/springframework/integration/spring-integration-bom/4.1.0.RC1/spring-integration-bom-4.1.0.RC1.pom 405 Not Allowed @ org.springframework.boot:spring-boot-dependencies:1.2.0.BUILD-SNAPSHOT, /NOD-Test-Repair/tdrepro/projects/spring-projects/spring-boot/spring-boot-dependencies/pom.xml, line 1196, column 16
[ERROR] Non-resolvable import POM: Failure to transfer org.springframework.integration:spring-integration-bom:pom:4.1.0.RC1 from http://repo.spring.io/ext-release-local/ was cached in the local repository, resolution will not be reattempted until the update interval of spring-ext has elapsed or updates are forced. Original error: Could not transfer artifact org.springframework.integration:spring-integration-bom:pom:4.1.0.RC1 from/to spring-ext (http://repo.spring.io/ext-release-local/): Transfer failed for http://repo.spring.io/ext-release-local/org/springframework/integration/spring-integration-bom/4.1.0.RC1/spring-integration-bom-4.1.0.RC1.pom 405 Not Allowed @ org.springframework.boot:spring-boot-dependencies:1.2.0.BUILD-SNAPSHOT, /NOD-Test-Repair/tdrepro/projects/spring-projects/spring-boot/spring-boot-dependencies/pom.xml, line 1196, column 16
[ERROR] Non-resolvable import POM: Failure to transfer org.springframework.integration:spring-integration-bom:pom:4.1.0.RC1 from http://repo.spring.io/ext-release-local/ was cached in the local repository, resolution will not be reattempted until the update interval of spring-ext has elapsed or updates are forced. Original error: Could not transfer artifact org.springframework.integration:spring-integration-bom:pom:4.1.0.RC1 from/to spring-ext (http://repo.spring.io/ext-release-local/): Transfer failed for http://repo.spring.io/ext-release-local/org/springframework/integration/spring-integration-bom/4.1.0.RC1/spring-integration-bom-4.1.0.RC1.pom 405 Not Allowed @ org.springframework.boot:spring-boot-dependencies:1.2.0.BUILD-SNAPSHOT, /NOD-Test-Repair/tdrepro/projects/spring-projects/spring-boot/spring-boot-dependencies/pom.xml, line 1196, column 16
[ERROR] Non-resolvable import POM: Failure to transfer org.springframework.integration:spring-integration-bom:pom:4.1.0.RC1 from http://repo.spring.io/ext-release-local/ was cached in the local repository, resolution will not be reattempted until the update interval of spring-ext has elapsed or updates are forced. Original error: Could not transfer artifact org.springframework.integration:spring-integration-bom:pom:4.1.0.RC1 from/to spring-ext (http://repo.spring.io/ext-release-local/): Transfer failed for http://repo.spring.io/ext-release-local/org/springframework/integration/spring-integration-bom/4.1.0.RC1/spring-integration-bom-4.1.0.RC1.pom 405 Not Allowed @ org.springframework.boot:spring-boot-dependencies:1.2.0.BUILD-SNAPSHOT, /NOD-Test-Repair/tdrepro/projects/spring-projects/spring-boot/spring-boot-dependencies/pom.xml, line 1196, column 16
[ERROR] Non-resolvable import POM: Could not transfer artifact org.springframework.integration:spring-integration-bom:pom:4.1.0.RC1 from/to gradle (http://repo.gradle.org/gradle/libs-releases-local): Authorization failed for http://repo.gradle.org/gradle/libs-releases-local/org/springframework/integration/spring-integration-bom/4.1.0.RC1/spring-integration-bom-4.1.0.RC1.pom 403 Forbidden @ org.springframework.boot:spring-boot-dependencies:1.2.0.BUILD-SNAPSHOT, /NOD-Test-Repair/tdrepro/projects/spring-projects/spring-boot/spring-boot-dependencies/pom.xml, line 1196, column 16
 @ 
[[1;31mERROR[m] The build could not read 11 projects -> [1m[Help 1][m
[[1;31mERROR[m]   
[[1;31mERROR[m]   The project org.springframework.boot:spring-boot-dependencies:1.2.0.BUILD-SNAPSHOT (/NOD-Test-Repair/tdrepro/projects/spring-projects/spring-boot/spring-boot-dependencies/pom.xml) has 1 error
[[1;31mERROR[m]     Non-resolvable import POM: Could not transfer artifact org.springframework.integration:spring-integration-bom:pom:4.1.0.RC1 from/to spring-milestones (http://repo.spring.io/milestone): Transfer failed for http://repo.spring.io/milestone/org/springframework/integration/spring-integration-bom/4.1.0.RC1/spring-integration-bom-4.1.0.RC1.pom 405 Not Allowed @ line 1196, column 16 -> [1m[Help 2][m
[[1;31mERROR[m]   
[[1;31mERROR[m]   The project org.springframework.boot:spring-boot-parent:1.2.0.BUILD-SNAPSHOT (/NOD-Test-Repair/tdrepro/projects/spring-projects/spring-boot/spring-boot-parent/pom.xml) has 1 error
[[1;31mERROR[m]     Non-resolvable import POM: Could not transfer artifact org.springframework.integration:spring-integration-bom:pom:4.1.0.RC1 from/to spring-ext (http://repo.spring.io/ext-release-local/): Transfer failed for http://repo.spring.io/ext-release-local/org/springframework/integration/spring-integration-bom/4.1.0.RC1/spring-integration-bom-4.1.0.RC1.pom 405 Not Allowed @ org.springframework.boot:spring-boot-dependencies:1.2.0.BUILD-SNAPSHOT, /NOD-Test-Repair/tdrepro/projects/spring-projects/spring-boot/spring-boot-dependencies/pom.xml, line 1196, column 16 -> [1m[Help 2][m
[[1;31mERROR[m]   
[[1;31mERROR[m]   The project org.springframework.boot:spring-boot-versions:1.2.0.BUILD-SNAPSHOT (/NOD-Test-Repair/tdrepro/projects/spring-projects/spring-boot/spring-boot-versions/pom.xml) has 1 error
[[1;31mERROR[m]     Non-resolvable import POM: Failure to transfer org.springframework.integration:spring-integration-bom:pom:4.1.0.RC1 from http://repo.spring.io/milestone was cached in the local repository, resolution will not be reattempted until the update interval of spring-milestones has elapsed or updates are forced. Original error: Could not transfer artifact org.springframework.integration:spring-integration-bom:pom:4.1.0.RC1 from/to spring-milestones (http://repo.spring.io/milestone): Transfer failed for http://repo.spring.io/milestone/org/springframework/integration/spring-integration-bom/4.1.0.RC1/spring-integration-bom-4.1.0.RC1.pom 405 Not Allowed @ org.springframework.boot:spring-boot-dependencies:1.2.0.BUILD-SNAPSHOT, /NOD-Test-Repair/tdrepro/projects/spring-projects/spring-boot/spring-boot-dependencies/pom.xml, line 1196, column 16 -> [1m[Help 2][m
[[1;31mERROR[m]   
[[1;31mERROR[m]   The project org.springframework.boot:spring-boot-tools:1.2.0.BUILD-SNAPSHOT (/NOD-Test-Repair/tdrepro/projects/spring-projects/spring-boot/spring-boot-tools/pom.xml) has 1 error
[[1;31mERROR[m]     Non-resolvable import POM: Failure to transfer org.springframework.integration:spring-integration-bom:pom:4.1.0.RC1 from http://repo.spring.io/ext-release-local/ was cached in the local repository, resolution will not be reattempted until the update interval of spring-ext has elapsed or updates are forced. Original error: Could not transfer artifact org.springframework.integration:spring-integration-bom:pom:4.1.0.RC1 from/to spring-ext (http://repo.spring.io/ext-release-local/): Transfer failed for http://repo.spring.io/ext-release-local/org/springframework/integration/spring-integration-bom/4.1.0.RC1/spring-integration-bom-4.1.0.RC1.pom 405 Not Allowed @ org.springframework.boot:spring-boot-dependencies:1.2.0.BUILD-SNAPSHOT, /NOD-Test-Repair/tdrepro/projects/spring-projects/spring-boot/spring-boot-dependencies/pom.xml, line 1196, column 16 -> [1m[Help 2][m
[[1;31mERROR[m]   
[[1;31mERROR[m]   The project org.springframework.boot:spring-boot:1.2.0.BUILD-SNAPSHOT (/NOD-Test-Repair/tdrepro/projects/spring-projects/spring-boot/spring-boot/pom.xml) has 1 error
[[1;31mERROR[m]     Non-resolvable import POM: Failure to transfer org.springframework.integration:spring-integration-bom:pom:4.1.0.RC1 from http://repo.spring.io/ext-release-local/ was cached in the local repository, resolution will not be reattempted until the update interval of spring-ext has elapsed or updates are forced. Original error: Could not transfer artifact org.springframework.integration:spring-integration-bom:pom:4.1.0.RC1 from/to spring-ext (http://repo.spring.io/ext-release-local/): Transfer failed for http://repo.spring.io/ext-release-local/org/springframework/integration/spring-integration-bom/4.1.0.RC1/spring-integration-bom-4.1.0.RC1.pom 405 Not Allowed @ org.springframework.boot:spring-boot-dependencies:1.2.0.BUILD-SNAPSHOT, /NOD-Test-Repair/tdrepro/projects/spring-projects/spring-boot/spring-boot-dependencies/pom.xml, line 1196, column 16 -> [1m[Help 2][m
[[1;31mERROR[m]   
[[1;31mERROR[m]   The project org.springframework.boot:spring-boot-autoconfigure:1.2.0.BUILD-SNAPSHOT (/NOD-Test-Repair/tdrepro/projects/spring-projects/spring-boot/spring-boot-autoconfigure/pom.xml) has 3 errors
[[1;31mERROR[m]     Non-resolvable import POM: Failure to transfer org.springframework.integration:spring-integration-bom:pom:4.1.0.RC1 from http://repo.spring.io/ext-release-local/ was cached in the local repository, resolution will not be reattempted until the update interval of spring-ext has elapsed or updates are forced. Original error: Could not transfer artifact org.springframework.integration:spring-integration-bom:pom:4.1.0.RC1 from/to spring-ext (http://repo.spring.io/ext-release-local/): Transfer failed for http://repo.spring.io/ext-release-local/org/springframework/integration/spring-integration-bom/4.1.0.RC1/spring-integration-bom-4.1.0.RC1.pom 405 Not Allowed @ org.springframework.boot:spring-boot-dependencies:1.2.0.BUILD-SNAPSHOT, /NOD-Test-Repair/tdrepro/projects/spring-projects/spring-boot/spring-boot-dependencies/pom.xml, line 1196, column 16 -> [1m[Help 2][m
[[1;31mERROR[m]     'dependencies.dependency.version' for org.springframework.integration:spring-integration-core:jar is missing. @ line 198, column 15
[[1;31mERROR[m]     'dependencies.dependency.version' for org.springframework.integration:spring-integration-jmx:jar is missing. @ line 203, column 15
[[1;31mERROR[m]   
[[1;31mERROR[m]   The project org.springframework.boot:spring-boot-actuator:1.2.0.BUILD-SNAPSHOT (/NOD-Test-Repair/tdrepro/projects/spring-projects/spring-boot/spring-boot-actuator/pom.xml) has 1 error
[[1;31mERROR[m]     Non-resolvable import POM: Failure to transfer org.springframework.integration:spring-integration-bom:pom:4.1.0.RC1 from http://repo.spring.io/ext-release-local/ was cached in the local repository, resolution will not be reattempted until the update interval of spring-ext has elapsed or updates are forced. Original error: Could not transfer artifact org.springframework.integration:spring-integration-bom:pom:4.1.0.RC1 from/to spring-ext (http://repo.spring.io/ext-release-local/): Transfer failed for http://repo.spring.io/ext-release-local/org/springframework/integration/spring-integration-bom/4.1.0.RC1/spring-integration-bom-4.1.0.RC1.pom 405 Not Allowed @ org.springframework.boot:spring-boot-dependencies:1.2.0.BUILD-SNAPSHOT, /NOD-Test-Repair/tdrepro/projects/spring-projects/spring-boot/spring-boot-dependencies/pom.xml, line 1196, column 16 -> [1m[Help 2][m
[[1;31mERROR[m]   
[[1;31mERROR[m]   The project org.springframework.boot:spring-boot-docs:1.2.0.BUILD-SNAPSHOT (/NOD-Test-Repair/tdrepro/projects/spring-projects/spring-boot/spring-boot-docs/pom.xml) has 1 error
[[1;31mERROR[m]     Non-resolvable import POM: Failure to transfer org.springframework.integration:spring-integration-bom:pom:4.1.0.RC1 from http://repo.spring.io/ext-release-local/ was cached in the local repository, resolution will not be reattempted until the update interval of spring-ext has elapsed or updates are forced. Original error: Could not transfer artifact org.springframework.integration:spring-integration-bom:pom:4.1.0.RC1 from/to spring-ext (http://repo.spring.io/ext-release-local/): Transfer failed for http://repo.spring.io/ext-release-local/org/springframework/integration/spring-integration-bom/4.1.0.RC1/spring-integration-bom-4.1.0.RC1.pom 405 Not Allowed @ org.springframework.boot:spring-boot-dependencies:1.2.0.BUILD-SNAPSHOT, /NOD-Test-Repair/tdrepro/projects/spring-projects/spring-boot/spring-boot-dependencies/pom.xml, line 1196, column 16 -> [1m[Help 2][m
[[1;31mERROR[m]   
[[1;31mERROR[m]   The project org.springframework.boot:spring-boot-starters:1.2.0.BUILD-SNAPSHOT (/NOD-Test-Repair/tdrepro/projects/spring-projects/spring-boot/spring-boot-starters/pom.xml) has 1 error
[[1;31mERROR[m]     Non-resolvable import POM: Failure to transfer org.springframework.integration:spring-integration-bom:pom:4.1.0.RC1 from http://repo.spring.io/ext-release-local/ was cached in the local repository, resolution will not be reattempted until the update interval of spring-ext has elapsed or updates are forced. Original error: Could not transfer artifact org.springframework.integration:spring-integration-bom:pom:4.1.0.RC1 from/to spring-ext (http://repo.spring.io/ext-release-local/): Transfer failed for http://repo.spring.io/ext-release-local/org/springframework/integration/spring-integration-bom/4.1.0.RC1/spring-integration-bom-4.1.0.RC1.pom 405 Not Allowed @ org.springframework.boot:spring-boot-dependencies:1.2.0.BUILD-SNAPSHOT, /NOD-Test-Repair/tdrepro/projects/spring-projects/spring-boot/spring-boot-dependencies/pom.xml, line 1196, column 16 -> [1m[Help 2][m
[[1;31mERROR[m]   
[[1;31mERROR[m]   The project org.springframework.boot:spring-boot-cli:1.2.0.BUILD-SNAPSHOT (/NOD-Test-Repair/tdrepro/projects/spring-projects/spring-boot/spring-boot-cli/pom.xml) has 1 error
[[1;31mERROR[m]     Non-resolvable import POM: Failure to transfer org.springframework.integration:spring-integration-bom:pom:4.1.0.RC1 from http://repo.spring.io/ext-release-local/ was cached in the local repository, resolution will not be reattempted until the update interval of spring-ext has elapsed or updates are forced. Original error: Could not transfer artifact org.springframework.integration:spring-integration-bom:pom:4.1.0.RC1 from/to spring-ext (http://repo.spring.io/ext-release-local/): Transfer failed for http://repo.spring.io/ext-release-local/org/springframework/integration/spring-integration-bom/4.1.0.RC1/spring-integration-bom-4.1.0.RC1.pom 405 Not Allowed @ org.springframework.boot:spring-boot-dependencies:1.2.0.BUILD-SNAPSHOT, /NOD-Test-Repair/tdrepro/projects/spring-projects/spring-boot/spring-boot-dependencies/pom.xml, line 1196, column 16 -> [1m[Help 2][m
[[1;31mERROR[m]   
[[1;31mERROR[m]   The project org.springframework.boot:spring-boot-integration-tests:1.2.0.BUILD-SNAPSHOT (/NOD-Test-Repair/tdrepro/projects/spring-projects/spring-boot/spring-boot-integration-tests/pom.xml) has 1 error
[[1;31mERROR[m]     Non-resolvable import POM: Could not transfer artifact org.springframework.integration:spring-integration-bom:pom:4.1.0.RC1 from/to gradle (http://repo.gradle.org/gradle/libs-releases-local): Authorization failed for http://repo.gradle.org/gradle/libs-releases-local/org/springframework/integration/spring-integration-bom/4.1.0.RC1/spring-integration-bom-4.1.0.RC1.pom 403 Forbidden @ org.springframework.boot:spring-boot-dependencies:1.2.0.BUILD-SNAPSHOT, /NOD-Test-Repair/tdrepro/projects/spring-projects/spring-boot/spring-boot-dependencies/pom.xml, line 1196, column 16 -> [1m[Help 2][m
[[1;31mERROR[m] 
[[1;31mERROR[m] To see the full stack trace of the errors, re-run Maven with the [1m-e[m switch.
[[1;31mERROR[m] Re-run Maven using the [1m-X[m switch to enable full debug logging.
[[1;31mERROR[m] 
[[1;31mERROR[m] For more information about the errors and possible solutions, please read the following articles:
[[1;31mERROR[m] [1m[Help 1][m http://cwiki.apache.org/confluence/display/MAVEN/ProjectBuildingException
[[1;31mERROR[m] [1m[Help 2][m http://cwiki.apache.org/confluence/display/MAVEN/UnresolvableModelException
spring-projects_spring-boot
/NOD-Test-Repair/tdrepro/projects/spring-projects/spring-boot/spring-boot-samples/spring-boot-sample-tomcat-ssl
/NOD-Test-Repair/tdrepro/projects/spring-projects/spring-boot/spring-boot-starters/spring-boot-starter-ws
/NOD-Test-Repair/tdrepro/projects/spring-projects/spring-boot/spring-boot-samples/spring-boot-sample-secure
/NOD-Test-Repair/tdrepro/projects/spring-projects/spring-boot/spring-boot-dependencies
/NOD-Test-Repair/tdrepro/projects/spring-projects/spring-boot/spring-boot-samples/spring-boot-sample-simple
/NOD-Test-Repair/tdrepro/projects/spring-projects/spring-boot/spring-boot-samples/spring-boot-sample-flyway
/NOD-Test-Repair/tdrepro/projects/spring-projects/spring-boot/spring-boot-starters/spring-boot-starter-batch
/NOD-Test-Repair/tdrepro/projects/spring-projects/spring-boot/spring-boot-cli
/NOD-Test-Repair/tdrepro/projects/spring-projects/spring-boot/spring-boot-starters/spring-boot-starter-remote-shell
/NOD-Test-Repair/tdrepro/projects/spring-projects/spring-boot/spring-boot-tools/spring-boot-loader-tools
/NOD-Test-Repair/tdrepro/projects/spring-projects/spring-boot/spring-boot-samples/spring-boot-sample-web-secure-custom
/NOD-Test-Repair/tdrepro/projects/spring-projects/spring-boot/spring-boot-starters/spring-boot-starter-jta-bitronix
/NOD-Test-Repair/tdrepro/projects/spring-projects/spring-boot/spring-boot-samples/spring-boot-sample-jta-bitronix
/NOD-Test-Repair/tdrepro/projects/spring-projects/spring-boot/spring-boot-samples/spring-boot-sample-actuator-log4j
/NOD-Test-Repair/tdrepro/projects/spring-projects/spring-boot/spring-boot-samples/spring-boot-sample-web-secure
/NOD-Test-Repair/tdrepro/projects/spring-projects/spring-boot/spring-boot-starters/spring-boot-starter-aop
/NOD-Test-Repair/tdrepro/projects/spring-projects/spring-boot/spring-boot-starters/spring-boot-starter-amqp
/NOD-Test-Repair/tdrepro/projects/spring-projects/spring-boot/spring-boot-samples/spring-boot-sample-profile
/NOD-Test-Repair/tdrepro/projects/spring-projects/spring-boot/spring-boot-samples/spring-boot-sample-actuator-noweb
/NOD-Test-Repair/tdrepro/projects/spring-projects/spring-boot/spring-boot-starters/spring-boot-starter-log4j
/NOD-Test-Repair/tdrepro/projects/spring-projects/spring-boot/spring-boot-starters/spring-boot-starter-cloud-connectors
/NOD-Test-Repair/tdrepro/projects/spring-projects/spring-boot/spring-boot-starters/spring-boot-starter-jersey
/NOD-Test-Repair/tdrepro/projects/spring-projects/spring-boot/spring-boot-samples/spring-boot-sample-tomcat-multi-connectors
/NOD-Test-Repair/tdrepro/projects/spring-projects/spring-boot/spring-boot-samples/spring-boot-sample-actuator-ui
/NOD-Test-Repair/tdrepro/projects/spring-projects/spring-boot/spring-boot-samples/spring-boot-sample-parent-context
/NOD-Test-Repair/tdrepro/projects/spring-projects/spring-boot/spring-boot-starters/spring-boot-starter-log4j2
/NOD-Test-Repair/tdrepro/projects/spring-projects/spring-boot/spring-boot-starters/spring-boot-starter-logging
/NOD-Test-Repair/tdrepro/projects/spring-projects/spring-boot/spring-boot-samples/spring-boot-sample-servlet
/NOD-Test-Repair/tdrepro/projects/spring-projects/spring-boot/spring-boot-starters/spring-boot-starter-social-linkedin
/NOD-Test-Repair/tdrepro/projects/spring-projects/spring-boot/spring-boot-starters/spring-boot-starter-jta-atomikos
/NOD-Test-Repair/tdrepro/projects/spring-projects/spring-boot/spring-boot-samples/spring-boot-sample-actuator-log4j2
/NOD-Test-Repair/tdrepro/projects/spring-projects/spring-boot/spring-boot-samples/spring-boot-sample-web-groovy-templates
/NOD-Test-Repair/tdrepro/projects/spring-projects/spring-boot/spring-boot-starters/spring-boot-starter-mail
/NOD-Test-Repair/tdrepro/projects/spring-projects/spring-boot/spring-boot-starters/spring-boot-starter-data-solr
/NOD-Test-Repair/tdrepro/projects/spring-projects/spring-boot/spring-boot-samples/spring-boot-sample-data-jpa
/NOD-Test-Repair/tdrepro/projects/spring-projects/spring-boot/spring-boot-parent
/NOD-Test-Repair/tdrepro/projects/spring-projects/spring-boot/spring-boot-starters/spring-boot-starter-test
/NOD-Test-Repair/tdrepro/projects/spring-projects/spring-boot/spring-boot-samples/spring-boot-sample-websocket
/NOD-Test-Repair/tdrepro/projects/spring-projects/spring-boot/spring-boot-starters/spring-boot-starter-thymeleaf
/NOD-Test-Repair/tdrepro/projects/spring-projects/spring-boot/spring-boot-samples/spring-boot-sample-traditional
/NOD-Test-Repair/tdrepro/projects/spring-projects/spring-boot/spring-boot-samples/spring-boot-sample-data-mongodb
/NOD-Test-Repair/tdrepro/projects/spring-projects/spring-boot/spring-boot-starters/spring-boot-starter-jetty
/NOD-Test-Repair/tdrepro/projects/spring-projects/spring-boot/spring-boot-starters/spring-boot-starter-actuator
/NOD-Test-Repair/tdrepro/projects/spring-projects/spring-boot/spring-boot-starters/spring-boot-starter-web
/NOD-Test-Repair/tdrepro/projects/spring-projects/spring-boot/spring-boot-starters/spring-boot-starter-data-jpa
/NOD-Test-Repair/tdrepro/projects/spring-projects/spring-boot/spring-boot-samples/spring-boot-sample-web-secure-jdbc
/NOD-Test-Repair/tdrepro/projects/spring-projects/spring-boot/spring-boot-starters/spring-boot-starter-social-facebook
/NOD-Test-Repair/tdrepro/projects/spring-projects/spring-boot/spring-boot-samples/spring-boot-sample-web-method-security
/NOD-Test-Repair/tdrepro/projects/spring-projects/spring-boot
/NOD-Test-Repair/tdrepro/projects/spring-projects/spring-boot/spring-boot-samples/spring-boot-sample-web-freemarker
/NOD-Test-Repair/tdrepro/projects/spring-projects/spring-boot/spring-boot-starters/spring-boot-starter-redis
/NOD-Test-Repair/tdrepro/projects/spring-projects/spring-boot/spring-boot-starters/spring-boot-starter-security
/NOD-Test-Repair/tdrepro/projects/spring-projects/spring-boot/spring-boot-tools/spring-boot-gradle-plugin
/NOD-Test-Repair/tdrepro/projects/spring-projects/spring-boot/spring-boot-samples/spring-boot-sample-actuator
/NOD-Test-Repair/tdrepro/projects/spring-projects/spring-boot/spring-boot-versions
/NOD-Test-Repair/tdrepro/projects/spring-projects/spring-boot/spring-boot-starters
/NOD-Test-Repair/tdrepro/projects/spring-projects/spring-boot/spring-boot-starters/spring-boot-starter-integration
/NOD-Test-Repair/tdrepro/projects/spring-projects/spring-boot/spring-boot-samples/spring-boot-sample-data-gemfire
/NOD-Test-Repair/tdrepro/projects/spring-projects/spring-boot/spring-boot-samples/spring-boot-sample-ws
/NOD-Test-Repair/tdrepro/projects/spring-projects/spring-boot/spring-boot-starters/spring-boot-starter
/NOD-Test-Repair/tdrepro/projects/spring-projects/spring-boot/spring-boot-samples/spring-boot-sample-jta-jndi
/NOD-Test-Repair/tdrepro/projects/spring-projects/spring-boot/spring-boot-samples/spring-boot-sample-hornetq
/NOD-Test-Repair/tdrepro/projects/spring-projects/spring-boot/spring-boot-starters/spring-boot-starter-mobile
/NOD-Test-Repair/tdrepro/projects/spring-projects/spring-boot/spring-boot-samples/spring-boot-sample-jetty
/NOD-Test-Repair/tdrepro/projects/spring-projects/spring-boot/spring-boot-samples/spring-boot-sample-web-velocity
/NOD-Test-Repair/tdrepro/projects/spring-projects/spring-boot/spring-boot-starters/spring-boot-starter-jdbc
/NOD-Test-Repair/tdrepro/projects/spring-projects/spring-boot/spring-boot-autoconfigure
/NOD-Test-Repair/tdrepro/projects/spring-projects/spring-boot/spring-boot-samples/spring-boot-sample-velocity
/NOD-Test-Repair/tdrepro/projects/spring-projects/spring-boot/spring-boot-starters/spring-boot-starter-social-twitter
/NOD-Test-Repair/tdrepro/projects/spring-projects/spring-boot/spring-boot-starters/spring-boot-starter-websocket
/NOD-Test-Repair/tdrepro/projects/spring-projects/spring-boot/spring-boot-samples/spring-boot-sample-jersey1
/NOD-Test-Repair/tdrepro/projects/spring-projects/spring-boot/spring-boot-samples/spring-boot-sample-batch
/NOD-Test-Repair/tdrepro/projects/spring-projects/spring-boot/spring-boot-tools/spring-boot-dependency-tools
/NOD-Test-Repair/tdrepro/projects/spring-projects/spring-boot/spring-boot-starters/spring-boot-starter-data-elasticsearch
/NOD-Test-Repair/tdrepro/projects/spring-projects/spring-boot/spring-boot-samples/spring-boot-sample-data-redis
/NOD-Test-Repair/tdrepro/projects/spring-projects/spring-boot/spring-boot-starters/spring-boot-starter-velocity
/NOD-Test-Repair/tdrepro/projects/spring-projects/spring-boot/spring-boot-starters/spring-boot-starter-data-rest
/NOD-Test-Repair/tdrepro/projects/spring-projects/spring-boot/spring-boot-samples/spring-boot-sample-tomcat
/NOD-Test-Repair/tdrepro/projects/spring-projects/spring-boot/spring-boot-integration-tests
/NOD-Test-Repair/tdrepro/projects/spring-projects/spring-boot/spring-boot
/NOD-Test-Repair/tdrepro/projects/spring-projects/spring-boot/spring-boot-samples/spring-boot-sample-web-ui
/NOD-Test-Repair/tdrepro/projects/spring-projects/spring-boot/spring-boot-cli/target/assembly/META-INF/maven/org.springframework.boot/spring-boot-loader
/NOD-Test-Repair/tdrepro/projects/spring-projects/spring-boot/spring-boot-starters/spring-boot-starter-parent
/NOD-Test-Repair/tdrepro/projects/spring-projects/spring-boot/spring-boot-samples/spring-boot-sample-integration
/NOD-Test-Repair/tdrepro/projects/spring-projects/spring-boot/spring-boot-samples/spring-boot-sample-data-solr
/NOD-Test-Repair/tdrepro/projects/spring-projects/spring-boot/spring-boot-samples/spring-boot-sample-web-static
/NOD-Test-Repair/tdrepro/projects/spring-projects/spring-boot/spring-boot-starters/spring-boot-starter-tomcat
/NOD-Test-Repair/tdrepro/projects/spring-projects/spring-boot/spring-boot-samples/spring-boot-sample-web-jsp
/NOD-Test-Repair/tdrepro/projects/spring-projects/spring-boot/spring-boot-samples
/NOD-Test-Repair/tdrepro/projects/spring-projects/spring-boot/spring-boot-samples/spring-boot-sample-tomcat8-jsp
/NOD-Test-Repair/tdrepro/projects/spring-projects/spring-boot/spring-boot-starters/spring-boot-starter-data-mongodb
/NOD-Test-Repair/tdrepro/projects/spring-projects/spring-boot/spring-boot-samples/spring-boot-sample-liquibase
/NOD-Test-Repair/tdrepro/projects/spring-projects/spring-boot/spring-boot-samples/spring-boot-sample-xml
/NOD-Test-Repair/tdrepro/projects/spring-projects/spring-boot/spring-boot-samples/spring-boot-sample-amqp
/NOD-Test-Repair/tdrepro/projects/spring-projects/spring-boot/spring-boot-actuator
/NOD-Test-Repair/tdrepro/projects/spring-projects/spring-boot/spring-boot-samples/spring-boot-sample-data-rest
/NOD-Test-Repair/tdrepro/projects/spring-projects/spring-boot/spring-boot-samples/spring-boot-sample-jta-atomikos
/NOD-Test-Repair/tdrepro/projects/spring-projects/spring-boot/spring-boot-starters/spring-boot-starter-groovy-templates
/NOD-Test-Repair/tdrepro/projects/spring-projects/spring-boot/spring-boot-starters/spring-boot-starter-hornetq
/NOD-Test-Repair/tdrepro/projects/spring-projects/spring-boot/spring-boot-starters/spring-boot-starter-data-gemfire
/NOD-Test-Repair/tdrepro/projects/spring-projects/spring-boot/spring-boot-samples/spring-boot-sample-jersey
/NOD-Test-Repair/tdrepro/projects/spring-projects/spring-boot/spring-boot-samples/spring-boot-sample-aop
/NOD-Test-Repair/tdrepro/projects/spring-projects/spring-boot/spring-boot-tools
/NOD-Test-Repair/tdrepro/projects/spring-projects/spring-boot/spring-boot-starters/spring-boot-starter-freemarker
/NOD-Test-Repair/tdrepro/projects/spring-projects/spring-boot/spring-boot-samples/spring-boot-sample-data-elasticsearch
/NOD-Test-Repair/tdrepro/projects/spring-projects/spring-boot/spring-boot-tools/spring-boot-maven-plugin
/NOD-Test-Repair/tdrepro/projects/spring-projects/spring-boot/spring-boot-full-build
/NOD-Test-Repair/tdrepro/projects/spring-projects/spring-boot/spring-boot-docs
[[1;34mINFO[m] Scanning for projects...
Downloading from spring-milestones: http://repo.spring.io/milestone/org/springframework/integration/spring-integration-bom/4.1.0.RC1/spring-integration-bom-4.1.0.RC1.pom
Downloading from spring-snapshots: http://repo.spring.io/snapshot/org/springframework/integration/spring-integration-bom/4.1.0.RC1/spring-integration-bom-4.1.0.RC1.pom
Downloading from spring-ext: http://repo.spring.io/ext-release-local/org/springframework/integration/spring-integration-bom/4.1.0.RC1/spring-integration-bom-4.1.0.RC1.pom
Downloading from gradle: http://repo.gradle.org/gradle/libs-releases-local/org/springframework/integration/spring-integration-bom/4.1.0.RC1/spring-integration-bom-4.1.0.RC1.pom
[[1;31mERROR[m] [ERROR] Some problems were encountered while processing the POMs:
[ERROR] Non-resolvable import POM: Could not transfer artifact org.springframework.integration:spring-integration-bom:pom:4.1.0.RC1 from/to spring-milestones (http://repo.spring.io/milestone): Transfer failed for http://repo.spring.io/milestone/org/springframework/integration/spring-integration-bom/4.1.0.RC1/spring-integration-bom-4.1.0.RC1.pom 405 Not Allowed @ line 1194, column 16
[WARNING] 'build.plugins.plugin.(groupId:artifactId)' must be unique but found duplicate declaration of plugin org.apache.maven.plugins:maven-surefire-plugin @ line 470, column 21
[ERROR] Non-resolvable import POM: Could not transfer artifact org.springframework.integration:spring-integration-bom:pom:4.1.0.RC1 from/to spring-ext (http://repo.spring.io/ext-release-local/): Transfer failed for http://repo.spring.io/ext-release-local/org/springframework/integration/spring-integration-bom/4.1.0.RC1/spring-integration-bom-4.1.0.RC1.pom 405 Not Allowed @ org.springframework.boot:spring-boot-dependencies:1.2.0.BUILD-SNAPSHOT, /NOD-Test-Repair/tdrepro/projects/spring-projects/spring-boot/spring-boot-dependencies/pom.xml, line 1194, column 16
[ERROR] Non-resolvable import POM: Failure to transfer org.springframework.integration:spring-integration-bom:pom:4.1.0.RC1 from http://repo.spring.io/milestone was cached in the local repository, resolution will not be reattempted until the update interval of spring-milestones has elapsed or updates are forced. Original error: Could not transfer artifact org.springframework.integration:spring-integration-bom:pom:4.1.0.RC1 from/to spring-milestones (http://repo.spring.io/milestone): Transfer failed for http://repo.spring.io/milestone/org/springframework/integration/spring-integration-bom/4.1.0.RC1/spring-integration-bom-4.1.0.RC1.pom 405 Not Allowed @ org.springframework.boot:spring-boot-dependencies:1.2.0.BUILD-SNAPSHOT, /NOD-Test-Repair/tdrepro/projects/spring-projects/spring-boot/spring-boot-dependencies/pom.xml, line 1194, column 16
[WARNING] 'build.plugins.plugin.(groupId:artifactId)' must be unique but found duplicate declaration of plugin org.apache.maven.plugins:maven-surefire-plugin @ org.springframework.boot:spring-boot-parent:1.2.0.BUILD-SNAPSHOT, /NOD-Test-Repair/tdrepro/projects/spring-projects/spring-boot/spring-boot-parent/pom.xml, line 470, column 21
[ERROR] Non-resolvable import POM: Failure to transfer org.springframework.integration:spring-integration-bom:pom:4.1.0.RC1 from http://repo.spring.io/ext-release-local/ was cached in the local repository, resolution will not be reattempted until the update interval of spring-ext has elapsed or updates are forced. Original error: Could not transfer artifact org.springframework.integration:spring-integration-bom:pom:4.1.0.RC1 from/to spring-ext (http://repo.spring.io/ext-release-local/): Transfer failed for http://repo.spring.io/ext-release-local/org/springframework/integration/spring-integration-bom/4.1.0.RC1/spring-integration-bom-4.1.0.RC1.pom 405 Not Allowed @ org.springframework.boot:spring-boot-dependencies:1.2.0.BUILD-SNAPSHOT, /NOD-Test-Repair/tdrepro/projects/spring-projects/spring-boot/spring-boot-dependencies/pom.xml, line 1194, column 16
[ERROR] Non-resolvable import POM: Failure to transfer org.springframework.integration:spring-integration-bom:pom:4.1.0.RC1 from http://repo.spring.io/ext-release-local/ was cached in the local repository, resolution will not be reattempted until the update interval of spring-ext has elapsed or updates are forced. Original error: Could not transfer artifact org.springframework.integration:spring-integration-bom:pom:4.1.0.RC1 from/to spring-ext (http://repo.spring.io/ext-release-local/): Transfer failed for http://repo.spring.io/ext-release-local/org/springframework/integration/spring-integration-bom/4.1.0.RC1/spring-integration-bom-4.1.0.RC1.pom 405 Not Allowed @ org.springframework.boot:spring-boot-dependencies:1.2.0.BUILD-SNAPSHOT, /NOD-Test-Repair/tdrepro/projects/spring-projects/spring-boot/spring-boot-dependencies/pom.xml, line 1194, column 16
[ERROR] Non-resolvable import POM: Failure to transfer org.springframework.integration:spring-integration-bom:pom:4.1.0.RC1 from http://repo.spring.io/ext-release-local/ was cached in the local repository, resolution will not be reattempted until the update interval of spring-ext has elapsed or updates are forced. Original error: Could not transfer artifact org.springframework.integration:spring-integration-bom:pom:4.1.0.RC1 from/to spring-ext (http://repo.spring.io/ext-release-local/): Transfer failed for http://repo.spring.io/ext-release-local/org/springframework/integration/spring-integration-bom/4.1.0.RC1/spring-integration-bom-4.1.0.RC1.pom 405 Not Allowed @ org.springframework.boot:spring-boot-dependencies:1.2.0.BUILD-SNAPSHOT, /NOD-Test-Repair/tdrepro/projects/spring-projects/spring-boot/spring-boot-dependencies/pom.xml, line 1194, column 16
[ERROR] 'dependencies.dependency.version' for org.springframework.integration:spring-integration-core:jar is missing. @ line 197, column 15
[ERROR] 'dependencies.dependency.version' for org.springframework.integration:spring-integration-jmx:jar is missing. @ line 202, column 15
[ERROR] Non-resolvable import POM: Failure to transfer org.springframework.integration:spring-integration-bom:pom:4.1.0.RC1 from http://repo.spring.io/ext-release-local/ was cached in the local repository, resolution will not be reattempted until the update interval of spring-ext has elapsed or updates are forced. Original error: Could not transfer artifact org.springframework.integration:spring-integration-bom:pom:4.1.0.RC1 from/to spring-ext (http://repo.spring.io/ext-release-local/): Transfer failed for http://repo.spring.io/ext-release-local/org/springframework/integration/spring-integration-bom/4.1.0.RC1/spring-integration-bom-4.1.0.RC1.pom 405 Not Allowed @ org.springframework.boot:spring-boot-dependencies:1.2.0.BUILD-SNAPSHOT, /NOD-Test-Repair/tdrepro/projects/spring-projects/spring-boot/spring-boot-dependencies/pom.xml, line 1194, column 16
[ERROR] Non-resolvable import POM: Failure to transfer org.springframework.integration:spring-integration-bom:pom:4.1.0.RC1 from http://repo.spring.io/ext-release-local/ was cached in the local repository, resolution will not be reattempted until the update interval of spring-ext has elapsed or updates are forced. Original error: Could not transfer artifact org.springframework.integration:spring-integration-bom:pom:4.1.0.RC1 from/to spring-ext (http://repo.spring.io/ext-release-local/): Transfer failed for http://repo.spring.io/ext-release-local/org/springframework/integration/spring-integration-bom/4.1.0.RC1/spring-integration-bom-4.1.0.RC1.pom 405 Not Allowed @ org.springframework.boot:spring-boot-dependencies:1.2.0.BUILD-SNAPSHOT, /NOD-Test-Repair/tdrepro/projects/spring-projects/spring-boot/spring-boot-dependencies/pom.xml, line 1194, column 16
[ERROR] Non-resolvable import POM: Failure to transfer org.springframework.integration:spring-integration-bom:pom:4.1.0.RC1 from http://repo.spring.io/ext-release-local/ was cached in the local repository, resolution will not be reattempted until the update interval of spring-ext has elapsed or updates are forced. Original error: Could not transfer artifact org.springframework.integration:spring-integration-bom:pom:4.1.0.RC1 from/to spring-ext (http://repo.spring.io/ext-release-local/): Transfer failed for http://repo.spring.io/ext-release-local/org/springframework/integration/spring-integration-bom/4.1.0.RC1/spring-integration-bom-4.1.0.RC1.pom 405 Not Allowed @ org.springframework.boot:spring-boot-dependencies:1.2.0.BUILD-SNAPSHOT, /NOD-Test-Repair/tdrepro/projects/spring-projects/spring-boot/spring-boot-dependencies/pom.xml, line 1194, column 16
[WARNING] 'build.plugins.plugin.(groupId:artifactId)' must be unique but found duplicate declaration of plugin org.apache.maven.plugins:maven-surefire-plugin @ line 321, column 21
[ERROR] Non-resolvable import POM: Failure to transfer org.springframework.integration:spring-integration-bom:pom:4.1.0.RC1 from http://repo.spring.io/ext-release-local/ was cached in the local repository, resolution will not be reattempted until the update interval of spring-ext has elapsed or updates are forced. Original error: Could not transfer artifact org.springframework.integration:spring-integration-bom:pom:4.1.0.RC1 from/to spring-ext (http://repo.spring.io/ext-release-local/): Transfer failed for http://repo.spring.io/ext-release-local/org/springframework/integration/spring-integration-bom/4.1.0.RC1/spring-integration-bom-4.1.0.RC1.pom 405 Not Allowed @ org.springframework.boot:spring-boot-dependencies:1.2.0.BUILD-SNAPSHOT, /NOD-Test-Repair/tdrepro/projects/spring-projects/spring-boot/spring-boot-dependencies/pom.xml, line 1194, column 16
[ERROR] Non-resolvable import POM: Could not transfer artifact org.springframework.integration:spring-integration-bom:pom:4.1.0.RC1 from/to gradle (http://repo.gradle.org/gradle/libs-releases-local): Authorization failed for http://repo.gradle.org/gradle/libs-releases-local/org/springframework/integration/spring-integration-bom/4.1.0.RC1/spring-integration-bom-4.1.0.RC1.pom 403 Forbidden @ org.springframework.boot:spring-boot-dependencies:1.2.0.BUILD-SNAPSHOT, /NOD-Test-Repair/tdrepro/projects/spring-projects/spring-boot/spring-boot-dependencies/pom.xml, line 1194, column 16
 @ 
[[1;31mERROR[m] The build could not read 11 projects -> [1m[Help 1][m
[[1;31mERROR[m]   
[[1;31mERROR[m]   The project org.springframework.boot:spring-boot-dependencies:1.2.0.BUILD-SNAPSHOT (/NOD-Test-Repair/tdrepro/projects/spring-projects/spring-boot/spring-boot-dependencies/pom.xml) has 1 error
[[1;31mERROR[m]     Non-resolvable import POM: Could not transfer artifact org.springframework.integration:spring-integration-bom:pom:4.1.0.RC1 from/to spring-milestones (http://repo.spring.io/milestone): Transfer failed for http://repo.spring.io/milestone/org/springframework/integration/spring-integration-bom/4.1.0.RC1/spring-integration-bom-4.1.0.RC1.pom 405 Not Allowed @ line 1194, column 16 -> [1m[Help 2][m
[[1;31mERROR[m]   
[[1;31mERROR[m]   The project org.springframework.boot:spring-boot-parent:1.2.0.BUILD-SNAPSHOT (/NOD-Test-Repair/tdrepro/projects/spring-projects/spring-boot/spring-boot-parent/pom.xml) has 1 error
[[1;31mERROR[m]     Non-resolvable import POM: Could not transfer artifact org.springframework.integration:spring-integration-bom:pom:4.1.0.RC1 from/to spring-ext (http://repo.spring.io/ext-release-local/): Transfer failed for http://repo.spring.io/ext-release-local/org/springframework/integration/spring-integration-bom/4.1.0.RC1/spring-integration-bom-4.1.0.RC1.pom 405 Not Allowed @ org.springframework.boot:spring-boot-dependencies:1.2.0.BUILD-SNAPSHOT, /NOD-Test-Repair/tdrepro/projects/spring-projects/spring-boot/spring-boot-dependencies/pom.xml, line 1194, column 16 -> [1m[Help 2][m
[[1;31mERROR[m]   
[[1;31mERROR[m]   The project org.springframework.boot:spring-boot-versions:1.2.0.BUILD-SNAPSHOT (/NOD-Test-Repair/tdrepro/projects/spring-projects/spring-boot/spring-boot-versions/pom.xml) has 1 error
[[1;31mERROR[m]     Non-resolvable import POM: Failure to transfer org.springframework.integration:spring-integration-bom:pom:4.1.0.RC1 from http://repo.spring.io/milestone was cached in the local repository, resolution will not be reattempted until the update interval of spring-milestones has elapsed or updates are forced. Original error: Could not transfer artifact org.springframework.integration:spring-integration-bom:pom:4.1.0.RC1 from/to spring-milestones (http://repo.spring.io/milestone): Transfer failed for http://repo.spring.io/milestone/org/springframework/integration/spring-integration-bom/4.1.0.RC1/spring-integration-bom-4.1.0.RC1.pom 405 Not Allowed @ org.springframework.boot:spring-boot-dependencies:1.2.0.BUILD-SNAPSHOT, /NOD-Test-Repair/tdrepro/projects/spring-projects/spring-boot/spring-boot-dependencies/pom.xml, line 1194, column 16 -> [1m[Help 2][m
[[1;31mERROR[m]   
[[1;31mERROR[m]   The project org.springframework.boot:spring-boot-tools:1.2.0.BUILD-SNAPSHOT (/NOD-Test-Repair/tdrepro/projects/spring-projects/spring-boot/spring-boot-tools/pom.xml) has 1 error
[[1;31mERROR[m]     Non-resolvable import POM: Failure to transfer org.springframework.integration:spring-integration-bom:pom:4.1.0.RC1 from http://repo.spring.io/ext-release-local/ was cached in the local repository, resolution will not be reattempted until the update interval of spring-ext has elapsed or updates are forced. Original error: Could not transfer artifact org.springframework.integration:spring-integration-bom:pom:4.1.0.RC1 from/to spring-ext (http://repo.spring.io/ext-release-local/): Transfer failed for http://repo.spring.io/ext-release-local/org/springframework/integration/spring-integration-bom/4.1.0.RC1/spring-integration-bom-4.1.0.RC1.pom 405 Not Allowed @ org.springframework.boot:spring-boot-dependencies:1.2.0.BUILD-SNAPSHOT, /NOD-Test-Repair/tdrepro/projects/spring-projects/spring-boot/spring-boot-dependencies/pom.xml, line 1194, column 16 -> [1m[Help 2][m
[[1;31mERROR[m]   
[[1;31mERROR[m]   The project org.springframework.boot:spring-boot:1.2.0.BUILD-SNAPSHOT (/NOD-Test-Repair/tdrepro/projects/spring-projects/spring-boot/spring-boot/pom.xml) has 1 error
[[1;31mERROR[m]     Non-resolvable import POM: Failure to transfer org.springframework.integration:spring-integration-bom:pom:4.1.0.RC1 from http://repo.spring.io/ext-release-local/ was cached in the local repository, resolution will not be reattempted until the update interval of spring-ext has elapsed or updates are forced. Original error: Could not transfer artifact org.springframework.integration:spring-integration-bom:pom:4.1.0.RC1 from/to spring-ext (http://repo.spring.io/ext-release-local/): Transfer failed for http://repo.spring.io/ext-release-local/org/springframework/integration/spring-integration-bom/4.1.0.RC1/spring-integration-bom-4.1.0.RC1.pom 405 Not Allowed @ org.springframework.boot:spring-boot-dependencies:1.2.0.BUILD-SNAPSHOT, /NOD-Test-Repair/tdrepro/projects/spring-projects/spring-boot/spring-boot-dependencies/pom.xml, line 1194, column 16 -> [1m[Help 2][m
[[1;31mERROR[m]   
[[1;31mERROR[m]   The project org.springframework.boot:spring-boot-autoconfigure:1.2.0.BUILD-SNAPSHOT (/NOD-Test-Repair/tdrepro/projects/spring-projects/spring-boot/spring-boot-autoconfigure/pom.xml) has 3 errors
[[1;31mERROR[m]     Non-resolvable import POM: Failure to transfer org.springframework.integration:spring-integration-bom:pom:4.1.0.RC1 from http://repo.spring.io/ext-release-local/ was cached in the local repository, resolution will not be reattempted until the update interval of spring-ext has elapsed or updates are forced. Original error: Could not transfer artifact org.springframework.integration:spring-integration-bom:pom:4.1.0.RC1 from/to spring-ext (http://repo.spring.io/ext-release-local/): Transfer failed for http://repo.spring.io/ext-release-local/org/springframework/integration/spring-integration-bom/4.1.0.RC1/spring-integration-bom-4.1.0.RC1.pom 405 Not Allowed @ org.springframework.boot:spring-boot-dependencies:1.2.0.BUILD-SNAPSHOT, /NOD-Test-Repair/tdrepro/projects/spring-projects/spring-boot/spring-boot-dependencies/pom.xml, line 1194, column 16 -> [1m[Help 2][m
[[1;31mERROR[m]     'dependencies.dependency.version' for org.springframework.integration:spring-integration-core:jar is missing. @ line 197, column 15
[[1;31mERROR[m]     'dependencies.dependency.version' for org.springframework.integration:spring-integration-jmx:jar is missing. @ line 202, column 15
[[1;31mERROR[m]   
[[1;31mERROR[m]   The project org.springframework.boot:spring-boot-actuator:1.2.0.BUILD-SNAPSHOT (/NOD-Test-Repair/tdrepro/projects/spring-projects/spring-boot/spring-boot-actuator/pom.xml) has 1 error
[[1;31mERROR[m]     Non-resolvable import POM: Failure to transfer org.springframework.integration:spring-integration-bom:pom:4.1.0.RC1 from http://repo.spring.io/ext-release-local/ was cached in the local repository, resolution will not be reattempted until the update interval of spring-ext has elapsed or updates are forced. Original error: Could not transfer artifact org.springframework.integration:spring-integration-bom:pom:4.1.0.RC1 from/to spring-ext (http://repo.spring.io/ext-release-local/): Transfer failed for http://repo.spring.io/ext-release-local/org/springframework/integration/spring-integration-bom/4.1.0.RC1/spring-integration-bom-4.1.0.RC1.pom 405 Not Allowed @ org.springframework.boot:spring-boot-dependencies:1.2.0.BUILD-SNAPSHOT, /NOD-Test-Repair/tdrepro/projects/spring-projects/spring-boot/spring-boot-dependencies/pom.xml, line 1194, column 16 -> [1m[Help 2][m
[[1;31mERROR[m]   
[[1;31mERROR[m]   The project org.springframework.boot:spring-boot-docs:1.2.0.BUILD-SNAPSHOT (/NOD-Test-Repair/tdrepro/projects/spring-projects/spring-boot/spring-boot-docs/pom.xml) has 1 error
[[1;31mERROR[m]     Non-resolvable import POM: Failure to transfer org.springframework.integration:spring-integration-bom:pom:4.1.0.RC1 from http://repo.spring.io/ext-release-local/ was cached in the local repository, resolution will not be reattempted until the update interval of spring-ext has elapsed or updates are forced. Original error: Could not transfer artifact org.springframework.integration:spring-integration-bom:pom:4.1.0.RC1 from/to spring-ext (http://repo.spring.io/ext-release-local/): Transfer failed for http://repo.spring.io/ext-release-local/org/springframework/integration/spring-integration-bom/4.1.0.RC1/spring-integration-bom-4.1.0.RC1.pom 405 Not Allowed @ org.springframework.boot:spring-boot-dependencies:1.2.0.BUILD-SNAPSHOT, /NOD-Test-Repair/tdrepro/projects/spring-projects/spring-boot/spring-boot-dependencies/pom.xml, line 1194, column 16 -> [1m[Help 2][m
[[1;31mERROR[m]   
[[1;31mERROR[m]   The project org.springframework.boot:spring-boot-starters:1.2.0.BUILD-SNAPSHOT (/NOD-Test-Repair/tdrepro/projects/spring-projects/spring-boot/spring-boot-starters/pom.xml) has 1 error
[[1;31mERROR[m]     Non-resolvable import POM: Failure to transfer org.springframework.integration:spring-integration-bom:pom:4.1.0.RC1 from http://repo.spring.io/ext-release-local/ was cached in the local repository, resolution will not be reattempted until the update interval of spring-ext has elapsed or updates are forced. Original error: Could not transfer artifact org.springframework.integration:spring-integration-bom:pom:4.1.0.RC1 from/to spring-ext (http://repo.spring.io/ext-release-local/): Transfer failed for http://repo.spring.io/ext-release-local/org/springframework/integration/spring-integration-bom/4.1.0.RC1/spring-integration-bom-4.1.0.RC1.pom 405 Not Allowed @ org.springframework.boot:spring-boot-dependencies:1.2.0.BUILD-SNAPSHOT, /NOD-Test-Repair/tdrepro/projects/spring-projects/spring-boot/spring-boot-dependencies/pom.xml, line 1194, column 16 -> [1m[Help 2][m
[[1;31mERROR[m]   
[[1;31mERROR[m]   The project org.springframework.boot:spring-boot-cli:1.2.0.BUILD-SNAPSHOT (/NOD-Test-Repair/tdrepro/projects/spring-projects/spring-boot/spring-boot-cli/pom.xml) has 1 error
[[1;31mERROR[m]     Non-resolvable import POM: Failure to transfer org.springframework.integration:spring-integration-bom:pom:4.1.0.RC1 from http://repo.spring.io/ext-release-local/ was cached in the local repository, resolution will not be reattempted until the update interval of spring-ext has elapsed or updates are forced. Original error: Could not transfer artifact org.springframework.integration:spring-integration-bom:pom:4.1.0.RC1 from/to spring-ext (http://repo.spring.io/ext-release-local/): Transfer failed for http://repo.spring.io/ext-release-local/org/springframework/integration/spring-integration-bom/4.1.0.RC1/spring-integration-bom-4.1.0.RC1.pom 405 Not Allowed @ org.springframework.boot:spring-boot-dependencies:1.2.0.BUILD-SNAPSHOT, /NOD-Test-Repair/tdrepro/projects/spring-projects/spring-boot/spring-boot-dependencies/pom.xml, line 1194, column 16 -> [1m[Help 2][m
[[1;31mERROR[m]   
[[1;31mERROR[m]   The project org.springframework.boot:spring-boot-integration-tests:1.2.0.BUILD-SNAPSHOT (/NOD-Test-Repair/tdrepro/projects/spring-projects/spring-boot/spring-boot-integration-tests/pom.xml) has 1 error
[[1;31mERROR[m]     Non-resolvable import POM: Could not transfer artifact org.springframework.integration:spring-integration-bom:pom:4.1.0.RC1 from/to gradle (http://repo.gradle.org/gradle/libs-releases-local): Authorization failed for http://repo.gradle.org/gradle/libs-releases-local/org/springframework/integration/spring-integration-bom/4.1.0.RC1/spring-integration-bom-4.1.0.RC1.pom 403 Forbidden @ org.springframework.boot:spring-boot-dependencies:1.2.0.BUILD-SNAPSHOT, /NOD-Test-Repair/tdrepro/projects/spring-projects/spring-boot/spring-boot-dependencies/pom.xml, line 1194, column 16 -> [1m[Help 2][m
[[1;31mERROR[m] 
[[1;31mERROR[m] To see the full stack trace of the errors, re-run Maven with the [1m-e[m switch.
[[1;31mERROR[m] Re-run Maven using the [1m-X[m switch to enable full debug logging.
[[1;31mERROR[m] 
[[1;31mERROR[m] For more information about the errors and possible solutions, please read the following articles:
[[1;31mERROR[m] [1m[Help 1][m http://cwiki.apache.org/confluence/display/MAVEN/ProjectBuildingException
[[1;31mERROR[m] [1m[Help 2][m http://cwiki.apache.org/confluence/display/MAVEN/UnresolvableModelException
cp /NOD-Test-Repair/tdrepro/jacococli.jar /NOD-Test-Repair/tdrepro/projects/spring-projects/spring-boot
mod=./spring-boot-versions/target
class dir=./spring-boot-versions/target/classes
source dir=./spring-boot-versions/src/main/java
classes missing
mod=./spring-boot-autoconfigure/target
class dir=./spring-boot-autoconfigure/target/classes
source dir=./spring-boot-autoconfigure/src/main/java
classes exists
mod=./spring-boot/target
class dir=./spring-boot/target/classes
source dir=./spring-boot/src/main/java
classes exists
mod=./spring-boot-integration-tests/target
class dir=./spring-boot-integration-tests/target/classes
source dir=./spring-boot-integration-tests/src/main/java
classes missing
mod=./spring-boot-tools/spring-boot-loader-tools/target
class dir=./spring-boot-tools/spring-boot-loader-tools/target/classes
source dir=./spring-boot-tools/spring-boot-loader-tools/src/main/java
classes exists
mod=./spring-boot-tools/spring-boot-loader/target
class dir=./spring-boot-tools/spring-boot-loader/target/classes
source dir=./spring-boot-tools/spring-boot-loader/src/main/java
classes exists
mod=./spring-boot-tools/spring-boot-gradle-plugin/target
class dir=./spring-boot-tools/spring-boot-gradle-plugin/target/classes
source dir=./spring-boot-tools/spring-boot-gradle-plugin/src/main/java
classes exists
mod=./spring-boot-tools/spring-boot-dependency-tools/target
class dir=./spring-boot-tools/spring-boot-dependency-tools/target/classes
source dir=./spring-boot-tools/spring-boot-dependency-tools/src/main/java
classes exists
mod=./spring-boot-tools/spring-boot-maven-plugin/target
class dir=./spring-boot-tools/spring-boot-maven-plugin/target/classes
source dir=./spring-boot-tools/spring-boot-maven-plugin/src/main/java
classes exists
mod=./spring-boot-starters/spring-boot-starter-freemarker/target
class dir=./spring-boot-starters/spring-boot-starter-freemarker/target/classes
source dir=./spring-boot-starters/spring-boot-starter-freemarker/src/main/java
classes exists
mod=./spring-boot-starters/spring-boot-starter-aop/target
class dir=./spring-boot-starters/spring-boot-starter-aop/target/classes
source dir=./spring-boot-starters/spring-boot-starter-aop/src/main/java
classes exists
mod=./spring-boot-starters/spring-boot-starter-web/target
class dir=./spring-boot-starters/spring-boot-starter-web/target/classes
source dir=./spring-boot-starters/spring-boot-starter-web/src/main/java
classes exists
mod=./spring-boot-starters/spring-boot-starter-log4j2/target
class dir=./spring-boot-starters/spring-boot-starter-log4j2/target/classes
source dir=./spring-boot-starters/spring-boot-starter-log4j2/src/main/java
classes exists
mod=./spring-boot-starters/spring-boot-starter-redis/target
class dir=./spring-boot-starters/spring-boot-starter-redis/target/classes
source dir=./spring-boot-starters/spring-boot-starter-redis/src/main/java
classes exists
mod=./spring-boot-starters/spring-boot-starter-jdbc/target
class dir=./spring-boot-starters/spring-boot-starter-jdbc/target/classes
source dir=./spring-boot-starters/spring-boot-starter-jdbc/src/main/java
classes exists
mod=./spring-boot-starters/spring-boot-starter-data-solr/target
class dir=./spring-boot-starters/spring-boot-starter-data-solr/target/classes
source dir=./spring-boot-starters/spring-boot-starter-data-solr/src/main/java
classes exists
mod=./spring-boot-starters/spring-boot-starter-jersey/target
class dir=./spring-boot-starters/spring-boot-starter-jersey/target/classes
source dir=./spring-boot-starters/spring-boot-starter-jersey/src/main/java
classes exists
mod=./spring-boot-starters/spring-boot-starter-cloud-connectors/target
class dir=./spring-boot-starters/spring-boot-starter-cloud-connectors/target/classes
source dir=./spring-boot-starters/spring-boot-starter-cloud-connectors/src/main/java
classes exists
mod=./spring-boot-starters/spring-boot-starter-remote-shell/target
class dir=./spring-boot-starters/spring-boot-starter-remote-shell/target/classes
source dir=./spring-boot-starters/spring-boot-starter-remote-shell/src/main/java
classes exists
mod=./spring-boot-starters/spring-boot-starter-ws/target
class dir=./spring-boot-starters/spring-boot-starter-ws/target/classes
source dir=./spring-boot-starters/spring-boot-starter-ws/src/main/java
classes exists
mod=./spring-boot-starters/spring-boot-starter-test/target
class dir=./spring-boot-starters/spring-boot-starter-test/target/classes
source dir=./spring-boot-starters/spring-boot-starter-test/src/main/java
classes exists
mod=./spring-boot-starters/spring-boot-starter-integration/target
class dir=./spring-boot-starters/spring-boot-starter-integration/target/classes
source dir=./spring-boot-starters/spring-boot-starter-integration/src/main/java
classes exists
mod=./spring-boot-starters/spring-boot-starter-hornetq/target
class dir=./spring-boot-starters/spring-boot-starter-hornetq/target/classes
source dir=./spring-boot-starters/spring-boot-starter-hornetq/src/main/java
classes missing
mod=./spring-boot-starters/spring-boot-starter-logging/target
class dir=./spring-boot-starters/spring-boot-starter-logging/target/classes
source dir=./spring-boot-starters/spring-boot-starter-logging/src/main/java
classes exists
mod=./spring-boot-starters/spring-boot-starter-social-facebook/target
class dir=./spring-boot-starters/spring-boot-starter-social-facebook/target/classes
source dir=./spring-boot-starters/spring-boot-starter-social-facebook/src/main/java
classes exists
mod=./spring-boot-starters/spring-boot-starter-groovy-templates/target
class dir=./spring-boot-starters/spring-boot-starter-groovy-templates/target/classes
source dir=./spring-boot-starters/spring-boot-starter-groovy-templates/src/main/java
classes exists
mod=./spring-boot-starters/spring-boot-starter-jetty/target
class dir=./spring-boot-starters/spring-boot-starter-jetty/target/classes
source dir=./spring-boot-starters/spring-boot-starter-jetty/src/main/java
classes exists
mod=./spring-boot-starters/spring-boot-starter-tomcat/target
class dir=./spring-boot-starters/spring-boot-starter-tomcat/target/classes
source dir=./spring-boot-starters/spring-boot-starter-tomcat/src/main/java
classes exists
mod=./spring-boot-starters/spring-boot-starter-social-linkedin/target
class dir=./spring-boot-starters/spring-boot-starter-social-linkedin/target/classes
source dir=./spring-boot-starters/spring-boot-starter-social-linkedin/src/main/java
classes exists
mod=./spring-boot-starters/spring-boot-starter-actuator/target
class dir=./spring-boot-starters/spring-boot-starter-actuator/target/classes
source dir=./spring-boot-starters/spring-boot-starter-actuator/src/main/java
classes exists
mod=./spring-boot-starters/spring-boot-starter-velocity/target
class dir=./spring-boot-starters/spring-boot-starter-velocity/target/classes
source dir=./spring-boot-starters/spring-boot-starter-velocity/src/main/java
classes missing
mod=./spring-boot-starters/spring-boot-starter-data-mongodb/target
class dir=./spring-boot-starters/spring-boot-starter-data-mongodb/target/classes
source dir=./spring-boot-starters/spring-boot-starter-data-mongodb/src/main/java
classes exists
mod=./spring-boot-starters/spring-boot-starter-mobile/target
class dir=./spring-boot-starters/spring-boot-starter-mobile/target/classes
source dir=./spring-boot-starters/spring-boot-starter-mobile/src/main/java
classes exists
mod=./spring-boot-starters/spring-boot-starter-data-elasticsearch/target
class dir=./spring-boot-starters/spring-boot-starter-data-elasticsearch/target/classes
source dir=./spring-boot-starters/spring-boot-starter-data-elasticsearch/src/main/java
classes exists
mod=./spring-boot-starters/spring-boot-starter-jta-bitronix/target
class dir=./spring-boot-starters/spring-boot-starter-jta-bitronix/target/classes
source dir=./spring-boot-starters/spring-boot-starter-jta-bitronix/src/main/java
classes exists
mod=./spring-boot-starters/spring-boot-starter-mail/target
class dir=./spring-boot-starters/spring-boot-starter-mail/target/classes
source dir=./spring-boot-starters/spring-boot-starter-mail/src/main/java
classes exists
mod=./spring-boot-starters/spring-boot-starter-data-jpa/target
class dir=./spring-boot-starters/spring-boot-starter-data-jpa/target/classes
source dir=./spring-boot-starters/spring-boot-starter-data-jpa/src/main/java
classes exists
mod=./spring-boot-starters/spring-boot-starter-amqp/target
class dir=./spring-boot-starters/spring-boot-starter-amqp/target/classes
source dir=./spring-boot-starters/spring-boot-starter-amqp/src/main/java
classes exists
mod=./spring-boot-starters/spring-boot-starter-data-rest/target
class dir=./spring-boot-starters/spring-boot-starter-data-rest/target/classes
source dir=./spring-boot-starters/spring-boot-starter-data-rest/src/main/java
classes exists
mod=./spring-boot-starters/spring-boot-starter-security/target
class dir=./spring-boot-starters/spring-boot-starter-security/target/classes
source dir=./spring-boot-starters/spring-boot-starter-security/src/main/java
classes exists
mod=./spring-boot-starters/spring-boot-starter-social-twitter/target
class dir=./spring-boot-starters/spring-boot-starter-social-twitter/target/classes
source dir=./spring-boot-starters/spring-boot-starter-social-twitter/src/main/java
classes exists
mod=./spring-boot-starters/spring-boot-starter/target
class dir=./spring-boot-starters/spring-boot-starter/target/classes
source dir=./spring-boot-starters/spring-boot-starter/src/main/java
classes exists
mod=./spring-boot-starters/spring-boot-starter-batch/target
class dir=./spring-boot-starters/spring-boot-starter-batch/target/classes
source dir=./spring-boot-starters/spring-boot-starter-batch/src/main/java
classes exists
mod=./spring-boot-starters/spring-boot-starter-jta-atomikos/target
class dir=./spring-boot-starters/spring-boot-starter-jta-atomikos/target/classes
source dir=./spring-boot-starters/spring-boot-starter-jta-atomikos/src/main/java
classes exists
mod=./spring-boot-starters/spring-boot-starter-log4j/target
class dir=./spring-boot-starters/spring-boot-starter-log4j/target/classes
source dir=./spring-boot-starters/spring-boot-starter-log4j/src/main/java
classes exists
mod=./spring-boot-starters/spring-boot-starter-websocket/target
class dir=./spring-boot-starters/spring-boot-starter-websocket/target/classes
source dir=./spring-boot-starters/spring-boot-starter-websocket/src/main/java
classes exists
mod=./spring-boot-starters/spring-boot-starter-thymeleaf/target
class dir=./spring-boot-starters/spring-boot-starter-thymeleaf/target/classes
source dir=./spring-boot-starters/spring-boot-starter-thymeleaf/src/main/java
classes exists
mod=./spring-boot-actuator/target
class dir=./spring-boot-actuator/target/classes
source dir=./spring-boot-actuator/src/main/java
classes exists
mod=./spring-boot-cli/target
class dir=./spring-boot-cli/target/classes
source dir=./spring-boot-cli/src/main/java
classes exists
mod=./spring-boot-docs/target
class dir=./spring-boot-docs/target/classes
source dir=./spring-boot-docs/src/main/java
classes missing
[INFO] Loading execution data file /NOD-Test-Repair/tdrepro/projects/spring-projects/spring-boot/spring-boot-cli/target/jacoco.exec.
[INFO] Analyzing 942 classes.
java -jar jacococli.jar report spring-boot-cli/target/jacoco.exec         --classfiles ./spring-boot-autoconfigure/target/classes --classfiles ./spring-boot/target/classes --classfiles ./spring-boot-tools/spring-boot-loader-tools/target/classes --classfiles ./spring-boot-tools/spring-boot-loader/target/classes --classfiles ./spring-boot-tools/spring-boot-gradle-plugin/target/classes --classfiles ./spring-boot-tools/spring-boot-dependency-tools/target/classes --classfiles ./spring-boot-tools/spring-boot-maven-plugin/target/classes --classfiles ./spring-boot-starters/spring-boot-starter-freemarker/target/classes --classfiles ./spring-boot-starters/spring-boot-starter-aop/target/classes --classfiles ./spring-boot-starters/spring-boot-starter-web/target/classes --classfiles ./spring-boot-starters/spring-boot-starter-log4j2/target/classes --classfiles ./spring-boot-starters/spring-boot-starter-redis/target/classes --classfiles ./spring-boot-starters/spring-boot-starter-jdbc/target/classes --classfiles ./spring-boot-starters/spring-boot-starter-data-solr/target/classes --classfiles ./spring-boot-starters/spring-boot-starter-jersey/target/classes --classfiles ./spring-boot-starters/spring-boot-starter-cloud-connectors/target/classes --classfiles ./spring-boot-starters/spring-boot-starter-remote-shell/target/classes --classfiles ./spring-boot-starters/spring-boot-starter-ws/target/classes --classfiles ./spring-boot-starters/spring-boot-starter-test/target/classes --classfiles ./spring-boot-starters/spring-boot-starter-integration/target/classes --classfiles ./spring-boot-starters/spring-boot-starter-logging/target/classes --classfiles ./spring-boot-starters/spring-boot-starter-social-facebook/target/classes --classfiles ./spring-boot-starters/spring-boot-starter-groovy-templates/target/classes --classfiles ./spring-boot-starters/spring-boot-starter-jetty/target/classes --classfiles ./spring-boot-starters/spring-boot-starter-tomcat/target/classes --classfiles ./spring-boot-starters/spring-boot-starter-social-linkedin/target/classes --classfiles ./spring-boot-starters/spring-boot-starter-actuator/target/classes --classfiles ./spring-boot-starters/spring-boot-starter-data-mongodb/target/classes --classfiles ./spring-boot-starters/spring-boot-starter-mobile/target/classes --classfiles ./spring-boot-starters/spring-boot-starter-data-elasticsearch/target/classes --classfiles ./spring-boot-starters/spring-boot-starter-jta-bitronix/target/classes --classfiles ./spring-boot-starters/spring-boot-starter-mail/target/classes --classfiles ./spring-boot-starters/spring-boot-starter-data-jpa/target/classes --classfiles ./spring-boot-starters/spring-boot-starter-amqp/target/classes --classfiles ./spring-boot-starters/spring-boot-starter-data-rest/target/classes --classfiles ./spring-boot-starters/spring-boot-starter-security/target/classes --classfiles ./spring-boot-starters/spring-boot-starter-social-twitter/target/classes --classfiles ./spring-boot-starters/spring-boot-starter/target/classes --classfiles ./spring-boot-starters/spring-boot-starter-batch/target/classes --classfiles ./spring-boot-starters/spring-boot-starter-jta-atomikos/target/classes --classfiles ./spring-boot-starters/spring-boot-starter-log4j/target/classes --classfiles ./spring-boot-starters/spring-boot-starter-websocket/target/classes --classfiles ./spring-boot-starters/spring-boot-starter-thymeleaf/target/classes --classfiles ./spring-boot-actuator/target/classes --classfiles ./spring-boot-cli/target/classes          --sourcefiles ./spring-boot-autoconfigure/src/main/java --sourcefiles ./spring-boot/src/main/java --sourcefiles ./spring-boot-tools/spring-boot-loader-tools/src/main/java --sourcefiles ./spring-boot-tools/spring-boot-loader/src/main/java --sourcefiles ./spring-boot-tools/spring-boot-dependency-tools/src/main/java --sourcefiles ./spring-boot-tools/spring-boot-maven-plugin/src/main/java --sourcefiles ./spring-boot-actuator/src/main/java --sourcefiles ./spring-boot-cli/src/main/java          --xml spring-boot-cli/target/coverage.xml
python3 /NOD-Test-Repair/tdrepro/collect_executed_meths.py spring-boot-cli org.springframework.boot.cli.SampleIntegrationTests#uiSample spring-projects/spring-boot
***desc= ()V
***desc= (Ljava/lang/String;Lorg/springframework/core/env/Environment;Ljava/lang/ClassLoader;Lorg/springframework/core/io/ResourceLoader;)Z
***desc= ()V
***desc= ()V
***desc= (Lgroovy/text/TemplateEngine;)Lorg/springframework/boot/autoconfigure/groovy/template/web/GroovyTemplateViewResolver;
***desc= ()V
***desc= (Ljava/lang/ClassLoader;Lgroovy/text/markup/TemplateConfiguration;)V
***desc= ()V
***desc= (Ljava/lang/ClassLoader;)V
***desc= ()Ljava/lang/ClassLoader;
***desc= ()V
***desc= ()[Ljava/lang/String;
***desc= ()Z
***desc= ()Ljava/lang/String;
***desc= ()Ljava/lang/String;
***desc= ()Ljava/lang/String;
***desc= ()V
***desc= ()Lgroovy/text/markup/TemplateConfiguration;
***desc= ()Lgroovy/text/TemplateEngine;
***desc= ()V
***desc= (Ljava/lang/String;Lorg/springframework/core/env/Environment;Ljava/lang/ClassLoader;Lorg/springframework/core/io/ResourceLoader;)Z
***desc= ()V
***desc= ()I
***desc= (Lorg/springframework/boot/context/event/ApplicationEnvironmentPreparedEvent;)V
***desc= ()V
***desc= (Ljava/lang/String;Ljava/lang/String;Lorg/springframework/boot/cli/command/options/OptionHandler;)V
***desc= ([Ljava/lang/String;)Lorg/springframework/boot/cli/command/status/ExitStatus;
***desc= ()Lorg/springframework/boot/cli/command/options/OptionHandler;
***desc= (Ljava/lang/String;Ljava/lang/String;)V
***desc= (ILjava/lang/String;)V
***desc= (ILjava/lang/String;Z)V
***desc= ()V
***desc= ()V
***desc= (Lorg/springframework/boot/dependency/tools/ManagedDependencies;)V
***desc= (Ljava/lang/String;)Ljava/lang/String;
***desc= (Ljava/lang/String;)Ljava/lang/String;
***desc= (Ljava/lang/String;)Ljava/lang/String;
***desc= (Ljava/lang/String;)Lorg/springframework/boot/dependency/tools/Dependency;
***desc= ()V
***desc= (Lorg/codehaus/groovy/ast/ClassNode;)Z
***desc= ()V
***desc= (Lorg/springframework/boot/cli/compiler/DependencyCustomizer;)V
***desc= (Lorg/codehaus/groovy/control/customizers/ImportCustomizer;)V
***desc= (Lgroovy/lang/GroovyClassLoader;Lorg/springframework/boot/cli/compiler/GroovyCompilerConfiguration;Lorg/codehaus/groovy/classgen/GeneratorContext;Lorg/codehaus/groovy/control/SourceUnit;Lorg/codehaus/groovy/ast/ClassNode;)V
***desc= (Lorg/codehaus/groovy/control/SourceUnit;Lorg/codehaus/groovy/ast/ClassNode;)V
***desc= (Lorg/codehaus/groovy/ast/ClassNode;)Z
***desc= ()V
***desc= (Lorg/codehaus/groovy/ast/ClassNode;)Z
***desc= ()V
***desc= (Lorg/codehaus/groovy/ast/ClassNode;)Z
***desc= ()V
***desc= (Lorg/codehaus/groovy/ast/ClassNode;)Z
***desc= ()V
***desc= (Lorg/codehaus/groovy/ast/ClassNode;)Z
***desc= ()V
***desc= (Lorg/codehaus/groovy/ast/ClassNode;)Z
***desc= ()V
***desc= (Lorg/codehaus/groovy/ast/ClassNode;)Z
***desc= ()V
***desc= (Lorg/codehaus/groovy/ast/ClassNode;)Z
***desc= ()V
***desc= (Lorg/codehaus/groovy/ast/ClassNode;)Z
***desc= ()V
***desc= (Lorg/codehaus/groovy/ast/ClassNode;)Z
***desc= (Lorg/springframework/boot/cli/compiler/DependencyCustomizer;)V
***desc= (Lorg/codehaus/groovy/control/customizers/ImportCustomizer;)V
***desc= ()V
***desc= (Lorg/codehaus/groovy/ast/ClassNode;)Z
***desc= ()V
***desc= (Lorg/codehaus/groovy/ast/ClassNode;)Z
***desc= ()V
***desc= (Lorg/codehaus/groovy/ast/ClassNode;)Z
***desc= ()V
***desc= (Lorg/codehaus/groovy/ast/ClassNode;)Z
***desc= ()V
***desc= (Lorg/codehaus/groovy/ast/ClassNode;)Z
***desc= ()V
***desc= (Lorg/codehaus/groovy/ast/ClassNode;)Z
***desc= ()V
***desc= (Lorg/codehaus/groovy/ast/ClassNode;)Z
***desc= ()V
***desc= (Lorg/codehaus/groovy/ast/ClassNode;)Z
***desc= ()V
***desc= (Lorg/codehaus/groovy/ast/ClassNode;)Z
***desc= (Lorg/springframework/boot/autoconfigure/logging/AutoConfigurationReportLoggingInitializer;)V
***desc= ()I
***desc= (Ljava/lang/Class;)Z
***desc= (Ljava/lang/Class;)Z
***desc= (Lorg/springframework/context/ApplicationEvent;)V
***desc= ()V
***desc= (Lorg/springframework/context/ConfigurableApplicationContext;)V
***desc= (Lorg/springframework/context/ApplicationEvent;)V
***desc= ()V
***desc= (Z)V
***desc= (Lorg/springframework/boot/context/properties/ConfigurationBeanFactoryMetaData;Ljava/lang/String;Ljava/util/concurrent/atomic/AtomicReference;)V
***desc= (Ljava/lang/reflect/Method;)V
***desc= ()V
***desc= (Lorg/springframework/core/type/AnnotationMetadata;Lorg/springframework/beans/factory/support/BeanDefinitionRegistry;)V
***desc= ()V
***desc= ()V
***desc= (Lorg/springframework/core/type/AnnotationMetadata;)[Ljava/lang/String;
***desc= ()V
***desc= (Lorg/springframework/core/type/AnnotationMetadata;Lorg/springframework/beans/factory/support/BeanDefinitionRegistry;)V
***desc= (Ljava/lang/Class;)Ljava/lang/String;
***desc= (Ljava/util/List;)Ljava/util/List;
***desc= (Lorg/springframework/beans/factory/support/BeanDefinitionRegistry;Ljava/lang/Class;Ljava/lang/String;)V
***desc= (Lorg/springframework/core/env/PropertySources;)V
***desc= ()Ljava/util/Iterator;
***desc= ()Lorg/springframework/core/env/MutablePropertySources;
***desc= (Lorg/springframework/core/env/PropertySource;Lorg/springframework/core/env/MutablePropertySources;)V
***desc= ()V
***desc= (Lorg/springframework/beans/factory/config/ConfigurableListableBeanFactory;)V
***desc= (Ljava/lang/String;Ljava/lang/Class;)Ljava/lang/annotation/Annotation;
***desc= (Ljava/lang/String;)Ljava/lang/reflect/Method;
***desc= (Lorg/springframework/context/ApplicationContext;)Lorg/springframework/validation/Validator;
***desc= ()V
***desc= ()I
***desc= (Lorg/springframework/boot/context/properties/ConfigurationBeanFactoryMetaData;)V
***desc= (Lorg/springframework/beans/factory/BeanFactory;)V
***desc= (Lorg/springframework/core/io/ResourceLoader;)V
***desc= (Lorg/springframework/core/env/Environment;)V
***desc= (Lorg/springframework/context/ApplicationContext;)V
***desc= ()V
***desc= ()Z
***desc= ()V
***desc= ()Lorg/springframework/core/env/PropertySources;
***desc= ()Lorg/springframework/context/support/PropertySourcesPlaceholderConfigurer;
***desc= (Ljava/lang/String;Ljava/lang/Class;)Ljava/lang/Object;
***desc= (Ljava/lang/Object;Ljava/lang/String;)Ljava/lang/Object;
***desc= (Ljava/lang/Object;Ljava/lang/String;)Ljava/lang/Object;
***desc= (Ljava/lang/Object;Ljava/lang/String;Lorg/springframework/boot/context/properties/ConfigurationProperties;)V
***desc= (Ljava/lang/Object;)Lorg/springframework/validation/Validator;
***desc= ()Lorg/springframework/core/convert/ConversionService;
***desc= ()V
***desc= (Ljava/lang/String;Ljava/lang/String;)V
***desc= ()Ljava/lang/String;
***desc= ()Ljava/lang/String;
***desc= ()V
***desc= (Lorg/springframework/http/converter/json/Jackson2ObjectMapperBuilder;)Lcom/fasterxml/jackson/databind/ObjectMapper;
***desc= ()V
***desc= ()V
***desc= (Ljava/lang/Class;)Ljava/util/Collection;
***desc= ()V
***desc= ()Ljava/lang/String;
***desc= ()Ljava/lang/String;
***desc= ()Ljava/util/Map;
***desc= ()Ljava/util/Map;
***desc= ()Ljava/util/Map;
***desc= ()Ljava/util/Map;
***desc= ()Ljava/util/Map;
***desc= ()V
***desc= ()Lorg/springframework/http/converter/json/Jackson2ObjectMapperBuilder;
***desc= (Lorg/springframework/http/converter/json/Jackson2ObjectMapperBuilder;Ljava/util/Map;)V
***desc= (Lorg/springframework/http/converter/json/Jackson2ObjectMapperBuilder;)V
***desc= (Lorg/springframework/http/converter/json/Jackson2ObjectMapperBuilder;)V
***desc= ()V
***desc= ()Lorg/springframework/validation/DefaultMessageCodesResolver$Format;
***desc= ()V
***desc= (Lcom/fasterxml/jackson/databind/ObjectMapper;)Lorg/springframework/http/converter/json/MappingJackson2HttpMessageConverter;
***desc= ()V
***desc= ()Lorg/springframework/boot/autoconfigure/web/ServerProperties$Tomcat;
***desc= ()Ljava/lang/String;
***desc= ()Ljava/lang/String;
***desc= ()Ljava/lang/String;
***desc= ()Ljava/lang/Integer;
***desc= (Ljava/lang/Integer;)V
***desc= ()Ljava/net/InetAddress;
***desc= ()Ljava/lang/Integer;
***desc= ()Lorg/springframework/boot/context/embedded/Ssl;
***desc= (Lorg/springframework/boot/context/embedded/ConfigurableEmbeddedServletContainer;)V
***desc= (Lorg/springframework/context/annotation/ConditionContext;Lorg/springframework/core/type/AnnotatedTypeMetadata;)Lorg/springframework/boot/autoconfigure/condition/ConditionOutcome;
***desc= (Lorg/springframework/boot/autoconfigure/web/ErrorAttributes;)V
***desc= ()V
***desc= ()Lorg/springframework/web/servlet/View;
***desc= ()V
***desc= ()Ljava/lang/Integer;
***desc= ()Z
***desc= ()V
***desc= ()Lorg/springframework/boot/autoconfigure/web/DefaultErrorAttributes;
***desc= (Lorg/springframework/boot/autoconfigure/web/ErrorAttributes;)Lorg/springframework/boot/autoconfigure/web/BasicErrorController;
***desc= (Lorg/springframework/boot/context/embedded/ConfigurableEmbeddedServletContainer;)V
***desc= ()V
***desc= ()Ljava/io/File;
***desc= ()Ljava/lang/String;
***desc= ()Ljava/lang/String;
***desc= ()Ljava/lang/String;
***desc= (Lorg/springframework/boot/context/embedded/tomcat/TomcatEmbeddedServletContainerFactory;)V
***desc= (Lorg/springframework/boot/autoconfigure/web/ServerProperties$Tomcat;)V
***desc= (Lorg/apache/catalina/Context;)V
***desc= ()V
***desc= ()Lorg/springframework/boot/autoconfigure/web/HttpMessageConverters;
***desc= ()V
***desc= (Ljava/util/Collection;)V
***desc= (ZLjava/util/Collection;)V
***desc= (Ljava/util/List;)Ljava/util/List;
***desc= ()Ljava/util/List;
***desc= (Ljava/util/List;)V
***desc= ()Ljava/util/List;
***desc= ()V
***desc= ()Lorg/springframework/web/servlet/DispatcherServlet;
***desc= ()Lorg/springframework/boot/context/embedded/ServletRegistrationBean;
***desc= ()V
***desc= ()Lorg/springframework/web/servlet/handler/SimpleUrlHandlerMapping;
***desc= (Lorg/springframework/core/io/ResourceLoader;)V
***desc= ()Lorg/springframework/web/servlet/resource/ResourceHttpRequestHandler;
***desc= ()Ljava/util/List;
***desc= ()V
***desc= ()Lorg/springframework/boot/context/embedded/tomcat/TomcatEmbeddedServletContainerFactory;
***desc= ()V
***desc= ()Ljavax/servlet/MultipartConfigElement;
***desc= ()Lorg/springframework/web/multipart/support/StandardServletMultipartResolver;
***desc= (Lorg/springframework/context/annotation/ConditionContext;Lorg/springframework/core/type/AnnotatedTypeMetadata;)Lorg/springframework/boot/autoconfigure/condition/ConditionOutcome;
***desc= ()V
***desc= ()Lorg/springframework/web/filter/HiddenHttpMethodFilter;
***desc= ()V
***desc= ()V
***desc= ()I
***desc= ()V
***desc= ()V
***desc= (Ljava/util/List;)V
***desc= ()Lorg/springframework/web/servlet/view/InternalResourceViewResolver;
***desc= ()Lorg/springframework/web/context/request/RequestContextListener;
***desc= ()Lorg/springframework/web/servlet/view/BeanNameViewResolver;
***desc= (Lorg/springframework/beans/factory/BeanFactory;)Lorg/springframework/web/servlet/view/ContentNegotiatingViewResolver;
***desc= ()Lorg/springframework/validation/MessageCodesResolver;
***desc= (Lorg/springframework/format/FormatterRegistry;)V
***desc= (Ljava/lang/Class;)Ljava/util/Collection;
***desc= (Lorg/springframework/web/servlet/config/annotation/ResourceHandlerRegistry;)V
***desc= (Lorg/springframework/web/servlet/config/annotation/ViewControllerRegistry;)V
***desc= (Lorg/springframework/web/servlet/config/annotation/ViewControllerRegistry;)V
***desc= ()V
***desc= (Lorg/springframework/boot/autoconfigure/web/HttpMessageConverters;)V
***desc= ()Ljava/util/List;
***desc= (Lorg/springframework/expression/spel/support/StandardEvaluationContext;)V
***desc= (Ljava/lang/String;)V
***desc= ()V
***desc= ()Ljavax/servlet/MultipartConfigElement;
***desc= ()V
***desc= ()Lorg/springframework/boot/autoconfigure/web/ServerProperties;
***desc= (Lorg/springframework/context/ApplicationContext;)V
***desc= (Lorg/springframework/boot/context/embedded/ConfigurableEmbeddedServletContainer;)V
***desc= ()V
***desc= (Ljava/lang/String;Lorg/springframework/core/env/Environment;Ljava/lang/ClassLoader;Lorg/springframework/core/io/ResourceLoader;)Z
***desc= ()V
***desc= (Lorg/springframework/beans/factory/config/ConfigurableListableBeanFactory;)Lorg/springframework/boot/autoconfigure/condition/ConditionOutcome;
***desc= (Lorg/springframework/beans/factory/config/ConfigurableListableBeanFactory;)Lorg/springframework/boot/autoconfigure/condition/ConditionOutcome;
***desc= ()V
***desc= ()Z
***desc= ()Z
***desc= ()V
***desc= (Lorg/springframework/beans/factory/BeanFactory;)V
***desc= (Lorg/springframework/core/type/AnnotationMetadata;Lorg/springframework/beans/factory/support/BeanDefinitionRegistry;)V
***desc= ()V
***desc= (Ljava/lang/String;)V
***desc= ()I
***desc= (Lorg/springframework/context/ConfigurableApplicationContext;)V
***desc= (Lorg/springframework/core/env/ConfigurableEnvironment;)Ljava/lang/String;
***desc= ()V
***desc= ()I
***desc= (Lorg/springframework/boot/context/event/ApplicationEnvironmentPreparedEvent;)V
***desc= ()V
***desc= ()V
***desc= ()V
***desc= ([Lorg/springframework/boot/context/embedded/ServletContextInitializer;)V
***desc= ()Ljava/lang/Exception;
***desc= (Lorg/apache/catalina/LifecycleEvent;)V
***desc= ()V
***desc= (Lorg/apache/catalina/startup/Tomcat;Z)V
***desc= ()V
***desc= ()Ljava/lang/String;
***desc= ()V
***desc= ()V
***desc= ()V
***desc= ()V
***desc= ()V
***desc= ()Z
***desc= ()V
***desc= (Lorg/apache/catalina/connector/Connector;)V
***desc= ()Ljava/lang/String;
***desc= ()V
***desc= ()V
***desc= (Lorg/springframework/boot/context/embedded/tomcat/TomcatEmbeddedServletContainer;Ljava/lang/String;)V
***desc= ()V
***desc= (Lorg/springframework/boot/context/embedded/ErrorPage;)V
***desc= (Lorg/springframework/boot/context/embedded/ErrorPage;)Ljava/lang/Object;
***desc= (Lorg/apache/catalina/Context;)V
***desc= (Lorg/apache/tomcat/JarScanner;Ljava/lang/String;)V
***desc= (Lorg/springframework/boot/context/embedded/tomcat/SkipPatternJarScanner$SkipPattern;)V
***desc= (Ljavax/servlet/ServletContext;Ljava/lang/ClassLoader;Lorg/apache/tomcat/JarScannerCallback;Ljava/util/Set;)V
***desc= (Lorg/springframework/boot/context/embedded/tomcat/TomcatEmbeddedContext;Ljava/lang/String;)V
***desc= ()V
***desc= ([Lorg/apache/catalina/Container;)Z
***desc= ()V
***desc= (Lorg/springframework/boot/context/embedded/tomcat/ServletContextInitializerLifecycleListener;)V
***desc= ()Lorg/springframework/boot/context/embedded/tomcat/ServletContextInitializerLifecycleListener;
***desc= (Ljava/lang/ClassLoader;)V
***desc= (Ljava/lang/String;Z)Ljava/lang/Class;
***desc= (Ljava/lang/Class;Z)Ljava/lang/Class;
***desc= (Ljava/lang/String;)Ljava/lang/Class;
***desc= (Ljava/lang/String;)Ljava/lang/Class;
***desc= (Ljava/lang/String;)V
***desc= ()V
***desc= ()V
***desc= (Ljava/lang/String;)V
***desc= ()Ljava/util/Set;
***desc= ()V
***desc= ([Lorg/springframework/boot/context/embedded/ServletContextInitializer;)Lorg/springframework/boot/context/embedded/EmbeddedServletContainer;
***desc= (Lorg/apache/catalina/Host;[Lorg/springframework/boot/context/embedded/ServletContextInitializer;)V
***desc= (Lorg/apache/catalina/Context;)V
***desc= (Lorg/apache/catalina/connector/Connector;)V
***desc= (Lorg/apache/catalina/Context;[Lorg/springframework/boot/context/embedded/ServletContextInitializer;)V
***desc= (Lorg/apache/catalina/Context;)V
***desc= (Lorg/apache/catalina/startup/Tomcat;)Lorg/springframework/boot/context/embedded/tomcat/TomcatEmbeddedServletContainer;
***desc= (Ljava/lang/String;)Ljava/io/File;
***desc= (Lorg/springframework/core/io/ResourceLoader;)V
***desc= ([Lorg/springframework/boot/context/embedded/tomcat/TomcatContextCustomizer;)V
***desc= ()Ljava/lang/String;
***desc= ()V
***desc= (Lorg/springframework/boot/context/event/ApplicationStartedEvent;)V
***desc= ()V
***desc= ()V
***desc= ()[Ljava/lang/String;
***desc= ()V
***desc= (Lorg/springframework/core/env/MutablePropertySources;)V
***desc= (Lorg/springframework/core/io/Resource;Ljava/lang/String;Ljava/lang/String;Ljava/lang/String;)Lorg/springframework/core/env/PropertySource;
***desc= (Lorg/springframework/core/io/Resource;)Z
***desc= ()Lorg/springframework/core/env/MutablePropertySources;
***desc= ()Ljava/util/Set;
***desc= ()V
***desc= ()V
***desc= ()[Ljava/lang/String;
***desc= (Ljava/lang/Object;Ljava/lang/String;)V
***desc= ()V
***desc= (Ljava/lang/String;Ljava/lang/String;)Lorg/springframework/boot/dependency/tools/Dependency;
***desc= (Ljava/lang/String;)Lorg/springframework/boot/dependency/tools/Dependency;
***desc= ()Ljava/util/Iterator;
***desc= (Lorg/springframework/boot/dependency/tools/AbstractDependencies$ArtifactAndGroupId;Lorg/springframework/boot/dependency/tools/Dependency;)V
***desc= (Lorg/springframework/boot/dependency/tools/Dependency;Lorg/springframework/boot/dependency/tools/Dependency;)Lorg/springframework/boot/dependency/tools/Dependency;
***desc= (Lorg/springframework/boot/dependency/tools/Dependency;)V
***desc= (Ljava/lang/String;Ljava/lang/String;)V
***desc= ()I
***desc= (Ljava/lang/Object;)Z
***desc= (Ljava/lang/String;Ljava/lang/String;)V
***desc= (Ljava/util/Collection;)V
***desc= (Lorg/springframework/boot/dependency/tools/Dependencies;Ljava/util/Collection;)V
***desc= (Lorg/springframework/boot/dependency/tools/Dependencies;)V
***desc= ()Lorg/springframework/boot/dependency/tools/Dependencies;
***desc= (Ljava/lang/String;)Ljava/io/InputStream;
***desc= (Lorg/springframework/boot/dependency/tools/Dependencies;)V
***desc= ()Ljava/lang/String;
***desc= (Ljava/lang/String;Ljava/lang/String;)Lorg/springframework/boot/dependency/tools/Dependency;
***desc= (Ljava/lang/String;)Lorg/springframework/boot/dependency/tools/Dependency;
***desc= ()Ljava/util/Iterator;
***desc= ()Lorg/springframework/boot/dependency/tools/ManagedDependencies;
***desc= (Ljava/util/Collection;)Lorg/springframework/boot/dependency/tools/ManagedDependencies;
***desc= (Ljava/lang/String;Ljava/lang/String;Ljava/lang/String;)V
***desc= (Ljava/lang/String;Ljava/lang/String;Ljava/lang/String;Ljava/util/List;)V
***desc= ()Ljava/lang/String;
***desc= ()Ljava/lang/String;
***desc= ()Ljava/lang/String;
***desc= ()Ljava/util/List;
***desc= (Lorg/springframework/boot/dependency/tools/Dependencies;)V
***desc= (Ljava/io/InputStream;)V
***desc= (Ljava/io/InputStream;)Lorg/w3c/dom/Document;
***desc= (Lorg/w3c/dom/Document;)Ljava/util/List;
***desc= (Lorg/w3c/dom/Element;)Lorg/springframework/boot/dependency/tools/Dependency;
***desc= (Lorg/w3c/dom/NodeList;)Ljava/util/List;
***desc= (Lorg/w3c/dom/Node;)Ljava/util/List;
***desc= (Lorg/w3c/dom/Element;)Lorg/springframework/boot/dependency/tools/Dependency$Exclusion;
***desc= (Lorg/w3c/dom/Element;Ljava/lang/String;)Ljava/lang/String;
***desc= (Ljoptsimple/OptionSet;)V
***desc= (Ljoptsimple/OptionSet;Ljava/lang/ClassLoader;)V
***desc= (Ljava/util/List;Ljava/lang/ClassLoader;)V
***desc= ()[Ljava/lang/String;
***desc= ()[Ljava/lang/String;
***desc= ()V
***desc= ()V
***desc= ()Ljoptsimple/OptionSpec;
***desc= ()Ljoptsimple/OptionSpec;
***desc= ()Ljoptsimple/OptionSpec;
***desc= ()Ljoptsimple/OptionSpec;
***desc= (Ljoptsimple/OptionSet;Lorg/springframework/boot/cli/command/options/CompilerOptionHandler;Ljava/util/List;)V
***desc= ()Ljoptsimple/OptionSet;
***desc= ()Z
***desc= ()Z
***desc= ()Z
***desc= ()[Ljava/lang/String;
***desc= ()Ljava/util/List;
***desc= ()V
***desc= (Ljava/lang/String;Ljava/lang/String;)Ljoptsimple/OptionSpecBuilder;
***desc= (Ljava/util/Collection;Ljava/lang/String;)Ljoptsimple/OptionSpecBuilder;
***desc= ()Ljoptsimple/OptionParser;
***desc= ([Ljava/lang/String;)Lorg/springframework/boot/cli/command/status/ExitStatus;
***desc= (Lorg/codehaus/groovy/ast/ClassNode;[Ljava/lang/String;)Z
***desc= (Lorg/codehaus/groovy/ast/AnnotatedNode;[Ljava/lang/String;)Z
***desc= (Lorg/codehaus/groovy/ast/ClassNode;[Ljava/lang/String;)Z
***desc= (Lorg/codehaus/groovy/ast/ClassNode;[Ljava/lang/String;)Z
***desc= (Lorg/springframework/boot/cli/compiler/ExtendedGroovyClassLoader;)V
***desc= ()Lgroovy/lang/GroovyClassLoader$InnerLoader;
***desc= (Lorg/springframework/boot/cli/compiler/grape/DependencyResolutionContext;)V
***desc= (Ljava/util/List;)V
***desc= ()V
***desc= (Lorg/springframework/boot/cli/compiler/grape/DependencyResolutionContext;)V
***desc= (Ljava/util/List;)V
***desc= (Lorg/codehaus/groovy/ast/AnnotationNode;)V
***desc= (Lorg/codehaus/groovy/ast/AnnotationNode;)Ljava/lang/String;
***desc= (Ljava/lang/String;)Z
***desc= (Lorg/codehaus/groovy/ast/AnnotationNode;Ljava/lang/String;)V
***desc= (Lorg/codehaus/groovy/ast/AnnotationNode;Ljava/lang/String;Ljava/lang/String;)V
***desc= ()V
***desc= ()V
***desc= ()V
***desc= ([Lorg/codehaus/groovy/ast/ASTNode;Lorg/codehaus/groovy/control/SourceUnit;)V
***desc= (Ljava/lang/ClassLoader;)V
***desc= (Ljava/lang/ClassLoader;)[Ljava/net/URL;
***desc= (Ljava/lang/ClassLoader;Ljava/util/Set;)V
***desc= (Ljava/lang/ClassLoader;Ljava/util/Set;)V
***desc= (Ljava/lang/String;)Z
***desc= (Ljava/lang/String;Z)Ljava/lang/Class;
***desc= ()V
***desc= (Lorg/springframework/boot/cli/compiler/ExtendedGroovyClassLoader;Lgroovy/lang/GroovyClassLoader$InnerLoader;Lorg/codehaus/groovy/control/CompilationUnit;Lorg/codehaus/groovy/control/SourceUnit;)V
***desc= ([BLorg/codehaus/groovy/ast/ClassNode;)Ljava/lang/Class;
***desc= (Lorg/springframework/boot/cli/compiler/GroovyCompilerScope;)V
***desc= (Lorg/springframework/boot/cli/compiler/GroovyCompilerScope;)Ljava/lang/ClassLoader;
***desc= (Lorg/springframework/boot/cli/compiler/GroovyCompilerScope;Ljava/lang/ClassLoader;Lorg/codehaus/groovy/control/CompilerConfiguration;)V
***desc= (Ljava/lang/String;)Ljava/lang/Class;
***desc= (Ljava/lang/String;)Ljava/lang/Class;
***desc= (Ljava/lang/String;)Ljava/io/InputStream;
***desc= (Lorg/codehaus/groovy/control/CompilationUnit;Lorg/codehaus/groovy/control/SourceUnit;)Lgroovy/lang/GroovyClassLoader$ClassCollector;
***desc= ()Lorg/codehaus/groovy/control/CompilerConfiguration;
***desc= ()V
***desc= (Lorg/springframework/boot/cli/compiler/GroovyCompiler;)V
***desc= (Lorg/codehaus/groovy/control/SourceUnit;Lorg/codehaus/groovy/classgen/GeneratorContext;Lorg/codehaus/groovy/ast/ClassNode;)V
***desc= (Lorg/springframework/boot/cli/compiler/GroovyCompiler;)V
***desc= (Lorg/codehaus/groovy/control/SourceUnit;)V
***desc= (Lorg/springframework/boot/cli/compiler/ExtendedGroovyClassLoader$1;Lgroovy/lang/GroovyClassLoader;)V
***desc= ()[Ljava/net/URL;
***desc= (Lorg/codehaus/groovy/control/SourceUnit;Lorg/codehaus/groovy/classgen/GeneratorContext;Lorg/codehaus/groovy/ast/ClassNode;)V
***desc= ([Ljava/lang/String;)Lorg/codehaus/groovy/control/customizers/ImportCustomizer;
***desc= (Lorg/springframework/boot/cli/compiler/GroovyCompilerConfiguration;)V
***desc= (Lorg/springframework/boot/cli/compiler/GroovyCompilerConfiguration;)Lorg/springframework/boot/cli/compiler/ExtendedGroovyClassLoader;
***desc= ()[Ljava/net/URL;
***desc= ([Ljava/lang/String;)[Ljava/lang/Class;
***desc= (Lorg/codehaus/groovy/control/CompilationUnit;)V
***desc= (Lorg/codehaus/groovy/control/CompilationUnit;)[Ljava/util/LinkedList;
***desc= (Ljava/util/LinkedList;)V
***desc= (Ljava/util/LinkedList;)I
***desc= (Lorg/codehaus/groovy/control/CompilationUnit;)Lorg/codehaus/groovy/ast/ClassNode;
***desc= (Ljava/util/List;)Lorg/codehaus/groovy/ast/ClassNode;
***desc= (Lorg/springframework/boot/cli/compiler/DependencyCustomizer;Lorg/springframework/boot/cli/compiler/DependencyCustomizer;[Ljava/lang/String;)V
***desc= ()Z
***desc= ()Ljava/util/List;
***desc= (Ljava/util/List;)V
***desc= ()Ljava/io/File;
***desc= ()V
***desc= (Lorg/springframework/boot/cli/compiler/AnnotatedNodeASTTransformation;Lorg/codehaus/groovy/control/SourceUnit;)V
***desc= (Lorg/codehaus/groovy/ast/AnnotatedNode;)V
***desc= (Ljava/util/Set;)V
***desc= ([Lorg/codehaus/groovy/ast/ASTNode;Lorg/codehaus/groovy/control/SourceUnit;)V
***desc= (Lorg/codehaus/groovy/ast/AnnotatedNode;)V
***desc= ()V
***desc= (Lorg/codehaus/groovy/ast/ClassNode;)Z
***desc= (Lgroovy/lang/GroovyClassLoader;Lorg/springframework/boot/cli/compiler/GroovyCompilerConfiguration;Lorg/codehaus/groovy/classgen/GeneratorContext;Lorg/codehaus/groovy/control/SourceUnit;Lorg/codehaus/groovy/ast/ClassNode;)V
***desc= (Lgroovy/lang/GroovyClassLoader;Lorg/springframework/boot/cli/compiler/GroovyCompilerConfiguration;Lorg/codehaus/groovy/classgen/GeneratorContext;Lorg/codehaus/groovy/control/SourceUnit;Lorg/codehaus/groovy/ast/ClassNode;)V
***desc= (Lgroovy/lang/GroovyClassLoader;Lorg/codehaus/groovy/ast/ModuleNode;Lorg/springframework/boot/cli/compiler/grape/DependencyResolutionContext;)V
***desc= (Lorg/springframework/boot/cli/compiler/DependencyCustomizer;)V
***desc= ([Ljava/lang/String;)Lorg/springframework/boot/cli/compiler/DependencyCustomizer;
***desc= ([Ljava/lang/String;)Lorg/springframework/boot/cli/compiler/DependencyCustomizer;
***desc= (Ljava/lang/String;Ljava/lang/String;Ljava/lang/String;Z)Lorg/springframework/boot/cli/compiler/DependencyCustomizer;
***desc= (Ljava/lang/String;Ljava/lang/String;Ljava/lang/String;Ljava/lang/String;Ljava/lang/String;Z)Lorg/codehaus/groovy/ast/AnnotationNode;
***desc= (Lgroovy/lang/GroovyClassLoader;Lorg/springframework/boot/cli/compiler/grape/DependencyResolutionContext;Ljava/lang/Iterable;)V
***desc= ([Lorg/codehaus/groovy/ast/ASTNode;Lorg/codehaus/groovy/control/SourceUnit;)V
***desc= (Lorg/codehaus/groovy/ast/ModuleNode;)V
***desc= (Ljava/lang/String;)V
***desc= ()Ljava/lang/String;
***desc= ()V
***desc= (Lorg/springframework/boot/context/event/ApplicationEnvironmentPreparedEvent;)V
***desc= ()I
***desc= ()V
***desc= ([Ljava/lang/Object;)Ljava/lang/String;
***desc= (Ljava/lang/StringBuilder;[Ljava/lang/Object;)V
***desc= ()Z
***desc= ()Z
***desc= ()V
***desc= ()V
***desc= (Lorg/springframework/boot/cli/command/run/SpringApplicationRunner;[Ljava/lang/Object;)V
***desc= ()V
***desc= ()V
***desc= ()V
***desc= ()V
***desc= ()V
***desc= ()V
***desc= (Ljoptsimple/OptionSet;)Lorg/springframework/boot/cli/command/status/ExitStatus;
***desc= (Lorg/springframework/boot/cli/command/run/SpringApplicationRunnerConfiguration;[Ljava/lang/String;[Ljava/lang/String;)V
***desc= ()V
***desc= ()V
***desc= ()V
***desc= (Lorg/springframework/boot/cli/command/run/RunCommand$RunOptionHandler;Ljoptsimple/OptionSet;Lorg/springframework/boot/cli/command/options/CompilerOptionHandler;Ljava/util/List;)V
***desc= ()Lorg/springframework/boot/cli/compiler/GroovyCompilerScope;
***desc= ()Z
***desc= ()Ljava/util/logging/Level;
***desc= ()V
***desc= ()I
***desc= (Lorg/springframework/context/ApplicationContext;)V
***desc= (Ljava/lang/Object;Ljava/lang/String;)V
***desc= (Z)V
***desc= ()V
***desc= (Lorg/springframework/beans/MutablePropertyValues;)V
***desc= (Lorg/springframework/beans/MutablePropertyValues;Ljava/lang/Object;)Lorg/springframework/beans/MutablePropertyValues;
***desc= (Lorg/springframework/beans/MutablePropertyValues;)Lorg/springframework/beans/MutablePropertyValues;
***desc= (Lorg/springframework/beans/MutablePropertyValues;Lorg/springframework/beans/BeanWrapper;Lorg/springframework/beans/PropertyValue;I)V
***desc= (Lorg/springframework/beans/BeanWrapper;Ljava/lang/String;)Ljava/lang/String;
***desc= (Lorg/springframework/beans/BeanWrapper;Lorg/springframework/boot/bind/RelaxedDataBinder$BeanPath;I)Ljava/lang/String;
***desc= (Lorg/springframework/beans/BeanWrapper;Ljava/lang/String;Ljava/lang/String;)Ljava/lang/String;
***desc= (Ljava/lang/String;)Ljava/lang/Iterable;
***desc= (Ljava/lang/Object;)Ljava/lang/Object;
***desc= ()V
***desc= (Ljava/lang/String;I)V
***desc= (Ljava/lang/String;)Ljava/lang/String;
***desc= (Ljava/lang/String;I)V
***desc= (Ljava/lang/String;)Ljava/lang/String;
***desc= (Ljava/lang/String;I)V
***desc= (Ljava/lang/String;)Ljava/lang/String;
***desc= (Ljava/lang/String;I)V
***desc= (Ljava/lang/String;)Ljava/lang/String;
***desc= (Ljava/lang/String;I)V
***desc= (Ljava/lang/String;)Ljava/lang/String;
***desc= (Ljava/lang/String;I)V
***desc= (Ljava/lang/String;)Ljava/lang/String;
***desc= (Ljava/lang/String;I)V
***desc= (Ljava/lang/String;)Ljava/lang/String;
***desc= (Lorg/springframework/core/env/PropertyResolver;)V
***desc= (Lorg/springframework/core/env/PropertyResolver;Ljava/lang/String;)V
***desc= (Ljava/lang/String;)Z
***desc= (Ljava/lang/String;)Ljava/util/Map;
***desc= (Ljava/lang/String;)V
***desc= ()Ljava/util/Iterator;
***desc= (Ljava/lang/String;Ljava/util/Set;)V
***desc= ()V
***desc= (Ljava/lang/String;)V
***desc= ()Ljava/lang/String;
***desc= ()V
***desc= (Lorg/springframework/core/convert/ConversionService;)V
***desc= (Lorg/springframework/core/convert/TypeDescriptor;Lorg/springframework/core/convert/TypeDescriptor;)Z
***desc= (Ljava/lang/Object;Lorg/springframework/core/convert/TypeDescriptor;Lorg/springframework/core/convert/TypeDescriptor;)Ljava/lang/Object;
***desc= (Ljava/lang/String;)V
***desc= ()V
***desc= (Ljava/lang/Object;)V
***desc= (Z)V
***desc= (Z)V
***desc= (Z)V
***desc= (Ljava/lang/String;)V
***desc= (Lorg/springframework/core/env/PropertySources;)V
***desc= (Lorg/springframework/core/convert/ConversionService;)V
***desc= (Lorg/springframework/validation/Validator;)V
***desc= (Z)V
***desc= ()V
***desc= ()V
***desc= (Lorg/springframework/boot/bind/RelaxedDataBinder;)V
***desc= (Lorg/springframework/validation/DataBinder;)V
***desc= (Ljava/lang/String;)V
***desc= (Ljava/lang/String;)Ljava/util/List;
***desc= (I)Ljava/lang/String;
***desc= (ILjava/lang/String;)V
***desc= (I)Ljava/lang/String;
***desc= (II)Ljava/lang/String;
***desc= (I)Z
***desc= ()Ljava/lang/String;
***desc= (Lorg/springframework/core/env/PropertySources;Ljava/lang/String;Ljava/lang/String;)Ljava/util/Map;
***desc= (Ljava/lang/String;Ljava/lang/String;Lorg/springframework/boot/bind/RelaxedNames;)Ljava/lang/String;
***desc= (Lorg/springframework/core/env/PropertySources;Ljava/util/Collection;Ljava/util/Collection;)V
***desc= (Ljava/util/Collection;)[Ljava/lang/String;
***desc= (Lorg/springframework/core/env/PropertySource;Lorg/springframework/core/env/PropertySourcesPropertyResolver;[Ljava/lang/String;[Ljava/lang/String;)V
***desc= (Lorg/springframework/core/env/EnumerablePropertySource;Lorg/springframework/core/env/PropertySourcesPropertyResolver;[Ljava/lang/String;[Ljava/lang/String;)V
***desc= (Lorg/springframework/core/env/PropertySource;Lorg/springframework/core/env/PropertySourcesPropertyResolver;[Ljava/lang/String;[Ljava/lang/String;)V
***desc= ()[Lorg/springframework/beans/PropertyValue;
***desc= ()V
***desc= ()V
***desc= (Ljava/lang/String;I)V
***desc= (Ljava/lang/String;)Ljava/lang/String;
***desc= (Ljava/lang/String;I)V
***desc= (Ljava/lang/String;)Ljava/lang/String;
***desc= (Ljava/lang/String;I)V
***desc= (Ljava/lang/String;)Ljava/lang/String;
***desc= (Lorg/springframework/boot/context/config/ConfigFileApplicationListener;Lorg/springframework/core/env/ConfigurableEnvironment;Lorg/springframework/core/io/ResourceLoader;)V
***desc= ()V
***desc= (Ljava/lang/String;Ljava/lang/String;Ljava/lang/String;)V
***desc= (Ljava/lang/String;Ljava/lang/String;Ljava/lang/String;)Lorg/springframework/core/env/PropertySource;
***desc= (Ljava/lang/Object;)V
***desc= (Ljava/lang/Object;)Ljava/util/Set;
***desc= (Ljava/util/Set;)V
***desc= ()Ljava/util/Set;
***desc= ()Ljava/util/Set;
***desc= (Ljava/lang/String;Ljava/lang/String;)Ljava/util/Set;
***desc= (Lorg/springframework/core/env/MutablePropertySources;)V
***desc= ()V
***desc= (Lorg/springframework/context/ConfigurableApplicationContext;)V
***desc= (Lorg/springframework/core/env/ConfigurableEnvironment;)Ljava/util/List;
***desc= ()I
***desc= (Lorg/springframework/boot/context/config/ConfigFileApplicationListener;Lorg/springframework/context/ConfigurableApplicationContext;)V
***desc= (Lorg/springframework/beans/factory/config/ConfigurableListableBeanFactory;)V
***desc= (Lorg/springframework/core/env/ConfigurableEnvironment;)V
***desc= (Ljava/util/Collection;)V
***desc= (Ljava/lang/String;)Ljava/lang/Object;
***desc= (Lorg/springframework/core/env/MutablePropertySources;)V
***desc= ()[Ljava/lang/String;
***desc= ()V
***desc= (Lorg/springframework/context/ApplicationEvent;)V
***desc= (Lorg/springframework/boot/context/event/ApplicationEnvironmentPreparedEvent;)V
***desc= (Lorg/springframework/core/env/ConfigurableEnvironment;Lorg/springframework/boot/SpringApplication;)V
***desc= (Lorg/springframework/boot/context/event/ApplicationPreparedEvent;)V
***desc= ()V
***desc= (Lorg/springframework/core/env/ConfigurableEnvironment;Lorg/springframework/core/io/ResourceLoader;)V
***desc= (Lorg/springframework/core/env/ConfigurableEnvironment;Lorg/springframework/boot/SpringApplication;)V
***desc= (Lorg/springframework/context/ConfigurableApplicationContext;)V
***desc= ()I
***desc= ()V
***desc= (Ljava/lang/String;)V
***desc= (Ljava/lang/String;)Ljava/lang/Object;
***desc= (Lorg/springframework/core/env/ConfigurableEnvironment;)V
***desc= ()V
***desc= ()V
***desc= (Lorg/springframework/context/ApplicationEvent;)V
***desc= (Lorg/springframework/core/env/ConfigurableEnvironment;)Ljava/util/List;
***desc= ()I
***desc= (Ljava/lang/ClassLoader;)V
***desc= ()[Ljava/lang/String;
***desc= ()V
***desc= (Ljava/lang/String;Ljava/lang/String;)V
***desc= (Ljava/lang/String;)V
***desc= (Ljava/lang/String;Ljava/lang/String;)V
***desc= (Ljava/lang/String;)Lch/qos/logback/classic/Logger;
***desc= ()V
***desc= ()V
***desc= (Lch/qos/logback/classic/spi/ILoggingEvent;)V
***desc= (Ljava/lang/String;)Lorg/springframework/boot/logging/logback/LevelRemappingAppender$AppendableLogger;
***desc= (Ljava/lang/String;)V
***desc= ()V
***desc= ()V
***desc= (Lch/qos/logback/classic/spi/ILoggingEvent;Ljava/lang/String;)Ljava/lang/String;
***desc= (Ljava/lang/String;Lorg/springframework/boot/ansi/AnsiElement;)Ljava/lang/String;
***desc= ()V
***desc= (Lch/qos/logback/classic/Logger;)V
***desc= (Lch/qos/logback/classic/spi/ILoggingEvent;)V
***desc= ()V
***desc= ()V
***desc= (Lorg/slf4j/Marker;Lch/qos/logback/classic/Logger;Lch/qos/logback/classic/Level;Ljava/lang/String;[Ljava/lang/Object;Ljava/lang/Throwable;)Lch/qos/logback/core/spi/FilterReply;
***desc= (Lorg/springframework/boot/logging/logback/LevelRemappingAppender;Lch/qos/logback/classic/spi/ILoggingEvent;)V
***desc= ()Lch/qos/logback/classic/Level;
***desc= (Ljava/lang/String;ILjava/lang/String;)V
***desc= ()Lorg/springframework/boot/autoconfigure/jmx/JmxAutoConfiguration$SpecificPlatform;
***desc= ()V
***desc= ()V
***desc= ()Lorg/springframework/boot/autoconfigure/jmx/ParentAwareNamingStrategy;
***desc= ()Ljavax/management/MBeanServer;
***desc= (Ljava/lang/String;ILjava/lang/String;)V
***desc= (Ljava/lang/String;ILjava/lang/String;)V
***desc= (Lorg/springframework/jmx/export/metadata/JmxAttributeSource;)V
***desc= (Lorg/springframework/context/ApplicationContext;)V
***desc= ()V
***desc= (Ljava/lang/String;Lorg/springframework/core/env/Environment;Ljava/lang/ClassLoader;Lorg/springframework/core/io/ResourceLoader;)Z
***desc= (Ljavax/servlet/Servlet;[Ljava/lang/String;)V
***desc= ()Ljavax/servlet/Servlet;
***desc= (Ljavax/servlet/MultipartConfigElement;)V
***desc= ()Ljava/lang/String;
***desc= (Ljavax/servlet/ServletContext;)V
***desc= (Ljavax/servlet/ServletRegistration$Dynamic;)V
***desc= ()V
***desc= (Ljava/lang/String;Ljavax/servlet/Filter;I)Lorg/springframework/boot/context/embedded/RegistrationBean;
***desc= (Ljava/lang/String;)V
***desc= ()Ljava/lang/String;
***desc= ()I
***desc= ()Ljava/lang/String;
***desc= ()I
***desc= (Ljavax/servlet/Filter;[Lorg/springframework/boot/context/embedded/ServletRegistrationBean;)V
***desc= (Ljavax/servlet/ServletContext;)V
***desc= (Ljavax/servlet/FilterRegistration$Dynamic;)V
***desc= ()V
***desc= ()V
***desc= (Ljava/lang/String;)V
***desc= (Ljava/lang/String;)V
***desc= (Ljava/lang/String;)V
***desc= (Ljava/lang/String;)J
***desc= ()Ljavax/servlet/MultipartConfigElement;
***desc= (Lorg/springframework/web/context/ConfigurableWebApplicationContext;)V
***desc= ()Ljavax/servlet/ServletContext;
***desc= ()Ljavax/servlet/ServletConfig;
***desc= (Ljava/lang/String;Ljava/lang/String;)V
***desc= ()Ljava/lang/String;
***desc= ()Ljava/lang/String;
***desc= (Ljavax/servlet/MultipartConfigElement;)V
***desc= (Ljava/lang/String;Ljava/util/EventListener;I)Lorg/springframework/boot/context/embedded/RegistrationBean;
***desc= (Lorg/springframework/beans/factory/ListableBeanFactory;)V
***desc= (Lorg/springframework/beans/factory/ListableBeanFactory;)V
***desc= (Lorg/springframework/boot/context/embedded/ServletContextInitializer;)V
***desc= (Ljava/lang/Class;Lorg/springframework/boot/context/embedded/ServletContextInitializer;Ljava/lang/Object;)V
***desc= (Lorg/springframework/beans/factory/ListableBeanFactory;)V
***desc= (Lorg/springframework/beans/factory/ListableBeanFactory;)Ljavax/servlet/MultipartConfigElement;
***desc= (Lorg/springframework/beans/factory/ListableBeanFactory;Ljava/lang/Class;Lorg/springframework/boot/context/embedded/ServletContextInitializerBeans$RegistrationBeanAdapter;)V
***desc= (Lorg/springframework/beans/factory/ListableBeanFactory;Ljava/lang/Class;Ljava/lang/Class;Lorg/springframework/boot/context/embedded/ServletContextInitializerBeans$RegistrationBeanAdapter;)V
***desc= (Ljava/lang/Object;)I
***desc= (Lorg/springframework/beans/factory/ListableBeanFactory;Ljava/lang/Class;)Ljava/util/List;
***desc= ()Ljava/util/Iterator;
***desc= ()V
***desc= (Lorg/springframework/boot/context/embedded/MimeMappings;)V
***desc= (Lorg/springframework/boot/context/embedded/MimeMappings;Z)V
***desc= ()Ljava/util/Iterator;
***desc= ()Ljava/util/Collection;
***desc= (Ljava/lang/String;Ljava/lang/String;)Ljava/lang/String;
***desc= (Lorg/springframework/boot/context/embedded/MimeMappings;)Lorg/springframework/boot/context/embedded/MimeMappings;
***desc= ()V
***desc= (Ljava/util/EventListener;)V
***desc= (Ljavax/servlet/ServletContext;)V
***desc= (Ljava/util/EventListener;)Z
***desc= ()Ljava/util/Set;
***desc= ()V
***desc= ()V
***desc= (Lorg/springframework/core/env/ConfigurableEnvironment;)V
***desc= ()V
***desc= (Lorg/springframework/beans/factory/config/ConfigurableListableBeanFactory;)V
***desc= (Lorg/springframework/boot/context/embedded/ServletContextInitializerBeans;)V
***desc= (Lorg/springframework/boot/context/embedded/ServletContextInitializerBeans;)V
***desc= (Ljava/lang/Object;)I
***desc= ()V
***desc= ()Ljava/lang/String;
***desc= (I)V
***desc= ()I
***desc= ()Ljava/net/InetAddress;
***desc= ()I
***desc= ()Ljava/io/File;
***desc= ([Lorg/springframework/boot/context/embedded/ErrorPage;)V
***desc= ()Ljava/util/Set;
***desc= ()Lorg/springframework/boot/context/embedded/MimeMappings;
***desc= ()Z
***desc= ()Z
***desc= ()Lorg/springframework/boot/context/embedded/Ssl;
***desc= ()Ljava/lang/String;
***desc= ([Lorg/springframework/boot/context/embedded/ServletContextInitializer;)[Lorg/springframework/boot/context/embedded/ServletContextInitializer;
***desc= ()V
***desc= (Lorg/springframework/context/ApplicationContext;)V
***desc= (Ljava/lang/Object;Ljava/lang/String;)Ljava/lang/Object;
***desc= (Ljava/lang/Object;Ljava/lang/String;)Ljava/lang/Object;
***desc= (Lorg/springframework/boot/context/embedded/ConfigurableEmbeddedServletContainer;)V
***desc= ()Ljava/util/Collection;
***desc= ()V
***desc= ()Ljava/io/File;
***desc= ()Ljava/io/File;
***desc= (Ljava/lang/String;)Ljava/io/File;
***desc= ()Ljava/io/File;
***desc= ()Ljava/io/File;
***desc= ()Ljava/io/File;
***desc= ()V
***desc= ()V
***desc= (Lorg/springframework/beans/factory/config/ConfigurableListableBeanFactory;)V
***desc= ()V
***desc= ()V
***desc= ()V
***desc= ()V
***desc= ()V
***desc= ()Lorg/springframework/boot/context/embedded/EmbeddedServletContainerFactory;
***desc= ()Lorg/springframework/boot/context/embedded/ServletContextInitializer;
***desc= ()Ljava/util/Collection;
***desc= (Ljavax/servlet/ServletContext;)V
***desc= ()V
***desc= ()V
***desc= (Ljava/lang/String;)Lorg/springframework/core/io/Resource;
***desc= ()Ljavax/servlet/ServletConfig;
***desc= (Lorg/springframework/boot/context/embedded/EmbeddedWebApplicationContext;Lorg/springframework/boot/context/embedded/EmbeddedServletContainer;)V
***desc= ()Lorg/springframework/boot/context/embedded/EmbeddedServletContainer;
***desc= ()V
***desc= (Ljava/lang/String;)V
***desc= ()Z
***desc= ()Z
***desc= (Ljava/lang/Object;)Ljava/lang/String;
***desc= (Ljavax/servlet/Registration$Dynamic;)V
***desc= (I)V
***desc= (Lorg/springframework/boot/context/embedded/EmbeddedWebApplicationContext;)V
***desc= (Ljavax/servlet/ServletContext;)V
***desc= ()V
***desc= (Lorg/springframework/boot/SpringApplication;[Ljava/lang/String;)V
***desc= (Lorg/springframework/boot/SpringApplication;[Ljava/lang/String;)V
***desc= ()V
***desc= (Lorg/springframework/core/env/ConfigurableEnvironment;)V
***desc= (Lorg/springframework/context/ConfigurableApplicationContext;)V
***desc= (Lorg/springframework/context/ConfigurableApplicationContext;)V
***desc= (Lorg/springframework/context/ConfigurableApplicationContext;)V
***desc= (Lorg/springframework/context/ConfigurableApplicationContext;Ljava/lang/Throwable;)V
***desc= (Lorg/springframework/boot/context/event/SpringApplicationEvent;)V
***desc= (Lorg/springframework/boot/SpringApplication;[Ljava/lang/String;)V
***desc= ()Lorg/springframework/boot/SpringApplication;
***desc= (Lorg/springframework/boot/SpringApplication;[Ljava/lang/String;Lorg/springframework/core/env/ConfigurableEnvironment;)V
***desc= ()Lorg/springframework/core/env/ConfigurableEnvironment;
***desc= (Lorg/springframework/boot/SpringApplication;[Ljava/lang/String;Lorg/springframework/context/ConfigurableApplicationContext;)V
***desc= ()Lorg/springframework/context/ConfigurableApplicationContext;
***desc= ()V
***desc= ()Z
***desc= ()Ljava/lang/String;
***desc= ()Ljava/lang/String;
***desc= ()Ljava/lang/String;
***desc= ()Ljava/lang/String;
***desc= ()Ljava/lang/String;
***desc= ()Z
***desc= ()[Ljava/lang/String;
***desc= ()[Ljava/lang/String;
***desc= ()V
***desc= ()V
***desc= (Ljava/lang/String;Lorg/springframework/core/env/Environment;Ljava/lang/ClassLoader;Lorg/springframework/core/io/ResourceLoader;)Z
***desc= ()V
***desc= ()Lorg/thymeleaf/spring4/SpringTemplateEngine;
***desc= ()V
***desc= ()Lorg/thymeleaf/spring4/view/ThymeleafViewResolver;
***desc= (Ljava/lang/String;Ljava/lang/String;)Ljava/lang/String;
***desc= ()V
***desc= ()V
***desc= ()Lorg/thymeleaf/templateresolver/ITemplateResolver;
***desc= ()Lorg/thymeleaf/spring4/resourceresolver/SpringResourceResourceResolver;
***desc= (Lorg/eclipse/aether/DefaultRepositorySystemSession;Ljava/io/PrintStream;)V
***desc= ()V
***desc= ()V
***desc= ()V
***desc= (Lgroovy/lang/GroovyClassLoader;Lorg/eclipse/aether/RepositorySystem;Lorg/eclipse/aether/DefaultRepositorySystemSession;Ljava/util/List;Lorg/springframework/boot/cli/compiler/grape/DependencyResolutionContext;)V
***desc= (Lorg/eclipse/aether/DefaultRepositorySystemSession;)Lorg/springframework/boot/cli/compiler/grape/ProgressReporter;
***desc= (Ljava/util/Map;[Ljava/util/Map;)Ljava/lang/Object;
***desc= (Ljava/util/Map;)Ljava/util/List;
***desc= ([Ljava/util/Map;Ljava/util/List;)Ljava/util/List;
***desc= (Ljava/util/Map;Ljava/util/List;)Lorg/eclipse/aether/graph/Dependency;
***desc= (Ljava/util/Map;)Lorg/eclipse/aether/artifact/Artifact;
***desc= (Ljava/util/Map;)Ljava/lang/String;
***desc= (Ljava/util/Map;)Z
***desc= (Ljava/util/List;)Ljava/util/List;
***desc= (Lorg/eclipse/aether/resolution/DependencyResult;)Ljava/util/List;
***desc= (Lorg/eclipse/aether/resolution/DependencyResult;)Ljava/util/List;
***desc= (Ljava/util/Map;)Lgroovy/lang/GroovyClassLoader;
***desc= (Lorg/eclipse/aether/repository/RemoteRepository;)V
***desc= (Lorg/eclipse/aether/repository/RemoteRepository;)Lorg/eclipse/aether/repository/RemoteRepository;
***desc= (Lorg/eclipse/aether/repository/RemoteRepository;)Lorg/eclipse/aether/repository/RemoteRepository;
***desc= (Lorg/eclipse/aether/repository/RemoteRepository;)Lorg/eclipse/aether/repository/RemoteRepository;
***desc= ()V
***desc= ()V
***desc= (Lorg/eclipse/aether/DefaultRepositorySystemSession;Lorg/eclipse/aether/RepositorySystem;)V
***desc= ()Ljava/io/File;
***desc= ()Ljava/io/File;
***desc= ()Ljava/io/File;
***desc= ()V
***desc= (Ljava/lang/String;)V
***desc= (Lorg/eclipse/aether/DefaultRepositorySystemSession;Lorg/eclipse/aether/RepositorySystem;)V
***desc= ()Lorg/apache/maven/settings/Settings;
***desc= (Lorg/apache/maven/settings/Settings;)Lorg/apache/maven/settings/crypto/SettingsDecryptionResult;
***desc= ()Lorg/apache/maven/settings/crypto/SettingsDecrypter;
***desc= (Ljava/lang/Class;Ljava/lang/String;Ljava/lang/Object;Ljava/lang/Object;)V
***desc= (Lorg/apache/maven/settings/Settings;)Lorg/eclipse/aether/repository/MirrorSelector;
***desc= (Ljava/util/List;)Lorg/eclipse/aether/repository/AuthenticationSelector;
***desc= (Ljava/util/List;)Lorg/eclipse/aether/repository/ProxySelector;
***desc= ()V
***desc= (Lorg/springframework/boot/cli/compiler/dependencies/ArtifactCoordinatesResolver;)V
***desc= ()Lorg/springframework/boot/cli/compiler/dependencies/ArtifactCoordinatesResolver;
***desc= ()Ljava/util/List;
***desc= (Lorg/springframework/boot/cli/compiler/grape/SettingsXmlRepositorySystemSessionAutoConfiguration;)V
***desc= (Lorg/springframework/boot/cli/compiler/grape/SummaryProgressReporter;)V
***desc= (Lorg/eclipse/aether/RepositoryEvent;)V
***desc= (Lorg/springframework/boot/cli/compiler/grape/SummaryProgressReporter;)V
***desc= (Ljava/util/List;)V
***desc= (Lorg/eclipse/aether/repository/RemoteRepository;)Lorg/eclipse/aether/repository/Proxy;
***desc= ()V
***desc= (Lorg/springframework/boot/dependency/tools/ManagedDependencies;)V
***desc= ()Ljava/util/List;
***desc= (Lorg/springframework/boot/dependency/tools/Dependency;)Lorg/eclipse/aether/artifact/Artifact;
***desc= (Ljava/lang/String;Ljava/net/URI;Z)V
***desc= ()Ljava/lang/String;
***desc= ()Ljava/net/URI;
***desc= ()Z
***desc= (Ljava/lang/Object;)Z
***desc= (Lgroovy/lang/GroovyClassLoader;Ljava/util/List;Lorg/springframework/boot/cli/compiler/grape/DependencyResolutionContext;)Lorg/springframework/boot/cli/compiler/grape/AetherGrapeEngine;
***desc= ()Lorg/eclipse/aether/spi/locator/ServiceLocator;
***desc= (Ljava/util/List;)Ljava/util/List;
***desc= (Lgroovy/grape/GrapeEngine;)V
***desc= ()V
***desc= (Lgroovy/text/TemplateEngine;)V
***desc= (Ljava/lang/String;Ljava/util/Locale;)Lorg/springframework/web/servlet/View;
***desc= (Ljava/lang/String;Ljava/util/Locale;)Lorg/springframework/core/io/Resource;
***desc= (Ljava/lang/String;Ljava/lang/String;)Lorg/springframework/core/io/Resource;
***desc= (Lorg/springframework/context/annotation/Condition;Lorg/springframework/boot/autoconfigure/condition/ConditionOutcome;)V
***desc= (Ljava/lang/Object;)Z
***desc= ()I
***desc= ()V
***desc= (Lorg/springframework/context/annotation/ConditionContext;Lorg/springframework/core/type/AnnotatedTypeMetadata;)Lorg/springframework/boot/autoconfigure/condition/ConditionOutcome;
***desc= (Lorg/springframework/context/annotation/ConditionContext;Lorg/springframework/core/type/AnnotatedTypeMetadata;)Lorg/springframework/boot/autoconfigure/condition/ConditionOutcome;
***desc= ()V
***desc= ()Lorg/springframework/context/annotation/ConfigurationCondition$ConfigurationPhase;
***desc= (Lorg/springframework/context/annotation/ConditionContext;Lorg/springframework/core/type/AnnotatedTypeMetadata;)Lorg/springframework/boot/autoconfigure/condition/ConditionOutcome;
***desc= (Lorg/springframework/context/annotation/ConditionContext;Lorg/springframework/boot/autoconfigure/condition/OnBeanCondition$BeanSearchSpec;)Ljava/util/List;
***desc= (Lorg/springframework/beans/factory/config/ConfigurableListableBeanFactory;Ljava/lang/String;Z)Z
***desc= (Lorg/springframework/beans/factory/config/ConfigurableListableBeanFactory;Ljava/lang/String;Ljava/lang/ClassLoader;Z)Ljava/util/Collection;
***desc= (Ljava/util/Set;Lorg/springframework/beans/factory/ListableBeanFactory;Ljava/lang/Class;Z)V
***desc= (Ljava/util/Set;Lorg/springframework/beans/factory/config/ConfigurableListableBeanFactory;Ljava/lang/Class;)V
***desc= ()V
***desc= ()V
***desc= ()V
***desc= (Lorg/springframework/context/annotation/Condition;Lorg/springframework/boot/autoconfigure/condition/ConditionOutcome;)V
***desc= (Lorg/springframework/context/annotation/ConditionContext;Ljava/lang/String;)V
***desc= ([Ljava/lang/String;)Ljava/util/Map;
***desc= (Ljava/lang/String;)Lorg/springframework/core/type/AnnotationMetadata;
***desc= (Lorg/springframework/core/type/AnnotatedTypeMetadata;)Ljava/util/List;
***desc= (Ljava/lang/String;)Lorg/springframework/context/annotation/Condition;
***desc= ()Ljava/util/List;
***desc= (Lorg/springframework/core/type/AnnotationMetadata;Lorg/springframework/context/annotation/Condition;)Lorg/springframework/boot/autoconfigure/condition/ConditionOutcome;
***desc= ()V
***desc= (Lorg/springframework/context/annotation/ConditionContext;Lorg/springframework/core/type/AnnotatedTypeMetadata;)Lorg/springframework/boot/autoconfigure/condition/ConditionOutcome;
***desc= ([Ljava/lang/String;)Lorg/springframework/boot/autoconfigure/condition/ConditionOutcome;
***desc= ()Z
***desc= ()V
***desc= ()V
***desc= (Ljava/lang/String;Lorg/springframework/context/annotation/Condition;Lorg/springframework/boot/autoconfigure/condition/ConditionOutcome;)V
***desc= ()Ljava/util/Map;
***desc= (Lorg/springframework/beans/factory/config/ConfigurableListableBeanFactory;)Lorg/springframework/boot/autoconfigure/condition/ConditionEvaluationReport;
***desc= (Lorg/springframework/beans/factory/BeanFactory;Lorg/springframework/boot/autoconfigure/condition/ConditionEvaluationReport;)V
***desc= (Lorg/springframework/boot/autoconfigure/condition/OnBeanCondition$BeanSearchSpec;Lorg/springframework/core/type/MethodMetadata;Ljava/util/List;)V
***desc= (Ljava/lang/reflect/Method;)V
***desc= (Lorg/springframework/context/annotation/ConfigurationCondition$ConfigurationPhase;)V
***desc= ()Lorg/springframework/context/annotation/ConfigurationCondition$ConfigurationPhase;
***desc= (Lorg/springframework/context/annotation/ConditionContext;Lorg/springframework/core/type/AnnotatedTypeMetadata;)Lorg/springframework/boot/autoconfigure/condition/ConditionOutcome;
***desc= (Ljava/lang/String;I)V
***desc= (Ljava/lang/String;Lorg/springframework/context/annotation/ConditionContext;)Z
***desc= (Ljava/lang/String;I)V
***desc= (Ljava/lang/String;Lorg/springframework/context/annotation/ConditionContext;)Z
***desc= (Lorg/springframework/context/annotation/ConditionContext;Lorg/springframework/core/type/AnnotatedTypeMetadata;Ljava/lang/Class;)V
***desc= ([Ljava/util/List;)Z
***desc= (Ljava/lang/Class;)Ljava/lang/String;
***desc= (Lorg/springframework/util/MultiValueMap;Ljava/lang/String;Ljava/util/List;)V
***desc= (Lorg/springframework/context/annotation/ConditionContext;Lorg/springframework/core/type/AnnotatedTypeMetadata;Ljava/util/List;)V
***desc= ()Lorg/springframework/boot/autoconfigure/condition/SearchStrategy;
***desc= ()Ljava/util/List;
***desc= ()Ljava/util/List;
***desc= ()Ljava/util/List;
***desc= ()Ljava/lang/String;
***desc= ()V
***desc= (Lorg/springframework/context/annotation/ConditionContext;Lorg/springframework/core/type/AnnotatedTypeMetadata;)Lorg/springframework/boot/autoconfigure/condition/ConditionOutcome;
***desc= (Lorg/springframework/core/type/AnnotatedTypeMetadata;Ljava/lang/Class;)Lorg/springframework/util/MultiValueMap;
***desc= (Lorg/springframework/util/MultiValueMap;Lorg/springframework/boot/autoconfigure/condition/OnClassCondition$MatchType;Lorg/springframework/context/annotation/ConditionContext;)Ljava/util/List;
***desc= (Ljava/util/List;Ljava/util/List;)V
***desc= ()V
***desc= (Lorg/springframework/context/annotation/ConditionContext;Lorg/springframework/core/type/AnnotatedTypeMetadata;)Lorg/springframework/boot/autoconfigure/condition/ConditionOutcome;
***desc= (Ljava/util/Map;)[Ljava/lang/String;
***desc= (Ljava/lang/String;Ljava/util/List;)Ljava/lang/String;
***desc= (ZLjava/lang/String;)V
***desc= ()Lorg/springframework/boot/autoconfigure/condition/ConditionOutcome;
***desc= (Ljava/lang/String;)Lorg/springframework/boot/autoconfigure/condition/ConditionOutcome;
***desc= (Ljava/lang/String;)Lorg/springframework/boot/autoconfigure/condition/ConditionOutcome;
***desc= ()Z
***desc= ()Ljava/lang/String;
***desc= ()I
***desc= (Ljava/lang/Object;)Z
***desc= ()Ljava/lang/String;
***desc= ()V
***desc= (Lorg/springframework/context/annotation/ConditionContext;Lorg/springframework/core/type/AnnotatedTypeMetadata;)Z
***desc= (Lorg/springframework/core/type/AnnotatedTypeMetadata;)Ljava/lang/String;
***desc= (Ljava/lang/String;Lorg/springframework/boot/autoconfigure/condition/ConditionOutcome;)V
***desc= (Lorg/springframework/context/annotation/ConditionContext;Ljava/lang/String;Lorg/springframework/boot/autoconfigure/condition/ConditionOutcome;)V
***desc= ()Lorg/springframework/boot/json/JsonParser;
***desc= ()V
***desc= (Ljava/lang/ClassLoader;)V
***desc= ()V
***desc= (Ljava/lang/String;Ljava/lang/String;)V
***desc= ()Ljava/lang/String;
***desc= ()Ljava/lang/ClassLoader;
***desc= (Ljava/lang/String;)Ljava/lang/String;
***desc= ()V
***desc= (Lorg/springframework/context/ApplicationEvent;)V
***desc= ()I
***desc= (Ljava/lang/Class;)Z
***desc= (Ljava/lang/Class;)Z
***desc= ()V
***desc= ()V
***desc= (Ljava/lang/ClassLoader;)Lorg/springframework/boot/logging/LoggingSystem;
***desc= ()V
***desc= (Ljava/lang/ClassLoader;)V
***desc= ()V
***desc= ()V
***desc= (Ljava/lang/Class;)Z
***desc= (Ljava/lang/Class;)Z
***desc= (Lorg/springframework/context/ApplicationEvent;)V
***desc= (Lorg/springframework/boot/context/event/ApplicationStartedEvent;)V
***desc= (Lorg/springframework/boot/context/event/ApplicationEnvironmentPreparedEvent;)V
***desc= (Lorg/springframework/core/env/ConfigurableEnvironment;Ljava/lang/ClassLoader;)V
***desc= (Lorg/springframework/core/env/ConfigurableEnvironment;)V
***desc= (Lorg/springframework/core/env/ConfigurableEnvironment;Lorg/springframework/boot/logging/LoggingSystem;)V
***desc= (Lorg/springframework/core/env/ConfigurableEnvironment;)Ljava/lang/String;
***desc= (Lorg/springframework/core/env/ConfigurableEnvironment;Lorg/springframework/boot/logging/LoggingSystem;)V
***desc= (Lorg/springframework/boot/logging/LoggingSystem;Lorg/springframework/core/env/Environment;)V
***desc= ()I
***desc= ()V
***desc= ()V
***desc= ()Ljava/lang/String;
***desc= ()Ljava/lang/String;
***desc= (Lorg/springframework/beans/factory/support/BeanDefinitionRegistry;[Ljava/lang/Object;)V
***desc= ()I
***desc= (Ljava/lang/Object;)I
***desc= (Ljava/lang/Class;)I
***desc= ()Z
***desc= (Ljava/lang/Class;)Z
***desc= ()V
***desc= ()V
***desc= (Lorg/springframework/core/env/Environment;Ljava/lang/Class;Ljava/io/PrintStream;)V
***desc= ()V
***desc= (Ljava/lang/Class;)V
***desc= (Lorg/apache/commons/logging/Log;)V
***desc= (Lorg/apache/commons/logging/Log;Lorg/springframework/util/StopWatch;)V
***desc= ()Ljava/lang/String;
***desc= (Lorg/springframework/util/StopWatch;)Ljava/lang/StringBuilder;
***desc= ()Ljava/lang/String;
***desc= (Ljava/lang/Class;)Ljava/lang/String;
***desc= ()Ljava/lang/String;
***desc= ()Ljava/lang/String;
***desc= ()Ljava/lang/String;
***desc= (Ljava/lang/String;Ljava/util/concurrent/Callable;)Ljava/lang/String;
***desc= (Ljava/lang/String;Ljava/util/concurrent/Callable;Ljava/lang/String;)Ljava/lang/String;
***desc= (Lorg/springframework/boot/StartupInfoLogger;)V
***desc= ()Ljava/lang/Object;
***desc= (Lorg/springframework/boot/StartupInfoLogger;)V
***desc= ()Ljava/lang/Object;
***desc= (Lorg/springframework/boot/StartupInfoLogger;)V
***desc= ()Ljava/lang/Object;
***desc= (Lorg/springframework/boot/StartupInfoLogger;Ljava/lang/Class;)V
***desc= (Lorg/springframework/boot/StartupInfoLogger;)V
***desc= ()Ljava/lang/Object;
***desc= (Ljava/lang/Class;)V
***desc= (Ljava/lang/Class;)Ljava/io/File;
***desc= (Ljava/net/URL;)Ljava/io/File;
***desc= (Ljava/io/File;)Ljava/io/File;
***desc= ()Ljava/io/File;
***desc= ([Ljava/lang/Object;)V
***desc= ([Ljava/lang/Object;)V
***desc= ()Z
***desc= ()Ljava/lang/Class;
***desc= ([Ljava/lang/String;)Lorg/springframework/context/ConfigurableApplicationContext;
***desc= ([Ljava/lang/String;)Ljava/util/Collection;
***desc= (Ljava/lang/Class;)Ljava/util/Collection;
***desc= (Ljava/lang/Class;[Ljava/lang/Class;[Ljava/lang/Object;)Ljava/util/Collection;
***desc= ()Lorg/springframework/core/env/ConfigurableEnvironment;
***desc= (Lorg/springframework/core/env/ConfigurableEnvironment;[Ljava/lang/String;)V
***desc= (Lorg/springframework/core/env/ConfigurableEnvironment;[Ljava/lang/String;)V
***desc= (Lorg/springframework/core/env/ConfigurableEnvironment;[Ljava/lang/String;)V
***desc= (Lorg/springframework/core/env/Environment;)V
***desc= ()V
***desc= ()Lorg/springframework/context/ConfigurableApplicationContext;
***desc= (Lorg/springframework/context/ConfigurableApplicationContext;)V
***desc= (Lorg/springframework/context/ConfigurableApplicationContext;)V
***desc= (Z)V
***desc= ()Lorg/apache/commons/logging/Log;
***desc= (Lorg/springframework/context/ApplicationContext;[Ljava/lang/Object;)V
***desc= ()Lorg/springframework/core/io/ResourceLoader;
***desc= ()Ljava/lang/ClassLoader;
***desc= (Lorg/springframework/context/ApplicationContext;)Lorg/springframework/beans/factory/support/BeanDefinitionRegistry;
***desc= (Lorg/springframework/beans/factory/support/BeanDefinitionRegistry;[Ljava/lang/Object;)Lorg/springframework/boot/BeanDefinitionLoader;
***desc= (Lorg/springframework/context/ApplicationContext;[Ljava/lang/String;)V
***desc= (Lorg/springframework/context/ApplicationContext;)V
***desc= (Lorg/springframework/context/ConfigurableApplicationContext;[Ljava/lang/String;)V
***desc= ()Ljava/util/Set;
***desc= (Ljava/util/Collection;)V
***desc= ()Ljava/util/Set;
***desc= (Ljava/util/Collection;)V
***desc= ()Ljava/util/Set;
***desc= ([Ljava/lang/Object;[Ljava/lang/String;)Lorg/springframework/context/ConfigurableApplicationContext;
***desc= (Ljava/util/Collection;)Ljava/util/Set;
***desc= ()V
***desc= ([Ljava/lang/Object;)V
***desc= (Ljava/lang/String;Ljava/lang/ClassLoader;)Ljava/util/List;
***desc= (Ljava/lang/String;Ljava/lang/ClassLoader;)Ljava/util/List;
***desc= (Ljava/lang/String;Ljava/lang/ClassLoader;)Ljava/util/List;
***desc= (Lorg/springframework/core/io/Resource;)Ljava/lang/String;
***desc= (Ljava/lang/String;)Ljava/lang/String;
***desc= (Ljava/lang/ClassLoader;)V
***desc= (Ljava/lang/String;)Lorg/springframework/core/io/Resource;
***desc= (Ljava/lang/ClassLoader;)V
***desc= (Ljava/lang/ClassLoader;Ljava/util/Set;)V
***desc= (Ljava/lang/String;)Ljava/util/Set;
***desc= ()V
***desc= ()V
***desc= (Lorg/springframework/core/type/AnnotationMetadata;Lorg/springframework/beans/factory/support/BeanDefinitionRegistry;)V
***desc= ()V
***desc= (Lorg/springframework/context/annotation/ConditionContext;Lorg/springframework/core/type/AnnotatedTypeMetadata;)Lorg/springframework/boot/autoconfigure/condition/ConditionOutcome;
***desc= (Lorg/springframework/context/annotation/ConditionContext;Ljava/lang/String;)Lorg/springframework/boot/autoconfigure/condition/ConditionOutcome;
***desc= (Ljava/lang/ClassLoader;Ljava/lang/String;)[Lorg/springframework/core/io/Resource;
***desc= ()V
***desc= (Lorg/springframework/boot/autoconfigure/AutoConfigurationSorter;Lorg/springframework/boot/autoconfigure/AutoConfigurationSorter$AutoConfigurationClasses;)V
***desc= (Ljava/lang/String;Ljava/lang/String;)I
***desc= (Lorg/springframework/core/type/classreading/MetadataReader;)V
***desc= ()I
***desc= ()Ljava/util/Set;
***desc= ()Ljava/util/Set;
***desc= (Ljava/lang/Class;)Ljava/util/Set;
***desc= (Lorg/springframework/core/io/ResourceLoader;)V
***desc= (Ljava/util/Collection;)Ljava/util/List;
***desc= (Lorg/springframework/boot/autoconfigure/AutoConfigurationSorter$AutoConfigurationClasses;Ljava/util/List;)Ljava/util/List;
***desc= (Lorg/springframework/boot/autoconfigure/AutoConfigurationSorter$AutoConfigurationClasses;Ljava/util/List;Ljava/util/Set;Ljava/util/Set;Ljava/lang/String;)V
***desc= (Lorg/springframework/beans/factory/support/BeanDefinitionRegistry;[Ljava/lang/String;)V
***desc= ()V
***desc= ()V
***desc= (Lorg/springframework/core/type/AnnotationMetadata;)[Ljava/lang/String;
***desc= (Ljava/lang/ClassLoader;)V
***desc= (Lorg/springframework/core/io/ResourceLoader;)V
***desc= (Lorg/springframework/core/type/classreading/MetadataReaderFactory;Ljava/util/Collection;)V
***desc= (Ljava/lang/String;)Lorg/springframework/boot/autoconfigure/AutoConfigurationSorter$AutoConfigurationClass;
***desc= (Ljava/lang/String;)Ljava/util/Set;
***desc= ([Ljava/lang/String;)V
***desc= ()V
***desc= ()Lorg/springframework/context/support/PropertySourcesPlaceholderConfigurer;
count_executed_methods = 1107 : total_token_count = 6121
test_class_full_path=spring-boot-cli/src/test/java/org/springframework/boot/cli/SampleIntegrationTests.java
python3 /NOD-Test-Repair/tdrepro/collect_test_meth_body.py spring-boot-cli org.springframework.boot.cli.SampleIntegrationTests#uiSample spring-projects/spring-boot spring-boot-cli/src/test/java/org/springframework/boot/cli/SampleIntegrationTests.java /NOD-Test-Repair/tdrepro
/usr/local/lib/python3.10/dist-packages/tree_sitter/__init__.py:36: FutureWarning: Language(path, name) is deprecated. Use Language(ptr, name) instead.
  warn("{} is deprecated. Use {} instead.".format(old, new), FutureWarning)
/NOD-Test-Repair/tdrepro/traces/spring-projects_spring-boot_spring-boot-cli_org.springframework.boot.cli.SampleIntegrationTests#uiSample_test_code.csv
<Node type=method_declaration, start_point=(97, 1), end_point=(104, 2)>
/NOD-Test-Repair/tdrepro/projects/spring-projects/spring-boot
/usr/local/lib/python3.10/dist-packages/tree_sitter/__init__.py:36: FutureWarning: Language(path, name) is deprecated. Use Language(ptr, name) instead.
  warn("{} is deprecated. Use {} instead.".format(old, new), FutureWarning)
 python3 /NOD-Test-Repair/tdrepro/collect_method_body.py spring-boot-cli org.springframework.boot.cli.SampleIntegrationTests#uiSample spring-projects/spring-boot spring-boot spring-boot-actuator spring-boot-autoconfigure spring-boot-cli spring-boot-docs spring-boot-integration-tests spring-boot-starters/spring-boot-starter spring-boot-starters/spring-boot-starter-actuator spring-boot-starters/spring-boot-starter-amqp spring-boot-starters/spring-boot-starter-aop spring-boot-starters/spring-boot-starter-batch spring-boot-starters/spring-boot-starter-cloud-connectors spring-boot-starters/spring-boot-starter-data-elasticsearch spring-boot-starters/spring-boot-starter-data-jpa spring-boot-starters/spring-boot-starter-data-mongodb spring-boot-starters/spring-boot-starter-data-rest spring-boot-starters/spring-boot-starter-data-solr spring-boot-starters/spring-boot-starter-freemarker spring-boot-starters/spring-boot-starter-groovy-templates spring-boot-starters/spring-boot-starter-hornetq spring-boot-starters/spring-boot-starter-integration spring-boot-starters/spring-boot-starter-jdbc spring-boot-starters/spring-boot-starter-jersey spring-boot-starters/spring-boot-starter-jetty spring-boot-starters/spring-boot-starter-jta-atomikos spring-boot-starters/spring-boot-starter-jta-bitronix spring-boot-starters/spring-boot-starter-log4j spring-boot-starters/spring-boot-starter-log4j2 spring-boot-starters/spring-boot-starter-logging spring-boot-starters/spring-boot-starter-mail spring-boot-starters/spring-boot-starter-mobile spring-boot-starters/spring-boot-starter-redis spring-boot-starters/spring-boot-starter-remote-shell spring-boot-starters/spring-boot-starter-security spring-boot-starters/spring-boot-starter-social-facebook spring-boot-starters/spring-boot-starter-social-linkedin spring-boot-starters/spring-boot-starter-social-twitter spring-boot-starters/spring-boot-starter-test spring-boot-starters/spring-boot-starter-thymeleaf spring-boot-starters/spring-boot-starter-tomcat spring-boot-starters/spring-boot-starter-velocity spring-boot-starters/spring-boot-starter-web spring-boot-starters/spring-boot-starter-websocket spring-boot-starters/spring-boot-starter-ws spring-boot-tools/spring-boot-dependency-tools spring-boot-tools/spring-boot-gradle-plugin spring-boot-tools/spring-boot-loader spring-boot-tools/spring-boot-loader-tools spring-boot-tools/spring-boot-maven-plugin spring-boot-versions
result=executed_methods_count=954:total_token_count=23655
Executed methods: 954
Total tokens:      23655
org.springframework.boot
