INFO:root:Beginning Script
INFO:root:On host 'amd087.orc.gmu.edu'
INFO:root:Using options Namespace(testMethodsFile='', reproduceFailureFile='/tmp/tmpsxngn3mc', runs='100', debug='', logging='info', no_sleep=False, minimalizing_method='bisection', sleep_time_ms=10000)
INFO:root:FlakeRakeStartTime=1752106435.5567575
INFO:root:(git rev-parse HEAD)=0f57531977287fd3d8c9046e9f68e281715f3b10

INFO:root:Using Sleepylines minimalizing method bisection
INFO:root:Installing project with mvn opts='-DskipTests -q -B -fn -s $FLAKY_HOME/shell_scripts/maven-repo-fix-settings.xml -DskipITs'
INFO:root:Attempting to reproduce ch.qos.logback.core.FileAppenderResilienceTest#smoke sleeping <2093550718,1> at ['ch/qos/logback/core/recovery/ResilientOutputStreamBase:flush:79']
INFO:root:Apache Maven 3.6.3 (cecedd343002696d0abb50b32b541b8a6ba2883f)
Maven home: /scratch/tbaral/ase26/otog/setups/maven
Java version: 1.8.0_102, vendor: Oracle Corporation, runtime: /scratch/tbaral/ase26/otog/setups/jdk1.8.0_102/jre
Default locale: en_US, platform encoding: UTF-8
OS name: "linux", version: "4.18.0-553.33.1.el8_10.x86_64", arch: "amd64", family: "unix"
[DEBUG] Created new class realm maven.api
[DEBUG] Importing foreign packages into class realm maven.api
[DEBUG]   Imported: javax.annotation.* < plexus.core
[DEBUG]   Imported: javax.annotation.security.* < plexus.core
[DEBUG]   Imported: javax.enterprise.inject.* < plexus.core
[DEBUG]   Imported: javax.enterprise.util.* < plexus.core
[DEBUG]   Imported: javax.inject.* < plexus.core
[DEBUG]   Imported: org.apache.maven.* < plexus.core
[DEBUG]   Imported: org.apache.maven.artifact < plexus.core
[DEBUG]   Imported: org.apache.maven.classrealm < plexus.core
[DEBUG]   Imported: org.apache.maven.cli < plexus.core
[DEBUG]   Imported: org.apache.maven.configuration < plexus.core
[DEBUG]   Imported: org.apache.maven.exception < plexus.core
[DEBUG]   Imported: org.apache.maven.execution < plexus.core
[DEBUG]   Imported: org.apache.maven.execution.scope < plexus.core
[DEBUG]   Imported: org.apache.maven.lifecycle < plexus.core
[DEBUG]   Imported: org.apache.maven.model < plexus.core
[DEBUG]   Imported: org.apache.maven.monitor < plexus.core
[DEBUG]   Imported: org.apache.maven.plugin < plexus.core
[DEBUG]   Imported: org.apache.maven.profiles < plexus.core
[DEBUG]   Imported: org.apache.maven.project < plexus.core
[DEBUG]   Imported: org.apache.maven.reporting < plexus.core
[DEBUG]   Imported: org.apache.maven.repository < plexus.core
[DEBUG]   Imported: org.apache.maven.rtinfo < plexus.core
[DEBUG]   Imported: org.apache.maven.settings < plexus.core
[DEBUG]   Imported: org.apache.maven.toolchain < plexus.core
[DEBUG]   Imported: org.apache.maven.usability < plexus.core
[DEBUG]   Imported: org.apache.maven.wagon.* < plexus.core
[DEBUG]   Imported: org.apache.maven.wagon.authentication < plexus.core
[DEBUG]   Imported: org.apache.maven.wagon.authorization < plexus.core
[DEBUG]   Imported: org.apache.maven.wagon.events < plexus.core
[DEBUG]   Imported: org.apache.maven.wagon.observers < plexus.core
[DEBUG]   Imported: org.apache.maven.wagon.proxy < plexus.core
[DEBUG]   Imported: org.apache.maven.wagon.repository < plexus.core
[DEBUG]   Imported: org.apache.maven.wagon.resource < plexus.core
[DEBUG]   Imported: org.codehaus.classworlds < plexus.core
[DEBUG]   Imported: org.codehaus.plexus.* < plexus.core
[DEBUG]   Imported: org.codehaus.plexus.classworlds < plexus.core
[DEBUG]   Imported: org.codehaus.plexus.component < plexus.core
[DEBUG]   Imported: org.codehaus.plexus.configuration < plexus.core
[DEBUG]   Imported: org.codehaus.plexus.container < plexus.core
[DEBUG]   Imported: org.codehaus.plexus.context < plexus.core
[DEBUG]   Imported: org.codehaus.plexus.lifecycle < plexus.core
[DEBUG]   Imported: org.codehaus.plexus.logging < plexus.core
[DEBUG]   Imported: org.codehaus.plexus.personality < plexus.core
[DEBUG]   Imported: org.codehaus.plexus.util.xml.Xpp3Dom < plexus.core
[DEBUG]   Imported: org.codehaus.plexus.util.xml.pull.XmlPullParser < plexus.core
[DEBUG]   Imported: org.codehaus.plexus.util.xml.pull.XmlPullParserException < plexus.core
[DEBUG]   Imported: org.codehaus.plexus.util.xml.pull.XmlSerializer < plexus.core
[DEBUG]   Imported: org.eclipse.aether.* < plexus.core
[DEBUG]   Imported: org.eclipse.aether.artifact < plexus.core
[DEBUG]   Imported: org.eclipse.aether.collection < plexus.core
[DEBUG]   Imported: org.eclipse.aether.deployment < plexus.core
[DEBUG]   Imported: org.eclipse.aether.graph < plexus.core
[DEBUG]   Imported: org.eclipse.aether.impl < plexus.core
[DEBUG]   Imported: org.eclipse.aether.installation < plexus.core
[DEBUG]   Imported: org.eclipse.aether.internal.impl < plexus.core
[DEBUG]   Imported: org.eclipse.aether.metadata < plexus.core
[DEBUG]   Imported: org.eclipse.aether.repository < plexus.core
[DEBUG]   Imported: org.eclipse.aether.resolution < plexus.core
[DEBUG]   Imported: org.eclipse.aether.spi < plexus.core
[DEBUG]   Imported: org.eclipse.aether.transfer < plexus.core
[DEBUG]   Imported: org.eclipse.aether.version < plexus.core
[DEBUG]   Imported: org.fusesource.jansi.* < plexus.core
[DEBUG]   Imported: org.slf4j.* < plexus.core
[DEBUG]   Imported: org.slf4j.event.* < plexus.core
[DEBUG]   Imported: org.slf4j.helpers.* < plexus.core
[DEBUG]   Imported: org.slf4j.spi.* < plexus.core
[DEBUG] Populating class realm maven.api
[INFO] Error stacktraces are turned on.
[DEBUG] Message scheme: plain
[DEBUG] Reading global settings from /scratch/tbaral/ase26/otog/setups/maven/conf/settings.xml
[DEBUG] Reading user settings from /scratch/tbaral/ase26/nod-rr/NOD-Test-Repair/flakerake/shell_scripts/maven-repo-fix-settings.xml
[DEBUG] Reading global toolchains from /scratch/tbaral/ase26/otog/setups/maven/conf/toolchains.xml
[DEBUG] Reading user toolchains from /home/tbaral/.m2/toolchains.xml
[DEBUG] Using local repository at /home/tbaral/.m2/repository
[DEBUG] Using manager EnhancedLocalRepositoryManager with priority 10.0 for /home/tbaral/.m2/repository
[INFO] Scanning for projects...
[DEBUG] Dependency collection stats: {ConflictMarker.analyzeTime=410302, ConflictMarker.markTime=255341, ConflictMarker.nodeCount=10, ConflictIdSorter.graphTime=245763, ConflictIdSorter.topsortTime=198133, ConflictIdSorter.conflictIdCount=6, ConflictIdSorter.conflictIdCycleCount=0, ConflictResolver.totalTime=1795480, ConflictResolver.conflictItemCount=10, DefaultDependencyCollector.collectTime=111877223, DefaultDependencyCollector.transformTime=4013325}
[DEBUG] org.apache.maven.wagon:wagon-ssh:jar:2.0
[DEBUG]    com.jcraft:jsch:jar:0.1.44-1:compile
[DEBUG]    org.codehaus.plexus:plexus-utils:jar:3.0:compile
[DEBUG]    org.apache.maven.wagon:wagon-ssh-common:jar:2.0:compile
[DEBUG]       org.codehaus.plexus:plexus-interactivity-api:jar:1.0-alpha-6:compile (version managed from default) (exclusions managed from default)
[DEBUG]    org.apache.maven.wagon:wagon-provider-api:jar:2.0:compile
[DEBUG] Created new class realm extension>org.apache.maven.wagon:wagon-ssh:2.0
[DEBUG] Importing foreign packages into class realm extension>org.apache.maven.wagon:wagon-ssh:2.0
[DEBUG]   Imported:  < maven.api
[DEBUG] Populating class realm extension>org.apache.maven.wagon:wagon-ssh:2.0
[DEBUG]   Included: org.apache.maven.wagon:wagon-ssh:jar:2.0
[DEBUG]   Included: com.jcraft:jsch:jar:0.1.44-1
[DEBUG]   Included: org.codehaus.plexus:plexus-utils:jar:3.0
[DEBUG]   Included: org.apache.maven.wagon:wagon-ssh-common:jar:2.0
[DEBUG]   Included: org.codehaus.plexus:plexus-interactivity-api:jar:1.0-alpha-6
[DEBUG] Dependency collection stats: {ConflictMarker.analyzeTime=327367, ConflictMarker.markTime=196730, ConflictMarker.nodeCount=108, ConflictIdSorter.graphTime=141627, ConflictIdSorter.topsortTime=29105, ConflictIdSorter.conflictIdCount=26, ConflictIdSorter.conflictIdCycleCount=0, ConflictResolver.totalTime=1931406, ConflictResolver.conflictItemCount=55, DefaultDependencyCollector.collectTime=365209335, DefaultDependencyCollector.transformTime=2655128}
[DEBUG] org.apache.felix:maven-bundle-plugin:jar:2.1.0
[DEBUG]    biz.aQute:bndlib:jar:0.0.357:compile
[DEBUG]    net.sf.kxml:kxml2:jar:2.2.2:compile
[DEBUG]       xmlpull:xmlpull:jar:1.1.3.1:compile
[DEBUG]    org.apache.felix:org.apache.felix.bundlerepository:jar:1.6.2:compile
[DEBUG]       org.osgi:org.osgi.core:jar:4.1.0:compile
[DEBUG]       org.easymock:easymock:jar:2.4:compile
[DEBUG]    org.apache.felix:org.osgi.core:jar:1.0.0:compile
[DEBUG]    org.apache.felix:org.osgi.service.obr:jar:1.0.1:compile
[DEBUG]    org.apache.maven:maven-project:jar:2.0.7:compile
[DEBUG]       org.apache.maven:maven-profile:jar:2.0.7:compile
[DEBUG]       org.apache.maven:maven-plugin-registry:jar:2.0.7:compile
[DEBUG]    org.apache.maven:maven-model:jar:2.0.7:compile
[DEBUG]    org.apache.maven:maven-plugin-api:jar:2.0.7:compile
[DEBUG]    org.apache.maven:maven-artifact:jar:2.0.7:compile
[DEBUG]    org.apache.maven:maven-archiver:jar:2.2:compile
[DEBUG]    org.apache.maven:maven-artifact-manager:jar:2.0.7:compile
[DEBUG]       org.apache.maven:maven-repository-metadata:jar:2.0.7:compile
[DEBUG]    org.apache.maven:maven-settings:jar:2.0.7:compile
[DEBUG]    org.apache.maven.shared:maven-dependency-tree:jar:1.2:compile
[DEBUG]    org.apache.maven.wagon:wagon-provider-api:jar:1.0-beta-2:compile
[DEBUG]    org.codehaus.plexus:plexus-container-default:jar:1.0-alpha-9-stable-1:compile
[DEBUG]       junit:junit:jar:3.8.1:compile
[DEBUG]       classworlds:classworlds:jar:1.1-alpha-2:compile
[DEBUG]    org.codehaus.plexus:plexus-archiver:jar:1.0-alpha-7:compile
[DEBUG]    org.codehaus.plexus:plexus-utils:jar:1.4.7:compile
[DEBUG] Created new class realm extension>org.apache.felix:maven-bundle-plugin:2.1.0
[DEBUG] Importing foreign packages into class realm extension>org.apache.felix:maven-bundle-plugin:2.1.0
[DEBUG]   Imported:  < maven.api
[DEBUG] Populating class realm extension>org.apache.felix:maven-bundle-plugin:2.1.0
[DEBUG]   Included: org.apache.felix:maven-bundle-plugin:jar:2.1.0
[DEBUG]   Included: biz.aQute:bndlib:jar:0.0.357
[DEBUG]   Included: net.sf.kxml:kxml2:jar:2.2.2
[DEBUG]   Included: xmlpull:xmlpull:jar:1.1.3.1
[DEBUG]   Included: org.apache.felix:org.apache.felix.bundlerepository:jar:1.6.2
[DEBUG]   Included: org.osgi:org.osgi.core:jar:4.1.0
[DEBUG]   Included: org.easymock:easymock:jar:2.4
[DEBUG]   Included: org.apache.felix:org.osgi.core:jar:1.0.0
[DEBUG]   Included: org.apache.felix:org.osgi.service.obr:jar:1.0.1
[DEBUG]   Included: org.apache.maven:maven-archiver:jar:2.2
[DEBUG]   Included: org.apache.maven.shared:maven-dependency-tree:jar:1.2
[DEBUG]   Included: junit:junit:jar:3.8.1
[DEBUG]   Included: org.codehaus.plexus:plexus-archiver:jar:1.0-alpha-7
[DEBUG]   Included: org.codehaus.plexus:plexus-utils:jar:1.4.7
[DEBUG] Extension realms for project ch.qos.logback:logback-core:jar:2.0.0-SNAPSHOT: [ClassRealm[extension>org.apache.maven.wagon:wagon-ssh:2.0, parent: sun.misc.Launcher$AppClassLoader@5c647e05], ClassRealm[extension>org.apache.felix:maven-bundle-plugin:2.1.0, parent: sun.misc.Launcher$AppClassLoader@5c647e05]]
[DEBUG] Created new class realm project>ch.qos.logback:logback-core:2.0.0-SNAPSHOT
[DEBUG] Populating class realm project>ch.qos.logback:logback-core:2.0.0-SNAPSHOT
[DEBUG] Looking up lifecycle mappings for packaging jar from ClassRealm[project>ch.qos.logback:logback-core:2.0.0-SNAPSHOT, parent: ClassRealm[maven.api, parent: null]]
[DEBUG] Extension realms for project ch.qos.logback:logback-parent:pom:2.0.0-SNAPSHOT: [ClassRealm[extension>org.apache.maven.wagon:wagon-ssh:2.0, parent: sun.misc.Launcher$AppClassLoader@5c647e05]]
[DEBUG] Created new class realm project>ch.qos.logback:logback-parent:2.0.0-SNAPSHOT
[DEBUG] Populating class realm project>ch.qos.logback:logback-parent:2.0.0-SNAPSHOT
[DEBUG] Looking up lifecycle mappings for packaging pom from ClassRealm[project>ch.qos.logback:logback-parent:2.0.0-SNAPSHOT, parent: ClassRealm[maven.api, parent: null]]
[WARNING] 
[WARNING] Some problems were encountered while building the effective model for ch.qos.logback:logback-core:jar:2.0.0-SNAPSHOT
[WARNING] Reporting configuration should be done in <reporting> section, not in maven-site-plugin <configuration> as reportPlugins parameter.
[WARNING] 
[WARNING] It is highly recommended to fix these problems because they threaten the stability of your build.
[WARNING] 
[WARNING] For this reason, future Maven versions might no longer support building such malformed projects.
[WARNING] 
[DEBUG] === REACTOR BUILD PLAN ================================================
[DEBUG] Project: ch.qos.logback:logback-core:jar:2.0.0-SNAPSHOT
[DEBUG] Tasks:   [test]
[DEBUG] Style:   Regular
[DEBUG] =======================================================================
[INFO] 
[INFO] --------------------< ch.qos.logback:logback-core >---------------------
[INFO] Building Logback Core Module 2.0.0-SNAPSHOT
[INFO] --------------------------------[ jar ]---------------------------------
[DEBUG] Lifecycle default -> [validate, initialize, generate-sources, process-sources, generate-resources, process-resources, compile, process-classes, generate-test-sources, process-test-sources, generate-test-resources, process-test-resources, test-compile, process-test-classes, test, prepare-package, package, pre-integration-test, integration-test, post-integration-test, verify, install, deploy]
[DEBUG] Lifecycle clean -> [pre-clean, clean, post-clean]
[DEBUG] Lifecycle site -> [pre-site, site, post-site, site-deploy]
[DEBUG] Lifecycle default -> [validate, initialize, generate-sources, process-sources, generate-resources, process-resources, compile, process-classes, generate-test-sources, process-test-sources, generate-test-resources, process-test-resources, test-compile, process-test-classes, test, prepare-package, package, pre-integration-test, integration-test, post-integration-test, verify, install, deploy]
[DEBUG] Lifecycle clean -> [pre-clean, clean, post-clean]
[DEBUG] Lifecycle site -> [pre-site, site, post-site, site-deploy]
[DEBUG] Lifecycle default -> [validate, initialize, generate-sources, process-sources, generate-resources, process-resources, compile, process-classes, generate-test-sources, process-test-sources, generate-test-resources, process-test-resources, test-compile, process-test-classes, test, prepare-package, package, pre-integration-test, integration-test, post-integration-test, verify, install, deploy]
[DEBUG] Lifecycle clean -> [pre-clean, clean, post-clean]
[DEBUG] Lifecycle site -> [pre-site, site, post-site, site-deploy]
[DEBUG] Lifecycle default -> [validate, initialize, generate-sources, process-sources, generate-resources, process-resources, compile, process-classes, generate-test-sources, process-test-sources, generate-test-resources, process-test-resources, test-compile, process-test-classes, test, prepare-package, package, pre-integration-test, integration-test, post-integration-test, verify, install, deploy]
[DEBUG] Lifecycle clean -> [pre-clean, clean, post-clean]
[DEBUG] Lifecycle site -> [pre-site, site, post-site, site-deploy]
[DEBUG] Lifecycle default -> [validate, initialize, generate-sources, process-sources, generate-resources, process-resources, compile, process-classes, generate-test-sources, process-test-sources, generate-test-resources, process-test-resources, test-compile, process-test-classes, test, prepare-package, package, pre-integration-test, integration-test, post-integration-test, verify, install, deploy]
[DEBUG] Lifecycle clean -> [pre-clean, clean, post-clean]
[DEBUG] Lifecycle site -> [pre-site, site, post-site, site-deploy]
[DEBUG] Lifecycle default -> [validate, initialize, generate-sources, process-sources, generate-resources, process-resources, compile, process-classes, generate-test-sources, process-test-sources, generate-test-resources, process-test-resources, test-compile, process-test-classes, test, prepare-package, package, pre-integration-test, integration-test, post-integration-test, verify, install, deploy]
[DEBUG] Lifecycle clean -> [pre-clean, clean, post-clean]
[DEBUG] Lifecycle site -> [pre-site, site, post-site, site-deploy]
[DEBUG] Lifecycle default -> [validate, initialize, generate-sources, process-sources, generate-resources, process-resources, compile, process-classes, generate-test-sources, process-test-sources, generate-test-resources, process-test-resources, test-compile, process-test-classes, test, prepare-package, package, pre-integration-test, integration-test, post-integration-test, verify, install, deploy]
[DEBUG] Lifecycle clean -> [pre-clean, clean, post-clean]
[DEBUG] Lifecycle site -> [pre-site, site, post-site, site-deploy]
[DEBUG] === PROJECT BUILD PLAN ================================================
[DEBUG] Project:       ch.qos.logback:logback-core:2.0.0-SNAPSHOT
[DEBUG] Dependencies (collect): []
[DEBUG] Dependencies (resolve): [compile, test]
[DEBUG] Repositories (dependencies): [central (https://repo.maven.apache.org/maven2, default, releases)]
[DEBUG] Repositories (plugins)     : [central (https://repo.maven.apache.org/maven2, default, releases)]
[DEBUG] -----------------------------------------------------------------------
[DEBUG] Goal:          org.apache.maven.plugins:maven-resources-plugin:2.6:resources (default-resources)
[DEBUG] Style:         Regular
[DEBUG] Configuration: <?xml version="1.0" encoding="UTF-8"?>
<configuration>
  <buildFilters default-value="${project.build.filters}"/>
  <encoding default-value="${project.build.sourceEncoding}">${encoding}</encoding>
  <escapeString>${maven.resources.escapeString}</escapeString>
  <escapeWindowsPaths default-value="true">${maven.resources.escapeWindowsPaths}</escapeWindowsPaths>
  <includeEmptyDirs default-value="false">${maven.resources.includeEmptyDirs}</includeEmptyDirs>
  <outputDirectory default-value="${project.build.outputDirectory}"/>
  <overwrite default-value="false">${maven.resources.overwrite}</overwrite>
  <project default-value="${project}"/>
  <resources default-value="${project.resources}"/>
  <session default-value="${session}"/>
  <supportMultiLineFiltering default-value="false">${maven.resources.supportMultiLineFiltering}</supportMultiLineFiltering>
  <useBuildFilters default-value="true"/>
  <useDefaultDelimiters default-value="true"/>
</configuration>
[DEBUG] -----------------------------------------------------------------------
[DEBUG] Goal:          org.apache.maven.plugins:maven-compiler-plugin:2.3.2:compile (default-compile)
[DEBUG] Style:         Regular
[DEBUG] Configuration: <?xml version="1.0" encoding="UTF-8"?>
<configuration>
  <basedir default-value="${basedir}"/>
  <buildDirectory default-value="${project.build.directory}"/>
  <classpathElements default-value="${project.compileClasspathElements}"/>
  <compileSourceRoots default-value="${project.compileSourceRoots}"/>
  <compilerId default-value="javac">${maven.compiler.compilerId}</compilerId>
  <compilerVersion>${maven.compiler.compilerVersion}</compilerVersion>
  <debug default-value="true">${maven.compiler.debug}</debug>
  <debuglevel>${maven.compiler.debuglevel}</debuglevel>
  <encoding default-value="${project.build.sourceEncoding}">${encoding}</encoding>
  <executable>${maven.compiler.executable}</executable>
  <failOnError default-value="true">${maven.compiler.failOnError}</failOnError>
  <fork default-value="false">${maven.compiler.fork}</fork>
  <generatedSourcesDirectory default-value="${project.build.directory}/generated-sources/annotations"/>
  <maxmem>${maven.compiler.maxmem}</maxmem>
  <meminitial>${maven.compiler.meminitial}</meminitial>
  <optimize default-value="false">${maven.compiler.optimize}</optimize>
  <outputDirectory default-value="${project.build.outputDirectory}"/>
  <outputFileName>${project.build.finalName}</outputFileName>
  <projectArtifact default-value="${project.artifact}"/>
  <session default-value="${session}"/>
  <showDeprecation default-value="false">${maven.compiler.showDeprecation}</showDeprecation>
  <showWarnings default-value="false">${maven.compiler.showWarnings}</showWarnings>
  <source default-value="1.5">1.5</source>
  <staleMillis default-value="0">${lastModGranularityMs}</staleMillis>
  <target default-value="1.5">1.5</target>
  <verbose default-value="false">${maven.compiler.verbose}</verbose>
</configuration>
[DEBUG] -----------------------------------------------------------------------
[DEBUG] Goal:          org.apache.felix:maven-bundle-plugin:2.1.0:manifest (bundle-manifest)
[DEBUG] Style:         Regular
[DEBUG] Configuration: <?xml version="1.0" encoding="UTF-8"?>
<configuration>
  <baseDir>${basedir}</baseDir>
  <buildDirectory>${project.build.directory}</buildDirectory>
  <excludeDependencies>${excludeDependencies}</excludeDependencies>
  <instructions>
    <Export-Package>ch.qos.logback.core.*</Export-Package>
    <Import-Package>javax.*;resolution:=optional,
              org.xml.*;resolution:=optional,
              org.fusesource.jansi;resolution:=optional,
              org.codehaus.janino;resolution:=optional,
              org.codehaus.commons.compiler;resolution:=optional,
              *</Import-Package>
    <Bundle-RequiredExecutionEnvironment>J2SE-1.5</Bundle-RequiredExecutionEnvironment>
  </instructions>
  <manifestLocation default-value="${project.build.outputDirectory}/META-INF">${manifestLocation}</manifestLocation>
  <outputDirectory>${project.build.outputDirectory}</outputDirectory>
  <project>${project}</project>
  <unpackBundle>${unpackBundle}</unpackBundle>
</configuration>
[DEBUG] -----------------------------------------------------------------------
[DEBUG] Goal:          org.apache.maven.plugins:maven-resources-plugin:2.6:testResources (default-testResources)
[DEBUG] Style:         Regular
[DEBUG] Configuration: <?xml version="1.0" encoding="UTF-8"?>
<configuration>
  <buildFilters default-value="${project.build.filters}"/>
  <encoding default-value="${project.build.sourceEncoding}">${encoding}</encoding>
  <escapeString>${maven.resources.escapeString}</escapeString>
  <escapeWindowsPaths default-value="true">${maven.resources.escapeWindowsPaths}</escapeWindowsPaths>
  <includeEmptyDirs default-value="false">${maven.resources.includeEmptyDirs}</includeEmptyDirs>
  <outputDirectory default-value="${project.build.testOutputDirectory}"/>
  <overwrite default-value="false">${maven.resources.overwrite}</overwrite>
  <project default-value="${project}"/>
  <resources default-value="${project.testResources}"/>
  <session default-value="${session}"/>
  <skip>${maven.test.skip}</skip>
  <supportMultiLineFiltering default-value="false">${maven.resources.supportMultiLineFiltering}</supportMultiLineFiltering>
  <useBuildFilters default-value="true"/>
  <useDefaultDelimiters default-value="true"/>
</configuration>
[DEBUG] -----------------------------------------------------------------------
[DEBUG] Goal:          org.apache.maven.plugins:maven-compiler-plugin:2.3.2:testCompile (default-testCompile)
[DEBUG] Style:         Regular
[DEBUG] Configuration: <?xml version="1.0" encoding="UTF-8"?>
<configuration>
  <basedir default-value="${basedir}"/>
  <buildDirectory default-value="${project.build.directory}"/>
  <classpathElements default-value="${project.testClasspathElements}"/>
  <compileSourceRoots default-value="${project.testCompileSourceRoots}"/>
  <compilerId default-value="javac">${maven.compiler.compilerId}</compilerId>
  <compilerVersion>${maven.compiler.compilerVersion}</compilerVersion>
  <debug default-value="true">${maven.compiler.debug}</debug>
  <debuglevel>${maven.compiler.debuglevel}</debuglevel>
  <encoding default-value="${project.build.sourceEncoding}">${encoding}</encoding>
  <executable>${maven.compiler.executable}</executable>
  <failOnError default-value="true">${maven.compiler.failOnError}</failOnError>
  <fork default-value="false">${maven.compiler.fork}</fork>
  <generatedTestSourcesDirectory default-value="${project.build.directory}/generated-sources/test-annotations"/>
  <maxmem>${maven.compiler.maxmem}</maxmem>
  <meminitial>${maven.compiler.meminitial}</meminitial>
  <optimize default-value="false">${maven.compiler.optimize}</optimize>
  <outputDirectory default-value="${project.build.testOutputDirectory}"/>
  <outputFileName>${project.build.finalName}</outputFileName>
  <session default-value="${session}"/>
  <showDeprecation default-value="false">${maven.compiler.showDeprecation}</showDeprecation>
  <showWarnings default-value="false">${maven.compiler.showWarnings}</showWarnings>
  <skip>${maven.test.skip}</skip>
  <source default-value="1.5">1.5</source>
  <staleMillis default-value="0">${lastModGranularityMs}</staleMillis>
  <target default-value="1.5">1.5</target>
  <testSource>${maven.compiler.testSource}</testSource>
  <testTarget>${maven.compiler.testTarget}</testTarget>
  <verbose default-value="false">${maven.compiler.verbose}</verbose>
</configuration>
[DEBUG] -----------------------------------------------------------------------
[DEBUG] Goal:          org.apache.maven.plugins:maven-surefire-plugin:2.14.1:test (default-test)
[DEBUG] Style:         Regular
[DEBUG] Configuration: <?xml version="1.0" encoding="UTF-8"?>
<configuration>
  <argLine>${argLine}</argLine>
  <basedir default-value="${basedir}"/>
  <childDelegation default-value="false">${childDelegation}</childDelegation>
  <classesDirectory default-value="${project.build.outputDirectory}"/>
  <debugForkedProcess>${maven.surefire.debug}</debugForkedProcess>
  <disableXmlReport default-value="false">${disableXmlReport}</disableXmlReport>
  <enableAssertions default-value="true">${enableAssertions}</enableAssertions>
  <excludedGroups>${excludedGroups}</excludedGroups>
  <excludes>
    <exclude>**/All*Test.java</exclude>
    <exclude>**/PackageTest.java</exclude>
    <exclude>**/ConsoleAppenderTest.java</exclude>
  </excludes>
  <failIfNoSpecifiedTests>${surefire.failIfNoSpecifiedTests}</failIfNoSpecifiedTests>
  <failIfNoTests>${failIfNoTests}</failIfNoTests>
  <forkCount default-value="1">${forkCount}</forkCount>
  <forkMode default-value="once">once</forkMode>
  <forkedProcessTimeoutInSeconds>${surefire.timeout}</forkedProcessTimeoutInSeconds>
  <groups>${groups}</groups>
  <junitArtifactName default-value="junit:junit">${junitArtifactName}</junitArtifactName>
  <jvm>${jvm}</jvm>
  <localRepository default-value="${localRepository}"/>
  <objectFactory>${objectFactory}</objectFactory>
  <parallel>${parallel}</parallel>
  <parallelMavenExecution default-value="${session.parallel}"/>
  <perCoreThreadCount default-value="true">${perCoreThreadCount}</perCoreThreadCount>
  <pluginArtifactMap>${plugin.artifactMap}</pluginArtifactMap>
  <pluginDescriptor default-value="${plugin}"/>
  <printSummary default-value="true">${surefire.printSummary}</printSummary>
  <projectArtifactMap>${project.artifactMap}</projectArtifactMap>
  <redirectTestOutputToFile default-value="false">${maven.test.redirectTestOutputToFile}</redirectTestOutputToFile>
  <remoteRepositories default-value="${project.pluginArtifactRepositories}"/>
  <reportFormat default-value="brief">plain</reportFormat>
  <reportNameSuffix default-value="">${surefire.reportNameSuffix}</reportNameSuffix>
  <reportsDirectory default-value="${project.build.directory}/surefire-reports"/>
  <reuseForks default-value="true">${reuseForks}</reuseForks>
  <runOrder default-value="filesystem"/>
  <skip default-value="false">${maven.test.skip}</skip>
  <skipExec>${maven.test.skip.exec}</skipExec>
  <skipTests default-value="false">${skipTests}</skipTests>
  <test>${test}</test>
  <testClassesDirectory default-value="${project.build.testOutputDirectory}"/>
  <testFailureIgnore default-value="false">${maven.test.failure.ignore}</testFailureIgnore>
  <testNGArtifactName default-value="org.testng:testng">${testNGArtifactName}</testNGArtifactName>
  <testSourceDirectory default-value="${project.build.testSourceDirectory}"/>
  <threadCount>${threadCount}</threadCount>
  <trimStackTrace default-value="true">false</trimStackTrace>
  <useFile default-value="true">${surefire.useFile}</useFile>
  <useManifestOnlyJar default-value="true">${surefire.useManifestOnlyJar}</useManifestOnlyJar>
  <useSystemClassLoader default-value="true">${surefire.useSystemClassLoader}</useSystemClassLoader>
  <useUnlimitedThreads default-value="false">${useUnlimitedThreads}</useUnlimitedThreads>
  <workingDirectory>${basedir}</workingDirectory>
  <project default-value="${project}"/>
  <session default-value="${session}"/>
</configuration>
[DEBUG] =======================================================================
[DEBUG] Dependency collection stats: {ConflictMarker.analyzeTime=97343, ConflictMarker.markTime=230945, ConflictMarker.nodeCount=15, ConflictIdSorter.graphTime=15880, ConflictIdSorter.topsortTime=14988, ConflictIdSorter.conflictIdCount=13, ConflictIdSorter.conflictIdCycleCount=0, ConflictResolver.totalTime=530819, ConflictResolver.conflictItemCount=14, DefaultDependencyCollector.collectTime=90241297, DefaultDependencyCollector.transformTime=935941}
[DEBUG] ch.qos.logback:logback-core:jar:2.0.0-SNAPSHOT
[DEBUG]    org.codehaus.janino:janino:jar:2.6.1:compile (optional)
[DEBUG]       org.codehaus.janino:commons-compiler:jar:2.6.1:compile (optional)
[DEBUG]    org.fusesource.jansi:jansi:jar:1.9:compile (optional)
[DEBUG]    javax.mail:mail:jar:1.4:compile (optional)
[DEBUG]       javax.activation:activation:jar:1.1:compile (optional)
[DEBUG]    org.apache.geronimo.specs:geronimo-jms_1.1_spec:jar:1.0:compile (optional)
[DEBUG]    org.mockito:mockito-core:jar:1.9.0:test
[DEBUG]       org.hamcrest:hamcrest-core:jar:1.1:test
[DEBUG]       org.objenesis:objenesis:jar:1.0:test
[DEBUG]    javax.servlet:servlet-api:jar:2.5:compile (optional)
[DEBUG]    junit:junit:jar:4.10:test
[DEBUG]    org.easytesting:fest-assert:jar:1.2:test
[DEBUG]       org.easytesting:fest-util:jar:1.1:test
[INFO] 
[INFO] --- maven-resources-plugin:2.6:resources (default-resources) @ logback-core ---
[DEBUG] Dependency collection stats: {ConflictMarker.analyzeTime=139753, ConflictMarker.markTime=56146, ConflictMarker.nodeCount=77, ConflictIdSorter.graphTime=160101, ConflictIdSorter.topsortTime=26280, ConflictIdSorter.conflictIdCount=26, ConflictIdSorter.conflictIdCycleCount=0, ConflictResolver.totalTime=839431, ConflictResolver.conflictItemCount=74, DefaultDependencyCollector.collectTime=179497869, DefaultDependencyCollector.transformTime=1251826}
[DEBUG] org.apache.maven.plugins:maven-resources-plugin:jar:2.6
[DEBUG]    org.apache.maven:maven-plugin-api:jar:2.0.6:compile
[DEBUG]    org.apache.maven:maven-project:jar:2.0.6:compile
[DEBUG]       org.apache.maven:maven-profile:jar:2.0.6:compile
[DEBUG]       org.apache.maven:maven-artifact-manager:jar:2.0.6:compile
[DEBUG]       org.apache.maven:maven-plugin-registry:jar:2.0.6:compile
[DEBUG]    org.apache.maven:maven-core:jar:2.0.6:compile
[DEBUG]       org.apache.maven:maven-plugin-parameter-documenter:jar:2.0.6:compile
[DEBUG]       org.apache.maven.reporting:maven-reporting-api:jar:2.0.6:compile
[DEBUG]          org.apache.maven.doxia:doxia-sink-api:jar:1.0-alpha-7:compile
[DEBUG]       org.apache.maven:maven-repository-metadata:jar:2.0.6:compile
[DEBUG]       org.apache.maven:maven-error-diagnostics:jar:2.0.6:compile
[DEBUG]       commons-cli:commons-cli:jar:1.0:compile
[DEBUG]       org.apache.maven:maven-plugin-descriptor:jar:2.0.6:compile
[DEBUG]       org.codehaus.plexus:plexus-interactivity-api:jar:1.0-alpha-4:compile
[DEBUG]       classworlds:classworlds:jar:1.1:compile
[DEBUG]    org.apache.maven:maven-artifact:jar:2.0.6:compile
[DEBUG]    org.apache.maven:maven-settings:jar:2.0.6:compile
[DEBUG]    org.apache.maven:maven-model:jar:2.0.6:compile
[DEBUG]    org.apache.maven:maven-monitor:jar:2.0.6:compile
[DEBUG]    org.codehaus.plexus:plexus-container-default:jar:1.0-alpha-9-stable-1:compile
[DEBUG]       junit:junit:jar:3.8.1:compile
[DEBUG]    org.codehaus.plexus:plexus-utils:jar:2.0.5:compile
[DEBUG]    org.apache.maven.shared:maven-filtering:jar:1.1:compile
[DEBUG]       org.sonatype.plexus:plexus-build-api:jar:0.0.4:compile
[DEBUG]    org.codehaus.plexus:plexus-interpolation:jar:1.13:compile
[DEBUG] Created new class realm plugin>org.apache.maven.plugins:maven-resources-plugin:2.6
[DEBUG] Importing foreign packages into class realm plugin>org.apache.maven.plugins:maven-resources-plugin:2.6
[DEBUG]   Imported:  < project>ch.qos.logback:logback-core:2.0.0-SNAPSHOT
[DEBUG] Populating class realm plugin>org.apache.maven.plugins:maven-resources-plugin:2.6
[DEBUG]   Included: org.apache.maven.plugins:maven-resources-plugin:jar:2.6
[DEBUG]   Included: org.apache.maven.reporting:maven-reporting-api:jar:2.0.6
[DEBUG]   Included: org.apache.maven.doxia:doxia-sink-api:jar:1.0-alpha-7
[DEBUG]   Included: commons-cli:commons-cli:jar:1.0
[DEBUG]   Included: org.codehaus.plexus:plexus-interactivity-api:jar:1.0-alpha-4
[DEBUG]   Included: junit:junit:jar:3.8.1
[DEBUG]   Included: org.codehaus.plexus:plexus-utils:jar:2.0.5
[DEBUG]   Included: org.apache.maven.shared:maven-filtering:jar:1.1
[DEBUG]   Included: org.sonatype.plexus:plexus-build-api:jar:0.0.4
[DEBUG]   Included: org.codehaus.plexus:plexus-interpolation:jar:1.13
[DEBUG] Configuring mojo org.apache.maven.plugins:maven-resources-plugin:2.6:resources from plugin realm ClassRealm[plugin>org.apache.maven.plugins:maven-resources-plugin:2.6, parent: sun.misc.Launcher$AppClassLoader@5c647e05]
[DEBUG] Configuring mojo 'org.apache.maven.plugins:maven-resources-plugin:2.6:resources' with basic configurator -->
[DEBUG]   (f) buildFilters = []
[DEBUG]   (f) encoding = UTF-8
[DEBUG]   (f) escapeWindowsPaths = true
[DEBUG]   (s) includeEmptyDirs = false
[DEBUG]   (s) outputDirectory = /scratch/tbaral/ase26/nod-rr/NOD-Test-Repair/run_flakerake/reproduce/projects/64/logback/logback-core/target/classes
[DEBUG]   (s) overwrite = false
[DEBUG]   (f) project = MavenProject: ch.qos.logback:logback-core:2.0.0-SNAPSHOT @ /scratch/tbaral/ase26/nod-rr/NOD-Test-Repair/run_flakerake/reproduce/projects/64/logback/logback-core/pom.xml
[DEBUG]   (s) resources = [Resource {targetPath: null, filtering: false, FileSet {directory: /scratch/tbaral/ase26/nod-rr/NOD-Test-Repair/run_flakerake/reproduce/projects/64/logback/logback-core/src/main/resources, PatternSet [includes: {}, excludes: {}]}}]
[DEBUG]   (f) session = org.apache.maven.execution.MavenSession@19f9d595
[DEBUG]   (f) supportMultiLineFiltering = false
[DEBUG]   (f) useBuildFilters = true
[DEBUG]   (s) useDefaultDelimiters = true
[DEBUG] -- end configuration --
[DEBUG] properties used {findbugs-maven-plugin.version=2.5, env.OLDPWD=/scratch/tbaral/ase26/nod-rr/NOD-Test-Repair/run_flakerake/reproduce/projects/64/logback/logback-core, file.encoding.pkg=sun.io, env.ACLOCAL_PATH=/opt/sw/spack/apps/linux-rhel8-x86_64_v2/gcc-10.3.0/curl-7.80.0-rm/share/aclocal, env.MPIF90=/opt/sw/spack/apps/linux-rhel8-x86_64_v2/gcc-10.3.0/openmpi-4.1.2-4a/bin/mpif90, env.LMOD_FAMILY_COMPILER=gnu10, maven-surefire-plugin.version=2.14.1, java.home=/scratch/tbaral/ase26/otog/setups/jdk1.8.0_102/jre, env.SLURM_JOB_UID=1224545917, env._ModuleTable003_=ODAuMC1ybSIsfSxnaXQ9e1siZm4iXT0iL29wdC9zdy9zcGFjay9tb2R1bGVzL2xtb2QvbGludXgtcmhlbDgteDg2XzY0L2djYy8xMC4zLjAvZ2l0LzIuMzkuMS12ZC5sdWEiLFsiZnVsbE5hbWUiXT0iZ2l0LzIuMzkuMS12ZCIsWyJsb2FkT3JkZXIiXT0xMixwcm9wVD17fSxbInN0YWNrRGVwdGgiXT0wLFsic3RhdHVzIl09ImFjdGl2ZSIsWyJ1c2VyTmFtZSJdPSJnaXQiLH0sZ251MTA9e1siZm4iXT0iL29wdC9vaHBjL3B1Yi9tb2R1bGVmaWxlcy9nbnUxMC8xMC4zLjAteWEubHVhIixbImZ1bGxOYW1lIl09ImdudTEwLzEwLjMuMC15YSIsWyJsb2FkT3JkZXIiXT02LHByb3BUPXt9LFsic3RhY2tEZXB0aCJdPTAsWyJzdGF0dXMiXT0iYWN0aXZlIixbInVzZXJOYW1lIl09Imdu, env.LMOD_SETTARG_FULL_SUPPORT=no, groovy.version=2.0.7, env.CMAKE_PREFIX_PATH=/opt/sw/spack/apps/linux-rhel8-x86_64_v2/gcc-10.3.0/git-2.39.1-vd:/opt/sw/spack/apps/linux-rhel8-x86_64_v2/gcc-10.3.0/perl-5.34.0-lm:/opt/sw/spack/apps/linux-rhel8-x86_64_v2/gcc-10.3.0/bzip2-1.0.8-no:/opt/sw/spack/apps/linux-rhel8-x86_64_v2/gcc-10.3.0/curl-7.80.0-rm:/opt/sw/spack/apps/linux-rhel8-x86_64_v2/gcc-10.3.0/openmpi-4.1.2-4a:/opt/sw/spack/apps/linux-rhel8-x86_64_v2/gcc-10.3.0/zlib-1.2.11-2y:/opt/sw/spack/apps/linux-rhel8-x86_64_v2/gcc-9.3.0/gcc-10.3.0-ya, env.SDKMAN_CANDIDATES_API=https://api.sdkman.io/2, env.LMOD_PACKAGE_PATH=/opt/ohpc/admin/lmod/8.2.10, env.HYDRA_LAUNCHER_EXTRA_ARGS=--external-launcher, env.__LMOD_REF_COUNT_CMAKE_PREFIX_PATH=/opt/sw/spack/apps/linux-rhel8-x86_64_v2/gcc-10.3.0/git-2.39.1-vd:1;/opt/sw/spack/apps/linux-rhel8-x86_64_v2/gcc-10.3.0/perl-5.34.0-lm:1;/opt/sw/spack/apps/linux-rhel8-x86_64_v2/gcc-10.3.0/bzip2-1.0.8-no:1;/opt/sw/spack/apps/linux-rhel8-x86_64_v2/gcc-10.3.0/curl-7.80.0-rm:1;/opt/sw/spack/apps/linux-rhel8-x86_64_v2/gcc-10.3.0/openmpi-4.1.2-4a:1;/opt/sw/spack/apps/linux-rhel8-x86_64_v2/gcc-10.3.0/zlib-1.2.11-2y:1;/opt/sw/spack/apps/linux-rhel8-x86_64_v2/gcc-9.3.0/gcc-10.3.0-ya:1, env.ENVIRONMENT=BATCH, classworlds.conf=/scratch/tbaral/ase26/otog/setups/maven/bin/m2.conf, env.SDKMAN_CANDIDATES_DIR=/home/tbaral/.sdkman/candidates, env.SLURM_JOBID=3941713, java.endorsed.dirs=/scratch/tbaral/ase26/otog/setups/jdk1.8.0_102/jre/lib/endorsed, env.LOGNAME=tbaral, env.MPICC=/opt/sw/spack/apps/linux-rhel8-x86_64_v2/gcc-10.3.0/openmpi-4.1.2-4a/bin/mpicc, sun.os.patch.level=unknown, env.OPENMPI_ROOT=/opt/sw/spack/apps/linux-rhel8-x86_64_v2/gcc-10.3.0/openmpi-4.1.2-4a, test=ch.qos.logback.core.FileAppenderResilienceTest#smoke, java.vendor.url=http://java.oracle.com/, env.INCLUDE=/opt/sw/spack/apps/linux-rhel8-x86_64_v2/gcc-10.3.0/bzip2-1.0.8-no/include:/opt/sw/spack/apps/linux-rhel8-x86_64_v2/gcc-10.3.0/curl-7.80.0-rm/include:/opt/sw/spack/apps/linux-rhel8-x86_64_v2/gcc-10.3.0/openmpi-4.1.2-4a/include:/opt/sw/spack/apps/linux-rhel8-x86_64_v2/gcc-10.3.0/zlib-1.2.11-2y/include:/opt/sw/spack/apps/linux-rhel8-x86_64_v2/gcc-9.3.0/gcc-10.3.0-ya/include/c++/10.3.0:/opt/sw/spack/apps/linux-rhel8-x86_64_v2/gcc-9.3.0/gcc-10.3.0-ya/include, env.TERM_PROGRAM_VERSION=1.101.2, java.version=1.8.0_102, env._ModuleTable002_=LjAvYnppcDIvMS4wLjgtbm8ubHVhIixbImZ1bGxOYW1lIl09ImJ6aXAyLzEuMC44LW5vIixbImxvYWRPcmRlciJdPTEwLHByb3BUPXt9LFsicmVmX2NvdW50Il09MSxbInN0YWNrRGVwdGgiXT0yLFsic3RhdHVzIl09ImFjdGl2ZSIsWyJ1c2VyTmFtZSJdPSJiemlwMi8xLjAuOC1ubyIsfSxjdXJsPXtbImZuIl09Ii9vcHQvc3cvc3BhY2svbW9kdWxlcy9sbW9kL2xpbnV4LXJoZWw4LXg4Nl82NC9nY2MvMTAuMy4wL2N1cmwvNy44MC4wLXJtLmx1YSIsWyJmdWxsTmFtZSJdPSJjdXJsLzcuODAuMC1ybSIsWyJsb2FkT3JkZXIiXT05LHByb3BUPXt9LFsicmVmX2NvdW50Il09MSxbInN0YWNrRGVwdGgiXT0xLFsic3RhdHVzIl09ImFjdGl2ZSIsWyJ1c2VyTmFtZSJdPSJjdXJsLzcu, env.module_id=64, env.SDKMAN_DIR=/home/tbaral/.sdkman, java.vendor.url.bug=http://bugreport.sun.com/bugreport/, skipTests=true, env.SSH_CLIENT=172.16.128.7 50936 22, env.LIBRARY_PATH=/opt/sw/spack/apps/linux-rhel8-x86_64_v2/gcc-10.3.0/perl-5.34.0-lm/lib:/opt/sw/spack/apps/linux-rhel8-x86_64_v2/gcc-10.3.0/bzip2-1.0.8-no/lib:/opt/sw/spack/apps/linux-rhel8-x86_64_v2/gcc-10.3.0/curl-7.80.0-rm/lib:/opt/sw/spack/apps/linux-rhel8-x86_64_v2/gcc-10.3.0/openmpi-4.1.2-4a/lib:/opt/sw/spack/apps/linux-rhel8-x86_64_v2/gcc-10.3.0/zlib-1.2.11-2y/lib:/opt/sw/spack/apps/linux-rhel8-x86_64_v2/gcc-9.3.0/gcc-10.3.0-ya/lib64:/opt/sw/spack/apps/linux-rhel8-x86_64_v2/gcc-9.3.0/gcc-10.3.0-ya/lib, env.SLURM_JOB_NODELIST=amd087, env.SLURM_JOB_GID=100, jansi.version=1.9, env.MPIF77=/opt/sw/spack/apps/linux-rhel8-x86_64_v2/gcc-10.3.0/openmpi-4.1.2-4a/bin/mpif77, user.name=tbaral, env.LANG=en_US.UTF-8, env.LMOD_PKG=/opt/ohpc/admin/lmod/lmod, sun.io.unicode.encoding=UnicodeLittle, sun.jnu.encoding=UTF-8, env.DBUS_SESSION_BUS_ADDRESS=unix:path=/run/user/1224545917/bus, java.runtime.name=Java(TM) SE Runtime Environment, env.SSH_ASKPASS=/usr/libexec/openssh/gnome-ssh-askpass, env._ModuleTable001_=X01vZHVsZVRhYmxlXz17WyJNVHZlcnNpb24iXT0zLFsiY19yZWJ1aWxkVGltZSJdPTg2NDAwLFsiY19zaG9ydFRpbWUiXT1mYWxzZSxkZXB0aFQ9e30sZmFtaWx5PXtbImNvbXBpbGVyIl09ImdudTEwIixbIm1waSJdPSJvcGVubXBpNCIsfSxtVD17YXV0b3Rvb2xzPXtbImZuIl09Ii9vcHQvb2hwYy9wdWIvbW9kdWxlZmlsZXMvYXV0b3Rvb2xzLmx1YSIsWyJmdWxsTmFtZSJdPSJhdXRvdG9vbHMiLFsibG9hZE9yZGVyIl09Myxwcm9wVD17fSxbInN0YWNrRGVwdGgiXT0xLFsic3RhdHVzIl09ImFjdGl2ZSIsWyJ1c2VyTmFtZSJdPSJhdXRvdG9vbHMiLH0sYnppcDI9e1siZm4iXT0iL29wdC9zdy9zcGFjay9tb2R1bGVzL2xtb2QvbGludXgtcmhlbDgteDg2XzY0L2djYy8xMC4z, env.SLURM_TASK_PID=93213, env.LMOD_MPI_NAME=openmpi, env.SSH_CONNECTION=172.16.128.7 50936 172.16.129.44 22, env.OMPI_MCA_plm_slurm_args=--external-launcher, env.__LMOD_REF_COUNT__LMFILES_=/opt/ohpc/pub/modulefiles/ohpc:1;/opt/ohpc/admin/lmod/8.2.10/modulefiles/Core/use.own.lua:1;/opt/ohpc/pub/modulefiles/autotools.lua:1;/opt/ohpc/pub/modulefiles/prun/2.0.lua:1;/etc/modulefiles/Core/hosts/hopper:1;/opt/ohpc/pub/modulefiles/gnu10/10.3.0-ya.lua:1;/opt/sw/spack/modules/lmod/linux-rhel8-x86_64/gcc/10.3.0/zlib/1.2.11-2y.lua:1;/opt/sw/spack/modules/lmod/linux-rhel8-x86_64/gcc/10.3.0/openmpi4/4.1.2-4a.lua:1;/opt/sw/spack/modules/lmod/linux-rhel8-x86_64/gcc/10.3.0/curl/7.80.0-rm.lua:1;/opt/sw/spack/modules/lmod/linux-rhel8-x86_64/gcc/10.3.0/bzip2/1.0.8-no.lua:1;/opt/sw/spack/modules/lmod/linux-rhel8-x86_64/gcc/10.3.0/perl/5.34.0-lm.lua:1;/opt/sw/spack/modules/lmod/linux-rhel8-x86_64/gcc/10.3.0/git/2.39.1-vd.lua:1, env.BROWSER=/home/tbaral/.vscode-server/cli/servers/Stable-2901c5ac6db8a986a5666c3af51ff804d05af0d4/server/bin/helpers/browser.sh, java.specification.name=Java Platform API Specification, env.SLURM_PRIO_PROCESS=0, env.LMOD_PREPEND_BLOCK=normal, user.timezone=, janino.version=2.6.1, env.LESSOPEN=||/usr/bin/lesspipe.sh %s, env.SLURM_JOB_START_TIME=1752106412, path.separator=:, tomcat.version=7.0.21, env.MAVEN_CMD_LINE_ARGS= test -X -Dtest=ch.qos.logback.core.FileAppenderResilienceTest#smoke -DfailIfNoTests=false -DskipTests -q -B -fn -s /scratch/tbaral/ase26/nod-rr/NOD-Test-Repair/flakerake/shell_scripts/maven-repo-fix-settings.xml -DskipITs, jdk.version=1.5, env.LMOD_MPI_VERSION=4.1.2-4aedfmd, file.encoding=UTF-8, env.HOME=/home/tbaral, env.which_declare=declare -f, sun.java.command=org.codehaus.plexus.classworlds.launcher.Launcher test -X -Dtest=ch.qos.logback.core.FileAppenderResilienceTest#smoke -DfailIfNoTests=false -DskipTests -q -B -fn -s /scratch/tbaral/ase26/nod-rr/NOD-Test-Repair/flakerake/shell_scripts/maven-repo-fix-settings.xml -DskipITs, env.MANPATH=/opt/sw/spack/apps/linux-rhel8-x86_64_v2/gcc-10.3.0/git-2.39.1-vd/share/man:/opt/sw/spack/apps/linux-rhel8-x86_64_v2/gcc-10.3.0/perl-5.34.0-lm/man:/opt/sw/spack/apps/linux-rhel8-x86_64_v2/gcc-10.3.0/bzip2-1.0.8-no/man:/opt/sw/spack/apps/linux-rhel8-x86_64_v2/gcc-10.3.0/curl-7.80.0-rm/share/man:/opt/sw/spack/apps/linux-rhel8-x86_64_v2/gcc-10.3.0/openmpi-4.1.2-4a/share/man:/opt/sw/spack/apps/linux-rhel8-x86_64_v2/gcc-10.3.0/zlib-1.2.11-2y/share/man:/usr/share/man:/opt/sw/spack/apps/linux-rhel8-x86_64_v2/gcc-9.3.0/gcc-10.3.0-ya/share/man:/opt/ohpc/pub/utils/autotools/share/man:/usr/local/share/man:/usr/share/man/overrides:/usr/share/man/en, env.CXX=/opt/sw/spack/apps/linux-rhel8-x86_64_v2/gcc-9.3.0/gcc-10.3.0-ya/bin/g++, env.LMOD_SYSTEM_DEFAULT_MODULES=hosts/hopper, env.LMOD_COLORIZE=no, env.SLURM_TOPOLOGY_ADDR_PATTERN=node, env.LMOD_CACHED_LOADS=yes, env.LMOD_FULL_SETTARG_SUPPORT=yes, env.HOSTNAME=amd087, env.LMOD_MODULERCFILE=/opt/ohpc/admin/lmod/etc/rc-hopper.lua, env.I_MPI_HYDRA_BOOTSTRAP=slurm, env.FC=/opt/sw/spack/apps/linux-rhel8-x86_64_v2/gcc-9.3.0/gcc-10.3.0-ya/bin/gfortran, java.io.tmpdir=/tmp, env.SLURM_NODEID=0, user.language=en, env.HISTCONTROL=ignoredups, line.separator=
, env.__LMOD_REF_COUNT_ACLOCAL_PATH=/opt/sw/spack/apps/linux-rhel8-x86_64_v2/gcc-10.3.0/curl-7.80.0-rm/share/aclocal:1, env.BZIP2_ROOT=/opt/sw/spack/apps/linux-rhel8-x86_64_v2/gcc-10.3.0/bzip2-1.0.8-no, env.HISTSIZE=1000, env.CURL_ROOT=/opt/sw/spack/apps/linux-rhel8-x86_64_v2/gcc-10.3.0/curl-7.80.0-rm, env.LMOD_FAMILY_COMPILER_VERSION=10.3.0-ya, java.vm.info=mixed mode, env.C_INCLUDE_PATH=/opt/sw/spack/apps/linux-rhel8-x86_64_v2/gcc-10.3.0/bzip2-1.0.8-no/include:/opt/sw/spack/apps/linux-rhel8-x86_64_v2/gcc-10.3.0/curl-7.80.0-rm/include:/opt/sw/spack/apps/linux-rhel8-x86_64_v2/gcc-10.3.0/openmpi-4.1.2-4a/include:/opt/sw/spack/apps/linux-rhel8-x86_64_v2/gcc-10.3.0/zlib-1.2.11-2y/include:/opt/sw/spack/apps/linux-rhel8-x86_64_v2/gcc-9.3.0/gcc-10.3.0-ya/include, java.vm.specification.name=Java Virtual Machine Specification, consolePlugin.version=1.1.0, env.SLURM_PROCID=0, env.git_sha=0f57531977287fd3d8c9046e9f68e281715f3b10, env.COLORTERM=truecolor, env.M2_HOME=/scratch/tbaral/ase26/otog/setups/maven, env.SLURM_MEM_PER_NODE=65536, skipITs=true, env.__LMOD_REF_COUNT_INCLUDE=/opt/sw/spack/apps/linux-rhel8-x86_64_v2/gcc-10.3.0/bzip2-1.0.8-no/include:1;/opt/sw/spack/apps/linux-rhel8-x86_64_v2/gcc-10.3.0/curl-7.80.0-rm/include:1;/opt/sw/spack/apps/linux-rhel8-x86_64_v2/gcc-10.3.0/openmpi-4.1.2-4a/include:1;/opt/sw/spack/apps/linux-rhel8-x86_64_v2/gcc-10.3.0/zlib-1.2.11-2y/include:1;/opt/sw/spack/apps/linux-rhel8-x86_64_v2/gcc-9.3.0/gcc-10.3.0-ya/include/c++/10.3.0:1;/opt/sw/spack/apps/linux-rhel8-x86_64_v2/gcc-9.3.0/gcc-10.3.0-ya/include:1, env.LMOD_DIR=/opt/ohpc/admin/lmod/lmod/libexec, env.SLURM_JOB_END_TIME=1752142412, env.SLURM_CPUS_ON_NODE=16, java.awt.printerjob=sun.print.PSPrinterJob, maven-license-plugin.version=1.9.0, env.__LMOD_REF_COUNT_C_INCLUDE_PATH=/opt/sw/spack/apps/linux-rhel8-x86_64_v2/gcc-10.3.0/bzip2-1.0.8-no/include:1;/opt/sw/spack/apps/linux-rhel8-x86_64_v2/gcc-10.3.0/curl-7.80.0-rm/include:1;/opt/sw/spack/apps/linux-rhel8-x86_64_v2/gcc-10.3.0/openmpi-4.1.2-4a/include:1;/opt/sw/spack/apps/linux-rhel8-x86_64_v2/gcc-10.3.0/zlib-1.2.11-2y/include:1;/opt/sw/spack/apps/linux-rhel8-x86_64_v2/gcc-9.3.0/gcc-10.3.0-ya/include:1, env.SDKMAN_PLATFORM=linuxx64, maven-jar-plugin.version=2.3.1, javax.mail.version=1.4, env.SLURM_CLUSTER_NAME=hopper, env.SLURM_NODELIST=amd087, env.LMOD_FAMILY_MPI_VERSION=4.1.2-4a, jetty.version=7.5.1.v20110908, env.SLURM_JOB_USER=tbaral, env.SLURM_JOB_ACCOUNT=winglam, env.PYTHON_FLAKY_BIN=/scratch/tbaral/ase26/python/py39/bin/python3.9, env.F77=/opt/sw/spack/apps/linux-rhel8-x86_64_v2/gcc-9.3.0/gcc-10.3.0-ya/bin/gfortran, env.LMOD_REDIRECT=no, env.LOADEDMODULES=ohpc:use.own:autotools:prun/2.0:hosts/hopper:gnu10/10.3.0-ya:zlib/1.2.11-2y:openmpi4/4.1.2-4a:curl/7.80.0-rm:bzip2/1.0.8-no:perl/5.34.0-lm:git/2.39.1-vd, env.BASH_FUNC_module%%=() {  eval $($LMOD_CMD bash "$@") && eval $(${LMOD_SETTARG_CMD:-:} -s sh)
}, os.name=Linux, java.specification.vendor=Oracle Corporation, env.SLURMD_NODENAME=amd087, env.SLURM_JOB_NAME=64_flakerake_reproduce, env.TERM=xterm-256color, java.vm.name=Java HotSpot(TM) 64-Bit Server VM, env.JAVA_FLAKY_HOME=/scratch/tbaral/ase26/otog/setups/jdk1.8.0_102, env.SLURM_JOB_QOS=normal, java.library.path=/opt/sw/spack/apps/linux-rhel8-x86_64_v2/gcc-10.3.0/perl-5.34.0-lm/lib:/opt/sw/spack/apps/linux-rhel8-x86_64_v2/gcc-10.3.0/bzip2-1.0.8-no/lib:/opt/sw/spack/apps/linux-rhel8-x86_64_v2/gcc-10.3.0/curl-7.80.0-rm/lib:/opt/sw/spack/apps/linux-rhel8-x86_64_v2/gcc-10.3.0/openmpi-4.1.2-4a/lib:/opt/sw/spack/apps/linux-rhel8-x86_64_v2/gcc-10.3.0/zlib-1.2.11-2y/lib:/opt/sw/spack/apps/linux-rhel8-x86_64_v2/gcc-9.3.0/gcc-10.3.0-ya/lib64:/opt/sw/spack/apps/linux-rhel8-x86_64_v2/gcc-9.3.0/gcc-10.3.0-ya/lib:/usr/java/packages/lib/amd64:/usr/lib64:/lib64:/lib:/usr/lib, env._ModuleTable009_=LjIuMTEtMnkiLH0sfSxtcGF0aEE9eyIvb3B0L3N3L290aGVyL21vZHVsZWRlcHMvbGludXgtcmhlbDgteDg2XzY0X3YyL2djYy0xMC4zLjAtb3Blbm1waS00LjEuMiIsIi9vcHQvc3cvc3BhY2svbW9kdWxlZGVwcy9saW51eC1yaGVsOC14ODZfNjQvZ251LTEwLjMuMC1vcGVubXBpLTQuMS4yIiwiL29wdC9zdy9vdGhlci9tb2R1bGVkZXBzL2xpbnV4LXJoZWw4LXg4Nl82NF92Mi9nY2MtMTAuMy4wIiwiL29wdC9zdy9zcGFjay9tb2R1bGVzL2xtb2QtMjAyNC9saW51eC1yaGVsOC14ODZfNjQvZ2NjLzEwLjMuMCIsIi9vcHQvc3cvc3BhY2svbW9kdWxlcy9sbW9kL2xpbnV4LXJoZWw4LXg4Nl82NC9nY2MvMTAuMy4wIiwiL29wdC9zdy9vdGhlci9tb2R1bGVmaWxlcyIsIi9vcHQv, env.PATH=/scratch/tbaral/ase26/python/py39/bin:/opt/sw/spack/apps/linux-rhel8-x86_64_v2/gcc-10.3.0/git-2.39.1-vd/bin:/opt/sw/spack/apps/linux-rhel8-x86_64_v2/gcc-10.3.0/perl-5.34.0-lm/bin:/opt/sw/spack/apps/linux-rhel8-x86_64_v2/gcc-10.3.0/bzip2-1.0.8-no/bin:/opt/sw/spack/apps/linux-rhel8-x86_64_v2/gcc-10.3.0/curl-7.80.0-rm/bin:/opt/sw/spack/apps/linux-rhel8-x86_64_v2/gcc-10.3.0/openmpi-4.1.2-4a/bin:/opt/sw/spack/apps/linux-rhel8-x86_64_v2/gcc-9.3.0/gcc-10.3.0-ya/bin:/home/tbaral/.nvm/versions/node/v24.0.0/bin:/home/tbaral/.sdkman/candidates/java/current/bin:/home/tbaral/.vscode-server/cli/servers/Stable-2901c5ac6db8a986a5666c3af51ff804d05af0d4/server/bin/remote-cli:/opt/ohpc/pub/utils/prun/2.0:/opt/ohpc/pub/utils/autotools/bin:/opt/ohpc/pub/bin:/usr/local/bin:/usr/bin:/usr/local/sbin:/usr/sbin:/opt/dell/srvadmin/bin:/home/tbaral/.vscode-server/data/User/globalStorage/github.copilot-chat/debugCommand:/scratch/tbaral/ase26/otog/setups/maven/bin, env.CC=/opt/sw/spack/apps/linux-rhel8-x86_64_v2/gcc-9.3.0/gcc-10.3.0-ya/bin/gcc, library.jansi.path=/scratch/tbaral/ase26/otog/setups/maven/lib/jansi-native, env.__LMOD_REF_COUNT_LIBRARY_PATH=/opt/sw/spack/apps/linux-rhel8-x86_64_v2/gcc-10.3.0/perl-5.34.0-lm/lib:1;/opt/sw/spack/apps/linux-rhel8-x86_64_v2/gcc-10.3.0/bzip2-1.0.8-no/lib:1;/opt/sw/spack/apps/linux-rhel8-x86_64_v2/gcc-10.3.0/curl-7.80.0-rm/lib:1;/opt/sw/spack/apps/linux-rhel8-x86_64_v2/gcc-10.3.0/openmpi-4.1.2-4a/lib:1;/opt/sw/spack/apps/linux-rhel8-x86_64_v2/gcc-10.3.0/zlib-1.2.11-2y/lib:1;/opt/sw/spack/apps/linux-rhel8-x86_64_v2/gcc-9.3.0/gcc-10.3.0-ya/lib64:1;/opt/sw/spack/apps/linux-rhel8-x86_64_v2/gcc-9.3.0/gcc-10.3.0-ya/lib:1, env.LMOD_SITE_NAME=GMU_Hopper, java.class.version=52.0, env.SHLVL=9, env.HYDRA_BOOTSTRAP=slurm, maven.multiModuleProjectDirectory=/scratch/tbaral/ase26/nod-rr/NOD-Test-Repair/run_flakerake/reproduce/projects/64/logback/logback-core, env.LD_LIBRARY_PATH=/opt/sw/spack/apps/linux-rhel8-x86_64_v2/gcc-10.3.0/perl-5.34.0-lm/lib:/opt/sw/spack/apps/linux-rhel8-x86_64_v2/gcc-10.3.0/bzip2-1.0.8-no/lib:/opt/sw/spack/apps/linux-rhel8-x86_64_v2/gcc-10.3.0/curl-7.80.0-rm/lib:/opt/sw/spack/apps/linux-rhel8-x86_64_v2/gcc-10.3.0/openmpi-4.1.2-4a/lib:/opt/sw/spack/apps/linux-rhel8-x86_64_v2/gcc-10.3.0/zlib-1.2.11-2y/lib:/opt/sw/spack/apps/linux-rhel8-x86_64_v2/gcc-9.3.0/gcc-10.3.0-ya/lib64:/opt/sw/spack/apps/linux-rhel8-x86_64_v2/gcc-9.3.0/gcc-10.3.0-ya/lib, env.NVM_DIR=/home/tbaral/.nvm, env.MODULESHOME=/opt/ohpc/admin/lmod/lmod, env.LMOD_FAMILY_MPI=openmpi4, env.GCC_ROOT=/opt/sw/spack/apps/linux-rhel8-x86_64_v2/gcc-9.3.0/gcc-10.3.0-ya, env.LMOD_SETTARG_CMD=:, env.__LMOD_REF_COUNT_LD_LIBRARY_PATH=/opt/sw/spack/apps/linux-rhel8-x86_64_v2/gcc-10.3.0/perl-5.34.0-lm/lib:1;/opt/sw/spack/apps/linux-rhel8-x86_64_v2/gcc-10.3.0/bzip2-1.0.8-no/lib:1;/opt/sw/spack/apps/linux-rhel8-x86_64_v2/gcc-10.3.0/curl-7.80.0-rm/lib:1;/opt/sw/spack/apps/linux-rhel8-x86_64_v2/gcc-10.3.0/openmpi-4.1.2-4a/lib:1;/opt/sw/spack/apps/linux-rhel8-x86_64_v2/gcc-10.3.0/zlib-1.2.11-2y/lib:1;/opt/sw/spack/apps/linux-rhel8-x86_64_v2/gcc-9.3.0/gcc-10.3.0-ya/lib64:1;/opt/sw/spack/apps/linux-rhel8-x86_64_v2/gcc-9.3.0/gcc-10.3.0-ya/lib:1, env.LMOD_VERSION=8.2.10, env.NVM_BIN=/home/tbaral/.nvm/versions/node/v24.0.0/bin, env.SLURM_JOB_ID=3941713, failIfNoTests=false, env.LMOD_SETTARG_TITLE_BAR=no, env.LMOD_AVAIL_STYLE=en_grouped:system, env.MODULEPATH=/opt/sw/other/moduledeps/linux-rhel8-x86_64_v2/gcc-10.3.0-openmpi-4.1.2:/opt/sw/spack/moduledeps/linux-rhel8-x86_64/gnu-10.3.0-openmpi-4.1.2:/opt/sw/other/moduledeps/linux-rhel8-x86_64_v2/gcc-10.3.0:/opt/sw/spack/modules/lmod-2024/linux-rhel8-x86_64/gcc/10.3.0:/opt/sw/spack/modules/lmod/linux-rhel8-x86_64/gcc/10.3.0:/opt/sw/other/modulefiles:/opt/ohpc/pub/modulefiles:/etc/modulefiles/Core:/opt/ohpc/admin/lmod/8.2.10/modulefiles/Core:/home/tbaral/privatemodules, project.build.sourceEncoding=UTF-8, sun.boot.library.path=/scratch/tbaral/ase26/otog/setups/jdk1.8.0_102/jre/lib/amd64, env._ModuleTable008_=dC9vaHBjL2FkbWluL2xtb2QvOC4yLjEwL21vZHVsZWZpbGVzL0NvcmUvdXNlLm93bi5sdWEiLFsiZnVsbE5hbWUiXT0idXNlLm93biIsWyJsb2FkT3JkZXIiXT0yLHByb3BUPXt9LFsic3RhY2tEZXB0aCJdPTEsWyJzdGF0dXMiXT0iYWN0aXZlIixbInVzZXJOYW1lIl09InVzZS5vd24iLH0semxpYj17WyJmbiJdPSIvb3B0L3N3L3NwYWNrL21vZHVsZXMvbG1vZC9saW51eC1yaGVsOC14ODZfNjQvZ2NjLzEwLjMuMC96bGliLzEuMi4xMS0yeS5sdWEiLFsiZnVsbE5hbWUiXT0iemxpYi8xLjIuMTEtMnkiLFsibG9hZE9yZGVyIl09Nyxwcm9wVD17fSxbInJlZl9jb3VudCJdPTQsWyJzdGFja0RlcHRoIl09MixbInN0YXR1cyJdPSJhY3RpdmUiLFsidXNlck5hbWUiXT0iemxpYi8x, env.VIRTUAL_ENV=/scratch/tbaral/ase26/python/py39, sun.management.compiler=HotSpot 64-Bit Tiered Compilers, env.LMOD_CMD=/opt/ohpc/admin/lmod/lmod/libexec/lmod, java.awt.graphicsenv=sun.awt.X11GraphicsEnvironment, env.BASH_FUNC_ml%%=() {  eval $($LMOD_DIR/ml_cmd "$@")
}, env._ModuleTable_Sz_=10, env.BASH_ENV=/opt/ohpc/admin/lmod/lmod/init/bash, env.USER=tbaral, env.SLURM_JOB_PARTITION=bigmem, env.__LMOD_REF_COUNT_MANPATH=/opt/sw/spack/apps/linux-rhel8-x86_64_v2/gcc-10.3.0/git-2.39.1-vd/share/man:1;/opt/sw/spack/apps/linux-rhel8-x86_64_v2/gcc-10.3.0/perl-5.34.0-lm/man:1;/opt/sw/spack/apps/linux-rhel8-x86_64_v2/gcc-10.3.0/bzip2-1.0.8-no/man:1;/opt/sw/spack/apps/linux-rhel8-x86_64_v2/gcc-10.3.0/curl-7.80.0-rm/share/man:1;/opt/sw/spack/apps/linux-rhel8-x86_64_v2/gcc-10.3.0/openmpi-4.1.2-4a/share/man:1;/opt/sw/spack/apps/linux-rhel8-x86_64_v2/gcc-10.3.0/zlib-1.2.11-2y/share/man:1;/usr/share/man:4;/opt/sw/spack/apps/linux-rhel8-x86_64_v2/gcc-9.3.0/gcc-10.3.0-ya/share/man:1;/opt/ohpc/pub/utils/autotools/share/man:1;/usr/local/share/man:4;/usr/share/man/overrides:4;/usr/share/man/en:4, env.NVM_INC=/home/tbaral/.nvm/versions/node/v24.0.0/include/node, junit.version=4.10, env.TERM_PROGRAM=vscode, env.PRTE_MCA_plm_slurm_args=--external-launcher, env.SLURM_OOM_KILL_STEP=0, java.vm.specification.version=1.8, env.SLURM_TASKS_PER_NODE=1, env.LMOD_AUTO_SWAP=yes, env.MAVEN_REPO=/home/tbaral/.m2/repository, env._ModuleTable007_=bj17WyJmbiJdPSIvb3B0L29ocGMvcHViL21vZHVsZWZpbGVzL3BydW4vMi4wLmx1YSIsWyJmdWxsTmFtZSJdPSJwcnVuLzIuMCIsWyJsb2FkT3JkZXIiXT00LHByb3BUPXt9LFsic3RhY2tEZXB0aCJdPTEsWyJzdGF0dXMiXT0iYWN0aXZlIixbInVzZXJOYW1lIl09InBydW4iLH0sdWN4PXtbImZuIl09Ii9vcHQvc3cvc3BhY2svbW9kdWxlZGVwcy9saW51eC1yaGVsOC14ODZfNjQvZ251LTkuMy4wL3VjeC8xLjEyLjEtNGcubHVhIixbImZ1bGxOYW1lIl09InVjeC8xLjEyLjEtNGciLFsibG9hZE9yZGVyIl09LTUscHJvcFQ9e30sWyJzdGFja0RlcHRoIl09MixbInN0YXR1cyJdPSJpbmFjdGl2ZSIsWyJ1c2VyTmFtZSJdPSJ1Y3giLH0sWyJ1c2Uub3duIl09e1siZm4iXT0iL29w, env.NLSPATH=/usr/dt/lib/nls/msg/%L/%N.cat, slf4j.version=1.7.5, awt.toolkit=sun.awt.X11.XToolkit, env.SLURM_TRES_PER_TASK=cpu=16, sun.cpu.isalist=, env.MAVEN_PROJECTBASEDIR=/scratch/tbaral/ase26/nod-rr/NOD-Test-Repair/run_flakerake/reproduce/projects/64/logback/logback-core, env.SLURM_SUBMIT_DIR=/scratch/tbaral/ase26/nod-rr/NOD-Test-Repair/run_flakerake/reproduce, maven-compiler-plugin.version=2.3.2, java.ext.dirs=/scratch/tbaral/ase26/otog/setups/jdk1.8.0_102/jre/lib/ext:/usr/java/packages/lib/ext, env.VSCODE_IPC_HOOK_CLI=/run/user/1224545917/vscode-ipc-be4d702a-efbb-4c8e-8100-35b7d937e434.sock, os.version=4.18.0-553.33.1.el8_10.x86_64, env.SSL_CERT_FILE=/etc/pki/ca-trust/extracted/pem/tls-ca-bundle.pem, env.SSL_CERT_DIR=/etc/pki/tls/certs, user.home=/home/tbaral, java.vm.vendor=Oracle Corporation, env.BASH_FUNC_which%%=() {  ( alias;
 eval ${which_declare} ) | /usr/bin/which --tty-only --read-alias --read-functions --show-tilde --show-dot $@
}, env.PKG_CONFIG_PATH=/opt/sw/spack/apps/linux-rhel8-x86_64_v2/gcc-10.3.0/curl-7.80.0-rm/lib/pkgconfig:/opt/sw/spack/apps/linux-rhel8-x86_64_v2/gcc-10.3.0/openmpi-4.1.2-4a/lib/pkgconfig:/opt/sw/spack/apps/linux-rhel8-x86_64_v2/gcc-10.3.0/zlib-1.2.11-2y/lib/pkgconfig, env.JAVA_HOME=/scratch/tbaral/ase26/otog/setups/jdk1.8.0_102, env.XDG_SESSION_ID=691, env._ModuleTable010_=b2hwYy9wdWIvbW9kdWxlZmlsZXMiLCIvZXRjL21vZHVsZWZpbGVzL0NvcmUiLCIvb3B0L29ocGMvYWRtaW4vbG1vZC84LjIuMTAvbW9kdWxlZmlsZXMvQ29yZSIsIi9ob21lL3RiYXJhbC9wcml2YXRlbW9kdWxlcyIsfSxbInN5c3RlbUJhc2VNUEFUSCJdPSIvb3B0L29ocGMvcHViL21vZHVsZWZpbGVzIix9, maven.conf=/scratch/tbaral/ase26/otog/setups/maven/conf, user.dir=/scratch/tbaral/ase26/nod-rr/NOD-Test-Repair/run_flakerake/reproduce/projects/64/logback/logback-core, env.XFILESEARCHPATH=/usr/dt/app-defaults/%L/Dt, env.SLURM_NNODES=1, env.MAIL=/var/spool/mail/tbaral, env.PERL_ROOT=/opt/sw/spack/apps/linux-rhel8-x86_64_v2/gcc-10.3.0/perl-5.34.0-lm, env.project_git_url=https://github.com/qos-ch/logback.git, env.PWD=/scratch/tbaral/ase26/nod-rr/NOD-Test-Repair/run_flakerake/reproduce/projects/64/logback/logback-core, env.__LMOD_REF_COUNT_PKG_CONFIG_PATH=/opt/sw/spack/apps/linux-rhel8-x86_64_v2/gcc-10.3.0/curl-7.80.0-rm/lib/pkgconfig:1;/opt/sw/spack/apps/linux-rhel8-x86_64_v2/gcc-10.3.0/openmpi-4.1.2-4a/lib/pkgconfig:1;/opt/sw/spack/apps/linux-rhel8-x86_64_v2/gcc-10.3.0/zlib-1.2.11-2y/lib/pkgconfig:1, env._ModuleTable006_=LjMuMC9vcGVubXBpNC80LjEuMi00YS5sdWEiLFsiZnVsbE5hbWUiXT0ib3Blbm1waTQvNC4xLjItNGEiLFsibG9hZE9yZGVyIl09OCxwcm9wVD17fSxbInN0YWNrRGVwdGgiXT0wLFsic3RhdHVzIl09ImFjdGl2ZSIsWyJ1c2VyTmFtZSJdPSJvcGVubXBpNCIsfSxwZXJsPXtbImZuIl09Ii9vcHQvc3cvc3BhY2svbW9kdWxlcy9sbW9kL2xpbnV4LXJoZWw4LXg4Nl82NC9nY2MvMTAuMy4wL3BlcmwvNS4zNC4wLWxtLmx1YSIsWyJmdWxsTmFtZSJdPSJwZXJsLzUuMzQuMC1sbSIsWyJsb2FkT3JkZXIiXT0xMSxwcm9wVD17fSxbInJlZl9jb3VudCJdPTEsWyJzdGFja0RlcHRoIl09MSxbInN0YXR1cyJdPSJhY3RpdmUiLFsidXNlck5hbWUiXT0icGVybC81LjM0LjAtbG0iLH0scHJ1, env.SLURM_SUBMIT_HOST=hop044.orc.gmu.edu, env.GIT_ROOT=/opt/sw/spack/apps/linux-rhel8-x86_64_v2/gcc-10.3.0/git-2.39.1-vd, sun.cpu.endian=little, env.SLURM_GTIDS=0, env.SLURM_TOPOLOGY_ADDR=amd087, env.__LMOD_REF_COUNT_CPLUS_INCLUDE_PATH=/opt/sw/spack/apps/linux-rhel8-x86_64_v2/gcc-10.3.0/bzip2-1.0.8-no/include:1;/opt/sw/spack/apps/linux-rhel8-x86_64_v2/gcc-10.3.0/curl-7.80.0-rm/include:1;/opt/sw/spack/apps/linux-rhel8-x86_64_v2/gcc-10.3.0/openmpi-4.1.2-4a/include:1;/opt/sw/spack/apps/linux-rhel8-x86_64_v2/gcc-10.3.0/zlib-1.2.11-2y/include:1;/opt/sw/spack/apps/linux-rhel8-x86_64_v2/gcc-9.3.0/gcc-10.3.0-ya/include:1, env.ZLIB_ROOT=/opt/sw/spack/apps/linux-rhel8-x86_64_v2/gcc-10.3.0/zlib-1.2.11-2y, env.TMPDIR=/tmp, env.SLURM_JOB_NUM_NODES=1, env.__LMOD_REF_COUNT_PATH=/opt/sw/spack/apps/linux-rhel8-x86_64_v2/gcc-10.3.0/git-2.39.1-vd/bin:1;/opt/sw/spack/apps/linux-rhel8-x86_64_v2/gcc-10.3.0/perl-5.34.0-lm/bin:1;/opt/sw/spack/apps/linux-rhel8-x86_64_v2/gcc-10.3.0/bzip2-1.0.8-no/bin:1;/opt/sw/spack/apps/linux-rhel8-x86_64_v2/gcc-10.3.0/curl-7.80.0-rm/bin:1;/opt/sw/spack/apps/linux-rhel8-x86_64_v2/gcc-10.3.0/openmpi-4.1.2-4a/bin:1;/opt/sw/spack/apps/linux-rhel8-x86_64_v2/gcc-9.3.0/gcc-10.3.0-ya/bin:1;/home/tbaral/.nvm/versions/node/v24.0.0/bin:1;/home/tbaral/.sdkman/candidates/java/current/bin:1;/home/tbaral/.vscode-server/cli/servers/Stable-2901c5ac6db8a986a5666c3af51ff804d05af0d4/server/bin/remote-cli:1;/opt/ohpc/pub/utils/prun/2.0:1;/opt/ohpc/pub/utils/autotools/bin:1;/opt/ohpc/pub/bin:2;/usr/local/bin:1;/usr/bin:1;/usr/local/sbin:1;/usr/sbin:1;/opt/dell/srvadmin/bin:1;/home/tbaral/.vscode-server/data/User/globalStorage/github.copilot-chat/debugCommand:1, env.SLURM_JOB_CPUS_PER_NODE=16, env.CPLUS_INCLUDE_PATH=/opt/sw/spack/apps/linux-rhel8-x86_64_v2/gcc-10.3.0/bzip2-1.0.8-no/include:/opt/sw/spack/apps/linux-rhel8-x86_64_v2/gcc-10.3.0/curl-7.80.0-rm/include:/opt/sw/spack/apps/linux-rhel8-x86_64_v2/gcc-10.3.0/openmpi-4.1.2-4a/include:/opt/sw/spack/apps/linux-rhel8-x86_64_v2/gcc-10.3.0/zlib-1.2.11-2y/include:/opt/sw/spack/apps/linux-rhel8-x86_64_v2/gcc-9.3.0/gcc-10.3.0-ya/include, java.vm.version=25.102-b14, java.class.path=/scratch/tbaral/ase26/otog/setups/maven/boot/plexus-classworlds-2.6.0.jar, env.__LMOD_REF_COUNT_LOADEDMODULES=ohpc:1;use.own:1;autotools:1;prun/2.0:1;hosts/hopper:1;gnu10/10.3.0-ya:1;zlib/1.2.11-2y:1;openmpi4/4.1.2-4a:1;curl/7.80.0-rm:1;bzip2/1.0.8-no:1;perl/5.34.0-lm:1;git/2.39.1-vd:1, os.arch=amd64, maven.build.version=Apache Maven 3.6.3 (cecedd343002696d0abb50b32b541b8a6ba2883f), env.SLURM_LOCALID=0, env.LMOD_SHORT_TIME=1, env.SLURM_CONF=/opt/slurm/24.11.5/etc/slurm.conf, sun.java.launcher=SUN_STANDARD, env.LMOD_CACHE_DIR=/opt/ohpc/admin/lmod/etc/system-cache, env._ModuleTable005_=Yy9wdWIvbW9kdWxlZmlsZXMvbGliZmFicmljLzEuMTAuMS5sdWEiLFsiZnVsbE5hbWUiXT0ibGliZmFicmljLzEuMTAuMSIsWyJsb2FkT3JkZXIiXT0tNixwcm9wVD17fSxbInN0YWNrRGVwdGgiXT0yLFsic3RhdHVzIl09ImluYWN0aXZlIixbInVzZXJOYW1lIl09ImxpYmZhYnJpYyIsfSxvaHBjPXtbImZuIl09Ii9vcHQvb2hwYy9wdWIvbW9kdWxlZmlsZXMvb2hwYyIsWyJmdWxsTmFtZSJdPSJvaHBjIixbImxvYWRPcmRlciJdPTEscHJvcFQ9e30sWyJzdGFja0RlcHRoIl09MCxbInN0YXR1cyJdPSJhY3RpdmUiLFsidXNlck5hbWUiXT0ib2hwYyIsfSxvcGVubXBpND17WyJmbiJdPSIvb3B0L3N3L3NwYWNrL21vZHVsZXMvbG1vZC9saW51eC1yaGVsOC14ODZfNjQvZ2NjLzEw, java.vm.specification.vendor=Oracle Corporation, file.separator=/, env.FLAKY_MVN_INSTALL_OPTS=-DskipTests -q -B -fn -s $FLAKY_HOME/shell_scripts/maven-repo-fix-settings.xml -DskipITs, java.runtime.version=1.8.0_102-b14, sun.boot.class.path=/scratch/tbaral/ase26/otog/setups/jdk1.8.0_102/jre/lib/resources.jar:/scratch/tbaral/ase26/otog/setups/jdk1.8.0_102/jre/lib/rt.jar:/scratch/tbaral/ase26/otog/setups/jdk1.8.0_102/jre/lib/sunrsasign.jar:/scratch/tbaral/ase26/otog/setups/jdk1.8.0_102/jre/lib/jsse.jar:/scratch/tbaral/ase26/otog/setups/jdk1.8.0_102/jre/lib/jce.jar:/scratch/tbaral/ase26/otog/setups/jdk1.8.0_102/jre/lib/charsets.jar:/scratch/tbaral/ase26/otog/setups/jdk1.8.0_102/jre/lib/jfr.jar:/scratch/tbaral/ase26/otog/setups/jdk1.8.0_102/jre/classes, env.XDG_RUNTIME_DIR=/run/user/1224545917, maven.version=3.6.3, env.__LMOD_REF_COUNT_MODULEPATH=/opt/sw/other/moduledeps/linux-rhel8-x86_64_v2/gcc-10.3.0-openmpi-4.1.2:1;/opt/sw/spack/moduledeps/linux-rhel8-x86_64/gnu-10.3.0-openmpi-4.1.2:1;/opt/sw/other/moduledeps/linux-rhel8-x86_64_v2/gcc-10.3.0:1;/opt/sw/spack/modules/lmod-2024/linux-rhel8-x86_64/gcc/10.3.0:1;/opt/sw/spack/modules/lmod/linux-rhel8-x86_64/gcc/10.3.0:1;/opt/sw/other/modulefiles:1;/opt/ohpc/pub/modulefiles:2;/etc/modulefiles/Core:1;/opt/ohpc/admin/lmod/8.2.10/modulefiles/Core:1;/home/tbaral/privatemodules:1, env.MPICXX=/opt/sw/spack/apps/linux-rhel8-x86_64_v2/gcc-10.3.0/openmpi-4.1.2-4a/bin/mpic++, user.country=US, env.LMOD_ROOT=/opt/ohpc/admin/lmod, maven.home=/scratch/tbaral/ase26/otog/setups/maven, env.SHELL=/bin/bash, env._ModuleTable004_=dTEwIix9LGhvc3RzPXtbImZuIl09Ii9ldGMvbW9kdWxlZmlsZXMvQ29yZS9ob3N0cy9ob3BwZXIiLFsiZnVsbE5hbWUiXT0iaG9zdHMvaG9wcGVyIixbImxvYWRPcmRlciJdPTUscHJvcFQ9e30sWyJzdGFja0RlcHRoIl09MCxbInN0YXR1cyJdPSJhY3RpdmUiLFsidXNlck5hbWUiXT0iaG9zdHMvaG9wcGVyIix9LGh3bG9jPXtbImZuIl09Ii9vcHQvb2hwYy9wdWIvbW9kdWxlZmlsZXMvaHdsb2MvMi4xLjAubHVhIixbImZ1bGxOYW1lIl09Imh3bG9jLzIuMS4wIixbImxvYWRPcmRlciJdPS03LHByb3BUPXt9LFsic3RhY2tEZXB0aCJdPTIsWyJzdGF0dXMiXT0iaW5hY3RpdmUiLFsidXNlck5hbWUiXT0iaHdsb2MvMi4xLjAiLH0sbGliZmFicmljPXtbImZuIl09Ii9vcHQvb2hw, env.NVM_CD_FLAGS=, java.vendor=Oracle Corporation, env.I_MPI_HYDRA_BOOTSTRAP_EXEC_EXTRA_ARGS=--external-launcher, env.SLURM_CPUS_PER_TASK=16, env._LMFILES_=/opt/ohpc/pub/modulefiles/ohpc:/opt/ohpc/admin/lmod/8.2.10/modulefiles/Core/use.own.lua:/opt/ohpc/pub/modulefiles/autotools.lua:/opt/ohpc/pub/modulefiles/prun/2.0.lua:/etc/modulefiles/Core/hosts/hopper:/opt/ohpc/pub/modulefiles/gnu10/10.3.0-ya.lua:/opt/sw/spack/modules/lmod/linux-rhel8-x86_64/gcc/10.3.0/zlib/1.2.11-2y.lua:/opt/sw/spack/modules/lmod/linux-rhel8-x86_64/gcc/10.3.0/openmpi4/4.1.2-4a.lua:/opt/sw/spack/modules/lmod/linux-rhel8-x86_64/gcc/10.3.0/curl/7.80.0-rm.lua:/opt/sw/spack/modules/lmod/linux-rhel8-x86_64/gcc/10.3.0/bzip2/1.0.8-no.lua:/opt/sw/spack/modules/lmod/linux-rhel8-x86_64/gcc/10.3.0/perl/5.34.0-lm.lua:/opt/sw/spack/modules/lmod/linux-rhel8-x86_64/gcc/10.3.0/git/2.39.1-vd.lua, env.FLAKY_HOME=/scratch/tbaral/ase26/nod-rr/NOD-Test-Repair/flakerake, java.specification.version=1.8, sun.arch.data.model=64}
[INFO] Using 'UTF-8' encoding to copy filtered resources.
[DEBUG] resource with targetPath null
directory /scratch/tbaral/ase26/nod-rr/NOD-Test-Repair/run_flakerake/reproduce/projects/64/logback/logback-core/src/main/resources
excludes []
includes []
[INFO] skip non existing resourceDirectory /scratch/tbaral/ase26/nod-rr/NOD-Test-Repair/run_flakerake/reproduce/projects/64/logback/logback-core/src/main/resources
[DEBUG] no use filter components
[INFO] 
[INFO] --- maven-compiler-plugin:2.3.2:compile (default-compile) @ logback-core ---
[DEBUG] Dependency collection stats: {ConflictMarker.analyzeTime=184087, ConflictMarker.markTime=76003, ConflictMarker.nodeCount=101, ConflictIdSorter.graphTime=97884, ConflictIdSorter.topsortTime=26630, ConflictIdSorter.conflictIdCount=27, ConflictIdSorter.conflictIdCycleCount=0, ConflictResolver.totalTime=579591, ConflictResolver.conflictItemCount=49, DefaultDependencyCollector.collectTime=50251070, DefaultDependencyCollector.transformTime=988741}
[DEBUG] org.apache.maven.plugins:maven-compiler-plugin:jar:2.3.2
[DEBUG]    org.apache.maven:maven-plugin-api:jar:2.0.6:compile
[DEBUG]    org.apache.maven:maven-artifact:jar:2.0.6:compile
[DEBUG]    org.apache.maven:maven-core:jar:2.0.6:compile
[DEBUG]       org.apache.maven:maven-settings:jar:2.0.6:compile
[DEBUG]       org.apache.maven:maven-plugin-parameter-documenter:jar:2.0.6:compile
[DEBUG]       org.apache.maven:maven-profile:jar:2.0.6:compile
[DEBUG]       org.apache.maven:maven-model:jar:2.0.6:compile
[DEBUG]       org.apache.maven:maven-repository-metadata:jar:2.0.6:compile
[DEBUG]       org.apache.maven:maven-error-diagnostics:jar:2.0.6:compile
[DEBUG]       org.apache.maven:maven-project:jar:2.0.6:compile
[DEBUG]          org.apache.maven:maven-plugin-registry:jar:2.0.6:compile
[DEBUG]       org.apache.maven:maven-plugin-descriptor:jar:2.0.6:compile
[DEBUG]       org.apache.maven:maven-artifact-manager:jar:2.0.6:compile
[DEBUG]       org.apache.maven:maven-monitor:jar:2.0.6:compile
[DEBUG]    org.apache.maven:maven-toolchain:jar:1.0:compile
[DEBUG]    org.codehaus.plexus:plexus-utils:jar:2.0.5:compile
[DEBUG]    org.codehaus.plexus:plexus-compiler-api:jar:1.8.1:compile
[DEBUG]    org.codehaus.plexus:plexus-compiler-manager:jar:1.8.1:compile
[DEBUG]    org.codehaus.plexus:plexus-compiler-javac:jar:1.8.1:runtime
[DEBUG] Created new class realm plugin>org.apache.maven.plugins:maven-compiler-plugin:2.3.2
[DEBUG] Importing foreign packages into class realm plugin>org.apache.maven.plugins:maven-compiler-plugin:2.3.2
[DEBUG]   Imported:  < project>ch.qos.logback:logback-core:2.0.0-SNAPSHOT
[DEBUG] Populating class realm plugin>org.apache.maven.plugins:maven-compiler-plugin:2.3.2
[DEBUG]   Included: org.apache.maven.plugins:maven-compiler-plugin:jar:2.3.2
[DEBUG]   Included: org.codehaus.plexus:plexus-utils:jar:2.0.5
[DEBUG]   Included: org.codehaus.plexus:plexus-compiler-api:jar:1.8.1
[DEBUG]   Included: org.codehaus.plexus:plexus-compiler-manager:jar:1.8.1
[DEBUG]   Included: org.codehaus.plexus:plexus-compiler-javac:jar:1.8.1
[DEBUG] Configuring mojo org.apache.maven.plugins:maven-compiler-plugin:2.3.2:compile from plugin realm ClassRealm[plugin>org.apache.maven.plugins:maven-compiler-plugin:2.3.2, parent: sun.misc.Launcher$AppClassLoader@5c647e05]
[DEBUG] Configuring mojo 'org.apache.maven.plugins:maven-compiler-plugin:2.3.2:compile' with basic configurator -->
[DEBUG]   (f) basedir = /scratch/tbaral/ase26/nod-rr/NOD-Test-Repair/run_flakerake/reproduce/projects/64/logback/logback-core
[DEBUG]   (f) buildDirectory = /scratch/tbaral/ase26/nod-rr/NOD-Test-Repair/run_flakerake/reproduce/projects/64/logback/logback-core/target
[DEBUG]   (f) classpathElements = [/scratch/tbaral/ase26/nod-rr/NOD-Test-Repair/run_flakerake/reproduce/projects/64/logback/logback-core/target/classes, /home/tbaral/.m2/repository/org/codehaus/janino/janino/2.6.1/janino-2.6.1.jar, /home/tbaral/.m2/repository/org/codehaus/janino/commons-compiler/2.6.1/commons-compiler-2.6.1.jar, /home/tbaral/.m2/repository/org/fusesource/jansi/jansi/1.9/jansi-1.9.jar, /home/tbaral/.m2/repository/javax/mail/mail/1.4/mail-1.4.jar, /home/tbaral/.m2/repository/javax/activation/activation/1.1/activation-1.1.jar, /home/tbaral/.m2/repository/org/apache/geronimo/specs/geronimo-jms_1.1_spec/1.0/geronimo-jms_1.1_spec-1.0.jar, /home/tbaral/.m2/repository/javax/servlet/servlet-api/2.5/servlet-api-2.5.jar]
[DEBUG]   (f) compileSourceRoots = [/scratch/tbaral/ase26/nod-rr/NOD-Test-Repair/run_flakerake/reproduce/projects/64/logback/logback-core/src/main/java]
[DEBUG]   (f) compilerId = javac
[DEBUG]   (f) debug = true
[DEBUG]   (f) encoding = UTF-8
[DEBUG]   (f) failOnError = true
[DEBUG]   (f) fork = false
[DEBUG]   (f) generatedSourcesDirectory = /scratch/tbaral/ase26/nod-rr/NOD-Test-Repair/run_flakerake/reproduce/projects/64/logback/logback-core/target/generated-sources/annotations
[DEBUG]   (f) optimize = false
[DEBUG]   (f) outputDirectory = /scratch/tbaral/ase26/nod-rr/NOD-Test-Repair/run_flakerake/reproduce/projects/64/logback/logback-core/target/classes
[DEBUG]   (f) outputFileName = logback-core-2.0.0-SNAPSHOT
[DEBUG]   (f) projectArtifact = ch.qos.logback:logback-core:jar:2.0.0-SNAPSHOT
[DEBUG]   (f) session = org.apache.maven.execution.MavenSession@19f9d595
[DEBUG]   (f) showDeprecation = false
[DEBUG]   (f) showWarnings = false
[DEBUG]   (f) source = 1.5
[DEBUG]   (f) staleMillis = 0
[DEBUG]   (f) target = 1.5
[DEBUG]   (f) verbose = false
[DEBUG] -- end configuration --
[DEBUG] Using compiler 'javac'.
[DEBUG] Source directories: [/scratch/tbaral/ase26/nod-rr/NOD-Test-Repair/run_flakerake/reproduce/projects/64/logback/logback-core/src/main/java]
[DEBUG] Classpath: [/scratch/tbaral/ase26/nod-rr/NOD-Test-Repair/run_flakerake/reproduce/projects/64/logback/logback-core/target/classes
 /home/tbaral/.m2/repository/org/codehaus/janino/janino/2.6.1/janino-2.6.1.jar
 /home/tbaral/.m2/repository/org/codehaus/janino/commons-compiler/2.6.1/commons-compiler-2.6.1.jar
 /home/tbaral/.m2/repository/org/fusesource/jansi/jansi/1.9/jansi-1.9.jar
 /home/tbaral/.m2/repository/javax/mail/mail/1.4/mail-1.4.jar
 /home/tbaral/.m2/repository/javax/activation/activation/1.1/activation-1.1.jar
 /home/tbaral/.m2/repository/org/apache/geronimo/specs/geronimo-jms_1.1_spec/1.0/geronimo-jms_1.1_spec-1.0.jar
 /home/tbaral/.m2/repository/javax/servlet/servlet-api/2.5/servlet-api-2.5.jar]
[DEBUG] Output directory: /scratch/tbaral/ase26/nod-rr/NOD-Test-Repair/run_flakerake/reproduce/projects/64/logback/logback-core/target/classes
[INFO] Nothing to compile - all classes are up to date
[INFO] 
[INFO] --- maven-bundle-plugin:2.1.0:manifest (bundle-manifest) @ logback-core ---
[DEBUG] Configuring mojo org.apache.felix:maven-bundle-plugin:2.1.0:manifest from plugin realm ClassRealm[extension>org.apache.felix:maven-bundle-plugin:2.1.0, parent: sun.misc.Launcher$AppClassLoader@5c647e05]
[DEBUG] Configuring mojo 'org.apache.felix:maven-bundle-plugin:2.1.0:manifest' with basic configurator -->
[DEBUG]   (f) baseDir = /scratch/tbaral/ase26/nod-rr/NOD-Test-Repair/run_flakerake/reproduce/projects/64/logback/logback-core
[DEBUG]   (f) buildDirectory = /scratch/tbaral/ase26/nod-rr/NOD-Test-Repair/run_flakerake/reproduce/projects/64/logback/logback-core/target
[DEBUG]   (f) instructions = {Bundle-RequiredExecutionEnvironment=J2SE-1.5, Export-Package=ch.qos.logback.core.*, Import-Package=javax.*;resolution:=optional,
              org.xml.*;resolution:=optional,
              org.fusesource.jansi;resolution:=optional,
              org.codehaus.janino;resolution:=optional,
              org.codehaus.commons.compiler;resolution:=optional,
              *}
[DEBUG]   (f) manifestLocation = /scratch/tbaral/ase26/nod-rr/NOD-Test-Repair/run_flakerake/reproduce/projects/64/logback/logback-core/target/classes/META-INF
[DEBUG]   (f) outputDirectory = /scratch/tbaral/ase26/nod-rr/NOD-Test-Repair/run_flakerake/reproduce/projects/64/logback/logback-core/target/classes
[DEBUG]   (f) project = MavenProject: ch.qos.logback:logback-core:2.0.0-SNAPSHOT @ /scratch/tbaral/ase26/nod-rr/NOD-Test-Repair/run_flakerake/reproduce/projects/64/logback/logback-core/pom.xml
[DEBUG] -- end configuration --
[DEBUG] BND Instructions:
[DEBUG] ------------------------------------------------------------------------
[DEBUG] project.url: http://logback.qos.ch
[DEBUG] pom.contributors: null
[DEBUG] Bundle-Version: 2.0.0.SNAPSHOT
[DEBUG] project.build.artifactId: logback-core
[DEBUG] javax.mail.version: 1.4
[DEBUG] project.build.version: 2.0.0-SNAPSHOT
[DEBUG] pom.mailingLists: null
[DEBUG] janino.version: 2.6.1
[DEBUG] project.organization: null
[DEBUG] pom.inceptionYear: 2005
[DEBUG] pom.projectDirectory: null
[DEBUG] Bundle-SymbolicName: ch.qos.logback.core
[DEBUG] project.build.sourceEncoding: UTF-8
[DEBUG] pom.developers: null
[DEBUG] Bundle-License: http://www.eclipse.org/legal/epl-v10.html, http://www.gnu.org/licenses/old-licenses/lgpl-2.1.html
[DEBUG] Import-Package: javax.*;resolution:=optional,org.xml.*;resolution:=optional,org.fusesource.jansi;resolution:=optional,org.codehaus.janino;resolution:=optional,org.codehaus.commons.compiler;resolution:=optional,*
[DEBUG] project.build.projectDirectory: null
[DEBUG] pom.groupId: ch.qos.logback
[DEBUG] pom.licenses: null
[DEBUG] project.build.packaging: jar
[DEBUG] pom.profiles: null
[DEBUG] Bundle-DocURL: http://www.qos.ch
[DEBUG] groovy.version: 2.0.7
[DEBUG] project.licenses: null
[DEBUG] project.baseDir: null
[DEBUG] project.artifactId: logback-core
[DEBUG] -plugin: org.apache.felix.bundleplugin.BlueprintPlugin,aQute.lib.spring.SpringXMLType
[DEBUG] pom.url: http://logback.qos.ch
[DEBUG] project.profiles: null
[DEBUG] findbugs-maven-plugin.version: 2.5
[DEBUG] classifier: 
[DEBUG] pom.build: null
[DEBUG] project.build.url: http://logback.qos.ch
[DEBUG] consolePlugin.version: 1.1.0
[DEBUG] maven-symbolicname: ch.qos.logback.core
[DEBUG] Export-Package: ch.qos.logback.core.*
[DEBUG] jansi.version: 1.9
[DEBUG] pom.modelVersion: 4.0.0
[DEBUG] project.contributors: null
[DEBUG] project.build.id: ch.qos.logback:logback-core:jar:2.0.0-SNAPSHOT
[DEBUG] project.build.organization: null
[DEBUG] project.build.build: null
[DEBUG] pom.name: Logback Core Module
[DEBUG] pom.id: ch.qos.logback:logback-core:jar:2.0.0-SNAPSHOT
[DEBUG] project.build.groupId: ch.qos.logback
[DEBUG] maven-license-plugin.version: 1.9.0
[DEBUG] project.organization.name: QOS.ch
[DEBUG] pom.parent: null
[DEBUG] maven-jar-plugin.version: 2.3.1
[DEBUG] Bundle-Description: logback-core module
[DEBUG] project.build.inceptionYear: 2005
[DEBUG] project.packaging: jar
[DEBUG] project.projectDirectory: null
[DEBUG] maven-surefire-plugin.version: 2.14.1
[DEBUG] project.scm: null
[DEBUG] project.build.developers: null
[DEBUG] project.mailingLists: null
[DEBUG] project.build.outputdirectory: null
[DEBUG] maven-compiler-plugin.version: 2.3.2
[DEBUG] pom.organization.url: http://www.qos.ch
[DEBUG] project.build.contributors: null
[DEBUG] project.description: logback-core module
[DEBUG] project.id: ch.qos.logback:logback-core:jar:2.0.0-SNAPSHOT
[DEBUG] project.pomFile: null
[DEBUG] project.modelVersion: 4.0.0
[DEBUG] project.version: 2.0.0-SNAPSHOT
[DEBUG] pom.artifactId: logback-core
[DEBUG] jetty.version: 7.5.1.v20110908
[DEBUG] project.build.mailingLists: null
[DEBUG] project.name: Logback Core Module
[DEBUG] project.build.directory: /scratch/tbaral/ase26/nod-rr/NOD-Test-Repair/run_flakerake/reproduce/projects/64/logback/logback-core/target
[DEBUG] jdk.version: 1.5
[DEBUG] slf4j.version: 1.7.5
[DEBUG] pom.organization.name: QOS.ch
[DEBUG] pom.description: logback-core module
[DEBUG] project.build.description: logback-core module
[DEBUG] pom.pomFile: null
[DEBUG] pom.scm: null
[DEBUG] pom.packaging: jar
[DEBUG] -removeheaders: Include-Resource,Private-Package
[DEBUG] project.build.scm: null
[DEBUG] project.build: null
[DEBUG] pom.organization: null
[DEBUG] project.developers: null
[DEBUG] project.build.licenses: null
[DEBUG] pom.version: 2.0.0-SNAPSHOT
[DEBUG] project.inceptionYear: 2005
[DEBUG] Bundle-Vendor: QOS.ch
[DEBUG] Bundle-RequiredExecutionEnvironment: J2SE-1.5
[DEBUG] project.build.parent: null
[DEBUG] project.build.profiles: null
[DEBUG] project.build.modelVersion: 4.0.0
[DEBUG] project.build.name: Logback Core Module
[DEBUG] project.organization.url: http://www.qos.ch
[DEBUG] Bundle-Name: Logback Core Module
[DEBUG] tomcat.version: 7.0.21
[DEBUG] project.parent: null
[DEBUG] project.groupId: ch.qos.logback
[DEBUG] junit.version: 4.10
[DEBUG] project.dir: /scratch/tbaral/ase26/nod-rr/NOD-Test-Repair/run_flakerake/reproduce/projects/64/logback/logback-core
[DEBUG] project.build.pomFile: null
[DEBUG] ------------------------------------------------------------------------
[DEBUG] BND Classpath:
[DEBUG] ------------------------------------------------------------------------
[DEBUG] /scratch/tbaral/ase26/nod-rr/NOD-Test-Repair/run_flakerake/reproduce/projects/64/logback/logback-core/target/classes
[DEBUG] /home/tbaral/.m2/repository/org/codehaus/janino/janino/2.6.1/janino-2.6.1.jar
[DEBUG] /home/tbaral/.m2/repository/org/codehaus/janino/commons-compiler/2.6.1/commons-compiler-2.6.1.jar
[DEBUG] /home/tbaral/.m2/repository/org/fusesource/jansi/jansi/1.9/jansi-1.9.jar
[DEBUG] /home/tbaral/.m2/repository/javax/mail/mail/1.4/mail-1.4.jar
[DEBUG] /home/tbaral/.m2/repository/javax/activation/activation/1.1/activation-1.1.jar
[DEBUG] /home/tbaral/.m2/repository/org/apache/geronimo/specs/geronimo-jms_1.1_spec/1.0/geronimo-jms_1.1_spec-1.0.jar
[DEBUG] /home/tbaral/.m2/repository/javax/servlet/servlet-api/2.5/servlet-api-2.5.jar
[DEBUG] ------------------------------------------------------------------------
[DEBUG] BND Manifest:
[DEBUG] ------------------------------------------------------------------------
[DEBUG] Bundle-Description: logback-core module
[DEBUG] Bundle-License: http://www.eclipse.org/legal/epl-v10.html, http://www.gnu.org/licenses/old-licenses/lgpl-2.1.html
[DEBUG] Bundle-SymbolicName: ch.qos.logback.core
[DEBUG] Bundle-ManifestVersion: 2
[DEBUG] Bnd-LastModified: 1752106469098
[DEBUG] Bundle-RequiredExecutionEnvironment: J2SE-1.5
[DEBUG] Bundle-DocURL: http://www.qos.ch
[DEBUG] Bundle-Vendor: QOS.ch
[DEBUG] Import-Package: ch.qos.logback.core;version="2.0",ch.qos.logback.core.boolex;version="2.0",ch.qos.logback.core.db;version="2.0",ch.qos.logback.core.db.dialect;version="2.0",ch.qos.logback.core.encoder;version="2.0",ch.qos.logback.core.filter;version="2.0",ch.qos.logback.core.helpers;version="2.0",ch.qos.logback.core.html;version="2.0",ch.qos.logback.core.joran;version="2.0",ch.qos.logback.core.joran.action;version="2.0",ch.qos.logback.core.joran.conditional;version="2.0",ch.qos.logback.core.joran.event;version="2.0",ch.qos.logback.core.joran.node;version="2.0",ch.qos.logback.core.joran.spi;version="2.0",ch.qos.logback.core.joran.util;version="2.0",ch.qos.logback.core.layout;version="2.0",ch.qos.logback.core.net;version="2.0",ch.qos.logback.core.net.server;version="2.0",ch.qos.logback.core.net.ssl;version="2.0",ch.qos.logback.core.pattern;version="2.0",ch.qos.logback.core.pattern.color;version="2.0",ch.qos.logback.core.pattern.parser;version="2.0",ch.qos.logback.core.pattern.util;version="2.0",ch.qos.logback.core.property;version="2.0",ch.qos.logback.core.read;version="2.0",ch.qos.logback.core.recovery;version="2.0",ch.qos.logback.core.rolling;version="2.0",ch.qos.logback.core.rolling.helper;version="2.0",ch.qos.logback.core.sift;version="2.0",ch.qos.logback.core.spi;version="2.0",ch.qos.logback.core.status;version="2.0",ch.qos.logback.core.subst;version="2.0",ch.qos.logback.core.util;version="2.0",javax.mail;resolution:=optional,javax.mail.internet;resolution:=optional,javax.naming;resolution:=optional,javax.net;resolution:=optional,javax.net.ssl;resolution:=optional,javax.servlet;resolution:=optional,javax.servlet.http;resolution:=optional,javax.sql;resolution:=optional,javax.xml.parsers;resolution:=optional,org.codehaus.commons.compiler;resolution:=optional,org.codehaus.janino;resolution:=optional,org.fusesource.jansi;resolution:=optional;version="1.9",org.xml.sax;resolution:=optional,org.xml.sax.helpers;resolution:=optional
[DEBUG] Tool: Bnd-0.0.357
[DEBUG] Manifest-Version: 1.0
[DEBUG] Originally-Created-By: 1.8.0_102 (Oracle Corporation)
[DEBUG] Export-Package: ch.qos.logback.core.filter;uses:="ch.qos.logback.core.spi,ch.qos.logback.core.boolex";version="2.0.0.SNAPSHOT",ch.qos.logback.core;uses:="ch.qos.logback.core.spi,ch.qos.logback.core.status,ch.qos.logback.core.filter,ch.qos.logback.core.helpers,ch.qos.logback.core.util,ch.qos.logback.core.joran.spi,ch.qos.logback.core.recovery,ch.qos.logback.core.encoder";version="2.0.0.SNAPSHOT",ch.qos.logback.core.sift;uses:="ch.qos.logback.core.joran.event,ch.qos.logback.core,ch.qos.logback.core.joran.spi,ch.qos.logback.core.spi,ch.qos.logback.core.helpers,ch.qos.logback.core.util,ch.qos.logback.core.joran.action,ch.qos.logback.core.joran";version="2.0.0.SNAPSHOT",ch.qos.logback.core.read;uses:="ch.qos.logback.core,ch.qos.logback.core.helpers";version="2.0.0.SNAPSHOT",ch.qos.logback.core.net;uses:="ch.qos.logback.core.spi,ch.qos.logback.core.net.ssl,ch.qos.logback.core,javax.net.ssl,javax.net,ch.qos.logback.core.util,javax.naming,javax.mail,ch.qos.logback.core.helpers,javax.mail.internet,ch.qos.logback.core.sift,ch.qos.logback.core.pattern,ch.qos.logback.core.boolex";version="2.0.0.SNAPSHOT",ch.qos.logback.core.html;uses:="ch.qos.logback.core.spi,ch.qos.logback.core.pattern.parser,ch.qos.logback.core,ch.qos.logback.core.pattern";version="2.0.0.SNAPSHOT",ch.qos.logback.core.joran.action;uses:="ch.qos.logback.core.spi,ch.qos.logback.core,ch.qos.logback.core.util,org.xml.sax,ch.qos.logback.core.joran.spi,ch.qos.logback.core.boolex,ch.qos.logback.core.joran.util,ch.qos.logback.core.joran.event,ch.qos.logback.core.pattern.util,ch.qos.logback.core.status";version="2.0.0.SNAPSHOT",ch.qos.logback.core.rolling;uses:="ch.qos.logback.core.rolling.helper,ch.qos.logback.core,ch.qos.logback.core.spi,ch.qos.logback.core.util,ch.qos.logback.core.joran.spi";version="2.0.0.SNAPSHOT",ch.qos.logback.core.encoder;uses:="ch.qos.logback.core,ch.qos.logback.core.spi";version="2.0.0.SNAPSHOT",ch.qos.logback.core.net.server;uses:="ch.qos.logback.core.net,ch.qos.logback.core.spi,ch.qos.logback.core,javax.net,ch.qos.logback.core.util,ch.qos.logback.core.net.ssl,javax.net.ssl";version="2.0.0.SNAPSHOT",ch.qos.logback.core.pattern.util;uses:="ch.qos.logback.core";version="2.0.0.SNAPSHOT",ch.qos.logback.core.subst;uses:="ch.qos.logback.core.spi,ch.qos.logback.core,ch.qos.logback.core.util";version="2.0.0.SNAPSHOT",ch.qos.logback.core.spi;uses:="ch.qos.logback.core,ch.qos.logback.core.status,ch.qos.logback.core.helpers,ch.qos.logback.core.filter";version="2.0.0.SNAPSHOT",ch.qos.logback.core.recovery;uses:="ch.qos.logback.core.status,ch.qos.logback.core,ch.qos.logback.core.net";version="2.0.0.SNAPSHOT",ch.qos.logback.core.rolling.helper;uses:="ch.qos.logback.core.spi,ch.qos.logback.core.status,ch.qos.logback.core.util,ch.qos.logback.core,ch.qos.logback.core.pattern,ch.qos.logback.core.pattern.parser,ch.qos.logback.core.pattern.util,ch.qos.logback.core.rolling";version="2.0.0.SNAPSHOT",ch.qos.logback.core.net.ssl;uses:="javax.net,javax.net.ssl,ch.qos.logback.core.util,ch.qos.logback.core.spi,ch.qos.logback.core.joran.spi";version="2.0.0.SNAPSHOT",ch.qos.logback.core.helpers;uses:="ch.qos.logback.core";version="2.0.0.SNAPSHOT",ch.qos.logback.core.util;uses:="ch.qos.logback.core.spi,ch.qos.logback.core,ch.qos.logback.core.rolling,ch.qos.logback.core.subst,ch.qos.logback.core.status,ch.qos.logback.core.helpers";version="2.0.0.SNAPSHOT",ch.qos.logback.core.db.dialect;uses:="ch.qos.logback.core.spi";version="2.0.0.SNAPSHOT",ch.qos.logback.core.pattern;uses:="ch.qos.logback.core.spi,ch.qos.logback.core,ch.qos.logback.core.status,ch.qos.logback.core.pattern.parser,ch.qos.logback.core.encoder";version="2.0.0.SNAPSHOT",ch.qos.logback.core.db;uses:="ch.qos.logback.core.joran.action,ch.qos.logback.core.joran.util,ch.qos.logback.core.util,ch.qos.logback.core,org.xml.sax,javax.sql,javax.naming,ch.qos.logback.core.joran.spi,ch.qos.logback.core.spi,ch.qos.logback.core.db.dialect";version="2.0.0.SNAPSHOT",ch.qos.logback.core.layout;uses:="ch.qos.logback.core";version="2.0.0.SNAPSHOT",ch.qos.logback.core.pattern.color;uses:="ch.qos.logback.core.pattern";version="2.0.0.SNAPSHOT",ch.qos.logback.core.boolex;uses:="ch.qos.logback.core.spi,org.codehaus.janino,ch.qos.logback.core";version="2.0.0.SNAPSHOT",ch.qos.logback.core.joran.conditional;uses:="ch.qos.logback.core.joran.event,ch.qos.logback.core.joran.action,ch.qos.logback.core.spi,ch.qos.logback.core.util,ch.qos.logback.core,org.xml.sax,ch.qos.logback.core.joran.spi,org.codehaus.janino,org.codehaus.commons.compiler";version="2.0.0.SNAPSHOT",ch.qos.logback.core.status;uses:="ch.qos.logback.core,ch.qos.logback.core.spi,ch.qos.logback.core.util,javax.servlet,javax.servlet.http,ch.qos.logback.core.helpers";version="2.0.0.SNAPSHOT",ch.qos.logback.core.joran.node;version="2.0.0.SNAPSHOT",ch.qos.logback.core.joran.event;uses:="org.xml.sax,org.xml.sax.helpers,ch.qos.logback.core.status,ch.qos.logback.core.spi,ch.qos.logback.core,ch.qos.logback.core.joran.spi,javax.xml.parsers";version="2.0.0.SNAPSHOT",ch.qos.logback.core.pattern.parser;uses:="ch.qos.logback.core.status,ch.qos.logback.core.spi,ch.qos.logback.core.util,ch.qos.logback.core,ch.qos.logback.core.pattern,ch.qos.logback.core.pattern.util";version="2.0.0.SNAPSHOT",ch.qos.logback.core.property;uses:="ch.qos.logback.core,ch.qos.logback.core.util";version="2.0.0.SNAPSHOT",ch.qos.logback.core.joran.util;uses:="ch.qos.logback.core.status,ch.qos.logback.core,ch.qos.logback.core.joran.spi,ch.qos.logback.core.util,ch.qos.logback.core.spi";version="2.0.0.SNAPSHOT",ch.qos.logback.core.joran;uses:="ch.qos.logback.core.status,ch.qos.logback.core.spi,ch.qos.logback.core.joran.event,ch.qos.logback.core,ch.qos.logback.core.joran.util,org.xml.sax,ch.qos.logback.core.joran.spi,ch.qos.logback.core.joran.action";version="2.0.0.SNAPSHOT",ch.qos.logback.core.joran.spi;uses:="ch.qos.logback.core.spi,ch.qos.logback.core,org.xml.sax,ch.qos.logback.core.joran.event,ch.qos.logback.core.util,ch.qos.logback.core.joran.action,ch.qos.logback.core.status";version="2.0.0.SNAPSHOT"
[DEBUG] Bundle-Version: 2.0.0.SNAPSHOT
[DEBUG] Bundle-Name: Logback Core Module
[DEBUG] Created-By: 1.8.0_102 (Oracle Corporation)
[DEBUG] ------------------------------------------------------------------------
[INFO] 
[INFO] --- maven-resources-plugin:2.6:testResources (default-testResources) @ logback-core ---
[DEBUG] Configuring mojo org.apache.maven.plugins:maven-resources-plugin:2.6:testResources from plugin realm ClassRealm[plugin>org.apache.maven.plugins:maven-resources-plugin:2.6, parent: sun.misc.Launcher$AppClassLoader@5c647e05]
[DEBUG] Configuring mojo 'org.apache.maven.plugins:maven-resources-plugin:2.6:testResources' with basic configurator -->
[DEBUG]   (f) buildFilters = []
[DEBUG]   (f) encoding = UTF-8
[DEBUG]   (f) escapeWindowsPaths = true
[DEBUG]   (s) includeEmptyDirs = false
[DEBUG]   (s) outputDirectory = /scratch/tbaral/ase26/nod-rr/NOD-Test-Repair/run_flakerake/reproduce/projects/64/logback/logback-core/target/test-classes
[DEBUG]   (s) overwrite = false
[DEBUG]   (f) project = MavenProject: ch.qos.logback:logback-core:2.0.0-SNAPSHOT @ /scratch/tbaral/ase26/nod-rr/NOD-Test-Repair/run_flakerake/reproduce/projects/64/logback/logback-core/pom.xml
[DEBUG]   (s) resources = [Resource {targetPath: null, filtering: false, FileSet {directory: /scratch/tbaral/ase26/nod-rr/NOD-Test-Repair/run_flakerake/reproduce/projects/64/logback/logback-core/src/test/resources, PatternSet [includes: {}, excludes: {}]}}]
[DEBUG]   (f) session = org.apache.maven.execution.MavenSession@19f9d595
[DEBUG]   (f) supportMultiLineFiltering = false
[DEBUG]   (f) useBuildFilters = true
[DEBUG]   (s) useDefaultDelimiters = true
[DEBUG] -- end configuration --
[DEBUG] properties used {findbugs-maven-plugin.version=2.5, env.OLDPWD=/scratch/tbaral/ase26/nod-rr/NOD-Test-Repair/run_flakerake/reproduce/projects/64/logback/logback-core, file.encoding.pkg=sun.io, env.ACLOCAL_PATH=/opt/sw/spack/apps/linux-rhel8-x86_64_v2/gcc-10.3.0/curl-7.80.0-rm/share/aclocal, env.MPIF90=/opt/sw/spack/apps/linux-rhel8-x86_64_v2/gcc-10.3.0/openmpi-4.1.2-4a/bin/mpif90, env.LMOD_FAMILY_COMPILER=gnu10, maven-surefire-plugin.version=2.14.1, java.home=/scratch/tbaral/ase26/otog/setups/jdk1.8.0_102/jre, env.SLURM_JOB_UID=1224545917, env._ModuleTable003_=ODAuMC1ybSIsfSxnaXQ9e1siZm4iXT0iL29wdC9zdy9zcGFjay9tb2R1bGVzL2xtb2QvbGludXgtcmhlbDgteDg2XzY0L2djYy8xMC4zLjAvZ2l0LzIuMzkuMS12ZC5sdWEiLFsiZnVsbE5hbWUiXT0iZ2l0LzIuMzkuMS12ZCIsWyJsb2FkT3JkZXIiXT0xMixwcm9wVD17fSxbInN0YWNrRGVwdGgiXT0wLFsic3RhdHVzIl09ImFjdGl2ZSIsWyJ1c2VyTmFtZSJdPSJnaXQiLH0sZ251MTA9e1siZm4iXT0iL29wdC9vaHBjL3B1Yi9tb2R1bGVmaWxlcy9nbnUxMC8xMC4zLjAteWEubHVhIixbImZ1bGxOYW1lIl09ImdudTEwLzEwLjMuMC15YSIsWyJsb2FkT3JkZXIiXT02LHByb3BUPXt9LFsic3RhY2tEZXB0aCJdPTAsWyJzdGF0dXMiXT0iYWN0aXZlIixbInVzZXJOYW1lIl09Imdu, env.LMOD_SETTARG_FULL_SUPPORT=no, groovy.version=2.0.7, env.CMAKE_PREFIX_PATH=/opt/sw/spack/apps/linux-rhel8-x86_64_v2/gcc-10.3.0/git-2.39.1-vd:/opt/sw/spack/apps/linux-rhel8-x86_64_v2/gcc-10.3.0/perl-5.34.0-lm:/opt/sw/spack/apps/linux-rhel8-x86_64_v2/gcc-10.3.0/bzip2-1.0.8-no:/opt/sw/spack/apps/linux-rhel8-x86_64_v2/gcc-10.3.0/curl-7.80.0-rm:/opt/sw/spack/apps/linux-rhel8-x86_64_v2/gcc-10.3.0/openmpi-4.1.2-4a:/opt/sw/spack/apps/linux-rhel8-x86_64_v2/gcc-10.3.0/zlib-1.2.11-2y:/opt/sw/spack/apps/linux-rhel8-x86_64_v2/gcc-9.3.0/gcc-10.3.0-ya, env.SDKMAN_CANDIDATES_API=https://api.sdkman.io/2, env.LMOD_PACKAGE_PATH=/opt/ohpc/admin/lmod/8.2.10, env.HYDRA_LAUNCHER_EXTRA_ARGS=--external-launcher, env.__LMOD_REF_COUNT_CMAKE_PREFIX_PATH=/opt/sw/spack/apps/linux-rhel8-x86_64_v2/gcc-10.3.0/git-2.39.1-vd:1;/opt/sw/spack/apps/linux-rhel8-x86_64_v2/gcc-10.3.0/perl-5.34.0-lm:1;/opt/sw/spack/apps/linux-rhel8-x86_64_v2/gcc-10.3.0/bzip2-1.0.8-no:1;/opt/sw/spack/apps/linux-rhel8-x86_64_v2/gcc-10.3.0/curl-7.80.0-rm:1;/opt/sw/spack/apps/linux-rhel8-x86_64_v2/gcc-10.3.0/openmpi-4.1.2-4a:1;/opt/sw/spack/apps/linux-rhel8-x86_64_v2/gcc-10.3.0/zlib-1.2.11-2y:1;/opt/sw/spack/apps/linux-rhel8-x86_64_v2/gcc-9.3.0/gcc-10.3.0-ya:1, env.ENVIRONMENT=BATCH, classworlds.conf=/scratch/tbaral/ase26/otog/setups/maven/bin/m2.conf, env.SDKMAN_CANDIDATES_DIR=/home/tbaral/.sdkman/candidates, env.SLURM_JOBID=3941713, java.endorsed.dirs=/scratch/tbaral/ase26/otog/setups/jdk1.8.0_102/jre/lib/endorsed, env.LOGNAME=tbaral, env.MPICC=/opt/sw/spack/apps/linux-rhel8-x86_64_v2/gcc-10.3.0/openmpi-4.1.2-4a/bin/mpicc, sun.os.patch.level=unknown, env.OPENMPI_ROOT=/opt/sw/spack/apps/linux-rhel8-x86_64_v2/gcc-10.3.0/openmpi-4.1.2-4a, test=ch.qos.logback.core.FileAppenderResilienceTest#smoke, java.vendor.url=http://java.oracle.com/, env.INCLUDE=/opt/sw/spack/apps/linux-rhel8-x86_64_v2/gcc-10.3.0/bzip2-1.0.8-no/include:/opt/sw/spack/apps/linux-rhel8-x86_64_v2/gcc-10.3.0/curl-7.80.0-rm/include:/opt/sw/spack/apps/linux-rhel8-x86_64_v2/gcc-10.3.0/openmpi-4.1.2-4a/include:/opt/sw/spack/apps/linux-rhel8-x86_64_v2/gcc-10.3.0/zlib-1.2.11-2y/include:/opt/sw/spack/apps/linux-rhel8-x86_64_v2/gcc-9.3.0/gcc-10.3.0-ya/include/c++/10.3.0:/opt/sw/spack/apps/linux-rhel8-x86_64_v2/gcc-9.3.0/gcc-10.3.0-ya/include, env.TERM_PROGRAM_VERSION=1.101.2, java.version=1.8.0_102, env._ModuleTable002_=LjAvYnppcDIvMS4wLjgtbm8ubHVhIixbImZ1bGxOYW1lIl09ImJ6aXAyLzEuMC44LW5vIixbImxvYWRPcmRlciJdPTEwLHByb3BUPXt9LFsicmVmX2NvdW50Il09MSxbInN0YWNrRGVwdGgiXT0yLFsic3RhdHVzIl09ImFjdGl2ZSIsWyJ1c2VyTmFtZSJdPSJiemlwMi8xLjAuOC1ubyIsfSxjdXJsPXtbImZuIl09Ii9vcHQvc3cvc3BhY2svbW9kdWxlcy9sbW9kL2xpbnV4LXJoZWw4LXg4Nl82NC9nY2MvMTAuMy4wL2N1cmwvNy44MC4wLXJtLmx1YSIsWyJmdWxsTmFtZSJdPSJjdXJsLzcuODAuMC1ybSIsWyJsb2FkT3JkZXIiXT05LHByb3BUPXt9LFsicmVmX2NvdW50Il09MSxbInN0YWNrRGVwdGgiXT0xLFsic3RhdHVzIl09ImFjdGl2ZSIsWyJ1c2VyTmFtZSJdPSJjdXJsLzcu, env.module_id=64, env.SDKMAN_DIR=/home/tbaral/.sdkman, java.vendor.url.bug=http://bugreport.sun.com/bugreport/, skipTests=true, env.SSH_CLIENT=172.16.128.7 50936 22, env.LIBRARY_PATH=/opt/sw/spack/apps/linux-rhel8-x86_64_v2/gcc-10.3.0/perl-5.34.0-lm/lib:/opt/sw/spack/apps/linux-rhel8-x86_64_v2/gcc-10.3.0/bzip2-1.0.8-no/lib:/opt/sw/spack/apps/linux-rhel8-x86_64_v2/gcc-10.3.0/curl-7.80.0-rm/lib:/opt/sw/spack/apps/linux-rhel8-x86_64_v2/gcc-10.3.0/openmpi-4.1.2-4a/lib:/opt/sw/spack/apps/linux-rhel8-x86_64_v2/gcc-10.3.0/zlib-1.2.11-2y/lib:/opt/sw/spack/apps/linux-rhel8-x86_64_v2/gcc-9.3.0/gcc-10.3.0-ya/lib64:/opt/sw/spack/apps/linux-rhel8-x86_64_v2/gcc-9.3.0/gcc-10.3.0-ya/lib, env.SLURM_JOB_NODELIST=amd087, env.SLURM_JOB_GID=100, jansi.version=1.9, env.MPIF77=/opt/sw/spack/apps/linux-rhel8-x86_64_v2/gcc-10.3.0/openmpi-4.1.2-4a/bin/mpif77, user.name=tbaral, env.LANG=en_US.UTF-8, env.LMOD_PKG=/opt/ohpc/admin/lmod/lmod, sun.io.unicode.encoding=UnicodeLittle, sun.jnu.encoding=UTF-8, env.DBUS_SESSION_BUS_ADDRESS=unix:path=/run/user/1224545917/bus, java.runtime.name=Java(TM) SE Runtime Environment, env.SSH_ASKPASS=/usr/libexec/openssh/gnome-ssh-askpass, env._ModuleTable001_=X01vZHVsZVRhYmxlXz17WyJNVHZlcnNpb24iXT0zLFsiY19yZWJ1aWxkVGltZSJdPTg2NDAwLFsiY19zaG9ydFRpbWUiXT1mYWxzZSxkZXB0aFQ9e30sZmFtaWx5PXtbImNvbXBpbGVyIl09ImdudTEwIixbIm1waSJdPSJvcGVubXBpNCIsfSxtVD17YXV0b3Rvb2xzPXtbImZuIl09Ii9vcHQvb2hwYy9wdWIvbW9kdWxlZmlsZXMvYXV0b3Rvb2xzLmx1YSIsWyJmdWxsTmFtZSJdPSJhdXRvdG9vbHMiLFsibG9hZE9yZGVyIl09Myxwcm9wVD17fSxbInN0YWNrRGVwdGgiXT0xLFsic3RhdHVzIl09ImFjdGl2ZSIsWyJ1c2VyTmFtZSJdPSJhdXRvdG9vbHMiLH0sYnppcDI9e1siZm4iXT0iL29wdC9zdy9zcGFjay9tb2R1bGVzL2xtb2QvbGludXgtcmhlbDgteDg2XzY0L2djYy8xMC4z, env.SLURM_TASK_PID=93213, env.LMOD_MPI_NAME=openmpi, env.SSH_CONNECTION=172.16.128.7 50936 172.16.129.44 22, env.OMPI_MCA_plm_slurm_args=--external-launcher, env.__LMOD_REF_COUNT__LMFILES_=/opt/ohpc/pub/modulefiles/ohpc:1;/opt/ohpc/admin/lmod/8.2.10/modulefiles/Core/use.own.lua:1;/opt/ohpc/pub/modulefiles/autotools.lua:1;/opt/ohpc/pub/modulefiles/prun/2.0.lua:1;/etc/modulefiles/Core/hosts/hopper:1;/opt/ohpc/pub/modulefiles/gnu10/10.3.0-ya.lua:1;/opt/sw/spack/modules/lmod/linux-rhel8-x86_64/gcc/10.3.0/zlib/1.2.11-2y.lua:1;/opt/sw/spack/modules/lmod/linux-rhel8-x86_64/gcc/10.3.0/openmpi4/4.1.2-4a.lua:1;/opt/sw/spack/modules/lmod/linux-rhel8-x86_64/gcc/10.3.0/curl/7.80.0-rm.lua:1;/opt/sw/spack/modules/lmod/linux-rhel8-x86_64/gcc/10.3.0/bzip2/1.0.8-no.lua:1;/opt/sw/spack/modules/lmod/linux-rhel8-x86_64/gcc/10.3.0/perl/5.34.0-lm.lua:1;/opt/sw/spack/modules/lmod/linux-rhel8-x86_64/gcc/10.3.0/git/2.39.1-vd.lua:1, env.BROWSER=/home/tbaral/.vscode-server/cli/servers/Stable-2901c5ac6db8a986a5666c3af51ff804d05af0d4/server/bin/helpers/browser.sh, java.specification.name=Java Platform API Specification, env.SLURM_PRIO_PROCESS=0, env.LMOD_PREPEND_BLOCK=normal, user.timezone=, janino.version=2.6.1, env.LESSOPEN=||/usr/bin/lesspipe.sh %s, env.SLURM_JOB_START_TIME=1752106412, path.separator=:, tomcat.version=7.0.21, env.MAVEN_CMD_LINE_ARGS= test -X -Dtest=ch.qos.logback.core.FileAppenderResilienceTest#smoke -DfailIfNoTests=false -DskipTests -q -B -fn -s /scratch/tbaral/ase26/nod-rr/NOD-Test-Repair/flakerake/shell_scripts/maven-repo-fix-settings.xml -DskipITs, jdk.version=1.5, env.LMOD_MPI_VERSION=4.1.2-4aedfmd, file.encoding=UTF-8, env.HOME=/home/tbaral, env.which_declare=declare -f, sun.java.command=org.codehaus.plexus.classworlds.launcher.Launcher test -X -Dtest=ch.qos.logback.core.FileAppenderResilienceTest#smoke -DfailIfNoTests=false -DskipTests -q -B -fn -s /scratch/tbaral/ase26/nod-rr/NOD-Test-Repair/flakerake/shell_scripts/maven-repo-fix-settings.xml -DskipITs, env.MANPATH=/opt/sw/spack/apps/linux-rhel8-x86_64_v2/gcc-10.3.0/git-2.39.1-vd/share/man:/opt/sw/spack/apps/linux-rhel8-x86_64_v2/gcc-10.3.0/perl-5.34.0-lm/man:/opt/sw/spack/apps/linux-rhel8-x86_64_v2/gcc-10.3.0/bzip2-1.0.8-no/man:/opt/sw/spack/apps/linux-rhel8-x86_64_v2/gcc-10.3.0/curl-7.80.0-rm/share/man:/opt/sw/spack/apps/linux-rhel8-x86_64_v2/gcc-10.3.0/openmpi-4.1.2-4a/share/man:/opt/sw/spack/apps/linux-rhel8-x86_64_v2/gcc-10.3.0/zlib-1.2.11-2y/share/man:/usr/share/man:/opt/sw/spack/apps/linux-rhel8-x86_64_v2/gcc-9.3.0/gcc-10.3.0-ya/share/man:/opt/ohpc/pub/utils/autotools/share/man:/usr/local/share/man:/usr/share/man/overrides:/usr/share/man/en, env.CXX=/opt/sw/spack/apps/linux-rhel8-x86_64_v2/gcc-9.3.0/gcc-10.3.0-ya/bin/g++, env.LMOD_SYSTEM_DEFAULT_MODULES=hosts/hopper, env.LMOD_COLORIZE=no, env.SLURM_TOPOLOGY_ADDR_PATTERN=node, env.LMOD_CACHED_LOADS=yes, env.LMOD_FULL_SETTARG_SUPPORT=yes, env.HOSTNAME=amd087, env.LMOD_MODULERCFILE=/opt/ohpc/admin/lmod/etc/rc-hopper.lua, env.I_MPI_HYDRA_BOOTSTRAP=slurm, env.FC=/opt/sw/spack/apps/linux-rhel8-x86_64_v2/gcc-9.3.0/gcc-10.3.0-ya/bin/gfortran, java.io.tmpdir=/tmp, env.SLURM_NODEID=0, user.language=en, env.HISTCONTROL=ignoredups, line.separator=
, env.__LMOD_REF_COUNT_ACLOCAL_PATH=/opt/sw/spack/apps/linux-rhel8-x86_64_v2/gcc-10.3.0/curl-7.80.0-rm/share/aclocal:1, env.BZIP2_ROOT=/opt/sw/spack/apps/linux-rhel8-x86_64_v2/gcc-10.3.0/bzip2-1.0.8-no, env.HISTSIZE=1000, env.CURL_ROOT=/opt/sw/spack/apps/linux-rhel8-x86_64_v2/gcc-10.3.0/curl-7.80.0-rm, env.LMOD_FAMILY_COMPILER_VERSION=10.3.0-ya, java.vm.info=mixed mode, env.C_INCLUDE_PATH=/opt/sw/spack/apps/linux-rhel8-x86_64_v2/gcc-10.3.0/bzip2-1.0.8-no/include:/opt/sw/spack/apps/linux-rhel8-x86_64_v2/gcc-10.3.0/curl-7.80.0-rm/include:/opt/sw/spack/apps/linux-rhel8-x86_64_v2/gcc-10.3.0/openmpi-4.1.2-4a/include:/opt/sw/spack/apps/linux-rhel8-x86_64_v2/gcc-10.3.0/zlib-1.2.11-2y/include:/opt/sw/spack/apps/linux-rhel8-x86_64_v2/gcc-9.3.0/gcc-10.3.0-ya/include, java.vm.specification.name=Java Virtual Machine Specification, consolePlugin.version=1.1.0, env.SLURM_PROCID=0, env.git_sha=0f57531977287fd3d8c9046e9f68e281715f3b10, env.COLORTERM=truecolor, env.M2_HOME=/scratch/tbaral/ase26/otog/setups/maven, env.SLURM_MEM_PER_NODE=65536, skipITs=true, env.__LMOD_REF_COUNT_INCLUDE=/opt/sw/spack/apps/linux-rhel8-x86_64_v2/gcc-10.3.0/bzip2-1.0.8-no/include:1;/opt/sw/spack/apps/linux-rhel8-x86_64_v2/gcc-10.3.0/curl-7.80.0-rm/include:1;/opt/sw/spack/apps/linux-rhel8-x86_64_v2/gcc-10.3.0/openmpi-4.1.2-4a/include:1;/opt/sw/spack/apps/linux-rhel8-x86_64_v2/gcc-10.3.0/zlib-1.2.11-2y/include:1;/opt/sw/spack/apps/linux-rhel8-x86_64_v2/gcc-9.3.0/gcc-10.3.0-ya/include/c++/10.3.0:1;/opt/sw/spack/apps/linux-rhel8-x86_64_v2/gcc-9.3.0/gcc-10.3.0-ya/include:1, env.LMOD_DIR=/opt/ohpc/admin/lmod/lmod/libexec, env.SLURM_JOB_END_TIME=1752142412, env.SLURM_CPUS_ON_NODE=16, java.awt.printerjob=sun.print.PSPrinterJob, maven-license-plugin.version=1.9.0, env.__LMOD_REF_COUNT_C_INCLUDE_PATH=/opt/sw/spack/apps/linux-rhel8-x86_64_v2/gcc-10.3.0/bzip2-1.0.8-no/include:1;/opt/sw/spack/apps/linux-rhel8-x86_64_v2/gcc-10.3.0/curl-7.80.0-rm/include:1;/opt/sw/spack/apps/linux-rhel8-x86_64_v2/gcc-10.3.0/openmpi-4.1.2-4a/include:1;/opt/sw/spack/apps/linux-rhel8-x86_64_v2/gcc-10.3.0/zlib-1.2.11-2y/include:1;/opt/sw/spack/apps/linux-rhel8-x86_64_v2/gcc-9.3.0/gcc-10.3.0-ya/include:1, env.SDKMAN_PLATFORM=linuxx64, maven-jar-plugin.version=2.3.1, javax.mail.version=1.4, env.SLURM_CLUSTER_NAME=hopper, env.SLURM_NODELIST=amd087, env.LMOD_FAMILY_MPI_VERSION=4.1.2-4a, jetty.version=7.5.1.v20110908, env.SLURM_JOB_USER=tbaral, env.SLURM_JOB_ACCOUNT=winglam, env.PYTHON_FLAKY_BIN=/scratch/tbaral/ase26/python/py39/bin/python3.9, env.F77=/opt/sw/spack/apps/linux-rhel8-x86_64_v2/gcc-9.3.0/gcc-10.3.0-ya/bin/gfortran, env.LMOD_REDIRECT=no, env.LOADEDMODULES=ohpc:use.own:autotools:prun/2.0:hosts/hopper:gnu10/10.3.0-ya:zlib/1.2.11-2y:openmpi4/4.1.2-4a:curl/7.80.0-rm:bzip2/1.0.8-no:perl/5.34.0-lm:git/2.39.1-vd, env.BASH_FUNC_module%%=() {  eval $($LMOD_CMD bash "$@") && eval $(${LMOD_SETTARG_CMD:-:} -s sh)
}, os.name=Linux, java.specification.vendor=Oracle Corporation, env.SLURMD_NODENAME=amd087, env.SLURM_JOB_NAME=64_flakerake_reproduce, env.TERM=xterm-256color, java.vm.name=Java HotSpot(TM) 64-Bit Server VM, env.JAVA_FLAKY_HOME=/scratch/tbaral/ase26/otog/setups/jdk1.8.0_102, env.SLURM_JOB_QOS=normal, java.library.path=/opt/sw/spack/apps/linux-rhel8-x86_64_v2/gcc-10.3.0/perl-5.34.0-lm/lib:/opt/sw/spack/apps/linux-rhel8-x86_64_v2/gcc-10.3.0/bzip2-1.0.8-no/lib:/opt/sw/spack/apps/linux-rhel8-x86_64_v2/gcc-10.3.0/curl-7.80.0-rm/lib:/opt/sw/spack/apps/linux-rhel8-x86_64_v2/gcc-10.3.0/openmpi-4.1.2-4a/lib:/opt/sw/spack/apps/linux-rhel8-x86_64_v2/gcc-10.3.0/zlib-1.2.11-2y/lib:/opt/sw/spack/apps/linux-rhel8-x86_64_v2/gcc-9.3.0/gcc-10.3.0-ya/lib64:/opt/sw/spack/apps/linux-rhel8-x86_64_v2/gcc-9.3.0/gcc-10.3.0-ya/lib:/usr/java/packages/lib/amd64:/usr/lib64:/lib64:/lib:/usr/lib, env._ModuleTable009_=LjIuMTEtMnkiLH0sfSxtcGF0aEE9eyIvb3B0L3N3L290aGVyL21vZHVsZWRlcHMvbGludXgtcmhlbDgteDg2XzY0X3YyL2djYy0xMC4zLjAtb3Blbm1waS00LjEuMiIsIi9vcHQvc3cvc3BhY2svbW9kdWxlZGVwcy9saW51eC1yaGVsOC14ODZfNjQvZ251LTEwLjMuMC1vcGVubXBpLTQuMS4yIiwiL29wdC9zdy9vdGhlci9tb2R1bGVkZXBzL2xpbnV4LXJoZWw4LXg4Nl82NF92Mi9nY2MtMTAuMy4wIiwiL29wdC9zdy9zcGFjay9tb2R1bGVzL2xtb2QtMjAyNC9saW51eC1yaGVsOC14ODZfNjQvZ2NjLzEwLjMuMCIsIi9vcHQvc3cvc3BhY2svbW9kdWxlcy9sbW9kL2xpbnV4LXJoZWw4LXg4Nl82NC9nY2MvMTAuMy4wIiwiL29wdC9zdy9vdGhlci9tb2R1bGVmaWxlcyIsIi9vcHQv, env.PATH=/scratch/tbaral/ase26/python/py39/bin:/opt/sw/spack/apps/linux-rhel8-x86_64_v2/gcc-10.3.0/git-2.39.1-vd/bin:/opt/sw/spack/apps/linux-rhel8-x86_64_v2/gcc-10.3.0/perl-5.34.0-lm/bin:/opt/sw/spack/apps/linux-rhel8-x86_64_v2/gcc-10.3.0/bzip2-1.0.8-no/bin:/opt/sw/spack/apps/linux-rhel8-x86_64_v2/gcc-10.3.0/curl-7.80.0-rm/bin:/opt/sw/spack/apps/linux-rhel8-x86_64_v2/gcc-10.3.0/openmpi-4.1.2-4a/bin:/opt/sw/spack/apps/linux-rhel8-x86_64_v2/gcc-9.3.0/gcc-10.3.0-ya/bin:/home/tbaral/.nvm/versions/node/v24.0.0/bin:/home/tbaral/.sdkman/candidates/java/current/bin:/home/tbaral/.vscode-server/cli/servers/Stable-2901c5ac6db8a986a5666c3af51ff804d05af0d4/server/bin/remote-cli:/opt/ohpc/pub/utils/prun/2.0:/opt/ohpc/pub/utils/autotools/bin:/opt/ohpc/pub/bin:/usr/local/bin:/usr/bin:/usr/local/sbin:/usr/sbin:/opt/dell/srvadmin/bin:/home/tbaral/.vscode-server/data/User/globalStorage/github.copilot-chat/debugCommand:/scratch/tbaral/ase26/otog/setups/maven/bin, env.CC=/opt/sw/spack/apps/linux-rhel8-x86_64_v2/gcc-9.3.0/gcc-10.3.0-ya/bin/gcc, library.jansi.path=/scratch/tbaral/ase26/otog/setups/maven/lib/jansi-native, env.__LMOD_REF_COUNT_LIBRARY_PATH=/opt/sw/spack/apps/linux-rhel8-x86_64_v2/gcc-10.3.0/perl-5.34.0-lm/lib:1;/opt/sw/spack/apps/linux-rhel8-x86_64_v2/gcc-10.3.0/bzip2-1.0.8-no/lib:1;/opt/sw/spack/apps/linux-rhel8-x86_64_v2/gcc-10.3.0/curl-7.80.0-rm/lib:1;/opt/sw/spack/apps/linux-rhel8-x86_64_v2/gcc-10.3.0/openmpi-4.1.2-4a/lib:1;/opt/sw/spack/apps/linux-rhel8-x86_64_v2/gcc-10.3.0/zlib-1.2.11-2y/lib:1;/opt/sw/spack/apps/linux-rhel8-x86_64_v2/gcc-9.3.0/gcc-10.3.0-ya/lib64:1;/opt/sw/spack/apps/linux-rhel8-x86_64_v2/gcc-9.3.0/gcc-10.3.0-ya/lib:1, env.LMOD_SITE_NAME=GMU_Hopper, java.class.version=52.0, env.SHLVL=9, env.HYDRA_BOOTSTRAP=slurm, maven.multiModuleProjectDirectory=/scratch/tbaral/ase26/nod-rr/NOD-Test-Repair/run_flakerake/reproduce/projects/64/logback/logback-core, env.LD_LIBRARY_PATH=/opt/sw/spack/apps/linux-rhel8-x86_64_v2/gcc-10.3.0/perl-5.34.0-lm/lib:/opt/sw/spack/apps/linux-rhel8-x86_64_v2/gcc-10.3.0/bzip2-1.0.8-no/lib:/opt/sw/spack/apps/linux-rhel8-x86_64_v2/gcc-10.3.0/curl-7.80.0-rm/lib:/opt/sw/spack/apps/linux-rhel8-x86_64_v2/gcc-10.3.0/openmpi-4.1.2-4a/lib:/opt/sw/spack/apps/linux-rhel8-x86_64_v2/gcc-10.3.0/zlib-1.2.11-2y/lib:/opt/sw/spack/apps/linux-rhel8-x86_64_v2/gcc-9.3.0/gcc-10.3.0-ya/lib64:/opt/sw/spack/apps/linux-rhel8-x86_64_v2/gcc-9.3.0/gcc-10.3.0-ya/lib, env.NVM_DIR=/home/tbaral/.nvm, env.MODULESHOME=/opt/ohpc/admin/lmod/lmod, env.LMOD_FAMILY_MPI=openmpi4, env.GCC_ROOT=/opt/sw/spack/apps/linux-rhel8-x86_64_v2/gcc-9.3.0/gcc-10.3.0-ya, env.LMOD_SETTARG_CMD=:, env.__LMOD_REF_COUNT_LD_LIBRARY_PATH=/opt/sw/spack/apps/linux-rhel8-x86_64_v2/gcc-10.3.0/perl-5.34.0-lm/lib:1;/opt/sw/spack/apps/linux-rhel8-x86_64_v2/gcc-10.3.0/bzip2-1.0.8-no/lib:1;/opt/sw/spack/apps/linux-rhel8-x86_64_v2/gcc-10.3.0/curl-7.80.0-rm/lib:1;/opt/sw/spack/apps/linux-rhel8-x86_64_v2/gcc-10.3.0/openmpi-4.1.2-4a/lib:1;/opt/sw/spack/apps/linux-rhel8-x86_64_v2/gcc-10.3.0/zlib-1.2.11-2y/lib:1;/opt/sw/spack/apps/linux-rhel8-x86_64_v2/gcc-9.3.0/gcc-10.3.0-ya/lib64:1;/opt/sw/spack/apps/linux-rhel8-x86_64_v2/gcc-9.3.0/gcc-10.3.0-ya/lib:1, env.LMOD_VERSION=8.2.10, env.NVM_BIN=/home/tbaral/.nvm/versions/node/v24.0.0/bin, env.SLURM_JOB_ID=3941713, failIfNoTests=false, env.LMOD_SETTARG_TITLE_BAR=no, env.LMOD_AVAIL_STYLE=en_grouped:system, env.MODULEPATH=/opt/sw/other/moduledeps/linux-rhel8-x86_64_v2/gcc-10.3.0-openmpi-4.1.2:/opt/sw/spack/moduledeps/linux-rhel8-x86_64/gnu-10.3.0-openmpi-4.1.2:/opt/sw/other/moduledeps/linux-rhel8-x86_64_v2/gcc-10.3.0:/opt/sw/spack/modules/lmod-2024/linux-rhel8-x86_64/gcc/10.3.0:/opt/sw/spack/modules/lmod/linux-rhel8-x86_64/gcc/10.3.0:/opt/sw/other/modulefiles:/opt/ohpc/pub/modulefiles:/etc/modulefiles/Core:/opt/ohpc/admin/lmod/8.2.10/modulefiles/Core:/home/tbaral/privatemodules, project.build.sourceEncoding=UTF-8, sun.boot.library.path=/scratch/tbaral/ase26/otog/setups/jdk1.8.0_102/jre/lib/amd64, env._ModuleTable008_=dC9vaHBjL2FkbWluL2xtb2QvOC4yLjEwL21vZHVsZWZpbGVzL0NvcmUvdXNlLm93bi5sdWEiLFsiZnVsbE5hbWUiXT0idXNlLm93biIsWyJsb2FkT3JkZXIiXT0yLHByb3BUPXt9LFsic3RhY2tEZXB0aCJdPTEsWyJzdGF0dXMiXT0iYWN0aXZlIixbInVzZXJOYW1lIl09InVzZS5vd24iLH0semxpYj17WyJmbiJdPSIvb3B0L3N3L3NwYWNrL21vZHVsZXMvbG1vZC9saW51eC1yaGVsOC14ODZfNjQvZ2NjLzEwLjMuMC96bGliLzEuMi4xMS0yeS5sdWEiLFsiZnVsbE5hbWUiXT0iemxpYi8xLjIuMTEtMnkiLFsibG9hZE9yZGVyIl09Nyxwcm9wVD17fSxbInJlZl9jb3VudCJdPTQsWyJzdGFja0RlcHRoIl09MixbInN0YXR1cyJdPSJhY3RpdmUiLFsidXNlck5hbWUiXT0iemxpYi8x, env.VIRTUAL_ENV=/scratch/tbaral/ase26/python/py39, sun.management.compiler=HotSpot 64-Bit Tiered Compilers, env.LMOD_CMD=/opt/ohpc/admin/lmod/lmod/libexec/lmod, java.awt.graphicsenv=sun.awt.X11GraphicsEnvironment, env.BASH_FUNC_ml%%=() {  eval $($LMOD_DIR/ml_cmd "$@")
}, env._ModuleTable_Sz_=10, env.BASH_ENV=/opt/ohpc/admin/lmod/lmod/init/bash, env.USER=tbaral, env.SLURM_JOB_PARTITION=bigmem, env.__LMOD_REF_COUNT_MANPATH=/opt/sw/spack/apps/linux-rhel8-x86_64_v2/gcc-10.3.0/git-2.39.1-vd/share/man:1;/opt/sw/spack/apps/linux-rhel8-x86_64_v2/gcc-10.3.0/perl-5.34.0-lm/man:1;/opt/sw/spack/apps/linux-rhel8-x86_64_v2/gcc-10.3.0/bzip2-1.0.8-no/man:1;/opt/sw/spack/apps/linux-rhel8-x86_64_v2/gcc-10.3.0/curl-7.80.0-rm/share/man:1;/opt/sw/spack/apps/linux-rhel8-x86_64_v2/gcc-10.3.0/openmpi-4.1.2-4a/share/man:1;/opt/sw/spack/apps/linux-rhel8-x86_64_v2/gcc-10.3.0/zlib-1.2.11-2y/share/man:1;/usr/share/man:4;/opt/sw/spack/apps/linux-rhel8-x86_64_v2/gcc-9.3.0/gcc-10.3.0-ya/share/man:1;/opt/ohpc/pub/utils/autotools/share/man:1;/usr/local/share/man:4;/usr/share/man/overrides:4;/usr/share/man/en:4, env.NVM_INC=/home/tbaral/.nvm/versions/node/v24.0.0/include/node, junit.version=4.10, env.TERM_PROGRAM=vscode, env.PRTE_MCA_plm_slurm_args=--external-launcher, env.SLURM_OOM_KILL_STEP=0, java.vm.specification.version=1.8, env.SLURM_TASKS_PER_NODE=1, env.LMOD_AUTO_SWAP=yes, env.MAVEN_REPO=/home/tbaral/.m2/repository, env._ModuleTable007_=bj17WyJmbiJdPSIvb3B0L29ocGMvcHViL21vZHVsZWZpbGVzL3BydW4vMi4wLmx1YSIsWyJmdWxsTmFtZSJdPSJwcnVuLzIuMCIsWyJsb2FkT3JkZXIiXT00LHByb3BUPXt9LFsic3RhY2tEZXB0aCJdPTEsWyJzdGF0dXMiXT0iYWN0aXZlIixbInVzZXJOYW1lIl09InBydW4iLH0sdWN4PXtbImZuIl09Ii9vcHQvc3cvc3BhY2svbW9kdWxlZGVwcy9saW51eC1yaGVsOC14ODZfNjQvZ251LTkuMy4wL3VjeC8xLjEyLjEtNGcubHVhIixbImZ1bGxOYW1lIl09InVjeC8xLjEyLjEtNGciLFsibG9hZE9yZGVyIl09LTUscHJvcFQ9e30sWyJzdGFja0RlcHRoIl09MixbInN0YXR1cyJdPSJpbmFjdGl2ZSIsWyJ1c2VyTmFtZSJdPSJ1Y3giLH0sWyJ1c2Uub3duIl09e1siZm4iXT0iL29w, env.NLSPATH=/usr/dt/lib/nls/msg/%L/%N.cat, slf4j.version=1.7.5, awt.toolkit=sun.awt.X11.XToolkit, env.SLURM_TRES_PER_TASK=cpu=16, sun.cpu.isalist=, env.MAVEN_PROJECTBASEDIR=/scratch/tbaral/ase26/nod-rr/NOD-Test-Repair/run_flakerake/reproduce/projects/64/logback/logback-core, env.SLURM_SUBMIT_DIR=/scratch/tbaral/ase26/nod-rr/NOD-Test-Repair/run_flakerake/reproduce, maven-compiler-plugin.version=2.3.2, java.ext.dirs=/scratch/tbaral/ase26/otog/setups/jdk1.8.0_102/jre/lib/ext:/usr/java/packages/lib/ext, env.VSCODE_IPC_HOOK_CLI=/run/user/1224545917/vscode-ipc-be4d702a-efbb-4c8e-8100-35b7d937e434.sock, os.version=4.18.0-553.33.1.el8_10.x86_64, env.SSL_CERT_FILE=/etc/pki/ca-trust/extracted/pem/tls-ca-bundle.pem, env.SSL_CERT_DIR=/etc/pki/tls/certs, user.home=/home/tbaral, java.vm.vendor=Oracle Corporation, env.BASH_FUNC_which%%=() {  ( alias;
 eval ${which_declare} ) | /usr/bin/which --tty-only --read-alias --read-functions --show-tilde --show-dot $@
}, env.PKG_CONFIG_PATH=/opt/sw/spack/apps/linux-rhel8-x86_64_v2/gcc-10.3.0/curl-7.80.0-rm/lib/pkgconfig:/opt/sw/spack/apps/linux-rhel8-x86_64_v2/gcc-10.3.0/openmpi-4.1.2-4a/lib/pkgconfig:/opt/sw/spack/apps/linux-rhel8-x86_64_v2/gcc-10.3.0/zlib-1.2.11-2y/lib/pkgconfig, env.JAVA_HOME=/scratch/tbaral/ase26/otog/setups/jdk1.8.0_102, env.XDG_SESSION_ID=691, env._ModuleTable010_=b2hwYy9wdWIvbW9kdWxlZmlsZXMiLCIvZXRjL21vZHVsZWZpbGVzL0NvcmUiLCIvb3B0L29ocGMvYWRtaW4vbG1vZC84LjIuMTAvbW9kdWxlZmlsZXMvQ29yZSIsIi9ob21lL3RiYXJhbC9wcml2YXRlbW9kdWxlcyIsfSxbInN5c3RlbUJhc2VNUEFUSCJdPSIvb3B0L29ocGMvcHViL21vZHVsZWZpbGVzIix9, maven.conf=/scratch/tbaral/ase26/otog/setups/maven/conf, user.dir=/scratch/tbaral/ase26/nod-rr/NOD-Test-Repair/run_flakerake/reproduce/projects/64/logback/logback-core, env.XFILESEARCHPATH=/usr/dt/app-defaults/%L/Dt, env.SLURM_NNODES=1, env.MAIL=/var/spool/mail/tbaral, env.PERL_ROOT=/opt/sw/spack/apps/linux-rhel8-x86_64_v2/gcc-10.3.0/perl-5.34.0-lm, env.project_git_url=https://github.com/qos-ch/logback.git, env.PWD=/scratch/tbaral/ase26/nod-rr/NOD-Test-Repair/run_flakerake/reproduce/projects/64/logback/logback-core, env.__LMOD_REF_COUNT_PKG_CONFIG_PATH=/opt/sw/spack/apps/linux-rhel8-x86_64_v2/gcc-10.3.0/curl-7.80.0-rm/lib/pkgconfig:1;/opt/sw/spack/apps/linux-rhel8-x86_64_v2/gcc-10.3.0/openmpi-4.1.2-4a/lib/pkgconfig:1;/opt/sw/spack/apps/linux-rhel8-x86_64_v2/gcc-10.3.0/zlib-1.2.11-2y/lib/pkgconfig:1, env._ModuleTable006_=LjMuMC9vcGVubXBpNC80LjEuMi00YS5sdWEiLFsiZnVsbE5hbWUiXT0ib3Blbm1waTQvNC4xLjItNGEiLFsibG9hZE9yZGVyIl09OCxwcm9wVD17fSxbInN0YWNrRGVwdGgiXT0wLFsic3RhdHVzIl09ImFjdGl2ZSIsWyJ1c2VyTmFtZSJdPSJvcGVubXBpNCIsfSxwZXJsPXtbImZuIl09Ii9vcHQvc3cvc3BhY2svbW9kdWxlcy9sbW9kL2xpbnV4LXJoZWw4LXg4Nl82NC9nY2MvMTAuMy4wL3BlcmwvNS4zNC4wLWxtLmx1YSIsWyJmdWxsTmFtZSJdPSJwZXJsLzUuMzQuMC1sbSIsWyJsb2FkT3JkZXIiXT0xMSxwcm9wVD17fSxbInJlZl9jb3VudCJdPTEsWyJzdGFja0RlcHRoIl09MSxbInN0YXR1cyJdPSJhY3RpdmUiLFsidXNlck5hbWUiXT0icGVybC81LjM0LjAtbG0iLH0scHJ1, env.SLURM_SUBMIT_HOST=hop044.orc.gmu.edu, env.GIT_ROOT=/opt/sw/spack/apps/linux-rhel8-x86_64_v2/gcc-10.3.0/git-2.39.1-vd, sun.cpu.endian=little, env.SLURM_GTIDS=0, env.SLURM_TOPOLOGY_ADDR=amd087, env.__LMOD_REF_COUNT_CPLUS_INCLUDE_PATH=/opt/sw/spack/apps/linux-rhel8-x86_64_v2/gcc-10.3.0/bzip2-1.0.8-no/include:1;/opt/sw/spack/apps/linux-rhel8-x86_64_v2/gcc-10.3.0/curl-7.80.0-rm/include:1;/opt/sw/spack/apps/linux-rhel8-x86_64_v2/gcc-10.3.0/openmpi-4.1.2-4a/include:1;/opt/sw/spack/apps/linux-rhel8-x86_64_v2/gcc-10.3.0/zlib-1.2.11-2y/include:1;/opt/sw/spack/apps/linux-rhel8-x86_64_v2/gcc-9.3.0/gcc-10.3.0-ya/include:1, env.ZLIB_ROOT=/opt/sw/spack/apps/linux-rhel8-x86_64_v2/gcc-10.3.0/zlib-1.2.11-2y, env.TMPDIR=/tmp, env.SLURM_JOB_NUM_NODES=1, env.__LMOD_REF_COUNT_PATH=/opt/sw/spack/apps/linux-rhel8-x86_64_v2/gcc-10.3.0/git-2.39.1-vd/bin:1;/opt/sw/spack/apps/linux-rhel8-x86_64_v2/gcc-10.3.0/perl-5.34.0-lm/bin:1;/opt/sw/spack/apps/linux-rhel8-x86_64_v2/gcc-10.3.0/bzip2-1.0.8-no/bin:1;/opt/sw/spack/apps/linux-rhel8-x86_64_v2/gcc-10.3.0/curl-7.80.0-rm/bin:1;/opt/sw/spack/apps/linux-rhel8-x86_64_v2/gcc-10.3.0/openmpi-4.1.2-4a/bin:1;/opt/sw/spack/apps/linux-rhel8-x86_64_v2/gcc-9.3.0/gcc-10.3.0-ya/bin:1;/home/tbaral/.nvm/versions/node/v24.0.0/bin:1;/home/tbaral/.sdkman/candidates/java/current/bin:1;/home/tbaral/.vscode-server/cli/servers/Stable-2901c5ac6db8a986a5666c3af51ff804d05af0d4/server/bin/remote-cli:1;/opt/ohpc/pub/utils/prun/2.0:1;/opt/ohpc/pub/utils/autotools/bin:1;/opt/ohpc/pub/bin:2;/usr/local/bin:1;/usr/bin:1;/usr/local/sbin:1;/usr/sbin:1;/opt/dell/srvadmin/bin:1;/home/tbaral/.vscode-server/data/User/globalStorage/github.copilot-chat/debugCommand:1, env.SLURM_JOB_CPUS_PER_NODE=16, env.CPLUS_INCLUDE_PATH=/opt/sw/spack/apps/linux-rhel8-x86_64_v2/gcc-10.3.0/bzip2-1.0.8-no/include:/opt/sw/spack/apps/linux-rhel8-x86_64_v2/gcc-10.3.0/curl-7.80.0-rm/include:/opt/sw/spack/apps/linux-rhel8-x86_64_v2/gcc-10.3.0/openmpi-4.1.2-4a/include:/opt/sw/spack/apps/linux-rhel8-x86_64_v2/gcc-10.3.0/zlib-1.2.11-2y/include:/opt/sw/spack/apps/linux-rhel8-x86_64_v2/gcc-9.3.0/gcc-10.3.0-ya/include, java.vm.version=25.102-b14, java.class.path=/scratch/tbaral/ase26/otog/setups/maven/boot/plexus-classworlds-2.6.0.jar, env.__LMOD_REF_COUNT_LOADEDMODULES=ohpc:1;use.own:1;autotools:1;prun/2.0:1;hosts/hopper:1;gnu10/10.3.0-ya:1;zlib/1.2.11-2y:1;openmpi4/4.1.2-4a:1;curl/7.80.0-rm:1;bzip2/1.0.8-no:1;perl/5.34.0-lm:1;git/2.39.1-vd:1, os.arch=amd64, maven.build.version=Apache Maven 3.6.3 (cecedd343002696d0abb50b32b541b8a6ba2883f), env.SLURM_LOCALID=0, env.LMOD_SHORT_TIME=1, env.SLURM_CONF=/opt/slurm/24.11.5/etc/slurm.conf, sun.java.launcher=SUN_STANDARD, env.LMOD_CACHE_DIR=/opt/ohpc/admin/lmod/etc/system-cache, env._ModuleTable005_=Yy9wdWIvbW9kdWxlZmlsZXMvbGliZmFicmljLzEuMTAuMS5sdWEiLFsiZnVsbE5hbWUiXT0ibGliZmFicmljLzEuMTAuMSIsWyJsb2FkT3JkZXIiXT0tNixwcm9wVD17fSxbInN0YWNrRGVwdGgiXT0yLFsic3RhdHVzIl09ImluYWN0aXZlIixbInVzZXJOYW1lIl09ImxpYmZhYnJpYyIsfSxvaHBjPXtbImZuIl09Ii9vcHQvb2hwYy9wdWIvbW9kdWxlZmlsZXMvb2hwYyIsWyJmdWxsTmFtZSJdPSJvaHBjIixbImxvYWRPcmRlciJdPTEscHJvcFQ9e30sWyJzdGFja0RlcHRoIl09MCxbInN0YXR1cyJdPSJhY3RpdmUiLFsidXNlck5hbWUiXT0ib2hwYyIsfSxvcGVubXBpND17WyJmbiJdPSIvb3B0L3N3L3NwYWNrL21vZHVsZXMvbG1vZC9saW51eC1yaGVsOC14ODZfNjQvZ2NjLzEw, java.vm.specification.vendor=Oracle Corporation, file.separator=/, env.FLAKY_MVN_INSTALL_OPTS=-DskipTests -q -B -fn -s $FLAKY_HOME/shell_scripts/maven-repo-fix-settings.xml -DskipITs, java.runtime.version=1.8.0_102-b14, sun.boot.class.path=/scratch/tbaral/ase26/otog/setups/jdk1.8.0_102/jre/lib/resources.jar:/scratch/tbaral/ase26/otog/setups/jdk1.8.0_102/jre/lib/rt.jar:/scratch/tbaral/ase26/otog/setups/jdk1.8.0_102/jre/lib/sunrsasign.jar:/scratch/tbaral/ase26/otog/setups/jdk1.8.0_102/jre/lib/jsse.jar:/scratch/tbaral/ase26/otog/setups/jdk1.8.0_102/jre/lib/jce.jar:/scratch/tbaral/ase26/otog/setups/jdk1.8.0_102/jre/lib/charsets.jar:/scratch/tbaral/ase26/otog/setups/jdk1.8.0_102/jre/lib/jfr.jar:/scratch/tbaral/ase26/otog/setups/jdk1.8.0_102/jre/classes, env.XDG_RUNTIME_DIR=/run/user/1224545917, maven.version=3.6.3, env.__LMOD_REF_COUNT_MODULEPATH=/opt/sw/other/moduledeps/linux-rhel8-x86_64_v2/gcc-10.3.0-openmpi-4.1.2:1;/opt/sw/spack/moduledeps/linux-rhel8-x86_64/gnu-10.3.0-openmpi-4.1.2:1;/opt/sw/other/moduledeps/linux-rhel8-x86_64_v2/gcc-10.3.0:1;/opt/sw/spack/modules/lmod-2024/linux-rhel8-x86_64/gcc/10.3.0:1;/opt/sw/spack/modules/lmod/linux-rhel8-x86_64/gcc/10.3.0:1;/opt/sw/other/modulefiles:1;/opt/ohpc/pub/modulefiles:2;/etc/modulefiles/Core:1;/opt/ohpc/admin/lmod/8.2.10/modulefiles/Core:1;/home/tbaral/privatemodules:1, env.MPICXX=/opt/sw/spack/apps/linux-rhel8-x86_64_v2/gcc-10.3.0/openmpi-4.1.2-4a/bin/mpic++, user.country=US, env.LMOD_ROOT=/opt/ohpc/admin/lmod, maven.home=/scratch/tbaral/ase26/otog/setups/maven, env.SHELL=/bin/bash, env._ModuleTable004_=dTEwIix9LGhvc3RzPXtbImZuIl09Ii9ldGMvbW9kdWxlZmlsZXMvQ29yZS9ob3N0cy9ob3BwZXIiLFsiZnVsbE5hbWUiXT0iaG9zdHMvaG9wcGVyIixbImxvYWRPcmRlciJdPTUscHJvcFQ9e30sWyJzdGFja0RlcHRoIl09MCxbInN0YXR1cyJdPSJhY3RpdmUiLFsidXNlck5hbWUiXT0iaG9zdHMvaG9wcGVyIix9LGh3bG9jPXtbImZuIl09Ii9vcHQvb2hwYy9wdWIvbW9kdWxlZmlsZXMvaHdsb2MvMi4xLjAubHVhIixbImZ1bGxOYW1lIl09Imh3bG9jLzIuMS4wIixbImxvYWRPcmRlciJdPS03LHByb3BUPXt9LFsic3RhY2tEZXB0aCJdPTIsWyJzdGF0dXMiXT0iaW5hY3RpdmUiLFsidXNlck5hbWUiXT0iaHdsb2MvMi4xLjAiLH0sbGliZmFicmljPXtbImZuIl09Ii9vcHQvb2hw, env.NVM_CD_FLAGS=, java.vendor=Oracle Corporation, env.I_MPI_HYDRA_BOOTSTRAP_EXEC_EXTRA_ARGS=--external-launcher, env.SLURM_CPUS_PER_TASK=16, env._LMFILES_=/opt/ohpc/pub/modulefiles/ohpc:/opt/ohpc/admin/lmod/8.2.10/modulefiles/Core/use.own.lua:/opt/ohpc/pub/modulefiles/autotools.lua:/opt/ohpc/pub/modulefiles/prun/2.0.lua:/etc/modulefiles/Core/hosts/hopper:/opt/ohpc/pub/modulefiles/gnu10/10.3.0-ya.lua:/opt/sw/spack/modules/lmod/linux-rhel8-x86_64/gcc/10.3.0/zlib/1.2.11-2y.lua:/opt/sw/spack/modules/lmod/linux-rhel8-x86_64/gcc/10.3.0/openmpi4/4.1.2-4a.lua:/opt/sw/spack/modules/lmod/linux-rhel8-x86_64/gcc/10.3.0/curl/7.80.0-rm.lua:/opt/sw/spack/modules/lmod/linux-rhel8-x86_64/gcc/10.3.0/bzip2/1.0.8-no.lua:/opt/sw/spack/modules/lmod/linux-rhel8-x86_64/gcc/10.3.0/perl/5.34.0-lm.lua:/opt/sw/spack/modules/lmod/linux-rhel8-x86_64/gcc/10.3.0/git/2.39.1-vd.lua, env.FLAKY_HOME=/scratch/tbaral/ase26/nod-rr/NOD-Test-Repair/flakerake, java.specification.version=1.8, sun.arch.data.model=64}
[INFO] Using 'UTF-8' encoding to copy filtered resources.
[DEBUG] resource with targetPath null
directory /scratch/tbaral/ase26/nod-rr/NOD-Test-Repair/run_flakerake/reproduce/projects/64/logback/logback-core/src/test/resources
excludes []
includes []
[DEBUG] ignoreDelta true
[INFO] Copying 9 resources
[DEBUG] file includedAsResource.xml has a filtered file extension
[DEBUG] copy /scratch/tbaral/ase26/nod-rr/NOD-Test-Repair/run_flakerake/reproduce/projects/64/logback/logback-core/src/test/resources/asResource/joran/inclusion/includedAsResource.xml to /scratch/tbaral/ase26/nod-rr/NOD-Test-Repair/run_flakerake/reproduce/projects/64/logback/logback-core/target/test-classes/asResource/joran/inclusion/includedAsResource.xml
[DEBUG] file propertyActionTest.properties has a filtered file extension
[DEBUG] copy /scratch/tbaral/ase26/nod-rr/NOD-Test-Repair/run_flakerake/reproduce/projects/64/logback/logback-core/src/test/resources/asResource/joran/propertyActionTest.properties to /scratch/tbaral/ase26/nod-rr/NOD-Test-Repair/run_flakerake/reproduce/projects/64/logback/logback-core/target/test-classes/asResource/joran/propertyActionTest.properties
[DEBUG] file README has a filtered file extension
[DEBUG] copy /scratch/tbaral/ase26/nod-rr/NOD-Test-Repair/run_flakerake/reproduce/projects/64/logback/logback-core/src/test/resources/net/ssl/README to /scratch/tbaral/ase26/nod-rr/NOD-Test-Repair/run_flakerake/reproduce/projects/64/logback/logback-core/target/test-classes/net/ssl/README
[DEBUG] file cert.pem has a filtered file extension
[DEBUG] copy /scratch/tbaral/ase26/nod-rr/NOD-Test-Repair/run_flakerake/reproduce/projects/64/logback/logback-core/src/test/resources/net/ssl/cert.pem to /scratch/tbaral/ase26/nod-rr/NOD-Test-Repair/run_flakerake/reproduce/projects/64/logback/logback-core/target/test-classes/net/ssl/cert.pem
[DEBUG] file key.pem has a filtered file extension
[DEBUG] copy /scratch/tbaral/ase26/nod-rr/NOD-Test-Repair/run_flakerake/reproduce/projects/64/logback/logback-core/src/test/resources/net/ssl/key.pem to /scratch/tbaral/ase26/nod-rr/NOD-Test-Repair/run_flakerake/reproduce/projects/64/logback/logback-core/target/test-classes/net/ssl/key.pem
[DEBUG] file keystore.jks has a filtered file extension
[DEBUG] copy /scratch/tbaral/ase26/nod-rr/NOD-Test-Repair/run_flakerake/reproduce/projects/64/logback/logback-core/src/test/resources/net/ssl/keystore.jks to /scratch/tbaral/ase26/nod-rr/NOD-Test-Repair/run_flakerake/reproduce/projects/64/logback/logback-core/target/test-classes/net/ssl/keystore.jks
[DEBUG] file keystore.p12 has a filtered file extension
[DEBUG] copy /scratch/tbaral/ase26/nod-rr/NOD-Test-Repair/run_flakerake/reproduce/projects/64/logback/logback-core/src/test/resources/net/ssl/keystore.p12 to /scratch/tbaral/ase26/nod-rr/NOD-Test-Repair/run_flakerake/reproduce/projects/64/logback/logback-core/target/test-classes/net/ssl/keystore.p12
[DEBUG] file README has a filtered file extension
[DEBUG] copy /scratch/tbaral/ase26/nod-rr/NOD-Test-Repair/run_flakerake/reproduce/projects/64/logback/logback-core/src/test/resources/util/README to /scratch/tbaral/ase26/nod-rr/NOD-Test-Repair/run_flakerake/reproduce/projects/64/logback/logback-core/target/test-classes/util/README
[DEBUG] file testResource.txt has a filtered file extension
[DEBUG] copy /scratch/tbaral/ase26/nod-rr/NOD-Test-Repair/run_flakerake/reproduce/projects/64/logback/logback-core/src/test/resources/util/testResource.txt to /scratch/tbaral/ase26/nod-rr/NOD-Test-Repair/run_flakerake/reproduce/projects/64/logback/logback-core/target/test-classes/util/testResource.txt
[DEBUG] no use filter components
[INFO] 
[INFO] --- maven-compiler-plugin:2.3.2:testCompile (default-testCompile) @ logback-core ---
[DEBUG] Configuring mojo org.apache.maven.plugins:maven-compiler-plugin:2.3.2:testCompile from plugin realm ClassRealm[plugin>org.apache.maven.plugins:maven-compiler-plugin:2.3.2, parent: sun.misc.Launcher$AppClassLoader@5c647e05]
[DEBUG] Configuring mojo 'org.apache.maven.plugins:maven-compiler-plugin:2.3.2:testCompile' with basic configurator -->
[DEBUG]   (f) basedir = /scratch/tbaral/ase26/nod-rr/NOD-Test-Repair/run_flakerake/reproduce/projects/64/logback/logback-core
[DEBUG]   (f) buildDirectory = /scratch/tbaral/ase26/nod-rr/NOD-Test-Repair/run_flakerake/reproduce/projects/64/logback/logback-core/target
[DEBUG]   (f) classpathElements = [/scratch/tbaral/ase26/nod-rr/NOD-Test-Repair/run_flakerake/reproduce/projects/64/logback/logback-core/target/test-classes, /scratch/tbaral/ase26/nod-rr/NOD-Test-Repair/run_flakerake/reproduce/projects/64/logback/logback-core/target/classes, /home/tbaral/.m2/repository/org/codehaus/janino/janino/2.6.1/janino-2.6.1.jar, /home/tbaral/.m2/repository/org/codehaus/janino/commons-compiler/2.6.1/commons-compiler-2.6.1.jar, /home/tbaral/.m2/repository/org/fusesource/jansi/jansi/1.9/jansi-1.9.jar, /home/tbaral/.m2/repository/javax/mail/mail/1.4/mail-1.4.jar, /home/tbaral/.m2/repository/javax/activation/activation/1.1/activation-1.1.jar, /home/tbaral/.m2/repository/org/apache/geronimo/specs/geronimo-jms_1.1_spec/1.0/geronimo-jms_1.1_spec-1.0.jar, /home/tbaral/.m2/repository/org/mockito/mockito-core/1.9.0/mockito-core-1.9.0.jar, /home/tbaral/.m2/repository/org/hamcrest/hamcrest-core/1.1/hamcrest-core-1.1.jar, /home/tbaral/.m2/repository/org/objenesis/objenesis/1.0/objenesis-1.0.jar, /home/tbaral/.m2/repository/javax/servlet/servlet-api/2.5/servlet-api-2.5.jar, /home/tbaral/.m2/repository/junit/junit/4.10/junit-4.10.jar, /home/tbaral/.m2/repository/org/easytesting/fest-assert/1.2/fest-assert-1.2.jar, /home/tbaral/.m2/repository/org/easytesting/fest-util/1.1/fest-util-1.1.jar]
[DEBUG]   (f) compileSourceRoots = [/scratch/tbaral/ase26/nod-rr/NOD-Test-Repair/run_flakerake/reproduce/projects/64/logback/logback-core/src/test/java]
[DEBUG]   (f) compilerId = javac
[DEBUG]   (f) debug = true
[DEBUG]   (f) encoding = UTF-8
[DEBUG]   (f) failOnError = true
[DEBUG]   (f) fork = false
[DEBUG]   (f) generatedTestSourcesDirectory = /scratch/tbaral/ase26/nod-rr/NOD-Test-Repair/run_flakerake/reproduce/projects/64/logback/logback-core/target/generated-sources/test-annotations
[DEBUG]   (f) optimize = false
[DEBUG]   (f) outputDirectory = /scratch/tbaral/ase26/nod-rr/NOD-Test-Repair/run_flakerake/reproduce/projects/64/logback/logback-core/target/test-classes
[DEBUG]   (f) outputFileName = logback-core-2.0.0-SNAPSHOT
[DEBUG]   (f) session = org.apache.maven.execution.MavenSession@19f9d595
[DEBUG]   (f) showDeprecation = false
[DEBUG]   (f) showWarnings = false
[DEBUG]   (f) source = 1.5
[DEBUG]   (f) staleMillis = 0
[DEBUG]   (f) target = 1.5
[DEBUG]   (f) verbose = false
[DEBUG] -- end configuration --
[DEBUG] Using compiler 'javac'.
[DEBUG] Source directories: [/scratch/tbaral/ase26/nod-rr/NOD-Test-Repair/run_flakerake/reproduce/projects/64/logback/logback-core/src/test/java]
[DEBUG] Classpath: [/scratch/tbaral/ase26/nod-rr/NOD-Test-Repair/run_flakerake/reproduce/projects/64/logback/logback-core/target/test-classes
 /scratch/tbaral/ase26/nod-rr/NOD-Test-Repair/run_flakerake/reproduce/projects/64/logback/logback-core/target/classes
 /home/tbaral/.m2/repository/org/codehaus/janino/janino/2.6.1/janino-2.6.1.jar
 /home/tbaral/.m2/repository/org/codehaus/janino/commons-compiler/2.6.1/commons-compiler-2.6.1.jar
 /home/tbaral/.m2/repository/org/fusesource/jansi/jansi/1.9/jansi-1.9.jar
 /home/tbaral/.m2/repository/javax/mail/mail/1.4/mail-1.4.jar
 /home/tbaral/.m2/repository/javax/activation/activation/1.1/activation-1.1.jar
 /home/tbaral/.m2/repository/org/apache/geronimo/specs/geronimo-jms_1.1_spec/1.0/geronimo-jms_1.1_spec-1.0.jar
 /home/tbaral/.m2/repository/org/mockito/mockito-core/1.9.0/mockito-core-1.9.0.jar
 /home/tbaral/.m2/repository/org/hamcrest/hamcrest-core/1.1/hamcrest-core-1.1.jar
 /home/tbaral/.m2/repository/org/objenesis/objenesis/1.0/objenesis-1.0.jar
 /home/tbaral/.m2/repository/javax/servlet/servlet-api/2.5/servlet-api-2.5.jar
 /home/tbaral/.m2/repository/junit/junit/4.10/junit-4.10.jar
 /home/tbaral/.m2/repository/org/easytesting/fest-assert/1.2/fest-assert-1.2.jar
 /home/tbaral/.m2/repository/org/easytesting/fest-util/1.1/fest-util-1.1.jar]
[DEBUG] Output directory: /scratch/tbaral/ase26/nod-rr/NOD-Test-Repair/run_flakerake/reproduce/projects/64/logback/logback-core/target/test-classes
[INFO] Nothing to compile - all classes are up to date
[INFO] 
[INFO] --- maven-surefire-plugin:2.14.1:test (default-test) @ logback-core ---
[DEBUG] Dependency collection stats: {ConflictMarker.analyzeTime=122851, ConflictMarker.markTime=47610, ConflictMarker.nodeCount=98, ConflictIdSorter.graphTime=40075, ConflictIdSorter.topsortTime=27612, ConflictIdSorter.conflictIdCount=26, ConflictIdSorter.conflictIdCycleCount=0, ConflictResolver.totalTime=553642, ConflictResolver.conflictItemCount=69, DefaultDependencyCollector.collectTime=149673329, DefaultDependencyCollector.transformTime=815185}
[DEBUG] org.apache.maven.plugins:maven-surefire-plugin:jar:2.14.1
[DEBUG]    org.apache.maven:maven-plugin-api:jar:2.0.9:compile
[DEBUG]    org.apache.maven.surefire:maven-surefire-common:jar:2.14.1:compile
[DEBUG]       org.apache.maven.surefire:surefire-booter:jar:2.14.1:compile (version managed from default)
[DEBUG]       org.apache.maven:maven-artifact:jar:2.0.9:compile (version managed from default)
[DEBUG]          org.codehaus.plexus:plexus-utils:jar:1.5.1:compile
[DEBUG]       org.apache.maven:maven-plugin-descriptor:jar:2.0.9:compile (version managed from default)
[DEBUG]          org.codehaus.plexus:plexus-container-default:jar:1.0-alpha-9-stable-1:compile
[DEBUG]             junit:junit:jar:3.8.1:test (scope managed from default) (version managed from default)
[DEBUG]       org.apache.maven:maven-project:jar:2.0.9:compile (version managed from default)
[DEBUG]          org.apache.maven:maven-settings:jar:2.0.9:compile
[DEBUG]          org.apache.maven:maven-profile:jar:2.0.9:compile
[DEBUG]          org.apache.maven:maven-artifact-manager:jar:2.0.9:compile
[DEBUG]          org.apache.maven:maven-plugin-registry:jar:2.0.9:compile
[DEBUG]       org.apache.maven:maven-model:jar:2.0.9:compile (version managed from default)
[DEBUG]       org.apache.maven:maven-core:jar:2.0.9:compile (version managed from default) (exclusions managed from default)
[DEBUG]          org.apache.maven:maven-plugin-parameter-documenter:jar:2.0.9:compile
[DEBUG]          org.apache.maven.reporting:maven-reporting-api:jar:2.0.9:compile (version managed from default)
[DEBUG]          org.apache.maven:maven-repository-metadata:jar:2.0.9:compile
[DEBUG]          org.apache.maven:maven-error-diagnostics:jar:2.0.9:compile
[DEBUG]          org.apache.maven:maven-monitor:jar:2.0.9:compile
[DEBUG]          classworlds:classworlds:jar:1.1:compile
[DEBUG]       org.apache.commons:commons-lang3:jar:3.1:compile (version managed from default)
[DEBUG]    org.apache.maven.surefire:surefire-api:jar:2.14.1:compile
[DEBUG]    org.apache.maven:maven-toolchain:jar:2.0.9:compile
[DEBUG]    org.apache.maven.plugin-tools:maven-plugin-annotations:jar:3.2:compile
[DEBUG] Created new class realm plugin>org.apache.maven.plugins:maven-surefire-plugin:2.14.1
[DEBUG] Importing foreign packages into class realm plugin>org.apache.maven.plugins:maven-surefire-plugin:2.14.1
[DEBUG]   Imported:  < project>ch.qos.logback:logback-core:2.0.0-SNAPSHOT
[DEBUG] Populating class realm plugin>org.apache.maven.plugins:maven-surefire-plugin:2.14.1
[DEBUG]   Included: org.apache.maven.plugins:maven-surefire-plugin:jar:2.14.1
[DEBUG]   Included: org.apache.maven.surefire:maven-surefire-common:jar:2.14.1
[DEBUG]   Included: org.apache.maven.surefire:surefire-booter:jar:2.14.1
[DEBUG]   Included: org.codehaus.plexus:plexus-utils:jar:1.5.1
[DEBUG]   Included: org.apache.maven.reporting:maven-reporting-api:jar:2.0.9
[DEBUG]   Included: org.apache.commons:commons-lang3:jar:3.1
[DEBUG]   Included: org.apache.maven.surefire:surefire-api:jar:2.14.1
[DEBUG]   Included: org.apache.maven.plugin-tools:maven-plugin-annotations:jar:3.2
[DEBUG] Configuring mojo org.apache.maven.plugins:maven-surefire-plugin:2.14.1:test from plugin realm ClassRealm[plugin>org.apache.maven.plugins:maven-surefire-plugin:2.14.1, parent: sun.misc.Launcher$AppClassLoader@5c647e05]
[DEBUG] Configuring mojo 'org.apache.maven.plugins:maven-surefire-plugin:2.14.1:test' with basic configurator -->
[DEBUG]   (s) basedir = /scratch/tbaral/ase26/nod-rr/NOD-Test-Repair/run_flakerake/reproduce/projects/64/logback/logback-core
[DEBUG]   (s) childDelegation = false
[DEBUG]   (s) classesDirectory = /scratch/tbaral/ase26/nod-rr/NOD-Test-Repair/run_flakerake/reproduce/projects/64/logback/logback-core/target/classes
[DEBUG]   (s) disableXmlReport = false
[DEBUG]   (s) enableAssertions = true
[DEBUG]   (s) excludes = [**/All*Test.java, **/PackageTest.java, **/ConsoleAppenderTest.java]
[DEBUG]   (s) failIfNoTests = false
[DEBUG]   (f) forkCount = 1
[DEBUG]   (s) forkMode = once
[DEBUG]   (s) junitArtifactName = junit:junit
[DEBUG]   (s) localRepository =       id: local
      url: file:///home/tbaral/.m2/repository/
   layout: default
snapshots: [enabled => true, update => always]
 releases: [enabled => true, update => always]

[DEBUG]   (f) parallelMavenExecution = false
[DEBUG]   (s) perCoreThreadCount = true
[DEBUG]   (s) pluginArtifactMap = {org.apache.maven.plugins:maven-surefire-plugin=org.apache.maven.plugins:maven-surefire-plugin:maven-plugin:2.14.1:, org.apache.maven:maven-plugin-api=org.apache.maven:maven-plugin-api:jar:2.0.9:compile, org.apache.maven.surefire:maven-surefire-common=org.apache.maven.surefire:maven-surefire-common:jar:2.14.1:compile, org.apache.maven.surefire:surefire-booter=org.apache.maven.surefire:surefire-booter:jar:2.14.1:compile, org.apache.maven:maven-artifact=org.apache.maven:maven-artifact:jar:2.0.9:compile, org.codehaus.plexus:plexus-utils=org.codehaus.plexus:plexus-utils:jar:1.5.1:compile, org.apache.maven:maven-plugin-descriptor=org.apache.maven:maven-plugin-descriptor:jar:2.0.9:compile, org.codehaus.plexus:plexus-container-default=org.codehaus.plexus:plexus-container-default:jar:1.0-alpha-9-stable-1:compile, org.apache.maven:maven-project=org.apache.maven:maven-project:jar:2.0.9:compile, org.apache.maven:maven-settings=org.apache.maven:maven-settings:jar:2.0.9:compile, org.apache.maven:maven-profile=org.apache.maven:maven-profile:jar:2.0.9:compile, org.apache.maven:maven-artifact-manager=org.apache.maven:maven-artifact-manager:jar:2.0.9:compile, org.apache.maven:maven-plugin-registry=org.apache.maven:maven-plugin-registry:jar:2.0.9:compile, org.apache.maven:maven-model=org.apache.maven:maven-model:jar:2.0.9:compile, org.apache.maven:maven-core=org.apache.maven:maven-core:jar:2.0.9:compile, org.apache.maven:maven-plugin-parameter-documenter=org.apache.maven:maven-plugin-parameter-documenter:jar:2.0.9:compile, org.apache.maven.reporting:maven-reporting-api=org.apache.maven.reporting:maven-reporting-api:jar:2.0.9:compile, org.apache.maven:maven-repository-metadata=org.apache.maven:maven-repository-metadata:jar:2.0.9:compile, org.apache.maven:maven-error-diagnostics=org.apache.maven:maven-error-diagnostics:jar:2.0.9:compile, org.apache.maven:maven-monitor=org.apache.maven:maven-monitor:jar:2.0.9:compile, classworlds:classworlds=classworlds:classworlds:jar:1.1:compile, org.apache.commons:commons-lang3=org.apache.commons:commons-lang3:jar:3.1:compile, org.apache.maven.surefire:surefire-api=org.apache.maven.surefire:surefire-api:jar:2.14.1:compile, org.apache.maven:maven-toolchain=org.apache.maven:maven-toolchain:jar:2.0.9:compile, org.apache.maven.plugin-tools:maven-plugin-annotations=org.apache.maven.plugin-tools:maven-plugin-annotations:jar:3.2:compile}
[DEBUG]   (f) pluginDescriptor = Component Descriptor: role: 'org.apache.maven.plugin.Mojo', implementation: 'org.apache.maven.plugin.surefire.SurefirePlugin', role hint: 'org.apache.maven.plugins:maven-surefire-plugin:2.14.1:test'
role: 'org.apache.maven.plugin.Mojo', implementation: 'org.apache.maven.plugin.surefire.HelpMojo', role hint: 'org.apache.maven.plugins:maven-surefire-plugin:2.14.1:help'
---
[DEBUG]   (s) printSummary = true
[DEBUG]   (s) projectArtifactMap = {org.codehaus.janino:janino=org.codehaus.janino:janino:jar:2.6.1:compile, org.codehaus.janino:commons-compiler=org.codehaus.janino:commons-compiler:jar:2.6.1:compile, org.fusesource.jansi:jansi=org.fusesource.jansi:jansi:jar:1.9:compile, javax.mail:mail=javax.mail:mail:jar:1.4:compile, javax.activation:activation=javax.activation:activation:jar:1.1:compile, org.apache.geronimo.specs:geronimo-jms_1.1_spec=org.apache.geronimo.specs:geronimo-jms_1.1_spec:jar:1.0:compile, org.mockito:mockito-core=org.mockito:mockito-core:jar:1.9.0:test, org.hamcrest:hamcrest-core=org.hamcrest:hamcrest-core:jar:1.1:test, org.objenesis:objenesis=org.objenesis:objenesis:jar:1.0:test, javax.servlet:servlet-api=javax.servlet:servlet-api:jar:2.5:compile, junit:junit=junit:junit:jar:4.10:test, org.easytesting:fest-assert=org.easytesting:fest-assert:jar:1.2:test, org.easytesting:fest-util=org.easytesting:fest-util:jar:1.1:test}
[DEBUG]   (s) redirectTestOutputToFile = false
[DEBUG]   (s) remoteRepositories = [      id: central
      url: https://repo.maven.apache.org/maven2
   layout: default
snapshots: [enabled => false, update => daily]
 releases: [enabled => true, update => never]
]
[DEBUG]   (s) reportFormat = plain
[DEBUG]   (s) reportsDirectory = /scratch/tbaral/ase26/nod-rr/NOD-Test-Repair/run_flakerake/reproduce/projects/64/logback/logback-core/target/surefire-reports
[DEBUG]   (f) reuseForks = true
[DEBUG]   (s) runOrder = filesystem
[DEBUG]   (s) skip = false
[DEBUG]   (s) skipTests = true
[DEBUG]   (s) test = ch.qos.logback.core.FileAppenderResilienceTest#smoke
[DEBUG]   (s) testClassesDirectory = /scratch/tbaral/ase26/nod-rr/NOD-Test-Repair/run_flakerake/reproduce/projects/64/logback/logback-core/target/test-classes
[DEBUG]   (s) testFailureIgnore = false
[DEBUG]   (s) testNGArtifactName = org.testng:testng
[DEBUG]   (s) testSourceDirectory = /scratch/tbaral/ase26/nod-rr/NOD-Test-Repair/run_flakerake/reproduce/projects/64/logback/logback-core/src/test/java
[DEBUG]   (s) trimStackTrace = false
[DEBUG]   (s) useFile = true
[DEBUG]   (s) useManifestOnlyJar = true
[DEBUG]   (s) useSystemClassLoader = true
[DEBUG]   (s) useUnlimitedThreads = false
[DEBUG]   (s) workingDirectory = /scratch/tbaral/ase26/nod-rr/NOD-Test-Repair/run_flakerake/reproduce/projects/64/logback/logback-core
[DEBUG]   (s) project = MavenProject: ch.qos.logback:logback-core:2.0.0-SNAPSHOT @ /scratch/tbaral/ase26/nod-rr/NOD-Test-Repair/run_flakerake/reproduce/projects/64/logback/logback-core/pom.xml
[DEBUG]   (s) session = org.apache.maven.execution.MavenSession@19f9d595
[DEBUG] -- end configuration --
[INFO] Tests are skipped.
[INFO] ------------------------------------------------------------------------
[INFO] BUILD SUCCESS
[INFO] ------------------------------------------------------------------------
[INFO] Total time:  2.764 s
[INFO] Finished at: 2025-07-09T20:14:29-04:00
[INFO] ------------------------------------------------------------------------

INFO:root:Found argLine:''
INFO:root:[INFO] Scanning for projects...
[WARNING] 
[WARNING] Some problems were encountered while building the effective model for ch.qos.logback:logback-core:jar:2.0.0-SNAPSHOT
[WARNING] Reporting configuration should be done in <reporting> section, not in maven-site-plugin <configuration> as reportPlugins parameter.
[WARNING] 
[WARNING] It is highly recommended to fix these problems because they threaten the stability of your build.
[WARNING] 
[WARNING] For this reason, future Maven versions might no longer support building such malformed projects.
[WARNING] 
[INFO] 
[INFO] --------------------< ch.qos.logback:logback-core >---------------------
[INFO] Building Logback Core Module 2.0.0-SNAPSHOT
[INFO] --------------------------------[ jar ]---------------------------------
[INFO] 
[INFO] --- maven-dependency-plugin:2.8:build-classpath (default-cli) @ logback-core ---
[INFO] Wrote classpath file '/scratch/tbaral/ase26/nod-rr/NOD-Test-Repair/run_flakerake/reproduce/projects/64/logback/logback-core/sleepy-records/internal/clazz_path.txt'.
[INFO] ------------------------------------------------------------------------
[INFO] BUILD SUCCESS
[INFO] ------------------------------------------------------------------------
[INFO] Total time:  2.420 s
[INFO] Finished at: 2025-07-09T20:14:32-04:00
[INFO] ------------------------------------------------------------------------

INFO:root:Reproducing: test=ch.qos.logback.core.FileAppenderResilienceTest#smoke thread=<2093550718,1>, sleepylines=['ch/qos/logback/core/recovery/ResilientOutputStreamBase:flush:79'], sample_idx=0/100
INFO:root:Using timeout 12 minutes
INFO:root:Running command:
INFO:root:/scratch/tbaral/ase26/otog/setups/jdk1.8.0_102/bin/java -XX:+ExitOnOutOfMemoryError -Xbootclasspath/p:/home/tbaral/.m2/repository/edu/gmu/swe/flaky/sleepy/sleepy-interceptor/0.0.4-SNAPSHOT/sleepy-interceptor-0.0.4-SNAPSHOT.jar -javaagent:/home/tbaral/.m2/repository/edu/gmu/swe/flaky/sleepy/sleepy-interceptor/0.0.4-SNAPSHOT/sleepy-interceptor-0.0.4-SNAPSHOT.jar   -cp '/home/tbaral/.m2/repository/org/codehaus/janino/janino/2.6.1/janino-2.6.1.jar:/home/tbaral/.m2/repository/org/codehaus/janino/commons-compiler/2.6.1/commons-compiler-2.6.1.jar:/home/tbaral/.m2/repository/org/fusesource/jansi/jansi/1.9/jansi-1.9.jar:/home/tbaral/.m2/repository/javax/mail/mail/1.4/mail-1.4.jar:/home/tbaral/.m2/repository/javax/activation/activation/1.1/activation-1.1.jar:/home/tbaral/.m2/repository/org/apache/geronimo/specs/geronimo-jms_1.1_spec/1.0/geronimo-jms_1.1_spec-1.0.jar:/home/tbaral/.m2/repository/org/mockito/mockito-core/1.9.0/mockito-core-1.9.0.jar:/home/tbaral/.m2/repository/org/hamcrest/hamcrest-core/1.1/hamcrest-core-1.1.jar:/home/tbaral/.m2/repository/org/objenesis/objenesis/1.0/objenesis-1.0.jar:/home/tbaral/.m2/repository/javax/servlet/servlet-api/2.5/servlet-api-2.5.jar:/home/tbaral/.m2/repository/junit/junit/4.10/junit-4.10.jar:/home/tbaral/.m2/repository/org/easytesting/fest-assert/1.2/fest-assert-1.2.jar:/home/tbaral/.m2/repository/org/easytesting/fest-util/1.1/fest-util-1.1.jar:./target/classes:./target/test-classes:/home/tbaral/.m2/repository/edu/gmu/swe/flaky/sleepy/sleepy-runner/0.0.4-SNAPSHOT/sleepy-runner-0.0.4-SNAPSHOT.jar' 'edu.gmu.swe.flaky.sleepy.runner.SleepyTestRunner' ch.qos.logback.core.FileAppenderResilienceTest#smoke '<2093550718,1>' 'info' 10000 ./sleepy-records/internal/reproduce.tmp
INFO:root:====BEGIN Java Log====
INFO:root:TALANK: args.length: 5
TALANK: args[0]: ch.qos.logback.core.FileAppenderResilienceTest#smoke
TALANK: args[1]: <2093550718,1>
TALANK: args[2]: info
TALANK: args[3]: 10000
TALANK: args[4]: ./sleepy-records/internal/reproduce.tmp
TALANK Adding line to sleep at: ch/qos/logback/core/recovery/ResilientOutputStreamBase:flush:79
********TALANK requesting to junitcore ******: org.junit.internal.requests.FilterRequest@33c7353a
TALANKINFO:FromJava:Failure:
TALANKINFO:FromJava:smoke(ch.qos.logback.core.FileAppenderResilienceTest)java.lang.AssertionError: totalLines=0 less than 0
	at org.junit.Assert.fail(Assert.java:93)
	at org.junit.Assert.assertTrue(Assert.java:43)
	at ch.qos.logback.core.util.ResilienceUtil.verify(ResilienceUtil.java:52)
	at ch.qos.logback.core.FileAppenderResilienceTest.smoke(FileAppenderResilienceTest.java:93)
	at sun.reflect.NativeMethodAccessorImpl.invoke0(Native Method)
	at sun.reflect.NativeMethodAccessorImpl.invoke(NativeMethodAccessorImpl.java:62)
	at sun.reflect.DelegatingMethodAccessorImpl.invoke(DelegatingMethodAccessorImpl.java:43)
	at java.lang.reflect.Method.invoke(Method.java:498)
	at org.junit.runners.model.FrameworkMethod$1.runReflectiveCall(FrameworkMethod.java:45)
	at org.junit.internal.runners.model.ReflectiveCallable.run(ReflectiveCallable.java:15)
	at org.junit.runners.model.FrameworkMethod.invokeExplosively(FrameworkMethod.java:42)
	at org.junit.internal.runners.statements.InvokeMethod.evaluate(InvokeMethod.java:20)
	at org.junit.internal.runners.statements.RunBefores.evaluate(RunBefores.java:28)
	at org.junit.runners.ParentRunner.runLeaf(ParentRunner.java:263)
	at org.junit.runners.BlockJUnit4ClassRunner.runChild(BlockJUnit4ClassRunner.java:68)
	at org.junit.runners.BlockJUnit4ClassRunner.runChild(BlockJUnit4ClassRunner.java:47)
	at org.junit.runners.ParentRunner$3.run(ParentRunner.java:231)
	at org.junit.runners.ParentRunner$1.schedule(ParentRunner.java:60)
	at org.junit.runners.ParentRunner.runChildren(ParentRunner.java:229)
	at org.junit.runners.ParentRunner.access$000(ParentRunner.java:50)
	at org.junit.runners.ParentRunner$2.evaluate(ParentRunner.java:222)
	at org.junit.runners.ParentRunner.run(ParentRunner.java:300)
	at org.junit.runner.JUnitCore.run(JUnitCore.java:157)
	at org.junit.runner.JUnitCore.run(JUnitCore.java:136)
	at edu.gmu.swe.flaky.sleepy.runner.SleepyTestRunner.main(SleepyTestRunner.java:68)

TALANKINFO:FromJava:FAILURE

INFO:root:====END Java Log====
INFO:root:Non timeout flaky_fail_attempt
INFO:root:Command '/scratch/tbaral/ase26/otog/setups/jdk1.8.0_102/bin/java -XX:+ExitOnOutOfMemoryError -Xbootclasspath/p:/home/tbaral/.m2/repository/edu/gmu/swe/flaky/sleepy/sleepy-interceptor/0.0.4-SNAPSHOT/sleepy-interceptor-0.0.4-SNAPSHOT.jar -javaagent:/home/tbaral/.m2/repository/edu/gmu/swe/flaky/sleepy/sleepy-interceptor/0.0.4-SNAPSHOT/sleepy-interceptor-0.0.4-SNAPSHOT.jar   -cp '/home/tbaral/.m2/repository/org/codehaus/janino/janino/2.6.1/janino-2.6.1.jar:/home/tbaral/.m2/repository/org/codehaus/janino/commons-compiler/2.6.1/commons-compiler-2.6.1.jar:/home/tbaral/.m2/repository/org/fusesource/jansi/jansi/1.9/jansi-1.9.jar:/home/tbaral/.m2/repository/javax/mail/mail/1.4/mail-1.4.jar:/home/tbaral/.m2/repository/javax/activation/activation/1.1/activation-1.1.jar:/home/tbaral/.m2/repository/org/apache/geronimo/specs/geronimo-jms_1.1_spec/1.0/geronimo-jms_1.1_spec-1.0.jar:/home/tbaral/.m2/repository/org/mockito/mockito-core/1.9.0/mockito-core-1.9.0.jar:/home/tbaral/.m2/repository/org/hamcrest/hamcrest-core/1.1/hamcrest-core-1.1.jar:/home/tbaral/.m2/repository/org/objenesis/objenesis/1.0/objenesis-1.0.jar:/home/tbaral/.m2/repository/javax/servlet/servlet-api/2.5/servlet-api-2.5.jar:/home/tbaral/.m2/repository/junit/junit/4.10/junit-4.10.jar:/home/tbaral/.m2/repository/org/easytesting/fest-assert/1.2/fest-assert-1.2.jar:/home/tbaral/.m2/repository/org/easytesting/fest-util/1.1/fest-util-1.1.jar:./target/classes:./target/test-classes:/home/tbaral/.m2/repository/edu/gmu/swe/flaky/sleepy/sleepy-runner/0.0.4-SNAPSHOT/sleepy-runner-0.0.4-SNAPSHOT.jar' 'edu.gmu.swe.flaky.sleepy.runner.SleepyTestRunner' ch.qos.logback.core.FileAppenderResilienceTest#smoke '<2093550718,1>' 'info' 10000 ./sleepy-records/internal/reproduce.tmp' returned non-zero exit status 57.
INFO:root:Kill all Java processes
INFO:root:Reproducing: test=ch.qos.logback.core.FileAppenderResilienceTest#smoke thread=<2093550718,1>, sleepylines=['ch/qos/logback/core/recovery/ResilientOutputStreamBase:flush:79'], sample_idx=1/100
INFO:root:Using timeout 12 minutes
INFO:root:Running command:
INFO:root:/scratch/tbaral/ase26/otog/setups/jdk1.8.0_102/bin/java -XX:+ExitOnOutOfMemoryError -Xbootclasspath/p:/home/tbaral/.m2/repository/edu/gmu/swe/flaky/sleepy/sleepy-interceptor/0.0.4-SNAPSHOT/sleepy-interceptor-0.0.4-SNAPSHOT.jar -javaagent:/home/tbaral/.m2/repository/edu/gmu/swe/flaky/sleepy/sleepy-interceptor/0.0.4-SNAPSHOT/sleepy-interceptor-0.0.4-SNAPSHOT.jar   -cp '/home/tbaral/.m2/repository/org/codehaus/janino/janino/2.6.1/janino-2.6.1.jar:/home/tbaral/.m2/repository/org/codehaus/janino/commons-compiler/2.6.1/commons-compiler-2.6.1.jar:/home/tbaral/.m2/repository/org/fusesource/jansi/jansi/1.9/jansi-1.9.jar:/home/tbaral/.m2/repository/javax/mail/mail/1.4/mail-1.4.jar:/home/tbaral/.m2/repository/javax/activation/activation/1.1/activation-1.1.jar:/home/tbaral/.m2/repository/org/apache/geronimo/specs/geronimo-jms_1.1_spec/1.0/geronimo-jms_1.1_spec-1.0.jar:/home/tbaral/.m2/repository/org/mockito/mockito-core/1.9.0/mockito-core-1.9.0.jar:/home/tbaral/.m2/repository/org/hamcrest/hamcrest-core/1.1/hamcrest-core-1.1.jar:/home/tbaral/.m2/repository/org/objenesis/objenesis/1.0/objenesis-1.0.jar:/home/tbaral/.m2/repository/javax/servlet/servlet-api/2.5/servlet-api-2.5.jar:/home/tbaral/.m2/repository/junit/junit/4.10/junit-4.10.jar:/home/tbaral/.m2/repository/org/easytesting/fest-assert/1.2/fest-assert-1.2.jar:/home/tbaral/.m2/repository/org/easytesting/fest-util/1.1/fest-util-1.1.jar:./target/classes:./target/test-classes:/home/tbaral/.m2/repository/edu/gmu/swe/flaky/sleepy/sleepy-runner/0.0.4-SNAPSHOT/sleepy-runner-0.0.4-SNAPSHOT.jar' 'edu.gmu.swe.flaky.sleepy.runner.SleepyTestRunner' ch.qos.logback.core.FileAppenderResilienceTest#smoke '<2093550718,1>' 'info' 10000 ./sleepy-records/internal/reproduce.tmp
INFO:root:====BEGIN Java Log====
INFO:root:
INFO:root:====END Java Log====
INFO:root:Non timeout flaky_fail_attempt
INFO:root:Command '/scratch/tbaral/ase26/otog/setups/jdk1.8.0_102/bin/java -XX:+ExitOnOutOfMemoryError -Xbootclasspath/p:/home/tbaral/.m2/repository/edu/gmu/swe/flaky/sleepy/sleepy-interceptor/0.0.4-SNAPSHOT/sleepy-interceptor-0.0.4-SNAPSHOT.jar -javaagent:/home/tbaral/.m2/repository/edu/gmu/swe/flaky/sleepy/sleepy-interceptor/0.0.4-SNAPSHOT/sleepy-interceptor-0.0.4-SNAPSHOT.jar   -cp '/home/tbaral/.m2/repository/org/codehaus/janino/janino/2.6.1/janino-2.6.1.jar:/home/tbaral/.m2/repository/org/codehaus/janino/commons-compiler/2.6.1/commons-compiler-2.6.1.jar:/home/tbaral/.m2/repository/org/fusesource/jansi/jansi/1.9/jansi-1.9.jar:/home/tbaral/.m2/repository/javax/mail/mail/1.4/mail-1.4.jar:/home/tbaral/.m2/repository/javax/activation/activation/1.1/activation-1.1.jar:/home/tbaral/.m2/repository/org/apache/geronimo/specs/geronimo-jms_1.1_spec/1.0/geronimo-jms_1.1_spec-1.0.jar:/home/tbaral/.m2/repository/org/mockito/mockito-core/1.9.0/mockito-core-1.9.0.jar:/home/tbaral/.m2/repository/org/hamcrest/hamcrest-core/1.1/hamcrest-core-1.1.jar:/home/tbaral/.m2/repository/org/objenesis/objenesis/1.0/objenesis-1.0.jar:/home/tbaral/.m2/repository/javax/servlet/servlet-api/2.5/servlet-api-2.5.jar:/home/tbaral/.m2/repository/junit/junit/4.10/junit-4.10.jar:/home/tbaral/.m2/repository/org/easytesting/fest-assert/1.2/fest-assert-1.2.jar:/home/tbaral/.m2/repository/org/easytesting/fest-util/1.1/fest-util-1.1.jar:./target/classes:./target/test-classes:/home/tbaral/.m2/repository/edu/gmu/swe/flaky/sleepy/sleepy-runner/0.0.4-SNAPSHOT/sleepy-runner-0.0.4-SNAPSHOT.jar' 'edu.gmu.swe.flaky.sleepy.runner.SleepyTestRunner' ch.qos.logback.core.FileAppenderResilienceTest#smoke '<2093550718,1>' 'info' 10000 ./sleepy-records/internal/reproduce.tmp' died with <Signals.SIGKILL: 9>.
