"initialRun","Thread","sleepyline"
"0","<main>","org/jacoco/agent/rt/internal_b0d6a23/core/runtime/RuntimeData:getExecutionData:119"
"0","<main>","org/jacoco/agent/rt/internal_b0d6a23/core/runtime/RuntimeData:getExecutionData:120"
"0","<main>","io/yawp/repository/Yawp:safeLoadFeaturesFromConfig:0"
"0","<main>","io/yawp/commons/config/YamlFile:stream:15"
"0","<main>","io/yawp/commons/config/YamlFile:stream:16"
"0","<main>","io/yawp/repository/Yawp:safeLoadFeatures:0"
"0","<main>","org/reflections/util/ClasspathHelper:contextClassLoader:37"
"0","<main>","org/reflections/util/ClasspathHelper:contextClassLoader:38"
"0","<main>","org/reflections/Reflections:scan:189"
"0","<main>","org/reflections/Reflections:scan:190"
"0","<main>","org/reflections/Reflections:scan:219"
"0","<main>","org/reflections/Reflections:scan:220"
"0","<main>","io/yawp/repository/features/scanner/ClassloaderScanner:scan:62"
"0","<main>","io/yawp/repository/features/scanner/ClassloaderScanner:scan:63"
"0","<main>","io/yawp/repository/features/scanner/ClassloaderScanner:scan:64"
"0","<main>","io/yawp/repository/features/scanner/ClassloaderScanner:scan:65"
"0","<main>","io/yawp/repository/Yawp:safeLoadFeatures:88"
"0","<main>","io/yawp/repository/Yawp:safeLoadFeaturesFromConfig:78"
"0","<main>","io/yawp/commons/utils/ResourceFinder:<init>:57"
"0","<main>","io/yawp/commons/utils/ResourceFinder:<init>:58"
"0","<main>","com/google/appengine/tools/development/testing/LocalModulesServiceTestConfig:requiresEnvironmentInstance:0"
"0","<main>","com/google/appengine/tools/development/testing/LocalModulesServiceTestConfig:requiresEnvironmentInstance:309"
"0","<main>","com/google/appengine/tools/development/LocalEnvironment:generateRequestId:246"
"0","<main>","com/google/appengine/tools/development/LocalEnvironment:generateRequestId:247"
"0","<main>","com/google/appengine/tools/development/LocalEnvironment:generateRequestId:249"
"0","<main>","com/google/appengine/tools/development/LocalEnvironment:generateRequestId:250"
"0","<main>","com/google/appengine/tools/development/LocalEnvironment:generateRequestId:251"
"0","<main>","com/google/appengine/tools/development/LocalEnvironment:generateRequestId:252"
"0","<main>","com/google/appengine/tools/development/LocalEnvironment:generateRequestId:255"
"0","<main>","com/google/appengine/tools/development/LocalEnvironment:generateRequestId:256"
"0","<main>","com/google/appengine/tools/development/LocalEnvironment:generateRequestId:258"
"0","<main>","com/google/appengine/tools/development/LocalEnvironment:generateRequestId:259"
"0","<main>","com/google/appengine/tools/development/LocalEnvironment:generateRequestId:261"
"0","<main>","com/google/appengine/tools/development/LocalEnvironment:generateRequestId:262"
"0","<main>","com/google/appengine/tools/development/ApiProxyLocalImpl:<init>:120"
"0","<main>","com/google/appengine/tools/development/ApiProxyLocalImpl:<init>:121"
"0","<main>","com/google/appengine/tools/development/ApiProxyLocalImpl:<init>:119"
"0","<main>","com/google/apphosting/api/ApiProxy:possiblyFlushOutOfBandLogs:225"
"0","<main>","com/google/apphosting/api/ApiProxy:possiblyFlushOutOfBandLogs:228"
"0","<main>","com/google/appengine/tools/development/testing/LocalModulesServiceTestConfig:setUp:0"
"0","<main>","com/google/appengine/tools/development/ApiProxyLocalImpl:getService:0"
"0","<main>","com/google/appengine/tools/development/ApiProxyLocalImpl:getService:600"
"0","<main>","com/google/appengine/tools/development/testing/LocalModulesServiceTestConfig:setUp:157"
"0","<main>","com/google/appengine/repackaged/com/google/common/util/concurrent/ThreadFactoryBuilder:build:157"
"0","<main>","com/google/appengine/repackaged/com/google/common/util/concurrent/ThreadFactoryBuilder:build:158"
"0","<main>","com/google/appengine/api/datastore/dev/LocalDatastoreService:createScheduler:426"
"0","<main>","com/google/appengine/api/datastore/dev/LocalDatastoreService:createScheduler:427"
"0","<main>","com/google/appengine/api/datastore/dev/LocalCompositeIndexManager:init:0"
"0","<main>","com/google/appengine/api/datastore/dev/LocalCompositeIndexManager:init:744"
"0","<main>","com/google/appengine/api/datastore/dev/LocalCompositeIndexManager:getInstance:0"
"0","<main>","com/google/appengine/api/datastore/dev/LocalCompositeIndexManager:getInstance:766"
"0","<main>","com/google/appengine/api/datastore/dev/DefaultHighRepJobPolicy:getUnappliedJobSeedPropValue:123"
"0","<main>","com/google/appengine/api/datastore/dev/DefaultHighRepJobPolicy:getUnappliedJobSeedPropValue:124"
"0","<main>","com/google/appengine/repackaged/com/google/common/collect/MapMakerInternalMap$Segment:initTable:1079"
"0","<main>","com/google/appengine/repackaged/com/google/common/collect/MapMakerInternalMap$Segment:initTable:1080"
"0","<main>","com/google/appengine/api/datastore/dev/EntityGroupPseudoKind:<init>:32"
"0","<main>","com/google/appengine/api/datastore/dev/EntityGroupPseudoKind:<init>:33"
"0","<main>","com/google/appengine/api/datastore/dev/LocalDatastoreService:startInternal:0"
"0","<main>","com/google/appengine/api/datastore/dev/LocalDatastoreService:startInternal:667"
"0","<main>","java/util/concurrent/FutureTask:<init>:152"
"0","<main>","java/util/concurrent/FutureTask:<init>:153"
"0","<main>","com/google/appengine/repackaged/com/google/common/util/concurrent/ThreadFactoryBuilder$1:newThread:164"
"0","<main>","com/google/appengine/repackaged/com/google/common/util/concurrent/ThreadFactoryBuilder$1:newThread:165"
"0","<main>","com/google/appengine/repackaged/com/google/common/util/concurrent/ThreadFactoryBuilder$1:newThread:167"
"0","<main>","com/google/appengine/repackaged/com/google/common/util/concurrent/ThreadFactoryBuilder$1:newThread:168"
"0","<main>","com/google/appengine/api/datastore/dev/LocalDatastoreService:startInternal:668"
"0","<main>","com/google/appengine/api/datastore/dev/LocalDatastoreService:startInternal:679"
"0","<main>","com/google/appengine/api/datastore/dev/LocalDatastoreService:startInternal:680"
"0","<main>","com/google/appengine/api/datastore/dev/LocalDatastoreService:startInternal:704"
"0","<main>","io/yawp/driver/appengine/pipes/flow/Work:<init>:41"
"0","<main>","io/yawp/driver/appengine/pipes/flow/Work:<init>:42"
"0","<main>","io/yawp/testing/appengine/pipes/flow/FlowDropsTest:saveOneLikeToCounterWork:56"
"0","<main>","io/yawp/testing/appengine/pipes/flow/FlowDropsTest:saveOneLikeToCounterWork:57"
"0","<main>","com/google/appengine/spi/ServiceFactoryFactory$RuntimeRegistry:<clinit>:107"
"0","<main>","com/google/appengine/spi/ServiceFactoryFactory$RuntimeRegistry:<clinit>:108"
"0","<main>","com/google/appengine/repackaged/com/google/common/cache/LocalCache$Segment:initTable:2130"
"0","<main>","com/google/appengine/repackaged/com/google/common/cache/LocalCache$Segment:initTable:2131"
"0","<main>","com/google/appengine/api/datastore/DatastoreServiceGlobalConfig:maybeSetUpApiProxyEnvironment:0"
"0","<main>","com/google/appengine/api/datastore/DatastoreServiceGlobalConfig:getConfig:0"
"0","<main>","com/google/appengine/api/datastore/EnvProxy:getenv:29"
"0","<main>","com/google/appengine/api/datastore/EnvProxy:getenv:33"
"0","<main>","com/google/appengine/api/datastore/DatastoreServiceGlobalConfig:setConfig:0"
"0","<main>","com/google/appengine/api/datastore/DatastoreServiceGlobalConfig:getConfig:46"
"0","<main>","com/google/appengine/api/datastore/DatastoreServiceGlobalConfig:maybeSetUpApiProxyEnvironment:101"
"0","<main>","com/google/appengine/api/datastore/DatastoreServiceGlobalConfig:setConfig:71"
"0","<main>","com/google/appengine/repackaged/com/google/io/protocol/ProtocolMessage:storeStringsOnlyAsBytes:2520"
"0","<main>","com/google/appengine/repackaged/com/google/io/protocol/ProtocolMessage:storeStringsOnlyAsBytes:2521"
"0","<main>","com/google/appengine/tools/development/ApiProxyLocalImpl:makeAsyncCall:203"
"0","<main>","com/google/appengine/tools/development/ApiProxyLocalImpl:makeAsyncCall:204"
"0","<main>","com/google/appengine/tools/development/ApiProxyLocalImpl$PrivilegedApiAction:run:275"
"0","<main>","com/google/appengine/tools/development/ApiProxyLocalImpl$DaemonThreadFactory:newThread:670"
"0","<main>","com/google/appengine/tools/development/ApiProxyLocalImpl$DaemonThreadFactory:newThread:671"
"0","<main>","com/google/appengine/tools/development/ApiProxyLocalImpl$PrivilegedApiAction:run:276"
"0","<main>","com/google/appengine/api/datastore/FutureHelper:getInternal:76"
"0","<main>","com/google/appengine/api/utils/FutureWrapper:get:80"
"0","<main>","com/google/appengine/api/utils/FutureWrapper:get:81"
"0","<main>","com/google/appengine/api/utils/FutureWrapper:get:89"
"0","<main>","com/google/appengine/api/datastore/Batcher$ReorderingMultiFuture:get:127"
"0","<main>","com/google/appengine/tools/development/ApiProxyLocalImpl$PrivilegedApiAction$1:get:309"
"0","<main>","java/util/concurrent/FutureTask:get:191"
"0","<main>","java/util/concurrent/FutureTask:awaitDone:402"
"0","<main>","java/util/concurrent/FutureTask:awaitDone:403"
"0","<main>","java/util/concurrent/FutureTask:awaitDone:429"
"0","<main>","java/util/concurrent/FutureTask:awaitDone:430"
"0","<main>","java/util/concurrent/FutureTask:get:192"
"0","<main>","java/util/concurrent/FutureTask:get:193"
"0","<main>","com/google/appengine/tools/development/ApiProxyLocalImpl$PrivilegedApiAction$1:get:310"
"0","<main>","com/google/appengine/api/utils/FutureWrapper:get:90"
"0","<main>","com/google/appengine/api/utils/FutureWrapper:get:100"
"0","<main>","com/google/appengine/api/utils/FutureWrapper:get:101"
"0","<main>","com/google/appengine/api/datastore/Batcher$ReorderingMultiFuture:get:128"
"0","<main>","com/google/appengine/api/datastore/FutureHelper:getInternal:77"
"0","<main>","com/google/appengine/api/taskqueue/QueueFactoryImpl:getQueue:0"
"0","<main>","com/google/appengine/api/taskqueue/QueueFactoryImpl:getQueue:23"
"0","<main>","com/google/appengine/api/taskqueue/QueueImpl:currentTimeMillis:563"
"0","<main>","com/google/appengine/api/taskqueue/QueueImpl:currentTimeMillis:564"
"0","<main>","com/google/appengine/api/taskqueue/QueueApiHelper:getInternal:78"
"0","<main>","com/google/appengine/api/taskqueue/QueueApiHelper:getInternal:79"
"0","<main>","io/yawp/testing/appengine/AsyncHelper:awaitAsync:0"
"0","<main>","io/yawp/testing/appengine/AsyncHelper:awaitAsync:16"
"0","<main>","io/yawp/testing/appengine/AsyncHelper:awaitAsync:17"
"0","<main>","io/yawp/testing/appengine/AsyncHelper:awaitAsync:19"
"0","<main>","io/yawp/testing/appengine/AsyncHelper:awaitAsync:20"
"0","<main>","com/google/appengine/tools/development/ApiProxyLocalImpl:getService:597"
"0","<main>","org/quartz/simpl/RAMJobStore:getJobNames:669"
"0","<main>","org/quartz/simpl/RAMJobStore:getJobNames:679"
"0","<main>","org/quartz/simpl/RAMJobStore:getTriggersForJob:785"
"0","<main>","org/quartz/simpl/RAMJobStore:getTriggersForJob:790"
"0","<main>","io/yawp/testing/appengine/AsyncHelper:awaitAsync:25"
"0","<main>","io/yawp/testing/appengine/AsyncHelper:awaitAsync:26"
"0","<main>","io/yawp/testing/appengine/AsyncHelper:awaitAsync:27"
"0","<main>","com/google/appengine/api/datastore/AsyncDatastoreServiceImpl$5:getFutureWithOptionalTimeout:291"
"0","<main>","com/google/appengine/api/datastore/AsyncDatastoreServiceImpl$5:getFutureWithOptionalTimeout:292"
"0","<main>","com/google/appengine/repackaged/com/google/io/protocol/ProtocolMessage:toByteBuffer:396"
"0","<main>","com/google/appengine/repackaged/com/google/io/protocol/ProtocolMessage:toByteBuffer:397"
"0","<main>","com/google/appengine/repackaged/com/google/io/protocol/ProtocolMessage:toByteBuffer:398"
"0","<main>","com/google/appengine/repackaged/com/google/protobuf/ByteString:copyFrom:323"
"0","<main>","com/google/appengine/repackaged/com/google/protobuf/ByteString:copyFrom:324"
"0","<main>","com/google/appengine/api/datastore/dev/LocalDatastoreService:stop:0"
"0","<main>","java/util/concurrent/FutureTask:cancel:180"
"0","<main>","java/util/concurrent/FutureTask:finishCompletion:384"
"0","<main>","java/util/concurrent/FutureTask:finishCompletion:385"
"0","<main>","java/util/concurrent/FutureTask:cancel:181"
"0","<main>","com/google/appengine/api/datastore/dev/LocalDatastoreService:stop:726"
"0","<main>","com/google/appengine/repackaged/org/apache/commons/logging/LogFactory:directGetContextClassLoader:840"
"0","<main>","com/google/appengine/repackaged/org/apache/commons/logging/LogFactory:directGetContextClassLoader:841"
"0","<main>","org/quartz/core/QuartzSchedulerThread:togglePause:157"
"0","<main>","org/quartz/core/QuartzSchedulerThread:togglePause:165"
"0","<main>","org/quartz/core/QuartzSchedulerThread:halt:174"
"0","<main>","org/quartz/core/QuartzSchedulerThread:halt:178"
"0","<main>","org/quartz/core/QuartzSchedulerThread:halt:179"
"0","<main>","org/quartz/core/QuartzSchedulerThread:halt:182"
"0","<main>","org/quartz/simpl/SimpleThreadPool:shutdown:307"
"0","<main>","org/quartz/simpl/SimpleThreadPool:shutdown:308"
"0","<main>","org/quartz/simpl/SimpleThreadPool:shutdown:309"
"0","<main>","org/quartz/impl/SchedulerRepository:getInstance:0"
"0","<main>","org/quartz/impl/SchedulerRepository:getInstance:75"
"0","<main>","org/quartz/impl/SchedulerRepository:remove:0"
"0","<main>","org/quartz/impl/SchedulerRepository:remove:89"
"0","<main>","com/google/appengine/api/memcache/dev/LocalMemcacheService:flushAll:602"
"0","<main>","com/google/appengine/api/memcache/dev/LocalMemcacheService:flushAll:607"
"0","<main>","com/google/apphosting/api/ApiProxy:getEnvironmentFactory:0"
"0","<main>","com/google/apphosting/api/ApiProxy:getEnvironmentFactory:313"
"0","<131724096,1>","java/util/concurrent/FutureTask:run:0"
"0","<131724096,1>","java/util/concurrent/FutureTask:run:258"
"0","<131724096,1>","java/util/concurrent/FutureTask:run:259"
"0","<131724096,1>","java/util/concurrent/FutureTask:run:266"
"0","<131724096,1>","com/google/appengine/tools/development/ApiProxyLocalImpl$AsyncApiCall:call:0"
"0","<131724096,1>","com/google/apphosting/api/ApiProxy:possiblyFlushOutOfBandLogs:225"
"0","<131724096,1>","com/google/apphosting/api/ApiProxy:possiblyFlushOutOfBandLogs:228"
"0","<131724096,1>","com/google/appengine/tools/development/ApiProxyLocalImpl:getService:0"
"0","<131724096,1>","com/google/appengine/tools/development/ApiProxyLocalImpl:getService:597"
"0","<131724096,1>","org/jacoco/agent/rt/internal_b0d6a23/core/runtime/RuntimeData:getExecutionData:119"
"0","<131724096,1>","org/jacoco/agent/rt/internal_b0d6a23/core/runtime/RuntimeData:getExecutionData:120"
"0","<131724096,1>","com/google/appengine/tools/development/Clock$1:getCurrentTime:23"
"0","<131724096,1>","com/google/appengine/tools/development/Clock$1:getCurrentTime:24"
"0","<131724096,1>","com/google/appengine/api/datastore/dev/LocalDatastoreService:put:825"
"0","<131724096,1>","com/google/appengine/api/datastore/dev/LocalDatastoreService:put:826"
"0","<131724096,1>","com/google/appengine/repackaged/com/google/io/protocol/ProtocolMessage:storeStringsOnlyAsBytes:2520"
"0","<131724096,1>","com/google/appengine/repackaged/com/google/io/protocol/ProtocolMessage:storeStringsOnlyAsBytes:2521"
"0","<131724096,1>","com/google/appengine/api/datastore/dev/LocalDatastoreService:putImpl:898"
"0","<131724096,1>","com/google/appengine/api/datastore/dev/LocalDatastoreService:putImpl:899"
"0","<131724096,1>","com/google/appengine/repackaged/com/google/protobuf/Internal:<clinit>:386"
"0","<131724096,1>","com/google/appengine/repackaged/com/google/protobuf/Internal:<clinit>:387"
"0","<131724096,1>","com/google/appengine/api/datastore/dev/LocalDatastoreService:getOrCreateProfile:1810"
"0","<131724096,1>","com/google/appengine/api/datastore/dev/LocalDatastoreService:getOrCreateProfile:1817"
"0","<131724096,1>","com/google/appengine/api/datastore/dev/LocalDatastoreService:putImpl:926"
"0","<131724096,1>","com/google/appengine/api/datastore/dev/LocalDatastoreService$Profile:getGroup:0"
"0","<131724096,1>","com/google/appengine/api/datastore/dev/LocalDatastoreService$Profile:getGroups:0"
"0","<131724096,1>","com/google/appengine/api/datastore/dev/LocalDatastoreService$Profile:getGroups:2202"
"0","<131724096,1>","com/google/appengine/api/datastore/dev/LocalDatastoreService$Profile:getGroup:2129"
"0","<131724096,1>","com/google/appengine/api/datastore/dev/LocalDatastoreService$Profile$EntityGroup:incrementVersion:1915"
"0","<131724096,1>","com/google/appengine/api/datastore/dev/LocalDatastoreService$Profile$EntityGroup:incrementVersion:1916"
"0","<131724096,1>","com/google/appengine/api/datastore/dev/LocalCompositeIndexManager$XmlIndexFileManager:read:0"
"0","<131724096,1>","com/google/appengine/api/datastore/dev/LocalCompositeIndexManager$XmlIndexFileManager:read:278"
"0","<131724096,1>","com/google/appengine/api/datastore/dev/LocalDatastoreService$Profile:getGroupsWithUnappliedJobs:0"
"0","<131724096,1>","com/google/appengine/api/datastore/dev/LocalDatastoreService$Profile:getGroupsWithUnappliedJobs:2209"
"0","<131724096,1>","com/google/appengine/api/datastore/dev/LocalDatastoreService:getOrCreateExtent:1823"
"0","<131724096,1>","com/google/appengine/api/datastore/dev/LocalDatastoreService:getOrCreateExtent:1829"
"0","<131724096,1>","com/google/appengine/api/datastore/dev/LocalDatastoreService:putImpl:962"
"0","<131724096,1>","com/google/appengine/api/datastore/dev/LocalDatastoreService:put:828"
"0","<131724096,1>","com/google/appengine/api/datastore/dev/LocalDatastoreService:put:829"
"0","<131724096,1>","com/google/appengine/tools/development/ApiProxyLocalImpl$AsyncApiCall:tryReleaseSemaphore:0"
"0","<131724096,1>","com/google/appengine/tools/development/ApiProxyLocalImpl$AsyncApiCall:tryReleaseSemaphore:577"
"0","<131724096,1>","java/util/concurrent/FutureTask:run:267"
"0","<131724096,1>","java/util/concurrent/FutureTask:run:274"
"0","<131724096,1>","java/util/concurrent/FutureTask:set:233"
"0","<131724096,1>","java/util/concurrent/FutureTask:finishCompletion:372"
"0","<131724096,1>","java/util/concurrent/FutureTask:finishCompletion:373"
"0","<131724096,1>","java/util/concurrent/FutureTask:finishCompletion:384"
"0","<131724096,1>","java/util/concurrent/FutureTask:finishCompletion:385"
"0","<131724096,1>","java/util/concurrent/FutureTask:set:234"
"0","<131724096,1>","java/util/concurrent/FutureTask:run:275"
"0","<131724096,1>","com/google/appengine/repackaged/com/google/common/collect/Interners$StrongInterner:intern:122"
"0","<131724096,1>","com/google/appengine/repackaged/com/google/common/collect/Interners$StrongInterner:intern:123"
"0","<131724096,1>","org/quartz/impl/SchedulerRepository:getInstance:0"
"0","<131724096,1>","org/quartz/impl/SchedulerRepository:getInstance:75"
"0","<131724096,1>","org/quartz/impl/SchedulerRepository:lookup:0"
"0","<131724096,1>","org/quartz/impl/SchedulerRepository:lookup:93"
"0","<131724096,1>","org/quartz/impl/StdSchedulerFactory:loadClass:1111"
"0","<131724096,1>","org/quartz/impl/StdSchedulerFactory:loadClass:1112"
"0","<131724096,1>","org/quartz/simpl/InitThreadContextClassLoadHelper:initialize:67"
"0","<131724096,1>","org/quartz/simpl/InitThreadContextClassLoadHelper:initialize:68"
"0","<131724096,1>","org/quartz/simpl/RAMJobStore:<clinit>:1110"
"0","<131724096,1>","org/quartz/simpl/RAMJobStore:<clinit>:1111"
"0","<131724096,1>","org/quartz/simpl/SimpleThreadPool:initialize:232"
"0","<131724096,1>","org/quartz/simpl/SimpleThreadPool:initialize:233"
"0","<131724096,1>","com/google/appengine/repackaged/org/apache/commons/logging/LogFactory:directGetContextClassLoader:840"
"0","<131724096,1>","com/google/appengine/repackaged/org/apache/commons/logging/LogFactory:directGetContextClassLoader:841"
"0","<131724096,1>","com/google/appengine/repackaged/org/apache/commons/logging/impl/WeakHashtable:put:0"
"0","<131724096,1>","com/google/appengine/repackaged/org/apache/commons/logging/impl/WeakHashtable:put:243"
"0","<131724096,1>","org/quartz/simpl/SimpleThreadPool:initialize:247"
"0","<131724096,1>","org/quartz/simpl/SimpleThreadPool:initialize:248"
"0","<131724096,1>","org/quartz/simpl/SimpleThreadPool:initialize:255"
"0","<131724096,1>","org/quartz/simpl/SimpleThreadPool:initialize:256"
"0","<131724096,1>","org/quartz/core/QuartzSchedulerThread:<init>:70"
"0","<131724096,1>","org/quartz/core/QuartzSchedulerThread:<init>:71"
"0","<131724096,1>","org/quartz/impl/SchedulerRepository:bind:0"
"0","<131724096,1>","org/quartz/impl/SchedulerRepository:bind:86"
"0","<131724096,1>","org/quartz/core/QuartzSchedulerThread:togglePause:157"
"0","<131724096,1>","org/quartz/core/QuartzSchedulerThread:togglePause:163"
"0","<131724096,1>","org/quartz/core/QuartzSchedulerThread:togglePause:164"
"0","<131724096,1>","org/quartz/core/QuartzSchedulerThread:togglePause:165"
"0","<131724096,1>","com/google/appengine/tools/development/ApiProxyLocalImpl:getService:600"
"0","<131724096,1>","com/google/appengine/api/taskqueue/dev/DevPushQueue:scheduleTask:0"
"0","<131724096,1>","org/quartz/simpl/RAMJobStore:storeJob:224"
"0","<131724096,1>","org/quartz/simpl/RAMJobStore:storeJob:241"
"0","<131724096,1>","org/quartz/simpl/RAMJobStore:storeTrigger:319"
"0","<131724096,1>","org/quartz/simpl/RAMJobStore:storeTrigger:333"
"0","<131724096,1>","org/quartz/simpl/RAMJobStore:storeTrigger:343"
"0","<131724096,1>","org/quartz/simpl/RAMJobStore:storeTrigger:344"
"0","<131724096,1>","com/google/appengine/api/taskqueue/dev/DevPushQueue:scheduleTask:118"
"0","<131724096,1>","com/google/appengine/repackaged/com/google/io/protocol/ProtocolMessage:toByteBuffer:396"
"0","<131724096,1>","com/google/appengine/repackaged/com/google/io/protocol/ProtocolMessage:toByteBuffer:397"
"0","<131724096,1>","com/google/appengine/repackaged/com/google/io/protocol/ProtocolMessage:toByteBuffer:398"
"0","<131724096,1>","com/google/appengine/repackaged/com/google/protobuf/ByteString:copyFrom:323"
"0","<131724096,1>","com/google/appengine/repackaged/com/google/protobuf/ByteString:copyFrom:324"
"0","<131724096,1>","com/google/appengine/api/datastore/dev/LocalDatastoreService:runQuery:1222"
"0","<131724096,1>","com/google/appengine/api/datastore/dev/NamespacePseudoKind:runQuery:79"
"0","<131724096,1>","com/google/appengine/api/datastore/dev/NamespacePseudoKind:runQuery:103"
"0","<131724096,1>","com/google/appengine/api/datastore/dev/LocalDatastoreService$Profile:groom:0"
"0","<131724096,1>","com/google/appengine/api/datastore/dev/LocalDatastoreService$Profile:groom:2148"
"0","<131724096,1>","com/google/appengine/api/datastore/dev/LocalCompositeIndexManager:getInstance:0"
"0","<131724096,1>","com/google/appengine/api/datastore/dev/LocalCompositeIndexManager:getInstance:766"
"0","<131724096,1>","com/google/appengine/api/datastore/dev/LocalCompositeIndexManager:updateQueryHistory:840"
"0","<131724096,1>","com/google/appengine/api/datastore/dev/LocalCompositeIndexManager:updateQueryHistory:841"
"0","<131724096,1>","com/google/appengine/api/datastore/dev/LocalDatastoreService:runQuery:1414"
"0","<131724096,1>","com/google/appengine/api/datastore/dev/LocalDatastoreService:get:784"
"0","<131724096,1>","com/google/appengine/api/datastore/dev/LocalDatastoreService:get:817"
"0","<131724096,1>","com/google/appengine/api/datastore/dev/LocalDatastoreService:delete:1068"
"0","<131724096,1>","com/google/appengine/api/datastore/dev/LocalDatastoreService:delete:1069"
"0","<131724096,1>","com/google/appengine/api/datastore/dev/LocalDatastoreService:deleteImpl:1112"
"0","<131724096,1>","com/google/appengine/api/datastore/dev/LocalDatastoreService:deleteImpl:1148"
"0","<131724096,1>","com/google/appengine/api/datastore/dev/LocalDatastoreService:delete:1071"
"0","<131724096,1>","com/google/appengine/api/datastore/dev/LocalDatastoreService:delete:1072"
"0","<1109928280,1>","org/quartz/simpl/SimpleThreadPool$WorkerThread:run:0"
"0","<1109928280,1>","org/quartz/simpl/SimpleThreadPool:getNextRunnable:427"
"0","<1109928280,1>","org/quartz/simpl/SimpleThreadPool:getNextRunnable:428"
"0","<1109928280,1>","org/quartz/simpl/SimpleThreadPool:getNextRunnable:429"
"0","<1109928280,1>","org/quartz/simpl/SimpleThreadPool:getNextRunnable:435"
"0","<1109928280,1>","com/google/appengine/repackaged/org/apache/commons/logging/LogFactory:directGetContextClassLoader:840"
"0","<1109928280,1>","com/google/appengine/repackaged/org/apache/commons/logging/LogFactory:directGetContextClassLoader:841"
"0","<1109928280,2>","org/quartz/simpl/SimpleThreadPool$WorkerThread:run:0"
"0","<1109928280,2>","org/quartz/simpl/SimpleThreadPool:getNextRunnable:427"
"0","<1109928280,2>","org/quartz/simpl/SimpleThreadPool:getNextRunnable:428"
"0","<1109928280,2>","org/quartz/simpl/SimpleThreadPool:getNextRunnable:429"
"0","<1109928280,2>","org/quartz/simpl/SimpleThreadPool:getNextRunnable:435"
"0","<1109928280,2>","com/google/appengine/repackaged/org/apache/commons/logging/LogFactory:directGetContextClassLoader:840"
"0","<1109928280,2>","com/google/appengine/repackaged/org/apache/commons/logging/LogFactory:directGetContextClassLoader:841"
"0","<1109928280,3>","org/quartz/simpl/SimpleThreadPool$WorkerThread:run:0"
"0","<1109928280,3>","org/quartz/simpl/SimpleThreadPool:getNextRunnable:427"
"0","<1109928280,3>","org/quartz/simpl/SimpleThreadPool:getNextRunnable:428"
"0","<1109928280,3>","org/quartz/simpl/SimpleThreadPool:getNextRunnable:429"
"0","<1109928280,3>","org/quartz/simpl/SimpleThreadPool:getNextRunnable:435"
"0","<1109928280,3>","com/google/appengine/repackaged/org/apache/commons/logging/LogFactory:directGetContextClassLoader:840"
"0","<1109928280,3>","com/google/appengine/repackaged/org/apache/commons/logging/LogFactory:directGetContextClassLoader:841"
"0","<1109928280,4>","org/quartz/simpl/SimpleThreadPool$WorkerThread:run:0"
"0","<1109928280,4>","org/quartz/simpl/SimpleThreadPool:getNextRunnable:427"
"0","<1109928280,4>","org/quartz/simpl/SimpleThreadPool:getNextRunnable:428"
"0","<1109928280,4>","org/quartz/simpl/SimpleThreadPool:getNextRunnable:429"
"0","<1109928280,4>","org/quartz/simpl/SimpleThreadPool:getNextRunnable:435"
"0","<1109928280,4>","com/google/appengine/repackaged/org/apache/commons/logging/LogFactory:directGetContextClassLoader:840"
"0","<1109928280,4>","com/google/appengine/repackaged/org/apache/commons/logging/LogFactory:directGetContextClassLoader:841"
"0","<1109928280,0>","org/quartz/simpl/SimpleThreadPool$WorkerThread:run:0"
"0","<1109928280,0>","org/quartz/simpl/SimpleThreadPool:getNextRunnable:427"
"0","<1109928280,0>","org/quartz/simpl/SimpleThreadPool:getNextRunnable:428"
"0","<1109928280,0>","org/quartz/simpl/SimpleThreadPool:getNextRunnable:429"
"0","<1109928280,0>","org/quartz/simpl/SimpleThreadPool:getNextRunnable:433"
"0","<1109928280,0>","org/quartz/simpl/SimpleThreadPool:getNextRunnable:434"
"0","<1109928280,0>","org/quartz/simpl/SimpleThreadPool:getNextRunnable:435"
"0","<1109928280,0>","org/quartz/simpl/SimpleThreadPool$WorkerThread:run:520"
"0","<1109928280,0>","org/quartz/core/JobRunShell:run:0"
"0","<1109928280,0>","org/quartz/core/ExecutingJobsManager:jobToBeExecuted:2050"
"0","<1109928280,0>","org/quartz/core/ExecutingJobsManager:jobToBeExecuted:2053"
"0","<1109928280,0>","org/quartz/core/JobRunShell:run:197"
"0","<1109928280,0>","org/quartz/core/JobRunShell:run:198"
"0","<1109928280,0>","org/jacoco/agent/rt/internal_b0d6a23/core/runtime/RuntimeData:getExecutionData:119"
"0","<1109928280,0>","org/jacoco/agent/rt/internal_b0d6a23/core/runtime/RuntimeData:getExecutionData:120"
"0","<1109928280,0>","com/google/appengine/repackaged/com/google/io/protocol/ProtocolMessage:storeStringsOnlyAsBytes:2520"
"0","<1109928280,0>","com/google/appengine/repackaged/com/google/io/protocol/ProtocolMessage:storeStringsOnlyAsBytes:2521"
"0","<1109928280,0>","com/google/appengine/tools/development/Clock$1:getCurrentTime:23"
"0","<1109928280,0>","com/google/appengine/tools/development/Clock$1:getCurrentTime:24"
"0","<1109928280,0>","com/google/appengine/tools/development/LocalEnvironment:generateRequestId:246"
"0","<1109928280,0>","com/google/appengine/tools/development/LocalEnvironment:generateRequestId:247"
"0","<1109928280,0>","com/google/appengine/tools/development/LocalEnvironment:generateRequestId:249"
"0","<1109928280,0>","com/google/appengine/tools/development/LocalEnvironment:generateRequestId:250"
"0","<1109928280,0>","com/google/appengine/tools/development/LocalEnvironment:generateRequestId:251"
"0","<1109928280,0>","com/google/appengine/tools/development/LocalEnvironment:generateRequestId:252"
"0","<1109928280,0>","com/google/appengine/tools/development/LocalEnvironment:generateRequestId:255"
"0","<1109928280,0>","com/google/appengine/tools/development/LocalEnvironment:generateRequestId:256"
"0","<1109928280,0>","com/google/appengine/tools/development/LocalEnvironment:generateRequestId:258"
"0","<1109928280,0>","com/google/appengine/tools/development/LocalEnvironment:generateRequestId:259"
"0","<1109928280,0>","com/google/appengine/tools/development/LocalEnvironment:generateRequestId:261"
"0","<1109928280,0>","com/google/appengine/tools/development/LocalEnvironment:generateRequestId:262"
"0","<1109928280,0>","com/google/apphosting/api/ApiProxy:possiblyFlushOutOfBandLogs:225"
"0","<1109928280,0>","com/google/apphosting/api/ApiProxy:possiblyFlushOutOfBandLogs:228"
"0","<1109928280,0>","io/yawp/driver/appengine/pipes/flow/drops/FlowDropsNamespaceFanoutTask:run:0"
"0","<1109928280,0>","com/google/appengine/api/datastore/DatastoreServiceGlobalConfig:getConfig:0"
"0","<1109928280,0>","com/google/appengine/api/datastore/DatastoreServiceGlobalConfig:getConfig:46"
"0","<1109928280,0>","com/google/appengine/api/datastore/DatastoreServiceGlobalConfig:maybeSetUpApiProxyEnvironment:0"
"0","<1109928280,0>","com/google/appengine/api/datastore/DatastoreServiceGlobalConfig:maybeSetUpApiProxyEnvironment:101"
"0","<1109928280,0>","com/google/appengine/tools/development/ApiProxyLocalImpl:makeAsyncCall:203"
"0","<1109928280,0>","com/google/appengine/tools/development/ApiProxyLocalImpl:makeAsyncCall:204"
"0","<1109928280,0>","com/google/appengine/tools/development/ApiProxyLocalImpl$PrivilegedApiAction:run:275"
"0","<1109928280,0>","com/google/appengine/tools/development/ApiProxyLocalImpl$PrivilegedApiAction:run:276"
"0","<1109928280,0>","com/google/appengine/api/datastore/FutureHelper:getInternal:76"
"0","<1109928280,0>","com/google/appengine/api/utils/FutureWrapper:get:80"
"0","<1109928280,0>","com/google/appengine/api/utils/FutureWrapper:get:81"
"0","<1109928280,0>","com/google/appengine/api/utils/FutureWrapper:get:89"
"0","<1109928280,0>","com/google/appengine/tools/development/ApiProxyLocalImpl$PrivilegedApiAction$1:get:309"
"0","<1109928280,0>","java/util/concurrent/FutureTask:get:191"
"0","<1109928280,0>","java/util/concurrent/FutureTask:awaitDone:402"
"0","<1109928280,0>","java/util/concurrent/FutureTask:awaitDone:403"
"0","<1109928280,0>","java/util/concurrent/FutureTask:awaitDone:429"
"0","<1109928280,0>","java/util/concurrent/FutureTask:awaitDone:430"
"0","<1109928280,0>","java/util/concurrent/FutureTask:get:192"
"0","<1109928280,0>","java/util/concurrent/FutureTask:get:193"
"0","<1109928280,0>","com/google/appengine/tools/development/ApiProxyLocalImpl$PrivilegedApiAction$1:get:310"
"0","<1109928280,0>","com/google/appengine/api/utils/FutureWrapper:get:90"
"0","<1109928280,0>","com/google/appengine/api/utils/FutureWrapper:get:100"
"0","<1109928280,0>","com/google/appengine/api/utils/FutureWrapper:get:101"
"0","<1109928280,0>","com/google/appengine/api/datastore/FutureHelper:getInternal:77"
"0","<1109928280,0>","com/google/appengine/repackaged/com/google/io/protocol/ProtocolMessage:toByteBuffer:396"
"0","<1109928280,0>","com/google/appengine/repackaged/com/google/io/protocol/ProtocolMessage:toByteBuffer:397"
"0","<1109928280,0>","com/google/appengine/repackaged/com/google/io/protocol/ProtocolMessage:toByteBuffer:398"
"0","<1109928280,0>","com/google/appengine/repackaged/com/google/protobuf/ByteString:copyFrom:323"
"0","<1109928280,0>","com/google/appengine/repackaged/com/google/protobuf/ByteString:copyFrom:324"
"0","<1109928280,0>","com/google/appengine/api/taskqueue/QueueFactoryImpl:getQueue:0"
"0","<1109928280,0>","com/google/appengine/api/taskqueue/QueueFactoryImpl:getQueue:23"
"0","<1109928280,0>","com/google/appengine/api/taskqueue/QueueImpl:currentTimeMillis:563"
"0","<1109928280,0>","com/google/appengine/api/taskqueue/QueueImpl:currentTimeMillis:564"
"0","<1109928280,0>","com/google/appengine/api/taskqueue/QueueApiHelper:getInternal:78"
"0","<1109928280,0>","com/google/appengine/api/taskqueue/QueueApiHelper:getInternal:79"
"0","<1109928280,0>","org/quartz/simpl/RAMJobStore:removeTrigger:366"
"0","<1109928280,0>","org/quartz/simpl/RAMJobStore:getTriggersForJob:785"
"0","<1109928280,0>","org/quartz/simpl/RAMJobStore:getTriggersForJob:790"
"0","<1109928280,0>","org/quartz/simpl/RAMJobStore:removeJob:271"
"0","<1109928280,0>","org/quartz/simpl/RAMJobStore:removeJob:281"
"0","<1109928280,0>","org/quartz/simpl/RAMJobStore:removeTrigger:398"
"0","<1109928280,0>","org/quartz/core/JobRunShell:run:204"
"0","<1109928280,0>","org/quartz/core/JobRunShell:run:205"
"0","<1109928280,0>","org/quartz/core/ExecutingJobsManager:jobWasExecuted:2058"
"0","<1109928280,0>","org/quartz/core/ExecutingJobsManager:jobWasExecuted:2060"
"0","<1109928280,0>","org/quartz/simpl/RAMJobStore:triggeredJobComplete:1263"
"0","<1109928280,0>","org/quartz/simpl/RAMJobStore:triggeredJobComplete:1338"
"0","<1109928280,0>","org/quartz/simpl/SimpleThreadPool$WorkerThread:run:521"
"0","<1109928280,0>","io/yawp/driver/appengine/pipes/flow/drops/FlowDropsTask:run:0"
"0","<1109928280,0>","io/yawp/driver/appengine/pipes/flow/drops/FlowDropsTask:worksQuery:95"
"0","<1109928280,0>","io/yawp/driver/appengine/pipes/flow/drops/FlowDropsTask:worksQuery:96"
"0","<1109928280,0>","io/yawp/driver/appengine/pipes/flow/Work:<init>:41"
"0","<1109928280,0>","io/yawp/driver/appengine/pipes/flow/Work:<init>:42"
"0","<1109928280,0>","io/yawp/commons/utils/ReflectionUtils:clazzForName:175"
"0","<1109928280,0>","io/yawp/commons/utils/ReflectionUtils:clazzForName:176"
"0","<1109928280,0>","com/google/appengine/tools/development/ApiProxyLocalImpl$DaemonThreadFactory:newThread:670"
"0","<1109928280,0>","com/google/appengine/tools/development/ApiProxyLocalImpl$DaemonThreadFactory:newThread:671"
"0","<1109928280,0>","io/yawp/repository/FutureObject:setObject:74"
"0","<1109928280,0>","com/google/appengine/api/datastore/AsyncDatastoreServiceImpl$5:getFutureWithOptionalTimeout:291"
"0","<1109928280,0>","com/google/appengine/api/datastore/AsyncDatastoreServiceImpl$5:getFutureWithOptionalTimeout:292"
"0","<1109928280,0>","io/yawp/repository/FutureObject:setObject:75"
"0","<1109928280,0>","com/google/appengine/api/datastore/Batcher$ReorderingMultiFuture:get:127"
"0","<1109928280,0>","com/google/appengine/api/datastore/Batcher$ReorderingMultiFuture:get:128"
"0","<1109928280,0>","com/google/appengine/repackaged/org/apache/commons/logging/LogFactory:directGetContextClassLoader:840"
"0","<1109928280,0>","com/google/appengine/repackaged/org/apache/commons/logging/LogFactory:directGetContextClassLoader:841"
"0","<1504360032,1>","org/quartz/core/QuartzSchedulerThread:run:0"
"0","<1504360032,1>","org/quartz/core/QuartzSchedulerThread:run:214"
"0","<1504360032,1>","org/quartz/core/QuartzSchedulerThread:run:218"
"0","<1504360032,1>","org/quartz/core/QuartzSchedulerThread:run:219"
"0","<1504360032,1>","org/quartz/core/QuartzSchedulerThread:run:226"
"0","<1504360032,1>","org/quartz/core/QuartzSchedulerThread:run:230"
"0","<1504360032,1>","org/quartz/core/QuartzSchedulerThread:run:231"
"0","<1504360032,1>","org/quartz/simpl/RAMJobStore:acquireNextTrigger:1127"
"0","<1504360032,1>","org/quartz/simpl/RAMJobStore:acquireNextTrigger:1133"
"0","<1504360032,1>","org/quartz/core/QuartzSchedulerThread:run:385"
"0","<1504360032,1>","org/quartz/core/QuartzSchedulerThread:run:386"
"0","<1504360032,1>","org/quartz/core/QuartzSchedulerThread:run:394"
"0","<1504360032,1>","org/quartz/core/QuartzSchedulerThread:run:395"
"0","<1504360032,1>","org/quartz/core/QuartzSchedulerThread:run:398"
"0","<1504360032,1>","org/quartz/core/QuartzSchedulerThread:run:399"
"0","<1504360032,1>","org/quartz/simpl/RAMJobStore:applyMisfire:1086"
"0","<1504360032,1>","org/quartz/simpl/RAMJobStore:applyMisfire:1087"
"0","<1504360032,1>","org/quartz/simpl/RAMJobStore:getFiredTriggerRecordId:0"
"0","<1504360032,1>","org/quartz/simpl/RAMJobStore:getFiredTriggerRecordId:1113"
"0","<1504360032,1>","org/quartz/simpl/RAMJobStore:acquireNextTrigger:1162"
"0","<1504360032,1>","org/quartz/core/QuartzSchedulerThread:run:252"
"0","<1504360032,1>","org/quartz/core/QuartzSchedulerThread:run:253"
"0","<1504360032,1>","org/quartz/simpl/RAMJobStore:triggerFired:1197"
"0","<1504360032,1>","org/jacoco/agent/rt/internal_b0d6a23/core/runtime/RuntimeData:getExecutionData:119"
"0","<1504360032,1>","org/jacoco/agent/rt/internal_b0d6a23/core/runtime/RuntimeData:getExecutionData:120"
"0","<1504360032,1>","org/quartz/simpl/RAMJobStore:triggerFired:1247"
"0","<1504360032,1>","com/google/appengine/repackaged/org/apache/commons/logging/LogFactory:directGetContextClassLoader:840"
"0","<1504360032,1>","com/google/appengine/repackaged/org/apache/commons/logging/LogFactory:directGetContextClassLoader:841"
"0","<1504360032,1>","org/quartz/simpl/SimpleThreadPool:runInThread:378"
"0","<1504360032,1>","org/quartz/simpl/SimpleThreadPool:runInThread:393"
"0","<1504360032,1>","org/quartz/simpl/SimpleThreadPool:runInThread:394"
"0","<1504360032,1>","org/quartz/simpl/SimpleThreadPool:runInThread:395"
"0","<1504360032,1>","org/quartz/core/QuartzSchedulerThread:run:272"
"0","<1504360032,1>","org/quartz/core/QuartzSchedulerThread:run:273"
"0","<1504360032,1>","org/quartz/core/QuartzSchedulerThread:run:276"
"0","<1504360032,1>","org/quartz/core/QuartzSchedulerThread:run:277"
"0","<-717176142,1>","java/util/concurrent/FutureTask:run:0"
"0","<-717176142,1>","java/util/concurrent/FutureTask:run:258"
"0","<-717176142,1>","java/util/concurrent/FutureTask:run:259"
"0","<-717176142,1>","java/util/concurrent/FutureTask:run:266"
"0","<-717176142,1>","com/google/appengine/tools/development/ApiProxyLocalImpl$AsyncApiCall:call:0"
"0","<-717176142,1>","com/google/apphosting/api/ApiProxy:possiblyFlushOutOfBandLogs:225"
"0","<-717176142,1>","com/google/apphosting/api/ApiProxy:possiblyFlushOutOfBandLogs:228"
"0","<-717176142,1>","com/google/appengine/tools/development/ApiProxyLocalImpl:getService:0"
"0","<-717176142,1>","com/google/appengine/tools/development/ApiProxyLocalImpl:getService:597"
"0","<-717176142,1>","com/google/appengine/tools/development/Clock$1:getCurrentTime:23"
"0","<-717176142,1>","com/google/appengine/tools/development/Clock$1:getCurrentTime:24"
"0","<-717176142,1>","com/google/appengine/repackaged/com/google/io/protocol/ProtocolMessage:storeStringsOnlyAsBytes:2520"
"0","<-717176142,1>","com/google/appengine/repackaged/com/google/io/protocol/ProtocolMessage:storeStringsOnlyAsBytes:2521"
"0","<-717176142,1>","com/google/appengine/api/datastore/dev/LocalDatastoreService:getOrCreateProfile:1810"
"0","<-717176142,1>","com/google/appengine/api/datastore/dev/LocalDatastoreService:getOrCreateProfile:1817"
"0","<-717176142,1>","com/google/appengine/api/datastore/dev/LocalDatastoreService:get:784"
"0","<-717176142,1>","com/google/appengine/api/datastore/dev/LocalDatastoreService$Profile:getGroup:0"
"0","<-717176142,1>","com/google/appengine/api/datastore/dev/LocalDatastoreService$Profile:getGroups:0"
"0","<-717176142,1>","com/google/appengine/api/datastore/dev/LocalDatastoreService$Profile:getGroups:2202"
"0","<-717176142,1>","org/jacoco/agent/rt/internal_b0d6a23/core/runtime/RuntimeData:getExecutionData:119"
"0","<-717176142,1>","org/jacoco/agent/rt/internal_b0d6a23/core/runtime/RuntimeData:getExecutionData:120"
"0","<-717176142,1>","com/google/appengine/api/datastore/dev/LocalDatastoreService$Profile:getGroup:2129"
"0","<-717176142,1>","com/google/appengine/api/datastore/dev/LocalDatastoreService$Profile:groom:0"
"0","<-717176142,1>","com/google/appengine/api/datastore/dev/LocalDatastoreService$Profile:getGroupsWithUnappliedJobs:0"
"0","<-717176142,1>","com/google/appengine/api/datastore/dev/LocalDatastoreService$Profile:getGroupsWithUnappliedJobs:2209"
"0","<-717176142,1>","com/google/appengine/api/datastore/dev/LocalDatastoreService$Profile:groom:2148"
"0","<-717176142,1>","com/google/appengine/api/datastore/dev/LocalDatastoreService:get:817"
"0","<-717176142,1>","com/google/appengine/tools/development/ApiProxyLocalImpl$AsyncApiCall:tryReleaseSemaphore:0"
"0","<-717176142,1>","com/google/appengine/tools/development/ApiProxyLocalImpl$AsyncApiCall:tryReleaseSemaphore:577"
"0","<-717176142,1>","java/util/concurrent/FutureTask:run:267"
"0","<-717176142,1>","java/util/concurrent/FutureTask:run:274"
"0","<-717176142,1>","java/util/concurrent/FutureTask:set:233"
"0","<-717176142,1>","java/util/concurrent/FutureTask:finishCompletion:384"
"0","<-717176142,1>","java/util/concurrent/FutureTask:finishCompletion:385"
"0","<-717176142,1>","java/util/concurrent/FutureTask:set:234"
"0","<-717176142,1>","java/util/concurrent/FutureTask:run:275"
"0","<-717176142,1>","java/util/concurrent/FutureTask:finishCompletion:372"
"0","<-717176142,1>","java/util/concurrent/FutureTask:finishCompletion:373"
"0","<-717176142,1>","com/google/appengine/api/datastore/dev/LocalDatastoreService:put:825"
"0","<-717176142,1>","com/google/appengine/api/datastore/dev/LocalDatastoreService:put:826"
"0","<-717176142,1>","com/google/appengine/api/datastore/dev/LocalDatastoreService:putImpl:926"
"0","<-717176142,1>","com/google/appengine/api/datastore/dev/LocalDatastoreService$Profile$EntityGroup:incrementVersion:1915"
"0","<-717176142,1>","com/google/appengine/api/datastore/dev/LocalDatastoreService$Profile$EntityGroup:incrementVersion:1916"
"0","<-717176142,1>","com/google/appengine/api/datastore/dev/LocalCompositeIndexManager$XmlIndexFileManager:read:0"
"0","<-717176142,1>","com/google/appengine/api/datastore/dev/LocalCompositeIndexManager$XmlIndexFileManager:read:278"
"0","<-717176142,1>","com/google/appengine/api/datastore/dev/LocalDatastoreService:getOrCreateExtent:1823"
"0","<-717176142,1>","com/google/appengine/api/datastore/dev/LocalDatastoreService:getOrCreateExtent:1829"
"0","<-717176142,1>","com/google/appengine/api/datastore/dev/LocalDatastoreService:putImpl:962"
"0","<-717176142,1>","com/google/appengine/api/datastore/dev/LocalDatastoreService:put:828"
"0","<-717176142,1>","com/google/appengine/api/datastore/dev/LocalDatastoreService:put:829"
"0","<-717176142,1>","com/google/appengine/api/datastore/dev/LocalDatastoreService:delete:1068"
"0","<-717176142,1>","com/google/appengine/api/datastore/dev/LocalDatastoreService:delete:1069"
"0","<-717176142,1>","com/google/appengine/api/datastore/dev/LocalDatastoreService:deleteImpl:1112"
"0","<-717176142,1>","com/google/appengine/api/datastore/dev/LocalDatastoreService:deleteImpl:1148"
"0","<-717176142,1>","com/google/appengine/api/datastore/dev/LocalDatastoreService:delete:1071"
"0","<-717176142,1>","com/google/appengine/api/datastore/dev/LocalDatastoreService:delete:1072"
"0","<-591826253,1>","java/util/concurrent/FutureTask:run:0"
"0","<-591826253,1>","java/util/concurrent/FutureTask:run:258"
"0","<-591826253,1>","java/util/concurrent/FutureTask:run:259"
"0","<-591826253,1>","java/util/concurrent/FutureTask:run:266"
"0","<-591826253,1>","com/google/appengine/tools/development/ApiProxyLocalImpl$AsyncApiCall:call:0"
"0","<-591826253,1>","com/google/apphosting/api/ApiProxy:possiblyFlushOutOfBandLogs:225"
"0","<-591826253,1>","com/google/apphosting/api/ApiProxy:possiblyFlushOutOfBandLogs:228"
"0","<-591826253,1>","com/google/appengine/tools/development/ApiProxyLocalImpl:getService:0"
"0","<-591826253,1>","com/google/appengine/tools/development/ApiProxyLocalImpl:getService:597"
"0","<-591826253,1>","com/google/appengine/tools/development/Clock$1:getCurrentTime:23"
"0","<-591826253,1>","com/google/appengine/tools/development/Clock$1:getCurrentTime:24"
"0","<-591826253,1>","com/google/appengine/repackaged/com/google/io/protocol/ProtocolMessage:storeStringsOnlyAsBytes:2520"
"0","<-591826253,1>","com/google/appengine/repackaged/com/google/io/protocol/ProtocolMessage:storeStringsOnlyAsBytes:2521"
"0","<-591826253,1>","com/google/appengine/api/datastore/dev/LocalDatastoreService:getOrCreateProfile:1810"
"0","<-591826253,1>","com/google/appengine/api/datastore/dev/LocalDatastoreService:getOrCreateProfile:1817"
"0","<-591826253,1>","com/google/appengine/api/datastore/dev/LocalDatastoreService:get:784"
"0","<-591826253,1>","com/google/appengine/api/datastore/dev/LocalDatastoreService$Profile:getGroup:0"
"0","<-591826253,1>","com/google/appengine/api/datastore/dev/LocalDatastoreService$Profile:getGroups:0"
"0","<-591826253,1>","com/google/appengine/api/datastore/dev/LocalDatastoreService$Profile:getGroups:2202"
"0","<-591826253,1>","com/google/appengine/api/datastore/dev/LocalDatastoreService$Profile:getGroup:2129"
"0","<-591826253,1>","com/google/appengine/api/datastore/dev/LocalDatastoreService$Profile:groom:0"
"0","<-591826253,1>","com/google/appengine/api/datastore/dev/LocalDatastoreService$Profile:getGroupsWithUnappliedJobs:0"
"0","<-591826253,1>","com/google/appengine/api/datastore/dev/LocalDatastoreService$Profile:getGroupsWithUnappliedJobs:2209"
"0","<-591826253,1>","com/google/appengine/api/datastore/dev/LocalDatastoreService$Profile:groom:2148"
"0","<-591826253,1>","com/google/appengine/api/datastore/dev/LocalDatastoreService:get:817"
"0","<-591826253,1>","com/google/appengine/tools/development/ApiProxyLocalImpl$AsyncApiCall:tryReleaseSemaphore:0"
"0","<-591826253,1>","com/google/appengine/tools/development/ApiProxyLocalImpl$AsyncApiCall:tryReleaseSemaphore:577"
"0","<-591826253,1>","java/util/concurrent/FutureTask:run:267"
"0","<-591826253,1>","java/util/concurrent/FutureTask:run:274"
"0","<-591826253,1>","java/util/concurrent/FutureTask:set:233"
"0","<-591826253,1>","java/util/concurrent/FutureTask:finishCompletion:372"
"0","<-591826253,1>","java/util/concurrent/FutureTask:finishCompletion:373"
"0","<-591826253,1>","java/util/concurrent/FutureTask:finishCompletion:384"
"0","<-591826253,1>","java/util/concurrent/FutureTask:finishCompletion:385"
"0","<-591826253,1>","java/util/concurrent/FutureTask:set:234"
"0","<-591826253,1>","java/util/concurrent/FutureTask:run:275"
"0","<-591826253,1>","com/google/appengine/api/datastore/dev/LocalDatastoreService:runQuery:1222"
"0","<-591826253,1>","com/google/appengine/api/datastore/dev/LocalCompositeIndexManager:getInstance:0"
"0","<-591826253,1>","com/google/appengine/api/datastore/dev/LocalCompositeIndexManager:getInstance:766"
"0","<-591826253,1>","com/google/appengine/api/datastore/dev/LocalCompositeIndexManager:updateQueryHistory:840"
"0","<-591826253,1>","com/google/appengine/api/datastore/dev/LocalCompositeIndexManager:updateQueryHistory:841"
"0","<-591826253,1>","com/google/appengine/api/datastore/dev/LocalCompositeIndexManager$XmlIndexFileManager:read:0"
"0","<-591826253,1>","com/google/appengine/api/datastore/dev/LocalCompositeIndexManager$XmlIndexFileManager:read:278"
"0","<-591826253,1>","com/google/appengine/api/datastore/dev/LocalDatastoreService:runQuery:1414"
"0","null","org/jacoco/agent/rt/internal_b0d6a23/Agent$1:run:0"
"0","null","org/jacoco/agent/rt/internal_b0d6a23/output/FileOutput:openFile:69"
"0","null","org/jacoco/agent/rt/internal_b0d6a23/output/FileOutput:openFile:70"
"0","null","org/jacoco/agent/rt/internal_b0d6a23/core/runtime/RuntimeData:collect:83"
"0","null","org/jacoco/agent/rt/internal_b0d6a23/core/runtime/RuntimeData:collect:84"
"0","null","org/jacoco/agent/rt/internal_b0d6a23/core/runtime/RuntimeData:collect:85"
"0","null","org/jacoco/agent/rt/internal_b0d6a23/core/runtime/RuntimeData:collect:91"
"0","null","org/jacoco/agent/rt/internal_b0d6a23/output/FileOutput:writeExecutionData:58"
"0","null","org/jacoco/agent/rt/internal_b0d6a23/output/FileOutput:writeExecutionData:59"
"0","<-8449465,1>","com/google/appengine/api/datastore/dev/LocalDatastoreService$1$1:run:0"
"0","<-8449465,1>","com/google/appengine/api/datastore/dev/LocalDatastoreService:cleanupActiveServices:3317"
"0","<-8449465,1>","com/google/appengine/api/datastore/dev/LocalDatastoreService:cleanupActiveServices:3318"
"1","<main>","org/jacoco/agent/rt/internal_b0d6a23/core/runtime/RuntimeData:getExecutionData:119"
"1","<main>","org/jacoco/agent/rt/internal_b0d6a23/core/runtime/RuntimeData:getExecutionData:120"
"1","<main>","io/yawp/repository/Yawp:safeLoadFeaturesFromConfig:0"
"1","<main>","io/yawp/commons/config/YamlFile:stream:15"
"1","<main>","io/yawp/commons/config/YamlFile:stream:16"
"1","<main>","io/yawp/repository/Yawp:safeLoadFeatures:0"
"1","<main>","org/reflections/util/ClasspathHelper:contextClassLoader:37"
"1","<main>","org/reflections/util/ClasspathHelper:contextClassLoader:38"
"1","<main>","org/reflections/Reflections:scan:189"
"1","<main>","org/reflections/Reflections:scan:190"
"1","<main>","org/reflections/Reflections:scan:219"
"1","<main>","org/reflections/Reflections:scan:220"
"1","<main>","io/yawp/repository/features/scanner/ClassloaderScanner:scan:62"
"1","<main>","io/yawp/repository/features/scanner/ClassloaderScanner:scan:63"
"1","<main>","io/yawp/repository/features/scanner/ClassloaderScanner:scan:64"
"1","<main>","io/yawp/repository/features/scanner/ClassloaderScanner:scan:65"
"1","<main>","io/yawp/repository/Yawp:safeLoadFeatures:88"
"1","<main>","io/yawp/repository/Yawp:safeLoadFeaturesFromConfig:78"
"1","<main>","io/yawp/commons/utils/ResourceFinder:<init>:57"
"1","<main>","io/yawp/commons/utils/ResourceFinder:<init>:58"
"1","<main>","com/google/appengine/tools/development/testing/LocalModulesServiceTestConfig:requiresEnvironmentInstance:0"
"1","<main>","com/google/appengine/tools/development/testing/LocalModulesServiceTestConfig:requiresEnvironmentInstance:309"
"1","<main>","com/google/appengine/tools/development/LocalEnvironment:generateRequestId:246"
"1","<main>","com/google/appengine/tools/development/LocalEnvironment:generateRequestId:247"
"1","<main>","com/google/appengine/tools/development/LocalEnvironment:generateRequestId:249"
"1","<main>","com/google/appengine/tools/development/LocalEnvironment:generateRequestId:250"
"1","<main>","com/google/appengine/tools/development/LocalEnvironment:generateRequestId:251"
"1","<main>","com/google/appengine/tools/development/LocalEnvironment:generateRequestId:252"
"1","<main>","com/google/appengine/tools/development/LocalEnvironment:generateRequestId:255"
"1","<main>","com/google/appengine/tools/development/LocalEnvironment:generateRequestId:256"
"1","<main>","com/google/appengine/tools/development/LocalEnvironment:generateRequestId:258"
"1","<main>","com/google/appengine/tools/development/LocalEnvironment:generateRequestId:259"
"1","<main>","com/google/appengine/tools/development/LocalEnvironment:generateRequestId:261"
"1","<main>","com/google/appengine/tools/development/LocalEnvironment:generateRequestId:262"
"1","<main>","com/google/appengine/tools/development/ApiProxyLocalImpl:<init>:120"
"1","<main>","com/google/appengine/tools/development/ApiProxyLocalImpl:<init>:121"
"1","<main>","com/google/appengine/tools/development/ApiProxyLocalImpl:<init>:119"
"1","<main>","com/google/apphosting/api/ApiProxy:possiblyFlushOutOfBandLogs:225"
"1","<main>","com/google/apphosting/api/ApiProxy:possiblyFlushOutOfBandLogs:228"
"1","<main>","com/google/appengine/tools/development/testing/LocalModulesServiceTestConfig:setUp:0"
"1","<main>","com/google/appengine/tools/development/ApiProxyLocalImpl:getService:0"
"1","<main>","com/google/appengine/tools/development/ApiProxyLocalImpl:getService:600"
"1","<main>","com/google/appengine/tools/development/testing/LocalModulesServiceTestConfig:setUp:157"
"1","<main>","com/google/appengine/repackaged/com/google/common/util/concurrent/ThreadFactoryBuilder:build:157"
"1","<main>","com/google/appengine/repackaged/com/google/common/util/concurrent/ThreadFactoryBuilder:build:158"
"1","<main>","com/google/appengine/api/datastore/dev/LocalDatastoreService:createScheduler:426"
"1","<main>","com/google/appengine/api/datastore/dev/LocalDatastoreService:createScheduler:427"
"1","<main>","com/google/appengine/api/datastore/dev/LocalCompositeIndexManager:init:0"
"1","<main>","com/google/appengine/api/datastore/dev/LocalCompositeIndexManager:init:744"
"1","<main>","com/google/appengine/api/datastore/dev/LocalCompositeIndexManager:getInstance:0"
"1","<main>","com/google/appengine/api/datastore/dev/LocalCompositeIndexManager:getInstance:766"
"1","<main>","com/google/appengine/api/datastore/dev/DefaultHighRepJobPolicy:getUnappliedJobSeedPropValue:123"
"1","<main>","com/google/appengine/api/datastore/dev/DefaultHighRepJobPolicy:getUnappliedJobSeedPropValue:124"
"1","<main>","com/google/appengine/repackaged/com/google/common/collect/MapMakerInternalMap$Segment:initTable:1079"
"1","<main>","com/google/appengine/repackaged/com/google/common/collect/MapMakerInternalMap$Segment:initTable:1080"
"1","<main>","com/google/appengine/api/datastore/dev/EntityGroupPseudoKind:<init>:32"
"1","<main>","com/google/appengine/api/datastore/dev/EntityGroupPseudoKind:<init>:33"
"1","<main>","com/google/appengine/api/datastore/dev/LocalDatastoreService:startInternal:0"
"1","<main>","com/google/appengine/api/datastore/dev/LocalDatastoreService:startInternal:667"
"1","<main>","java/util/concurrent/FutureTask:<init>:152"
"1","<main>","java/util/concurrent/FutureTask:<init>:153"
"1","<main>","com/google/appengine/repackaged/com/google/common/util/concurrent/ThreadFactoryBuilder$1:newThread:164"
"1","<main>","com/google/appengine/repackaged/com/google/common/util/concurrent/ThreadFactoryBuilder$1:newThread:165"
"1","<main>","com/google/appengine/repackaged/com/google/common/util/concurrent/ThreadFactoryBuilder$1:newThread:167"
"1","<main>","com/google/appengine/repackaged/com/google/common/util/concurrent/ThreadFactoryBuilder$1:newThread:168"
"1","<main>","com/google/appengine/api/datastore/dev/LocalDatastoreService:startInternal:668"
"1","<main>","com/google/appengine/api/datastore/dev/LocalDatastoreService:startInternal:679"
"1","<main>","com/google/appengine/api/datastore/dev/LocalDatastoreService:startInternal:680"
"1","<main>","com/google/appengine/api/datastore/dev/LocalDatastoreService:startInternal:704"
"1","<main>","io/yawp/driver/appengine/pipes/flow/Work:<init>:41"
"1","<main>","io/yawp/driver/appengine/pipes/flow/Work:<init>:42"
"1","<main>","io/yawp/testing/appengine/pipes/flow/FlowDropsTest:saveOneLikeToCounterWork:56"
"1","<main>","io/yawp/testing/appengine/pipes/flow/FlowDropsTest:saveOneLikeToCounterWork:57"
"1","<main>","com/google/appengine/spi/ServiceFactoryFactory$RuntimeRegistry:<clinit>:107"
"1","<main>","com/google/appengine/spi/ServiceFactoryFactory$RuntimeRegistry:<clinit>:108"
"1","<main>","com/google/appengine/repackaged/com/google/common/cache/LocalCache$Segment:initTable:2130"
"1","<main>","com/google/appengine/repackaged/com/google/common/cache/LocalCache$Segment:initTable:2131"
"1","<main>","com/google/appengine/api/datastore/DatastoreServiceGlobalConfig:maybeSetUpApiProxyEnvironment:0"
"1","<main>","com/google/appengine/api/datastore/DatastoreServiceGlobalConfig:getConfig:0"
"1","<main>","com/google/appengine/api/datastore/EnvProxy:getenv:29"
"1","<main>","com/google/appengine/api/datastore/EnvProxy:getenv:33"
"1","<main>","com/google/appengine/api/datastore/DatastoreServiceGlobalConfig:setConfig:0"
"1","<main>","com/google/appengine/api/datastore/DatastoreServiceGlobalConfig:getConfig:46"
"1","<main>","com/google/appengine/api/datastore/DatastoreServiceGlobalConfig:maybeSetUpApiProxyEnvironment:101"
"1","<main>","com/google/appengine/api/datastore/DatastoreServiceGlobalConfig:setConfig:71"
"1","<main>","com/google/appengine/repackaged/com/google/io/protocol/ProtocolMessage:storeStringsOnlyAsBytes:2520"
"1","<main>","com/google/appengine/repackaged/com/google/io/protocol/ProtocolMessage:storeStringsOnlyAsBytes:2521"
"1","<main>","com/google/appengine/tools/development/ApiProxyLocalImpl:makeAsyncCall:203"
"1","<main>","com/google/appengine/tools/development/ApiProxyLocalImpl:makeAsyncCall:204"
"1","<main>","com/google/appengine/tools/development/ApiProxyLocalImpl$PrivilegedApiAction:run:275"
"1","<main>","com/google/appengine/tools/development/ApiProxyLocalImpl$DaemonThreadFactory:newThread:670"
"1","<main>","com/google/appengine/tools/development/ApiProxyLocalImpl$DaemonThreadFactory:newThread:671"
"1","<main>","com/google/appengine/tools/development/ApiProxyLocalImpl$PrivilegedApiAction:run:276"
"1","<main>","com/google/appengine/api/datastore/FutureHelper:getInternal:76"
"1","<main>","com/google/appengine/api/utils/FutureWrapper:get:80"
"1","<main>","com/google/appengine/api/utils/FutureWrapper:get:81"
"1","<main>","com/google/appengine/api/utils/FutureWrapper:get:89"
"1","<main>","com/google/appengine/api/datastore/Batcher$ReorderingMultiFuture:get:127"
"1","<main>","com/google/appengine/tools/development/ApiProxyLocalImpl$PrivilegedApiAction$1:get:309"
"1","<main>","java/util/concurrent/FutureTask:get:191"
"1","<main>","java/util/concurrent/FutureTask:awaitDone:402"
"1","<main>","java/util/concurrent/FutureTask:awaitDone:403"
"1","<main>","java/util/concurrent/FutureTask:awaitDone:429"
"1","<main>","java/util/concurrent/FutureTask:awaitDone:430"
"1","<main>","java/util/concurrent/FutureTask:get:192"
"1","<main>","java/util/concurrent/FutureTask:get:193"
"1","<main>","com/google/appengine/tools/development/ApiProxyLocalImpl$PrivilegedApiAction$1:get:310"
"1","<main>","com/google/appengine/api/utils/FutureWrapper:get:90"
"1","<main>","com/google/appengine/api/utils/FutureWrapper:get:100"
"1","<main>","com/google/appengine/api/utils/FutureWrapper:get:101"
"1","<main>","com/google/appengine/api/datastore/Batcher$ReorderingMultiFuture:get:128"
"1","<main>","com/google/appengine/api/datastore/FutureHelper:getInternal:77"
"1","<main>","com/google/appengine/api/taskqueue/QueueFactoryImpl:getQueue:0"
"1","<main>","com/google/appengine/api/taskqueue/QueueFactoryImpl:getQueue:23"
"1","<main>","com/google/appengine/api/taskqueue/QueueImpl:currentTimeMillis:563"
"1","<main>","com/google/appengine/api/taskqueue/QueueImpl:currentTimeMillis:564"
"1","<main>","com/google/appengine/api/taskqueue/QueueApiHelper:getInternal:78"
"1","<main>","com/google/appengine/api/taskqueue/QueueApiHelper:getInternal:79"
"1","<main>","io/yawp/testing/appengine/AsyncHelper:awaitAsync:0"
"1","<main>","io/yawp/testing/appengine/AsyncHelper:awaitAsync:16"
"1","<main>","io/yawp/testing/appengine/AsyncHelper:awaitAsync:17"
"1","<main>","io/yawp/testing/appengine/AsyncHelper:awaitAsync:19"
"1","<main>","io/yawp/testing/appengine/AsyncHelper:awaitAsync:20"
"1","<main>","com/google/appengine/tools/development/ApiProxyLocalImpl:getService:597"
"1","<main>","org/quartz/simpl/RAMJobStore:getJobNames:669"
"1","<main>","org/quartz/simpl/RAMJobStore:getJobNames:679"
"1","<main>","org/quartz/simpl/RAMJobStore:getTriggersForJob:785"
"1","<main>","org/quartz/simpl/RAMJobStore:getTriggersForJob:790"
"1","<main>","io/yawp/testing/appengine/AsyncHelper:awaitAsync:25"
"1","<main>","io/yawp/testing/appengine/AsyncHelper:awaitAsync:26"
"1","<main>","io/yawp/testing/appengine/AsyncHelper:awaitAsync:27"
"1","<main>","com/google/appengine/api/datastore/AsyncDatastoreServiceImpl$5:getFutureWithOptionalTimeout:291"
"1","<main>","com/google/appengine/api/datastore/AsyncDatastoreServiceImpl$5:getFutureWithOptionalTimeout:292"
"1","<main>","com/google/appengine/repackaged/com/google/io/protocol/ProtocolMessage:toByteBuffer:396"
"1","<main>","com/google/appengine/repackaged/com/google/io/protocol/ProtocolMessage:toByteBuffer:397"
"1","<main>","com/google/appengine/repackaged/com/google/io/protocol/ProtocolMessage:toByteBuffer:398"
"1","<main>","com/google/appengine/repackaged/com/google/protobuf/ByteString:copyFrom:323"
"1","<main>","com/google/appengine/repackaged/com/google/protobuf/ByteString:copyFrom:324"
"1","<main>","com/google/appengine/api/datastore/dev/LocalDatastoreService:stop:0"
"1","<main>","java/util/concurrent/FutureTask:cancel:180"
"1","<main>","java/util/concurrent/FutureTask:finishCompletion:384"
"1","<main>","java/util/concurrent/FutureTask:finishCompletion:385"
"1","<main>","java/util/concurrent/FutureTask:cancel:181"
"1","<main>","com/google/appengine/api/datastore/dev/LocalDatastoreService:stop:726"
"1","<main>","com/google/appengine/repackaged/org/apache/commons/logging/LogFactory:directGetContextClassLoader:840"
"1","<main>","com/google/appengine/repackaged/org/apache/commons/logging/LogFactory:directGetContextClassLoader:841"
"1","<main>","org/quartz/core/QuartzSchedulerThread:togglePause:157"
"1","<main>","org/quartz/core/QuartzSchedulerThread:togglePause:165"
"1","<main>","org/quartz/core/QuartzSchedulerThread:halt:174"
"1","<main>","org/quartz/core/QuartzSchedulerThread:halt:178"
"1","<main>","org/quartz/core/QuartzSchedulerThread:halt:179"
"1","<main>","org/quartz/core/QuartzSchedulerThread:halt:182"
"1","<main>","org/quartz/simpl/SimpleThreadPool:shutdown:307"
"1","<main>","org/quartz/simpl/SimpleThreadPool:shutdown:308"
"1","<main>","org/quartz/simpl/SimpleThreadPool:shutdown:309"
"1","<main>","org/quartz/impl/SchedulerRepository:getInstance:0"
"1","<main>","org/quartz/impl/SchedulerRepository:getInstance:75"
"1","<main>","org/quartz/impl/SchedulerRepository:remove:0"
"1","<main>","org/quartz/impl/SchedulerRepository:remove:89"
"1","<main>","com/google/appengine/api/memcache/dev/LocalMemcacheService:flushAll:602"
"1","<main>","com/google/appengine/api/memcache/dev/LocalMemcacheService:flushAll:607"
"1","<main>","com/google/apphosting/api/ApiProxy:getEnvironmentFactory:0"
"1","<main>","com/google/apphosting/api/ApiProxy:getEnvironmentFactory:313"
"1","<131724096,1>","java/util/concurrent/FutureTask:run:0"
"1","<131724096,1>","java/util/concurrent/FutureTask:run:258"
"1","<131724096,1>","java/util/concurrent/FutureTask:run:259"
"1","<131724096,1>","java/util/concurrent/FutureTask:run:266"
"1","<131724096,1>","com/google/appengine/tools/development/ApiProxyLocalImpl$AsyncApiCall:call:0"
"1","<131724096,1>","com/google/apphosting/api/ApiProxy:possiblyFlushOutOfBandLogs:225"
"1","<131724096,1>","com/google/apphosting/api/ApiProxy:possiblyFlushOutOfBandLogs:228"
"1","<131724096,1>","com/google/appengine/tools/development/ApiProxyLocalImpl:getService:0"
"1","<131724096,1>","com/google/appengine/tools/development/ApiProxyLocalImpl:getService:597"
"1","<131724096,1>","org/jacoco/agent/rt/internal_b0d6a23/core/runtime/RuntimeData:getExecutionData:119"
"1","<131724096,1>","org/jacoco/agent/rt/internal_b0d6a23/core/runtime/RuntimeData:getExecutionData:120"
"1","<131724096,1>","com/google/appengine/tools/development/Clock$1:getCurrentTime:23"
"1","<131724096,1>","com/google/appengine/tools/development/Clock$1:getCurrentTime:24"
"1","<131724096,1>","com/google/appengine/api/datastore/dev/LocalDatastoreService:put:825"
"1","<131724096,1>","com/google/appengine/api/datastore/dev/LocalDatastoreService:put:826"
"1","<131724096,1>","com/google/appengine/repackaged/com/google/io/protocol/ProtocolMessage:storeStringsOnlyAsBytes:2520"
"1","<131724096,1>","com/google/appengine/repackaged/com/google/io/protocol/ProtocolMessage:storeStringsOnlyAsBytes:2521"
"1","<131724096,1>","com/google/appengine/api/datastore/dev/LocalDatastoreService:putImpl:898"
"1","<131724096,1>","com/google/appengine/api/datastore/dev/LocalDatastoreService:putImpl:899"
"1","<131724096,1>","com/google/appengine/repackaged/com/google/protobuf/Internal:<clinit>:386"
"1","<131724096,1>","com/google/appengine/repackaged/com/google/protobuf/Internal:<clinit>:387"
"1","<131724096,1>","com/google/appengine/api/datastore/dev/LocalDatastoreService:getOrCreateProfile:1810"
"1","<131724096,1>","com/google/appengine/api/datastore/dev/LocalDatastoreService:getOrCreateProfile:1817"
"1","<131724096,1>","com/google/appengine/api/datastore/dev/LocalDatastoreService:putImpl:926"
"1","<131724096,1>","com/google/appengine/api/datastore/dev/LocalDatastoreService$Profile:getGroup:0"
"1","<131724096,1>","com/google/appengine/api/datastore/dev/LocalDatastoreService$Profile:getGroups:0"
"1","<131724096,1>","com/google/appengine/api/datastore/dev/LocalDatastoreService$Profile:getGroups:2202"
"1","<131724096,1>","com/google/appengine/api/datastore/dev/LocalDatastoreService$Profile:getGroup:2129"
"1","<131724096,1>","com/google/appengine/api/datastore/dev/LocalDatastoreService$Profile$EntityGroup:incrementVersion:1915"
"1","<131724096,1>","com/google/appengine/api/datastore/dev/LocalDatastoreService$Profile$EntityGroup:incrementVersion:1916"
"1","<131724096,1>","com/google/appengine/api/datastore/dev/LocalCompositeIndexManager$XmlIndexFileManager:read:0"
"1","<131724096,1>","com/google/appengine/api/datastore/dev/LocalCompositeIndexManager$XmlIndexFileManager:read:278"
"1","<131724096,1>","com/google/appengine/api/datastore/dev/LocalDatastoreService$Profile:getGroupsWithUnappliedJobs:0"
"1","<131724096,1>","com/google/appengine/api/datastore/dev/LocalDatastoreService$Profile:getGroupsWithUnappliedJobs:2209"
"1","<131724096,1>","com/google/appengine/api/datastore/dev/LocalDatastoreService:getOrCreateExtent:1823"
"1","<131724096,1>","com/google/appengine/api/datastore/dev/LocalDatastoreService:getOrCreateExtent:1829"
"1","<131724096,1>","com/google/appengine/api/datastore/dev/LocalDatastoreService:putImpl:962"
"1","<131724096,1>","com/google/appengine/api/datastore/dev/LocalDatastoreService:put:828"
"1","<131724096,1>","com/google/appengine/api/datastore/dev/LocalDatastoreService:put:829"
"1","<131724096,1>","com/google/appengine/tools/development/ApiProxyLocalImpl$AsyncApiCall:tryReleaseSemaphore:0"
"1","<131724096,1>","com/google/appengine/tools/development/ApiProxyLocalImpl$AsyncApiCall:tryReleaseSemaphore:577"
"1","<131724096,1>","java/util/concurrent/FutureTask:run:267"
"1","<131724096,1>","java/util/concurrent/FutureTask:run:274"
"1","<131724096,1>","java/util/concurrent/FutureTask:set:233"
"1","<131724096,1>","java/util/concurrent/FutureTask:finishCompletion:372"
"1","<131724096,1>","java/util/concurrent/FutureTask:finishCompletion:373"
"1","<131724096,1>","java/util/concurrent/FutureTask:finishCompletion:384"
"1","<131724096,1>","java/util/concurrent/FutureTask:finishCompletion:385"
"1","<131724096,1>","java/util/concurrent/FutureTask:set:234"
"1","<131724096,1>","java/util/concurrent/FutureTask:run:275"
"1","<131724096,1>","com/google/appengine/repackaged/com/google/common/collect/Interners$StrongInterner:intern:122"
"1","<131724096,1>","com/google/appengine/repackaged/com/google/common/collect/Interners$StrongInterner:intern:123"
"1","<131724096,1>","org/quartz/impl/SchedulerRepository:getInstance:0"
"1","<131724096,1>","org/quartz/impl/SchedulerRepository:getInstance:75"
"1","<131724096,1>","org/quartz/impl/SchedulerRepository:lookup:0"
"1","<131724096,1>","org/quartz/impl/SchedulerRepository:lookup:93"
"1","<131724096,1>","org/quartz/impl/StdSchedulerFactory:loadClass:1111"
"1","<131724096,1>","org/quartz/impl/StdSchedulerFactory:loadClass:1112"
"1","<131724096,1>","org/quartz/simpl/InitThreadContextClassLoadHelper:initialize:67"
"1","<131724096,1>","org/quartz/simpl/InitThreadContextClassLoadHelper:initialize:68"
"1","<131724096,1>","org/quartz/simpl/RAMJobStore:<clinit>:1110"
"1","<131724096,1>","org/quartz/simpl/RAMJobStore:<clinit>:1111"
"1","<131724096,1>","org/quartz/simpl/SimpleThreadPool:initialize:232"
"1","<131724096,1>","org/quartz/simpl/SimpleThreadPool:initialize:233"
"1","<131724096,1>","com/google/appengine/repackaged/org/apache/commons/logging/LogFactory:directGetContextClassLoader:840"
"1","<131724096,1>","com/google/appengine/repackaged/org/apache/commons/logging/LogFactory:directGetContextClassLoader:841"
"1","<131724096,1>","com/google/appengine/repackaged/org/apache/commons/logging/impl/WeakHashtable:put:0"
"1","<131724096,1>","com/google/appengine/repackaged/org/apache/commons/logging/impl/WeakHashtable:put:243"
"1","<131724096,1>","org/quartz/simpl/SimpleThreadPool:initialize:247"
"1","<131724096,1>","org/quartz/simpl/SimpleThreadPool:initialize:248"
"1","<131724096,1>","org/quartz/simpl/SimpleThreadPool:initialize:255"
"1","<131724096,1>","org/quartz/simpl/SimpleThreadPool:initialize:256"
"1","<131724096,1>","org/quartz/core/QuartzSchedulerThread:<init>:70"
"1","<131724096,1>","org/quartz/core/QuartzSchedulerThread:<init>:71"
"1","<131724096,1>","org/quartz/impl/SchedulerRepository:bind:0"
"1","<131724096,1>","org/quartz/impl/SchedulerRepository:bind:86"
"1","<131724096,1>","org/quartz/core/QuartzSchedulerThread:togglePause:157"
"1","<131724096,1>","org/quartz/core/QuartzSchedulerThread:togglePause:163"
"1","<131724096,1>","org/quartz/core/QuartzSchedulerThread:togglePause:164"
"1","<131724096,1>","org/quartz/core/QuartzSchedulerThread:togglePause:165"
"1","<131724096,1>","com/google/appengine/tools/development/ApiProxyLocalImpl:getService:600"
"1","<131724096,1>","com/google/appengine/api/taskqueue/dev/DevPushQueue:scheduleTask:0"
"1","<131724096,1>","org/quartz/simpl/RAMJobStore:storeJob:224"
"1","<131724096,1>","org/quartz/simpl/RAMJobStore:storeJob:241"
"1","<131724096,1>","org/quartz/simpl/RAMJobStore:storeTrigger:319"
"1","<131724096,1>","org/quartz/simpl/RAMJobStore:storeTrigger:333"
"1","<131724096,1>","org/quartz/simpl/RAMJobStore:storeTrigger:343"
"1","<131724096,1>","org/quartz/simpl/RAMJobStore:storeTrigger:344"
"1","<131724096,1>","com/google/appengine/api/taskqueue/dev/DevPushQueue:scheduleTask:118"
"1","<131724096,1>","com/google/appengine/repackaged/com/google/io/protocol/ProtocolMessage:toByteBuffer:396"
"1","<131724096,1>","com/google/appengine/repackaged/com/google/io/protocol/ProtocolMessage:toByteBuffer:397"
"1","<131724096,1>","com/google/appengine/repackaged/com/google/io/protocol/ProtocolMessage:toByteBuffer:398"
"1","<131724096,1>","com/google/appengine/repackaged/com/google/protobuf/ByteString:copyFrom:323"
"1","<131724096,1>","com/google/appengine/repackaged/com/google/protobuf/ByteString:copyFrom:324"
"1","<131724096,1>","com/google/appengine/api/datastore/dev/LocalDatastoreService:runQuery:1222"
"1","<131724096,1>","com/google/appengine/api/datastore/dev/NamespacePseudoKind:runQuery:79"
"1","<131724096,1>","com/google/appengine/api/datastore/dev/NamespacePseudoKind:runQuery:103"
"1","<131724096,1>","com/google/appengine/api/datastore/dev/LocalDatastoreService$Profile:groom:0"
"1","<131724096,1>","com/google/appengine/api/datastore/dev/LocalDatastoreService$Profile:groom:2148"
"1","<131724096,1>","com/google/appengine/api/datastore/dev/LocalCompositeIndexManager:getInstance:0"
"1","<131724096,1>","com/google/appengine/api/datastore/dev/LocalCompositeIndexManager:getInstance:766"
"1","<131724096,1>","com/google/appengine/api/datastore/dev/LocalCompositeIndexManager:updateQueryHistory:840"
"1","<131724096,1>","com/google/appengine/api/datastore/dev/LocalCompositeIndexManager:updateQueryHistory:841"
"1","<131724096,1>","com/google/appengine/api/datastore/dev/LocalDatastoreService:runQuery:1414"
"1","<131724096,1>","com/google/appengine/api/datastore/dev/LocalDatastoreService:get:784"
"1","<131724096,1>","com/google/appengine/api/datastore/dev/LocalDatastoreService:get:817"
"1","<131724096,1>","com/google/appengine/api/datastore/dev/LocalDatastoreService:delete:1068"
"1","<131724096,1>","com/google/appengine/api/datastore/dev/LocalDatastoreService:delete:1069"
"1","<131724096,1>","com/google/appengine/api/datastore/dev/LocalDatastoreService:deleteImpl:1112"
"1","<131724096,1>","com/google/appengine/api/datastore/dev/LocalDatastoreService:deleteImpl:1148"
"1","<131724096,1>","com/google/appengine/api/datastore/dev/LocalDatastoreService:delete:1071"
"1","<131724096,1>","com/google/appengine/api/datastore/dev/LocalDatastoreService:delete:1072"
"1","<1109928280,1>","org/quartz/simpl/SimpleThreadPool$WorkerThread:run:0"
"1","<1109928280,1>","org/quartz/simpl/SimpleThreadPool:getNextRunnable:427"
"1","<1109928280,1>","org/quartz/simpl/SimpleThreadPool:getNextRunnable:428"
"1","<1109928280,1>","org/quartz/simpl/SimpleThreadPool:getNextRunnable:429"
"1","<1109928280,1>","org/quartz/simpl/SimpleThreadPool:getNextRunnable:435"
"1","<1109928280,1>","com/google/appengine/repackaged/org/apache/commons/logging/LogFactory:directGetContextClassLoader:840"
"1","<1109928280,1>","com/google/appengine/repackaged/org/apache/commons/logging/LogFactory:directGetContextClassLoader:841"
"1","<1109928280,2>","org/quartz/simpl/SimpleThreadPool$WorkerThread:run:0"
"1","<1109928280,2>","org/quartz/simpl/SimpleThreadPool:getNextRunnable:427"
"1","<1109928280,2>","org/quartz/simpl/SimpleThreadPool:getNextRunnable:428"
"1","<1109928280,2>","org/quartz/simpl/SimpleThreadPool:getNextRunnable:429"
"1","<1109928280,2>","org/quartz/simpl/SimpleThreadPool:getNextRunnable:435"
"1","<1109928280,2>","com/google/appengine/repackaged/org/apache/commons/logging/LogFactory:directGetContextClassLoader:840"
"1","<1109928280,2>","com/google/appengine/repackaged/org/apache/commons/logging/LogFactory:directGetContextClassLoader:841"
"1","<1109928280,3>","org/quartz/simpl/SimpleThreadPool$WorkerThread:run:0"
"1","<1109928280,3>","org/quartz/simpl/SimpleThreadPool:getNextRunnable:427"
"1","<1109928280,3>","org/quartz/simpl/SimpleThreadPool:getNextRunnable:428"
"1","<1109928280,3>","org/quartz/simpl/SimpleThreadPool:getNextRunnable:429"
"1","<1109928280,3>","org/quartz/simpl/SimpleThreadPool:getNextRunnable:435"
"1","<1109928280,3>","com/google/appengine/repackaged/org/apache/commons/logging/LogFactory:directGetContextClassLoader:840"
"1","<1109928280,3>","com/google/appengine/repackaged/org/apache/commons/logging/LogFactory:directGetContextClassLoader:841"
"1","<1109928280,4>","org/quartz/simpl/SimpleThreadPool$WorkerThread:run:0"
"1","<1109928280,4>","org/quartz/simpl/SimpleThreadPool:getNextRunnable:427"
"1","<1109928280,4>","org/quartz/simpl/SimpleThreadPool:getNextRunnable:428"
"1","<1109928280,4>","org/quartz/simpl/SimpleThreadPool:getNextRunnable:429"
"1","<1109928280,4>","org/quartz/simpl/SimpleThreadPool:getNextRunnable:435"
"1","<1109928280,4>","com/google/appengine/repackaged/org/apache/commons/logging/LogFactory:directGetContextClassLoader:840"
"1","<1109928280,4>","com/google/appengine/repackaged/org/apache/commons/logging/LogFactory:directGetContextClassLoader:841"
"1","<1109928280,0>","org/quartz/simpl/SimpleThreadPool$WorkerThread:run:0"
"1","<1109928280,0>","org/quartz/simpl/SimpleThreadPool:getNextRunnable:427"
"1","<1109928280,0>","org/quartz/simpl/SimpleThreadPool:getNextRunnable:428"
"1","<1109928280,0>","org/quartz/simpl/SimpleThreadPool:getNextRunnable:429"
"1","<1109928280,0>","org/quartz/simpl/SimpleThreadPool:getNextRunnable:433"
"1","<1109928280,0>","org/quartz/simpl/SimpleThreadPool:getNextRunnable:434"
"1","<1109928280,0>","org/quartz/simpl/SimpleThreadPool:getNextRunnable:435"
"1","<1109928280,0>","org/quartz/simpl/SimpleThreadPool$WorkerThread:run:520"
"1","<1109928280,0>","org/quartz/core/JobRunShell:run:0"
"1","<1109928280,0>","org/quartz/core/ExecutingJobsManager:jobToBeExecuted:2050"
"1","<1109928280,0>","org/quartz/core/ExecutingJobsManager:jobToBeExecuted:2053"
"1","<1109928280,0>","org/quartz/core/JobRunShell:run:197"
"1","<1109928280,0>","org/quartz/core/JobRunShell:run:198"
"1","<1109928280,0>","org/jacoco/agent/rt/internal_b0d6a23/core/runtime/RuntimeData:getExecutionData:119"
"1","<1109928280,0>","org/jacoco/agent/rt/internal_b0d6a23/core/runtime/RuntimeData:getExecutionData:120"
"1","<1109928280,0>","com/google/appengine/repackaged/com/google/io/protocol/ProtocolMessage:storeStringsOnlyAsBytes:2520"
"1","<1109928280,0>","com/google/appengine/repackaged/com/google/io/protocol/ProtocolMessage:storeStringsOnlyAsBytes:2521"
"1","<1109928280,0>","com/google/appengine/tools/development/Clock$1:getCurrentTime:23"
"1","<1109928280,0>","com/google/appengine/tools/development/Clock$1:getCurrentTime:24"
"1","<1109928280,0>","com/google/appengine/tools/development/LocalEnvironment:generateRequestId:246"
"1","<1109928280,0>","com/google/appengine/tools/development/LocalEnvironment:generateRequestId:247"
"1","<1109928280,0>","com/google/appengine/tools/development/LocalEnvironment:generateRequestId:249"
"1","<1109928280,0>","com/google/appengine/tools/development/LocalEnvironment:generateRequestId:250"
"1","<1109928280,0>","com/google/appengine/tools/development/LocalEnvironment:generateRequestId:251"
"1","<1109928280,0>","com/google/appengine/tools/development/LocalEnvironment:generateRequestId:252"
"1","<1109928280,0>","com/google/appengine/tools/development/LocalEnvironment:generateRequestId:255"
"1","<1109928280,0>","com/google/appengine/tools/development/LocalEnvironment:generateRequestId:256"
"1","<1109928280,0>","com/google/appengine/tools/development/LocalEnvironment:generateRequestId:258"
"1","<1109928280,0>","com/google/appengine/tools/development/LocalEnvironment:generateRequestId:259"
"1","<1109928280,0>","com/google/appengine/tools/development/LocalEnvironment:generateRequestId:261"
"1","<1109928280,0>","com/google/appengine/tools/development/LocalEnvironment:generateRequestId:262"
"1","<1109928280,0>","com/google/apphosting/api/ApiProxy:possiblyFlushOutOfBandLogs:225"
"1","<1109928280,0>","com/google/apphosting/api/ApiProxy:possiblyFlushOutOfBandLogs:228"
"1","<1109928280,0>","io/yawp/driver/appengine/pipes/flow/drops/FlowDropsNamespaceFanoutTask:run:0"
"1","<1109928280,0>","com/google/appengine/api/datastore/DatastoreServiceGlobalConfig:getConfig:0"
"1","<1109928280,0>","com/google/appengine/api/datastore/DatastoreServiceGlobalConfig:getConfig:46"
"1","<1109928280,0>","com/google/appengine/api/datastore/DatastoreServiceGlobalConfig:maybeSetUpApiProxyEnvironment:0"
"1","<1109928280,0>","com/google/appengine/api/datastore/DatastoreServiceGlobalConfig:maybeSetUpApiProxyEnvironment:101"
"1","<1109928280,0>","com/google/appengine/tools/development/ApiProxyLocalImpl:makeAsyncCall:203"
"1","<1109928280,0>","com/google/appengine/tools/development/ApiProxyLocalImpl:makeAsyncCall:204"
"1","<1109928280,0>","com/google/appengine/tools/development/ApiProxyLocalImpl$PrivilegedApiAction:run:275"
"1","<1109928280,0>","com/google/appengine/tools/development/ApiProxyLocalImpl$PrivilegedApiAction:run:276"
"1","<1109928280,0>","com/google/appengine/api/datastore/FutureHelper:getInternal:76"
"1","<1109928280,0>","com/google/appengine/api/utils/FutureWrapper:get:80"
"1","<1109928280,0>","com/google/appengine/api/utils/FutureWrapper:get:81"
"1","<1109928280,0>","com/google/appengine/api/utils/FutureWrapper:get:89"
"1","<1109928280,0>","com/google/appengine/tools/development/ApiProxyLocalImpl$PrivilegedApiAction$1:get:309"
"1","<1109928280,0>","java/util/concurrent/FutureTask:get:191"
"1","<1109928280,0>","java/util/concurrent/FutureTask:awaitDone:402"
"1","<1109928280,0>","java/util/concurrent/FutureTask:awaitDone:403"
"1","<1109928280,0>","java/util/concurrent/FutureTask:awaitDone:429"
"1","<1109928280,0>","java/util/concurrent/FutureTask:awaitDone:430"
"1","<1109928280,0>","java/util/concurrent/FutureTask:get:192"
"1","<1109928280,0>","java/util/concurrent/FutureTask:get:193"
"1","<1109928280,0>","com/google/appengine/tools/development/ApiProxyLocalImpl$PrivilegedApiAction$1:get:310"
"1","<1109928280,0>","com/google/appengine/api/utils/FutureWrapper:get:90"
"1","<1109928280,0>","com/google/appengine/api/utils/FutureWrapper:get:100"
"1","<1109928280,0>","com/google/appengine/api/utils/FutureWrapper:get:101"
"1","<1109928280,0>","com/google/appengine/api/datastore/FutureHelper:getInternal:77"
"1","<1109928280,0>","com/google/appengine/repackaged/com/google/io/protocol/ProtocolMessage:toByteBuffer:396"
"1","<1109928280,0>","com/google/appengine/repackaged/com/google/io/protocol/ProtocolMessage:toByteBuffer:397"
"1","<1109928280,0>","com/google/appengine/repackaged/com/google/io/protocol/ProtocolMessage:toByteBuffer:398"
"1","<1109928280,0>","com/google/appengine/repackaged/com/google/protobuf/ByteString:copyFrom:323"
"1","<1109928280,0>","com/google/appengine/repackaged/com/google/protobuf/ByteString:copyFrom:324"
"1","<1109928280,0>","com/google/appengine/api/taskqueue/QueueFactoryImpl:getQueue:0"
"1","<1109928280,0>","com/google/appengine/api/taskqueue/QueueFactoryImpl:getQueue:23"
"1","<1109928280,0>","com/google/appengine/api/taskqueue/QueueImpl:currentTimeMillis:563"
"1","<1109928280,0>","com/google/appengine/api/taskqueue/QueueImpl:currentTimeMillis:564"
"1","<1109928280,0>","com/google/appengine/api/taskqueue/QueueApiHelper:getInternal:78"
"1","<1109928280,0>","com/google/appengine/api/taskqueue/QueueApiHelper:getInternal:79"
"1","<1109928280,0>","org/quartz/simpl/RAMJobStore:removeTrigger:366"
"1","<1109928280,0>","org/quartz/simpl/RAMJobStore:getTriggersForJob:785"
"1","<1109928280,0>","org/quartz/simpl/RAMJobStore:getTriggersForJob:790"
"1","<1109928280,0>","org/quartz/simpl/RAMJobStore:removeJob:271"
"1","<1109928280,0>","org/quartz/simpl/RAMJobStore:removeJob:281"
"1","<1109928280,0>","org/quartz/simpl/RAMJobStore:removeTrigger:398"
"1","<1109928280,0>","org/quartz/core/JobRunShell:run:204"
"1","<1109928280,0>","org/quartz/core/JobRunShell:run:205"
"1","<1109928280,0>","org/quartz/core/ExecutingJobsManager:jobWasExecuted:2058"
"1","<1109928280,0>","org/quartz/core/ExecutingJobsManager:jobWasExecuted:2060"
"1","<1109928280,0>","org/quartz/simpl/RAMJobStore:triggeredJobComplete:1263"
"1","<1109928280,0>","org/quartz/simpl/RAMJobStore:triggeredJobComplete:1338"
"1","<1109928280,0>","org/quartz/simpl/SimpleThreadPool$WorkerThread:run:521"
"1","<1109928280,0>","io/yawp/driver/appengine/pipes/flow/drops/FlowDropsTask:run:0"
"1","<1109928280,0>","io/yawp/driver/appengine/pipes/flow/drops/FlowDropsTask:worksQuery:95"
"1","<1109928280,0>","io/yawp/driver/appengine/pipes/flow/drops/FlowDropsTask:worksQuery:96"
"1","<1109928280,0>","io/yawp/driver/appengine/pipes/flow/Work:<init>:41"
"1","<1109928280,0>","io/yawp/driver/appengine/pipes/flow/Work:<init>:42"
"1","<1109928280,0>","io/yawp/commons/utils/ReflectionUtils:clazzForName:175"
"1","<1109928280,0>","io/yawp/commons/utils/ReflectionUtils:clazzForName:176"
"1","<1109928280,0>","com/google/appengine/tools/development/ApiProxyLocalImpl$DaemonThreadFactory:newThread:670"
"1","<1109928280,0>","com/google/appengine/tools/development/ApiProxyLocalImpl$DaemonThreadFactory:newThread:671"
"1","<1109928280,0>","io/yawp/repository/FutureObject:setObject:74"
"1","<1109928280,0>","com/google/appengine/api/datastore/AsyncDatastoreServiceImpl$5:getFutureWithOptionalTimeout:291"
"1","<1109928280,0>","com/google/appengine/api/datastore/AsyncDatastoreServiceImpl$5:getFutureWithOptionalTimeout:292"
"1","<1109928280,0>","io/yawp/repository/FutureObject:setObject:75"
"1","<1109928280,0>","com/google/appengine/api/datastore/Batcher$ReorderingMultiFuture:get:127"
"1","<1109928280,0>","com/google/appengine/api/datastore/Batcher$ReorderingMultiFuture:get:128"
"1","<1109928280,0>","com/google/appengine/repackaged/org/apache/commons/logging/LogFactory:directGetContextClassLoader:840"
"1","<1109928280,0>","com/google/appengine/repackaged/org/apache/commons/logging/LogFactory:directGetContextClassLoader:841"
"1","<1504360032,1>","org/quartz/core/QuartzSchedulerThread:run:0"
"1","<1504360032,1>","org/quartz/core/QuartzSchedulerThread:run:214"
"1","<1504360032,1>","org/quartz/core/QuartzSchedulerThread:run:218"
"1","<1504360032,1>","org/quartz/core/QuartzSchedulerThread:run:219"
"1","<1504360032,1>","org/quartz/core/QuartzSchedulerThread:run:226"
"1","<1504360032,1>","org/quartz/core/QuartzSchedulerThread:run:230"
"1","<1504360032,1>","org/quartz/core/QuartzSchedulerThread:run:231"
"1","<1504360032,1>","org/quartz/simpl/RAMJobStore:acquireNextTrigger:1127"
"1","<1504360032,1>","org/quartz/simpl/RAMJobStore:acquireNextTrigger:1133"
"1","<1504360032,1>","org/quartz/core/QuartzSchedulerThread:run:385"
"1","<1504360032,1>","org/quartz/core/QuartzSchedulerThread:run:386"
"1","<1504360032,1>","org/quartz/core/QuartzSchedulerThread:run:394"
"1","<1504360032,1>","org/quartz/core/QuartzSchedulerThread:run:395"
"1","<1504360032,1>","org/quartz/core/QuartzSchedulerThread:run:398"
"1","<1504360032,1>","org/quartz/core/QuartzSchedulerThread:run:399"
"1","<1504360032,1>","org/quartz/simpl/RAMJobStore:applyMisfire:1086"
"1","<1504360032,1>","org/quartz/simpl/RAMJobStore:applyMisfire:1087"
"1","<1504360032,1>","org/quartz/simpl/RAMJobStore:getFiredTriggerRecordId:0"
"1","<1504360032,1>","org/quartz/simpl/RAMJobStore:getFiredTriggerRecordId:1113"
"1","<1504360032,1>","org/quartz/simpl/RAMJobStore:acquireNextTrigger:1162"
"1","<1504360032,1>","org/quartz/core/QuartzSchedulerThread:run:252"
"1","<1504360032,1>","org/quartz/core/QuartzSchedulerThread:run:253"
"1","<1504360032,1>","org/quartz/simpl/RAMJobStore:triggerFired:1197"
"1","<1504360032,1>","org/jacoco/agent/rt/internal_b0d6a23/core/runtime/RuntimeData:getExecutionData:119"
"1","<1504360032,1>","org/jacoco/agent/rt/internal_b0d6a23/core/runtime/RuntimeData:getExecutionData:120"
"1","<1504360032,1>","org/quartz/simpl/RAMJobStore:triggerFired:1247"
"1","<1504360032,1>","com/google/appengine/repackaged/org/apache/commons/logging/LogFactory:directGetContextClassLoader:840"
"1","<1504360032,1>","com/google/appengine/repackaged/org/apache/commons/logging/LogFactory:directGetContextClassLoader:841"
"1","<1504360032,1>","org/quartz/simpl/SimpleThreadPool:runInThread:378"
"1","<1504360032,1>","org/quartz/simpl/SimpleThreadPool:runInThread:393"
"1","<1504360032,1>","org/quartz/simpl/SimpleThreadPool:runInThread:394"
"1","<1504360032,1>","org/quartz/simpl/SimpleThreadPool:runInThread:395"
"1","<1504360032,1>","org/quartz/core/QuartzSchedulerThread:run:272"
"1","<1504360032,1>","org/quartz/core/QuartzSchedulerThread:run:273"
"1","<1504360032,1>","org/quartz/core/QuartzSchedulerThread:run:276"
"1","<1504360032,1>","org/quartz/core/QuartzSchedulerThread:run:277"
"1","<1504360032,1>","org/quartz/simpl/RAMJobStore:releaseAcquiredTrigger:1177"
"1","<1504360032,1>","org/quartz/simpl/RAMJobStore:releaseAcquiredTrigger:1184"
"1","<-717176142,1>","java/util/concurrent/FutureTask:run:0"
"1","<-717176142,1>","java/util/concurrent/FutureTask:run:258"
"1","<-717176142,1>","java/util/concurrent/FutureTask:run:259"
"1","<-717176142,1>","java/util/concurrent/FutureTask:run:266"
"1","<-717176142,1>","com/google/appengine/tools/development/ApiProxyLocalImpl$AsyncApiCall:call:0"
"1","<-717176142,1>","com/google/apphosting/api/ApiProxy:possiblyFlushOutOfBandLogs:225"
"1","<-717176142,1>","com/google/apphosting/api/ApiProxy:possiblyFlushOutOfBandLogs:228"
"1","<-717176142,1>","com/google/appengine/tools/development/ApiProxyLocalImpl:getService:0"
"1","<-717176142,1>","com/google/appengine/tools/development/ApiProxyLocalImpl:getService:597"
"1","<-717176142,1>","com/google/appengine/tools/development/Clock$1:getCurrentTime:23"
"1","<-717176142,1>","com/google/appengine/tools/development/Clock$1:getCurrentTime:24"
"1","<-717176142,1>","com/google/appengine/repackaged/com/google/io/protocol/ProtocolMessage:storeStringsOnlyAsBytes:2520"
"1","<-717176142,1>","com/google/appengine/repackaged/com/google/io/protocol/ProtocolMessage:storeStringsOnlyAsBytes:2521"
"1","<-717176142,1>","com/google/appengine/api/datastore/dev/LocalDatastoreService:getOrCreateProfile:1810"
"1","<-717176142,1>","com/google/appengine/api/datastore/dev/LocalDatastoreService:getOrCreateProfile:1817"
"1","<-717176142,1>","com/google/appengine/api/datastore/dev/LocalDatastoreService:get:784"
"1","<-717176142,1>","com/google/appengine/api/datastore/dev/LocalDatastoreService$Profile:getGroup:0"
"1","<-717176142,1>","com/google/appengine/api/datastore/dev/LocalDatastoreService$Profile:getGroups:0"
"1","<-717176142,1>","com/google/appengine/api/datastore/dev/LocalDatastoreService$Profile:getGroups:2202"
"1","<-717176142,1>","org/jacoco/agent/rt/internal_b0d6a23/core/runtime/RuntimeData:getExecutionData:119"
"1","<-717176142,1>","org/jacoco/agent/rt/internal_b0d6a23/core/runtime/RuntimeData:getExecutionData:120"
"1","<-717176142,1>","com/google/appengine/api/datastore/dev/LocalDatastoreService$Profile:getGroup:2129"
"1","<-717176142,1>","com/google/appengine/api/datastore/dev/LocalDatastoreService$Profile:groom:0"
"1","<-717176142,1>","com/google/appengine/api/datastore/dev/LocalDatastoreService$Profile:getGroupsWithUnappliedJobs:0"
"1","<-717176142,1>","com/google/appengine/api/datastore/dev/LocalDatastoreService$Profile:getGroupsWithUnappliedJobs:2209"
"1","<-717176142,1>","com/google/appengine/api/datastore/dev/LocalDatastoreService$Profile:groom:2148"
"1","<-717176142,1>","com/google/appengine/api/datastore/dev/LocalDatastoreService:get:817"
"1","<-717176142,1>","com/google/appengine/tools/development/ApiProxyLocalImpl$AsyncApiCall:tryReleaseSemaphore:0"
"1","<-717176142,1>","com/google/appengine/tools/development/ApiProxyLocalImpl$AsyncApiCall:tryReleaseSemaphore:577"
"1","<-717176142,1>","java/util/concurrent/FutureTask:run:267"
"1","<-717176142,1>","java/util/concurrent/FutureTask:run:274"
"1","<-717176142,1>","java/util/concurrent/FutureTask:set:233"
"1","<-717176142,1>","java/util/concurrent/FutureTask:finishCompletion:384"
"1","<-717176142,1>","java/util/concurrent/FutureTask:finishCompletion:385"
"1","<-717176142,1>","java/util/concurrent/FutureTask:set:234"
"1","<-717176142,1>","java/util/concurrent/FutureTask:run:275"
"1","<-717176142,1>","java/util/concurrent/FutureTask:finishCompletion:372"
"1","<-717176142,1>","java/util/concurrent/FutureTask:finishCompletion:373"
"1","<-717176142,1>","com/google/appengine/api/datastore/dev/LocalDatastoreService:put:825"
"1","<-717176142,1>","com/google/appengine/api/datastore/dev/LocalDatastoreService:put:826"
"1","<-717176142,1>","com/google/appengine/api/datastore/dev/LocalDatastoreService:putImpl:926"
"1","<-717176142,1>","com/google/appengine/api/datastore/dev/LocalDatastoreService$Profile$EntityGroup:incrementVersion:1915"
"1","<-717176142,1>","com/google/appengine/api/datastore/dev/LocalDatastoreService$Profile$EntityGroup:incrementVersion:1916"
"1","<-717176142,1>","com/google/appengine/api/datastore/dev/LocalCompositeIndexManager$XmlIndexFileManager:read:0"
"1","<-717176142,1>","com/google/appengine/api/datastore/dev/LocalCompositeIndexManager$XmlIndexFileManager:read:278"
"1","<-717176142,1>","com/google/appengine/api/datastore/dev/LocalDatastoreService:getOrCreateExtent:1823"
"1","<-717176142,1>","com/google/appengine/api/datastore/dev/LocalDatastoreService:getOrCreateExtent:1829"
"1","<-717176142,1>","com/google/appengine/api/datastore/dev/LocalDatastoreService:putImpl:962"
"1","<-717176142,1>","com/google/appengine/api/datastore/dev/LocalDatastoreService:put:828"
"1","<-717176142,1>","com/google/appengine/api/datastore/dev/LocalDatastoreService:put:829"
"1","<-717176142,1>","com/google/appengine/api/datastore/dev/LocalDatastoreService:delete:1068"
"1","<-717176142,1>","com/google/appengine/api/datastore/dev/LocalDatastoreService:delete:1069"
"1","<-717176142,1>","com/google/appengine/api/datastore/dev/LocalDatastoreService:deleteImpl:1112"
"1","<-717176142,1>","com/google/appengine/api/datastore/dev/LocalDatastoreService:deleteImpl:1148"
"1","<-717176142,1>","com/google/appengine/api/datastore/dev/LocalDatastoreService:delete:1071"
"1","<-717176142,1>","com/google/appengine/api/datastore/dev/LocalDatastoreService:delete:1072"
"1","<-591826253,1>","java/util/concurrent/FutureTask:run:0"
"1","<-591826253,1>","java/util/concurrent/FutureTask:run:258"
"1","<-591826253,1>","java/util/concurrent/FutureTask:run:259"
"1","<-591826253,1>","java/util/concurrent/FutureTask:run:266"
"1","<-591826253,1>","com/google/appengine/tools/development/ApiProxyLocalImpl$AsyncApiCall:call:0"
"1","<-591826253,1>","com/google/apphosting/api/ApiProxy:possiblyFlushOutOfBandLogs:225"
"1","<-591826253,1>","com/google/apphosting/api/ApiProxy:possiblyFlushOutOfBandLogs:228"
"1","<-591826253,1>","com/google/appengine/tools/development/ApiProxyLocalImpl:getService:0"
"1","<-591826253,1>","com/google/appengine/tools/development/ApiProxyLocalImpl:getService:597"
"1","<-591826253,1>","com/google/appengine/tools/development/Clock$1:getCurrentTime:23"
"1","<-591826253,1>","com/google/appengine/tools/development/Clock$1:getCurrentTime:24"
"1","<-591826253,1>","com/google/appengine/repackaged/com/google/io/protocol/ProtocolMessage:storeStringsOnlyAsBytes:2520"
"1","<-591826253,1>","com/google/appengine/repackaged/com/google/io/protocol/ProtocolMessage:storeStringsOnlyAsBytes:2521"
"1","<-591826253,1>","com/google/appengine/api/datastore/dev/LocalDatastoreService:getOrCreateProfile:1810"
"1","<-591826253,1>","com/google/appengine/api/datastore/dev/LocalDatastoreService:getOrCreateProfile:1817"
"1","<-591826253,1>","com/google/appengine/api/datastore/dev/LocalDatastoreService:get:784"
"1","<-591826253,1>","com/google/appengine/api/datastore/dev/LocalDatastoreService$Profile:getGroup:0"
"1","<-591826253,1>","com/google/appengine/api/datastore/dev/LocalDatastoreService$Profile:getGroups:0"
"1","<-591826253,1>","com/google/appengine/api/datastore/dev/LocalDatastoreService$Profile:getGroups:2202"
"1","<-591826253,1>","com/google/appengine/api/datastore/dev/LocalDatastoreService$Profile:getGroup:2129"
"1","<-591826253,1>","com/google/appengine/api/datastore/dev/LocalDatastoreService$Profile:groom:0"
"1","<-591826253,1>","com/google/appengine/api/datastore/dev/LocalDatastoreService$Profile:getGroupsWithUnappliedJobs:0"
"1","<-591826253,1>","com/google/appengine/api/datastore/dev/LocalDatastoreService$Profile:getGroupsWithUnappliedJobs:2209"
"1","<-591826253,1>","com/google/appengine/api/datastore/dev/LocalDatastoreService$Profile:groom:2148"
"1","<-591826253,1>","com/google/appengine/api/datastore/dev/LocalDatastoreService:get:817"
"1","<-591826253,1>","com/google/appengine/tools/development/ApiProxyLocalImpl$AsyncApiCall:tryReleaseSemaphore:0"
"1","<-591826253,1>","com/google/appengine/tools/development/ApiProxyLocalImpl$AsyncApiCall:tryReleaseSemaphore:577"
"1","<-591826253,1>","java/util/concurrent/FutureTask:run:267"
"1","<-591826253,1>","java/util/concurrent/FutureTask:run:274"
"1","<-591826253,1>","java/util/concurrent/FutureTask:set:233"
"1","<-591826253,1>","java/util/concurrent/FutureTask:finishCompletion:372"
"1","<-591826253,1>","java/util/concurrent/FutureTask:finishCompletion:373"
"1","<-591826253,1>","java/util/concurrent/FutureTask:finishCompletion:384"
"1","<-591826253,1>","java/util/concurrent/FutureTask:finishCompletion:385"
"1","<-591826253,1>","java/util/concurrent/FutureTask:set:234"
"1","<-591826253,1>","java/util/concurrent/FutureTask:run:275"
"1","<-591826253,1>","com/google/appengine/api/datastore/dev/LocalDatastoreService:runQuery:1222"
"1","<-591826253,1>","com/google/appengine/api/datastore/dev/LocalCompositeIndexManager:getInstance:0"
"1","<-591826253,1>","com/google/appengine/api/datastore/dev/LocalCompositeIndexManager:getInstance:766"
"1","<-591826253,1>","com/google/appengine/api/datastore/dev/LocalCompositeIndexManager:updateQueryHistory:840"
"1","<-591826253,1>","com/google/appengine/api/datastore/dev/LocalCompositeIndexManager:updateQueryHistory:841"
"1","<-591826253,1>","com/google/appengine/api/datastore/dev/LocalCompositeIndexManager$XmlIndexFileManager:read:0"
"1","<-591826253,1>","com/google/appengine/api/datastore/dev/LocalCompositeIndexManager$XmlIndexFileManager:read:278"
"1","<-591826253,1>","com/google/appengine/api/datastore/dev/LocalDatastoreService:runQuery:1414"
"1","null","org/jacoco/agent/rt/internal_b0d6a23/Agent$1:run:0"
"1","null","org/jacoco/agent/rt/internal_b0d6a23/output/FileOutput:openFile:69"
"1","null","org/jacoco/agent/rt/internal_b0d6a23/output/FileOutput:openFile:70"
"1","null","org/jacoco/agent/rt/internal_b0d6a23/core/runtime/RuntimeData:collect:83"
"1","null","org/jacoco/agent/rt/internal_b0d6a23/core/runtime/RuntimeData:collect:84"
"1","null","org/jacoco/agent/rt/internal_b0d6a23/core/runtime/RuntimeData:collect:85"
"1","null","org/jacoco/agent/rt/internal_b0d6a23/core/runtime/RuntimeData:collect:91"
"1","null","org/jacoco/agent/rt/internal_b0d6a23/output/FileOutput:writeExecutionData:58"
"1","null","org/jacoco/agent/rt/internal_b0d6a23/output/FileOutput:writeExecutionData:59"
"1","<-8449465,1>","com/google/appengine/api/datastore/dev/LocalDatastoreService$1$1:run:0"
"1","<-8449465,1>","com/google/appengine/api/datastore/dev/LocalDatastoreService:cleanupActiveServices:3317"
"1","<-8449465,1>","com/google/appengine/api/datastore/dev/LocalDatastoreService:cleanupActiveServices:3318"
"2","<main>","org/jacoco/agent/rt/internal_b0d6a23/core/runtime/RuntimeData:getExecutionData:119"
"2","<main>","org/jacoco/agent/rt/internal_b0d6a23/core/runtime/RuntimeData:getExecutionData:120"
"2","<main>","io/yawp/repository/Yawp:safeLoadFeaturesFromConfig:0"
"2","<main>","io/yawp/commons/config/YamlFile:stream:15"
"2","<main>","io/yawp/commons/config/YamlFile:stream:16"
"2","<main>","io/yawp/repository/Yawp:safeLoadFeatures:0"
"2","<main>","org/reflections/util/ClasspathHelper:contextClassLoader:37"
"2","<main>","org/reflections/util/ClasspathHelper:contextClassLoader:38"
"2","<main>","org/reflections/Reflections:scan:189"
"2","<main>","org/reflections/Reflections:scan:190"
"2","<main>","org/reflections/Reflections:scan:219"
"2","<main>","org/reflections/Reflections:scan:220"
"2","<main>","io/yawp/repository/features/scanner/ClassloaderScanner:scan:62"
"2","<main>","io/yawp/repository/features/scanner/ClassloaderScanner:scan:63"
"2","<main>","io/yawp/repository/features/scanner/ClassloaderScanner:scan:64"
"2","<main>","io/yawp/repository/features/scanner/ClassloaderScanner:scan:65"
"2","<main>","io/yawp/repository/Yawp:safeLoadFeatures:88"
"2","<main>","io/yawp/repository/Yawp:safeLoadFeaturesFromConfig:78"
"2","<main>","io/yawp/commons/utils/ResourceFinder:<init>:57"
"2","<main>","io/yawp/commons/utils/ResourceFinder:<init>:58"
"2","<main>","com/google/appengine/tools/development/testing/LocalModulesServiceTestConfig:requiresEnvironmentInstance:0"
"2","<main>","com/google/appengine/tools/development/testing/LocalModulesServiceTestConfig:requiresEnvironmentInstance:309"
"2","<main>","com/google/appengine/tools/development/LocalEnvironment:generateRequestId:246"
"2","<main>","com/google/appengine/tools/development/LocalEnvironment:generateRequestId:247"
"2","<main>","com/google/appengine/tools/development/LocalEnvironment:generateRequestId:249"
"2","<main>","com/google/appengine/tools/development/LocalEnvironment:generateRequestId:250"
"2","<main>","com/google/appengine/tools/development/LocalEnvironment:generateRequestId:251"
"2","<main>","com/google/appengine/tools/development/LocalEnvironment:generateRequestId:252"
"2","<main>","com/google/appengine/tools/development/LocalEnvironment:generateRequestId:255"
"2","<main>","com/google/appengine/tools/development/LocalEnvironment:generateRequestId:256"
"2","<main>","com/google/appengine/tools/development/LocalEnvironment:generateRequestId:258"
"2","<main>","com/google/appengine/tools/development/LocalEnvironment:generateRequestId:259"
"2","<main>","com/google/appengine/tools/development/LocalEnvironment:generateRequestId:261"
"2","<main>","com/google/appengine/tools/development/LocalEnvironment:generateRequestId:262"
"2","<main>","com/google/appengine/tools/development/ApiProxyLocalImpl:<init>:120"
"2","<main>","com/google/appengine/tools/development/ApiProxyLocalImpl:<init>:121"
"2","<main>","com/google/appengine/tools/development/ApiProxyLocalImpl:<init>:119"
"2","<main>","com/google/apphosting/api/ApiProxy:possiblyFlushOutOfBandLogs:225"
"2","<main>","com/google/apphosting/api/ApiProxy:possiblyFlushOutOfBandLogs:228"
"2","<main>","com/google/appengine/tools/development/testing/LocalModulesServiceTestConfig:setUp:0"
"2","<main>","com/google/appengine/tools/development/ApiProxyLocalImpl:getService:0"
"2","<main>","com/google/appengine/tools/development/ApiProxyLocalImpl:getService:600"
"2","<main>","com/google/appengine/tools/development/testing/LocalModulesServiceTestConfig:setUp:157"
"2","<main>","com/google/appengine/repackaged/com/google/common/util/concurrent/ThreadFactoryBuilder:build:157"
"2","<main>","com/google/appengine/repackaged/com/google/common/util/concurrent/ThreadFactoryBuilder:build:158"
"2","<main>","com/google/appengine/api/datastore/dev/LocalDatastoreService:createScheduler:426"
"2","<main>","com/google/appengine/api/datastore/dev/LocalDatastoreService:createScheduler:427"
"2","<main>","com/google/appengine/api/datastore/dev/LocalCompositeIndexManager:init:0"
"2","<main>","com/google/appengine/api/datastore/dev/LocalCompositeIndexManager:init:744"
"2","<main>","com/google/appengine/api/datastore/dev/LocalCompositeIndexManager:getInstance:0"
"2","<main>","com/google/appengine/api/datastore/dev/LocalCompositeIndexManager:getInstance:766"
"2","<main>","com/google/appengine/api/datastore/dev/DefaultHighRepJobPolicy:getUnappliedJobSeedPropValue:123"
"2","<main>","com/google/appengine/api/datastore/dev/DefaultHighRepJobPolicy:getUnappliedJobSeedPropValue:124"
"2","<main>","com/google/appengine/repackaged/com/google/common/collect/MapMakerInternalMap$Segment:initTable:1079"
"2","<main>","com/google/appengine/repackaged/com/google/common/collect/MapMakerInternalMap$Segment:initTable:1080"
"2","<main>","com/google/appengine/api/datastore/dev/EntityGroupPseudoKind:<init>:32"
"2","<main>","com/google/appengine/api/datastore/dev/EntityGroupPseudoKind:<init>:33"
"2","<main>","com/google/appengine/api/datastore/dev/LocalDatastoreService:startInternal:0"
"2","<main>","com/google/appengine/api/datastore/dev/LocalDatastoreService:startInternal:667"
"2","<main>","java/util/concurrent/FutureTask:<init>:152"
"2","<main>","java/util/concurrent/FutureTask:<init>:153"
"2","<main>","com/google/appengine/repackaged/com/google/common/util/concurrent/ThreadFactoryBuilder$1:newThread:164"
"2","<main>","com/google/appengine/repackaged/com/google/common/util/concurrent/ThreadFactoryBuilder$1:newThread:165"
"2","<main>","com/google/appengine/repackaged/com/google/common/util/concurrent/ThreadFactoryBuilder$1:newThread:167"
"2","<main>","com/google/appengine/repackaged/com/google/common/util/concurrent/ThreadFactoryBuilder$1:newThread:168"
"2","<main>","com/google/appengine/api/datastore/dev/LocalDatastoreService:startInternal:668"
"2","<main>","com/google/appengine/api/datastore/dev/LocalDatastoreService:startInternal:679"
"2","<main>","com/google/appengine/api/datastore/dev/LocalDatastoreService:startInternal:680"
"2","<main>","com/google/appengine/api/datastore/dev/LocalDatastoreService:startInternal:704"
"2","<main>","io/yawp/driver/appengine/pipes/flow/Work:<init>:41"
"2","<main>","io/yawp/driver/appengine/pipes/flow/Work:<init>:42"
"2","<main>","io/yawp/testing/appengine/pipes/flow/FlowDropsTest:saveOneLikeToCounterWork:56"
"2","<main>","io/yawp/testing/appengine/pipes/flow/FlowDropsTest:saveOneLikeToCounterWork:57"
"2","<main>","com/google/appengine/spi/ServiceFactoryFactory$RuntimeRegistry:<clinit>:107"
"2","<main>","com/google/appengine/spi/ServiceFactoryFactory$RuntimeRegistry:<clinit>:108"
"2","<main>","com/google/appengine/repackaged/com/google/common/cache/LocalCache$Segment:initTable:2130"
"2","<main>","com/google/appengine/repackaged/com/google/common/cache/LocalCache$Segment:initTable:2131"
"2","<main>","com/google/appengine/api/datastore/DatastoreServiceGlobalConfig:maybeSetUpApiProxyEnvironment:0"
"2","<main>","com/google/appengine/api/datastore/DatastoreServiceGlobalConfig:getConfig:0"
"2","<main>","com/google/appengine/api/datastore/EnvProxy:getenv:29"
"2","<main>","com/google/appengine/api/datastore/EnvProxy:getenv:33"
"2","<main>","com/google/appengine/api/datastore/DatastoreServiceGlobalConfig:setConfig:0"
"2","<main>","com/google/appengine/api/datastore/DatastoreServiceGlobalConfig:getConfig:46"
"2","<main>","com/google/appengine/api/datastore/DatastoreServiceGlobalConfig:maybeSetUpApiProxyEnvironment:101"
"2","<main>","com/google/appengine/api/datastore/DatastoreServiceGlobalConfig:setConfig:71"
"2","<main>","com/google/appengine/repackaged/com/google/io/protocol/ProtocolMessage:storeStringsOnlyAsBytes:2520"
"2","<main>","com/google/appengine/repackaged/com/google/io/protocol/ProtocolMessage:storeStringsOnlyAsBytes:2521"
"2","<main>","com/google/appengine/tools/development/ApiProxyLocalImpl:makeAsyncCall:203"
"2","<main>","com/google/appengine/tools/development/ApiProxyLocalImpl:makeAsyncCall:204"
"2","<main>","com/google/appengine/tools/development/ApiProxyLocalImpl$PrivilegedApiAction:run:275"
"2","<main>","com/google/appengine/tools/development/ApiProxyLocalImpl$DaemonThreadFactory:newThread:670"
"2","<main>","com/google/appengine/tools/development/ApiProxyLocalImpl$DaemonThreadFactory:newThread:671"
"2","<main>","com/google/appengine/tools/development/ApiProxyLocalImpl$PrivilegedApiAction:run:276"
"2","<main>","com/google/appengine/api/datastore/FutureHelper:getInternal:76"
"2","<main>","com/google/appengine/api/utils/FutureWrapper:get:80"
"2","<main>","com/google/appengine/api/utils/FutureWrapper:get:81"
"2","<main>","com/google/appengine/api/utils/FutureWrapper:get:89"
"2","<main>","com/google/appengine/api/datastore/Batcher$ReorderingMultiFuture:get:127"
"2","<main>","com/google/appengine/tools/development/ApiProxyLocalImpl$PrivilegedApiAction$1:get:309"
"2","<main>","java/util/concurrent/FutureTask:get:191"
"2","<main>","java/util/concurrent/FutureTask:awaitDone:402"
"2","<main>","java/util/concurrent/FutureTask:awaitDone:403"
"2","<main>","java/util/concurrent/FutureTask:awaitDone:429"
"2","<main>","java/util/concurrent/FutureTask:awaitDone:430"
"2","<main>","java/util/concurrent/FutureTask:get:192"
"2","<main>","java/util/concurrent/FutureTask:get:193"
"2","<main>","com/google/appengine/tools/development/ApiProxyLocalImpl$PrivilegedApiAction$1:get:310"
"2","<main>","com/google/appengine/api/utils/FutureWrapper:get:90"
"2","<main>","com/google/appengine/api/utils/FutureWrapper:get:100"
"2","<main>","com/google/appengine/api/utils/FutureWrapper:get:101"
"2","<main>","com/google/appengine/api/datastore/Batcher$ReorderingMultiFuture:get:128"
"2","<main>","com/google/appengine/api/datastore/FutureHelper:getInternal:77"
"2","<main>","com/google/appengine/api/taskqueue/QueueFactoryImpl:getQueue:0"
"2","<main>","com/google/appengine/api/taskqueue/QueueFactoryImpl:getQueue:23"
"2","<main>","com/google/appengine/api/taskqueue/QueueImpl:currentTimeMillis:563"
"2","<main>","com/google/appengine/api/taskqueue/QueueImpl:currentTimeMillis:564"
"2","<main>","com/google/appengine/api/taskqueue/QueueApiHelper:getInternal:78"
"2","<main>","com/google/appengine/api/taskqueue/QueueApiHelper:getInternal:79"
"2","<main>","io/yawp/testing/appengine/AsyncHelper:awaitAsync:0"
"2","<main>","io/yawp/testing/appengine/AsyncHelper:awaitAsync:16"
"2","<main>","io/yawp/testing/appengine/AsyncHelper:awaitAsync:17"
"2","<main>","io/yawp/testing/appengine/AsyncHelper:awaitAsync:19"
"2","<main>","io/yawp/testing/appengine/AsyncHelper:awaitAsync:20"
"2","<main>","com/google/appengine/tools/development/ApiProxyLocalImpl:getService:597"
"2","<main>","org/quartz/simpl/RAMJobStore:getJobNames:669"
"2","<main>","org/quartz/simpl/RAMJobStore:getJobNames:679"
"2","<main>","org/quartz/simpl/RAMJobStore:getTriggersForJob:785"
"2","<main>","org/quartz/simpl/RAMJobStore:getTriggersForJob:790"
"2","<main>","io/yawp/testing/appengine/AsyncHelper:awaitAsync:25"
"2","<main>","io/yawp/testing/appengine/AsyncHelper:awaitAsync:26"
"2","<main>","io/yawp/testing/appengine/AsyncHelper:awaitAsync:27"
"2","<main>","com/google/appengine/api/datastore/AsyncDatastoreServiceImpl$5:getFutureWithOptionalTimeout:291"
"2","<main>","com/google/appengine/api/datastore/AsyncDatastoreServiceImpl$5:getFutureWithOptionalTimeout:292"
"2","<main>","com/google/appengine/repackaged/com/google/io/protocol/ProtocolMessage:toByteBuffer:396"
"2","<main>","com/google/appengine/repackaged/com/google/io/protocol/ProtocolMessage:toByteBuffer:397"
"2","<main>","com/google/appengine/repackaged/com/google/io/protocol/ProtocolMessage:toByteBuffer:398"
"2","<main>","com/google/appengine/repackaged/com/google/protobuf/ByteString:copyFrom:323"
"2","<main>","com/google/appengine/repackaged/com/google/protobuf/ByteString:copyFrom:324"
"2","<main>","com/google/appengine/api/datastore/dev/LocalDatastoreService:stop:0"
"2","<main>","java/util/concurrent/FutureTask:cancel:180"
"2","<main>","java/util/concurrent/FutureTask:finishCompletion:384"
"2","<main>","java/util/concurrent/FutureTask:finishCompletion:385"
"2","<main>","java/util/concurrent/FutureTask:cancel:181"
"2","<main>","com/google/appengine/api/datastore/dev/LocalDatastoreService:stop:726"
"2","<main>","com/google/appengine/repackaged/org/apache/commons/logging/LogFactory:directGetContextClassLoader:840"
"2","<main>","com/google/appengine/repackaged/org/apache/commons/logging/LogFactory:directGetContextClassLoader:841"
"2","<main>","org/quartz/core/QuartzSchedulerThread:togglePause:157"
"2","<main>","org/quartz/core/QuartzSchedulerThread:togglePause:165"
"2","<main>","org/quartz/core/QuartzSchedulerThread:halt:174"
"2","<main>","org/quartz/core/QuartzSchedulerThread:halt:178"
"2","<main>","org/quartz/core/QuartzSchedulerThread:halt:179"
"2","<main>","org/quartz/core/QuartzSchedulerThread:halt:182"
"2","<main>","org/quartz/simpl/SimpleThreadPool:shutdown:307"
"2","<main>","org/quartz/simpl/SimpleThreadPool:shutdown:308"
"2","<main>","org/quartz/simpl/SimpleThreadPool:shutdown:309"
"2","<main>","org/quartz/impl/SchedulerRepository:getInstance:0"
"2","<main>","org/quartz/impl/SchedulerRepository:getInstance:75"
"2","<main>","org/quartz/impl/SchedulerRepository:remove:0"
"2","<main>","org/quartz/impl/SchedulerRepository:remove:89"
"2","<main>","com/google/appengine/api/memcache/dev/LocalMemcacheService:flushAll:602"
"2","<main>","com/google/appengine/api/memcache/dev/LocalMemcacheService:flushAll:607"
"2","<main>","com/google/apphosting/api/ApiProxy:getEnvironmentFactory:0"
"2","<main>","com/google/apphosting/api/ApiProxy:getEnvironmentFactory:313"
"2","<131724096,1>","java/util/concurrent/FutureTask:run:0"
"2","<131724096,1>","java/util/concurrent/FutureTask:run:258"
"2","<131724096,1>","java/util/concurrent/FutureTask:run:259"
"2","<131724096,1>","java/util/concurrent/FutureTask:run:266"
"2","<131724096,1>","com/google/appengine/tools/development/ApiProxyLocalImpl$AsyncApiCall:call:0"
"2","<131724096,1>","com/google/apphosting/api/ApiProxy:possiblyFlushOutOfBandLogs:225"
"2","<131724096,1>","com/google/apphosting/api/ApiProxy:possiblyFlushOutOfBandLogs:228"
"2","<131724096,1>","com/google/appengine/tools/development/ApiProxyLocalImpl:getService:0"
"2","<131724096,1>","com/google/appengine/tools/development/ApiProxyLocalImpl:getService:597"
"2","<131724096,1>","org/jacoco/agent/rt/internal_b0d6a23/core/runtime/RuntimeData:getExecutionData:119"
"2","<131724096,1>","org/jacoco/agent/rt/internal_b0d6a23/core/runtime/RuntimeData:getExecutionData:120"
"2","<131724096,1>","com/google/appengine/tools/development/Clock$1:getCurrentTime:23"
"2","<131724096,1>","com/google/appengine/tools/development/Clock$1:getCurrentTime:24"
"2","<131724096,1>","com/google/appengine/api/datastore/dev/LocalDatastoreService:put:825"
"2","<131724096,1>","com/google/appengine/api/datastore/dev/LocalDatastoreService:put:826"
"2","<131724096,1>","com/google/appengine/repackaged/com/google/io/protocol/ProtocolMessage:storeStringsOnlyAsBytes:2520"
"2","<131724096,1>","com/google/appengine/repackaged/com/google/io/protocol/ProtocolMessage:storeStringsOnlyAsBytes:2521"
"2","<131724096,1>","com/google/appengine/api/datastore/dev/LocalDatastoreService:putImpl:898"
"2","<131724096,1>","com/google/appengine/api/datastore/dev/LocalDatastoreService:putImpl:899"
"2","<131724096,1>","com/google/appengine/repackaged/com/google/protobuf/Internal:<clinit>:386"
"2","<131724096,1>","com/google/appengine/repackaged/com/google/protobuf/Internal:<clinit>:387"
"2","<131724096,1>","com/google/appengine/api/datastore/dev/LocalDatastoreService:getOrCreateProfile:1810"
"2","<131724096,1>","com/google/appengine/api/datastore/dev/LocalDatastoreService:getOrCreateProfile:1817"
"2","<131724096,1>","com/google/appengine/api/datastore/dev/LocalDatastoreService:putImpl:926"
"2","<131724096,1>","com/google/appengine/api/datastore/dev/LocalDatastoreService$Profile:getGroup:0"
"2","<131724096,1>","com/google/appengine/api/datastore/dev/LocalDatastoreService$Profile:getGroups:0"
"2","<131724096,1>","com/google/appengine/api/datastore/dev/LocalDatastoreService$Profile:getGroups:2202"
"2","<131724096,1>","com/google/appengine/api/datastore/dev/LocalDatastoreService$Profile:getGroup:2129"
"2","<131724096,1>","com/google/appengine/api/datastore/dev/LocalDatastoreService$Profile$EntityGroup:incrementVersion:1915"
"2","<131724096,1>","com/google/appengine/api/datastore/dev/LocalDatastoreService$Profile$EntityGroup:incrementVersion:1916"
"2","<131724096,1>","com/google/appengine/api/datastore/dev/LocalCompositeIndexManager$XmlIndexFileManager:read:0"
"2","<131724096,1>","com/google/appengine/api/datastore/dev/LocalCompositeIndexManager$XmlIndexFileManager:read:278"
"2","<131724096,1>","com/google/appengine/api/datastore/dev/LocalDatastoreService$Profile:getGroupsWithUnappliedJobs:0"
"2","<131724096,1>","com/google/appengine/api/datastore/dev/LocalDatastoreService$Profile:getGroupsWithUnappliedJobs:2209"
"2","<131724096,1>","com/google/appengine/api/datastore/dev/LocalDatastoreService:getOrCreateExtent:1823"
"2","<131724096,1>","com/google/appengine/api/datastore/dev/LocalDatastoreService:getOrCreateExtent:1829"
"2","<131724096,1>","com/google/appengine/api/datastore/dev/LocalDatastoreService:putImpl:962"
"2","<131724096,1>","com/google/appengine/api/datastore/dev/LocalDatastoreService:put:828"
"2","<131724096,1>","com/google/appengine/api/datastore/dev/LocalDatastoreService:put:829"
"2","<131724096,1>","com/google/appengine/tools/development/ApiProxyLocalImpl$AsyncApiCall:tryReleaseSemaphore:0"
"2","<131724096,1>","com/google/appengine/tools/development/ApiProxyLocalImpl$AsyncApiCall:tryReleaseSemaphore:577"
"2","<131724096,1>","java/util/concurrent/FutureTask:run:267"
"2","<131724096,1>","java/util/concurrent/FutureTask:run:274"
"2","<131724096,1>","java/util/concurrent/FutureTask:set:233"
"2","<131724096,1>","java/util/concurrent/FutureTask:finishCompletion:372"
"2","<131724096,1>","java/util/concurrent/FutureTask:finishCompletion:373"
"2","<131724096,1>","java/util/concurrent/FutureTask:finishCompletion:384"
"2","<131724096,1>","java/util/concurrent/FutureTask:finishCompletion:385"
"2","<131724096,1>","java/util/concurrent/FutureTask:set:234"
"2","<131724096,1>","java/util/concurrent/FutureTask:run:275"
"2","<131724096,1>","com/google/appengine/repackaged/com/google/common/collect/Interners$StrongInterner:intern:122"
"2","<131724096,1>","com/google/appengine/repackaged/com/google/common/collect/Interners$StrongInterner:intern:123"
"2","<131724096,1>","org/quartz/impl/SchedulerRepository:getInstance:0"
"2","<131724096,1>","org/quartz/impl/SchedulerRepository:getInstance:75"
"2","<131724096,1>","org/quartz/impl/SchedulerRepository:lookup:0"
"2","<131724096,1>","org/quartz/impl/SchedulerRepository:lookup:93"
"2","<131724096,1>","org/quartz/impl/StdSchedulerFactory:loadClass:1111"
"2","<131724096,1>","org/quartz/impl/StdSchedulerFactory:loadClass:1112"
"2","<131724096,1>","org/quartz/simpl/InitThreadContextClassLoadHelper:initialize:67"
"2","<131724096,1>","org/quartz/simpl/InitThreadContextClassLoadHelper:initialize:68"
"2","<131724096,1>","org/quartz/simpl/RAMJobStore:<clinit>:1110"
"2","<131724096,1>","org/quartz/simpl/RAMJobStore:<clinit>:1111"
"2","<131724096,1>","org/quartz/simpl/SimpleThreadPool:initialize:232"
"2","<131724096,1>","org/quartz/simpl/SimpleThreadPool:initialize:233"
"2","<131724096,1>","com/google/appengine/repackaged/org/apache/commons/logging/LogFactory:directGetContextClassLoader:840"
"2","<131724096,1>","com/google/appengine/repackaged/org/apache/commons/logging/LogFactory:directGetContextClassLoader:841"
"2","<131724096,1>","com/google/appengine/repackaged/org/apache/commons/logging/impl/WeakHashtable:put:0"
"2","<131724096,1>","com/google/appengine/repackaged/org/apache/commons/logging/impl/WeakHashtable:put:243"
"2","<131724096,1>","org/quartz/simpl/SimpleThreadPool:initialize:247"
"2","<131724096,1>","org/quartz/simpl/SimpleThreadPool:initialize:248"
"2","<131724096,1>","org/quartz/simpl/SimpleThreadPool:initialize:255"
"2","<131724096,1>","org/quartz/simpl/SimpleThreadPool:initialize:256"
"2","<131724096,1>","org/quartz/core/QuartzSchedulerThread:<init>:70"
"2","<131724096,1>","org/quartz/core/QuartzSchedulerThread:<init>:71"
"2","<131724096,1>","org/quartz/impl/SchedulerRepository:bind:0"
"2","<131724096,1>","org/quartz/impl/SchedulerRepository:bind:86"
"2","<131724096,1>","org/quartz/core/QuartzSchedulerThread:togglePause:157"
"2","<131724096,1>","org/quartz/core/QuartzSchedulerThread:togglePause:163"
"2","<131724096,1>","org/quartz/core/QuartzSchedulerThread:togglePause:164"
"2","<131724096,1>","org/quartz/core/QuartzSchedulerThread:togglePause:165"
"2","<131724096,1>","com/google/appengine/tools/development/ApiProxyLocalImpl:getService:600"
"2","<131724096,1>","com/google/appengine/api/taskqueue/dev/DevPushQueue:scheduleTask:0"
"2","<131724096,1>","org/quartz/simpl/RAMJobStore:storeJob:224"
"2","<131724096,1>","org/quartz/simpl/RAMJobStore:storeJob:241"
"2","<131724096,1>","org/quartz/simpl/RAMJobStore:storeTrigger:319"
"2","<131724096,1>","org/quartz/simpl/RAMJobStore:storeTrigger:333"
"2","<131724096,1>","org/quartz/simpl/RAMJobStore:storeTrigger:343"
"2","<131724096,1>","org/quartz/simpl/RAMJobStore:storeTrigger:344"
"2","<131724096,1>","com/google/appengine/api/taskqueue/dev/DevPushQueue:scheduleTask:118"
"2","<131724096,1>","com/google/appengine/repackaged/com/google/io/protocol/ProtocolMessage:toByteBuffer:396"
"2","<131724096,1>","com/google/appengine/repackaged/com/google/io/protocol/ProtocolMessage:toByteBuffer:397"
"2","<131724096,1>","com/google/appengine/repackaged/com/google/io/protocol/ProtocolMessage:toByteBuffer:398"
"2","<131724096,1>","com/google/appengine/repackaged/com/google/protobuf/ByteString:copyFrom:323"
"2","<131724096,1>","com/google/appengine/repackaged/com/google/protobuf/ByteString:copyFrom:324"
"2","<131724096,1>","com/google/appengine/api/datastore/dev/LocalDatastoreService:runQuery:1222"
"2","<131724096,1>","com/google/appengine/api/datastore/dev/NamespacePseudoKind:runQuery:79"
"2","<131724096,1>","com/google/appengine/api/datastore/dev/NamespacePseudoKind:runQuery:103"
"2","<131724096,1>","com/google/appengine/api/datastore/dev/LocalDatastoreService$Profile:groom:0"
"2","<131724096,1>","com/google/appengine/api/datastore/dev/LocalDatastoreService$Profile:groom:2148"
"2","<131724096,1>","com/google/appengine/api/datastore/dev/LocalCompositeIndexManager:getInstance:0"
"2","<131724096,1>","com/google/appengine/api/datastore/dev/LocalCompositeIndexManager:getInstance:766"
"2","<131724096,1>","com/google/appengine/api/datastore/dev/LocalCompositeIndexManager:updateQueryHistory:840"
"2","<131724096,1>","com/google/appengine/api/datastore/dev/LocalCompositeIndexManager:updateQueryHistory:841"
"2","<131724096,1>","com/google/appengine/api/datastore/dev/LocalDatastoreService:runQuery:1414"
"2","<131724096,1>","com/google/appengine/api/datastore/dev/LocalDatastoreService:get:784"
"2","<131724096,1>","com/google/appengine/api/datastore/dev/LocalDatastoreService:get:817"
"2","<131724096,1>","com/google/appengine/api/datastore/dev/LocalDatastoreService:delete:1068"
"2","<131724096,1>","com/google/appengine/api/datastore/dev/LocalDatastoreService:delete:1069"
"2","<131724096,1>","com/google/appengine/api/datastore/dev/LocalDatastoreService:deleteImpl:1112"
"2","<131724096,1>","com/google/appengine/api/datastore/dev/LocalDatastoreService:deleteImpl:1148"
"2","<131724096,1>","com/google/appengine/api/datastore/dev/LocalDatastoreService:delete:1071"
"2","<131724096,1>","com/google/appengine/api/datastore/dev/LocalDatastoreService:delete:1072"
"2","<1109928280,1>","org/quartz/simpl/SimpleThreadPool$WorkerThread:run:0"
"2","<1109928280,1>","org/quartz/simpl/SimpleThreadPool:getNextRunnable:427"
"2","<1109928280,1>","org/quartz/simpl/SimpleThreadPool:getNextRunnable:428"
"2","<1109928280,1>","org/quartz/simpl/SimpleThreadPool:getNextRunnable:429"
"2","<1109928280,1>","org/quartz/simpl/SimpleThreadPool:getNextRunnable:435"
"2","<1109928280,1>","com/google/appengine/repackaged/org/apache/commons/logging/LogFactory:directGetContextClassLoader:840"
"2","<1109928280,1>","com/google/appengine/repackaged/org/apache/commons/logging/LogFactory:directGetContextClassLoader:841"
"2","<1109928280,2>","org/quartz/simpl/SimpleThreadPool$WorkerThread:run:0"
"2","<1109928280,2>","org/quartz/simpl/SimpleThreadPool:getNextRunnable:427"
"2","<1109928280,2>","org/quartz/simpl/SimpleThreadPool:getNextRunnable:428"
"2","<1109928280,2>","org/quartz/simpl/SimpleThreadPool:getNextRunnable:429"
"2","<1109928280,2>","org/quartz/simpl/SimpleThreadPool:getNextRunnable:435"
"2","<1109928280,2>","com/google/appengine/repackaged/org/apache/commons/logging/LogFactory:directGetContextClassLoader:840"
"2","<1109928280,2>","com/google/appengine/repackaged/org/apache/commons/logging/LogFactory:directGetContextClassLoader:841"
"2","<1109928280,3>","org/quartz/simpl/SimpleThreadPool$WorkerThread:run:0"
"2","<1109928280,3>","org/quartz/simpl/SimpleThreadPool:getNextRunnable:427"
"2","<1109928280,3>","org/quartz/simpl/SimpleThreadPool:getNextRunnable:428"
"2","<1109928280,3>","org/quartz/simpl/SimpleThreadPool:getNextRunnable:429"
"2","<1109928280,3>","org/quartz/simpl/SimpleThreadPool:getNextRunnable:435"
"2","<1109928280,3>","com/google/appengine/repackaged/org/apache/commons/logging/LogFactory:directGetContextClassLoader:840"
"2","<1109928280,3>","com/google/appengine/repackaged/org/apache/commons/logging/LogFactory:directGetContextClassLoader:841"
"2","<1109928280,4>","org/quartz/simpl/SimpleThreadPool$WorkerThread:run:0"
"2","<1109928280,4>","org/quartz/simpl/SimpleThreadPool:getNextRunnable:427"
"2","<1109928280,4>","org/quartz/simpl/SimpleThreadPool:getNextRunnable:428"
"2","<1109928280,4>","org/quartz/simpl/SimpleThreadPool:getNextRunnable:429"
"2","<1109928280,4>","org/quartz/simpl/SimpleThreadPool:getNextRunnable:435"
"2","<1109928280,4>","com/google/appengine/repackaged/org/apache/commons/logging/LogFactory:directGetContextClassLoader:840"
"2","<1109928280,4>","com/google/appengine/repackaged/org/apache/commons/logging/LogFactory:directGetContextClassLoader:841"
"2","<1109928280,0>","org/quartz/simpl/SimpleThreadPool$WorkerThread:run:0"
"2","<1109928280,0>","org/quartz/simpl/SimpleThreadPool:getNextRunnable:427"
"2","<1109928280,0>","org/quartz/simpl/SimpleThreadPool:getNextRunnable:428"
"2","<1109928280,0>","org/quartz/simpl/SimpleThreadPool:getNextRunnable:429"
"2","<1109928280,0>","org/quartz/simpl/SimpleThreadPool:getNextRunnable:433"
"2","<1109928280,0>","org/quartz/simpl/SimpleThreadPool:getNextRunnable:434"
"2","<1109928280,0>","org/quartz/simpl/SimpleThreadPool:getNextRunnable:435"
"2","<1109928280,0>","org/quartz/simpl/SimpleThreadPool$WorkerThread:run:520"
"2","<1109928280,0>","org/quartz/core/JobRunShell:run:0"
"2","<1109928280,0>","org/quartz/core/ExecutingJobsManager:jobToBeExecuted:2050"
"2","<1109928280,0>","org/quartz/core/ExecutingJobsManager:jobToBeExecuted:2053"
"2","<1109928280,0>","org/quartz/core/JobRunShell:run:197"
"2","<1109928280,0>","org/quartz/core/JobRunShell:run:198"
"2","<1109928280,0>","org/jacoco/agent/rt/internal_b0d6a23/core/runtime/RuntimeData:getExecutionData:119"
"2","<1109928280,0>","org/jacoco/agent/rt/internal_b0d6a23/core/runtime/RuntimeData:getExecutionData:120"
"2","<1109928280,0>","com/google/appengine/repackaged/com/google/io/protocol/ProtocolMessage:storeStringsOnlyAsBytes:2520"
"2","<1109928280,0>","com/google/appengine/repackaged/com/google/io/protocol/ProtocolMessage:storeStringsOnlyAsBytes:2521"
"2","<1109928280,0>","com/google/appengine/tools/development/Clock$1:getCurrentTime:23"
"2","<1109928280,0>","com/google/appengine/tools/development/Clock$1:getCurrentTime:24"
"2","<1109928280,0>","com/google/appengine/tools/development/LocalEnvironment:generateRequestId:246"
"2","<1109928280,0>","com/google/appengine/tools/development/LocalEnvironment:generateRequestId:247"
"2","<1109928280,0>","com/google/appengine/tools/development/LocalEnvironment:generateRequestId:249"
"2","<1109928280,0>","com/google/appengine/tools/development/LocalEnvironment:generateRequestId:250"
"2","<1109928280,0>","com/google/appengine/tools/development/LocalEnvironment:generateRequestId:251"
"2","<1109928280,0>","com/google/appengine/tools/development/LocalEnvironment:generateRequestId:252"
"2","<1109928280,0>","com/google/appengine/tools/development/LocalEnvironment:generateRequestId:255"
"2","<1109928280,0>","com/google/appengine/tools/development/LocalEnvironment:generateRequestId:256"
"2","<1109928280,0>","com/google/appengine/tools/development/LocalEnvironment:generateRequestId:258"
"2","<1109928280,0>","com/google/appengine/tools/development/LocalEnvironment:generateRequestId:259"
"2","<1109928280,0>","com/google/appengine/tools/development/LocalEnvironment:generateRequestId:261"
"2","<1109928280,0>","com/google/appengine/tools/development/LocalEnvironment:generateRequestId:262"
"2","<1109928280,0>","com/google/apphosting/api/ApiProxy:possiblyFlushOutOfBandLogs:225"
"2","<1109928280,0>","com/google/apphosting/api/ApiProxy:possiblyFlushOutOfBandLogs:228"
"2","<1109928280,0>","io/yawp/driver/appengine/pipes/flow/drops/FlowDropsNamespaceFanoutTask:run:0"
"2","<1109928280,0>","com/google/appengine/api/datastore/DatastoreServiceGlobalConfig:getConfig:0"
"2","<1109928280,0>","com/google/appengine/api/datastore/DatastoreServiceGlobalConfig:getConfig:46"
"2","<1109928280,0>","com/google/appengine/api/datastore/DatastoreServiceGlobalConfig:maybeSetUpApiProxyEnvironment:0"
"2","<1109928280,0>","com/google/appengine/api/datastore/DatastoreServiceGlobalConfig:maybeSetUpApiProxyEnvironment:101"
"2","<1109928280,0>","com/google/appengine/tools/development/ApiProxyLocalImpl:makeAsyncCall:203"
"2","<1109928280,0>","com/google/appengine/tools/development/ApiProxyLocalImpl:makeAsyncCall:204"
"2","<1109928280,0>","com/google/appengine/tools/development/ApiProxyLocalImpl$PrivilegedApiAction:run:275"
"2","<1109928280,0>","com/google/appengine/tools/development/ApiProxyLocalImpl$PrivilegedApiAction:run:276"
"2","<1109928280,0>","com/google/appengine/api/datastore/FutureHelper:getInternal:76"
"2","<1109928280,0>","com/google/appengine/api/utils/FutureWrapper:get:80"
"2","<1109928280,0>","com/google/appengine/api/utils/FutureWrapper:get:81"
"2","<1109928280,0>","com/google/appengine/api/utils/FutureWrapper:get:89"
"2","<1109928280,0>","com/google/appengine/tools/development/ApiProxyLocalImpl$PrivilegedApiAction$1:get:309"
"2","<1109928280,0>","java/util/concurrent/FutureTask:get:191"
"2","<1109928280,0>","java/util/concurrent/FutureTask:awaitDone:402"
"2","<1109928280,0>","java/util/concurrent/FutureTask:awaitDone:403"
"2","<1109928280,0>","java/util/concurrent/FutureTask:awaitDone:429"
"2","<1109928280,0>","java/util/concurrent/FutureTask:awaitDone:430"
"2","<1109928280,0>","java/util/concurrent/FutureTask:get:192"
"2","<1109928280,0>","java/util/concurrent/FutureTask:get:193"
"2","<1109928280,0>","com/google/appengine/tools/development/ApiProxyLocalImpl$PrivilegedApiAction$1:get:310"
"2","<1109928280,0>","com/google/appengine/api/utils/FutureWrapper:get:90"
"2","<1109928280,0>","com/google/appengine/api/utils/FutureWrapper:get:100"
"2","<1109928280,0>","com/google/appengine/api/utils/FutureWrapper:get:101"
"2","<1109928280,0>","com/google/appengine/api/datastore/FutureHelper:getInternal:77"
"2","<1109928280,0>","com/google/appengine/repackaged/com/google/io/protocol/ProtocolMessage:toByteBuffer:396"
"2","<1109928280,0>","com/google/appengine/repackaged/com/google/io/protocol/ProtocolMessage:toByteBuffer:397"
"2","<1109928280,0>","com/google/appengine/repackaged/com/google/io/protocol/ProtocolMessage:toByteBuffer:398"
"2","<1109928280,0>","com/google/appengine/repackaged/com/google/protobuf/ByteString:copyFrom:323"
"2","<1109928280,0>","com/google/appengine/repackaged/com/google/protobuf/ByteString:copyFrom:324"
"2","<1109928280,0>","com/google/appengine/api/taskqueue/QueueFactoryImpl:getQueue:0"
"2","<1109928280,0>","com/google/appengine/api/taskqueue/QueueFactoryImpl:getQueue:23"
"2","<1109928280,0>","com/google/appengine/api/taskqueue/QueueImpl:currentTimeMillis:563"
"2","<1109928280,0>","com/google/appengine/api/taskqueue/QueueImpl:currentTimeMillis:564"
"2","<1109928280,0>","com/google/appengine/api/taskqueue/QueueApiHelper:getInternal:78"
"2","<1109928280,0>","com/google/appengine/api/taskqueue/QueueApiHelper:getInternal:79"
"2","<1109928280,0>","org/quartz/simpl/RAMJobStore:removeTrigger:366"
"2","<1109928280,0>","org/quartz/simpl/RAMJobStore:getTriggersForJob:785"
"2","<1109928280,0>","org/quartz/simpl/RAMJobStore:getTriggersForJob:790"
"2","<1109928280,0>","org/quartz/simpl/RAMJobStore:removeJob:271"
"2","<1109928280,0>","org/quartz/simpl/RAMJobStore:removeJob:281"
"2","<1109928280,0>","org/quartz/simpl/RAMJobStore:removeTrigger:398"
"2","<1109928280,0>","org/quartz/core/JobRunShell:run:204"
"2","<1109928280,0>","org/quartz/core/JobRunShell:run:205"
"2","<1109928280,0>","org/quartz/core/ExecutingJobsManager:jobWasExecuted:2058"
"2","<1109928280,0>","org/quartz/core/ExecutingJobsManager:jobWasExecuted:2060"
"2","<1109928280,0>","org/quartz/simpl/RAMJobStore:triggeredJobComplete:1263"
"2","<1109928280,0>","org/quartz/simpl/RAMJobStore:triggeredJobComplete:1338"
"2","<1109928280,0>","org/quartz/simpl/SimpleThreadPool$WorkerThread:run:521"
"2","<1109928280,0>","io/yawp/driver/appengine/pipes/flow/drops/FlowDropsTask:run:0"
"2","<1109928280,0>","io/yawp/driver/appengine/pipes/flow/drops/FlowDropsTask:worksQuery:95"
"2","<1109928280,0>","io/yawp/driver/appengine/pipes/flow/drops/FlowDropsTask:worksQuery:96"
"2","<1109928280,0>","io/yawp/driver/appengine/pipes/flow/Work:<init>:41"
"2","<1109928280,0>","io/yawp/driver/appengine/pipes/flow/Work:<init>:42"
"2","<1109928280,0>","io/yawp/commons/utils/ReflectionUtils:clazzForName:175"
"2","<1109928280,0>","io/yawp/commons/utils/ReflectionUtils:clazzForName:176"
"2","<1109928280,0>","com/google/appengine/tools/development/ApiProxyLocalImpl$DaemonThreadFactory:newThread:670"
"2","<1109928280,0>","com/google/appengine/tools/development/ApiProxyLocalImpl$DaemonThreadFactory:newThread:671"
"2","<1109928280,0>","io/yawp/repository/FutureObject:setObject:74"
"2","<1109928280,0>","com/google/appengine/api/datastore/AsyncDatastoreServiceImpl$5:getFutureWithOptionalTimeout:291"
"2","<1109928280,0>","com/google/appengine/api/datastore/AsyncDatastoreServiceImpl$5:getFutureWithOptionalTimeout:292"
"2","<1109928280,0>","io/yawp/repository/FutureObject:setObject:75"
"2","<1109928280,0>","com/google/appengine/api/datastore/Batcher$ReorderingMultiFuture:get:127"
"2","<1109928280,0>","com/google/appengine/api/datastore/Batcher$ReorderingMultiFuture:get:128"
"2","<1109928280,0>","com/google/appengine/repackaged/org/apache/commons/logging/LogFactory:directGetContextClassLoader:840"
"2","<1109928280,0>","com/google/appengine/repackaged/org/apache/commons/logging/LogFactory:directGetContextClassLoader:841"
"2","<1504360032,1>","org/quartz/core/QuartzSchedulerThread:run:0"
"2","<1504360032,1>","org/quartz/core/QuartzSchedulerThread:run:214"
"2","<1504360032,1>","org/quartz/core/QuartzSchedulerThread:run:218"
"2","<1504360032,1>","org/quartz/core/QuartzSchedulerThread:run:219"
"2","<1504360032,1>","org/quartz/core/QuartzSchedulerThread:run:226"
"2","<1504360032,1>","org/quartz/core/QuartzSchedulerThread:run:230"
"2","<1504360032,1>","org/quartz/core/QuartzSchedulerThread:run:231"
"2","<1504360032,1>","org/quartz/simpl/RAMJobStore:acquireNextTrigger:1127"
"2","<1504360032,1>","org/quartz/simpl/RAMJobStore:acquireNextTrigger:1133"
"2","<1504360032,1>","org/quartz/core/QuartzSchedulerThread:run:385"
"2","<1504360032,1>","org/quartz/core/QuartzSchedulerThread:run:386"
"2","<1504360032,1>","org/quartz/core/QuartzSchedulerThread:run:394"
"2","<1504360032,1>","org/quartz/core/QuartzSchedulerThread:run:395"
"2","<1504360032,1>","org/quartz/core/QuartzSchedulerThread:run:398"
"2","<1504360032,1>","org/quartz/core/QuartzSchedulerThread:run:399"
"2","<1504360032,1>","org/quartz/simpl/RAMJobStore:applyMisfire:1086"
"2","<1504360032,1>","org/quartz/simpl/RAMJobStore:applyMisfire:1087"
"2","<1504360032,1>","org/quartz/simpl/RAMJobStore:getFiredTriggerRecordId:0"
"2","<1504360032,1>","org/quartz/simpl/RAMJobStore:getFiredTriggerRecordId:1113"
"2","<1504360032,1>","org/quartz/simpl/RAMJobStore:acquireNextTrigger:1162"
"2","<1504360032,1>","org/quartz/core/QuartzSchedulerThread:run:252"
"2","<1504360032,1>","org/quartz/core/QuartzSchedulerThread:run:253"
"2","<1504360032,1>","org/quartz/simpl/RAMJobStore:triggerFired:1197"
"2","<1504360032,1>","org/jacoco/agent/rt/internal_b0d6a23/core/runtime/RuntimeData:getExecutionData:119"
"2","<1504360032,1>","org/jacoco/agent/rt/internal_b0d6a23/core/runtime/RuntimeData:getExecutionData:120"
"2","<1504360032,1>","org/quartz/simpl/RAMJobStore:triggerFired:1247"
"2","<1504360032,1>","com/google/appengine/repackaged/org/apache/commons/logging/LogFactory:directGetContextClassLoader:840"
"2","<1504360032,1>","com/google/appengine/repackaged/org/apache/commons/logging/LogFactory:directGetContextClassLoader:841"
"2","<1504360032,1>","org/quartz/simpl/SimpleThreadPool:runInThread:378"
"2","<1504360032,1>","org/quartz/simpl/SimpleThreadPool:runInThread:393"
"2","<1504360032,1>","org/quartz/simpl/SimpleThreadPool:runInThread:394"
"2","<1504360032,1>","org/quartz/simpl/SimpleThreadPool:runInThread:395"
"2","<1504360032,1>","org/quartz/core/QuartzSchedulerThread:run:272"
"2","<1504360032,1>","org/quartz/core/QuartzSchedulerThread:run:273"
"2","<1504360032,1>","org/quartz/core/QuartzSchedulerThread:run:276"
"2","<1504360032,1>","org/quartz/core/QuartzSchedulerThread:run:277"
"2","<1504360032,1>","org/quartz/simpl/RAMJobStore:releaseAcquiredTrigger:1177"
"2","<1504360032,1>","org/quartz/simpl/RAMJobStore:releaseAcquiredTrigger:1184"
"2","<-717176142,1>","java/util/concurrent/FutureTask:run:0"
"2","<-717176142,1>","java/util/concurrent/FutureTask:run:258"
"2","<-717176142,1>","java/util/concurrent/FutureTask:run:259"
"2","<-717176142,1>","java/util/concurrent/FutureTask:run:266"
"2","<-717176142,1>","com/google/appengine/tools/development/ApiProxyLocalImpl$AsyncApiCall:call:0"
"2","<-717176142,1>","com/google/apphosting/api/ApiProxy:possiblyFlushOutOfBandLogs:225"
"2","<-717176142,1>","com/google/apphosting/api/ApiProxy:possiblyFlushOutOfBandLogs:228"
"2","<-717176142,1>","com/google/appengine/tools/development/ApiProxyLocalImpl:getService:0"
"2","<-717176142,1>","com/google/appengine/tools/development/ApiProxyLocalImpl:getService:597"
"2","<-717176142,1>","com/google/appengine/tools/development/Clock$1:getCurrentTime:23"
"2","<-717176142,1>","com/google/appengine/tools/development/Clock$1:getCurrentTime:24"
"2","<-717176142,1>","com/google/appengine/repackaged/com/google/io/protocol/ProtocolMessage:storeStringsOnlyAsBytes:2520"
"2","<-717176142,1>","com/google/appengine/repackaged/com/google/io/protocol/ProtocolMessage:storeStringsOnlyAsBytes:2521"
"2","<-717176142,1>","com/google/appengine/api/datastore/dev/LocalDatastoreService:getOrCreateProfile:1810"
"2","<-717176142,1>","com/google/appengine/api/datastore/dev/LocalDatastoreService:getOrCreateProfile:1817"
"2","<-717176142,1>","com/google/appengine/api/datastore/dev/LocalDatastoreService:get:784"
"2","<-717176142,1>","com/google/appengine/api/datastore/dev/LocalDatastoreService$Profile:getGroup:0"
"2","<-717176142,1>","com/google/appengine/api/datastore/dev/LocalDatastoreService$Profile:getGroups:0"
"2","<-717176142,1>","com/google/appengine/api/datastore/dev/LocalDatastoreService$Profile:getGroups:2202"
"2","<-717176142,1>","org/jacoco/agent/rt/internal_b0d6a23/core/runtime/RuntimeData:getExecutionData:119"
"2","<-717176142,1>","org/jacoco/agent/rt/internal_b0d6a23/core/runtime/RuntimeData:getExecutionData:120"
"2","<-717176142,1>","com/google/appengine/api/datastore/dev/LocalDatastoreService$Profile:getGroup:2129"
"2","<-717176142,1>","com/google/appengine/api/datastore/dev/LocalDatastoreService$Profile:groom:0"
"2","<-717176142,1>","com/google/appengine/api/datastore/dev/LocalDatastoreService$Profile:getGroupsWithUnappliedJobs:0"
"2","<-717176142,1>","com/google/appengine/api/datastore/dev/LocalDatastoreService$Profile:getGroupsWithUnappliedJobs:2209"
"2","<-717176142,1>","com/google/appengine/api/datastore/dev/LocalDatastoreService$Profile:groom:2148"
"2","<-717176142,1>","com/google/appengine/api/datastore/dev/LocalDatastoreService:get:817"
"2","<-717176142,1>","com/google/appengine/tools/development/ApiProxyLocalImpl$AsyncApiCall:tryReleaseSemaphore:0"
"2","<-717176142,1>","com/google/appengine/tools/development/ApiProxyLocalImpl$AsyncApiCall:tryReleaseSemaphore:577"
"2","<-717176142,1>","java/util/concurrent/FutureTask:run:267"
"2","<-717176142,1>","java/util/concurrent/FutureTask:run:274"
"2","<-717176142,1>","java/util/concurrent/FutureTask:set:233"
"2","<-717176142,1>","java/util/concurrent/FutureTask:finishCompletion:384"
"2","<-717176142,1>","java/util/concurrent/FutureTask:finishCompletion:385"
"2","<-717176142,1>","java/util/concurrent/FutureTask:set:234"
"2","<-717176142,1>","java/util/concurrent/FutureTask:run:275"
"2","<-717176142,1>","java/util/concurrent/FutureTask:finishCompletion:372"
"2","<-717176142,1>","java/util/concurrent/FutureTask:finishCompletion:373"
"2","<-717176142,1>","com/google/appengine/api/datastore/dev/LocalDatastoreService:put:825"
"2","<-717176142,1>","com/google/appengine/api/datastore/dev/LocalDatastoreService:put:826"
"2","<-717176142,1>","com/google/appengine/api/datastore/dev/LocalDatastoreService:putImpl:926"
"2","<-717176142,1>","com/google/appengine/api/datastore/dev/LocalDatastoreService$Profile$EntityGroup:incrementVersion:1915"
"2","<-717176142,1>","com/google/appengine/api/datastore/dev/LocalDatastoreService$Profile$EntityGroup:incrementVersion:1916"
"2","<-717176142,1>","com/google/appengine/api/datastore/dev/LocalCompositeIndexManager$XmlIndexFileManager:read:0"
"2","<-717176142,1>","com/google/appengine/api/datastore/dev/LocalCompositeIndexManager$XmlIndexFileManager:read:278"
"2","<-717176142,1>","com/google/appengine/api/datastore/dev/LocalDatastoreService:getOrCreateExtent:1823"
"2","<-717176142,1>","com/google/appengine/api/datastore/dev/LocalDatastoreService:getOrCreateExtent:1829"
"2","<-717176142,1>","com/google/appengine/api/datastore/dev/LocalDatastoreService:putImpl:962"
"2","<-717176142,1>","com/google/appengine/api/datastore/dev/LocalDatastoreService:put:828"
"2","<-717176142,1>","com/google/appengine/api/datastore/dev/LocalDatastoreService:put:829"
"2","<-717176142,1>","com/google/appengine/api/datastore/dev/LocalDatastoreService:delete:1068"
"2","<-717176142,1>","com/google/appengine/api/datastore/dev/LocalDatastoreService:delete:1069"
"2","<-717176142,1>","com/google/appengine/api/datastore/dev/LocalDatastoreService:deleteImpl:1112"
"2","<-717176142,1>","com/google/appengine/api/datastore/dev/LocalDatastoreService:deleteImpl:1148"
"2","<-717176142,1>","com/google/appengine/api/datastore/dev/LocalDatastoreService:delete:1071"
"2","<-717176142,1>","com/google/appengine/api/datastore/dev/LocalDatastoreService:delete:1072"
"2","<-591826253,1>","java/util/concurrent/FutureTask:run:0"
"2","<-591826253,1>","java/util/concurrent/FutureTask:run:258"
"2","<-591826253,1>","java/util/concurrent/FutureTask:run:259"
"2","<-591826253,1>","java/util/concurrent/FutureTask:run:266"
"2","<-591826253,1>","com/google/appengine/tools/development/ApiProxyLocalImpl$AsyncApiCall:call:0"
"2","<-591826253,1>","com/google/apphosting/api/ApiProxy:possiblyFlushOutOfBandLogs:225"
"2","<-591826253,1>","com/google/apphosting/api/ApiProxy:possiblyFlushOutOfBandLogs:228"
"2","<-591826253,1>","com/google/appengine/tools/development/ApiProxyLocalImpl:getService:0"
"2","<-591826253,1>","com/google/appengine/tools/development/ApiProxyLocalImpl:getService:597"
"2","<-591826253,1>","com/google/appengine/tools/development/Clock$1:getCurrentTime:23"
"2","<-591826253,1>","com/google/appengine/tools/development/Clock$1:getCurrentTime:24"
"2","<-591826253,1>","com/google/appengine/repackaged/com/google/io/protocol/ProtocolMessage:storeStringsOnlyAsBytes:2520"
"2","<-591826253,1>","com/google/appengine/repackaged/com/google/io/protocol/ProtocolMessage:storeStringsOnlyAsBytes:2521"
"2","<-591826253,1>","com/google/appengine/api/datastore/dev/LocalDatastoreService:getOrCreateProfile:1810"
"2","<-591826253,1>","com/google/appengine/api/datastore/dev/LocalDatastoreService:getOrCreateProfile:1817"
"2","<-591826253,1>","com/google/appengine/api/datastore/dev/LocalDatastoreService:get:784"
"2","<-591826253,1>","com/google/appengine/api/datastore/dev/LocalDatastoreService$Profile:getGroup:0"
"2","<-591826253,1>","com/google/appengine/api/datastore/dev/LocalDatastoreService$Profile:getGroups:0"
"2","<-591826253,1>","com/google/appengine/api/datastore/dev/LocalDatastoreService$Profile:getGroups:2202"
"2","<-591826253,1>","com/google/appengine/api/datastore/dev/LocalDatastoreService$Profile:getGroup:2129"
"2","<-591826253,1>","com/google/appengine/api/datastore/dev/LocalDatastoreService$Profile:groom:0"
"2","<-591826253,1>","com/google/appengine/api/datastore/dev/LocalDatastoreService$Profile:getGroupsWithUnappliedJobs:0"
"2","<-591826253,1>","com/google/appengine/api/datastore/dev/LocalDatastoreService$Profile:getGroupsWithUnappliedJobs:2209"
"2","<-591826253,1>","com/google/appengine/api/datastore/dev/LocalDatastoreService$Profile:groom:2148"
"2","<-591826253,1>","com/google/appengine/api/datastore/dev/LocalDatastoreService:get:817"
"2","<-591826253,1>","com/google/appengine/tools/development/ApiProxyLocalImpl$AsyncApiCall:tryReleaseSemaphore:0"
"2","<-591826253,1>","com/google/appengine/tools/development/ApiProxyLocalImpl$AsyncApiCall:tryReleaseSemaphore:577"
"2","<-591826253,1>","java/util/concurrent/FutureTask:run:267"
"2","<-591826253,1>","java/util/concurrent/FutureTask:run:274"
"2","<-591826253,1>","java/util/concurrent/FutureTask:set:233"
"2","<-591826253,1>","java/util/concurrent/FutureTask:finishCompletion:372"
"2","<-591826253,1>","java/util/concurrent/FutureTask:finishCompletion:373"
"2","<-591826253,1>","java/util/concurrent/FutureTask:finishCompletion:384"
"2","<-591826253,1>","java/util/concurrent/FutureTask:finishCompletion:385"
"2","<-591826253,1>","java/util/concurrent/FutureTask:set:234"
"2","<-591826253,1>","java/util/concurrent/FutureTask:run:275"
"2","<-591826253,1>","com/google/appengine/api/datastore/dev/LocalDatastoreService:runQuery:1222"
"2","<-591826253,1>","com/google/appengine/api/datastore/dev/LocalCompositeIndexManager:getInstance:0"
"2","<-591826253,1>","com/google/appengine/api/datastore/dev/LocalCompositeIndexManager:getInstance:766"
"2","<-591826253,1>","com/google/appengine/api/datastore/dev/LocalCompositeIndexManager:updateQueryHistory:840"
"2","<-591826253,1>","com/google/appengine/api/datastore/dev/LocalCompositeIndexManager:updateQueryHistory:841"
"2","<-591826253,1>","com/google/appengine/api/datastore/dev/LocalCompositeIndexManager$XmlIndexFileManager:read:0"
"2","<-591826253,1>","com/google/appengine/api/datastore/dev/LocalCompositeIndexManager$XmlIndexFileManager:read:278"
"2","<-591826253,1>","com/google/appengine/api/datastore/dev/LocalDatastoreService:runQuery:1414"
"2","null","org/jacoco/agent/rt/internal_b0d6a23/Agent$1:run:0"
"2","null","org/jacoco/agent/rt/internal_b0d6a23/output/FileOutput:openFile:69"
"2","null","org/jacoco/agent/rt/internal_b0d6a23/output/FileOutput:openFile:70"
"2","null","org/jacoco/agent/rt/internal_b0d6a23/core/runtime/RuntimeData:collect:83"
"2","null","org/jacoco/agent/rt/internal_b0d6a23/core/runtime/RuntimeData:collect:84"
"2","null","org/jacoco/agent/rt/internal_b0d6a23/core/runtime/RuntimeData:collect:85"
"2","null","org/jacoco/agent/rt/internal_b0d6a23/core/runtime/RuntimeData:collect:91"
"2","null","org/jacoco/agent/rt/internal_b0d6a23/output/FileOutput:writeExecutionData:58"
"2","null","org/jacoco/agent/rt/internal_b0d6a23/output/FileOutput:writeExecutionData:59"
"2","<-8449465,1>","com/google/appengine/api/datastore/dev/LocalDatastoreService$1$1:run:0"
"2","<-8449465,1>","com/google/appengine/api/datastore/dev/LocalDatastoreService:cleanupActiveServices:3317"
"2","<-8449465,1>","com/google/appengine/api/datastore/dev/LocalDatastoreService:cleanupActiveServices:3318"
"3","<main>","org/jacoco/agent/rt/internal_b0d6a23/core/runtime/RuntimeData:getExecutionData:119"
"3","<main>","org/jacoco/agent/rt/internal_b0d6a23/core/runtime/RuntimeData:getExecutionData:120"
"3","<main>","io/yawp/repository/Yawp:safeLoadFeaturesFromConfig:0"
"3","<main>","io/yawp/commons/config/YamlFile:stream:15"
"3","<main>","io/yawp/commons/config/YamlFile:stream:16"
"3","<main>","io/yawp/repository/Yawp:safeLoadFeatures:0"
"3","<main>","org/reflections/util/ClasspathHelper:contextClassLoader:37"
"3","<main>","org/reflections/util/ClasspathHelper:contextClassLoader:38"
"3","<main>","org/reflections/Reflections:scan:189"
"3","<main>","org/reflections/Reflections:scan:190"
"3","<main>","org/reflections/Reflections:scan:219"
"3","<main>","org/reflections/Reflections:scan:220"
"3","<main>","io/yawp/repository/features/scanner/ClassloaderScanner:scan:62"
"3","<main>","io/yawp/repository/features/scanner/ClassloaderScanner:scan:63"
"3","<main>","io/yawp/repository/features/scanner/ClassloaderScanner:scan:64"
"3","<main>","io/yawp/repository/features/scanner/ClassloaderScanner:scan:65"
"3","<main>","io/yawp/repository/Yawp:safeLoadFeatures:88"
"3","<main>","io/yawp/repository/Yawp:safeLoadFeaturesFromConfig:78"
"3","<main>","io/yawp/commons/utils/ResourceFinder:<init>:57"
"3","<main>","io/yawp/commons/utils/ResourceFinder:<init>:58"
"3","<main>","com/google/appengine/tools/development/testing/LocalModulesServiceTestConfig:requiresEnvironmentInstance:0"
"3","<main>","com/google/appengine/tools/development/testing/LocalModulesServiceTestConfig:requiresEnvironmentInstance:309"
"3","<main>","com/google/appengine/tools/development/LocalEnvironment:generateRequestId:246"
"3","<main>","com/google/appengine/tools/development/LocalEnvironment:generateRequestId:247"
"3","<main>","com/google/appengine/tools/development/LocalEnvironment:generateRequestId:249"
"3","<main>","com/google/appengine/tools/development/LocalEnvironment:generateRequestId:250"
"3","<main>","com/google/appengine/tools/development/LocalEnvironment:generateRequestId:251"
"3","<main>","com/google/appengine/tools/development/LocalEnvironment:generateRequestId:252"
"3","<main>","com/google/appengine/tools/development/LocalEnvironment:generateRequestId:255"
"3","<main>","com/google/appengine/tools/development/LocalEnvironment:generateRequestId:256"
"3","<main>","com/google/appengine/tools/development/LocalEnvironment:generateRequestId:258"
"3","<main>","com/google/appengine/tools/development/LocalEnvironment:generateRequestId:259"
"3","<main>","com/google/appengine/tools/development/LocalEnvironment:generateRequestId:261"
"3","<main>","com/google/appengine/tools/development/LocalEnvironment:generateRequestId:262"
"3","<main>","com/google/appengine/tools/development/ApiProxyLocalImpl:<init>:120"
"3","<main>","com/google/appengine/tools/development/ApiProxyLocalImpl:<init>:121"
"3","<main>","com/google/appengine/tools/development/ApiProxyLocalImpl:<init>:119"
"3","<main>","com/google/apphosting/api/ApiProxy:possiblyFlushOutOfBandLogs:225"
"3","<main>","com/google/apphosting/api/ApiProxy:possiblyFlushOutOfBandLogs:228"
"3","<main>","com/google/appengine/tools/development/testing/LocalModulesServiceTestConfig:setUp:0"
"3","<main>","com/google/appengine/tools/development/ApiProxyLocalImpl:getService:0"
"3","<main>","com/google/appengine/tools/development/ApiProxyLocalImpl:getService:600"
"3","<main>","com/google/appengine/tools/development/testing/LocalModulesServiceTestConfig:setUp:157"
"3","<main>","com/google/appengine/repackaged/com/google/common/util/concurrent/ThreadFactoryBuilder:build:157"
"3","<main>","com/google/appengine/repackaged/com/google/common/util/concurrent/ThreadFactoryBuilder:build:158"
"3","<main>","com/google/appengine/api/datastore/dev/LocalDatastoreService:createScheduler:426"
"3","<main>","com/google/appengine/api/datastore/dev/LocalDatastoreService:createScheduler:427"
"3","<main>","com/google/appengine/api/datastore/dev/LocalCompositeIndexManager:init:0"
"3","<main>","com/google/appengine/api/datastore/dev/LocalCompositeIndexManager:init:744"
"3","<main>","com/google/appengine/api/datastore/dev/LocalCompositeIndexManager:getInstance:0"
"3","<main>","com/google/appengine/api/datastore/dev/LocalCompositeIndexManager:getInstance:766"
"3","<main>","com/google/appengine/api/datastore/dev/DefaultHighRepJobPolicy:getUnappliedJobSeedPropValue:123"
"3","<main>","com/google/appengine/api/datastore/dev/DefaultHighRepJobPolicy:getUnappliedJobSeedPropValue:124"
"3","<main>","com/google/appengine/repackaged/com/google/common/collect/MapMakerInternalMap$Segment:initTable:1079"
"3","<main>","com/google/appengine/repackaged/com/google/common/collect/MapMakerInternalMap$Segment:initTable:1080"
"3","<main>","com/google/appengine/api/datastore/dev/EntityGroupPseudoKind:<init>:32"
"3","<main>","com/google/appengine/api/datastore/dev/EntityGroupPseudoKind:<init>:33"
"3","<main>","com/google/appengine/api/datastore/dev/LocalDatastoreService:startInternal:0"
"3","<main>","com/google/appengine/api/datastore/dev/LocalDatastoreService:startInternal:667"
"3","<main>","java/util/concurrent/FutureTask:<init>:152"
"3","<main>","java/util/concurrent/FutureTask:<init>:153"
"3","<main>","com/google/appengine/repackaged/com/google/common/util/concurrent/ThreadFactoryBuilder$1:newThread:164"
"3","<main>","com/google/appengine/repackaged/com/google/common/util/concurrent/ThreadFactoryBuilder$1:newThread:165"
"3","<main>","com/google/appengine/repackaged/com/google/common/util/concurrent/ThreadFactoryBuilder$1:newThread:167"
"3","<main>","com/google/appengine/repackaged/com/google/common/util/concurrent/ThreadFactoryBuilder$1:newThread:168"
"3","<main>","com/google/appengine/api/datastore/dev/LocalDatastoreService:startInternal:668"
"3","<main>","com/google/appengine/api/datastore/dev/LocalDatastoreService:startInternal:679"
"3","<main>","com/google/appengine/api/datastore/dev/LocalDatastoreService:startInternal:680"
"3","<main>","com/google/appengine/api/datastore/dev/LocalDatastoreService:startInternal:704"
"3","<main>","io/yawp/driver/appengine/pipes/flow/Work:<init>:41"
"3","<main>","io/yawp/driver/appengine/pipes/flow/Work:<init>:42"
"3","<main>","io/yawp/testing/appengine/pipes/flow/FlowDropsTest:saveOneLikeToCounterWork:56"
"3","<main>","io/yawp/testing/appengine/pipes/flow/FlowDropsTest:saveOneLikeToCounterWork:57"
"3","<main>","com/google/appengine/spi/ServiceFactoryFactory$RuntimeRegistry:<clinit>:107"
"3","<main>","com/google/appengine/spi/ServiceFactoryFactory$RuntimeRegistry:<clinit>:108"
"3","<main>","com/google/appengine/repackaged/com/google/common/cache/LocalCache$Segment:initTable:2130"
"3","<main>","com/google/appengine/repackaged/com/google/common/cache/LocalCache$Segment:initTable:2131"
"3","<main>","com/google/appengine/api/datastore/DatastoreServiceGlobalConfig:maybeSetUpApiProxyEnvironment:0"
"3","<main>","com/google/appengine/api/datastore/DatastoreServiceGlobalConfig:getConfig:0"
"3","<main>","com/google/appengine/api/datastore/EnvProxy:getenv:29"
"3","<main>","com/google/appengine/api/datastore/EnvProxy:getenv:33"
"3","<main>","com/google/appengine/api/datastore/DatastoreServiceGlobalConfig:setConfig:0"
"3","<main>","com/google/appengine/api/datastore/DatastoreServiceGlobalConfig:getConfig:46"
"3","<main>","com/google/appengine/api/datastore/DatastoreServiceGlobalConfig:maybeSetUpApiProxyEnvironment:101"
"3","<main>","com/google/appengine/api/datastore/DatastoreServiceGlobalConfig:setConfig:71"
"3","<main>","com/google/appengine/repackaged/com/google/io/protocol/ProtocolMessage:storeStringsOnlyAsBytes:2520"
"3","<main>","com/google/appengine/repackaged/com/google/io/protocol/ProtocolMessage:storeStringsOnlyAsBytes:2521"
"3","<main>","com/google/appengine/tools/development/ApiProxyLocalImpl:makeAsyncCall:203"
"3","<main>","com/google/appengine/tools/development/ApiProxyLocalImpl:makeAsyncCall:204"
"3","<main>","com/google/appengine/tools/development/ApiProxyLocalImpl$PrivilegedApiAction:run:275"
"3","<main>","com/google/appengine/tools/development/ApiProxyLocalImpl$DaemonThreadFactory:newThread:670"
"3","<main>","com/google/appengine/tools/development/ApiProxyLocalImpl$DaemonThreadFactory:newThread:671"
"3","<main>","com/google/appengine/tools/development/ApiProxyLocalImpl$PrivilegedApiAction:run:276"
"3","<main>","com/google/appengine/api/datastore/FutureHelper:getInternal:76"
"3","<main>","com/google/appengine/api/utils/FutureWrapper:get:80"
"3","<main>","com/google/appengine/api/utils/FutureWrapper:get:81"
"3","<main>","com/google/appengine/api/utils/FutureWrapper:get:89"
"3","<main>","com/google/appengine/api/datastore/Batcher$ReorderingMultiFuture:get:127"
"3","<main>","com/google/appengine/tools/development/ApiProxyLocalImpl$PrivilegedApiAction$1:get:309"
"3","<main>","java/util/concurrent/FutureTask:get:191"
"3","<main>","java/util/concurrent/FutureTask:awaitDone:402"
"3","<main>","java/util/concurrent/FutureTask:awaitDone:403"
"3","<main>","java/util/concurrent/FutureTask:awaitDone:429"
"3","<main>","java/util/concurrent/FutureTask:awaitDone:430"
"3","<main>","java/util/concurrent/FutureTask:get:192"
"3","<main>","java/util/concurrent/FutureTask:get:193"
"3","<main>","com/google/appengine/tools/development/ApiProxyLocalImpl$PrivilegedApiAction$1:get:310"
"3","<main>","com/google/appengine/api/utils/FutureWrapper:get:90"
"3","<main>","com/google/appengine/api/utils/FutureWrapper:get:100"
"3","<main>","com/google/appengine/api/utils/FutureWrapper:get:101"
"3","<main>","com/google/appengine/api/datastore/Batcher$ReorderingMultiFuture:get:128"
"3","<main>","com/google/appengine/api/datastore/FutureHelper:getInternal:77"
"3","<main>","com/google/appengine/api/taskqueue/QueueFactoryImpl:getQueue:0"
"3","<main>","com/google/appengine/api/taskqueue/QueueFactoryImpl:getQueue:23"
"3","<main>","com/google/appengine/api/taskqueue/QueueImpl:currentTimeMillis:563"
"3","<main>","com/google/appengine/api/taskqueue/QueueImpl:currentTimeMillis:564"
"3","<main>","com/google/appengine/api/taskqueue/QueueApiHelper:getInternal:78"
"3","<main>","com/google/appengine/api/taskqueue/QueueApiHelper:getInternal:79"
"3","<main>","io/yawp/testing/appengine/AsyncHelper:awaitAsync:0"
"3","<main>","io/yawp/testing/appengine/AsyncHelper:awaitAsync:16"
"3","<main>","io/yawp/testing/appengine/AsyncHelper:awaitAsync:17"
"3","<main>","io/yawp/testing/appengine/AsyncHelper:awaitAsync:19"
"3","<main>","io/yawp/testing/appengine/AsyncHelper:awaitAsync:20"
"3","<main>","com/google/appengine/tools/development/ApiProxyLocalImpl:getService:597"
"3","<main>","org/quartz/simpl/RAMJobStore:getJobNames:669"
"3","<main>","org/quartz/simpl/RAMJobStore:getJobNames:679"
"3","<main>","org/quartz/simpl/RAMJobStore:getTriggersForJob:785"
"3","<main>","org/quartz/simpl/RAMJobStore:getTriggersForJob:790"
"3","<main>","io/yawp/testing/appengine/AsyncHelper:awaitAsync:25"
"3","<main>","io/yawp/testing/appengine/AsyncHelper:awaitAsync:26"
"3","<main>","io/yawp/testing/appengine/AsyncHelper:awaitAsync:27"
"3","<main>","com/google/appengine/api/datastore/AsyncDatastoreServiceImpl$5:getFutureWithOptionalTimeout:291"
"3","<main>","com/google/appengine/api/datastore/AsyncDatastoreServiceImpl$5:getFutureWithOptionalTimeout:292"
"3","<main>","com/google/appengine/repackaged/com/google/io/protocol/ProtocolMessage:toByteBuffer:396"
"3","<main>","com/google/appengine/repackaged/com/google/io/protocol/ProtocolMessage:toByteBuffer:397"
"3","<main>","com/google/appengine/repackaged/com/google/io/protocol/ProtocolMessage:toByteBuffer:398"
"3","<main>","com/google/appengine/repackaged/com/google/protobuf/ByteString:copyFrom:323"
"3","<main>","com/google/appengine/repackaged/com/google/protobuf/ByteString:copyFrom:324"
"3","<main>","com/google/appengine/api/datastore/dev/LocalDatastoreService:stop:0"
"3","<main>","java/util/concurrent/FutureTask:cancel:180"
"3","<main>","java/util/concurrent/FutureTask:finishCompletion:384"
"3","<main>","java/util/concurrent/FutureTask:finishCompletion:385"
"3","<main>","java/util/concurrent/FutureTask:cancel:181"
"3","<main>","com/google/appengine/api/datastore/dev/LocalDatastoreService:stop:726"
"3","<main>","com/google/appengine/repackaged/org/apache/commons/logging/LogFactory:directGetContextClassLoader:840"
"3","<main>","com/google/appengine/repackaged/org/apache/commons/logging/LogFactory:directGetContextClassLoader:841"
"3","<main>","org/quartz/core/QuartzSchedulerThread:togglePause:157"
"3","<main>","org/quartz/core/QuartzSchedulerThread:togglePause:165"
"3","<main>","org/quartz/core/QuartzSchedulerThread:halt:174"
"3","<main>","org/quartz/core/QuartzSchedulerThread:halt:178"
"3","<main>","org/quartz/core/QuartzSchedulerThread:halt:179"
"3","<main>","org/quartz/core/QuartzSchedulerThread:halt:182"
"3","<main>","org/quartz/simpl/SimpleThreadPool:shutdown:307"
"3","<main>","org/quartz/simpl/SimpleThreadPool:shutdown:308"
"3","<main>","org/quartz/simpl/SimpleThreadPool:shutdown:309"
"3","<main>","org/quartz/impl/SchedulerRepository:getInstance:0"
"3","<main>","org/quartz/impl/SchedulerRepository:getInstance:75"
"3","<main>","org/quartz/impl/SchedulerRepository:remove:0"
"3","<main>","org/quartz/impl/SchedulerRepository:remove:89"
"3","<main>","com/google/appengine/api/memcache/dev/LocalMemcacheService:flushAll:602"
"3","<main>","com/google/appengine/api/memcache/dev/LocalMemcacheService:flushAll:607"
"3","<main>","com/google/apphosting/api/ApiProxy:getEnvironmentFactory:0"
"3","<main>","com/google/apphosting/api/ApiProxy:getEnvironmentFactory:313"
"3","<131724096,1>","java/util/concurrent/FutureTask:run:0"
"3","<131724096,1>","java/util/concurrent/FutureTask:run:258"
"3","<131724096,1>","java/util/concurrent/FutureTask:run:259"
"3","<131724096,1>","java/util/concurrent/FutureTask:run:266"
"3","<131724096,1>","com/google/appengine/tools/development/ApiProxyLocalImpl$AsyncApiCall:call:0"
"3","<131724096,1>","com/google/apphosting/api/ApiProxy:possiblyFlushOutOfBandLogs:225"
"3","<131724096,1>","com/google/apphosting/api/ApiProxy:possiblyFlushOutOfBandLogs:228"
"3","<131724096,1>","com/google/appengine/tools/development/ApiProxyLocalImpl:getService:0"
"3","<131724096,1>","com/google/appengine/tools/development/ApiProxyLocalImpl:getService:597"
"3","<131724096,1>","org/jacoco/agent/rt/internal_b0d6a23/core/runtime/RuntimeData:getExecutionData:119"
"3","<131724096,1>","org/jacoco/agent/rt/internal_b0d6a23/core/runtime/RuntimeData:getExecutionData:120"
"3","<131724096,1>","com/google/appengine/tools/development/Clock$1:getCurrentTime:23"
"3","<131724096,1>","com/google/appengine/tools/development/Clock$1:getCurrentTime:24"
"3","<131724096,1>","com/google/appengine/api/datastore/dev/LocalDatastoreService:put:825"
"3","<131724096,1>","com/google/appengine/api/datastore/dev/LocalDatastoreService:put:826"
"3","<131724096,1>","com/google/appengine/repackaged/com/google/io/protocol/ProtocolMessage:storeStringsOnlyAsBytes:2520"
"3","<131724096,1>","com/google/appengine/repackaged/com/google/io/protocol/ProtocolMessage:storeStringsOnlyAsBytes:2521"
"3","<131724096,1>","com/google/appengine/api/datastore/dev/LocalDatastoreService:putImpl:898"
"3","<131724096,1>","com/google/appengine/api/datastore/dev/LocalDatastoreService:putImpl:899"
"3","<131724096,1>","com/google/appengine/repackaged/com/google/protobuf/Internal:<clinit>:386"
"3","<131724096,1>","com/google/appengine/repackaged/com/google/protobuf/Internal:<clinit>:387"
"3","<131724096,1>","com/google/appengine/api/datastore/dev/LocalDatastoreService:getOrCreateProfile:1810"
"3","<131724096,1>","com/google/appengine/api/datastore/dev/LocalDatastoreService:getOrCreateProfile:1817"
"3","<131724096,1>","com/google/appengine/api/datastore/dev/LocalDatastoreService:putImpl:926"
"3","<131724096,1>","com/google/appengine/api/datastore/dev/LocalDatastoreService$Profile:getGroup:0"
"3","<131724096,1>","com/google/appengine/api/datastore/dev/LocalDatastoreService$Profile:getGroups:0"
"3","<131724096,1>","com/google/appengine/api/datastore/dev/LocalDatastoreService$Profile:getGroups:2202"
"3","<131724096,1>","com/google/appengine/api/datastore/dev/LocalDatastoreService$Profile:getGroup:2129"
"3","<131724096,1>","com/google/appengine/api/datastore/dev/LocalDatastoreService$Profile$EntityGroup:incrementVersion:1915"
"3","<131724096,1>","com/google/appengine/api/datastore/dev/LocalDatastoreService$Profile$EntityGroup:incrementVersion:1916"
"3","<131724096,1>","com/google/appengine/api/datastore/dev/LocalCompositeIndexManager$XmlIndexFileManager:read:0"
"3","<131724096,1>","com/google/appengine/api/datastore/dev/LocalCompositeIndexManager$XmlIndexFileManager:read:278"
"3","<131724096,1>","com/google/appengine/api/datastore/dev/LocalDatastoreService$Profile:getGroupsWithUnappliedJobs:0"
"3","<131724096,1>","com/google/appengine/api/datastore/dev/LocalDatastoreService$Profile:getGroupsWithUnappliedJobs:2209"
"3","<131724096,1>","com/google/appengine/api/datastore/dev/LocalDatastoreService:getOrCreateExtent:1823"
"3","<131724096,1>","com/google/appengine/api/datastore/dev/LocalDatastoreService:getOrCreateExtent:1829"
"3","<131724096,1>","com/google/appengine/api/datastore/dev/LocalDatastoreService:putImpl:962"
"3","<131724096,1>","com/google/appengine/api/datastore/dev/LocalDatastoreService:put:828"
"3","<131724096,1>","com/google/appengine/api/datastore/dev/LocalDatastoreService:put:829"
"3","<131724096,1>","com/google/appengine/tools/development/ApiProxyLocalImpl$AsyncApiCall:tryReleaseSemaphore:0"
"3","<131724096,1>","com/google/appengine/tools/development/ApiProxyLocalImpl$AsyncApiCall:tryReleaseSemaphore:577"
"3","<131724096,1>","java/util/concurrent/FutureTask:run:267"
"3","<131724096,1>","java/util/concurrent/FutureTask:run:274"
"3","<131724096,1>","java/util/concurrent/FutureTask:set:233"
"3","<131724096,1>","java/util/concurrent/FutureTask:finishCompletion:372"
"3","<131724096,1>","java/util/concurrent/FutureTask:finishCompletion:373"
"3","<131724096,1>","java/util/concurrent/FutureTask:finishCompletion:384"
"3","<131724096,1>","java/util/concurrent/FutureTask:finishCompletion:385"
"3","<131724096,1>","java/util/concurrent/FutureTask:set:234"
"3","<131724096,1>","java/util/concurrent/FutureTask:run:275"
"3","<131724096,1>","com/google/appengine/repackaged/com/google/common/collect/Interners$StrongInterner:intern:122"
"3","<131724096,1>","com/google/appengine/repackaged/com/google/common/collect/Interners$StrongInterner:intern:123"
"3","<131724096,1>","org/quartz/impl/SchedulerRepository:getInstance:0"
"3","<131724096,1>","org/quartz/impl/SchedulerRepository:getInstance:75"
"3","<131724096,1>","org/quartz/impl/SchedulerRepository:lookup:0"
"3","<131724096,1>","org/quartz/impl/SchedulerRepository:lookup:93"
"3","<131724096,1>","org/quartz/impl/StdSchedulerFactory:loadClass:1111"
"3","<131724096,1>","org/quartz/impl/StdSchedulerFactory:loadClass:1112"
"3","<131724096,1>","org/quartz/simpl/InitThreadContextClassLoadHelper:initialize:67"
"3","<131724096,1>","org/quartz/simpl/InitThreadContextClassLoadHelper:initialize:68"
"3","<131724096,1>","org/quartz/simpl/RAMJobStore:<clinit>:1110"
"3","<131724096,1>","org/quartz/simpl/RAMJobStore:<clinit>:1111"
"3","<131724096,1>","org/quartz/simpl/SimpleThreadPool:initialize:232"
"3","<131724096,1>","org/quartz/simpl/SimpleThreadPool:initialize:233"
"3","<131724096,1>","com/google/appengine/repackaged/org/apache/commons/logging/LogFactory:directGetContextClassLoader:840"
"3","<131724096,1>","com/google/appengine/repackaged/org/apache/commons/logging/LogFactory:directGetContextClassLoader:841"
"3","<131724096,1>","com/google/appengine/repackaged/org/apache/commons/logging/impl/WeakHashtable:put:0"
"3","<131724096,1>","com/google/appengine/repackaged/org/apache/commons/logging/impl/WeakHashtable:put:243"
"3","<131724096,1>","org/quartz/simpl/SimpleThreadPool:initialize:247"
"3","<131724096,1>","org/quartz/simpl/SimpleThreadPool:initialize:248"
"3","<131724096,1>","org/quartz/simpl/SimpleThreadPool:initialize:255"
"3","<131724096,1>","org/quartz/simpl/SimpleThreadPool:initialize:256"
"3","<131724096,1>","org/quartz/core/QuartzSchedulerThread:<init>:70"
"3","<131724096,1>","org/quartz/core/QuartzSchedulerThread:<init>:71"
"3","<131724096,1>","org/quartz/impl/SchedulerRepository:bind:0"
"3","<131724096,1>","org/quartz/impl/SchedulerRepository:bind:86"
"3","<131724096,1>","org/quartz/core/QuartzSchedulerThread:togglePause:157"
"3","<131724096,1>","org/quartz/core/QuartzSchedulerThread:togglePause:163"
"3","<131724096,1>","org/quartz/core/QuartzSchedulerThread:togglePause:164"
"3","<131724096,1>","org/quartz/core/QuartzSchedulerThread:togglePause:165"
"3","<131724096,1>","com/google/appengine/tools/development/ApiProxyLocalImpl:getService:600"
"3","<131724096,1>","com/google/appengine/api/taskqueue/dev/DevPushQueue:scheduleTask:0"
"3","<131724096,1>","org/quartz/simpl/RAMJobStore:storeJob:224"
"3","<131724096,1>","org/quartz/simpl/RAMJobStore:storeJob:241"
"3","<131724096,1>","org/quartz/simpl/RAMJobStore:storeTrigger:319"
"3","<131724096,1>","org/quartz/simpl/RAMJobStore:storeTrigger:333"
"3","<131724096,1>","org/quartz/simpl/RAMJobStore:storeTrigger:343"
"3","<131724096,1>","org/quartz/simpl/RAMJobStore:storeTrigger:344"
"3","<131724096,1>","com/google/appengine/api/taskqueue/dev/DevPushQueue:scheduleTask:118"
"3","<131724096,1>","com/google/appengine/repackaged/com/google/io/protocol/ProtocolMessage:toByteBuffer:396"
"3","<131724096,1>","com/google/appengine/repackaged/com/google/io/protocol/ProtocolMessage:toByteBuffer:397"
"3","<131724096,1>","com/google/appengine/repackaged/com/google/io/protocol/ProtocolMessage:toByteBuffer:398"
"3","<131724096,1>","com/google/appengine/repackaged/com/google/protobuf/ByteString:copyFrom:323"
"3","<131724096,1>","com/google/appengine/repackaged/com/google/protobuf/ByteString:copyFrom:324"
"3","<131724096,1>","com/google/appengine/api/datastore/dev/LocalDatastoreService:runQuery:1222"
"3","<131724096,1>","com/google/appengine/api/datastore/dev/NamespacePseudoKind:runQuery:79"
"3","<131724096,1>","com/google/appengine/api/datastore/dev/NamespacePseudoKind:runQuery:103"
"3","<131724096,1>","com/google/appengine/api/datastore/dev/LocalDatastoreService$Profile:groom:0"
"3","<131724096,1>","com/google/appengine/api/datastore/dev/LocalDatastoreService$Profile:groom:2148"
"3","<131724096,1>","com/google/appengine/api/datastore/dev/LocalCompositeIndexManager:getInstance:0"
"3","<131724096,1>","com/google/appengine/api/datastore/dev/LocalCompositeIndexManager:getInstance:766"
"3","<131724096,1>","com/google/appengine/api/datastore/dev/LocalCompositeIndexManager:updateQueryHistory:840"
"3","<131724096,1>","com/google/appengine/api/datastore/dev/LocalCompositeIndexManager:updateQueryHistory:841"
"3","<131724096,1>","com/google/appengine/api/datastore/dev/LocalDatastoreService:runQuery:1414"
"3","<131724096,1>","com/google/appengine/api/datastore/dev/LocalDatastoreService:get:784"
"3","<131724096,1>","com/google/appengine/api/datastore/dev/LocalDatastoreService:get:817"
"3","<131724096,1>","com/google/appengine/api/datastore/dev/LocalDatastoreService:delete:1068"
"3","<131724096,1>","com/google/appengine/api/datastore/dev/LocalDatastoreService:delete:1069"
"3","<131724096,1>","com/google/appengine/api/datastore/dev/LocalDatastoreService:deleteImpl:1112"
"3","<131724096,1>","com/google/appengine/api/datastore/dev/LocalDatastoreService:deleteImpl:1148"
"3","<131724096,1>","com/google/appengine/api/datastore/dev/LocalDatastoreService:delete:1071"
"3","<131724096,1>","com/google/appengine/api/datastore/dev/LocalDatastoreService:delete:1072"
"3","<1109928280,1>","org/quartz/simpl/SimpleThreadPool$WorkerThread:run:0"
"3","<1109928280,1>","org/quartz/simpl/SimpleThreadPool:getNextRunnable:427"
"3","<1109928280,1>","org/quartz/simpl/SimpleThreadPool:getNextRunnable:428"
"3","<1109928280,1>","org/quartz/simpl/SimpleThreadPool:getNextRunnable:429"
"3","<1109928280,1>","org/quartz/simpl/SimpleThreadPool:getNextRunnable:435"
"3","<1109928280,1>","com/google/appengine/repackaged/org/apache/commons/logging/LogFactory:directGetContextClassLoader:840"
"3","<1109928280,1>","com/google/appengine/repackaged/org/apache/commons/logging/LogFactory:directGetContextClassLoader:841"
"3","<1109928280,2>","org/quartz/simpl/SimpleThreadPool$WorkerThread:run:0"
"3","<1109928280,2>","org/quartz/simpl/SimpleThreadPool:getNextRunnable:427"
"3","<1109928280,2>","org/quartz/simpl/SimpleThreadPool:getNextRunnable:428"
"3","<1109928280,2>","org/quartz/simpl/SimpleThreadPool:getNextRunnable:429"
"3","<1109928280,2>","org/quartz/simpl/SimpleThreadPool:getNextRunnable:435"
"3","<1109928280,2>","com/google/appengine/repackaged/org/apache/commons/logging/LogFactory:directGetContextClassLoader:840"
"3","<1109928280,2>","com/google/appengine/repackaged/org/apache/commons/logging/LogFactory:directGetContextClassLoader:841"
"3","<1109928280,3>","org/quartz/simpl/SimpleThreadPool$WorkerThread:run:0"
"3","<1109928280,3>","org/quartz/simpl/SimpleThreadPool:getNextRunnable:427"
"3","<1109928280,3>","org/quartz/simpl/SimpleThreadPool:getNextRunnable:428"
"3","<1109928280,3>","org/quartz/simpl/SimpleThreadPool:getNextRunnable:429"
"3","<1109928280,3>","org/quartz/simpl/SimpleThreadPool:getNextRunnable:435"
"3","<1109928280,3>","com/google/appengine/repackaged/org/apache/commons/logging/LogFactory:directGetContextClassLoader:840"
"3","<1109928280,3>","com/google/appengine/repackaged/org/apache/commons/logging/LogFactory:directGetContextClassLoader:841"
"3","<1109928280,4>","org/quartz/simpl/SimpleThreadPool$WorkerThread:run:0"
"3","<1109928280,4>","org/quartz/simpl/SimpleThreadPool:getNextRunnable:427"
"3","<1109928280,4>","org/quartz/simpl/SimpleThreadPool:getNextRunnable:428"
"3","<1109928280,4>","org/quartz/simpl/SimpleThreadPool:getNextRunnable:429"
"3","<1109928280,4>","org/quartz/simpl/SimpleThreadPool:getNextRunnable:435"
"3","<1109928280,4>","com/google/appengine/repackaged/org/apache/commons/logging/LogFactory:directGetContextClassLoader:840"
"3","<1109928280,4>","com/google/appengine/repackaged/org/apache/commons/logging/LogFactory:directGetContextClassLoader:841"
"3","<1109928280,0>","org/quartz/simpl/SimpleThreadPool$WorkerThread:run:0"
"3","<1109928280,0>","org/quartz/simpl/SimpleThreadPool:getNextRunnable:427"
"3","<1109928280,0>","org/quartz/simpl/SimpleThreadPool:getNextRunnable:428"
"3","<1109928280,0>","org/quartz/simpl/SimpleThreadPool:getNextRunnable:429"
"3","<1109928280,0>","org/quartz/simpl/SimpleThreadPool:getNextRunnable:433"
"3","<1109928280,0>","org/quartz/simpl/SimpleThreadPool:getNextRunnable:434"
"3","<1109928280,0>","org/quartz/simpl/SimpleThreadPool:getNextRunnable:435"
"3","<1109928280,0>","org/quartz/simpl/SimpleThreadPool$WorkerThread:run:520"
"3","<1109928280,0>","org/quartz/core/JobRunShell:run:0"
"3","<1109928280,0>","org/quartz/core/ExecutingJobsManager:jobToBeExecuted:2050"
"3","<1109928280,0>","org/quartz/core/ExecutingJobsManager:jobToBeExecuted:2053"
"3","<1109928280,0>","org/quartz/core/JobRunShell:run:197"
"3","<1109928280,0>","org/quartz/core/JobRunShell:run:198"
"3","<1109928280,0>","org/jacoco/agent/rt/internal_b0d6a23/core/runtime/RuntimeData:getExecutionData:119"
"3","<1109928280,0>","org/jacoco/agent/rt/internal_b0d6a23/core/runtime/RuntimeData:getExecutionData:120"
"3","<1109928280,0>","com/google/appengine/repackaged/com/google/io/protocol/ProtocolMessage:storeStringsOnlyAsBytes:2520"
"3","<1109928280,0>","com/google/appengine/repackaged/com/google/io/protocol/ProtocolMessage:storeStringsOnlyAsBytes:2521"
"3","<1109928280,0>","com/google/appengine/tools/development/Clock$1:getCurrentTime:23"
"3","<1109928280,0>","com/google/appengine/tools/development/Clock$1:getCurrentTime:24"
"3","<1109928280,0>","com/google/appengine/tools/development/LocalEnvironment:generateRequestId:246"
"3","<1109928280,0>","com/google/appengine/tools/development/LocalEnvironment:generateRequestId:247"
"3","<1109928280,0>","com/google/appengine/tools/development/LocalEnvironment:generateRequestId:249"
"3","<1109928280,0>","com/google/appengine/tools/development/LocalEnvironment:generateRequestId:250"
"3","<1109928280,0>","com/google/appengine/tools/development/LocalEnvironment:generateRequestId:251"
"3","<1109928280,0>","com/google/appengine/tools/development/LocalEnvironment:generateRequestId:252"
"3","<1109928280,0>","com/google/appengine/tools/development/LocalEnvironment:generateRequestId:255"
"3","<1109928280,0>","com/google/appengine/tools/development/LocalEnvironment:generateRequestId:256"
"3","<1109928280,0>","com/google/appengine/tools/development/LocalEnvironment:generateRequestId:258"
"3","<1109928280,0>","com/google/appengine/tools/development/LocalEnvironment:generateRequestId:259"
"3","<1109928280,0>","com/google/appengine/tools/development/LocalEnvironment:generateRequestId:261"
"3","<1109928280,0>","com/google/appengine/tools/development/LocalEnvironment:generateRequestId:262"
"3","<1109928280,0>","com/google/apphosting/api/ApiProxy:possiblyFlushOutOfBandLogs:225"
"3","<1109928280,0>","com/google/apphosting/api/ApiProxy:possiblyFlushOutOfBandLogs:228"
"3","<1109928280,0>","io/yawp/driver/appengine/pipes/flow/drops/FlowDropsNamespaceFanoutTask:run:0"
"3","<1109928280,0>","com/google/appengine/api/datastore/DatastoreServiceGlobalConfig:getConfig:0"
"3","<1109928280,0>","com/google/appengine/api/datastore/DatastoreServiceGlobalConfig:getConfig:46"
"3","<1109928280,0>","com/google/appengine/api/datastore/DatastoreServiceGlobalConfig:maybeSetUpApiProxyEnvironment:0"
"3","<1109928280,0>","com/google/appengine/api/datastore/DatastoreServiceGlobalConfig:maybeSetUpApiProxyEnvironment:101"
"3","<1109928280,0>","com/google/appengine/tools/development/ApiProxyLocalImpl:makeAsyncCall:203"
"3","<1109928280,0>","com/google/appengine/tools/development/ApiProxyLocalImpl:makeAsyncCall:204"
"3","<1109928280,0>","com/google/appengine/tools/development/ApiProxyLocalImpl$PrivilegedApiAction:run:275"
"3","<1109928280,0>","com/google/appengine/tools/development/ApiProxyLocalImpl$PrivilegedApiAction:run:276"
"3","<1109928280,0>","com/google/appengine/api/datastore/FutureHelper:getInternal:76"
"3","<1109928280,0>","com/google/appengine/api/utils/FutureWrapper:get:80"
"3","<1109928280,0>","com/google/appengine/api/utils/FutureWrapper:get:81"
"3","<1109928280,0>","com/google/appengine/api/utils/FutureWrapper:get:89"
"3","<1109928280,0>","com/google/appengine/tools/development/ApiProxyLocalImpl$PrivilegedApiAction$1:get:309"
"3","<1109928280,0>","java/util/concurrent/FutureTask:get:191"
"3","<1109928280,0>","java/util/concurrent/FutureTask:awaitDone:402"
"3","<1109928280,0>","java/util/concurrent/FutureTask:awaitDone:403"
"3","<1109928280,0>","java/util/concurrent/FutureTask:awaitDone:429"
"3","<1109928280,0>","java/util/concurrent/FutureTask:awaitDone:430"
"3","<1109928280,0>","java/util/concurrent/FutureTask:get:192"
"3","<1109928280,0>","java/util/concurrent/FutureTask:get:193"
"3","<1109928280,0>","com/google/appengine/tools/development/ApiProxyLocalImpl$PrivilegedApiAction$1:get:310"
"3","<1109928280,0>","com/google/appengine/api/utils/FutureWrapper:get:90"
"3","<1109928280,0>","com/google/appengine/api/utils/FutureWrapper:get:100"
"3","<1109928280,0>","com/google/appengine/api/utils/FutureWrapper:get:101"
"3","<1109928280,0>","com/google/appengine/api/datastore/FutureHelper:getInternal:77"
"3","<1109928280,0>","com/google/appengine/repackaged/com/google/io/protocol/ProtocolMessage:toByteBuffer:396"
"3","<1109928280,0>","com/google/appengine/repackaged/com/google/io/protocol/ProtocolMessage:toByteBuffer:397"
"3","<1109928280,0>","com/google/appengine/repackaged/com/google/io/protocol/ProtocolMessage:toByteBuffer:398"
"3","<1109928280,0>","com/google/appengine/repackaged/com/google/protobuf/ByteString:copyFrom:323"
"3","<1109928280,0>","com/google/appengine/repackaged/com/google/protobuf/ByteString:copyFrom:324"
"3","<1109928280,0>","com/google/appengine/api/taskqueue/QueueFactoryImpl:getQueue:0"
"3","<1109928280,0>","com/google/appengine/api/taskqueue/QueueFactoryImpl:getQueue:23"
"3","<1109928280,0>","com/google/appengine/api/taskqueue/QueueImpl:currentTimeMillis:563"
"3","<1109928280,0>","com/google/appengine/api/taskqueue/QueueImpl:currentTimeMillis:564"
"3","<1109928280,0>","com/google/appengine/api/taskqueue/QueueApiHelper:getInternal:78"
"3","<1109928280,0>","com/google/appengine/api/taskqueue/QueueApiHelper:getInternal:79"
"3","<1109928280,0>","org/quartz/simpl/RAMJobStore:removeTrigger:366"
"3","<1109928280,0>","org/quartz/simpl/RAMJobStore:getTriggersForJob:785"
"3","<1109928280,0>","org/quartz/simpl/RAMJobStore:getTriggersForJob:790"
"3","<1109928280,0>","org/quartz/simpl/RAMJobStore:removeJob:271"
"3","<1109928280,0>","org/quartz/simpl/RAMJobStore:removeJob:281"
"3","<1109928280,0>","org/quartz/simpl/RAMJobStore:removeTrigger:398"
"3","<1109928280,0>","org/quartz/core/JobRunShell:run:204"
"3","<1109928280,0>","org/quartz/core/JobRunShell:run:205"
"3","<1109928280,0>","org/quartz/core/ExecutingJobsManager:jobWasExecuted:2058"
"3","<1109928280,0>","org/quartz/core/ExecutingJobsManager:jobWasExecuted:2060"
"3","<1109928280,0>","org/quartz/simpl/RAMJobStore:triggeredJobComplete:1263"
"3","<1109928280,0>","org/quartz/simpl/RAMJobStore:triggeredJobComplete:1338"
"3","<1109928280,0>","org/quartz/simpl/SimpleThreadPool$WorkerThread:run:521"
"3","<1109928280,0>","io/yawp/driver/appengine/pipes/flow/drops/FlowDropsTask:run:0"
"3","<1109928280,0>","io/yawp/driver/appengine/pipes/flow/drops/FlowDropsTask:worksQuery:95"
"3","<1109928280,0>","io/yawp/driver/appengine/pipes/flow/drops/FlowDropsTask:worksQuery:96"
"3","<1109928280,0>","io/yawp/driver/appengine/pipes/flow/Work:<init>:41"
"3","<1109928280,0>","io/yawp/driver/appengine/pipes/flow/Work:<init>:42"
"3","<1109928280,0>","io/yawp/commons/utils/ReflectionUtils:clazzForName:175"
"3","<1109928280,0>","io/yawp/commons/utils/ReflectionUtils:clazzForName:176"
"3","<1109928280,0>","com/google/appengine/tools/development/ApiProxyLocalImpl$DaemonThreadFactory:newThread:670"
"3","<1109928280,0>","com/google/appengine/tools/development/ApiProxyLocalImpl$DaemonThreadFactory:newThread:671"
"3","<1109928280,0>","io/yawp/repository/FutureObject:setObject:74"
"3","<1109928280,0>","com/google/appengine/api/datastore/AsyncDatastoreServiceImpl$5:getFutureWithOptionalTimeout:291"
"3","<1109928280,0>","com/google/appengine/api/datastore/AsyncDatastoreServiceImpl$5:getFutureWithOptionalTimeout:292"
"3","<1109928280,0>","io/yawp/repository/FutureObject:setObject:75"
"3","<1109928280,0>","com/google/appengine/api/datastore/Batcher$ReorderingMultiFuture:get:127"
"3","<1109928280,0>","com/google/appengine/api/datastore/Batcher$ReorderingMultiFuture:get:128"
"3","<1109928280,0>","com/google/appengine/repackaged/org/apache/commons/logging/LogFactory:directGetContextClassLoader:840"
"3","<1109928280,0>","com/google/appengine/repackaged/org/apache/commons/logging/LogFactory:directGetContextClassLoader:841"
"3","<1504360032,1>","org/quartz/core/QuartzSchedulerThread:run:0"
"3","<1504360032,1>","org/quartz/core/QuartzSchedulerThread:run:214"
"3","<1504360032,1>","org/quartz/core/QuartzSchedulerThread:run:218"
"3","<1504360032,1>","org/quartz/core/QuartzSchedulerThread:run:219"
"3","<1504360032,1>","org/quartz/core/QuartzSchedulerThread:run:226"
"3","<1504360032,1>","org/quartz/core/QuartzSchedulerThread:run:230"
"3","<1504360032,1>","org/quartz/core/QuartzSchedulerThread:run:231"
"3","<1504360032,1>","org/quartz/simpl/RAMJobStore:acquireNextTrigger:1127"
"3","<1504360032,1>","org/quartz/simpl/RAMJobStore:acquireNextTrigger:1133"
"3","<1504360032,1>","org/quartz/core/QuartzSchedulerThread:run:385"
"3","<1504360032,1>","org/quartz/core/QuartzSchedulerThread:run:386"
"3","<1504360032,1>","org/quartz/core/QuartzSchedulerThread:run:394"
"3","<1504360032,1>","org/quartz/core/QuartzSchedulerThread:run:395"
"3","<1504360032,1>","org/quartz/core/QuartzSchedulerThread:run:398"
"3","<1504360032,1>","org/quartz/core/QuartzSchedulerThread:run:399"
"3","<1504360032,1>","org/quartz/simpl/RAMJobStore:applyMisfire:1086"
"3","<1504360032,1>","org/quartz/simpl/RAMJobStore:applyMisfire:1087"
"3","<1504360032,1>","org/quartz/simpl/RAMJobStore:getFiredTriggerRecordId:0"
"3","<1504360032,1>","org/quartz/simpl/RAMJobStore:getFiredTriggerRecordId:1113"
"3","<1504360032,1>","org/quartz/simpl/RAMJobStore:acquireNextTrigger:1162"
"3","<1504360032,1>","org/quartz/core/QuartzSchedulerThread:run:252"
"3","<1504360032,1>","org/quartz/core/QuartzSchedulerThread:run:253"
"3","<1504360032,1>","org/quartz/simpl/RAMJobStore:triggerFired:1197"
"3","<1504360032,1>","org/jacoco/agent/rt/internal_b0d6a23/core/runtime/RuntimeData:getExecutionData:119"
"3","<1504360032,1>","org/jacoco/agent/rt/internal_b0d6a23/core/runtime/RuntimeData:getExecutionData:120"
"3","<1504360032,1>","org/quartz/simpl/RAMJobStore:triggerFired:1247"
"3","<1504360032,1>","com/google/appengine/repackaged/org/apache/commons/logging/LogFactory:directGetContextClassLoader:840"
"3","<1504360032,1>","com/google/appengine/repackaged/org/apache/commons/logging/LogFactory:directGetContextClassLoader:841"
"3","<1504360032,1>","org/quartz/simpl/SimpleThreadPool:runInThread:378"
"3","<1504360032,1>","org/quartz/simpl/SimpleThreadPool:runInThread:393"
"3","<1504360032,1>","org/quartz/simpl/SimpleThreadPool:runInThread:394"
"3","<1504360032,1>","org/quartz/simpl/SimpleThreadPool:runInThread:395"
"3","<1504360032,1>","org/quartz/core/QuartzSchedulerThread:run:272"
"3","<1504360032,1>","org/quartz/core/QuartzSchedulerThread:run:273"
"3","<1504360032,1>","org/quartz/core/QuartzSchedulerThread:run:276"
"3","<1504360032,1>","org/quartz/core/QuartzSchedulerThread:run:277"
"3","<1504360032,1>","org/quartz/simpl/RAMJobStore:releaseAcquiredTrigger:1177"
"3","<1504360032,1>","org/quartz/simpl/RAMJobStore:releaseAcquiredTrigger:1184"
"3","<-717176142,1>","java/util/concurrent/FutureTask:run:0"
"3","<-717176142,1>","java/util/concurrent/FutureTask:run:258"
"3","<-717176142,1>","java/util/concurrent/FutureTask:run:259"
"3","<-717176142,1>","java/util/concurrent/FutureTask:run:266"
"3","<-717176142,1>","com/google/appengine/tools/development/ApiProxyLocalImpl$AsyncApiCall:call:0"
"3","<-717176142,1>","com/google/apphosting/api/ApiProxy:possiblyFlushOutOfBandLogs:225"
"3","<-717176142,1>","com/google/apphosting/api/ApiProxy:possiblyFlushOutOfBandLogs:228"
"3","<-717176142,1>","com/google/appengine/tools/development/ApiProxyLocalImpl:getService:0"
"3","<-717176142,1>","com/google/appengine/tools/development/ApiProxyLocalImpl:getService:597"
"3","<-717176142,1>","com/google/appengine/tools/development/Clock$1:getCurrentTime:23"
"3","<-717176142,1>","com/google/appengine/tools/development/Clock$1:getCurrentTime:24"
"3","<-717176142,1>","com/google/appengine/repackaged/com/google/io/protocol/ProtocolMessage:storeStringsOnlyAsBytes:2520"
"3","<-717176142,1>","com/google/appengine/repackaged/com/google/io/protocol/ProtocolMessage:storeStringsOnlyAsBytes:2521"
"3","<-717176142,1>","com/google/appengine/api/datastore/dev/LocalDatastoreService:getOrCreateProfile:1810"
"3","<-717176142,1>","com/google/appengine/api/datastore/dev/LocalDatastoreService:getOrCreateProfile:1817"
"3","<-717176142,1>","com/google/appengine/api/datastore/dev/LocalDatastoreService:get:784"
"3","<-717176142,1>","com/google/appengine/api/datastore/dev/LocalDatastoreService$Profile:getGroup:0"
"3","<-717176142,1>","com/google/appengine/api/datastore/dev/LocalDatastoreService$Profile:getGroups:0"
"3","<-717176142,1>","com/google/appengine/api/datastore/dev/LocalDatastoreService$Profile:getGroups:2202"
"3","<-717176142,1>","org/jacoco/agent/rt/internal_b0d6a23/core/runtime/RuntimeData:getExecutionData:119"
"3","<-717176142,1>","org/jacoco/agent/rt/internal_b0d6a23/core/runtime/RuntimeData:getExecutionData:120"
"3","<-717176142,1>","com/google/appengine/api/datastore/dev/LocalDatastoreService$Profile:getGroup:2129"
"3","<-717176142,1>","com/google/appengine/api/datastore/dev/LocalDatastoreService$Profile:groom:0"
"3","<-717176142,1>","com/google/appengine/api/datastore/dev/LocalDatastoreService$Profile:getGroupsWithUnappliedJobs:0"
"3","<-717176142,1>","com/google/appengine/api/datastore/dev/LocalDatastoreService$Profile:getGroupsWithUnappliedJobs:2209"
"3","<-717176142,1>","com/google/appengine/api/datastore/dev/LocalDatastoreService$Profile:groom:2148"
"3","<-717176142,1>","com/google/appengine/api/datastore/dev/LocalDatastoreService:get:817"
"3","<-717176142,1>","com/google/appengine/tools/development/ApiProxyLocalImpl$AsyncApiCall:tryReleaseSemaphore:0"
"3","<-717176142,1>","com/google/appengine/tools/development/ApiProxyLocalImpl$AsyncApiCall:tryReleaseSemaphore:577"
"3","<-717176142,1>","java/util/concurrent/FutureTask:run:267"
"3","<-717176142,1>","java/util/concurrent/FutureTask:run:274"
"3","<-717176142,1>","java/util/concurrent/FutureTask:set:233"
"3","<-717176142,1>","java/util/concurrent/FutureTask:finishCompletion:384"
"3","<-717176142,1>","java/util/concurrent/FutureTask:finishCompletion:385"
"3","<-717176142,1>","java/util/concurrent/FutureTask:set:234"
"3","<-717176142,1>","java/util/concurrent/FutureTask:run:275"
"3","<-717176142,1>","java/util/concurrent/FutureTask:finishCompletion:372"
"3","<-717176142,1>","java/util/concurrent/FutureTask:finishCompletion:373"
"3","<-717176142,1>","com/google/appengine/api/datastore/dev/LocalDatastoreService:put:825"
"3","<-717176142,1>","com/google/appengine/api/datastore/dev/LocalDatastoreService:put:826"
"3","<-717176142,1>","com/google/appengine/api/datastore/dev/LocalDatastoreService:putImpl:926"
"3","<-717176142,1>","com/google/appengine/api/datastore/dev/LocalDatastoreService$Profile$EntityGroup:incrementVersion:1915"
"3","<-717176142,1>","com/google/appengine/api/datastore/dev/LocalDatastoreService$Profile$EntityGroup:incrementVersion:1916"
"3","<-717176142,1>","com/google/appengine/api/datastore/dev/LocalCompositeIndexManager$XmlIndexFileManager:read:0"
"3","<-717176142,1>","com/google/appengine/api/datastore/dev/LocalCompositeIndexManager$XmlIndexFileManager:read:278"
"3","<-717176142,1>","com/google/appengine/api/datastore/dev/LocalDatastoreService:getOrCreateExtent:1823"
"3","<-717176142,1>","com/google/appengine/api/datastore/dev/LocalDatastoreService:getOrCreateExtent:1829"
"3","<-717176142,1>","com/google/appengine/api/datastore/dev/LocalDatastoreService:putImpl:962"
"3","<-717176142,1>","com/google/appengine/api/datastore/dev/LocalDatastoreService:put:828"
"3","<-717176142,1>","com/google/appengine/api/datastore/dev/LocalDatastoreService:put:829"
"3","<-717176142,1>","com/google/appengine/api/datastore/dev/LocalDatastoreService:delete:1068"
"3","<-717176142,1>","com/google/appengine/api/datastore/dev/LocalDatastoreService:delete:1069"
"3","<-717176142,1>","com/google/appengine/api/datastore/dev/LocalDatastoreService:deleteImpl:1112"
"3","<-717176142,1>","com/google/appengine/api/datastore/dev/LocalDatastoreService:deleteImpl:1148"
"3","<-717176142,1>","com/google/appengine/api/datastore/dev/LocalDatastoreService:delete:1071"
"3","<-717176142,1>","com/google/appengine/api/datastore/dev/LocalDatastoreService:delete:1072"
"3","<-591826253,1>","java/util/concurrent/FutureTask:run:0"
"3","<-591826253,1>","java/util/concurrent/FutureTask:run:258"
"3","<-591826253,1>","java/util/concurrent/FutureTask:run:259"
"3","<-591826253,1>","java/util/concurrent/FutureTask:run:266"
"3","<-591826253,1>","com/google/appengine/tools/development/ApiProxyLocalImpl$AsyncApiCall:call:0"
"3","<-591826253,1>","com/google/apphosting/api/ApiProxy:possiblyFlushOutOfBandLogs:225"
"3","<-591826253,1>","com/google/apphosting/api/ApiProxy:possiblyFlushOutOfBandLogs:228"
"3","<-591826253,1>","com/google/appengine/tools/development/ApiProxyLocalImpl:getService:0"
"3","<-591826253,1>","com/google/appengine/tools/development/ApiProxyLocalImpl:getService:597"
"3","<-591826253,1>","com/google/appengine/tools/development/Clock$1:getCurrentTime:23"
"3","<-591826253,1>","com/google/appengine/tools/development/Clock$1:getCurrentTime:24"
"3","<-591826253,1>","com/google/appengine/repackaged/com/google/io/protocol/ProtocolMessage:storeStringsOnlyAsBytes:2520"
"3","<-591826253,1>","com/google/appengine/repackaged/com/google/io/protocol/ProtocolMessage:storeStringsOnlyAsBytes:2521"
"3","<-591826253,1>","com/google/appengine/api/datastore/dev/LocalDatastoreService:getOrCreateProfile:1810"
"3","<-591826253,1>","com/google/appengine/api/datastore/dev/LocalDatastoreService:getOrCreateProfile:1817"
"3","<-591826253,1>","com/google/appengine/api/datastore/dev/LocalDatastoreService:get:784"
"3","<-591826253,1>","com/google/appengine/api/datastore/dev/LocalDatastoreService$Profile:getGroup:0"
"3","<-591826253,1>","com/google/appengine/api/datastore/dev/LocalDatastoreService$Profile:getGroups:0"
"3","<-591826253,1>","com/google/appengine/api/datastore/dev/LocalDatastoreService$Profile:getGroups:2202"
"3","<-591826253,1>","com/google/appengine/api/datastore/dev/LocalDatastoreService$Profile:getGroup:2129"
"3","<-591826253,1>","com/google/appengine/api/datastore/dev/LocalDatastoreService$Profile:groom:0"
"3","<-591826253,1>","com/google/appengine/api/datastore/dev/LocalDatastoreService$Profile:getGroupsWithUnappliedJobs:0"
"3","<-591826253,1>","com/google/appengine/api/datastore/dev/LocalDatastoreService$Profile:getGroupsWithUnappliedJobs:2209"
"3","<-591826253,1>","com/google/appengine/api/datastore/dev/LocalDatastoreService$Profile:groom:2148"
"3","<-591826253,1>","com/google/appengine/api/datastore/dev/LocalDatastoreService:get:817"
"3","<-591826253,1>","com/google/appengine/tools/development/ApiProxyLocalImpl$AsyncApiCall:tryReleaseSemaphore:0"
"3","<-591826253,1>","com/google/appengine/tools/development/ApiProxyLocalImpl$AsyncApiCall:tryReleaseSemaphore:577"
"3","<-591826253,1>","java/util/concurrent/FutureTask:run:267"
"3","<-591826253,1>","java/util/concurrent/FutureTask:run:274"
"3","<-591826253,1>","java/util/concurrent/FutureTask:set:233"
"3","<-591826253,1>","java/util/concurrent/FutureTask:finishCompletion:372"
"3","<-591826253,1>","java/util/concurrent/FutureTask:finishCompletion:373"
"3","<-591826253,1>","java/util/concurrent/FutureTask:finishCompletion:384"
"3","<-591826253,1>","java/util/concurrent/FutureTask:finishCompletion:385"
"3","<-591826253,1>","java/util/concurrent/FutureTask:set:234"
"3","<-591826253,1>","java/util/concurrent/FutureTask:run:275"
"3","<-591826253,1>","com/google/appengine/api/datastore/dev/LocalDatastoreService:runQuery:1222"
"3","<-591826253,1>","com/google/appengine/api/datastore/dev/LocalCompositeIndexManager:getInstance:0"
"3","<-591826253,1>","com/google/appengine/api/datastore/dev/LocalCompositeIndexManager:getInstance:766"
"3","<-591826253,1>","com/google/appengine/api/datastore/dev/LocalCompositeIndexManager:updateQueryHistory:840"
"3","<-591826253,1>","com/google/appengine/api/datastore/dev/LocalCompositeIndexManager:updateQueryHistory:841"
"3","<-591826253,1>","com/google/appengine/api/datastore/dev/LocalCompositeIndexManager$XmlIndexFileManager:read:0"
"3","<-591826253,1>","com/google/appengine/api/datastore/dev/LocalCompositeIndexManager$XmlIndexFileManager:read:278"
"3","<-591826253,1>","com/google/appengine/api/datastore/dev/LocalDatastoreService:runQuery:1414"
"3","null","org/jacoco/agent/rt/internal_b0d6a23/Agent$1:run:0"
"3","null","org/jacoco/agent/rt/internal_b0d6a23/output/FileOutput:openFile:69"
"3","null","org/jacoco/agent/rt/internal_b0d6a23/output/FileOutput:openFile:70"
"3","null","org/jacoco/agent/rt/internal_b0d6a23/core/runtime/RuntimeData:collect:83"
"3","null","org/jacoco/agent/rt/internal_b0d6a23/core/runtime/RuntimeData:collect:84"
"3","null","org/jacoco/agent/rt/internal_b0d6a23/core/runtime/RuntimeData:collect:85"
"3","null","org/jacoco/agent/rt/internal_b0d6a23/core/runtime/RuntimeData:collect:91"
"3","null","org/jacoco/agent/rt/internal_b0d6a23/output/FileOutput:writeExecutionData:58"
"3","null","org/jacoco/agent/rt/internal_b0d6a23/output/FileOutput:writeExecutionData:59"
"3","<-8449465,1>","com/google/appengine/api/datastore/dev/LocalDatastoreService$1$1:run:0"
"3","<-8449465,1>","com/google/appengine/api/datastore/dev/LocalDatastoreService:cleanupActiveServices:3317"
"3","<-8449465,1>","com/google/appengine/api/datastore/dev/LocalDatastoreService:cleanupActiveServices:3318"
"3","<-58721727,1>","java/util/concurrent/FutureTask:run:0"
"3","<-58721727,1>","java/util/concurrent/FutureTask:run:258"
"3","<-58721727,1>","java/util/concurrent/FutureTask:run:259"
"3","<-58721727,1>","java/util/concurrent/FutureTask:run:266"
"3","<-58721727,1>","com/google/appengine/tools/development/ApiProxyLocalImpl$AsyncApiCall:call:0"
"3","<-58721727,1>","com/google/apphosting/api/ApiProxy:possiblyFlushOutOfBandLogs:225"
"3","<-58721727,1>","com/google/apphosting/api/ApiProxy:possiblyFlushOutOfBandLogs:228"
"3","<-58721727,1>","com/google/appengine/tools/development/ApiProxyLocalImpl:getService:0"
"3","<-58721727,1>","com/google/appengine/tools/development/ApiProxyLocalImpl:getService:597"
"3","<-58721727,1>","com/google/appengine/tools/development/Clock$1:getCurrentTime:23"
"3","<-58721727,1>","com/google/appengine/tools/development/Clock$1:getCurrentTime:24"
"3","<-58721727,1>","com/google/appengine/api/datastore/dev/LocalDatastoreService:put:825"
"3","<-58721727,1>","com/google/appengine/api/datastore/dev/LocalDatastoreService:put:826"
"3","<-58721727,1>","com/google/appengine/repackaged/com/google/io/protocol/ProtocolMessage:storeStringsOnlyAsBytes:2520"
"3","<-58721727,1>","com/google/appengine/repackaged/com/google/io/protocol/ProtocolMessage:storeStringsOnlyAsBytes:2521"
"3","<-58721727,1>","com/google/appengine/api/datastore/dev/LocalDatastoreService:getOrCreateProfile:1810"
"3","<-58721727,1>","com/google/appengine/api/datastore/dev/LocalDatastoreService:getOrCreateProfile:1817"
"3","<-58721727,1>","com/google/appengine/api/datastore/dev/LocalDatastoreService:putImpl:926"
"3","<-58721727,1>","com/google/appengine/api/datastore/dev/LocalDatastoreService$Profile:getGroup:0"
"3","<-58721727,1>","com/google/appengine/api/datastore/dev/LocalDatastoreService$Profile:getGroups:0"
"3","<-58721727,1>","com/google/appengine/api/datastore/dev/LocalDatastoreService$Profile:getGroups:2202"
"3","<-58721727,1>","com/google/appengine/api/datastore/dev/LocalDatastoreService$Profile:getGroup:2129"
"3","<-58721727,1>","com/google/appengine/api/datastore/dev/LocalDatastoreService$Profile$EntityGroup:incrementVersion:1915"
"3","<-58721727,1>","com/google/appengine/api/datastore/dev/LocalDatastoreService$Profile$EntityGroup:incrementVersion:1916"
"3","<-58721727,1>","com/google/appengine/api/datastore/dev/LocalCompositeIndexManager$XmlIndexFileManager:read:0"
"3","<-58721727,1>","com/google/appengine/api/datastore/dev/LocalCompositeIndexManager$XmlIndexFileManager:read:278"
"3","<-58721727,1>","com/google/appengine/api/datastore/dev/LocalDatastoreService$Profile:getGroupsWithUnappliedJobs:0"
"3","<-58721727,1>","com/google/appengine/api/datastore/dev/LocalDatastoreService$Profile:getGroupsWithUnappliedJobs:2209"
"3","<-58721727,1>","com/google/appengine/api/datastore/dev/LocalDatastoreService:getOrCreateExtent:1823"
"3","<-58721727,1>","com/google/appengine/api/datastore/dev/LocalDatastoreService:getOrCreateExtent:1829"
"3","<-58721727,1>","com/google/appengine/api/datastore/dev/LocalDatastoreService:putImpl:962"
"3","<-58721727,1>","com/google/appengine/api/datastore/dev/LocalDatastoreService:put:828"
"3","<-58721727,1>","com/google/appengine/api/datastore/dev/LocalDatastoreService:put:829"
"3","<-58721727,1>","com/google/appengine/tools/development/ApiProxyLocalImpl$AsyncApiCall:tryReleaseSemaphore:0"
"3","<-58721727,1>","com/google/appengine/tools/development/ApiProxyLocalImpl$AsyncApiCall:tryReleaseSemaphore:577"
"3","<-58721727,1>","java/util/concurrent/FutureTask:run:267"
"3","<-58721727,1>","java/util/concurrent/FutureTask:run:274"
"3","<-58721727,1>","java/util/concurrent/FutureTask:set:233"
"3","<-58721727,1>","java/util/concurrent/FutureTask:finishCompletion:384"
"3","<-58721727,1>","java/util/concurrent/FutureTask:finishCompletion:385"
"3","<-58721727,1>","java/util/concurrent/FutureTask:set:234"
"3","<-58721727,1>","java/util/concurrent/FutureTask:run:275"
"3","<-58721727,1>","com/google/appengine/api/datastore/dev/LocalDatastoreService:delete:1068"
"3","<-58721727,1>","com/google/appengine/api/datastore/dev/LocalDatastoreService:delete:1069"
"3","<-58721727,1>","com/google/appengine/api/datastore/dev/LocalDatastoreService:deleteImpl:1112"
"3","<-58721727,1>","com/google/appengine/api/datastore/dev/LocalDatastoreService:deleteImpl:1148"
"3","<-58721727,1>","com/google/appengine/api/datastore/dev/LocalDatastoreService:delete:1071"
"3","<-58721727,1>","com/google/appengine/api/datastore/dev/LocalDatastoreService:delete:1072"
"4","<main>","org/jacoco/agent/rt/internal_b0d6a23/core/runtime/RuntimeData:getExecutionData:119"
"4","<main>","org/jacoco/agent/rt/internal_b0d6a23/core/runtime/RuntimeData:getExecutionData:120"
"4","<main>","io/yawp/repository/Yawp:safeLoadFeaturesFromConfig:0"
"4","<main>","io/yawp/commons/config/YamlFile:stream:15"
"4","<main>","io/yawp/commons/config/YamlFile:stream:16"
"4","<main>","io/yawp/repository/Yawp:safeLoadFeatures:0"
"4","<main>","org/reflections/util/ClasspathHelper:contextClassLoader:37"
"4","<main>","org/reflections/util/ClasspathHelper:contextClassLoader:38"
"4","<main>","org/reflections/Reflections:scan:189"
"4","<main>","org/reflections/Reflections:scan:190"
"4","<main>","org/reflections/Reflections:scan:219"
"4","<main>","org/reflections/Reflections:scan:220"
"4","<main>","io/yawp/repository/features/scanner/ClassloaderScanner:scan:62"
"4","<main>","io/yawp/repository/features/scanner/ClassloaderScanner:scan:63"
"4","<main>","io/yawp/repository/features/scanner/ClassloaderScanner:scan:64"
"4","<main>","io/yawp/repository/features/scanner/ClassloaderScanner:scan:65"
"4","<main>","io/yawp/repository/Yawp:safeLoadFeatures:88"
"4","<main>","io/yawp/repository/Yawp:safeLoadFeaturesFromConfig:78"
"4","<main>","io/yawp/commons/utils/ResourceFinder:<init>:57"
"4","<main>","io/yawp/commons/utils/ResourceFinder:<init>:58"
"4","<main>","com/google/appengine/tools/development/testing/LocalModulesServiceTestConfig:requiresEnvironmentInstance:0"
"4","<main>","com/google/appengine/tools/development/testing/LocalModulesServiceTestConfig:requiresEnvironmentInstance:309"
"4","<main>","com/google/appengine/tools/development/LocalEnvironment:generateRequestId:246"
"4","<main>","com/google/appengine/tools/development/LocalEnvironment:generateRequestId:247"
"4","<main>","com/google/appengine/tools/development/LocalEnvironment:generateRequestId:249"
"4","<main>","com/google/appengine/tools/development/LocalEnvironment:generateRequestId:250"
"4","<main>","com/google/appengine/tools/development/LocalEnvironment:generateRequestId:251"
"4","<main>","com/google/appengine/tools/development/LocalEnvironment:generateRequestId:252"
"4","<main>","com/google/appengine/tools/development/LocalEnvironment:generateRequestId:255"
"4","<main>","com/google/appengine/tools/development/LocalEnvironment:generateRequestId:256"
"4","<main>","com/google/appengine/tools/development/LocalEnvironment:generateRequestId:258"
"4","<main>","com/google/appengine/tools/development/LocalEnvironment:generateRequestId:259"
"4","<main>","com/google/appengine/tools/development/LocalEnvironment:generateRequestId:261"
"4","<main>","com/google/appengine/tools/development/LocalEnvironment:generateRequestId:262"
"4","<main>","com/google/appengine/tools/development/ApiProxyLocalImpl:<init>:120"
"4","<main>","com/google/appengine/tools/development/ApiProxyLocalImpl:<init>:121"
"4","<main>","com/google/appengine/tools/development/ApiProxyLocalImpl:<init>:119"
"4","<main>","com/google/apphosting/api/ApiProxy:possiblyFlushOutOfBandLogs:225"
"4","<main>","com/google/apphosting/api/ApiProxy:possiblyFlushOutOfBandLogs:228"
"4","<main>","com/google/appengine/tools/development/testing/LocalModulesServiceTestConfig:setUp:0"
"4","<main>","com/google/appengine/tools/development/ApiProxyLocalImpl:getService:0"
"4","<main>","com/google/appengine/tools/development/ApiProxyLocalImpl:getService:600"
"4","<main>","com/google/appengine/tools/development/testing/LocalModulesServiceTestConfig:setUp:157"
"4","<main>","com/google/appengine/repackaged/com/google/common/util/concurrent/ThreadFactoryBuilder:build:157"
"4","<main>","com/google/appengine/repackaged/com/google/common/util/concurrent/ThreadFactoryBuilder:build:158"
"4","<main>","com/google/appengine/api/datastore/dev/LocalDatastoreService:createScheduler:426"
"4","<main>","com/google/appengine/api/datastore/dev/LocalDatastoreService:createScheduler:427"
"4","<main>","com/google/appengine/api/datastore/dev/LocalCompositeIndexManager:init:0"
"4","<main>","com/google/appengine/api/datastore/dev/LocalCompositeIndexManager:init:744"
"4","<main>","com/google/appengine/api/datastore/dev/LocalCompositeIndexManager:getInstance:0"
"4","<main>","com/google/appengine/api/datastore/dev/LocalCompositeIndexManager:getInstance:766"
"4","<main>","com/google/appengine/api/datastore/dev/DefaultHighRepJobPolicy:getUnappliedJobSeedPropValue:123"
"4","<main>","com/google/appengine/api/datastore/dev/DefaultHighRepJobPolicy:getUnappliedJobSeedPropValue:124"
"4","<main>","com/google/appengine/repackaged/com/google/common/collect/MapMakerInternalMap$Segment:initTable:1079"
"4","<main>","com/google/appengine/repackaged/com/google/common/collect/MapMakerInternalMap$Segment:initTable:1080"
"4","<main>","com/google/appengine/api/datastore/dev/EntityGroupPseudoKind:<init>:32"
"4","<main>","com/google/appengine/api/datastore/dev/EntityGroupPseudoKind:<init>:33"
"4","<main>","com/google/appengine/api/datastore/dev/LocalDatastoreService:startInternal:0"
"4","<main>","com/google/appengine/api/datastore/dev/LocalDatastoreService:startInternal:667"
"4","<main>","java/util/concurrent/FutureTask:<init>:152"
"4","<main>","java/util/concurrent/FutureTask:<init>:153"
"4","<main>","com/google/appengine/repackaged/com/google/common/util/concurrent/ThreadFactoryBuilder$1:newThread:164"
"4","<main>","com/google/appengine/repackaged/com/google/common/util/concurrent/ThreadFactoryBuilder$1:newThread:165"
"4","<main>","com/google/appengine/repackaged/com/google/common/util/concurrent/ThreadFactoryBuilder$1:newThread:167"
"4","<main>","com/google/appengine/repackaged/com/google/common/util/concurrent/ThreadFactoryBuilder$1:newThread:168"
"4","<main>","com/google/appengine/api/datastore/dev/LocalDatastoreService:startInternal:668"
"4","<main>","com/google/appengine/api/datastore/dev/LocalDatastoreService:startInternal:679"
"4","<main>","com/google/appengine/api/datastore/dev/LocalDatastoreService:startInternal:680"
"4","<main>","com/google/appengine/api/datastore/dev/LocalDatastoreService:startInternal:704"
"4","<main>","io/yawp/driver/appengine/pipes/flow/Work:<init>:41"
"4","<main>","io/yawp/driver/appengine/pipes/flow/Work:<init>:42"
"4","<main>","io/yawp/testing/appengine/pipes/flow/FlowDropsTest:saveOneLikeToCounterWork:56"
"4","<main>","io/yawp/testing/appengine/pipes/flow/FlowDropsTest:saveOneLikeToCounterWork:57"
"4","<main>","com/google/appengine/spi/ServiceFactoryFactory$RuntimeRegistry:<clinit>:107"
"4","<main>","com/google/appengine/spi/ServiceFactoryFactory$RuntimeRegistry:<clinit>:108"
"4","<main>","com/google/appengine/repackaged/com/google/common/cache/LocalCache$Segment:initTable:2130"
"4","<main>","com/google/appengine/repackaged/com/google/common/cache/LocalCache$Segment:initTable:2131"
"4","<main>","com/google/appengine/api/datastore/DatastoreServiceGlobalConfig:maybeSetUpApiProxyEnvironment:0"
"4","<main>","com/google/appengine/api/datastore/DatastoreServiceGlobalConfig:getConfig:0"
"4","<main>","com/google/appengine/api/datastore/EnvProxy:getenv:29"
"4","<main>","com/google/appengine/api/datastore/EnvProxy:getenv:33"
"4","<main>","com/google/appengine/api/datastore/DatastoreServiceGlobalConfig:setConfig:0"
"4","<main>","com/google/appengine/api/datastore/DatastoreServiceGlobalConfig:getConfig:46"
"4","<main>","com/google/appengine/api/datastore/DatastoreServiceGlobalConfig:maybeSetUpApiProxyEnvironment:101"
"4","<main>","com/google/appengine/api/datastore/DatastoreServiceGlobalConfig:setConfig:71"
"4","<main>","com/google/appengine/repackaged/com/google/io/protocol/ProtocolMessage:storeStringsOnlyAsBytes:2520"
"4","<main>","com/google/appengine/repackaged/com/google/io/protocol/ProtocolMessage:storeStringsOnlyAsBytes:2521"
"4","<main>","com/google/appengine/tools/development/ApiProxyLocalImpl:makeAsyncCall:203"
"4","<main>","com/google/appengine/tools/development/ApiProxyLocalImpl:makeAsyncCall:204"
"4","<main>","com/google/appengine/tools/development/ApiProxyLocalImpl$PrivilegedApiAction:run:275"
"4","<main>","com/google/appengine/tools/development/ApiProxyLocalImpl$DaemonThreadFactory:newThread:670"
"4","<main>","com/google/appengine/tools/development/ApiProxyLocalImpl$DaemonThreadFactory:newThread:671"
"4","<main>","com/google/appengine/tools/development/ApiProxyLocalImpl$PrivilegedApiAction:run:276"
"4","<main>","com/google/appengine/api/datastore/FutureHelper:getInternal:76"
"4","<main>","com/google/appengine/api/utils/FutureWrapper:get:80"
"4","<main>","com/google/appengine/api/utils/FutureWrapper:get:81"
"4","<main>","com/google/appengine/api/utils/FutureWrapper:get:89"
"4","<main>","com/google/appengine/api/datastore/Batcher$ReorderingMultiFuture:get:127"
"4","<main>","com/google/appengine/tools/development/ApiProxyLocalImpl$PrivilegedApiAction$1:get:309"
"4","<main>","java/util/concurrent/FutureTask:get:191"
"4","<main>","java/util/concurrent/FutureTask:awaitDone:402"
"4","<main>","java/util/concurrent/FutureTask:awaitDone:403"
"4","<main>","java/util/concurrent/FutureTask:awaitDone:429"
"4","<main>","java/util/concurrent/FutureTask:awaitDone:430"
"4","<main>","java/util/concurrent/FutureTask:get:192"
"4","<main>","java/util/concurrent/FutureTask:get:193"
"4","<main>","com/google/appengine/tools/development/ApiProxyLocalImpl$PrivilegedApiAction$1:get:310"
"4","<main>","com/google/appengine/api/utils/FutureWrapper:get:90"
"4","<main>","com/google/appengine/api/utils/FutureWrapper:get:100"
"4","<main>","com/google/appengine/api/utils/FutureWrapper:get:101"
"4","<main>","com/google/appengine/api/datastore/Batcher$ReorderingMultiFuture:get:128"
"4","<main>","com/google/appengine/api/datastore/FutureHelper:getInternal:77"
"4","<main>","com/google/appengine/api/taskqueue/QueueFactoryImpl:getQueue:0"
"4","<main>","com/google/appengine/api/taskqueue/QueueFactoryImpl:getQueue:23"
"4","<main>","com/google/appengine/api/taskqueue/QueueImpl:currentTimeMillis:563"
"4","<main>","com/google/appengine/api/taskqueue/QueueImpl:currentTimeMillis:564"
"4","<main>","com/google/appengine/api/taskqueue/QueueApiHelper:getInternal:78"
"4","<main>","com/google/appengine/api/taskqueue/QueueApiHelper:getInternal:79"
"4","<main>","io/yawp/testing/appengine/AsyncHelper:awaitAsync:0"
"4","<main>","io/yawp/testing/appengine/AsyncHelper:awaitAsync:16"
"4","<main>","io/yawp/testing/appengine/AsyncHelper:awaitAsync:17"
"4","<main>","io/yawp/testing/appengine/AsyncHelper:awaitAsync:19"
"4","<main>","io/yawp/testing/appengine/AsyncHelper:awaitAsync:20"
"4","<main>","com/google/appengine/tools/development/ApiProxyLocalImpl:getService:597"
"4","<main>","org/quartz/simpl/RAMJobStore:getJobNames:669"
"4","<main>","org/quartz/simpl/RAMJobStore:getJobNames:679"
"4","<main>","org/quartz/simpl/RAMJobStore:getTriggersForJob:785"
"4","<main>","org/quartz/simpl/RAMJobStore:getTriggersForJob:790"
"4","<main>","io/yawp/testing/appengine/AsyncHelper:awaitAsync:25"
"4","<main>","io/yawp/testing/appengine/AsyncHelper:awaitAsync:26"
"4","<main>","io/yawp/testing/appengine/AsyncHelper:awaitAsync:27"
"4","<main>","com/google/appengine/api/datastore/AsyncDatastoreServiceImpl$5:getFutureWithOptionalTimeout:291"
"4","<main>","com/google/appengine/api/datastore/AsyncDatastoreServiceImpl$5:getFutureWithOptionalTimeout:292"
"4","<main>","com/google/appengine/repackaged/com/google/io/protocol/ProtocolMessage:toByteBuffer:396"
"4","<main>","com/google/appengine/repackaged/com/google/io/protocol/ProtocolMessage:toByteBuffer:397"
"4","<main>","com/google/appengine/repackaged/com/google/io/protocol/ProtocolMessage:toByteBuffer:398"
"4","<main>","com/google/appengine/repackaged/com/google/protobuf/ByteString:copyFrom:323"
"4","<main>","com/google/appengine/repackaged/com/google/protobuf/ByteString:copyFrom:324"
"4","<main>","com/google/appengine/api/datastore/dev/LocalDatastoreService:stop:0"
"4","<main>","java/util/concurrent/FutureTask:cancel:180"
"4","<main>","java/util/concurrent/FutureTask:finishCompletion:384"
"4","<main>","java/util/concurrent/FutureTask:finishCompletion:385"
"4","<main>","java/util/concurrent/FutureTask:cancel:181"
"4","<main>","com/google/appengine/api/datastore/dev/LocalDatastoreService:stop:726"
"4","<main>","com/google/appengine/repackaged/org/apache/commons/logging/LogFactory:directGetContextClassLoader:840"
"4","<main>","com/google/appengine/repackaged/org/apache/commons/logging/LogFactory:directGetContextClassLoader:841"
"4","<main>","org/quartz/core/QuartzSchedulerThread:togglePause:157"
"4","<main>","org/quartz/core/QuartzSchedulerThread:togglePause:165"
"4","<main>","org/quartz/core/QuartzSchedulerThread:halt:174"
"4","<main>","org/quartz/core/QuartzSchedulerThread:halt:178"
"4","<main>","org/quartz/core/QuartzSchedulerThread:halt:179"
"4","<main>","org/quartz/core/QuartzSchedulerThread:halt:182"
"4","<main>","org/quartz/simpl/SimpleThreadPool:shutdown:307"
"4","<main>","org/quartz/simpl/SimpleThreadPool:shutdown:308"
"4","<main>","org/quartz/simpl/SimpleThreadPool:shutdown:309"
"4","<main>","org/quartz/impl/SchedulerRepository:getInstance:0"
"4","<main>","org/quartz/impl/SchedulerRepository:getInstance:75"
"4","<main>","org/quartz/impl/SchedulerRepository:remove:0"
"4","<main>","org/quartz/impl/SchedulerRepository:remove:89"
"4","<main>","com/google/appengine/api/memcache/dev/LocalMemcacheService:flushAll:602"
"4","<main>","com/google/appengine/api/memcache/dev/LocalMemcacheService:flushAll:607"
"4","<main>","com/google/apphosting/api/ApiProxy:getEnvironmentFactory:0"
"4","<main>","com/google/apphosting/api/ApiProxy:getEnvironmentFactory:313"
"4","<131724096,1>","java/util/concurrent/FutureTask:run:0"
"4","<131724096,1>","java/util/concurrent/FutureTask:run:258"
"4","<131724096,1>","java/util/concurrent/FutureTask:run:259"
"4","<131724096,1>","java/util/concurrent/FutureTask:run:266"
"4","<131724096,1>","com/google/appengine/tools/development/ApiProxyLocalImpl$AsyncApiCall:call:0"
"4","<131724096,1>","com/google/apphosting/api/ApiProxy:possiblyFlushOutOfBandLogs:225"
"4","<131724096,1>","com/google/apphosting/api/ApiProxy:possiblyFlushOutOfBandLogs:228"
"4","<131724096,1>","com/google/appengine/tools/development/ApiProxyLocalImpl:getService:0"
"4","<131724096,1>","com/google/appengine/tools/development/ApiProxyLocalImpl:getService:597"
"4","<131724096,1>","org/jacoco/agent/rt/internal_b0d6a23/core/runtime/RuntimeData:getExecutionData:119"
"4","<131724096,1>","org/jacoco/agent/rt/internal_b0d6a23/core/runtime/RuntimeData:getExecutionData:120"
"4","<131724096,1>","com/google/appengine/tools/development/Clock$1:getCurrentTime:23"
"4","<131724096,1>","com/google/appengine/tools/development/Clock$1:getCurrentTime:24"
"4","<131724096,1>","com/google/appengine/api/datastore/dev/LocalDatastoreService:put:825"
"4","<131724096,1>","com/google/appengine/api/datastore/dev/LocalDatastoreService:put:826"
"4","<131724096,1>","com/google/appengine/repackaged/com/google/io/protocol/ProtocolMessage:storeStringsOnlyAsBytes:2520"
"4","<131724096,1>","com/google/appengine/repackaged/com/google/io/protocol/ProtocolMessage:storeStringsOnlyAsBytes:2521"
"4","<131724096,1>","com/google/appengine/api/datastore/dev/LocalDatastoreService:putImpl:898"
"4","<131724096,1>","com/google/appengine/api/datastore/dev/LocalDatastoreService:putImpl:899"
"4","<131724096,1>","com/google/appengine/repackaged/com/google/protobuf/Internal:<clinit>:386"
"4","<131724096,1>","com/google/appengine/repackaged/com/google/protobuf/Internal:<clinit>:387"
"4","<131724096,1>","com/google/appengine/api/datastore/dev/LocalDatastoreService:getOrCreateProfile:1810"
"4","<131724096,1>","com/google/appengine/api/datastore/dev/LocalDatastoreService:getOrCreateProfile:1817"
"4","<131724096,1>","com/google/appengine/api/datastore/dev/LocalDatastoreService:putImpl:926"
"4","<131724096,1>","com/google/appengine/api/datastore/dev/LocalDatastoreService$Profile:getGroup:0"
"4","<131724096,1>","com/google/appengine/api/datastore/dev/LocalDatastoreService$Profile:getGroups:0"
"4","<131724096,1>","com/google/appengine/api/datastore/dev/LocalDatastoreService$Profile:getGroups:2202"
"4","<131724096,1>","com/google/appengine/api/datastore/dev/LocalDatastoreService$Profile:getGroup:2129"
"4","<131724096,1>","com/google/appengine/api/datastore/dev/LocalDatastoreService$Profile$EntityGroup:incrementVersion:1915"
"4","<131724096,1>","com/google/appengine/api/datastore/dev/LocalDatastoreService$Profile$EntityGroup:incrementVersion:1916"
"4","<131724096,1>","com/google/appengine/api/datastore/dev/LocalCompositeIndexManager$XmlIndexFileManager:read:0"
"4","<131724096,1>","com/google/appengine/api/datastore/dev/LocalCompositeIndexManager$XmlIndexFileManager:read:278"
"4","<131724096,1>","com/google/appengine/api/datastore/dev/LocalDatastoreService$Profile:getGroupsWithUnappliedJobs:0"
"4","<131724096,1>","com/google/appengine/api/datastore/dev/LocalDatastoreService$Profile:getGroupsWithUnappliedJobs:2209"
"4","<131724096,1>","com/google/appengine/api/datastore/dev/LocalDatastoreService:getOrCreateExtent:1823"
"4","<131724096,1>","com/google/appengine/api/datastore/dev/LocalDatastoreService:getOrCreateExtent:1829"
"4","<131724096,1>","com/google/appengine/api/datastore/dev/LocalDatastoreService:putImpl:962"
"4","<131724096,1>","com/google/appengine/api/datastore/dev/LocalDatastoreService:put:828"
"4","<131724096,1>","com/google/appengine/api/datastore/dev/LocalDatastoreService:put:829"
"4","<131724096,1>","com/google/appengine/tools/development/ApiProxyLocalImpl$AsyncApiCall:tryReleaseSemaphore:0"
"4","<131724096,1>","com/google/appengine/tools/development/ApiProxyLocalImpl$AsyncApiCall:tryReleaseSemaphore:577"
"4","<131724096,1>","java/util/concurrent/FutureTask:run:267"
"4","<131724096,1>","java/util/concurrent/FutureTask:run:274"
"4","<131724096,1>","java/util/concurrent/FutureTask:set:233"
"4","<131724096,1>","java/util/concurrent/FutureTask:finishCompletion:372"
"4","<131724096,1>","java/util/concurrent/FutureTask:finishCompletion:373"
"4","<131724096,1>","java/util/concurrent/FutureTask:finishCompletion:384"
"4","<131724096,1>","java/util/concurrent/FutureTask:finishCompletion:385"
"4","<131724096,1>","java/util/concurrent/FutureTask:set:234"
"4","<131724096,1>","java/util/concurrent/FutureTask:run:275"
"4","<131724096,1>","com/google/appengine/repackaged/com/google/common/collect/Interners$StrongInterner:intern:122"
"4","<131724096,1>","com/google/appengine/repackaged/com/google/common/collect/Interners$StrongInterner:intern:123"
"4","<131724096,1>","org/quartz/impl/SchedulerRepository:getInstance:0"
"4","<131724096,1>","org/quartz/impl/SchedulerRepository:getInstance:75"
"4","<131724096,1>","org/quartz/impl/SchedulerRepository:lookup:0"
"4","<131724096,1>","org/quartz/impl/SchedulerRepository:lookup:93"
"4","<131724096,1>","org/quartz/impl/StdSchedulerFactory:loadClass:1111"
"4","<131724096,1>","org/quartz/impl/StdSchedulerFactory:loadClass:1112"
"4","<131724096,1>","org/quartz/simpl/InitThreadContextClassLoadHelper:initialize:67"
"4","<131724096,1>","org/quartz/simpl/InitThreadContextClassLoadHelper:initialize:68"
"4","<131724096,1>","org/quartz/simpl/RAMJobStore:<clinit>:1110"
"4","<131724096,1>","org/quartz/simpl/RAMJobStore:<clinit>:1111"
"4","<131724096,1>","org/quartz/simpl/SimpleThreadPool:initialize:232"
"4","<131724096,1>","org/quartz/simpl/SimpleThreadPool:initialize:233"
"4","<131724096,1>","com/google/appengine/repackaged/org/apache/commons/logging/LogFactory:directGetContextClassLoader:840"
"4","<131724096,1>","com/google/appengine/repackaged/org/apache/commons/logging/LogFactory:directGetContextClassLoader:841"
"4","<131724096,1>","com/google/appengine/repackaged/org/apache/commons/logging/impl/WeakHashtable:put:0"
"4","<131724096,1>","com/google/appengine/repackaged/org/apache/commons/logging/impl/WeakHashtable:put:243"
"4","<131724096,1>","org/quartz/simpl/SimpleThreadPool:initialize:247"
"4","<131724096,1>","org/quartz/simpl/SimpleThreadPool:initialize:248"
"4","<131724096,1>","org/quartz/simpl/SimpleThreadPool:initialize:255"
"4","<131724096,1>","org/quartz/simpl/SimpleThreadPool:initialize:256"
"4","<131724096,1>","org/quartz/core/QuartzSchedulerThread:<init>:70"
"4","<131724096,1>","org/quartz/core/QuartzSchedulerThread:<init>:71"
"4","<131724096,1>","org/quartz/impl/SchedulerRepository:bind:0"
"4","<131724096,1>","org/quartz/impl/SchedulerRepository:bind:86"
"4","<131724096,1>","org/quartz/core/QuartzSchedulerThread:togglePause:157"
"4","<131724096,1>","org/quartz/core/QuartzSchedulerThread:togglePause:163"
"4","<131724096,1>","org/quartz/core/QuartzSchedulerThread:togglePause:164"
"4","<131724096,1>","org/quartz/core/QuartzSchedulerThread:togglePause:165"
"4","<131724096,1>","com/google/appengine/tools/development/ApiProxyLocalImpl:getService:600"
"4","<131724096,1>","com/google/appengine/api/taskqueue/dev/DevPushQueue:scheduleTask:0"
"4","<131724096,1>","org/quartz/simpl/RAMJobStore:storeJob:224"
"4","<131724096,1>","org/quartz/simpl/RAMJobStore:storeJob:241"
"4","<131724096,1>","org/quartz/simpl/RAMJobStore:storeTrigger:319"
"4","<131724096,1>","org/quartz/simpl/RAMJobStore:storeTrigger:333"
"4","<131724096,1>","org/quartz/simpl/RAMJobStore:storeTrigger:343"
"4","<131724096,1>","org/quartz/simpl/RAMJobStore:storeTrigger:344"
"4","<131724096,1>","com/google/appengine/api/taskqueue/dev/DevPushQueue:scheduleTask:118"
"4","<131724096,1>","com/google/appengine/repackaged/com/google/io/protocol/ProtocolMessage:toByteBuffer:396"
"4","<131724096,1>","com/google/appengine/repackaged/com/google/io/protocol/ProtocolMessage:toByteBuffer:397"
"4","<131724096,1>","com/google/appengine/repackaged/com/google/io/protocol/ProtocolMessage:toByteBuffer:398"
"4","<131724096,1>","com/google/appengine/repackaged/com/google/protobuf/ByteString:copyFrom:323"
"4","<131724096,1>","com/google/appengine/repackaged/com/google/protobuf/ByteString:copyFrom:324"
"4","<131724096,1>","com/google/appengine/api/datastore/dev/LocalDatastoreService:runQuery:1222"
"4","<131724096,1>","com/google/appengine/api/datastore/dev/NamespacePseudoKind:runQuery:79"
"4","<131724096,1>","com/google/appengine/api/datastore/dev/NamespacePseudoKind:runQuery:103"
"4","<131724096,1>","com/google/appengine/api/datastore/dev/LocalDatastoreService$Profile:groom:0"
"4","<131724096,1>","com/google/appengine/api/datastore/dev/LocalDatastoreService$Profile:groom:2148"
"4","<131724096,1>","com/google/appengine/api/datastore/dev/LocalCompositeIndexManager:getInstance:0"
"4","<131724096,1>","com/google/appengine/api/datastore/dev/LocalCompositeIndexManager:getInstance:766"
"4","<131724096,1>","com/google/appengine/api/datastore/dev/LocalCompositeIndexManager:updateQueryHistory:840"
"4","<131724096,1>","com/google/appengine/api/datastore/dev/LocalCompositeIndexManager:updateQueryHistory:841"
"4","<131724096,1>","com/google/appengine/api/datastore/dev/LocalDatastoreService:runQuery:1414"
"4","<131724096,1>","com/google/appengine/api/datastore/dev/LocalDatastoreService:get:784"
"4","<131724096,1>","com/google/appengine/api/datastore/dev/LocalDatastoreService:get:817"
"4","<131724096,1>","com/google/appengine/api/datastore/dev/LocalDatastoreService:delete:1068"
"4","<131724096,1>","com/google/appengine/api/datastore/dev/LocalDatastoreService:delete:1069"
"4","<131724096,1>","com/google/appengine/api/datastore/dev/LocalDatastoreService:deleteImpl:1112"
"4","<131724096,1>","com/google/appengine/api/datastore/dev/LocalDatastoreService:deleteImpl:1148"
"4","<131724096,1>","com/google/appengine/api/datastore/dev/LocalDatastoreService:delete:1071"
"4","<131724096,1>","com/google/appengine/api/datastore/dev/LocalDatastoreService:delete:1072"
"4","<1109928280,1>","org/quartz/simpl/SimpleThreadPool$WorkerThread:run:0"
"4","<1109928280,1>","org/quartz/simpl/SimpleThreadPool:getNextRunnable:427"
"4","<1109928280,1>","org/quartz/simpl/SimpleThreadPool:getNextRunnable:428"
"4","<1109928280,1>","org/quartz/simpl/SimpleThreadPool:getNextRunnable:429"
"4","<1109928280,1>","org/quartz/simpl/SimpleThreadPool:getNextRunnable:435"
"4","<1109928280,1>","com/google/appengine/repackaged/org/apache/commons/logging/LogFactory:directGetContextClassLoader:840"
"4","<1109928280,1>","com/google/appengine/repackaged/org/apache/commons/logging/LogFactory:directGetContextClassLoader:841"
"4","<1109928280,2>","org/quartz/simpl/SimpleThreadPool$WorkerThread:run:0"
"4","<1109928280,2>","org/quartz/simpl/SimpleThreadPool:getNextRunnable:427"
"4","<1109928280,2>","org/quartz/simpl/SimpleThreadPool:getNextRunnable:428"
"4","<1109928280,2>","org/quartz/simpl/SimpleThreadPool:getNextRunnable:429"
"4","<1109928280,2>","org/quartz/simpl/SimpleThreadPool:getNextRunnable:435"
"4","<1109928280,2>","com/google/appengine/repackaged/org/apache/commons/logging/LogFactory:directGetContextClassLoader:840"
"4","<1109928280,2>","com/google/appengine/repackaged/org/apache/commons/logging/LogFactory:directGetContextClassLoader:841"
"4","<1109928280,3>","org/quartz/simpl/SimpleThreadPool$WorkerThread:run:0"
"4","<1109928280,3>","org/quartz/simpl/SimpleThreadPool:getNextRunnable:427"
"4","<1109928280,3>","org/quartz/simpl/SimpleThreadPool:getNextRunnable:428"
"4","<1109928280,3>","org/quartz/simpl/SimpleThreadPool:getNextRunnable:429"
"4","<1109928280,3>","org/quartz/simpl/SimpleThreadPool:getNextRunnable:435"
"4","<1109928280,3>","com/google/appengine/repackaged/org/apache/commons/logging/LogFactory:directGetContextClassLoader:840"
"4","<1109928280,3>","com/google/appengine/repackaged/org/apache/commons/logging/LogFactory:directGetContextClassLoader:841"
"4","<1109928280,4>","org/quartz/simpl/SimpleThreadPool$WorkerThread:run:0"
"4","<1109928280,4>","org/quartz/simpl/SimpleThreadPool:getNextRunnable:427"
"4","<1109928280,4>","org/quartz/simpl/SimpleThreadPool:getNextRunnable:428"
"4","<1109928280,4>","org/quartz/simpl/SimpleThreadPool:getNextRunnable:429"
"4","<1109928280,4>","org/quartz/simpl/SimpleThreadPool:getNextRunnable:435"
"4","<1109928280,4>","com/google/appengine/repackaged/org/apache/commons/logging/LogFactory:directGetContextClassLoader:840"
"4","<1109928280,4>","com/google/appengine/repackaged/org/apache/commons/logging/LogFactory:directGetContextClassLoader:841"
"4","<1109928280,0>","org/quartz/simpl/SimpleThreadPool$WorkerThread:run:0"
"4","<1109928280,0>","org/quartz/simpl/SimpleThreadPool:getNextRunnable:427"
"4","<1109928280,0>","org/quartz/simpl/SimpleThreadPool:getNextRunnable:428"
"4","<1109928280,0>","org/quartz/simpl/SimpleThreadPool:getNextRunnable:429"
"4","<1109928280,0>","org/quartz/simpl/SimpleThreadPool:getNextRunnable:433"
"4","<1109928280,0>","org/quartz/simpl/SimpleThreadPool:getNextRunnable:434"
"4","<1109928280,0>","org/quartz/simpl/SimpleThreadPool:getNextRunnable:435"
"4","<1109928280,0>","org/quartz/simpl/SimpleThreadPool$WorkerThread:run:520"
"4","<1109928280,0>","org/quartz/core/JobRunShell:run:0"
"4","<1109928280,0>","org/quartz/core/ExecutingJobsManager:jobToBeExecuted:2050"
"4","<1109928280,0>","org/quartz/core/ExecutingJobsManager:jobToBeExecuted:2053"
"4","<1109928280,0>","org/quartz/core/JobRunShell:run:197"
"4","<1109928280,0>","org/quartz/core/JobRunShell:run:198"
"4","<1109928280,0>","org/jacoco/agent/rt/internal_b0d6a23/core/runtime/RuntimeData:getExecutionData:119"
"4","<1109928280,0>","org/jacoco/agent/rt/internal_b0d6a23/core/runtime/RuntimeData:getExecutionData:120"
"4","<1109928280,0>","com/google/appengine/repackaged/com/google/io/protocol/ProtocolMessage:storeStringsOnlyAsBytes:2520"
"4","<1109928280,0>","com/google/appengine/repackaged/com/google/io/protocol/ProtocolMessage:storeStringsOnlyAsBytes:2521"
"4","<1109928280,0>","com/google/appengine/tools/development/Clock$1:getCurrentTime:23"
"4","<1109928280,0>","com/google/appengine/tools/development/Clock$1:getCurrentTime:24"
"4","<1109928280,0>","com/google/appengine/tools/development/LocalEnvironment:generateRequestId:246"
"4","<1109928280,0>","com/google/appengine/tools/development/LocalEnvironment:generateRequestId:247"
"4","<1109928280,0>","com/google/appengine/tools/development/LocalEnvironment:generateRequestId:249"
"4","<1109928280,0>","com/google/appengine/tools/development/LocalEnvironment:generateRequestId:250"
"4","<1109928280,0>","com/google/appengine/tools/development/LocalEnvironment:generateRequestId:251"
"4","<1109928280,0>","com/google/appengine/tools/development/LocalEnvironment:generateRequestId:252"
"4","<1109928280,0>","com/google/appengine/tools/development/LocalEnvironment:generateRequestId:255"
"4","<1109928280,0>","com/google/appengine/tools/development/LocalEnvironment:generateRequestId:256"
"4","<1109928280,0>","com/google/appengine/tools/development/LocalEnvironment:generateRequestId:258"
"4","<1109928280,0>","com/google/appengine/tools/development/LocalEnvironment:generateRequestId:259"
"4","<1109928280,0>","com/google/appengine/tools/development/LocalEnvironment:generateRequestId:261"
"4","<1109928280,0>","com/google/appengine/tools/development/LocalEnvironment:generateRequestId:262"
"4","<1109928280,0>","com/google/apphosting/api/ApiProxy:possiblyFlushOutOfBandLogs:225"
"4","<1109928280,0>","com/google/apphosting/api/ApiProxy:possiblyFlushOutOfBandLogs:228"
"4","<1109928280,0>","io/yawp/driver/appengine/pipes/flow/drops/FlowDropsNamespaceFanoutTask:run:0"
"4","<1109928280,0>","com/google/appengine/api/datastore/DatastoreServiceGlobalConfig:getConfig:0"
"4","<1109928280,0>","com/google/appengine/api/datastore/DatastoreServiceGlobalConfig:getConfig:46"
"4","<1109928280,0>","com/google/appengine/api/datastore/DatastoreServiceGlobalConfig:maybeSetUpApiProxyEnvironment:0"
"4","<1109928280,0>","com/google/appengine/api/datastore/DatastoreServiceGlobalConfig:maybeSetUpApiProxyEnvironment:101"
"4","<1109928280,0>","com/google/appengine/tools/development/ApiProxyLocalImpl:makeAsyncCall:203"
"4","<1109928280,0>","com/google/appengine/tools/development/ApiProxyLocalImpl:makeAsyncCall:204"
"4","<1109928280,0>","com/google/appengine/tools/development/ApiProxyLocalImpl$PrivilegedApiAction:run:275"
"4","<1109928280,0>","com/google/appengine/tools/development/ApiProxyLocalImpl$PrivilegedApiAction:run:276"
"4","<1109928280,0>","com/google/appengine/api/datastore/FutureHelper:getInternal:76"
"4","<1109928280,0>","com/google/appengine/api/utils/FutureWrapper:get:80"
"4","<1109928280,0>","com/google/appengine/api/utils/FutureWrapper:get:81"
"4","<1109928280,0>","com/google/appengine/api/utils/FutureWrapper:get:89"
"4","<1109928280,0>","com/google/appengine/tools/development/ApiProxyLocalImpl$PrivilegedApiAction$1:get:309"
"4","<1109928280,0>","java/util/concurrent/FutureTask:get:191"
"4","<1109928280,0>","java/util/concurrent/FutureTask:awaitDone:402"
"4","<1109928280,0>","java/util/concurrent/FutureTask:awaitDone:403"
"4","<1109928280,0>","java/util/concurrent/FutureTask:awaitDone:429"
"4","<1109928280,0>","java/util/concurrent/FutureTask:awaitDone:430"
"4","<1109928280,0>","java/util/concurrent/FutureTask:get:192"
"4","<1109928280,0>","java/util/concurrent/FutureTask:get:193"
"4","<1109928280,0>","com/google/appengine/tools/development/ApiProxyLocalImpl$PrivilegedApiAction$1:get:310"
"4","<1109928280,0>","com/google/appengine/api/utils/FutureWrapper:get:90"
"4","<1109928280,0>","com/google/appengine/api/utils/FutureWrapper:get:100"
"4","<1109928280,0>","com/google/appengine/api/utils/FutureWrapper:get:101"
"4","<1109928280,0>","com/google/appengine/api/datastore/FutureHelper:getInternal:77"
"4","<1109928280,0>","com/google/appengine/repackaged/com/google/io/protocol/ProtocolMessage:toByteBuffer:396"
"4","<1109928280,0>","com/google/appengine/repackaged/com/google/io/protocol/ProtocolMessage:toByteBuffer:397"
"4","<1109928280,0>","com/google/appengine/repackaged/com/google/io/protocol/ProtocolMessage:toByteBuffer:398"
"4","<1109928280,0>","com/google/appengine/repackaged/com/google/protobuf/ByteString:copyFrom:323"
"4","<1109928280,0>","com/google/appengine/repackaged/com/google/protobuf/ByteString:copyFrom:324"
"4","<1109928280,0>","com/google/appengine/api/taskqueue/QueueFactoryImpl:getQueue:0"
"4","<1109928280,0>","com/google/appengine/api/taskqueue/QueueFactoryImpl:getQueue:23"
"4","<1109928280,0>","com/google/appengine/api/taskqueue/QueueImpl:currentTimeMillis:563"
"4","<1109928280,0>","com/google/appengine/api/taskqueue/QueueImpl:currentTimeMillis:564"
"4","<1109928280,0>","com/google/appengine/api/taskqueue/QueueApiHelper:getInternal:78"
"4","<1109928280,0>","com/google/appengine/api/taskqueue/QueueApiHelper:getInternal:79"
"4","<1109928280,0>","org/quartz/simpl/RAMJobStore:removeTrigger:366"
"4","<1109928280,0>","org/quartz/simpl/RAMJobStore:getTriggersForJob:785"
"4","<1109928280,0>","org/quartz/simpl/RAMJobStore:getTriggersForJob:790"
"4","<1109928280,0>","org/quartz/simpl/RAMJobStore:removeJob:271"
"4","<1109928280,0>","org/quartz/simpl/RAMJobStore:removeJob:281"
"4","<1109928280,0>","org/quartz/simpl/RAMJobStore:removeTrigger:398"
"4","<1109928280,0>","org/quartz/core/JobRunShell:run:204"
"4","<1109928280,0>","org/quartz/core/JobRunShell:run:205"
"4","<1109928280,0>","org/quartz/core/ExecutingJobsManager:jobWasExecuted:2058"
"4","<1109928280,0>","org/quartz/core/ExecutingJobsManager:jobWasExecuted:2060"
"4","<1109928280,0>","org/quartz/simpl/RAMJobStore:triggeredJobComplete:1263"
"4","<1109928280,0>","org/quartz/simpl/RAMJobStore:triggeredJobComplete:1338"
"4","<1109928280,0>","org/quartz/simpl/SimpleThreadPool$WorkerThread:run:521"
"4","<1109928280,0>","io/yawp/driver/appengine/pipes/flow/drops/FlowDropsTask:run:0"
"4","<1109928280,0>","io/yawp/driver/appengine/pipes/flow/drops/FlowDropsTask:worksQuery:95"
"4","<1109928280,0>","io/yawp/driver/appengine/pipes/flow/drops/FlowDropsTask:worksQuery:96"
"4","<1109928280,0>","io/yawp/driver/appengine/pipes/flow/Work:<init>:41"
"4","<1109928280,0>","io/yawp/driver/appengine/pipes/flow/Work:<init>:42"
"4","<1109928280,0>","io/yawp/commons/utils/ReflectionUtils:clazzForName:175"
"4","<1109928280,0>","io/yawp/commons/utils/ReflectionUtils:clazzForName:176"
"4","<1109928280,0>","com/google/appengine/tools/development/ApiProxyLocalImpl$DaemonThreadFactory:newThread:670"
"4","<1109928280,0>","com/google/appengine/tools/development/ApiProxyLocalImpl$DaemonThreadFactory:newThread:671"
"4","<1109928280,0>","io/yawp/repository/FutureObject:setObject:74"
"4","<1109928280,0>","com/google/appengine/api/datastore/AsyncDatastoreServiceImpl$5:getFutureWithOptionalTimeout:291"
"4","<1109928280,0>","com/google/appengine/api/datastore/AsyncDatastoreServiceImpl$5:getFutureWithOptionalTimeout:292"
"4","<1109928280,0>","io/yawp/repository/FutureObject:setObject:75"
"4","<1109928280,0>","com/google/appengine/api/datastore/Batcher$ReorderingMultiFuture:get:127"
"4","<1109928280,0>","com/google/appengine/api/datastore/Batcher$ReorderingMultiFuture:get:128"
"4","<1109928280,0>","com/google/appengine/repackaged/org/apache/commons/logging/LogFactory:directGetContextClassLoader:840"
"4","<1109928280,0>","com/google/appengine/repackaged/org/apache/commons/logging/LogFactory:directGetContextClassLoader:841"
"4","<1504360032,1>","org/quartz/core/QuartzSchedulerThread:run:0"
"4","<1504360032,1>","org/quartz/core/QuartzSchedulerThread:run:214"
"4","<1504360032,1>","org/quartz/core/QuartzSchedulerThread:run:218"
"4","<1504360032,1>","org/quartz/core/QuartzSchedulerThread:run:219"
"4","<1504360032,1>","org/quartz/core/QuartzSchedulerThread:run:226"
"4","<1504360032,1>","org/quartz/core/QuartzSchedulerThread:run:230"
"4","<1504360032,1>","org/quartz/core/QuartzSchedulerThread:run:231"
"4","<1504360032,1>","org/quartz/simpl/RAMJobStore:acquireNextTrigger:1127"
"4","<1504360032,1>","org/quartz/simpl/RAMJobStore:acquireNextTrigger:1133"
"4","<1504360032,1>","org/quartz/core/QuartzSchedulerThread:run:385"
"4","<1504360032,1>","org/quartz/core/QuartzSchedulerThread:run:386"
"4","<1504360032,1>","org/quartz/core/QuartzSchedulerThread:run:394"
"4","<1504360032,1>","org/quartz/core/QuartzSchedulerThread:run:395"
"4","<1504360032,1>","org/quartz/core/QuartzSchedulerThread:run:398"
"4","<1504360032,1>","org/quartz/core/QuartzSchedulerThread:run:399"
"4","<1504360032,1>","org/quartz/simpl/RAMJobStore:applyMisfire:1086"
"4","<1504360032,1>","org/quartz/simpl/RAMJobStore:applyMisfire:1087"
"4","<1504360032,1>","org/quartz/simpl/RAMJobStore:getFiredTriggerRecordId:0"
"4","<1504360032,1>","org/quartz/simpl/RAMJobStore:getFiredTriggerRecordId:1113"
"4","<1504360032,1>","org/quartz/simpl/RAMJobStore:acquireNextTrigger:1162"
"4","<1504360032,1>","org/quartz/core/QuartzSchedulerThread:run:252"
"4","<1504360032,1>","org/quartz/core/QuartzSchedulerThread:run:253"
"4","<1504360032,1>","org/quartz/simpl/RAMJobStore:triggerFired:1197"
"4","<1504360032,1>","org/jacoco/agent/rt/internal_b0d6a23/core/runtime/RuntimeData:getExecutionData:119"
"4","<1504360032,1>","org/jacoco/agent/rt/internal_b0d6a23/core/runtime/RuntimeData:getExecutionData:120"
"4","<1504360032,1>","org/quartz/simpl/RAMJobStore:triggerFired:1247"
"4","<1504360032,1>","com/google/appengine/repackaged/org/apache/commons/logging/LogFactory:directGetContextClassLoader:840"
"4","<1504360032,1>","com/google/appengine/repackaged/org/apache/commons/logging/LogFactory:directGetContextClassLoader:841"
"4","<1504360032,1>","org/quartz/simpl/SimpleThreadPool:runInThread:378"
"4","<1504360032,1>","org/quartz/simpl/SimpleThreadPool:runInThread:393"
"4","<1504360032,1>","org/quartz/simpl/SimpleThreadPool:runInThread:394"
"4","<1504360032,1>","org/quartz/simpl/SimpleThreadPool:runInThread:395"
"4","<1504360032,1>","org/quartz/core/QuartzSchedulerThread:run:272"
"4","<1504360032,1>","org/quartz/core/QuartzSchedulerThread:run:273"
"4","<1504360032,1>","org/quartz/core/QuartzSchedulerThread:run:276"
"4","<1504360032,1>","org/quartz/core/QuartzSchedulerThread:run:277"
"4","<1504360032,1>","org/quartz/simpl/RAMJobStore:releaseAcquiredTrigger:1177"
"4","<1504360032,1>","org/quartz/simpl/RAMJobStore:releaseAcquiredTrigger:1184"
"4","<-717176142,1>","java/util/concurrent/FutureTask:run:0"
"4","<-717176142,1>","java/util/concurrent/FutureTask:run:258"
"4","<-717176142,1>","java/util/concurrent/FutureTask:run:259"
"4","<-717176142,1>","java/util/concurrent/FutureTask:run:266"
"4","<-717176142,1>","com/google/appengine/tools/development/ApiProxyLocalImpl$AsyncApiCall:call:0"
"4","<-717176142,1>","com/google/apphosting/api/ApiProxy:possiblyFlushOutOfBandLogs:225"
"4","<-717176142,1>","com/google/apphosting/api/ApiProxy:possiblyFlushOutOfBandLogs:228"
"4","<-717176142,1>","com/google/appengine/tools/development/ApiProxyLocalImpl:getService:0"
"4","<-717176142,1>","com/google/appengine/tools/development/ApiProxyLocalImpl:getService:597"
"4","<-717176142,1>","com/google/appengine/tools/development/Clock$1:getCurrentTime:23"
"4","<-717176142,1>","com/google/appengine/tools/development/Clock$1:getCurrentTime:24"
"4","<-717176142,1>","com/google/appengine/repackaged/com/google/io/protocol/ProtocolMessage:storeStringsOnlyAsBytes:2520"
"4","<-717176142,1>","com/google/appengine/repackaged/com/google/io/protocol/ProtocolMessage:storeStringsOnlyAsBytes:2521"
"4","<-717176142,1>","com/google/appengine/api/datastore/dev/LocalDatastoreService:getOrCreateProfile:1810"
"4","<-717176142,1>","com/google/appengine/api/datastore/dev/LocalDatastoreService:getOrCreateProfile:1817"
"4","<-717176142,1>","com/google/appengine/api/datastore/dev/LocalDatastoreService:get:784"
"4","<-717176142,1>","com/google/appengine/api/datastore/dev/LocalDatastoreService$Profile:getGroup:0"
"4","<-717176142,1>","com/google/appengine/api/datastore/dev/LocalDatastoreService$Profile:getGroups:0"
"4","<-717176142,1>","com/google/appengine/api/datastore/dev/LocalDatastoreService$Profile:getGroups:2202"
"4","<-717176142,1>","org/jacoco/agent/rt/internal_b0d6a23/core/runtime/RuntimeData:getExecutionData:119"
"4","<-717176142,1>","org/jacoco/agent/rt/internal_b0d6a23/core/runtime/RuntimeData:getExecutionData:120"
"4","<-717176142,1>","com/google/appengine/api/datastore/dev/LocalDatastoreService$Profile:getGroup:2129"
"4","<-717176142,1>","com/google/appengine/api/datastore/dev/LocalDatastoreService$Profile:groom:0"
"4","<-717176142,1>","com/google/appengine/api/datastore/dev/LocalDatastoreService$Profile:getGroupsWithUnappliedJobs:0"
"4","<-717176142,1>","com/google/appengine/api/datastore/dev/LocalDatastoreService$Profile:getGroupsWithUnappliedJobs:2209"
"4","<-717176142,1>","com/google/appengine/api/datastore/dev/LocalDatastoreService$Profile:groom:2148"
"4","<-717176142,1>","com/google/appengine/api/datastore/dev/LocalDatastoreService:get:817"
"4","<-717176142,1>","com/google/appengine/tools/development/ApiProxyLocalImpl$AsyncApiCall:tryReleaseSemaphore:0"
"4","<-717176142,1>","com/google/appengine/tools/development/ApiProxyLocalImpl$AsyncApiCall:tryReleaseSemaphore:577"
"4","<-717176142,1>","java/util/concurrent/FutureTask:run:267"
"4","<-717176142,1>","java/util/concurrent/FutureTask:run:274"
"4","<-717176142,1>","java/util/concurrent/FutureTask:set:233"
"4","<-717176142,1>","java/util/concurrent/FutureTask:finishCompletion:384"
"4","<-717176142,1>","java/util/concurrent/FutureTask:finishCompletion:385"
"4","<-717176142,1>","java/util/concurrent/FutureTask:set:234"
"4","<-717176142,1>","java/util/concurrent/FutureTask:run:275"
"4","<-717176142,1>","java/util/concurrent/FutureTask:finishCompletion:372"
"4","<-717176142,1>","java/util/concurrent/FutureTask:finishCompletion:373"
"4","<-717176142,1>","com/google/appengine/api/datastore/dev/LocalDatastoreService:put:825"
"4","<-717176142,1>","com/google/appengine/api/datastore/dev/LocalDatastoreService:put:826"
"4","<-717176142,1>","com/google/appengine/api/datastore/dev/LocalDatastoreService:putImpl:926"
"4","<-717176142,1>","com/google/appengine/api/datastore/dev/LocalDatastoreService$Profile$EntityGroup:incrementVersion:1915"
"4","<-717176142,1>","com/google/appengine/api/datastore/dev/LocalDatastoreService$Profile$EntityGroup:incrementVersion:1916"
"4","<-717176142,1>","com/google/appengine/api/datastore/dev/LocalCompositeIndexManager$XmlIndexFileManager:read:0"
"4","<-717176142,1>","com/google/appengine/api/datastore/dev/LocalCompositeIndexManager$XmlIndexFileManager:read:278"
"4","<-717176142,1>","com/google/appengine/api/datastore/dev/LocalDatastoreService:getOrCreateExtent:1823"
"4","<-717176142,1>","com/google/appengine/api/datastore/dev/LocalDatastoreService:getOrCreateExtent:1829"
"4","<-717176142,1>","com/google/appengine/api/datastore/dev/LocalDatastoreService:putImpl:962"
"4","<-717176142,1>","com/google/appengine/api/datastore/dev/LocalDatastoreService:put:828"
"4","<-717176142,1>","com/google/appengine/api/datastore/dev/LocalDatastoreService:put:829"
"4","<-717176142,1>","com/google/appengine/api/datastore/dev/LocalDatastoreService:delete:1068"
"4","<-717176142,1>","com/google/appengine/api/datastore/dev/LocalDatastoreService:delete:1069"
"4","<-717176142,1>","com/google/appengine/api/datastore/dev/LocalDatastoreService:deleteImpl:1112"
"4","<-717176142,1>","com/google/appengine/api/datastore/dev/LocalDatastoreService:deleteImpl:1148"
"4","<-717176142,1>","com/google/appengine/api/datastore/dev/LocalDatastoreService:delete:1071"
"4","<-717176142,1>","com/google/appengine/api/datastore/dev/LocalDatastoreService:delete:1072"
"4","<-591826253,1>","java/util/concurrent/FutureTask:run:0"
"4","<-591826253,1>","java/util/concurrent/FutureTask:run:258"
"4","<-591826253,1>","java/util/concurrent/FutureTask:run:259"
"4","<-591826253,1>","java/util/concurrent/FutureTask:run:266"
"4","<-591826253,1>","com/google/appengine/tools/development/ApiProxyLocalImpl$AsyncApiCall:call:0"
"4","<-591826253,1>","com/google/apphosting/api/ApiProxy:possiblyFlushOutOfBandLogs:225"
"4","<-591826253,1>","com/google/apphosting/api/ApiProxy:possiblyFlushOutOfBandLogs:228"
"4","<-591826253,1>","com/google/appengine/tools/development/ApiProxyLocalImpl:getService:0"
"4","<-591826253,1>","com/google/appengine/tools/development/ApiProxyLocalImpl:getService:597"
"4","<-591826253,1>","com/google/appengine/tools/development/Clock$1:getCurrentTime:23"
"4","<-591826253,1>","com/google/appengine/tools/development/Clock$1:getCurrentTime:24"
"4","<-591826253,1>","com/google/appengine/repackaged/com/google/io/protocol/ProtocolMessage:storeStringsOnlyAsBytes:2520"
"4","<-591826253,1>","com/google/appengine/repackaged/com/google/io/protocol/ProtocolMessage:storeStringsOnlyAsBytes:2521"
"4","<-591826253,1>","com/google/appengine/api/datastore/dev/LocalDatastoreService:getOrCreateProfile:1810"
"4","<-591826253,1>","com/google/appengine/api/datastore/dev/LocalDatastoreService:getOrCreateProfile:1817"
"4","<-591826253,1>","com/google/appengine/api/datastore/dev/LocalDatastoreService:get:784"
"4","<-591826253,1>","com/google/appengine/api/datastore/dev/LocalDatastoreService$Profile:getGroup:0"
"4","<-591826253,1>","com/google/appengine/api/datastore/dev/LocalDatastoreService$Profile:getGroups:0"
"4","<-591826253,1>","com/google/appengine/api/datastore/dev/LocalDatastoreService$Profile:getGroups:2202"
"4","<-591826253,1>","com/google/appengine/api/datastore/dev/LocalDatastoreService$Profile:getGroup:2129"
"4","<-591826253,1>","com/google/appengine/api/datastore/dev/LocalDatastoreService$Profile:groom:0"
"4","<-591826253,1>","com/google/appengine/api/datastore/dev/LocalDatastoreService$Profile:getGroupsWithUnappliedJobs:0"
"4","<-591826253,1>","com/google/appengine/api/datastore/dev/LocalDatastoreService$Profile:getGroupsWithUnappliedJobs:2209"
"4","<-591826253,1>","com/google/appengine/api/datastore/dev/LocalDatastoreService$Profile:groom:2148"
"4","<-591826253,1>","com/google/appengine/api/datastore/dev/LocalDatastoreService:get:817"
"4","<-591826253,1>","com/google/appengine/tools/development/ApiProxyLocalImpl$AsyncApiCall:tryReleaseSemaphore:0"
"4","<-591826253,1>","com/google/appengine/tools/development/ApiProxyLocalImpl$AsyncApiCall:tryReleaseSemaphore:577"
"4","<-591826253,1>","java/util/concurrent/FutureTask:run:267"
"4","<-591826253,1>","java/util/concurrent/FutureTask:run:274"
"4","<-591826253,1>","java/util/concurrent/FutureTask:set:233"
"4","<-591826253,1>","java/util/concurrent/FutureTask:finishCompletion:372"
"4","<-591826253,1>","java/util/concurrent/FutureTask:finishCompletion:373"
"4","<-591826253,1>","java/util/concurrent/FutureTask:finishCompletion:384"
"4","<-591826253,1>","java/util/concurrent/FutureTask:finishCompletion:385"
"4","<-591826253,1>","java/util/concurrent/FutureTask:set:234"
"4","<-591826253,1>","java/util/concurrent/FutureTask:run:275"
"4","<-591826253,1>","com/google/appengine/api/datastore/dev/LocalDatastoreService:runQuery:1222"
"4","<-591826253,1>","com/google/appengine/api/datastore/dev/LocalCompositeIndexManager:getInstance:0"
"4","<-591826253,1>","com/google/appengine/api/datastore/dev/LocalCompositeIndexManager:getInstance:766"
"4","<-591826253,1>","com/google/appengine/api/datastore/dev/LocalCompositeIndexManager:updateQueryHistory:840"
"4","<-591826253,1>","com/google/appengine/api/datastore/dev/LocalCompositeIndexManager:updateQueryHistory:841"
"4","<-591826253,1>","com/google/appengine/api/datastore/dev/LocalCompositeIndexManager$XmlIndexFileManager:read:0"
"4","<-591826253,1>","com/google/appengine/api/datastore/dev/LocalCompositeIndexManager$XmlIndexFileManager:read:278"
"4","<-591826253,1>","com/google/appengine/api/datastore/dev/LocalDatastoreService:runQuery:1414"
"4","null","org/jacoco/agent/rt/internal_b0d6a23/Agent$1:run:0"
"4","null","org/jacoco/agent/rt/internal_b0d6a23/output/FileOutput:openFile:69"
"4","null","org/jacoco/agent/rt/internal_b0d6a23/output/FileOutput:openFile:70"
"4","null","org/jacoco/agent/rt/internal_b0d6a23/core/runtime/RuntimeData:collect:83"
"4","null","org/jacoco/agent/rt/internal_b0d6a23/core/runtime/RuntimeData:collect:84"
"4","null","org/jacoco/agent/rt/internal_b0d6a23/core/runtime/RuntimeData:collect:85"
"4","null","org/jacoco/agent/rt/internal_b0d6a23/core/runtime/RuntimeData:collect:91"
"4","null","org/jacoco/agent/rt/internal_b0d6a23/output/FileOutput:writeExecutionData:58"
"4","null","org/jacoco/agent/rt/internal_b0d6a23/output/FileOutput:writeExecutionData:59"
"4","<-8449465,1>","com/google/appengine/api/datastore/dev/LocalDatastoreService$1$1:run:0"
"4","<-8449465,1>","com/google/appengine/api/datastore/dev/LocalDatastoreService:cleanupActiveServices:3317"
"4","<-8449465,1>","com/google/appengine/api/datastore/dev/LocalDatastoreService:cleanupActiveServices:3318"
"4","<-58721727,1>","java/util/concurrent/FutureTask:run:0"
"4","<-58721727,1>","java/util/concurrent/FutureTask:run:258"
"4","<-58721727,1>","java/util/concurrent/FutureTask:run:259"
"4","<-58721727,1>","java/util/concurrent/FutureTask:run:266"
"4","<-58721727,1>","com/google/appengine/tools/development/ApiProxyLocalImpl$AsyncApiCall:call:0"
"4","<-58721727,1>","com/google/apphosting/api/ApiProxy:possiblyFlushOutOfBandLogs:225"
"4","<-58721727,1>","com/google/apphosting/api/ApiProxy:possiblyFlushOutOfBandLogs:228"
"4","<-58721727,1>","com/google/appengine/tools/development/ApiProxyLocalImpl:getService:0"
"4","<-58721727,1>","com/google/appengine/tools/development/ApiProxyLocalImpl:getService:597"
"4","<-58721727,1>","com/google/appengine/tools/development/Clock$1:getCurrentTime:23"
"4","<-58721727,1>","com/google/appengine/tools/development/Clock$1:getCurrentTime:24"
"4","<-58721727,1>","com/google/appengine/api/datastore/dev/LocalDatastoreService:put:825"
"4","<-58721727,1>","com/google/appengine/api/datastore/dev/LocalDatastoreService:put:826"
"4","<-58721727,1>","com/google/appengine/repackaged/com/google/io/protocol/ProtocolMessage:storeStringsOnlyAsBytes:2520"
"4","<-58721727,1>","com/google/appengine/repackaged/com/google/io/protocol/ProtocolMessage:storeStringsOnlyAsBytes:2521"
"4","<-58721727,1>","com/google/appengine/api/datastore/dev/LocalDatastoreService:getOrCreateProfile:1810"
"4","<-58721727,1>","com/google/appengine/api/datastore/dev/LocalDatastoreService:getOrCreateProfile:1817"
"4","<-58721727,1>","com/google/appengine/api/datastore/dev/LocalDatastoreService:putImpl:926"
"4","<-58721727,1>","com/google/appengine/api/datastore/dev/LocalDatastoreService$Profile:getGroup:0"
"4","<-58721727,1>","com/google/appengine/api/datastore/dev/LocalDatastoreService$Profile:getGroups:0"
"4","<-58721727,1>","com/google/appengine/api/datastore/dev/LocalDatastoreService$Profile:getGroups:2202"
"4","<-58721727,1>","com/google/appengine/api/datastore/dev/LocalDatastoreService$Profile:getGroup:2129"
"4","<-58721727,1>","com/google/appengine/api/datastore/dev/LocalDatastoreService$Profile$EntityGroup:incrementVersion:1915"
"4","<-58721727,1>","com/google/appengine/api/datastore/dev/LocalDatastoreService$Profile$EntityGroup:incrementVersion:1916"
"4","<-58721727,1>","com/google/appengine/api/datastore/dev/LocalCompositeIndexManager$XmlIndexFileManager:read:0"
"4","<-58721727,1>","com/google/appengine/api/datastore/dev/LocalCompositeIndexManager$XmlIndexFileManager:read:278"
"4","<-58721727,1>","com/google/appengine/api/datastore/dev/LocalDatastoreService$Profile:getGroupsWithUnappliedJobs:0"
"4","<-58721727,1>","com/google/appengine/api/datastore/dev/LocalDatastoreService$Profile:getGroupsWithUnappliedJobs:2209"
"4","<-58721727,1>","com/google/appengine/api/datastore/dev/LocalDatastoreService:getOrCreateExtent:1823"
"4","<-58721727,1>","com/google/appengine/api/datastore/dev/LocalDatastoreService:getOrCreateExtent:1829"
"4","<-58721727,1>","com/google/appengine/api/datastore/dev/LocalDatastoreService:putImpl:962"
"4","<-58721727,1>","com/google/appengine/api/datastore/dev/LocalDatastoreService:put:828"
"4","<-58721727,1>","com/google/appengine/api/datastore/dev/LocalDatastoreService:put:829"
"4","<-58721727,1>","com/google/appengine/tools/development/ApiProxyLocalImpl$AsyncApiCall:tryReleaseSemaphore:0"
"4","<-58721727,1>","com/google/appengine/tools/development/ApiProxyLocalImpl$AsyncApiCall:tryReleaseSemaphore:577"
"4","<-58721727,1>","java/util/concurrent/FutureTask:run:267"
"4","<-58721727,1>","java/util/concurrent/FutureTask:run:274"
"4","<-58721727,1>","java/util/concurrent/FutureTask:set:233"
"4","<-58721727,1>","java/util/concurrent/FutureTask:finishCompletion:384"
"4","<-58721727,1>","java/util/concurrent/FutureTask:finishCompletion:385"
"4","<-58721727,1>","java/util/concurrent/FutureTask:set:234"
"4","<-58721727,1>","java/util/concurrent/FutureTask:run:275"
"4","<-58721727,1>","com/google/appengine/api/datastore/dev/LocalDatastoreService:delete:1068"
"4","<-58721727,1>","com/google/appengine/api/datastore/dev/LocalDatastoreService:delete:1069"
"4","<-58721727,1>","com/google/appengine/api/datastore/dev/LocalDatastoreService:deleteImpl:1112"
"4","<-58721727,1>","com/google/appengine/api/datastore/dev/LocalDatastoreService:deleteImpl:1148"
"4","<-58721727,1>","com/google/appengine/api/datastore/dev/LocalDatastoreService:delete:1071"
"4","<-58721727,1>","com/google/appengine/api/datastore/dev/LocalDatastoreService:delete:1072"
