"TestMethod","Thread","SleepyRunId","Cause","Interception","HitSleepCount","CumulativeSleepTimeMS"
"com.squareup.okhttp.internal.spdy.SpdyConnectionTest#readSendsWindowUpdateHttp2","<1562044902,1>","84","java/util/concurrent/Callable.call()Ljava/lang/Object;","java/util/concurrent/FutureTask:run:266","1","10000"
"com.squareup.okhttp.internal.spdy.SpdyConnectionTest#readSendsWindowUpdateHttp2","<main>","1","java/util/concurrent/BlockingQueue.take()Ljava/lang/Object;","com/squareup/okhttp/internal/spdy/MockSpdyPeer:takeFrame:96","6","19687"
"com.squareup.okhttp.internal.spdy.SpdyConnectionTest#readSendsWindowUpdateHttp2","<-1020933817,1>","20","MONITORENTER","okio/SegmentPool:recycle:53","4","18750"
"com.squareup.okhttp.internal.spdy.SpdyConnectionTest#readSendsWindowUpdateHttp2","<1562044902,1>","90","java/lang/Thread.currentThread()Ljava/lang/Thread;","java/util/concurrent/FutureTask:run:259","3","17500"
"com.squareup.okhttp.internal.spdy.SpdyConnectionTest#readSendsWindowUpdateHttp2","<-1020933817,1>","43","java/lang/Thread.getName()Ljava/lang/String;","com/squareup/okhttp/internal/NamedRunnable:run:31","2","5312"
"com.squareup.okhttp.internal.spdy.SpdyConnectionTest#readSendsWindowUpdateHttp2","<main>","1","MONITOREXIT","com/squareup/okhttp/internal/spdy/SpdyStream$SpdyDataSource:read:377","10","19979"
"com.squareup.okhttp.internal.spdy.SpdyConnectionTest#readSendsWindowUpdateHttp2","<1562044902,1>","69","RUNNABLE_CALLABLE_START","com/squareup/okhttp/internal/NamedRunnable:run:0","3","17500"
"com.squareup.okhttp.internal.spdy.SpdyConnectionTest#readSendsWindowUpdateHttp2","<68941243,1>","2","MONITOREXIT","okio/SegmentPool:recycle:59","3","17500"
"com.squareup.okhttp.internal.spdy.SpdyConnectionTest#readSendsWindowUpdateHttp2","<1562044902,1>","34","java/lang/Thread.currentThread()Ljava/lang/Thread;","com/squareup/okhttp/internal/NamedRunnable:run:32","1","10000"
"com.squareup.okhttp.internal.spdy.SpdyConnectionTest#readSendsWindowUpdateHttp2","<main>","2","java/util/concurrent/Executors.callable(Ljava/lang/Runnable;Ljava/lang/Object;)Ljava/util/concurrent/Callable;","java/util/concurrent/FutureTask:<init>:153","4","18750"
"com.squareup.okhttp.internal.spdy.SpdyConnectionTest#readSendsWindowUpdateHttp2","<68941243,1>","2","MONITOREXIT","okio/SegmentPool:take:47","9","19960"
"com.squareup.okhttp.internal.spdy.SpdyConnectionTest#readSendsWindowUpdateHttp2","<main>","2","MONITORENTER","okio/SegmentPool:recycle:53","1","10000"
"com.squareup.okhttp.internal.spdy.SpdyConnectionTest#readSendsWindowUpdateHttp2","<1562044902,1>","58","SYNCHRONIZED_METHOD_ENTER","com/squareup/okhttp/internal/spdy/Http20Draft09$Writer:windowUpdate:0","3","17500"
"com.squareup.okhttp.internal.spdy.SpdyConnectionTest#readSendsWindowUpdateHttp2","<main>","1","java/util/concurrent/ExecutorService.submit(Ljava/lang/Runnable;)Ljava/util/concurrent/Future;","com/squareup/okhttp/internal/spdy/SpdyConnection:writeWindowUpdateLater:345","2","15000"
"com.squareup.okhttp.internal.spdy.SpdyConnectionTest#readSendsWindowUpdateHttp2","<68941243,1>","3","MONITORENTER","okio/SegmentPool:take:39","1","10000"
"com.squareup.okhttp.internal.spdy.SpdyConnectionTest#readSendsWindowUpdateHttp2","<68941243,1>","1","MONITOREXIT","com/squareup/okhttp/internal/spdy/SpdyStream$SpdyDataSource:receive:456","2","15000"
"com.squareup.okhttp.internal.spdy.SpdyConnectionTest#readSendsWindowUpdateHttp2","<main>","1","MONITOREXIT","okio/SegmentPool:take:47","9","19960"
"com.squareup.okhttp.internal.spdy.SpdyConnectionTest#readSendsWindowUpdateHttp2","<1562044902,1>","30","java/io/OutputStream.flush()V","okio/Okio$1:flush:84","1","10000"
"com.squareup.okhttp.internal.spdy.SpdyConnectionTest#readSendsWindowUpdateHttp2","<1562044902,1>","52","java/lang/Thread.getName()Ljava/lang/String;","com/squareup/okhttp/internal/NamedRunnable:run:31","3","5331"
"com.squareup.okhttp.internal.spdy.SpdyConnectionTest#readSendsWindowUpdateHttp2","<68941243,1>","2","SYNCHRONIZED_METHOD_EXIT","com/squareup/okhttp/internal/spdy/SpdyConnection:getStream:177","7","19843"
"com.squareup.okhttp.internal.spdy.SpdyConnectionTest#readSendsWindowUpdateHttp2","<68941243,1>","2","MONITOREXIT","okio/SegmentPool:take:45","8","19921"
"com.squareup.okhttp.internal.spdy.SpdyConnectionTest#readSendsWindowUpdateHttp2","<68941243,1>","1","MONITOREXIT","okio/SegmentPool:take:45","1","10000"
"com.squareup.okhttp.internal.spdy.SpdyConnectionTest#readSendsWindowUpdateHttp2","<-1020933817,1>","2","MONITORENTER","okio/SegmentPool:recycle:53","2","15000"
"com.squareup.okhttp.internal.spdy.SpdyConnectionTest#readSendsWindowUpdateHttp2","<main>","1","MONITORENTER","com/squareup/okhttp/internal/spdy/SpdyStream$SpdyDataSource:read:380","1","10000"
"com.squareup.okhttp.internal.spdy.SpdyConnectionTest#readSendsWindowUpdateHttp2","<1562044902,1>","12","java/lang/Thread.currentThread()Ljava/lang/Thread;","com/squareup/okhttp/internal/NamedRunnable:run:35","1","10000"
"com.squareup.okhttp.internal.spdy.SpdyConnectionTest#readSendsWindowUpdateHttp2","<68941243,1>","1","MONITORENTER","com/squareup/okhttp/internal/spdy/SpdyStream:receiveFin:309","2","15000"
"com.squareup.okhttp.internal.spdy.SpdyConnectionTest#readSendsWindowUpdateHttp2","<1562044902,1>","35","MONITOREXIT","okio/SegmentPool:take:45","1","10000"
"com.squareup.okhttp.internal.spdy.SpdyConnectionTest#readSendsWindowUpdateHttp2","<1562044902,1>","74","RUNNABLE_CALLABLE_START","com/squareup/okhttp/internal/NamedRunnable:run:0","1","10000"
"com.squareup.okhttp.internal.spdy.SpdyConnectionTest#readSendsWindowUpdateHttp2","<main>","2","MONITOREXIT","com/squareup/okhttp/internal/spdy/SpdyConnection:newStream:263","2","15000"
"com.squareup.okhttp.internal.spdy.SpdyConnectionTest#readSendsWindowUpdateHttp2","<1562044902,1>","34","MONITOREXIT","okio/SegmentPool:recycle:59","2","15000"
"com.squareup.okhttp.internal.spdy.SpdyConnectionTest#readSendsWindowUpdateHttp2","<1562044902,1>","87","java/lang/Thread.currentThread()Ljava/lang/Thread;","java/util/concurrent/FutureTask:run:259","1","10000"
"com.squareup.okhttp.internal.spdy.SpdyConnectionTest#readSendsWindowUpdateHttp2","<68941243,1>","2","MONITORENTER","com/squareup/okhttp/internal/spdy/SpdyStream$SpdyDataSource:receive:426","12","19992"
"com.squareup.okhttp.internal.spdy.SpdyConnectionTest#readSendsWindowUpdateHttp2","<1562044902,1>","69","java/lang/Thread.getName()Ljava/lang/String;","com/squareup/okhttp/internal/NamedRunnable:run:30","2","6250"
"com.squareup.okhttp.internal.spdy.SpdyConnectionTest#readSendsWindowUpdateHttp2","<781236076,1>","3","MONITOREXIT","okio/SegmentPool:recycle:54","4","18750"
"com.squareup.okhttp.internal.spdy.SpdyConnectionTest#readSendsWindowUpdateHttp2","<main>","2","MONITOREXIT","com/squareup/okhttp/internal/spdy/SpdyStream$SpdyDataSource:read:377","7","19843"
"com.squareup.okhttp.internal.spdy.SpdyConnectionTest#readSendsWindowUpdateHttp2","<781236076,1>","1","MONITORENTER","okio/SegmentPool:take:39","8","19921"
"com.squareup.okhttp.internal.spdy.SpdyConnectionTest#readSendsWindowUpdateHttp2","<781236076,1>","3","MONITORENTER","okio/SegmentPool:take:39","1","10000"
"com.squareup.okhttp.internal.spdy.SpdyConnectionTest#readSendsWindowUpdateHttp2","<main>","1","SYNCHRONIZED_METHOD_EXIT","com/squareup/okhttp/internal/spdy/Http20Draft09$Writer:synReply:339","1","10000"
"com.squareup.okhttp.internal.spdy.SpdyConnectionTest#readSendsWindowUpdateHttp2","<-1020933817,1>","3","java/lang/Thread.setName(Ljava/lang/String;)V","com/squareup/okhttp/internal/NamedRunnable:run:31","1","1250"
"com.squareup.okhttp.internal.spdy.SpdyConnectionTest#readSendsWindowUpdateHttp2","<-1020933817,1>","14","MONITOREXIT","okio/SegmentPool:take:45","2","15000"
"com.squareup.okhttp.internal.spdy.SpdyConnectionTest#readSendsWindowUpdateHttp2","<-1020933817,1>","30","java/lang/Thread.setName(Ljava/lang/String;)V","com/squareup/okhttp/internal/NamedRunnable:run:31","2","1328"
"com.squareup.okhttp.internal.spdy.SpdyConnectionTest#readSendsWindowUpdateHttp2","<1562044902,1>","34","MONITORENTER","okio/SegmentPool:recycle:53","2","15000"
"com.squareup.okhttp.internal.spdy.SpdyConnectionTest#readSendsWindowUpdateHttp2","<-1020933817,1>","45","RUNNABLE_CALLABLE_START","com/squareup/okhttp/internal/NamedRunnable:run:0","2","15000"
"com.squareup.okhttp.internal.spdy.SpdyConnectionTest#readSendsWindowUpdateHttp2","<-1020933817,1>","50","java/lang/Thread.getName()Ljava/lang/String;","com/squareup/okhttp/internal/NamedRunnable:run:30","3","6562"
"com.squareup.okhttp.internal.spdy.SpdyConnectionTest#readSendsWindowUpdateHttp2","<781236076,1>","2","java/util/concurrent/BlockingQueue.add(Ljava/lang/Object;)Z","com/squareup/okhttp/internal/spdy/MockSpdyPeer:readAndWriteFrames:151","7","19843"
"com.squareup.okhttp.internal.spdy.SpdyConnectionTest#readSendsWindowUpdateHttp2","<68941243,1>","1","MONITORENTER","okio/SegmentPool:take:39","12","19992"
"com.squareup.okhttp.internal.spdy.SpdyConnectionTest#readSendsWindowUpdateHttp2","<-1020933817,1>","30","java/lang/Thread.setName(Ljava/lang/String;)V","com/squareup/okhttp/internal/NamedRunnable:run:31","1","1250"
"com.squareup.okhttp.internal.spdy.SpdyConnectionTest#readSendsWindowUpdateHttp2","<1562044902,1>","63","java/lang/Thread.currentThread()Ljava/lang/Thread;","com/squareup/okhttp/internal/NamedRunnable:run:32","2","12500"
"com.squareup.okhttp.internal.spdy.SpdyConnectionTest#readSendsWindowUpdateHttp2","<68941243,1>","2","java/lang/Object.notifyAll()V","com/squareup/okhttp/internal/spdy/SpdyStream$SpdyDataSource:receive:454","10","19979"
"com.squareup.okhttp.internal.spdy.SpdyConnectionTest#readSendsWindowUpdateHttp2","<main>","1","SYNCHRONIZED_METHOD_ENTER","com/squareup/okhttp/internal/spdy/Http20Draft09$Writer:data:0","9","19960"
"com.squareup.okhttp.internal.spdy.SpdyConnectionTest#readSendsWindowUpdateHttp2","<1562044902,1>","48","MONITORENTER","okio/SegmentPool:recycle:53","2","15000"
"com.squareup.okhttp.internal.spdy.SpdyConnectionTest#readSendsWindowUpdateHttp2","<68941243,1>","2","java/lang/Object.notifyAll()V","com/squareup/okhttp/internal/spdy/SpdyStream$SpdyDataSource:receive:455","10","19979"
"com.squareup.okhttp.internal.spdy.SpdyConnectionTest#readSendsWindowUpdateHttp2","<68941243,1>","2","java/lang/Thread.currentThread()Ljava/lang/Thread;","com/squareup/okhttp/internal/NamedRunnable:run:30","1","10000"
"com.squareup.okhttp.internal.spdy.SpdyConnectionTest#readSendsWindowUpdateHttp2","<781236076,1>","1","MONITOREXIT","okio/SegmentPool:recycle:54","10","19979"
"com.squareup.okhttp.internal.spdy.SpdyConnectionTest#readSendsWindowUpdateHttp2","<68941243,1>","1","MONITOREXIT","com/squareup/okhttp/internal/spdy/SpdyStream$SpdyDataSource:receive:429","11","19988"
"com.squareup.okhttp.internal.spdy.SpdyConnectionTest#readSendsWindowUpdateHttp2","<main>","2","MONITOREXIT","okio/SegmentPool:recycle:59","9","19960"
"com.squareup.okhttp.internal.spdy.SpdyConnectionTest#readSendsWindowUpdateHttp2","<781236076,1>","1","MONITOREXIT","okio/SegmentPool:recycle:59","5","19375"
"com.squareup.okhttp.internal.spdy.SpdyConnectionTest#readSendsWindowUpdateHttp2","<main>","3","MONITOREXIT","okio/SegmentPool:recycle:59","2","15000"
"com.squareup.okhttp.internal.spdy.SpdyConnectionTest#readSendsWindowUpdateHttp2","<main>","1","MONITORENTER","okio/SegmentPool:recycle:53","10","19979"
"com.squareup.okhttp.internal.spdy.SpdyConnectionTest#readSendsWindowUpdateHttp2","<-1020933817,1>","29","java/lang/Thread.getName()Ljava/lang/String;","com/squareup/okhttp/internal/NamedRunnable:run:31","1","5000"
"com.squareup.okhttp.internal.spdy.SpdyConnectionTest#readSendsWindowUpdateHttp2","<main>","1","MONITORENTER","com/squareup/okhttp/internal/spdy/SpdyStream$SpdyDataSource:read:363","9","19960"
"com.squareup.okhttp.internal.spdy.SpdyConnectionTest#readSendsWindowUpdateHttp2","<-1020933817,1>","31","java/lang/Thread.currentThread()Ljava/lang/Thread;","com/squareup/okhttp/internal/NamedRunnable:run:32","3","13125"
"com.squareup.okhttp.internal.spdy.SpdyConnectionTest#readSendsWindowUpdateHttp2","<68941243,1>","1","MONITORENTER","okio/SegmentPool:recycle:53","2","15000"
"com.squareup.okhttp.internal.spdy.SpdyConnectionTest#readSendsWindowUpdateHttp2","<main>","3","MONITOREXIT","okio/SegmentPool:take:45","4","18750"
"com.squareup.okhttp.internal.spdy.SpdyConnectionTest#readSendsWindowUpdateHttp2","<main>","3","java/util/concurrent/ExecutorService.submit(Ljava/lang/Runnable;)Ljava/util/concurrent/Future;","com/squareup/okhttp/internal/spdy/SpdyConnection:writeWindowUpdateLater:345","1","10000"
"com.squareup.okhttp.internal.spdy.SpdyConnectionTest#readSendsWindowUpdateHttp2","<781236076,1>","2","MONITORENTER","okio/SegmentPool:recycle:53","11","19988"
"com.squareup.okhttp.internal.spdy.SpdyConnectionTest#readSendsWindowUpdateHttp2","<781236076,1>","3","java/util/concurrent/BlockingQueue.add(Ljava/lang/Object;)Z","com/squareup/okhttp/internal/spdy/MockSpdyPeer:readAndWriteFrames:151","7","19843"
"com.squareup.okhttp.internal.spdy.SpdyConnectionTest#readSendsWindowUpdateHttp2","<main>","2","MONITOREXIT","com/squareup/okhttp/internal/spdy/SpdyStream$SpdyDataSource:read:387","14","19995"
"com.squareup.okhttp.internal.spdy.SpdyConnectionTest#readSendsWindowUpdateHttp2","<-1020933817,1>","15","MONITOREXIT","okio/SegmentPool:take:45","4","18750"
"com.squareup.okhttp.internal.spdy.SpdyConnectionTest#readSendsWindowUpdateHttp2","<main>","1","java/util/concurrent/BlockingQueue.take()Ljava/lang/Object;","com/squareup/okhttp/internal/spdy/MockSpdyPeer:takeFrame:96","1","10000"
"com.squareup.okhttp.internal.spdy.SpdyConnectionTest#readSendsWindowUpdateHttp2","<main>","2","MONITOREXIT","okio/SegmentPool:take:45","13","19994"
"com.squareup.okhttp.internal.spdy.SpdyConnectionTest#readSendsWindowUpdateHttp2","<1562044902,1>","54","java/lang/Thread.setName(Ljava/lang/String;)V","com/squareup/okhttp/internal/NamedRunnable:run:31","3","1332"
"com.squareup.okhttp.internal.spdy.SpdyConnectionTest#readSendsWindowUpdateHttp2","<68941243,1>","2","MONITOREXIT","com/squareup/okhttp/internal/spdy/SpdyStream$SpdyDataSource:receive:429","8","19921"
"com.squareup.okhttp.internal.spdy.SpdyConnectionTest#readSendsWindowUpdateHttp2","<1562044902,1>","44","MONITOREXIT","okio/SegmentPool:recycle:59","2","15000"
"com.squareup.okhttp.internal.spdy.SpdyConnectionTest#readSendsWindowUpdateHttp2","<1562044902,1>","36","java/lang/Thread.setName(Ljava/lang/String;)V","com/squareup/okhttp/internal/NamedRunnable:run:32","1","5000"
"com.squareup.okhttp.internal.spdy.SpdyConnectionTest#readSendsWindowUpdateHttp2","<-1020933817,1>","46","RUNNABLE_CALLABLE_START","java/util/concurrent/FutureTask:run:0","1","10000"
"com.squareup.okhttp.internal.spdy.SpdyConnectionTest#readSendsWindowUpdateHttp2","<-1020933817,1>","51","java/lang/Thread.currentThread()Ljava/lang/Thread;","com/squareup/okhttp/internal/NamedRunnable:run:30","2","12500"
"com.squareup.okhttp.internal.spdy.SpdyConnectionTest#readSendsWindowUpdateHttp2","<68941243,1>","1","java/lang/Object.notifyAll()V","com/squareup/okhttp/internal/spdy/SpdyStream$SpdyDataSource:receive:455","5","19375"
"com.squareup.okhttp.internal.spdy.SpdyConnectionTest#readSendsWindowUpdateHttp2","<main>","1","java/util/concurrent/ExecutorService.submit(Ljava/lang/Runnable;)Ljava/util/concurrent/Future;","com/squareup/okhttp/internal/spdy/SpdyConnection:writeWindowUpdateLater:345","6","19687"
"com.squareup.okhttp.internal.spdy.SpdyConnectionTest#readSendsWindowUpdateHttp2","<-1020933817,1>","33","java/lang/Thread.currentThread()Ljava/lang/Thread;","com/squareup/okhttp/internal/NamedRunnable:run:32","3","13125"
"com.squareup.okhttp.internal.spdy.SpdyConnectionTest#readSendsWindowUpdateHttp2","<1562044902,1>","83","java/util/concurrent/Callable.call()Ljava/lang/Object;","java/util/concurrent/FutureTask:run:266","2","15000"
"com.squareup.okhttp.internal.spdy.SpdyConnectionTest#readSendsWindowUpdateHttp2","<-1020933817,1>","2","java/lang/Thread.currentThread()Ljava/lang/Thread;","com/squareup/okhttp/internal/NamedRunnable:run:35","1","10000"
"com.squareup.okhttp.internal.spdy.SpdyConnectionTest#readSendsWindowUpdateHttp2","<68941243,1>","1","MONITOREXIT","com/squareup/okhttp/internal/spdy/SpdyStream$SpdyDataSource:receive:456","6","19687"
"com.squareup.okhttp.internal.spdy.SpdyConnectionTest#readSendsWindowUpdateHttp2","<68941243,1>","3","MONITORENTER","okio/SegmentPool:take:39","3","17500"
"com.squareup.okhttp.internal.spdy.SpdyConnectionTest#readSendsWindowUpdateHttp2","<-1020933817,1>","48","java/lang/Thread.getName()Ljava/lang/String;","com/squareup/okhttp/internal/NamedRunnable:run:30","1","5000"
"com.squareup.okhttp.internal.spdy.SpdyConnectionTest#readSendsWindowUpdateHttp2","<1562044902,1>","68","RUNNABLE_CALLABLE_START","com/squareup/okhttp/internal/NamedRunnable:run:0","3","17500"
"com.squareup.okhttp.internal.spdy.SpdyConnectionTest#readSendsWindowUpdateHttp2","<1562044902,1>","51","MONITOREXIT","okio/SegmentPool:take:45","1","10000"
"com.squareup.okhttp.internal.spdy.SpdyConnectionTest#readSendsWindowUpdateHttp2","<main>","2","MONITORENTER","com/squareup/okhttp/internal/spdy/SpdyStream$SpdyDataSource:read:363","2","15000"
"com.squareup.okhttp.internal.spdy.SpdyConnectionTest#readSendsWindowUpdateHttp2","<781236076,1>","1","MONITORENTER","okio/SegmentPool:recycle:53","2","15000"
"com.squareup.okhttp.internal.spdy.SpdyConnectionTest#readSendsWindowUpdateHttp2","<1562044902,1>","92","java/lang/Thread.currentThread()Ljava/lang/Thread;","java/util/concurrent/FutureTask:run:259","1","10000"
"com.squareup.okhttp.internal.spdy.SpdyConnectionTest#readSendsWindowUpdateHttp2","<main>","3","MONITOREXIT","com/squareup/okhttp/internal/spdy/SpdyStream$SpdyDataSource:read:377","13","19994"
"com.squareup.okhttp.internal.spdy.SpdyConnectionTest#readSendsWindowUpdateHttp2","<68941243,1>","2","java/lang/Object.notifyAll()V","com/squareup/okhttp/internal/spdy/SpdyStream$SpdyDataSource:receive:455","7","19843"
"com.squareup.okhttp.internal.spdy.SpdyConnectionTest#readSendsWindowUpdateHttp2","<1562044902,1>","74","RUNNABLE_CALLABLE_START","com/squareup/okhttp/internal/NamedRunnable:run:0","3","17500"
"com.squareup.okhttp.internal.spdy.SpdyConnectionTest#readSendsWindowUpdateHttp2","<-1020933817,1>","8","java/lang/Thread.currentThread()Ljava/lang/Thread;","com/squareup/okhttp/internal/NamedRunnable:run:32","1","10000"
"com.squareup.okhttp.internal.spdy.SpdyConnectionTest#readSendsWindowUpdateHttp2","<main>","1","MONITOREXIT","okio/SegmentPool:take:47","11","19988"
"com.squareup.okhttp.internal.spdy.SpdyConnectionTest#readSendsWindowUpdateHttp2","<main>","3","MONITOREXIT","okio/SegmentPool:take:47","6","19687"
"com.squareup.okhttp.internal.spdy.SpdyConnectionTest#readSendsWindowUpdateHttp2","<68941243,1>","2","MONITORENTER","com/squareup/okhttp/internal/spdy/SpdyStream$SpdyDataSource:receive:450","7","19843"
"com.squareup.okhttp.internal.spdy.SpdyConnectionTest#readSendsWindowUpdateHttp2","<781236076,1>","3","MONITOREXIT","okio/SegmentPool:recycle:54","9","19960"
"com.squareup.okhttp.internal.spdy.SpdyConnectionTest#readSendsWindowUpdateHttp2","<-1020933817,1>","23","MONITOREXIT","okio/SegmentPool:take:45","3","17500"
"com.squareup.okhttp.internal.spdy.SpdyConnectionTest#readSendsWindowUpdateHttp2","<1562044902,1>","54","java/lang/Thread.setName(Ljava/lang/String;)V","com/squareup/okhttp/internal/NamedRunnable:run:32","3","6562"
"com.squareup.okhttp.internal.spdy.SpdyConnectionTest#readSendsWindowUpdateHttp2","<1562044902,1>","34","MONITOREXIT","okio/SegmentPool:take:45","2","15000"
"com.squareup.okhttp.internal.spdy.SpdyConnectionTest#readSendsWindowUpdateHttp2","<-1020933817,1>","22","MONITOREXIT","okio/SegmentPool:take:45","2","15000"
"com.squareup.okhttp.internal.spdy.SpdyConnectionTest#readSendsWindowUpdateHttp2","<-1020933817,1>","45","java/lang/Thread.currentThread()Ljava/lang/Thread;","java/util/concurrent/FutureTask:run:259","2","15000"
"com.squareup.okhttp.internal.spdy.SpdyConnectionTest#readSendsWindowUpdateHttp2","<1562044902,1>","87","java/lang/Thread.currentThread()Ljava/lang/Thread;","java/util/concurrent/FutureTask:run:259","3","17500"
"com.squareup.okhttp.internal.spdy.SpdyConnectionTest#readSendsWindowUpdateHttp2","<68941243,1>","2","MONITOREXIT","com/squareup/okhttp/internal/spdy/SpdyStream$SpdyDataSource:receive:456","6","19687"
"com.squareup.okhttp.internal.spdy.SpdyConnectionTest#readSendsWindowUpdateHttp2","<781236076,1>","3","MONITORENTER","okio/SegmentPool:recycle:53","1","10000"
"com.squareup.okhttp.internal.spdy.SpdyConnectionTest#readSendsWindowUpdateHttp2","<1562044902,1>","69","java/lang/Thread.currentThread()Ljava/lang/Thread;","java/util/concurrent/FutureTask:run:258","1","10000"
"com.squareup.okhttp.internal.spdy.SpdyConnectionTest#readSendsWindowUpdateHttp2","<68941243,1>","3","SYNCHRONIZED_METHOD_EXIT","com/squareup/okhttp/internal/spdy/SpdyConnection:getStream:177","8","19921"
"com.squareup.okhttp.internal.spdy.SpdyConnectionTest#readSendsWindowUpdateHttp2","<781236076,1>","3","MONITOREXIT","okio/SegmentPool:recycle:59","5","19375"
"com.squareup.okhttp.internal.spdy.SpdyConnectionTest#readSendsWindowUpdateHttp2","<-1020933817,1>","38","java/lang/Thread.currentThread()Ljava/lang/Thread;","com/squareup/okhttp/internal/NamedRunnable:run:32","1","10000"
"com.squareup.okhttp.internal.spdy.SpdyConnectionTest#readSendsWindowUpdateHttp2","<main>","3","MONITORENTER","okio/SegmentPool:recycle:53","14","19995"
"com.squareup.okhttp.internal.spdy.SpdyConnectionTest#readSendsWindowUpdateHttp2","<-1020933817,1>","9","SYNCHRONIZED_METHOD_ENTER","com/squareup/okhttp/internal/spdy/Http20Draft09$Writer:windowUpdate:0","1","10000"
"com.squareup.okhttp.internal.spdy.SpdyConnectionTest#readSendsWindowUpdateHttp2","<1562044902,1>","57","java/lang/Thread.setName(Ljava/lang/String;)V","com/squareup/okhttp/internal/NamedRunnable:run:32","3","6562"
"com.squareup.okhttp.internal.spdy.SpdyConnectionTest#readSendsWindowUpdateHttp2","<1562044902,1>","72","RUNNABLE_CALLABLE_START","com/squareup/okhttp/internal/NamedRunnable:run:0","3","17500"
"com.squareup.okhttp.internal.spdy.SpdyConnectionTest#readSendsWindowUpdateHttp2","<68941243,1>","2","MONITOREXIT","okio/SegmentPool:take:47","2","15000"
"com.squareup.okhttp.internal.spdy.SpdyConnectionTest#readSendsWindowUpdateHttp2","<main>","2","MONITORENTER","okio/SegmentPool:recycle:53","13","19994"
"com.squareup.okhttp.internal.spdy.SpdyConnectionTest#readSendsWindowUpdateHttp2","<1562044902,1>","34","MONITORENTER","okio/SegmentPool:take:39","1","10000"
"com.squareup.okhttp.internal.spdy.SpdyConnectionTest#readSendsWindowUpdateHttp2","<1562044902,1>","75","java/lang/Thread.getName()Ljava/lang/String;","com/squareup/okhttp/internal/NamedRunnable:run:30","3","6562"
"com.squareup.okhttp.internal.spdy.SpdyConnectionTest#readSendsWindowUpdateHttp2","<-1020933817,1>","30","java/lang/Thread.setName(Ljava/lang/String;)V","com/squareup/okhttp/internal/NamedRunnable:run:31","3","1332"
"com.squareup.okhttp.internal.spdy.SpdyConnectionTest#readSendsWindowUpdateHttp2","<-1020933817,1>","4","MONITOREXIT","okio/SegmentPool:recycle:59","1","10000"
"com.squareup.okhttp.internal.spdy.SpdyConnectionTest#readSendsWindowUpdateHttp2","<1562044902,1>","82","java/util/concurrent/Callable.call()Ljava/lang/Object;","java/util/concurrent/FutureTask:run:266","1","10000"
"com.squareup.okhttp.internal.spdy.SpdyConnectionTest#readSendsWindowUpdateHttp2","<1562044902,1>","62","java/lang/Thread.currentThread()Ljava/lang/Thread;","com/squareup/okhttp/internal/NamedRunnable:run:32","2","12500"
"com.squareup.okhttp.internal.spdy.SpdyConnectionTest#readSendsWindowUpdateHttp2","<1562044902,1>","87","java/lang/Thread.currentThread()Ljava/lang/Thread;","java/util/concurrent/FutureTask:run:258","3","17500"
"com.squareup.okhttp.internal.spdy.SpdyConnectionTest#readSendsWindowUpdateHttp2","<main>","3","MONITOREXIT","okio/SegmentPool:recycle:59","6","19687"
"com.squareup.okhttp.internal.spdy.SpdyConnectionTest#readSendsWindowUpdateHttp2","<-1020933817,1>","41","java/lang/Thread.getName()Ljava/lang/String;","com/squareup/okhttp/internal/NamedRunnable:run:31","2","5312"
"com.squareup.okhttp.internal.spdy.SpdyConnectionTest#readSendsWindowUpdateHttp2","<main>","1","MONITORENTER","okio/SegmentPool:take:39","14","19995"
"com.squareup.okhttp.internal.spdy.SpdyConnectionTest#readSendsWindowUpdateHttp2","<-1020933817,1>","51","java/lang/Thread.getName()Ljava/lang/String;","com/squareup/okhttp/internal/NamedRunnable:run:30","1","5000"
"com.squareup.okhttp.internal.spdy.SpdyConnectionTest#readSendsWindowUpdateHttp2","<main>","2","java/io/OutputStream.flush()V","okio/Okio$1:flush:84","1","10000"
"com.squareup.okhttp.internal.spdy.SpdyConnectionTest#readSendsWindowUpdateHttp2","<1562044902,1>","39","MONITOREXIT","okio/SegmentPool:take:45","2","15000"
"com.squareup.okhttp.internal.spdy.SpdyConnectionTest#readSendsWindowUpdateHttp2","<main>","2","java/util/concurrent/BlockingQueue.take()Ljava/lang/Object;","com/squareup/okhttp/internal/spdy/MockSpdyPeer:takeFrame:96","2","15000"
"com.squareup.okhttp.internal.spdy.SpdyConnectionTest#readSendsWindowUpdateHttp2","<main>","3","java/util/concurrent/ExecutorService.submit(Ljava/lang/Runnable;)Ljava/util/concurrent/Future;","com/squareup/okhttp/internal/spdy/SpdyConnection:writeWindowUpdateLater:345","3","17500"
"com.squareup.okhttp.internal.spdy.SpdyConnectionTest#readSendsWindowUpdateHttp2","<main>","3","MONITOREXIT","okio/SegmentPool:take:45","10","19979"
"com.squareup.okhttp.internal.spdy.SpdyConnectionTest#readSendsWindowUpdateHttp2","<main>","3","MONITOREXIT","com/squareup/okhttp/internal/spdy/SpdyStream$SpdyDataSource:read:387","4","18750"
"com.squareup.okhttp.internal.spdy.SpdyConnectionTest#readSendsWindowUpdateHttp2","<781236076,1>","3","MONITOREXIT","okio/SegmentPool:recycle:54","14","19995"
"com.squareup.okhttp.internal.spdy.SpdyConnectionTest#readSendsWindowUpdateHttp2","<main>","1","SYNCHRONIZED_METHOD_EXIT","com/squareup/okhttp/internal/spdy/MockSpdyPeer:close:172","1","10000"
"com.squareup.okhttp.internal.spdy.SpdyConnectionTest#readSendsWindowUpdateHttp2","<1562044902,1>","28","java/io/OutputStream.flush()V","okio/Okio$1:flush:84","1","10000"
"com.squareup.okhttp.internal.spdy.SpdyConnectionTest#readSendsWindowUpdateHttp2","<main>","1","MONITORENTER","com/squareup/okhttp/internal/spdy/SpdyStream$SpdyDataSource:read:363","13","19994"
"com.squareup.okhttp.internal.spdy.SpdyConnectionTest#readSendsWindowUpdateHttp2","<main>","2","MONITOREXIT","com/squareup/okhttp/internal/spdy/SpdyStream$SpdyDataSource:read:387","2","15000"
"com.squareup.okhttp.internal.spdy.SpdyConnectionTest#readSendsWindowUpdateHttp2","<1562044902,1>","3","RUNNABLE_CALLABLE_START","com/squareup/okhttp/internal/NamedRunnable:run:0","1","10000"
"com.squareup.okhttp.internal.spdy.SpdyConnectionTest#readSendsWindowUpdateHttp2","<68941243,1>","1","MONITORENTER","com/squareup/okhttp/internal/spdy/SpdyStream$SpdyDataSource:receive:450","13","19994"
"com.squareup.okhttp.internal.spdy.SpdyConnectionTest#readSendsWindowUpdateHttp2","<1562044902,1>","1","java/io/OutputStream.flush()V","okio/Okio$1:flush:85","1","10000"
"com.squareup.okhttp.internal.spdy.SpdyConnectionTest#readSendsWindowUpdateHttp2","<main>","1","java/util/concurrent/BlockingQueue.take()Ljava/lang/Object;","com/squareup/okhttp/internal/spdy/MockSpdyPeer:takeFrame:96","3","17500"
"com.squareup.okhttp.internal.spdy.SpdyConnectionTest#readSendsWindowUpdateHttp2","<1562044902,1>","10","java/lang/Thread.currentThread()Ljava/lang/Thread;","com/squareup/okhttp/internal/NamedRunnable:run:35","1","10000"
"com.squareup.okhttp.internal.spdy.SpdyConnectionTest#readSendsWindowUpdateHttp2","<1562044902,1>","32","java/lang/Thread.currentThread()Ljava/lang/Thread;","java/util/concurrent/FutureTask:run:259","1","10000"
"com.squareup.okhttp.internal.spdy.SpdyConnectionTest#readSendsWindowUpdateHttp2","<main>","1","MONITOREXIT","okio/SegmentPool:take:45","1","10000"
"com.squareup.okhttp.internal.spdy.SpdyConnectionTest#readSendsWindowUpdateHttp2","<1562044902,1>","1","java/lang/Thread.setName(Ljava/lang/String;)V","com/squareup/okhttp/internal/NamedRunnable:run:31","1","1250"
"com.squareup.okhttp.internal.spdy.SpdyConnectionTest#readSendsWindowUpdateHttp2","<1562044902,1>","4","java/io/OutputStream.flush()V","okio/Okio$1:flush:85","1","10000"
"com.squareup.okhttp.internal.spdy.SpdyConnectionTest#readSendsWindowUpdateHttp2","<-1020933817,1>","46","RUNNABLE_CALLABLE_START","java/util/concurrent/FutureTask:run:0","3","17500"
"com.squareup.okhttp.internal.spdy.SpdyConnectionTest#readSendsWindowUpdateHttp2","<1562044902,1>","99","RUNNABLE_CALLABLE_START","java/util/concurrent/FutureTask:run:0","1","10000"
"com.squareup.okhttp.internal.spdy.SpdyConnectionTest#readSendsWindowUpdateHttp2","<68941243,1>","3","MONITOREXIT","com/squareup/okhttp/internal/spdy/SpdyStream$SpdyDataSource:receive:429","10","19979"
"com.squareup.okhttp.internal.spdy.SpdyConnectionTest#readSendsWindowUpdateHttp2","<1562044902,1>","35","java/lang/Thread.currentThread()Ljava/lang/Thread;","com/squareup/okhttp/internal/NamedRunnable:run:31","1","10000"
"com.squareup.okhttp.internal.spdy.SpdyConnectionTest#readSendsWindowUpdateHttp2","<68941243,1>","1","MONITOREXIT","okio/SegmentPool:take:47","1","10000"
"com.squareup.okhttp.internal.spdy.SpdyConnectionTest#readSendsWindowUpdateHttp2","<781236076,1>","1","MONITOREXIT","okio/SegmentPool:take:45","4","18750"
"com.squareup.okhttp.internal.spdy.SpdyConnectionTest#readSendsWindowUpdateHttp2","<main>","1","java/lang/Thread.start()V","com/squareup/okhttp/internal/spdy/SpdyConnection:<init>:161","1","10000"
"com.squareup.okhttp.internal.spdy.SpdyConnectionTest#readSendsWindowUpdateHttp2","<68941243,1>","2","SYNCHRONIZED_METHOD_ENTER","com/squareup/okhttp/internal/spdy/SpdyConnection:getStream:0","7","19843"
"com.squareup.okhttp.internal.spdy.SpdyConnectionTest#readSendsWindowUpdateHttp2","<1562044902,1>","87","RUNNABLE_CALLABLE_START","java/util/concurrent/FutureTask:run:0","3","17500"
"com.squareup.okhttp.internal.spdy.SpdyConnectionTest#readSendsWindowUpdateHttp2","<1562044902,1>","51","MONITOREXIT","okio/SegmentPool:take:45","3","17500"
"com.squareup.okhttp.internal.spdy.SpdyConnectionTest#readSendsWindowUpdateHttp2","<main>","1","SYNCHRONIZED_METHOD_ENTER","com/squareup/okhttp/internal/spdy/Http20Draft09$Writer:data:0","2","15000"
"com.squareup.okhttp.internal.spdy.SpdyConnectionTest#readSendsWindowUpdateHttp2","<1562044902,1>","32","java/lang/Thread.currentThread()Ljava/lang/Thread;","com/squareup/okhttp/internal/NamedRunnable:run:32","1","10000"
"com.squareup.okhttp.internal.spdy.SpdyConnectionTest#readSendsWindowUpdateHttp2","<1562044902,1>","53","SYNCHRONIZED_METHOD_ENTER","com/squareup/okhttp/internal/spdy/Http20Draft09$Writer:windowUpdate:0","1","10000"
"com.squareup.okhttp.internal.spdy.SpdyConnectionTest#readSendsWindowUpdateHttp2","<68941243,1>","1","SYNCHRONIZED_METHOD_ENTER","com/squareup/okhttp/internal/spdy/SpdyConnection:getStream:0","4","18750"
"com.squareup.okhttp.internal.spdy.SpdyConnectionTest#readSendsWindowUpdateHttp2","<781236076,1>","1","MONITORENTER","okio/SegmentPool:take:39","1","10000"
"com.squareup.okhttp.internal.spdy.SpdyConnectionTest#readSendsWindowUpdateHttp2","<main>","2","MONITORENTER","com/squareup/okhttp/internal/spdy/SpdyStream$SpdyDataSource:read:380","5","19375"
"com.squareup.okhttp.internal.spdy.SpdyConnectionTest#readSendsWindowUpdateHttp2","<main>","3","SYNCHRONIZED_METHOD_ENTER","com/squareup/okhttp/internal/spdy/Http20Draft09$Writer:data:0","12","19992"
"com.squareup.okhttp.internal.spdy.SpdyConnectionTest#readSendsWindowUpdateHttp2","<1562044902,1>","92","java/lang/Thread.currentThread()Ljava/lang/Thread;","java/util/concurrent/FutureTask:run:259","3","17500"
"com.squareup.okhttp.internal.spdy.SpdyConnectionTest#readSendsWindowUpdateHttp2","<-1020933817,1>","63","java/lang/Thread.currentThread()Ljava/lang/Thread;","java/util/concurrent/FutureTask:run:258","2","15000"
"com.squareup.okhttp.internal.spdy.SpdyConnectionTest#readSendsWindowUpdateHttp2","<68941243,1>","1","java/lang/Object.notifyAll()V","com/squareup/okhttp/internal/spdy/SpdyStream$SpdyDataSource:receive:454","14","19995"
"com.squareup.okhttp.internal.spdy.SpdyConnectionTest#readSendsWindowUpdateHttp2","<main>","1","MONITORENTER","com/squareup/okhttp/internal/spdy/SpdyStream$SpdyDataSource:read:363","2","15000"
"com.squareup.okhttp.internal.spdy.SpdyConnectionTest#readSendsWindowUpdateHttp2","<1562044902,1>","57","java/lang/Thread.setName(Ljava/lang/String;)V","com/squareup/okhttp/internal/NamedRunnable:run:32","1","5000"
"com.squareup.okhttp.internal.spdy.SpdyConnectionTest#readSendsWindowUpdateHttp2","<1562044902,1>","35","MONITORENTER","okio/SegmentPool:recycle:53","1","10000"
"com.squareup.okhttp.internal.spdy.SpdyConnectionTest#readSendsWindowUpdateHttp2","<-1020933817,1>","22","MONITOREXIT","okio/SegmentPool:take:45","6","19687"
"com.squareup.okhttp.internal.spdy.SpdyConnectionTest#readSendsWindowUpdateHttp2","<main>","1","SYNCHRONIZED_METHOD_EXIT","com/squareup/okhttp/internal/spdy/Http20Draft09$Writer:data:402","4","18750"
"com.squareup.okhttp.internal.spdy.SpdyConnectionTest#readSendsWindowUpdateHttp2","<-1020933817,1>","20","MONITORENTER","okio/SegmentPool:recycle:53","2","15000"
"com.squareup.okhttp.internal.spdy.SpdyConnectionTest#readSendsWindowUpdateHttp2","<main>","1","MONITOREXIT","com/squareup/okhttp/internal/spdy/SpdyStream$SpdyDataSource:read:377","6","19687"
"com.squareup.okhttp.internal.spdy.SpdyConnectionTest#readSendsWindowUpdateHttp2","<781236076,1>","2","MONITOREXIT","okio/SegmentPool:take:45","6","19687"
"com.squareup.okhttp.internal.spdy.SpdyConnectionTest#readSendsWindowUpdateHttp2","<-1020933817,1>","2","MONITOREXIT","okio/SegmentPool:recycle:59","2","15000"
"com.squareup.okhttp.internal.spdy.SpdyConnectionTest#readSendsWindowUpdateHttp2","<main>","2","java/util/concurrent/Executors.callable(Ljava/lang/Runnable;Ljava/lang/Object;)Ljava/util/concurrent/Callable;","java/util/concurrent/FutureTask:<init>:153","2","15000"
"com.squareup.okhttp.internal.spdy.SpdyConnectionTest#readSendsWindowUpdateHttp2","<-1020933817,1>","10","java/lang/Thread.currentThread()Ljava/lang/Thread;","com/squareup/okhttp/internal/NamedRunnable:run:31","1","10000"
"com.squareup.okhttp.internal.spdy.SpdyConnectionTest#readSendsWindowUpdateHttp2","<-1020933817,1>","66","java/lang/Thread.currentThread()Ljava/lang/Thread;","java/util/concurrent/FutureTask:run:258","2","15000"
"com.squareup.okhttp.internal.spdy.SpdyConnectionTest#readSendsWindowUpdateHttp2","<main>","3","java/util/concurrent/BlockingQueue.take()Ljava/lang/Object;","com/squareup/okhttp/internal/spdy/MockSpdyPeer:takeFrame:96","5","19375"
"com.squareup.okhttp.internal.spdy.SpdyConnectionTest#readSendsWindowUpdateHttp2","<781236076,1>","3","MONITOREXIT","okio/SegmentPool:take:45","5","19375"
"com.squareup.okhttp.internal.spdy.SpdyConnectionTest#readSendsWindowUpdateHttp2","<68941243,1>","2","MONITOREXIT","com/squareup/okhttp/internal/spdy/SpdyStream$SpdyDataSource:receive:456","8","19921"
"com.squareup.okhttp.internal.spdy.SpdyConnectionTest#readSendsWindowUpdateHttp2","<68941243,1>","3","MONITOREXIT","com/squareup/okhttp/internal/spdy/SpdyStream$SpdyDataSource:receive:429","14","19995"
"com.squareup.okhttp.internal.spdy.SpdyConnectionTest#readSendsWindowUpdateHttp2","<main>","1","java/util/concurrent/BlockingQueue.take()Ljava/lang/Object;","com/squareup/okhttp/internal/spdy/MockSpdyPeer:takeFrame:97","1","10000"
"com.squareup.okhttp.internal.spdy.SpdyConnectionTest#readSendsWindowUpdateHttp2","<68941243,1>","2","MONITOREXIT","okio/SegmentPool:take:47","6","19687"
"com.squareup.okhttp.internal.spdy.SpdyConnectionTest#readSendsWindowUpdateHttp2","<-1020933817,1>","5","MONITOREXIT","okio/SegmentPool:recycle:59","2","15000"
"com.squareup.okhttp.internal.spdy.SpdyConnectionTest#readSendsWindowUpdateHttp2","<68941243,1>","3","MONITORENTER","com/squareup/okhttp/internal/spdy/SpdyStream$SpdyDataSource:receive:450","6","19687"
"com.squareup.okhttp.internal.spdy.SpdyConnectionTest#readSendsWindowUpdateHttp2","<main>","2","MONITORENTER","com/squareup/okhttp/internal/spdy/SpdyConnection:newStream:243","1","10000"
"com.squareup.okhttp.internal.spdy.SpdyConnectionTest#readSendsWindowUpdateHttp2","<1562044902,1>","35","MONITOREXIT","okio/SegmentPool:recycle:59","1","10000"
"com.squareup.okhttp.internal.spdy.SpdyConnectionTest#readSendsWindowUpdateHttp2","<781236076,1>","1","java/util/concurrent/BlockingQueue.add(Ljava/lang/Object;)Z","com/squareup/okhttp/internal/spdy/MockSpdyPeer:readAndWriteFrames:150","7","19843"
"com.squareup.okhttp.internal.spdy.SpdyConnectionTest#readSendsWindowUpdateHttp2","<main>","2","MONITORENTER","com/squareup/okhttp/internal/spdy/SpdyConnection:newStream:242","1","10000"
"com.squareup.okhttp.internal.spdy.SpdyConnectionTest#readSendsWindowUpdateHttp2","<main>","1","MONITOREXIT","com/squareup/okhttp/internal/spdy/SpdyStream$SpdyDataSource:read:377","12","19992"
"com.squareup.okhttp.internal.spdy.SpdyConnectionTest#readSendsWindowUpdateHttp2","<1562044902,1>","33","MONITORENTER","okio/SegmentPool:take:39","1","10000"
"com.squareup.okhttp.internal.spdy.SpdyConnectionTest#readSendsWindowUpdateHttp2","<-1020933817,1>","13","MONITOREXIT","okio/SegmentPool:take:45","4","18750"
"com.squareup.okhttp.internal.spdy.SpdyConnectionTest#readSendsWindowUpdateHttp2","<-1020933817,1>","46","java/lang/Thread.currentThread()Ljava/lang/Thread;","com/squareup/okhttp/internal/NamedRunnable:run:30","2","12500"
"com.squareup.okhttp.internal.spdy.SpdyConnectionTest#readSendsWindowUpdateHttp2","<-1020933817,1>","43","java/lang/Thread.currentThread()Ljava/lang/Thread;","com/squareup/okhttp/internal/NamedRunnable:run:31","2","12500"
"com.squareup.okhttp.internal.spdy.SpdyConnectionTest#readSendsWindowUpdateHttp2","<1562044902,1>","82","java/util/concurrent/Callable.call()Ljava/lang/Object;","java/util/concurrent/FutureTask:run:266","3","17500"
"com.squareup.okhttp.internal.spdy.SpdyConnectionTest#readSendsWindowUpdateHttp2","<68941243,1>","3","SYNCHRONIZED_METHOD_ENTER","com/squareup/okhttp/internal/spdy/SpdyConnection:getStream:0","6","19687"
"com.squareup.okhttp.internal.spdy.SpdyConnectionTest#readSendsWindowUpdateHttp2","<-1020933817,1>","51","java/lang/Thread.getName()Ljava/lang/String;","com/squareup/okhttp/internal/NamedRunnable:run:30","2","6250"
"com.squareup.okhttp.internal.spdy.SpdyConnectionTest#readSendsWindowUpdateHttp2","<68941243,1>","2","MONITOREXIT","okio/SegmentPool:take:45","11","19988"
"com.squareup.okhttp.internal.spdy.SpdyConnectionTest#readSendsWindowUpdateHttp2","<main>","2","MONITOREXIT","com/squareup/okhttp/internal/spdy/SpdyStream$SpdyDataSource:read:377","13","19994"
"com.squareup.okhttp.internal.spdy.SpdyConnectionTest#readSendsWindowUpdateHttp2","<68941243,1>","2","MONITOREXIT","com/squareup/okhttp/internal/spdy/SpdyStream$SpdyDataSource:receive:429","1","10000"
"com.squareup.okhttp.internal.spdy.SpdyConnectionTest#readSendsWindowUpdateHttp2","<1562044902,1>","36","MONITORENTER","okio/SegmentPool:take:39","1","10000"
"com.squareup.okhttp.internal.spdy.SpdyConnectionTest#readSendsWindowUpdateHttp2","<main>","2","java/lang/Thread.setDaemon(Z)V","com/squareup/okhttp/internal/Util$1:newThread:276","1","10000"
"com.squareup.okhttp.internal.spdy.SpdyConnectionTest#readSendsWindowUpdateHttp2","<68941243,1>","3","MONITORENTER","com/squareup/okhttp/internal/spdy/SpdyStream$SpdyDataSource:receive:450","12","19992"
"com.squareup.okhttp.internal.spdy.SpdyConnectionTest#readSendsWindowUpdateHttp2","<main>","3","MONITOREXIT","com/squareup/okhttp/internal/spdy/SpdyStream$SpdyDataSource:read:387","9","19960"
"com.squareup.okhttp.internal.spdy.SpdyConnectionTest#readSendsWindowUpdateHttp2","<781236076,1>","3","MONITOREXIT","okio/SegmentPool:recycle:54","2","15000"
"com.squareup.okhttp.internal.spdy.SpdyConnectionTest#readSendsWindowUpdateHttp2","<68941243,1>","3","MONITOREXIT","com/squareup/okhttp/internal/spdy/SpdyStream:receiveFin:313","2","7500"
"com.squareup.okhttp.internal.spdy.SpdyConnectionTest#readSendsWindowUpdateHttp2","<68941243,1>","2","SYNCHRONIZED_METHOD_EXIT","com/squareup/okhttp/internal/spdy/SpdyConnection:getStream:177","2","15000"
"com.squareup.okhttp.internal.spdy.SpdyConnectionTest#readSendsWindowUpdateHttp2","<-1020933817,1>","41","java/lang/Thread.currentThread()Ljava/lang/Thread;","com/squareup/okhttp/internal/NamedRunnable:run:31","1","10000"
"com.squareup.okhttp.internal.spdy.SpdyConnectionTest#readSendsWindowUpdateHttp2","<781236076,1>","3","MONITORENTER","okio/SegmentPool:recycle:53","13","19994"
"com.squareup.okhttp.internal.spdy.SpdyConnectionTest#readSendsWindowUpdateHttp2","<1562044902,1>","53","java/lang/Thread.getName()Ljava/lang/String;","com/squareup/okhttp/internal/NamedRunnable:run:31","1","5000"
"com.squareup.okhttp.internal.spdy.SpdyConnectionTest#readSendsWindowUpdateHttp2","<-1020933817,1>","41","java/lang/Thread.getName()Ljava/lang/String;","com/squareup/okhttp/internal/NamedRunnable:run:31","3","5331"
"com.squareup.okhttp.internal.spdy.SpdyConnectionTest#readSendsWindowUpdateHttp2","<-1020933817,1>","19","MONITORENTER","okio/SegmentPool:recycle:53","4","18750"
"com.squareup.okhttp.internal.spdy.SpdyConnectionTest#readSendsWindowUpdateHttp2","<68941243,1>","3","java/lang/Object.notifyAll()V","com/squareup/okhttp/internal/spdy/SpdyStream$SpdyDataSource:receive:454","4","18750"
"com.squareup.okhttp.internal.spdy.SpdyConnectionTest#readSendsWindowUpdateHttp2","<1562044902,1>","73","java/lang/Thread.getName()Ljava/lang/String;","com/squareup/okhttp/internal/NamedRunnable:run:30","3","6562"
"com.squareup.okhttp.internal.spdy.SpdyConnectionTest#readSendsWindowUpdateHttp2","<main>","1","MONITOREXIT","okio/SegmentPool:take:45","3","17500"
"com.squareup.okhttp.internal.spdy.SpdyConnectionTest#readSendsWindowUpdateHttp2","<68941243,1>","2","java/lang/Object.notifyAll()V","com/squareup/okhttp/internal/spdy/SpdyStream$SpdyDataSource:receive:454","6","19687"
"com.squareup.okhttp.internal.spdy.SpdyConnectionTest#readSendsWindowUpdateHttp2","<main>","3","MONITORENTER","com/squareup/okhttp/internal/spdy/SpdyStream$SpdyDataSource:read:380","7","19843"
"com.squareup.okhttp.internal.spdy.SpdyConnectionTest#readSendsWindowUpdateHttp2","<main>","3","SYNCHRONIZED_METHOD_EXIT","com/squareup/okhttp/internal/spdy/Http20Draft09$Writer:data:402","6","19687"
"com.squareup.okhttp.internal.spdy.SpdyConnectionTest#readSendsWindowUpdateHttp2","<main>","2","MONITOREXIT","okio/SegmentPool:take:47","5","19375"
"com.squareup.okhttp.internal.spdy.SpdyConnectionTest#readSendsWindowUpdateHttp2","<1562044902,1>","32","java/lang/Thread.currentThread()Ljava/lang/Thread;","com/squareup/okhttp/internal/NamedRunnable:run:31","1","10000"
"com.squareup.okhttp.internal.spdy.SpdyConnectionTest#readSendsWindowUpdateHttp2","<781236076,1>","2","MONITOREXIT","okio/SegmentPool:recycle:54","14","19995"
"com.squareup.okhttp.internal.spdy.SpdyConnectionTest#readSendsWindowUpdateHttp2","<68941243,1>","3","MONITORENTER","okio/SegmentPool:take:39","4","18750"
"com.squareup.okhttp.internal.spdy.SpdyConnectionTest#readSendsWindowUpdateHttp2","<1562044902,1>","99","RUNNABLE_CALLABLE_START","java/util/concurrent/FutureTask:run:0","3","17500"
"com.squareup.okhttp.internal.spdy.SpdyConnectionTest#readSendsWindowUpdateHttp2","<main>","3","SYNCHRONIZED_METHOD_ENTER","com/squareup/okhttp/internal/spdy/Http20Draft09$Writer:data:0","8","19921"
"com.squareup.okhttp.internal.spdy.SpdyConnectionTest#readSendsWindowUpdateHttp2","<-1020933817,1>","7","SYNCHRONIZED_METHOD_ENTER","com/squareup/okhttp/internal/spdy/Http20Draft09$Writer:windowUpdate:0","1","10000"
"com.squareup.okhttp.internal.spdy.SpdyConnectionTest#readSendsWindowUpdateHttp2","<1562044902,1>","85","java/lang/Thread.currentThread()Ljava/lang/Thread;","java/util/concurrent/FutureTask:run:259","3","17500"
"com.squareup.okhttp.internal.spdy.SpdyConnectionTest#readSendsWindowUpdateHttp2","<68941243,1>","1","MONITOREXIT","okio/SegmentPool:take:47","3","17500"
"com.squareup.okhttp.internal.spdy.SpdyConnectionTest#readSendsWindowUpdateHttp2","<68941243,1>","1","SYNCHRONIZED_METHOD_ENTER","com/squareup/okhttp/internal/spdy/SpdyConnection:getStream:0","9","19960"
"com.squareup.okhttp.internal.spdy.SpdyConnectionTest#readSendsWindowUpdateHttp2","<main>","2","MONITOREXIT","com/squareup/okhttp/internal/spdy/SpdyStream$SpdyDataSource:read:377","2","15000"
"com.squareup.okhttp.internal.spdy.SpdyConnectionTest#readSendsWindowUpdateHttp2","<main>","1","MONITOREXIT","com/squareup/okhttp/internal/spdy/SpdyStream$SpdyDataSource:read:387","7","19843"
"com.squareup.okhttp.internal.spdy.SpdyConnectionTest#readSendsWindowUpdateHttp2","<68941243,1>","1","SYNCHRONIZED_METHOD_EXIT","com/squareup/okhttp/internal/spdy/SpdyConnection:getStream:177","8","19921"
"com.squareup.okhttp.internal.spdy.SpdyConnectionTest#readSendsWindowUpdateHttp2","<1562044902,1>","53","SYNCHRONIZED_METHOD_ENTER","com/squareup/okhttp/internal/spdy/Http20Draft09$Writer:windowUpdate:0","3","17500"
"com.squareup.okhttp.internal.spdy.SpdyConnectionTest#readSendsWindowUpdateHttp2","<main>","3","SYNCHRONIZED_METHOD_EXIT","com/squareup/okhttp/internal/spdy/Http20Draft09$Writer:data:394","5","19375"
"com.squareup.okhttp.internal.spdy.SpdyConnectionTest#readSendsWindowUpdateHttp2","<1562044902,1>","94","java/lang/Thread.currentThread()Ljava/lang/Thread;","java/util/concurrent/FutureTask:run:258","2","15000"
"com.squareup.okhttp.internal.spdy.SpdyConnectionTest#readSendsWindowUpdateHttp2","<-1020933817,1>","45","java/lang/Thread.currentThread()Ljava/lang/Thread;","com/squareup/okhttp/internal/NamedRunnable:run:30","2","12500"
"com.squareup.okhttp.internal.spdy.SpdyConnectionTest#readSendsWindowUpdateHttp2","<1562044902,1>","38","MONITOREXIT","okio/SegmentPool:take:45","2","15000"
"com.squareup.okhttp.internal.spdy.SpdyConnectionTest#readSendsWindowUpdateHttp2","<68941243,1>","3","java/lang/Thread.setName(Ljava/lang/String;)V","com/squareup/okhttp/internal/NamedRunnable:run:31","1","1250"
"com.squareup.okhttp.internal.spdy.SpdyConnectionTest#readSendsWindowUpdateHttp2","<1562044902,1>","72","java/lang/Thread.getName()Ljava/lang/String;","com/squareup/okhttp/internal/NamedRunnable:run:30","1","5000"
"com.squareup.okhttp.internal.spdy.SpdyConnectionTest#readSendsWindowUpdateHttp2","<main>","1","SYNCHRONIZED_METHOD_EXIT","com/squareup/okhttp/internal/spdy/Http20Draft09$Writer:data:402","9","19960"
"com.squareup.okhttp.internal.spdy.SpdyConnectionTest#readSendsWindowUpdateHttp2","<main>","2","java/util/concurrent/ExecutorService.submit(Ljava/lang/Runnable;)Ljava/util/concurrent/Future;","com/squareup/okhttp/internal/spdy/SpdyConnection:writeWindowUpdateLater:345","3","17500"
"com.squareup.okhttp.internal.spdy.SpdyConnectionTest#readSendsWindowUpdateHttp2","<-1020933817,1>","3","RUNNABLE_CALLABLE_START","com/squareup/okhttp/internal/NamedRunnable:run:0","1","10000"
"com.squareup.okhttp.internal.spdy.SpdyConnectionTest#readSendsWindowUpdateHttp2","<main>","3","MONITOREXIT","okio/SegmentPool:take:47","3","17500"
"com.squareup.okhttp.internal.spdy.SpdyConnectionTest#readSendsWindowUpdateHttp2","<-1020933817,1>","15","MONITOREXIT","okio/SegmentPool:take:45","2","15000"
"com.squareup.okhttp.internal.spdy.SpdyConnectionTest#readSendsWindowUpdateHttp2","<781236076,1>","1","MONITOREXIT","okio/SegmentPool:recycle:54","12","19992"
"com.squareup.okhttp.internal.spdy.SpdyConnectionTest#readSendsWindowUpdateHttp2","<-1020933817,1>","22","MONITOREXIT","okio/SegmentPool:take:45","1","10000"
"com.squareup.okhttp.internal.spdy.SpdyConnectionTest#readSendsWindowUpdateHttp2","<1562044902,1>","66","java/lang/Thread.getName()Ljava/lang/String;","com/squareup/okhttp/internal/NamedRunnable:run:31","1","5000"
"com.squareup.okhttp.internal.spdy.SpdyConnectionTest#readSendsWindowUpdateHttp2","<781236076,1>","2","MONITOREXIT","okio/SegmentPool:take:45","1","10000"
"com.squareup.okhttp.internal.spdy.SpdyConnectionTest#readSendsWindowUpdateHttp2","<68941243,1>","3","MONITORENTER","com/squareup/okhttp/internal/spdy/SpdyStream:receiveFin:309","1","10000"
"com.squareup.okhttp.internal.spdy.SpdyConnectionTest#readSendsWindowUpdateHttp2","<-1020933817,1>","13","MONITORENTER","okio/SegmentPool:take:39","4","18750"
"com.squareup.okhttp.internal.spdy.SpdyConnectionTest#readSendsWindowUpdateHttp2","<main>","1","java/util/concurrent/Executors.callable(Ljava/lang/Runnable;Ljava/lang/Object;)Ljava/util/concurrent/Callable;","java/util/concurrent/FutureTask:<init>:152","5","19375"
"com.squareup.okhttp.internal.spdy.SpdyConnectionTest#readSendsWindowUpdateHttp2","<main>","2","MONITOREXIT","okio/SegmentPool:recycle:59","5","19375"
"com.squareup.okhttp.internal.spdy.SpdyConnectionTest#readSendsWindowUpdateHttp2","<main>","1","MONITOREXIT","com/squareup/okhttp/internal/spdy/SpdyStream$SpdyDataSource:read:377","8","19921"
"com.squareup.okhttp.internal.spdy.SpdyConnectionTest#readSendsWindowUpdateHttp2","<68941243,1>","1","java/lang/Object.notifyAll()V","com/squareup/okhttp/internal/spdy/SpdyStream$SpdyDataSource:receive:455","12","19992"
"com.squareup.okhttp.internal.spdy.SpdyConnectionTest#readSendsWindowUpdateHttp2","<-1020933817,1>","44","java/lang/Thread.currentThread()Ljava/lang/Thread;","java/util/concurrent/FutureTask:run:259","3","17500"
"com.squareup.okhttp.internal.spdy.SpdyConnectionTest#readSendsWindowUpdateHttp2","<main>","2","MONITORENTER","com/squareup/okhttp/internal/spdy/SpdyStream$SpdyDataSource:read:380","14","19995"
"com.squareup.okhttp.internal.spdy.SpdyConnectionTest#readSendsWindowUpdateHttp2","<1562044902,1>","77","java/lang/Thread.currentThread()Ljava/lang/Thread;","com/squareup/okhttp/internal/NamedRunnable:run:30","2","12500"
"com.squareup.okhttp.internal.spdy.SpdyConnectionTest#readSendsWindowUpdateHttp2","<1562044902,1>","31","MONITOREXIT","okio/SegmentPool:take:45","1","10000"
"com.squareup.okhttp.internal.spdy.SpdyConnectionTest#readSendsWindowUpdateHttp2","<68941243,1>","3","MONITOREXIT","okio/SegmentPool:take:45","6","19687"
"com.squareup.okhttp.internal.spdy.SpdyConnectionTest#readSendsWindowUpdateHttp2","<68941243,1>","3","MONITORENTER","com/squareup/okhttp/internal/spdy/SpdyStream$SpdyDataSource:receive:450","8","19921"
"com.squareup.okhttp.internal.spdy.SpdyConnectionTest#readSendsWindowUpdateHttp2","<main>","3","MONITOREXIT","com/squareup/okhttp/internal/spdy/SpdyStream$SpdyDataSource:read:377","1","10000"
"com.squareup.okhttp.internal.spdy.SpdyConnectionTest#readSendsWindowUpdateHttp2","<781236076,1>","1","java/util/concurrent/BlockingQueue.add(Ljava/lang/Object;)Z","com/squareup/okhttp/internal/spdy/MockSpdyPeer:readAndWriteFrames:151","4","18750"
"com.squareup.okhttp.internal.spdy.SpdyConnectionTest#readSendsWindowUpdateHttp2","<main>","1","SYNCHRONIZED_METHOD_ENTER","com/squareup/okhttp/internal/spdy/Http20Draft09$Writer:data:0","13","19994"
"com.squareup.okhttp.internal.spdy.SpdyConnectionTest#readSendsWindowUpdateHttp2","<68941243,1>","3","MONITOREXIT","okio/SegmentPool:take:47","4","18750"
"com.squareup.okhttp.internal.spdy.SpdyConnectionTest#readSendsWindowUpdateHttp2","<781236076,1>","1","MONITOREXIT","okio/SegmentPool:take:45","7","19843"
"com.squareup.okhttp.internal.spdy.SpdyConnectionTest#readSendsWindowUpdateHttp2","<main>","2","MONITOREXIT","okio/SegmentPool:recycle:59","13","19994"
"com.squareup.okhttp.internal.spdy.SpdyConnectionTest#readSendsWindowUpdateHttp2","<1562044902,1>","62","java/lang/Thread.currentThread()Ljava/lang/Thread;","com/squareup/okhttp/internal/NamedRunnable:run:32","1","10000"
"com.squareup.okhttp.internal.spdy.SpdyConnectionTest#readSendsWindowUpdateHttp2","<1562044902,1>","21","SYNCHRONIZED_METHOD_EXIT","com/squareup/okhttp/internal/spdy/Http20Draft09$Writer:windowUpdate:470","1","10000"
"com.squareup.okhttp.internal.spdy.SpdyConnectionTest#readSendsWindowUpdateHttp2","<-1020933817,1>","9","MONITORENTER","okio/SegmentPool:take:39","2","15000"
"com.squareup.okhttp.internal.spdy.SpdyConnectionTest#readSendsWindowUpdateHttp2","<1562044902,1>","81","RUNNABLE_CALLABLE_START","com/squareup/okhttp/internal/NamedRunnable:run:0","2","15000"
"com.squareup.okhttp.internal.spdy.SpdyConnectionTest#readSendsWindowUpdateHttp2","<1562044902,1>","69","java/util/concurrent/Callable.call()Ljava/lang/Object;","java/util/concurrent/FutureTask:run:266","2","15000"
"com.squareup.okhttp.internal.spdy.SpdyConnectionTest#readSendsWindowUpdateHttp2","<-1020933817,1>","3","MONITOREXIT","okio/SegmentPool:take:45","1","10000"
"com.squareup.okhttp.internal.spdy.SpdyConnectionTest#readSendsWindowUpdateHttp2","<68941243,1>","3","SYNCHRONIZED_METHOD_ENTER","com/squareup/okhttp/internal/spdy/SpdyConnection:getStream:0","8","19921"
"com.squareup.okhttp.internal.spdy.SpdyConnectionTest#readSendsWindowUpdateHttp2","<1562044902,1>","73","java/lang/Thread.getName()Ljava/lang/String;","com/squareup/okhttp/internal/NamedRunnable:run:30","1","5000"
"com.squareup.okhttp.internal.spdy.SpdyConnectionTest#readSendsWindowUpdateHttp2","<1562044902,1>","66","java/lang/Thread.setName(Ljava/lang/String;)V","com/squareup/okhttp/internal/NamedRunnable:run:31","1","1250"
"com.squareup.okhttp.internal.spdy.SpdyConnectionTest#readSendsWindowUpdateHttp2","<68941243,1>","2","SYNCHRONIZED_METHOD_EXIT","com/squareup/okhttp/internal/spdy/SpdyConnection:getStream:177","6","19687"
"com.squareup.okhttp.internal.spdy.SpdyConnectionTest#readSendsWindowUpdateHttp2","<68941243,1>","2","MONITOREXIT","com/squareup/okhttp/internal/spdy/SpdyStream:receiveFin:313","1","5000"
"com.squareup.okhttp.internal.spdy.SpdyConnectionTest#readSendsWindowUpdateHttp2","<781236076,1>","3","MONITOREXIT","okio/SegmentPool:recycle:59","12","19992"
"com.squareup.okhttp.internal.spdy.SpdyConnectionTest#readSendsWindowUpdateHttp2","<-1020933817,1>","11","MONITORENTER","okio/SegmentPool:recycle:53","1","10000"
"com.squareup.okhttp.internal.spdy.SpdyConnectionTest#readSendsWindowUpdateHttp2","<68941243,1>","3","MONITOREXIT","okio/SegmentPool:take:45","12","19992"
"com.squareup.okhttp.internal.spdy.SpdyConnectionTest#readSendsWindowUpdateHttp2","<main>","3","MONITORENTER","okio/SegmentPool:recycle:53","4","18750"
"com.squareup.okhttp.internal.spdy.SpdyConnectionTest#readSendsWindowUpdateHttp2","<1562044902,1>","24","SYNCHRONIZED_METHOD_EXIT","com/squareup/okhttp/internal/spdy/Http20Draft09$Writer:windowUpdate:470","1","10000"
"com.squareup.okhttp.internal.spdy.SpdyConnectionTest#readSendsWindowUpdateHttp2","<1562044902,1>","49","MONITOREXIT","okio/SegmentPool:take:45","3","17500"
"com.squareup.okhttp.internal.spdy.SpdyConnectionTest#readSendsWindowUpdateHttp2","<-1020933817,1>","29","java/lang/Thread.currentThread()Ljava/lang/Thread;","com/squareup/okhttp/internal/NamedRunnable:run:31","2","12500"
"com.squareup.okhttp.internal.spdy.SpdyConnectionTest#readSendsWindowUpdateHttp2","<-1020933817,1>","63","java/lang/Thread.currentThread()Ljava/lang/Thread;","java/util/concurrent/FutureTask:run:259","1","10000"
"com.squareup.okhttp.internal.spdy.SpdyConnectionTest#readSendsWindowUpdateHttp2","<main>","1","java/util/concurrent/ExecutorService.submit(Ljava/lang/Runnable;)Ljava/util/concurrent/Future;","com/squareup/okhttp/internal/spdy/SpdyConnection:writeWindowUpdateLater:344","5","19375"
"com.squareup.okhttp.internal.spdy.SpdyConnectionTest#readSendsWindowUpdateHttp2","<1562044902,1>","31","java/lang/Thread.currentThread()Ljava/lang/Thread;","java/util/concurrent/FutureTask:run:259","1","10000"
"com.squareup.okhttp.internal.spdy.SpdyConnectionTest#readSendsWindowUpdateHttp2","<-1020933817,1>","28","java/lang/Thread.currentThread()Ljava/lang/Thread;","com/squareup/okhttp/internal/NamedRunnable:run:31","4","13281"
"com.squareup.okhttp.internal.spdy.SpdyConnectionTest#readSendsWindowUpdateHttp2","<main>","3","java/util/concurrent/BlockingQueue.take()Ljava/lang/Object;","com/squareup/okhttp/internal/spdy/MockSpdyPeer:takeFrame:97","5","19375"
"com.squareup.okhttp.internal.spdy.SpdyConnectionTest#readSendsWindowUpdateHttp2","<68941243,1>","3","MONITORENTER","okio/SegmentPool:take:39","9","19960"
"com.squareup.okhttp.internal.spdy.SpdyConnectionTest#readSendsWindowUpdateHttp2","<68941243,1>","2","MONITORENTER","com/squareup/okhttp/internal/spdy/SpdyStream$SpdyDataSource:receive:426","6","19687"
"com.squareup.okhttp.internal.spdy.SpdyConnectionTest#readSendsWindowUpdateHttp2","<68941243,1>","3","MONITORENTER","okio/SegmentPool:recycle:53","4","18750"
"com.squareup.okhttp.internal.spdy.SpdyConnectionTest#readSendsWindowUpdateHttp2","<68941243,1>","3","SYNCHRONIZED_METHOD_EXIT","com/squareup/okhttp/internal/spdy/SpdyConnection:getStream:177","11","19988"
"com.squareup.okhttp.internal.spdy.SpdyConnectionTest#readSendsWindowUpdateHttp2","<68941243,1>","3","MONITORENTER","com/squareup/okhttp/internal/spdy/SpdyStream$SpdyDataSource:receive:426","8","19921"
"com.squareup.okhttp.internal.spdy.SpdyConnectionTest#readSendsWindowUpdateHttp2","<68941243,1>","1","SYNCHRONIZED_METHOD_EXIT","com/squareup/okhttp/internal/spdy/SpdyConnection:getStream:177","2","15000"
"com.squareup.okhttp.internal.spdy.SpdyConnectionTest#readSendsWindowUpdateHttp2","<1562044902,1>","69","java/lang/Thread.currentThread()Ljava/lang/Thread;","java/util/concurrent/FutureTask:run:259","2","15000"
"com.squareup.okhttp.internal.spdy.SpdyConnectionTest#readSendsWindowUpdateHttp2","<-1020933817,1>","1","java/util/concurrent/Callable.call()Ljava/lang/Object;","java/util/concurrent/FutureTask:run:266","1","10000"
"com.squareup.okhttp.internal.spdy.SpdyConnectionTest#readSendsWindowUpdateHttp2","<-1020933817,1>","3","java/lang/Thread.currentThread()Ljava/lang/Thread;","java/util/concurrent/FutureTask:run:259","1","10000"
"com.squareup.okhttp.internal.spdy.SpdyConnectionTest#readSendsWindowUpdateHttp2","<1562044902,1>","39","MONITOREXIT","okio/SegmentPool:recycle:59","2","15000"
"com.squareup.okhttp.internal.spdy.SpdyConnectionTest#readSendsWindowUpdateHttp2","<1562044902,1>","51","MONITOREXIT","okio/SegmentPool:take:45","4","18750"
"com.squareup.okhttp.internal.spdy.SpdyConnectionTest#readSendsWindowUpdateHttp2","<1562044902,1>","88","java/lang/Thread.currentThread()Ljava/lang/Thread;","java/util/concurrent/FutureTask:run:259","3","17500"
"com.squareup.okhttp.internal.spdy.SpdyConnectionTest#readSendsWindowUpdateHttp2","<-1020933817,1>","7","java/lang/Thread.getName()Ljava/lang/String;","com/squareup/okhttp/internal/NamedRunnable:run:30","1","5000"
"com.squareup.okhttp.internal.spdy.SpdyConnectionTest#readSendsWindowUpdateHttp2","<-1020933817,1>","34","SYNCHRONIZED_METHOD_ENTER","com/squareup/okhttp/internal/spdy/Http20Draft09$Writer:windowUpdate:0","1","10000"
"com.squareup.okhttp.internal.spdy.SpdyConnectionTest#readSendsWindowUpdateHttp2","<main>","3","SYNCHRONIZED_METHOD_EXIT","com/squareup/okhttp/internal/spdy/Http20Draft09$Writer:data:402","8","19921"
"com.squareup.okhttp.internal.spdy.SpdyConnectionTest#readSendsWindowUpdateHttp2","<781236076,1>","1","MONITOREXIT","okio/SegmentPool:recycle:54","8","19921"
"com.squareup.okhttp.internal.spdy.SpdyConnectionTest#readSendsWindowUpdateHttp2","<main>","3","MONITOREXIT","okio/SegmentPool:take:45","6","19687"
"com.squareup.okhttp.internal.spdy.SpdyConnectionTest#readSendsWindowUpdateHttp2","<68941243,1>","1","MONITORENTER","okio/SegmentPool:take:39","6","19687"
"com.squareup.okhttp.internal.spdy.SpdyConnectionTest#readSendsWindowUpdateHttp2","<68941243,1>","2","MONITORENTER","com/squareup/okhttp/internal/spdy/SpdyStream$SpdyDataSource:receive:450","8","19921"
"com.squareup.okhttp.internal.spdy.SpdyConnectionTest#readSendsWindowUpdateHttp2","<main>","2","MONITOREXIT","com/squareup/okhttp/internal/spdy/SpdyStream$SpdyDataSource:read:387","9","19960"
"com.squareup.okhttp.internal.spdy.SpdyConnectionTest#readSendsWindowUpdateHttp2","<main>","3","MONITOREXIT","com/squareup/okhttp/internal/spdy/SpdyStream$SpdyDataSource:read:387","2","15000"
"com.squareup.okhttp.internal.spdy.SpdyConnectionTest#readSendsWindowUpdateHttp2","<-1020933817,1>","32","java/lang/Thread.setName(Ljava/lang/String;)V","com/squareup/okhttp/internal/NamedRunnable:run:32","3","6562"
"com.squareup.okhttp.internal.spdy.SpdyConnectionTest#readSendsWindowUpdateHttp2","<1562044902,1>","9","java/util/concurrent/FutureTask.set(Ljava/lang/Object;)V","java/util/concurrent/FutureTask:run:274","1","10000"
"com.squareup.okhttp.internal.spdy.SpdyConnectionTest#readSendsWindowUpdateHttp2","<-1020933817,1>","48","java/lang/Thread.currentThread()Ljava/lang/Thread;","com/squareup/okhttp/internal/NamedRunnable:run:30","2","12500"
"com.squareup.okhttp.internal.spdy.SpdyConnectionTest#readSendsWindowUpdateHttp2","<68941243,1>","1","MONITORENTER","com/squareup/okhttp/internal/spdy/SpdyStream$SpdyDataSource:receive:426","4","18750"
"com.squareup.okhttp.internal.spdy.SpdyConnectionTest#readSendsWindowUpdateHttp2","<1562044902,1>","67","java/lang/Thread.currentThread()Ljava/lang/Thread;","com/squareup/okhttp/internal/NamedRunnable:run:30","3","13125"
"com.squareup.okhttp.internal.spdy.SpdyConnectionTest#readSendsWindowUpdateHttp2","<-1020933817,1>","46","java/lang/Thread.getName()Ljava/lang/String;","com/squareup/okhttp/internal/NamedRunnable:run:30","2","6250"
"com.squareup.okhttp.internal.spdy.SpdyConnectionTest#readSendsWindowUpdateHttp2","<main>","1","MONITOREXIT","okio/SegmentPool:recycle:59","1","10000"
"com.squareup.okhttp.internal.spdy.SpdyConnectionTest#readSendsWindowUpdateHttp2","<1562044902,1>","91","java/lang/Thread.currentThread()Ljava/lang/Thread;","java/util/concurrent/FutureTask:run:259","2","15000"
"com.squareup.okhttp.internal.spdy.SpdyConnectionTest#readSendsWindowUpdateHttp2","<-1020933817,1>","22","MONITOREXIT","okio/SegmentPool:take:45","3","17500"
"com.squareup.okhttp.internal.spdy.SpdyConnectionTest#readSendsWindowUpdateHttp2","<-1020933817,1>","44","java/lang/Thread.currentThread()Ljava/lang/Thread;","com/squareup/okhttp/internal/NamedRunnable:run:30","3","13125"
"com.squareup.okhttp.internal.spdy.SpdyConnectionTest#readSendsWindowUpdateHttp2","<781236076,1>","2","MONITOREXIT","okio/SegmentPool:take:45","3","17500"
"com.squareup.okhttp.internal.spdy.SpdyConnectionTest#readSendsWindowUpdateHttp2","<68941243,1>","2","java/lang/Object.notifyAll()V","com/squareup/okhttp/internal/spdy/SpdyStream$SpdyDataSource:receive:454","9","19960"
"com.squareup.okhttp.internal.spdy.SpdyConnectionTest#readSendsWindowUpdateHttp2","<-1020933817,1>","8","MONITORENTER","okio/SegmentPool:take:39","1","10000"
"com.squareup.okhttp.internal.spdy.SpdyConnectionTest#readSendsWindowUpdateHttp2","<main>","2","MONITORENTER","okio/SegmentPool:recycle:53","14","19995"
"com.squareup.okhttp.internal.spdy.SpdyConnectionTest#readSendsWindowUpdateHttp2","<-1020933817,1>","1","java/lang/Thread.currentThread()Ljava/lang/Thread;","com/squareup/okhttp/internal/NamedRunnable:run:30","1","10000"
"com.squareup.okhttp.internal.spdy.SpdyConnectionTest#readSendsWindowUpdateHttp2","<68941243,1>","3","MONITOREXIT","com/squareup/okhttp/internal/spdy/SpdyStream$SpdyDataSource:receive:429","6","19687"
"com.squareup.okhttp.internal.spdy.SpdyConnectionTest#readSendsWindowUpdateHttp2","<68941243,1>","3","java/lang/Object.notifyAll()V","com/squareup/okhttp/internal/spdy/SpdyStream$SpdyDataSource:receive:454","8","19921"
"com.squareup.okhttp.internal.spdy.SpdyConnectionTest#readSendsWindowUpdateHttp2","<-1020933817,1>","1","MONITOREXIT","okio/SegmentPool:recycle:59","1","10000"
"com.squareup.okhttp.internal.spdy.SpdyConnectionTest#readSendsWindowUpdateHttp2","<68941243,1>","3","MONITORENTER","okio/SegmentPool:take:39","14","19995"
"com.squareup.okhttp.internal.spdy.SpdyConnectionTest#readSendsWindowUpdateHttp2","<-1020933817,1>","17","MONITOREXIT","okio/SegmentPool:take:45","2","15000"
"com.squareup.okhttp.internal.spdy.SpdyConnectionTest#readSendsWindowUpdateHttp2","<1562044902,1>","33","RUNNABLE_CALLABLE_START","java/util/concurrent/FutureTask:run:0","1","10000"
"com.squareup.okhttp.internal.spdy.SpdyConnectionTest#readSendsWindowUpdateHttp2","<68941243,1>","1","MONITOREXIT","okio/SegmentPool:recycle:59","2","15000"
"com.squareup.okhttp.internal.spdy.SpdyConnectionTest#readSendsWindowUpdateHttp2","<main>","2","SYNCHRONIZED_METHOD_ENTER","com/squareup/okhttp/internal/spdy/Http20Draft09$Writer:data:0","8","19921"
"com.squareup.okhttp.internal.spdy.SpdyConnectionTest#readSendsWindowUpdateHttp2","<1562044902,1>","63","java/lang/Thread.currentThread()Ljava/lang/Thread;","com/squareup/okhttp/internal/NamedRunnable:run:32","1","10000"
"com.squareup.okhttp.internal.spdy.SpdyConnectionTest#readSendsWindowUpdateHttp2","<68941243,1>","1","MONITOREXIT","okio/SegmentPool:take:45","14","19995"
"com.squareup.okhttp.internal.spdy.SpdyConnectionTest#readSendsWindowUpdateHttp2","<68941243,1>","3","MONITOREXIT","okio/SegmentPool:recycle:59","3","17500"
"com.squareup.okhttp.internal.spdy.SpdyConnectionTest#readSendsWindowUpdateHttp2","<1562044902,1>","68","java/lang/Thread.getName()Ljava/lang/String;","com/squareup/okhttp/internal/NamedRunnable:run:30","3","6562"
"com.squareup.okhttp.internal.spdy.SpdyConnectionTest#readSendsWindowUpdateHttp2","<-1020933817,1>","55","java/lang/Thread.getName()Ljava/lang/String;","com/squareup/okhttp/internal/NamedRunnable:run:30","2","6250"
"com.squareup.okhttp.internal.spdy.SpdyConnectionTest#readSendsWindowUpdateHttp2","<68941243,1>","3","MONITOREXIT","okio/SegmentPool:take:47","9","19960"
"com.squareup.okhttp.internal.spdy.SpdyConnectionTest#readSendsWindowUpdateHttp2","<main>","1","MONITORENTER","com/squareup/okhttp/internal/spdy/SpdyStream$SpdyDataSource:read:380","14","19995"
"com.squareup.okhttp.internal.spdy.SpdyConnectionTest#readSendsWindowUpdateHttp2","<main>","2","SYNCHRONIZED_METHOD_EXIT","com/squareup/okhttp/internal/spdy/Http20Draft09$Writer:data:394","5","19375"
"com.squareup.okhttp.internal.spdy.SpdyConnectionTest#readSendsWindowUpdateHttp2","<1562044902,1>","18","java/io/OutputStream.flush()V","okio/Okio$1:flush:84","1","10000"
"com.squareup.okhttp.internal.spdy.SpdyConnectionTest#readSendsWindowUpdateHttp2","<1562044902,1>","31","java/lang/Thread.getName()Ljava/lang/String;","com/squareup/okhttp/internal/NamedRunnable:run:30","1","5000"
"com.squareup.okhttp.internal.spdy.SpdyConnectionTest#readSendsWindowUpdateHttp2","<68941243,1>","1","java/lang/Object.notifyAll()V","com/squareup/okhttp/internal/spdy/SpdyStream$SpdyDataSource:receive:454","4","18750"
"com.squareup.okhttp.internal.spdy.SpdyConnectionTest#readSendsWindowUpdateHttp2","<-1020933817,1>","30","java/lang/Thread.currentThread()Ljava/lang/Thread;","com/squareup/okhttp/internal/NamedRunnable:run:31","3","13125"
"com.squareup.okhttp.internal.spdy.SpdyConnectionTest#readSendsWindowUpdateHttp2","<-1020933817,1>","53","java/lang/Thread.currentThread()Ljava/lang/Thread;","com/squareup/okhttp/internal/NamedRunnable:run:30","3","13125"
"com.squareup.okhttp.internal.spdy.SpdyConnectionTest#readSendsWindowUpdateHttp2","<68941243,1>","3","MONITOREXIT","okio/SegmentPool:take:45","8","19921"
"com.squareup.okhttp.internal.spdy.SpdyConnectionTest#readSendsWindowUpdateHttp2","<main>","1","java/util/concurrent/Executors.callable(Ljava/lang/Runnable;Ljava/lang/Object;)Ljava/util/concurrent/Callable;","java/util/concurrent/FutureTask:<init>:153","2","15000"
"com.squareup.okhttp.internal.spdy.SpdyConnectionTest#readSendsWindowUpdateHttp2","<main>","1","SYNCHRONIZED_METHOD_EXIT","com/squareup/okhttp/internal/spdy/Http20Draft09$Writer:data:402","2","15000"
"com.squareup.okhttp.internal.spdy.SpdyConnectionTest#readSendsWindowUpdateHttp2","<main>","3","MONITORENTER","okio/SegmentPool:recycle:53","9","19960"
"com.squareup.okhttp.internal.spdy.SpdyConnectionTest#readSendsWindowUpdateHttp2","<68941243,1>","2","SYNCHRONIZED_METHOD_EXIT","com/squareup/okhttp/internal/spdy/SpdyConnection:getStream:177","1","10000"
"com.squareup.okhttp.internal.spdy.SpdyConnectionTest#readSendsWindowUpdateHttp2","<1562044902,1>","55","SYNCHRONIZED_METHOD_ENTER","com/squareup/okhttp/internal/spdy/Http20Draft09$Writer:windowUpdate:0","3","17500"
"com.squareup.okhttp.internal.spdy.SpdyConnectionTest#readSendsWindowUpdateHttp2","<-1020933817,1>","24","MONITOREXIT","okio/SegmentPool:take:45","5","19375"
"com.squareup.okhttp.internal.spdy.SpdyConnectionTest#readSendsWindowUpdateHttp2","<-1020933817,1>","62","RUNNABLE_CALLABLE_START","java/util/concurrent/FutureTask:run:0","2","15000"
"com.squareup.okhttp.internal.spdy.SpdyConnectionTest#readSendsWindowUpdateHttp2","<68941243,1>","2","SYNCHRONIZED_METHOD_ENTER","com/squareup/okhttp/internal/spdy/SpdyConnection:getStream:0","2","15000"
"com.squareup.okhttp.internal.spdy.SpdyConnectionTest#readSendsWindowUpdateHttp2","<main>","3","MONITOREXIT","com/squareup/okhttp/internal/spdy/SpdyStream$SpdyDataSource:read:377","5","19375"
"com.squareup.okhttp.internal.spdy.SpdyConnectionTest#readSendsWindowUpdateHttp2","<1562044902,1>","52","java/lang/Thread.setName(Ljava/lang/String;)V","com/squareup/okhttp/internal/NamedRunnable:run:32","2","6250"
"com.squareup.okhttp.internal.spdy.SpdyConnectionTest#readSendsWindowUpdateHttp2","<1562044902,1>","65","java/lang/Thread.setName(Ljava/lang/String;)V","com/squareup/okhttp/internal/NamedRunnable:run:31","2","1328"
"com.squareup.okhttp.internal.spdy.SpdyConnectionTest#readSendsWindowUpdateHttp2","<-1020933817,1>","31","SYNCHRONIZED_METHOD_ENTER","com/squareup/okhttp/internal/spdy/Http20Draft09$Writer:windowUpdate:0","1","10000"
"com.squareup.okhttp.internal.spdy.SpdyConnectionTest#readSendsWindowUpdateHttp2","<-1020933817,1>","27","MONITORENTER","okio/SegmentPool:take:39","3","17500"
"com.squareup.okhttp.internal.spdy.SpdyConnectionTest#readSendsWindowUpdateHttp2","<781236076,1>","2","MONITOREXIT","okio/SegmentPool:recycle:54","1","10000"
"com.squareup.okhttp.internal.spdy.SpdyConnectionTest#readSendsWindowUpdateHttp2","<1562044902,1>","65","java/lang/Thread.setName(Ljava/lang/String;)V","com/squareup/okhttp/internal/NamedRunnable:run:31","1","1250"
"com.squareup.okhttp.internal.spdy.SpdyConnectionTest#readSendsWindowUpdateHttp2","<68941243,1>","3","MONITORENTER","com/squareup/okhttp/internal/spdy/SpdyStream$SpdyDataSource:receive:426","2","15000"
"com.squareup.okhttp.internal.spdy.SpdyConnectionTest#readSendsWindowUpdateHttp2","<main>","1","MONITOREXIT","okio/SegmentPool:take:45","4","18750"
"com.squareup.okhttp.internal.spdy.SpdyConnectionTest#readSendsWindowUpdateHttp2","<-1020933817,1>","51","java/lang/Thread.currentThread()Ljava/lang/Thread;","com/squareup/okhttp/internal/NamedRunnable:run:30","3","13125"
"com.squareup.okhttp.internal.spdy.SpdyConnectionTest#readSendsWindowUpdateHttp2","<1562044902,1>","52","java/lang/Thread.setName(Ljava/lang/String;)V","com/squareup/okhttp/internal/NamedRunnable:run:31","2","1328"
"com.squareup.okhttp.internal.spdy.SpdyConnectionTest#readSendsWindowUpdateHttp2","<68941243,1>","1","java/lang/Thread.setName(Ljava/lang/String;)V","com/squareup/okhttp/internal/NamedRunnable:run:31","1","1250"
"com.squareup.okhttp.internal.spdy.SpdyConnectionTest#readSendsWindowUpdateHttp2","<main>","3","MONITORENTER","com/squareup/okhttp/internal/spdy/SpdyStream$SpdyDataSource:read:363","8","19921"
"com.squareup.okhttp.internal.spdy.SpdyConnectionTest#readSendsWindowUpdateHttp2","<-1020933817,1>","43","java/lang/Thread.currentThread()Ljava/lang/Thread;","com/squareup/okhttp/internal/NamedRunnable:run:31","4","13281"
"com.squareup.okhttp.internal.spdy.SpdyConnectionTest#readSendsWindowUpdateHttp2","<68941243,1>","2","MONITORENTER","okio/SegmentPool:take:39","9","19960"
"com.squareup.okhttp.internal.spdy.SpdyConnectionTest#readSendsWindowUpdateHttp2","<1562044902,1>","52","java/lang/Thread.setName(Ljava/lang/String;)V","com/squareup/okhttp/internal/NamedRunnable:run:31","1","1250"
"com.squareup.okhttp.internal.spdy.SpdyConnectionTest#readSendsWindowUpdateHttp2","<-1020933817,1>","13","MONITOREXIT","okio/SegmentPool:take:45","2","15000"
"com.squareup.okhttp.internal.spdy.SpdyConnectionTest#readSendsWindowUpdateHttp2","<-1020933817,1>","42","java/lang/Thread.getName()Ljava/lang/String;","com/squareup/okhttp/internal/NamedRunnable:run:31","2","5312"
"com.squareup.okhttp.internal.spdy.SpdyConnectionTest#readSendsWindowUpdateHttp2","<-1020933817,1>","52","RUNNABLE_CALLABLE_START","com/squareup/okhttp/internal/NamedRunnable:run:0","2","15000"
"com.squareup.okhttp.internal.spdy.SpdyConnectionTest#readSendsWindowUpdateHttp2","<68941243,1>","2","MONITOREXIT","com/squareup/okhttp/internal/spdy/SpdyStream$SpdyDataSource:receive:456","11","19988"
"com.squareup.okhttp.internal.spdy.SpdyConnectionTest#readSendsWindowUpdateHttp2","<main>","2","java/util/concurrent/Executors.callable(Ljava/lang/Runnable;Ljava/lang/Object;)Ljava/util/concurrent/Callable;","java/util/concurrent/FutureTask:<init>:152","2","15000"
"com.squareup.okhttp.internal.spdy.SpdyConnectionTest#readSendsWindowUpdateHttp2","<68941243,1>","2","MONITORENTER","com/squareup/okhttp/internal/spdy/SpdyStream$SpdyDataSource:receive:426","8","19921"
"com.squareup.okhttp.internal.spdy.SpdyConnectionTest#readSendsWindowUpdateHttp2","<main>","1","MONITORENTER","okio/SegmentPool:take:39","9","19960"
"com.squareup.okhttp.internal.spdy.SpdyConnectionTest#readSendsWindowUpdateHttp2","<68941243,1>","3","java/lang/Object.notifyAll()V","com/squareup/okhttp/internal/spdy/SpdyStream:receiveHeaders:281","1","10000"
"com.squareup.okhttp.internal.spdy.SpdyConnectionTest#readSendsWindowUpdateHttp2","<1562044902,1>","90","java/lang/Thread.currentThread()Ljava/lang/Thread;","java/util/concurrent/FutureTask:run:258","2","15000"
"com.squareup.okhttp.internal.spdy.SpdyConnectionTest#readSendsWindowUpdateHttp2","<1562044902,1>","42","MONITOREXIT","okio/SegmentPool:recycle:59","2","15000"
"com.squareup.okhttp.internal.spdy.SpdyConnectionTest#readSendsWindowUpdateHttp2","<1562044902,1>","3","MONITOREXIT","okio/SegmentPool:recycle:59","2","15000"
"com.squareup.okhttp.internal.spdy.SpdyConnectionTest#readSendsWindowUpdateHttp2","<1562044902,1>","3","java/io/OutputStream.flush()V","okio/Okio$1:flush:85","1","10000"
"com.squareup.okhttp.internal.spdy.SpdyConnectionTest#readSendsWindowUpdateHttp2","<main>","1","MONITORENTER","okio/SegmentPool:recycle:53","7","19843"
"com.squareup.okhttp.internal.spdy.SpdyConnectionTest#readSendsWindowUpdateHttp2","<main>","1","java/util/concurrent/ExecutorService.submit(Ljava/lang/Runnable;)Ljava/util/concurrent/Future;","com/squareup/okhttp/internal/spdy/SpdyConnection:writeWindowUpdateLater:345","5","19375"
"com.squareup.okhttp.internal.spdy.SpdyConnectionTest#readSendsWindowUpdateHttp2","<1562044902,1>","34","java/lang/Thread.getName()Ljava/lang/String;","com/squareup/okhttp/internal/NamedRunnable:run:31","1","5000"
"com.squareup.okhttp.internal.spdy.SpdyConnectionTest#readSendsWindowUpdateHttp2","<68941243,1>","1","MONITOREXIT","com/squareup/okhttp/internal/spdy/SpdyStream$SpdyDataSource:receive:456","5","19375"
"com.squareup.okhttp.internal.spdy.SpdyConnectionTest#readSendsWindowUpdateHttp2","<main>","2","java/io/OutputStream.flush()V","okio/Okio$1:flush:85","1","10000"
"com.squareup.okhttp.internal.spdy.SpdyConnectionTest#readSendsWindowUpdateHttp2","<68941243,1>","1","MONITORENTER","com/squareup/okhttp/internal/spdy/SpdyStream$SpdyDataSource:receive:426","9","19960"
"com.squareup.okhttp.internal.spdy.SpdyConnectionTest#readSendsWindowUpdateHttp2","<main>","3","java/lang/Thread.setDaemon(Z)V","com/squareup/okhttp/internal/Util$1:newThread:277","2","15000"
"com.squareup.okhttp.internal.spdy.SpdyConnectionTest#readSendsWindowUpdateHttp2","<main>","2","SYNCHRONIZED_METHOD_ENTER","com/squareup/okhttp/internal/spdy/Http20Draft09$Writer:synReply:0","1","10000"
"com.squareup.okhttp.internal.spdy.SpdyConnectionTest#readSendsWindowUpdateHttp2","<main>","3","MONITOREXIT","okio/SegmentPool:take:45","8","19921"
"com.squareup.okhttp.internal.spdy.SpdyConnectionTest#readSendsWindowUpdateHttp2","<68941243,1>","1","MONITORENTER","okio/SegmentPool:take:39","8","19921"
"com.squareup.okhttp.internal.spdy.SpdyConnectionTest#readSendsWindowUpdateHttp2","<main>","1","MONITOREXIT","okio/SegmentPool:recycle:59","3","17500"
"com.squareup.okhttp.internal.spdy.SpdyConnectionTest#readSendsWindowUpdateHttp2","<1562044902,1>","53","java/lang/Thread.currentThread()Ljava/lang/Thread;","com/squareup/okhttp/internal/NamedRunnable:run:32","2","12500"
"com.squareup.okhttp.internal.spdy.SpdyConnectionTest#readSendsWindowUpdateHttp2","<main>","3","MONITORENTER","com/squareup/okhttp/internal/spdy/SpdyStream$SpdyDataSource:read:380","13","19994"
"com.squareup.okhttp.internal.spdy.SpdyConnectionTest#readSendsWindowUpdateHttp2","<68941243,1>","3","java/lang/Object.notifyAll()V","com/squareup/okhttp/internal/spdy/SpdyStream$SpdyDataSource:receive:454","2","15000"
"com.squareup.okhttp.internal.spdy.SpdyConnectionTest#readSendsWindowUpdateHttp2","<1562044902,1>","1","MONITOREXIT","okio/SegmentPool:recycle:59","2","15000"
"com.squareup.okhttp.internal.spdy.SpdyConnectionTest#readSendsWindowUpdateHttp2","<1562044902,1>","72","java/util/concurrent/Callable.call()Ljava/lang/Object;","java/util/concurrent/FutureTask:run:266","3","17500"
"com.squareup.okhttp.internal.spdy.SpdyConnectionTest#readSendsWindowUpdateHttp2","<68941243,1>","1","MONITOREXIT","com/squareup/okhttp/internal/spdy/SpdyStream$SpdyDataSource:receive:429","14","19995"
"com.squareup.okhttp.internal.spdy.SpdyConnectionTest#readSendsWindowUpdateHttp2","<main>","1","MONITOREXIT","com/squareup/okhttp/internal/spdy/SpdyStream$SpdyDataSource:read:387","13","19994"
"com.squareup.okhttp.internal.spdy.SpdyConnectionTest#readSendsWindowUpdateHttp2","<781236076,1>","2","MONITORENTER","okio/SegmentPool:take:39","4","18750"
"com.squareup.okhttp.internal.spdy.SpdyConnectionTest#readSendsWindowUpdateHttp2","<781236076,1>","3","java/util/concurrent/BlockingQueue.add(Ljava/lang/Object;)Z","com/squareup/okhttp/internal/spdy/MockSpdyPeer:readAndWriteFrames:151","1","10000"
"com.squareup.okhttp.internal.spdy.SpdyConnectionTest#readSendsWindowUpdateHttp2","<68941243,1>","3","SYNCHRONIZED_METHOD_ENTER","com/squareup/okhttp/internal/spdy/SpdyConnection:getStream:0","1","10000"
"com.squareup.okhttp.internal.spdy.SpdyConnectionTest#readSendsWindowUpdateHttp2","<-1020933817,1>","31","java/lang/Thread.setName(Ljava/lang/String;)V","com/squareup/okhttp/internal/NamedRunnable:run:32","1","5000"
"com.squareup.okhttp.internal.spdy.SpdyConnectionTest#readSendsWindowUpdateHttp2","<-1020933817,1>","9","MONITORENTER","okio/SegmentPool:recycle:53","1","10000"
"com.squareup.okhttp.internal.spdy.SpdyConnectionTest#readSendsWindowUpdateHttp2","<-1020933817,1>","59","java/util/concurrent/Callable.call()Ljava/lang/Object;","java/util/concurrent/FutureTask:run:266","1","10000"
"com.squareup.okhttp.internal.spdy.SpdyConnectionTest#readSendsWindowUpdateHttp2","<68941243,1>","1","java/lang/Object.notifyAll()V","com/squareup/okhttp/internal/spdy/SpdyStream$SpdyDataSource:receive:454","9","19960"
"com.squareup.okhttp.internal.spdy.SpdyConnectionTest#readSendsWindowUpdateHttp2","<main>","1","SYNCHRONIZED_METHOD_EXIT","com/squareup/okhttp/internal/spdy/Http20Draft09$Writer:data:394","10","19979"
"com.squareup.okhttp.internal.spdy.SpdyConnectionTest#readSendsWindowUpdateHttp2","<68941243,1>","3","MONITOREXIT","okio/SegmentPool:take:47","13","19994"
"com.squareup.okhttp.internal.spdy.SpdyConnectionTest#readSendsWindowUpdateHttp2","<main>","1","java/util/concurrent/Executors.callable(Ljava/lang/Runnable;Ljava/lang/Object;)Ljava/util/concurrent/Callable;","java/util/concurrent/FutureTask:<init>:153","6","19687"
"com.squareup.okhttp.internal.spdy.SpdyConnectionTest#readSendsWindowUpdateHttp2","<1562044902,1>","41","MONITOREXIT","okio/SegmentPool:recycle:59","2","15000"
"com.squareup.okhttp.internal.spdy.SpdyConnectionTest#readSendsWindowUpdateHttp2","<main>","1","SYNCHRONIZED_METHOD_ENTER","com/squareup/okhttp/internal/spdy/Http20Draft09$Writer:data:0","11","19988"
"com.squareup.okhttp.internal.spdy.SpdyConnectionTest#readSendsWindowUpdateHttp2","<-1020933817,1>","36","SYNCHRONIZED_METHOD_ENTER","com/squareup/okhttp/internal/spdy/Http20Draft09$Writer:windowUpdate:0","1","10000"
"com.squareup.okhttp.internal.spdy.SpdyConnectionTest#readSendsWindowUpdateHttp2","<68941243,1>","1","SYNCHRONIZED_METHOD_EXIT","com/squareup/okhttp/internal/spdy/SpdyConnection:getStream:177","11","19988"
"com.squareup.okhttp.internal.spdy.SpdyConnectionTest#readSendsWindowUpdateHttp2","<1562044902,1>","36","SYNCHRONIZED_METHOD_ENTER","com/squareup/okhttp/internal/spdy/Http20Draft09$Writer:windowUpdate:0","1","10000"
"com.squareup.okhttp.internal.spdy.SpdyConnectionTest#readSendsWindowUpdateHttp2","<main>","3","MONITOREXIT","okio/SegmentPool:recycle:59","5","19375"
"com.squareup.okhttp.internal.spdy.SpdyConnectionTest#readSendsWindowUpdateHttp2","<781236076,1>","3","MONITORENTER","okio/SegmentPool:recycle:53","14","19995"
"com.squareup.okhttp.internal.spdy.SpdyConnectionTest#readSendsWindowUpdateHttp2","<68941243,1>","2","SYNCHRONIZED_METHOD_EXIT","com/squareup/okhttp/internal/spdy/SpdyConnection:getStream:177","3","17500"
"com.squareup.okhttp.internal.spdy.SpdyConnectionTest#readSendsWindowUpdateHttp2","<68941243,1>","2","SYNCHRONIZED_METHOD_ENTER","com/squareup/okhttp/internal/spdy/SpdyConnection:getStream:0","6","19687"
"com.squareup.okhttp.internal.spdy.SpdyConnectionTest#readSendsWindowUpdateHttp2","<1562044902,1>","49","MONITOREXIT","okio/SegmentPool:take:45","4","18750"
"com.squareup.okhttp.internal.spdy.SpdyConnectionTest#readSendsWindowUpdateHttp2","<-1020933817,1>","53","java/lang/Thread.getName()Ljava/lang/String;","com/squareup/okhttp/internal/NamedRunnable:run:30","3","6562"
"com.squareup.okhttp.internal.spdy.SpdyConnectionTest#readSendsWindowUpdateHttp2","<1562044902,1>","68","java/util/concurrent/Callable.call()Ljava/lang/Object;","java/util/concurrent/FutureTask:run:266","1","10000"
"com.squareup.okhttp.internal.spdy.SpdyConnectionTest#readSendsWindowUpdateHttp2","<main>","2","SYNCHRONIZED_METHOD_EXIT","com/squareup/okhttp/internal/spdy/Http20Draft09$Writer:flush:308","1","10000"
"com.squareup.okhttp.internal.spdy.SpdyConnectionTest#readSendsWindowUpdateHttp2","<-1020933817,1>","7","MONITORENTER","okio/SegmentPool:take:39","1","10000"
"com.squareup.okhttp.internal.spdy.SpdyConnectionTest#readSendsWindowUpdateHttp2","<-1020933817,1>","73","java/lang/Thread.currentThread()Ljava/lang/Thread;","java/util/concurrent/FutureTask:run:258","3","17500"
"com.squareup.okhttp.internal.spdy.SpdyConnectionTest#readSendsWindowUpdateHttp2","<main>","2","MONITORENTER","com/squareup/okhttp/internal/spdy/SpdyStream$SpdyDataSource:read:380","4","18750"
"com.squareup.okhttp.internal.spdy.SpdyConnectionTest#readSendsWindowUpdateHttp2","<-1020933817,1>","31","SYNCHRONIZED_METHOD_ENTER","com/squareup/okhttp/internal/spdy/Http20Draft09$Writer:windowUpdate:0","3","17500"
"com.squareup.okhttp.internal.spdy.SpdyConnectionTest#readSendsWindowUpdateHttp2","<main>","3","MONITORENTER","com/squareup/okhttp/internal/spdy/SpdyStream$SpdyDataSource:read:363","2","15000"
"com.squareup.okhttp.internal.spdy.SpdyConnectionTest#readSendsWindowUpdateHttp2","<1562044902,1>","64","java/lang/Thread.setName(Ljava/lang/String;)V","com/squareup/okhttp/internal/NamedRunnable:run:31","2","1328"
"com.squareup.okhttp.internal.spdy.SpdyConnectionTest#readSendsWindowUpdateHttp2","<-1020933817,1>","18","MONITORENTER","okio/SegmentPool:recycle:53","1","10000"
"com.squareup.okhttp.internal.spdy.SpdyConnectionTest#readSendsWindowUpdateHttp2","<1562044902,1>","31","MONITOREXIT","okio/SegmentPool:recycle:59","1","10000"
"com.squareup.okhttp.internal.spdy.SpdyConnectionTest#readSendsWindowUpdateHttp2","<68941243,1>","2","java/lang/Object.notifyAll()V","com/squareup/okhttp/internal/spdy/SpdyStream$SpdyDataSource:receive:455","1","10000"
"com.squareup.okhttp.internal.spdy.SpdyConnectionTest#readSendsWindowUpdateHttp2","<68941243,1>","3","MONITOREXIT","com/squareup/okhttp/internal/spdy/SpdyStream$SpdyDataSource:receive:456","6","19687"
"com.squareup.okhttp.internal.spdy.SpdyConnectionTest#readSendsWindowUpdateHttp2","<781236076,1>","1","MONITOREXIT","okio/SegmentPool:recycle:54","1","10000"
"com.squareup.okhttp.internal.spdy.SpdyConnectionTest#readSendsWindowUpdateHttp2","<main>","1","MONITOREXIT","okio/SegmentPool:take:45","10","19979"
"com.squareup.okhttp.internal.spdy.SpdyConnectionTest#readSendsWindowUpdateHttp2","<1562044902,1>","64","java/lang/Thread.setName(Ljava/lang/String;)V","com/squareup/okhttp/internal/NamedRunnable:run:31","1","1250"
"com.squareup.okhttp.internal.spdy.SpdyConnectionTest#readSendsWindowUpdateHttp2","<-1020933817,1>","64","java/lang/Thread.currentThread()Ljava/lang/Thread;","java/util/concurrent/FutureTask:run:258","1","10000"
"com.squareup.okhttp.internal.spdy.SpdyConnectionTest#readSendsWindowUpdateHttp2","<-1020933817,1>","70","java/lang/Thread.currentThread()Ljava/lang/Thread;","java/util/concurrent/FutureTask:run:259","1","10000"
"com.squareup.okhttp.internal.spdy.SpdyConnectionTest#readSendsWindowUpdateHttp2","<1562044902,1>","43","MONITOREXIT","okio/SegmentPool:recycle:59","2","15000"
"com.squareup.okhttp.internal.spdy.SpdyConnectionTest#readSendsWindowUpdateHttp2","<68941243,1>","2","MONITORENTER","com/squareup/okhttp/internal/spdy/SpdyStream$SpdyDataSource:receive:450","1","10000"
"com.squareup.okhttp.internal.spdy.SpdyConnectionTest#readSendsWindowUpdateHttp2","<1562044902,1>","66","java/lang/Thread.currentThread()Ljava/lang/Thread;","com/squareup/okhttp/internal/NamedRunnable:run:31","1","10000"
"com.squareup.okhttp.internal.spdy.SpdyConnectionTest#readSendsWindowUpdateHttp2","<781236076,1>","1","MONITOREXIT","okio/SegmentPool:recycle:59","7","19843"
"com.squareup.okhttp.internal.spdy.SpdyConnectionTest#readSendsWindowUpdateHttp2","<-1020933817,1>","14","MONITORENTER","okio/SegmentPool:take:39","2","15000"
"com.squareup.okhttp.internal.spdy.SpdyConnectionTest#readSendsWindowUpdateHttp2","<main>","3","MONITOREXIT","com/squareup/okhttp/internal/spdy/SpdyConnection:newStream:263","1","10000"
"com.squareup.okhttp.internal.spdy.SpdyConnectionTest#readSendsWindowUpdateHttp2","<68941243,1>","1","java/lang/Object.notifyAll()V","com/squareup/okhttp/internal/spdy/SpdyStream:receiveHeaders:282","1","10000"
"com.squareup.okhttp.internal.spdy.SpdyConnectionTest#readSendsWindowUpdateHttp2","<-1020933817,1>","3","java/lang/Thread.currentThread()Ljava/lang/Thread;","com/squareup/okhttp/internal/NamedRunnable:run:30","1","10000"
"com.squareup.okhttp.internal.spdy.SpdyConnectionTest#readSendsWindowUpdateHttp2","<-1020933817,1>","44","java/lang/Thread.currentThread()Ljava/lang/Thread;","java/util/concurrent/FutureTask:run:258","2","15000"
"com.squareup.okhttp.internal.spdy.SpdyConnectionTest#readSendsWindowUpdateHttp2","<-1020933817,1>","12","MONITOREXIT","okio/SegmentPool:take:45","2","15000"
"com.squareup.okhttp.internal.spdy.SpdyConnectionTest#readSendsWindowUpdateHttp2","<68941243,1>","3","MONITOREXIT","okio/SegmentPool:take:47","2","15000"
"com.squareup.okhttp.internal.spdy.SpdyConnectionTest#readSendsWindowUpdateHttp2","<-1020933817,1>","3","MONITOREXIT","okio/SegmentPool:recycle:59","1","10000"
"com.squareup.okhttp.internal.spdy.SpdyConnectionTest#readSendsWindowUpdateHttp2","<68941243,1>","2","MONITORENTER","okio/SegmentPool:take:39","13","19994"
"com.squareup.okhttp.internal.spdy.SpdyConnectionTest#readSendsWindowUpdateHttp2","<781236076,1>","1","java/net/ServerSocket.accept()Ljava/net/Socket;","com/squareup/okhttp/internal/spdy/MockSpdyPeer:readAndWriteFrames:119","1","10000"
"com.squareup.okhttp.internal.spdy.SpdyConnectionTest#readSendsWindowUpdateHttp2","<-1020933817,1>","1","MONITORENTER","okio/SegmentPool:recycle:53","2","15000"
"com.squareup.okhttp.internal.spdy.SpdyConnectionTest#readSendsWindowUpdateHttp2","<1562044902,1>","3","MONITOREXIT","okio/SegmentPool:take:45","2","15000"
"com.squareup.okhttp.internal.spdy.SpdyConnectionTest#readSendsWindowUpdateHttp2","<-1020933817,1>","63","RUNNABLE_CALLABLE_START","java/util/concurrent/FutureTask:run:0","1","10000"
"com.squareup.okhttp.internal.spdy.SpdyConnectionTest#readSendsWindowUpdateHttp2","<68941243,1>","1","MONITORENTER","okio/SegmentPool:take:39","3","17500"
"com.squareup.okhttp.internal.spdy.SpdyConnectionTest#readSendsWindowUpdateHttp2","<-1020933817,1>","74","RUNNABLE_CALLABLE_START","java/util/concurrent/FutureTask:run:0","2","15000"
"com.squareup.okhttp.internal.spdy.SpdyConnectionTest#readSendsWindowUpdateHttp2","<68941243,1>","3","MONITORENTER","com/squareup/okhttp/internal/spdy/SpdyStream$SpdyDataSource:receive:450","11","19988"
"com.squareup.okhttp.internal.spdy.SpdyConnectionTest#readSendsWindowUpdateHttp2","<781236076,1>","2","MONITOREXIT","okio/SegmentPool:recycle:59","9","19960"
"com.squareup.okhttp.internal.spdy.SpdyConnectionTest#readSendsWindowUpdateHttp2","<1562044902,1>","54","java/lang/Thread.getName()Ljava/lang/String;","com/squareup/okhttp/internal/NamedRunnable:run:31","2","5312"
"com.squareup.okhttp.internal.spdy.SpdyConnectionTest#readSendsWindowUpdateHttp2","<781236076,1>","1","MONITORENTER","okio/SegmentPool:recycle:53","5","19375"
"com.squareup.okhttp.internal.spdy.SpdyConnectionTest#readSendsWindowUpdateHttp2","<main>","3","MONITORENTER","okio/SegmentPool:recycle:53","2","15000"
"com.squareup.okhttp.internal.spdy.SpdyConnectionTest#readSendsWindowUpdateHttp2","<main>","3","MONITORENTER","okio/SegmentPool:take:39","6","19687"
"com.squareup.okhttp.internal.spdy.SpdyConnectionTest#readSendsWindowUpdateHttp2","<-1020933817,1>","44","java/lang/Thread.currentThread()Ljava/lang/Thread;","com/squareup/okhttp/internal/NamedRunnable:run:30","1","10000"
"com.squareup.okhttp.internal.spdy.SpdyConnectionTest#readSendsWindowUpdateHttp2","<main>","2","SYNCHRONIZED_METHOD_ENTER","com/squareup/okhttp/internal/spdy/Http20Draft09$Writer:data:0","1","10000"
"com.squareup.okhttp.internal.spdy.SpdyConnectionTest#readSendsWindowUpdateHttp2","<68941243,1>","2","MONITOREXIT","com/squareup/okhttp/internal/spdy/SpdyStream$SpdyDataSource:receive:456","10","19979"
"com.squareup.okhttp.internal.spdy.SpdyConnectionTest#readSendsWindowUpdateHttp2","<main>","1","MONITOREXIT","okio/SegmentPool:take:45","14","19995"
"com.squareup.okhttp.internal.spdy.SpdyConnectionTest#readSendsWindowUpdateHttp2","<-1020933817,1>","60","java/util/concurrent/Callable.call()Ljava/lang/Object;","java/util/concurrent/FutureTask:run:266","2","15000"
"com.squareup.okhttp.internal.spdy.SpdyConnectionTest#readSendsWindowUpdateHttp2","<-1020933817,1>","47","java/lang/Thread.currentThread()Ljava/lang/Thread;","com/squareup/okhttp/internal/NamedRunnable:run:30","1","10000"
"com.squareup.okhttp.internal.spdy.SpdyConnectionTest#readSendsWindowUpdateHttp2","<1562044902,1>","63","java/lang/Thread.currentThread()Ljava/lang/Thread;","com/squareup/okhttp/internal/NamedRunnable:run:32","3","13125"
"com.squareup.okhttp.internal.spdy.SpdyConnectionTest#readSendsWindowUpdateHttp2","<-1020933817,1>","10","MONITORENTER","okio/SegmentPool:recycle:53","2","15000"
"com.squareup.okhttp.internal.spdy.SpdyConnectionTest#readSendsWindowUpdateHttp2","<68941243,1>","3","MONITORENTER","okio/SegmentPool:take:39","6","19687"
"com.squareup.okhttp.internal.spdy.SpdyConnectionTest#readSendsWindowUpdateHttp2","<-1020933817,1>","2","java/lang/Thread.setName(Ljava/lang/String;)V","com/squareup/okhttp/internal/NamedRunnable:run:31","1","1250"
"com.squareup.okhttp.internal.spdy.SpdyConnectionTest#readSendsWindowUpdateHttp2","<68941243,1>","2","MONITORENTER","okio/SegmentPool:take:39","2","15000"
"com.squareup.okhttp.internal.spdy.SpdyConnectionTest#readSendsWindowUpdateHttp2","<68941243,1>","1","MONITOREXIT","com/squareup/okhttp/internal/spdy/SpdyStream$SpdyDataSource:receive:429","12","19992"
"com.squareup.okhttp.internal.spdy.SpdyConnectionTest#readSendsWindowUpdateHttp2","<-1020933817,1>","62","java/lang/Thread.currentThread()Ljava/lang/Thread;","java/util/concurrent/FutureTask:run:259","2","15000"
"com.squareup.okhttp.internal.spdy.SpdyConnectionTest#readSendsWindowUpdateHttp2","<1562044902,1>","62","java/lang/Thread.setName(Ljava/lang/String;)V","com/squareup/okhttp/internal/NamedRunnable:run:32","1","5000"
"com.squareup.okhttp.internal.spdy.SpdyConnectionTest#readSendsWindowUpdateHttp2","<781236076,1>","2","MONITORENTER","okio/SegmentPool:recycle:53","7","19843"
"com.squareup.okhttp.internal.spdy.SpdyConnectionTest#readSendsWindowUpdateHttp2","<781236076,1>","3","java/util/concurrent/BlockingQueue.add(Ljava/lang/Object;)Z","com/squareup/okhttp/internal/spdy/MockSpdyPeer:readAndWriteFrames:151","3","17500"
"com.squareup.okhttp.internal.spdy.SpdyConnectionTest#readSendsWindowUpdateHttp2","<main>","1","SYNCHRONIZED_METHOD_EXIT","com/squareup/okhttp/internal/spdy/Http20Draft09$Writer:data:394","3","17500"
"com.squareup.okhttp.internal.spdy.SpdyConnectionTest#readSendsWindowUpdateHttp2","<-1020933817,1>","8","java/lang/Thread.currentThread()Ljava/lang/Thread;","com/squareup/okhttp/internal/NamedRunnable:run:31","1","10000"
"com.squareup.okhttp.internal.spdy.SpdyConnectionTest#readSendsWindowUpdateHttp2","<main>","2","SYNCHRONIZED_METHOD_EXIT","com/squareup/okhttp/internal/spdy/SpdyStream:isOpen:111","1","10000"
"com.squareup.okhttp.internal.spdy.SpdyConnectionTest#readSendsWindowUpdateHttp2","<68941243,1>","2","MONITOREXIT","okio/SegmentPool:take:47","5","19375"
"com.squareup.okhttp.internal.spdy.SpdyConnectionTest#readSendsWindowUpdateHttp2","<-1020933817,1>","30","SYNCHRONIZED_METHOD_ENTER","com/squareup/okhttp/internal/spdy/Http20Draft09$Writer:windowUpdate:0","2","15000"
"com.squareup.okhttp.internal.spdy.SpdyConnectionTest#readSendsWindowUpdateHttp2","<main>","3","java/util/concurrent/Executors.callable(Ljava/lang/Runnable;Ljava/lang/Object;)Ljava/util/concurrent/Callable;","java/util/concurrent/FutureTask:<init>:153","1","10000"
"com.squareup.okhttp.internal.spdy.SpdyConnectionTest#readSendsWindowUpdateHttp2","<1562044902,1>","1","MONITORENTER","okio/SegmentPool:take:39","1","10000"
"com.squareup.okhttp.internal.spdy.SpdyConnectionTest#readSendsWindowUpdateHttp2","<68941243,1>","3","MONITORENTER","com/squareup/okhttp/internal/spdy/SpdyStream$SpdyDataSource:receive:426","11","19988"
"com.squareup.okhttp.internal.spdy.SpdyConnectionTest#readSendsWindowUpdateHttp2","<-1020933817,1>","53","java/lang/Thread.currentThread()Ljava/lang/Thread;","com/squareup/okhttp/internal/NamedRunnable:run:30","1","10000"
"com.squareup.okhttp.internal.spdy.SpdyConnectionTest#readSendsWindowUpdateHttp2","<1562044902,1>","15","java/lang/Thread.currentThread()Ljava/lang/Thread;","com/squareup/okhttp/internal/NamedRunnable:run:35","1","10000"
"com.squareup.okhttp.internal.spdy.SpdyConnectionTest#readSendsWindowUpdateHttp2","<-1020933817,1>","23","MONITOREXIT","okio/SegmentPool:take:45","6","19687"
"com.squareup.okhttp.internal.spdy.SpdyConnectionTest#readSendsWindowUpdateHttp2","<1562044902,1>","37","MONITOREXIT","okio/SegmentPool:recycle:59","2","15000"
"com.squareup.okhttp.internal.spdy.SpdyConnectionTest#readSendsWindowUpdateHttp2","<1562044902,1>","51","MONITORENTER","okio/SegmentPool:take:39","1","10000"
"com.squareup.okhttp.internal.spdy.SpdyConnectionTest#readSendsWindowUpdateHttp2","<main>","1","MONITOREXIT","com/squareup/okhttp/internal/spdy/SpdyConnection:newStream:254","1","10000"
"com.squareup.okhttp.internal.spdy.SpdyConnectionTest#readSendsWindowUpdateHttp2","<-1020933817,1>","36","SYNCHRONIZED_METHOD_ENTER","com/squareup/okhttp/internal/spdy/Http20Draft09$Writer:windowUpdate:0","3","17500"
"com.squareup.okhttp.internal.spdy.SpdyConnectionTest#readSendsWindowUpdateHttp2","<-1020933817,1>","28","SYNCHRONIZED_METHOD_ENTER","com/squareup/okhttp/internal/spdy/Http20Draft09$Writer:windowUpdate:0","2","15000"
"com.squareup.okhttp.internal.spdy.SpdyConnectionTest#readSendsWindowUpdateHttp2","<68941243,1>","3","SYNCHRONIZED_METHOD_ENTER","com/squareup/okhttp/internal/spdy/SpdyConnection:getStream:0","5","19375"
"com.squareup.okhttp.internal.spdy.SpdyConnectionTest#readSendsWindowUpdateHttp2","<68941243,1>","2","SYNCHRONIZED_METHOD_ENTER","com/squareup/okhttp/internal/spdy/SpdyConnection:getStream:0","1","10000"
"com.squareup.okhttp.internal.spdy.SpdyConnectionTest#readSendsWindowUpdateHttp2","<1562044902,1>","56","java/lang/Thread.setName(Ljava/lang/String;)V","com/squareup/okhttp/internal/NamedRunnable:run:32","1","5000"
"com.squareup.okhttp.internal.spdy.SpdyConnectionTest#readSendsWindowUpdateHttp2","<main>","2","MONITORENTER","com/squareup/okhttp/internal/spdy/SpdyStream$SpdyDataSource:read:380","9","19960"
"com.squareup.okhttp.internal.spdy.SpdyConnectionTest#readSendsWindowUpdateHttp2","<main>","3","MONITOREXIT","okio/SegmentPool:take:47","7","19843"
"com.squareup.okhttp.internal.spdy.SpdyConnectionTest#readSendsWindowUpdateHttp2","<main>","2","MONITORENTER","okio/SegmentPool:recycle:53","4","18750"
"com.squareup.okhttp.internal.spdy.SpdyConnectionTest#readSendsWindowUpdateHttp2","<1562044902,1>","64","java/lang/Thread.getName()Ljava/lang/String;","com/squareup/okhttp/internal/NamedRunnable:run:31","3","5331"
"com.squareup.okhttp.internal.spdy.SpdyConnectionTest#readSendsWindowUpdateHttp2","<main>","2","java/util/concurrent/ExecutorService.submit(Ljava/lang/Runnable;)Ljava/util/concurrent/Future;","com/squareup/okhttp/internal/spdy/SpdyConnection:writeWindowUpdateLater:344","2","15000"
"com.squareup.okhttp.internal.spdy.SpdyConnectionTest#readSendsWindowUpdateHttp2","<68941243,1>","1","java/lang/Object.notifyAll()V","com/squareup/okhttp/internal/spdy/SpdyStream$SpdyDataSource:receive:455","11","19988"
"com.squareup.okhttp.internal.spdy.SpdyConnectionTest#readSendsWindowUpdateHttp2","<main>","2","MONITOREXIT","com/squareup/okhttp/internal/spdy/SpdyStream$SpdyDataSource:read:387","5","19375"
"com.squareup.okhttp.internal.spdy.SpdyConnectionTest#readSendsWindowUpdateHttp2","<-1020933817,1>","18","MONITORENTER","okio/SegmentPool:recycle:53","3","17500"
"com.squareup.okhttp.internal.spdy.SpdyConnectionTest#readSendsWindowUpdateHttp2","<1562044902,1>","73","java/lang/Thread.currentThread()Ljava/lang/Thread;","com/squareup/okhttp/internal/NamedRunnable:run:30","2","12500"
"com.squareup.okhttp.internal.spdy.SpdyConnectionTest#readSendsWindowUpdateHttp2","<68941243,1>","3","MONITOREXIT","com/squareup/okhttp/internal/spdy/SpdyStream$SpdyDataSource:receive:456","1","10000"
"com.squareup.okhttp.internal.spdy.SpdyConnectionTest#readSendsWindowUpdateHttp2","<-1020933817,1>","28","java/lang/Thread.setName(Ljava/lang/String;)V","com/squareup/okhttp/internal/NamedRunnable:run:32","1","5000"
"com.squareup.okhttp.internal.spdy.SpdyConnectionTest#readSendsWindowUpdateHttp2","<68941243,1>","1","MONITOREXIT","okio/SegmentPool:take:45","4","18750"
"com.squareup.okhttp.internal.spdy.SpdyConnectionTest#readSendsWindowUpdateHttp2","<1562044902,1>","64","java/lang/Thread.setName(Ljava/lang/String;)V","com/squareup/okhttp/internal/NamedRunnable:run:31","3","1332"
"com.squareup.okhttp.internal.spdy.SpdyConnectionTest#readSendsWindowUpdateHttp2","<-1020933817,1>","64","java/lang/Thread.currentThread()Ljava/lang/Thread;","java/util/concurrent/FutureTask:run:258","3","17500"
"com.squareup.okhttp.internal.spdy.SpdyConnectionTest#readSendsWindowUpdateHttp2","<-1020933817,1>","70","java/lang/Thread.currentThread()Ljava/lang/Thread;","java/util/concurrent/FutureTask:run:259","3","17500"
"com.squareup.okhttp.internal.spdy.SpdyConnectionTest#readSendsWindowUpdateHttp2","<1562044902,1>","19","SYNCHRONIZED_METHOD_EXIT","com/squareup/okhttp/internal/spdy/Http20Draft09$Writer:windowUpdate:470","1","10000"
"com.squareup.okhttp.internal.spdy.SpdyConnectionTest#readSendsWindowUpdateHttp2","<1562044902,1>","78","java/lang/Thread.getName()Ljava/lang/String;","com/squareup/okhttp/internal/NamedRunnable:run:30","2","6250"
"com.squareup.okhttp.internal.spdy.SpdyConnectionTest#readSendsWindowUpdateHttp2","<68941243,1>","2","MONITORENTER","com/squareup/okhttp/internal/spdy/SpdyStream$SpdyDataSource:receive:450","3","17500"
"com.squareup.okhttp.internal.spdy.SpdyConnectionTest#readSendsWindowUpdateHttp2","<main>","3","java/util/concurrent/Executors.callable(Ljava/lang/Runnable;Ljava/lang/Object;)Ljava/util/concurrent/Callable;","java/util/concurrent/FutureTask:<init>:152","4","18750"
"com.squareup.okhttp.internal.spdy.SpdyConnectionTest#readSendsWindowUpdateHttp2","<-1020933817,1>","69","java/lang/Thread.currentThread()Ljava/lang/Thread;","java/util/concurrent/FutureTask:run:259","2","15000"
"com.squareup.okhttp.internal.spdy.SpdyConnectionTest#readSendsWindowUpdateHttp2","<main>","1","MONITORENTER","com/squareup/okhttp/internal/spdy/SpdyStream$SpdyDataSource:read:380","4","18750"
"com.squareup.okhttp.internal.spdy.SpdyConnectionTest#readSendsWindowUpdateHttp2","<-1020933817,1>","47","java/lang/Thread.getName()Ljava/lang/String;","com/squareup/okhttp/internal/NamedRunnable:run:30","1","5000"
"com.squareup.okhttp.internal.spdy.SpdyConnectionTest#readSendsWindowUpdateHttp2","<-1020933817,1>","6","java/io/OutputStream.flush()V","okio/Okio$1:flush:85","1","10000"
"com.squareup.okhttp.internal.spdy.SpdyConnectionTest#readSendsWindowUpdateHttp2","<-1020933817,1>","13","MONITORENTER","okio/SegmentPool:recycle:53","2","15000"
"com.squareup.okhttp.internal.spdy.SpdyConnectionTest#readSendsWindowUpdateHttp2","<68941243,1>","2","java/lang/Object.notifyAll()V","com/squareup/okhttp/internal/spdy/SpdyStream$SpdyDataSource:receive:454","5","19375"
"com.squareup.okhttp.internal.spdy.SpdyConnectionTest#readSendsWindowUpdateHttp2","<1562044902,1>","98","RUNNABLE_CALLABLE_START","java/util/concurrent/FutureTask:run:0","2","15000"
"com.squareup.okhttp.internal.spdy.SpdyConnectionTest#readSendsWindowUpdateHttp2","<-1020933817,1>","7","java/lang/Thread.setName(Ljava/lang/String;)V","com/squareup/okhttp/internal/NamedRunnable:run:32","1","5000"
"com.squareup.okhttp.internal.spdy.SpdyConnectionTest#readSendsWindowUpdateHttp2","<-1020933817,1>","68","java/lang/Thread.currentThread()Ljava/lang/Thread;","java/util/concurrent/FutureTask:run:259","3","17500"
"com.squareup.okhttp.internal.spdy.SpdyConnectionTest#readSendsWindowUpdateHttp2","<-1020933817,1>","63","RUNNABLE_CALLABLE_START","java/util/concurrent/FutureTask:run:0","3","17500"
"com.squareup.okhttp.internal.spdy.SpdyConnectionTest#readSendsWindowUpdateHttp2","<68941243,1>","1","MONITORENTER","com/squareup/okhttp/internal/spdy/SpdyStream$SpdyDataSource:receive:450","4","18750"
"com.squareup.okhttp.internal.spdy.SpdyConnectionTest#readSendsWindowUpdateHttp2","<main>","3","java/lang/Thread.setDaemon(Z)V","com/squareup/okhttp/internal/Util$1:newThread:277","1","10000"
"com.squareup.okhttp.internal.spdy.SpdyConnectionTest#readSendsWindowUpdateHttp2","<main>","2","java/util/concurrent/BlockingQueue.take()Ljava/lang/Object;","com/squareup/okhttp/internal/spdy/MockSpdyPeer:takeFrame:97","2","15000"
"com.squareup.okhttp.internal.spdy.SpdyConnectionTest#readSendsWindowUpdateHttp2","<main>","1","SYNCHRONIZED_METHOD_ENTER","com/squareup/okhttp/internal/spdy/Http20Draft09$Writer:data:0","5","19375"
"com.squareup.okhttp.internal.spdy.SpdyConnectionTest#readSendsWindowUpdateHttp2","<1562044902,1>","39","MONITORENTER","okio/SegmentPool:take:39","2","15000"
"com.squareup.okhttp.internal.spdy.SpdyConnectionTest#readSendsWindowUpdateHttp2","<1562044902,1>","4","java/io/OutputStream.flush()V","okio/Okio$1:flush:84","1","10000"
"com.squareup.okhttp.internal.spdy.SpdyConnectionTest#readSendsWindowUpdateHttp2","<1562044902,1>","75","java/lang/Thread.currentThread()Ljava/lang/Thread;","com/squareup/okhttp/internal/NamedRunnable:run:30","1","10000"
"com.squareup.okhttp.internal.spdy.SpdyConnectionTest#readSendsWindowUpdateHttp2","<1562044902,1>","1","java/lang/Thread.getName()Ljava/lang/String;","com/squareup/okhttp/internal/NamedRunnable:run:30","1","5000"
"com.squareup.okhttp.internal.spdy.SpdyConnectionTest#readSendsWindowUpdateHttp2","<-1020933817,1>","7","java/lang/Thread.currentThread()Ljava/lang/Thread;","java/util/concurrent/FutureTask:run:258","1","10000"
"com.squareup.okhttp.internal.spdy.SpdyConnectionTest#readSendsWindowUpdateHttp2","<-1020933817,1>","42","java/lang/Thread.setName(Ljava/lang/String;)V","com/squareup/okhttp/internal/NamedRunnable:run:31","1","1250"
"com.squareup.okhttp.internal.spdy.SpdyConnectionTest#readSendsWindowUpdateHttp2","<1562044902,1>","35","java/lang/Thread.currentThread()Ljava/lang/Thread;","com/squareup/okhttp/internal/NamedRunnable:run:31","2","12500"
"com.squareup.okhttp.internal.spdy.SpdyConnectionTest#readSendsWindowUpdateHttp2","<-1020933817,1>","1","java/lang/Thread.currentThread()Ljava/lang/Thread;","com/squareup/okhttp/internal/NamedRunnable:run:31","2","12500"
"com.squareup.okhttp.internal.spdy.SpdyConnectionTest#readSendsWindowUpdateHttp2","<-1020933817,1>","44","java/util/concurrent/Callable.call()Ljava/lang/Object;","java/util/concurrent/FutureTask:run:266","1","10000"
"com.squareup.okhttp.internal.spdy.SpdyConnectionTest#readSendsWindowUpdateHttp2","<-1020933817,1>","8","SYNCHRONIZED_METHOD_ENTER","com/squareup/okhttp/internal/spdy/Http20Draft09$Writer:windowUpdate:0","1","10000"
"com.squareup.okhttp.internal.spdy.SpdyConnectionTest#readSendsWindowUpdateHttp2","<1562044902,1>","36","java/lang/Thread.currentThread()Ljava/lang/Thread;","com/squareup/okhttp/internal/NamedRunnable:run:32","1","10000"
"com.squareup.okhttp.internal.spdy.SpdyConnectionTest#readSendsWindowUpdateHttp2","<68941243,1>","2","java/lang/Object.notifyAll()V","com/squareup/okhttp/internal/spdy/SpdyStream$SpdyDataSource:receive:455","13","19994"
"com.squareup.okhttp.internal.spdy.SpdyConnectionTest#readSendsWindowUpdateHttp2","<1562044902,1>","54","java/lang/Thread.getName()Ljava/lang/String;","com/squareup/okhttp/internal/NamedRunnable:run:31","3","5331"
"com.squareup.okhttp.internal.spdy.SpdyConnectionTest#readSendsWindowUpdateHttp2","<781236076,1>","3","MONITOREXIT","okio/SegmentPool:recycle:59","6","19687"
"com.squareup.okhttp.internal.spdy.SpdyConnectionTest#readSendsWindowUpdateHttp2","<main>","1","MONITORENTER","okio/SegmentPool:recycle:53","13","19994"
"com.squareup.okhttp.internal.spdy.SpdyConnectionTest#readSendsWindowUpdateHttp2","<main>","2","java/util/concurrent/Executors.callable(Ljava/lang/Runnable;Ljava/lang/Object;)Ljava/util/concurrent/Callable;","java/util/concurrent/FutureTask:<init>:153","5","19375"
"com.squareup.okhttp.internal.spdy.SpdyConnectionTest#readSendsWindowUpdateHttp2","<1562044902,1>","3","java/lang/Thread.setName(Ljava/lang/String;)V","com/squareup/okhttp/internal/NamedRunnable:run:32","1","5000"
"com.squareup.okhttp.internal.spdy.SpdyConnectionTest#readSendsWindowUpdateHttp2","<781236076,1>","1","MONITORENTER","okio/SegmentPool:recycle:53","14","19995"
"com.squareup.okhttp.internal.spdy.SpdyConnectionTest#readSendsWindowUpdateHttp2","<-1020933817,1>","7","java/lang/Thread.currentThread()Ljava/lang/Thread;","com/squareup/okhttp/internal/NamedRunnable:run:31","2","12500"
"com.squareup.okhttp.internal.spdy.SpdyConnectionTest#readSendsWindowUpdateHttp2","<68941243,1>","1","MONITOREXIT","com/squareup/okhttp/internal/spdy/SpdyStream$SpdyDataSource:receive:456","12","19992"
"com.squareup.okhttp.internal.spdy.SpdyConnectionTest#readSendsWindowUpdateHttp2","<-1020933817,1>","65","java/lang/Thread.currentThread()Ljava/lang/Thread;","java/util/concurrent/FutureTask:run:259","2","15000"
"com.squareup.okhttp.internal.spdy.SpdyConnectionTest#readSendsWindowUpdateHttp2","<68941243,1>","2","java/lang/Thread.currentThread()Ljava/lang/Thread;","com/squareup/okhttp/internal/NamedRunnable:run:31","1","10000"
"com.squareup.okhttp.internal.spdy.SpdyConnectionTest#readSendsWindowUpdateHttp2","<1562044902,1>","54","java/lang/Thread.currentThread()Ljava/lang/Thread;","com/squareup/okhttp/internal/NamedRunnable:run:32","3","13125"
"com.squareup.okhttp.internal.spdy.SpdyConnectionTest#readSendsWindowUpdateHttp2","<-1020933817,1>","29","SYNCHRONIZED_METHOD_ENTER","com/squareup/okhttp/internal/spdy/Http20Draft09$Writer:windowUpdate:0","3","17500"
"com.squareup.okhttp.internal.spdy.SpdyConnectionTest#readSendsWindowUpdateHttp2","<68941243,1>","2","MONITORENTER","com/squareup/okhttp/internal/spdy/SpdyStream$SpdyDataSource:receive:426","11","19988"
"com.squareup.okhttp.internal.spdy.SpdyConnectionTest#readSendsWindowUpdateHttp2","<-1020933817,1>","13","MONITORENTER","okio/SegmentPool:take:39","3","17500"
"com.squareup.okhttp.internal.spdy.SpdyConnectionTest#readSendsWindowUpdateHttp2","<-1020933817,1>","46","java/util/concurrent/Callable.call()Ljava/lang/Object;","java/util/concurrent/FutureTask:run:266","2","15000"
"com.squareup.okhttp.internal.spdy.SpdyConnectionTest#readSendsWindowUpdateHttp2","<781236076,1>","2","MONITOREXIT","okio/SegmentPool:recycle:59","2","15000"
"com.squareup.okhttp.internal.spdy.SpdyConnectionTest#readSendsWindowUpdateHttp2","<-1020933817,1>","10","java/lang/Thread.currentThread()Ljava/lang/Thread;","com/squareup/okhttp/internal/NamedRunnable:run:31","2","12500"
"com.squareup.okhttp.internal.spdy.SpdyConnectionTest#readSendsWindowUpdateHttp2","<1562044902,1>","3","java/lang/Thread.currentThread()Ljava/lang/Thread;","java/util/concurrent/FutureTask:run:258","1","10000"
"com.squareup.okhttp.internal.spdy.SpdyConnectionTest#readSendsWindowUpdateHttp2","<main>","1","java/util/concurrent/BlockingQueue.take()Ljava/lang/Object;","com/squareup/okhttp/internal/spdy/MockSpdyPeer:takeFrame:96","4","18750"
"com.squareup.okhttp.internal.spdy.SpdyConnectionTest#readSendsWindowUpdateHttp2","<main>","3","SYNCHRONIZED_METHOD_EXIT","com/squareup/okhttp/internal/spdy/Http20Draft09$Writer:synStream:333","1","10000"
"com.squareup.okhttp.internal.spdy.SpdyConnectionTest#readSendsWindowUpdateHttp2","<-1020933817,1>","30","java/lang/Thread.currentThread()Ljava/lang/Thread;","com/squareup/okhttp/internal/NamedRunnable:run:31","5","13320"
"com.squareup.okhttp.internal.spdy.SpdyConnectionTest#readSendsWindowUpdateHttp2","<main>","2","MONITORENTER","okio/SegmentPool:recycle:53","9","19960"
"com.squareup.okhttp.internal.spdy.SpdyConnectionTest#readSendsWindowUpdateHttp2","<1562044902,1>","32","java/lang/Thread.getName()Ljava/lang/String;","com/squareup/okhttp/internal/NamedRunnable:run:30","1","5000"
"com.squareup.okhttp.internal.spdy.SpdyConnectionTest#readSendsWindowUpdateHttp2","<68941243,1>","2","SYNCHRONIZED_METHOD_ENTER","com/squareup/okhttp/internal/spdy/SpdyConnection:getStream:0","3","17500"
"com.squareup.okhttp.internal.spdy.SpdyConnectionTest#readSendsWindowUpdateHttp2","<main>","1","MONITOREXIT","com/squareup/okhttp/internal/spdy/SpdyStream$SpdyDataSource:read:387","1","10000"
"com.squareup.okhttp.internal.spdy.SpdyConnectionTest#readSendsWindowUpdateHttp2","<main>","3","java/util/concurrent/Executors.callable(Ljava/lang/Runnable;Ljava/lang/Object;)Ljava/util/concurrent/Callable;","java/util/concurrent/FutureTask:<init>:153","5","19375"
"com.squareup.okhttp.internal.spdy.SpdyConnectionTest#readSendsWindowUpdateHttp2","<68941243,1>","1","java/lang/Thread.getName()Ljava/lang/String;","com/squareup/okhttp/internal/NamedRunnable:run:30","1","5000"
"com.squareup.okhttp.internal.spdy.SpdyConnectionTest#readSendsWindowUpdateHttp2","<main>","2","java/util/concurrent/ExecutorService.submit(Ljava/lang/Runnable;)Ljava/util/concurrent/Future;","com/squareup/okhttp/internal/spdy/SpdyConnection:writeWindowUpdateLater:344","6","19687"
"com.squareup.okhttp.internal.spdy.SpdyConnectionTest#readSendsWindowUpdateHttp2","<-1020933817,1>","65","java/lang/Thread.currentThread()Ljava/lang/Thread;","java/util/concurrent/FutureTask:run:258","2","15000"
"com.squareup.okhttp.internal.spdy.SpdyConnectionTest#readSendsWindowUpdateHttp2","<781236076,1>","3","MONITOREXIT","okio/SegmentPool:recycle:54","5","19375"
"com.squareup.okhttp.internal.spdy.SpdyConnectionTest#readSendsWindowUpdateHttp2","<1562044902,1>","66","java/lang/Thread.currentThread()Ljava/lang/Thread;","com/squareup/okhttp/internal/NamedRunnable:run:31","3","13125"
"com.squareup.okhttp.internal.spdy.SpdyConnectionTest#readSendsWindowUpdateHttp2","<68941243,1>","1","MONITOREXIT","okio/SegmentPool:take:45","9","19960"
"com.squareup.okhttp.internal.spdy.SpdyConnectionTest#readSendsWindowUpdateHttp2","<68941243,1>","3","MONITOREXIT","com/squareup/okhttp/internal/spdy/SpdyStream$SpdyDataSource:receive:456","3","17500"
"com.squareup.okhttp.internal.spdy.SpdyConnectionTest#readSendsWindowUpdateHttp2","<main>","1","MONITORENTER","com/squareup/okhttp/internal/spdy/SpdyStream$SpdyDataSource:read:380","9","19960"
"com.squareup.okhttp.internal.spdy.SpdyConnectionTest#readSendsWindowUpdateHttp2","<1562044902,1>","67","RUNNABLE_CALLABLE_START","java/util/concurrent/FutureTask:run:0","2","15000"
"com.squareup.okhttp.internal.spdy.SpdyConnectionTest#readSendsWindowUpdateHttp2","<68941243,1>","1","java/lang/Object.notifyAll()V","com/squareup/okhttp/internal/spdy/SpdyStream$SpdyDataSource:receive:454","1","10000"
"com.squareup.okhttp.internal.spdy.SpdyConnectionTest#readSendsWindowUpdateHttp2","<781236076,1>","1","java/net/ServerSocket.accept()Ljava/net/Socket;","com/squareup/okhttp/internal/spdy/MockSpdyPeer:readAndWriteFrames:118","1","10000"
"com.squareup.okhttp.internal.spdy.SpdyConnectionTest#readSendsWindowUpdateHttp2","<main>","3","MONITOREXIT","com/squareup/okhttp/internal/spdy/SpdyStream$SpdyDataSource:read:377","14","19995"
"com.squareup.okhttp.internal.spdy.SpdyConnectionTest#readSendsWindowUpdateHttp2","<-1020933817,1>","44","java/lang/Thread.currentThread()Ljava/lang/Thread;","java/util/concurrent/FutureTask:run:258","1","10000"
"com.squareup.okhttp.internal.spdy.SpdyConnectionTest#readSendsWindowUpdateHttp2","<main>","1","java/util/concurrent/ExecutorService.shutdown()V","com/squareup/okhttp/internal/spdy/MockSpdyPeer:close:161","1","10000"
"com.squareup.okhttp.internal.spdy.SpdyConnectionTest#readSendsWindowUpdateHttp2","<-1020933817,1>","31","java/lang/Thread.currentThread()Ljava/lang/Thread;","com/squareup/okhttp/internal/NamedRunnable:run:32","2","12500"
"com.squareup.okhttp.internal.spdy.SpdyConnectionTest#readSendsWindowUpdateHttp2","<1562044902,1>","31","java/lang/Thread.currentThread()Ljava/lang/Thread;","java/util/concurrent/FutureTask:run:258","1","10000"
"com.squareup.okhttp.internal.spdy.SpdyConnectionTest#readSendsWindowUpdateHttp2","<main>","2","MONITOREXIT","com/squareup/okhttp/internal/spdy/SpdyStream$SpdyDataSource:read:377","4","18750"
"com.squareup.okhttp.internal.spdy.SpdyConnectionTest#readSendsWindowUpdateHttp2","<1562044902,1>","10","SYNCHRONIZED_METHOD_EXIT","com/squareup/okhttp/internal/spdy/Http20Draft09$Writer:windowUpdate:470","1","10000"
"com.squareup.okhttp.internal.spdy.SpdyConnectionTest#readSendsWindowUpdateHttp2","<-1020933817,1>","3","java/io/OutputStream.flush()V","okio/Okio$1:flush:85","1","10000"
"com.squareup.okhttp.internal.spdy.SpdyConnectionTest#readSendsWindowUpdateHttp2","<1562044902,1>","35","java/lang/Thread.currentThread()Ljava/lang/Thread;","com/squareup/okhttp/internal/NamedRunnable:run:32","1","10000"
"com.squareup.okhttp.internal.spdy.SpdyConnectionTest#readSendsWindowUpdateHttp2","<1562044902,1>","33","java/lang/Thread.currentThread()Ljava/lang/Thread;","com/squareup/okhttp/internal/NamedRunnable:run:30","1","10000"
"com.squareup.okhttp.internal.spdy.SpdyConnectionTest#readSendsWindowUpdateHttp2","<1562044902,1>","33","MONITOREXIT","okio/SegmentPool:recycle:59","1","10000"
"com.squareup.okhttp.internal.spdy.SpdyConnectionTest#readSendsWindowUpdateHttp2","<68941243,1>","1","SYNCHRONIZED_METHOD_ENTER","com/squareup/okhttp/internal/spdy/SpdyConnection:getStream:0","11","19988"
"com.squareup.okhttp.internal.spdy.SpdyConnectionTest#readSendsWindowUpdateHttp2","<-1020933817,1>","41","java/lang/Thread.currentThread()Ljava/lang/Thread;","com/squareup/okhttp/internal/NamedRunnable:run:31","2","12500"
"com.squareup.okhttp.internal.spdy.SpdyConnectionTest#readSendsWindowUpdateHttp2","<1562044902,1>","90","java/lang/Thread.currentThread()Ljava/lang/Thread;","java/util/concurrent/FutureTask:run:259","1","10000"
"com.squareup.okhttp.internal.spdy.SpdyConnectionTest#readSendsWindowUpdateHttp2","<1562044902,1>","1","java/lang/Thread.setName(Ljava/lang/String;)V","com/squareup/okhttp/internal/NamedRunnable:run:32","1","5000"
"com.squareup.okhttp.internal.spdy.SpdyConnectionTest#readSendsWindowUpdateHttp2","<-1020933817,1>","3","MONITORENTER","okio/SegmentPool:recycle:53","2","15000"
"com.squareup.okhttp.internal.spdy.SpdyConnectionTest#readSendsWindowUpdateHttp2","<1562044902,1>","35","java/lang/Thread.getName()Ljava/lang/String;","com/squareup/okhttp/internal/NamedRunnable:run:31","1","5000"
"com.squareup.okhttp.internal.spdy.SpdyConnectionTest#readSendsWindowUpdateHttp2","<1562044902,1>","69","RUNNABLE_CALLABLE_START","com/squareup/okhttp/internal/NamedRunnable:run:0","1","10000"
"com.squareup.okhttp.internal.spdy.SpdyConnectionTest#readSendsWindowUpdateHttp2","<68941243,1>","2","MONITOREXIT","okio/SegmentPool:recycle:59","1","10000"
"com.squareup.okhttp.internal.spdy.SpdyConnectionTest#readSendsWindowUpdateHttp2","<781236076,1>","3","MONITORENTER","okio/SegmentPool:recycle:53","4","18750"
"com.squareup.okhttp.internal.spdy.SpdyConnectionTest#readSendsWindowUpdateHttp2","<main>","2","java/lang/Thread.setDaemon(Z)V","com/squareup/okhttp/internal/Util$1:newThread:277","2","15000"
"com.squareup.okhttp.internal.spdy.SpdyConnectionTest#readSendsWindowUpdateHttp2","<-1020933817,1>","2","MONITOREXIT","okio/SegmentPool:take:45","1","10000"
"com.squareup.okhttp.internal.spdy.SpdyConnectionTest#readSendsWindowUpdateHttp2","<main>","1","MONITOREXIT","okio/SegmentPool:recycle:59","10","19979"
"com.squareup.okhttp.internal.spdy.SpdyConnectionTest#readSendsWindowUpdateHttp2","<main>","3","MONITORENTER","okio/SegmentPool:take:39","3","17500"
"com.squareup.okhttp.internal.spdy.SpdyConnectionTest#readSendsWindowUpdateHttp2","<main>","3","MONITOREXIT","okio/SegmentPool:take:45","5","19375"
"com.squareup.okhttp.internal.spdy.SpdyConnectionTest#readSendsWindowUpdateHttp2","<781236076,1>","1","MONITOREXIT","okio/SegmentPool:recycle:59","13","19994"
"com.squareup.okhttp.internal.spdy.SpdyConnectionTest#readSendsWindowUpdateHttp2","<main>","2","MONITOREXIT","okio/SegmentPool:take:47","7","19843"
"com.squareup.okhttp.internal.spdy.SpdyConnectionTest#readSendsWindowUpdateHttp2","<main>","2","MONITORENTER","okio/SegmentPool:take:39","2","15000"
"com.squareup.okhttp.internal.spdy.SpdyConnectionTest#readSendsWindowUpdateHttp2","<68941243,1>","3","java/lang/Object.notifyAll()V","com/squareup/okhttp/internal/spdy/SpdyStream$SpdyDataSource:receive:455","2","15000"
"com.squareup.okhttp.internal.spdy.SpdyConnectionTest#readSendsWindowUpdateHttp2","<main>","1","MONITOREXIT","okio/SegmentPool:take:45","6","19687"
"com.squareup.okhttp.internal.spdy.SpdyConnectionTest#readSendsWindowUpdateHttp2","<-1020933817,1>","42","java/lang/Thread.setName(Ljava/lang/String;)V","com/squareup/okhttp/internal/NamedRunnable:run:31","3","1332"
"com.squareup.okhttp.internal.spdy.SpdyConnectionTest#readSendsWindowUpdateHttp2","<-1020933817,1>","9","MONITOREXIT","okio/SegmentPool:take:45","2","15000"
"com.squareup.okhttp.internal.spdy.SpdyConnectionTest#readSendsWindowUpdateHttp2","<68941243,1>","1","MONITOREXIT","com/squareup/okhttp/internal/spdy/SpdyStream$SpdyDataSource:receive:456","8","19921"
"com.squareup.okhttp.internal.spdy.SpdyConnectionTest#readSendsWindowUpdateHttp2","<68941243,1>","1","MONITOREXIT","okio/SegmentPool:take:47","6","19687"
"com.squareup.okhttp.internal.spdy.SpdyConnectionTest#readSendsWindowUpdateHttp2","<main>","3","SYNCHRONIZED_METHOD_EXIT","com/squareup/okhttp/internal/spdy/Http20Draft09$Writer:data:394","7","19843"
"com.squareup.okhttp.internal.spdy.SpdyConnectionTest#readSendsWindowUpdateHttp2","<1562044902,1>","3","java/lang/Thread.getName()Ljava/lang/String;","com/squareup/okhttp/internal/NamedRunnable:run:30","1","5000"
"com.squareup.okhttp.internal.spdy.SpdyConnectionTest#readSendsWindowUpdateHttp2","<main>","3","SYNCHRONIZED_METHOD_ENTER","com/squareup/okhttp/internal/spdy/Http20Draft09$Writer:synStream:0","1","10000"
"com.squareup.okhttp.internal.spdy.SpdyConnectionTest#readSendsWindowUpdateHttp2","<68941243,1>","2","MONITOREXIT","okio/SegmentPool:take:45","12","19992"
"com.squareup.okhttp.internal.spdy.SpdyConnectionTest#readSendsWindowUpdateHttp2","<68941243,1>","3","MONITOREXIT","com/squareup/okhttp/internal/spdy/SpdyStream$SpdyDataSource:receive:429","5","19375"
"com.squareup.okhttp.internal.spdy.SpdyConnectionTest#readSendsWindowUpdateHttp2","<1562044902,1>","32","MONITORENTER","okio/SegmentPool:take:39","1","10000"
"com.squareup.okhttp.internal.spdy.SpdyConnectionTest#readSendsWindowUpdateHttp2","<1562044902,1>","56","SYNCHRONIZED_METHOD_ENTER","com/squareup/okhttp/internal/spdy/Http20Draft09$Writer:windowUpdate:0","1","10000"
"com.squareup.okhttp.internal.spdy.SpdyConnectionTest#readSendsWindowUpdateHttp2","<68941243,1>","1","MONITORENTER","com/squareup/okhttp/internal/spdy/SpdyStream$SpdyDataSource:receive:426","3","17500"
"com.squareup.okhttp.internal.spdy.SpdyConnectionTest#readSendsWindowUpdateHttp2","<-1020933817,1>","2","java/lang/Thread.currentThread()Ljava/lang/Thread;","java/util/concurrent/FutureTask:run:259","1","10000"
"com.squareup.okhttp.internal.spdy.SpdyConnectionTest#readSendsWindowUpdateHttp2","<1562044902,1>","73","java/lang/Thread.getName()Ljava/lang/String;","com/squareup/okhttp/internal/NamedRunnable:run:30","2","6250"
"com.squareup.okhttp.internal.spdy.SpdyConnectionTest#readSendsWindowUpdateHttp2","<main>","2","MONITORENTER","com/squareup/okhttp/internal/spdy/SpdyStream$SpdyDataSource:read:363","12","19992"
"com.squareup.okhttp.internal.spdy.SpdyConnectionTest#readSendsWindowUpdateHttp2","<1562044902,1>","2","java/lang/Thread.currentThread()Ljava/lang/Thread;","java/util/concurrent/FutureTask:run:259","1","10000"
"com.squareup.okhttp.internal.spdy.SpdyConnectionTest#readSendsWindowUpdateHttp2","<1562044902,1>","51","MONITORENTER","okio/SegmentPool:take:39","2","15000"
"com.squareup.okhttp.internal.spdy.SpdyConnectionTest#readSendsWindowUpdateHttp2","<-1020933817,1>","11","MONITOREXIT","okio/SegmentPool:take:45","1","10000"
"com.squareup.okhttp.internal.spdy.SpdyConnectionTest#readSendsWindowUpdateHttp2","<68941243,1>","1","MONITORENTER","com/squareup/okhttp/internal/spdy/SpdyStream$SpdyDataSource:receive:450","14","19995"
"com.squareup.okhttp.internal.spdy.SpdyConnectionTest#readSendsWindowUpdateHttp2","<68941243,1>","1","java/lang/Object.notifyAll()V","com/squareup/okhttp/internal/spdy/SpdyStream$SpdyDataSource:receive:455","13","19994"
"com.squareup.okhttp.internal.spdy.SpdyConnectionTest#readSendsWindowUpdateHttp2","<781236076,1>","1","MONITORENTER","okio/SegmentPool:recycle:53","12","19992"
"com.squareup.okhttp.internal.spdy.SpdyConnectionTest#readSendsWindowUpdateHttp2","<781236076,1>","2","MONITOREXIT","okio/SegmentPool:recycle:59","6","19687"
"com.squareup.okhttp.internal.spdy.SpdyConnectionTest#readSendsWindowUpdateHttp2","<1562044902,1>","3","java/lang/Thread.currentThread()Ljava/lang/Thread;","com/squareup/okhttp/internal/NamedRunnable:run:32","1","10000"
"com.squareup.okhttp.internal.spdy.SpdyConnectionTest#readSendsWindowUpdateHttp2","<1562044902,1>","88","java/lang/Thread.currentThread()Ljava/lang/Thread;","java/util/concurrent/FutureTask:run:258","1","10000"
"com.squareup.okhttp.internal.spdy.SpdyConnectionTest#readSendsWindowUpdateHttp2","<-1020933817,1>","2","java/lang/Thread.setName(Ljava/lang/String;)V","com/squareup/okhttp/internal/NamedRunnable:run:32","1","5000"
"com.squareup.okhttp.internal.spdy.SpdyConnectionTest#readSendsWindowUpdateHttp2","<1562044902,1>","38","MONITORENTER","okio/SegmentPool:take:39","2","15000"
"com.squareup.okhttp.internal.spdy.SpdyConnectionTest#readSendsWindowUpdateHttp2","<781236076,1>","1","MONITOREXIT","okio/SegmentPool:recycle:59","2","15000"
"com.squareup.okhttp.internal.spdy.SpdyConnectionTest#readSendsWindowUpdateHttp2","<-1020933817,1>","28","SYNCHRONIZED_METHOD_ENTER","com/squareup/okhttp/internal/spdy/Http20Draft09$Writer:windowUpdate:0","1","10000"
"com.squareup.okhttp.internal.spdy.SpdyConnectionTest#readSendsWindowUpdateHttp2","<-1020933817,1>","7","java/lang/Thread.setName(Ljava/lang/String;)V","com/squareup/okhttp/internal/NamedRunnable:run:31","1","1250"
"com.squareup.okhttp.internal.spdy.SpdyConnectionTest#readSendsWindowUpdateHttp2","<-1020933817,1>","15","MONITORENTER","okio/SegmentPool:recycle:53","4","18750"
"com.squareup.okhttp.internal.spdy.SpdyConnectionTest#readSendsWindowUpdateHttp2","<1562044902,1>","16","java/io/OutputStream.flush()V","okio/Okio$1:flush:85","1","10000"
"com.squareup.okhttp.internal.spdy.SpdyConnectionTest#readSendsWindowUpdateHttp2","<-1020933817,1>","67","java/lang/Thread.currentThread()Ljava/lang/Thread;","java/util/concurrent/FutureTask:run:259","2","15000"
"com.squareup.okhttp.internal.spdy.SpdyConnectionTest#readSendsWindowUpdateHttp2","<-1020933817,1>","54","java/lang/Thread.getName()Ljava/lang/String;","com/squareup/okhttp/internal/NamedRunnable:run:30","3","6562"
"com.squareup.okhttp.internal.spdy.SpdyConnectionTest#readSendsWindowUpdateHttp2","<-1020933817,1>","30","java/lang/Thread.getName()Ljava/lang/String;","com/squareup/okhttp/internal/NamedRunnable:run:31","1","5000"
"com.squareup.okhttp.internal.spdy.SpdyConnectionTest#readSendsWindowUpdateHttp2","<main>","1","java/lang/Thread.setDaemon(Z)V","com/squareup/okhttp/internal/Util$1:newThread:277","1","10000"
"com.squareup.okhttp.internal.spdy.SpdyConnectionTest#readSendsWindowUpdateHttp2","<main>","1","MONITOREXIT","com/squareup/okhttp/internal/spdy/SpdyStream$SpdyDataSource:read:387","3","17500"
"com.squareup.okhttp.internal.spdy.SpdyConnectionTest#readSendsWindowUpdateHttp2","<main>","2","java/util/concurrent/ExecutorService.submit(Ljava/lang/Runnable;)Ljava/util/concurrent/Future;","com/squareup/okhttp/internal/spdy/SpdyConnection:writeWindowUpdateLater:344","1","10000"
"com.squareup.okhttp.internal.spdy.SpdyConnectionTest#readSendsWindowUpdateHttp2","<1562044902,1>","70","java/lang/Thread.currentThread()Ljava/lang/Thread;","com/squareup/okhttp/internal/NamedRunnable:run:30","1","10000"
"com.squareup.okhttp.internal.spdy.SpdyConnectionTest#readSendsWindowUpdateHttp2","<-1020933817,1>","14","MONITORENTER","okio/SegmentPool:recycle:53","3","17500"
"com.squareup.okhttp.internal.spdy.SpdyConnectionTest#readSendsWindowUpdateHttp2","<781236076,1>","2","MONITORENTER","okio/SegmentPool:recycle:53","13","19994"
"com.squareup.okhttp.internal.spdy.SpdyConnectionTest#readSendsWindowUpdateHttp2","<68941243,1>","3","java/lang/Object.notifyAll()V","com/squareup/okhttp/internal/spdy/SpdyStream:receiveFin:313","1","10000"
"com.squareup.okhttp.internal.spdy.SpdyConnectionTest#readSendsWindowUpdateHttp2","<-1020933817,1>","66","java/lang/Thread.currentThread()Ljava/lang/Thread;","java/util/concurrent/FutureTask:run:259","3","17500"
"com.squareup.okhttp.internal.spdy.SpdyConnectionTest#readSendsWindowUpdateHttp2","<1562044902,1>","73","java/lang/Thread.currentThread()Ljava/lang/Thread;","com/squareup/okhttp/internal/NamedRunnable:run:30","1","10000"
"com.squareup.okhttp.internal.spdy.SpdyConnectionTest#readSendsWindowUpdateHttp2","<68941243,1>","1","java/lang/Object.notifyAll()V","com/squareup/okhttp/internal/spdy/SpdyStream$SpdyDataSource:receive:454","3","17500"
"com.squareup.okhttp.internal.spdy.SpdyConnectionTest#readSendsWindowUpdateHttp2","<68941243,1>","2","MONITOREXIT","okio/SegmentPool:take:47","12","19992"
"com.squareup.okhttp.internal.spdy.SpdyConnectionTest#readSendsWindowUpdateHttp2","<1562044902,1>","2","java/io/OutputStream.flush()V","okio/Okio$1:flush:85","1","10000"
"com.squareup.okhttp.internal.spdy.SpdyConnectionTest#readSendsWindowUpdateHttp2","<781236076,1>","1","MONITORENTER","okio/SegmentPool:take:39","4","18750"
"com.squareup.okhttp.internal.spdy.SpdyConnectionTest#readSendsWindowUpdateHttp2","<main>","2","MONITOREXIT","okio/SegmentPool:recycle:59","4","18750"
"com.squareup.okhttp.internal.spdy.SpdyConnectionTest#readSendsWindowUpdateHttp2","<-1020933817,1>","44","java/lang/Thread.currentThread()Ljava/lang/Thread;","java/util/concurrent/FutureTask:run:258","3","17500"
"com.squareup.okhttp.internal.spdy.SpdyConnectionTest#readSendsWindowUpdateHttp2","<-1020933817,1>","13","MONITORENTER","okio/SegmentPool:recycle:53","1","10000"
"com.squareup.okhttp.internal.spdy.SpdyConnectionTest#readSendsWindowUpdateHttp2","<1562044902,1>","50","MONITOREXIT","okio/SegmentPool:take:45","4","18750"
"com.squareup.okhttp.internal.spdy.SpdyConnectionTest#readSendsWindowUpdateHttp2","<-1020933817,1>","11","java/lang/Thread.getName()Ljava/lang/String;","com/squareup/okhttp/internal/NamedRunnable:run:31","1","5000"
"com.squareup.okhttp.internal.spdy.SpdyConnectionTest#readSendsWindowUpdateHttp2","<1562044902,1>","35","java/lang/Thread.setName(Ljava/lang/String;)V","com/squareup/okhttp/internal/NamedRunnable:run:31","1","1250"
"com.squareup.okhttp.internal.spdy.SpdyConnectionTest#readSendsWindowUpdateHttp2","<1562044902,1>","75","java/lang/Thread.currentThread()Ljava/lang/Thread;","com/squareup/okhttp/internal/NamedRunnable:run:30","3","13125"
"com.squareup.okhttp.internal.spdy.SpdyConnectionTest#readSendsWindowUpdateHttp2","<68941243,1>","2","RUNNABLE_CALLABLE_START","com/squareup/okhttp/internal/NamedRunnable:run:0","1","10000"
"com.squareup.okhttp.internal.spdy.SpdyConnectionTest#readSendsWindowUpdateHttp2","<1562044902,1>","84","java/util/concurrent/Callable.call()Ljava/lang/Object;","java/util/concurrent/FutureTask:run:266","2","15000"
"com.squareup.okhttp.internal.spdy.SpdyConnectionTest#readSendsWindowUpdateHttp2","<781236076,1>","3","MONITORENTER","okio/SegmentPool:recycle:53","9","19960"
"com.squareup.okhttp.internal.spdy.SpdyConnectionTest#readSendsWindowUpdateHttp2","<main>","3","MONITOREXIT","okio/SegmentPool:take:47","13","19994"
"com.squareup.okhttp.internal.spdy.SpdyConnectionTest#readSendsWindowUpdateHttp2","<-1020933817,1>","6","SYNCHRONIZED_METHOD_EXIT","com/squareup/okhttp/internal/spdy/Http20Draft09$Writer:windowUpdate:470","1","10000"
"com.squareup.okhttp.internal.spdy.SpdyConnectionTest#readSendsWindowUpdateHttp2","<-1020933817,1>","1","SYNCHRONIZED_METHOD_ENTER","com/squareup/okhttp/internal/spdy/Http20Draft09$Writer:windowUpdate:0","1","10000"
"com.squareup.okhttp.internal.spdy.SpdyConnectionTest#readSendsWindowUpdateHttp2","<1562044902,1>","37","MONITOREXIT","okio/SegmentPool:take:45","2","15000"
"com.squareup.okhttp.internal.spdy.SpdyConnectionTest#readSendsWindowUpdateHttp2","<1562044902,1>","39","MONITORENTER","okio/SegmentPool:take:39","1","10000"
"com.squareup.okhttp.internal.spdy.SpdyConnectionTest#readSendsWindowUpdateHttp2","<-1020933817,1>","33","java/lang/Thread.setName(Ljava/lang/String;)V","com/squareup/okhttp/internal/NamedRunnable:run:32","1","5000"
"com.squareup.okhttp.internal.spdy.SpdyConnectionTest#readSendsWindowUpdateHttp2","<781236076,1>","2","java/util/concurrent/BlockingQueue.add(Ljava/lang/Object;)Z","com/squareup/okhttp/internal/spdy/MockSpdyPeer:readAndWriteFrames:150","5","19375"
"com.squareup.okhttp.internal.spdy.SpdyConnectionTest#readSendsWindowUpdateHttp2","<1562044902,1>","86","java/lang/Thread.currentThread()Ljava/lang/Thread;","java/util/concurrent/FutureTask:run:259","2","15000"
"com.squareup.okhttp.internal.spdy.SpdyConnectionTest#readSendsWindowUpdateHttp2","<-1020933817,1>","3","MONITORENTER","okio/SegmentPool:take:39","1","10000"
"com.squareup.okhttp.internal.spdy.SpdyConnectionTest#readSendsWindowUpdateHttp2","<1562044902,1>","3","MONITORENTER","okio/SegmentPool:take:39","1","10000"
"com.squareup.okhttp.internal.spdy.SpdyConnectionTest#readSendsWindowUpdateHttp2","<-1020933817,1>","6","java/lang/Thread.currentThread()Ljava/lang/Thread;","com/squareup/okhttp/internal/NamedRunnable:run:35","1","10000"
"com.squareup.okhttp.internal.spdy.SpdyConnectionTest#readSendsWindowUpdateHttp2","<main>","1","java/util/concurrent/BlockingQueue.take()Ljava/lang/Object;","com/squareup/okhttp/internal/spdy/MockSpdyPeer:takeFrame:97","4","18750"
"com.squareup.okhttp.internal.spdy.SpdyConnectionTest#readSendsWindowUpdateHttp2","<1562044902,1>","54","SYNCHRONIZED_METHOD_ENTER","com/squareup/okhttp/internal/spdy/Http20Draft09$Writer:windowUpdate:0","2","15000"
"com.squareup.okhttp.internal.spdy.SpdyConnectionTest#readSendsWindowUpdateHttp2","<68941243,1>","3","java/lang/Object.notifyAll()V","com/squareup/okhttp/internal/spdy/SpdyStream$SpdyDataSource:receive:455","6","19687"
"com.squareup.okhttp.internal.spdy.SpdyConnectionTest#readSendsWindowUpdateHttp2","<main>","2","MONITORENTER","okio/SegmentPool:take:39","6","19687"
"com.squareup.okhttp.internal.spdy.SpdyConnectionTest#readSendsWindowUpdateHttp2","<main>","3","MONITOREXIT","com/squareup/okhttp/internal/spdy/SpdyStream$SpdyDataSource:read:387","5","19375"
"com.squareup.okhttp.internal.spdy.SpdyConnectionTest#readSendsWindowUpdateHttp2","<1562044902,1>","5","java/lang/Thread.currentThread()Ljava/lang/Thread;","com/squareup/okhttp/internal/NamedRunnable:run:35","1","10000"
"com.squareup.okhttp.internal.spdy.SpdyConnectionTest#readSendsWindowUpdateHttp2","<main>","2","MONITOREXIT","com/squareup/okhttp/internal/spdy/SpdyStream$SpdyDataSource:read:387","12","19992"
"com.squareup.okhttp.internal.spdy.SpdyConnectionTest#readSendsWindowUpdateHttp2","<1562044902,1>","68","RUNNABLE_CALLABLE_START","com/squareup/okhttp/internal/NamedRunnable:run:0","1","10000"
"com.squareup.okhttp.internal.spdy.SpdyConnectionTest#readSendsWindowUpdateHttp2","<68941243,1>","2","SYNCHRONIZED_METHOD_ENTER","com/squareup/okhttp/internal/spdy/SpdyStream:isOpen:0","2","15000"
"com.squareup.okhttp.internal.spdy.SpdyConnectionTest#readSendsWindowUpdateHttp2","<68941243,1>","2","MONITORENTER","com/squareup/okhttp/internal/spdy/SpdyStream:receiveHeaders:274","1","10000"
"com.squareup.okhttp.internal.spdy.SpdyConnectionTest#readSendsWindowUpdateHttp2","<main>","3","java/util/concurrent/Executors.callable(Ljava/lang/Runnable;Ljava/lang/Object;)Ljava/util/concurrent/Callable;","java/util/concurrent/FutureTask:<init>:152","2","15000"
"com.squareup.okhttp.internal.spdy.SpdyConnectionTest#readSendsWindowUpdateHttp2","<781236076,1>","3","MONITOREXIT","okio/SegmentPool:recycle:59","3","17500"
"com.squareup.okhttp.internal.spdy.SpdyConnectionTest#readSendsWindowUpdateHttp2","<1562044902,1>","57","SYNCHRONIZED_METHOD_ENTER","com/squareup/okhttp/internal/spdy/Http20Draft09$Writer:windowUpdate:0","2","15000"
"com.squareup.okhttp.internal.spdy.SpdyConnectionTest#readSendsWindowUpdateHttp2","<main>","1","MONITORENTER","com/squareup/okhttp/internal/spdy/SpdyStream$SpdyDataSource:read:380","2","15000"
"com.squareup.okhttp.internal.spdy.SpdyConnectionTest#readSendsWindowUpdateHttp2","<main>","2","MONITORENTER","com/squareup/okhttp/internal/spdy/SpdyStream$SpdyDataSource:read:363","8","19921"
"com.squareup.okhttp.internal.spdy.SpdyConnectionTest#readSendsWindowUpdateHttp2","<-1020933817,1>","44","RUNNABLE_CALLABLE_START","java/util/concurrent/FutureTask:run:0","3","17500"
"com.squareup.okhttp.internal.spdy.SpdyConnectionTest#readSendsWindowUpdateHttp2","<main>","2","MONITOREXIT","com/squareup/okhttp/internal/spdy/SpdyStream$SpdyDataSource:read:377","14","19995"
"com.squareup.okhttp.internal.spdy.SpdyConnectionTest#readSendsWindowUpdateHttp2","<-1020933817,1>","8","java/lang/Thread.setName(Ljava/lang/String;)V","com/squareup/okhttp/internal/NamedRunnable:run:32","1","5000"
"com.squareup.okhttp.internal.spdy.SpdyConnectionTest#readSendsWindowUpdateHttp2","<-1020933817,1>","48","java/lang/Thread.getName()Ljava/lang/String;","com/squareup/okhttp/internal/NamedRunnable:run:30","3","6562"
"com.squareup.okhttp.internal.spdy.SpdyConnectionTest#readSendsWindowUpdateHttp2","<main>","2","MONITOREXIT","okio/SegmentPool:take:45","1","10000"
"com.squareup.okhttp.internal.spdy.SpdyConnectionTest#readSendsWindowUpdateHttp2","<-1020933817,1>","23","MONITOREXIT","okio/SegmentPool:take:45","1","10000"
"com.squareup.okhttp.internal.spdy.SpdyConnectionTest#readSendsWindowUpdateHttp2","<781236076,1>","3","MONITOREXIT","okio/SegmentPool:take:45","8","19921"
"com.squareup.okhttp.internal.spdy.SpdyConnectionTest#readSendsWindowUpdateHttp2","<1562044902,1>","56","SYNCHRONIZED_METHOD_ENTER","com/squareup/okhttp/internal/spdy/Http20Draft09$Writer:windowUpdate:0","3","17500"
"com.squareup.okhttp.internal.spdy.SpdyConnectionTest#readSendsWindowUpdateHttp2","<1562044902,1>","51","MONITORENTER","okio/SegmentPool:take:39","6","19687"
"com.squareup.okhttp.internal.spdy.SpdyConnectionTest#readSendsWindowUpdateHttp2","<1562044902,1>","76","java/lang/Thread.getName()Ljava/lang/String;","com/squareup/okhttp/internal/NamedRunnable:run:30","2","6250"
"com.squareup.okhttp.internal.spdy.SpdyConnectionTest#readSendsWindowUpdateHttp2","<1562044902,1>","1","SYNCHRONIZED_METHOD_ENTER","com/squareup/okhttp/internal/spdy/Http20Draft09$Writer:windowUpdate:0","1","10000"
"com.squareup.okhttp.internal.spdy.SpdyConnectionTest#readSendsWindowUpdateHttp2","<1562044902,1>","39","MONITORENTER","okio/SegmentPool:recycle:53","2","15000"
"com.squareup.okhttp.internal.spdy.SpdyConnectionTest#readSendsWindowUpdateHttp2","<1562044902,1>","85","java/lang/Thread.currentThread()Ljava/lang/Thread;","java/util/concurrent/FutureTask:run:258","2","15000"
"com.squareup.okhttp.internal.spdy.SpdyConnectionTest#readSendsWindowUpdateHttp2","<68941243,1>","1","SYNCHRONIZED_METHOD_ENTER","com/squareup/okhttp/internal/spdy/SpdyConnection:getStream:0","5","19375"
"com.squareup.okhttp.internal.spdy.SpdyConnectionTest#readSendsWindowUpdateHttp2","<1562044902,1>","88","java/lang/Thread.currentThread()Ljava/lang/Thread;","java/util/concurrent/FutureTask:run:258","3","17500"
"com.squareup.okhttp.internal.spdy.SpdyConnectionTest#readSendsWindowUpdateHttp2","<781236076,1>","3","MONITORENTER","okio/SegmentPool:take:39","2","15000"
"com.squareup.okhttp.internal.spdy.SpdyConnectionTest#readSendsWindowUpdateHttp2","<main>","3","SYNCHRONIZED_METHOD_EXIT","com/squareup/okhttp/internal/spdy/Http20Draft09$Writer:data:394","9","19960"
"com.squareup.okhttp.internal.spdy.SpdyConnectionTest#readSendsWindowUpdateHttp2","<1562044902,1>","31","MONITORENTER","okio/SegmentPool:take:39","2","15000"
"com.squareup.okhttp.internal.spdy.SpdyConnectionTest#readSendsWindowUpdateHttp2","<-1020933817,1>","28","SYNCHRONIZED_METHOD_ENTER","com/squareup/okhttp/internal/spdy/Http20Draft09$Writer:windowUpdate:0","3","17500"
"com.squareup.okhttp.internal.spdy.SpdyConnectionTest#readSendsWindowUpdateHttp2","<main>","1","MONITORENTER","com/squareup/okhttp/internal/spdy/SpdyStream$SpdyDataSource:read:363","12","19992"
"com.squareup.okhttp.internal.spdy.SpdyConnectionTest#readSendsWindowUpdateHttp2","<1562044902,1>","65","java/lang/Thread.currentThread()Ljava/lang/Thread;","com/squareup/okhttp/internal/NamedRunnable:run:31","6","13329"
"com.squareup.okhttp.internal.spdy.SpdyConnectionTest#readSendsWindowUpdateHttp2","<781236076,1>","2","MONITOREXIT","okio/SegmentPool:recycle:54","3","17500"
"com.squareup.okhttp.internal.spdy.SpdyConnectionTest#readSendsWindowUpdateHttp2","<68941243,1>","2","MONITORENTER","com/squareup/okhttp/internal/spdy/SpdyStream:receiveFin:309","2","15000"
"com.squareup.okhttp.internal.spdy.SpdyConnectionTest#readSendsWindowUpdateHttp2","<main>","1","java/util/concurrent/Executors.callable(Ljava/lang/Runnable;Ljava/lang/Object;)Ljava/util/concurrent/Callable;","java/util/concurrent/FutureTask:<init>:153","5","19375"
"com.squareup.okhttp.internal.spdy.SpdyConnectionTest#readSendsWindowUpdateHttp2","<1562044902,1>","37","MONITORENTER","okio/SegmentPool:recycle:53","2","15000"
"com.squareup.okhttp.internal.spdy.SpdyConnectionTest#readSendsWindowUpdateHttp2","<main>","2","MONITORENTER","com/squareup/okhttp/internal/spdy/SpdyStream$SpdyDataSource:read:380","13","19994"
"com.squareup.okhttp.internal.spdy.SpdyConnectionTest#readSendsWindowUpdateHttp2","<781236076,1>","2","MONITORENTER","okio/SegmentPool:take:39","3","17500"
"com.squareup.okhttp.internal.spdy.SpdyConnectionTest#readSendsWindowUpdateHttp2","<main>","1","SYNCHRONIZED_METHOD_EXIT","com/squareup/okhttp/internal/spdy/Http20Draft09$Writer:data:402","5","19375"
"com.squareup.okhttp.internal.spdy.SpdyConnectionTest#readSendsWindowUpdateHttp2","<main>","2","java/util/concurrent/ExecutorService.submit(Ljava/lang/Runnable;)Ljava/util/concurrent/Future;","com/squareup/okhttp/internal/spdy/SpdyConnection:writeWindowUpdateLater:344","3","17500"
"com.squareup.okhttp.internal.spdy.SpdyConnectionTest#readSendsWindowUpdateHttp2","<1562044902,1>","89","java/lang/Thread.currentThread()Ljava/lang/Thread;","java/util/concurrent/FutureTask:run:259","2","15000"
"com.squareup.okhttp.internal.spdy.SpdyConnectionTest#readSendsWindowUpdateHttp2","<1562044902,1>","75","RUNNABLE_CALLABLE_START","com/squareup/okhttp/internal/NamedRunnable:run:0","1","10000"
"com.squareup.okhttp.internal.spdy.SpdyConnectionTest#readSendsWindowUpdateHttp2","<1562044902,1>","87","java/lang/Thread.currentThread()Ljava/lang/Thread;","java/util/concurrent/FutureTask:run:258","1","10000"
"com.squareup.okhttp.internal.spdy.SpdyConnectionTest#readSendsWindowUpdateHttp2","<main>","1","MONITOREXIT","okio/SegmentPool:take:47","8","19921"
"com.squareup.okhttp.internal.spdy.SpdyConnectionTest#readSendsWindowUpdateHttp2","<-1020933817,1>","17","MONITORENTER","okio/SegmentPool:recycle:53","4","18750"
"com.squareup.okhttp.internal.spdy.SpdyConnectionTest#readSendsWindowUpdateHttp2","<1562044902,1>","40","MONITORENTER","okio/SegmentPool:recycle:53","2","15000"
"com.squareup.okhttp.internal.spdy.SpdyConnectionTest#readSendsWindowUpdateHttp2","<main>","3","java/util/concurrent/ExecutorService.execute(Ljava/lang/Runnable;)V","com/squareup/okhttp/internal/spdy/MockSpdyPeer:play:104","1","10000"
"com.squareup.okhttp.internal.spdy.SpdyConnectionTest#readSendsWindowUpdateHttp2","<781236076,1>","1","MONITORENTER","okio/SegmentPool:recycle:53","4","18750"
"com.squareup.okhttp.internal.spdy.SpdyConnectionTest#readSendsWindowUpdateHttp2","<68941243,1>","2","MONITORENTER","com/squareup/okhttp/internal/spdy/SpdyStream$SpdyDataSource:receive:450","10","19979"
"com.squareup.okhttp.internal.spdy.SpdyConnectionTest#readSendsWindowUpdateHttp2","<1562044902,1>","3","java/lang/Thread.currentThread()Ljava/lang/Thread;","com/squareup/okhttp/internal/NamedRunnable:run:31","1","10000"
"com.squareup.okhttp.internal.spdy.SpdyConnectionTest#readSendsWindowUpdateHttp2","<1562044902,1>","32","java/lang/Thread.setName(Ljava/lang/String;)V","com/squareup/okhttp/internal/NamedRunnable:run:31","1","1250"
"com.squareup.okhttp.internal.spdy.SpdyConnectionTest#readSendsWindowUpdateHttp2","<main>","2","java/util/concurrent/Executors.callable(Ljava/lang/Runnable;Ljava/lang/Object;)Ljava/util/concurrent/Callable;","java/util/concurrent/FutureTask:<init>:152","4","18750"
"com.squareup.okhttp.internal.spdy.SpdyConnectionTest#readSendsWindowUpdateHttp2","<1562044902,1>","68","java/lang/Thread.currentThread()Ljava/lang/Thread;","java/util/concurrent/FutureTask:run:259","2","15000"
"com.squareup.okhttp.internal.spdy.SpdyConnectionTest#readSendsWindowUpdateHttp2","<-1020933817,1>","1","java/lang/Thread.currentThread()Ljava/lang/Thread;","com/squareup/okhttp/internal/NamedRunnable:run:32","1","10000"
"com.squareup.okhttp.internal.spdy.SpdyConnectionTest#readSendsWindowUpdateHttp2","<main>","2","SYNCHRONIZED_METHOD_EXIT","com/squareup/okhttp/internal/spdy/Http20Draft09$Writer:data:402","7","19843"
"com.squareup.okhttp.internal.spdy.SpdyConnectionTest#readSendsWindowUpdateHttp2","<-1020933817,1>","13","MONITORENTER","okio/SegmentPool:recycle:53","3","17500"
"com.squareup.okhttp.internal.spdy.SpdyConnectionTest#readSendsWindowUpdateHttp2","<1562044902,1>","60","SYNCHRONIZED_METHOD_ENTER","com/squareup/okhttp/internal/spdy/Http20Draft09$Writer:windowUpdate:0","2","15000"
"com.squareup.okhttp.internal.spdy.SpdyConnectionTest#readSendsWindowUpdateHttp2","<1562044902,1>","69","RUNNABLE_CALLABLE_START","com/squareup/okhttp/internal/NamedRunnable:run:0","2","15000"
"com.squareup.okhttp.internal.spdy.SpdyConnectionTest#readSendsWindowUpdateHttp2","<main>","1","SYNCHRONIZED_METHOD_EXIT","com/squareup/okhttp/internal/spdy/Http20Draft09$Writer:data:394","7","19843"
"com.squareup.okhttp.internal.spdy.SpdyConnectionTest#readSendsWindowUpdateHttp2","<main>","3","SYNCHRONIZED_METHOD_ENTER","com/squareup/okhttp/internal/spdy/Http20Draft09$Writer:flush:0","1","10000"
"com.squareup.okhttp.internal.spdy.SpdyConnectionTest#readSendsWindowUpdateHttp2","<1562044902,1>","32","SYNCHRONIZED_METHOD_ENTER","com/squareup/okhttp/internal/spdy/Http20Draft09$Writer:windowUpdate:0","1","10000"
"com.squareup.okhttp.internal.spdy.SpdyConnectionTest#readSendsWindowUpdateHttp2","<1562044902,1>","49","MONITOREXIT","okio/SegmentPool:take:45","2","15000"
"com.squareup.okhttp.internal.spdy.SpdyConnectionTest#readSendsWindowUpdateHttp2","<1562044902,1>","46","MONITORENTER","okio/SegmentPool:recycle:53","2","15000"
"com.squareup.okhttp.internal.spdy.SpdyConnectionTest#readSendsWindowUpdateHttp2","<-1020933817,1>","51","java/lang/Thread.getName()Ljava/lang/String;","com/squareup/okhttp/internal/NamedRunnable:run:30","3","6562"
"com.squareup.okhttp.internal.spdy.SpdyConnectionTest#readSendsWindowUpdateHttp2","<1562044902,1>","42","MONITORENTER","okio/SegmentPool:recycle:53","1","10000"
"com.squareup.okhttp.internal.spdy.SpdyConnectionTest#readSendsWindowUpdateHttp2","<-1020933817,1>","3","MONITORENTER","okio/SegmentPool:recycle:53","1","10000"
"com.squareup.okhttp.internal.spdy.SpdyConnectionTest#readSendsWindowUpdateHttp2","<-1020933817,1>","3","java/lang/Thread.currentThread()Ljava/lang/Thread;","com/squareup/okhttp/internal/NamedRunnable:run:32","1","10000"
"com.squareup.okhttp.internal.spdy.SpdyConnectionTest#readSendsWindowUpdateHttp2","<main>","1","MONITORENTER","okio/SegmentPool:take:39","12","19992"
"com.squareup.okhttp.internal.spdy.SpdyConnectionTest#readSendsWindowUpdateHttp2","<main>","2","MONITORENTER","com/squareup/okhttp/internal/spdy/SpdyStream$SpdyDataSource:read:380","3","17500"
"com.squareup.okhttp.internal.spdy.SpdyConnectionTest#readSendsWindowUpdateHttp2","<1562044902,1>","12","SYNCHRONIZED_METHOD_EXIT","com/squareup/okhttp/internal/spdy/Http20Draft09$Writer:windowUpdate:470","1","10000"
"com.squareup.okhttp.internal.spdy.SpdyConnectionTest#readSendsWindowUpdateHttp2","<-1020933817,1>","1","java/io/OutputStream.flush()V","okio/Okio$1:flush:85","1","10000"
"com.squareup.okhttp.internal.spdy.SpdyConnectionTest#readSendsWindowUpdateHttp2","<68941243,1>","3","java/lang/Object.notifyAll()V","com/squareup/okhttp/internal/spdy/SpdyStream$SpdyDataSource:receive:454","10","19979"
"com.squareup.okhttp.internal.spdy.SpdyConnectionTest#readSendsWindowUpdateHttp2","<main>","3","java/util/concurrent/ExecutorService.submit(Ljava/lang/Runnable;)Ljava/util/concurrent/Future;","com/squareup/okhttp/internal/spdy/SpdyConnection:writeWindowUpdateLater:344","6","19687"
"com.squareup.okhttp.internal.spdy.SpdyConnectionTest#readSendsWindowUpdateHttp2","<781236076,1>","1","java/util/concurrent/BlockingQueue.add(Ljava/lang/Object;)Z","com/squareup/okhttp/internal/spdy/MockSpdyPeer:readAndWriteFrames:150","4","18750"
"com.squareup.okhttp.internal.spdy.SpdyConnectionTest#readSendsWindowUpdateHttp2","<-1020933817,1>","27","MONITORENTER","okio/SegmentPool:take:39","6","19687"
"com.squareup.okhttp.internal.spdy.SpdyConnectionTest#readSendsWindowUpdateHttp2","<781236076,1>","3","MONITOREXIT","okio/SegmentPool:recycle:54","12","19992"
"com.squareup.okhttp.internal.spdy.SpdyConnectionTest#readSendsWindowUpdateHttp2","<68941243,1>","1","MONITOREXIT","com/squareup/okhttp/internal/spdy/SpdyStream:receiveHeaders:293","2","15000"
"com.squareup.okhttp.internal.spdy.SpdyConnectionTest#readSendsWindowUpdateHttp2","<68941243,1>","3","java/lang/Object.notifyAll()V","com/squareup/okhttp/internal/spdy/SpdyStream$SpdyDataSource:receive:455","1","10000"
"com.squareup.okhttp.internal.spdy.SpdyConnectionTest#readSendsWindowUpdateHttp2","<main>","2","SYNCHRONIZED_METHOD_ENTER","com/squareup/okhttp/internal/spdy/Http20Draft09$Writer:data:0","10","19979"
"com.squareup.okhttp.internal.spdy.SpdyConnectionTest#readSendsWindowUpdateHttp2","<-1020933817,1>","5","java/lang/Thread.currentThread()Ljava/lang/Thread;","com/squareup/okhttp/internal/NamedRunnable:run:35","1","10000"
"com.squareup.okhttp.internal.spdy.SpdyConnectionTest#readSendsWindowUpdateHttp2","<-1020933817,1>","45","java/util/concurrent/Callable.call()Ljava/lang/Object;","java/util/concurrent/FutureTask:run:266","1","10000"
"com.squareup.okhttp.internal.spdy.SpdyConnectionTest#readSendsWindowUpdateHttp2","<1562044902,1>","87","RUNNABLE_CALLABLE_START","java/util/concurrent/FutureTask:run:0","1","10000"
"com.squareup.okhttp.internal.spdy.SpdyConnectionTest#readSendsWindowUpdateHttp2","<-1020933817,1>","45","java/lang/Thread.currentThread()Ljava/lang/Thread;","java/util/concurrent/FutureTask:run:258","1","10000"
"com.squareup.okhttp.internal.spdy.SpdyConnectionTest#readSendsWindowUpdateHttp2","<68941243,1>","2","java/lang/Object.notifyAll()V","com/squareup/okhttp/internal/spdy/SpdyStream$SpdyDataSource:receive:455","14","19995"
"com.squareup.okhttp.internal.spdy.SpdyConnectionTest#readSendsWindowUpdateHttp2","<-1020933817,1>","40","java/lang/Thread.currentThread()Ljava/lang/Thread;","com/squareup/okhttp/internal/NamedRunnable:run:32","3","13125"
"com.squareup.okhttp.internal.spdy.SpdyConnectionTest#readSendsWindowUpdateHttp2","<main>","1","SYNCHRONIZED_METHOD_ENTER","com/squareup/okhttp/internal/spdy/Http20Draft09$Writer:data:0","14","19995"
"com.squareup.okhttp.internal.spdy.SpdyConnectionTest#readSendsWindowUpdateHttp2","<-1020933817,1>","4","java/io/OutputStream.flush()V","okio/Okio$1:flush:84","1","10000"
"com.squareup.okhttp.internal.spdy.SpdyConnectionTest#readSendsWindowUpdateHttp2","<1562044902,1>","38","MONITOREXIT","okio/SegmentPool:recycle:59","1","10000"
"com.squareup.okhttp.internal.spdy.SpdyConnectionTest#readSendsWindowUpdateHttp2","<main>","3","MONITOREXIT","com/squareup/okhttp/internal/spdy/SpdyStream$SpdyDataSource:read:377","4","18750"
"com.squareup.okhttp.internal.spdy.SpdyConnectionTest#readSendsWindowUpdateHttp2","<-1020933817,1>","2","MONITORENTER","okio/SegmentPool:take:39","1","10000"
"com.squareup.okhttp.internal.spdy.SpdyConnectionTest#readSendsWindowUpdateHttp2","<781236076,1>","3","MONITOREXIT","okio/SegmentPool:take:45","2","15000"
"com.squareup.okhttp.internal.spdy.SpdyConnectionTest#readSendsWindowUpdateHttp2","<main>","1","SYNCHRONIZED_METHOD_ENTER","com/squareup/okhttp/internal/spdy/Http20Draft09$Writer:data:0","8","19921"
"com.squareup.okhttp.internal.spdy.SpdyConnectionTest#readSendsWindowUpdateHttp2","<68941243,1>","2","MONITOREXIT","com/squareup/okhttp/internal/spdy/SpdyStream$SpdyDataSource:receive:429","9","19960"
"com.squareup.okhttp.internal.spdy.SpdyConnectionTest#readSendsWindowUpdateHttp2","<main>","2","MONITOREXIT","okio/SegmentPool:recycle:59","8","19921"
"com.squareup.okhttp.internal.spdy.SpdyConnectionTest#readSendsWindowUpdateHttp2","<68941243,1>","3","MONITORENTER","okio/SegmentPool:take:39","5","19375"
"com.squareup.okhttp.internal.spdy.SpdyConnectionTest#readSendsWindowUpdateHttp2","<-1020933817,1>","54","java/lang/Thread.getName()Ljava/lang/String;","com/squareup/okhttp/internal/NamedRunnable:run:30","2","6250"
"com.squareup.okhttp.internal.spdy.SpdyConnectionTest#readSendsWindowUpdateHttp2","<main>","2","MONITOREXIT","okio/SegmentPool:take:45","3","17500"
"com.squareup.okhttp.internal.spdy.SpdyConnectionTest#readSendsWindowUpdateHttp2","<main>","3","java/util/concurrent/ExecutorService.execute(Ljava/lang/Runnable;)V","com/squareup/okhttp/internal/spdy/MockSpdyPeer:play:105","1","10000"
"com.squareup.okhttp.internal.spdy.SpdyConnectionTest#readSendsWindowUpdateHttp2","<main>","1","MONITORENTER","com/squareup/okhttp/internal/spdy/SpdyStream$SpdyDataSource:read:363","8","19921"
"com.squareup.okhttp.internal.spdy.SpdyConnectionTest#readSendsWindowUpdateHttp2","<1562044902,1>","71","java/lang/Thread.currentThread()Ljava/lang/Thread;","com/squareup/okhttp/internal/NamedRunnable:run:30","1","10000"
"com.squareup.okhttp.internal.spdy.SpdyConnectionTest#readSendsWindowUpdateHttp2","<68941243,1>","1","MONITOREXIT","okio/SegmentPool:take:45","5","19375"
"com.squareup.okhttp.internal.spdy.SpdyConnectionTest#readSendsWindowUpdateHttp2","<main>","2","MONITOREXIT","okio/SegmentPool:take:47","13","19994"
"com.squareup.okhttp.internal.spdy.SpdyConnectionTest#readSendsWindowUpdateHttp2","<1562044902,1>","33","java/util/concurrent/Callable.call()Ljava/lang/Object;","java/util/concurrent/FutureTask:run:266","1","10000"
"com.squareup.okhttp.internal.spdy.SpdyConnectionTest#readSendsWindowUpdateHttp2","<1562044902,1>","69","java/lang/Thread.currentThread()Ljava/lang/Thread;","java/util/concurrent/FutureTask:run:258","2","15000"
"com.squareup.okhttp.internal.spdy.SpdyConnectionTest#readSendsWindowUpdateHttp2","<1562044902,1>","52","java/lang/Thread.currentThread()Ljava/lang/Thread;","com/squareup/okhttp/internal/NamedRunnable:run:31","3","13125"
"com.squareup.okhttp.internal.spdy.SpdyConnectionTest#readSendsWindowUpdateHttp2","<781236076,1>","3","MONITORENTER","okio/SegmentPool:take:39","6","19687"
"com.squareup.okhttp.internal.spdy.SpdyConnectionTest#readSendsWindowUpdateHttp2","<main>","3","MONITORENTER","com/squareup/okhttp/internal/spdy/SpdyStream$SpdyDataSource:read:380","4","18750"
"com.squareup.okhttp.internal.spdy.SpdyConnectionTest#readSendsWindowUpdateHttp2","<1562044902,1>","56","java/lang/Thread.currentThread()Ljava/lang/Thread;","com/squareup/okhttp/internal/NamedRunnable:run:32","2","12500"
"com.squareup.okhttp.internal.spdy.SpdyConnectionTest#readSendsWindowUpdateHttp2","<-1020933817,1>","15","MONITORENTER","okio/SegmentPool:take:39","1","10000"
"com.squareup.okhttp.internal.spdy.SpdyConnectionTest#readSendsWindowUpdateHttp2","<-1020933817,1>","45","RUNNABLE_CALLABLE_START","java/util/concurrent/FutureTask:run:0","1","10000"
"com.squareup.okhttp.internal.spdy.SpdyConnectionTest#readSendsWindowUpdateHttp2","<1562044902,1>","68","java/lang/Thread.currentThread()Ljava/lang/Thread;","java/util/concurrent/FutureTask:run:258","3","17500"
"com.squareup.okhttp.internal.spdy.SpdyConnectionTest#readSendsWindowUpdateHttp2","<main>","1","MONITOREXIT","com/squareup/okhttp/internal/spdy/SpdyStream$SpdyDataSource:read:387","4","18750"
"com.squareup.okhttp.internal.spdy.SpdyConnectionTest#readSendsWindowUpdateHttp2","<-1020933817,1>","3","SYNCHRONIZED_METHOD_ENTER","com/squareup/okhttp/internal/spdy/Http20Draft09$Writer:windowUpdate:0","1","10000"
"com.squareup.okhttp.internal.spdy.SpdyConnectionTest#readSendsWindowUpdateHttp2","<1562044902,1>","3","SYNCHRONIZED_METHOD_ENTER","com/squareup/okhttp/internal/spdy/Http20Draft09$Writer:windowUpdate:0","1","10000"
"com.squareup.okhttp.internal.spdy.SpdyConnectionTest#readSendsWindowUpdateHttp2","<1562044902,1>","13","java/lang/Thread.currentThread()Ljava/lang/Thread;","com/squareup/okhttp/internal/NamedRunnable:run:35","1","10000"
"com.squareup.okhttp.internal.spdy.SpdyConnectionTest#readSendsWindowUpdateHttp2","<1562044902,1>","37","MONITORENTER","okio/SegmentPool:take:39","1","10000"
"com.squareup.okhttp.internal.spdy.SpdyConnectionTest#readSendsWindowUpdateHttp2","<-1020933817,1>","72","java/lang/Thread.currentThread()Ljava/lang/Thread;","java/util/concurrent/FutureTask:run:258","1","10000"
"com.squareup.okhttp.internal.spdy.SpdyConnectionTest#readSendsWindowUpdateHttp2","<1562044902,1>","75","RUNNABLE_CALLABLE_START","com/squareup/okhttp/internal/NamedRunnable:run:0","3","17500"
"com.squareup.okhttp.internal.spdy.SpdyConnectionTest#readSendsWindowUpdateHttp2","<main>","1","java/util/concurrent/BlockingQueue.take()Ljava/lang/Object;","com/squareup/okhttp/internal/spdy/MockSpdyPeer:takeFrame:97","7","19843"
"com.squareup.okhttp.internal.spdy.SpdyConnectionTest#readSendsWindowUpdateHttp2","<main>","1","MONITORENTER","com/squareup/okhttp/internal/spdy/SpdyStream$SpdyDataSource:read:380","13","19994"
"com.squareup.okhttp.internal.spdy.SpdyConnectionTest#readSendsWindowUpdateHttp2","<-1020933817,1>","14","MONITORENTER","okio/SegmentPool:take:39","4","18750"
"com.squareup.okhttp.internal.spdy.SpdyConnectionTest#readSendsWindowUpdateHttp2","<-1020933817,1>","32","java/lang/Thread.currentThread()Ljava/lang/Thread;","com/squareup/okhttp/internal/NamedRunnable:run:32","1","10000"
"com.squareup.okhttp.internal.spdy.SpdyConnectionTest#readSendsWindowUpdateHttp2","<-1020933817,1>","9","java/lang/Thread.currentThread()Ljava/lang/Thread;","java/util/concurrent/FutureTask:run:258","1","10000"
"com.squareup.okhttp.internal.spdy.SpdyConnectionTest#readSendsWindowUpdateHttp2","<-1020933817,1>","75","RUNNABLE_CALLABLE_START","java/util/concurrent/FutureTask:run:0","2","15000"
"com.squareup.okhttp.internal.spdy.SpdyConnectionTest#readSendsWindowUpdateHttp2","<1562044902,1>","97","RUNNABLE_CALLABLE_START","java/util/concurrent/FutureTask:run:0","1","10000"
"com.squareup.okhttp.internal.spdy.SpdyConnectionTest#readSendsWindowUpdateHttp2","<-1020933817,1>","51","RUNNABLE_CALLABLE_START","com/squareup/okhttp/internal/NamedRunnable:run:0","2","15000"
"com.squareup.okhttp.internal.spdy.SpdyConnectionTest#readSendsWindowUpdateHttp2","<-1020933817,1>","7","java/lang/Thread.getName()Ljava/lang/String;","com/squareup/okhttp/internal/NamedRunnable:run:31","1","5000"
"com.squareup.okhttp.internal.spdy.SpdyConnectionTest#readSendsWindowUpdateHttp2","<68941243,1>","1","MONITOREXIT","com/squareup/okhttp/internal/spdy/SpdyStream$SpdyDataSource:receive:456","11","19988"
"com.squareup.okhttp.internal.spdy.SpdyConnectionTest#readSendsWindowUpdateHttp2","<main>","1","MONITORENTER","com/squareup/okhttp/internal/spdy/SpdyConnection:newStream:242","1","10000"
"com.squareup.okhttp.internal.spdy.SpdyConnectionTest#readSendsWindowUpdateHttp2","<1562044902,1>","33","MONITOREXIT","okio/SegmentPool:take:45","2","15000"
"com.squareup.okhttp.internal.spdy.SpdyConnectionTest#readSendsWindowUpdateHttp2","<781236076,1>","1","java/util/concurrent/BlockingQueue.add(Ljava/lang/Object;)Z","com/squareup/okhttp/internal/spdy/MockSpdyPeer:readAndWriteFrames:151","5","19375"
"com.squareup.okhttp.internal.spdy.SpdyConnectionTest#readSendsWindowUpdateHttp2","<781236076,1>","3","MONITOREXIT","okio/SegmentPool:recycle:59","11","19988"
"com.squareup.okhttp.internal.spdy.SpdyConnectionTest#readSendsWindowUpdateHttp2","<-1020933817,1>","15","MONITORENTER","okio/SegmentPool:recycle:53","2","15000"
"com.squareup.okhttp.internal.spdy.SpdyConnectionTest#readSendsWindowUpdateHttp2","<main>","3","SYNCHRONIZED_METHOD_EXIT","com/squareup/okhttp/internal/spdy/Http20Draft09$Writer:data:394","2","15000"
"com.squareup.okhttp.internal.spdy.SpdyConnectionTest#readSendsWindowUpdateHttp2","<781236076,1>","2","MONITORENTER","okio/SegmentPool:recycle:53","1","10000"
"com.squareup.okhttp.internal.spdy.SpdyConnectionTest#readSendsWindowUpdateHttp2","<main>","3","MONITOREXIT","okio/SegmentPool:take:47","11","19988"
"com.squareup.okhttp.internal.spdy.SpdyConnectionTest#readSendsWindowUpdateHttp2","<main>","3","MONITORENTER","okio/SegmentPool:take:39","10","19979"
"com.squareup.okhttp.internal.spdy.SpdyConnectionTest#readSendsWindowUpdateHttp2","<1562044902,1>","55","java/lang/Thread.setName(Ljava/lang/String;)V","com/squareup/okhttp/internal/NamedRunnable:run:32","1","5000"
"com.squareup.okhttp.internal.spdy.SpdyConnectionTest#readSendsWindowUpdateHttp2","<68941243,1>","3","java/lang/Object.notifyAll()V","com/squareup/okhttp/internal/spdy/SpdyStream$SpdyDataSource:receive:455","3","17500"
"com.squareup.okhttp.internal.spdy.SpdyConnectionTest#readSendsWindowUpdateHttp2","<1562044902,1>","85","java/lang/Thread.currentThread()Ljava/lang/Thread;","java/util/concurrent/FutureTask:run:259","1","10000"
"com.squareup.okhttp.internal.spdy.SpdyConnectionTest#readSendsWindowUpdateHttp2","<-1020933817,1>","1","java/lang/Thread.currentThread()Ljava/lang/Thread;","com/squareup/okhttp/internal/NamedRunnable:run:31","1","10000"
"com.squareup.okhttp.internal.spdy.SpdyConnectionTest#readSendsWindowUpdateHttp2","<-1020933817,1>","45","java/util/concurrent/Callable.call()Ljava/lang/Object;","java/util/concurrent/FutureTask:run:266","3","17500"
"com.squareup.okhttp.internal.spdy.SpdyConnectionTest#readSendsWindowUpdateHttp2","<-1020933817,1>","45","java/lang/Thread.currentThread()Ljava/lang/Thread;","java/util/concurrent/FutureTask:run:258","3","17500"
"com.squareup.okhttp.internal.spdy.SpdyConnectionTest#readSendsWindowUpdateHttp2","<main>","1","java/util/concurrent/BlockingQueue.take()Ljava/lang/Object;","com/squareup/okhttp/internal/spdy/MockSpdyPeer:takeFrame:96","5","19375"
"com.squareup.okhttp.internal.spdy.SpdyConnectionTest#readSendsWindowUpdateHttp2","<main>","3","MONITOREXIT","com/squareup/okhttp/internal/spdy/SpdyStream$SpdyDataSource:read:377","9","19960"
"com.squareup.okhttp.internal.spdy.SpdyConnectionTest#readSendsWindowUpdateHttp2","<-1020933817,1>","1","MONITOREXIT","okio/SegmentPool:take:45","2","15000"
"com.squareup.okhttp.internal.spdy.SpdyConnectionTest#readSendsWindowUpdateHttp2","<main>","1","MONITORENTER","okio/SegmentPool:take:39","10","19979"
"com.squareup.okhttp.internal.spdy.SpdyConnectionTest#readSendsWindowUpdateHttp2","<1562044902,1>","86","java/lang/Thread.currentThread()Ljava/lang/Thread;","java/util/concurrent/FutureTask:run:258","3","17500"
"com.squareup.okhttp.internal.spdy.SpdyConnectionTest#readSendsWindowUpdateHttp2","<68941243,1>","2","MONITORENTER","okio/SegmentPool:take:39","4","18750"
"com.squareup.okhttp.internal.spdy.SpdyConnectionTest#readSendsWindowUpdateHttp2","<main>","1","MONITORENTER","com/squareup/okhttp/internal/spdy/SpdyConnection:newStream:243","2","15000"
"com.squareup.okhttp.internal.spdy.SpdyConnectionTest#readSendsWindowUpdateHttp2","<main>","2","MONITOREXIT","okio/SegmentPool:recycle:59","2","15000"
"com.squareup.okhttp.internal.spdy.SpdyConnectionTest#readSendsWindowUpdateHttp2","<-1020933817,1>","38","java/lang/Thread.setName(Ljava/lang/String;)V","com/squareup/okhttp/internal/NamedRunnable:run:32","1","5000"
"com.squareup.okhttp.internal.spdy.SpdyConnectionTest#readSendsWindowUpdateHttp2","<1562044902,1>","31","java/lang/Thread.currentThread()Ljava/lang/Thread;","com/squareup/okhttp/internal/NamedRunnable:run:32","1","10000"
"com.squareup.okhttp.internal.spdy.SpdyConnectionTest#readSendsWindowUpdateHttp2","<-1020933817,1>","53","java/lang/Thread.getName()Ljava/lang/String;","com/squareup/okhttp/internal/NamedRunnable:run:30","2","6250"
"com.squareup.okhttp.internal.spdy.SpdyConnectionTest#readSendsWindowUpdateHttp2","<main>","2","java/util/concurrent/ExecutorService.submit(Ljava/lang/Runnable;)Ljava/util/concurrent/Future;","com/squareup/okhttp/internal/spdy/SpdyConnection:writeWindowUpdateLater:345","1","10000"
"com.squareup.okhttp.internal.spdy.SpdyConnectionTest#readSendsWindowUpdateHttp2","<main>","3","MONITOREXIT","okio/SegmentPool:take:47","1","10000"
"com.squareup.okhttp.internal.spdy.SpdyConnectionTest#readSendsWindowUpdateHttp2","<1562044902,1>","35","MONITORENTER","okio/SegmentPool:recycle:53","2","15000"
"com.squareup.okhttp.internal.spdy.SpdyConnectionTest#readSendsWindowUpdateHttp2","<68941243,1>","1","MONITORENTER","com/squareup/okhttp/internal/spdy/SpdyStream$SpdyDataSource:receive:426","10","19979"
"com.squareup.okhttp.internal.spdy.SpdyConnectionTest#readSendsWindowUpdateHttp2","<-1020933817,1>","8","RUNNABLE_CALLABLE_START","com/squareup/okhttp/internal/NamedRunnable:run:0","1","10000"
"com.squareup.okhttp.internal.spdy.SpdyConnectionTest#readSendsWindowUpdateHttp2","<-1020933817,1>","12","MONITORENTER","okio/SegmentPool:take:39","2","15000"
"com.squareup.okhttp.internal.spdy.SpdyConnectionTest#readSendsWindowUpdateHttp2","<main>","1","java/io/OutputStream.flush()V","okio/Okio$1:flush:84","1","10000"
"com.squareup.okhttp.internal.spdy.SpdyConnectionTest#readSendsWindowUpdateHttp2","<1562044902,1>","31","java/lang/Thread.getName()Ljava/lang/String;","com/squareup/okhttp/internal/NamedRunnable:run:31","1","5000"
"com.squareup.okhttp.internal.spdy.SpdyConnectionTest#readSendsWindowUpdateHttp2","<1562044902,1>","51","MONITORENTER","okio/SegmentPool:take:39","3","17500"
"com.squareup.okhttp.internal.spdy.SpdyConnectionTest#readSendsWindowUpdateHttp2","<1562044902,1>","51","MONITOREXIT","okio/SegmentPool:take:45","5","19375"
"com.squareup.okhttp.internal.spdy.SpdyConnectionTest#readSendsWindowUpdateHttp2","<-1020933817,1>","44","java/lang/Thread.currentThread()Ljava/lang/Thread;","com/squareup/okhttp/internal/NamedRunnable:run:30","2","12500"
"com.squareup.okhttp.internal.spdy.SpdyConnectionTest#readSendsWindowUpdateHttp2","<1562044902,1>","73","RUNNABLE_CALLABLE_START","com/squareup/okhttp/internal/NamedRunnable:run:0","1","10000"
"com.squareup.okhttp.internal.spdy.SpdyConnectionTest#readSendsWindowUpdateHttp2","<68941243,1>","2","MONITOREXIT","com/squareup/okhttp/internal/spdy/SpdyStream$SpdyDataSource:receive:456","1","10000"
"com.squareup.okhttp.internal.spdy.SpdyConnectionTest#readSendsWindowUpdateHttp2","<main>","3","MONITORENTER","com/squareup/okhttp/internal/spdy/SpdyStream$SpdyDataSource:read:380","9","19960"
"com.squareup.okhttp.internal.spdy.SpdyConnectionTest#readSendsWindowUpdateHttp2","<-1020933817,1>","44","java/lang/Thread.currentThread()Ljava/lang/Thread;","java/util/concurrent/FutureTask:run:259","1","10000"
"com.squareup.okhttp.internal.spdy.SpdyConnectionTest#readSendsWindowUpdateHttp2","<1562044902,1>","72","java/lang/Thread.getName()Ljava/lang/String;","com/squareup/okhttp/internal/NamedRunnable:run:30","3","6562"
"com.squareup.okhttp.internal.spdy.SpdyConnectionTest#readSendsWindowUpdateHttp2","<main>","1","MONITOREXIT","okio/SegmentPool:take:47","1","10000"
"com.squareup.okhttp.internal.spdy.SpdyConnectionTest#readSendsWindowUpdateHttp2","<main>","3","MONITOREXIT","com/squareup/okhttp/internal/spdy/SpdyStream$SpdyDataSource:read:387","12","19992"
"com.squareup.okhttp.internal.spdy.SpdyConnectionTest#readSendsWindowUpdateHttp2","<main>","1","MONITOREXIT","com/squareup/okhttp/internal/spdy/SpdyStream$SpdyDataSource:read:377","7","19843"
"com.squareup.okhttp.internal.spdy.SpdyConnectionTest#readSendsWindowUpdateHttp2","<-1020933817,1>","15","MONITORENTER","okio/SegmentPool:take:39","3","17500"
"com.squareup.okhttp.internal.spdy.SpdyConnectionTest#readSendsWindowUpdateHttp2","<-1020933817,1>","29","java/lang/Thread.currentThread()Ljava/lang/Thread;","com/squareup/okhttp/internal/NamedRunnable:run:32","3","13125"
"com.squareup.okhttp.internal.spdy.SpdyConnectionTest#readSendsWindowUpdateHttp2","<1562044902,1>","37","MONITORENTER","okio/SegmentPool:recycle:53","1","10000"
"com.squareup.okhttp.internal.spdy.SpdyConnectionTest#readSendsWindowUpdateHttp2","<-1020933817,1>","28","java/lang/Thread.setName(Ljava/lang/String;)V","com/squareup/okhttp/internal/NamedRunnable:run:32","2","6250"
"com.squareup.okhttp.internal.spdy.SpdyConnectionTest#readSendsWindowUpdateHttp2","<-1020933817,1>","45","RUNNABLE_CALLABLE_START","java/util/concurrent/FutureTask:run:0","3","17500"
"com.squareup.okhttp.internal.spdy.SpdyConnectionTest#readSendsWindowUpdateHttp2","<main>","1","MONITOREXIT","com/squareup/okhttp/internal/spdy/SpdyStream$SpdyDataSource:read:387","10","19979"
"com.squareup.okhttp.internal.spdy.SpdyConnectionTest#readSendsWindowUpdateHttp2","<main>","3","MONITORENTER","okio/SegmentPool:take:39","7","19843"
"com.squareup.okhttp.internal.spdy.SpdyConnectionTest#readSendsWindowUpdateHttp2","<1562044902,1>","33","MONITORENTER","okio/SegmentPool:take:39","2","15000"
"com.squareup.okhttp.internal.spdy.SpdyConnectionTest#readSendsWindowUpdateHttp2","<-1020933817,1>","72","java/lang/Thread.currentThread()Ljava/lang/Thread;","java/util/concurrent/FutureTask:run:258","3","17500"
"com.squareup.okhttp.internal.spdy.SpdyConnectionTest#readSendsWindowUpdateHttp2","<1562044902,1>","36","java/lang/Thread.setName(Ljava/lang/String;)V","com/squareup/okhttp/internal/NamedRunnable:run:31","1","1250"
"com.squareup.okhttp.internal.spdy.SpdyConnectionTest#readSendsWindowUpdateHttp2","<-1020933817,1>","26","MONITORENTER","okio/SegmentPool:take:39","4","18750"
"com.squareup.okhttp.internal.spdy.SpdyConnectionTest#readSendsWindowUpdateHttp2","<main>","2","MONITORENTER","com/squareup/okhttp/internal/spdy/SpdyStream$SpdyDataSource:read:380","11","19988"
"com.squareup.okhttp.internal.spdy.SpdyConnectionTest#readSendsWindowUpdateHttp2","<-1020933817,1>","3","java/io/OutputStream.flush()V","okio/Okio$1:flush:84","1","10000"
"com.squareup.okhttp.internal.spdy.SpdyConnectionTest#readSendsWindowUpdateHttp2","<-1020933817,1>","49","java/lang/Thread.getName()Ljava/lang/String;","com/squareup/okhttp/internal/NamedRunnable:run:30","3","6562"
"com.squareup.okhttp.internal.spdy.SpdyConnectionTest#readSendsWindowUpdateHttp2","<1562044902,1>","40","MONITORENTER","okio/SegmentPool:recycle:53","1","10000"
"com.squareup.okhttp.internal.spdy.SpdyConnectionTest#readSendsWindowUpdateHttp2","<main>","1","SYNCHRONIZED_METHOD_EXIT","com/squareup/okhttp/internal/spdy/Http20Draft09$Writer:data:394","6","19687"
"com.squareup.okhttp.internal.spdy.SpdyConnectionTest#readSendsWindowUpdateHttp2","<main>","1","SYNCHRONIZED_METHOD_EXIT","com/squareup/okhttp/internal/spdy/Http20Draft09$Writer:synStream:333","1","10000"
"com.squareup.okhttp.internal.spdy.SpdyConnectionTest#readSendsWindowUpdateHttp2","<main>","3","SYNCHRONIZED_METHOD_EXIT","com/squareup/okhttp/internal/spdy/SpdyConnection:setIdle:190","1","10000"
"com.squareup.okhttp.internal.spdy.SpdyConnectionTest#readSendsWindowUpdateHttp2","<-1020933817,1>","30","java/lang/Thread.currentThread()Ljava/lang/Thread;","com/squareup/okhttp/internal/NamedRunnable:run:31","2","12500"
"com.squareup.okhttp.internal.spdy.SpdyConnectionTest#readSendsWindowUpdateHttp2","<-1020933817,1>","53","java/lang/Thread.currentThread()Ljava/lang/Thread;","com/squareup/okhttp/internal/NamedRunnable:run:30","2","12500"
"com.squareup.okhttp.internal.spdy.SpdyConnectionTest#readSendsWindowUpdateHttp2","<68941243,1>","1","java/lang/Object.notifyAll()V","com/squareup/okhttp/internal/spdy/SpdyStream$SpdyDataSource:receive:454","10","19979"
"com.squareup.okhttp.internal.spdy.SpdyConnectionTest#readSendsWindowUpdateHttp2","<-1020933817,1>","49","java/lang/Thread.currentThread()Ljava/lang/Thread;","com/squareup/okhttp/internal/NamedRunnable:run:30","3","13125"
"com.squareup.okhttp.internal.spdy.SpdyConnectionTest#readSendsWindowUpdateHttp2","<68941243,1>","2","MONITOREXIT","com/squareup/okhttp/internal/spdy/SpdyStream$SpdyDataSource:receive:429","2","15000"
"com.squareup.okhttp.internal.spdy.SpdyConnectionTest#readSendsWindowUpdateHttp2","<main>","2","java/lang/Thread.setDaemon(Z)V","com/squareup/okhttp/internal/Util$1:newThread:276","2","15000"
"com.squareup.okhttp.internal.spdy.SpdyConnectionTest#readSendsWindowUpdateHttp2","<-1020933817,1>","31","java/lang/Thread.currentThread()Ljava/lang/Thread;","com/squareup/okhttp/internal/NamedRunnable:run:32","1","10000"
"com.squareup.okhttp.internal.spdy.SpdyConnectionTest#readSendsWindowUpdateHttp2","<main>","3","java/util/concurrent/BlockingQueue.take()Ljava/lang/Object;","com/squareup/okhttp/internal/spdy/MockSpdyPeer:takeFrame:97","2","15000"
"com.squareup.okhttp.internal.spdy.SpdyConnectionTest#readSendsWindowUpdateHttp2","<1562044902,1>","97","RUNNABLE_CALLABLE_START","java/util/concurrent/FutureTask:run:0","3","17500"
"com.squareup.okhttp.internal.spdy.SpdyConnectionTest#readSendsWindowUpdateHttp2","<-1020933817,1>","13","MONITORENTER","okio/SegmentPool:recycle:53","4","18750"
"com.squareup.okhttp.internal.spdy.SpdyConnectionTest#readSendsWindowUpdateHttp2","<-1020933817,1>","50","RUNNABLE_CALLABLE_START","com/squareup/okhttp/internal/NamedRunnable:run:0","2","15000"
"com.squareup.okhttp.internal.spdy.SpdyConnectionTest#readSendsWindowUpdateHttp2","<1562044902,1>","85","RUNNABLE_CALLABLE_START","java/util/concurrent/FutureTask:run:0","1","10000"
"com.squareup.okhttp.internal.spdy.SpdyConnectionTest#readSendsWindowUpdateHttp2","<main>","3","MONITORENTER","com/squareup/okhttp/internal/spdy/SpdyStream$SpdyDataSource:read:380","14","19995"
"com.squareup.okhttp.internal.spdy.SpdyConnectionTest#readSendsWindowUpdateHttp2","<68941243,1>","1","MONITOREXIT","com/squareup/okhttp/internal/spdy/SpdyStream$SpdyDataSource:receive:429","3","17500"
"com.squareup.okhttp.internal.spdy.SpdyConnectionTest#readSendsWindowUpdateHttp2","<1562044902,1>","12","java/io/OutputStream.flush()V","okio/Okio$1:flush:85","1","10000"
"com.squareup.okhttp.internal.spdy.SpdyConnectionTest#readSendsWindowUpdateHttp2","<68941243,1>","2","MONITOREXIT","okio/SegmentPool:take:45","6","19687"
"com.squareup.okhttp.internal.spdy.SpdyConnectionTest#readSendsWindowUpdateHttp2","<-1020933817,1>","46","RUNNABLE_CALLABLE_START","com/squareup/okhttp/internal/NamedRunnable:run:0","1","10000"
"com.squareup.okhttp.internal.spdy.SpdyConnectionTest#readSendsWindowUpdateHttp2","<1562044902,1>","2","MONITOREXIT","okio/SegmentPool:take:45","1","10000"
"com.squareup.okhttp.internal.spdy.SpdyConnectionTest#readSendsWindowUpdateHttp2","<781236076,1>","3","java/util/concurrent/BlockingQueue.add(Ljava/lang/Object;)Z","com/squareup/okhttp/internal/spdy/MockSpdyPeer:readAndWriteFrames:150","1","10000"
"com.squareup.okhttp.internal.spdy.SpdyConnectionTest#readSendsWindowUpdateHttp2","<main>","3","java/lang/Thread.start()V","com/squareup/okhttp/internal/spdy/SpdyConnection:<init>:160","1","10000"
"com.squareup.okhttp.internal.spdy.SpdyConnectionTest#readSendsWindowUpdateHttp2","<main>","3","SYNCHRONIZED_METHOD_EXIT","com/squareup/okhttp/internal/spdy/Http20Draft09$Writer:data:394","6","19687"
"com.squareup.okhttp.internal.spdy.SpdyConnectionTest#readSendsWindowUpdateHttp2","<main>","3","MONITORENTER","com/squareup/okhttp/internal/spdy/SpdyStream$SpdyDataSource:read:380","8","19921"
"com.squareup.okhttp.internal.spdy.SpdyConnectionTest#readSendsWindowUpdateHttp2","<1562044902,1>","32","java/lang/Thread.setName(Ljava/lang/String;)V","com/squareup/okhttp/internal/NamedRunnable:run:32","1","5000"
"com.squareup.okhttp.internal.spdy.SpdyConnectionTest#readSendsWindowUpdateHttp2","<main>","3","java/util/concurrent/ExecutorService.submit(Ljava/lang/Runnable;)Ljava/util/concurrent/Future;","com/squareup/okhttp/internal/spdy/SpdyConnection:writeWindowUpdateLater:344","3","17500"
"com.squareup.okhttp.internal.spdy.SpdyConnectionTest#readSendsWindowUpdateHttp2","<main>","1","MONITOREXIT","com/squareup/okhttp/internal/spdy/SpdyStream$SpdyDataSource:read:387","14","19995"
"com.squareup.okhttp.internal.spdy.SpdyConnectionTest#readSendsWindowUpdateHttp2","<781236076,1>","2","MONITORENTER","okio/SegmentPool:recycle:53","3","17500"
"com.squareup.okhttp.internal.spdy.SpdyConnectionTest#readSendsWindowUpdateHttp2","<main>","2","MONITOREXIT","okio/SegmentPool:take:45","11","19988"
"com.squareup.okhttp.internal.spdy.SpdyConnectionTest#readSendsWindowUpdateHttp2","<1562044902,1>","68","RUNNABLE_CALLABLE_START","java/util/concurrent/FutureTask:run:0","2","15000"
"com.squareup.okhttp.internal.spdy.SpdyConnectionTest#readSendsWindowUpdateHttp2","<1562044902,1>","32","MONITOREXIT","okio/SegmentPool:take:45","2","15000"
"com.squareup.okhttp.internal.spdy.SpdyConnectionTest#readSendsWindowUpdateHttp2","<main>","3","java/util/concurrent/ExecutorService.shutdown()V","com/squareup/okhttp/internal/spdy/MockSpdyPeer:close:162","1","10000"
"com.squareup.okhttp.internal.spdy.SpdyConnectionTest#readSendsWindowUpdateHttp2","<-1020933817,1>","54","java/lang/Thread.currentThread()Ljava/lang/Thread;","com/squareup/okhttp/internal/NamedRunnable:run:30","1","10000"
"com.squareup.okhttp.internal.spdy.SpdyConnectionTest#readSendsWindowUpdateHttp2","<1562044902,1>","71","RUNNABLE_CALLABLE_START","com/squareup/okhttp/internal/NamedRunnable:run:0","2","15000"
"com.squareup.okhttp.internal.spdy.SpdyConnectionTest#readSendsWindowUpdateHttp2","<-1020933817,1>","17","MONITORENTER","okio/SegmentPool:recycle:53","2","15000"
"com.squareup.okhttp.internal.spdy.SpdyConnectionTest#readSendsWindowUpdateHttp2","<1562044902,1>","88","java/lang/Thread.currentThread()Ljava/lang/Thread;","java/util/concurrent/FutureTask:run:259","1","10000"
"com.squareup.okhttp.internal.spdy.SpdyConnectionTest#readSendsWindowUpdateHttp2","<68941243,1>","2","MONITORENTER","com/squareup/okhttp/internal/spdy/SpdyStream$SpdyDataSource:receive:450","6","19687"
"com.squareup.okhttp.internal.spdy.SpdyConnectionTest#readSendsWindowUpdateHttp2","<-1020933817,1>","9","java/lang/Thread.setName(Ljava/lang/String;)V","com/squareup/okhttp/internal/NamedRunnable:run:31","1","1250"
"com.squareup.okhttp.internal.spdy.SpdyConnectionTest#readSendsWindowUpdateHttp2","<1562044902,1>","86","RUNNABLE_CALLABLE_START","java/util/concurrent/FutureTask:run:0","1","10000"
"com.squareup.okhttp.internal.spdy.SpdyConnectionTest#readSendsWindowUpdateHttp2","<1562044902,1>","50","MONITOREXIT","okio/SegmentPool:take:45","1","10000"
"com.squareup.okhttp.internal.spdy.SpdyConnectionTest#readSendsWindowUpdateHttp2","<781236076,1>","1","MONITORENTER","okio/SegmentPool:take:39","6","19687"
"com.squareup.okhttp.internal.spdy.SpdyConnectionTest#readSendsWindowUpdateHttp2","<-1020933817,1>","1","java/lang/Thread.currentThread()Ljava/lang/Thread;","com/squareup/okhttp/internal/NamedRunnable:run:35","1","10000"
"com.squareup.okhttp.internal.spdy.SpdyConnectionTest#readSendsWindowUpdateHttp2","<-1020933817,1>","25","MONITORENTER","okio/SegmentPool:take:39","6","19687"
"com.squareup.okhttp.internal.spdy.SpdyConnectionTest#readSendsWindowUpdateHttp2","<68941243,1>","3","MONITORENTER","com/squareup/okhttp/internal/spdy/SpdyStream$SpdyDataSource:receive:426","12","19992"
"com.squareup.okhttp.internal.spdy.SpdyConnectionTest#readSendsWindowUpdateHttp2","<68941243,1>","2","MONITOREXIT","okio/SegmentPool:take:47","11","19988"
"com.squareup.okhttp.internal.spdy.SpdyConnectionTest#readSendsWindowUpdateHttp2","<main>","1","MONITOREXIT","okio/SegmentPool:take:45","5","19375"
"com.squareup.okhttp.internal.spdy.SpdyConnectionTest#readSendsWindowUpdateHttp2","<68941243,1>","1","MONITORENTER","okio/SegmentPool:take:39","2","15000"
"com.squareup.okhttp.internal.spdy.SpdyConnectionTest#readSendsWindowUpdateHttp2","<1562044902,1>","71","java/lang/Thread.currentThread()Ljava/lang/Thread;","com/squareup/okhttp/internal/NamedRunnable:run:30","3","13125"
"com.squareup.okhttp.internal.spdy.SpdyConnectionTest#readSendsWindowUpdateHttp2","<main>","3","MONITOREXIT","com/squareup/okhttp/internal/spdy/SpdyStream$SpdyDataSource:read:366","2","15000"
"com.squareup.okhttp.internal.spdy.SpdyConnectionTest#readSendsWindowUpdateHttp2","<68941243,1>","1","MONITOREXIT","okio/SegmentPool:take:47","5","19375"
"com.squareup.okhttp.internal.spdy.SpdyConnectionTest#readSendsWindowUpdateHttp2","<68941243,1>","2","MONITOREXIT","com/squareup/okhttp/internal/spdy/SpdyStream:receiveHeaders:293","1","10000"
"com.squareup.okhttp.internal.spdy.SpdyConnectionTest#readSendsWindowUpdateHttp2","<main>","3","MONITOREXIT","com/squareup/okhttp/internal/spdy/SpdyStream$SpdyDataSource:read:387","8","19921"
"com.squareup.okhttp.internal.spdy.SpdyConnectionTest#readSendsWindowUpdateHttp2","<-1020933817,1>","2","java/lang/Thread.getName()Ljava/lang/String;","com/squareup/okhttp/internal/NamedRunnable:run:31","1","5000"
"com.squareup.okhttp.internal.spdy.SpdyConnectionTest#readSendsWindowUpdateHttp2","<1562044902,1>","73","RUNNABLE_CALLABLE_START","com/squareup/okhttp/internal/NamedRunnable:run:0","3","17500"
"com.squareup.okhttp.internal.spdy.SpdyConnectionTest#readSendsWindowUpdateHttp2","<781236076,1>","1","java/util/concurrent/BlockingQueue.add(Ljava/lang/Object;)Z","com/squareup/okhttp/internal/spdy/MockSpdyPeer:readAndWriteFrames:150","2","15000"
"com.squareup.okhttp.internal.spdy.SpdyConnectionTest#readSendsWindowUpdateHttp2","<main>","2","SYNCHRONIZED_METHOD_EXIT","com/squareup/okhttp/internal/spdy/Http20Draft09$Writer:data:394","2","15000"
"com.squareup.okhttp.internal.spdy.SpdyConnectionTest#readSendsWindowUpdateHttp2","<main>","2","SYNCHRONIZED_METHOD_ENTER","com/squareup/okhttp/internal/spdy/Http20Draft09$Writer:data:0","6","19687"
"com.squareup.okhttp.internal.spdy.SpdyConnectionTest#readSendsWindowUpdateHttp2","<main>","1","java/util/concurrent/BlockingQueue.take()Ljava/lang/Object;","com/squareup/okhttp/internal/spdy/MockSpdyPeer:takeFrame:97","6","19687"
"com.squareup.okhttp.internal.spdy.SpdyConnectionTest#readSendsWindowUpdateHttp2","<main>","1","MONITOREXIT","okio/SegmentPool:take:47","3","17500"
"com.squareup.okhttp.internal.spdy.SpdyConnectionTest#readSendsWindowUpdateHttp2","<1562044902,1>","67","java/util/concurrent/Callable.call()Ljava/lang/Object;","java/util/concurrent/FutureTask:run:266","2","15000"
"com.squareup.okhttp.internal.spdy.SpdyConnectionTest#readSendsWindowUpdateHttp2","<781236076,1>","2","MONITOREXIT","okio/SegmentPool:recycle:54","10","19979"
"com.squareup.okhttp.internal.spdy.SpdyConnectionTest#readSendsWindowUpdateHttp2","<68941243,1>","3","MONITORENTER","com/squareup/okhttp/internal/spdy/SpdyStream$SpdyDataSource:receive:450","1","10000"
"com.squareup.okhttp.internal.spdy.SpdyConnectionTest#readSendsWindowUpdateHttp2","<1562044902,1>","71","java/lang/Thread.getName()Ljava/lang/String;","com/squareup/okhttp/internal/NamedRunnable:run:30","2","6250"
"com.squareup.okhttp.internal.spdy.SpdyConnectionTest#readSendsWindowUpdateHttp2","<68941243,1>","3","java/lang/Thread.currentThread()Ljava/lang/Thread;","com/squareup/okhttp/internal/NamedRunnable:run:30","1","10000"
"com.squareup.okhttp.internal.spdy.SpdyConnectionTest#readSendsWindowUpdateHttp2","<68941243,1>","2","java/lang/Object.notifyAll()V","com/squareup/okhttp/internal/spdy/SpdyStream$SpdyDataSource:receive:455","4","18750"
"com.squareup.okhttp.internal.spdy.SpdyConnectionTest#readSendsWindowUpdateHttp2","<781236076,1>","2","MONITOREXIT","okio/SegmentPool:recycle:59","5","19375"
"com.squareup.okhttp.internal.spdy.SpdyConnectionTest#readSendsWindowUpdateHttp2","<68941243,1>","1","MONITOREXIT","com/squareup/okhttp/internal/spdy/SpdyStream$SpdyDataSource:receive:456","13","19994"
"com.squareup.okhttp.internal.spdy.SpdyConnectionTest#readSendsWindowUpdateHttp2","<main>","2","SYNCHRONIZED_METHOD_EXIT","com/squareup/okhttp/internal/spdy/Http20Draft09$Writer:data:402","2","15000"
"com.squareup.okhttp.internal.spdy.SpdyConnectionTest#readSendsWindowUpdateHttp2","<1562044902,1>","31","java/lang/Thread.currentThread()Ljava/lang/Thread;","com/squareup/okhttp/internal/NamedRunnable:run:31","1","10000"
"com.squareup.okhttp.internal.spdy.SpdyConnectionTest#readSendsWindowUpdateHttp2","<68941243,1>","3","MONITOREXIT","okio/SegmentPool:recycle:59","1","10000"
"com.squareup.okhttp.internal.spdy.SpdyConnectionTest#readSendsWindowUpdateHttp2","<main>","1","java/net/ServerSocket.close()V","com/squareup/okhttp/internal/Util:closeQuietly:128","1","10000"
"com.squareup.okhttp.internal.spdy.SpdyConnectionTest#readSendsWindowUpdateHttp2","<main>","1","MONITORENTER","okio/SegmentPool:recycle:53","4","18750"
"com.squareup.okhttp.internal.spdy.SpdyConnectionTest#readSendsWindowUpdateHttp2","<68941243,1>","2","SYNCHRONIZED_METHOD_EXIT","com/squareup/okhttp/internal/spdy/SpdyStream:isOpen:111","1","10000"
"com.squareup.okhttp.internal.spdy.SpdyConnectionTest#readSendsWindowUpdateHttp2","<-1020933817,1>","32","java/lang/Thread.currentThread()Ljava/lang/Thread;","com/squareup/okhttp/internal/NamedRunnable:run:32","3","13125"
"com.squareup.okhttp.internal.spdy.SpdyConnectionTest#readSendsWindowUpdateHttp2","<68941243,1>","3","java/lang/Object.notifyAll()V","com/squareup/okhttp/internal/spdy/SpdyStream$SpdyDataSource:receive:454","12","19992"
"com.squareup.okhttp.internal.spdy.SpdyConnectionTest#readSendsWindowUpdateHttp2","<main>","2","MONITORENTER","okio/SegmentPool:recycle:53","11","19988"
"com.squareup.okhttp.internal.spdy.SpdyConnectionTest#readSendsWindowUpdateHttp2","<-1020933817,1>","28","java/lang/Thread.currentThread()Ljava/lang/Thread;","com/squareup/okhttp/internal/NamedRunnable:run:32","1","10000"
"com.squareup.okhttp.internal.spdy.SpdyConnectionTest#readSendsWindowUpdateHttp2","<main>","3","MONITOREXIT","com/squareup/okhttp/internal/spdy/SpdyStream$SpdyDataSource:read:377","2","15000"
"com.squareup.okhttp.internal.spdy.SpdyConnectionTest#readSendsWindowUpdateHttp2","<68941243,1>","2","MONITORENTER","okio/SegmentPool:take:39","14","19995"
"com.squareup.okhttp.internal.spdy.SpdyConnectionTest#readSendsWindowUpdateHttp2","<main>","2","java/util/concurrent/BlockingQueue.take()Ljava/lang/Object;","com/squareup/okhttp/internal/spdy/MockSpdyPeer:takeFrame:96","6","19687"
"com.squareup.okhttp.internal.spdy.SpdyConnectionTest#readSendsWindowUpdateHttp2","<-1020933817,1>","40","java/lang/Thread.setName(Ljava/lang/String;)V","com/squareup/okhttp/internal/NamedRunnable:run:32","3","6562"
"com.squareup.okhttp.internal.spdy.SpdyConnectionTest#readSendsWindowUpdateHttp2","<-1020933817,1>","67","java/lang/Thread.currentThread()Ljava/lang/Thread;","java/util/concurrent/FutureTask:run:258","2","15000"
"com.squareup.okhttp.internal.spdy.SpdyConnectionTest#readSendsWindowUpdateHttp2","<68941243,1>","3","java/lang/Thread.currentThread()Ljava/lang/Thread;","com/squareup/okhttp/internal/NamedRunnable:run:32","1","10000"
"com.squareup.okhttp.internal.spdy.SpdyConnectionTest#readSendsWindowUpdateHttp2","<main>","2","MONITOREXIT","com/squareup/okhttp/internal/spdy/SpdyStream$SpdyDataSource:read:387","6","19687"
"com.squareup.okhttp.internal.spdy.SpdyConnectionTest#readSendsWindowUpdateHttp2","<-1020933817,1>","3","java/lang/Thread.currentThread()Ljava/lang/Thread;","com/squareup/okhttp/internal/NamedRunnable:run:31","1","10000"
"com.squareup.okhttp.internal.spdy.SpdyConnectionTest#readSendsWindowUpdateHttp2","<68941243,1>","2","MONITOREXIT","com/squareup/okhttp/internal/spdy/SpdyStream$SpdyDataSource:receive:429","6","19687"
"com.squareup.okhttp.internal.spdy.SpdyConnectionTest#readSendsWindowUpdateHttp2","<-1020933817,1>","42","java/lang/Thread.currentThread()Ljava/lang/Thread;","com/squareup/okhttp/internal/NamedRunnable:run:31","3","13125"
"com.squareup.okhttp.internal.spdy.SpdyConnectionTest#readSendsWindowUpdateHttp2","<781236076,1>","3","MONITOREXIT","okio/SegmentPool:recycle:59","7","19843"
"com.squareup.okhttp.internal.spdy.SpdyConnectionTest#readSendsWindowUpdateHttp2","<main>","1","SYNCHRONIZED_METHOD_EXIT","com/squareup/okhttp/internal/spdy/Http20Draft09$Writer:data:394","8","19921"
"com.squareup.okhttp.internal.spdy.SpdyConnectionTest#readSendsWindowUpdateHttp2","<1562044902,1>","31","MONITORENTER","okio/SegmentPool:recycle:53","1","10000"
"com.squareup.okhttp.internal.spdy.SpdyConnectionTest#readSendsWindowUpdateHttp2","<68941243,1>","1","MONITOREXIT","okio/SegmentPool:take:45","12","19992"
"com.squareup.okhttp.internal.spdy.SpdyConnectionTest#readSendsWindowUpdateHttp2","<1562044902,1>","55","SYNCHRONIZED_METHOD_ENTER","com/squareup/okhttp/internal/spdy/Http20Draft09$Writer:windowUpdate:0","1","10000"
"com.squareup.okhttp.internal.spdy.SpdyConnectionTest#readSendsWindowUpdateHttp2","<-1020933817,1>","11","MONITORENTER","okio/SegmentPool:recycle:53","2","15000"
"com.squareup.okhttp.internal.spdy.SpdyConnectionTest#readSendsWindowUpdateHttp2","<1562044902,1>","85","RUNNABLE_CALLABLE_START","java/util/concurrent/FutureTask:run:0","3","17500"
"com.squareup.okhttp.internal.spdy.SpdyConnectionTest#readSendsWindowUpdateHttp2","<main>","1","SYNCHRONIZED_METHOD_EXIT","com/squareup/okhttp/internal/spdy/Http20Draft09$Writer:data:402","8","19921"
"com.squareup.okhttp.internal.spdy.SpdyConnectionTest#readSendsWindowUpdateHttp2","<-1020933817,1>","27","MONITORENTER","okio/SegmentPool:take:39","1","10000"
"com.squareup.okhttp.internal.spdy.SpdyConnectionTest#readSendsWindowUpdateHttp2","<-1020933817,1>","46","RUNNABLE_CALLABLE_START","com/squareup/okhttp/internal/NamedRunnable:run:0","3","17500"
"com.squareup.okhttp.internal.spdy.SpdyConnectionTest#readSendsWindowUpdateHttp2","<1562044902,1>","65","java/lang/Thread.getName()Ljava/lang/String;","com/squareup/okhttp/internal/NamedRunnable:run:31","1","5000"
"com.squareup.okhttp.internal.spdy.SpdyConnectionTest#readSendsWindowUpdateHttp2","<781236076,1>","3","java/util/concurrent/BlockingQueue.add(Ljava/lang/Object;)Z","com/squareup/okhttp/internal/spdy/MockSpdyPeer:readAndWriteFrames:150","3","17500"
"com.squareup.okhttp.internal.spdy.SpdyConnectionTest#readSendsWindowUpdateHttp2","<main>","1","MONITORENTER","com/squareup/okhttp/internal/spdy/SpdyStream$SpdyDataSource:read:363","11","19988"
"com.squareup.okhttp.internal.spdy.SpdyConnectionTest#readSendsWindowUpdateHttp2","<68941243,1>","1","MONITORENTER","com/squareup/okhttp/internal/spdy/SpdyStream$SpdyDataSource:receive:450","11","19988"
"com.squareup.okhttp.internal.spdy.SpdyConnectionTest#readSendsWindowUpdateHttp2","<1562044902,1>","93","java/lang/Thread.currentThread()Ljava/lang/Thread;","java/util/concurrent/FutureTask:run:259","3","17500"
"com.squareup.okhttp.internal.spdy.SpdyConnectionTest#readSendsWindowUpdateHttp2","<main>","3","SYNCHRONIZED_METHOD_EXIT","com/squareup/okhttp/internal/spdy/Http20Draft09$Writer:data:402","1","10000"
"com.squareup.okhttp.internal.spdy.SpdyConnectionTest#readSendsWindowUpdateHttp2","<68941243,1>","3","SYNCHRONIZED_METHOD_ENTER","com/squareup/okhttp/internal/spdy/SpdyConnection:getStream:0","9","19960"
"com.squareup.okhttp.internal.spdy.SpdyConnectionTest#readSendsWindowUpdateHttp2","<781236076,1>","2","MONITOREXIT","okio/SegmentPool:recycle:54","7","19843"
"com.squareup.okhttp.internal.spdy.SpdyConnectionTest#readSendsWindowUpdateHttp2","<-1020933817,1>","28","java/lang/Thread.setName(Ljava/lang/String;)V","com/squareup/okhttp/internal/NamedRunnable:run:31","2","1328"
"com.squareup.okhttp.internal.spdy.SpdyConnectionTest#readSendsWindowUpdateHttp2","<-1020933817,1>","34","SYNCHRONIZED_METHOD_ENTER","com/squareup/okhttp/internal/spdy/Http20Draft09$Writer:windowUpdate:0","2","15000"
"com.squareup.okhttp.internal.spdy.SpdyConnectionTest#readSendsWindowUpdateHttp2","<1562044902,1>","70","java/util/concurrent/Callable.call()Ljava/lang/Object;","java/util/concurrent/FutureTask:run:266","2","15000"
"com.squareup.okhttp.internal.spdy.SpdyConnectionTest#readSendsWindowUpdateHttp2","<main>","3","MONITORENTER","com/squareup/okhttp/internal/spdy/SpdyStream$SpdyDataSource:read:363","12","19992"
"com.squareup.okhttp.internal.spdy.SpdyConnectionTest#readSendsWindowUpdateHttp2","<1562044902,1>","86","RUNNABLE_CALLABLE_START","java/util/concurrent/FutureTask:run:0","3","17500"
"com.squareup.okhttp.internal.spdy.SpdyConnectionTest#readSendsWindowUpdateHttp2","<main>","2","MONITORENTER","okio/SegmentPool:take:39","5","19375"
"com.squareup.okhttp.internal.spdy.SpdyConnectionTest#readSendsWindowUpdateHttp2","<1562044902,1>","50","MONITOREXIT","okio/SegmentPool:take:45","3","17500"
"com.squareup.okhttp.internal.spdy.SpdyConnectionTest#readSendsWindowUpdateHttp2","<main>","3","java/util/concurrent/Executors.callable(Ljava/lang/Runnable;Ljava/lang/Object;)Ljava/util/concurrent/Callable;","java/util/concurrent/FutureTask:<init>:153","4","18750"
"com.squareup.okhttp.internal.spdy.SpdyConnectionTest#readSendsWindowUpdateHttp2","<main>","2","SYNCHRONIZED_METHOD_EXIT","com/squareup/okhttp/internal/spdy/SpdyConnection:setIdle:190","1","10000"
"com.squareup.okhttp.internal.spdy.SpdyConnectionTest#readSendsWindowUpdateHttp2","<68941243,1>","3","SYNCHRONIZED_METHOD_ENTER","com/squareup/okhttp/internal/spdy/SpdyStream:isOpen:0","1","10000"
"com.squareup.okhttp.internal.spdy.SpdyConnectionTest#readSendsWindowUpdateHttp2","<-1020933817,1>","16","MONITORENTER","okio/SegmentPool:recycle:53","2","15000"
"com.squareup.okhttp.internal.spdy.SpdyConnectionTest#readSendsWindowUpdateHttp2","<main>","2","MONITOREXIT","okio/SegmentPool:take:45","10","19979"
"com.squareup.okhttp.internal.spdy.SpdyConnectionTest#readSendsWindowUpdateHttp2","<1562044902,1>","51","MONITORENTER","okio/SegmentPool:take:39","4","18750"
"com.squareup.okhttp.internal.spdy.SpdyConnectionTest#readSendsWindowUpdateHttp2","<68941243,1>","3","MONITOREXIT","okio/SegmentPool:take:47","12","19992"
"com.squareup.okhttp.internal.spdy.SpdyConnectionTest#readSendsWindowUpdateHttp2","<-1020933817,1>","44","java/lang/Thread.currentThread()Ljava/lang/Thread;","java/util/concurrent/FutureTask:run:259","2","15000"
"com.squareup.okhttp.internal.spdy.SpdyConnectionTest#readSendsWindowUpdateHttp2","<1562044902,1>","72","java/util/concurrent/Callable.call()Ljava/lang/Object;","java/util/concurrent/FutureTask:run:266","1","10000"
"com.squareup.okhttp.internal.spdy.SpdyConnectionTest#readSendsWindowUpdateHttp2","<68941243,1>","1","MONITOREXIT","com/squareup/okhttp/internal/spdy/SpdyStream:receiveFin:313","1","5000"
"com.squareup.okhttp.internal.spdy.SpdyConnectionTest#readSendsWindowUpdateHttp2","<main>","2","java/util/concurrent/ExecutorService.shutdown()V","com/squareup/okhttp/internal/spdy/MockSpdyPeer:close:161","1","10000"
"com.squareup.okhttp.internal.spdy.SpdyConnectionTest#readSendsWindowUpdateHttp2","<-1020933817,1>","28","java/lang/Thread.currentThread()Ljava/lang/Thread;","com/squareup/okhttp/internal/NamedRunnable:run:31","3","13125"
"com.squareup.okhttp.internal.spdy.SpdyConnectionTest#readSendsWindowUpdateHttp2","<781236076,1>","1","MONITOREXIT","okio/SegmentPool:recycle:59","4","18750"
"com.squareup.okhttp.internal.spdy.SpdyConnectionTest#readSendsWindowUpdateHttp2","<1562044902,1>","1","java/lang/Thread.currentThread()Ljava/lang/Thread;","java/util/concurrent/FutureTask:run:258","1","10000"
"com.squareup.okhttp.internal.spdy.SpdyConnectionTest#readSendsWindowUpdateHttp2","<-1020933817,1>","49","java/lang/Thread.getName()Ljava/lang/String;","com/squareup/okhttp/internal/NamedRunnable:run:30","2","6250"
"com.squareup.okhttp.internal.spdy.SpdyConnectionTest#readSendsWindowUpdateHttp2","<1562044902,1>","35","MONITOREXIT","okio/SegmentPool:recycle:59","2","15000"
"com.squareup.okhttp.internal.spdy.SpdyConnectionTest#readSendsWindowUpdateHttp2","<68941243,1>","2","java/lang/Object.notifyAll()V","com/squareup/okhttp/internal/spdy/SpdyStream$SpdyDataSource:receive:455","9","19960"
"com.squareup.okhttp.internal.spdy.SpdyConnectionTest#readSendsWindowUpdateHttp2","<-1020933817,1>","1","MONITOREXIT","okio/SegmentPool:recycle:59","2","15000"
"com.squareup.okhttp.internal.spdy.SpdyConnectionTest#readSendsWindowUpdateHttp2","<-1020933817,1>","40","java/lang/Thread.setName(Ljava/lang/String;)V","com/squareup/okhttp/internal/NamedRunnable:run:32","1","5000"
"com.squareup.okhttp.internal.spdy.SpdyConnectionTest#readSendsWindowUpdateHttp2","<781236076,1>","1","MONITOREXIT","okio/SegmentPool:recycle:54","9","19960"
"com.squareup.okhttp.internal.spdy.SpdyConnectionTest#readSendsWindowUpdateHttp2","<-1020933817,1>","29","java/lang/Thread.currentThread()Ljava/lang/Thread;","com/squareup/okhttp/internal/NamedRunnable:run:32","1","10000"
"com.squareup.okhttp.internal.spdy.SpdyConnectionTest#readSendsWindowUpdateHttp2","<1562044902,1>","52","java/lang/Thread.currentThread()Ljava/lang/Thread;","com/squareup/okhttp/internal/NamedRunnable:run:31","5","13320"
"com.squareup.okhttp.internal.spdy.SpdyConnectionTest#readSendsWindowUpdateHttp2","<main>","1","MONITORENTER","okio/SegmentPool:recycle:53","9","19960"
"com.squareup.okhttp.internal.spdy.SpdyConnectionTest#readSendsWindowUpdateHttp2","<main>","2","SYNCHRONIZED_METHOD_EXIT","com/squareup/okhttp/internal/spdy/Http20Draft09$Writer:data:402","6","19687"
"com.squareup.okhttp.internal.spdy.SpdyConnectionTest#readSendsWindowUpdateHttp2","<main>","3","MONITORENTER","okio/SegmentPool:recycle:53","12","19992"
"com.squareup.okhttp.internal.spdy.SpdyConnectionTest#readSendsWindowUpdateHttp2","<68941243,1>","2","SYNCHRONIZED_METHOD_EXIT","com/squareup/okhttp/internal/spdy/SpdyConnection:getStream:177","11","19988"
"com.squareup.okhttp.internal.spdy.SpdyConnectionTest#readSendsWindowUpdateHttp2","<781236076,1>","2","MONITOREXIT","okio/SegmentPool:take:45","5","19375"
"com.squareup.okhttp.internal.spdy.SpdyConnectionTest#readSendsWindowUpdateHttp2","<68941243,1>","3","MONITOREXIT","okio/SegmentPool:take:45","1","10000"
"com.squareup.okhttp.internal.spdy.SpdyConnectionTest#readSendsWindowUpdateHttp2","<1562044902,1>","36","java/lang/Thread.getName()Ljava/lang/String;","com/squareup/okhttp/internal/NamedRunnable:run:31","1","5000"
"com.squareup.okhttp.internal.spdy.SpdyConnectionTest#readSendsWindowUpdateHttp2","<-1020933817,1>","21","MONITORENTER","okio/SegmentPool:recycle:53","1","10000"
"com.squareup.okhttp.internal.spdy.SpdyConnectionTest#readSendsWindowUpdateHttp2","<781236076,1>","1","MONITORENTER","okio/SegmentPool:recycle:53","13","19994"
"com.squareup.okhttp.internal.spdy.SpdyConnectionTest#readSendsWindowUpdateHttp2","<-1020933817,1>","71","java/lang/Thread.currentThread()Ljava/lang/Thread;","java/util/concurrent/FutureTask:run:258","2","15000"
"com.squareup.okhttp.internal.spdy.SpdyConnectionTest#readSendsWindowUpdateHttp2","<-1020933817,1>","12","MONITORENTER","okio/SegmentPool:recycle:53","2","15000"
"com.squareup.okhttp.internal.spdy.SpdyConnectionTest#readSendsWindowUpdateHttp2","<1562044902,1>","64","java/lang/Thread.currentThread()Ljava/lang/Thread;","com/squareup/okhttp/internal/NamedRunnable:run:31","4","13281"
"com.squareup.okhttp.internal.spdy.SpdyConnectionTest#readSendsWindowUpdateHttp2","<68941243,1>","2","MONITORENTER","okio/SegmentPool:take:39","12","19992"
"com.squareup.okhttp.internal.spdy.SpdyConnectionTest#readSendsWindowUpdateHttp2","<-1020933817,1>","31","java/lang/Thread.setName(Ljava/lang/String;)V","com/squareup/okhttp/internal/NamedRunnable:run:32","3","6562"
"com.squareup.okhttp.internal.spdy.SpdyConnectionTest#readSendsWindowUpdateHttp2","<-1020933817,1>","41","java/lang/Thread.currentThread()Ljava/lang/Thread;","com/squareup/okhttp/internal/NamedRunnable:run:31","3","13125"
"com.squareup.okhttp.internal.spdy.SpdyConnectionTest#readSendsWindowUpdateHttp2","<-1020933817,1>","50","RUNNABLE_CALLABLE_START","com/squareup/okhttp/internal/NamedRunnable:run:0","1","10000"
"com.squareup.okhttp.internal.spdy.SpdyConnectionTest#readSendsWindowUpdateHttp2","<-1020933817,1>","33","java/lang/Thread.setName(Ljava/lang/String;)V","com/squareup/okhttp/internal/NamedRunnable:run:32","2","6250"
"com.squareup.okhttp.internal.spdy.SpdyConnectionTest#readSendsWindowUpdateHttp2","<main>","2","MONITOREXIT","com/squareup/okhttp/internal/spdy/SpdyStream$SpdyDataSource:read:387","8","19921"
"com.squareup.okhttp.internal.spdy.SpdyConnectionTest#readSendsWindowUpdateHttp2","<1562044902,1>","66","java/lang/Thread.setName(Ljava/lang/String;)V","com/squareup/okhttp/internal/NamedRunnable:run:31","3","1332"
"com.squareup.okhttp.internal.spdy.SpdyConnectionTest#readSendsWindowUpdateHttp2","<main>","2","MONITOREXIT","com/squareup/okhttp/internal/spdy/SpdyStream$SpdyDataSource:read:377","11","19988"
"com.squareup.okhttp.internal.spdy.SpdyConnectionTest#readSendsWindowUpdateHttp2","<main>","1","MONITOREXIT","com/squareup/okhttp/internal/spdy/SpdyStream$SpdyDataSource:read:377","13","19994"
"com.squareup.okhttp.internal.spdy.SpdyConnectionTest#readSendsWindowUpdateHttp2","<1562044902,1>","40","MONITOREXIT","okio/SegmentPool:recycle:59","1","10000"
"com.squareup.okhttp.internal.spdy.SpdyConnectionTest#readSendsWindowUpdateHttp2","<1562044902,1>","1","RUNNABLE_CALLABLE_START","java/util/concurrent/FutureTask:run:0","1","10000"
"com.squareup.okhttp.internal.spdy.SpdyConnectionTest#readSendsWindowUpdateHttp2","<68941243,1>","2","MONITOREXIT","okio/SegmentPool:take:45","3","17500"
"com.squareup.okhttp.internal.spdy.SpdyConnectionTest#readSendsWindowUpdateHttp2","<-1020933817,1>","18","MONITOREXIT","okio/SegmentPool:take:45","4","18750"
"com.squareup.okhttp.internal.spdy.SpdyConnectionTest#readSendsWindowUpdateHttp2","<-1020933817,1>","73","java/lang/Thread.currentThread()Ljava/lang/Thread;","java/util/concurrent/FutureTask:run:258","1","10000"
"com.squareup.okhttp.internal.spdy.SpdyConnectionTest#readSendsWindowUpdateHttp2","<main>","2","MONITORENTER","okio/SegmentPool:recycle:53","10","19979"
"com.squareup.okhttp.internal.spdy.SpdyConnectionTest#readSendsWindowUpdateHttp2","<68941243,1>","3","MONITOREXIT","com/squareup/okhttp/internal/spdy/SpdyStream$SpdyDataSource:receive:429","4","18750"
"com.squareup.okhttp.internal.spdy.SpdyConnectionTest#readSendsWindowUpdateHttp2","<-1020933817,1>","30","java/lang/Thread.currentThread()Ljava/lang/Thread;","com/squareup/okhttp/internal/NamedRunnable:run:31","6","13329"
"com.squareup.okhttp.internal.spdy.SpdyConnectionTest#readSendsWindowUpdateHttp2","<68941243,1>","1","MONITORENTER","com/squareup/okhttp/internal/spdy/SpdyStream$SpdyDataSource:receive:426","12","19992"
"com.squareup.okhttp.internal.spdy.SpdyConnectionTest#readSendsWindowUpdateHttp2","<781236076,1>","2","MONITORENTER","okio/SegmentPool:recycle:53","4","18750"
"com.squareup.okhttp.internal.spdy.SpdyConnectionTest#readSendsWindowUpdateHttp2","<-1020933817,1>","9","java/util/concurrent/Callable.call()Ljava/lang/Object;","java/util/concurrent/FutureTask:run:266","1","10000"
"com.squareup.okhttp.internal.spdy.SpdyConnectionTest#readSendsWindowUpdateHttp2","<68941243,1>","2","MONITOREXIT","okio/SegmentPool:take:47","13","19994"
"com.squareup.okhttp.internal.spdy.SpdyConnectionTest#readSendsWindowUpdateHttp2","<68941243,1>","2","MONITORENTER","com/squareup/okhttp/internal/spdy/SpdyStream$SpdyDataSource:receive:426","1","10000"
"com.squareup.okhttp.internal.spdy.SpdyConnectionTest#readSendsWindowUpdateHttp2","<781236076,1>","3","MONITORENTER","okio/SegmentPool:recycle:53","11","19988"
"com.squareup.okhttp.internal.spdy.SpdyConnectionTest#readSendsWindowUpdateHttp2","<68941243,1>","3","MONITORENTER","com/squareup/okhttp/internal/spdy/SpdyStream$SpdyDataSource:receive:450","13","19994"
"com.squareup.okhttp.internal.spdy.SpdyConnectionTest#readSendsWindowUpdateHttp2","<main>","1","MONITORENTER","okio/SegmentPool:recycle:53","14","19995"
"com.squareup.okhttp.internal.spdy.SpdyConnectionTest#readSendsWindowUpdateHttp2","<1562044902,1>","67","RUNNABLE_CALLABLE_START","com/squareup/okhttp/internal/NamedRunnable:run:0","2","15000"
"com.squareup.okhttp.internal.spdy.SpdyConnectionTest#readSendsWindowUpdateHttp2","<781236076,1>","1","MONITORENTER","okio/SegmentPool:recycle:53","3","17500"
"com.squareup.okhttp.internal.spdy.SpdyConnectionTest#readSendsWindowUpdateHttp2","<-1020933817,1>","50","java/lang/Thread.currentThread()Ljava/lang/Thread;","com/squareup/okhttp/internal/NamedRunnable:run:30","1","10000"
"com.squareup.okhttp.internal.spdy.SpdyConnectionTest#readSendsWindowUpdateHttp2","<-1020933817,1>","26","MONITORENTER","okio/SegmentPool:take:39","2","15000"
"com.squareup.okhttp.internal.spdy.SpdyConnectionTest#readSendsWindowUpdateHttp2","<main>","2","MONITOREXIT","com/squareup/okhttp/internal/spdy/SpdyConnection:newStream:254","1","10000"
"com.squareup.okhttp.internal.spdy.SpdyConnectionTest#readSendsWindowUpdateHttp2","<main>","2","MONITORENTER","okio/SegmentPool:recycle:53","5","19375"
"com.squareup.okhttp.internal.spdy.SpdyConnectionTest#readSendsWindowUpdateHttp2","<-1020933817,1>","2","java/io/OutputStream.flush()V","okio/Okio$1:flush:84","1","10000"
"com.squareup.okhttp.internal.spdy.SpdyConnectionTest#readSendsWindowUpdateHttp2","<-1020933817,1>","33","SYNCHRONIZED_METHOD_ENTER","com/squareup/okhttp/internal/spdy/Http20Draft09$Writer:windowUpdate:0","2","15000"
"com.squareup.okhttp.internal.spdy.SpdyConnectionTest#readSendsWindowUpdateHttp2","<68941243,1>","1","MONITORENTER","okio/SegmentPool:take:39","1","10000"
"com.squareup.okhttp.internal.spdy.SpdyConnectionTest#readSendsWindowUpdateHttp2","<-1020933817,1>","25","MONITORENTER","okio/SegmentPool:take:39","3","17500"
"com.squareup.okhttp.internal.spdy.SpdyConnectionTest#readSendsWindowUpdateHttp2","<1562044902,1>","17","SYNCHRONIZED_METHOD_EXIT","com/squareup/okhttp/internal/spdy/Http20Draft09$Writer:windowUpdate:470","1","10000"
"com.squareup.okhttp.internal.spdy.SpdyConnectionTest#readSendsWindowUpdateHttp2","<68941243,1>","3","MONITOREXIT","okio/SegmentPool:take:47","8","19921"
"com.squareup.okhttp.internal.spdy.SpdyConnectionTest#readSendsWindowUpdateHttp2","<1562044902,1>","2","java/lang/Thread.getName()Ljava/lang/String;","com/squareup/okhttp/internal/NamedRunnable:run:30","1","5000"
"com.squareup.okhttp.internal.spdy.SpdyConnectionTest#readSendsWindowUpdateHttp2","<1562044902,1>","34","java/lang/Thread.setName(Ljava/lang/String;)V","com/squareup/okhttp/internal/NamedRunnable:run:32","1","5000"
"com.squareup.okhttp.internal.spdy.SpdyConnectionTest#readSendsWindowUpdateHttp2","<main>","2","java/util/concurrent/BlockingQueue.take()Ljava/lang/Object;","com/squareup/okhttp/internal/spdy/MockSpdyPeer:takeFrame:97","6","19687"
"com.squareup.okhttp.internal.spdy.SpdyConnectionTest#readSendsWindowUpdateHttp2","<main>","1","MONITOREXIT","com/squareup/okhttp/internal/spdy/SpdyStream$SpdyDataSource:read:377","2","15000"
"com.squareup.okhttp.internal.spdy.SpdyConnectionTest#readSendsWindowUpdateHttp2","<68941243,1>","1","MONITORENTER","com/squareup/okhttp/internal/spdy/SpdyStream$SpdyDataSource:receive:450","10","19979"
"com.squareup.okhttp.internal.spdy.SpdyConnectionTest#readSendsWindowUpdateHttp2","<main>","3","java/util/concurrent/Executors.callable(Ljava/lang/Runnable;Ljava/lang/Object;)Ljava/util/concurrent/Callable;","java/util/concurrent/FutureTask:<init>:152","5","19375"
"com.squareup.okhttp.internal.spdy.SpdyConnectionTest#readSendsWindowUpdateHttp2","<main>","3","MONITOREXIT","com/squareup/okhttp/internal/spdy/SpdyStream$SpdyDataSource:read:366","1","10000"
"com.squareup.okhttp.internal.spdy.SpdyConnectionTest#readSendsWindowUpdateHttp2","<-1020933817,1>","9","java/lang/Thread.currentThread()Ljava/lang/Thread;","java/util/concurrent/FutureTask:run:259","1","10000"
"com.squareup.okhttp.internal.spdy.SpdyConnectionTest#readSendsWindowUpdateHttp2","<main>","1","MONITORENTER","com/squareup/okhttp/internal/spdy/SpdyStream$SpdyDataSource:read:380","5","19375"
"com.squareup.okhttp.internal.spdy.SpdyConnectionTest#readSendsWindowUpdateHttp2","<-1020933817,1>","6","MONITOREXIT","okio/SegmentPool:recycle:59","2","15000"
"com.squareup.okhttp.internal.spdy.SpdyConnectionTest#readSendsWindowUpdateHttp2","<-1020933817,1>","7","RUNNABLE_CALLABLE_START","com/squareup/okhttp/internal/NamedRunnable:run:0","1","10000"
"com.squareup.okhttp.internal.spdy.SpdyConnectionTest#readSendsWindowUpdateHttp2","<68941243,1>","1","java/lang/Object.notifyAll()V","com/squareup/okhttp/internal/spdy/SpdyStream$SpdyDataSource:receive:454","12","19992"
"com.squareup.okhttp.internal.spdy.SpdyConnectionTest#readSendsWindowUpdateHttp2","<1562044902,1>","50","MONITORENTER","okio/SegmentPool:take:39","4","18750"
"com.squareup.okhttp.internal.spdy.SpdyConnectionTest#readSendsWindowUpdateHttp2","<781236076,1>","1","MONITOREXIT","okio/SegmentPool:recycle:59","9","19960"
"com.squareup.okhttp.internal.spdy.SpdyConnectionTest#readSendsWindowUpdateHttp2","<main>","3","MONITORENTER","okio/SegmentPool:recycle:53","8","19921"
"com.squareup.okhttp.internal.spdy.SpdyConnectionTest#readSendsWindowUpdateHttp2","<781236076,1>","1","MONITOREXIT","okio/SegmentPool:take:45","1","10000"
"com.squareup.okhttp.internal.spdy.SpdyConnectionTest#readSendsWindowUpdateHttp2","<68941243,1>","1","java/lang/Thread.currentThread()Ljava/lang/Thread;","com/squareup/okhttp/internal/NamedRunnable:run:32","1","10000"
"com.squareup.okhttp.internal.spdy.SpdyConnectionTest#readSendsWindowUpdateHttp2","<1562044902,1>","32","java/lang/Thread.getName()Ljava/lang/String;","com/squareup/okhttp/internal/NamedRunnable:run:31","1","5000"
"com.squareup.okhttp.internal.spdy.SpdyConnectionTest#readSendsWindowUpdateHttp2","<-1020933817,1>","76","RUNNABLE_CALLABLE_START","java/util/concurrent/FutureTask:run:0","1","10000"
"com.squareup.okhttp.internal.spdy.SpdyConnectionTest#readSendsWindowUpdateHttp2","<1562044902,1>","2","MONITORENTER","okio/SegmentPool:recycle:53","1","10000"
"com.squareup.okhttp.internal.spdy.SpdyConnectionTest#readSendsWindowUpdateHttp2","<68941243,1>","2","java/lang/Object.notifyAll()V","com/squareup/okhttp/internal/spdy/SpdyStream$SpdyDataSource:receive:454","13","19994"
"com.squareup.okhttp.internal.spdy.SpdyConnectionTest#readSendsWindowUpdateHttp2","<main>","2","SYNCHRONIZED_METHOD_EXIT","com/squareup/okhttp/internal/spdy/Http20Draft09$Writer:data:402","1","10000"
"com.squareup.okhttp.internal.spdy.SpdyConnectionTest#readSendsWindowUpdateHttp2","<68941243,1>","1","java/lang/Thread.getName()Ljava/lang/String;","com/squareup/okhttp/internal/NamedRunnable:run:31","1","5000"
"com.squareup.okhttp.internal.spdy.SpdyConnectionTest#readSendsWindowUpdateHttp2","<-1020933817,1>","12","java/lang/Thread.setName(Ljava/lang/String;)V","com/squareup/okhttp/internal/NamedRunnable:run:32","1","5000"
"com.squareup.okhttp.internal.spdy.SpdyConnectionTest#readSendsWindowUpdateHttp2","<-1020933817,1>","48","RUNNABLE_CALLABLE_START","com/squareup/okhttp/internal/NamedRunnable:run:0","3","17500"
"com.squareup.okhttp.internal.spdy.SpdyConnectionTest#readSendsWindowUpdateHttp2","<1562044902,1>","52","java/lang/Thread.getName()Ljava/lang/String;","com/squareup/okhttp/internal/NamedRunnable:run:31","1","5000"
"com.squareup.okhttp.internal.spdy.SpdyConnectionTest#readSendsWindowUpdateHttp2","<781236076,1>","3","MONITORENTER","okio/SegmentPool:take:39","5","19375"
"com.squareup.okhttp.internal.spdy.SpdyConnectionTest#readSendsWindowUpdateHttp2","<68941243,1>","3","SYNCHRONIZED_METHOD_ENTER","com/squareup/okhttp/internal/spdy/SpdyConnection:getStream:0","2","15000"
"com.squareup.okhttp.internal.spdy.SpdyConnectionTest#readSendsWindowUpdateHttp2","<main>","1","SYNCHRONIZED_METHOD_EXIT","com/squareup/okhttp/internal/spdy/Http20Draft09$Writer:data:394","1","10000"
"com.squareup.okhttp.internal.spdy.SpdyConnectionTest#readSendsWindowUpdateHttp2","<781236076,1>","2","java/util/concurrent/BlockingQueue.add(Ljava/lang/Object;)Z","com/squareup/okhttp/internal/spdy/MockSpdyPeer:readAndWriteFrames:150","4","18750"
"com.squareup.okhttp.internal.spdy.SpdyConnectionTest#readSendsWindowUpdateHttp2","<main>","3","MONITOREXIT","okio/SegmentPool:take:45","9","19960"
"com.squareup.okhttp.internal.spdy.SpdyConnectionTest#readSendsWindowUpdateHttp2","<1562044902,1>","62","java/lang/Thread.currentThread()Ljava/lang/Thread;","com/squareup/okhttp/internal/NamedRunnable:run:32","3","13125"
"com.squareup.okhttp.internal.spdy.SpdyConnectionTest#readSendsWindowUpdateHttp2","<1562044902,1>","22","SYNCHRONIZED_METHOD_EXIT","com/squareup/okhttp/internal/spdy/Http20Draft09$Writer:windowUpdate:470","1","10000"
"com.squareup.okhttp.internal.spdy.SpdyConnectionTest#readSendsWindowUpdateHttp2","<main>","2","MONITORENTER","okio/SegmentPool:take:39","7","19843"
"com.squareup.okhttp.internal.spdy.SpdyConnectionTest#readSendsWindowUpdateHttp2","<main>","2","java/util/concurrent/BlockingQueue.take()Ljava/lang/Object;","com/squareup/okhttp/internal/spdy/MockSpdyPeer:takeFrame:96","3","17500"
"com.squareup.okhttp.internal.spdy.SpdyConnectionTest#readSendsWindowUpdateHttp2","<1562044902,1>","54","java/lang/Thread.currentThread()Ljava/lang/Thread;","com/squareup/okhttp/internal/NamedRunnable:run:32","2","12500"
"com.squareup.okhttp.internal.spdy.SpdyConnectionTest#readSendsWindowUpdateHttp2","<main>","1","MONITORENTER","okio/SegmentPool:take:39","8","19921"
"com.squareup.okhttp.internal.spdy.SpdyConnectionTest#readSendsWindowUpdateHttp2","<-1020933817,1>","42","java/lang/Thread.currentThread()Ljava/lang/Thread;","com/squareup/okhttp/internal/NamedRunnable:run:31","1","10000"
"com.squareup.okhttp.internal.spdy.SpdyConnectionTest#readSendsWindowUpdateHttp2","<-1020933817,1>","2","java/lang/Thread.getName()Ljava/lang/String;","com/squareup/okhttp/internal/NamedRunnable:run:30","1","5000"
"com.squareup.okhttp.internal.spdy.SpdyConnectionTest#readSendsWindowUpdateHttp2","<-1020933817,1>","1","MONITORENTER","okio/SegmentPool:take:39","1","10000"
"com.squareup.okhttp.internal.spdy.SpdyConnectionTest#readSendsWindowUpdateHttp2","<68941243,1>","1","MONITORENTER","com/squareup/okhttp/internal/spdy/SpdyStream$SpdyDataSource:receive:426","8","19921"
"com.squareup.okhttp.internal.spdy.SpdyConnectionTest#readSendsWindowUpdateHttp2","<-1020933817,1>","50","RUNNABLE_CALLABLE_START","com/squareup/okhttp/internal/NamedRunnable:run:0","3","17500"
"com.squareup.okhttp.internal.spdy.SpdyConnectionTest#readSendsWindowUpdateHttp2","<1562044902,1>","33","java/lang/Thread.currentThread()Ljava/lang/Thread;","com/squareup/okhttp/internal/NamedRunnable:run:31","1","10000"
"com.squareup.okhttp.internal.spdy.SpdyConnectionTest#readSendsWindowUpdateHttp2","<68941243,1>","2","MONITOREXIT","okio/SegmentPool:recycle:59","4","18750"
"com.squareup.okhttp.internal.spdy.SpdyConnectionTest#readSendsWindowUpdateHttp2","<-1020933817,1>","49","java/util/concurrent/Callable.call()Ljava/lang/Object;","java/util/concurrent/FutureTask:run:266","1","10000"
"com.squareup.okhttp.internal.spdy.SpdyConnectionTest#readSendsWindowUpdateHttp2","<-1020933817,1>","10","MONITOREXIT","okio/SegmentPool:take:45","2","15000"
"com.squareup.okhttp.internal.spdy.SpdyConnectionTest#readSendsWindowUpdateHttp2","<main>","3","SYNCHRONIZED_METHOD_ENTER","com/squareup/okhttp/internal/spdy/Http20Draft09$Writer:data:0","6","19687"
"com.squareup.okhttp.internal.spdy.SpdyConnectionTest#readSendsWindowUpdateHttp2","<main>","1","SYNCHRONIZED_METHOD_ENTER","com/squareup/okhttp/internal/spdy/Http20Draft09$Writer:synReply:0","1","10000"
"com.squareup.okhttp.internal.spdy.SpdyConnectionTest#readSendsWindowUpdateHttp2","<68941243,1>","3","MONITOREXIT","com/squareup/okhttp/internal/spdy/SpdyStream$SpdyDataSource:receive:429","9","19960"
"com.squareup.okhttp.internal.spdy.SpdyConnectionTest#readSendsWindowUpdateHttp2","<-1020933817,1>","42","java/lang/Thread.currentThread()Ljava/lang/Thread;","com/squareup/okhttp/internal/NamedRunnable:run:31","6","13329"
"com.squareup.okhttp.internal.spdy.SpdyConnectionTest#readSendsWindowUpdateHttp2","<68941243,1>","1","MONITOREXIT","com/squareup/okhttp/internal/spdy/SpdyStream$SpdyDataSource:receive:429","10","19979"
"com.squareup.okhttp.internal.spdy.SpdyConnectionTest#readSendsWindowUpdateHttp2","<781236076,1>","1","MONITOREXIT","okio/SegmentPool:recycle:59","14","19995"
"com.squareup.okhttp.internal.spdy.SpdyConnectionTest#readSendsWindowUpdateHttp2","<1562044902,1>","68","java/util/concurrent/Callable.call()Ljava/lang/Object;","java/util/concurrent/FutureTask:run:266","2","15000"
"com.squareup.okhttp.internal.spdy.SpdyConnectionTest#readSendsWindowUpdateHttp2","<68941243,1>","2","java/lang/Object.notifyAll()V","com/squareup/okhttp/internal/spdy/SpdyStream$SpdyDataSource:receive:454","2","15000"
"com.squareup.okhttp.internal.spdy.SpdyConnectionTest#readSendsWindowUpdateHttp2","<1562044902,1>","72","RUNNABLE_CALLABLE_START","com/squareup/okhttp/internal/NamedRunnable:run:0","2","15000"
"com.squareup.okhttp.internal.spdy.SpdyConnectionTest#readSendsWindowUpdateHttp2","<1562044902,1>","33","MONITORENTER","okio/SegmentPool:recycle:53","1","10000"
"com.squareup.okhttp.internal.spdy.SpdyConnectionTest#readSendsWindowUpdateHttp2","<1562044902,1>","71","java/util/concurrent/Callable.call()Ljava/lang/Object;","java/util/concurrent/FutureTask:run:266","3","17500"
"com.squareup.okhttp.internal.spdy.SpdyConnectionTest#readSendsWindowUpdateHttp2","<1562044902,1>","31","java/lang/Thread.currentThread()Ljava/lang/Thread;","com/squareup/okhttp/internal/NamedRunnable:run:30","1","10000"
"com.squareup.okhttp.internal.spdy.SpdyConnectionTest#readSendsWindowUpdateHttp2","<781236076,1>","2","MONITOREXIT","okio/SegmentPool:recycle:54","6","19687"
"com.squareup.okhttp.internal.spdy.SpdyConnectionTest#readSendsWindowUpdateHttp2","<68941243,1>","1","SYNCHRONIZED_METHOD_EXIT","com/squareup/okhttp/internal/spdy/SpdyConnection:getStream:177","6","19687"
"com.squareup.okhttp.internal.spdy.SpdyConnectionTest#readSendsWindowUpdateHttp2","<-1020933817,1>","48","java/lang/Thread.getName()Ljava/lang/String;","com/squareup/okhttp/internal/NamedRunnable:run:30","2","6250"
"com.squareup.okhttp.internal.spdy.SpdyConnectionTest#readSendsWindowUpdateHttp2","<main>","2","java/lang/Thread.start()V","com/squareup/okhttp/internal/spdy/SpdyConnection:<init>:160","1","10000"
"com.squareup.okhttp.internal.spdy.SpdyConnectionTest#readSendsWindowUpdateHttp2","<main>","3","MONITOREXIT","com/squareup/okhttp/internal/spdy/SpdyStream$SpdyDataSource:read:387","11","19988"
"com.squareup.okhttp.internal.spdy.SpdyConnectionTest#readSendsWindowUpdateHttp2","<781236076,1>","2","MONITOREXIT","okio/SegmentPool:recycle:59","12","19992"
"com.squareup.okhttp.internal.spdy.SpdyConnectionTest#readSendsWindowUpdateHttp2","<1562044902,1>","65","java/lang/Thread.setName(Ljava/lang/String;)V","com/squareup/okhttp/internal/NamedRunnable:run:31","3","1332"
"com.squareup.okhttp.internal.spdy.SpdyConnectionTest#readSendsWindowUpdateHttp2","<68941243,1>","2","java/lang/Object.notifyAll()V","com/squareup/okhttp/internal/spdy/SpdyStream$SpdyDataSource:receive:455","2","15000"
"com.squareup.okhttp.internal.spdy.SpdyConnectionTest#readSendsWindowUpdateHttp2","<781236076,1>","1","MONITOREXIT","okio/SegmentPool:recycle:54","2","15000"
"com.squareup.okhttp.internal.spdy.SpdyConnectionTest#readSendsWindowUpdateHttp2","<781236076,1>","2","MONITORENTER","okio/SegmentPool:recycle:53","10","19979"
"com.squareup.okhttp.internal.spdy.SpdyConnectionTest#readSendsWindowUpdateHttp2","<main>","2","SYNCHRONIZED_METHOD_EXIT","com/squareup/okhttp/internal/spdy/SpdyStream:getResponseHeaders:152","1","10000"
"com.squareup.okhttp.internal.spdy.SpdyConnectionTest#readSendsWindowUpdateHttp2","<1562044902,1>","7","java/util/concurrent/FutureTask.set(Ljava/lang/Object;)V","java/util/concurrent/FutureTask:run:274","1","10000"
"com.squareup.okhttp.internal.spdy.SpdyConnectionTest#readSendsWindowUpdateHttp2","<main>","1","MONITORENTER","okio/SegmentPool:recycle:53","2","15000"
"com.squareup.okhttp.internal.spdy.SpdyConnectionTest#readSendsWindowUpdateHttp2","<-1020933817,1>","9","java/lang/Thread.getName()Ljava/lang/String;","com/squareup/okhttp/internal/NamedRunnable:run:30","1","5000"
"com.squareup.okhttp.internal.spdy.SpdyConnectionTest#readSendsWindowUpdateHttp2","<1562044902,1>","67","java/lang/Thread.currentThread()Ljava/lang/Thread;","java/util/concurrent/FutureTask:run:258","3","17500"
"com.squareup.okhttp.internal.spdy.SpdyConnectionTest#readSendsWindowUpdateHttp2","<main>","3","MONITOREXIT","com/squareup/okhttp/internal/spdy/SpdyConnection:newStream:263","2","15000"
"com.squareup.okhttp.internal.spdy.SpdyConnectionTest#readSendsWindowUpdateHttp2","<1562044902,1>","36","MONITORENTER","okio/SegmentPool:recycle:53","1","10000"
"com.squareup.okhttp.internal.spdy.SpdyConnectionTest#readSendsWindowUpdateHttp2","<68941243,1>","2","SYNCHRONIZED_METHOD_EXIT","com/squareup/okhttp/internal/spdy/SpdyConnection:getStream:177","5","19375"
"com.squareup.okhttp.internal.spdy.SpdyConnectionTest#readSendsWindowUpdateHttp2","<1562044902,1>","52","java/lang/Thread.setName(Ljava/lang/String;)V","com/squareup/okhttp/internal/NamedRunnable:run:31","3","1332"
"com.squareup.okhttp.internal.spdy.SpdyConnectionTest#readSendsWindowUpdateHttp2","<68941243,1>","3","MONITOREXIT","okio/SegmentPool:take:45","13","19994"
"com.squareup.okhttp.internal.spdy.SpdyConnectionTest#readSendsWindowUpdateHttp2","<1562044902,1>","70","java/util/concurrent/Callable.call()Ljava/lang/Object;","java/util/concurrent/FutureTask:run:266","1","10000"
"com.squareup.okhttp.internal.spdy.SpdyConnectionTest#readSendsWindowUpdateHttp2","<main>","2","MONITOREXIT","com/squareup/okhttp/internal/spdy/SpdyStream$SpdyDataSource:read:377","10","19979"
"com.squareup.okhttp.internal.spdy.SpdyConnectionTest#readSendsWindowUpdateHttp2","<68941243,1>","3","MONITOREXIT","com/squareup/okhttp/internal/spdy/SpdyStream$SpdyDataSource:receive:456","7","19843"
"com.squareup.okhttp.internal.spdy.SpdyConnectionTest#readSendsWindowUpdateHttp2","<1562044902,1>","3","java/lang/Thread.getName()Ljava/lang/String;","com/squareup/okhttp/internal/NamedRunnable:run:31","1","5000"
"com.squareup.okhttp.internal.spdy.SpdyConnectionTest#readSendsWindowUpdateHttp2","<-1020933817,1>","29","java/lang/Thread.getName()Ljava/lang/String;","com/squareup/okhttp/internal/NamedRunnable:run:31","2","5312"
"com.squareup.okhttp.internal.spdy.SpdyConnectionTest#readSendsWindowUpdateHttp2","<-1020933817,1>","68","java/lang/Thread.currentThread()Ljava/lang/Thread;","java/util/concurrent/FutureTask:run:259","1","10000"
"com.squareup.okhttp.internal.spdy.SpdyConnectionTest#readSendsWindowUpdateHttp2","<68941243,1>","3","SYNCHRONIZED_METHOD_EXIT","com/squareup/okhttp/internal/spdy/SpdyConnection:getStream:177","3","17500"
"com.squareup.okhttp.internal.spdy.SpdyConnectionTest#readSendsWindowUpdateHttp2","<68941243,1>","1","java/lang/Object.notifyAll()V","com/squareup/okhttp/internal/spdy/SpdyStream$SpdyDataSource:receive:454","8","19921"
"com.squareup.okhttp.internal.spdy.SpdyConnectionTest#readSendsWindowUpdateHttp2","<781236076,1>","3","MONITORENTER","okio/SegmentPool:recycle:53","10","19979"
"com.squareup.okhttp.internal.spdy.SpdyConnectionTest#readSendsWindowUpdateHttp2","<main>","3","MONITOREXIT","okio/SegmentPool:take:47","10","19979"
"com.squareup.okhttp.internal.spdy.SpdyConnectionTest#readSendsWindowUpdateHttp2","<1562044902,1>","64","java/lang/Thread.currentThread()Ljava/lang/Thread;","com/squareup/okhttp/internal/NamedRunnable:run:31","1","10000"
"com.squareup.okhttp.internal.spdy.SpdyConnectionTest#readSendsWindowUpdateHttp2","<1562044902,1>","96","java/lang/Thread.currentThread()Ljava/lang/Thread;","java/util/concurrent/FutureTask:run:258","2","15000"
"com.squareup.okhttp.internal.spdy.SpdyConnectionTest#readSendsWindowUpdateHttp2","<-1020933817,1>","5","java/io/OutputStream.flush()V","okio/Okio$1:flush:85","1","10000"
"com.squareup.okhttp.internal.spdy.SpdyConnectionTest#readSendsWindowUpdateHttp2","<781236076,1>","2","MONITORENTER","okio/SegmentPool:recycle:53","14","19995"
"com.squareup.okhttp.internal.spdy.SpdyConnectionTest#readSendsWindowUpdateHttp2","<-1020933817,1>","28","java/lang/Thread.currentThread()Ljava/lang/Thread;","com/squareup/okhttp/internal/NamedRunnable:run:31","1","10000"
"com.squareup.okhttp.internal.spdy.SpdyConnectionTest#readSendsWindowUpdateHttp2","<-1020933817,1>","1","java/lang/Thread.getName()Ljava/lang/String;","com/squareup/okhttp/internal/NamedRunnable:run:30","1","5000"
"com.squareup.okhttp.internal.spdy.SpdyConnectionTest#readSendsWindowUpdateHttp2","<1562044902,1>","27","java/io/OutputStream.flush()V","okio/Okio$1:flush:85","1","10000"
"com.squareup.okhttp.internal.spdy.SpdyConnectionTest#readSendsWindowUpdateHttp2","<68941243,1>","1","MONITOREXIT","com/squareup/okhttp/internal/spdy/SpdyStream$SpdyDataSource:receive:429","7","19843"
"com.squareup.okhttp.internal.spdy.SpdyConnectionTest#readSendsWindowUpdateHttp2","<main>","1","MONITOREXIT","okio/SegmentPool:take:47","10","19979"
"com.squareup.okhttp.internal.spdy.SpdyConnectionTest#readSendsWindowUpdateHttp2","<68941243,1>","1","MONITORENTER","com/squareup/okhttp/internal/spdy/SpdyConnection$Reader:headers:596","2","15000"
"com.squareup.okhttp.internal.spdy.SpdyConnectionTest#readSendsWindowUpdateHttp2","<-1020933817,1>","76","RUNNABLE_CALLABLE_START","java/util/concurrent/FutureTask:run:0","3","17500"
"com.squareup.okhttp.internal.spdy.SpdyConnectionTest#readSendsWindowUpdateHttp2","<68941243,1>","3","java/lang/Thread.currentThread()Ljava/lang/Thread;","com/squareup/okhttp/internal/NamedRunnable:run:31","2","12500"
"com.squareup.okhttp.internal.spdy.SpdyConnectionTest#readSendsWindowUpdateHttp2","<main>","2","SYNCHRONIZED_METHOD_EXIT","com/squareup/okhttp/internal/spdy/Http20Draft09$Writer:data:402","3","17500"
"com.squareup.okhttp.internal.spdy.SpdyConnectionTest#readSendsWindowUpdateHttp2","<-1020933817,1>","21","MONITORENTER","okio/SegmentPool:recycle:53","2","15000"
"com.squareup.okhttp.internal.spdy.SpdyConnectionTest#readSendsWindowUpdateHttp2","<-1020933817,1>","44","RUNNABLE_CALLABLE_START","com/squareup/okhttp/internal/NamedRunnable:run:0","3","17500"
"com.squareup.okhttp.internal.spdy.SpdyConnectionTest#readSendsWindowUpdateHttp2","<-1020933817,1>","47","java/util/concurrent/Callable.call()Ljava/lang/Object;","java/util/concurrent/FutureTask:run:266","2","15000"
"com.squareup.okhttp.internal.spdy.SpdyConnectionTest#readSendsWindowUpdateHttp2","<main>","3","java/util/concurrent/Executors.callable(Ljava/lang/Runnable;Ljava/lang/Object;)Ljava/util/concurrent/Callable;","java/util/concurrent/FutureTask:<init>:153","2","15000"
"com.squareup.okhttp.internal.spdy.SpdyConnectionTest#readSendsWindowUpdateHttp2","<-1020933817,1>","71","java/lang/Thread.currentThread()Ljava/lang/Thread;","java/util/concurrent/FutureTask:run:258","1","10000"
"com.squareup.okhttp.internal.spdy.SpdyConnectionTest#readSendsWindowUpdateHttp2","<-1020933817,1>","29","SYNCHRONIZED_METHOD_ENTER","com/squareup/okhttp/internal/spdy/Http20Draft09$Writer:windowUpdate:0","1","10000"
"com.squareup.okhttp.internal.spdy.SpdyConnectionTest#readSendsWindowUpdateHttp2","<-1020933817,1>","47","RUNNABLE_CALLABLE_START","com/squareup/okhttp/internal/NamedRunnable:run:0","3","17500"
"com.squareup.okhttp.internal.spdy.SpdyConnectionTest#readSendsWindowUpdateHttp2","<main>","3","MONITOREXIT","okio/SegmentPool:take:45","13","19994"
"com.squareup.okhttp.internal.spdy.SpdyConnectionTest#readSendsWindowUpdateHttp2","<-1020933817,1>","13","MONITORENTER","okio/SegmentPool:take:39","1","10000"
"com.squareup.okhttp.internal.spdy.SpdyConnectionTest#readSendsWindowUpdateHttp2","<main>","3","MONITOREXIT","okio/SegmentPool:take:47","14","19995"
"com.squareup.okhttp.internal.spdy.SpdyConnectionTest#readSendsWindowUpdateHttp2","<781236076,1>","1","MONITORENTER","okio/SegmentPool:recycle:53","11","19988"
"com.squareup.okhttp.internal.spdy.SpdyConnectionTest#readSendsWindowUpdateHttp2","<main>","1","MONITOREXIT","com/squareup/okhttp/internal/spdy/SpdyConnection:newStream:254","2","15000"
"com.squareup.okhttp.internal.spdy.SpdyConnectionTest#readSendsWindowUpdateHttp2","<main>","2","MONITOREXIT","okio/SegmentPool:take:47","4","18750"
"com.squareup.okhttp.internal.spdy.SpdyConnectionTest#readSendsWindowUpdateHttp2","<781236076,1>","3","java/util/concurrent/BlockingQueue.add(Ljava/lang/Object;)Z","com/squareup/okhttp/internal/spdy/MockSpdyPeer:readAndWriteFrames:151","5","19375"
"com.squareup.okhttp.internal.spdy.SpdyConnectionTest#readSendsWindowUpdateHttp2","<1562044902,1>","76","java/lang/Thread.getName()Ljava/lang/String;","com/squareup/okhttp/internal/NamedRunnable:run:30","1","5000"
"com.squareup.okhttp.internal.spdy.SpdyConnectionTest#readSendsWindowUpdateHttp2","<-1020933817,1>","42","java/lang/Thread.currentThread()Ljava/lang/Thread;","com/squareup/okhttp/internal/NamedRunnable:run:31","5","13320"
"com.squareup.okhttp.internal.spdy.SpdyConnectionTest#readSendsWindowUpdateHttp2","<68941243,1>","3","MONITORENTER","com/squareup/okhttp/internal/spdy/SpdyStream$SpdyDataSource:receive:426","6","19687"
"com.squareup.okhttp.internal.spdy.SpdyConnectionTest#readSendsWindowUpdateHttp2","<-1020933817,1>","49","java/util/concurrent/Callable.call()Ljava/lang/Object;","java/util/concurrent/FutureTask:run:266","3","17500"
"com.squareup.okhttp.internal.spdy.SpdyConnectionTest#readSendsWindowUpdateHttp2","<68941243,1>","1","java/lang/Object.notifyAll()V","com/squareup/okhttp/internal/spdy/SpdyStream:receiveHeaders:281","1","10000"
"com.squareup.okhttp.internal.spdy.SpdyConnectionTest#readSendsWindowUpdateHttp2","<1562044902,1>","55","java/lang/Thread.setName(Ljava/lang/String;)V","com/squareup/okhttp/internal/NamedRunnable:run:32","2","6250"
"com.squareup.okhttp.internal.spdy.SpdyConnectionTest#readSendsWindowUpdateHttp2","<main>","3","SYNCHRONIZED_METHOD_EXIT","com/squareup/okhttp/internal/spdy/Http20Draft09$Writer:data:394","4","18750"
"com.squareup.okhttp.internal.spdy.SpdyConnectionTest#readSendsWindowUpdateHttp2","<68941243,1>","3","MONITOREXIT","com/squareup/okhttp/internal/spdy/SpdyStream$SpdyDataSource:receive:429","13","19994"
"com.squareup.okhttp.internal.spdy.SpdyConnectionTest#readSendsWindowUpdateHttp2","<-1020933817,1>","2","RUNNABLE_CALLABLE_START","java/util/concurrent/FutureTask:run:0","1","10000"
"com.squareup.okhttp.internal.spdy.SpdyConnectionTest#readSendsWindowUpdateHttp2","<781236076,1>","1","MONITOREXIT","okio/SegmentPool:recycle:54","6","19687"
"com.squareup.okhttp.internal.spdy.SpdyConnectionTest#readSendsWindowUpdateHttp2","<-1020933817,1>","50","java/lang/Thread.currentThread()Ljava/lang/Thread;","com/squareup/okhttp/internal/NamedRunnable:run:30","3","13125"
"com.squareup.okhttp.internal.spdy.SpdyConnectionTest#readSendsWindowUpdateHttp2","<-1020933817,1>","51","java/lang/Thread.currentThread()Ljava/lang/Thread;","com/squareup/okhttp/internal/NamedRunnable:run:30","1","10000"
"com.squareup.okhttp.internal.spdy.SpdyConnectionTest#readSendsWindowUpdateHttp2","<781236076,1>","2","MONITOREXIT","okio/SegmentPool:recycle:54","8","19921"
"com.squareup.okhttp.internal.spdy.SpdyConnectionTest#readSendsWindowUpdateHttp2","<781236076,1>","3","MONITORENTER","okio/SegmentPool:take:39","7","19843"
"com.squareup.okhttp.internal.spdy.SpdyConnectionTest#readSendsWindowUpdateHttp2","<-1020933817,1>","32","java/lang/Thread.currentThread()Ljava/lang/Thread;","com/squareup/okhttp/internal/NamedRunnable:run:32","2","12500"
"com.squareup.okhttp.internal.spdy.SpdyConnectionTest#readSendsWindowUpdateHttp2","<781236076,1>","2","MONITORENTER","okio/SegmentPool:take:39","8","19921"
"com.squareup.okhttp.internal.spdy.SpdyConnectionTest#readSendsWindowUpdateHttp2","<68941243,1>","3","java/lang/Object.notifyAll()V","com/squareup/okhttp/internal/spdy/SpdyStream:receiveFin:312","1","10000"
"com.squareup.okhttp.internal.spdy.SpdyConnectionTest#readSendsWindowUpdateHttp2","<1562044902,1>","94","java/lang/Thread.currentThread()Ljava/lang/Thread;","java/util/concurrent/FutureTask:run:258","3","17500"
"com.squareup.okhttp.internal.spdy.SpdyConnectionTest#readSendsWindowUpdateHttp2","<main>","3","MONITOREXIT","okio/SegmentPool:take:45","2","15000"
"com.squareup.okhttp.internal.spdy.SpdyConnectionTest#readSendsWindowUpdateHttp2","<781236076,1>","2","java/util/concurrent/BlockingQueue.add(Ljava/lang/Object;)Z","com/squareup/okhttp/internal/spdy/MockSpdyPeer:readAndWriteFrames:151","3","17500"
"com.squareup.okhttp.internal.spdy.SpdyConnectionTest#readSendsWindowUpdateHttp2","<1562044902,1>","75","java/lang/Thread.currentThread()Ljava/lang/Thread;","com/squareup/okhttp/internal/NamedRunnable:run:30","2","12500"
"com.squareup.okhttp.internal.spdy.SpdyConnectionTest#readSendsWindowUpdateHttp2","<main>","3","MONITOREXIT","com/squareup/okhttp/internal/spdy/SpdyStream$SpdyDataSource:read:377","11","19988"
"com.squareup.okhttp.internal.spdy.SpdyConnectionTest#readSendsWindowUpdateHttp2","<main>","1","MONITOREXIT","com/squareup/okhttp/internal/spdy/SpdyStream$SpdyDataSource:read:377","1","10000"
"com.squareup.okhttp.internal.spdy.SpdyConnectionTest#readSendsWindowUpdateHttp2","<68941243,1>","2","MONITORENTER","com/squareup/okhttp/internal/spdy/SpdyStream$SpdyDataSource:receive:450","5","19375"
"com.squareup.okhttp.internal.spdy.SpdyConnectionTest#readSendsWindowUpdateHttp2","<68941243,1>","2","MONITOREXIT","com/squareup/okhttp/internal/spdy/SpdyStream$SpdyDataSource:receive:456","3","17500"
"com.squareup.okhttp.internal.spdy.SpdyConnectionTest#readSendsWindowUpdateHttp2","<main>","3","MONITORENTER","okio/SegmentPool:take:39","1","10000"
"com.squareup.okhttp.internal.spdy.SpdyConnectionTest#readSendsWindowUpdateHttp2","<-1020933817,1>","18","MONITOREXIT","okio/SegmentPool:take:45","2","15000"
"com.squareup.okhttp.internal.spdy.SpdyConnectionTest#readSendsWindowUpdateHttp2","<1562044902,1>","78","java/lang/Thread.currentThread()Ljava/lang/Thread;","com/squareup/okhttp/internal/NamedRunnable:run:30","2","12500"
"com.squareup.okhttp.internal.spdy.SpdyConnectionTest#readSendsWindowUpdateHttp2","<68941243,1>","3","MONITOREXIT","com/squareup/okhttp/internal/spdy/SpdyStream$SpdyDataSource:receive:429","2","15000"
"com.squareup.okhttp.internal.spdy.SpdyConnectionTest#readSendsWindowUpdateHttp2","<-1020933817,1>","57","RUNNABLE_CALLABLE_START","com/squareup/okhttp/internal/NamedRunnable:run:0","2","15000"
"com.squareup.okhttp.internal.spdy.SpdyConnectionTest#readSendsWindowUpdateHttp2","<68941243,1>","1","MONITOREXIT","com/squareup/okhttp/internal/spdy/SpdyConnection$Reader:headers:631","2","15000"
"com.squareup.okhttp.internal.spdy.SpdyConnectionTest#readSendsWindowUpdateHttp2","<1562044902,1>","2","MONITORENTER","okio/SegmentPool:recycle:53","2","15000"
"com.squareup.okhttp.internal.spdy.SpdyConnectionTest#readSendsWindowUpdateHttp2","<main>","3","MONITORENTER","com/squareup/okhttp/internal/spdy/SpdyConnection:newStream:242","2","15000"
"com.squareup.okhttp.internal.spdy.SpdyConnectionTest#readSendsWindowUpdateHttp2","<1562044902,1>","95","java/lang/Thread.currentThread()Ljava/lang/Thread;","java/util/concurrent/FutureTask:run:258","2","15000"
"com.squareup.okhttp.internal.spdy.SpdyConnectionTest#readSendsWindowUpdateHttp2","<-1020933817,1>","29","java/lang/Thread.getName()Ljava/lang/String;","com/squareup/okhttp/internal/NamedRunnable:run:31","3","5331"
"com.squareup.okhttp.internal.spdy.SpdyConnectionTest#readSendsWindowUpdateHttp2","<-1020933817,1>","44","java/util/concurrent/Callable.call()Ljava/lang/Object;","java/util/concurrent/FutureTask:run:266","2","15000"
"com.squareup.okhttp.internal.spdy.SpdyConnectionTest#readSendsWindowUpdateHttp2","<main>","2","MONITORENTER","com/squareup/okhttp/internal/spdy/SpdyStream$SpdyDataSource:read:380","8","19921"
"com.squareup.okhttp.internal.spdy.SpdyConnectionTest#readSendsWindowUpdateHttp2","<main>","3","MONITORENTER","com/squareup/okhttp/internal/spdy/SpdyStream$SpdyDataSource:read:380","11","19988"
"com.squareup.okhttp.internal.spdy.SpdyConnectionTest#readSendsWindowUpdateHttp2","<-1020933817,1>","59","java/util/concurrent/Callable.call()Ljava/lang/Object;","java/util/concurrent/FutureTask:run:266","3","17500"
"com.squareup.okhttp.internal.spdy.SpdyConnectionTest#readSendsWindowUpdateHttp2","<68941243,1>","1","MONITOREXIT","com/squareup/okhttp/internal/spdy/SpdyStream$SpdyDataSource:receive:456","7","19843"
"com.squareup.okhttp.internal.spdy.SpdyConnectionTest#readSendsWindowUpdateHttp2","<68941243,1>","2","java/lang/Thread.currentThread()Ljava/lang/Thread;","com/squareup/okhttp/internal/NamedRunnable:run:31","2","12500"
"com.squareup.okhttp.internal.spdy.SpdyConnectionTest#readSendsWindowUpdateHttp2","<main>","2","MONITORENTER","okio/SegmentPool:recycle:53","12","19992"
"com.squareup.okhttp.internal.spdy.SpdyConnectionTest#readSendsWindowUpdateHttp2","<main>","3","java/lang/Thread.setDaemon(Z)V","com/squareup/okhttp/internal/Util$1:newThread:276","2","15000"
"com.squareup.okhttp.internal.spdy.SpdyConnectionTest#readSendsWindowUpdateHttp2","<main>","2","SYNCHRONIZED_METHOD_ENTER","com/squareup/okhttp/internal/spdy/Http20Draft09$Writer:data:0","5","19375"
"com.squareup.okhttp.internal.spdy.SpdyConnectionTest#readSendsWindowUpdateHttp2","<68941243,1>","1","SYNCHRONIZED_METHOD_ENTER","com/squareup/okhttp/internal/spdy/SpdyConnection:getStream:0","8","19921"
"com.squareup.okhttp.internal.spdy.SpdyConnectionTest#readSendsWindowUpdateHttp2","<main>","3","java/util/concurrent/Executors.callable(Ljava/lang/Runnable;Ljava/lang/Object;)Ljava/util/concurrent/Callable;","java/util/concurrent/FutureTask:<init>:153","6","19687"
"com.squareup.okhttp.internal.spdy.SpdyConnectionTest#readSendsWindowUpdateHttp2","<main>","3","MONITORENTER","com/squareup/okhttp/internal/spdy/SpdyStream$SpdyDataSource:read:363","11","19988"
"com.squareup.okhttp.internal.spdy.SpdyConnectionTest#readSendsWindowUpdateHttp2","<1562044902,1>","66","java/lang/Thread.setName(Ljava/lang/String;)V","com/squareup/okhttp/internal/NamedRunnable:run:31","2","1328"
"com.squareup.okhttp.internal.spdy.SpdyConnectionTest#readSendsWindowUpdateHttp2","<-1020933817,1>","39","java/lang/Thread.currentThread()Ljava/lang/Thread;","com/squareup/okhttp/internal/NamedRunnable:run:32","1","10000"
"com.squareup.okhttp.internal.spdy.SpdyConnectionTest#readSendsWindowUpdateHttp2","<1562044902,1>","70","RUNNABLE_CALLABLE_START","com/squareup/okhttp/internal/NamedRunnable:run:0","2","15000"
"com.squareup.okhttp.internal.spdy.SpdyConnectionTest#readSendsWindowUpdateHttp2","<-1020933817,1>","71","java/lang/Thread.currentThread()Ljava/lang/Thread;","java/util/concurrent/FutureTask:run:258","3","17500"
"com.squareup.okhttp.internal.spdy.SpdyConnectionTest#readSendsWindowUpdateHttp2","<main>","2","java/net/ServerSocket.close()V","com/squareup/okhttp/internal/Util:closeQuietly:127","1","10000"
"com.squareup.okhttp.internal.spdy.SpdyConnectionTest#readSendsWindowUpdateHttp2","<main>","2","MONITOREXIT","okio/SegmentPool:take:47","9","19960"
"com.squareup.okhttp.internal.spdy.SpdyConnectionTest#readSendsWindowUpdateHttp2","<-1020933817,1>","58","RUNNABLE_CALLABLE_START","com/squareup/okhttp/internal/NamedRunnable:run:0","2","15000"
"com.squareup.okhttp.internal.spdy.SpdyConnectionTest#readSendsWindowUpdateHttp2","<-1020933817,1>","8","MONITORENTER","okio/SegmentPool:recycle:53","1","10000"
"com.squareup.okhttp.internal.spdy.SpdyConnectionTest#readSendsWindowUpdateHttp2","<1562044902,1>","50","MONITORENTER","okio/SegmentPool:take:39","2","15000"
"com.squareup.okhttp.internal.spdy.SpdyConnectionTest#readSendsWindowUpdateHttp2","<68941243,1>","3","MONITOREXIT","okio/SegmentPool:take:47","11","19988"
"com.squareup.okhttp.internal.spdy.SpdyConnectionTest#readSendsWindowUpdateHttp2","<-1020933817,1>","1","SYNCHRONIZED_METHOD_EXIT","com/squareup/okhttp/internal/spdy/Http20Draft09$Writer:windowUpdate:470","1","10000"
"com.squareup.okhttp.internal.spdy.SpdyConnectionTest#readSendsWindowUpdateHttp2","<1562044902,1>","53","java/lang/Thread.setName(Ljava/lang/String;)V","com/squareup/okhttp/internal/NamedRunnable:run:31","2","1328"
"com.squareup.okhttp.internal.spdy.SpdyConnectionTest#readSendsWindowUpdateHttp2","<main>","3","SYNCHRONIZED_METHOD_ENTER","com/squareup/okhttp/internal/spdy/Http20Draft09$Writer:data:0","3","17500"
"com.squareup.okhttp.internal.spdy.SpdyConnectionTest#readSendsWindowUpdateHttp2","<68941243,1>","2","MONITOREXIT","com/squareup/okhttp/internal/spdy/SpdyStream$SpdyDataSource:receive:429","5","19375"
"com.squareup.okhttp.internal.spdy.SpdyConnectionTest#readSendsWindowUpdateHttp2","<-1020933817,1>","14","MONITORENTER","okio/SegmentPool:recycle:53","1","10000"
"com.squareup.okhttp.internal.spdy.SpdyConnectionTest#readSendsWindowUpdateHttp2","<-1020933817,1>","41","java/lang/Thread.currentThread()Ljava/lang/Thread;","com/squareup/okhttp/internal/NamedRunnable:run:31","5","13320"
"com.squareup.okhttp.internal.spdy.SpdyConnectionTest#readSendsWindowUpdateHttp2","<1562044902,1>","53","java/lang/Thread.setName(Ljava/lang/String;)V","com/squareup/okhttp/internal/NamedRunnable:run:31","1","1250"
"com.squareup.okhttp.internal.spdy.SpdyConnectionTest#readSendsWindowUpdateHttp2","<-1020933817,1>","42","java/lang/Thread.getName()Ljava/lang/String;","com/squareup/okhttp/internal/NamedRunnable:run:31","1","5000"
"com.squareup.okhttp.internal.spdy.SpdyConnectionTest#readSendsWindowUpdateHttp2","<68941243,1>","1","MONITORENTER","com/squareup/okhttp/internal/spdy/SpdyStream$SpdyDataSource:receive:450","12","19992"
"com.squareup.okhttp.internal.spdy.SpdyConnectionTest#readSendsWindowUpdateHttp2","<68941243,1>","2","MONITOREXIT","okio/SegmentPool:take:47","14","19995"
"com.squareup.okhttp.internal.spdy.SpdyConnectionTest#readSendsWindowUpdateHttp2","<68941243,1>","2","MONITORENTER","okio/SegmentPool:recycle:53","1","10000"
"com.squareup.okhttp.internal.spdy.SpdyConnectionTest#readSendsWindowUpdateHttp2","<-1020933817,1>","66","java/lang/Thread.currentThread()Ljava/lang/Thread;","java/util/concurrent/FutureTask:run:259","1","10000"
"com.squareup.okhttp.internal.spdy.SpdyConnectionTest#readSendsWindowUpdateHttp2","<68941243,1>","3","MONITOREXIT","com/squareup/okhttp/internal/spdy/SpdyStream:receiveHeaders:293","1","10000"
"com.squareup.okhttp.internal.spdy.SpdyConnectionTest#readSendsWindowUpdateHttp2","<68941243,1>","1","SYNCHRONIZED_METHOD_EXIT","com/squareup/okhttp/internal/spdy/SpdyConnection:getStream:177","3","17500"
"com.squareup.okhttp.internal.spdy.SpdyConnectionTest#readSendsWindowUpdateHttp2","<main>","3","MONITORENTER","okio/SegmentPool:recycle:53","11","19988"
"com.squareup.okhttp.internal.spdy.SpdyConnectionTest#readSendsWindowUpdateHttp2","<1562044902,1>","79","RUNNABLE_CALLABLE_START","com/squareup/okhttp/internal/NamedRunnable:run:0","2","15000"
"com.squareup.okhttp.internal.spdy.SpdyConnectionTest#readSendsWindowUpdateHttp2","<-1020933817,1>","46","java/lang/Thread.currentThread()Ljava/lang/Thread;","java/util/concurrent/FutureTask:run:259","2","15000"
"com.squareup.okhttp.internal.spdy.SpdyConnectionTest#readSendsWindowUpdateHttp2","<781236076,1>","2","java/util/concurrent/BlockingQueue.add(Ljava/lang/Object;)Z","com/squareup/okhttp/internal/spdy/MockSpdyPeer:readAndWriteFrames:150","2","15000"
"com.squareup.okhttp.internal.spdy.SpdyConnectionTest#readSendsWindowUpdateHttp2","<main>","3","SYNCHRONIZED_METHOD_EXIT","com/squareup/okhttp/internal/spdy/Http20Draft09$Writer:data:402","10","19979"
"com.squareup.okhttp.internal.spdy.SpdyConnectionTest#readSendsWindowUpdateHttp2","<-1020933817,1>","16","MONITOREXIT","okio/SegmentPool:take:45","3","17500"
"com.squareup.okhttp.internal.spdy.SpdyConnectionTest#readSendsWindowUpdateHttp2","<68941243,1>","1","java/lang/Object.notifyAll()V","com/squareup/okhttp/internal/spdy/SpdyStream$SpdyDataSource:receive:455","1","10000"
"com.squareup.okhttp.internal.spdy.SpdyConnectionTest#readSendsWindowUpdateHttp2","<1562044902,1>","65","java/lang/Thread.currentThread()Ljava/lang/Thread;","com/squareup/okhttp/internal/NamedRunnable:run:31","4","13281"
"com.squareup.okhttp.internal.spdy.SpdyConnectionTest#readSendsWindowUpdateHttp2","<1562044902,1>","72","java/lang/Thread.getName()Ljava/lang/String;","com/squareup/okhttp/internal/NamedRunnable:run:30","2","6250"
"com.squareup.okhttp.internal.spdy.SpdyConnectionTest#readSendsWindowUpdateHttp2","<1562044902,1>","1","java/io/OutputStream.flush()V","okio/Okio$1:flush:84","1","10000"
"com.squareup.okhttp.internal.spdy.SpdyConnectionTest#readSendsWindowUpdateHttp2","<-1020933817,1>","29","java/lang/Thread.setName(Ljava/lang/String;)V","com/squareup/okhttp/internal/NamedRunnable:run:32","2","6250"
"com.squareup.okhttp.internal.spdy.SpdyConnectionTest#readSendsWindowUpdateHttp2","<1562044902,1>","33","MONITOREXIT","okio/SegmentPool:recycle:59","2","15000"
"com.squareup.okhttp.internal.spdy.SpdyConnectionTest#readSendsWindowUpdateHttp2","<1562044902,1>","64","java/lang/Thread.currentThread()Ljava/lang/Thread;","com/squareup/okhttp/internal/NamedRunnable:run:31","3","13125"
"com.squareup.okhttp.internal.spdy.SpdyConnectionTest#readSendsWindowUpdateHttp2","<main>","2","MONITOREXIT","okio/SegmentPool:take:47","14","19995"
"com.squareup.okhttp.internal.spdy.SpdyConnectionTest#readSendsWindowUpdateHttp2","<68941243,1>","2","MONITORENTER","okio/SegmentPool:take:39","11","19988"
"com.squareup.okhttp.internal.spdy.SpdyConnectionTest#readSendsWindowUpdateHttp2","<1562044902,1>","90","java/lang/Thread.currentThread()Ljava/lang/Thread;","java/util/concurrent/FutureTask:run:259","2","15000"
"com.squareup.okhttp.internal.spdy.SpdyConnectionTest#readSendsWindowUpdateHttp2","<main>","1","MONITOREXIT","com/squareup/okhttp/internal/spdy/SpdyStream$SpdyDataSource:read:377","3","17500"
"com.squareup.okhttp.internal.spdy.SpdyConnectionTest#readSendsWindowUpdateHttp2","<main>","3","MONITOREXIT","okio/SegmentPool:recycle:59","12","19992"
"com.squareup.okhttp.internal.spdy.SpdyConnectionTest#readSendsWindowUpdateHttp2","<68941243,1>","2","MONITOREXIT","okio/SegmentPool:recycle:59","2","15000"
"com.squareup.okhttp.internal.spdy.SpdyConnectionTest#readSendsWindowUpdateHttp2","<1562044902,1>","58","SYNCHRONIZED_METHOD_ENTER","com/squareup/okhttp/internal/spdy/Http20Draft09$Writer:windowUpdate:0","2","15000"
"com.squareup.okhttp.internal.spdy.SpdyConnectionTest#readSendsWindowUpdateHttp2","<-1020933817,1>","10","java/lang/Thread.currentThread()Ljava/lang/Thread;","com/squareup/okhttp/internal/NamedRunnable:run:32","1","10000"
"com.squareup.okhttp.internal.spdy.SpdyConnectionTest#readSendsWindowUpdateHttp2","<main>","1","SYNCHRONIZED_METHOD_ENTER","com/squareup/okhttp/internal/spdy/Http20Draft09$Writer:flush:0","1","10000"
"com.squareup.okhttp.internal.spdy.SpdyConnectionTest#readSendsWindowUpdateHttp2","<1562044902,1>","53","java/lang/Thread.getName()Ljava/lang/String;","com/squareup/okhttp/internal/NamedRunnable:run:31","2","5312"
"com.squareup.okhttp.internal.spdy.SpdyConnectionTest#readSendsWindowUpdateHttp2","<-1020933817,1>","47","java/lang/Thread.currentThread()Ljava/lang/Thread;","com/squareup/okhttp/internal/NamedRunnable:run:30","3","13125"
"com.squareup.okhttp.internal.spdy.SpdyConnectionTest#readSendsWindowUpdateHttp2","<1562044902,1>","49","MONITORENTER","okio/SegmentPool:take:39","1","10000"
"com.squareup.okhttp.internal.spdy.SpdyConnectionTest#readSendsWindowUpdateHttp2","<68941243,1>","1","MONITOREXIT","okio/SegmentPool:recycle:59","3","17500"
"com.squareup.okhttp.internal.spdy.SpdyConnectionTest#readSendsWindowUpdateHttp2","<main>","2","MONITORENTER","okio/SegmentPool:recycle:53","8","19921"
"com.squareup.okhttp.internal.spdy.SpdyConnectionTest#readSendsWindowUpdateHttp2","<68941243,1>","3","MONITORENTER","com/squareup/okhttp/internal/spdy/SpdyStream$SpdyDataSource:receive:450","3","17500"
"com.squareup.okhttp.internal.spdy.SpdyConnectionTest#readSendsWindowUpdateHttp2","<-1020933817,1>","40","java/lang/Thread.currentThread()Ljava/lang/Thread;","com/squareup/okhttp/internal/NamedRunnable:run:32","2","12500"
"com.squareup.okhttp.internal.spdy.SpdyConnectionTest#readSendsWindowUpdateHttp2","<68941243,1>","3","MONITOREXIT","com/squareup/okhttp/internal/spdy/SpdyStream$SpdyDataSource:receive:456","13","19994"
"com.squareup.okhttp.internal.spdy.SpdyConnectionTest#readSendsWindowUpdateHttp2","<68941243,1>","2","MONITOREXIT","okio/SegmentPool:take:45","7","19843"
"com.squareup.okhttp.internal.spdy.SpdyConnectionTest#readSendsWindowUpdateHttp2","<781236076,1>","3","MONITOREXIT","okio/SegmentPool:recycle:59","1","10000"
"com.squareup.okhttp.internal.spdy.SpdyConnectionTest#readSendsWindowUpdateHttp2","<-1020933817,1>","44","RUNNABLE_CALLABLE_START","java/util/concurrent/FutureTask:run:0","1","10000"
"com.squareup.okhttp.internal.spdy.SpdyConnectionTest#readSendsWindowUpdateHttp2","<main>","3","MONITOREXIT","com/squareup/okhttp/internal/spdy/SpdyStream$SpdyDataSource:read:377","10","19979"
"com.squareup.okhttp.internal.spdy.SpdyConnectionTest#readSendsWindowUpdateHttp2","<68941243,1>","1","MONITOREXIT","okio/SegmentPool:take:45","8","19921"
"com.squareup.okhttp.internal.spdy.SpdyConnectionTest#readSendsWindowUpdateHttp2","<781236076,1>","1","java/util/concurrent/BlockingQueue.add(Ljava/lang/Object;)Z","com/squareup/okhttp/internal/spdy/MockSpdyPeer:readAndWriteFrames:150","5","19375"
"com.squareup.okhttp.internal.spdy.SpdyConnectionTest#readSendsWindowUpdateHttp2","<main>","2","MONITOREXIT","com/squareup/okhttp/internal/spdy/SpdyConnection:newStream:263","1","10000"
"com.squareup.okhttp.internal.spdy.SpdyConnectionTest#readSendsWindowUpdateHttp2","<main>","3","MONITORENTER","okio/SegmentPool:take:39","5","19375"
"com.squareup.okhttp.internal.spdy.SpdyConnectionTest#readSendsWindowUpdateHttp2","<1562044902,1>","34","MONITOREXIT","okio/SegmentPool:recycle:59","1","10000"
"com.squareup.okhttp.internal.spdy.SpdyConnectionTest#readSendsWindowUpdateHttp2","<main>","1","MONITORENTER","com/squareup/okhttp/internal/spdy/SpdyStream$SpdyDataSource:read:380","8","19921"
"com.squareup.okhttp.internal.spdy.SpdyConnectionTest#readSendsWindowUpdateHttp2","<1562044902,1>","32","MONITORENTER","okio/SegmentPool:take:39","2","15000"
"com.squareup.okhttp.internal.spdy.SpdyConnectionTest#readSendsWindowUpdateHttp2","<1562044902,1>","11","java/lang/Thread.currentThread()Ljava/lang/Thread;","com/squareup/okhttp/internal/NamedRunnable:run:35","1","10000"
"com.squareup.okhttp.internal.spdy.SpdyConnectionTest#readSendsWindowUpdateHttp2","<-1020933817,1>","1","java/lang/Thread.setName(Ljava/lang/String;)V","com/squareup/okhttp/internal/NamedRunnable:run:31","1","1250"
"com.squareup.okhttp.internal.spdy.SpdyConnectionTest#readSendsWindowUpdateHttp2","<68941243,1>","1","MONITOREXIT","okio/SegmentPool:take:47","7","19843"
"com.squareup.okhttp.internal.spdy.SpdyConnectionTest#readSendsWindowUpdateHttp2","<-1020933817,1>","53","java/lang/Thread.getName()Ljava/lang/String;","com/squareup/okhttp/internal/NamedRunnable:run:30","1","5000"
"com.squareup.okhttp.internal.spdy.SpdyConnectionTest#readSendsWindowUpdateHttp2","<-1020933817,1>","64","java/lang/Thread.currentThread()Ljava/lang/Thread;","java/util/concurrent/FutureTask:run:259","3","17500"
"com.squareup.okhttp.internal.spdy.SpdyConnectionTest#readSendsWindowUpdateHttp2","<1562044902,1>","67","java/lang/Thread.currentThread()Ljava/lang/Thread;","java/util/concurrent/FutureTask:run:259","1","10000"
"com.squareup.okhttp.internal.spdy.SpdyConnectionTest#readSendsWindowUpdateHttp2","<main>","1","SYNCHRONIZED_METHOD_EXIT","com/squareup/okhttp/internal/spdy/SpdyStream:isOpen:111","1","10000"
"com.squareup.okhttp.internal.spdy.SpdyConnectionTest#readSendsWindowUpdateHttp2","<1562044902,1>","52","java/lang/Thread.currentThread()Ljava/lang/Thread;","com/squareup/okhttp/internal/NamedRunnable:run:31","2","12500"
"com.squareup.okhttp.internal.spdy.SpdyConnectionTest#readSendsWindowUpdateHttp2","<main>","1","MONITOREXIT","okio/SegmentPool:recycle:59","14","19995"
"com.squareup.okhttp.internal.spdy.SpdyConnectionTest#readSendsWindowUpdateHttp2","<-1020933817,1>","30","java/lang/Thread.currentThread()Ljava/lang/Thread;","com/squareup/okhttp/internal/NamedRunnable:run:32","1","10000"
"com.squareup.okhttp.internal.spdy.SpdyConnectionTest#readSendsWindowUpdateHttp2","<-1020933817,1>","61","java/util/concurrent/Callable.call()Ljava/lang/Object;","java/util/concurrent/FutureTask:run:266","1","10000"
"com.squareup.okhttp.internal.spdy.SpdyConnectionTest#readSendsWindowUpdateHttp2","<-1020933817,1>","32","SYNCHRONIZED_METHOD_ENTER","com/squareup/okhttp/internal/spdy/Http20Draft09$Writer:windowUpdate:0","3","17500"
"com.squareup.okhttp.internal.spdy.SpdyConnectionTest#readSendsWindowUpdateHttp2","<1562044902,1>","14","java/lang/Thread.currentThread()Ljava/lang/Thread;","com/squareup/okhttp/internal/NamedRunnable:run:35","1","10000"
"com.squareup.okhttp.internal.spdy.SpdyConnectionTest#readSendsWindowUpdateHttp2","<68941243,1>","1","MONITORENTER","com/squareup/okhttp/internal/spdy/SpdyStream$SpdyDataSource:receive:450","8","19921"
"com.squareup.okhttp.internal.spdy.SpdyConnectionTest#readSendsWindowUpdateHttp2","<main>","2","MONITOREXIT","okio/SegmentPool:take:45","7","19843"
"com.squareup.okhttp.internal.spdy.SpdyConnectionTest#readSendsWindowUpdateHttp2","<main>","2","MONITOREXIT","com/squareup/okhttp/internal/spdy/SpdyStream$SpdyDataSource:read:377","12","19992"
"com.squareup.okhttp.internal.spdy.SpdyConnectionTest#readSendsWindowUpdateHttp2","<main>","3","MONITORENTER","com/squareup/okhttp/internal/spdy/SpdyStream$SpdyDataSource:read:380","10","19979"
"com.squareup.okhttp.internal.spdy.SpdyConnectionTest#readSendsWindowUpdateHttp2","<main>","3","MONITORENTER","okio/SegmentPool:take:39","13","19994"
"com.squareup.okhttp.internal.spdy.SpdyConnectionTest#readSendsWindowUpdateHttp2","<main>","3","SYNCHRONIZED_METHOD_ENTER","com/squareup/okhttp/internal/spdy/SpdyConnection:setIdle:0","1","10000"
"com.squareup.okhttp.internal.spdy.SpdyConnectionTest#readSendsWindowUpdateHttp2","<68941243,1>","3","MONITORENTER","com/squareup/okhttp/internal/spdy/SpdyStream$SpdyDataSource:receive:426","3","17500"
"com.squareup.okhttp.internal.spdy.SpdyConnectionTest#readSendsWindowUpdateHttp2","<-1020933817,1>","48","java/util/concurrent/Callable.call()Ljava/lang/Object;","java/util/concurrent/FutureTask:run:266","1","10000"
"com.squareup.okhttp.internal.spdy.SpdyConnectionTest#readSendsWindowUpdateHttp2","<main>","1","MONITOREXIT","okio/SegmentPool:take:47","6","19687"
"com.squareup.okhttp.internal.spdy.SpdyConnectionTest#readSendsWindowUpdateHttp2","<main>","1","java/lang/Thread.setDaemon(Z)V","com/squareup/okhttp/internal/Util$1:newThread:277","2","15000"
"com.squareup.okhttp.internal.spdy.SpdyConnectionTest#readSendsWindowUpdateHttp2","<1562044902,1>","31","java/lang/Thread.currentThread()Ljava/lang/Thread;","com/squareup/okhttp/internal/NamedRunnable:run:31","2","12500"
"com.squareup.okhttp.internal.spdy.SpdyConnectionTest#readSendsWindowUpdateHttp2","<-1020933817,1>","35","SYNCHRONIZED_METHOD_ENTER","com/squareup/okhttp/internal/spdy/Http20Draft09$Writer:windowUpdate:0","3","17500"
"com.squareup.okhttp.internal.spdy.SpdyConnectionTest#readSendsWindowUpdateHttp2","<main>","3","SYNCHRONIZED_METHOD_EXIT","com/squareup/okhttp/internal/spdy/Http20Draft09$Writer:data:402","3","17500"
"com.squareup.okhttp.internal.spdy.SpdyConnectionTest#readSendsWindowUpdateHttp2","<-1020933817,1>","28","java/lang/Thread.getName()Ljava/lang/String;","com/squareup/okhttp/internal/NamedRunnable:run:31","1","5000"
"com.squareup.okhttp.internal.spdy.SpdyConnectionTest#readSendsWindowUpdateHttp2","<1562044902,1>","54","java/lang/Thread.currentThread()Ljava/lang/Thread;","com/squareup/okhttp/internal/NamedRunnable:run:31","4","13281"
"com.squareup.okhttp.internal.spdy.SpdyConnectionTest#readSendsWindowUpdateHttp2","<781236076,1>","3","MONITORENTER","okio/SegmentPool:recycle:53","12","19992"
"com.squareup.okhttp.internal.spdy.SpdyConnectionTest#readSendsWindowUpdateHttp2","<68941243,1>","3","MONITORENTER","okio/SegmentPool:take:39","13","19994"
"com.squareup.okhttp.internal.spdy.SpdyConnectionTest#readSendsWindowUpdateHttp2","<main>","3","MONITORENTER","com/squareup/okhttp/internal/spdy/SpdyStream$SpdyDataSource:read:380","5","19375"
"com.squareup.okhttp.internal.spdy.SpdyConnectionTest#readSendsWindowUpdateHttp2","<68941243,1>","2","MONITORENTER","com/squareup/okhttp/internal/spdy/SpdyStream$SpdyDataSource:receive:426","10","19979"
"com.squareup.okhttp.internal.spdy.SpdyConnectionTest#readSendsWindowUpdateHttp2","<1562044902,1>","2","java/io/OutputStream.flush()V","okio/Okio$1:flush:84","1","10000"
"com.squareup.okhttp.internal.spdy.SpdyConnectionTest#readSendsWindowUpdateHttp2","<-1020933817,1>","3","java/lang/Thread.currentThread()Ljava/lang/Thread;","com/squareup/okhttp/internal/NamedRunnable:run:31","2","12500"
"com.squareup.okhttp.internal.spdy.SpdyConnectionTest#readSendsWindowUpdateHttp2","<68941243,1>","1","MONITORENTER","okio/SegmentPool:recycle:53","1","10000"
"com.squareup.okhttp.internal.spdy.SpdyConnectionTest#readSendsWindowUpdateHttp2","<main>","1","MONITOREXIT","com/squareup/okhttp/internal/spdy/SpdyStream$SpdyDataSource:read:387","5","19375"
"com.squareup.okhttp.internal.spdy.SpdyConnectionTest#readSendsWindowUpdateHttp2","<1562044902,1>","47","MONITORENTER","okio/SegmentPool:recycle:53","2","15000"
"com.squareup.okhttp.internal.spdy.SpdyConnectionTest#readSendsWindowUpdateHttp2","<68941243,1>","1","java/lang/Thread.currentThread()Ljava/lang/Thread;","com/squareup/okhttp/internal/NamedRunnable:run:30","1","10000"
"com.squareup.okhttp.internal.spdy.SpdyConnectionTest#readSendsWindowUpdateHttp2","<68941243,1>","1","java/lang/Object.notifyAll()V","com/squareup/okhttp/internal/spdy/SpdyStream$SpdyDataSource:receive:455","3","17500"
"com.squareup.okhttp.internal.spdy.SpdyConnectionTest#readSendsWindowUpdateHttp2","<main>","1","MONITOREXIT","okio/SegmentPool:take:47","12","19992"
"com.squareup.okhttp.internal.spdy.SpdyConnectionTest#readSendsWindowUpdateHttp2","<main>","2","java/util/concurrent/ExecutorService.submit(Ljava/lang/Runnable;)Ljava/util/concurrent/Future;","com/squareup/okhttp/internal/spdy/SpdyConnection:writeWindowUpdateLater:345","4","18750"
"com.squareup.okhttp.internal.spdy.SpdyConnectionTest#readSendsWindowUpdateHttp2","<main>","3","MONITOREXIT","okio/SegmentPool:take:47","4","18750"
"com.squareup.okhttp.internal.spdy.SpdyConnectionTest#readSendsWindowUpdateHttp2","<68941243,1>","3","SYNCHRONIZED_METHOD_EXIT","com/squareup/okhttp/internal/spdy/SpdyConnection:getStream:177","10","19979"
"com.squareup.okhttp.internal.spdy.SpdyConnectionTest#readSendsWindowUpdateHttp2","<68941243,1>","3","java/lang/Object.notifyAll()V","com/squareup/okhttp/internal/spdy/SpdyStream:receiveHeaders:282","1","10000"
"com.squareup.okhttp.internal.spdy.SpdyConnectionTest#readSendsWindowUpdateHttp2","<main>","2","SYNCHRONIZED_METHOD_ENTER","com/squareup/okhttp/internal/spdy/SpdyStream:isOpen:0","1","10000"
"com.squareup.okhttp.internal.spdy.SpdyConnectionTest#readSendsWindowUpdateHttp2","<main>","2","java/util/concurrent/BlockingQueue.take()Ljava/lang/Object;","com/squareup/okhttp/internal/spdy/MockSpdyPeer:takeFrame:96","7","19843"
"com.squareup.okhttp.internal.spdy.SpdyConnectionTest#readSendsWindowUpdateHttp2","<68941243,1>","2","MONITOREXIT","com/squareup/okhttp/internal/spdy/SpdyStream$SpdyDataSource:receive:456","4","18750"
"com.squareup.okhttp.internal.spdy.SpdyConnectionTest#readSendsWindowUpdateHttp2","<main>","2","MONITORENTER","com/squareup/okhttp/internal/spdy/SpdyStream$SpdyDataSource:read:380","1","10000"
"com.squareup.okhttp.internal.spdy.SpdyConnectionTest#readSendsWindowUpdateHttp2","<1562044902,1>","3","MONITORENTER","okio/SegmentPool:take:39","2","15000"
"com.squareup.okhttp.internal.spdy.SpdyConnectionTest#readSendsWindowUpdateHttp2","<781236076,1>","3","java/util/concurrent/BlockingQueue.add(Ljava/lang/Object;)Z","com/squareup/okhttp/internal/spdy/MockSpdyPeer:readAndWriteFrames:150","6","19687"
"com.squareup.okhttp.internal.spdy.SpdyConnectionTest#readSendsWindowUpdateHttp2","<-1020933817,1>","49","RUNNABLE_CALLABLE_START","com/squareup/okhttp/internal/NamedRunnable:run:0","1","10000"
"com.squareup.okhttp.internal.spdy.SpdyConnectionTest#readSendsWindowUpdateHttp2","<68941243,1>","1","MONITOREXIT","com/squareup/okhttp/internal/spdy/SpdyStream$SpdyDataSource:receive:429","8","19921"
"com.squareup.okhttp.internal.spdy.SpdyConnectionTest#readSendsWindowUpdateHttp2","<-1020933817,1>","52","java/lang/Thread.getName()Ljava/lang/String;","com/squareup/okhttp/internal/NamedRunnable:run:30","1","5000"
"com.squareup.okhttp.internal.spdy.SpdyConnectionTest#readSendsWindowUpdateHttp2","<1562044902,1>","95","java/lang/Thread.currentThread()Ljava/lang/Thread;","java/util/concurrent/FutureTask:run:258","1","10000"
"com.squareup.okhttp.internal.spdy.SpdyConnectionTest#readSendsWindowUpdateHttp2","<68941243,1>","3","MONITORENTER","okio/SegmentPool:take:39","2","15000"
"com.squareup.okhttp.internal.spdy.SpdyConnectionTest#readSendsWindowUpdateHttp2","<main>","3","MONITORENTER","com/squareup/okhttp/internal/spdy/SpdyConnection:newStream:242","1","10000"
"com.squareup.okhttp.internal.spdy.SpdyConnectionTest#readSendsWindowUpdateHttp2","<1562044902,1>","49","MONITORENTER","okio/SegmentPool:take:39","3","17500"
"com.squareup.okhttp.internal.spdy.SpdyConnectionTest#readSendsWindowUpdateHttp2","<1562044902,1>","68","RUNNABLE_CALLABLE_START","com/squareup/okhttp/internal/NamedRunnable:run:0","2","15000"
"com.squareup.okhttp.internal.spdy.SpdyConnectionTest#readSendsWindowUpdateHttp2","<68941243,1>","2","MONITORENTER","com/squareup/okhttp/internal/spdy/SpdyStream:receiveHeaders:274","2","15000"
"com.squareup.okhttp.internal.spdy.SpdyConnectionTest#readSendsWindowUpdateHttp2","<68941243,1>","1","MONITOREXIT","okio/SegmentPool:take:45","2","15000"
"com.squareup.okhttp.internal.spdy.SpdyConnectionTest#readSendsWindowUpdateHttp2","<main>","3","java/util/concurrent/BlockingQueue.take()Ljava/lang/Object;","com/squareup/okhttp/internal/spdy/MockSpdyPeer:takeFrame:96","1","10000"
"com.squareup.okhttp.internal.spdy.SpdyConnectionTest#readSendsWindowUpdateHttp2","<68941243,1>","2","java/lang/Object.notifyAll()V","com/squareup/okhttp/internal/spdy/SpdyStream:receiveFin:313","1","10000"
"com.squareup.okhttp.internal.spdy.SpdyConnectionTest#readSendsWindowUpdateHttp2","<1562044902,1>","3","SYNCHRONIZED_METHOD_EXIT","com/squareup/okhttp/internal/spdy/Http20Draft09$Writer:windowUpdate:470","1","10000"
"com.squareup.okhttp.internal.spdy.SpdyConnectionTest#readSendsWindowUpdateHttp2","<1562044902,1>","26","java/io/OutputStream.flush()V","okio/Okio$1:flush:85","1","10000"
"com.squareup.okhttp.internal.spdy.SpdyConnectionTest#readSendsWindowUpdateHttp2","<68941243,1>","2","MONITOREXIT","com/squareup/okhttp/internal/spdy/SpdyStream:receiveFin:313","2","7500"
"com.squareup.okhttp.internal.spdy.SpdyConnectionTest#readSendsWindowUpdateHttp2","<68941243,1>","3","MONITOREXIT","okio/SegmentPool:take:45","3","17500"
"com.squareup.okhttp.internal.spdy.SpdyConnectionTest#readSendsWindowUpdateHttp2","<68941243,1>","3","java/lang/Object.notifyAll()V","com/squareup/okhttp/internal/spdy/SpdyStream$SpdyDataSource:receive:455","7","19843"
"com.squareup.okhttp.internal.spdy.SpdyConnectionTest#readSendsWindowUpdateHttp2","<-1020933817,1>","21","MONITORENTER","okio/SegmentPool:recycle:53","3","17500"
"com.squareup.okhttp.internal.spdy.SpdyConnectionTest#readSendsWindowUpdateHttp2","<1562044902,1>","74","RUNNABLE_CALLABLE_START","com/squareup/okhttp/internal/NamedRunnable:run:0","2","15000"
"com.squareup.okhttp.internal.spdy.SpdyConnectionTest#readSendsWindowUpdateHttp2","<68941243,1>","3","java/lang/Thread.getName()Ljava/lang/String;","com/squareup/okhttp/internal/NamedRunnable:run:30","1","5000"
"com.squareup.okhttp.internal.spdy.SpdyConnectionTest#readSendsWindowUpdateHttp2","<1562044902,1>","53","java/lang/Thread.getName()Ljava/lang/String;","com/squareup/okhttp/internal/NamedRunnable:run:31","3","5331"
"com.squareup.okhttp.internal.spdy.SpdyConnectionTest#readSendsWindowUpdateHttp2","<1562044902,1>","62","java/lang/Thread.setName(Ljava/lang/String;)V","com/squareup/okhttp/internal/NamedRunnable:run:32","3","6562"
"com.squareup.okhttp.internal.spdy.SpdyConnectionTest#readSendsWindowUpdateHttp2","<-1020933817,1>","3","java/util/concurrent/Callable.call()Ljava/lang/Object;","java/util/concurrent/FutureTask:run:266","1","10000"
"com.squareup.okhttp.internal.spdy.SpdyConnectionTest#readSendsWindowUpdateHttp2","<68941243,1>","3","MONITORENTER","com/squareup/okhttp/internal/spdy/SpdyConnection$Reader:headers:596","1","10000"
"com.squareup.okhttp.internal.spdy.SpdyConnectionTest#readSendsWindowUpdateHttp2","<1562044902,1>","3","java/util/concurrent/Callable.call()Ljava/lang/Object;","java/util/concurrent/FutureTask:run:266","1","10000"
"com.squareup.okhttp.internal.spdy.SpdyConnectionTest#readSendsWindowUpdateHttp2","<1562044902,1>","87","java/lang/Thread.currentThread()Ljava/lang/Thread;","java/util/concurrent/FutureTask:run:259","2","15000"
"com.squareup.okhttp.internal.spdy.SpdyConnectionTest#readSendsWindowUpdateHttp2","<main>","1","MONITOREXIT","com/squareup/okhttp/internal/spdy/SpdyConnection:newStream:263","1","10000"
"com.squareup.okhttp.internal.spdy.SpdyConnectionTest#readSendsWindowUpdateHttp2","<-1020933817,1>","50","java/lang/Thread.getName()Ljava/lang/String;","com/squareup/okhttp/internal/NamedRunnable:run:30","1","5000"
"com.squareup.okhttp.internal.spdy.SpdyConnectionTest#readSendsWindowUpdateHttp2","<main>","1","SYNCHRONIZED_METHOD_ENTER","com/squareup/okhttp/internal/spdy/Http20Draft09$Writer:data:0","12","19992"
"com.squareup.okhttp.internal.spdy.SpdyConnectionTest#readSendsWindowUpdateHttp2","<main>","1","MONITORENTER","com/squareup/okhttp/internal/spdy/SpdyStream$SpdyDataSource:read:363","7","19843"
"com.squareup.okhttp.internal.spdy.SpdyConnectionTest#readSendsWindowUpdateHttp2","<-1020933817,1>","3","RUNNABLE_CALLABLE_START","java/util/concurrent/FutureTask:run:0","1","10000"
"com.squareup.okhttp.internal.spdy.SpdyConnectionTest#readSendsWindowUpdateHttp2","<main>","2","MONITOREXIT","okio/SegmentPool:recycle:59","12","19992"
"com.squareup.okhttp.internal.spdy.SpdyConnectionTest#readSendsWindowUpdateHttp2","<781236076,1>","3","java/net/ServerSocket.accept()Ljava/net/Socket;","com/squareup/okhttp/internal/spdy/MockSpdyPeer:readAndWriteFrames:118","1","10000"
"com.squareup.okhttp.internal.spdy.SpdyConnectionTest#readSendsWindowUpdateHttp2","<68941243,1>","3","SYNCHRONIZED_METHOD_EXIT","com/squareup/okhttp/internal/spdy/SpdyConnection:getStream:177","7","19843"
"com.squareup.okhttp.internal.spdy.SpdyConnectionTest#readSendsWindowUpdateHttp2","<main>","1","MONITOREXIT","okio/SegmentPool:take:45","9","19960"
"com.squareup.okhttp.internal.spdy.SpdyConnectionTest#readSendsWindowUpdateHttp2","<781236076,1>","3","MONITORENTER","okio/SegmentPool:recycle:53","8","19921"
"com.squareup.okhttp.internal.spdy.SpdyConnectionTest#readSendsWindowUpdateHttp2","<main>","3","MONITORENTER","com/squareup/okhttp/internal/spdy/SpdyStream$SpdyDataSource:read:363","3","17500"
"com.squareup.okhttp.internal.spdy.SpdyConnectionTest#readSendsWindowUpdateHttp2","<1562044902,1>","68","java/lang/Thread.currentThread()Ljava/lang/Thread;","java/util/concurrent/FutureTask:run:258","1","10000"
"com.squareup.okhttp.internal.spdy.SpdyConnectionTest#readSendsWindowUpdateHttp2","<-1020933817,1>","29","java/lang/Thread.currentThread()Ljava/lang/Thread;","com/squareup/okhttp/internal/NamedRunnable:run:32","2","12500"
"com.squareup.okhttp.internal.spdy.SpdyConnectionTest#readSendsWindowUpdateHttp2","<-1020933817,1>","48","java/util/concurrent/Callable.call()Ljava/lang/Object;","java/util/concurrent/FutureTask:run:266","3","17500"
"com.squareup.okhttp.internal.spdy.SpdyConnectionTest#readSendsWindowUpdateHttp2","<1562044902,1>","56","java/lang/Thread.setName(Ljava/lang/String;)V","com/squareup/okhttp/internal/NamedRunnable:run:32","3","6562"
"com.squareup.okhttp.internal.spdy.SpdyConnectionTest#readSendsWindowUpdateHttp2","<68941243,1>","2","MONITORENTER","com/squareup/okhttp/internal/spdy/SpdyStream$SpdyDataSource:receive:426","3","17500"
"com.squareup.okhttp.internal.spdy.SpdyConnectionTest#readSendsWindowUpdateHttp2","<-1020933817,1>","10","MONITORENTER","okio/SegmentPool:take:39","1","10000"
"com.squareup.okhttp.internal.spdy.SpdyConnectionTest#readSendsWindowUpdateHttp2","<main>","3","java/io/OutputStream.flush()V","okio/Okio$1:flush:84","1","10000"
"com.squareup.okhttp.internal.spdy.SpdyConnectionTest#readSendsWindowUpdateHttp2","<main>","1","java/util/concurrent/ExecutorService.submit(Ljava/lang/Runnable;)Ljava/util/concurrent/Future;","com/squareup/okhttp/internal/spdy/SpdyConnection:writeWindowUpdateLater:344","6","19687"
"com.squareup.okhttp.internal.spdy.SpdyConnectionTest#readSendsWindowUpdateHttp2","<1562044902,1>","66","java/lang/Thread.getName()Ljava/lang/String;","com/squareup/okhttp/internal/NamedRunnable:run:31","3","5331"
"com.squareup.okhttp.internal.spdy.SpdyConnectionTest#readSendsWindowUpdateHttp2","<781236076,1>","2","MONITOREXIT","okio/SegmentPool:recycle:54","5","19375"
"com.squareup.okhttp.internal.spdy.SpdyConnectionTest#readSendsWindowUpdateHttp2","<-1020933817,1>","28","java/lang/Thread.setName(Ljava/lang/String;)V","com/squareup/okhttp/internal/NamedRunnable:run:32","3","6562"
"com.squareup.okhttp.internal.spdy.SpdyConnectionTest#readSendsWindowUpdateHttp2","<-1020933817,1>","49","java/lang/Thread.currentThread()Ljava/lang/Thread;","com/squareup/okhttp/internal/NamedRunnable:run:30","2","12500"
"com.squareup.okhttp.internal.spdy.SpdyConnectionTest#readSendsWindowUpdateHttp2","<main>","2","MONITORENTER","okio/SegmentPool:take:39","11","19988"
"com.squareup.okhttp.internal.spdy.SpdyConnectionTest#readSendsWindowUpdateHttp2","<1562044902,1>","53","java/lang/Thread.currentThread()Ljava/lang/Thread;","com/squareup/okhttp/internal/NamedRunnable:run:31","4","13281"
"com.squareup.okhttp.internal.spdy.SpdyConnectionTest#readSendsWindowUpdateHttp2","<main>","3","java/util/concurrent/ExecutorService.submit(Ljava/lang/Runnable;)Ljava/util/concurrent/Future;","com/squareup/okhttp/internal/spdy/SpdyConnection:writeWindowUpdateLater:345","2","15000"
"com.squareup.okhttp.internal.spdy.SpdyConnectionTest#readSendsWindowUpdateHttp2","<main>","2","MONITOREXIT","okio/SegmentPool:take:47","1","10000"
"com.squareup.okhttp.internal.spdy.SpdyConnectionTest#readSendsWindowUpdateHttp2","<main>","3","MONITOREXIT","okio/SegmentPool:take:47","9","19960"
"com.squareup.okhttp.internal.spdy.SpdyConnectionTest#readSendsWindowUpdateHttp2","<1562044902,1>","53","java/lang/Thread.setName(Ljava/lang/String;)V","com/squareup/okhttp/internal/NamedRunnable:run:32","1","5000"
"com.squareup.okhttp.internal.spdy.SpdyConnectionTest#readSendsWindowUpdateHttp2","<-1020933817,1>","47","java/lang/Thread.getName()Ljava/lang/String;","com/squareup/okhttp/internal/NamedRunnable:run:30","3","6562"
"com.squareup.okhttp.internal.spdy.SpdyConnectionTest#readSendsWindowUpdateHttp2","<1562044902,1>","38","MONITORENTER","okio/SegmentPool:recycle:53","1","10000"
"com.squareup.okhttp.internal.spdy.SpdyConnectionTest#readSendsWindowUpdateHttp2","<68941243,1>","2","MONITOREXIT","com/squareup/okhttp/internal/spdy/SpdyStream$SpdyDataSource:receive:456","9","19960"
"com.squareup.okhttp.internal.spdy.SpdyConnectionTest#readSendsWindowUpdateHttp2","<main>","1","java/util/concurrent/BlockingQueue.take()Ljava/lang/Object;","com/squareup/okhttp/internal/spdy/MockSpdyPeer:takeFrame:96","2","15000"
"com.squareup.okhttp.internal.spdy.SpdyConnectionTest#readSendsWindowUpdateHttp2","<-1020933817,1>","26","MONITORENTER","okio/SegmentPool:take:39","5","19375"
"com.squareup.okhttp.internal.spdy.SpdyConnectionTest#readSendsWindowUpdateHttp2","<-1020933817,1>","22","MONITOREXIT","okio/SegmentPool:take:45","4","18750"
"com.squareup.okhttp.internal.spdy.SpdyConnectionTest#readSendsWindowUpdateHttp2","<main>","1","MONITOREXIT","com/squareup/okhttp/internal/spdy/SpdyStream$SpdyDataSource:read:377","4","18750"
"com.squareup.okhttp.internal.spdy.SpdyConnectionTest#readSendsWindowUpdateHttp2","<781236076,1>","2","MONITOREXIT","okio/SegmentPool:take:45","4","18750"
"com.squareup.okhttp.internal.spdy.SpdyConnectionTest#readSendsWindowUpdateHttp2","<68941243,1>","2","MONITORENTER","com/squareup/okhttp/internal/spdy/SpdyConnection$Reader:headers:596","1","10000"
"com.squareup.okhttp.internal.spdy.SpdyConnectionTest#readSendsWindowUpdateHttp2","<1562044902,1>","89","java/lang/Thread.currentThread()Ljava/lang/Thread;","java/util/concurrent/FutureTask:run:258","3","17500"
"com.squareup.okhttp.internal.spdy.SpdyConnectionTest#readSendsWindowUpdateHttp2","<68941243,1>","2","MONITOREXIT","com/squareup/okhttp/internal/spdy/SpdyStream$SpdyDataSource:receive:429","12","19992"
"com.squareup.okhttp.internal.spdy.SpdyConnectionTest#readSendsWindowUpdateHttp2","<781236076,1>","1","MONITOREXIT","okio/SegmentPool:take:45","3","17500"
"com.squareup.okhttp.internal.spdy.SpdyConnectionTest#readSendsWindowUpdateHttp2","<-1020933817,1>","46","RUNNABLE_CALLABLE_START","java/util/concurrent/FutureTask:run:0","2","15000"
"com.squareup.okhttp.internal.spdy.SpdyConnectionTest#readSendsWindowUpdateHttp2","<1562044902,1>","32","MONITOREXIT","okio/SegmentPool:recycle:59","1","10000"
"com.squareup.okhttp.internal.spdy.SpdyConnectionTest#readSendsWindowUpdateHttp2","<1562044902,1>","64","java/lang/Thread.currentThread()Ljava/lang/Thread;","com/squareup/okhttp/internal/NamedRunnable:run:31","6","13329"
"com.squareup.okhttp.internal.spdy.SpdyConnectionTest#readSendsWindowUpdateHttp2","<-1020933817,1>","49","RUNNABLE_CALLABLE_START","com/squareup/okhttp/internal/NamedRunnable:run:0","3","17500"
"com.squareup.okhttp.internal.spdy.SpdyConnectionTest#readSendsWindowUpdateHttp2","<main>","1","java/util/concurrent/ExecutorService.execute(Ljava/lang/Runnable;)V","com/squareup/okhttp/internal/spdy/MockSpdyPeer:play:105","1","10000"
"com.squareup.okhttp.internal.spdy.SpdyConnectionTest#readSendsWindowUpdateHttp2","<main>","2","MONITORENTER","okio/SegmentPool:take:39","1","10000"
"com.squareup.okhttp.internal.spdy.SpdyConnectionTest#readSendsWindowUpdateHttp2","<68941243,1>","3","MONITORENTER","com/squareup/okhttp/internal/spdy/SpdyStream$SpdyDataSource:receive:450","4","18750"
"com.squareup.okhttp.internal.spdy.SpdyConnectionTest#readSendsWindowUpdateHttp2","<1562044902,1>","95","java/lang/Thread.currentThread()Ljava/lang/Thread;","java/util/concurrent/FutureTask:run:258","3","17500"
"com.squareup.okhttp.internal.spdy.SpdyConnectionTest#readSendsWindowUpdateHttp2","<1562044902,1>","87","RUNNABLE_CALLABLE_START","java/util/concurrent/FutureTask:run:0","2","15000"
"com.squareup.okhttp.internal.spdy.SpdyConnectionTest#readSendsWindowUpdateHttp2","<-1020933817,1>","9","MONITOREXIT","okio/SegmentPool:take:45","1","10000"
"com.squareup.okhttp.internal.spdy.SpdyConnectionTest#readSendsWindowUpdateHttp2","<1562044902,1>","51","MONITOREXIT","okio/SegmentPool:take:45","2","15000"
"com.squareup.okhttp.internal.spdy.SpdyConnectionTest#readSendsWindowUpdateHttp2","<68941243,1>","3","MONITOREXIT","okio/SegmentPool:recycle:59","4","18750"
"com.squareup.okhttp.internal.spdy.SpdyConnectionTest#readSendsWindowUpdateHttp2","<main>","1","java/util/concurrent/Executors.callable(Ljava/lang/Runnable;Ljava/lang/Object;)Ljava/util/concurrent/Callable;","java/util/concurrent/FutureTask:<init>:152","1","10000"
"com.squareup.okhttp.internal.spdy.SpdyConnectionTest#readSendsWindowUpdateHttp2","<-1020933817,1>","31","java/lang/Thread.setName(Ljava/lang/String;)V","com/squareup/okhttp/internal/NamedRunnable:run:32","2","6250"
"com.squareup.okhttp.internal.spdy.SpdyConnectionTest#readSendsWindowUpdateHttp2","<main>","3","java/util/concurrent/BlockingQueue.take()Ljava/lang/Object;","com/squareup/okhttp/internal/spdy/MockSpdyPeer:takeFrame:96","3","17500"
"com.squareup.okhttp.internal.spdy.SpdyConnectionTest#readSendsWindowUpdateHttp2","<68941243,1>","3","java/lang/Thread.currentThread()Ljava/lang/Thread;","com/squareup/okhttp/internal/NamedRunnable:run:31","1","10000"
"com.squareup.okhttp.internal.spdy.SpdyConnectionTest#readSendsWindowUpdateHttp2","<781236076,1>","1","MONITOREXIT","okio/SegmentPool:recycle:59","11","19988"
"com.squareup.okhttp.internal.spdy.SpdyConnectionTest#readSendsWindowUpdateHttp2","<1562044902,1>","86","java/lang/Thread.currentThread()Ljava/lang/Thread;","java/util/concurrent/FutureTask:run:258","1","10000"
"com.squareup.okhttp.internal.spdy.SpdyConnectionTest#readSendsWindowUpdateHttp2","<1562044902,1>","92","java/lang/Thread.currentThread()Ljava/lang/Thread;","java/util/concurrent/FutureTask:run:259","2","15000"
"com.squareup.okhttp.internal.spdy.SpdyConnectionTest#readSendsWindowUpdateHttp2","<-1020933817,1>","30","SYNCHRONIZED_METHOD_ENTER","com/squareup/okhttp/internal/spdy/Http20Draft09$Writer:windowUpdate:0","3","17500"
"com.squareup.okhttp.internal.spdy.SpdyConnectionTest#readSendsWindowUpdateHttp2","<1562044902,1>","54","java/lang/Thread.currentThread()Ljava/lang/Thread;","com/squareup/okhttp/internal/NamedRunnable:run:31","1","10000"
"com.squareup.okhttp.internal.spdy.SpdyConnectionTest#readSendsWindowUpdateHttp2","<-1020933817,1>","2","MONITORENTER","okio/SegmentPool:take:39","2","15000"
"com.squareup.okhttp.internal.spdy.SpdyConnectionTest#readSendsWindowUpdateHttp2","<68941243,1>","3","SYNCHRONIZED_METHOD_ENTER","com/squareup/okhttp/internal/spdy/SpdyConnection:getStream:0","4","18750"
"com.squareup.okhttp.internal.spdy.SpdyConnectionTest#readSendsWindowUpdateHttp2","<1562044902,1>","71","java/lang/Thread.currentThread()Ljava/lang/Thread;","com/squareup/okhttp/internal/NamedRunnable:run:30","2","12500"
"com.squareup.okhttp.internal.spdy.SpdyConnectionTest#readSendsWindowUpdateHttp2","<-1020933817,1>","7","MONITOREXIT","okio/SegmentPool:take:45","1","10000"
"com.squareup.okhttp.internal.spdy.SpdyConnectionTest#readSendsWindowUpdateHttp2","<1562044902,1>","31","java/lang/Thread.setName(Ljava/lang/String;)V","com/squareup/okhttp/internal/NamedRunnable:run:31","1","1250"
"com.squareup.okhttp.internal.spdy.SpdyConnectionTest#readSendsWindowUpdateHttp2","<-1020933817,1>","30","java/lang/Thread.currentThread()Ljava/lang/Thread;","com/squareup/okhttp/internal/NamedRunnable:run:32","3","13125"
"com.squareup.okhttp.internal.spdy.SpdyConnectionTest#readSendsWindowUpdateHttp2","<-1020933817,1>","38","java/lang/Thread.setName(Ljava/lang/String;)V","com/squareup/okhttp/internal/NamedRunnable:run:32","3","6562"
"com.squareup.okhttp.internal.spdy.SpdyConnectionTest#readSendsWindowUpdateHttp2","<1562044902,1>","41","MONITORENTER","okio/SegmentPool:recycle:53","1","10000"
"com.squareup.okhttp.internal.spdy.SpdyConnectionTest#readSendsWindowUpdateHttp2","<main>","2","SYNCHRONIZED_METHOD_EXIT","com/squareup/okhttp/internal/spdy/Http20Draft09$Writer:data:394","6","19687"
"com.squareup.okhttp.internal.spdy.SpdyConnectionTest#readSendsWindowUpdateHttp2","<main>","3","MONITORENTER","com/squareup/okhttp/internal/spdy/SpdyConnection:newStream:243","1","10000"
"com.squareup.okhttp.internal.spdy.SpdyConnectionTest#readSendsWindowUpdateHttp2","<68941243,1>","2","MONITOREXIT","okio/SegmentPool:take:45","13","19994"
"com.squareup.okhttp.internal.spdy.SpdyConnectionTest#readSendsWindowUpdateHttp2","<-1020933817,1>","9","java/lang/Thread.currentThread()Ljava/lang/Thread;","com/squareup/okhttp/internal/NamedRunnable:run:31","1","10000"
"com.squareup.okhttp.internal.spdy.SpdyConnectionTest#readSendsWindowUpdateHttp2","<1562044902,1>","2","java/lang/Thread.currentThread()Ljava/lang/Thread;","com/squareup/okhttp/internal/NamedRunnable:run:32","1","10000"
"com.squareup.okhttp.internal.spdy.SpdyConnectionTest#readSendsWindowUpdateHttp2","<68941243,1>","2","MONITOREXIT","com/squareup/okhttp/internal/spdy/SpdyStream$SpdyDataSource:receive:456","7","19843"
"com.squareup.okhttp.internal.spdy.SpdyConnectionTest#readSendsWindowUpdateHttp2","<main>","3","SYNCHRONIZED_METHOD_ENTER","com/squareup/okhttp/internal/spdy/Http20Draft09$Writer:data:0","10","19979"
"com.squareup.okhttp.internal.spdy.SpdyConnectionTest#readSendsWindowUpdateHttp2","<-1020933817,1>","23","MONITOREXIT","okio/SegmentPool:take:45","5","19375"
"com.squareup.okhttp.internal.spdy.SpdyConnectionTest#readSendsWindowUpdateHttp2","<main>","1","MONITOREXIT","okio/SegmentPool:take:45","13","19994"
"com.squareup.okhttp.internal.spdy.SpdyConnectionTest#readSendsWindowUpdateHttp2","<1562044902,1>","34","MONITORENTER","okio/SegmentPool:take:39","2","15000"
"com.squareup.okhttp.internal.spdy.SpdyConnectionTest#readSendsWindowUpdateHttp2","<-1020933817,1>","24","MONITOREXIT","okio/SegmentPool:take:45","6","19687"
"com.squareup.okhttp.internal.spdy.SpdyConnectionTest#readSendsWindowUpdateHttp2","<main>","3","SYNCHRONIZED_METHOD_EXIT","com/squareup/okhttp/internal/spdy/Http20Draft09$Writer:data:402","4","18750"
"com.squareup.okhttp.internal.spdy.SpdyConnectionTest#readSendsWindowUpdateHttp2","<-1020933817,1>","7","java/lang/Thread.currentThread()Ljava/lang/Thread;","java/util/concurrent/FutureTask:run:259","1","10000"
"com.squareup.okhttp.internal.spdy.SpdyConnectionTest#readSendsWindowUpdateHttp2","<-1020933817,1>","4","MONITOREXIT","okio/SegmentPool:recycle:59","2","15000"
"com.squareup.okhttp.internal.spdy.SpdyConnectionTest#readSendsWindowUpdateHttp2","<1562044902,1>","73","java/lang/Thread.currentThread()Ljava/lang/Thread;","com/squareup/okhttp/internal/NamedRunnable:run:30","3","13125"
"com.squareup.okhttp.internal.spdy.SpdyConnectionTest#readSendsWindowUpdateHttp2","<1562044902,1>","82","java/util/concurrent/Callable.call()Ljava/lang/Object;","java/util/concurrent/FutureTask:run:266","2","15000"
"com.squareup.okhttp.internal.spdy.SpdyConnectionTest#readSendsWindowUpdateHttp2","<1562044902,1>","69","java/lang/Thread.currentThread()Ljava/lang/Thread;","com/squareup/okhttp/internal/NamedRunnable:run:30","1","10000"
"com.squareup.okhttp.internal.spdy.SpdyConnectionTest#readSendsWindowUpdateHttp2","<-1020933817,1>","12","java/lang/Thread.currentThread()Ljava/lang/Thread;","com/squareup/okhttp/internal/NamedRunnable:run:31","1","10000"
"com.squareup.okhttp.internal.spdy.SpdyConnectionTest#readSendsWindowUpdateHttp2","<68941243,1>","1","MONITOREXIT","okio/SegmentPool:take:47","13","19994"
"com.squareup.okhttp.internal.spdy.SpdyConnectionTest#readSendsWindowUpdateHttp2","<1562044902,1>","66","java/lang/Thread.currentThread()Ljava/lang/Thread;","com/squareup/okhttp/internal/NamedRunnable:run:31","5","13320"
"com.squareup.okhttp.internal.spdy.SpdyConnectionTest#readSendsWindowUpdateHttp2","<1562044902,1>","71","java/lang/Thread.getName()Ljava/lang/String;","com/squareup/okhttp/internal/NamedRunnable:run:30","3","6562"
"com.squareup.okhttp.internal.spdy.SpdyConnectionTest#readSendsWindowUpdateHttp2","<main>","2","SYNCHRONIZED_METHOD_ENTER","com/squareup/okhttp/internal/spdy/Http20Draft09$Writer:synStream:0","1","10000"
"com.squareup.okhttp.internal.spdy.SpdyConnectionTest#readSendsWindowUpdateHttp2","<-1020933817,1>","42","java/lang/Thread.currentThread()Ljava/lang/Thread;","com/squareup/okhttp/internal/NamedRunnable:run:31","2","12500"
"com.squareup.okhttp.internal.spdy.SpdyConnectionTest#readSendsWindowUpdateHttp2","<main>","3","java/util/concurrent/ExecutorService.submit(Ljava/lang/Runnable;)Ljava/util/concurrent/Future;","com/squareup/okhttp/internal/spdy/SpdyConnection:writeWindowUpdateLater:345","6","19687"
"com.squareup.okhttp.internal.spdy.SpdyConnectionTest#readSendsWindowUpdateHttp2","<1562044902,1>","21","java/io/OutputStream.flush()V","okio/Okio$1:flush:85","1","10000"
"com.squareup.okhttp.internal.spdy.SpdyConnectionTest#readSendsWindowUpdateHttp2","<-1020933817,1>","4","java/lang/Thread.currentThread()Ljava/lang/Thread;","com/squareup/okhttp/internal/NamedRunnable:run:35","1","10000"
"com.squareup.okhttp.internal.spdy.SpdyConnectionTest#readSendsWindowUpdateHttp2","<68941243,1>","2","java/lang/Object.notifyAll()V","com/squareup/okhttp/internal/spdy/SpdyStream$SpdyDataSource:receive:455","5","19375"
"com.squareup.okhttp.internal.spdy.SpdyConnectionTest#readSendsWindowUpdateHttp2","<781236076,1>","1","MONITOREXIT","okio/SegmentPool:recycle:54","5","19375"
"com.squareup.okhttp.internal.spdy.SpdyConnectionTest#readSendsWindowUpdateHttp2","<main>","2","MONITOREXIT","okio/SegmentPool:take:47","3","17500"
"com.squareup.okhttp.internal.spdy.SpdyConnectionTest#readSendsWindowUpdateHttp2","<68941243,1>","2","MONITOREXIT","com/squareup/okhttp/internal/spdy/SpdyConnection$Reader:headers:631","1","10000"
"com.squareup.okhttp.internal.spdy.SpdyConnectionTest#readSendsWindowUpdateHttp2","<main>","1","MONITORENTER","okio/SegmentPool:recycle:53","5","19375"
"com.squareup.okhttp.internal.spdy.SpdyConnectionTest#readSendsWindowUpdateHttp2","<68941243,1>","1","MONITOREXIT","okio/SegmentPool:take:45","11","19988"
"com.squareup.okhttp.internal.spdy.SpdyConnectionTest#readSendsWindowUpdateHttp2","<68941243,1>","1","MONITOREXIT","com/squareup/okhttp/internal/spdy/SpdyStream$SpdyDataSource:receive:429","1","10000"
"com.squareup.okhttp.internal.spdy.SpdyConnectionTest#readSendsWindowUpdateHttp2","<main>","1","java/lang/Thread.setDaemon(Z)V","com/squareup/okhttp/internal/Util$1:newThread:276","1","10000"
"com.squareup.okhttp.internal.spdy.SpdyConnectionTest#readSendsWindowUpdateHttp2","<-1020933817,1>","10","java/lang/Thread.setName(Ljava/lang/String;)V","com/squareup/okhttp/internal/NamedRunnable:run:32","1","5000"
"com.squareup.okhttp.internal.spdy.SpdyConnectionTest#readSendsWindowUpdateHttp2","<main>","1","MONITOREXIT","okio/SegmentPool:recycle:59","4","18750"
"com.squareup.okhttp.internal.spdy.SpdyConnectionTest#readSendsWindowUpdateHttp2","<781236076,1>","2","MONITOREXIT","okio/SegmentPool:recycle:59","13","19994"
"com.squareup.okhttp.internal.spdy.SpdyConnectionTest#readSendsWindowUpdateHttp2","<68941243,1>","3","MONITORENTER","okio/SegmentPool:recycle:53","1","10000"
"com.squareup.okhttp.internal.spdy.SpdyConnectionTest#readSendsWindowUpdateHttp2","<main>","1","MONITORENTER","com/squareup/okhttp/internal/spdy/SpdyStream$SpdyDataSource:read:380","11","19988"
"com.squareup.okhttp.internal.spdy.SpdyConnectionTest#readSendsWindowUpdateHttp2","<1562044902,1>","1","RUNNABLE_CALLABLE_START","com/squareup/okhttp/internal/NamedRunnable:run:0","1","10000"
"com.squareup.okhttp.internal.spdy.SpdyConnectionTest#readSendsWindowUpdateHttp2","<main>","3","java/util/concurrent/ExecutorService.submit(Ljava/lang/Runnable;)Ljava/util/concurrent/Future;","com/squareup/okhttp/internal/spdy/SpdyConnection:writeWindowUpdateLater:344","1","10000"
"com.squareup.okhttp.internal.spdy.SpdyConnectionTest#readSendsWindowUpdateHttp2","<main>","1","MONITOREXIT","okio/SegmentPool:take:45","2","15000"
"com.squareup.okhttp.internal.spdy.SpdyConnectionTest#readSendsWindowUpdateHttp2","<1562044902,1>","64","java/lang/Thread.currentThread()Ljava/lang/Thread;","com/squareup/okhttp/internal/NamedRunnable:run:31","5","13320"
"com.squareup.okhttp.internal.spdy.SpdyConnectionTest#readSendsWindowUpdateHttp2","<1562044902,1>","78","java/lang/Thread.currentThread()Ljava/lang/Thread;","com/squareup/okhttp/internal/NamedRunnable:run:30","1","10000"
"com.squareup.okhttp.internal.spdy.SpdyConnectionTest#readSendsWindowUpdateHttp2","<1562044902,1>","1","MONITOREXIT","okio/SegmentPool:take:45","1","10000"
"com.squareup.okhttp.internal.spdy.SpdyConnectionTest#readSendsWindowUpdateHttp2","<1562044902,1>","99","RUNNABLE_CALLABLE_START","java/util/concurrent/FutureTask:run:0","2","15000"
"com.squareup.okhttp.internal.spdy.SpdyConnectionTest#readSendsWindowUpdateHttp2","<1562044902,1>","49","MONITORENTER","okio/SegmentPool:take:39","4","18750"
"com.squareup.okhttp.internal.spdy.SpdyConnectionTest#readSendsWindowUpdateHttp2","<1562044902,1>","85","java/lang/Thread.currentThread()Ljava/lang/Thread;","java/util/concurrent/FutureTask:run:259","2","15000"
"com.squareup.okhttp.internal.spdy.SpdyConnectionTest#readSendsWindowUpdateHttp2","<68941243,1>","1","MONITOREXIT","okio/SegmentPool:take:47","2","15000"
"com.squareup.okhttp.internal.spdy.SpdyConnectionTest#readSendsWindowUpdateHttp2","<68941243,1>","3","MONITORENTER","com/squareup/okhttp/internal/spdy/SpdyStream$SpdyDataSource:receive:450","10","19979"
"com.squareup.okhttp.internal.spdy.SpdyConnectionTest#readSendsWindowUpdateHttp2","<main>","3","MONITORENTER","com/squareup/okhttp/internal/spdy/SpdyStream$SpdyDataSource:read:380","12","19992"
"com.squareup.okhttp.internal.spdy.SpdyConnectionTest#readSendsWindowUpdateHttp2","<main>","3","SYNCHRONIZED_METHOD_ENTER","com/squareup/okhttp/internal/spdy/Http20Draft09$Writer:data:0","7","19843"
"com.squareup.okhttp.internal.spdy.SpdyConnectionTest#readSendsWindowUpdateHttp2","<main>","1","SYNCHRONIZED_METHOD_ENTER","com/squareup/okhttp/internal/spdy/SpdyConnection:setIdle:0","1","10000"
"com.squareup.okhttp.internal.spdy.SpdyConnectionTest#readSendsWindowUpdateHttp2","<main>","1","java/util/concurrent/Executors.callable(Ljava/lang/Runnable;Ljava/lang/Object;)Ljava/util/concurrent/Callable;","java/util/concurrent/FutureTask:<init>:152","3","17500"
"com.squareup.okhttp.internal.spdy.SpdyConnectionTest#readSendsWindowUpdateHttp2","<1562044902,1>","53","SYNCHRONIZED_METHOD_ENTER","com/squareup/okhttp/internal/spdy/Http20Draft09$Writer:windowUpdate:0","2","15000"
"com.squareup.okhttp.internal.spdy.SpdyConnectionTest#readSendsWindowUpdateHttp2","<68941243,1>","3","MONITOREXIT","okio/SegmentPool:take:45","4","18750"
"com.squareup.okhttp.internal.spdy.SpdyConnectionTest#readSendsWindowUpdateHttp2","<781236076,1>","1","MONITORENTER","okio/SegmentPool:take:39","2","15000"
"com.squareup.okhttp.internal.spdy.SpdyConnectionTest#readSendsWindowUpdateHttp2","<-1020933817,1>","21","MONITORENTER","okio/SegmentPool:recycle:53","4","18750"
"com.squareup.okhttp.internal.spdy.SpdyConnectionTest#readSendsWindowUpdateHttp2","<-1020933817,1>","43","java/lang/Thread.setName(Ljava/lang/String;)V","com/squareup/okhttp/internal/NamedRunnable:run:31","2","1328"
"com.squareup.okhttp.internal.spdy.SpdyConnectionTest#readSendsWindowUpdateHttp2","<68941243,1>","1","SYNCHRONIZED_METHOD_EXIT","com/squareup/okhttp/internal/spdy/SpdyConnection:getStream:177","7","19843"
"com.squareup.okhttp.internal.spdy.SpdyConnectionTest#readSendsWindowUpdateHttp2","<781236076,1>","1","MONITORENTER","okio/SegmentPool:recycle:53","8","19921"
"com.squareup.okhttp.internal.spdy.SpdyConnectionTest#readSendsWindowUpdateHttp2","<-1020933817,1>","37","SYNCHRONIZED_METHOD_ENTER","com/squareup/okhttp/internal/spdy/Http20Draft09$Writer:windowUpdate:0","1","10000"
"com.squareup.okhttp.internal.spdy.SpdyConnectionTest#readSendsWindowUpdateHttp2","<-1020933817,1>","43","java/lang/Thread.setName(Ljava/lang/String;)V","com/squareup/okhttp/internal/NamedRunnable:run:31","1","1250"
"com.squareup.okhttp.internal.spdy.SpdyConnectionTest#readSendsWindowUpdateHttp2","<main>","2","java/util/concurrent/ExecutorService.submit(Ljava/lang/Runnable;)Ljava/util/concurrent/Future;","com/squareup/okhttp/internal/spdy/SpdyConnection:writeWindowUpdateLater:345","2","15000"
"com.squareup.okhttp.internal.spdy.SpdyConnectionTest#readSendsWindowUpdateHttp2","<1562044902,1>","5","SYNCHRONIZED_METHOD_EXIT","com/squareup/okhttp/internal/spdy/Http20Draft09$Writer:windowUpdate:470","1","10000"
"com.squareup.okhttp.internal.spdy.SpdyConnectionTest#readSendsWindowUpdateHttp2","<1562044902,1>","59","SYNCHRONIZED_METHOD_ENTER","com/squareup/okhttp/internal/spdy/Http20Draft09$Writer:windowUpdate:0","3","17500"
"com.squareup.okhttp.internal.spdy.SpdyConnectionTest#readSendsWindowUpdateHttp2","<1562044902,1>","53","java/lang/Thread.currentThread()Ljava/lang/Thread;","com/squareup/okhttp/internal/NamedRunnable:run:31","1","10000"
"com.squareup.okhttp.internal.spdy.SpdyConnectionTest#readSendsWindowUpdateHttp2","<1562044902,1>","56","java/lang/Thread.setName(Ljava/lang/String;)V","com/squareup/okhttp/internal/NamedRunnable:run:32","2","6250"
"com.squareup.okhttp.internal.spdy.SpdyConnectionTest#readSendsWindowUpdateHttp2","<68941243,1>","2","SYNCHRONIZED_METHOD_EXIT","com/squareup/okhttp/internal/spdy/SpdyConnection:getStream:177","4","18750"
"com.squareup.okhttp.internal.spdy.SpdyConnectionTest#readSendsWindowUpdateHttp2","<main>","3","MONITOREXIT","com/squareup/okhttp/internal/spdy/SpdyStream$SpdyDataSource:read:387","7","19843"
"com.squareup.okhttp.internal.spdy.SpdyConnectionTest#readSendsWindowUpdateHttp2","<1562044902,1>","34","java/lang/Thread.setName(Ljava/lang/String;)V","com/squareup/okhttp/internal/NamedRunnable:run:31","1","1250"
"com.squareup.okhttp.internal.spdy.SpdyConnectionTest#readSendsWindowUpdateHttp2","<1562044902,1>","2","RUNNABLE_CALLABLE_START","com/squareup/okhttp/internal/NamedRunnable:run:0","1","10000"
"com.squareup.okhttp.internal.spdy.SpdyConnectionTest#readSendsWindowUpdateHttp2","<main>","3","MONITORENTER","okio/SegmentPool:take:39","14","19995"
"com.squareup.okhttp.internal.spdy.SpdyConnectionTest#readSendsWindowUpdateHttp2","<-1020933817,1>","28","java/lang/Thread.currentThread()Ljava/lang/Thread;","com/squareup/okhttp/internal/NamedRunnable:run:31","2","12500"
"com.squareup.okhttp.internal.spdy.SpdyConnectionTest#readSendsWindowUpdateHttp2","<1562044902,1>","6","java/lang/Thread.currentThread()Ljava/lang/Thread;","com/squareup/okhttp/internal/NamedRunnable:run:35","1","10000"
"com.squareup.okhttp.internal.spdy.SpdyConnectionTest#readSendsWindowUpdateHttp2","<main>","1","java/util/concurrent/BlockingQueue.take()Ljava/lang/Object;","com/squareup/okhttp/internal/spdy/MockSpdyPeer:takeFrame:97","2","15000"
"com.squareup.okhttp.internal.spdy.SpdyConnectionTest#readSendsWindowUpdateHttp2","<main>","2","MONITORENTER","com/squareup/okhttp/internal/spdy/SpdyConnection:newStream:243","2","15000"
"com.squareup.okhttp.internal.spdy.SpdyConnectionTest#readSendsWindowUpdateHttp2","<main>","2","MONITORENTER","okio/SegmentPool:take:39","13","19994"
"com.squareup.okhttp.internal.spdy.SpdyConnectionTest#readSendsWindowUpdateHttp2","<68941243,1>","3","java/lang/Object.notifyAll()V","com/squareup/okhttp/internal/spdy/SpdyStream$SpdyDataSource:receive:455","13","19994"
"com.squareup.okhttp.internal.spdy.SpdyConnectionTest#readSendsWindowUpdateHttp2","<-1020933817,1>","48","RUNNABLE_CALLABLE_START","com/squareup/okhttp/internal/NamedRunnable:run:0","2","15000"
"com.squareup.okhttp.internal.spdy.SpdyConnectionTest#readSendsWindowUpdateHttp2","<main>","2","SYNCHRONIZED_METHOD_EXIT","com/squareup/okhttp/internal/spdy/Http20Draft09$Writer:data:394","8","19921"
"com.squareup.okhttp.internal.spdy.SpdyConnectionTest#readSendsWindowUpdateHttp2","<68941243,1>","2","MONITORENTER","com/squareup/okhttp/internal/spdy/SpdyStream$SpdyDataSource:receive:426","4","18750"
"com.squareup.okhttp.internal.spdy.SpdyConnectionTest#readSendsWindowUpdateHttp2","<1562044902,1>","51","MONITORENTER","okio/SegmentPool:take:39","5","19375"
"com.squareup.okhttp.internal.spdy.SpdyConnectionTest#readSendsWindowUpdateHttp2","<main>","2","MONITORENTER","com/squareup/okhttp/internal/spdy/SpdyConnection:newStream:242","2","15000"
"com.squareup.okhttp.internal.spdy.SpdyConnectionTest#readSendsWindowUpdateHttp2","<-1020933817,1>","47","java/lang/Thread.getName()Ljava/lang/String;","com/squareup/okhttp/internal/NamedRunnable:run:30","2","6250"
"com.squareup.okhttp.internal.spdy.SpdyConnectionTest#readSendsWindowUpdateHttp2","<68941243,1>","3","MONITORENTER","com/squareup/okhttp/internal/spdy/SpdyStream$SpdyDataSource:receive:450","7","19843"
"com.squareup.okhttp.internal.spdy.SpdyConnectionTest#readSendsWindowUpdateHttp2","<main>","1","java/util/concurrent/ExecutorService.submit(Ljava/lang/Runnable;)Ljava/util/concurrent/Future;","com/squareup/okhttp/internal/spdy/SpdyConnection:writeWindowUpdateLater:344","3","17500"
"com.squareup.okhttp.internal.spdy.SpdyConnectionTest#readSendsWindowUpdateHttp2","<main>","3","MONITOREXIT","com/squareup/okhttp/internal/spdy/SpdyStream$SpdyDataSource:read:377","8","19921"
"com.squareup.okhttp.internal.spdy.SpdyConnectionTest#readSendsWindowUpdateHttp2","<1562044902,1>","72","java/lang/Thread.currentThread()Ljava/lang/Thread;","com/squareup/okhttp/internal/NamedRunnable:run:30","1","10000"
"com.squareup.okhttp.internal.spdy.SpdyConnectionTest#readSendsWindowUpdateHttp2","<1562044902,1>","36","MONITORENTER","okio/SegmentPool:take:39","2","15000"
"com.squareup.okhttp.internal.spdy.SpdyConnectionTest#readSendsWindowUpdateHttp2","<68941243,1>","1","MONITORENTER","okio/SegmentPool:take:39","4","18750"
"com.squareup.okhttp.internal.spdy.SpdyConnectionTest#readSendsWindowUpdateHttp2","<68941243,1>","1","java/lang/Thread.currentThread()Ljava/lang/Thread;","com/squareup/okhttp/internal/NamedRunnable:run:31","2","12500"
"com.squareup.okhttp.internal.spdy.SpdyConnectionTest#readSendsWindowUpdateHttp2","<68941243,1>","1","java/lang/Object.notifyAll()V","com/squareup/okhttp/internal/spdy/SpdyStream$SpdyDataSource:receive:455","10","19979"
"com.squareup.okhttp.internal.spdy.SpdyConnectionTest#readSendsWindowUpdateHttp2","<main>","1","MONITOREXIT","okio/SegmentPool:recycle:59","9","19960"
"com.squareup.okhttp.internal.spdy.SpdyConnectionTest#readSendsWindowUpdateHttp2","<main>","3","java/lang/Thread.start()V","com/squareup/okhttp/internal/spdy/SpdyConnection:<init>:161","1","10000"
"com.squareup.okhttp.internal.spdy.SpdyConnectionTest#readSendsWindowUpdateHttp2","<68941243,1>","3","SYNCHRONIZED_METHOD_ENTER","com/squareup/okhttp/internal/spdy/SpdyConnection:getStream:0","7","19843"
"com.squareup.okhttp.internal.spdy.SpdyConnectionTest#readSendsWindowUpdateHttp2","<1562044902,1>","2","java/lang/Thread.getName()Ljava/lang/String;","com/squareup/okhttp/internal/NamedRunnable:run:31","1","5000"
"com.squareup.okhttp.internal.spdy.SpdyConnectionTest#readSendsWindowUpdateHttp2","<68941243,1>","3","MONITORENTER","okio/SegmentPool:recycle:53","3","17500"
"com.squareup.okhttp.internal.spdy.SpdyConnectionTest#readSendsWindowUpdateHttp2","<68941243,1>","1","MONITOREXIT","com/squareup/okhttp/internal/spdy/SpdyStream$SpdyDataSource:receive:456","1","10000"
"com.squareup.okhttp.internal.spdy.SpdyConnectionTest#readSendsWindowUpdateHttp2","<1562044902,1>","93","java/lang/Thread.currentThread()Ljava/lang/Thread;","java/util/concurrent/FutureTask:run:259","1","10000"
"com.squareup.okhttp.internal.spdy.SpdyConnectionTest#readSendsWindowUpdateHttp2","<1562044902,1>","32","java/lang/Thread.currentThread()Ljava/lang/Thread;","com/squareup/okhttp/internal/NamedRunnable:run:31","2","12500"
"com.squareup.okhttp.internal.spdy.SpdyConnectionTest#readSendsWindowUpdateHttp2","<68941243,1>","3","MONITORENTER","com/squareup/okhttp/internal/spdy/SpdyStream:receiveHeaders:274","1","10000"
"com.squareup.okhttp.internal.spdy.SpdyConnectionTest#readSendsWindowUpdateHttp2","<main>","2","MONITORENTER","com/squareup/okhttp/internal/spdy/SpdyStream$SpdyDataSource:read:363","6","19687"
"com.squareup.okhttp.internal.spdy.SpdyConnectionTest#readSendsWindowUpdateHttp2","<68941243,1>","2","java/lang/Object.notifyAll()V","com/squareup/okhttp/internal/spdy/SpdyStream$SpdyDataSource:receive:454","14","19995"
"com.squareup.okhttp.internal.spdy.SpdyConnectionTest#readSendsWindowUpdateHttp2","<-1020933817,1>","33","java/lang/Thread.setName(Ljava/lang/String;)V","com/squareup/okhttp/internal/NamedRunnable:run:32","3","6562"
"com.squareup.okhttp.internal.spdy.SpdyConnectionTest#readSendsWindowUpdateHttp2","<-1020933817,1>","29","java/lang/Thread.setName(Ljava/lang/String;)V","com/squareup/okhttp/internal/NamedRunnable:run:31","2","1328"
"com.squareup.okhttp.internal.spdy.SpdyConnectionTest#readSendsWindowUpdateHttp2","<1562044902,1>","64","java/lang/Thread.getName()Ljava/lang/String;","com/squareup/okhttp/internal/NamedRunnable:run:31","1","5000"
"com.squareup.okhttp.internal.spdy.SpdyConnectionTest#readSendsWindowUpdateHttp2","<-1020933817,1>","8","java/lang/Thread.getName()Ljava/lang/String;","com/squareup/okhttp/internal/NamedRunnable:run:30","1","5000"
"com.squareup.okhttp.internal.spdy.SpdyConnectionTest#readSendsWindowUpdateHttp2","<68941243,1>","1","MONITOREXIT","com/squareup/okhttp/internal/spdy/SpdyStream$SpdyDataSource:receive:429","5","19375"
"com.squareup.okhttp.internal.spdy.SpdyConnectionTest#readSendsWindowUpdateHttp2","<781236076,1>","3","MONITOREXIT","okio/SegmentPool:take:45","6","19687"
"com.squareup.okhttp.internal.spdy.SpdyConnectionTest#readSendsWindowUpdateHttp2","<main>","3","SYNCHRONIZED_METHOD_EXIT","com/squareup/okhttp/internal/spdy/SpdyStream:isOpen:111","1","10000"
"com.squareup.okhttp.internal.spdy.SpdyConnectionTest#readSendsWindowUpdateHttp2","<1562044902,1>","54","java/lang/Thread.currentThread()Ljava/lang/Thread;","com/squareup/okhttp/internal/NamedRunnable:run:31","3","13125"
"com.squareup.okhttp.internal.spdy.SpdyConnectionTest#readSendsWindowUpdateHttp2","<1562044902,1>","88","java/lang/Thread.currentThread()Ljava/lang/Thread;","java/util/concurrent/FutureTask:run:259","2","15000"
"com.squareup.okhttp.internal.spdy.SpdyConnectionTest#readSendsWindowUpdateHttp2","<-1020933817,1>","28","java/lang/Thread.getName()Ljava/lang/String;","com/squareup/okhttp/internal/NamedRunnable:run:31","2","5312"
"com.squareup.okhttp.internal.spdy.SpdyConnectionTest#readSendsWindowUpdateHttp2","<68941243,1>","3","MONITORENTER","com/squareup/okhttp/internal/spdy/SpdyStream$SpdyDataSource:receive:426","7","19843"
"com.squareup.okhttp.internal.spdy.SpdyConnectionTest#readSendsWindowUpdateHttp2","<1562044902,1>","31","java/util/concurrent/Callable.call()Ljava/lang/Object;","java/util/concurrent/FutureTask:run:266","1","10000"
"com.squareup.okhttp.internal.spdy.SpdyConnectionTest#readSendsWindowUpdateHttp2","<-1020933817,1>","43","java/lang/Thread.getName()Ljava/lang/String;","com/squareup/okhttp/internal/NamedRunnable:run:31","3","5331"
"com.squareup.okhttp.internal.spdy.SpdyConnectionTest#readSendsWindowUpdateHttp2","<781236076,1>","3","MONITOREXIT","okio/SegmentPool:recycle:59","10","19979"
"com.squareup.okhttp.internal.spdy.SpdyConnectionTest#readSendsWindowUpdateHttp2","<1562044902,1>","32","java/lang/Thread.currentThread()Ljava/lang/Thread;","java/util/concurrent/FutureTask:run:258","1","10000"
"com.squareup.okhttp.internal.spdy.SpdyConnectionTest#readSendsWindowUpdateHttp2","<68941243,1>","3","MONITOREXIT","okio/SegmentPool:take:45","10","19979"
"com.squareup.okhttp.internal.spdy.SpdyConnectionTest#readSendsWindowUpdateHttp2","<main>","2","java/util/concurrent/ExecutorService.execute(Ljava/lang/Runnable;)V","com/squareup/okhttp/internal/spdy/MockSpdyPeer:play:104","1","10000"
"com.squareup.okhttp.internal.spdy.SpdyConnectionTest#readSendsWindowUpdateHttp2","<main>","3","SYNCHRONIZED_METHOD_EXIT","com/squareup/okhttp/internal/spdy/Http20Draft09$Writer:data:402","7","19843"
"com.squareup.okhttp.internal.spdy.SpdyConnectionTest#readSendsWindowUpdateHttp2","<-1020933817,1>","30","java/lang/Thread.currentThread()Ljava/lang/Thread;","com/squareup/okhttp/internal/NamedRunnable:run:31","4","13281"
"com.squareup.okhttp.internal.spdy.SpdyConnectionTest#readSendsWindowUpdateHttp2","<781236076,1>","2","MONITORENTER","okio/SegmentPool:recycle:53","5","19375"
"com.squareup.okhttp.internal.spdy.SpdyConnectionTest#readSendsWindowUpdateHttp2","<781236076,1>","1","MONITOREXIT","okio/SegmentPool:recycle:54","7","19843"
"com.squareup.okhttp.internal.spdy.SpdyConnectionTest#readSendsWindowUpdateHttp2","<781236076,1>","2","java/util/concurrent/BlockingQueue.add(Ljava/lang/Object;)Z","com/squareup/okhttp/internal/spdy/MockSpdyPeer:readAndWriteFrames:151","6","19687"
"com.squareup.okhttp.internal.spdy.SpdyConnectionTest#readSendsWindowUpdateHttp2","<-1020933817,1>","52","java/lang/Thread.currentThread()Ljava/lang/Thread;","com/squareup/okhttp/internal/NamedRunnable:run:30","2","12500"
"com.squareup.okhttp.internal.spdy.SpdyConnectionTest#readSendsWindowUpdateHttp2","<main>","2","java/util/concurrent/ExecutorService.submit(Ljava/lang/Runnable;)Ljava/util/concurrent/Future;","com/squareup/okhttp/internal/spdy/SpdyConnection:writeWindowUpdateLater:345","6","19687"
"com.squareup.okhttp.internal.spdy.SpdyConnectionTest#readSendsWindowUpdateHttp2","<-1020933817,1>","37","SYNCHRONIZED_METHOD_ENTER","com/squareup/okhttp/internal/spdy/Http20Draft09$Writer:windowUpdate:0","3","17500"
"com.squareup.okhttp.internal.spdy.SpdyConnectionTest#readSendsWindowUpdateHttp2","<68941243,1>","2","SYNCHRONIZED_METHOD_EXIT","com/squareup/okhttp/internal/spdy/SpdyConnection:getStream:177","9","19960"
"com.squareup.okhttp.internal.spdy.SpdyConnectionTest#readSendsWindowUpdateHttp2","<1562044902,1>","35","MONITORENTER","okio/SegmentPool:take:39","1","10000"
"com.squareup.okhttp.internal.spdy.SpdyConnectionTest#readSendsWindowUpdateHttp2","<781236076,1>","2","MONITOREXIT","okio/SegmentPool:take:45","2","15000"
"com.squareup.okhttp.internal.spdy.SpdyConnectionTest#readSendsWindowUpdateHttp2","<68941243,1>","3","MONITORENTER","com/squareup/okhttp/internal/spdy/SpdyStream:receiveFin:309","2","15000"
"com.squareup.okhttp.internal.spdy.SpdyConnectionTest#readSendsWindowUpdateHttp2","<-1020933817,1>","55","java/lang/Thread.currentThread()Ljava/lang/Thread;","com/squareup/okhttp/internal/NamedRunnable:run:30","2","12500"
"com.squareup.okhttp.internal.spdy.SpdyConnectionTest#readSendsWindowUpdateHttp2","<-1020933817,1>","14","MONITOREXIT","okio/SegmentPool:take:45","1","10000"
"com.squareup.okhttp.internal.spdy.SpdyConnectionTest#readSendsWindowUpdateHttp2","<1562044902,1>","34","MONITORENTER","okio/SegmentPool:recycle:53","1","10000"
"com.squareup.okhttp.internal.spdy.SpdyConnectionTest#readSendsWindowUpdateHttp2","<-1020933817,1>","15","MONITORENTER","okio/SegmentPool:take:39","2","15000"
"com.squareup.okhttp.internal.spdy.SpdyConnectionTest#readSendsWindowUpdateHttp2","<-1020933817,1>","45","RUNNABLE_CALLABLE_START","com/squareup/okhttp/internal/NamedRunnable:run:0","1","10000"
"com.squareup.okhttp.internal.spdy.SpdyConnectionTest#readSendsWindowUpdateHttp2","<1562044902,1>","52","java/lang/Thread.currentThread()Ljava/lang/Thread;","com/squareup/okhttp/internal/NamedRunnable:run:31","1","10000"
"com.squareup.okhttp.internal.spdy.SpdyConnectionTest#readSendsWindowUpdateHttp2","<68941243,1>","2","MONITORENTER","com/squareup/okhttp/internal/spdy/SpdyStream$SpdyDataSource:receive:426","9","19960"
"com.squareup.okhttp.internal.spdy.SpdyConnectionTest#readSendsWindowUpdateHttp2","<main>","2","MONITOREXIT","okio/SegmentPool:take:47","11","19988"
"com.squareup.okhttp.internal.spdy.SpdyConnectionTest#readSendsWindowUpdateHttp2","<main>","2","java/util/concurrent/ExecutorService.submit(Ljava/lang/Runnable;)Ljava/util/concurrent/Future;","com/squareup/okhttp/internal/spdy/SpdyConnection:writeWindowUpdateLater:345","5","19375"
"com.squareup.okhttp.internal.spdy.SpdyConnectionTest#readSendsWindowUpdateHttp2","<68941243,1>","2","MONITORENTER","okio/SegmentPool:recycle:53","3","17500"
"com.squareup.okhttp.internal.spdy.SpdyConnectionTest#readSendsWindowUpdateHttp2","<-1020933817,1>","18","MONITORENTER","okio/SegmentPool:recycle:53","4","18750"
"com.squareup.okhttp.internal.spdy.SpdyConnectionTest#readSendsWindowUpdateHttp2","<main>","3","MONITOREXIT","okio/SegmentPool:take:47","5","19375"
"com.squareup.okhttp.internal.spdy.SpdyConnectionTest#readSendsWindowUpdateHttp2","<68941243,1>","3","java/lang/Object.notifyAll()V","com/squareup/okhttp/internal/spdy/SpdyStream$SpdyDataSource:receive:454","7","19843"
"com.squareup.okhttp.internal.spdy.SpdyConnectionTest#readSendsWindowUpdateHttp2","<1562044902,1>","48","MONITORENTER","okio/SegmentPool:recycle:53","1","10000"
"com.squareup.okhttp.internal.spdy.SpdyConnectionTest#readSendsWindowUpdateHttp2","<1562044902,1>","69","java/lang/Thread.currentThread()Ljava/lang/Thread;","com/squareup/okhttp/internal/NamedRunnable:run:30","3","13125"
"com.squareup.okhttp.internal.spdy.SpdyConnectionTest#readSendsWindowUpdateHttp2","<68941243,1>","3","MONITOREXIT","okio/SegmentPool:recycle:59","2","15000"
"com.squareup.okhttp.internal.spdy.SpdyConnectionTest#readSendsWindowUpdateHttp2","<-1020933817,1>","7","java/lang/Thread.currentThread()Ljava/lang/Thread;","com/squareup/okhttp/internal/NamedRunnable:run:30","1","10000"
"com.squareup.okhttp.internal.spdy.SpdyConnectionTest#readSendsWindowUpdateHttp2","<main>","2","SYNCHRONIZED_METHOD_ENTER","com/squareup/okhttp/internal/spdy/Http20Draft09$Writer:data:0","7","19843"
"com.squareup.okhttp.internal.spdy.SpdyConnectionTest#readSendsWindowUpdateHttp2","<1562044902,1>","31","MONITOREXIT","okio/SegmentPool:take:45","2","15000"
"com.squareup.okhttp.internal.spdy.SpdyConnectionTest#readSendsWindowUpdateHttp2","<1562044902,1>","32","RUNNABLE_CALLABLE_START","java/util/concurrent/FutureTask:run:0","1","10000"
"com.squareup.okhttp.internal.spdy.SpdyConnectionTest#readSendsWindowUpdateHttp2","<1562044902,1>","50","MONITORENTER","okio/SegmentPool:take:39","5","19375"
"com.squareup.okhttp.internal.spdy.SpdyConnectionTest#readSendsWindowUpdateHttp2","<1562044902,1>","54","java/lang/Thread.getName()Ljava/lang/String;","com/squareup/okhttp/internal/NamedRunnable:run:31","1","5000"
"com.squareup.okhttp.internal.spdy.SpdyConnectionTest#readSendsWindowUpdateHttp2","<-1020933817,1>","1","RUNNABLE_CALLABLE_START","com/squareup/okhttp/internal/NamedRunnable:run:0","1","10000"
"com.squareup.okhttp.internal.spdy.SpdyConnectionTest#readSendsWindowUpdateHttp2","<-1020933817,1>","3","java/lang/Thread.setName(Ljava/lang/String;)V","com/squareup/okhttp/internal/NamedRunnable:run:32","1","5000"
"com.squareup.okhttp.internal.spdy.SpdyConnectionTest#readSendsWindowUpdateHttp2","<-1020933817,1>","10","SYNCHRONIZED_METHOD_ENTER","com/squareup/okhttp/internal/spdy/Http20Draft09$Writer:windowUpdate:0","1","10000"
"com.squareup.okhttp.internal.spdy.SpdyConnectionTest#readSendsWindowUpdateHttp2","<-1020933817,1>","9","java/lang/Thread.getName()Ljava/lang/String;","com/squareup/okhttp/internal/NamedRunnable:run:31","1","5000"
"com.squareup.okhttp.internal.spdy.SpdyConnectionTest#readSendsWindowUpdateHttp2","<-1020933817,1>","39","java/lang/Thread.currentThread()Ljava/lang/Thread;","com/squareup/okhttp/internal/NamedRunnable:run:32","2","12500"
"com.squareup.okhttp.internal.spdy.SpdyConnectionTest#readSendsWindowUpdateHttp2","<main>","1","MONITOREXIT","okio/SegmentPool:take:47","5","19375"
"com.squareup.okhttp.internal.spdy.SpdyConnectionTest#readSendsWindowUpdateHttp2","<68941243,1>","1","MONITORENTER","okio/SegmentPool:take:39","9","19960"
"com.squareup.okhttp.internal.spdy.SpdyConnectionTest#readSendsWindowUpdateHttp2","<1562044902,1>","31","MONITORENTER","okio/SegmentPool:recycle:53","2","15000"
"com.squareup.okhttp.internal.spdy.SpdyConnectionTest#readSendsWindowUpdateHttp2","<-1020933817,1>","3","MONITOREXIT","okio/SegmentPool:take:45","2","15000"
"com.squareup.okhttp.internal.spdy.SpdyConnectionTest#readSendsWindowUpdateHttp2","<68941243,1>","3","MONITOREXIT","okio/SegmentPool:take:45","7","19843"
"com.squareup.okhttp.internal.spdy.SpdyConnectionTest#readSendsWindowUpdateHttp2","<-1020933817,1>","16","MONITORENTER","okio/SegmentPool:recycle:53","4","18750"
"com.squareup.okhttp.internal.spdy.SpdyConnectionTest#readSendsWindowUpdateHttp2","<1562044902,1>","44","MONITOREXIT","okio/SegmentPool:recycle:59","1","10000"
"com.squareup.okhttp.internal.spdy.SpdyConnectionTest#readSendsWindowUpdateHttp2","<1562044902,1>","33","MONITOREXIT","okio/SegmentPool:take:45","1","10000"
"com.squareup.okhttp.internal.spdy.SpdyConnectionTest#readSendsWindowUpdateHttp2","<68941243,1>","2","java/lang/Thread.getName()Ljava/lang/String;","com/squareup/okhttp/internal/NamedRunnable:run:31","1","5000"
"com.squareup.okhttp.internal.spdy.SpdyConnectionTest#readSendsWindowUpdateHttp2","<-1020933817,1>","9","java/lang/Thread.currentThread()Ljava/lang/Thread;","com/squareup/okhttp/internal/NamedRunnable:run:30","1","10000"
"com.squareup.okhttp.internal.spdy.SpdyConnectionTest#readSendsWindowUpdateHttp2","<68941243,1>","2","MONITOREXIT","com/squareup/okhttp/internal/spdy/SpdyStream$SpdyDataSource:receive:456","13","19994"
"com.squareup.okhttp.internal.spdy.SpdyConnectionTest#readSendsWindowUpdateHttp2","<68941243,1>","2","MONITOREXIT","okio/SegmentPool:take:45","1","10000"
"com.squareup.okhttp.internal.spdy.SpdyConnectionTest#readSendsWindowUpdateHttp2","<main>","2","MONITOREXIT","okio/SegmentPool:recycle:59","11","19988"
"com.squareup.okhttp.internal.spdy.SpdyConnectionTest#readSendsWindowUpdateHttp2","<-1020933817,1>","27","MONITORENTER","okio/SegmentPool:take:39","2","15000"
"com.squareup.okhttp.internal.spdy.SpdyConnectionTest#readSendsWindowUpdateHttp2","<-1020933817,1>","63","java/lang/Thread.currentThread()Ljava/lang/Thread;","java/util/concurrent/FutureTask:run:259","2","15000"
"com.squareup.okhttp.internal.spdy.SpdyConnectionTest#readSendsWindowUpdateHttp2","<1562044902,1>","78","java/lang/Thread.currentThread()Ljava/lang/Thread;","com/squareup/okhttp/internal/NamedRunnable:run:30","3","13125"
"com.squareup.okhttp.internal.spdy.SpdyConnectionTest#readSendsWindowUpdateHttp2","<1562044902,1>","74","java/lang/Thread.currentThread()Ljava/lang/Thread;","com/squareup/okhttp/internal/NamedRunnable:run:30","1","10000"
"com.squareup.okhttp.internal.spdy.SpdyConnectionTest#readSendsWindowUpdateHttp2","<1562044902,1>","83","java/util/concurrent/Callable.call()Ljava/lang/Object;","java/util/concurrent/FutureTask:run:266","1","10000"
"com.squareup.okhttp.internal.spdy.SpdyConnectionTest#readSendsWindowUpdateHttp2","<main>","1","java/util/concurrent/ExecutorService.submit(Ljava/lang/Runnable;)Ljava/util/concurrent/Future;","com/squareup/okhttp/internal/spdy/SpdyConnection:writeWindowUpdateLater:345","3","17500"
"com.squareup.okhttp.internal.spdy.SpdyConnectionTest#readSendsWindowUpdateHttp2","<main>","2","MONITORENTER","com/squareup/okhttp/internal/spdy/SpdyStream$SpdyDataSource:read:380","10","19979"
"com.squareup.okhttp.internal.spdy.SpdyConnectionTest#readSendsWindowUpdateHttp2","<-1020933817,1>","2","RUNNABLE_CALLABLE_START","com/squareup/okhttp/internal/NamedRunnable:run:0","1","10000"
"com.squareup.okhttp.internal.spdy.SpdyConnectionTest#readSendsWindowUpdateHttp2","<-1020933817,1>","41","java/lang/Thread.setName(Ljava/lang/String;)V","com/squareup/okhttp/internal/NamedRunnable:run:31","2","1328"
"com.squareup.okhttp.internal.spdy.SpdyConnectionTest#readSendsWindowUpdateHttp2","<68941243,1>","1","MONITOREXIT","com/squareup/okhttp/internal/spdy/SpdyStream$SpdyDataSource:receive:456","3","17500"
"com.squareup.okhttp.internal.spdy.SpdyConnectionTest#readSendsWindowUpdateHttp2","<1562044902,1>","36","MONITOREXIT","okio/SegmentPool:take:45","1","10000"
"com.squareup.okhttp.internal.spdy.SpdyConnectionTest#readSendsWindowUpdateHttp2","<-1020933817,1>","41","java/lang/Thread.setName(Ljava/lang/String;)V","com/squareup/okhttp/internal/NamedRunnable:run:31","1","1250"
"com.squareup.okhttp.internal.spdy.SpdyConnectionTest#readSendsWindowUpdateHttp2","<main>","1","SYNCHRONIZED_METHOD_ENTER","com/squareup/okhttp/internal/spdy/Http20Draft09$Writer:data:0","6","19687"
"com.squareup.okhttp.internal.spdy.SpdyConnectionTest#readSendsWindowUpdateHttp2","<781236076,1>","1","MONITORENTER","okio/SegmentPool:recycle:53","1","10000"
"com.squareup.okhttp.internal.spdy.SpdyConnectionTest#readSendsWindowUpdateHttp2","<main>","2","SYNCHRONIZED_METHOD_EXIT","com/squareup/okhttp/internal/spdy/MockSpdyPeer:close:172","1","10000"
"com.squareup.okhttp.internal.spdy.SpdyConnectionTest#readSendsWindowUpdateHttp2","<-1020933817,1>","17","MONITOREXIT","okio/SegmentPool:take:45","4","18750"
"com.squareup.okhttp.internal.spdy.SpdyConnectionTest#readSendsWindowUpdateHttp2","<-1020933817,1>","56","RUNNABLE_CALLABLE_START","com/squareup/okhttp/internal/NamedRunnable:run:0","2","15000"
"com.squareup.okhttp.internal.spdy.SpdyConnectionTest#readSendsWindowUpdateHttp2","<main>","3","MONITORENTER","com/squareup/okhttp/internal/spdy/SpdyStream$SpdyDataSource:read:363","7","19843"
"com.squareup.okhttp.internal.spdy.SpdyConnectionTest#readSendsWindowUpdateHttp2","<main>","1","SYNCHRONIZED_METHOD_EXIT","com/squareup/okhttp/internal/spdy/Http20Draft09$Writer:data:394","9","19960"
"com.squareup.okhttp.internal.spdy.SpdyConnectionTest#readSendsWindowUpdateHttp2","<-1020933817,1>","1","java/lang/Thread.getName()Ljava/lang/String;","com/squareup/okhttp/internal/NamedRunnable:run:31","1","5000"
"com.squareup.okhttp.internal.spdy.SpdyConnectionTest#readSendsWindowUpdateHttp2","<68941243,1>","1","SYNCHRONIZED_METHOD_ENTER","com/squareup/okhttp/internal/spdy/SpdyConnection:getStream:0","10","19979"
"com.squareup.okhttp.internal.spdy.SpdyConnectionTest#readSendsWindowUpdateHttp2","<1562044902,1>","49","MONITOREXIT","okio/SegmentPool:take:45","5","19375"
"com.squareup.okhttp.internal.spdy.SpdyConnectionTest#readSendsWindowUpdateHttp2","<68941243,1>","2","java/lang/Object.notifyAll()V","com/squareup/okhttp/internal/spdy/SpdyStream$SpdyDataSource:receive:454","12","19992"
"com.squareup.okhttp.internal.spdy.SpdyConnectionTest#readSendsWindowUpdateHttp2","<-1020933817,1>","42","java/lang/Thread.currentThread()Ljava/lang/Thread;","com/squareup/okhttp/internal/NamedRunnable:run:31","4","13281"
"com.squareup.okhttp.internal.spdy.SpdyConnectionTest#readSendsWindowUpdateHttp2","<781236076,1>","3","java/util/concurrent/BlockingQueue.add(Ljava/lang/Object;)Z","com/squareup/okhttp/internal/spdy/MockSpdyPeer:readAndWriteFrames:150","5","19375"
"com.squareup.okhttp.internal.spdy.SpdyConnectionTest#readSendsWindowUpdateHttp2","<68941243,1>","2","MONITORENTER","com/squareup/okhttp/internal/spdy/SpdyStream$SpdyDataSource:receive:426","7","19843"
"com.squareup.okhttp.internal.spdy.SpdyConnectionTest#readSendsWindowUpdateHttp2","<main>","3","java/io/OutputStream.flush()V","okio/Okio$1:flush:85","1","10000"
"com.squareup.okhttp.internal.spdy.SpdyConnectionTest#readSendsWindowUpdateHttp2","<1562044902,1>","33","java/lang/Thread.currentThread()Ljava/lang/Thread;","java/util/concurrent/FutureTask:run:259","1","10000"
"com.squareup.okhttp.internal.spdy.SpdyConnectionTest#readSendsWindowUpdateHttp2","<main>","3","MONITOREXIT","okio/SegmentPool:recycle:59","13","19994"
"com.squareup.okhttp.internal.spdy.SpdyConnectionTest#readSendsWindowUpdateHttp2","<-1020933817,1>","28","java/lang/Thread.setName(Ljava/lang/String;)V","com/squareup/okhttp/internal/NamedRunnable:run:31","1","1250"
"com.squareup.okhttp.internal.spdy.SpdyConnectionTest#readSendsWindowUpdateHttp2","<-1020933817,1>","25","MONITORENTER","okio/SegmentPool:take:39","1","10000"
"com.squareup.okhttp.internal.spdy.SpdyConnectionTest#readSendsWindowUpdateHttp2","<main>","2","MONITOREXIT","com/squareup/okhttp/internal/spdy/SpdyStream$SpdyDataSource:read:377","8","19921"
"com.squareup.okhttp.internal.spdy.SpdyConnectionTest#readSendsWindowUpdateHttp2","<main>","3","MONITOREXIT","okio/SegmentPool:take:45","14","19995"
"com.squareup.okhttp.internal.spdy.SpdyConnectionTest#readSendsWindowUpdateHttp2","<-1020933817,1>","45","java/lang/Thread.currentThread()Ljava/lang/Thread;","java/util/concurrent/FutureTask:run:259","1","10000"
"com.squareup.okhttp.internal.spdy.SpdyConnectionTest#readSendsWindowUpdateHttp2","<1562044902,1>","57","java/lang/Thread.currentThread()Ljava/lang/Thread;","com/squareup/okhttp/internal/NamedRunnable:run:32","3","13125"
"com.squareup.okhttp.internal.spdy.SpdyConnectionTest#readSendsWindowUpdateHttp2","<main>","1","MONITORENTER","okio/SegmentPool:recycle:53","12","19992"
"com.squareup.okhttp.internal.spdy.SpdyConnectionTest#readSendsWindowUpdateHttp2","<1562044902,1>","53","java/lang/Thread.currentThread()Ljava/lang/Thread;","com/squareup/okhttp/internal/NamedRunnable:run:31","3","13125"
"com.squareup.okhttp.internal.spdy.SpdyConnectionTest#readSendsWindowUpdateHttp2","<68941243,1>","3","MONITOREXIT","okio/SegmentPool:take:47","7","19843"
"com.squareup.okhttp.internal.spdy.SpdyConnectionTest#readSendsWindowUpdateHttp2","<main>","2","java/util/concurrent/Executors.callable(Ljava/lang/Runnable;Ljava/lang/Object;)Ljava/util/concurrent/Callable;","java/util/concurrent/FutureTask:<init>:153","6","19687"
"com.squareup.okhttp.internal.spdy.SpdyConnectionTest#readSendsWindowUpdateHttp2","<main>","1","java/util/concurrent/Executors.callable(Ljava/lang/Runnable;Ljava/lang/Object;)Ljava/util/concurrent/Callable;","java/util/concurrent/FutureTask:<init>:153","4","18750"
"com.squareup.okhttp.internal.spdy.SpdyConnectionTest#readSendsWindowUpdateHttp2","<68941243,1>","2","java/lang/Thread.currentThread()Ljava/lang/Thread;","com/squareup/okhttp/internal/NamedRunnable:run:32","1","10000"
"com.squareup.okhttp.internal.spdy.SpdyConnectionTest#readSendsWindowUpdateHttp2","<-1020933817,1>","12","MONITORENTER","okio/SegmentPool:take:39","1","10000"
"com.squareup.okhttp.internal.spdy.SpdyConnectionTest#readSendsWindowUpdateHttp2","<1562044902,1>","67","java/lang/Thread.currentThread()Ljava/lang/Thread;","java/util/concurrent/FutureTask:run:259","3","17500"
"com.squareup.okhttp.internal.spdy.SpdyConnectionTest#readSendsWindowUpdateHttp2","<main>","1","java/util/concurrent/ExecutorService.execute(Ljava/lang/Runnable;)V","com/squareup/okhttp/internal/spdy/MockSpdyPeer:play:104","1","10000"
"com.squareup.okhttp.internal.spdy.SpdyConnectionTest#readSendsWindowUpdateHttp2","<1562044902,1>","3","RUNNABLE_CALLABLE_START","java/util/concurrent/FutureTask:run:0","1","10000"
"com.squareup.okhttp.internal.spdy.SpdyConnectionTest#readSendsWindowUpdateHttp2","<1562044902,1>","85","java/lang/Thread.currentThread()Ljava/lang/Thread;","java/util/concurrent/FutureTask:run:258","3","17500"
"com.squareup.okhttp.internal.spdy.SpdyConnectionTest#readSendsWindowUpdateHttp2","<main>","1","MONITOREXIT","okio/SegmentPool:recycle:59","2","15000"
"com.squareup.okhttp.internal.spdy.SpdyConnectionTest#readSendsWindowUpdateHttp2","<main>","1","java/io/OutputStream.flush()V","okio/Okio$1:flush:85","1","10000"
"com.squareup.okhttp.internal.spdy.SpdyConnectionTest#readSendsWindowUpdateHttp2","<-1020933817,1>","61","java/util/concurrent/Callable.call()Ljava/lang/Object;","java/util/concurrent/FutureTask:run:266","3","17500"
"com.squareup.okhttp.internal.spdy.SpdyConnectionTest#readSendsWindowUpdateHttp2","<68941243,1>","1","MONITORENTER","okio/SegmentPool:take:39","7","19843"
"com.squareup.okhttp.internal.spdy.SpdyConnectionTest#readSendsWindowUpdateHttp2","<1562044902,1>","1","MONITOREXIT","okio/SegmentPool:recycle:59","1","10000"
"com.squareup.okhttp.internal.spdy.SpdyConnectionTest#readSendsWindowUpdateHttp2","<1562044902,1>","72","java/util/concurrent/Callable.call()Ljava/lang/Object;","java/util/concurrent/FutureTask:run:266","2","15000"
"com.squareup.okhttp.internal.spdy.SpdyConnectionTest#readSendsWindowUpdateHttp2","<68941243,1>","2","SYNCHRONIZED_METHOD_ENTER","com/squareup/okhttp/internal/spdy/SpdyConnection:getStream:0","4","18750"
"com.squareup.okhttp.internal.spdy.SpdyConnectionTest#readSendsWindowUpdateHttp2","<-1020933817,1>","14","MONITOREXIT","okio/SegmentPool:take:45","3","17500"
"com.squareup.okhttp.internal.spdy.SpdyConnectionTest#readSendsWindowUpdateHttp2","<-1020933817,1>","8","MONITORENTER","okio/SegmentPool:take:39","2","15000"
"com.squareup.okhttp.internal.spdy.SpdyConnectionTest#readSendsWindowUpdateHttp2","<-1020933817,1>","45","RUNNABLE_CALLABLE_START","com/squareup/okhttp/internal/NamedRunnable:run:0","3","17500"
"com.squareup.okhttp.internal.spdy.SpdyConnectionTest#readSendsWindowUpdateHttp2","<68941243,1>","2","MONITOREXIT","com/squareup/okhttp/internal/spdy/SpdyStream$SpdyDataSource:receive:429","11","19988"
"com.squareup.okhttp.internal.spdy.SpdyConnectionTest#readSendsWindowUpdateHttp2","<-1020933817,1>","48","RUNNABLE_CALLABLE_START","com/squareup/okhttp/internal/NamedRunnable:run:0","1","10000"
"com.squareup.okhttp.internal.spdy.SpdyConnectionTest#readSendsWindowUpdateHttp2","<68941243,1>","2","MONITORENTER","com/squareup/okhttp/internal/spdy/SpdyStream$SpdyDataSource:receive:450","9","19960"
"com.squareup.okhttp.internal.spdy.SpdyConnectionTest#readSendsWindowUpdateHttp2","<68941243,1>","3","MONITOREXIT","com/squareup/okhttp/internal/spdy/SpdyStream$SpdyDataSource:receive:456","4","18750"
"com.squareup.okhttp.internal.spdy.SpdyConnectionTest#readSendsWindowUpdateHttp2","<main>","3","MONITOREXIT","okio/SegmentPool:recycle:59","3","17500"
"com.squareup.okhttp.internal.spdy.SpdyConnectionTest#readSendsWindowUpdateHttp2","<1562044902,1>","39","MONITOREXIT","okio/SegmentPool:take:45","1","10000"
"com.squareup.okhttp.internal.spdy.SpdyConnectionTest#readSendsWindowUpdateHttp2","<main>","2","java/util/concurrent/BlockingQueue.take()Ljava/lang/Object;","com/squareup/okhttp/internal/spdy/MockSpdyPeer:takeFrame:96","1","10000"
"com.squareup.okhttp.internal.spdy.SpdyConnectionTest#readSendsWindowUpdateHttp2","<1562044902,1>","61","java/lang/Thread.setName(Ljava/lang/String;)V","com/squareup/okhttp/internal/NamedRunnable:run:32","2","6250"
"com.squareup.okhttp.internal.spdy.SpdyConnectionTest#readSendsWindowUpdateHttp2","<68941243,1>","1","MONITORENTER","okio/SegmentPool:recycle:53","3","17500"
"com.squareup.okhttp.internal.spdy.SpdyConnectionTest#readSendsWindowUpdateHttp2","<781236076,1>","3","MONITOREXIT","okio/SegmentPool:recycle:54","6","19687"
"com.squareup.okhttp.internal.spdy.SpdyConnectionTest#readSendsWindowUpdateHttp2","<68941243,1>","2","MONITORENTER","okio/SegmentPool:take:39","7","19843"
"com.squareup.okhttp.internal.spdy.SpdyConnectionTest#readSendsWindowUpdateHttp2","<-1020933817,1>","49","java/lang/Thread.currentThread()Ljava/lang/Thread;","com/squareup/okhttp/internal/NamedRunnable:run:30","1","10000"
"com.squareup.okhttp.internal.spdy.SpdyConnectionTest#readSendsWindowUpdateHttp2","<main>","2","MONITOREXIT","com/squareup/okhttp/internal/spdy/SpdyStream$SpdyDataSource:read:387","1","10000"
"com.squareup.okhttp.internal.spdy.SpdyConnectionTest#readSendsWindowUpdateHttp2","<-1020933817,1>","30","java/lang/Thread.currentThread()Ljava/lang/Thread;","com/squareup/okhttp/internal/NamedRunnable:run:31","1","10000"
"com.squareup.okhttp.internal.spdy.SpdyConnectionTest#readSendsWindowUpdateHttp2","<main>","2","MONITOREXIT","okio/SegmentPool:take:47","10","19979"
"com.squareup.okhttp.internal.spdy.SpdyConnectionTest#readSendsWindowUpdateHttp2","<68941243,1>","1","java/lang/Object.notifyAll()V","com/squareup/okhttp/internal/spdy/SpdyStream:receiveFin:312","1","10000"
"com.squareup.okhttp.internal.spdy.SpdyConnectionTest#readSendsWindowUpdateHttp2","<-1020933817,1>","3","java/lang/Thread.currentThread()Ljava/lang/Thread;","com/squareup/okhttp/internal/NamedRunnable:run:35","1","10000"
"com.squareup.okhttp.internal.spdy.SpdyConnectionTest#readSendsWindowUpdateHttp2","<68941243,1>","1","MONITORENTER","com/squareup/okhttp/internal/spdy/SpdyStream$SpdyDataSource:receive:426","7","19843"
"com.squareup.okhttp.internal.spdy.SpdyConnectionTest#readSendsWindowUpdateHttp2","<1562044902,1>","2","java/util/concurrent/Callable.call()Ljava/lang/Object;","java/util/concurrent/FutureTask:run:266","1","10000"
"com.squareup.okhttp.internal.spdy.SpdyConnectionTest#readSendsWindowUpdateHttp2","<-1020933817,1>","11","MONITORENTER","okio/SegmentPool:take:39","1","10000"
"com.squareup.okhttp.internal.spdy.SpdyConnectionTest#readSendsWindowUpdateHttp2","<main>","3","MONITORENTER","okio/SegmentPool:take:39","4","18750"
"com.squareup.okhttp.internal.spdy.SpdyConnectionTest#readSendsWindowUpdateHttp2","<1562044902,1>","71","java/util/concurrent/Callable.call()Ljava/lang/Object;","java/util/concurrent/FutureTask:run:266","1","10000"
"com.squareup.okhttp.internal.spdy.SpdyConnectionTest#readSendsWindowUpdateHttp2","<1562044902,1>","35","SYNCHRONIZED_METHOD_ENTER","com/squareup/okhttp/internal/spdy/Http20Draft09$Writer:windowUpdate:0","1","10000"
"com.squareup.okhttp.internal.spdy.SpdyConnectionTest#readSendsWindowUpdateHttp2","<-1020933817,1>","73","java/lang/Thread.currentThread()Ljava/lang/Thread;","java/util/concurrent/FutureTask:run:258","2","15000"
"com.squareup.okhttp.internal.spdy.SpdyConnectionTest#readSendsWindowUpdateHttp2","<-1020933817,1>","31","SYNCHRONIZED_METHOD_ENTER","com/squareup/okhttp/internal/spdy/Http20Draft09$Writer:windowUpdate:0","2","15000"
"com.squareup.okhttp.internal.spdy.SpdyConnectionTest#readSendsWindowUpdateHttp2","<-1020933817,1>","52","java/lang/Thread.getName()Ljava/lang/String;","com/squareup/okhttp/internal/NamedRunnable:run:30","2","6250"
"com.squareup.okhttp.internal.spdy.SpdyConnectionTest#readSendsWindowUpdateHttp2","<1562044902,1>","83","java/util/concurrent/Callable.call()Ljava/lang/Object;","java/util/concurrent/FutureTask:run:266","3","17500"
"com.squareup.okhttp.internal.spdy.SpdyConnectionTest#readSendsWindowUpdateHttp2","<68941243,1>","3","MONITOREXIT","com/squareup/okhttp/internal/spdy/SpdyConnection$Reader:headers:631","1","10000"
"com.squareup.okhttp.internal.spdy.SpdyConnectionTest#readSendsWindowUpdateHttp2","<-1020933817,1>","45","java/lang/Thread.getName()Ljava/lang/String;","com/squareup/okhttp/internal/NamedRunnable:run:30","1","5000"
"com.squareup.okhttp.internal.spdy.SpdyConnectionTest#readSendsWindowUpdateHttp2","<-1020933817,1>","50","java/lang/Thread.currentThread()Ljava/lang/Thread;","com/squareup/okhttp/internal/NamedRunnable:run:30","2","12500"
"com.squareup.okhttp.internal.spdy.SpdyConnectionTest#readSendsWindowUpdateHttp2","<1562044902,1>","67","java/lang/Thread.getName()Ljava/lang/String;","com/squareup/okhttp/internal/NamedRunnable:run:30","2","6250"
"com.squareup.okhttp.internal.spdy.SpdyConnectionTest#readSendsWindowUpdateHttp2","<main>","2","MONITORENTER","com/squareup/okhttp/internal/spdy/SpdyStream$SpdyDataSource:read:363","3","17500"
"com.squareup.okhttp.internal.spdy.SpdyConnectionTest#readSendsWindowUpdateHttp2","<-1020933817,1>","41","java/lang/Thread.currentThread()Ljava/lang/Thread;","com/squareup/okhttp/internal/NamedRunnable:run:31","6","13329"
"com.squareup.okhttp.internal.spdy.SpdyConnectionTest#readSendsWindowUpdateHttp2","<-1020933817,1>","54","java/lang/Thread.currentThread()Ljava/lang/Thread;","com/squareup/okhttp/internal/NamedRunnable:run:30","3","13125"
"com.squareup.okhttp.internal.spdy.SpdyConnectionTest#readSendsWindowUpdateHttp2","<1562044902,1>","67","java/lang/Thread.currentThread()Ljava/lang/Thread;","java/util/concurrent/FutureTask:run:258","1","10000"
"com.squareup.okhttp.internal.spdy.SpdyConnectionTest#readSendsWindowUpdateHttp2","<-1020933817,1>","39","java/lang/Thread.setName(Ljava/lang/String;)V","com/squareup/okhttp/internal/NamedRunnable:run:32","1","5000"
"com.squareup.okhttp.internal.spdy.SpdyConnectionTest#readSendsWindowUpdateHttp2","<68941243,1>","2","java/lang/Object.notifyAll()V","com/squareup/okhttp/internal/spdy/SpdyStream$SpdyDataSource:receive:455","8","19921"
"com.squareup.okhttp.internal.spdy.SpdyConnectionTest#readSendsWindowUpdateHttp2","<-1020933817,1>","16","MONITOREXIT","okio/SegmentPool:take:45","2","15000"
"com.squareup.okhttp.internal.spdy.SpdyConnectionTest#readSendsWindowUpdateHttp2","<1562044902,1>","55","java/lang/Thread.setName(Ljava/lang/String;)V","com/squareup/okhttp/internal/NamedRunnable:run:32","3","6562"
"com.squareup.okhttp.internal.spdy.SpdyConnectionTest#readSendsWindowUpdateHttp2","<1562044902,1>","17","java/io/OutputStream.flush()V","okio/Okio$1:flush:84","1","10000"
"com.squareup.okhttp.internal.spdy.SpdyConnectionTest#readSendsWindowUpdateHttp2","<781236076,1>","1","MONITOREXIT","okio/SegmentPool:recycle:59","12","19992"
"com.squareup.okhttp.internal.spdy.SpdyConnectionTest#readSendsWindowUpdateHttp2","<781236076,1>","3","MONITOREXIT","okio/SegmentPool:take:45","3","17500"
"com.squareup.okhttp.internal.spdy.SpdyConnectionTest#readSendsWindowUpdateHttp2","<-1020933817,1>","63","java/lang/Thread.currentThread()Ljava/lang/Thread;","java/util/concurrent/FutureTask:run:258","1","10000"
"com.squareup.okhttp.internal.spdy.SpdyConnectionTest#readSendsWindowUpdateHttp2","<main>","1","MONITORENTER","com/squareup/okhttp/internal/spdy/SpdyStream$SpdyDataSource:read:363","1","10000"
"com.squareup.okhttp.internal.spdy.SpdyConnectionTest#readSendsWindowUpdateHttp2","<68941243,1>","1","MONITORENTER","com/squareup/okhttp/internal/spdy/SpdyStream$SpdyDataSource:receive:450","1","10000"
"com.squareup.okhttp.internal.spdy.SpdyConnectionTest#readSendsWindowUpdateHttp2","<-1020933817,1>","27","MONITORENTER","okio/SegmentPool:take:39","5","19375"
"com.squareup.okhttp.internal.spdy.SpdyConnectionTest#readSendsWindowUpdateHttp2","<1562044902,1>","17","java/io/OutputStream.flush()V","okio/Okio$1:flush:85","1","10000"
"com.squareup.okhttp.internal.spdy.SpdyConnectionTest#readSendsWindowUpdateHttp2","<68941243,1>","3","SYNCHRONIZED_METHOD_EXIT","com/squareup/okhttp/internal/spdy/SpdyConnection:getStream:177","1","10000"
"com.squareup.okhttp.internal.spdy.SpdyConnectionTest#readSendsWindowUpdateHttp2","<-1020933817,1>","20","MONITORENTER","okio/SegmentPool:recycle:53","1","10000"
"com.squareup.okhttp.internal.spdy.SpdyConnectionTest#readSendsWindowUpdateHttp2","<-1020933817,1>","28","java/lang/Thread.setName(Ljava/lang/String;)V","com/squareup/okhttp/internal/NamedRunnable:run:31","3","1332"
"com.squareup.okhttp.internal.spdy.SpdyConnectionTest#readSendsWindowUpdateHttp2","<1562044902,1>","2","java/lang/Thread.currentThread()Ljava/lang/Thread;","com/squareup/okhttp/internal/NamedRunnable:run:30","1","10000"
"com.squareup.okhttp.internal.spdy.SpdyConnectionTest#readSendsWindowUpdateHttp2","<781236076,1>","1","RUNNABLE_CALLABLE_START","com/squareup/okhttp/internal/spdy/MockSpdyPeer$1:run:0","1","10000"
"com.squareup.okhttp.internal.spdy.SpdyConnectionTest#readSendsWindowUpdateHttp2","<-1020933817,1>","2","MONITOREXIT","okio/SegmentPool:recycle:59","1","10000"
"com.squareup.okhttp.internal.spdy.SpdyConnectionTest#readSendsWindowUpdateHttp2","<-1020933817,1>","45","java/lang/Thread.currentThread()Ljava/lang/Thread;","java/util/concurrent/FutureTask:run:259","3","17500"
"com.squareup.okhttp.internal.spdy.SpdyConnectionTest#readSendsWindowUpdateHttp2","<1562044902,1>","54","java/lang/Thread.currentThread()Ljava/lang/Thread;","com/squareup/okhttp/internal/NamedRunnable:run:31","6","13329"
"com.squareup.okhttp.internal.spdy.SpdyConnectionTest#readSendsWindowUpdateHttp2","<1562044902,1>","2","MONITOREXIT","okio/SegmentPool:recycle:59","1","10000"
"com.squareup.okhttp.internal.spdy.SpdyConnectionTest#readSendsWindowUpdateHttp2","<main>","2","java/util/concurrent/Executors.callable(Ljava/lang/Runnable;Ljava/lang/Object;)Ljava/util/concurrent/Callable;","java/util/concurrent/FutureTask:<init>:153","1","10000"
"com.squareup.okhttp.internal.spdy.SpdyConnectionTest#readSendsWindowUpdateHttp2","<-1020933817,1>","66","java/lang/Thread.currentThread()Ljava/lang/Thread;","java/util/concurrent/FutureTask:run:258","1","10000"
"com.squareup.okhttp.internal.spdy.SpdyConnectionTest#readSendsWindowUpdateHttp2","<-1020933817,1>","23","MONITOREXIT","okio/SegmentPool:take:45","4","18750"
"com.squareup.okhttp.internal.spdy.SpdyConnectionTest#readSendsWindowUpdateHttp2","<-1020933817,1>","8","java/lang/Thread.setName(Ljava/lang/String;)V","com/squareup/okhttp/internal/NamedRunnable:run:31","1","1250"
"com.squareup.okhttp.internal.spdy.SpdyConnectionTest#readSendsWindowUpdateHttp2","<68941243,1>","1","java/lang/Object.notifyAll()V","com/squareup/okhttp/internal/spdy/SpdyStream$SpdyDataSource:receive:454","7","19843"
"com.squareup.okhttp.internal.spdy.SpdyConnectionTest#readSendsWindowUpdateHttp2","<-1020933817,1>","52","java/lang/Thread.currentThread()Ljava/lang/Thread;","com/squareup/okhttp/internal/NamedRunnable:run:30","1","10000"
"com.squareup.okhttp.internal.spdy.SpdyConnectionTest#readSendsWindowUpdateHttp2","<main>","1","MONITOREXIT","okio/SegmentPool:recycle:59","6","19687"
"com.squareup.okhttp.internal.spdy.SpdyConnectionTest#readSendsWindowUpdateHttp2","<68941243,1>","2","SYNCHRONIZED_METHOD_ENTER","com/squareup/okhttp/internal/spdy/SpdyConnection:getStream:0","9","19960"
"com.squareup.okhttp.internal.spdy.SpdyConnectionTest#readSendsWindowUpdateHttp2","<main>","3","MONITOREXIT","okio/SegmentPool:take:45","12","19992"
"com.squareup.okhttp.internal.spdy.SpdyConnectionTest#readSendsWindowUpdateHttp2","<-1020933817,1>","46","java/lang/Thread.currentThread()Ljava/lang/Thread;","java/util/concurrent/FutureTask:run:258","2","15000"
"com.squareup.okhttp.internal.spdy.SpdyConnectionTest#readSendsWindowUpdateHttp2","<-1020933817,1>","5","MONITOREXIT","okio/SegmentPool:recycle:59","1","10000"
"com.squareup.okhttp.internal.spdy.SpdyConnectionTest#readSendsWindowUpdateHttp2","<68941243,1>","2","MONITOREXIT","okio/SegmentPool:take:47","3","17500"
"com.squareup.okhttp.internal.spdy.SpdyConnectionTest#readSendsWindowUpdateHttp2","<-1020933817,1>","25","MONITORENTER","okio/SegmentPool:take:39","5","19375"
"com.squareup.okhttp.internal.spdy.SpdyConnectionTest#readSendsWindowUpdateHttp2","<68941243,1>","2","java/lang/Object.notifyAll()V","com/squareup/okhttp/internal/spdy/SpdyStream$SpdyDataSource:receive:454","4","18750"
"com.squareup.okhttp.internal.spdy.SpdyConnectionTest#readSendsWindowUpdateHttp2","<1562044902,1>","56","java/lang/Thread.currentThread()Ljava/lang/Thread;","com/squareup/okhttp/internal/NamedRunnable:run:32","3","13125"
"com.squareup.okhttp.internal.spdy.SpdyConnectionTest#readSendsWindowUpdateHttp2","<1562044902,1>","49","MONITORENTER","okio/SegmentPool:take:39","6","19687"
"com.squareup.okhttp.internal.spdy.SpdyConnectionTest#readSendsWindowUpdateHttp2","<68941243,1>","3","MONITOREXIT","com/squareup/okhttp/internal/spdy/SpdyStream$SpdyDataSource:receive:456","9","19960"
"com.squareup.okhttp.internal.spdy.SpdyConnectionTest#readSendsWindowUpdateHttp2","<68941243,1>","2","MONITORENTER","okio/SegmentPool:recycle:53","4","18750"
"com.squareup.okhttp.internal.spdy.SpdyConnectionTest#readSendsWindowUpdateHttp2","<main>","2","MONITORENTER","okio/SegmentPool:take:39","14","19995"
"com.squareup.okhttp.internal.spdy.SpdyConnectionTest#readSendsWindowUpdateHttp2","<-1020933817,1>","44","RUNNABLE_CALLABLE_START","com/squareup/okhttp/internal/NamedRunnable:run:0","1","10000"
"com.squareup.okhttp.internal.spdy.SpdyConnectionTest#readSendsWindowUpdateHttp2","<-1020933817,1>","28","java/lang/Thread.currentThread()Ljava/lang/Thread;","com/squareup/okhttp/internal/NamedRunnable:run:32","3","13125"
"com.squareup.okhttp.internal.spdy.SpdyConnectionTest#readSendsWindowUpdateHttp2","<781236076,1>","3","java/util/concurrent/BlockingQueue.add(Ljava/lang/Object;)Z","com/squareup/okhttp/internal/spdy/MockSpdyPeer:readAndWriteFrames:151","2","15000"
"com.squareup.okhttp.internal.spdy.SpdyConnectionTest#readSendsWindowUpdateHttp2","<main>","1","MONITORENTER","okio/SegmentPool:take:39","1","10000"
"com.squareup.okhttp.internal.spdy.SpdyConnectionTest#readSendsWindowUpdateHttp2","<-1020933817,1>","46","java/lang/Thread.currentThread()Ljava/lang/Thread;","com/squareup/okhttp/internal/NamedRunnable:run:30","1","10000"
"com.squareup.okhttp.internal.spdy.SpdyConnectionTest#readSendsWindowUpdateHttp2","<68941243,1>","3","MONITOREXIT","com/squareup/okhttp/internal/spdy/SpdyStream$SpdyDataSource:receive:429","12","19992"
"com.squareup.okhttp.internal.spdy.SpdyConnectionTest#readSendsWindowUpdateHttp2","<-1020933817,1>","9","MONITORENTER","okio/SegmentPool:recycle:53","2","15000"
"com.squareup.okhttp.internal.spdy.SpdyConnectionTest#readSendsWindowUpdateHttp2","<68941243,1>","2","MONITORENTER","com/squareup/okhttp/internal/spdy/SpdyStream$SpdyDataSource:receive:450","13","19994"
"com.squareup.okhttp.internal.spdy.SpdyConnectionTest#readSendsWindowUpdateHttp2","<-1020933817,1>","47","RUNNABLE_CALLABLE_START","com/squareup/okhttp/internal/NamedRunnable:run:0","1","10000"
"com.squareup.okhttp.internal.spdy.SpdyConnectionTest#readSendsWindowUpdateHttp2","<781236076,1>","3","MONITOREXIT","okio/SegmentPool:recycle:54","1","10000"
"com.squareup.okhttp.internal.spdy.SpdyConnectionTest#readSendsWindowUpdateHttp2","<1562044902,1>","33","java/lang/Thread.currentThread()Ljava/lang/Thread;","com/squareup/okhttp/internal/NamedRunnable:run:31","2","12500"
"com.squareup.okhttp.internal.spdy.SpdyConnectionTest#readSendsWindowUpdateHttp2","<-1020933817,1>","36","SYNCHRONIZED_METHOD_ENTER","com/squareup/okhttp/internal/spdy/Http20Draft09$Writer:windowUpdate:0","2","15000"
"com.squareup.okhttp.internal.spdy.SpdyConnectionTest#readSendsWindowUpdateHttp2","<781236076,1>","3","MONITOREXIT","okio/SegmentPool:recycle:54","8","19921"
"com.squareup.okhttp.internal.spdy.SpdyConnectionTest#readSendsWindowUpdateHttp2","<main>","3","MONITORENTER","okio/SegmentPool:take:39","9","19960"
"com.squareup.okhttp.internal.spdy.SpdyConnectionTest#readSendsWindowUpdateHttp2","<1562044902,1>","61","java/lang/Thread.currentThread()Ljava/lang/Thread;","com/squareup/okhttp/internal/NamedRunnable:run:32","1","10000"
"com.squareup.okhttp.internal.spdy.SpdyConnectionTest#readSendsWindowUpdateHttp2","<1562044902,1>","36","java/lang/Thread.currentThread()Ljava/lang/Thread;","com/squareup/okhttp/internal/NamedRunnable:run:31","1","10000"
"com.squareup.okhttp.internal.spdy.SpdyConnectionTest#readSendsWindowUpdateHttp2","<1562044902,1>","20","SYNCHRONIZED_METHOD_EXIT","com/squareup/okhttp/internal/spdy/Http20Draft09$Writer:windowUpdate:470","1","10000"
"com.squareup.okhttp.internal.spdy.SpdyConnectionTest#readSendsWindowUpdateHttp2","<1562044902,1>","36","MONITOREXIT","okio/SegmentPool:take:45","2","15000"
"com.squareup.okhttp.internal.spdy.SpdyConnectionTest#readSendsWindowUpdateHttp2","<main>","3","java/util/concurrent/ExecutorService.submit(Ljava/lang/Runnable;)Ljava/util/concurrent/Future;","com/squareup/okhttp/internal/spdy/SpdyConnection:writeWindowUpdateLater:345","5","19375"
"com.squareup.okhttp.internal.spdy.SpdyConnectionTest#readSendsWindowUpdateHttp2","<-1020933817,1>","7","MONITORENTER","okio/SegmentPool:take:39","2","15000"
"com.squareup.okhttp.internal.spdy.SpdyConnectionTest#readSendsWindowUpdateHttp2","<main>","2","SYNCHRONIZED_METHOD_ENTER","com/squareup/okhttp/internal/spdy/Http20Draft09$Writer:data:0","13","19994"
"com.squareup.okhttp.internal.spdy.SpdyConnectionTest#readSendsWindowUpdateHttp2","<1562044902,1>","66","java/lang/Thread.currentThread()Ljava/lang/Thread;","com/squareup/okhttp/internal/NamedRunnable:run:31","2","12500"
"com.squareup.okhttp.internal.spdy.SpdyConnectionTest#readSendsWindowUpdateHttp2","<-1020933817,1>","18","MONITORENTER","okio/SegmentPool:recycle:53","2","15000"
"com.squareup.okhttp.internal.spdy.SpdyConnectionTest#readSendsWindowUpdateHttp2","<1562044902,1>","31","MONITOREXIT","okio/SegmentPool:recycle:59","2","15000"
"com.squareup.okhttp.internal.spdy.SpdyConnectionTest#readSendsWindowUpdateHttp2","<1562044902,1>","76","java/lang/Thread.getName()Ljava/lang/String;","com/squareup/okhttp/internal/NamedRunnable:run:30","3","6562"
"com.squareup.okhttp.internal.spdy.SpdyConnectionTest#readSendsWindowUpdateHttp2","<main>","2","MONITOREXIT","com/squareup/okhttp/internal/spdy/SpdyStream$SpdyDataSource:read:377","1","10000"
"com.squareup.okhttp.internal.spdy.SpdyConnectionTest#readSendsWindowUpdateHttp2","<1562044902,1>","23","SYNCHRONIZED_METHOD_EXIT","com/squareup/okhttp/internal/spdy/Http20Draft09$Writer:windowUpdate:470","1","10000"
"com.squareup.okhttp.internal.spdy.SpdyConnectionTest#readSendsWindowUpdateHttp2","<-1020933817,1>","64","java/lang/Thread.currentThread()Ljava/lang/Thread;","java/util/concurrent/FutureTask:run:258","2","15000"
"com.squareup.okhttp.internal.spdy.SpdyConnectionTest#readSendsWindowUpdateHttp2","<-1020933817,1>","70","java/lang/Thread.currentThread()Ljava/lang/Thread;","java/util/concurrent/FutureTask:run:259","2","15000"
"com.squareup.okhttp.internal.spdy.SpdyConnectionTest#readSendsWindowUpdateHttp2","<68941243,1>","2","MONITORENTER","com/squareup/okhttp/internal/spdy/SpdyStream$SpdyDataSource:receive:450","2","15000"
"com.squareup.okhttp.internal.spdy.SpdyConnectionTest#readSendsWindowUpdateHttp2","<-1020933817,1>","56","RUNNABLE_CALLABLE_START","com/squareup/okhttp/internal/NamedRunnable:run:0","1","10000"
"com.squareup.okhttp.internal.spdy.SpdyConnectionTest#readSendsWindowUpdateHttp2","<-1020933817,1>","39","java/lang/Thread.setName(Ljava/lang/String;)V","com/squareup/okhttp/internal/NamedRunnable:run:32","2","6250"
"com.squareup.okhttp.internal.spdy.SpdyConnectionTest#readSendsWindowUpdateHttp2","<781236076,1>","3","MONITOREXIT","okio/SegmentPool:recycle:59","4","18750"
"com.squareup.okhttp.internal.spdy.SpdyConnectionTest#readSendsWindowUpdateHttp2","<main>","1","SYNCHRONIZED_METHOD_ENTER","com/squareup/okhttp/internal/spdy/Http20Draft09$Writer:data:0","3","17500"
"com.squareup.okhttp.internal.spdy.SpdyConnectionTest#readSendsWindowUpdateHttp2","<1562044902,1>","94","java/lang/Thread.currentThread()Ljava/lang/Thread;","java/util/concurrent/FutureTask:run:258","1","10000"
"com.squareup.okhttp.internal.spdy.SpdyConnectionTest#readSendsWindowUpdateHttp2","<1562044902,1>","1","java/lang/Thread.currentThread()Ljava/lang/Thread;","java/util/concurrent/FutureTask:run:259","1","10000"
"com.squareup.okhttp.internal.spdy.SpdyConnectionTest#readSendsWindowUpdateHttp2","<1562044902,1>","38","MONITOREXIT","okio/SegmentPool:take:45","1","10000"
"com.squareup.okhttp.internal.spdy.SpdyConnectionTest#readSendsWindowUpdateHttp2","<-1020933817,1>","3","MONITOREXIT","okio/SegmentPool:recycle:59","2","15000"
"com.squareup.okhttp.internal.spdy.SpdyConnectionTest#readSendsWindowUpdateHttp2","<main>","3","MONITOREXIT","com/squareup/okhttp/internal/spdy/SpdyStream$SpdyDataSource:read:387","6","19687"
"com.squareup.okhttp.internal.spdy.SpdyConnectionTest#readSendsWindowUpdateHttp2","<-1020933817,1>","63","java/lang/Thread.currentThread()Ljava/lang/Thread;","java/util/concurrent/FutureTask:run:258","3","17500"
"com.squareup.okhttp.internal.spdy.SpdyConnectionTest#readSendsWindowUpdateHttp2","<main>","1","MONITORENTER","com/squareup/okhttp/internal/spdy/SpdyStream$SpdyDataSource:read:363","3","17500"
"com.squareup.okhttp.internal.spdy.SpdyConnectionTest#readSendsWindowUpdateHttp2","<68941243,1>","1","MONITORENTER","com/squareup/okhttp/internal/spdy/SpdyStream$SpdyDataSource:receive:450","3","17500"
"com.squareup.okhttp.internal.spdy.SpdyConnectionTest#readSendsWindowUpdateHttp2","<-1020933817,1>","15","MONITOREXIT","okio/SegmentPool:take:45","1","10000"
"com.squareup.okhttp.internal.spdy.SpdyConnectionTest#readSendsWindowUpdateHttp2","<-1020933817,1>","68","java/lang/Thread.currentThread()Ljava/lang/Thread;","java/util/concurrent/FutureTask:run:259","2","15000"
"com.squareup.okhttp.internal.spdy.SpdyConnectionTest#readSendsWindowUpdateHttp2","<68941243,1>","1","MONITOREXIT","com/squareup/okhttp/internal/spdy/SpdyStream:receiveFin:313","2","7500"
"com.squareup.okhttp.internal.spdy.SpdyConnectionTest#readSendsWindowUpdateHttp2","<1562044902,1>","34","java/lang/Thread.currentThread()Ljava/lang/Thread;","com/squareup/okhttp/internal/NamedRunnable:run:31","1","10000"
"com.squareup.okhttp.internal.spdy.SpdyConnectionTest#readSendsWindowUpdateHttp2","<-1020933817,1>","63","RUNNABLE_CALLABLE_START","java/util/concurrent/FutureTask:run:0","2","15000"
"com.squareup.okhttp.internal.spdy.SpdyConnectionTest#readSendsWindowUpdateHttp2","<68941243,1>","2","MONITOREXIT","com/squareup/okhttp/internal/spdy/SpdyStream$SpdyDataSource:receive:429","13","19994"
"com.squareup.okhttp.internal.spdy.SpdyConnectionTest#readSendsWindowUpdateHttp2","<-1020933817,1>","20","MONITORENTER","okio/SegmentPool:recycle:53","3","17500"
"com.squareup.okhttp.internal.spdy.SpdyConnectionTest#readSendsWindowUpdateHttp2","<1562044902,1>","64","java/lang/Thread.currentThread()Ljava/lang/Thread;","com/squareup/okhttp/internal/NamedRunnable:run:31","2","12500"
"com.squareup.okhttp.internal.spdy.SpdyConnectionTest#readSendsWindowUpdateHttp2","<main>","2","java/util/concurrent/BlockingQueue.take()Ljava/lang/Object;","com/squareup/okhttp/internal/spdy/MockSpdyPeer:takeFrame:97","1","10000"
"com.squareup.okhttp.internal.spdy.SpdyConnectionTest#readSendsWindowUpdateHttp2","<main>","2","java/util/concurrent/Executors.callable(Ljava/lang/Runnable;Ljava/lang/Object;)Ljava/util/concurrent/Callable;","java/util/concurrent/FutureTask:<init>:153","3","17500"
"com.squareup.okhttp.internal.spdy.SpdyConnectionTest#readSendsWindowUpdateHttp2","<-1020933817,1>","66","java/lang/Thread.currentThread()Ljava/lang/Thread;","java/util/concurrent/FutureTask:run:258","3","17500"
"com.squareup.okhttp.internal.spdy.SpdyConnectionTest#readSendsWindowUpdateHttp2","<main>","3","MONITOREXIT","okio/SegmentPool:recycle:59","11","19988"
"com.squareup.okhttp.internal.spdy.SpdyConnectionTest#readSendsWindowUpdateHttp2","<-1020933817,1>","11","java/lang/Thread.setName(Ljava/lang/String;)V","com/squareup/okhttp/internal/NamedRunnable:run:31","1","1250"
"com.squareup.okhttp.internal.spdy.SpdyConnectionTest#readSendsWindowUpdateHttp2","<1562044902,1>","1","java/lang/Thread.currentThread()Ljava/lang/Thread;","com/squareup/okhttp/internal/NamedRunnable:run:32","1","10000"
"com.squareup.okhttp.internal.spdy.SpdyConnectionTest#readSendsWindowUpdateHttp2","<main>","1","SYNCHRONIZED_METHOD_EXIT","com/squareup/okhttp/internal/spdy/SpdyConnection:setIdle:190","1","10000"
"com.squareup.okhttp.internal.spdy.SpdyConnectionTest#readSendsWindowUpdateHttp2","<main>","2","SYNCHRONIZED_METHOD_ENTER","com/squareup/okhttp/internal/spdy/Http20Draft09$Writer:data:0","2","15000"
"com.squareup.okhttp.internal.spdy.SpdyConnectionTest#readSendsWindowUpdateHttp2","<781236076,1>","3","java/net/ServerSocket.accept()Ljava/net/Socket;","com/squareup/okhttp/internal/spdy/MockSpdyPeer:readAndWriteFrames:119","1","10000"
"com.squareup.okhttp.internal.spdy.SpdyConnectionTest#readSendsWindowUpdateHttp2","<main>","1","MONITOREXIT","com/squareup/okhttp/internal/spdy/SpdyStream$SpdyDataSource:read:387","9","19960"
"com.squareup.okhttp.internal.spdy.SpdyConnectionTest#readSendsWindowUpdateHttp2","<-1020933817,1>","14","MONITOREXIT","okio/SegmentPool:take:45","4","18750"
"com.squareup.okhttp.internal.spdy.SpdyConnectionTest#readSendsWindowUpdateHttp2","<1562044902,1>","8","java/util/concurrent/FutureTask.set(Ljava/lang/Object;)V","java/util/concurrent/FutureTask:run:274","1","10000"
"com.squareup.okhttp.internal.spdy.SpdyConnectionTest#readSendsWindowUpdateHttp2","<1562044902,1>","53","java/lang/Thread.currentThread()Ljava/lang/Thread;","com/squareup/okhttp/internal/NamedRunnable:run:31","6","13329"
"com.squareup.okhttp.internal.spdy.SpdyConnectionTest#readSendsWindowUpdateHttp2","<-1020933817,1>","47","java/lang/Thread.currentThread()Ljava/lang/Thread;","com/squareup/okhttp/internal/NamedRunnable:run:30","2","12500"
"com.squareup.okhttp.internal.spdy.SpdyConnectionTest#readSendsWindowUpdateHttp2","<781236076,1>","1","MONITOREXIT","okio/SegmentPool:take:45","6","19687"
"com.squareup.okhttp.internal.spdy.SpdyConnectionTest#readSendsWindowUpdateHttp2","<main>","3","SYNCHRONIZED_METHOD_EXIT","com/squareup/okhttp/internal/spdy/Http20Draft09$Writer:flush:308","1","10000"
"com.squareup.okhttp.internal.spdy.SpdyConnectionTest#readSendsWindowUpdateHttp2","<1562044902,1>","66","java/lang/Thread.currentThread()Ljava/lang/Thread;","com/squareup/okhttp/internal/NamedRunnable:run:31","4","13281"
"com.squareup.okhttp.internal.spdy.SpdyConnectionTest#readSendsWindowUpdateHttp2","<main>","2","SYNCHRONIZED_METHOD_EXIT","com/squareup/okhttp/internal/spdy/Http20Draft09$Writer:data:394","10","19979"
"com.squareup.okhttp.internal.spdy.SpdyConnectionTest#readSendsWindowUpdateHttp2","<68941243,1>","3","MONITOREXIT","com/squareup/okhttp/internal/spdy/SpdyStream$SpdyDataSource:receive:429","8","19921"
"com.squareup.okhttp.internal.spdy.SpdyConnectionTest#readSendsWindowUpdateHttp2","<main>","2","java/util/concurrent/ExecutorService.submit(Ljava/lang/Runnable;)Ljava/util/concurrent/Future;","com/squareup/okhttp/internal/spdy/SpdyConnection:writeWindowUpdateLater:344","4","18750"
"com.squareup.okhttp.internal.spdy.SpdyConnectionTest#readSendsWindowUpdateHttp2","<68941243,1>","2","MONITORENTER","com/squareup/okhttp/internal/spdy/SpdyStream$SpdyDataSource:receive:426","13","19994"
"com.squareup.okhttp.internal.spdy.SpdyConnectionTest#readSendsWindowUpdateHttp2","<68941243,1>","1","SYNCHRONIZED_METHOD_ENTER","com/squareup/okhttp/internal/spdy/SpdyConnection:getStream:0","6","19687"
"com.squareup.okhttp.internal.spdy.SpdyConnectionTest#readSendsWindowUpdateHttp2","<781236076,1>","3","java/util/concurrent/BlockingQueue.add(Ljava/lang/Object;)Z","com/squareup/okhttp/internal/spdy/MockSpdyPeer:readAndWriteFrames:151","6","19687"
"com.squareup.okhttp.internal.spdy.SpdyConnectionTest#readSendsWindowUpdateHttp2","<1562044902,1>","54","java/lang/Thread.currentThread()Ljava/lang/Thread;","com/squareup/okhttp/internal/NamedRunnable:run:31","2","12500"
"com.squareup.okhttp.internal.spdy.SpdyConnectionTest#readSendsWindowUpdateHttp2","<1562044902,1>","64","java/lang/Thread.getName()Ljava/lang/String;","com/squareup/okhttp/internal/NamedRunnable:run:31","2","5312"
"com.squareup.okhttp.internal.spdy.SpdyConnectionTest#readSendsWindowUpdateHttp2","<main>","1","SYNCHRONIZED_METHOD_EXIT","com/squareup/okhttp/internal/spdy/Http20Draft09$Writer:flush:308","1","10000"
"com.squareup.okhttp.internal.spdy.SpdyConnectionTest#readSendsWindowUpdateHttp2","<main>","2","MONITORENTER","com/squareup/okhttp/internal/spdy/SpdyStream$SpdyDataSource:read:380","12","19992"
"com.squareup.okhttp.internal.spdy.SpdyConnectionTest#readSendsWindowUpdateHttp2","<68941243,1>","1","java/lang/Object.notifyAll()V","com/squareup/okhttp/internal/spdy/SpdyStream$SpdyDataSource:receive:455","9","19960"
"com.squareup.okhttp.internal.spdy.SpdyConnectionTest#readSendsWindowUpdateHttp2","<-1020933817,1>","9","MONITORENTER","okio/SegmentPool:take:39","1","10000"
"com.squareup.okhttp.internal.spdy.SpdyConnectionTest#readSendsWindowUpdateHttp2","<68941243,1>","1","MONITORENTER","okio/SegmentPool:recycle:53","4","18750"
"com.squareup.okhttp.internal.spdy.SpdyConnectionTest#readSendsWindowUpdateHttp2","<1562044902,1>","69","java/util/concurrent/Callable.call()Ljava/lang/Object;","java/util/concurrent/FutureTask:run:266","1","10000"
"com.squareup.okhttp.internal.spdy.SpdyConnectionTest#readSendsWindowUpdateHttp2","<main>","1","SYNCHRONIZED_METHOD_EXIT","com/squareup/okhttp/internal/spdy/Http20Draft09$Writer:data:402","6","19687"
"com.squareup.okhttp.internal.spdy.SpdyConnectionTest#readSendsWindowUpdateHttp2","<1562044902,1>","1","MONITORENTER","okio/SegmentPool:take:39","2","15000"
"com.squareup.okhttp.internal.spdy.SpdyConnectionTest#readSendsWindowUpdateHttp2","<1562044902,1>","6","SYNCHRONIZED_METHOD_EXIT","com/squareup/okhttp/internal/spdy/Http20Draft09$Writer:windowUpdate:470","1","10000"
"com.squareup.okhttp.internal.spdy.SpdyConnectionTest#readSendsWindowUpdateHttp2","<781236076,1>","3","MONITOREXIT","okio/SegmentPool:recycle:54","3","17500"
"com.squareup.okhttp.internal.spdy.SpdyConnectionTest#readSendsWindowUpdateHttp2","<1562044902,1>","12","java/io/OutputStream.flush()V","okio/Okio$1:flush:84","1","10000"
"com.squareup.okhttp.internal.spdy.SpdyConnectionTest#readSendsWindowUpdateHttp2","<-1020933817,1>","13","MONITORENTER","okio/SegmentPool:take:39","2","15000"
"com.squareup.okhttp.internal.spdy.SpdyConnectionTest#readSendsWindowUpdateHttp2","<-1020933817,1>","46","java/util/concurrent/Callable.call()Ljava/lang/Object;","java/util/concurrent/FutureTask:run:266","1","10000"
"com.squareup.okhttp.internal.spdy.SpdyConnectionTest#readSendsWindowUpdateHttp2","<68941243,1>","1","MONITORENTER","okio/SegmentPool:take:39","13","19994"
"com.squareup.okhttp.internal.spdy.SpdyConnectionTest#readSendsWindowUpdateHttp2","<68941243,1>","1","java/lang/Thread.currentThread()Ljava/lang/Thread;","com/squareup/okhttp/internal/NamedRunnable:run:31","1","10000"
"com.squareup.okhttp.internal.spdy.SpdyConnectionTest#readSendsWindowUpdateHttp2","<1562044902,1>","80","RUNNABLE_CALLABLE_START","com/squareup/okhttp/internal/NamedRunnable:run:0","2","15000"
"com.squareup.okhttp.internal.spdy.SpdyConnectionTest#readSendsWindowUpdateHttp2","<main>","1","SYNCHRONIZED_METHOD_EXIT","com/squareup/okhttp/internal/spdy/Http20Draft09$Writer:data:394","5","19375"
"com.squareup.okhttp.internal.spdy.SpdyConnectionTest#readSendsWindowUpdateHttp2","<main>","3","SYNCHRONIZED_METHOD_ENTER","com/squareup/okhttp/internal/spdy/Http20Draft09$Writer:data:0","1","10000"
"com.squareup.okhttp.internal.spdy.SpdyConnectionTest#readSendsWindowUpdateHttp2","<-1020933817,1>","9","java/lang/Thread.currentThread()Ljava/lang/Thread;","com/squareup/okhttp/internal/NamedRunnable:run:31","2","12500"
"com.squareup.okhttp.internal.spdy.SpdyConnectionTest#readSendsWindowUpdateHttp2","<68941243,1>","1","SYNCHRONIZED_METHOD_EXIT","com/squareup/okhttp/internal/spdy/SpdyConnection:getStream:177","1","10000"
"com.squareup.okhttp.internal.spdy.SpdyConnectionTest#readSendsWindowUpdateHttp2","<1562044902,1>","69","java/lang/Thread.currentThread()Ljava/lang/Thread;","java/util/concurrent/FutureTask:run:259","1","10000"
"com.squareup.okhttp.internal.spdy.SpdyConnectionTest#readSendsWindowUpdateHttp2","<68941243,1>","1","MONITOREXIT","com/squareup/okhttp/internal/spdy/SpdyStream$SpdyDataSource:receive:456","10","19979"
"com.squareup.okhttp.internal.spdy.SpdyConnectionTest#readSendsWindowUpdateHttp2","<main>","1","MONITOREXIT","com/squareup/okhttp/internal/spdy/SpdyStream$SpdyDataSource:read:377","11","19988"
"com.squareup.okhttp.internal.spdy.SpdyConnectionTest#readSendsWindowUpdateHttp2","<1562044902,1>","39","MONITOREXIT","okio/SegmentPool:recycle:59","1","10000"
"com.squareup.okhttp.internal.spdy.SpdyConnectionTest#readSendsWindowUpdateHttp2","<68941243,1>","3","MONITOREXIT","com/squareup/okhttp/internal/spdy/SpdyStream$SpdyDataSource:receive:456","2","15000"
"com.squareup.okhttp.internal.spdy.SpdyConnectionTest#readSendsWindowUpdateHttp2","<781236076,1>","3","MONITOREXIT","okio/SegmentPool:recycle:59","9","19960"
"com.squareup.okhttp.internal.spdy.SpdyConnectionTest#readSendsWindowUpdateHttp2","<-1020933817,1>","12","java/lang/Thread.currentThread()Ljava/lang/Thread;","com/squareup/okhttp/internal/NamedRunnable:run:31","2","12500"
"com.squareup.okhttp.internal.spdy.SpdyConnectionTest#readSendsWindowUpdateHttp2","<1562044902,1>","35","java/lang/Thread.setName(Ljava/lang/String;)V","com/squareup/okhttp/internal/NamedRunnable:run:32","1","5000"
"com.squareup.okhttp.internal.spdy.SpdyConnectionTest#readSendsWindowUpdateHttp2","<1562044902,1>","67","RUNNABLE_CALLABLE_START","java/util/concurrent/FutureTask:run:0","1","10000"
"com.squareup.okhttp.internal.spdy.SpdyConnectionTest#readSendsWindowUpdateHttp2","<main>","2","MONITOREXIT","com/squareup/okhttp/internal/spdy/SpdyStream$SpdyDataSource:read:377","3","17500"
"com.squareup.okhttp.internal.spdy.SpdyConnectionTest#readSendsWindowUpdateHttp2","<-1020933817,1>","56","RUNNABLE_CALLABLE_START","com/squareup/okhttp/internal/NamedRunnable:run:0","3","17500"
"com.squareup.okhttp.internal.spdy.SpdyConnectionTest#readSendsWindowUpdateHttp2","<68941243,1>","1","MONITOREXIT","okio/SegmentPool:take:47","4","18750"
"com.squareup.okhttp.internal.spdy.SpdyConnectionTest#readSendsWindowUpdateHttp2","<-1020933817,1>","16","MONITOREXIT","okio/SegmentPool:take:45","1","10000"
"com.squareup.okhttp.internal.spdy.SpdyConnectionTest#readSendsWindowUpdateHttp2","<-1020933817,1>","38","java/lang/Thread.setName(Ljava/lang/String;)V","com/squareup/okhttp/internal/NamedRunnable:run:32","2","6250"
"com.squareup.okhttp.internal.spdy.SpdyConnectionTest#readSendsWindowUpdateHttp2","<main>","3","MONITOREXIT","com/squareup/okhttp/internal/spdy/SpdyStream$SpdyDataSource:read:387","1","10000"
"com.squareup.okhttp.internal.spdy.SpdyConnectionTest#readSendsWindowUpdateHttp2","<1562044902,1>","45","MONITOREXIT","okio/SegmentPool:recycle:59","1","10000"
"com.squareup.okhttp.internal.spdy.SpdyConnectionTest#readSendsWindowUpdateHttp2","<main>","2","MONITOREXIT","okio/SegmentPool:take:45","4","18750"
"com.squareup.okhttp.internal.spdy.SpdyConnectionTest#readSendsWindowUpdateHttp2","<-1020933817,1>","12","java/lang/Thread.setName(Ljava/lang/String;)V","com/squareup/okhttp/internal/NamedRunnable:run:31","1","1250"
"com.squareup.okhttp.internal.spdy.SpdyConnectionTest#readSendsWindowUpdateHttp2","<-1020933817,1>","15","MONITOREXIT","okio/SegmentPool:take:45","3","17500"
"com.squareup.okhttp.internal.spdy.SpdyConnectionTest#readSendsWindowUpdateHttp2","<1562044902,1>","91","java/lang/Thread.currentThread()Ljava/lang/Thread;","java/util/concurrent/FutureTask:run:259","1","10000"
"com.squareup.okhttp.internal.spdy.SpdyConnectionTest#readSendsWindowUpdateHttp2","<68941243,1>","3","java/lang/Thread.getName()Ljava/lang/String;","com/squareup/okhttp/internal/NamedRunnable:run:31","1","5000"
"com.squareup.okhttp.internal.spdy.SpdyConnectionTest#readSendsWindowUpdateHttp2","<68941243,1>","3","java/lang/Object.notifyAll()V","com/squareup/okhttp/internal/spdy/SpdyStream$SpdyDataSource:receive:454","6","19687"
"com.squareup.okhttp.internal.spdy.SpdyConnectionTest#readSendsWindowUpdateHttp2","<68941243,1>","1","java/lang/Object.notifyAll()V","com/squareup/okhttp/internal/spdy/SpdyStream$SpdyDataSource:receive:455","7","19843"
"com.squareup.okhttp.internal.spdy.SpdyConnectionTest#readSendsWindowUpdateHttp2","<1562044902,1>","69","RUNNABLE_CALLABLE_START","java/util/concurrent/FutureTask:run:0","2","15000"
"com.squareup.okhttp.internal.spdy.SpdyConnectionTest#readSendsWindowUpdateHttp2","<68941243,1>","3","SYNCHRONIZED_METHOD_ENTER","com/squareup/okhttp/internal/spdy/SpdyConnection:getStream:0","11","19988"
"com.squareup.okhttp.internal.spdy.SpdyConnectionTest#readSendsWindowUpdateHttp2","<1562044902,1>","3","java/lang/Thread.setName(Ljava/lang/String;)V","com/squareup/okhttp/internal/NamedRunnable:run:31","1","1250"
"com.squareup.okhttp.internal.spdy.SpdyConnectionTest#readSendsWindowUpdateHttp2","<781236076,1>","2","MONITOREXIT","okio/SegmentPool:recycle:59","4","18750"
"com.squareup.okhttp.internal.spdy.SpdyConnectionTest#readSendsWindowUpdateHttp2","<781236076,1>","1","MONITORENTER","okio/SegmentPool:take:39","5","19375"
"com.squareup.okhttp.internal.spdy.SpdyConnectionTest#readSendsWindowUpdateHttp2","<781236076,1>","2","MONITOREXIT","okio/SegmentPool:recycle:54","9","19960"
"com.squareup.okhttp.internal.spdy.SpdyConnectionTest#readSendsWindowUpdateHttp2","<main>","3","MONITORENTER","okio/SegmentPool:take:39","2","15000"
"com.squareup.okhttp.internal.spdy.SpdyConnectionTest#readSendsWindowUpdateHttp2","<-1020933817,1>","46","java/lang/Thread.currentThread()Ljava/lang/Thread;","java/util/concurrent/FutureTask:run:258","1","10000"
"com.squareup.okhttp.internal.spdy.SpdyConnectionTest#readSendsWindowUpdateHttp2","<main>","3","java/util/concurrent/ExecutorService.shutdown()V","com/squareup/okhttp/internal/spdy/MockSpdyPeer:close:161","1","10000"
"com.squareup.okhttp.internal.spdy.SpdyConnectionTest#readSendsWindowUpdateHttp2","<1562044902,1>","53","java/lang/Thread.currentThread()Ljava/lang/Thread;","com/squareup/okhttp/internal/NamedRunnable:run:31","5","13320"
"com.squareup.okhttp.internal.spdy.SpdyConnectionTest#readSendsWindowUpdateHttp2","<-1020933817,1>","17","MONITOREXIT","okio/SegmentPool:take:45","1","10000"
"com.squareup.okhttp.internal.spdy.SpdyConnectionTest#readSendsWindowUpdateHttp2","<1562044902,1>","52","java/lang/Thread.currentThread()Ljava/lang/Thread;","com/squareup/okhttp/internal/NamedRunnable:run:32","3","13125"
"com.squareup.okhttp.internal.spdy.SpdyConnectionTest#readSendsWindowUpdateHttp2","<68941243,1>","1","MONITOREXIT","okio/SegmentPool:recycle:59","1","10000"
"com.squareup.okhttp.internal.spdy.SpdyConnectionTest#readSendsWindowUpdateHttp2","<1562044902,1>","67","java/util/concurrent/Callable.call()Ljava/lang/Object;","java/util/concurrent/FutureTask:run:266","3","17500"
"com.squareup.okhttp.internal.spdy.SpdyConnectionTest#readSendsWindowUpdateHttp2","<1562044902,1>","56","java/lang/Thread.currentThread()Ljava/lang/Thread;","com/squareup/okhttp/internal/NamedRunnable:run:32","1","10000"
"com.squareup.okhttp.internal.spdy.SpdyConnectionTest#readSendsWindowUpdateHttp2","<main>","2","MONITOREXIT","okio/SegmentPool:take:47","12","19992"
"com.squareup.okhttp.internal.spdy.SpdyConnectionTest#readSendsWindowUpdateHttp2","<68941243,1>","1","SYNCHRONIZED_METHOD_ENTER","com/squareup/okhttp/internal/spdy/SpdyConnection:getStream:0","1","10000"
"com.squareup.okhttp.internal.spdy.SpdyConnectionTest#readSendsWindowUpdateHttp2","<68941243,1>","2","MONITOREXIT","com/squareup/okhttp/internal/spdy/SpdyStream$SpdyDataSource:receive:456","5","19375"
"com.squareup.okhttp.internal.spdy.SpdyConnectionTest#readSendsWindowUpdateHttp2","<781236076,1>","1","MONITOREXIT","okio/SegmentPool:take:45","8","19921"
"com.squareup.okhttp.internal.spdy.SpdyConnectionTest#readSendsWindowUpdateHttp2","<main>","1","MONITORENTER","okio/SegmentPool:take:39","2","15000"
"com.squareup.okhttp.internal.spdy.SpdyConnectionTest#readSendsWindowUpdateHttp2","<main>","3","MONITOREXIT","com/squareup/okhttp/internal/spdy/SpdyConnection:newStream:254","1","10000"
"com.squareup.okhttp.internal.spdy.SpdyConnectionTest#readSendsWindowUpdateHttp2","<-1020933817,1>","8","MONITOREXIT","okio/SegmentPool:take:45","2","15000"
"com.squareup.okhttp.internal.spdy.SpdyConnectionTest#readSendsWindowUpdateHttp2","<main>","3","MONITOREXIT","okio/SegmentPool:recycle:59","10","19979"
"com.squareup.okhttp.internal.spdy.SpdyConnectionTest#readSendsWindowUpdateHttp2","<-1020933817,1>","9","RUNNABLE_CALLABLE_START","java/util/concurrent/FutureTask:run:0","1","10000"
"com.squareup.okhttp.internal.spdy.SpdyConnectionTest#readSendsWindowUpdateHttp2","<68941243,1>","1","MONITORENTER","com/squareup/okhttp/internal/spdy/SpdyStream$SpdyDataSource:receive:426","2","15000"
"com.squareup.okhttp.internal.spdy.SpdyConnectionTest#readSendsWindowUpdateHttp2","<68941243,1>","2","MONITORENTER","okio/SegmentPool:take:39","8","19921"
"com.squareup.okhttp.internal.spdy.SpdyConnectionTest#readSendsWindowUpdateHttp2","<1562044902,1>","18","SYNCHRONIZED_METHOD_EXIT","com/squareup/okhttp/internal/spdy/Http20Draft09$Writer:windowUpdate:470","1","10000"
"com.squareup.okhttp.internal.spdy.SpdyConnectionTest#readSendsWindowUpdateHttp2","<68941243,1>","2","java/lang/Object.notifyAll()V","com/squareup/okhttp/internal/spdy/SpdyStream$SpdyDataSource:receive:454","11","19988"
"com.squareup.okhttp.internal.spdy.SpdyConnectionTest#readSendsWindowUpdateHttp2","<68941243,1>","3","MONITORENTER","okio/SegmentPool:take:39","12","19992"
"com.squareup.okhttp.internal.spdy.SpdyConnectionTest#readSendsWindowUpdateHttp2","<main>","1","java/util/concurrent/BlockingQueue.take()Ljava/lang/Object;","com/squareup/okhttp/internal/spdy/MockSpdyPeer:takeFrame:97","5","19375"
"com.squareup.okhttp.internal.spdy.SpdyConnectionTest#readSendsWindowUpdateHttp2","<1562044902,1>","81","RUNNABLE_CALLABLE_START","com/squareup/okhttp/internal/NamedRunnable:run:0","3","17500"
"com.squareup.okhttp.internal.spdy.SpdyConnectionTest#readSendsWindowUpdateHttp2","<1562044902,1>","69","java/util/concurrent/Callable.call()Ljava/lang/Object;","java/util/concurrent/FutureTask:run:266","3","17500"
"com.squareup.okhttp.internal.spdy.SpdyConnectionTest#readSendsWindowUpdateHttp2","<-1020933817,1>","64","java/lang/Thread.currentThread()Ljava/lang/Thread;","java/util/concurrent/FutureTask:run:259","1","10000"
"com.squareup.okhttp.internal.spdy.SpdyConnectionTest#readSendsWindowUpdateHttp2","<68941243,1>","2","java/lang/Object.notifyAll()V","com/squareup/okhttp/internal/spdy/SpdyStream$SpdyDataSource:receive:455","11","19988"
"com.squareup.okhttp.internal.spdy.SpdyConnectionTest#readSendsWindowUpdateHttp2","<781236076,1>","1","MONITOREXIT","okio/SegmentPool:recycle:54","11","19988"
"com.squareup.okhttp.internal.spdy.SpdyConnectionTest#readSendsWindowUpdateHttp2","<1562044902,1>","69","java/lang/Thread.getName()Ljava/lang/String;","com/squareup/okhttp/internal/NamedRunnable:run:30","1","5000"
"com.squareup.okhttp.internal.spdy.SpdyConnectionTest#readSendsWindowUpdateHttp2","<-1020933817,1>","30","java/lang/Thread.setName(Ljava/lang/String;)V","com/squareup/okhttp/internal/NamedRunnable:run:32","1","5000"
"com.squareup.okhttp.internal.spdy.SpdyConnectionTest#readSendsWindowUpdateHttp2","<1562044902,1>","61","java/lang/Thread.currentThread()Ljava/lang/Thread;","com/squareup/okhttp/internal/NamedRunnable:run:32","3","13125"
"com.squareup.okhttp.internal.spdy.SpdyConnectionTest#readSendsWindowUpdateHttp2","<main>","1","MONITORENTER","com/squareup/okhttp/internal/spdy/SpdyStream$SpdyDataSource:read:380","12","19992"
"com.squareup.okhttp.internal.spdy.SpdyConnectionTest#readSendsWindowUpdateHttp2","<-1020933817,1>","32","SYNCHRONIZED_METHOD_ENTER","com/squareup/okhttp/internal/spdy/Http20Draft09$Writer:windowUpdate:0","1","10000"
"com.squareup.okhttp.internal.spdy.SpdyConnectionTest#readSendsWindowUpdateHttp2","<1562044902,1>","20","java/io/OutputStream.flush()V","okio/Okio$1:flush:85","1","10000"
"com.squareup.okhttp.internal.spdy.SpdyConnectionTest#readSendsWindowUpdateHttp2","<main>","3","MONITORENTER","com/squareup/okhttp/internal/spdy/SpdyStream$SpdyDataSource:read:363","6","19687"
"com.squareup.okhttp.internal.spdy.SpdyConnectionTest#readSendsWindowUpdateHttp2","<68941243,1>","3","MONITORENTER","com/squareup/okhttp/internal/spdy/SpdyStream$SpdyDataSource:receive:426","1","10000"
"com.squareup.okhttp.internal.spdy.SpdyConnectionTest#readSendsWindowUpdateHttp2","<main>","1","MONITOREXIT","com/squareup/okhttp/internal/spdy/SpdyStream$SpdyDataSource:read:387","2","15000"
"com.squareup.okhttp.internal.spdy.SpdyConnectionTest#readSendsWindowUpdateHttp2","<-1020933817,1>","14","MONITORENTER","okio/SegmentPool:recycle:53","2","15000"
"com.squareup.okhttp.internal.spdy.SpdyConnectionTest#readSendsWindowUpdateHttp2","<-1020933817,1>","35","SYNCHRONIZED_METHOD_ENTER","com/squareup/okhttp/internal/spdy/Http20Draft09$Writer:windowUpdate:0","1","10000"
"com.squareup.okhttp.internal.spdy.SpdyConnectionTest#readSendsWindowUpdateHttp2","<68941243,1>","2","MONITOREXIT","okio/SegmentPool:take:45","10","19979"
"com.squareup.okhttp.internal.spdy.SpdyConnectionTest#readSendsWindowUpdateHttp2","<-1020933817,1>","10","java/lang/Thread.getName()Ljava/lang/String;","com/squareup/okhttp/internal/NamedRunnable:run:31","1","5000"
"com.squareup.okhttp.internal.spdy.SpdyConnectionTest#readSendsWindowUpdateHttp2","<main>","2","MONITORENTER","okio/SegmentPool:take:39","4","18750"
"com.squareup.okhttp.internal.spdy.SpdyConnectionTest#readSendsWindowUpdateHttp2","<68941243,1>","3","java/lang/Object.notifyAll()V","com/squareup/okhttp/internal/spdy/SpdyStream$SpdyDataSource:receive:455","4","18750"
"com.squareup.okhttp.internal.spdy.SpdyConnectionTest#readSendsWindowUpdateHttp2","<-1020933817,1>","13","MONITOREXIT","okio/SegmentPool:take:45","1","10000"
"com.squareup.okhttp.internal.spdy.SpdyConnectionTest#readSendsWindowUpdateHttp2","<781236076,1>","1","java/util/concurrent/BlockingQueue.add(Ljava/lang/Object;)Z","com/squareup/okhttp/internal/spdy/MockSpdyPeer:readAndWriteFrames:151","6","19687"
"com.squareup.okhttp.internal.spdy.SpdyConnectionTest#readSendsWindowUpdateHttp2","<1562044902,1>","69","java/lang/Thread.currentThread()Ljava/lang/Thread;","java/util/concurrent/FutureTask:run:259","3","17500"
"com.squareup.okhttp.internal.spdy.SpdyConnectionTest#readSendsWindowUpdateHttp2","<main>","2","java/util/concurrent/Executors.callable(Ljava/lang/Runnable;Ljava/lang/Object;)Ljava/util/concurrent/Callable;","java/util/concurrent/FutureTask:<init>:152","1","10000"
"com.squareup.okhttp.internal.spdy.SpdyConnectionTest#readSendsWindowUpdateHttp2","<1562044902,1>","3","java/lang/Thread.currentThread()Ljava/lang/Thread;","com/squareup/okhttp/internal/NamedRunnable:run:30","1","10000"
"com.squareup.okhttp.internal.spdy.SpdyConnectionTest#readSendsWindowUpdateHttp2","<1562044902,1>","90","java/lang/Thread.currentThread()Ljava/lang/Thread;","java/util/concurrent/FutureTask:run:258","1","10000"
"com.squareup.okhttp.internal.spdy.SpdyConnectionTest#readSendsWindowUpdateHttp2","<68941243,1>","1","MONITOREXIT","okio/SegmentPool:take:47","9","19960"
"com.squareup.okhttp.internal.spdy.SpdyConnectionTest#readSendsWindowUpdateHttp2","<1562044902,1>","42","MONITOREXIT","okio/SegmentPool:recycle:59","1","10000"
"com.squareup.okhttp.internal.spdy.SpdyConnectionTest#readSendsWindowUpdateHttp2","<main>","2","MONITORENTER","com/squareup/okhttp/internal/spdy/SpdyStream$SpdyDataSource:read:363","10","19979"
"com.squareup.okhttp.internal.spdy.SpdyConnectionTest#readSendsWindowUpdateHttp2","<68941243,1>","3","RUNNABLE_CALLABLE_START","com/squareup/okhttp/internal/NamedRunnable:run:0","1","10000"
"com.squareup.okhttp.internal.spdy.SpdyConnectionTest#readSendsWindowUpdateHttp2","<68941243,1>","1","java/lang/Object.notifyAll()V","com/squareup/okhttp/internal/spdy/SpdyStream$SpdyDataSource:receive:454","2","15000"
"com.squareup.okhttp.internal.spdy.SpdyConnectionTest#readSendsWindowUpdateHttp2","<1562044902,1>","3","MONITOREXIT","okio/SegmentPool:recycle:59","1","10000"
"com.squareup.okhttp.internal.spdy.SpdyConnectionTest#readSendsWindowUpdateHttp2","<781236076,1>","1","MONITORENTER","okio/SegmentPool:recycle:53","10","19979"
"com.squareup.okhttp.internal.spdy.SpdyConnectionTest#readSendsWindowUpdateHttp2","<1562044902,1>","78","java/lang/Thread.getName()Ljava/lang/String;","com/squareup/okhttp/internal/NamedRunnable:run:30","1","5000"
"com.squareup.okhttp.internal.spdy.SpdyConnectionTest#readSendsWindowUpdateHttp2","<1562044902,1>","72","java/lang/Thread.currentThread()Ljava/lang/Thread;","com/squareup/okhttp/internal/NamedRunnable:run:30","2","12500"
"com.squareup.okhttp.internal.spdy.SpdyConnectionTest#readSendsWindowUpdateHttp2","<1562044902,1>","10","java/io/OutputStream.flush()V","okio/Okio$1:flush:84","1","10000"
"com.squareup.okhttp.internal.spdy.SpdyConnectionTest#readSendsWindowUpdateHttp2","<main>","2","MONITOREXIT","okio/SegmentPool:take:45","9","19960"
"com.squareup.okhttp.internal.spdy.SpdyConnectionTest#readSendsWindowUpdateHttp2","<main>","3","MONITOREXIT","com/squareup/okhttp/internal/spdy/SpdyStream$SpdyDataSource:read:387","3","17500"
"com.squareup.okhttp.internal.spdy.SpdyConnectionTest#readSendsWindowUpdateHttp2","<main>","3","MONITORENTER","okio/SegmentPool:recycle:53","6","19687"
"com.squareup.okhttp.internal.spdy.SpdyConnectionTest#readSendsWindowUpdateHttp2","<1562044902,1>","2","java/lang/Thread.currentThread()Ljava/lang/Thread;","com/squareup/okhttp/internal/NamedRunnable:run:31","2","12500"
"com.squareup.okhttp.internal.spdy.SpdyConnectionTest#readSendsWindowUpdateHttp2","<1562044902,1>","54","java/lang/Thread.setName(Ljava/lang/String;)V","com/squareup/okhttp/internal/NamedRunnable:run:31","1","1250"
"com.squareup.okhttp.internal.spdy.SpdyConnectionTest#readSendsWindowUpdateHttp2","<68941243,1>","3","MONITOREXIT","okio/SegmentPool:take:45","11","19988"
"com.squareup.okhttp.internal.spdy.SpdyConnectionTest#readSendsWindowUpdateHttp2","<1562044902,1>","91","java/lang/Thread.currentThread()Ljava/lang/Thread;","java/util/concurrent/FutureTask:run:259","3","17500"
"com.squareup.okhttp.internal.spdy.SpdyConnectionTest#readSendsWindowUpdateHttp2","<-1020933817,1>","19","MONITORENTER","okio/SegmentPool:recycle:53","1","10000"
"com.squareup.okhttp.internal.spdy.SpdyConnectionTest#readSendsWindowUpdateHttp2","<68941243,1>","3","java/lang/Object.notifyAll()V","com/squareup/okhttp/internal/spdy/SpdyStream$SpdyDataSource:receive:454","1","10000"
"com.squareup.okhttp.internal.spdy.SpdyConnectionTest#readSendsWindowUpdateHttp2","<main>","2","MONITOREXIT","okio/SegmentPool:take:47","8","19921"
"com.squareup.okhttp.internal.spdy.SpdyConnectionTest#readSendsWindowUpdateHttp2","<-1020933817,1>","2","MONITOREXIT","okio/SegmentPool:take:45","2","15000"
"com.squareup.okhttp.internal.spdy.SpdyConnectionTest#readSendsWindowUpdateHttp2","<68941243,1>","2","MONITOREXIT","okio/SegmentPool:take:45","14","19995"
"com.squareup.okhttp.internal.spdy.SpdyConnectionTest#readSendsWindowUpdateHttp2","<main>","3","SYNCHRONIZED_METHOD_ENTER","com/squareup/okhttp/internal/spdy/Http20Draft09$Writer:data:0","13","19994"
"com.squareup.okhttp.internal.spdy.SpdyConnectionTest#readSendsWindowUpdateHttp2","<-1020933817,1>","46","java/lang/Thread.currentThread()Ljava/lang/Thread;","java/util/concurrent/FutureTask:run:258","3","17500"
"com.squareup.okhttp.internal.spdy.SpdyConnectionTest#readSendsWindowUpdateHttp2","<-1020933817,1>","15","MONITORENTER","okio/SegmentPool:take:39","4","18750"
"com.squareup.okhttp.internal.spdy.SpdyConnectionTest#readSendsWindowUpdateHttp2","<68941243,1>","2","MONITOREXIT","okio/SegmentPool:take:47","10","19979"
"com.squareup.okhttp.internal.spdy.SpdyConnectionTest#readSendsWindowUpdateHttp2","<-1020933817,1>","17","MONITOREXIT","okio/SegmentPool:take:45","3","17500"
"com.squareup.okhttp.internal.spdy.SpdyConnectionTest#readSendsWindowUpdateHttp2","<781236076,1>","3","MONITOREXIT","okio/SegmentPool:recycle:54","11","19988"
"com.squareup.okhttp.internal.spdy.SpdyConnectionTest#readSendsWindowUpdateHttp2","<-1020933817,1>","41","java/lang/Thread.getName()Ljava/lang/String;","com/squareup/okhttp/internal/NamedRunnable:run:31","1","5000"
"com.squareup.okhttp.internal.spdy.SpdyConnectionTest#readSendsWindowUpdateHttp2","<1562044902,1>","2","java/lang/Thread.currentThread()Ljava/lang/Thread;","java/util/concurrent/FutureTask:run:258","1","10000"
"com.squareup.okhttp.internal.spdy.SpdyConnectionTest#readSendsWindowUpdateHttp2","<1562044902,1>","51","MONITOREXIT","okio/SegmentPool:take:45","6","19687"
"com.squareup.okhttp.internal.spdy.SpdyConnectionTest#readSendsWindowUpdateHttp2","<1562044902,1>","2","MONITORENTER","okio/SegmentPool:take:39","1","10000"
"com.squareup.okhttp.internal.spdy.SpdyConnectionTest#readSendsWindowUpdateHttp2","<1562044902,1>","77","java/lang/Thread.currentThread()Ljava/lang/Thread;","com/squareup/okhttp/internal/NamedRunnable:run:30","3","13125"
"com.squareup.okhttp.internal.spdy.SpdyConnectionTest#readSendsWindowUpdateHttp2","<-1020933817,1>","22","MONITOREXIT","okio/SegmentPool:take:45","5","19375"
"com.squareup.okhttp.internal.spdy.SpdyConnectionTest#readSendsWindowUpdateHttp2","<68941243,1>","3","MONITORENTER","okio/SegmentPool:take:39","8","19921"
"com.squareup.okhttp.internal.spdy.SpdyConnectionTest#readSendsWindowUpdateHttp2","<main>","1","MONITOREXIT","com/squareup/okhttp/internal/spdy/SpdyStream$SpdyDataSource:read:377","5","19375"
"com.squareup.okhttp.internal.spdy.SpdyConnectionTest#readSendsWindowUpdateHttp2","<781236076,1>","3","MONITOREXIT","okio/SegmentPool:recycle:59","2","15000"
"com.squareup.okhttp.internal.spdy.SpdyConnectionTest#readSendsWindowUpdateHttp2","<main>","1","MONITORENTER","okio/SegmentPool:take:39","6","19687"
"com.squareup.okhttp.internal.spdy.SpdyConnectionTest#readSendsWindowUpdateHttp2","<68941243,1>","1","MONITOREXIT","okio/SegmentPool:take:47","14","19995"
"com.squareup.okhttp.internal.spdy.SpdyConnectionTest#readSendsWindowUpdateHttp2","<68941243,1>","1","SYNCHRONIZED_METHOD_ENTER","com/squareup/okhttp/internal/spdy/SpdyConnection:getStream:0","3","17500"
"com.squareup.okhttp.internal.spdy.SpdyConnectionTest#readSendsWindowUpdateHttp2","<-1020933817,1>","44","RUNNABLE_CALLABLE_START","java/util/concurrent/FutureTask:run:0","2","15000"
"com.squareup.okhttp.internal.spdy.SpdyConnectionTest#readSendsWindowUpdateHttp2","<68941243,1>","1","MONITORENTER","com/squareup/okhttp/internal/spdy/SpdyStream:receiveHeaders:274","1","10000"
"com.squareup.okhttp.internal.spdy.SpdyConnectionTest#readSendsWindowUpdateHttp2","<-1020933817,1>","11","java/lang/Thread.setName(Ljava/lang/String;)V","com/squareup/okhttp/internal/NamedRunnable:run:32","1","5000"
"com.squareup.okhttp.internal.spdy.SpdyConnectionTest#readSendsWindowUpdateHttp2","<main>","2","MONITORENTER","com/squareup/okhttp/internal/spdy/SpdyStream$SpdyDataSource:read:363","7","19843"
"com.squareup.okhttp.internal.spdy.SpdyConnectionTest#readSendsWindowUpdateHttp2","<68941243,1>","1","MONITORENTER","com/squareup/okhttp/internal/spdy/SpdyStream$SpdyDataSource:receive:426","6","19687"
"com.squareup.okhttp.internal.spdy.SpdyConnectionTest#readSendsWindowUpdateHttp2","<1562044902,1>","65","java/lang/Thread.currentThread()Ljava/lang/Thread;","com/squareup/okhttp/internal/NamedRunnable:run:31","3","13125"
"com.squareup.okhttp.internal.spdy.SpdyConnectionTest#readSendsWindowUpdateHttp2","<1562044902,1>","56","SYNCHRONIZED_METHOD_ENTER","com/squareup/okhttp/internal/spdy/Http20Draft09$Writer:windowUpdate:0","2","15000"
"com.squareup.okhttp.internal.spdy.SpdyConnectionTest#readSendsWindowUpdateHttp2","<main>","1","java/util/concurrent/Executors.callable(Ljava/lang/Runnable;Ljava/lang/Object;)Ljava/util/concurrent/Callable;","java/util/concurrent/FutureTask:<init>:153","3","17500"
"com.squareup.okhttp.internal.spdy.SpdyConnectionTest#readSendsWindowUpdateHttp2","<-1020933817,1>","11","java/lang/Thread.currentThread()Ljava/lang/Thread;","com/squareup/okhttp/internal/NamedRunnable:run:31","1","10000"
"com.squareup.okhttp.internal.spdy.SpdyConnectionTest#readSendsWindowUpdateHttp2","<main>","3","java/util/concurrent/BlockingQueue.take()Ljava/lang/Object;","com/squareup/okhttp/internal/spdy/MockSpdyPeer:takeFrame:96","7","19843"
"com.squareup.okhttp.internal.spdy.SpdyConnectionTest#readSendsWindowUpdateHttp2","<68941243,1>","3","MONITORENTER","com/squareup/okhttp/internal/spdy/SpdyStream$SpdyDataSource:receive:450","5","19375"
"com.squareup.okhttp.internal.spdy.SpdyConnectionTest#readSendsWindowUpdateHttp2","<main>","1","SYNCHRONIZED_METHOD_EXIT","com/squareup/okhttp/internal/spdy/Http20Draft09$Writer:data:402","3","17500"
"com.squareup.okhttp.internal.spdy.SpdyConnectionTest#readSendsWindowUpdateHttp2","<-1020933817,1>","11","MONITOREXIT","okio/SegmentPool:take:45","2","15000"
"com.squareup.okhttp.internal.spdy.SpdyConnectionTest#readSendsWindowUpdateHttp2","<-1020933817,1>","30","java/lang/Thread.currentThread()Ljava/lang/Thread;","com/squareup/okhttp/internal/NamedRunnable:run:32","2","12500"
"com.squareup.okhttp.internal.spdy.SpdyConnectionTest#readSendsWindowUpdateHttp2","<781236076,1>","3","MONITOREXIT","okio/SegmentPool:take:45","7","19843"
"com.squareup.okhttp.internal.spdy.SpdyConnectionTest#readSendsWindowUpdateHttp2","<781236076,1>","2","MONITOREXIT","okio/SegmentPool:recycle:59","14","19995"
"com.squareup.okhttp.internal.spdy.SpdyConnectionTest#readSendsWindowUpdateHttp2","<-1020933817,1>","62","RUNNABLE_CALLABLE_START","java/util/concurrent/FutureTask:run:0","3","17500"
"com.squareup.okhttp.internal.spdy.SpdyConnectionTest#readSendsWindowUpdateHttp2","<main>","2","MONITOREXIT","com/squareup/okhttp/internal/spdy/SpdyStream$SpdyDataSource:read:387","10","19979"
"com.squareup.okhttp.internal.spdy.SpdyConnectionTest#readSendsWindowUpdateHttp2","<1562044902,1>","88","java/lang/Thread.currentThread()Ljava/lang/Thread;","java/util/concurrent/FutureTask:run:258","2","15000"
"com.squareup.okhttp.internal.spdy.SpdyConnectionTest#readSendsWindowUpdateHttp2","<1562044902,1>","80","RUNNABLE_CALLABLE_START","com/squareup/okhttp/internal/NamedRunnable:run:0","1","10000"
"com.squareup.okhttp.internal.spdy.SpdyConnectionTest#readSendsWindowUpdateHttp2","<68941243,1>","2","java/lang/Thread.setName(Ljava/lang/String;)V","com/squareup/okhttp/internal/NamedRunnable:run:31","1","1250"
"com.squareup.okhttp.internal.spdy.SpdyConnectionTest#readSendsWindowUpdateHttp2","<main>","3","MONITORENTER","com/squareup/okhttp/internal/spdy/SpdyStream$SpdyDataSource:read:363","1","10000"
"com.squareup.okhttp.internal.spdy.SpdyConnectionTest#readSendsWindowUpdateHttp2","<781236076,1>","2","MONITOREXIT","okio/SegmentPool:recycle:59","8","19921"
"com.squareup.okhttp.internal.spdy.SpdyConnectionTest#readSendsWindowUpdateHttp2","<main>","3","MONITOREXIT","okio/SegmentPool:take:45","11","19988"
"com.squareup.okhttp.internal.spdy.SpdyConnectionTest#readSendsWindowUpdateHttp2","<68941243,1>","1","MONITORENTER","okio/SegmentPool:take:39","11","19988"
"com.squareup.okhttp.internal.spdy.SpdyConnectionTest#readSendsWindowUpdateHttp2","<781236076,1>","2","MONITOREXIT","okio/SegmentPool:recycle:54","2","15000"
"com.squareup.okhttp.internal.spdy.SpdyConnectionTest#readSendsWindowUpdateHttp2","<main>","3","java/util/concurrent/ExecutorService.submit(Ljava/lang/Runnable;)Ljava/util/concurrent/Future;","com/squareup/okhttp/internal/spdy/SpdyConnection:writeWindowUpdateLater:344","4","18750"
"com.squareup.okhttp.internal.spdy.SpdyConnectionTest#readSendsWindowUpdateHttp2","<main>","2","MONITORENTER","okio/SegmentPool:take:39","9","19960"
"com.squareup.okhttp.internal.spdy.SpdyConnectionTest#readSendsWindowUpdateHttp2","<68941243,1>","3","java/lang/Object.notifyAll()V","com/squareup/okhttp/internal/spdy/SpdyStream$SpdyDataSource:receive:455","9","19960"
"com.squareup.okhttp.internal.spdy.SpdyConnectionTest#readSendsWindowUpdateHttp2","<781236076,1>","2","MONITORENTER","okio/SegmentPool:take:39","2","15000"
"com.squareup.okhttp.internal.spdy.SpdyConnectionTest#readSendsWindowUpdateHttp2","<-1020933817,1>","27","MONITORENTER","okio/SegmentPool:take:39","4","18750"
"com.squareup.okhttp.internal.spdy.SpdyConnectionTest#readSendsWindowUpdateHttp2","<1562044902,1>","43","MONITOREXIT","okio/SegmentPool:recycle:59","1","10000"
"com.squareup.okhttp.internal.spdy.SpdyConnectionTest#readSendsWindowUpdateHttp2","<main>","2","SYNCHRONIZED_METHOD_ENTER","com/squareup/okhttp/internal/spdy/SpdyStream:getResponseHeaders:0","1","10000"
"com.squareup.okhttp.internal.spdy.SpdyConnectionTest#readSendsWindowUpdateHttp2","<1562044902,1>","53","java/lang/Thread.setName(Ljava/lang/String;)V","com/squareup/okhttp/internal/NamedRunnable:run:31","3","1332"
"com.squareup.okhttp.internal.spdy.SpdyConnectionTest#readSendsWindowUpdateHttp2","<-1020933817,1>","44","java/lang/Thread.getName()Ljava/lang/String;","com/squareup/okhttp/internal/NamedRunnable:run:30","3","6562"
"com.squareup.okhttp.internal.spdy.SpdyConnectionTest#readSendsWindowUpdateHttp2","<781236076,1>","1","java/util/concurrent/BlockingQueue.add(Ljava/lang/Object;)Z","com/squareup/okhttp/internal/spdy/MockSpdyPeer:readAndWriteFrames:151","1","10000"
"com.squareup.okhttp.internal.spdy.SpdyConnectionTest#readSendsWindowUpdateHttp2","<-1020933817,1>","13","MONITOREXIT","okio/SegmentPool:take:45","3","17500"
"com.squareup.okhttp.internal.spdy.SpdyConnectionTest#readSendsWindowUpdateHttp2","<-1020933817,1>","52","RUNNABLE_CALLABLE_START","com/squareup/okhttp/internal/NamedRunnable:run:0","3","17500"
"com.squareup.okhttp.internal.spdy.SpdyConnectionTest#readSendsWindowUpdateHttp2","<68941243,1>","2","MONITOREXIT","okio/SegmentPool:take:47","7","19843"
"com.squareup.okhttp.internal.spdy.SpdyConnectionTest#readSendsWindowUpdateHttp2","<-1020933817,1>","12","MONITOREXIT","okio/SegmentPool:take:45","1","10000"
"com.squareup.okhttp.internal.spdy.SpdyConnectionTest#readSendsWindowUpdateHttp2","<68941243,1>","3","MONITOREXIT","okio/SegmentPool:take:47","1","10000"
"com.squareup.okhttp.internal.spdy.SpdyConnectionTest#readSendsWindowUpdateHttp2","<main>","2","java/util/concurrent/Executors.callable(Ljava/lang/Runnable;Ljava/lang/Object;)Ljava/util/concurrent/Callable;","java/util/concurrent/FutureTask:<init>:152","3","17500"
"com.squareup.okhttp.internal.spdy.SpdyConnectionTest#readSendsWindowUpdateHttp2","<68941243,1>","1","java/lang/Object.notifyAll()V","com/squareup/okhttp/internal/spdy/SpdyStream$SpdyDataSource:receive:454","6","19687"
"com.squareup.okhttp.internal.spdy.SpdyConnectionTest#readSendsWindowUpdateHttp2","<1562044902,1>","90","java/lang/Thread.currentThread()Ljava/lang/Thread;","java/util/concurrent/FutureTask:run:258","3","17500"
"com.squareup.okhttp.internal.spdy.SpdyConnectionTest#readSendsWindowUpdateHttp2","<main>","1","SYNCHRONIZED_METHOD_ENTER","com/squareup/okhttp/internal/spdy/Http20Draft09$Writer:data:0","10","19979"
"com.squareup.okhttp.internal.spdy.SpdyConnectionTest#readSendsWindowUpdateHttp2","<main>","1","MONITOREXIT","okio/SegmentPool:take:47","7","19843"
"com.squareup.okhttp.internal.spdy.SpdyConnectionTest#readSendsWindowUpdateHttp2","<main>","3","SYNCHRONIZED_METHOD_EXIT","com/squareup/okhttp/internal/spdy/Http20Draft09$Writer:synReply:339","1","10000"
"com.squareup.okhttp.internal.spdy.SpdyConnectionTest#readSendsWindowUpdateHttp2","<68941243,1>","2","SYNCHRONIZED_METHOD_EXIT","com/squareup/okhttp/internal/spdy/SpdyStream:isOpen:109","1","10000"
"com.squareup.okhttp.internal.spdy.SpdyConnectionTest#readSendsWindowUpdateHttp2","<-1020933817,1>","1","MONITORENTER","okio/SegmentPool:recycle:53","1","10000"
"com.squareup.okhttp.internal.spdy.SpdyConnectionTest#readSendsWindowUpdateHttp2","<68941243,1>","3","MONITOREXIT","com/squareup/okhttp/internal/spdy/SpdyStream$SpdyDataSource:receive:429","11","19988"
"com.squareup.okhttp.internal.spdy.SpdyConnectionTest#readSendsWindowUpdateHttp2","<68941243,1>","1","MONITORENTER","com/squareup/okhttp/internal/spdy/SpdyStream$SpdyDataSource:receive:450","9","19960"
"com.squareup.okhttp.internal.spdy.SpdyConnectionTest#readSendsWindowUpdateHttp2","<1562044902,1>","3","MONITOREXIT","okio/SegmentPool:take:45","1","10000"
"com.squareup.okhttp.internal.spdy.SpdyConnectionTest#readSendsWindowUpdateHttp2","<main>","1","MONITORENTER","com/squareup/okhttp/internal/spdy/SpdyStream$SpdyDataSource:read:363","10","19979"
"com.squareup.okhttp.internal.spdy.SpdyConnectionTest#readSendsWindowUpdateHttp2","<68941243,1>","2","MONITOREXIT","com/squareup/okhttp/internal/spdy/SpdyStream$SpdyDataSource:receive:429","14","19995"
"com.squareup.okhttp.internal.spdy.SpdyConnectionTest#readSendsWindowUpdateHttp2","<1562044902,1>","77","java/lang/Thread.getName()Ljava/lang/String;","com/squareup/okhttp/internal/NamedRunnable:run:30","1","5000"
"com.squareup.okhttp.internal.spdy.SpdyConnectionTest#readSendsWindowUpdateHttp2","<-1020933817,1>","7","MONITORENTER","okio/SegmentPool:recycle:53","1","10000"
"com.squareup.okhttp.internal.spdy.SpdyConnectionTest#readSendsWindowUpdateHttp2","<-1020933817,1>","7","java/lang/Thread.currentThread()Ljava/lang/Thread;","com/squareup/okhttp/internal/NamedRunnable:run:32","1","10000"
"com.squareup.okhttp.internal.spdy.SpdyConnectionTest#readSendsWindowUpdateHttp2","<1562044902,1>","52","java/lang/Thread.currentThread()Ljava/lang/Thread;","com/squareup/okhttp/internal/NamedRunnable:run:31","4","13281"
"com.squareup.okhttp.internal.spdy.SpdyConnectionTest#readSendsWindowUpdateHttp2","<1562044902,1>","89","java/lang/Thread.currentThread()Ljava/lang/Thread;","java/util/concurrent/FutureTask:run:258","1","10000"
"com.squareup.okhttp.internal.spdy.SpdyConnectionTest#readSendsWindowUpdateHttp2","<main>","2","MONITORENTER","com/squareup/okhttp/internal/spdy/SpdyStream$SpdyDataSource:read:380","2","15000"
"com.squareup.okhttp.internal.spdy.SpdyConnectionTest#readSendsWindowUpdateHttp2","<-1020933817,1>","55","java/lang/Thread.currentThread()Ljava/lang/Thread;","com/squareup/okhttp/internal/NamedRunnable:run:30","3","13125"
"com.squareup.okhttp.internal.spdy.SpdyConnectionTest#readSendsWindowUpdateHttp2","<-1020933817,1>","19","MONITORENTER","okio/SegmentPool:recycle:53","3","17500"
"com.squareup.okhttp.internal.spdy.SpdyConnectionTest#readSendsWindowUpdateHttp2","<1562044902,1>","74","java/lang/Thread.currentThread()Ljava/lang/Thread;","com/squareup/okhttp/internal/NamedRunnable:run:30","2","12500"
"com.squareup.okhttp.internal.spdy.SpdyConnectionTest#readSendsWindowUpdateHttp2","<68941243,1>","3","java/lang/Object.notifyAll()V","com/squareup/okhttp/internal/spdy/SpdyStream$SpdyDataSource:receive:454","3","17500"
"com.squareup.okhttp.internal.spdy.SpdyConnectionTest#readSendsWindowUpdateHttp2","<-1020933817,1>","3","MONITORENTER","okio/SegmentPool:take:39","2","15000"
"com.squareup.okhttp.internal.spdy.SpdyConnectionTest#readSendsWindowUpdateHttp2","<781236076,1>","3","MONITORENTER","okio/SegmentPool:take:39","4","18750"
"com.squareup.okhttp.internal.spdy.SpdyConnectionTest#readSendsWindowUpdateHttp2","<1562044902,1>","53","java/lang/Thread.setName(Ljava/lang/String;)V","com/squareup/okhttp/internal/NamedRunnable:run:32","3","6562"
"com.squareup.okhttp.internal.spdy.SpdyConnectionTest#readSendsWindowUpdateHttp2","<-1020933817,1>","10","MONITORENTER","okio/SegmentPool:recycle:53","1","10000"
"com.squareup.okhttp.internal.spdy.SpdyConnectionTest#readSendsWindowUpdateHttp2","<68941243,1>","2","MONITORENTER","okio/SegmentPool:take:39","1","10000"
"com.squareup.okhttp.internal.spdy.SpdyConnectionTest#readSendsWindowUpdateHttp2","<1562044902,1>","3","java/lang/Thread.currentThread()Ljava/lang/Thread;","java/util/concurrent/FutureTask:run:259","1","10000"
"com.squareup.okhttp.internal.spdy.SpdyConnectionTest#readSendsWindowUpdateHttp2","<-1020933817,1>","62","java/lang/Thread.currentThread()Ljava/lang/Thread;","java/util/concurrent/FutureTask:run:259","1","10000"
"com.squareup.okhttp.internal.spdy.SpdyConnectionTest#readSendsWindowUpdateHttp2","<-1020933817,1>","1","java/lang/Thread.setName(Ljava/lang/String;)V","com/squareup/okhttp/internal/NamedRunnable:run:32","1","5000"
"com.squareup.okhttp.internal.spdy.SpdyConnectionTest#readSendsWindowUpdateHttp2","<main>","1","MONITOREXIT","okio/SegmentPool:recycle:59","5","19375"
"com.squareup.okhttp.internal.spdy.SpdyConnectionTest#readSendsWindowUpdateHttp2","<781236076,1>","1","MONITOREXIT","okio/SegmentPool:recycle:54","13","19994"
"com.squareup.okhttp.internal.spdy.SpdyConnectionTest#readSendsWindowUpdateHttp2","<781236076,1>","3","java/util/concurrent/BlockingQueue.add(Ljava/lang/Object;)Z","com/squareup/okhttp/internal/spdy/MockSpdyPeer:readAndWriteFrames:150","7","19843"
"com.squareup.okhttp.internal.spdy.SpdyConnectionTest#readSendsWindowUpdateHttp2","<-1020933817,1>","3","java/lang/Thread.getName()Ljava/lang/String;","com/squareup/okhttp/internal/NamedRunnable:run:30","1","5000"
"com.squareup.okhttp.internal.spdy.SpdyConnectionTest#readSendsWindowUpdateHttp2","<-1020933817,1>","30","SYNCHRONIZED_METHOD_ENTER","com/squareup/okhttp/internal/spdy/Http20Draft09$Writer:windowUpdate:0","1","10000"
"com.squareup.okhttp.internal.spdy.SpdyConnectionTest#readSendsWindowUpdateHttp2","<68941243,1>","1","SYNCHRONIZED_METHOD_ENTER","com/squareup/okhttp/internal/spdy/SpdyStream:isOpen:0","1","10000"
"com.squareup.okhttp.internal.spdy.SpdyConnectionTest#readSendsWindowUpdateHttp2","<main>","1","MONITOREXIT","okio/SegmentPool:take:45","12","19992"
"com.squareup.okhttp.internal.spdy.SpdyConnectionTest#readSendsWindowUpdateHttp2","<1562044902,1>","68","java/lang/Thread.currentThread()Ljava/lang/Thread;","com/squareup/okhttp/internal/NamedRunnable:run:30","3","13125"
"com.squareup.okhttp.internal.spdy.SpdyConnectionTest#readSendsWindowUpdateHttp2","<-1020933817,1>","39","java/lang/Thread.currentThread()Ljava/lang/Thread;","com/squareup/okhttp/internal/NamedRunnable:run:32","3","13125"
"com.squareup.okhttp.internal.spdy.SpdyConnectionTest#readSendsWindowUpdateHttp2","<68941243,1>","1","MONITORENTER","com/squareup/okhttp/internal/spdy/SpdyStream$SpdyDataSource:receive:426","1","10000"
"com.squareup.okhttp.internal.spdy.SpdyConnectionTest#readSendsWindowUpdateHttp2","<main>","2","MONITOREXIT","okio/SegmentPool:take:45","2","15000"
"com.squareup.okhttp.internal.spdy.SpdyConnectionTest#readSendsWindowUpdateHttp2","<1562044902,1>","37","MONITOREXIT","okio/SegmentPool:recycle:59","1","10000"
"com.squareup.okhttp.internal.spdy.SpdyConnectionTest#readSendsWindowUpdateHttp2","<main>","1","SYNCHRONIZED_METHOD_ENTER","com/squareup/okhttp/internal/spdy/Http20Draft09$Writer:data:0","7","19843"
"com.squareup.okhttp.internal.spdy.SpdyConnectionTest#readSendsWindowUpdateHttp2","<-1020933817,1>","23","MONITOREXIT","okio/SegmentPool:take:45","2","15000"
"com.squareup.okhttp.internal.spdy.SpdyConnectionTest#readSendsWindowUpdateHttp2","<1562044902,1>","49","MONITORENTER","okio/SegmentPool:take:39","5","19375"
"com.squareup.okhttp.internal.spdy.SpdyConnectionTest#readSendsWindowUpdateHttp2","<main>","2","MONITOREXIT","com/squareup/okhttp/internal/spdy/SpdyStream$SpdyDataSource:read:387","3","17500"
"com.squareup.okhttp.internal.spdy.SpdyConnectionTest#readSendsWindowUpdateHttp2","<main>","2","MONITOREXIT","okio/SegmentPool:recycle:59","7","19843"
"com.squareup.okhttp.internal.spdy.SpdyConnectionTest#readSendsWindowUpdateHttp2","<68941243,1>","1","MONITOREXIT","com/squareup/okhttp/internal/spdy/SpdyStream$SpdyDataSource:receive:429","9","19960"
"com.squareup.okhttp.internal.spdy.SpdyConnectionTest#readSendsWindowUpdateHttp2","<781236076,1>","3","MONITOREXIT","okio/SegmentPool:recycle:54","10","19979"
"com.squareup.okhttp.internal.spdy.SpdyConnectionTest#readSendsWindowUpdateHttp2","<68941243,1>","2","SYNCHRONIZED_METHOD_EXIT","com/squareup/okhttp/internal/spdy/SpdyConnection:getStream:177","10","19979"
"com.squareup.okhttp.internal.spdy.SpdyConnectionTest#readSendsWindowUpdateHttp2","<main>","3","SYNCHRONIZED_METHOD_ENTER","com/squareup/okhttp/internal/spdy/SpdyStream:isOpen:0","1","10000"
"com.squareup.okhttp.internal.spdy.SpdyConnectionTest#readSendsWindowUpdateHttp2","<68941243,1>","3","MONITOREXIT","okio/SegmentPool:take:45","5","19375"
"com.squareup.okhttp.internal.spdy.SpdyConnectionTest#readSendsWindowUpdateHttp2","<-1020933817,1>","44","java/lang/Thread.getName()Ljava/lang/String;","com/squareup/okhttp/internal/NamedRunnable:run:30","1","5000"
"com.squareup.okhttp.internal.spdy.SpdyConnectionTest#readSendsWindowUpdateHttp2","<1562044902,1>","80","RUNNABLE_CALLABLE_START","com/squareup/okhttp/internal/NamedRunnable:run:0","3","17500"
"com.squareup.okhttp.internal.spdy.SpdyConnectionTest#readSendsWindowUpdateHttp2","<68941243,1>","2","java/lang/Object.notifyAll()V","com/squareup/okhttp/internal/spdy/SpdyStream$SpdyDataSource:receive:454","3","17500"
"com.squareup.okhttp.internal.spdy.SpdyConnectionTest#readSendsWindowUpdateHttp2","<781236076,1>","2","MONITORENTER","okio/SegmentPool:recycle:53","9","19960"
"com.squareup.okhttp.internal.spdy.SpdyConnectionTest#readSendsWindowUpdateHttp2","<781236076,1>","1","MONITOREXIT","okio/SegmentPool:recycle:59","8","19921"
"com.squareup.okhttp.internal.spdy.SpdyConnectionTest#readSendsWindowUpdateHttp2","<781236076,1>","2","MONITORENTER","okio/SegmentPool:take:39","6","19687"
"com.squareup.okhttp.internal.spdy.SpdyConnectionTest#readSendsWindowUpdateHttp2","<1562044902,1>","55","java/lang/Thread.currentThread()Ljava/lang/Thread;","com/squareup/okhttp/internal/NamedRunnable:run:32","3","13125"
"com.squareup.okhttp.internal.spdy.SpdyConnectionTest#readSendsWindowUpdateHttp2","<-1020933817,1>","14","MONITORENTER","okio/SegmentPool:take:39","3","17500"
"com.squareup.okhttp.internal.spdy.SpdyConnectionTest#readSendsWindowUpdateHttp2","<1562044902,1>","75","RUNNABLE_CALLABLE_START","com/squareup/okhttp/internal/NamedRunnable:run:0","2","15000"
"com.squareup.okhttp.internal.spdy.SpdyConnectionTest#readSendsWindowUpdateHttp2","<-1020933817,1>","69","java/lang/Thread.currentThread()Ljava/lang/Thread;","java/util/concurrent/FutureTask:run:259","1","10000"
"com.squareup.okhttp.internal.spdy.SpdyConnectionTest#readSendsWindowUpdateHttp2","<781236076,1>","1","java/util/concurrent/BlockingQueue.add(Ljava/lang/Object;)Z","com/squareup/okhttp/internal/spdy/MockSpdyPeer:readAndWriteFrames:151","3","17500"
"com.squareup.okhttp.internal.spdy.SpdyConnectionTest#readSendsWindowUpdateHttp2","<1562044902,1>","1","MONITORENTER","okio/SegmentPool:recycle:53","1","10000"
"com.squareup.okhttp.internal.spdy.SpdyConnectionTest#readSendsWindowUpdateHttp2","<1562044902,1>","4","java/lang/Thread.currentThread()Ljava/lang/Thread;","com/squareup/okhttp/internal/NamedRunnable:run:35","1","10000"
"com.squareup.okhttp.internal.spdy.SpdyConnectionTest#readSendsWindowUpdateHttp2","<-1020933817,1>","64","RUNNABLE_CALLABLE_START","java/util/concurrent/FutureTask:run:0","1","10000"
"com.squareup.okhttp.internal.spdy.SpdyConnectionTest#readSendsWindowUpdateHttp2","<781236076,1>","3","MONITOREXIT","okio/SegmentPool:recycle:59","13","19994"
"com.squareup.okhttp.internal.spdy.SpdyConnectionTest#readSendsWindowUpdateHttp2","<1562044902,1>","63","java/lang/Thread.setName(Ljava/lang/String;)V","com/squareup/okhttp/internal/NamedRunnable:run:32","3","6562"
"com.squareup.okhttp.internal.spdy.SpdyConnectionTest#readSendsWindowUpdateHttp2","<1562044902,1>","2","SYNCHRONIZED_METHOD_ENTER","com/squareup/okhttp/internal/spdy/Http20Draft09$Writer:windowUpdate:0","1","10000"
"com.squareup.okhttp.internal.spdy.SpdyConnectionTest#readSendsWindowUpdateHttp2","<68941243,1>","3","MONITOREXIT","okio/SegmentPool:take:47","3","17500"
"com.squareup.okhttp.internal.spdy.SpdyConnectionTest#readSendsWindowUpdateHttp2","<main>","1","SYNCHRONIZED_METHOD_ENTER","com/squareup/okhttp/internal/spdy/SpdyStream:getResponseHeaders:0","1","10000"
"com.squareup.okhttp.internal.spdy.SpdyConnectionTest#readSendsWindowUpdateHttp2","<1562044902,1>","98","RUNNABLE_CALLABLE_START","java/util/concurrent/FutureTask:run:0","1","10000"
"com.squareup.okhttp.internal.spdy.SpdyConnectionTest#readSendsWindowUpdateHttp2","<-1020933817,1>","8","java/lang/Thread.getName()Ljava/lang/String;","com/squareup/okhttp/internal/NamedRunnable:run:31","1","5000"
"com.squareup.okhttp.internal.spdy.SpdyConnectionTest#readSendsWindowUpdateHttp2","<1562044902,1>","25","java/io/OutputStream.flush()V","okio/Okio$1:flush:85","1","10000"
"com.squareup.okhttp.internal.spdy.SpdyConnectionTest#readSendsWindowUpdateHttp2","<68941243,1>","2","java/lang/Thread.getName()Ljava/lang/String;","com/squareup/okhttp/internal/NamedRunnable:run:30","1","5000"
"com.squareup.okhttp.internal.spdy.SpdyConnectionTest#readSendsWindowUpdateHttp2","<-1020933817,1>","74","RUNNABLE_CALLABLE_START","java/util/concurrent/FutureTask:run:0","3","17500"
"com.squareup.okhttp.internal.spdy.SpdyConnectionTest#readSendsWindowUpdateHttp2","<68941243,1>","2","MONITORENTER","com/squareup/okhttp/internal/spdy/SpdyStream$SpdyDataSource:receive:426","5","19375"
"com.squareup.okhttp.internal.spdy.SpdyConnectionTest#readSendsWindowUpdateHttp2","<-1020933817,1>","8","java/lang/Thread.currentThread()Ljava/lang/Thread;","java/util/concurrent/FutureTask:run:258","1","10000"
"com.squareup.okhttp.internal.spdy.SpdyConnectionTest#readSendsWindowUpdateHttp2","<1562044902,1>","49","MONITOREXIT","okio/SegmentPool:take:45","6","19687"
"com.squareup.okhttp.internal.spdy.SpdyConnectionTest#readSendsWindowUpdateHttp2","<1562044902,1>","77","java/lang/Thread.getName()Ljava/lang/String;","com/squareup/okhttp/internal/NamedRunnable:run:30","2","6250"
"com.squareup.okhttp.internal.spdy.SpdyConnectionTest#readSendsWindowUpdateHttp2","<main>","3","MONITORENTER","okio/SegmentPool:recycle:53","3","17500"
"com.squareup.okhttp.internal.spdy.SpdyConnectionTest#readSendsWindowUpdateHttp2","<main>","2","MONITORENTER","okio/SegmentPool:recycle:53","2","15000"
"com.squareup.okhttp.internal.spdy.SpdyConnectionTest#readSendsWindowUpdateHttp2","<main>","3","java/util/concurrent/BlockingQueue.take()Ljava/lang/Object;","com/squareup/okhttp/internal/spdy/MockSpdyPeer:takeFrame:97","7","19843"
"com.squareup.okhttp.internal.spdy.SpdyConnectionTest#readSendsWindowUpdateHttp2","<1562044902,1>","42","MONITORENTER","okio/SegmentPool:recycle:53","2","15000"
"com.squareup.okhttp.internal.spdy.SpdyConnectionTest#readSendsWindowUpdateHttp2","<main>","2","MONITORENTER","com/squareup/okhttp/internal/spdy/SpdyStream$SpdyDataSource:read:380","6","19687"
"com.squareup.okhttp.internal.spdy.SpdyConnectionTest#readSendsWindowUpdateHttp2","<main>","3","SYNCHRONIZED_METHOD_ENTER","com/squareup/okhttp/internal/spdy/MockSpdyPeer:close:0","1","10000"
"com.squareup.okhttp.internal.spdy.SpdyConnectionTest#readSendsWindowUpdateHttp2","<1562044902,1>","69","RUNNABLE_CALLABLE_START","java/util/concurrent/FutureTask:run:0","3","17500"
"com.squareup.okhttp.internal.spdy.SpdyConnectionTest#readSendsWindowUpdateHttp2","<-1020933817,1>","60","java/util/concurrent/Callable.call()Ljava/lang/Object;","java/util/concurrent/FutureTask:run:266","3","17500"
"com.squareup.okhttp.internal.spdy.SpdyConnectionTest#readSendsWindowUpdateHttp2","<main>","1","MONITOREXIT","okio/SegmentPool:take:45","8","19921"
"com.squareup.okhttp.internal.spdy.SpdyConnectionTest#readSendsWindowUpdateHttp2","<-1020933817,1>","45","java/util/concurrent/Callable.call()Ljava/lang/Object;","java/util/concurrent/FutureTask:run:266","2","15000"
"com.squareup.okhttp.internal.spdy.SpdyConnectionTest#readSendsWindowUpdateHttp2","<-1020933817,1>","45","java/lang/Thread.currentThread()Ljava/lang/Thread;","java/util/concurrent/FutureTask:run:258","2","15000"
"com.squareup.okhttp.internal.spdy.SpdyConnectionTest#readSendsWindowUpdateHttp2","<68941243,1>","2","MONITORENTER","okio/SegmentPool:take:39","3","17500"
"com.squareup.okhttp.internal.spdy.SpdyConnectionTest#readSendsWindowUpdateHttp2","<-1020933817,1>","62","java/lang/Thread.currentThread()Ljava/lang/Thread;","java/util/concurrent/FutureTask:run:259","3","17500"
"com.squareup.okhttp.internal.spdy.SpdyConnectionTest#readSendsWindowUpdateHttp2","<68941243,1>","2","SYNCHRONIZED_METHOD_ENTER","com/squareup/okhttp/internal/spdy/SpdyConnection:getStream:0","11","19988"
"com.squareup.okhttp.internal.spdy.SpdyConnectionTest#readSendsWindowUpdateHttp2","<1562044902,1>","54","java/lang/Thread.setName(Ljava/lang/String;)V","com/squareup/okhttp/internal/NamedRunnable:run:32","1","5000"
"com.squareup.okhttp.internal.spdy.SpdyConnectionTest#readSendsWindowUpdateHttp2","<1562044902,1>","32","MONITORENTER","okio/SegmentPool:recycle:53","1","10000"
"com.squareup.okhttp.internal.spdy.SpdyConnectionTest#readSendsWindowUpdateHttp2","<-1020933817,1>","47","java/util/concurrent/Callable.call()Ljava/lang/Object;","java/util/concurrent/FutureTask:run:266","3","17500"
"com.squareup.okhttp.internal.spdy.SpdyConnectionTest#readSendsWindowUpdateHttp2","<1562044902,1>","86","java/lang/Thread.currentThread()Ljava/lang/Thread;","java/util/concurrent/FutureTask:run:258","2","15000"
"com.squareup.okhttp.internal.spdy.SpdyConnectionTest#readSendsWindowUpdateHttp2","<main>","1","MONITORENTER","okio/SegmentPool:take:39","3","17500"
"com.squareup.okhttp.internal.spdy.SpdyConnectionTest#readSendsWindowUpdateHttp2","<1562044902,1>","38","MONITOREXIT","okio/SegmentPool:recycle:59","2","15000"
"com.squareup.okhttp.internal.spdy.SpdyConnectionTest#readSendsWindowUpdateHttp2","<main>","1","MONITORENTER","com/squareup/okhttp/internal/spdy/SpdyConnection:newStream:243","1","10000"
"com.squareup.okhttp.internal.spdy.SpdyConnectionTest#readSendsWindowUpdateHttp2","<main>","2","SYNCHRONIZED_METHOD_EXIT","com/squareup/okhttp/internal/spdy/Http20Draft09$Writer:synReply:339","1","10000"
"com.squareup.okhttp.internal.spdy.SpdyConnectionTest#readSendsWindowUpdateHttp2","<781236076,1>","3","java/util/concurrent/BlockingQueue.add(Ljava/lang/Object;)Z","com/squareup/okhttp/internal/spdy/MockSpdyPeer:readAndWriteFrames:151","4","18750"
"com.squareup.okhttp.internal.spdy.SpdyConnectionTest#readSendsWindowUpdateHttp2","<main>","1","SYNCHRONIZED_METHOD_EXIT","com/squareup/okhttp/internal/spdy/Http20Draft09$Writer:data:394","4","18750"
"com.squareup.okhttp.internal.spdy.SpdyConnectionTest#readSendsWindowUpdateHttp2","<-1020933817,1>","7","java/lang/Thread.currentThread()Ljava/lang/Thread;","com/squareup/okhttp/internal/NamedRunnable:run:31","1","10000"
"com.squareup.okhttp.internal.spdy.SpdyConnectionTest#readSendsWindowUpdateHttp2","<68941243,1>","1","MONITORENTER","com/squareup/okhttp/internal/spdy/SpdyStream$SpdyDataSource:receive:450","2","15000"
"com.squareup.okhttp.internal.spdy.SpdyConnectionTest#readSendsWindowUpdateHttp2","<68941243,1>","3","MONITOREXIT","com/squareup/okhttp/internal/spdy/SpdyStream$SpdyDataSource:receive:456","11","19988"
"com.squareup.okhttp.internal.spdy.SpdyConnectionTest#readSendsWindowUpdateHttp2","<main>","2","MONITOREXIT","okio/SegmentPool:take:45","6","19687"
"com.squareup.okhttp.internal.spdy.SpdyConnectionTest#readSendsWindowUpdateHttp2","<-1020933817,1>","7","MONITOREXIT","okio/SegmentPool:take:45","2","15000"
"com.squareup.okhttp.internal.spdy.SpdyConnectionTest#readSendsWindowUpdateHttp2","<781236076,1>","2","MONITOREXIT","okio/SegmentPool:recycle:59","1","10000"
"com.squareup.okhttp.internal.spdy.SpdyConnectionTest#readSendsWindowUpdateHttp2","<1562044902,1>","59","SYNCHRONIZED_METHOD_ENTER","com/squareup/okhttp/internal/spdy/Http20Draft09$Writer:windowUpdate:0","1","10000"
"com.squareup.okhttp.internal.spdy.SpdyConnectionTest#readSendsWindowUpdateHttp2","<68941243,1>","2","MONITOREXIT","com/squareup/okhttp/internal/spdy/SpdyStream$SpdyDataSource:receive:456","14","19995"
"com.squareup.okhttp.internal.spdy.SpdyConnectionTest#readSendsWindowUpdateHttp2","<1562044902,1>","75","java/lang/Thread.getName()Ljava/lang/String;","com/squareup/okhttp/internal/NamedRunnable:run:30","1","5000"
"com.squareup.okhttp.internal.spdy.SpdyConnectionTest#readSendsWindowUpdateHttp2","<main>","3","MONITOREXIT","okio/SegmentPool:take:47","8","19921"
"com.squareup.okhttp.internal.spdy.SpdyConnectionTest#readSendsWindowUpdateHttp2","<-1020933817,1>","5","SYNCHRONIZED_METHOD_EXIT","com/squareup/okhttp/internal/spdy/Http20Draft09$Writer:windowUpdate:470","1","10000"
"com.squareup.okhttp.internal.spdy.SpdyConnectionTest#readSendsWindowUpdateHttp2","<-1020933817,1>","44","java/lang/Thread.getName()Ljava/lang/String;","com/squareup/okhttp/internal/NamedRunnable:run:30","2","6250"
"com.squareup.okhttp.internal.spdy.SpdyConnectionTest#readSendsWindowUpdateHttp2","<68941243,1>","2","MONITOREXIT","okio/SegmentPool:take:45","4","18750"
"com.squareup.okhttp.internal.spdy.SpdyConnectionTest#readSendsWindowUpdateHttp2","<-1020933817,1>","1","java/lang/Thread.currentThread()Ljava/lang/Thread;","java/util/concurrent/FutureTask:run:259","1","10000"
"com.squareup.okhttp.internal.spdy.SpdyConnectionTest#readSendsWindowUpdateHttp2","<-1020933817,1>","65","java/lang/Thread.currentThread()Ljava/lang/Thread;","java/util/concurrent/FutureTask:run:258","1","10000"
"com.squareup.okhttp.internal.spdy.SpdyConnectionTest#readSendsWindowUpdateHttp2","<1562044902,1>","63","java/lang/Thread.setName(Ljava/lang/String;)V","com/squareup/okhttp/internal/NamedRunnable:run:32","1","5000"
"com.squareup.okhttp.internal.spdy.SpdyConnectionTest#readSendsWindowUpdateHttp2","<-1020933817,1>","32","java/lang/Thread.setName(Ljava/lang/String;)V","com/squareup/okhttp/internal/NamedRunnable:run:32","2","6250"
"com.squareup.okhttp.internal.spdy.SpdyConnectionTest#readSendsWindowUpdateHttp2","<-1020933817,1>","2","java/lang/Thread.currentThread()Ljava/lang/Thread;","com/squareup/okhttp/internal/NamedRunnable:run:32","1","10000"
"com.squareup.okhttp.internal.spdy.SpdyConnectionTest#readSendsWindowUpdateHttp2","<-1020933817,1>","45","RUNNABLE_CALLABLE_START","java/util/concurrent/FutureTask:run:0","2","15000"
"com.squareup.okhttp.internal.spdy.SpdyConnectionTest#readSendsWindowUpdateHttp2","<1562044902,1>","4","SYNCHRONIZED_METHOD_EXIT","com/squareup/okhttp/internal/spdy/Http20Draft09$Writer:windowUpdate:470","1","10000"
"com.squareup.okhttp.internal.spdy.SpdyConnectionTest#readSendsWindowUpdateHttp2","<1562044902,1>","69","java/lang/Thread.currentThread()Ljava/lang/Thread;","com/squareup/okhttp/internal/NamedRunnable:run:30","2","12500"
"com.squareup.okhttp.internal.spdy.SpdyConnectionTest#readSendsWindowUpdateHttp2","<1562044902,1>","37","MONITORENTER","okio/SegmentPool:take:39","2","15000"
"com.squareup.okhttp.internal.spdy.SpdyConnectionTest#readSendsWindowUpdateHttp2","<-1020933817,1>","72","java/lang/Thread.currentThread()Ljava/lang/Thread;","java/util/concurrent/FutureTask:run:258","2","15000"
"com.squareup.okhttp.internal.spdy.SpdyConnectionTest#readSendsWindowUpdateHttp2","<main>","2","SYNCHRONIZED_METHOD_EXIT","com/squareup/okhttp/internal/spdy/Http20Draft09$Writer:data:394","7","19843"
"com.squareup.okhttp.internal.spdy.SpdyConnectionTest#readSendsWindowUpdateHttp2","<1562044902,1>","74","java/lang/Thread.getName()Ljava/lang/String;","com/squareup/okhttp/internal/NamedRunnable:run:30","2","6250"
"com.squareup.okhttp.internal.spdy.SpdyConnectionTest#readSendsWindowUpdateHttp2","<68941243,1>","1","SYNCHRONIZED_METHOD_EXIT","com/squareup/okhttp/internal/spdy/SpdyConnection:getStream:177","10","19979"
"com.squareup.okhttp.internal.spdy.SpdyConnectionTest#readSendsWindowUpdateHttp2","<-1020933817,1>","69","java/lang/Thread.currentThread()Ljava/lang/Thread;","java/util/concurrent/FutureTask:run:259","3","17500"
"com.squareup.okhttp.internal.spdy.SpdyConnectionTest#readSendsWindowUpdateHttp2","<-1020933817,1>","64","RUNNABLE_CALLABLE_START","java/util/concurrent/FutureTask:run:0","3","17500"
"com.squareup.okhttp.internal.spdy.SpdyConnectionTest#readSendsWindowUpdateHttp2","<68941243,1>","2","MONITORENTER","com/squareup/okhttp/internal/spdy/SpdyStream$SpdyDataSource:receive:450","4","18750"
"com.squareup.okhttp.internal.spdy.SpdyConnectionTest#readSendsWindowUpdateHttp2","<main>","1","java/util/concurrent/ExecutorService.submit(Ljava/lang/Runnable;)Ljava/util/concurrent/Future;","com/squareup/okhttp/internal/spdy/SpdyConnection:writeWindowUpdateLater:344","1","10000"
"com.squareup.okhttp.internal.spdy.SpdyConnectionTest#readSendsWindowUpdateHttp2","<68941243,1>","2","java/lang/Thread.setName(Ljava/lang/String;)V","com/squareup/okhttp/internal/NamedRunnable:run:32","1","5000"
"com.squareup.okhttp.internal.spdy.SpdyConnectionTest#readSendsWindowUpdateHttp2","<main>","3","MONITOREXIT","okio/SegmentPool:recycle:59","14","19995"
"com.squareup.okhttp.internal.spdy.SpdyConnectionTest#readSendsWindowUpdateHttp2","<-1020933817,1>","2","java/io/OutputStream.flush()V","okio/Okio$1:flush:85","1","10000"
"com.squareup.okhttp.internal.spdy.SpdyConnectionTest#readSendsWindowUpdateHttp2","<1562044902,1>","98","RUNNABLE_CALLABLE_START","java/util/concurrent/FutureTask:run:0","3","17500"
"com.squareup.okhttp.internal.spdy.SpdyConnectionTest#readSendsWindowUpdateHttp2","<-1020933817,1>","25","MONITORENTER","okio/SegmentPool:take:39","4","18750"
"com.squareup.okhttp.internal.spdy.SpdyConnectionTest#readSendsWindowUpdateHttp2","<68941243,1>","3","MONITORENTER","okio/SegmentPool:take:39","11","19988"
"com.squareup.okhttp.internal.spdy.SpdyConnectionTest#readSendsWindowUpdateHttp2","<1562044902,1>","97","RUNNABLE_CALLABLE_START","java/util/concurrent/FutureTask:run:0","2","15000"
"com.squareup.okhttp.internal.spdy.SpdyConnectionTest#readSendsWindowUpdateHttp2","<main>","3","MONITOREXIT","okio/SegmentPool:recycle:59","8","19921"
"com.squareup.okhttp.internal.spdy.SpdyConnectionTest#readSendsWindowUpdateHttp2","<main>","3","MONITOREXIT","com/squareup/okhttp/internal/spdy/SpdyStream$SpdyDataSource:read:387","10","19979"
"com.squareup.okhttp.internal.spdy.SpdyConnectionTest#readSendsWindowUpdateHttp2","<main>","1","MONITORENTER","com/squareup/okhttp/internal/spdy/SpdyConnection:newStream:242","2","15000"
"com.squareup.okhttp.internal.spdy.SpdyConnectionTest#readSendsWindowUpdateHttp2","<main>","2","java/util/concurrent/BlockingQueue.take()Ljava/lang/Object;","com/squareup/okhttp/internal/spdy/MockSpdyPeer:takeFrame:97","3","17500"
"com.squareup.okhttp.internal.spdy.SpdyConnectionTest#readSendsWindowUpdateHttp2","<1562044902,1>","3","MONITORENTER","okio/SegmentPool:recycle:53","1","10000"
"com.squareup.okhttp.internal.spdy.SpdyConnectionTest#readSendsWindowUpdateHttp2","<main>","2","java/lang/Thread.setDaemon(Z)V","com/squareup/okhttp/internal/Util$1:newThread:277","1","10000"
"com.squareup.okhttp.internal.spdy.SpdyConnectionTest#readSendsWindowUpdateHttp2","<main>","3","MONITOREXIT","com/squareup/okhttp/internal/spdy/SpdyStream$SpdyDataSource:read:377","12","19992"
"com.squareup.okhttp.internal.spdy.SpdyConnectionTest#readSendsWindowUpdateHttp2","<68941243,1>","1","MONITOREXIT","com/squareup/okhttp/internal/spdy/SpdyStream$SpdyDataSource:receive:429","2","15000"
"com.squareup.okhttp.internal.spdy.SpdyConnectionTest#readSendsWindowUpdateHttp2","<1562044902,1>","61","java/lang/Thread.currentThread()Ljava/lang/Thread;","com/squareup/okhttp/internal/NamedRunnable:run:32","2","12500"
"com.squareup.okhttp.internal.spdy.SpdyConnectionTest#readSendsWindowUpdateHttp2","<1562044902,1>","36","java/lang/Thread.currentThread()Ljava/lang/Thread;","com/squareup/okhttp/internal/NamedRunnable:run:31","2","12500"
"com.squareup.okhttp.internal.spdy.SpdyConnectionTest#readSendsWindowUpdateHttp2","<main>","2","MONITORENTER","okio/SegmentPool:recycle:53","6","19687"
"com.squareup.okhttp.internal.spdy.SpdyConnectionTest#readSendsWindowUpdateHttp2","<main>","3","SYNCHRONIZED_METHOD_ENTER","com/squareup/okhttp/internal/spdy/Http20Draft09$Writer:data:0","14","19995"
"com.squareup.okhttp.internal.spdy.SpdyConnectionTest#readSendsWindowUpdateHttp2","<781236076,1>","2","MONITORENTER","okio/SegmentPool:recycle:53","2","15000"
"com.squareup.okhttp.internal.spdy.SpdyConnectionTest#readSendsWindowUpdateHttp2","<68941243,1>","1","RUNNABLE_CALLABLE_START","com/squareup/okhttp/internal/NamedRunnable:run:0","1","10000"
"com.squareup.okhttp.internal.spdy.SpdyConnectionTest#readSendsWindowUpdateHttp2","<68941243,1>","1","MONITOREXIT","okio/SegmentPool:take:45","6","19687"
"com.squareup.okhttp.internal.spdy.SpdyConnectionTest#readSendsWindowUpdateHttp2","<-1020933817,1>","33","java/lang/Thread.currentThread()Ljava/lang/Thread;","com/squareup/okhttp/internal/NamedRunnable:run:32","1","10000"
"com.squareup.okhttp.internal.spdy.SpdyConnectionTest#readSendsWindowUpdateHttp2","<1562044902,1>","1","MONITOREXIT","okio/SegmentPool:take:45","2","15000"
"com.squareup.okhttp.internal.spdy.SpdyConnectionTest#readSendsWindowUpdateHttp2","<main>","3","java/util/concurrent/Executors.callable(Ljava/lang/Runnable;Ljava/lang/Object;)Ljava/util/concurrent/Callable;","java/util/concurrent/FutureTask:<init>:152","6","19687"
"com.squareup.okhttp.internal.spdy.SpdyConnectionTest#readSendsWindowUpdateHttp2","<main>","1","MONITOREXIT","okio/SegmentPool:take:47","13","19994"
"com.squareup.okhttp.internal.spdy.SpdyConnectionTest#readSendsWindowUpdateHttp2","<781236076,1>","3","RUNNABLE_CALLABLE_START","com/squareup/okhttp/internal/spdy/MockSpdyPeer$1:run:0","1","10000"
"com.squareup.okhttp.internal.spdy.SpdyConnectionTest#readSendsWindowUpdateHttp2","<main>","1","MONITORENTER","com/squareup/okhttp/internal/spdy/SpdyStream$SpdyDataSource:read:380","6","19687"
"com.squareup.okhttp.internal.spdy.SpdyConnectionTest#readSendsWindowUpdateHttp2","<-1020933817,1>","28","java/lang/Thread.currentThread()Ljava/lang/Thread;","com/squareup/okhttp/internal/NamedRunnable:run:31","5","13320"
"com.squareup.okhttp.internal.spdy.SpdyConnectionTest#readSendsWindowUpdateHttp2","<1562044902,1>","70","java/lang/Thread.getName()Ljava/lang/String;","com/squareup/okhttp/internal/NamedRunnable:run:30","3","6562"
"com.squareup.okhttp.internal.spdy.SpdyConnectionTest#readSendsWindowUpdateHttp2","<main>","2","java/util/concurrent/BlockingQueue.take()Ljava/lang/Object;","com/squareup/okhttp/internal/spdy/MockSpdyPeer:takeFrame:96","4","18750"
"com.squareup.okhttp.internal.spdy.SpdyConnectionTest#readSendsWindowUpdateHttp2","<-1020933817,1>","65","java/lang/Thread.currentThread()Ljava/lang/Thread;","java/util/concurrent/FutureTask:run:259","3","17500"
"com.squareup.okhttp.internal.spdy.SpdyConnectionTest#readSendsWindowUpdateHttp2","<1562044902,1>","68","java/lang/Thread.currentThread()Ljava/lang/Thread;","com/squareup/okhttp/internal/NamedRunnable:run:30","1","10000"
"com.squareup.okhttp.internal.spdy.SpdyConnectionTest#readSendsWindowUpdateHttp2","<main>","1","MONITORENTER","com/squareup/okhttp/internal/spdy/SpdyStream$SpdyDataSource:read:363","6","19687"
"com.squareup.okhttp.internal.spdy.SpdyConnectionTest#readSendsWindowUpdateHttp2","<1562044902,1>","57","java/lang/Thread.currentThread()Ljava/lang/Thread;","com/squareup/okhttp/internal/NamedRunnable:run:32","2","12500"
"com.squareup.okhttp.internal.spdy.SpdyConnectionTest#readSendsWindowUpdateHttp2","<68941243,1>","1","MONITORENTER","com/squareup/okhttp/internal/spdy/SpdyStream$SpdyDataSource:receive:450","6","19687"
"com.squareup.okhttp.internal.spdy.SpdyConnectionTest#readSendsWindowUpdateHttp2","<1562044902,1>","53","java/lang/Thread.currentThread()Ljava/lang/Thread;","com/squareup/okhttp/internal/NamedRunnable:run:31","2","12500"
"com.squareup.okhttp.internal.spdy.SpdyConnectionTest#readSendsWindowUpdateHttp2","<68941243,1>","1","java/lang/Object.notifyAll()V","com/squareup/okhttp/internal/spdy/SpdyStream:receiveFin:313","1","10000"
"com.squareup.okhttp.internal.spdy.SpdyConnectionTest#readSendsWindowUpdateHttp2","<1562044902,1>","33","java/lang/Thread.getName()Ljava/lang/String;","com/squareup/okhttp/internal/NamedRunnable:run:30","1","5000"
"com.squareup.okhttp.internal.spdy.SpdyConnectionTest#readSendsWindowUpdateHttp2","<-1020933817,1>","62","java/lang/Thread.currentThread()Ljava/lang/Thread;","java/util/concurrent/FutureTask:run:258","2","15000"
"com.squareup.okhttp.internal.spdy.SpdyConnectionTest#readSendsWindowUpdateHttp2","<68941243,1>","2","MONITOREXIT","com/squareup/okhttp/internal/spdy/SpdyStream$SpdyDataSource:receive:429","4","18750"
"com.squareup.okhttp.internal.spdy.SpdyConnectionTest#readSendsWindowUpdateHttp2","<-1020933817,1>","46","java/util/concurrent/Callable.call()Ljava/lang/Object;","java/util/concurrent/FutureTask:run:266","3","17500"
"com.squareup.okhttp.internal.spdy.SpdyConnectionTest#readSendsWindowUpdateHttp2","<781236076,1>","3","MONITORENTER","okio/SegmentPool:recycle:53","2","15000"
"com.squareup.okhttp.internal.spdy.SpdyConnectionTest#readSendsWindowUpdateHttp2","<1562044902,1>","54","java/lang/Thread.currentThread()Ljava/lang/Thread;","com/squareup/okhttp/internal/NamedRunnable:run:32","1","10000"
"com.squareup.okhttp.internal.spdy.SpdyConnectionTest#readSendsWindowUpdateHttp2","<-1020933817,1>","38","java/lang/Thread.currentThread()Ljava/lang/Thread;","com/squareup/okhttp/internal/NamedRunnable:run:32","3","13125"
"com.squareup.okhttp.internal.spdy.SpdyConnectionTest#readSendsWindowUpdateHttp2","<781236076,1>","2","MONITOREXIT","okio/SegmentPool:recycle:59","3","17500"
"com.squareup.okhttp.internal.spdy.SpdyConnectionTest#readSendsWindowUpdateHttp2","<main>","2","MONITOREXIT","com/squareup/okhttp/internal/spdy/SpdyStream$SpdyDataSource:read:387","4","18750"
"com.squareup.okhttp.internal.spdy.SpdyConnectionTest#readSendsWindowUpdateHttp2","<main>","3","MONITOREXIT","okio/SegmentPool:take:47","2","15000"
"com.squareup.okhttp.internal.spdy.SpdyConnectionTest#readSendsWindowUpdateHttp2","<1562044902,1>","1","java/lang/Thread.currentThread()Ljava/lang/Thread;","com/squareup/okhttp/internal/NamedRunnable:run:31","1","10000"
"com.squareup.okhttp.internal.spdy.SpdyConnectionTest#readSendsWindowUpdateHttp2","<781236076,1>","1","MONITOREXIT","okio/SegmentPool:recycle:59","1","10000"
"com.squareup.okhttp.internal.spdy.SpdyConnectionTest#readSendsWindowUpdateHttp2","<main>","1","SYNCHRONIZED_METHOD_EXIT","com/squareup/okhttp/internal/spdy/Http20Draft09$Writer:data:402","10","19979"
"com.squareup.okhttp.internal.spdy.SpdyConnectionTest#readSendsWindowUpdateHttp2","<main>","1","MONITOREXIT","com/squareup/okhttp/internal/spdy/SpdyStream$SpdyDataSource:read:377","14","19995"
"com.squareup.okhttp.internal.spdy.SpdyConnectionTest#readSendsWindowUpdateHttp2","<1562044902,1>","73","RUNNABLE_CALLABLE_START","com/squareup/okhttp/internal/NamedRunnable:run:0","2","15000"
"com.squareup.okhttp.internal.spdy.SpdyConnectionTest#readSendsWindowUpdateHttp2","<1562044902,1>","65","java/lang/Thread.currentThread()Ljava/lang/Thread;","com/squareup/okhttp/internal/NamedRunnable:run:31","5","13320"
"com.squareup.okhttp.internal.spdy.SpdyConnectionTest#readSendsWindowUpdateHttp2","<68941243,1>","2","MONITOREXIT","okio/SegmentPool:take:45","9","19960"
"com.squareup.okhttp.internal.spdy.SpdyConnectionTest#readSendsWindowUpdateHttp2","<68941243,1>","2","SYNCHRONIZED_METHOD_ENTER","com/squareup/okhttp/internal/spdy/SpdyConnection:getStream:0","10","19979"
"com.squareup.okhttp.internal.spdy.SpdyConnectionTest#readSendsWindowUpdateHttp2","<main>","2","SYNCHRONIZED_METHOD_ENTER","com/squareup/okhttp/internal/spdy/MockSpdyPeer:close:0","1","10000"
"com.squareup.okhttp.internal.spdy.SpdyConnectionTest#readSendsWindowUpdateHttp2","<781236076,1>","2","MONITOREXIT","okio/SegmentPool:take:45","8","19921"
"com.squareup.okhttp.internal.spdy.SpdyConnectionTest#readSendsWindowUpdateHttp2","<-1020933817,1>","28","java/lang/Thread.getName()Ljava/lang/String;","com/squareup/okhttp/internal/NamedRunnable:run:31","3","5331"
"com.squareup.okhttp.internal.spdy.SpdyConnectionTest#readSendsWindowUpdateHttp2","<1562044902,1>","63","java/lang/Thread.setName(Ljava/lang/String;)V","com/squareup/okhttp/internal/NamedRunnable:run:32","2","6250"
"com.squareup.okhttp.internal.spdy.SpdyConnectionTest#readSendsWindowUpdateHttp2","<1562044902,1>","33","java/lang/Thread.currentThread()Ljava/lang/Thread;","com/squareup/okhttp/internal/NamedRunnable:run:32","1","10000"
"com.squareup.okhttp.internal.spdy.SpdyConnectionTest#readSendsWindowUpdateHttp2","<main>","1","MONITOREXIT","okio/SegmentPool:take:47","2","15000"
"com.squareup.okhttp.internal.spdy.SpdyConnectionTest#readSendsWindowUpdateHttp2","<68941243,1>","3","MONITORENTER","com/squareup/okhttp/internal/spdy/SpdyStream$SpdyDataSource:receive:450","14","19995"
"com.squareup.okhttp.internal.spdy.SpdyConnectionTest#readSendsWindowUpdateHttp2","<68941243,1>","3","MONITORENTER","com/squareup/okhttp/internal/spdy/SpdyStream$SpdyDataSource:receive:426","10","19979"
"com.squareup.okhttp.internal.spdy.SpdyConnectionTest#readSendsWindowUpdateHttp2","<781236076,1>","1","MONITORENTER","okio/SegmentPool:recycle:53","9","19960"
"com.squareup.okhttp.internal.spdy.SpdyConnectionTest#readSendsWindowUpdateHttp2","<-1020933817,1>","4","SYNCHRONIZED_METHOD_EXIT","com/squareup/okhttp/internal/spdy/Http20Draft09$Writer:windowUpdate:470","1","10000"
"com.squareup.okhttp.internal.spdy.SpdyConnectionTest#readSendsWindowUpdateHttp2","<main>","1","MONITOREXIT","okio/SegmentPool:recycle:59","12","19992"
"com.squareup.okhttp.internal.spdy.SpdyConnectionTest#readSendsWindowUpdateHttp2","<68941243,1>","3","MONITOREXIT","com/squareup/okhttp/internal/spdy/SpdyStream$SpdyDataSource:receive:456","10","19979"
"com.squareup.okhttp.internal.spdy.SpdyConnectionTest#readSendsWindowUpdateHttp2","<-1020933817,1>","11","SYNCHRONIZED_METHOD_ENTER","com/squareup/okhttp/internal/spdy/Http20Draft09$Writer:windowUpdate:0","1","10000"
"com.squareup.okhttp.internal.spdy.SpdyConnectionTest#readSendsWindowUpdateHttp2","<68941243,1>","2","MONITOREXIT","okio/SegmentPool:take:47","8","19921"
"com.squareup.okhttp.internal.spdy.SpdyConnectionTest#readSendsWindowUpdateHttp2","<1562044902,1>","67","RUNNABLE_CALLABLE_START","java/util/concurrent/FutureTask:run:0","3","17500"
"com.squareup.okhttp.internal.spdy.SpdyConnectionTest#readSendsWindowUpdateHttp2","<-1020933817,1>","55","java/lang/Thread.getName()Ljava/lang/String;","com/squareup/okhttp/internal/NamedRunnable:run:30","1","5000"
"com.squareup.okhttp.internal.spdy.SpdyConnectionTest#readSendsWindowUpdateHttp2","<68941243,1>","2","SYNCHRONIZED_METHOD_ENTER","com/squareup/okhttp/internal/spdy/SpdyConnection:getStream:0","5","19375"
"com.squareup.okhttp.internal.spdy.SpdyConnectionTest#readSendsWindowUpdateHttp2","<-1020933817,1>","67","java/lang/Thread.currentThread()Ljava/lang/Thread;","java/util/concurrent/FutureTask:run:258","1","10000"
"com.squareup.okhttp.internal.spdy.SpdyConnectionTest#readSendsWindowUpdateHttp2","<1562044902,1>","52","SYNCHRONIZED_METHOD_ENTER","com/squareup/okhttp/internal/spdy/Http20Draft09$Writer:windowUpdate:0","2","15000"
"com.squareup.okhttp.internal.spdy.SpdyConnectionTest#readSendsWindowUpdateHttp2","<1562044902,1>","54","java/lang/Thread.setName(Ljava/lang/String;)V","com/squareup/okhttp/internal/NamedRunnable:run:31","2","1328"
"com.squareup.okhttp.internal.spdy.SpdyConnectionTest#readSendsWindowUpdateHttp2","<1562044902,1>","66","java/lang/Thread.currentThread()Ljava/lang/Thread;","com/squareup/okhttp/internal/NamedRunnable:run:31","6","13329"
"com.squareup.okhttp.internal.spdy.SpdyConnectionTest#readSendsWindowUpdateHttp2","<1562044902,1>","5","java/io/OutputStream.flush()V","okio/Okio$1:flush:85","1","10000"
"com.squareup.okhttp.internal.spdy.SpdyConnectionTest#readSendsWindowUpdateHttp2","<1562044902,1>","38","MONITORENTER","okio/SegmentPool:recycle:53","2","15000"
"com.squareup.okhttp.internal.spdy.SpdyConnectionTest#readSendsWindowUpdateHttp2","<68941243,1>","3","SYNCHRONIZED_METHOD_EXIT","com/squareup/okhttp/internal/spdy/SpdyConnection:getStream:177","4","18750"
"com.squareup.okhttp.internal.spdy.SpdyConnectionTest#readSendsWindowUpdateHttp2","<1562044902,1>","2","java/lang/Thread.setName(Ljava/lang/String;)V","com/squareup/okhttp/internal/NamedRunnable:run:32","1","5000"
"com.squareup.okhttp.internal.spdy.SpdyConnectionTest#readSendsWindowUpdateHttp2","<68941243,1>","3","MONITOREXIT","com/squareup/okhttp/internal/spdy/SpdyStream$SpdyDataSource:receive:456","5","19375"
"com.squareup.okhttp.internal.spdy.SpdyConnectionTest#readSendsWindowUpdateHttp2","<1562044902,1>","37","MONITOREXIT","okio/SegmentPool:take:45","1","10000"
"com.squareup.okhttp.internal.spdy.SpdyConnectionTest#readSendsWindowUpdateHttp2","<1562044902,1>","86","java/lang/Thread.currentThread()Ljava/lang/Thread;","java/util/concurrent/FutureTask:run:259","1","10000"
"com.squareup.okhttp.internal.spdy.SpdyConnectionTest#readSendsWindowUpdateHttp2","<-1020933817,1>","2","java/lang/Thread.currentThread()Ljava/lang/Thread;","com/squareup/okhttp/internal/NamedRunnable:run:31","1","10000"
"com.squareup.okhttp.internal.spdy.SpdyConnectionTest#readSendsWindowUpdateHttp2","<1562044902,1>","85","RUNNABLE_CALLABLE_START","java/util/concurrent/FutureTask:run:0","2","15000"
"com.squareup.okhttp.internal.spdy.SpdyConnectionTest#readSendsWindowUpdateHttp2","<68941243,1>","1","MONITOREXIT","com/squareup/okhttp/internal/spdy/SpdyStream$SpdyDataSource:receive:429","6","19687"
"com.squareup.okhttp.internal.spdy.SpdyConnectionTest#readSendsWindowUpdateHttp2","<1562044902,1>","2","java/lang/Thread.currentThread()Ljava/lang/Thread;","com/squareup/okhttp/internal/NamedRunnable:run:31","1","10000"
"com.squareup.okhttp.internal.spdy.SpdyConnectionTest#readSendsWindowUpdateHttp2","<1562044902,1>","52","java/lang/Thread.setName(Ljava/lang/String;)V","com/squareup/okhttp/internal/NamedRunnable:run:32","1","5000"
"com.squareup.okhttp.internal.spdy.SpdyConnectionTest#readSendsWindowUpdateHttp2","<-1020933817,1>","46","RUNNABLE_CALLABLE_START","com/squareup/okhttp/internal/NamedRunnable:run:0","2","15000"
"com.squareup.okhttp.internal.spdy.SpdyConnectionTest#readSendsWindowUpdateHttp2","<1562044902,1>","2","MONITOREXIT","okio/SegmentPool:take:45","2","15000"
"com.squareup.okhttp.internal.spdy.SpdyConnectionTest#readSendsWindowUpdateHttp2","<1562044902,1>","54","SYNCHRONIZED_METHOD_ENTER","com/squareup/okhttp/internal/spdy/Http20Draft09$Writer:windowUpdate:0","1","10000"
"com.squareup.okhttp.internal.spdy.SpdyConnectionTest#readSendsWindowUpdateHttp2","<781236076,1>","3","java/util/concurrent/BlockingQueue.add(Ljava/lang/Object;)Z","com/squareup/okhttp/internal/spdy/MockSpdyPeer:readAndWriteFrames:150","2","15000"
"com.squareup.okhttp.internal.spdy.SpdyConnectionTest#readSendsWindowUpdateHttp2","<main>","1","SYNCHRONIZED_METHOD_EXIT","com/squareup/okhttp/internal/spdy/Http20Draft09$Writer:data:402","7","19843"
"com.squareup.okhttp.internal.spdy.SpdyConnectionTest#readSendsWindowUpdateHttp2","<main>","1","java/util/concurrent/ExecutorService.submit(Ljava/lang/Runnable;)Ljava/util/concurrent/Future;","com/squareup/okhttp/internal/spdy/SpdyConnection:writeWindowUpdateLater:345","1","10000"
"com.squareup.okhttp.internal.spdy.SpdyConnectionTest#readSendsWindowUpdateHttp2","<1562044902,1>","1","java/lang/Thread.getName()Ljava/lang/String;","com/squareup/okhttp/internal/NamedRunnable:run:31","1","5000"
"com.squareup.okhttp.internal.spdy.SpdyConnectionTest#readSendsWindowUpdateHttp2","<1562044902,1>","93","java/lang/Thread.currentThread()Ljava/lang/Thread;","java/util/concurrent/FutureTask:run:259","2","15000"
"com.squareup.okhttp.internal.spdy.SpdyConnectionTest#readSendsWindowUpdateHttp2","<68941243,1>","3","MONITORENTER","com/squareup/okhttp/internal/spdy/SpdyStream:receiveHeaders:274","2","15000"
"com.squareup.okhttp.internal.spdy.SpdyConnectionTest#readSendsWindowUpdateHttp2","<68941243,1>","3","MONITORENTER","com/squareup/okhttp/internal/spdy/SpdyStream$SpdyDataSource:receive:426","14","19995"
"com.squareup.okhttp.internal.spdy.SpdyConnectionTest#readSendsWindowUpdateHttp2","<main>","2","MONITORENTER","okio/SegmentPool:take:39","3","17500"
"com.squareup.okhttp.internal.spdy.SpdyConnectionTest#readSendsWindowUpdateHttp2","<1562044902,1>","62","java/lang/Thread.setName(Ljava/lang/String;)V","com/squareup/okhttp/internal/NamedRunnable:run:32","2","6250"
"com.squareup.okhttp.internal.spdy.SpdyConnectionTest#readSendsWindowUpdateHttp2","<68941243,1>","2","SYNCHRONIZED_METHOD_ENTER","com/squareup/okhttp/internal/spdy/SpdyStream:isOpen:0","1","10000"
"com.squareup.okhttp.internal.spdy.SpdyConnectionTest#readSendsWindowUpdateHttp2","<1562044902,1>","70","java/lang/Thread.getName()Ljava/lang/String;","com/squareup/okhttp/internal/NamedRunnable:run:30","1","5000"
"com.squareup.okhttp.internal.spdy.SpdyConnectionTest#readSendsWindowUpdateHttp2","<main>","3","java/util/concurrent/Executors.callable(Ljava/lang/Runnable;Ljava/lang/Object;)Ljava/util/concurrent/Callable;","java/util/concurrent/FutureTask:<init>:152","1","10000"
"com.squareup.okhttp.internal.spdy.SpdyConnectionTest#readSendsWindowUpdateHttp2","<main>","3","SYNCHRONIZED_METHOD_EXIT","com/squareup/okhttp/internal/spdy/Http20Draft09$Writer:data:394","8","19921"
"com.squareup.okhttp.internal.spdy.SpdyConnectionTest#readSendsWindowUpdateHttp2","<-1020933817,1>","54","java/lang/Thread.currentThread()Ljava/lang/Thread;","com/squareup/okhttp/internal/NamedRunnable:run:30","2","12500"
"com.squareup.okhttp.internal.spdy.SpdyConnectionTest#readSendsWindowUpdateHttp2","<-1020933817,1>","2","MONITORENTER","okio/SegmentPool:recycle:53","1","10000"
"com.squareup.okhttp.internal.spdy.SpdyConnectionTest#readSendsWindowUpdateHttp2","<1562044902,1>","57","SYNCHRONIZED_METHOD_ENTER","com/squareup/okhttp/internal/spdy/Http20Draft09$Writer:windowUpdate:0","1","10000"
"com.squareup.okhttp.internal.spdy.SpdyConnectionTest#readSendsWindowUpdateHttp2","<68941243,1>","3","MONITORENTER","okio/SegmentPool:take:39","10","19979"
"com.squareup.okhttp.internal.spdy.SpdyConnectionTest#readSendsWindowUpdateHttp2","<-1020933817,1>","29","java/lang/Thread.setName(Ljava/lang/String;)V","com/squareup/okhttp/internal/NamedRunnable:run:31","1","1250"
"com.squareup.okhttp.internal.spdy.SpdyConnectionTest#readSendsWindowUpdateHttp2","<781236076,1>","1","MONITOREXIT","okio/SegmentPool:recycle:54","14","19995"
"com.squareup.okhttp.internal.spdy.SpdyConnectionTest#readSendsWindowUpdateHttp2","<main>","2","SYNCHRONIZED_METHOD_EXIT","com/squareup/okhttp/internal/spdy/Http20Draft09$Writer:data:402","4","18750"
"com.squareup.okhttp.internal.spdy.SpdyConnectionTest#readSendsWindowUpdateHttp2","<68941243,1>","1","MONITORENTER","com/squareup/okhttp/internal/spdy/SpdyStream:receiveFin:309","1","10000"
"com.squareup.okhttp.internal.spdy.SpdyConnectionTest#readSendsWindowUpdateHttp2","<main>","2","MONITOREXIT","com/squareup/okhttp/internal/spdy/SpdyStream$SpdyDataSource:read:377","6","19687"
"com.squareup.okhttp.internal.spdy.SpdyConnectionTest#readSendsWindowUpdateHttp2","<68941243,1>","1","MONITOREXIT","okio/SegmentPool:take:45","10","19979"
"com.squareup.okhttp.internal.spdy.SpdyConnectionTest#readSendsWindowUpdateHttp2","<-1020933817,1>","52","java/lang/Thread.getName()Ljava/lang/String;","com/squareup/okhttp/internal/NamedRunnable:run:30","3","6562"
"com.squareup.okhttp.internal.spdy.SpdyConnectionTest#readSendsWindowUpdateHttp2","<68941243,1>","2","MONITORENTER","com/squareup/okhttp/internal/spdy/SpdyStream$SpdyDataSource:receive:450","14","19995"
"com.squareup.okhttp.internal.spdy.SpdyConnectionTest#readSendsWindowUpdateHttp2","<main>","1","MONITORENTER","okio/SegmentPool:take:39","4","18750"
"com.squareup.okhttp.internal.spdy.SpdyConnectionTest#readSendsWindowUpdateHttp2","<1562044902,1>","86","RUNNABLE_CALLABLE_START","java/util/concurrent/FutureTask:run:0","2","15000"
"com.squareup.okhttp.internal.spdy.SpdyConnectionTest#readSendsWindowUpdateHttp2","<781236076,1>","2","MONITOREXIT","okio/SegmentPool:recycle:54","12","19992"
"com.squareup.okhttp.internal.spdy.SpdyConnectionTest#readSendsWindowUpdateHttp2","<1562044902,1>","50","MONITOREXIT","okio/SegmentPool:take:45","2","15000"
"com.squareup.okhttp.internal.spdy.SpdyConnectionTest#readSendsWindowUpdateHttp2","<781236076,1>","1","MONITORENTER","okio/SegmentPool:recycle:53","7","19843"
"com.squareup.okhttp.internal.spdy.SpdyConnectionTest#readSendsWindowUpdateHttp2","<main>","3","java/util/concurrent/ExecutorService.submit(Ljava/lang/Runnable;)Ljava/util/concurrent/Future;","com/squareup/okhttp/internal/spdy/SpdyConnection:writeWindowUpdateLater:344","5","19375"
"com.squareup.okhttp.internal.spdy.SpdyConnectionTest#readSendsWindowUpdateHttp2","<1562044902,1>","67","java/lang/Thread.getName()Ljava/lang/String;","com/squareup/okhttp/internal/NamedRunnable:run:30","3","6562"
"com.squareup.okhttp.internal.spdy.SpdyConnectionTest#readSendsWindowUpdateHttp2","<1562044902,1>","39","MONITORENTER","okio/SegmentPool:recycle:53","1","10000"
"com.squareup.okhttp.internal.spdy.SpdyConnectionTest#readSendsWindowUpdateHttp2","<-1020933817,1>","30","java/lang/Thread.setName(Ljava/lang/String;)V","com/squareup/okhttp/internal/NamedRunnable:run:32","2","6250"
"com.squareup.okhttp.internal.spdy.SpdyConnectionTest#readSendsWindowUpdateHttp2","<781236076,1>","3","MONITORENTER","okio/SegmentPool:recycle:53","6","19687"
"com.squareup.okhttp.internal.spdy.SpdyConnectionTest#readSendsWindowUpdateHttp2","<-1020933817,1>","41","java/lang/Thread.currentThread()Ljava/lang/Thread;","com/squareup/okhttp/internal/NamedRunnable:run:31","4","13281"
"com.squareup.okhttp.internal.spdy.SpdyConnectionTest#readSendsWindowUpdateHttp2","<-1020933817,1>","43","java/lang/Thread.setName(Ljava/lang/String;)V","com/squareup/okhttp/internal/NamedRunnable:run:31","3","1332"
"com.squareup.okhttp.internal.spdy.SpdyConnectionTest#readSendsWindowUpdateHttp2","<1562044902,1>","85","java/lang/Thread.currentThread()Ljava/lang/Thread;","java/util/concurrent/FutureTask:run:258","1","10000"
"com.squareup.okhttp.internal.spdy.SpdyConnectionTest#readSendsWindowUpdateHttp2","<1562044902,1>","35","MONITORENTER","okio/SegmentPool:take:39","2","15000"
"com.squareup.okhttp.internal.spdy.SpdyConnectionTest#readSendsWindowUpdateHttp2","<68941243,1>","2","MONITOREXIT","com/squareup/okhttp/internal/spdy/SpdyStream:receiveHeaders:293","2","15000"
"com.squareup.okhttp.internal.spdy.SpdyConnectionTest#readSendsWindowUpdateHttp2","<1562044902,1>","31","MONITORENTER","okio/SegmentPool:take:39","1","10000"
"com.squareup.okhttp.internal.spdy.SpdyConnectionTest#readSendsWindowUpdateHttp2","<781236076,1>","1","MONITOREXIT","okio/SegmentPool:recycle:59","3","17500"
"com.squareup.okhttp.internal.spdy.SpdyConnectionTest#readSendsWindowUpdateHttp2","<68941243,1>","3","java/lang/Object.notifyAll()V","com/squareup/okhttp/internal/spdy/SpdyStream$SpdyDataSource:receive:454","14","19995"
"com.squareup.okhttp.internal.spdy.SpdyConnectionTest#readSendsWindowUpdateHttp2","<-1020933817,1>","5","java/io/OutputStream.flush()V","okio/Okio$1:flush:84","1","10000"
"com.squareup.okhttp.internal.spdy.SpdyConnectionTest#readSendsWindowUpdateHttp2","<1562044902,1>","66","java/lang/Thread.getName()Ljava/lang/String;","com/squareup/okhttp/internal/NamedRunnable:run:31","2","5312"
"com.squareup.okhttp.internal.spdy.SpdyConnectionTest#readSendsWindowUpdateHttp2","<-1020933817,1>","67","java/lang/Thread.currentThread()Ljava/lang/Thread;","java/util/concurrent/FutureTask:run:259","3","17500"
"com.squareup.okhttp.internal.spdy.SpdyConnectionTest#readSendsWindowUpdateHttp2","<68941243,1>","2","MONITORENTER","com/squareup/okhttp/internal/spdy/SpdyStream:receiveFin:309","1","10000"
"com.squareup.okhttp.internal.spdy.SpdyConnectionTest#readSendsWindowUpdateHttp2","<main>","1","MONITOREXIT","okio/SegmentPool:recycle:59","8","19921"
"com.squareup.okhttp.internal.spdy.SpdyConnectionTest#readSendsWindowUpdateHttp2","<68941243,1>","1","MONITORENTER","com/squareup/okhttp/internal/spdy/SpdyStream$SpdyDataSource:receive:426","5","19375"
"com.squareup.okhttp.internal.spdy.SpdyConnectionTest#readSendsWindowUpdateHttp2","<main>","2","SYNCHRONIZED_METHOD_ENTER","com/squareup/okhttp/internal/spdy/Http20Draft09$Writer:data:0","14","19995"
"com.squareup.okhttp.internal.spdy.SpdyConnectionTest#readSendsWindowUpdateHttp2","<1562044902,1>","89","java/lang/Thread.currentThread()Ljava/lang/Thread;","java/util/concurrent/FutureTask:run:259","1","10000"
"com.squareup.okhttp.internal.spdy.SpdyConnectionTest#readSendsWindowUpdateHttp2","<main>","3","MONITORENTER","com/squareup/okhttp/internal/spdy/SpdyStream$SpdyDataSource:read:363","10","19979"
"com.squareup.okhttp.internal.spdy.SpdyConnectionTest#readSendsWindowUpdateHttp2","<-1020933817,1>","14","MONITORENTER","okio/SegmentPool:recycle:53","4","18750"
"com.squareup.okhttp.internal.spdy.SpdyConnectionTest#readSendsWindowUpdateHttp2","<-1020933817,1>","8","java/lang/Thread.currentThread()Ljava/lang/Thread;","com/squareup/okhttp/internal/NamedRunnable:run:31","2","12500"
"com.squareup.okhttp.internal.spdy.SpdyConnectionTest#readSendsWindowUpdateHttp2","<-1020933817,1>","28","java/lang/Thread.currentThread()Ljava/lang/Thread;","com/squareup/okhttp/internal/NamedRunnable:run:32","2","12500"
"com.squareup.okhttp.internal.spdy.SpdyConnectionTest#readSendsWindowUpdateHttp2","<1562044902,1>","11","java/io/OutputStream.flush()V","okio/Okio$1:flush:85","1","10000"
"com.squareup.okhttp.internal.spdy.SpdyConnectionTest#readSendsWindowUpdateHttp2","<main>","3","MONITOREXIT","okio/SegmentPool:recycle:59","1","10000"
"com.squareup.okhttp.internal.spdy.SpdyConnectionTest#readSendsWindowUpdateHttp2","<68941243,1>","3","MONITOREXIT","okio/SegmentPool:take:45","14","19995"
"com.squareup.okhttp.internal.spdy.SpdyConnectionTest#readSendsWindowUpdateHttp2","<1562044902,1>","76","java/lang/Thread.currentThread()Ljava/lang/Thread;","com/squareup/okhttp/internal/NamedRunnable:run:30","3","13125"
"com.squareup.okhttp.internal.spdy.SpdyConnectionTest#readSendsWindowUpdateHttp2","<1562044902,1>","68","java/lang/Thread.currentThread()Ljava/lang/Thread;","java/util/concurrent/FutureTask:run:259","1","10000"
"com.squareup.okhttp.internal.spdy.SpdyConnectionTest#readSendsWindowUpdateHttp2","<main>","1","MONITOREXIT","okio/SegmentPool:take:45","11","19988"
"com.squareup.okhttp.internal.spdy.SpdyConnectionTest#readSendsWindowUpdateHttp2","<-1020933817,1>","2","SYNCHRONIZED_METHOD_ENTER","com/squareup/okhttp/internal/spdy/Http20Draft09$Writer:windowUpdate:0","1","10000"
"com.squareup.okhttp.internal.spdy.SpdyConnectionTest#readSendsWindowUpdateHttp2","<68941243,1>","3","MONITOREXIT","okio/SegmentPool:take:47","10","19979"
"com.squareup.okhttp.internal.spdy.SpdyConnectionTest#readSendsWindowUpdateHttp2","<68941243,1>","3","SYNCHRONIZED_METHOD_EXIT","com/squareup/okhttp/internal/spdy/SpdyConnection:getStream:177","9","19960"
"com.squareup.okhttp.internal.spdy.SpdyConnectionTest#readSendsWindowUpdateHttp2","<main>","2","MONITORENTER","com/squareup/okhttp/internal/spdy/SpdyStream$SpdyDataSource:read:363","11","19988"
"com.squareup.okhttp.internal.spdy.SpdyConnectionTest#readSendsWindowUpdateHttp2","<1562044902,1>","60","SYNCHRONIZED_METHOD_ENTER","com/squareup/okhttp/internal/spdy/Http20Draft09$Writer:windowUpdate:0","1","10000"
"com.squareup.okhttp.internal.spdy.SpdyConnectionTest#readSendsWindowUpdateHttp2","<1562044902,1>","46","MONITORENTER","okio/SegmentPool:recycle:53","1","10000"
"com.squareup.okhttp.internal.spdy.SpdyConnectionTest#readSendsWindowUpdateHttp2","<1562044902,1>","84","java/util/concurrent/Callable.call()Ljava/lang/Object;","java/util/concurrent/FutureTask:run:266","3","17500"
"com.squareup.okhttp.internal.spdy.SpdyConnectionTest#readSendsWindowUpdateHttp2","<68941243,1>","1","MONITOREXIT","okio/SegmentPool:take:47","11","19988"
"com.squareup.okhttp.internal.spdy.SpdyConnectionTest#readSendsWindowUpdateHttp2","<main>","2","java/util/concurrent/BlockingQueue.take()Ljava/lang/Object;","com/squareup/okhttp/internal/spdy/MockSpdyPeer:takeFrame:97","4","18750"
"com.squareup.okhttp.internal.spdy.SpdyConnectionTest#readSendsWindowUpdateHttp2","<1562044902,1>","55","SYNCHRONIZED_METHOD_ENTER","com/squareup/okhttp/internal/spdy/Http20Draft09$Writer:windowUpdate:0","2","15000"
"com.squareup.okhttp.internal.spdy.SpdyConnectionTest#readSendsWindowUpdateHttp2","<68941243,1>","1","java/lang/Object.notifyAll()V","com/squareup/okhttp/internal/spdy/SpdyStream$SpdyDataSource:receive:454","5","19375"
"com.squareup.okhttp.internal.spdy.SpdyConnectionTest#readSendsWindowUpdateHttp2","<1562044902,1>","86","java/lang/Thread.currentThread()Ljava/lang/Thread;","java/util/concurrent/FutureTask:run:259","3","17500"
"com.squareup.okhttp.internal.spdy.SpdyConnectionTest#readSendsWindowUpdateHttp2","<main>","3","MONITORENTER","okio/SegmentPool:recycle:53","10","19979"
"com.squareup.okhttp.internal.spdy.SpdyConnectionTest#readSendsWindowUpdateHttp2","<68941243,1>","2","MONITOREXIT","okio/SegmentPool:take:45","2","15000"
"com.squareup.okhttp.internal.spdy.SpdyConnectionTest#readSendsWindowUpdateHttp2","<main>","2","MONITOREXIT","com/squareup/okhttp/internal/spdy/SpdyStream$SpdyDataSource:read:387","7","19843"
"com.squareup.okhttp.internal.spdy.SpdyConnectionTest#readSendsWindowUpdateHttp2","<main>","2","MONITORENTER","okio/SegmentPool:recycle:53","3","17500"
"com.squareup.okhttp.internal.spdy.SpdyConnectionTest#readSendsWindowUpdateHttp2","<68941243,1>","2","SYNCHRONIZED_METHOD_EXIT","com/squareup/okhttp/internal/spdy/SpdyConnection:getStream:177","8","19921"
"com.squareup.okhttp.internal.spdy.SpdyConnectionTest#readSendsWindowUpdateHttp2","<68941243,1>","1","MONITOREXIT","com/squareup/okhttp/internal/spdy/SpdyStream:receiveHeaders:293","1","10000"
"com.squareup.okhttp.internal.spdy.SpdyConnectionTest#readSendsWindowUpdateHttp2","<main>","3","MONITORENTER","com/squareup/okhttp/internal/spdy/SpdyStream$SpdyDataSource:read:363","14","19995"
"com.squareup.okhttp.internal.spdy.SpdyConnectionTest#readSendsWindowUpdateHttp2","<1562044902,1>","54","SYNCHRONIZED_METHOD_ENTER","com/squareup/okhttp/internal/spdy/Http20Draft09$Writer:windowUpdate:0","3","17500"
"com.squareup.okhttp.internal.spdy.SpdyConnectionTest#readSendsWindowUpdateHttp2","<1562044902,1>","2","java/lang/Thread.currentThread()Ljava/lang/Thread;","com/squareup/okhttp/internal/NamedRunnable:run:35","1","10000"
"com.squareup.okhttp.internal.spdy.SpdyConnectionTest#readSendsWindowUpdateHttp2","<1562044902,1>","70","java/lang/Thread.getName()Ljava/lang/String;","com/squareup/okhttp/internal/NamedRunnable:run:30","2","6250"
"com.squareup.okhttp.internal.spdy.SpdyConnectionTest#readSendsWindowUpdateHttp2","<main>","2","MONITORENTER","com/squareup/okhttp/internal/spdy/SpdyStream$SpdyDataSource:read:363","1","10000"
"com.squareup.okhttp.internal.spdy.SpdyConnectionTest#readSendsWindowUpdateHttp2","<68941243,1>","2","MONITORENTER","com/squareup/okhttp/internal/spdy/SpdyStream$SpdyDataSource:receive:426","14","19995"
"com.squareup.okhttp.internal.spdy.SpdyConnectionTest#readSendsWindowUpdateHttp2","<781236076,1>","2","MONITOREXIT","okio/SegmentPool:recycle:59","11","19988"
"com.squareup.okhttp.internal.spdy.SpdyConnectionTest#readSendsWindowUpdateHttp2","<68941243,1>","1","MONITOREXIT","okio/SegmentPool:take:45","3","17500"
"com.squareup.okhttp.internal.spdy.SpdyConnectionTest#readSendsWindowUpdateHttp2","<1562044902,1>","67","RUNNABLE_CALLABLE_START","com/squareup/okhttp/internal/NamedRunnable:run:0","1","10000"
"com.squareup.okhttp.internal.spdy.SpdyConnectionTest#readSendsWindowUpdateHttp2","<main>","2","SYNCHRONIZED_METHOD_EXIT","com/squareup/okhttp/internal/spdy/Http20Draft09$Writer:data:402","9","19960"
"com.squareup.okhttp.internal.spdy.SpdyConnectionTest#readSendsWindowUpdateHttp2","<1562044902,1>","67","java/lang/Thread.getName()Ljava/lang/String;","com/squareup/okhttp/internal/NamedRunnable:run:30","1","5000"
"com.squareup.okhttp.internal.spdy.SpdyConnectionTest#readSendsWindowUpdateHttp2","<main>","3","SYNCHRONIZED_METHOD_EXIT","com/squareup/okhttp/internal/spdy/Http20Draft09$Writer:data:402","2","15000"
"com.squareup.okhttp.internal.spdy.SpdyConnectionTest#readSendsWindowUpdateHttp2","<main>","3","java/util/concurrent/Executors.callable(Ljava/lang/Runnable;Ljava/lang/Object;)Ljava/util/concurrent/Callable;","java/util/concurrent/FutureTask:<init>:152","3","17500"
"com.squareup.okhttp.internal.spdy.SpdyConnectionTest#readSendsWindowUpdateHttp2","<68941243,1>","2","java/lang/Object.notifyAll()V","com/squareup/okhttp/internal/spdy/SpdyStream$SpdyDataSource:receive:454","7","19843"
"com.squareup.okhttp.internal.spdy.SpdyConnectionTest#readSendsWindowUpdateHttp2","<main>","2","MONITOREXIT","okio/SegmentPool:recycle:59","6","19687"
"com.squareup.okhttp.internal.spdy.SpdyConnectionTest#readSendsWindowUpdateHttp2","<1562044902,1>","57","SYNCHRONIZED_METHOD_ENTER","com/squareup/okhttp/internal/spdy/Http20Draft09$Writer:windowUpdate:0","3","17500"
"com.squareup.okhttp.internal.spdy.SpdyConnectionTest#readSendsWindowUpdateHttp2","<main>","1","MONITORENTER","com/squareup/okhttp/internal/spdy/SpdyStream$SpdyDataSource:read:380","3","17500"
"com.squareup.okhttp.internal.spdy.SpdyConnectionTest#readSendsWindowUpdateHttp2","<-1020933817,1>","29","java/lang/Thread.setName(Ljava/lang/String;)V","com/squareup/okhttp/internal/NamedRunnable:run:31","3","1332"
"com.squareup.okhttp.internal.spdy.SpdyConnectionTest#readSendsWindowUpdateHttp2","<781236076,1>","3","MONITOREXIT","okio/SegmentPool:take:45","1","10000"
"com.squareup.okhttp.internal.spdy.SpdyConnectionTest#readSendsWindowUpdateHttp2","<68941243,1>","2","MONITORENTER","okio/SegmentPool:take:39","10","19979"
"com.squareup.okhttp.internal.spdy.SpdyConnectionTest#readSendsWindowUpdateHttp2","<68941243,1>","3","MONITOREXIT","okio/SegmentPool:take:47","14","19995"
"com.squareup.okhttp.internal.spdy.SpdyConnectionTest#readSendsWindowUpdateHttp2","<68941243,1>","3","SYNCHRONIZED_METHOD_EXIT","com/squareup/okhttp/internal/spdy/SpdyStream:isOpen:109","1","10000"
"com.squareup.okhttp.internal.spdy.SpdyConnectionTest#readSendsWindowUpdateHttp2","<-1020933817,1>","45","java/lang/Thread.getName()Ljava/lang/String;","com/squareup/okhttp/internal/NamedRunnable:run:30","3","6562"
"com.squareup.okhttp.internal.spdy.SpdyConnectionTest#readSendsWindowUpdateHttp2","<1562044902,1>","50","MONITOREXIT","okio/SegmentPool:take:45","6","19687"
"com.squareup.okhttp.internal.spdy.SpdyConnectionTest#readSendsWindowUpdateHttp2","<-1020933817,1>","33","SYNCHRONIZED_METHOD_ENTER","com/squareup/okhttp/internal/spdy/Http20Draft09$Writer:windowUpdate:0","1","10000"
"com.squareup.okhttp.internal.spdy.SpdyConnectionTest#readSendsWindowUpdateHttp2","<-1020933817,1>","25","MONITORENTER","okio/SegmentPool:take:39","2","15000"
"com.squareup.okhttp.internal.spdy.SpdyConnectionTest#readSendsWindowUpdateHttp2","<68941243,1>","2","java/lang/Object.notifyAll()V","com/squareup/okhttp/internal/spdy/SpdyStream$SpdyDataSource:receive:455","12","19992"
"com.squareup.okhttp.internal.spdy.SpdyConnectionTest#readSendsWindowUpdateHttp2","<1562044902,1>","34","MONITOREXIT","okio/SegmentPool:take:45","1","10000"
"com.squareup.okhttp.internal.spdy.SpdyConnectionTest#readSendsWindowUpdateHttp2","<1562044902,1>","31","RUNNABLE_CALLABLE_START","java/util/concurrent/FutureTask:run:0","1","10000"
"com.squareup.okhttp.internal.spdy.SpdyConnectionTest#readSendsWindowUpdateHttp2","<68941243,1>","1","MONITORENTER","okio/SegmentPool:take:39","14","19995"
"com.squareup.okhttp.internal.spdy.SpdyConnectionTest#readSendsWindowUpdateHttp2","<781236076,1>","2","java/util/concurrent/BlockingQueue.add(Ljava/lang/Object;)Z","com/squareup/okhttp/internal/spdy/MockSpdyPeer:readAndWriteFrames:151","1","10000"
"com.squareup.okhttp.internal.spdy.SpdyConnectionTest#readSendsWindowUpdateHttp2","<-1020933817,1>","39","java/lang/Thread.setName(Ljava/lang/String;)V","com/squareup/okhttp/internal/NamedRunnable:run:32","3","6562"
"com.squareup.okhttp.internal.spdy.SpdyConnectionTest#readSendsWindowUpdateHttp2","<68941243,1>","2","MONITORENTER","com/squareup/okhttp/internal/spdy/SpdyStream$SpdyDataSource:receive:450","12","19992"
"com.squareup.okhttp.internal.spdy.SpdyConnectionTest#readSendsWindowUpdateHttp2","<-1020933817,1>","62","java/lang/Thread.currentThread()Ljava/lang/Thread;","java/util/concurrent/FutureTask:run:258","1","10000"
"com.squareup.okhttp.internal.spdy.SpdyConnectionTest#readSendsWindowUpdateHttp2","<main>","3","java/net/ServerSocket.close()V","com/squareup/okhttp/internal/Util:closeQuietly:128","1","10000"
"com.squareup.okhttp.internal.spdy.SpdyConnectionTest#readSendsWindowUpdateHttp2","<781236076,1>","3","MONITORENTER","okio/SegmentPool:take:39","3","17500"
"com.squareup.okhttp.internal.spdy.SpdyConnectionTest#readSendsWindowUpdateHttp2","<68941243,1>","2","MONITOREXIT","okio/SegmentPool:take:47","1","10000"
"com.squareup.okhttp.internal.spdy.SpdyConnectionTest#readSendsWindowUpdateHttp2","<1562044902,1>","68","java/lang/Thread.getName()Ljava/lang/String;","com/squareup/okhttp/internal/NamedRunnable:run:30","1","5000"
"com.squareup.okhttp.internal.spdy.SpdyConnectionTest#readSendsWindowUpdateHttp2","<main>","3","SYNCHRONIZED_METHOD_ENTER","com/squareup/okhttp/internal/spdy/Http20Draft09$Writer:data:0","4","18750"
"com.squareup.okhttp.internal.spdy.SpdyConnectionTest#readSendsWindowUpdateHttp2","<main>","3","MONITORENTER","okio/SegmentPool:recycle:53","7","19843"
"com.squareup.okhttp.internal.spdy.SpdyConnectionTest#readSendsWindowUpdateHttp2","<781236076,1>","2","MONITOREXIT","okio/SegmentPool:recycle:54","4","18750"
"com.squareup.okhttp.internal.spdy.SpdyConnectionTest#readSendsWindowUpdateHttp2","<1562044902,1>","33","java/lang/Thread.setName(Ljava/lang/String;)V","com/squareup/okhttp/internal/NamedRunnable:run:31","1","1250"
"com.squareup.okhttp.internal.spdy.SpdyConnectionTest#readSendsWindowUpdateHttp2","<-1020933817,1>","24","MONITOREXIT","okio/SegmentPool:take:45","2","15000"
"com.squareup.okhttp.internal.spdy.SpdyConnectionTest#readSendsWindowUpdateHttp2","<-1020933817,1>","29","java/lang/Thread.setName(Ljava/lang/String;)V","com/squareup/okhttp/internal/NamedRunnable:run:32","3","6562"
"com.squareup.okhttp.internal.spdy.SpdyConnectionTest#readSendsWindowUpdateHttp2","<1562044902,1>","89","java/lang/Thread.currentThread()Ljava/lang/Thread;","java/util/concurrent/FutureTask:run:259","3","17500"
"com.squareup.okhttp.internal.spdy.SpdyConnectionTest#readSendsWindowUpdateHttp2","<68941243,1>","1","SYNCHRONIZED_METHOD_EXIT","com/squareup/okhttp/internal/spdy/SpdyConnection:getStream:177","4","18750"
"com.squareup.okhttp.internal.spdy.SpdyConnectionTest#readSendsWindowUpdateHttp2","<68941243,1>","3","java/lang/Thread.setName(Ljava/lang/String;)V","com/squareup/okhttp/internal/NamedRunnable:run:32","1","5000"
"com.squareup.okhttp.internal.spdy.SpdyConnectionTest#readSendsWindowUpdateHttp2","<main>","2","MONITOREXIT","com/squareup/okhttp/internal/spdy/SpdyStream$SpdyDataSource:read:377","9","19960"
"com.squareup.okhttp.internal.spdy.SpdyConnectionTest#readSendsWindowUpdateHttp2","<-1020933817,1>","75","RUNNABLE_CALLABLE_START","java/util/concurrent/FutureTask:run:0","1","10000"
"com.squareup.okhttp.internal.spdy.SpdyConnectionTest#readSendsWindowUpdateHttp2","<main>","2","SYNCHRONIZED_METHOD_EXIT","com/squareup/okhttp/internal/spdy/Http20Draft09$Writer:data:402","8","19921"
"com.squareup.okhttp.internal.spdy.SpdyConnectionTest#readSendsWindowUpdateHttp2","<-1020933817,1>","16","MONITOREXIT","okio/SegmentPool:take:45","4","18750"
"com.squareup.okhttp.internal.spdy.SpdyConnectionTest#readSendsWindowUpdateHttp2","<1562044902,1>","72","java/lang/Thread.currentThread()Ljava/lang/Thread;","com/squareup/okhttp/internal/NamedRunnable:run:30","3","13125"
"com.squareup.okhttp.internal.spdy.SpdyConnectionTest#readSendsWindowUpdateHttp2","<-1020933817,1>","51","RUNNABLE_CALLABLE_START","com/squareup/okhttp/internal/NamedRunnable:run:0","1","10000"
"com.squareup.okhttp.internal.spdy.SpdyConnectionTest#readSendsWindowUpdateHttp2","<1562044902,1>","68","java/lang/Thread.currentThread()Ljava/lang/Thread;","java/util/concurrent/FutureTask:run:259","3","17500"
"com.squareup.okhttp.internal.spdy.SpdyConnectionTest#readSendsWindowUpdateHttp2","<68941243,1>","3","java/lang/Object.notifyAll()V","com/squareup/okhttp/internal/spdy/SpdyStream$SpdyDataSource:receive:455","11","19988"
"com.squareup.okhttp.internal.spdy.SpdyConnectionTest#readSendsWindowUpdateHttp2","<1562044902,1>","52","SYNCHRONIZED_METHOD_ENTER","com/squareup/okhttp/internal/spdy/Http20Draft09$Writer:windowUpdate:0","1","10000"
"com.squareup.okhttp.internal.spdy.SpdyConnectionTest#readSendsWindowUpdateHttp2","<781236076,1>","2","MONITORENTER","okio/SegmentPool:take:39","5","19375"
"com.squareup.okhttp.internal.spdy.SpdyConnectionTest#readSendsWindowUpdateHttp2","<main>","2","java/util/concurrent/ExecutorService.submit(Ljava/lang/Runnable;)Ljava/util/concurrent/Future;","com/squareup/okhttp/internal/spdy/SpdyConnection:writeWindowUpdateLater:344","5","19375"
"com.squareup.okhttp.internal.spdy.SpdyConnectionTest#readSendsWindowUpdateHttp2","<1562044902,1>","1","java/lang/Thread.currentThread()Ljava/lang/Thread;","com/squareup/okhttp/internal/NamedRunnable:run:30","1","10000"
"com.squareup.okhttp.internal.spdy.SpdyConnectionTest#readSendsWindowUpdateHttp2","<68941243,1>","1","MONITORENTER","com/squareup/okhttp/internal/spdy/SpdyStream$SpdyDataSource:receive:426","14","19995"
"com.squareup.okhttp.internal.spdy.SpdyConnectionTest#readSendsWindowUpdateHttp2","<1562044902,1>","60","SYNCHRONIZED_METHOD_ENTER","com/squareup/okhttp/internal/spdy/Http20Draft09$Writer:windowUpdate:0","3","17500"
"com.squareup.okhttp.internal.spdy.SpdyConnectionTest#readSendsWindowUpdateHttp2","<main>","1","MONITORENTER","okio/SegmentPool:take:39","7","19843"
"com.squareup.okhttp.internal.spdy.SpdyConnectionTest#readSendsWindowUpdateHttp2","<main>","3","MONITORENTER","com/squareup/okhttp/internal/spdy/SpdyStream$SpdyDataSource:read:380","2","15000"
"com.squareup.okhttp.internal.spdy.SpdyConnectionTest#readSendsWindowUpdateHttp2","<-1020933817,1>","15","MONITORENTER","okio/SegmentPool:recycle:53","1","10000"
"com.squareup.okhttp.internal.spdy.SpdyConnectionTest#readSendsWindowUpdateHttp2","<main>","3","SYNCHRONIZED_METHOD_EXIT","com/squareup/okhttp/internal/spdy/Http20Draft09$Writer:data:394","1","10000"
"com.squareup.okhttp.internal.spdy.SpdyConnectionTest#readSendsWindowUpdateHttp2","<781236076,1>","3","MONITOREXIT","okio/SegmentPool:recycle:54","7","19843"
"com.squareup.okhttp.internal.spdy.SpdyConnectionTest#readSendsWindowUpdateHttp2","<1562044902,1>","40","MONITOREXIT","okio/SegmentPool:recycle:59","2","15000"
"com.squareup.okhttp.internal.spdy.SpdyConnectionTest#readSendsWindowUpdateHttp2","<main>","2","SYNCHRONIZED_METHOD_EXIT","com/squareup/okhttp/internal/spdy/Http20Draft09$Writer:synStream:333","1","10000"
"com.squareup.okhttp.internal.spdy.SpdyConnectionTest#readSendsWindowUpdateHttp2","<1562044902,1>","32","java/lang/Thread.currentThread()Ljava/lang/Thread;","com/squareup/okhttp/internal/NamedRunnable:run:30","1","10000"
"com.squareup.okhttp.internal.spdy.SpdyConnectionTest#readSendsWindowUpdateHttp2","<-1020933817,1>","11","MONITORENTER","okio/SegmentPool:take:39","2","15000"
"com.squareup.okhttp.internal.spdy.SpdyConnectionTest#readSendsWindowUpdateHttp2","<1562044902,1>","71","java/util/concurrent/Callable.call()Ljava/lang/Object;","java/util/concurrent/FutureTask:run:266","2","15000"
"com.squareup.okhttp.internal.spdy.SpdyConnectionTest#readSendsWindowUpdateHttp2","<68941243,1>","1","MONITOREXIT","okio/SegmentPool:recycle:59","4","18750"
"com.squareup.okhttp.internal.spdy.SpdyConnectionTest#readSendsWindowUpdateHttp2","<-1020933817,1>","1","MONITOREXIT","okio/SegmentPool:take:45","1","10000"
"com.squareup.okhttp.internal.spdy.SpdyConnectionTest#readSendsWindowUpdateHttp2","<-1020933817,1>","30","java/lang/Thread.getName()Ljava/lang/String;","com/squareup/okhttp/internal/NamedRunnable:run:31","2","5312"
"com.squareup.okhttp.internal.spdy.SpdyConnectionTest#readSendsWindowUpdateHttp2","<1562044902,1>","67","java/lang/Thread.currentThread()Ljava/lang/Thread;","java/util/concurrent/FutureTask:run:258","2","15000"
"com.squareup.okhttp.internal.spdy.SpdyConnectionTest#readSendsWindowUpdateHttp2","<781236076,1>","1","MONITORENTER","okio/SegmentPool:recycle:53","6","19687"
"com.squareup.okhttp.internal.spdy.SpdyConnectionTest#readSendsWindowUpdateHttp2","<main>","1","SYNCHRONIZED_METHOD_ENTER","com/squareup/okhttp/internal/spdy/Http20Draft09$Writer:data:0","1","10000"
"com.squareup.okhttp.internal.spdy.SpdyConnectionTest#readSendsWindowUpdateHttp2","<-1020933817,1>","41","java/lang/Thread.setName(Ljava/lang/String;)V","com/squareup/okhttp/internal/NamedRunnable:run:31","3","1332"
"com.squareup.okhttp.internal.spdy.SpdyConnectionTest#readSendsWindowUpdateHttp2","<main>","2","MONITOREXIT","okio/SegmentPool:recycle:59","1","10000"
"com.squareup.okhttp.internal.spdy.SpdyConnectionTest#readSendsWindowUpdateHttp2","<main>","1","java/lang/Thread.start()V","com/squareup/okhttp/internal/spdy/SpdyConnection:<init>:160","1","10000"
"com.squareup.okhttp.internal.spdy.SpdyConnectionTest#readSendsWindowUpdateHttp2","<main>","2","java/util/concurrent/Executors.callable(Ljava/lang/Runnable;Ljava/lang/Object;)Ljava/util/concurrent/Callable;","java/util/concurrent/FutureTask:<init>:152","6","19687"
"com.squareup.okhttp.internal.spdy.SpdyConnectionTest#readSendsWindowUpdateHttp2","<68941243,1>","1","MONITOREXIT","okio/SegmentPool:take:47","10","19979"
"com.squareup.okhttp.internal.spdy.SpdyConnectionTest#readSendsWindowUpdateHttp2","<main>","2","MONITOREXIT","com/squareup/okhttp/internal/spdy/SpdyConnection:newStream:254","2","15000"
"com.squareup.okhttp.internal.spdy.SpdyConnectionTest#readSendsWindowUpdateHttp2","<68941243,1>","2","MONITOREXIT","okio/SegmentPool:take:45","5","19375"
"com.squareup.okhttp.internal.spdy.SpdyConnectionTest#readSendsWindowUpdateHttp2","<1562044902,1>","6","java/io/OutputStream.flush()V","okio/Okio$1:flush:85","1","10000"
"com.squareup.okhttp.internal.spdy.SpdyConnectionTest#readSendsWindowUpdateHttp2","<68941243,1>","3","SYNCHRONIZED_METHOD_EXIT","com/squareup/okhttp/internal/spdy/SpdyConnection:getStream:177","2","15000"
"com.squareup.okhttp.internal.spdy.SpdyConnectionTest#readSendsWindowUpdateHttp2","<-1020933817,1>","2","java/lang/Thread.currentThread()Ljava/lang/Thread;","com/squareup/okhttp/internal/NamedRunnable:run:30","1","10000"
"com.squareup.okhttp.internal.spdy.SpdyConnectionTest#readSendsWindowUpdateHttp2","<-1020933817,1>","50","java/lang/Thread.getName()Ljava/lang/String;","com/squareup/okhttp/internal/NamedRunnable:run:30","2","6250"
"com.squareup.okhttp.internal.spdy.SpdyConnectionTest#readSendsWindowUpdateHttp2","<68941243,1>","3","MONITOREXIT","com/squareup/okhttp/internal/spdy/SpdyStream$SpdyDataSource:receive:456","12","19992"
"com.squareup.okhttp.internal.spdy.SpdyConnectionTest#readSendsWindowUpdateHttp2","<main>","2","MONITORENTER","com/squareup/okhttp/internal/spdy/SpdyStream$SpdyDataSource:read:363","5","19375"
"com.squareup.okhttp.internal.spdy.SpdyConnectionTest#readSendsWindowUpdateHttp2","<1562044902,1>","2","MONITOREXIT","okio/SegmentPool:recycle:59","2","15000"
"com.squareup.okhttp.internal.spdy.SpdyConnectionTest#readSendsWindowUpdateHttp2","<1562044902,1>","67","java/lang/Thread.currentThread()Ljava/lang/Thread;","com/squareup/okhttp/internal/NamedRunnable:run:30","1","10000"
"com.squareup.okhttp.internal.spdy.SpdyConnectionTest#readSendsWindowUpdateHttp2","<main>","3","MONITOREXIT","okio/SegmentPool:take:45","7","19843"
"com.squareup.okhttp.internal.spdy.SpdyConnectionTest#readSendsWindowUpdateHttp2","<-1020933817,1>","29","java/lang/Thread.currentThread()Ljava/lang/Thread;","com/squareup/okhttp/internal/NamedRunnable:run:31","4","13281"
"com.squareup.okhttp.internal.spdy.SpdyConnectionTest#readSendsWindowUpdateHttp2","<781236076,1>","3","MONITORENTER","okio/SegmentPool:recycle:53","3","17500"
"com.squareup.okhttp.internal.spdy.SpdyConnectionTest#readSendsWindowUpdateHttp2","<-1020933817,1>","62","java/lang/Thread.currentThread()Ljava/lang/Thread;","java/util/concurrent/FutureTask:run:258","3","17500"
"com.squareup.okhttp.internal.spdy.SpdyConnectionTest#readSendsWindowUpdateHttp2","<-1020933817,1>","42","java/lang/Thread.getName()Ljava/lang/String;","com/squareup/okhttp/internal/NamedRunnable:run:31","3","5331"
"com.squareup.okhttp.internal.spdy.SpdyConnectionTest#readSendsWindowUpdateHttp2","<1562044902,1>","69","java/lang/Thread.currentThread()Ljava/lang/Thread;","java/util/concurrent/FutureTask:run:258","3","17500"
"com.squareup.okhttp.internal.spdy.SpdyConnectionTest#readSendsWindowUpdateHttp2","<781236076,1>","1","java/util/concurrent/BlockingQueue.add(Ljava/lang/Object;)Z","com/squareup/okhttp/internal/spdy/MockSpdyPeer:readAndWriteFrames:150","6","19687"
"com.squareup.okhttp.internal.spdy.SpdyConnectionTest#readSendsWindowUpdateHttp2","<781236076,1>","2","MONITOREXIT","okio/SegmentPool:recycle:59","10","19979"
"com.squareup.okhttp.internal.spdy.SpdyConnectionTest#readSendsWindowUpdateHttp2","<-1020933817,1>","29","java/lang/Thread.setName(Ljava/lang/String;)V","com/squareup/okhttp/internal/NamedRunnable:run:32","1","5000"
"com.squareup.okhttp.internal.spdy.SpdyConnectionTest#readSendsWindowUpdateHttp2","<main>","3","SYNCHRONIZED_METHOD_ENTER","com/squareup/okhttp/internal/spdy/Http20Draft09$Writer:data:0","9","19960"
"com.squareup.okhttp.internal.spdy.SpdyConnectionTest#readSendsWindowUpdateHttp2","<1562044902,1>","52","java/lang/Thread.currentThread()Ljava/lang/Thread;","com/squareup/okhttp/internal/NamedRunnable:run:32","2","12500"
"com.squareup.okhttp.internal.spdy.SpdyConnectionTest#readSendsWindowUpdateHttp2","<68941243,1>","3","MONITORENTER","com/squareup/okhttp/internal/spdy/SpdyStream$SpdyDataSource:receive:426","4","18750"
"com.squareup.okhttp.internal.spdy.SpdyConnectionTest#readSendsWindowUpdateHttp2","<main>","2","java/util/concurrent/BlockingQueue.take()Ljava/lang/Object;","com/squareup/okhttp/internal/spdy/MockSpdyPeer:takeFrame:97","7","19843"
"com.squareup.okhttp.internal.spdy.SpdyConnectionTest#readSendsWindowUpdateHttp2","<781236076,1>","1","MONITOREXIT","okio/SegmentPool:take:45","2","15000"
"com.squareup.okhttp.internal.spdy.SpdyConnectionTest#readSendsWindowUpdateHttp2","<main>","2","MONITOREXIT","okio/SegmentPool:take:45","5","19375"
"com.squareup.okhttp.internal.spdy.SpdyConnectionTest#readSendsWindowUpdateHttp2","<68941243,1>","1","SYNCHRONIZED_METHOD_EXIT","com/squareup/okhttp/internal/spdy/SpdyConnection:getStream:177","9","19960"
"com.squareup.okhttp.internal.spdy.SpdyConnectionTest#readSendsWindowUpdateHttp2","<main>","2","MONITORENTER","com/squareup/okhttp/internal/spdy/SpdyStream$SpdyDataSource:read:363","13","19994"
"com.squareup.okhttp.internal.spdy.SpdyConnectionTest#readSendsWindowUpdateHttp2","<-1020933817,1>","76","RUNNABLE_CALLABLE_START","java/util/concurrent/FutureTask:run:0","2","15000"
"com.squareup.okhttp.internal.spdy.SpdyConnectionTest#readSendsWindowUpdateHttp2","<1562044902,1>","32","RUNNABLE_CALLABLE_START","com/squareup/okhttp/internal/NamedRunnable:run:0","1","10000"
"com.squareup.okhttp.internal.spdy.SpdyConnectionTest#readSendsWindowUpdateHttp2","<main>","3","MONITOREXIT","com/squareup/okhttp/internal/spdy/SpdyStream$SpdyDataSource:read:377","6","19687"
"com.squareup.okhttp.internal.spdy.SpdyConnectionTest#readSendsWindowUpdateHttp2","<68941243,1>","3","MONITOREXIT","com/squareup/okhttp/internal/spdy/SpdyStream$SpdyDataSource:receive:429","7","19843"
"com.squareup.okhttp.internal.spdy.SpdyConnectionTest#readSendsWindowUpdateHttp2","<781236076,1>","1","MONITOREXIT","okio/SegmentPool:recycle:54","4","18750"
"com.squareup.okhttp.internal.spdy.SpdyConnectionTest#readSendsWindowUpdateHttp2","<1562044902,1>","52","java/lang/Thread.currentThread()Ljava/lang/Thread;","com/squareup/okhttp/internal/NamedRunnable:run:31","6","13329"
"com.squareup.okhttp.internal.spdy.SpdyConnectionTest#readSendsWindowUpdateHttp2","<-1020933817,1>","44","RUNNABLE_CALLABLE_START","com/squareup/okhttp/internal/NamedRunnable:run:0","2","15000"
"com.squareup.okhttp.internal.spdy.SpdyConnectionTest#readSendsWindowUpdateHttp2","<main>","3","MONITORENTER","okio/SegmentPool:take:39","12","19992"
"com.squareup.okhttp.internal.spdy.SpdyConnectionTest#readSendsWindowUpdateHttp2","<main>","1","SYNCHRONIZED_METHOD_EXIT","com/squareup/okhttp/internal/spdy/Http20Draft09$Writer:data:394","2","15000"
"com.squareup.okhttp.internal.spdy.SpdyConnectionTest#readSendsWindowUpdateHttp2","<-1020933817,1>","3","SYNCHRONIZED_METHOD_EXIT","com/squareup/okhttp/internal/spdy/Http20Draft09$Writer:windowUpdate:470","1","10000"
"com.squareup.okhttp.internal.spdy.SpdyConnectionTest#readSendsWindowUpdateHttp2","<1562044902,1>","76","java/lang/Thread.currentThread()Ljava/lang/Thread;","com/squareup/okhttp/internal/NamedRunnable:run:30","1","10000"
"com.squareup.okhttp.internal.spdy.SpdyConnectionTest#readSendsWindowUpdateHttp2","<-1020933817,1>","75","RUNNABLE_CALLABLE_START","java/util/concurrent/FutureTask:run:0","3","17500"
"com.squareup.okhttp.internal.spdy.SpdyConnectionTest#readSendsWindowUpdateHttp2","<main>","3","java/util/concurrent/BlockingQueue.take()Ljava/lang/Object;","com/squareup/okhttp/internal/spdy/MockSpdyPeer:takeFrame:97","1","10000"
"com.squareup.okhttp.internal.spdy.SpdyConnectionTest#readSendsWindowUpdateHttp2","<-1020933817,1>","1","java/lang/Thread.currentThread()Ljava/lang/Thread;","java/util/concurrent/FutureTask:run:258","1","10000"
"com.squareup.okhttp.internal.spdy.SpdyConnectionTest#readSendsWindowUpdateHttp2","<-1020933817,1>","51","RUNNABLE_CALLABLE_START","com/squareup/okhttp/internal/NamedRunnable:run:0","3","17500"
"com.squareup.okhttp.internal.spdy.SpdyConnectionTest#readSendsWindowUpdateHttp2","<1562044902,1>","16","java/io/OutputStream.flush()V","okio/Okio$1:flush:84","1","10000"
"com.squareup.okhttp.internal.spdy.SpdyConnectionTest#readSendsWindowUpdateHttp2","<-1020933817,1>","47","RUNNABLE_CALLABLE_START","com/squareup/okhttp/internal/NamedRunnable:run:0","2","15000"
"com.squareup.okhttp.internal.spdy.SpdyConnectionTest#readSendsWindowUpdateHttp2","<68941243,1>","1","java/lang/Object.notifyAll()V","com/squareup/okhttp/internal/spdy/SpdyStream$SpdyDataSource:receive:455","4","18750"
"com.squareup.okhttp.internal.spdy.SpdyConnectionTest#readSendsWindowUpdateHttp2","<1562044902,1>","52","SYNCHRONIZED_METHOD_ENTER","com/squareup/okhttp/internal/spdy/Http20Draft09$Writer:windowUpdate:0","3","17500"
"com.squareup.okhttp.internal.spdy.SpdyConnectionTest#readSendsWindowUpdateHttp2","<main>","1","MONITOREXIT","com/squareup/okhttp/internal/spdy/SpdyStream$SpdyDataSource:read:377","9","19960"
"com.squareup.okhttp.internal.spdy.SpdyConnectionTest#readSendsWindowUpdateHttp2","<main>","3","MONITORENTER","com/squareup/okhttp/internal/spdy/SpdyStream$SpdyDataSource:read:380","6","19687"
"com.squareup.okhttp.internal.spdy.SpdyConnectionTest#readSendsWindowUpdateHttp2","<-1020933817,1>","1","MONITORENTER","okio/SegmentPool:take:39","2","15000"
"com.squareup.okhttp.internal.spdy.SpdyConnectionTest#readSendsWindowUpdateHttp2","<-1020933817,1>","15","MONITORENTER","okio/SegmentPool:recycle:53","3","17500"
"com.squareup.okhttp.internal.spdy.SpdyConnectionTest#readSendsWindowUpdateHttp2","<1562044902,1>","70","java/lang/Thread.currentThread()Ljava/lang/Thread;","com/squareup/okhttp/internal/NamedRunnable:run:30","2","12500"
"com.squareup.okhttp.internal.spdy.SpdyConnectionTest#readSendsWindowUpdateHttp2","<1562044902,1>","74","java/lang/Thread.currentThread()Ljava/lang/Thread;","com/squareup/okhttp/internal/NamedRunnable:run:30","3","13125"
"com.squareup.okhttp.internal.spdy.SpdyConnectionTest#readSendsWindowUpdateHttp2","<-1020933817,1>","49","java/util/concurrent/Callable.call()Ljava/lang/Object;","java/util/concurrent/FutureTask:run:266","2","15000"
"com.squareup.okhttp.internal.spdy.SpdyConnectionTest#readSendsWindowUpdateHttp2","<main>","1","MONITOREXIT","com/squareup/okhttp/internal/spdy/SpdyStream$SpdyDataSource:read:387","6","19687"
"com.squareup.okhttp.internal.spdy.SpdyConnectionTest#readSendsWindowUpdateHttp2","<main>","3","SYNCHRONIZED_METHOD_EXIT","com/squareup/okhttp/internal/spdy/Http20Draft09$Writer:data:394","3","17500"
"com.squareup.okhttp.internal.spdy.SpdyConnectionTest#readSendsWindowUpdateHttp2","<main>","2","java/util/concurrent/BlockingQueue.take()Ljava/lang/Object;","com/squareup/okhttp/internal/spdy/MockSpdyPeer:takeFrame:96","5","19375"
"com.squareup.okhttp.internal.spdy.SpdyConnectionTest#readSendsWindowUpdateHttp2","<main>","2","SYNCHRONIZED_METHOD_ENTER","com/squareup/okhttp/internal/spdy/Http20Draft09$Writer:data:0","4","18750"
"com.squareup.okhttp.internal.spdy.SpdyConnectionTest#readSendsWindowUpdateHttp2","<68941243,1>","3","MONITORENTER","com/squareup/okhttp/internal/spdy/SpdyStream$SpdyDataSource:receive:450","9","19960"
"com.squareup.okhttp.internal.spdy.SpdyConnectionTest#readSendsWindowUpdateHttp2","<1562044902,1>","33","MONITORENTER","okio/SegmentPool:recycle:53","2","15000"
"com.squareup.okhttp.internal.spdy.SpdyConnectionTest#readSendsWindowUpdateHttp2","<68941243,1>","2","SYNCHRONIZED_METHOD_ENTER","com/squareup/okhttp/internal/spdy/SpdyConnection:getStream:0","8","19921"
"com.squareup.okhttp.internal.spdy.SpdyConnectionTest#readSendsWindowUpdateHttp2","<1562044902,1>","68","RUNNABLE_CALLABLE_START","java/util/concurrent/FutureTask:run:0","1","10000"
"com.squareup.okhttp.internal.spdy.SpdyConnectionTest#readSendsWindowUpdateHttp2","<68941243,1>","3","java/lang/Object.notifyAll()V","com/squareup/okhttp/internal/spdy/SpdyStream$SpdyDataSource:receive:455","10","19979"
"com.squareup.okhttp.internal.spdy.SpdyConnectionTest#readSendsWindowUpdateHttp2","<main>","2","MONITORENTER","okio/SegmentPool:take:39","10","19979"
"com.squareup.okhttp.internal.spdy.SpdyConnectionTest#readSendsWindowUpdateHttp2","<1562044902,1>","32","MONITOREXIT","okio/SegmentPool:take:45","1","10000"
"com.squareup.okhttp.internal.spdy.SpdyConnectionTest#readSendsWindowUpdateHttp2","<1562044902,1>","71","RUNNABLE_CALLABLE_START","com/squareup/okhttp/internal/NamedRunnable:run:0","1","10000"
"com.squareup.okhttp.internal.spdy.SpdyConnectionTest#readSendsWindowUpdateHttp2","<-1020933817,1>","17","MONITORENTER","okio/SegmentPool:recycle:53","1","10000"
"com.squareup.okhttp.internal.spdy.SpdyConnectionTest#readSendsWindowUpdateHttp2","<1562044902,1>","54","java/lang/Thread.setName(Ljava/lang/String;)V","com/squareup/okhttp/internal/NamedRunnable:run:32","2","6250"
"com.squareup.okhttp.internal.spdy.SpdyConnectionTest#readSendsWindowUpdateHttp2","<68941243,1>","3","MONITOREXIT","com/squareup/okhttp/internal/spdy/SpdyStream$SpdyDataSource:receive:456","14","19995"
"com.squareup.okhttp.internal.spdy.SpdyConnectionTest#readSendsWindowUpdateHttp2","<main>","1","MONITOREXIT","okio/SegmentPool:recycle:59","11","19988"
"com.squareup.okhttp.internal.spdy.SpdyConnectionTest#readSendsWindowUpdateHttp2","<1562044902,1>","36","MONITORENTER","okio/SegmentPool:recycle:53","2","15000"
"com.squareup.okhttp.internal.spdy.SpdyConnectionTest#readSendsWindowUpdateHttp2","<68941243,1>","3","MONITOREXIT","com/squareup/okhttp/internal/spdy/SpdyStream$SpdyDataSource:receive:456","8","19921"
"com.squareup.okhttp.internal.spdy.SpdyConnectionTest#readSendsWindowUpdateHttp2","<-1020933817,1>","9","RUNNABLE_CALLABLE_START","com/squareup/okhttp/internal/NamedRunnable:run:0","1","10000"
"com.squareup.okhttp.internal.spdy.SpdyConnectionTest#readSendsWindowUpdateHttp2","<68941243,1>","3","MONITOREXIT","okio/SegmentPool:take:47","6","19687"
"com.squareup.okhttp.internal.spdy.SpdyConnectionTest#readSendsWindowUpdateHttp2","<781236076,1>","1","MONITORENTER","okio/SegmentPool:take:39","3","17500"
"com.squareup.okhttp.internal.spdy.SpdyConnectionTest#readSendsWindowUpdateHttp2","<main>","1","MONITOREXIT","com/squareup/okhttp/internal/spdy/SpdyStream$SpdyDataSource:read:387","12","19992"
"com.squareup.okhttp.internal.spdy.SpdyConnectionTest#readSendsWindowUpdateHttp2","<main>","2","MONITOREXIT","okio/SegmentPool:recycle:59","3","17500"
"com.squareup.okhttp.internal.spdy.SpdyConnectionTest#readSendsWindowUpdateHttp2","<1562044902,1>","29","java/io/OutputStream.flush()V","okio/Okio$1:flush:84","1","10000"
"com.squareup.okhttp.internal.spdy.SpdyConnectionTest#readSendsWindowUpdateHttp2","<1562044902,1>","34","java/lang/Thread.currentThread()Ljava/lang/Thread;","com/squareup/okhttp/internal/NamedRunnable:run:31","2","12500"
"com.squareup.okhttp.internal.spdy.SpdyConnectionTest#readSendsWindowUpdateHttp2","<1562044902,1>","57","java/lang/Thread.setName(Ljava/lang/String;)V","com/squareup/okhttp/internal/NamedRunnable:run:32","2","6250"
"com.squareup.okhttp.internal.spdy.SpdyConnectionTest#readSendsWindowUpdateHttp2","<781236076,1>","2","java/util/concurrent/BlockingQueue.add(Ljava/lang/Object;)Z","com/squareup/okhttp/internal/spdy/MockSpdyPeer:readAndWriteFrames:151","2","15000"
"com.squareup.okhttp.internal.spdy.SpdyConnectionTest#readSendsWindowUpdateHttp2","<781236076,1>","2","MONITORENTER","okio/SegmentPool:take:39","7","19843"
"com.squareup.okhttp.internal.spdy.SpdyConnectionTest#readSendsWindowUpdateHttp2","<68941243,1>","3","java/lang/Object.notifyAll()V","com/squareup/okhttp/internal/spdy/SpdyStream$SpdyDataSource:receive:455","5","19375"
"com.squareup.okhttp.internal.spdy.SpdyConnectionTest#readSendsWindowUpdateHttp2","<68941243,1>","3","SYNCHRONIZED_METHOD_EXIT","com/squareup/okhttp/internal/spdy/SpdyConnection:getStream:177","6","19687"
"com.squareup.okhttp.internal.spdy.SpdyConnectionTest#readSendsWindowUpdateHttp2","<781236076,1>","2","java/util/concurrent/BlockingQueue.add(Ljava/lang/Object;)Z","com/squareup/okhttp/internal/spdy/MockSpdyPeer:readAndWriteFrames:150","7","19843"
"com.squareup.okhttp.internal.spdy.SpdyConnectionTest#readSendsWindowUpdateHttp2","<-1020933817,1>","45","java/lang/Thread.currentThread()Ljava/lang/Thread;","com/squareup/okhttp/internal/NamedRunnable:run:30","1","10000"
"com.squareup.okhttp.internal.spdy.SpdyConnectionTest#readSendsWindowUpdateHttp2","<1562044902,1>","54","java/lang/Thread.currentThread()Ljava/lang/Thread;","com/squareup/okhttp/internal/NamedRunnable:run:31","5","13320"
"com.squareup.okhttp.internal.spdy.SpdyConnectionTest#readSendsWindowUpdateHttp2","<1562044902,1>","57","java/lang/Thread.currentThread()Ljava/lang/Thread;","com/squareup/okhttp/internal/NamedRunnable:run:32","1","10000"
"com.squareup.okhttp.internal.spdy.SpdyConnectionTest#readSendsWindowUpdateHttp2","<main>","2","MONITOREXIT","com/squareup/okhttp/internal/spdy/SpdyStream$SpdyDataSource:read:387","13","19994"
"com.squareup.okhttp.internal.spdy.SpdyConnectionTest#readSendsWindowUpdateHttp2","<68941243,1>","1","java/lang/Thread.setName(Ljava/lang/String;)V","com/squareup/okhttp/internal/NamedRunnable:run:32","1","5000"
"com.squareup.okhttp.internal.spdy.SpdyConnectionTest#readSendsWindowUpdateHttp2","<1562044902,1>","75","java/lang/Thread.getName()Ljava/lang/String;","com/squareup/okhttp/internal/NamedRunnable:run:30","2","6250"
"com.squareup.okhttp.internal.spdy.SpdyConnectionTest#readSendsWindowUpdateHttp2","<-1020933817,1>","30","java/lang/Thread.getName()Ljava/lang/String;","com/squareup/okhttp/internal/NamedRunnable:run:31","3","5331"
"com.squareup.okhttp.internal.spdy.SpdyConnectionTest#readSendsWindowUpdateHttp2","<68941243,1>","2","MONITOREXIT","com/squareup/okhttp/internal/spdy/SpdyStream$SpdyDataSource:receive:456","2","15000"
"com.squareup.okhttp.internal.spdy.SpdyConnectionTest#readSendsWindowUpdateHttp2","<781236076,1>","1","java/util/concurrent/BlockingQueue.add(Ljava/lang/Object;)Z","com/squareup/okhttp/internal/spdy/MockSpdyPeer:readAndWriteFrames:150","1","10000"
"com.squareup.okhttp.internal.spdy.SpdyConnectionTest#readSendsWindowUpdateHttp2","<main>","2","SYNCHRONIZED_METHOD_EXIT","com/squareup/okhttp/internal/spdy/Http20Draft09$Writer:data:394","1","10000"
"com.squareup.okhttp.internal.spdy.SpdyConnectionTest#readSendsWindowUpdateHttp2","<68941243,1>","3","MONITORENTER","com/squareup/okhttp/internal/spdy/SpdyStream$SpdyDataSource:receive:426","9","19960"
"com.squareup.okhttp.internal.spdy.SpdyConnectionTest#readSendsWindowUpdateHttp2","<781236076,1>","1","MONITOREXIT","okio/SegmentPool:recycle:59","10","19979"
"com.squareup.okhttp.internal.spdy.SpdyConnectionTest#readSendsWindowUpdateHttp2","<main>","3","MONITORENTER","com/squareup/okhttp/internal/spdy/SpdyStream$SpdyDataSource:read:363","4","18750"
"com.squareup.okhttp.internal.spdy.SpdyConnectionTest#readSendsWindowUpdateHttp2","<main>","1","MONITORENTER","com/squareup/okhttp/internal/spdy/SpdyStream$SpdyDataSource:read:363","5","19375"
"com.squareup.okhttp.internal.spdy.SpdyConnectionTest#readSendsWindowUpdateHttp2","<main>","1","java/util/concurrent/BlockingQueue.take()Ljava/lang/Object;","com/squareup/okhttp/internal/spdy/MockSpdyPeer:takeFrame:97","3","17500"
"com.squareup.okhttp.internal.spdy.SpdyConnectionTest#readSendsWindowUpdateHttp2","<-1020933817,1>","65","java/lang/Thread.currentThread()Ljava/lang/Thread;","java/util/concurrent/FutureTask:run:258","3","17500"
"com.squareup.okhttp.internal.spdy.SpdyConnectionTest#readSendsWindowUpdateHttp2","<1562044902,1>","31","SYNCHRONIZED_METHOD_ENTER","com/squareup/okhttp/internal/spdy/Http20Draft09$Writer:windowUpdate:0","1","10000"
"com.squareup.okhttp.internal.spdy.SpdyConnectionTest#readSendsWindowUpdateHttp2","<1562044902,1>","67","java/util/concurrent/Callable.call()Ljava/lang/Object;","java/util/concurrent/FutureTask:run:266","1","10000"
"com.squareup.okhttp.internal.spdy.SpdyConnectionTest#readSendsWindowUpdateHttp2","<68941243,1>","1","MONITORENTER","com/squareup/okhttp/internal/spdy/SpdyStream$SpdyDataSource:receive:450","5","19375"
"com.squareup.okhttp.internal.spdy.SpdyConnectionTest#readSendsWindowUpdateHttp2","<68941243,1>","3","SYNCHRONIZED_METHOD_EXIT","com/squareup/okhttp/internal/spdy/SpdyStream:isOpen:111","1","10000"
"com.squareup.okhttp.internal.spdy.SpdyConnectionTest#readSendsWindowUpdateHttp2","<main>","3","MONITORENTER","okio/SegmentPool:take:39","8","19921"
"com.squareup.okhttp.internal.spdy.SpdyConnectionTest#readSendsWindowUpdateHttp2","<main>","3","SYNCHRONIZED_METHOD_EXIT","com/squareup/okhttp/internal/spdy/Http20Draft09$Writer:data:402","9","19960"
"com.squareup.okhttp.internal.spdy.SpdyConnectionTest#readSendsWindowUpdateHttp2","<-1020933817,1>","24","MONITOREXIT","okio/SegmentPool:take:45","1","10000"
"com.squareup.okhttp.internal.spdy.SpdyConnectionTest#readSendsWindowUpdateHttp2","<main>","3","SYNCHRONIZED_METHOD_EXIT","com/squareup/okhttp/internal/spdy/SpdyStream:getResponseHeaders:152","1","10000"
"com.squareup.okhttp.internal.spdy.SpdyConnectionTest#readSendsWindowUpdateHttp2","<-1020933817,1>","59","java/util/concurrent/Callable.call()Ljava/lang/Object;","java/util/concurrent/FutureTask:run:266","2","15000"
"com.squareup.okhttp.internal.spdy.SpdyConnectionTest#readSendsWindowUpdateHttp2","<68941243,1>","2","MONITORENTER","okio/SegmentPool:take:39","6","19687"
"com.squareup.okhttp.internal.spdy.SpdyConnectionTest#readSendsWindowUpdateHttp2","<main>","2","MONITORENTER","com/squareup/okhttp/internal/spdy/SpdyStream$SpdyDataSource:read:380","7","19843"
"com.squareup.okhttp.internal.spdy.SpdyConnectionTest#readSendsWindowUpdateHttp2","<-1020933817,1>","6","java/io/OutputStream.flush()V","okio/Okio$1:flush:84","1","10000"
"com.squareup.okhttp.internal.spdy.SpdyConnectionTest#readSendsWindowUpdateHttp2","<1562044902,1>","6","java/io/OutputStream.flush()V","okio/Okio$1:flush:84","1","10000"
"com.squareup.okhttp.internal.spdy.SpdyConnectionTest#readSendsWindowUpdateHttp2","<781236076,1>","2","RUNNABLE_CALLABLE_START","com/squareup/okhttp/internal/spdy/MockSpdyPeer$1:run:0","1","10000"
"com.squareup.okhttp.internal.spdy.SpdyConnectionTest#readSendsWindowUpdateHttp2","<1562044902,1>","65","java/lang/Thread.currentThread()Ljava/lang/Thread;","com/squareup/okhttp/internal/NamedRunnable:run:31","2","12500"
"com.squareup.okhttp.internal.spdy.SpdyConnectionTest#readSendsWindowUpdateHttp2","<68941243,1>","2","MONITOREXIT","com/squareup/okhttp/internal/spdy/SpdyStream$SpdyDataSource:receive:429","3","17500"
"com.squareup.okhttp.internal.spdy.SpdyConnectionTest#readSendsWindowUpdateHttp2","<1562044902,1>","81","RUNNABLE_CALLABLE_START","com/squareup/okhttp/internal/NamedRunnable:run:0","1","10000"
"com.squareup.okhttp.internal.spdy.SpdyConnectionTest#readSendsWindowUpdateHttp2","<main>","1","SYNCHRONIZED_METHOD_EXIT","com/squareup/okhttp/internal/spdy/SpdyStream:getResponseHeaders:152","1","10000"
"com.squareup.okhttp.internal.spdy.SpdyConnectionTest#readSendsWindowUpdateHttp2","<main>","3","SYNCHRONIZED_METHOD_ENTER","com/squareup/okhttp/internal/spdy/Http20Draft09$Writer:synReply:0","1","10000"
"com.squareup.okhttp.internal.spdy.SpdyConnectionTest#readSendsWindowUpdateHttp2","<68941243,1>","1","SYNCHRONIZED_METHOD_ENTER","com/squareup/okhttp/internal/spdy/SpdyConnection:getStream:0","7","19843"
"com.squareup.okhttp.internal.spdy.SpdyConnectionTest#readSendsWindowUpdateHttp2","<main>","3","java/util/concurrent/BlockingQueue.take()Ljava/lang/Object;","com/squareup/okhttp/internal/spdy/MockSpdyPeer:takeFrame:97","3","17500"
"com.squareup.okhttp.internal.spdy.SpdyConnectionTest#readSendsWindowUpdateHttp2","<-1020933817,1>","29","SYNCHRONIZED_METHOD_ENTER","com/squareup/okhttp/internal/spdy/Http20Draft09$Writer:windowUpdate:0","2","15000"
"com.squareup.okhttp.internal.spdy.SpdyConnectionTest#readSendsWindowUpdateHttp2","<1562044902,1>","10","java/io/OutputStream.flush()V","okio/Okio$1:flush:85","1","10000"
"com.squareup.okhttp.internal.spdy.SpdyConnectionTest#readSendsWindowUpdateHttp2","<1562044902,1>","33","java/lang/Thread.setName(Ljava/lang/String;)V","com/squareup/okhttp/internal/NamedRunnable:run:32","1","5000"
"com.squareup.okhttp.internal.spdy.SpdyConnectionTest#readSendsWindowUpdateHttp2","<main>","3","MONITORENTER","com/squareup/okhttp/internal/spdy/SpdyStream$SpdyDataSource:read:380","1","10000"
"com.squareup.okhttp.internal.spdy.SpdyConnectionTest#readSendsWindowUpdateHttp2","<68941243,1>","3","java/lang/Object.notifyAll()V","com/squareup/okhttp/internal/spdy/SpdyStream$SpdyDataSource:receive:454","9","19960"
"com.squareup.okhttp.internal.spdy.SpdyConnectionTest#readSendsWindowUpdateHttp2","<68941243,1>","2","java/lang/Object.notifyAll()V","com/squareup/okhttp/internal/spdy/SpdyStream:receiveHeaders:282","1","10000"
"com.squareup.okhttp.internal.spdy.SpdyConnectionTest#readSendsWindowUpdateHttp2","<68941243,1>","1","MONITOREXIT","com/squareup/okhttp/internal/spdy/SpdyStream$SpdyDataSource:receive:429","4","18750"
"com.squareup.okhttp.internal.spdy.SpdyConnectionTest#readSendsWindowUpdateHttp2","<main>","2","SYNCHRONIZED_METHOD_ENTER","com/squareup/okhttp/internal/spdy/Http20Draft09$Writer:data:0","9","19960"
"com.squareup.okhttp.internal.spdy.SpdyConnectionTest#readSendsWindowUpdateHttp2","<main>","3","SYNCHRONIZED_METHOD_ENTER","com/squareup/okhttp/internal/spdy/Http20Draft09$Writer:data:0","2","15000"
"com.squareup.okhttp.internal.spdy.SpdyConnectionTest#readSendsWindowUpdateHttp2","<68941243,1>","3","MONITOREXIT","com/squareup/okhttp/internal/spdy/SpdyConnection$Reader:headers:631","2","15000"
"com.squareup.okhttp.internal.spdy.SpdyConnectionTest#readSendsWindowUpdateHttp2","<1562044902,1>","69","java/lang/Thread.getName()Ljava/lang/String;","com/squareup/okhttp/internal/NamedRunnable:run:30","3","6562"
"com.squareup.okhttp.internal.spdy.SpdyConnectionTest#readSendsWindowUpdateHttp2","<-1020933817,1>","10","java/lang/Thread.setName(Ljava/lang/String;)V","com/squareup/okhttp/internal/NamedRunnable:run:31","1","1250"
"com.squareup.okhttp.internal.spdy.SpdyConnectionTest#readSendsWindowUpdateHttp2","<main>","1","MONITOREXIT","com/squareup/okhttp/internal/spdy/SpdyStream$SpdyDataSource:read:366","2","15000"
"com.squareup.okhttp.internal.spdy.SpdyConnectionTest#readSendsWindowUpdateHttp2","<main>","1","MONITOREXIT","com/squareup/okhttp/internal/spdy/SpdyStream$SpdyDataSource:read:387","8","19921"
"com.squareup.okhttp.internal.spdy.SpdyConnectionTest#readSendsWindowUpdateHttp2","<-1020933817,1>","26","MONITORENTER","okio/SegmentPool:take:39","6","19687"
"com.squareup.okhttp.internal.spdy.SpdyConnectionTest#readSendsWindowUpdateHttp2","<1562044902,1>","68","RUNNABLE_CALLABLE_START","java/util/concurrent/FutureTask:run:0","3","17500"
"com.squareup.okhttp.internal.spdy.SpdyConnectionTest#readSendsWindowUpdateHttp2","<1562044902,1>","3","java/lang/Thread.currentThread()Ljava/lang/Thread;","com/squareup/okhttp/internal/NamedRunnable:run:31","2","12500"
"com.squareup.okhttp.internal.spdy.SpdyConnectionTest#readSendsWindowUpdateHttp2","<68941243,1>","2","java/lang/Object.notifyAll()V","com/squareup/okhttp/internal/spdy/SpdyStream$SpdyDataSource:receive:454","8","19921"
"com.squareup.okhttp.internal.spdy.SpdyConnectionTest#readSendsWindowUpdateHttp2","<68941243,1>","3","MONITOREXIT","okio/SegmentPool:take:45","9","19960"
"com.squareup.okhttp.internal.spdy.SpdyConnectionTest#readSendsWindowUpdateHttp2","<1562044902,1>","71","RUNNABLE_CALLABLE_START","com/squareup/okhttp/internal/NamedRunnable:run:0","3","17500"
"com.squareup.okhttp.internal.spdy.SpdyConnectionTest#readSendsWindowUpdateHttp2","<-1020933817,1>","17","MONITORENTER","okio/SegmentPool:recycle:53","3","17500"
"com.squareup.okhttp.internal.spdy.SpdyConnectionTest#readSendsWindowUpdateHttp2","<main>","3","java/util/concurrent/BlockingQueue.take()Ljava/lang/Object;","com/squareup/okhttp/internal/spdy/MockSpdyPeer:takeFrame:96","4","18750"
"com.squareup.okhttp.internal.spdy.SpdyConnectionTest#readSendsWindowUpdateHttp2","<1562044902,1>","19","java/io/OutputStream.flush()V","okio/Okio$1:flush:85","1","10000"
"com.squareup.okhttp.internal.spdy.SpdyConnectionTest#readSendsWindowUpdateHttp2","<main>","1","MONITORENTER","com/squareup/okhttp/internal/spdy/SpdyStream$SpdyDataSource:read:380","10","19979"
"com.squareup.okhttp.internal.spdy.SpdyConnectionTest#readSendsWindowUpdateHttp2","<main>","1","MONITORENTER","okio/SegmentPool:take:39","13","19994"
"com.squareup.okhttp.internal.spdy.SpdyConnectionTest#readSendsWindowUpdateHttp2","<-1020933817,1>","8","java/util/concurrent/Callable.call()Ljava/lang/Object;","java/util/concurrent/FutureTask:run:266","1","10000"
"com.squareup.okhttp.internal.spdy.SpdyConnectionTest#readSendsWindowUpdateHttp2","<68941243,1>","1","java/lang/Object.notifyAll()V","com/squareup/okhttp/internal/spdy/SpdyStream$SpdyDataSource:receive:455","14","19995"
"com.squareup.okhttp.internal.spdy.SpdyConnectionTest#readSendsWindowUpdateHttp2","<1562044902,1>","45","MONITOREXIT","okio/SegmentPool:recycle:59","2","15000"
"com.squareup.okhttp.internal.spdy.SpdyConnectionTest#readSendsWindowUpdateHttp2","<-1020933817,1>","16","MONITORENTER","okio/SegmentPool:recycle:53","1","10000"
"com.squareup.okhttp.internal.spdy.SpdyConnectionTest#readSendsWindowUpdateHttp2","<-1020933817,1>","3","java/lang/Thread.getName()Ljava/lang/String;","com/squareup/okhttp/internal/NamedRunnable:run:31","1","5000"
"com.squareup.okhttp.internal.spdy.SpdyConnectionTest#readSendsWindowUpdateHttp2","<781236076,1>","3","MONITOREXIT","okio/SegmentPool:recycle:54","13","19994"
"com.squareup.okhttp.internal.spdy.SpdyConnectionTest#readSendsWindowUpdateHttp2","<68941243,1>","1","java/lang/Object.notifyAll()V","com/squareup/okhttp/internal/spdy/SpdyStream$SpdyDataSource:receive:455","8","19921"
"com.squareup.okhttp.internal.spdy.SpdyConnectionTest#readSendsWindowUpdateHttp2","<-1020933817,1>","52","java/lang/Thread.currentThread()Ljava/lang/Thread;","com/squareup/okhttp/internal/NamedRunnable:run:30","3","13125"
"com.squareup.okhttp.internal.spdy.SpdyConnectionTest#readSendsWindowUpdateHttp2","<-1020933817,1>","48","java/lang/Thread.currentThread()Ljava/lang/Thread;","com/squareup/okhttp/internal/NamedRunnable:run:30","1","10000"
"com.squareup.okhttp.internal.spdy.SpdyConnectionTest#readSendsWindowUpdateHttp2","<1562044902,1>","78","java/lang/Thread.getName()Ljava/lang/String;","com/squareup/okhttp/internal/NamedRunnable:run:30","3","6562"
"com.squareup.okhttp.internal.spdy.SpdyConnectionTest#readSendsWindowUpdateHttp2","<main>","2","MONITOREXIT","com/squareup/okhttp/internal/spdy/SpdyStream$SpdyDataSource:read:377","5","19375"
"com.squareup.okhttp.internal.spdy.SpdyConnectionTest#readSendsWindowUpdateHttp2","<-1020933817,1>","3","java/lang/Thread.currentThread()Ljava/lang/Thread;","java/util/concurrent/FutureTask:run:258","1","10000"
"com.squareup.okhttp.internal.spdy.SpdyConnectionTest#readSendsWindowUpdateHttp2","<main>","3","MONITORENTER","com/squareup/okhttp/internal/spdy/SpdyStream$SpdyDataSource:read:363","9","19960"
"com.squareup.okhttp.internal.spdy.SpdyConnectionTest#readSendsWindowUpdateHttp2","<781236076,1>","1","java/util/concurrent/BlockingQueue.add(Ljava/lang/Object;)Z","com/squareup/okhttp/internal/spdy/MockSpdyPeer:readAndWriteFrames:150","3","17500"
"com.squareup.okhttp.internal.spdy.SpdyConnectionTest#readSendsWindowUpdateHttp2","<main>","2","java/net/ServerSocket.close()V","com/squareup/okhttp/internal/Util:closeQuietly:128","1","10000"
"com.squareup.okhttp.internal.spdy.SpdyConnectionTest#readSendsWindowUpdateHttp2","<main>","2","SYNCHRONIZED_METHOD_EXIT","com/squareup/okhttp/internal/spdy/Http20Draft09$Writer:data:394","3","17500"
"com.squareup.okhttp.internal.spdy.SpdyConnectionTest#readSendsWindowUpdateHttp2","<1562044902,1>","16","SYNCHRONIZED_METHOD_EXIT","com/squareup/okhttp/internal/spdy/Http20Draft09$Writer:windowUpdate:470","1","10000"
"com.squareup.okhttp.internal.spdy.SpdyConnectionTest#readSendsWindowUpdateHttp2","<-1020933817,1>","33","java/lang/Thread.currentThread()Ljava/lang/Thread;","com/squareup/okhttp/internal/NamedRunnable:run:32","2","12500"
"com.squareup.okhttp.internal.spdy.SpdyConnectionTest#readSendsWindowUpdateHttp2","<781236076,1>","2","java/util/concurrent/BlockingQueue.add(Ljava/lang/Object;)Z","com/squareup/okhttp/internal/spdy/MockSpdyPeer:readAndWriteFrames:151","5","19375"
"com.squareup.okhttp.internal.spdy.SpdyConnectionTest#readSendsWindowUpdateHttp2","<68941243,1>","1","MONITOREXIT","com/squareup/okhttp/internal/spdy/SpdyStream$SpdyDataSource:receive:456","14","19995"
"com.squareup.okhttp.internal.spdy.SpdyConnectionTest#readSendsWindowUpdateHttp2","<68941243,1>","3","MONITORENTER","com/squareup/okhttp/internal/spdy/SpdyStream$SpdyDataSource:receive:450","2","15000"
"com.squareup.okhttp.internal.spdy.SpdyConnectionTest#readSendsWindowUpdateHttp2","<781236076,1>","3","MONITORENTER","okio/SegmentPool:recycle:53","5","19375"
"com.squareup.okhttp.internal.spdy.SpdyConnectionTest#readSendsWindowUpdateHttp2","<main>","1","MONITOREXIT","okio/SegmentPool:take:47","4","18750"
"com.squareup.okhttp.internal.spdy.SpdyConnectionTest#readSendsWindowUpdateHttp2","<-1020933817,1>","9","java/lang/Thread.currentThread()Ljava/lang/Thread;","com/squareup/okhttp/internal/NamedRunnable:run:32","1","10000"
"com.squareup.okhttp.internal.spdy.SpdyConnectionTest#readSendsWindowUpdateHttp2","<main>","2","MONITORENTER","okio/SegmentPool:recycle:53","7","19843"
"com.squareup.okhttp.internal.spdy.SpdyConnectionTest#readSendsWindowUpdateHttp2","<-1020933817,1>","24","MONITOREXIT","okio/SegmentPool:take:45","3","17500"
"com.squareup.okhttp.internal.spdy.SpdyConnectionTest#readSendsWindowUpdateHttp2","<781236076,1>","3","MONITOREXIT","okio/SegmentPool:recycle:59","14","19995"
"com.squareup.okhttp.internal.spdy.SpdyConnectionTest#readSendsWindowUpdateHttp2","<-1020933817,1>","46","java/lang/Thread.currentThread()Ljava/lang/Thread;","com/squareup/okhttp/internal/NamedRunnable:run:30","3","13125"
"com.squareup.okhttp.internal.spdy.SpdyConnectionTest#readSendsWindowUpdateHttp2","<-1020933817,1>","43","java/lang/Thread.currentThread()Ljava/lang/Thread;","com/squareup/okhttp/internal/NamedRunnable:run:31","3","13125"
"com.squareup.okhttp.internal.spdy.SpdyConnectionTest#readSendsWindowUpdateHttp2","<main>","3","MONITOREXIT","com/squareup/okhttp/internal/spdy/SpdyConnection:newStream:254","2","15000"
"com.squareup.okhttp.internal.spdy.SpdyConnectionTest#readSendsWindowUpdateHttp2","<main>","3","MONITOREXIT","com/squareup/okhttp/internal/spdy/SpdyStream$SpdyDataSource:read:377","3","17500"
"com.squareup.okhttp.internal.spdy.SpdyConnectionTest#readSendsWindowUpdateHttp2","<68941243,1>","3","MONITORENTER","okio/SegmentPool:take:39","7","19843"
"com.squareup.okhttp.internal.spdy.SpdyConnectionTest#readSendsWindowUpdateHttp2","<-1020933817,1>","67","java/lang/Thread.currentThread()Ljava/lang/Thread;","java/util/concurrent/FutureTask:run:258","3","17500"
"com.squareup.okhttp.internal.spdy.SpdyConnectionTest#readSendsWindowUpdateHttp2","<1562044902,1>","68","java/lang/Thread.currentThread()Ljava/lang/Thread;","com/squareup/okhttp/internal/NamedRunnable:run:30","2","12500"
"com.squareup.okhttp.internal.spdy.SpdyConnectionTest#readSendsWindowUpdateHttp2","<781236076,1>","3","MONITOREXIT","okio/SegmentPool:recycle:59","8","19921"
"com.squareup.okhttp.internal.spdy.SpdyConnectionTest#readSendsWindowUpdateHttp2","<68941243,1>","1","MONITOREXIT","okio/SegmentPool:take:45","7","19843"
"com.squareup.okhttp.internal.spdy.SpdyConnectionTest#readSendsWindowUpdateHttp2","<-1020933817,1>","12","MONITORENTER","okio/SegmentPool:recycle:53","1","10000"
"com.squareup.okhttp.internal.spdy.SpdyConnectionTest#readSendsWindowUpdateHttp2","<-1020933817,1>","12","java/lang/Thread.currentThread()Ljava/lang/Thread;","com/squareup/okhttp/internal/NamedRunnable:run:32","1","10000"
"com.squareup.okhttp.internal.spdy.SpdyConnectionTest#readSendsWindowUpdateHttp2","<main>","1","java/util/concurrent/Executors.callable(Ljava/lang/Runnable;Ljava/lang/Object;)Ljava/util/concurrent/Callable;","java/util/concurrent/FutureTask:<init>:153","1","10000"
"com.squareup.okhttp.internal.spdy.SpdyConnectionTest#readSendsWindowUpdateHttp2","<main>","1","SYNCHRONIZED_METHOD_EXIT","com/squareup/okhttp/internal/spdy/Http20Draft09$Writer:data:402","1","10000"
"com.squareup.okhttp.internal.spdy.SpdyConnectionTest#readSendsWindowUpdateHttp2","<main>","1","MONITORENTER","com/squareup/okhttp/internal/spdy/SpdyStream$SpdyDataSource:read:380","7","19843"
"com.squareup.okhttp.internal.spdy.SpdyConnectionTest#readSendsWindowUpdateHttp2","<-1020933817,1>","64","java/lang/Thread.currentThread()Ljava/lang/Thread;","java/util/concurrent/FutureTask:run:259","2","15000"
"com.squareup.okhttp.internal.spdy.SpdyConnectionTest#readSendsWindowUpdateHttp2","<1562044902,1>","1","java/lang/Thread.currentThread()Ljava/lang/Thread;","com/squareup/okhttp/internal/NamedRunnable:run:31","2","12500"
"com.squareup.okhttp.internal.spdy.SpdyConnectionTest#readSendsWindowUpdateHttp2","<-1020933817,1>","12","java/lang/Thread.getName()Ljava/lang/String;","com/squareup/okhttp/internal/NamedRunnable:run:31","1","5000"
"com.squareup.okhttp.internal.spdy.SpdyConnectionTest#readSendsWindowUpdateHttp2","<-1020933817,1>","62","RUNNABLE_CALLABLE_START","java/util/concurrent/FutureTask:run:0","1","10000"
"com.squareup.okhttp.internal.spdy.SpdyConnectionTest#readSendsWindowUpdateHttp2","<-1020933817,1>","8","MONITORENTER","okio/SegmentPool:recycle:53","2","15000"
"com.squareup.okhttp.internal.spdy.SpdyConnectionTest#readSendsWindowUpdateHttp2","<68941243,1>","1","MONITOREXIT","okio/SegmentPool:take:47","12","19992"
"com.squareup.okhttp.internal.spdy.SpdyConnectionTest#readSendsWindowUpdateHttp2","<68941243,1>","2","MONITORENTER","com/squareup/okhttp/internal/spdy/SpdyStream$SpdyDataSource:receive:450","11","19988"
"com.squareup.okhttp.internal.spdy.SpdyConnectionTest#readSendsWindowUpdateHttp2","<main>","1","java/util/concurrent/ExecutorService.shutdown()V","com/squareup/okhttp/internal/spdy/MockSpdyPeer:close:162","1","10000"
"com.squareup.okhttp.internal.spdy.SpdyConnectionTest#readSendsWindowUpdateHttp2","<-1020933817,1>","32","SYNCHRONIZED_METHOD_ENTER","com/squareup/okhttp/internal/spdy/Http20Draft09$Writer:windowUpdate:0","2","15000"
"com.squareup.okhttp.internal.spdy.SpdyConnectionTest#readSendsWindowUpdateHttp2","<main>","3","MONITORENTER","com/squareup/okhttp/internal/spdy/SpdyStream$SpdyDataSource:read:380","3","17500"
"com.squareup.okhttp.internal.spdy.SpdyConnectionTest#readSendsWindowUpdateHttp2","<main>","1","MONITOREXIT","okio/SegmentPool:recycle:59","13","19994"
"com.squareup.okhttp.internal.spdy.SpdyConnectionTest#readSendsWindowUpdateHttp2","<-1020933817,1>","63","java/lang/Thread.currentThread()Ljava/lang/Thread;","java/util/concurrent/FutureTask:run:259","3","17500"
"com.squareup.okhttp.internal.spdy.SpdyConnectionTest#readSendsWindowUpdateHttp2","<main>","2","MONITOREXIT","okio/SegmentPool:take:45","12","19992"
"com.squareup.okhttp.internal.spdy.SpdyConnectionTest#readSendsWindowUpdateHttp2","<68941243,1>","2","java/lang/Object.notifyAll()V","com/squareup/okhttp/internal/spdy/SpdyStream$SpdyDataSource:receive:455","6","19687"
"com.squareup.okhttp.internal.spdy.SpdyConnectionTest#readSendsWindowUpdateHttp2","<1562044902,1>","55","java/lang/Thread.currentThread()Ljava/lang/Thread;","com/squareup/okhttp/internal/NamedRunnable:run:32","2","12500"
"com.squareup.okhttp.internal.spdy.SpdyConnectionTest#readSendsWindowUpdateHttp2","<781236076,1>","3","java/util/concurrent/BlockingQueue.add(Ljava/lang/Object;)Z","com/squareup/okhttp/internal/spdy/MockSpdyPeer:readAndWriteFrames:150","4","18750"
"com.squareup.okhttp.internal.spdy.SpdyConnectionTest#readSendsWindowUpdateHttp2","<-1020933817,1>","35","SYNCHRONIZED_METHOD_ENTER","com/squareup/okhttp/internal/spdy/Http20Draft09$Writer:windowUpdate:0","2","15000"
"com.squareup.okhttp.internal.spdy.SpdyConnectionTest#readSendsWindowUpdateHttp2","<main>","1","MONITORENTER","okio/SegmentPool:recycle:53","6","19687"
"com.squareup.okhttp.internal.spdy.SpdyConnectionTest#readSendsWindowUpdateHttp2","<main>","1","SYNCHRONIZED_METHOD_ENTER","com/squareup/okhttp/internal/spdy/SpdyStream:isOpen:0","1","10000"
"com.squareup.okhttp.internal.spdy.SpdyConnectionTest#readSendsWindowUpdateHttp2","<1562044902,1>","34","SYNCHRONIZED_METHOD_ENTER","com/squareup/okhttp/internal/spdy/Http20Draft09$Writer:windowUpdate:0","1","10000"
"com.squareup.okhttp.internal.spdy.SpdyConnectionTest#readSendsWindowUpdateHttp2","<-1020933817,1>","66","java/lang/Thread.currentThread()Ljava/lang/Thread;","java/util/concurrent/FutureTask:run:259","2","15000"
"com.squareup.okhttp.internal.spdy.SpdyConnectionTest#readSendsWindowUpdateHttp2","<68941243,1>","3","MONITOREXIT","com/squareup/okhttp/internal/spdy/SpdyStream:receiveHeaders:293","2","15000"
"com.squareup.okhttp.internal.spdy.SpdyConnectionTest#readSendsWindowUpdateHttp2","<-1020933817,1>","26","MONITORENTER","okio/SegmentPool:take:39","1","10000"
"com.squareup.okhttp.internal.spdy.SpdyConnectionTest#readSendsWindowUpdateHttp2","<-1020933817,1>","32","java/lang/Thread.setName(Ljava/lang/String;)V","com/squareup/okhttp/internal/NamedRunnable:run:32","1","5000"
"com.squareup.okhttp.internal.spdy.SpdyConnectionTest#readSendsWindowUpdateHttp2","<-1020933817,1>","52","RUNNABLE_CALLABLE_START","com/squareup/okhttp/internal/NamedRunnable:run:0","1","10000"
"com.squareup.okhttp.internal.spdy.SpdyConnectionTest#readSendsWindowUpdateHttp2","<68941243,1>","3","java/lang/Object.notifyAll()V","com/squareup/okhttp/internal/spdy/SpdyStream$SpdyDataSource:receive:454","11","19988"
"com.squareup.okhttp.internal.spdy.SpdyConnectionTest#readSendsWindowUpdateHttp2","<main>","1","java/util/concurrent/Executors.callable(Ljava/lang/Runnable;Ljava/lang/Object;)Ljava/util/concurrent/Callable;","java/util/concurrent/FutureTask:<init>:152","4","18750"
"com.squareup.okhttp.internal.spdy.SpdyConnectionTest#readSendsWindowUpdateHttp2","<-1020933817,1>","34","SYNCHRONIZED_METHOD_ENTER","com/squareup/okhttp/internal/spdy/Http20Draft09$Writer:windowUpdate:0","3","17500"
"com.squareup.okhttp.internal.spdy.SpdyConnectionTest#readSendsWindowUpdateHttp2","<1562044902,1>","5","java/io/OutputStream.flush()V","okio/Okio$1:flush:84","1","10000"
"com.squareup.okhttp.internal.spdy.SpdyConnectionTest#readSendsWindowUpdateHttp2","<1562044902,1>","70","java/util/concurrent/Callable.call()Ljava/lang/Object;","java/util/concurrent/FutureTask:run:266","3","17500"
"com.squareup.okhttp.internal.spdy.SpdyConnectionTest#readSendsWindowUpdateHttp2","<main>","2","SYNCHRONIZED_METHOD_ENTER","com/squareup/okhttp/internal/spdy/Http20Draft09$Writer:data:0","11","19988"
"com.squareup.okhttp.internal.spdy.SpdyConnectionTest#readSendsWindowUpdateHttp2","<1562044902,1>","47","MONITORENTER","okio/SegmentPool:recycle:53","1","10000"
"com.squareup.okhttp.internal.spdy.SpdyConnectionTest#readSendsWindowUpdateHttp2","<-1020933817,1>","45","java/lang/Thread.currentThread()Ljava/lang/Thread;","com/squareup/okhttp/internal/NamedRunnable:run:30","3","13125"
"com.squareup.okhttp.internal.spdy.SpdyConnectionTest#readSendsWindowUpdateHttp2","<68941243,1>","1","java/lang/Object.notifyAll()V","com/squareup/okhttp/internal/spdy/SpdyStream$SpdyDataSource:receive:455","2","15000"
"com.squareup.okhttp.internal.spdy.SpdyConnectionTest#readSendsWindowUpdateHttp2","<781236076,1>","1","java/util/concurrent/BlockingQueue.add(Ljava/lang/Object;)Z","com/squareup/okhttp/internal/spdy/MockSpdyPeer:readAndWriteFrames:151","7","19843"
"com.squareup.okhttp.internal.spdy.SpdyConnectionTest#readSendsWindowUpdateHttp2","<68941243,1>","3","SYNCHRONIZED_METHOD_ENTER","com/squareup/okhttp/internal/spdy/SpdyStream:isOpen:0","2","15000"
"com.squareup.okhttp.internal.spdy.SpdyConnectionTest#readSendsWindowUpdateHttp2","<68941243,1>","1","SYNCHRONIZED_METHOD_EXIT","com/squareup/okhttp/internal/spdy/SpdyStream:isOpen:111","1","10000"
"com.squareup.okhttp.internal.spdy.SpdyConnectionTest#readSendsWindowUpdateHttp2","<-1020933817,1>","16","MONITORENTER","okio/SegmentPool:recycle:53","3","17500"
"com.squareup.okhttp.internal.spdy.SpdyConnectionTest#readSendsWindowUpdateHttp2","<-1020933817,1>","8","RUNNABLE_CALLABLE_START","java/util/concurrent/FutureTask:run:0","1","10000"
"com.squareup.okhttp.internal.spdy.SpdyConnectionTest#readSendsWindowUpdateHttp2","<68941243,1>","1","SYNCHRONIZED_METHOD_EXIT","com/squareup/okhttp/internal/spdy/SpdyConnection:getStream:177","5","19375"
"com.squareup.okhttp.internal.spdy.SpdyConnectionTest#readSendsWindowUpdateHttp2","<-1020933817,1>","2","java/lang/Thread.currentThread()Ljava/lang/Thread;","com/squareup/okhttp/internal/NamedRunnable:run:31","2","12500"
"com.squareup.okhttp.internal.spdy.SpdyConnectionTest#readSendsWindowUpdateHttp2","<-1020933817,1>","6","MONITOREXIT","okio/SegmentPool:recycle:59","1","10000"
"com.squareup.okhttp.internal.spdy.SpdyConnectionTest#readSendsWindowUpdateHttp2","<-1020933817,1>","12","SYNCHRONIZED_METHOD_ENTER","com/squareup/okhttp/internal/spdy/Http20Draft09$Writer:windowUpdate:0","1","10000"
"com.squareup.okhttp.internal.spdy.SpdyConnectionTest#readSendsWindowUpdateHttp2","<1562044902,1>","36","MONITOREXIT","okio/SegmentPool:recycle:59","2","15000"
"com.squareup.okhttp.internal.spdy.SpdyConnectionTest#readSendsWindowUpdateHttp2","<main>","1","java/net/ServerSocket.close()V","com/squareup/okhttp/internal/Util:closeQuietly:127","1","10000"
"com.squareup.okhttp.internal.spdy.SpdyConnectionTest#readSendsWindowUpdateHttp2","<1562044902,1>","50","MONITOREXIT","okio/SegmentPool:take:45","5","19375"
"com.squareup.okhttp.internal.spdy.SpdyConnectionTest#readSendsWindowUpdateHttp2","<1562044902,1>","53","java/lang/Thread.currentThread()Ljava/lang/Thread;","com/squareup/okhttp/internal/NamedRunnable:run:32","1","10000"
"com.squareup.okhttp.internal.spdy.SpdyConnectionTest#readSendsWindowUpdateHttp2","<main>","2","MONITOREXIT","com/squareup/okhttp/internal/spdy/SpdyStream$SpdyDataSource:read:387","11","19988"
"com.squareup.okhttp.internal.spdy.SpdyConnectionTest#readSendsWindowUpdateHttp2","<main>","1","java/util/concurrent/BlockingQueue.take()Ljava/lang/Object;","com/squareup/okhttp/internal/spdy/MockSpdyPeer:takeFrame:96","7","19843"
"com.squareup.okhttp.internal.spdy.SpdyConnectionTest#readSendsWindowUpdateHttp2","<1562044902,1>","77","java/lang/Thread.getName()Ljava/lang/String;","com/squareup/okhttp/internal/NamedRunnable:run:30","3","6562"
"com.squareup.okhttp.internal.spdy.SpdyConnectionTest#readSendsWindowUpdateHttp2","<1562044902,1>","49","MONITORENTER","okio/SegmentPool:take:39","2","15000"
"com.squareup.okhttp.internal.spdy.SpdyConnectionTest#readSendsWindowUpdateHttp2","<781236076,1>","2","MONITOREXIT","okio/SegmentPool:recycle:54","13","19994"
"com.squareup.okhttp.internal.spdy.SpdyConnectionTest#readSendsWindowUpdateHttp2","<main>","2","MONITORENTER","com/squareup/okhttp/internal/spdy/SpdyStream$SpdyDataSource:read:363","14","19995"
"com.squareup.okhttp.internal.spdy.SpdyConnectionTest#readSendsWindowUpdateHttp2","<1562044902,1>","2","MONITORENTER","okio/SegmentPool:take:39","2","15000"
"com.squareup.okhttp.internal.spdy.SpdyConnectionTest#readSendsWindowUpdateHttp2","<main>","1","SYNCHRONIZED_METHOD_ENTER","com/squareup/okhttp/internal/spdy/MockSpdyPeer:close:0","1","10000"
"com.squareup.okhttp.internal.spdy.SpdyConnectionTest#readSendsWindowUpdateHttp2","<1562044902,1>","31","java/lang/Thread.setName(Ljava/lang/String;)V","com/squareup/okhttp/internal/NamedRunnable:run:32","1","5000"
"com.squareup.okhttp.internal.spdy.SpdyConnectionTest#readSendsWindowUpdateHttp2","<781236076,1>","2","java/net/ServerSocket.accept()Ljava/net/Socket;","com/squareup/okhttp/internal/spdy/MockSpdyPeer:readAndWriteFrames:119","1","10000"
"com.squareup.okhttp.internal.spdy.SpdyConnectionTest#readSendsWindowUpdateHttp2","<68941243,1>","3","MONITOREXIT","okio/SegmentPool:take:45","2","15000"
"com.squareup.okhttp.internal.spdy.SpdyConnectionTest#readSendsWindowUpdateHttp2","<1562044902,1>","33","SYNCHRONIZED_METHOD_ENTER","com/squareup/okhttp/internal/spdy/Http20Draft09$Writer:windowUpdate:0","1","10000"
"com.squareup.okhttp.internal.spdy.SpdyConnectionTest#readSendsWindowUpdateHttp2","<-1020933817,1>","4","java/io/OutputStream.flush()V","okio/Okio$1:flush:85","1","10000"
"com.squareup.okhttp.internal.spdy.SpdyConnectionTest#readSendsWindowUpdateHttp2","<-1020933817,1>","28","java/lang/Thread.currentThread()Ljava/lang/Thread;","com/squareup/okhttp/internal/NamedRunnable:run:31","6","13329"
"com.squareup.okhttp.internal.spdy.SpdyConnectionTest#readSendsWindowUpdateHttp2","<-1020933817,1>","11","java/lang/Thread.currentThread()Ljava/lang/Thread;","com/squareup/okhttp/internal/NamedRunnable:run:31","2","12500"
"com.squareup.okhttp.internal.spdy.SpdyConnectionTest#readSendsWindowUpdateHttp2","<68941243,1>","1","MONITORENTER","com/squareup/okhttp/internal/spdy/SpdyStream:receiveHeaders:274","2","15000"
"com.squareup.okhttp.internal.spdy.SpdyConnectionTest#readSendsWindowUpdateHttp2","<main>","1","java/util/concurrent/ExecutorService.submit(Ljava/lang/Runnable;)Ljava/util/concurrent/Future;","com/squareup/okhttp/internal/spdy/SpdyConnection:writeWindowUpdateLater:344","4","18750"
"com.squareup.okhttp.internal.spdy.SpdyConnectionTest#readSendsWindowUpdateHttp2","<68941243,1>","3","SYNCHRONIZED_METHOD_ENTER","com/squareup/okhttp/internal/spdy/SpdyConnection:getStream:0","10","19979"
"com.squareup.okhttp.internal.spdy.SpdyConnectionTest#readSendsWindowUpdateHttp2","<68941243,1>","1","MONITOREXIT","okio/SegmentPool:take:47","8","19921"
"com.squareup.okhttp.internal.spdy.SpdyConnectionTest#readSendsWindowUpdateHttp2","<1562044902,1>","2","SYNCHRONIZED_METHOD_EXIT","com/squareup/okhttp/internal/spdy/Http20Draft09$Writer:windowUpdate:470","1","10000"
"com.squareup.okhttp.internal.spdy.SpdyConnectionTest#readSendsWindowUpdateHttp2","<-1020933817,1>","7","java/util/concurrent/Callable.call()Ljava/lang/Object;","java/util/concurrent/FutureTask:run:266","1","10000"
"com.squareup.okhttp.internal.spdy.SpdyConnectionTest#readSendsWindowUpdateHttp2","<68941243,1>","3","java/lang/Object.notifyAll()V","com/squareup/okhttp/internal/spdy/SpdyStream$SpdyDataSource:receive:455","12","19992"
"com.squareup.okhttp.internal.spdy.SpdyConnectionTest#readSendsWindowUpdateHttp2","<main>","2","MONITORENTER","okio/SegmentPool:take:39","12","19992"
"com.squareup.okhttp.internal.spdy.SpdyConnectionTest#readSendsWindowUpdateHttp2","<1562044902,1>","41","MONITOREXIT","okio/SegmentPool:recycle:59","1","10000"
"com.squareup.okhttp.internal.spdy.SpdyConnectionTest#readSendsWindowUpdateHttp2","<main>","3","MONITOREXIT","com/squareup/okhttp/internal/spdy/SpdyStream$SpdyDataSource:read:387","13","19994"
"com.squareup.okhttp.internal.spdy.SpdyConnectionTest#readSendsWindowUpdateHttp2","<main>","2","MONITOREXIT","okio/SegmentPool:take:45","14","19995"
"com.squareup.okhttp.internal.spdy.SpdyConnectionTest#readSendsWindowUpdateHttp2","<main>","3","java/util/concurrent/BlockingQueue.take()Ljava/lang/Object;","com/squareup/okhttp/internal/spdy/MockSpdyPeer:takeFrame:97","4","18750"
"com.squareup.okhttp.internal.spdy.SpdyConnectionTest#readSendsWindowUpdateHttp2","<-1020933817,1>","54","java/lang/Thread.getName()Ljava/lang/String;","com/squareup/okhttp/internal/NamedRunnable:run:30","1","5000"
"com.squareup.okhttp.internal.spdy.SpdyConnectionTest#readSendsWindowUpdateHttp2","<-1020933817,1>","43","java/lang/Thread.getName()Ljava/lang/String;","com/squareup/okhttp/internal/NamedRunnable:run:31","1","5000"
"com.squareup.okhttp.internal.spdy.SpdyConnectionTest#readSendsWindowUpdateHttp2","<main>","2","MONITOREXIT","okio/SegmentPool:take:45","8","19921"
"com.squareup.okhttp.internal.spdy.SpdyConnectionTest#readSendsWindowUpdateHttp2","<-1020933817,1>","10","MONITOREXIT","okio/SegmentPool:take:45","1","10000"
"com.squareup.okhttp.internal.spdy.SpdyConnectionTest#readSendsWindowUpdateHttp2","<1562044902,1>","67","java/lang/Thread.currentThread()Ljava/lang/Thread;","java/util/concurrent/FutureTask:run:259","2","15000"
"com.squareup.okhttp.internal.spdy.SpdyConnectionTest#readSendsWindowUpdateHttp2","<781236076,1>","1","MONITOREXIT","okio/SegmentPool:recycle:59","6","19687"
"com.squareup.okhttp.internal.spdy.SpdyConnectionTest#readSendsWindowUpdateHttp2","<-1020933817,1>","29","java/lang/Thread.currentThread()Ljava/lang/Thread;","com/squareup/okhttp/internal/NamedRunnable:run:31","3","13125"
"com.squareup.okhttp.internal.spdy.SpdyConnectionTest#readSendsWindowUpdateHttp2","<-1020933817,1>","61","java/util/concurrent/Callable.call()Ljava/lang/Object;","java/util/concurrent/FutureTask:run:266","2","15000"
"com.squareup.okhttp.internal.spdy.SpdyConnectionTest#readSendsWindowUpdateHttp2","<68941243,1>","2","java/lang/Object.notifyAll()V","com/squareup/okhttp/internal/spdy/SpdyStream$SpdyDataSource:receive:454","1","10000"
"com.squareup.okhttp.internal.spdy.SpdyConnectionTest#readSendsWindowUpdateHttp2","<1562044902,1>","72","RUNNABLE_CALLABLE_START","com/squareup/okhttp/internal/NamedRunnable:run:0","1","10000"
"com.squareup.okhttp.internal.spdy.SpdyConnectionTest#readSendsWindowUpdateHttp2","<1562044902,1>","33","RUNNABLE_CALLABLE_START","com/squareup/okhttp/internal/NamedRunnable:run:0","1","10000"
"com.squareup.okhttp.internal.spdy.SpdyConnectionTest#readSendsWindowUpdateHttp2","<1562044902,1>","11","java/io/OutputStream.flush()V","okio/Okio$1:flush:84","1","10000"
"com.squareup.okhttp.internal.spdy.SpdyConnectionTest#readSendsWindowUpdateHttp2","<main>","3","SYNCHRONIZED_METHOD_EXIT","com/squareup/okhttp/internal/spdy/Http20Draft09$Writer:data:394","10","19979"
"com.squareup.okhttp.internal.spdy.SpdyConnectionTest#readSendsWindowUpdateHttp2","<1562044902,1>","2","RUNNABLE_CALLABLE_START","java/util/concurrent/FutureTask:run:0","1","10000"
"com.squareup.okhttp.internal.spdy.SpdyConnectionTest#readSendsWindowUpdateHttp2","<781236076,1>","3","MONITORENTER","okio/SegmentPool:recycle:53","7","19843"
"com.squareup.okhttp.internal.spdy.SpdyConnectionTest#readSendsWindowUpdateHttp2","<-1020933817,1>","48","java/util/concurrent/Callable.call()Ljava/lang/Object;","java/util/concurrent/FutureTask:run:266","2","15000"
"com.squareup.okhttp.internal.spdy.SpdyConnectionTest#readSendsWindowUpdateHttp2","<68941243,1>","2","MONITORENTER","com/squareup/okhttp/internal/spdy/SpdyStream$SpdyDataSource:receive:426","2","15000"
"com.squareup.okhttp.internal.spdy.SpdyConnectionTest#readSendsWindowUpdateHttp2","<main>","1","MONITORENTER","okio/SegmentPool:recycle:53","1","10000"
"com.squareup.okhttp.internal.spdy.SpdyConnectionTest#readSendsWindowUpdateHttp2","<main>","1","MONITOREXIT","okio/SegmentPool:take:47","14","19995"
"com.squareup.okhttp.internal.spdy.SpdyConnectionTest#readSendsWindowUpdateHttp2","<main>","1","MONITOREXIT","com/squareup/okhttp/internal/spdy/SpdyStream$SpdyDataSource:read:366","1","10000"
"com.squareup.okhttp.internal.spdy.SpdyConnectionTest#readSendsWindowUpdateHttp2","<-1020933817,1>","14","MONITORENTER","okio/SegmentPool:take:39","1","10000"
"com.squareup.okhttp.internal.spdy.SpdyConnectionTest#readSendsWindowUpdateHttp2","<1562044902,1>","67","RUNNABLE_CALLABLE_START","com/squareup/okhttp/internal/NamedRunnable:run:0","3","17500"
"com.squareup.okhttp.internal.spdy.SpdyConnectionTest#readSendsWindowUpdateHttp2","<1562044902,1>","11","SYNCHRONIZED_METHOD_EXIT","com/squareup/okhttp/internal/spdy/Http20Draft09$Writer:windowUpdate:470","1","10000"
"com.squareup.okhttp.internal.spdy.SpdyConnectionTest#readSendsWindowUpdateHttp2","<-1020933817,1>","26","MONITORENTER","okio/SegmentPool:take:39","3","17500"
"com.squareup.okhttp.internal.spdy.SpdyConnectionTest#readSendsWindowUpdateHttp2","<main>","1","MONITORENTER","okio/SegmentPool:recycle:53","8","19921"
"com.squareup.okhttp.internal.spdy.SpdyConnectionTest#readSendsWindowUpdateHttp2","<main>","3","MONITORENTER","okio/SegmentPool:take:39","11","19988"
"com.squareup.okhttp.internal.spdy.SpdyConnectionTest#readSendsWindowUpdateHttp2","<68941243,1>","3","MONITORENTER","com/squareup/okhttp/internal/spdy/SpdyStream$SpdyDataSource:receive:426","5","19375"
"com.squareup.okhttp.internal.spdy.SpdyConnectionTest#readSendsWindowUpdateHttp2","<-1020933817,1>","33","SYNCHRONIZED_METHOD_ENTER","com/squareup/okhttp/internal/spdy/Http20Draft09$Writer:windowUpdate:0","3","17500"
"com.squareup.okhttp.internal.spdy.SpdyConnectionTest#readSendsWindowUpdateHttp2","<68941243,1>","2","java/lang/Object.notifyAll()V","com/squareup/okhttp/internal/spdy/SpdyStream:receiveHeaders:281","1","10000"
"com.squareup.okhttp.internal.spdy.SpdyConnectionTest#readSendsWindowUpdateHttp2","<68941243,1>","1","java/lang/Object.notifyAll()V","com/squareup/okhttp/internal/spdy/SpdyStream$SpdyDataSource:receive:455","6","19687"
"com.squareup.okhttp.internal.spdy.SpdyConnectionTest#readSendsWindowUpdateHttp2","<main>","2","MONITOREXIT","okio/SegmentPool:recycle:59","10","19979"
"com.squareup.okhttp.internal.spdy.SpdyConnectionTest#readSendsWindowUpdateHttp2","<-1020933817,1>","74","RUNNABLE_CALLABLE_START","java/util/concurrent/FutureTask:run:0","1","10000"
"com.squareup.okhttp.internal.spdy.SpdyConnectionTest#readSendsWindowUpdateHttp2","<-1020933817,1>","48","java/lang/Thread.currentThread()Ljava/lang/Thread;","com/squareup/okhttp/internal/NamedRunnable:run:30","3","13125"
"com.squareup.okhttp.internal.spdy.SpdyConnectionTest#readSendsWindowUpdateHttp2","<1562044902,1>","74","java/lang/Thread.getName()Ljava/lang/String;","com/squareup/okhttp/internal/NamedRunnable:run:30","3","6562"
"com.squareup.okhttp.internal.spdy.SpdyConnectionTest#readSendsWindowUpdateHttp2","<main>","3","MONITORENTER","okio/SegmentPool:recycle:53","1","10000"
"com.squareup.okhttp.internal.spdy.SpdyConnectionTest#readSendsWindowUpdateHttp2","<main>","3","SYNCHRONIZED_METHOD_EXIT","com/squareup/okhttp/internal/spdy/Http20Draft09$Writer:data:402","5","19375"
"com.squareup.okhttp.internal.spdy.SpdyConnectionTest#readSendsWindowUpdateHttp2","<main>","1","MONITORENTER","okio/SegmentPool:take:39","11","19988"
"com.squareup.okhttp.internal.spdy.SpdyConnectionTest#readSendsWindowUpdateHttp2","<main>","2","java/util/concurrent/Executors.callable(Ljava/lang/Runnable;Ljava/lang/Object;)Ljava/util/concurrent/Callable;","java/util/concurrent/FutureTask:<init>:152","5","19375"
"com.squareup.okhttp.internal.spdy.SpdyConnectionTest#readSendsWindowUpdateHttp2","<-1020933817,1>","7","MONITORENTER","okio/SegmentPool:recycle:53","2","15000"
"com.squareup.okhttp.internal.spdy.SpdyConnectionTest#readSendsWindowUpdateHttp2","<1562044902,1>","89","java/lang/Thread.currentThread()Ljava/lang/Thread;","java/util/concurrent/FutureTask:run:258","2","15000"
"com.squareup.okhttp.internal.spdy.SpdyConnectionTest#readSendsWindowUpdateHttp2","<1562044902,1>","96","java/lang/Thread.currentThread()Ljava/lang/Thread;","java/util/concurrent/FutureTask:run:258","1","10000"
"com.squareup.okhttp.internal.spdy.SpdyConnectionTest#readSendsWindowUpdateHttp2","<1562044902,1>","33","java/lang/Thread.getName()Ljava/lang/String;","com/squareup/okhttp/internal/NamedRunnable:run:31","1","5000"
"com.squareup.okhttp.internal.spdy.SpdyConnectionTest#readSendsWindowUpdateHttp2","<1562044902,1>","68","java/lang/Thread.getName()Ljava/lang/String;","com/squareup/okhttp/internal/NamedRunnable:run:30","2","6250"
"com.squareup.okhttp.internal.spdy.SpdyConnectionTest#readSendsWindowUpdateHttp2","<1562044902,1>","69","RUNNABLE_CALLABLE_START","java/util/concurrent/FutureTask:run:0","1","10000"
"com.squareup.okhttp.internal.spdy.SpdyConnectionTest#readSendsWindowUpdateHttp2","<781236076,1>","2","MONITORENTER","okio/SegmentPool:recycle:53","6","19687"
"com.squareup.okhttp.internal.spdy.SpdyConnectionTest#readSendsWindowUpdateHttp2","<68941243,1>","1","MONITORENTER","com/squareup/okhttp/internal/spdy/SpdyStream$SpdyDataSource:receive:426","11","19988"
"com.squareup.okhttp.internal.spdy.SpdyConnectionTest#readSendsWindowUpdateHttp2","<main>","2","SYNCHRONIZED_METHOD_EXIT","com/squareup/okhttp/internal/spdy/Http20Draft09$Writer:data:394","4","18750"
"com.squareup.okhttp.internal.spdy.SpdyConnectionTest#readSendsWindowUpdateHttp2","<-1020933817,1>","55","java/lang/Thread.currentThread()Ljava/lang/Thread;","com/squareup/okhttp/internal/NamedRunnable:run:30","1","10000"
"com.squareup.okhttp.internal.spdy.SpdyConnectionTest#readSendsWindowUpdateHttp2","<68941243,1>","3","MONITORENTER","com/squareup/okhttp/internal/spdy/SpdyStream$SpdyDataSource:receive:426","13","19994"
"com.squareup.okhttp.internal.spdy.SpdyConnectionTest#readSendsWindowUpdateHttp2","<-1020933817,1>","49","RUNNABLE_CALLABLE_START","com/squareup/okhttp/internal/NamedRunnable:run:0","2","15000"
"com.squareup.okhttp.internal.spdy.SpdyConnectionTest#readSendsWindowUpdateHttp2","<-1020933817,1>","60","java/util/concurrent/Callable.call()Ljava/lang/Object;","java/util/concurrent/FutureTask:run:266","1","10000"
"com.squareup.okhttp.internal.spdy.SpdyConnectionTest#readSendsWindowUpdateHttp2","<1562044902,1>","1","java/util/concurrent/Callable.call()Ljava/lang/Object;","java/util/concurrent/FutureTask:run:266","1","10000"
"com.squareup.okhttp.internal.spdy.SpdyConnectionTest#readSendsWindowUpdateHttp2","<1562044902,1>","33","java/lang/Thread.currentThread()Ljava/lang/Thread;","java/util/concurrent/FutureTask:run:258","1","10000"
"com.squareup.okhttp.internal.spdy.SpdyConnectionTest#readSendsWindowUpdateHttp2","<1562044902,1>","52","java/lang/Thread.currentThread()Ljava/lang/Thread;","com/squareup/okhttp/internal/NamedRunnable:run:32","1","10000"
"com.squareup.okhttp.internal.spdy.SpdyConnectionTest#readSendsWindowUpdateHttp2","<68941243,1>","1","MONITORENTER","com/squareup/okhttp/internal/spdy/SpdyConnection$Reader:headers:596","1","10000"
"com.squareup.okhttp.internal.spdy.SpdyConnectionTest#readSendsWindowUpdateHttp2","<68941243,1>","3","java/lang/Object.notifyAll()V","com/squareup/okhttp/internal/spdy/SpdyStream$SpdyDataSource:receive:455","14","19995"
"com.squareup.okhttp.internal.spdy.SpdyConnectionTest#readSendsWindowUpdateHttp2","<1562044902,1>","65","java/lang/Thread.getName()Ljava/lang/String;","com/squareup/okhttp/internal/NamedRunnable:run:31","2","5312"
"com.squareup.okhttp.internal.spdy.SpdyConnectionTest#readSendsWindowUpdateHttp2","<68941243,1>","1","SYNCHRONIZED_METHOD_ENTER","com/squareup/okhttp/internal/spdy/SpdyConnection:getStream:0","2","15000"
"com.squareup.okhttp.internal.spdy.SpdyConnectionTest#readSendsWindowUpdateHttp2","<1562044902,1>","2","java/lang/Thread.setName(Ljava/lang/String;)V","com/squareup/okhttp/internal/NamedRunnable:run:31","1","1250"
"com.squareup.okhttp.internal.spdy.SpdyConnectionTest#readSendsWindowUpdateHttp2","<1562044902,1>","3","java/io/OutputStream.flush()V","okio/Okio$1:flush:84","1","10000"
"com.squareup.okhttp.internal.spdy.SpdyConnectionTest#readSendsWindowUpdateHttp2","<main>","1","MONITOREXIT","okio/SegmentPool:take:45","7","19843"
"com.squareup.okhttp.internal.spdy.SpdyConnectionTest#readSendsWindowUpdateHttp2","<-1020933817,1>","47","java/util/concurrent/Callable.call()Ljava/lang/Object;","java/util/concurrent/FutureTask:run:266","1","10000"
"com.squareup.okhttp.internal.spdy.SpdyConnectionTest#readSendsWindowUpdateHttp2","<68941243,1>","3","java/lang/Object.notifyAll()V","com/squareup/okhttp/internal/spdy/SpdyStream$SpdyDataSource:receive:455","8","19921"
"com.squareup.okhttp.internal.spdy.SpdyConnectionTest#readSendsWindowUpdateHttp2","<main>","2","MONITORENTER","okio/SegmentPool:take:39","8","19921"
"com.squareup.okhttp.internal.spdy.SpdyConnectionTest#readSendsWindowUpdateHttp2","<-1020933817,1>","24","MONITOREXIT","okio/SegmentPool:take:45","4","18750"
"com.squareup.okhttp.internal.spdy.SpdyConnectionTest#readSendsWindowUpdateHttp2","<68941243,1>","3","SYNCHRONIZED_METHOD_ENTER","com/squareup/okhttp/internal/spdy/SpdyConnection:getStream:0","3","17500"
"com.squareup.okhttp.internal.spdy.SpdyConnectionTest#readSendsWindowUpdateHttp2","<main>","3","java/util/concurrent/BlockingQueue.take()Ljava/lang/Object;","com/squareup/okhttp/internal/spdy/MockSpdyPeer:takeFrame:96","2","15000"
"com.squareup.okhttp.internal.spdy.SpdyConnectionTest#readSendsWindowUpdateHttp2","<-1020933817,1>","43","java/lang/Thread.currentThread()Ljava/lang/Thread;","com/squareup/okhttp/internal/NamedRunnable:run:31","1","10000"
"com.squareup.okhttp.internal.spdy.SpdyConnectionTest#readSendsWindowUpdateHttp2","<68941243,1>","3","java/lang/Object.notifyAll()V","com/squareup/okhttp/internal/spdy/SpdyStream$SpdyDataSource:receive:454","5","19375"
"com.squareup.okhttp.internal.spdy.SpdyConnectionTest#readSendsWindowUpdateHttp2","<main>","2","MONITOREXIT","okio/SegmentPool:recycle:59","14","19995"
"com.squareup.okhttp.internal.spdy.SpdyConnectionTest#readSendsWindowUpdateHttp2","<68941243,1>","1","SYNCHRONIZED_METHOD_ENTER","com/squareup/okhttp/internal/spdy/SpdyStream:isOpen:0","2","15000"
"com.squareup.okhttp.internal.spdy.SpdyConnectionTest#readSendsWindowUpdateHttp2","<781236076,1>","2","MONITORENTER","okio/SegmentPool:recycle:53","12","19992"
"com.squareup.okhttp.internal.spdy.SpdyConnectionTest#readSendsWindowUpdateHttp2","<1562044902,1>","1","SYNCHRONIZED_METHOD_EXIT","com/squareup/okhttp/internal/spdy/Http20Draft09$Writer:windowUpdate:470","1","10000"
"com.squareup.okhttp.internal.spdy.SpdyConnectionTest#readSendsWindowUpdateHttp2","<-1020933817,1>","8","MONITOREXIT","okio/SegmentPool:take:45","1","10000"
"com.squareup.okhttp.internal.spdy.SpdyConnectionTest#readSendsWindowUpdateHttp2","<main>","1","MONITOREXIT","com/squareup/okhttp/internal/spdy/SpdyStream$SpdyDataSource:read:387","11","19988"
"com.squareup.okhttp.internal.spdy.SpdyConnectionTest#readSendsWindowUpdateHttp2","<main>","1","MONITORENTER","com/squareup/okhttp/internal/spdy/SpdyStream$SpdyDataSource:read:363","14","19995"
"com.squareup.okhttp.internal.spdy.SpdyConnectionTest#readSendsWindowUpdateHttp2","<-1020933817,1>","43","java/lang/Thread.currentThread()Ljava/lang/Thread;","com/squareup/okhttp/internal/NamedRunnable:run:31","6","13329"
"com.squareup.okhttp.internal.spdy.SpdyConnectionTest#readSendsWindowUpdateHttp2","<68941243,1>","2","MONITOREXIT","com/squareup/okhttp/internal/spdy/SpdyStream$SpdyDataSource:receive:429","10","19979"
"com.squareup.okhttp.internal.spdy.SpdyConnectionTest#readSendsWindowUpdateHttp2","<-1020933817,1>","38","java/lang/Thread.currentThread()Ljava/lang/Thread;","com/squareup/okhttp/internal/NamedRunnable:run:32","2","12500"
"com.squareup.okhttp.internal.spdy.SpdyConnectionTest#readSendsWindowUpdateHttp2","<68941243,1>","3","MONITORENTER","com/squareup/okhttp/internal/spdy/SpdyConnection$Reader:headers:596","2","15000"
"com.squareup.okhttp.internal.spdy.SpdyConnectionTest#readSendsWindowUpdateHttp2","<main>","3","java/util/concurrent/ExecutorService.submit(Ljava/lang/Runnable;)Ljava/util/concurrent/Future;","com/squareup/okhttp/internal/spdy/SpdyConnection:writeWindowUpdateLater:345","4","18750"
"com.squareup.okhttp.internal.spdy.SpdyConnectionTest#readSendsWindowUpdateHttp2","<781236076,1>","1","MONITORENTER","okio/SegmentPool:take:39","7","19843"
"com.squareup.okhttp.internal.spdy.SpdyConnectionTest#readSendsWindowUpdateHttp2","<main>","1","MONITOREXIT","com/squareup/okhttp/internal/spdy/SpdyConnection:newStream:263","2","15000"
"com.squareup.okhttp.internal.spdy.SpdyConnectionTest#readSendsWindowUpdateHttp2","<1562044902,1>","50","MONITORENTER","okio/SegmentPool:take:39","6","19687"
"com.squareup.okhttp.internal.spdy.SpdyConnectionTest#readSendsWindowUpdateHttp2","<main>","2","MONITOREXIT","com/squareup/okhttp/internal/spdy/SpdyStream$SpdyDataSource:read:366","2","15000"
"com.squareup.okhttp.internal.spdy.SpdyConnectionTest#readSendsWindowUpdateHttp2","<-1020933817,1>","11","java/lang/Thread.currentThread()Ljava/lang/Thread;","com/squareup/okhttp/internal/NamedRunnable:run:32","1","10000"
"com.squareup.okhttp.internal.spdy.SpdyConnectionTest#readSendsWindowUpdateHttp2","<68941243,1>","1","java/lang/Object.notifyAll()V","com/squareup/okhttp/internal/spdy/SpdyStream$SpdyDataSource:receive:454","11","19988"
"com.squareup.okhttp.internal.spdy.SpdyConnectionTest#readSendsWindowUpdateHttp2","<main>","2","java/lang/Thread.start()V","com/squareup/okhttp/internal/spdy/SpdyConnection:<init>:161","1","10000"
"com.squareup.okhttp.internal.spdy.SpdyConnectionTest#readSendsWindowUpdateHttp2","<68941243,1>","3","java/lang/Object.notifyAll()V","com/squareup/okhttp/internal/spdy/SpdyStream$SpdyDataSource:receive:454","13","19994"
"com.squareup.okhttp.internal.spdy.SpdyConnectionTest#readSendsWindowUpdateHttp2","<781236076,1>","2","MONITOREXIT","okio/SegmentPool:recycle:59","7","19843"
"com.squareup.okhttp.internal.spdy.SpdyConnectionTest#readSendsWindowUpdateHttp2","<1562044902,1>","70","java/lang/Thread.currentThread()Ljava/lang/Thread;","com/squareup/okhttp/internal/NamedRunnable:run:30","3","13125"
"com.squareup.okhttp.internal.spdy.SpdyConnectionTest#readSendsWindowUpdateHttp2","<1562044902,1>","68","java/util/concurrent/Callable.call()Ljava/lang/Object;","java/util/concurrent/FutureTask:run:266","3","17500"
"com.squareup.okhttp.internal.spdy.SpdyConnectionTest#readSendsWindowUpdateHttp2","<main>","1","java/util/concurrent/ExecutorService.submit(Ljava/lang/Runnable;)Ljava/util/concurrent/Future;","com/squareup/okhttp/internal/spdy/SpdyConnection:writeWindowUpdateLater:345","4","18750"
"com.squareup.okhttp.internal.spdy.SpdyConnectionTest#readSendsWindowUpdateHttp2","<-1020933817,1>","45","java/lang/Thread.getName()Ljava/lang/String;","com/squareup/okhttp/internal/NamedRunnable:run:30","2","6250"
"com.squareup.okhttp.internal.spdy.SpdyConnectionTest#readSendsWindowUpdateHttp2","<68941243,1>","1","MONITOREXIT","com/squareup/okhttp/internal/spdy/SpdyStream$SpdyDataSource:receive:456","4","18750"
"com.squareup.okhttp.internal.spdy.SpdyConnectionTest#readSendsWindowUpdateHttp2","<1562044902,1>","32","java/util/concurrent/Callable.call()Ljava/lang/Object;","java/util/concurrent/FutureTask:run:266","1","10000"
"com.squareup.okhttp.internal.spdy.SpdyConnectionTest#readSendsWindowUpdateHttp2","<1562044902,1>","68","java/lang/Thread.currentThread()Ljava/lang/Thread;","java/util/concurrent/FutureTask:run:258","2","15000"
"com.squareup.okhttp.internal.spdy.SpdyConnectionTest#readSendsWindowUpdateHttp2","<main>","3","MONITOREXIT","okio/SegmentPool:take:47","12","19992"
"com.squareup.okhttp.internal.spdy.SpdyConnectionTest#readSendsWindowUpdateHttp2","<main>","3","SYNCHRONIZED_METHOD_EXIT","com/squareup/okhttp/internal/spdy/MockSpdyPeer:close:172","1","10000"
"com.squareup.okhttp.internal.spdy.SpdyConnectionTest#readSendsWindowUpdateHttp2","<68941243,1>","2","java/lang/Object.notifyAll()V","com/squareup/okhttp/internal/spdy/SpdyStream$SpdyDataSource:receive:455","3","17500"
"com.squareup.okhttp.internal.spdy.SpdyConnectionTest#readSendsWindowUpdateHttp2","<-1020933817,1>","2","java/lang/Thread.currentThread()Ljava/lang/Thread;","java/util/concurrent/FutureTask:run:258","1","10000"
"com.squareup.okhttp.internal.spdy.SpdyConnectionTest#readSendsWindowUpdateHttp2","<-1020933817,1>","8","java/lang/Thread.currentThread()Ljava/lang/Thread;","java/util/concurrent/FutureTask:run:259","1","10000"
"com.squareup.okhttp.internal.spdy.SpdyConnectionTest#readSendsWindowUpdateHttp2","<781236076,1>","1","MONITOREXIT","okio/SegmentPool:recycle:54","3","17500"
"com.squareup.okhttp.internal.spdy.SpdyConnectionTest#readSendsWindowUpdateHttp2","<main>","1","MONITORENTER","okio/SegmentPool:recycle:53","3","17500"
"com.squareup.okhttp.internal.spdy.SpdyConnectionTest#readSendsWindowUpdateHttp2","<781236076,1>","2","java/util/concurrent/BlockingQueue.add(Ljava/lang/Object;)Z","com/squareup/okhttp/internal/spdy/MockSpdyPeer:readAndWriteFrames:150","6","19687"
"com.squareup.okhttp.internal.spdy.SpdyConnectionTest#readSendsWindowUpdateHttp2","<68941243,1>","2","MONITOREXIT","com/squareup/okhttp/internal/spdy/SpdyStream$SpdyDataSource:receive:456","12","19992"
"com.squareup.okhttp.internal.spdy.SpdyConnectionTest#readSendsWindowUpdateHttp2","<68941243,1>","1","MONITOREXIT","okio/SegmentPool:take:45","13","19994"
"com.squareup.okhttp.internal.spdy.SpdyConnectionTest#readSendsWindowUpdateHttp2","<-1020933817,1>","10","MONITORENTER","okio/SegmentPool:take:39","2","15000"
"com.squareup.okhttp.internal.spdy.SpdyConnectionTest#readSendsWindowUpdateHttp2","<1562044902,1>","55","java/lang/Thread.currentThread()Ljava/lang/Thread;","com/squareup/okhttp/internal/NamedRunnable:run:32","1","10000"
"com.squareup.okhttp.internal.spdy.SpdyConnectionTest#readSendsWindowUpdateHttp2","<1562044902,1>","1","MONITORENTER","okio/SegmentPool:recycle:53","2","15000"
"com.squareup.okhttp.internal.spdy.SpdyConnectionTest#readSendsWindowUpdateHttp2","<main>","3","MONITOREXIT","okio/SegmentPool:take:45","1","10000"
"com.squareup.okhttp.internal.spdy.SpdyConnectionTest#readSendsWindowUpdateHttp2","<1562044902,1>","74","java/lang/Thread.getName()Ljava/lang/String;","com/squareup/okhttp/internal/NamedRunnable:run:30","1","5000"
"com.squareup.okhttp.internal.spdy.SpdyConnectionTest#readSendsWindowUpdateHttp2","<main>","3","MONITORENTER","com/squareup/okhttp/internal/spdy/SpdyStream$SpdyDataSource:read:363","5","19375"
"com.squareup.okhttp.internal.spdy.SpdyConnectionTest#readSendsWindowUpdateHttp2","<-1020933817,1>","1","RUNNABLE_CALLABLE_START","java/util/concurrent/FutureTask:run:0","1","10000"
"com.squareup.okhttp.internal.spdy.SpdyConnectionTest#readSendsWindowUpdateHttp2","<main>","2","MONITOREXIT","okio/SegmentPool:take:47","2","15000"
"com.squareup.okhttp.internal.spdy.SpdyConnectionTest#readSendsWindowUpdateHttp2","<68941243,1>","1","MONITORENTER","okio/SegmentPool:take:39","10","19979"
"com.squareup.okhttp.internal.spdy.SpdyConnectionTest#readSendsWindowUpdateHttp2","<-1020933817,1>","19","MONITORENTER","okio/SegmentPool:recycle:53","2","15000"
"com.squareup.okhttp.internal.spdy.SpdyConnectionTest#readSendsWindowUpdateHttp2","<main>","1","SYNCHRONIZED_METHOD_ENTER","com/squareup/okhttp/internal/spdy/Http20Draft09$Writer:synStream:0","1","10000"
"com.squareup.okhttp.internal.spdy.SpdyConnectionTest#readSendsWindowUpdateHttp2","<1562044902,1>","1","java/lang/Thread.currentThread()Ljava/lang/Thread;","com/squareup/okhttp/internal/NamedRunnable:run:35","1","10000"
"com.squareup.okhttp.internal.spdy.SpdyConnectionTest#readSendsWindowUpdateHttp2","<-1020933817,1>","42","java/lang/Thread.setName(Ljava/lang/String;)V","com/squareup/okhttp/internal/NamedRunnable:run:31","2","1328"
"com.squareup.okhttp.internal.spdy.SpdyConnectionTest#readSendsWindowUpdateHttp2","<-1020933817,1>","18","MONITOREXIT","okio/SegmentPool:take:45","1","10000"
"com.squareup.okhttp.internal.spdy.SpdyConnectionTest#readSendsWindowUpdateHttp2","<1562044902,1>","53","java/lang/Thread.currentThread()Ljava/lang/Thread;","com/squareup/okhttp/internal/NamedRunnable:run:32","3","13125"
"com.squareup.okhttp.internal.spdy.SpdyConnectionTest#readSendsWindowUpdateHttp2","<1562044902,1>","36","MONITOREXIT","okio/SegmentPool:recycle:59","1","10000"
"com.squareup.okhttp.internal.spdy.SpdyConnectionTest#readSendsWindowUpdateHttp2","<68941243,1>","2","MONITOREXIT","com/squareup/okhttp/internal/spdy/SpdyStream$SpdyDataSource:receive:429","7","19843"
"com.squareup.okhttp.internal.spdy.SpdyConnectionTest#readSendsWindowUpdateHttp2","<-1020933817,1>","57","RUNNABLE_CALLABLE_START","com/squareup/okhttp/internal/NamedRunnable:run:0","1","10000"
"com.squareup.okhttp.internal.spdy.SpdyConnectionTest#readSendsWindowUpdateHttp2","<-1020933817,1>","40","java/lang/Thread.setName(Ljava/lang/String;)V","com/squareup/okhttp/internal/NamedRunnable:run:32","2","6250"
"com.squareup.okhttp.internal.spdy.SpdyConnectionTest#readSendsWindowUpdateHttp2","<68941243,1>","1","MONITOREXIT","com/squareup/okhttp/internal/spdy/SpdyConnection$Reader:headers:631","1","10000"
"com.squareup.okhttp.internal.spdy.SpdyConnectionTest#readSendsWindowUpdateHttp2","<1562044902,1>","96","java/lang/Thread.currentThread()Ljava/lang/Thread;","java/util/concurrent/FutureTask:run:258","3","17500"
"com.squareup.okhttp.internal.spdy.SpdyConnectionTest#readSendsWindowUpdateHttp2","<68941243,1>","2","MONITORENTER","com/squareup/okhttp/internal/spdy/SpdyConnection$Reader:headers:596","2","15000"
"com.squareup.okhttp.internal.spdy.SpdyConnectionTest#readSendsWindowUpdateHttp2","<68941243,1>","3","MONITOREXIT","com/squareup/okhttp/internal/spdy/SpdyStream$SpdyDataSource:receive:429","1","10000"
"com.squareup.okhttp.internal.spdy.SpdyConnectionTest#readSendsWindowUpdateHttp2","<68941243,1>","3","MONITOREXIT","okio/SegmentPool:take:47","5","19375"
"com.squareup.okhttp.internal.spdy.SpdyConnectionTest#readSendsWindowUpdateHttp2","<main>","2","SYNCHRONIZED_METHOD_ENTER","com/squareup/okhttp/internal/spdy/Http20Draft09$Writer:data:0","3","17500"
"com.squareup.okhttp.internal.spdy.SpdyConnectionTest#readSendsWindowUpdateHttp2","<1562044902,1>","61","java/lang/Thread.setName(Ljava/lang/String;)V","com/squareup/okhttp/internal/NamedRunnable:run:32","3","6562"
"com.squareup.okhttp.internal.spdy.SpdyConnectionTest#readSendsWindowUpdateHttp2","<main>","2","SYNCHRONIZED_METHOD_EXIT","com/squareup/okhttp/internal/spdy/Http20Draft09$Writer:data:394","9","19960"
"com.squareup.okhttp.internal.spdy.SpdyConnectionTest#readSendsWindowUpdateHttp2","<main>","3","MONITORENTER","com/squareup/okhttp/internal/spdy/SpdyStream$SpdyDataSource:read:363","13","19994"
"com.squareup.okhttp.internal.spdy.SpdyConnectionTest#readSendsWindowUpdateHttp2","<-1020933817,1>","9","java/lang/Thread.setName(Ljava/lang/String;)V","com/squareup/okhttp/internal/NamedRunnable:run:32","1","5000"
"com.squareup.okhttp.internal.spdy.SpdyConnectionTest#readSendsWindowUpdateHttp2","<68941243,1>","3","SYNCHRONIZED_METHOD_EXIT","com/squareup/okhttp/internal/spdy/SpdyConnection:getStream:177","5","19375"
"com.squareup.okhttp.internal.spdy.SpdyConnectionTest#readSendsWindowUpdateHttp2","<68941243,1>","1","MONITORENTER","okio/SegmentPool:take:39","5","19375"
"com.squareup.okhttp.internal.spdy.SpdyConnectionTest#readSendsWindowUpdateHttp2","<1562044902,1>","32","MONITOREXIT","okio/SegmentPool:recycle:59","2","15000"
"com.squareup.okhttp.internal.spdy.SpdyConnectionTest#readSendsWindowUpdateHttp2","<781236076,1>","2","MONITORENTER","okio/SegmentPool:recycle:53","8","19921"
"com.squareup.okhttp.internal.spdy.SpdyConnectionTest#readSendsWindowUpdateHttp2","<main>","3","MONITORENTER","okio/SegmentPool:recycle:53","5","19375"
"com.squareup.okhttp.internal.spdy.SpdyConnectionTest#readSendsWindowUpdateHttp2","<781236076,1>","2","java/net/ServerSocket.accept()Ljava/net/Socket;","com/squareup/okhttp/internal/spdy/MockSpdyPeer:readAndWriteFrames:118","1","10000"
"com.squareup.okhttp.internal.spdy.SpdyConnectionTest#readSendsWindowUpdateHttp2","<main>","2","SYNCHRONIZED_METHOD_EXIT","com/squareup/okhttp/internal/spdy/Http20Draft09$Writer:data:402","10","19979"
"com.squareup.okhttp.internal.spdy.SpdyConnectionTest#readSendsWindowUpdateHttp2","<1562044902,1>","77","java/lang/Thread.currentThread()Ljava/lang/Thread;","com/squareup/okhttp/internal/NamedRunnable:run:30","1","10000"
"com.squareup.okhttp.internal.spdy.SpdyConnectionTest#readSendsWindowUpdateHttp2","<1562044902,1>","35","MONITOREXIT","okio/SegmentPool:take:45","2","15000"
"com.squareup.okhttp.internal.spdy.SpdyConnectionTest#readSendsWindowUpdateHttp2","<main>","1","java/util/concurrent/Executors.callable(Ljava/lang/Runnable;Ljava/lang/Object;)Ljava/util/concurrent/Callable;","java/util/concurrent/FutureTask:<init>:152","2","15000"
"com.squareup.okhttp.internal.spdy.SpdyConnectionTest#readSendsWindowUpdateHttp2","<main>","3","java/lang/Thread.setDaemon(Z)V","com/squareup/okhttp/internal/Util$1:newThread:276","1","10000"
"com.squareup.okhttp.internal.spdy.SpdyConnectionTest#readSendsWindowUpdateHttp2","<main>","3","SYNCHRONIZED_METHOD_ENTER","com/squareup/okhttp/internal/spdy/Http20Draft09$Writer:data:0","11","19988"
"com.squareup.okhttp.internal.spdy.SpdyConnectionTest#readSendsWindowUpdateHttp2","<1562044902,1>","32","MONITORENTER","okio/SegmentPool:recycle:53","2","15000"
"com.squareup.okhttp.internal.spdy.SpdyConnectionTest#readSendsWindowUpdateHttp2","<main>","3","MONITOREXIT","okio/SegmentPool:recycle:59","4","18750"
"com.squareup.okhttp.internal.spdy.SpdyConnectionTest#readSendsWindowUpdateHttp2","<main>","3","java/util/concurrent/BlockingQueue.take()Ljava/lang/Object;","com/squareup/okhttp/internal/spdy/MockSpdyPeer:takeFrame:96","6","19687"
"com.squareup.okhttp.internal.spdy.SpdyConnectionTest#readSendsWindowUpdateHttp2","<-1020933817,1>","65","java/lang/Thread.currentThread()Ljava/lang/Thread;","java/util/concurrent/FutureTask:run:259","1","10000"
"com.squareup.okhttp.internal.spdy.SpdyConnectionTest#readSendsWindowUpdateHttp2","<781236076,1>","2","MONITOREXIT","okio/SegmentPool:recycle:54","11","19988"
"com.squareup.okhttp.internal.spdy.SpdyConnectionTest#readSendsWindowUpdateHttp2","<main>","3","java/util/concurrent/Executors.callable(Ljava/lang/Runnable;Ljava/lang/Object;)Ljava/util/concurrent/Callable;","java/util/concurrent/FutureTask:<init>:153","3","17500"
"com.squareup.okhttp.internal.spdy.SpdyConnectionTest#readSendsWindowUpdateHttp2","<1562044902,1>","70","RUNNABLE_CALLABLE_START","com/squareup/okhttp/internal/NamedRunnable:run:0","1","10000"
"com.squareup.okhttp.internal.spdy.SpdyConnectionTest#readSendsWindowUpdateHttp2","<781236076,1>","1","MONITOREXIT","okio/SegmentPool:take:45","5","19375"
"com.squareup.okhttp.internal.spdy.SpdyConnectionTest#readSendsWindowUpdateHttp2","<1562044902,1>","31","RUNNABLE_CALLABLE_START","com/squareup/okhttp/internal/NamedRunnable:run:0","1","10000"
"com.squareup.okhttp.internal.spdy.SpdyConnectionTest#readSendsWindowUpdateHttp2","<1562044902,1>","65","java/lang/Thread.currentThread()Ljava/lang/Thread;","com/squareup/okhttp/internal/NamedRunnable:run:31","1","10000"
"com.squareup.okhttp.internal.spdy.SpdyConnectionTest#readSendsWindowUpdateHttp2","<-1020933817,1>","58","RUNNABLE_CALLABLE_START","com/squareup/okhttp/internal/NamedRunnable:run:0","1","10000"
"com.squareup.okhttp.internal.spdy.SpdyConnectionTest#readSendsWindowUpdateHttp2","<-1020933817,1>","43","java/lang/Thread.currentThread()Ljava/lang/Thread;","com/squareup/okhttp/internal/NamedRunnable:run:31","5","13320"
"com.squareup.okhttp.internal.spdy.SpdyConnectionTest#readSendsWindowUpdateHttp2","<1562044902,1>","67","java/lang/Thread.currentThread()Ljava/lang/Thread;","com/squareup/okhttp/internal/NamedRunnable:run:30","2","12500"
"com.squareup.okhttp.internal.spdy.SpdyConnectionTest#readSendsWindowUpdateHttp2","<1562044902,1>","59","SYNCHRONIZED_METHOD_ENTER","com/squareup/okhttp/internal/spdy/Http20Draft09$Writer:windowUpdate:0","2","15000"
"com.squareup.okhttp.internal.spdy.SpdyConnectionTest#readSendsWindowUpdateHttp2","<1562044902,1>","65","java/lang/Thread.getName()Ljava/lang/String;","com/squareup/okhttp/internal/NamedRunnable:run:31","3","5331"
"com.squareup.okhttp.internal.spdy.SpdyConnectionTest#readSendsWindowUpdateHttp2","<68941243,1>","2","MONITORENTER","okio/SegmentPool:take:39","5","19375"
"com.squareup.okhttp.internal.spdy.SpdyConnectionTest#readSendsWindowUpdateHttp2","<main>","2","SYNCHRONIZED_METHOD_EXIT","com/squareup/okhttp/internal/spdy/Http20Draft09$Writer:data:402","5","19375"
"com.squareup.okhttp.internal.spdy.SpdyConnectionTest#readSendsWindowUpdateHttp2","<main>","2","SYNCHRONIZED_METHOD_ENTER","com/squareup/okhttp/internal/spdy/Http20Draft09$Writer:flush:0","1","10000"
"com.squareup.okhttp.internal.spdy.SpdyConnectionTest#readSendsWindowUpdateHttp2","<main>","3","MONITORENTER","okio/SegmentPool:recycle:53","13","19994"
"com.squareup.okhttp.internal.spdy.SpdyConnectionTest#readSendsWindowUpdateHttp2","<1562044902,1>","50","MONITORENTER","okio/SegmentPool:take:39","1","10000"
"com.squareup.okhttp.internal.spdy.SpdyConnectionTest#readSendsWindowUpdateHttp2","<main>","1","MONITORENTER","okio/SegmentPool:take:39","5","19375"
"com.squareup.okhttp.internal.spdy.SpdyConnectionTest#readSendsWindowUpdateHttp2","<-1020933817,1>","29","java/lang/Thread.currentThread()Ljava/lang/Thread;","com/squareup/okhttp/internal/NamedRunnable:run:31","1","10000"
"com.squareup.okhttp.internal.spdy.SpdyConnectionTest#readSendsWindowUpdateHttp2","<1562044902,1>","41","MONITORENTER","okio/SegmentPool:recycle:53","2","15000"
"com.squareup.okhttp.internal.spdy.SpdyConnectionTest#readSendsWindowUpdateHttp2","<68941243,1>","1","MONITOREXIT","com/squareup/okhttp/internal/spdy/SpdyStream$SpdyDataSource:receive:456","9","19960"
"com.squareup.okhttp.internal.spdy.SpdyConnectionTest#readSendsWindowUpdateHttp2","<68941243,1>","1","MONITOREXIT","com/squareup/okhttp/internal/spdy/SpdyStream$SpdyDataSource:receive:429","13","19994"
"com.squareup.okhttp.internal.spdy.SpdyConnectionTest#readSendsWindowUpdateHttp2","<main>","3","MONITORENTER","com/squareup/okhttp/internal/spdy/SpdyConnection:newStream:243","2","15000"
"com.squareup.okhttp.internal.spdy.SpdyConnectionTest#readSendsWindowUpdateHttp2","<-1020933817,1>","30","java/lang/Thread.setName(Ljava/lang/String;)V","com/squareup/okhttp/internal/NamedRunnable:run:32","3","6562"
"com.squareup.okhttp.internal.spdy.SpdyConnectionTest#readSendsWindowUpdateHttp2","<781236076,1>","2","MONITOREXIT","okio/SegmentPool:take:45","7","19843"
"com.squareup.okhttp.internal.spdy.SpdyConnectionTest#readSendsWindowUpdateHttp2","<-1020933817,1>","46","java/lang/Thread.getName()Ljava/lang/String;","com/squareup/okhttp/internal/NamedRunnable:run:30","3","6562"
"com.squareup.okhttp.internal.spdy.SpdyConnectionTest#readSendsWindowUpdateHttp2","<781236076,1>","3","MONITORENTER","okio/SegmentPool:take:39","8","19921"
"com.squareup.okhttp.internal.spdy.SpdyConnectionTest#readSendsWindowUpdateHttp2","<781236076,1>","1","java/util/concurrent/BlockingQueue.add(Ljava/lang/Object;)Z","com/squareup/okhttp/internal/spdy/MockSpdyPeer:readAndWriteFrames:151","2","15000"
"com.squareup.okhttp.internal.spdy.SpdyConnectionTest#readSendsWindowUpdateHttp2","<1562044902,1>","71","java/lang/Thread.getName()Ljava/lang/String;","com/squareup/okhttp/internal/NamedRunnable:run:30","1","5000"
"com.squareup.okhttp.internal.spdy.SpdyConnectionTest#readSendsWindowUpdateHttp2","<781236076,1>","2","MONITORENTER","okio/SegmentPool:take:39","1","10000"
"com.squareup.okhttp.internal.spdy.SpdyConnectionTest#readSendsWindowUpdateHttp2","<main>","2","MONITORENTER","com/squareup/okhttp/internal/spdy/SpdyStream$SpdyDataSource:read:363","4","18750"
"com.squareup.okhttp.internal.spdy.SpdyConnectionTest#readSendsWindowUpdateHttp2","<1562044902,1>","87","java/lang/Thread.currentThread()Ljava/lang/Thread;","java/util/concurrent/FutureTask:run:258","2","15000"
"com.squareup.okhttp.internal.spdy.SpdyConnectionTest#readSendsWindowUpdateHttp2","<-1020933817,1>","29","java/lang/Thread.currentThread()Ljava/lang/Thread;","com/squareup/okhttp/internal/NamedRunnable:run:31","6","13329"
"com.squareup.okhttp.internal.spdy.SpdyConnectionTest#readSendsWindowUpdateHttp2","<1562044902,1>","79","RUNNABLE_CALLABLE_START","com/squareup/okhttp/internal/NamedRunnable:run:0","1","10000"
"com.squareup.okhttp.internal.spdy.SpdyConnectionTest#readSendsWindowUpdateHttp2","<-1020933817,1>","46","java/lang/Thread.currentThread()Ljava/lang/Thread;","java/util/concurrent/FutureTask:run:259","1","10000"
"com.squareup.okhttp.internal.spdy.SpdyConnectionTest#readSendsWindowUpdateHttp2","<781236076,1>","2","java/util/concurrent/BlockingQueue.add(Ljava/lang/Object;)Z","com/squareup/okhttp/internal/spdy/MockSpdyPeer:readAndWriteFrames:150","1","10000"
"com.squareup.okhttp.internal.spdy.SpdyConnectionTest#readSendsWindowUpdateHttp2","<1562044902,1>","76","java/lang/Thread.currentThread()Ljava/lang/Thread;","com/squareup/okhttp/internal/NamedRunnable:run:30","2","12500"
"com.squareup.okhttp.internal.spdy.SpdyConnectionTest#readSendsWindowUpdateHttp2","<781236076,1>","3","MONITOREXIT","okio/SegmentPool:take:45","4","18750"
"com.squareup.okhttp.internal.spdy.SpdyConnectionTest#readSendsWindowUpdateHttp2","<68941243,1>","2","java/lang/Object.notifyAll()V","com/squareup/okhttp/internal/spdy/SpdyStream:receiveFin:312","1","10000"
"com.squareup.okhttp.internal.spdy.SpdyConnectionTest#readSendsWindowUpdateHttp2","<main>","3","MONITOREXIT","okio/SegmentPool:take:45","3","17500"
"com.squareup.okhttp.internal.spdy.SpdyConnectionTest#readSendsWindowUpdateHttp2","<main>","1","java/util/concurrent/ExecutorService.submit(Ljava/lang/Runnable;)Ljava/util/concurrent/Future;","com/squareup/okhttp/internal/spdy/SpdyConnection:writeWindowUpdateLater:344","2","15000"
"com.squareup.okhttp.internal.spdy.SpdyConnectionTest#readSendsWindowUpdateHttp2","<main>","2","java/util/concurrent/ExecutorService.shutdown()V","com/squareup/okhttp/internal/spdy/MockSpdyPeer:close:162","1","10000"
"com.squareup.okhttp.internal.spdy.SpdyConnectionTest#readSendsWindowUpdateHttp2","<1562044902,1>","52","java/lang/Thread.getName()Ljava/lang/String;","com/squareup/okhttp/internal/NamedRunnable:run:31","2","5312"
"com.squareup.okhttp.internal.spdy.SpdyConnectionTest#readSendsWindowUpdateHttp2","<68941243,1>","1","MONITORENTER","com/squareup/okhttp/internal/spdy/SpdyStream$SpdyDataSource:receive:426","13","19994"
"com.squareup.okhttp.internal.spdy.SpdyConnectionTest#readSendsWindowUpdateHttp2","<main>","2","MONITOREXIT","okio/SegmentPool:take:47","6","19687"
"com.squareup.okhttp.internal.spdy.SpdyConnectionTest#readSendsWindowUpdateHttp2","<main>","3","MONITOREXIT","com/squareup/okhttp/internal/spdy/SpdyStream$SpdyDataSource:read:377","7","19843"
"com.squareup.okhttp.internal.spdy.SpdyConnectionTest#readSendsWindowUpdateHttp2","<1562044902,1>","61","java/lang/Thread.setName(Ljava/lang/String;)V","com/squareup/okhttp/internal/NamedRunnable:run:32","1","5000"
"com.squareup.okhttp.internal.spdy.SpdyConnectionTest#readSendsWindowUpdateHttp2","<main>","2","java/util/concurrent/ExecutorService.execute(Ljava/lang/Runnable;)V","com/squareup/okhttp/internal/spdy/MockSpdyPeer:play:105","1","10000"
"com.squareup.okhttp.internal.spdy.SpdyConnectionTest#readSendsWindowUpdateHttp2","<781236076,1>","2","java/util/concurrent/BlockingQueue.add(Ljava/lang/Object;)Z","com/squareup/okhttp/internal/spdy/MockSpdyPeer:readAndWriteFrames:151","4","18750"
"com.squareup.okhttp.internal.spdy.SpdyConnectionTest#readSendsWindowUpdateHttp2","<-1020933817,1>","55","java/lang/Thread.getName()Ljava/lang/String;","com/squareup/okhttp/internal/NamedRunnable:run:30","3","6562"
"com.squareup.okhttp.internal.spdy.SpdyConnectionTest#readSendsWindowUpdateHttp2","<68941243,1>","2","MONITOREXIT","com/squareup/okhttp/internal/spdy/SpdyConnection$Reader:headers:631","2","15000"
"com.squareup.okhttp.internal.spdy.SpdyConnectionTest#readSendsWindowUpdateHttp2","<-1020933817,1>","1","java/io/OutputStream.flush()V","okio/Okio$1:flush:84","1","10000"
"com.squareup.okhttp.internal.spdy.SpdyConnectionTest#readSendsWindowUpdateHttp2","<1562044902,1>","3","MONITORENTER","okio/SegmentPool:recycle:53","2","15000"
"com.squareup.okhttp.internal.spdy.SpdyConnectionTest#readSendsWindowUpdateHttp2","<1562044902,1>","49","MONITOREXIT","okio/SegmentPool:take:45","1","10000"
"com.squareup.okhttp.internal.spdy.SpdyConnectionTest#readSendsWindowUpdateHttp2","<68941243,1>","1","SYNCHRONIZED_METHOD_EXIT","com/squareup/okhttp/internal/spdy/SpdyStream:isOpen:109","1","10000"
"com.squareup.okhttp.internal.spdy.SpdyConnectionTest#readSendsWindowUpdateHttp2","<main>","1","java/lang/Thread.setDaemon(Z)V","com/squareup/okhttp/internal/Util$1:newThread:276","2","15000"
"com.squareup.okhttp.internal.spdy.SpdyConnectionTest#readSendsWindowUpdateHttp2","<main>","2","SYNCHRONIZED_METHOD_ENTER","com/squareup/okhttp/internal/spdy/SpdyConnection:setIdle:0","1","10000"
"com.squareup.okhttp.internal.spdy.SpdyConnectionTest#readSendsWindowUpdateHttp2","<1562044902,1>","58","SYNCHRONIZED_METHOD_ENTER","com/squareup/okhttp/internal/spdy/Http20Draft09$Writer:windowUpdate:0","1","10000"
"com.squareup.okhttp.internal.spdy.SpdyConnectionTest#readSendsWindowUpdateHttp2","<-1020933817,1>","7","RUNNABLE_CALLABLE_START","java/util/concurrent/FutureTask:run:0","1","10000"
"com.squareup.okhttp.internal.spdy.SpdyConnectionTest#readSendsWindowUpdateHttp2","<68941243,1>","3","MONITORENTER","okio/SegmentPool:recycle:53","2","15000"
"com.squareup.okhttp.internal.spdy.SpdyConnectionTest#readSendsWindowUpdateHttp2","<-1020933817,1>","18","MONITOREXIT","okio/SegmentPool:take:45","3","17500"
"com.squareup.okhttp.internal.spdy.SpdyConnectionTest#readSendsWindowUpdateHttp2","<68941243,1>","3","MONITOREXIT","com/squareup/okhttp/internal/spdy/SpdyStream$SpdyDataSource:receive:429","3","17500"
"com.squareup.okhttp.internal.spdy.SpdyConnectionTest#readSendsWindowUpdateHttp2","<-1020933817,1>","57","RUNNABLE_CALLABLE_START","com/squareup/okhttp/internal/NamedRunnable:run:0","3","17500"
"com.squareup.okhttp.internal.spdy.SpdyConnectionTest#readSendsWindowUpdateHttp2","<68941243,1>","2","MONITOREXIT","okio/SegmentPool:take:47","4","18750"
"com.squareup.okhttp.internal.spdy.SpdyConnectionTest#readSendsWindowUpdateHttp2","<main>","3","SYNCHRONIZED_METHOD_ENTER","com/squareup/okhttp/internal/spdy/SpdyStream:getResponseHeaders:0","1","10000"
"com.squareup.okhttp.internal.spdy.SpdyConnectionTest#readSendsWindowUpdateHttp2","<main>","3","java/util/concurrent/ExecutorService.submit(Ljava/lang/Runnable;)Ljava/util/concurrent/Future;","com/squareup/okhttp/internal/spdy/SpdyConnection:writeWindowUpdateLater:344","2","15000"
"com.squareup.okhttp.internal.spdy.SpdyConnectionTest#readSendsWindowUpdateHttp2","<68941243,1>","3","MONITOREXIT","com/squareup/okhttp/internal/spdy/SpdyStream:receiveFin:313","1","5000"
"com.squareup.okhttp.internal.spdy.SpdyConnectionTest#readSendsWindowUpdateHttp2","<-1020933817,1>","44","java/util/concurrent/Callable.call()Ljava/lang/Object;","java/util/concurrent/FutureTask:run:266","3","17500"
"com.squareup.okhttp.internal.spdy.SpdyConnectionTest#readSendsWindowUpdateHttp2","<main>","2","java/util/concurrent/BlockingQueue.take()Ljava/lang/Object;","com/squareup/okhttp/internal/spdy/MockSpdyPeer:takeFrame:97","5","19375"
"com.squareup.okhttp.internal.spdy.SpdyConnectionTest#readSendsWindowUpdateHttp2","<1562044902,1>","52","java/lang/Thread.setName(Ljava/lang/String;)V","com/squareup/okhttp/internal/NamedRunnable:run:32","3","6562"
"com.squareup.okhttp.internal.spdy.SpdyConnectionTest#readSendsWindowUpdateHttp2","<main>","3","MONITOREXIT","okio/SegmentPool:recycle:59","9","19960"
"com.squareup.okhttp.internal.spdy.SpdyConnectionTest#readSendsWindowUpdateHttp2","<-1020933817,1>","40","java/lang/Thread.currentThread()Ljava/lang/Thread;","com/squareup/okhttp/internal/NamedRunnable:run:32","1","10000"
"com.squareup.okhttp.internal.spdy.SpdyConnectionTest#readSendsWindowUpdateHttp2","<main>","1","java/util/concurrent/Executors.callable(Ljava/lang/Runnable;Ljava/lang/Object;)Ljava/util/concurrent/Callable;","java/util/concurrent/FutureTask:<init>:152","6","19687"
"com.squareup.okhttp.internal.spdy.SpdyConnectionTest#readSendsWindowUpdateHttp2","<68941243,1>","1","java/lang/Object.notifyAll()V","com/squareup/okhttp/internal/spdy/SpdyStream$SpdyDataSource:receive:454","13","19994"
"com.squareup.okhttp.internal.spdy.SpdyConnectionTest#readSendsWindowUpdateHttp2","<1562044902,1>","70","RUNNABLE_CALLABLE_START","com/squareup/okhttp/internal/NamedRunnable:run:0","3","17500"
"com.squareup.okhttp.internal.spdy.SpdyConnectionTest#readSendsWindowUpdateHttp2","<main>","3","MONITOREXIT","com/squareup/okhttp/internal/spdy/SpdyStream$SpdyDataSource:read:387","14","19995"
"com.squareup.okhttp.internal.spdy.SpdyConnectionTest#readSendsWindowUpdateHttp2","<-1020933817,1>","37","SYNCHRONIZED_METHOD_ENTER","com/squareup/okhttp/internal/spdy/Http20Draft09$Writer:windowUpdate:0","2","15000"
"com.squareup.okhttp.internal.spdy.SpdyConnectionTest#readSendsWindowUpdateHttp2","<-1020933817,1>","2","SYNCHRONIZED_METHOD_EXIT","com/squareup/okhttp/internal/spdy/Http20Draft09$Writer:windowUpdate:470","1","10000"
"com.squareup.okhttp.internal.spdy.SpdyConnectionTest#readSendsWindowUpdateHttp2","<1562044902,1>","18","java/io/OutputStream.flush()V","okio/Okio$1:flush:85","1","10000"
"com.squareup.okhttp.internal.spdy.SpdyConnectionTest#readSendsWindowUpdateHttp2","<-1020933817,1>","58","RUNNABLE_CALLABLE_START","com/squareup/okhttp/internal/NamedRunnable:run:0","3","17500"
"com.squareup.okhttp.internal.spdy.SpdyConnectionTest#readSendsWindowUpdateHttp2","<main>","1","MONITORENTER","okio/SegmentPool:recycle:53","11","19988"
"com.squareup.okhttp.internal.spdy.SpdyConnectionTest#readSendsWindowUpdateHttp2","<1562044902,1>","38","MONITORENTER","okio/SegmentPool:take:39","1","10000"
"com.squareup.okhttp.internal.spdy.SpdyConnectionTest#readSendsWindowUpdateHttp2","<-1020933817,1>","46","java/lang/Thread.getName()Ljava/lang/String;","com/squareup/okhttp/internal/NamedRunnable:run:30","1","5000"
"com.squareup.okhttp.internal.spdy.SpdyConnectionTest#readSendsWindowUpdateHttp2","<main>","2","MONITOREXIT","com/squareup/okhttp/internal/spdy/SpdyStream$SpdyDataSource:read:366","1","10000"
"com.squareup.okhttp.internal.spdy.SpdyConnectionTest#readSendsWindowUpdateHttp2","<-1020933817,1>","67","java/lang/Thread.currentThread()Ljava/lang/Thread;","java/util/concurrent/FutureTask:run:259","1","10000"
"com.squareup.okhttp.internal.spdy.SpdyConnectionTest#readSendsWindowUpdateHttp2","<1562044902,1>","50","MONITORENTER","okio/SegmentPool:take:39","3","17500"
"com.squareup.okhttp.internal.spdy.SpdyConnectionTest#readSendsWindowUpdateHttp2","<68941243,1>","1","MONITORENTER","com/squareup/okhttp/internal/spdy/SpdyStream$SpdyDataSource:receive:450","7","19843"
"com.squareup.okhttp.internal.spdy.SpdyConnectionTest#readSendsWindowUpdateHttp2","<-1020933817,1>","2","java/util/concurrent/Callable.call()Ljava/lang/Object;","java/util/concurrent/FutureTask:run:266","1","10000"
"com.squareup.okhttp.internal.spdy.SpdyConnectionTest#readSendsWindowUpdateHttp2","<main>","1","MONITOREXIT","okio/SegmentPool:recycle:59","7","19843"
"com.squareup.okhttp.internal.spdy.SpdyConnectionTest#readSendsWindowUpdateHttp2","<-1020933817,1>","49","java/lang/Thread.getName()Ljava/lang/String;","com/squareup/okhttp/internal/NamedRunnable:run:30","1","5000"
"com.squareup.okhttp.internal.spdy.SpdyConnectionTest#readSendsWindowUpdateHttp2","<main>","2","MONITORENTER","com/squareup/okhttp/internal/spdy/SpdyStream$SpdyDataSource:read:363","9","19960"
"com.squareup.okhttp.internal.spdy.SpdyConnectionTest#readSendsWindowUpdateHttp2","<68941243,1>","2","MONITORENTER","okio/SegmentPool:recycle:53","2","15000"
"com.squareup.okhttp.internal.spdy.SpdyConnectionTest#readSendsWindowUpdateHttp2","<-1020933817,1>","29","java/lang/Thread.currentThread()Ljava/lang/Thread;","com/squareup/okhttp/internal/NamedRunnable:run:31","5","13320"
"com.squareup.okhttp.internal.spdy.SpdyConnectionTest#readSendsWindowUpdateHttp2","<-1020933817,1>","8","java/lang/Thread.currentThread()Ljava/lang/Thread;","com/squareup/okhttp/internal/NamedRunnable:run:30","1","10000"
"com.squareup.okhttp.internal.spdy.SpdyConnectionTest#readSendsWindowUpdateHttp2","<-1020933817,1>","64","RUNNABLE_CALLABLE_START","java/util/concurrent/FutureTask:run:0","2","15000"
"com.squareup.okhttp.internal.spdy.SpdyConnectionTest#readSendsWindowUpdateHttp2","<main>","1","SYNCHRONIZED_METHOD_ENTER","com/squareup/okhttp/internal/spdy/Http20Draft09$Writer:data:0","4","18750"
"com.squareup.okhttp.internal.spdy.SpdyConnectionTest#readSendsWindowUpdateHttp2","<1562044902,1>","79","RUNNABLE_CALLABLE_START","com/squareup/okhttp/internal/NamedRunnable:run:0","3","17500"
"com.squareup.okhttp.internal.spdy.SpdyConnectionTest#readSendsWindowUpdateHttp2","<-1020933817,1>","46","java/lang/Thread.currentThread()Ljava/lang/Thread;","java/util/concurrent/FutureTask:run:259","3","17500"
"com.squareup.okhttp.internal.spdy.SpdyConnectionTest#readSendsWindowUpdateHttp2","<781236076,1>","2","java/util/concurrent/BlockingQueue.add(Ljava/lang/Object;)Z","com/squareup/okhttp/internal/spdy/MockSpdyPeer:readAndWriteFrames:150","3","17500"
"com.squareup.okhttp.internal.spdy.SpdyConnectionTest#readSendsWindowUpdateHttp2","<main>","3","java/net/ServerSocket.close()V","com/squareup/okhttp/internal/Util:closeQuietly:127","1","10000"
"com.squareup.okhttp.internal.spdy.SpdyConnectionTest#readSendsWindowUpdateHttp2","<main>","3","SYNCHRONIZED_METHOD_ENTER","com/squareup/okhttp/internal/spdy/Http20Draft09$Writer:data:0","5","19375"
"com.squareup.okhttp.internal.spdy.SpdyConnectionTest#readSendsWindowUpdateHttp2","<main>","2","SYNCHRONIZED_METHOD_ENTER","com/squareup/okhttp/internal/spdy/Http20Draft09$Writer:data:0","12","19992"
"com.squareup.okhttp.internal.spdy.SpdyConnectionTest#readSendsWindowUpdateHttp2","<1562044902,1>","53","java/lang/Thread.setName(Ljava/lang/String;)V","com/squareup/okhttp/internal/NamedRunnable:run:32","2","6250"
"com.squareup.okhttp.internal.spdy.SpdyConnectionTest#readSendsWindowUpdateHttp2","<main>","1","MONITORENTER","com/squareup/okhttp/internal/spdy/SpdyStream$SpdyDataSource:read:363","4","18750"
"com.squareup.okhttp.internal.spdy.SpdyConnectionTest#readSendsWindowUpdateHttp2","<1562044902,1>","3","java/lang/Thread.currentThread()Ljava/lang/Thread;","com/squareup/okhttp/internal/NamedRunnable:run:35","1","10000"
"com.squareup.okhttp.internal.spdy.SpdyConnectionTest#readSendsWindowUpdateHttp2","<main>","3","java/util/concurrent/BlockingQueue.take()Ljava/lang/Object;","com/squareup/okhttp/internal/spdy/MockSpdyPeer:takeFrame:97","6","19687"
"com.squareup.okhttp.internal.spdy.SpdyConnectionTest#readSendsWindowUpdateHttp2","<main>","3","MONITOREXIT","okio/SegmentPool:recycle:59","7","19843"
