INFO:root:Beginning Script
INFO:root:On host 'amd073.orc.gmu.edu'
INFO:root:Using options Namespace(testMethodsFile='/scratch/tbaral/ase26/nod-rr/NOD-Test-Repair/run_flakerake/projects_complete/30/x.csv', reproduceFailureFile='', runs='5', debug='', logging='info', no_sleep=False, minimalizing_method='bisection', sleep_time_ms=10000)
INFO:root:FlakeRakeStartTime=1752777722.251513
INFO:root:(git rev-parse HEAD)=da35edc0a75424bad8cbf60959fae253202154c4

INFO:root:Using Sleepylines minimalizing method bisection
INFO:root:Installing project with mvn opts='-DskipTests -q -B -fn -s $FLAKY_HOME/shell_scripts/maven-repo-fix-settings.xml -DskipITs'
INFO:root:Thread Sleeping analysis on delight.nashornsandbox.TestGetFunction#test
INFO:root:Apache Maven 3.6.3 (cecedd343002696d0abb50b32b541b8a6ba2883f)
Maven home: /scratch/tbaral/ase26/otog/setups/maven
Java version: 1.8.0_102, vendor: Oracle Corporation, runtime: /scratch/tbaral/ase26/otog/setups/jdk1.8.0_102/jre
Default locale: en_US, platform encoding: UTF-8
OS name: "linux", version: "4.18.0-553.33.1.el8_10.x86_64", arch: "amd64", family: "unix"
[DEBUG] Created new class realm maven.api
[DEBUG] Importing foreign packages into class realm maven.api
[DEBUG]   Imported: javax.annotation.* < plexus.core
[DEBUG]   Imported: javax.annotation.security.* < plexus.core
[DEBUG]   Imported: javax.enterprise.inject.* < plexus.core
[DEBUG]   Imported: javax.enterprise.util.* < plexus.core
[DEBUG]   Imported: javax.inject.* < plexus.core
[DEBUG]   Imported: org.apache.maven.* < plexus.core
[DEBUG]   Imported: org.apache.maven.artifact < plexus.core
[DEBUG]   Imported: org.apache.maven.classrealm < plexus.core
[DEBUG]   Imported: org.apache.maven.cli < plexus.core
[DEBUG]   Imported: org.apache.maven.configuration < plexus.core
[DEBUG]   Imported: org.apache.maven.exception < plexus.core
[DEBUG]   Imported: org.apache.maven.execution < plexus.core
[DEBUG]   Imported: org.apache.maven.execution.scope < plexus.core
[DEBUG]   Imported: org.apache.maven.lifecycle < plexus.core
[DEBUG]   Imported: org.apache.maven.model < plexus.core
[DEBUG]   Imported: org.apache.maven.monitor < plexus.core
[DEBUG]   Imported: org.apache.maven.plugin < plexus.core
[DEBUG]   Imported: org.apache.maven.profiles < plexus.core
[DEBUG]   Imported: org.apache.maven.project < plexus.core
[DEBUG]   Imported: org.apache.maven.reporting < plexus.core
[DEBUG]   Imported: org.apache.maven.repository < plexus.core
[DEBUG]   Imported: org.apache.maven.rtinfo < plexus.core
[DEBUG]   Imported: org.apache.maven.settings < plexus.core
[DEBUG]   Imported: org.apache.maven.toolchain < plexus.core
[DEBUG]   Imported: org.apache.maven.usability < plexus.core
[DEBUG]   Imported: org.apache.maven.wagon.* < plexus.core
[DEBUG]   Imported: org.apache.maven.wagon.authentication < plexus.core
[DEBUG]   Imported: org.apache.maven.wagon.authorization < plexus.core
[DEBUG]   Imported: org.apache.maven.wagon.events < plexus.core
[DEBUG]   Imported: org.apache.maven.wagon.observers < plexus.core
[DEBUG]   Imported: org.apache.maven.wagon.proxy < plexus.core
[DEBUG]   Imported: org.apache.maven.wagon.repository < plexus.core
[DEBUG]   Imported: org.apache.maven.wagon.resource < plexus.core
[DEBUG]   Imported: org.codehaus.classworlds < plexus.core
[DEBUG]   Imported: org.codehaus.plexus.* < plexus.core
[DEBUG]   Imported: org.codehaus.plexus.classworlds < plexus.core
[DEBUG]   Imported: org.codehaus.plexus.component < plexus.core
[DEBUG]   Imported: org.codehaus.plexus.configuration < plexus.core
[DEBUG]   Imported: org.codehaus.plexus.container < plexus.core
[DEBUG]   Imported: org.codehaus.plexus.context < plexus.core
[DEBUG]   Imported: org.codehaus.plexus.lifecycle < plexus.core
[DEBUG]   Imported: org.codehaus.plexus.logging < plexus.core
[DEBUG]   Imported: org.codehaus.plexus.personality < plexus.core
[DEBUG]   Imported: org.codehaus.plexus.util.xml.Xpp3Dom < plexus.core
[DEBUG]   Imported: org.codehaus.plexus.util.xml.pull.XmlPullParser < plexus.core
[DEBUG]   Imported: org.codehaus.plexus.util.xml.pull.XmlPullParserException < plexus.core
[DEBUG]   Imported: org.codehaus.plexus.util.xml.pull.XmlSerializer < plexus.core
[DEBUG]   Imported: org.eclipse.aether.* < plexus.core
[DEBUG]   Imported: org.eclipse.aether.artifact < plexus.core
[DEBUG]   Imported: org.eclipse.aether.collection < plexus.core
[DEBUG]   Imported: org.eclipse.aether.deployment < plexus.core
[DEBUG]   Imported: org.eclipse.aether.graph < plexus.core
[DEBUG]   Imported: org.eclipse.aether.impl < plexus.core
[DEBUG]   Imported: org.eclipse.aether.installation < plexus.core
[DEBUG]   Imported: org.eclipse.aether.internal.impl < plexus.core
[DEBUG]   Imported: org.eclipse.aether.metadata < plexus.core
[DEBUG]   Imported: org.eclipse.aether.repository < plexus.core
[DEBUG]   Imported: org.eclipse.aether.resolution < plexus.core
[DEBUG]   Imported: org.eclipse.aether.spi < plexus.core
[DEBUG]   Imported: org.eclipse.aether.transfer < plexus.core
[DEBUG]   Imported: org.eclipse.aether.version < plexus.core
[DEBUG]   Imported: org.fusesource.jansi.* < plexus.core
[DEBUG]   Imported: org.slf4j.* < plexus.core
[DEBUG]   Imported: org.slf4j.event.* < plexus.core
[DEBUG]   Imported: org.slf4j.helpers.* < plexus.core
[DEBUG]   Imported: org.slf4j.spi.* < plexus.core
[DEBUG] Populating class realm maven.api
[INFO] Error stacktraces are turned on.
[DEBUG] Message scheme: plain
[DEBUG] Reading global settings from /scratch/tbaral/ase26/otog/setups/maven/conf/settings.xml
[DEBUG] Reading user settings from /scratch/tbaral/ase26/nod-rr/NOD-Test-Repair/flakerake/shell_scripts/maven-repo-fix-settings.xml
[DEBUG] Reading global toolchains from /scratch/tbaral/ase26/otog/setups/maven/conf/toolchains.xml
[DEBUG] Reading user toolchains from /home/tbaral/.m2/toolchains.xml
[DEBUG] Using local repository at /home/tbaral/.m2/repository
[DEBUG] Using manager EnhancedLocalRepositoryManager with priority 10.0 for /home/tbaral/.m2/repository
[INFO] Scanning for projects...
[DEBUG] Dependency collection stats: {ConflictMarker.analyzeTime=863411, ConflictMarker.markTime=565087, ConflictMarker.nodeCount=197, ConflictIdSorter.graphTime=482601, ConflictIdSorter.topsortTime=249943, ConflictIdSorter.conflictIdCount=51, ConflictIdSorter.conflictIdCycleCount=0, ConflictResolver.totalTime=4372920, ConflictResolver.conflictItemCount=114, DefaultDependencyCollector.collectTime=1397154977, DefaultDependencyCollector.transformTime=7691418}
[DEBUG] org.apache.felix:maven-bundle-plugin:jar:2.5.3
[DEBUG]    biz.aQute.bnd:bndlib:jar:2.3.0:compile
[DEBUG]       org.osgi:org.osgi.core:jar:4.3.1:compile
[DEBUG]    org.apache.felix:org.apache.felix.bundlerepository:jar:1.6.6:compile
[DEBUG]       org.easymock:easymock:jar:2.4:compile
[DEBUG]    org.apache.felix:org.apache.felix.utils:jar:1.6.0:compile
[DEBUG]       org.osgi:org.osgi.compendium:jar:4.2.0:compile
[DEBUG]    org.apache.maven:maven-core:jar:2.0.7:compile
[DEBUG]       org.apache.maven:maven-settings:jar:2.0.7:compile
[DEBUG]       org.apache.maven:maven-plugin-parameter-documenter:jar:2.0.7:compile
[DEBUG]       org.apache.maven.reporting:maven-reporting-api:jar:2.0.7:compile
[DEBUG]       org.apache.maven:maven-profile:jar:2.0.7:compile
[DEBUG]       org.apache.maven:maven-model:jar:2.0.7:compile
[DEBUG]       org.apache.maven:maven-artifact:jar:2.0.7:compile
[DEBUG]       org.codehaus.plexus:plexus-container-default:jar:1.0-alpha-9-stable-1:compile
[DEBUG]          junit:junit:jar:3.8.1:compile
[DEBUG]       org.apache.maven:maven-repository-metadata:jar:2.0.7:compile
[DEBUG]       org.apache.maven:maven-error-diagnostics:jar:2.0.7:compile
[DEBUG]       org.apache.maven:maven-project:jar:2.0.7:compile
[DEBUG]          org.apache.maven:maven-plugin-registry:jar:2.0.7:compile
[DEBUG]       commons-cli:commons-cli:jar:1.0:compile
[DEBUG]       org.apache.maven:maven-plugin-api:jar:2.0.7:compile
[DEBUG]       org.apache.maven:maven-plugin-descriptor:jar:2.0.7:compile
[DEBUG]       org.codehaus.plexus:plexus-interactivity-api:jar:1.0-alpha-4:compile
[DEBUG]       org.apache.maven:maven-artifact-manager:jar:2.0.7:compile
[DEBUG]       org.apache.maven:maven-monitor:jar:2.0.7:compile
[DEBUG]       classworlds:classworlds:jar:1.1:compile
[DEBUG]    org.apache.maven:maven-archiver:jar:2.5:compile
[DEBUG]       org.codehaus.plexus:plexus-archiver:jar:2.1:compile
[DEBUG]          org.codehaus.plexus:plexus-io:jar:2.0.2:compile
[DEBUG]       org.codehaus.plexus:plexus-interpolation:jar:1.15:compile
[DEBUG]    org.apache.maven.shared:maven-dependency-tree:jar:2.1:compile
[DEBUG]       org.codehaus.plexus:plexus-component-annotations:jar:1.5.5:compile
[DEBUG]       org.eclipse.aether:aether-util:jar:0.9.0.M2:compile
[DEBUG]    org.codehaus.plexus:plexus-utils:jar:3.0.10:compile
[DEBUG]    org.apache.maven.doxia:doxia-sink-api:jar:1.0:compile
[DEBUG]    org.apache.maven.doxia:doxia-site-renderer:jar:1.0:compile
[DEBUG]       org.apache.maven.doxia:doxia-core:jar:1.0:compile
[DEBUG]       org.codehaus.plexus:plexus-i18n:jar:1.0-beta-7:compile
[DEBUG]       org.codehaus.plexus:plexus-velocity:jar:1.1.7:compile
[DEBUG]       org.apache.velocity:velocity:jar:1.5:compile
[DEBUG]          commons-lang:commons-lang:jar:2.1:compile
[DEBUG]          oro:oro:jar:2.0.8:compile
[DEBUG]       org.apache.maven.doxia:doxia-decoration-model:jar:1.0:compile
[DEBUG]       commons-collections:commons-collections:jar:3.2:compile
[DEBUG]       org.apache.maven.doxia:doxia-module-apt:jar:1.0:compile
[DEBUG]       org.apache.maven.doxia:doxia-module-fml:jar:1.0:compile
[DEBUG]       org.apache.maven.doxia:doxia-module-xdoc:jar:1.0:compile
[DEBUG]       org.apache.maven.doxia:doxia-module-xhtml:jar:1.0:compile
[DEBUG] Created new class realm extension>org.apache.felix:maven-bundle-plugin:2.5.3
[DEBUG] Importing foreign packages into class realm extension>org.apache.felix:maven-bundle-plugin:2.5.3
[DEBUG]   Imported:  < maven.api
[DEBUG] Populating class realm extension>org.apache.felix:maven-bundle-plugin:2.5.3
[DEBUG]   Included: org.apache.felix:maven-bundle-plugin:jar:2.5.3
[DEBUG]   Included: biz.aQute.bnd:bndlib:jar:2.3.0
[DEBUG]   Included: org.osgi:org.osgi.core:jar:4.3.1
[DEBUG]   Included: org.apache.felix:org.apache.felix.bundlerepository:jar:1.6.6
[DEBUG]   Included: org.easymock:easymock:jar:2.4
[DEBUG]   Included: org.apache.felix:org.apache.felix.utils:jar:1.6.0
[DEBUG]   Included: org.osgi:org.osgi.compendium:jar:4.2.0
[DEBUG]   Included: org.apache.maven.reporting:maven-reporting-api:jar:2.0.7
[DEBUG]   Included: junit:junit:jar:3.8.1
[DEBUG]   Included: commons-cli:commons-cli:jar:1.0
[DEBUG]   Included: org.codehaus.plexus:plexus-interactivity-api:jar:1.0-alpha-4
[DEBUG]   Included: org.apache.maven:maven-archiver:jar:2.5
[DEBUG]   Included: org.codehaus.plexus:plexus-archiver:jar:2.1
[DEBUG]   Included: org.codehaus.plexus:plexus-io:jar:2.0.2
[DEBUG]   Included: org.codehaus.plexus:plexus-interpolation:jar:1.15
[DEBUG]   Included: org.apache.maven.shared:maven-dependency-tree:jar:2.1
[DEBUG]   Included: org.codehaus.plexus:plexus-component-annotations:jar:1.5.5
[DEBUG]   Included: org.eclipse.aether:aether-util:jar:0.9.0.M2
[DEBUG]   Included: org.codehaus.plexus:plexus-utils:jar:3.0.10
[DEBUG]   Included: org.apache.maven.doxia:doxia-sink-api:jar:1.0
[DEBUG]   Included: org.apache.maven.doxia:doxia-site-renderer:jar:1.0
[DEBUG]   Included: org.apache.maven.doxia:doxia-core:jar:1.0
[DEBUG]   Included: org.codehaus.plexus:plexus-i18n:jar:1.0-beta-7
[DEBUG]   Included: org.codehaus.plexus:plexus-velocity:jar:1.1.7
[DEBUG]   Included: org.apache.velocity:velocity:jar:1.5
[DEBUG]   Included: commons-lang:commons-lang:jar:2.1
[DEBUG]   Included: oro:oro:jar:2.0.8
[DEBUG]   Included: org.apache.maven.doxia:doxia-decoration-model:jar:1.0
[DEBUG]   Included: commons-collections:commons-collections:jar:3.2
[DEBUG]   Included: org.apache.maven.doxia:doxia-module-apt:jar:1.0
[DEBUG]   Included: org.apache.maven.doxia:doxia-module-fml:jar:1.0
[DEBUG]   Included: org.apache.maven.doxia:doxia-module-xdoc:jar:1.0
[DEBUG]   Included: org.apache.maven.doxia:doxia-module-xhtml:jar:1.0
[DEBUG] Extension realms for project org.javadelight:delight-nashorn-sandbox:bundle:0.1.19-SNAPSHOT: [ClassRealm[extension>org.apache.felix:maven-bundle-plugin:2.5.3, parent: sun.misc.Launcher$AppClassLoader@5c647e05]]
[DEBUG] Created new class realm project>org.javadelight:delight-nashorn-sandbox:0.1.19-SNAPSHOT
[DEBUG] Populating class realm project>org.javadelight:delight-nashorn-sandbox:0.1.19-SNAPSHOT
[DEBUG] Looking up lifecycle mappings for packaging bundle from ClassRealm[project>org.javadelight:delight-nashorn-sandbox:0.1.19-SNAPSHOT, parent: ClassRealm[maven.api, parent: null]]
[WARNING] 
[WARNING] Some problems were encountered while building the effective model for org.javadelight:delight-nashorn-sandbox:bundle:0.1.19-SNAPSHOT
[WARNING] 'build.plugins.plugin.version' for org.apache.maven.plugins:maven-compiler-plugin is missing. @ line 91, column 12
[WARNING] Reporting configuration should be done in <reporting> section, not in maven-site-plugin <configuration> as reportPlugins parameter. @ line 159, column 20
[WARNING] 
[WARNING] It is highly recommended to fix these problems because they threaten the stability of your build.
[WARNING] 
[WARNING] For this reason, future Maven versions might no longer support building such malformed projects.
[WARNING] 
[DEBUG] === REACTOR BUILD PLAN ================================================
[DEBUG] Project: org.javadelight:delight-nashorn-sandbox:bundle:0.1.19-SNAPSHOT
[DEBUG] Tasks:   [test]
[DEBUG] Style:   Regular
[DEBUG] =======================================================================
[INFO] 
[INFO] --------------< org.javadelight:delight-nashorn-sandbox >---------------
[INFO] Building delight-nashorn-sandbox 0.1.19-SNAPSHOT
[INFO] -------------------------------[ bundle ]-------------------------------
[DEBUG] Could not find metadata org.apache.maven.plugins:maven-compiler-plugin/maven-metadata.xml in local (/home/tbaral/.m2/repository)
[DEBUG] Skipped remote request for org.apache.maven.plugins:maven-compiler-plugin/maven-metadata.xml, locally cached metadata up-to-date.
[DEBUG] Ignoring incompatible plugin version 4.0.0-beta-2: The plugin org.apache.maven.plugins:maven-compiler-plugin:4.0.0-beta-2 requires Maven version 4.0.0-rc-2
[DEBUG] Ignoring incompatible plugin version 4.0.0-beta-1: The plugin org.apache.maven.plugins:maven-compiler-plugin:4.0.0-beta-1 requires Maven version 4.0.0-beta-3
[DEBUG] Resolved plugin version for org.apache.maven.plugins:maven-compiler-plugin to 3.14.0 from repository central (https://repo.maven.apache.org/maven2, default, releases)
[DEBUG] Could not find metadata org.apache.maven.plugins:maven-resources-plugin/maven-metadata.xml in local (/home/tbaral/.m2/repository)
[DEBUG] Skipped remote request for org.apache.maven.plugins:maven-resources-plugin/maven-metadata.xml, locally cached metadata up-to-date.
[DEBUG] Ignoring incompatible plugin version 4.0.0-beta-1: The plugin org.apache.maven.plugins:maven-resources-plugin:4.0.0-beta-1 requires Maven version 4.0.0-beta-3
[DEBUG] Resolved plugin version for org.apache.maven.plugins:maven-resources-plugin to 3.3.1 from repository central (https://repo.maven.apache.org/maven2, default, releases)
[DEBUG] Skipped remote request for org.apache.maven.plugins:maven-surefire-plugin/maven-metadata.xml, locally cached metadata up-to-date.
[DEBUG] Resolved plugin version for org.apache.maven.plugins:maven-surefire-plugin to 3.5.3 from repository central (https://repo.maven.apache.org/maven2, default, releases)
[DEBUG] Could not find metadata org.apache.maven.plugins:maven-install-plugin/maven-metadata.xml in local (/home/tbaral/.m2/repository)
[DEBUG] Skipped remote request for org.apache.maven.plugins:maven-install-plugin/maven-metadata.xml, locally cached metadata up-to-date.
[DEBUG] Ignoring incompatible plugin version 4.0.0-beta-2: The plugin org.apache.maven.plugins:maven-install-plugin:4.0.0-beta-2 requires Maven version 4.0.0-rc-2
[DEBUG] Ignoring incompatible plugin version 4.0.0-beta-1: The plugin org.apache.maven.plugins:maven-install-plugin:4.0.0-beta-1 requires Maven version 4.0.0-beta-3
[DEBUG] Resolved plugin version for org.apache.maven.plugins:maven-install-plugin to 3.1.4 from repository central (https://repo.maven.apache.org/maven2, default, releases)
[DEBUG] Could not find metadata org.apache.maven.plugins:maven-deploy-plugin/maven-metadata.xml in local (/home/tbaral/.m2/repository)
[DEBUG] Skipped remote request for org.apache.maven.plugins:maven-deploy-plugin/maven-metadata.xml, locally cached metadata up-to-date.
[DEBUG] Ignoring incompatible plugin version 4.0.0-beta-2: The plugin org.apache.maven.plugins:maven-deploy-plugin:4.0.0-beta-2 requires Maven version 4.0.0-rc-2
[DEBUG] Ignoring incompatible plugin version 4.0.0-beta-1: The plugin org.apache.maven.plugins:maven-deploy-plugin:4.0.0-beta-1 requires Maven version 4.0.0-beta-3
[DEBUG] Resolved plugin version for org.apache.maven.plugins:maven-deploy-plugin to 3.1.4 from repository central (https://repo.maven.apache.org/maven2, default, releases)
[DEBUG] Lifecycle default -> [validate, initialize, generate-sources, process-sources, generate-resources, process-resources, compile, process-classes, generate-test-sources, process-test-sources, generate-test-resources, process-test-resources, test-compile, process-test-classes, test, prepare-package, package, pre-integration-test, integration-test, post-integration-test, verify, install, deploy]
[DEBUG] Lifecycle clean -> [pre-clean, clean, post-clean]
[DEBUG] Lifecycle site -> [pre-site, site, post-site, site-deploy]
[DEBUG] Lifecycle default -> [validate, initialize, generate-sources, process-sources, generate-resources, process-resources, compile, process-classes, generate-test-sources, process-test-sources, generate-test-resources, process-test-resources, test-compile, process-test-classes, test, prepare-package, package, pre-integration-test, integration-test, post-integration-test, verify, install, deploy]
[DEBUG] Lifecycle clean -> [pre-clean, clean, post-clean]
[DEBUG] Lifecycle site -> [pre-site, site, post-site, site-deploy]
[DEBUG] Lifecycle default -> [validate, initialize, generate-sources, process-sources, generate-resources, process-resources, compile, process-classes, generate-test-sources, process-test-sources, generate-test-resources, process-test-resources, test-compile, process-test-classes, test, prepare-package, package, pre-integration-test, integration-test, post-integration-test, verify, install, deploy]
[DEBUG] Lifecycle clean -> [pre-clean, clean, post-clean]
[DEBUG] Lifecycle site -> [pre-site, site, post-site, site-deploy]
[DEBUG] Lifecycle default -> [validate, initialize, generate-sources, process-sources, generate-resources, process-resources, compile, process-classes, generate-test-sources, process-test-sources, generate-test-resources, process-test-resources, test-compile, process-test-classes, test, prepare-package, package, pre-integration-test, integration-test, post-integration-test, verify, install, deploy]
[DEBUG] Lifecycle clean -> [pre-clean, clean, post-clean]
[DEBUG] Lifecycle site -> [pre-site, site, post-site, site-deploy]
[DEBUG] Lifecycle default -> [validate, initialize, generate-sources, process-sources, generate-resources, process-resources, compile, process-classes, generate-test-sources, process-test-sources, generate-test-resources, process-test-resources, test-compile, process-test-classes, test, prepare-package, package, pre-integration-test, integration-test, post-integration-test, verify, install, deploy]
[DEBUG] Lifecycle clean -> [pre-clean, clean, post-clean]
[DEBUG] Lifecycle site -> [pre-site, site, post-site, site-deploy]
[DEBUG] Lifecycle default -> [validate, initialize, generate-sources, process-sources, generate-resources, process-resources, compile, process-classes, generate-test-sources, process-test-sources, generate-test-resources, process-test-resources, test-compile, process-test-classes, test, prepare-package, package, pre-integration-test, integration-test, post-integration-test, verify, install, deploy]
[DEBUG] Lifecycle clean -> [pre-clean, clean, post-clean]
[DEBUG] Lifecycle site -> [pre-site, site, post-site, site-deploy]
[DEBUG] === PROJECT BUILD PLAN ================================================
[DEBUG] Project:       org.javadelight:delight-nashorn-sandbox:0.1.19-SNAPSHOT
[DEBUG] Dependencies (collect): []
[DEBUG] Dependencies (resolve): [compile, test]
[DEBUG] Repositories (dependencies): [central (https://repo.maven.apache.org/maven2, default, releases)]
[DEBUG] Repositories (plugins)     : [central (https://repo.maven.apache.org/maven2, default, releases)]
[DEBUG] -----------------------------------------------------------------------
[DEBUG] Goal:          org.apache.maven.plugins:maven-resources-plugin:3.3.1:resources (default-resources)
[DEBUG] Style:         Regular
[DEBUG] Configuration: <?xml version="1.0" encoding="UTF-8"?>
<configuration>
  <addDefaultExcludes default-value="true"/>
  <buildFilters default-value="${project.build.filters}"/>
  <encoding default-value="${project.build.sourceEncoding}"/>
  <escapeWindowsPaths default-value="true"/>
  <fileNameFiltering default-value="false"/>
  <includeEmptyDirs default-value="false"/>
  <outputDirectory default-value="${project.build.outputDirectory}"/>
  <overwrite default-value="false"/>
  <project default-value="${project}"/>
  <resources default-value="${project.resources}"/>
  <session default-value="${session}"/>
  <skip default-value="false">${maven.resources.skip}</skip>
  <supportMultiLineFiltering default-value="false"/>
  <useBuildFilters default-value="true"/>
  <useDefaultDelimiters default-value="true"/>
</configuration>
[DEBUG] -----------------------------------------------------------------------
[DEBUG] Goal:          org.apache.maven.plugins:maven-compiler-plugin:3.14.0:compile (default-compile)
[DEBUG] Style:         Regular
[DEBUG] Configuration: <?xml version="1.0" encoding="UTF-8"?>
<configuration>
  <annotationProcessorPathsUseDepMgmt default-value="false"/>
  <basedir default-value="${basedir}"/>
  <buildDirectory default-value="${project.build.directory}"/>
  <compilePath default-value="${project.compileClasspathElements}"/>
  <compileSourceRoots default-value="${project.compileSourceRoots}"/>
  <compilerId default-value="javac">${maven.compiler.compilerId}</compilerId>
  <compilerReuseStrategy default-value="${reuseCreated}">${maven.compiler.compilerReuseStrategy}</compilerReuseStrategy>
  <compilerVersion>${maven.compiler.compilerVersion}</compilerVersion>
  <createMissingPackageInfoClass default-value="true">${maven.compiler.createMissingPackageInfoClass}</createMissingPackageInfoClass>
  <debug default-value="true">${maven.compiler.debug}</debug>
  <debugFileName default-value="javac"/>
  <debuglevel>${maven.compiler.debuglevel}</debuglevel>
  <enablePreview default-value="false">${maven.compiler.enablePreview}</enablePreview>
  <encoding default-value="${project.build.sourceEncoding}">${encoding}</encoding>
  <executable>${maven.compiler.executable}</executable>
  <failOnError default-value="true">${maven.compiler.failOnError}</failOnError>
  <failOnWarning default-value="false">${maven.compiler.failOnWarning}</failOnWarning>
  <fileExtensions default-value="class,jar"/>
  <forceJavacCompilerUse default-value="false">${maven.compiler.forceJavacCompilerUse}</forceJavacCompilerUse>
  <forceLegacyJavacApi default-value="false">${maven.compiler.forceLegacyJavacApi}</forceLegacyJavacApi>
  <fork default-value="false">${maven.compiler.fork}</fork>
  <generatedSourcesDirectory default-value="${project.build.directory}/generated-sources/annotations"/>
  <implicit>${maven.compiler.implicit}</implicit>
  <maxmem>${maven.compiler.maxmem}</maxmem>
  <meminitial>${maven.compiler.meminitial}</meminitial>
  <moduleVersion default-value="${project.version}">${maven.compiler.moduleVersion}</moduleVersion>
  <mojoExecution default-value="${mojoExecution}"/>
  <optimize default-value="false">${maven.compiler.optimize}</optimize>
  <outputDirectory default-value="${project.build.outputDirectory}">${maven.compiler.outputDirectory}</outputDirectory>
  <outputTimestamp default-value="${project.build.outputTimestamp}"/>
  <parameters default-value="false">${maven.compiler.parameters}</parameters>
  <proc>${maven.compiler.proc}</proc>
  <project default-value="${project}"/>
  <projectArtifact default-value="${project.artifact}"/>
  <release>${maven.compiler.release}</release>
  <session default-value="${session}"/>
  <showCompilationChanges default-value="false">${maven.compiler.showCompilationChanges}</showCompilationChanges>
  <showDeprecation default-value="false">${maven.compiler.showDeprecation}</showDeprecation>
  <showWarnings default-value="true">${maven.compiler.showWarnings}</showWarnings>
  <skipMain>${maven.main.skip}</skipMain>
  <skipMultiThreadWarning default-value="false">${maven.compiler.skipMultiThreadWarning}</skipMultiThreadWarning>
  <source default-value="1.8">1.8</source>
  <staleMillis default-value="0">${lastModGranularityMs}</staleMillis>
  <target default-value="1.8">1.8</target>
  <useIncrementalCompilation default-value="true">${maven.compiler.useIncrementalCompilation}</useIncrementalCompilation>
  <verbose default-value="false">${maven.compiler.verbose}</verbose>
</configuration>
[DEBUG] -----------------------------------------------------------------------
[DEBUG] Goal:          org.apache.maven.plugins:maven-resources-plugin:3.3.1:testResources (default-testResources)
[DEBUG] Style:         Regular
[DEBUG] Configuration: <?xml version="1.0" encoding="UTF-8"?>
<configuration>
  <addDefaultExcludes default-value="true"/>
  <buildFilters default-value="${project.build.filters}"/>
  <encoding default-value="${project.build.sourceEncoding}"/>
  <escapeWindowsPaths default-value="true"/>
  <fileNameFiltering default-value="false"/>
  <includeEmptyDirs default-value="false"/>
  <outputDirectory default-value="${project.build.testOutputDirectory}"/>
  <overwrite default-value="false"/>
  <project default-value="${project}"/>
  <resources default-value="${project.testResources}"/>
  <session default-value="${session}"/>
  <skip default-value="false">${maven.test.skip}</skip>
  <supportMultiLineFiltering default-value="false"/>
  <useBuildFilters default-value="true"/>
  <useDefaultDelimiters default-value="true"/>
</configuration>
[DEBUG] -----------------------------------------------------------------------
[DEBUG] Goal:          org.apache.maven.plugins:maven-compiler-plugin:3.14.0:testCompile (default-testCompile)
[DEBUG] Style:         Regular
[DEBUG] Configuration: <?xml version="1.0" encoding="UTF-8"?>
<configuration>
  <annotationProcessorPathsUseDepMgmt default-value="false"/>
  <basedir default-value="${basedir}"/>
  <buildDirectory default-value="${project.build.directory}"/>
  <compileSourceRoots default-value="${project.testCompileSourceRoots}"/>
  <compilerId default-value="javac">${maven.compiler.compilerId}</compilerId>
  <compilerReuseStrategy default-value="${reuseCreated}">${maven.compiler.compilerReuseStrategy}</compilerReuseStrategy>
  <compilerVersion>${maven.compiler.compilerVersion}</compilerVersion>
  <createMissingPackageInfoClass default-value="true">${maven.compiler.createMissingPackageInfoClass}</createMissingPackageInfoClass>
  <debug default-value="true">${maven.compiler.debug}</debug>
  <debugFileName default-value="javac-test"/>
  <debuglevel>${maven.compiler.debuglevel}</debuglevel>
  <enablePreview default-value="false">${maven.compiler.enablePreview}</enablePreview>
  <encoding default-value="${project.build.sourceEncoding}">${encoding}</encoding>
  <executable>${maven.compiler.executable}</executable>
  <failOnError default-value="true">${maven.compiler.failOnError}</failOnError>
  <failOnWarning default-value="false">${maven.compiler.failOnWarning}</failOnWarning>
  <fileExtensions default-value="class,jar"/>
  <forceJavacCompilerUse default-value="false">${maven.compiler.forceJavacCompilerUse}</forceJavacCompilerUse>
  <forceLegacyJavacApi default-value="false">${maven.compiler.forceLegacyJavacApi}</forceLegacyJavacApi>
  <fork default-value="false">${maven.compiler.fork}</fork>
  <generatedTestSourcesDirectory default-value="${project.build.directory}/generated-test-sources/test-annotations"/>
  <implicit>${maven.compiler.implicit}</implicit>
  <maxmem>${maven.compiler.maxmem}</maxmem>
  <meminitial>${maven.compiler.meminitial}</meminitial>
  <mojoExecution default-value="${mojoExecution}"/>
  <optimize default-value="false">${maven.compiler.optimize}</optimize>
  <outputDirectory default-value="${project.build.testOutputDirectory}"/>
  <outputTimestamp default-value="${project.build.outputTimestamp}"/>
  <parameters default-value="false">${maven.compiler.parameters}</parameters>
  <proc>${maven.compiler.proc}</proc>
  <project default-value="${project}"/>
  <release>${maven.compiler.release}</release>
  <session default-value="${session}"/>
  <showCompilationChanges default-value="false">${maven.compiler.showCompilationChanges}</showCompilationChanges>
  <showDeprecation default-value="false">${maven.compiler.showDeprecation}</showDeprecation>
  <showWarnings default-value="true">${maven.compiler.showWarnings}</showWarnings>
  <skip>${maven.test.skip}</skip>
  <skipMultiThreadWarning default-value="false">${maven.compiler.skipMultiThreadWarning}</skipMultiThreadWarning>
  <source default-value="1.8">1.8</source>
  <staleMillis default-value="0">${lastModGranularityMs}</staleMillis>
  <target default-value="1.8">1.8</target>
  <testPath default-value="${project.testClasspathElements}"/>
  <testRelease>${maven.compiler.testRelease}</testRelease>
  <testSource>${maven.compiler.testSource}</testSource>
  <testTarget>${maven.compiler.testTarget}</testTarget>
  <useIncrementalCompilation default-value="true">${maven.compiler.useIncrementalCompilation}</useIncrementalCompilation>
  <useModulePath default-value="true"/>
  <verbose default-value="false">${maven.compiler.verbose}</verbose>
</configuration>
[DEBUG] -----------------------------------------------------------------------
[DEBUG] Goal:          org.apache.maven.plugins:maven-surefire-plugin:3.5.3:test (default-test)
[DEBUG] Style:         Regular
[DEBUG] Configuration: <?xml version="1.0" encoding="UTF-8"?>
<configuration>
  <additionalClasspathDependencies>${maven.test.additionalClasspathDependencies}</additionalClasspathDependencies>
  <additionalClasspathElements>${maven.test.additionalClasspath}</additionalClasspathElements>
  <argLine>${argLine}</argLine>
  <basedir default-value="${basedir}"/>
  <childDelegation default-value="false">${childDelegation}</childDelegation>
  <classesDirectory default-value="${project.build.outputDirectory}"/>
  <classpathDependencyExcludes>${maven.test.dependency.excludes}</classpathDependencyExcludes>
  <debugForkedProcess>${maven.surefire.debug}</debugForkedProcess>
  <dependenciesToScan>${dependenciesToScan}</dependenciesToScan>
  <disableXmlReport>${disableXmlReport}</disableXmlReport>
  <enableAssertions default-value="true">${enableAssertions}</enableAssertions>
  <enableOutErrElements default-value="true">${enableOutErrElements}</enableOutErrElements>
  <enableProcessChecker>${surefire.enableProcessChecker}</enableProcessChecker>
  <enablePropertiesElement default-value="true">${enablePropertiesElement}</enablePropertiesElement>
  <encoding default-value="${project.reporting.outputEncoding}">${surefire.encoding}</encoding>
  <excludeJUnit5Engines>${surefire.excludeJUnit5Engines}</excludeJUnit5Engines>
  <excludedEnvironmentVariables>${surefire.excludedEnvironmentVariables}</excludedEnvironmentVariables>
  <excludedGroups>${excludedGroups}</excludedGroups>
  <excludes>${surefire.excludes}</excludes>
  <excludesFile>${surefire.excludesFile}</excludesFile>
  <failIfNoSpecifiedTests default-value="true">${surefire.failIfNoSpecifiedTests}</failIfNoSpecifiedTests>
  <failIfNoTests default-value="false">${failIfNoTests}</failIfNoTests>
  <failOnFlakeCount default-value="0">${surefire.failOnFlakeCount}</failOnFlakeCount>
  <forkCount default-value="1">${forkCount}</forkCount>
  <forkNode>${surefire.forkNode}</forkNode>
  <forkedProcessExitTimeoutInSeconds default-value="30">${surefire.exitTimeout}</forkedProcessExitTimeoutInSeconds>
  <forkedProcessTimeoutInSeconds>${surefire.timeout}</forkedProcessTimeoutInSeconds>
  <groups>${groups}</groups>
  <includeJUnit5Engines>${surefire.includeJUnit5Engines}</includeJUnit5Engines>
  <includes>${surefire.includes}</includes>
  <includesFile>${surefire.includesFile}</includesFile>
  <junitArtifactName default-value="junit:junit">${junitArtifactName}</junitArtifactName>
  <jvm>${jvm}</jvm>
  <objectFactory>${objectFactory}</objectFactory>
  <parallel>${parallel}</parallel>
  <parallelMavenExecution default-value="${session.parallel}"/>
  <parallelOptimized default-value="true">${parallelOptimized}</parallelOptimized>
  <parallelTestsTimeoutForcedInSeconds>${surefire.parallel.forcedTimeout}</parallelTestsTimeoutForcedInSeconds>
  <parallelTestsTimeoutInSeconds>${surefire.parallel.timeout}</parallelTestsTimeoutInSeconds>
  <perCoreThreadCount default-value="true">${perCoreThreadCount}</perCoreThreadCount>
  <pluginArtifactMap>${plugin.artifactMap}</pluginArtifactMap>
  <pluginDescriptor default-value="${plugin}"/>
  <printSummary default-value="true">${surefire.printSummary}</printSummary>
  <project default-value="${project}"/>
  <projectArtifactMap>${project.artifactMap}</projectArtifactMap>
  <projectBuildDirectory default-value="${project.build.directory}"/>
  <promoteUserPropertiesToSystemProperties default-value="true"/>
  <redirectTestOutputToFile default-value="false">${maven.test.redirectTestOutputToFile}</redirectTestOutputToFile>
  <reportFormat default-value="brief">${surefire.reportFormat}</reportFormat>
  <reportNameSuffix default-value="">${surefire.reportNameSuffix}</reportNameSuffix>
  <reportsDirectory default-value="${project.build.directory}/surefire-reports"/>
  <rerunFailingTestsCount default-value="0">${surefire.rerunFailingTestsCount}</rerunFailingTestsCount>
  <reuseForks default-value="true">${reuseForks}</reuseForks>
  <runOrder default-value="filesystem">${surefire.runOrder}</runOrder>
  <runOrderRandomSeed>${surefire.runOrder.random.seed}</runOrderRandomSeed>
  <session default-value="${session}"/>
  <shutdown default-value="exit">${surefire.shutdown}</shutdown>
  <skip default-value="false">${maven.test.skip}</skip>
  <skipAfterFailureCount default-value="0">${surefire.skipAfterFailureCount}</skipAfterFailureCount>
  <skipExec>${maven.test.skip.exec}</skipExec>
  <skipTests default-value="false">${skipTests}</skipTests>
  <suiteXmlFiles>${surefire.suiteXmlFiles}</suiteXmlFiles>
  <systemPropertiesFile>${surefire.systemPropertiesFile}</systemPropertiesFile>
  <tempDir default-value="surefire">${tempDir}</tempDir>
  <test>${test}</test>
  <testClassesDirectory default-value="${project.build.testOutputDirectory}"/>
  <testFailureIgnore default-value="false">${maven.test.failure.ignore}</testFailureIgnore>
  <testNGArtifactName default-value="org.testng:testng">${testNGArtifactName}</testNGArtifactName>
  <testSourceDirectory default-value="${project.build.testSourceDirectory}"/>
  <threadCount>${threadCount}</threadCount>
  <threadCountClasses default-value="0">${threadCountClasses}</threadCountClasses>
  <threadCountMethods default-value="0">${threadCountMethods}</threadCountMethods>
  <threadCountSuites default-value="0">${threadCountSuites}</threadCountSuites>
  <trimStackTrace default-value="false">${trimStackTrace}</trimStackTrace>
  <useFile default-value="true">${surefire.useFile}</useFile>
  <useManifestOnlyJar default-value="true">${surefire.useManifestOnlyJar}</useManifestOnlyJar>
  <useModulePath default-value="true">${surefire.useModulePath}</useModulePath>
  <useSystemClassLoader default-value="true">${surefire.useSystemClassLoader}</useSystemClassLoader>
  <useUnlimitedThreads default-value="false">${useUnlimitedThreads}</useUnlimitedThreads>
  <workingDirectory>${basedir}</workingDirectory>
</configuration>
[DEBUG] =======================================================================
[DEBUG] Dependency collection stats: {ConflictMarker.analyzeTime=79811, ConflictMarker.markTime=67748, ConflictMarker.nodeCount=7, ConflictIdSorter.graphTime=49013, ConflictIdSorter.topsortTime=8516, ConflictIdSorter.conflictIdCount=5, ConflictIdSorter.conflictIdCycleCount=0, ConflictResolver.totalTime=207883, ConflictResolver.conflictItemCount=6, DefaultDependencyCollector.collectTime=60379452, DefaultDependencyCollector.transformTime=451643}
[DEBUG] org.javadelight:delight-nashorn-sandbox:bundle:0.1.19-SNAPSHOT
[DEBUG]    org.slf4j:slf4j-api:jar:1.7.25:compile
[DEBUG]    org.webjars.bower:js-beautify:jar:1.6.12:compile
[DEBUG]    junit:junit:jar:4.7:test
[DEBUG]    org.slf4j:slf4j-log4j12:jar:1.7.25:test
[DEBUG]       log4j:log4j:jar:1.2.17:test
[INFO] 
[INFO] --- maven-resources-plugin:3.3.1:resources (default-resources) @ delight-nashorn-sandbox ---
[DEBUG] Dependency collection stats: {ConflictMarker.analyzeTime=28534, ConflictMarker.markTime=17603, ConflictMarker.nodeCount=13, ConflictIdSorter.graphTime=12844, ConflictIdSorter.topsortTime=10670, ConflictIdSorter.conflictIdCount=9, ConflictIdSorter.conflictIdCycleCount=0, ConflictResolver.totalTime=208203, ConflictResolver.conflictItemCount=13, DefaultDependencyCollector.collectTime=210445154, DefaultDependencyCollector.transformTime=291360}
[DEBUG] org.apache.maven.plugins:maven-resources-plugin:jar:3.3.1
[DEBUG]    org.codehaus.plexus:plexus-interpolation:jar:1.26:runtime
[DEBUG]    org.codehaus.plexus:plexus-utils:jar:3.5.1:compile
[DEBUG]    org.apache.maven.shared:maven-filtering:jar:3.3.1:compile
[DEBUG]       javax.inject:javax.inject:jar:1:compile
[DEBUG]       org.slf4j:slf4j-api:jar:1.7.36:compile
[DEBUG]       org.sonatype.plexus:plexus-build-api:jar:0.0.7:compile
[DEBUG]    commons-io:commons-io:jar:2.11.0:compile
[DEBUG]    org.apache.commons:commons-lang3:jar:3.12.0:compile
[DEBUG] Created new class realm plugin>org.apache.maven.plugins:maven-resources-plugin:3.3.1
[DEBUG] Importing foreign packages into class realm plugin>org.apache.maven.plugins:maven-resources-plugin:3.3.1
[DEBUG]   Imported:  < project>org.javadelight:delight-nashorn-sandbox:0.1.19-SNAPSHOT
[DEBUG] Populating class realm plugin>org.apache.maven.plugins:maven-resources-plugin:3.3.1
[DEBUG]   Included: org.apache.maven.plugins:maven-resources-plugin:jar:3.3.1
[DEBUG]   Included: org.codehaus.plexus:plexus-interpolation:jar:1.26
[DEBUG]   Included: org.codehaus.plexus:plexus-utils:jar:3.5.1
[DEBUG]   Included: org.apache.maven.shared:maven-filtering:jar:3.3.1
[DEBUG]   Included: org.sonatype.plexus:plexus-build-api:jar:0.0.7
[DEBUG]   Included: commons-io:commons-io:jar:2.11.0
[DEBUG]   Included: org.apache.commons:commons-lang3:jar:3.12.0
[DEBUG] Configuring mojo org.apache.maven.plugins:maven-resources-plugin:3.3.1:resources from plugin realm ClassRealm[plugin>org.apache.maven.plugins:maven-resources-plugin:3.3.1, parent: sun.misc.Launcher$AppClassLoader@5c647e05]
[DEBUG] Configuring mojo 'org.apache.maven.plugins:maven-resources-plugin:3.3.1:resources' with basic configurator -->
[DEBUG]   (f) addDefaultExcludes = true
[DEBUG]   (f) buildFilters = []
[DEBUG]   (f) escapeWindowsPaths = true
[DEBUG]   (f) fileNameFiltering = false
[DEBUG]   (s) includeEmptyDirs = false
[DEBUG]   (s) outputDirectory = /scratch/tbaral/ase26/nod-rr/NOD-Test-Repair/run_flakerake/projects_complete/30/target/classes
[DEBUG]   (s) overwrite = false
[DEBUG]   (f) project = MavenProject: org.javadelight:delight-nashorn-sandbox:0.1.19-SNAPSHOT @ /scratch/tbaral/ase26/nod-rr/NOD-Test-Repair/run_flakerake/projects_complete/30/pom.xml
[DEBUG]   (s) resources = [Resource {targetPath: null, filtering: false, FileSet {directory: /scratch/tbaral/ase26/nod-rr/NOD-Test-Repair/run_flakerake/projects_complete/30/src/main/java, PatternSet [includes: {**/*.java, **/*.js, **/*.gwt.xml, **/log4j.properties}, excludes: {}]}}, Resource {targetPath: null, filtering: false, FileSet {directory: /scratch/tbaral/ase26/nod-rr/NOD-Test-Repair/run_flakerake/projects_complete/30/src/main/java, PatternSet [includes: {**}, excludes: {**/*.java}]}}]
[DEBUG]   (f) session = org.apache.maven.execution.MavenSession@21ab988f
[DEBUG]   (f) skip = false
[DEBUG]   (f) supportMultiLineFiltering = false
[DEBUG]   (f) useBuildFilters = true
[DEBUG]   (s) useDefaultDelimiters = true
[DEBUG] -- end configuration --
[DEBUG] properties used:
[DEBUG] awt.toolkit: sun.awt.X11.XToolkit
[DEBUG] classworlds.conf: /scratch/tbaral/ase26/otog/setups/maven/bin/m2.conf
[DEBUG] env.ACLOCAL_PATH: /opt/sw/spack/apps/linux-rhel8-x86_64_v2/gcc-10.3.0/curl-7.80.0-rm/share/aclocal
[DEBUG] env.BASH_ENV: /opt/ohpc/admin/lmod/lmod/init/bash
[DEBUG] env.BASH_FUNC_ml%%: () {  eval $($LMOD_DIR/ml_cmd "$@")
}
[DEBUG] env.BASH_FUNC_module%%: () {  eval $($LMOD_CMD bash "$@") && eval $(${LMOD_SETTARG_CMD:-:} -s sh)
}
[DEBUG] env.BASH_FUNC_which%%: () {  ( alias;
 eval ${which_declare} ) | /usr/bin/which --tty-only --read-alias --read-functions --show-tilde --show-dot $@
}
[DEBUG] env.BROWSER: /home/tbaral/.vscode-server/cli/servers/Stable-2901c5ac6db8a986a5666c3af51ff804d05af0d4/server/bin/helpers/browser.sh
[DEBUG] env.BUNDLED_DEBUGPY_PATH: /home/tbaral/.vscode-server/extensions/ms-python.debugpy-2025.10.0-linux-x64/bundled/libs/debugpy
[DEBUG] env.BZIP2_ROOT: /opt/sw/spack/apps/linux-rhel8-x86_64_v2/gcc-10.3.0/bzip2-1.0.8-no
[DEBUG] env.CC: /opt/sw/spack/apps/linux-rhel8-x86_64_v2/gcc-9.3.0/gcc-10.3.0-ya/bin/gcc
[DEBUG] env.CMAKE_PREFIX_PATH: /opt/sw/spack/apps/linux-rhel8-x86_64_v2/gcc-10.3.0/git-2.39.1-vd:/opt/sw/spack/apps/linux-rhel8-x86_64_v2/gcc-10.3.0/perl-5.34.0-lm:/opt/sw/spack/apps/linux-rhel8-x86_64_v2/gcc-10.3.0/bzip2-1.0.8-no:/opt/sw/spack/apps/linux-rhel8-x86_64_v2/gcc-10.3.0/curl-7.80.0-rm:/opt/sw/spack/apps/linux-rhel8-x86_64_v2/gcc-10.3.0/openmpi-4.1.2-4a:/opt/sw/spack/apps/linux-rhel8-x86_64_v2/gcc-10.3.0/zlib-1.2.11-2y:/opt/sw/spack/apps/linux-rhel8-x86_64_v2/gcc-9.3.0/gcc-10.3.0-ya
[DEBUG] env.COLORTERM: truecolor
[DEBUG] env.CPLUS_INCLUDE_PATH: /opt/sw/spack/apps/linux-rhel8-x86_64_v2/gcc-10.3.0/bzip2-1.0.8-no/include:/opt/sw/spack/apps/linux-rhel8-x86_64_v2/gcc-10.3.0/curl-7.80.0-rm/include:/opt/sw/spack/apps/linux-rhel8-x86_64_v2/gcc-10.3.0/openmpi-4.1.2-4a/include:/opt/sw/spack/apps/linux-rhel8-x86_64_v2/gcc-10.3.0/zlib-1.2.11-2y/include:/opt/sw/spack/apps/linux-rhel8-x86_64_v2/gcc-9.3.0/gcc-10.3.0-ya/include
[DEBUG] env.CURL_ROOT: /opt/sw/spack/apps/linux-rhel8-x86_64_v2/gcc-10.3.0/curl-7.80.0-rm
[DEBUG] env.CXX: /opt/sw/spack/apps/linux-rhel8-x86_64_v2/gcc-9.3.0/gcc-10.3.0-ya/bin/g++
[DEBUG] env.C_INCLUDE_PATH: /opt/sw/spack/apps/linux-rhel8-x86_64_v2/gcc-10.3.0/bzip2-1.0.8-no/include:/opt/sw/spack/apps/linux-rhel8-x86_64_v2/gcc-10.3.0/curl-7.80.0-rm/include:/opt/sw/spack/apps/linux-rhel8-x86_64_v2/gcc-10.3.0/openmpi-4.1.2-4a/include:/opt/sw/spack/apps/linux-rhel8-x86_64_v2/gcc-10.3.0/zlib-1.2.11-2y/include:/opt/sw/spack/apps/linux-rhel8-x86_64_v2/gcc-9.3.0/gcc-10.3.0-ya/include
[DEBUG] env.DBUS_SESSION_BUS_ADDRESS: unix:path=/run/user/1224545917/bus
[DEBUG] env.ENVIRONMENT: BATCH
[DEBUG] env.F77: /opt/sw/spack/apps/linux-rhel8-x86_64_v2/gcc-9.3.0/gcc-10.3.0-ya/bin/gfortran
[DEBUG] env.FC: /opt/sw/spack/apps/linux-rhel8-x86_64_v2/gcc-9.3.0/gcc-10.3.0-ya/bin/gfortran
[DEBUG] env.FLAKY_HOME: /scratch/tbaral/ase26/nod-rr/NOD-Test-Repair/flakerake
[DEBUG] env.FLAKY_MVN_INSTALL_OPTS: -DskipTests -q -B -fn -s $FLAKY_HOME/shell_scripts/maven-repo-fix-settings.xml -DskipITs
[DEBUG] env.GCC_ROOT: /opt/sw/spack/apps/linux-rhel8-x86_64_v2/gcc-9.3.0/gcc-10.3.0-ya
[DEBUG] env.GIT_ROOT: /opt/sw/spack/apps/linux-rhel8-x86_64_v2/gcc-10.3.0/git-2.39.1-vd
[DEBUG] env.HISTCONTROL: ignoredups
[DEBUG] env.HISTSIZE: 1000
[DEBUG] env.HOME: /home/tbaral
[DEBUG] env.HOSTNAME: amd073
[DEBUG] env.HYDRA_BOOTSTRAP: slurm
[DEBUG] env.HYDRA_LAUNCHER_EXTRA_ARGS: --external-launcher
[DEBUG] env.INCLUDE: /opt/sw/spack/apps/linux-rhel8-x86_64_v2/gcc-10.3.0/bzip2-1.0.8-no/include:/opt/sw/spack/apps/linux-rhel8-x86_64_v2/gcc-10.3.0/curl-7.80.0-rm/include:/opt/sw/spack/apps/linux-rhel8-x86_64_v2/gcc-10.3.0/openmpi-4.1.2-4a/include:/opt/sw/spack/apps/linux-rhel8-x86_64_v2/gcc-10.3.0/zlib-1.2.11-2y/include:/opt/sw/spack/apps/linux-rhel8-x86_64_v2/gcc-9.3.0/gcc-10.3.0-ya/include/c++/10.3.0:/opt/sw/spack/apps/linux-rhel8-x86_64_v2/gcc-9.3.0/gcc-10.3.0-ya/include
[DEBUG] env.I_MPI_HYDRA_BOOTSTRAP: slurm
[DEBUG] env.I_MPI_HYDRA_BOOTSTRAP_EXEC_EXTRA_ARGS: --external-launcher
[DEBUG] env.JAVA_FLAKY_HOME: /scratch/tbaral/ase26/otog/setups/jdk1.8.0_102
[DEBUG] env.JAVA_HOME: /scratch/tbaral/ase26/otog/setups/jdk1.8.0_102
[DEBUG] env.LANG: en_US.UTF-8
[DEBUG] env.LD_LIBRARY_PATH: /opt/sw/spack/apps/linux-rhel8-x86_64_v2/gcc-10.3.0/perl-5.34.0-lm/lib:/opt/sw/spack/apps/linux-rhel8-x86_64_v2/gcc-10.3.0/bzip2-1.0.8-no/lib:/opt/sw/spack/apps/linux-rhel8-x86_64_v2/gcc-10.3.0/curl-7.80.0-rm/lib:/opt/sw/spack/apps/linux-rhel8-x86_64_v2/gcc-10.3.0/openmpi-4.1.2-4a/lib:/opt/sw/spack/apps/linux-rhel8-x86_64_v2/gcc-10.3.0/zlib-1.2.11-2y/lib:/opt/sw/spack/apps/linux-rhel8-x86_64_v2/gcc-9.3.0/gcc-10.3.0-ya/lib64:/opt/sw/spack/apps/linux-rhel8-x86_64_v2/gcc-9.3.0/gcc-10.3.0-ya/lib
[DEBUG] env.LESSOPEN: ||/usr/bin/lesspipe.sh %s
[DEBUG] env.LIBRARY_PATH: /opt/sw/spack/apps/linux-rhel8-x86_64_v2/gcc-10.3.0/perl-5.34.0-lm/lib:/opt/sw/spack/apps/linux-rhel8-x86_64_v2/gcc-10.3.0/bzip2-1.0.8-no/lib:/opt/sw/spack/apps/linux-rhel8-x86_64_v2/gcc-10.3.0/curl-7.80.0-rm/lib:/opt/sw/spack/apps/linux-rhel8-x86_64_v2/gcc-10.3.0/openmpi-4.1.2-4a/lib:/opt/sw/spack/apps/linux-rhel8-x86_64_v2/gcc-10.3.0/zlib-1.2.11-2y/lib:/opt/sw/spack/apps/linux-rhel8-x86_64_v2/gcc-9.3.0/gcc-10.3.0-ya/lib64:/opt/sw/spack/apps/linux-rhel8-x86_64_v2/gcc-9.3.0/gcc-10.3.0-ya/lib
[DEBUG] env.LMOD_AUTO_SWAP: yes
[DEBUG] env.LMOD_AVAIL_STYLE: en_grouped:system
[DEBUG] env.LMOD_CACHED_LOADS: yes
[DEBUG] env.LMOD_CACHE_DIR: /opt/ohpc/admin/lmod/etc/system-cache
[DEBUG] env.LMOD_CMD: /opt/ohpc/admin/lmod/lmod/libexec/lmod
[DEBUG] env.LMOD_COLORIZE: no
[DEBUG] env.LMOD_DIR: /opt/ohpc/admin/lmod/lmod/libexec
[DEBUG] env.LMOD_FAMILY_COMPILER: gnu10
[DEBUG] env.LMOD_FAMILY_COMPILER_VERSION: 10.3.0-ya
[DEBUG] env.LMOD_FAMILY_MPI: openmpi4
[DEBUG] env.LMOD_FAMILY_MPI_VERSION: 4.1.2-4a
[DEBUG] env.LMOD_FULL_SETTARG_SUPPORT: yes
[DEBUG] env.LMOD_MODULERCFILE: /opt/ohpc/admin/lmod/etc/rc-hopper.lua
[DEBUG] env.LMOD_MPI_NAME: openmpi
[DEBUG] env.LMOD_MPI_VERSION: 4.1.2-4aedfmd
[DEBUG] env.LMOD_PACKAGE_PATH: /opt/ohpc/admin/lmod/8.2.10
[DEBUG] env.LMOD_PKG: /opt/ohpc/admin/lmod/lmod
[DEBUG] env.LMOD_PREPEND_BLOCK: normal
[DEBUG] env.LMOD_REDIRECT: no
[DEBUG] env.LMOD_ROOT: /opt/ohpc/admin/lmod
[DEBUG] env.LMOD_SETTARG_CMD: :
[DEBUG] env.LMOD_SETTARG_FULL_SUPPORT: no
[DEBUG] env.LMOD_SETTARG_TITLE_BAR: no
[DEBUG] env.LMOD_SHORT_TIME: 1
[DEBUG] env.LMOD_SITE_NAME: GMU_Hopper
[DEBUG] env.LMOD_SYSTEM_DEFAULT_MODULES: hosts/hopper
[DEBUG] env.LMOD_VERSION: 8.2.10
[DEBUG] env.LOADEDMODULES: ohpc:use.own:autotools:prun/2.0:hosts/hopper:gnu10/10.3.0-ya:zlib/1.2.11-2y:openmpi4/4.1.2-4a:curl/7.80.0-rm:bzip2/1.0.8-no:perl/5.34.0-lm:git/2.39.1-vd
[DEBUG] env.LOGNAME: tbaral
[DEBUG] env.M2_HOME: /scratch/tbaral/ase26/otog/setups/maven
[DEBUG] env.MAIL: /var/spool/mail/tbaral
[DEBUG] env.MANPATH: /opt/sw/spack/apps/linux-rhel8-x86_64_v2/gcc-10.3.0/git-2.39.1-vd/share/man:/opt/sw/spack/apps/linux-rhel8-x86_64_v2/gcc-10.3.0/perl-5.34.0-lm/man:/opt/sw/spack/apps/linux-rhel8-x86_64_v2/gcc-10.3.0/bzip2-1.0.8-no/man:/opt/sw/spack/apps/linux-rhel8-x86_64_v2/gcc-10.3.0/curl-7.80.0-rm/share/man:/opt/sw/spack/apps/linux-rhel8-x86_64_v2/gcc-10.3.0/openmpi-4.1.2-4a/share/man:/opt/sw/spack/apps/linux-rhel8-x86_64_v2/gcc-10.3.0/zlib-1.2.11-2y/share/man:/opt/sw/spack/apps/linux-rhel8-x86_64_v2/gcc-9.3.0/gcc-10.3.0-ya/share/man:/usr/share/man:/opt/ohpc/pub/utils/autotools/share/man:/usr/local/share/man:/usr/share/man/overrides:/usr/share/man/en
[DEBUG] env.MAVEN_CMD_LINE_ARGS:  test -X -Dtest=delight.nashornsandbox.TestGetFunction#test -DfailIfNoTests=false -DskipTests -q -B -fn -s /scratch/tbaral/ase26/nod-rr/NOD-Test-Repair/flakerake/shell_scripts/maven-repo-fix-settings.xml -DskipITs
[DEBUG] env.MAVEN_PROJECTBASEDIR: /scratch/tbaral/ase26/nod-rr/NOD-Test-Repair/run_flakerake/projects_complete/30
[DEBUG] env.MAVEN_REPO: /home/tbaral/.m2/repository
[DEBUG] env.MODULEPATH: /opt/sw/other/moduledeps/linux-rhel8-x86_64_v2/gcc-10.3.0-openmpi-4.1.2:/opt/sw/spack/moduledeps/linux-rhel8-x86_64/gnu-10.3.0-openmpi-4.1.2:/opt/sw/other/moduledeps/linux-rhel8-x86_64_v2/gcc-10.3.0:/opt/sw/spack/modules/lmod-2024/linux-rhel8-x86_64/gcc/10.3.0:/opt/sw/spack/modules/lmod/linux-rhel8-x86_64/gcc/10.3.0:/opt/sw/other/modulefiles:/opt/ohpc/pub/modulefiles:/etc/modulefiles/Core:/opt/ohpc/admin/lmod/8.2.10/modulefiles/Core:/home/tbaral/privatemodules
[DEBUG] env.MODULESHOME: /opt/ohpc/admin/lmod/lmod
[DEBUG] env.MPICC: /opt/sw/spack/apps/linux-rhel8-x86_64_v2/gcc-10.3.0/openmpi-4.1.2-4a/bin/mpicc
[DEBUG] env.MPICXX: /opt/sw/spack/apps/linux-rhel8-x86_64_v2/gcc-10.3.0/openmpi-4.1.2-4a/bin/mpic++
[DEBUG] env.MPIF77: /opt/sw/spack/apps/linux-rhel8-x86_64_v2/gcc-10.3.0/openmpi-4.1.2-4a/bin/mpif77
[DEBUG] env.MPIF90: /opt/sw/spack/apps/linux-rhel8-x86_64_v2/gcc-10.3.0/openmpi-4.1.2-4a/bin/mpif90
[DEBUG] env.NLSPATH: /usr/dt/lib/nls/msg/%L/%N.cat
[DEBUG] env.NVM_BIN: /home/tbaral/.nvm/versions/node/v24.0.0/bin
[DEBUG] env.NVM_CD_FLAGS: 
[DEBUG] env.NVM_DIR: /home/tbaral/.nvm
[DEBUG] env.NVM_INC: /home/tbaral/.nvm/versions/node/v24.0.0/include/node
[DEBUG] env.OLDPWD: /scratch/tbaral/ase26/nod-rr/NOD-Test-Repair/run_flakerake/projects_complete/30
[DEBUG] env.OMPI_MCA_plm_slurm_args: --external-launcher
[DEBUG] env.OPENMPI_ROOT: /opt/sw/spack/apps/linux-rhel8-x86_64_v2/gcc-10.3.0/openmpi-4.1.2-4a
[DEBUG] env.PATH: /scratch/tbaral/ase26/python/py39/bin:/opt/sw/spack/apps/linux-rhel8-x86_64_v2/gcc-10.3.0/git-2.39.1-vd/bin:/opt/sw/spack/apps/linux-rhel8-x86_64_v2/gcc-10.3.0/perl-5.34.0-lm/bin:/opt/sw/spack/apps/linux-rhel8-x86_64_v2/gcc-10.3.0/bzip2-1.0.8-no/bin:/opt/sw/spack/apps/linux-rhel8-x86_64_v2/gcc-10.3.0/curl-7.80.0-rm/bin:/opt/sw/spack/apps/linux-rhel8-x86_64_v2/gcc-10.3.0/openmpi-4.1.2-4a/bin:/opt/sw/spack/apps/linux-rhel8-x86_64_v2/gcc-9.3.0/gcc-10.3.0-ya/bin:/home/tbaral/.nvm/versions/node/v24.0.0/bin:/home/tbaral/.sdkman/candidates/java/current/bin:/home/tbaral/.vscode-server/cli/servers/Stable-2901c5ac6db8a986a5666c3af51ff804d05af0d4/server/bin/remote-cli:/opt/ohpc/pub/utils/prun/2.0:/opt/ohpc/pub/utils/autotools/bin:/opt/ohpc/pub/bin:/usr/local/bin:/usr/bin:/usr/local/sbin:/usr/sbin:/opt/dell/srvadmin/bin:/home/tbaral/.vscode-server/extensions/ms-python.debugpy-2025.10.0-linux-x64/bundled/scripts/noConfigScripts:/home/tbaral/.vscode-server/data/User/globalStorage/github.copilot-chat/debugCommand:/scratch/tbaral/ase26/otog/setups/maven/bin:/scratch/tbaral/ase26/otog/setups/jdk1.8.0_102/bin
[DEBUG] env.PERL_ROOT: /opt/sw/spack/apps/linux-rhel8-x86_64_v2/gcc-10.3.0/perl-5.34.0-lm
[DEBUG] env.PKG_CONFIG_PATH: /opt/sw/spack/apps/linux-rhel8-x86_64_v2/gcc-10.3.0/curl-7.80.0-rm/lib/pkgconfig:/opt/sw/spack/apps/linux-rhel8-x86_64_v2/gcc-10.3.0/openmpi-4.1.2-4a/lib/pkgconfig:/opt/sw/spack/apps/linux-rhel8-x86_64_v2/gcc-10.3.0/zlib-1.2.11-2y/lib/pkgconfig
[DEBUG] env.PRTE_MCA_plm_slurm_args: --external-launcher
[DEBUG] env.PWD: /scratch/tbaral/ase26/nod-rr/NOD-Test-Repair/run_flakerake/projects_complete/30
[DEBUG] env.PYDEVD_DISABLE_FILE_VALIDATION: 1
[DEBUG] env.PYTHON_BASIC_REPL: 1
[DEBUG] env.PYTHON_FLAKY_BIN: /scratch/tbaral/ase26/python/py39/bin/python3.9
[DEBUG] env.SDKMAN_CANDIDATES_API: https://api.sdkman.io/2
[DEBUG] env.SDKMAN_CANDIDATES_DIR: /home/tbaral/.sdkman/candidates
[DEBUG] env.SDKMAN_DIR: /home/tbaral/.sdkman
[DEBUG] env.SDKMAN_PLATFORM: linuxx64
[DEBUG] env.SHELL: /bin/bash
[DEBUG] env.SHLVL: 8
[DEBUG] env.SLURMD_NODENAME: amd073
[DEBUG] env.SLURM_CLUSTER_NAME: hopper
[DEBUG] env.SLURM_CONF: /opt/slurm/24.11.5/etc/slurm.conf
[DEBUG] env.SLURM_CPUS_ON_NODE: 16
[DEBUG] env.SLURM_CPUS_PER_TASK: 16
[DEBUG] env.SLURM_GTIDS: 0
[DEBUG] env.SLURM_JOBID: 3955006
[DEBUG] env.SLURM_JOB_ACCOUNT: winglam
[DEBUG] env.SLURM_JOB_CPUS_PER_NODE: 16
[DEBUG] env.SLURM_JOB_END_TIME: 1752824521
[DEBUG] env.SLURM_JOB_GID: 100
[DEBUG] env.SLURM_JOB_ID: 3955006
[DEBUG] env.SLURM_JOB_NAME: 30_flakerake_complete
[DEBUG] env.SLURM_JOB_NODELIST: amd073
[DEBUG] env.SLURM_JOB_NUM_NODES: 1
[DEBUG] env.SLURM_JOB_PARTITION: bigmem
[DEBUG] env.SLURM_JOB_QOS: normal
[DEBUG] env.SLURM_JOB_START_TIME: 1752777721
[DEBUG] env.SLURM_JOB_UID: 1224545917
[DEBUG] env.SLURM_JOB_USER: tbaral
[DEBUG] env.SLURM_LOCALID: 0
[DEBUG] env.SLURM_MEM_PER_NODE: 65536
[DEBUG] env.SLURM_NNODES: 1
[DEBUG] env.SLURM_NODEID: 0
[DEBUG] env.SLURM_NODELIST: amd073
[DEBUG] env.SLURM_OOM_KILL_STEP: 0
[DEBUG] env.SLURM_PRIO_PROCESS: 0
[DEBUG] env.SLURM_PROCID: 0
[DEBUG] env.SLURM_SUBMIT_DIR: /scratch/tbaral/ase26/nod-rr/NOD-Test-Repair/run_flakerake
[DEBUG] env.SLURM_SUBMIT_HOST: amd032.orc.gmu.edu
[DEBUG] env.SLURM_TASKS_PER_NODE: 1
[DEBUG] env.SLURM_TASK_PID: 1084101
[DEBUG] env.SLURM_TOPOLOGY_ADDR: amd073
[DEBUG] env.SLURM_TOPOLOGY_ADDR_PATTERN: node
[DEBUG] env.SLURM_TRES_PER_TASK: cpu=16
[DEBUG] env.SSH_AGENT_PID: 1005443
[DEBUG] env.SSH_ASKPASS: /usr/libexec/openssh/gnome-ssh-askpass
[DEBUG] env.SSH_AUTH_SOCK: /tmp/ssh-N3VTTqTV7uma/agent.1005442
[DEBUG] env.SSH_CLIENT: 172.16.128.7 48762 22
[DEBUG] env.SSH_CONNECTION: 172.16.128.7 48762 172.16.130.32 22
[DEBUG] env.SSL_CERT_DIR: /etc/pki/tls/certs
[DEBUG] env.SSL_CERT_FILE: /etc/pki/ca-trust/extracted/pem/tls-ca-bundle.pem
[DEBUG] env.TERM: xterm-256color
[DEBUG] env.TERM_PROGRAM: vscode
[DEBUG] env.TERM_PROGRAM_VERSION: 1.101.2
[DEBUG] env.TMPDIR: /tmp
[DEBUG] env.USER: tbaral
[DEBUG] env.VIRTUAL_ENV: /scratch/tbaral/ase26/python/py39
[DEBUG] env.VSCODE_DEBUGPY_ADAPTER_ENDPOINTS: /home/tbaral/.vscode-server/extensions/ms-python.debugpy-2025.10.0-linux-x64/.noConfigDebugAdapterEndpoints/endpoint-703a47885604cb2b.txt
[DEBUG] env.VSCODE_IPC_HOOK_CLI: /run/user/1224545917/vscode-ipc-f19fb63b-0b65-4971-b2e8-c5cbc4c52179.sock
[DEBUG] env.XDG_RUNTIME_DIR: /run/user/1224545917
[DEBUG] env.XDG_SESSION_ID: 1862
[DEBUG] env.XFILESEARCHPATH: /usr/dt/app-defaults/%L/Dt
[DEBUG] env.ZLIB_ROOT: /opt/sw/spack/apps/linux-rhel8-x86_64_v2/gcc-10.3.0/zlib-1.2.11-2y
[DEBUG] env._LMFILES_: /opt/ohpc/pub/modulefiles/ohpc:/opt/ohpc/admin/lmod/8.2.10/modulefiles/Core/use.own.lua:/opt/ohpc/pub/modulefiles/autotools.lua:/opt/ohpc/pub/modulefiles/prun/2.0.lua:/etc/modulefiles/Core/hosts/hopper:/opt/ohpc/pub/modulefiles/gnu10/10.3.0-ya.lua:/opt/sw/spack/modules/lmod/linux-rhel8-x86_64/gcc/10.3.0/zlib/1.2.11-2y.lua:/opt/sw/spack/modules/lmod/linux-rhel8-x86_64/gcc/10.3.0/openmpi4/4.1.2-4a.lua:/opt/sw/spack/modules/lmod/linux-rhel8-x86_64/gcc/10.3.0/curl/7.80.0-rm.lua:/opt/sw/spack/modules/lmod/linux-rhel8-x86_64/gcc/10.3.0/bzip2/1.0.8-no.lua:/opt/sw/spack/modules/lmod/linux-rhel8-x86_64/gcc/10.3.0/perl/5.34.0-lm.lua:/opt/sw/spack/modules/lmod/linux-rhel8-x86_64/gcc/10.3.0/git/2.39.1-vd.lua
[DEBUG] env._ModuleTable001_: X01vZHVsZVRhYmxlXz17WyJNVHZlcnNpb24iXT0zLFsiY19yZWJ1aWxkVGltZSJdPTg2NDAwLFsiY19zaG9ydFRpbWUiXT1mYWxzZSxkZXB0aFQ9e30sZmFtaWx5PXtbImNvbXBpbGVyIl09ImdudTEwIixbIm1waSJdPSJvcGVubXBpNCIsfSxtVD17YXV0b3Rvb2xzPXtbImZuIl09Ii9vcHQvb2hwYy9wdWIvbW9kdWxlZmlsZXMvYXV0b3Rvb2xzLmx1YSIsWyJmdWxsTmFtZSJdPSJhdXRvdG9vbHMiLFsibG9hZE9yZGVyIl09Myxwcm9wVD17fSxbInN0YWNrRGVwdGgiXT0xLFsic3RhdHVzIl09ImFjdGl2ZSIsWyJ1c2VyTmFtZSJdPSJhdXRvdG9vbHMiLH0sYnppcDI9e1siZm4iXT0iL29wdC9zdy9zcGFjay9tb2R1bGVzL2xtb2QvbGludXgtcmhlbDgteDg2XzY0L2djYy8xMC4z
[DEBUG] env._ModuleTable002_: LjAvYnppcDIvMS4wLjgtbm8ubHVhIixbImZ1bGxOYW1lIl09ImJ6aXAyLzEuMC44LW5vIixbImxvYWRPcmRlciJdPTEwLHByb3BUPXt9LFsicmVmX2NvdW50Il09MSxbInN0YWNrRGVwdGgiXT0yLFsic3RhdHVzIl09ImFjdGl2ZSIsWyJ1c2VyTmFtZSJdPSJiemlwMi8xLjAuOC1ubyIsfSxjdXJsPXtbImZuIl09Ii9vcHQvc3cvc3BhY2svbW9kdWxlcy9sbW9kL2xpbnV4LXJoZWw4LXg4Nl82NC9nY2MvMTAuMy4wL2N1cmwvNy44MC4wLXJtLmx1YSIsWyJmdWxsTmFtZSJdPSJjdXJsLzcuODAuMC1ybSIsWyJsb2FkT3JkZXIiXT05LHByb3BUPXt9LFsicmVmX2NvdW50Il09MSxbInN0YWNrRGVwdGgiXT0xLFsic3RhdHVzIl09ImFjdGl2ZSIsWyJ1c2VyTmFtZSJdPSJjdXJsLzcu
[DEBUG] env._ModuleTable003_: ODAuMC1ybSIsfSxnaXQ9e1siZm4iXT0iL29wdC9zdy9zcGFjay9tb2R1bGVzL2xtb2QvbGludXgtcmhlbDgteDg2XzY0L2djYy8xMC4zLjAvZ2l0LzIuMzkuMS12ZC5sdWEiLFsiZnVsbE5hbWUiXT0iZ2l0LzIuMzkuMS12ZCIsWyJsb2FkT3JkZXIiXT0xMixwcm9wVD17fSxbInN0YWNrRGVwdGgiXT0wLFsic3RhdHVzIl09ImFjdGl2ZSIsWyJ1c2VyTmFtZSJdPSJnaXQiLH0sZ251MTA9e1siZm4iXT0iL29wdC9vaHBjL3B1Yi9tb2R1bGVmaWxlcy9nbnUxMC8xMC4zLjAteWEubHVhIixbImZ1bGxOYW1lIl09ImdudTEwLzEwLjMuMC15YSIsWyJsb2FkT3JkZXIiXT02LHByb3BUPXt9LFsic3RhY2tEZXB0aCJdPTAsWyJzdGF0dXMiXT0iYWN0aXZlIixbInVzZXJOYW1lIl09Imdu
[DEBUG] env._ModuleTable004_: dTEwIix9LGhvc3RzPXtbImZuIl09Ii9ldGMvbW9kdWxlZmlsZXMvQ29yZS9ob3N0cy9ob3BwZXIiLFsiZnVsbE5hbWUiXT0iaG9zdHMvaG9wcGVyIixbImxvYWRPcmRlciJdPTUscHJvcFQ9e30sWyJzdGFja0RlcHRoIl09MCxbInN0YXR1cyJdPSJhY3RpdmUiLFsidXNlck5hbWUiXT0iaG9zdHMvaG9wcGVyIix9LG9ocGM9e1siZm4iXT0iL29wdC9vaHBjL3B1Yi9tb2R1bGVmaWxlcy9vaHBjIixbImZ1bGxOYW1lIl09Im9ocGMiLFsibG9hZE9yZGVyIl09MSxwcm9wVD17fSxbInN0YWNrRGVwdGgiXT0wLFsic3RhdHVzIl09ImFjdGl2ZSIsWyJ1c2VyTmFtZSJdPSJvaHBjIix9LG9wZW5tcGk0PXtbImZuIl09Ii9vcHQvc3cvc3BhY2svbW9kdWxlcy9sbW9kL2xpbnV4LXJoZWw4
[DEBUG] env._ModuleTable005_: LXg4Nl82NC9nY2MvMTAuMy4wL29wZW5tcGk0LzQuMS4yLTRhLmx1YSIsWyJmdWxsTmFtZSJdPSJvcGVubXBpNC80LjEuMi00YSIsWyJsb2FkT3JkZXIiXT04LHByb3BUPXt9LFsic3RhY2tEZXB0aCJdPTAsWyJzdGF0dXMiXT0iYWN0aXZlIixbInVzZXJOYW1lIl09Im9wZW5tcGk0Iix9LHBlcmw9e1siZm4iXT0iL29wdC9zdy9zcGFjay9tb2R1bGVzL2xtb2QvbGludXgtcmhlbDgteDg2XzY0L2djYy8xMC4zLjAvcGVybC81LjM0LjAtbG0ubHVhIixbImZ1bGxOYW1lIl09InBlcmwvNS4zNC4wLWxtIixbImxvYWRPcmRlciJdPTExLHByb3BUPXt9LFsicmVmX2NvdW50Il09MSxbInN0YWNrRGVwdGgiXT0xLFsic3RhdHVzIl09ImFjdGl2ZSIsWyJ1c2VyTmFtZSJdPSJwZXJsLzUu
[DEBUG] env._ModuleTable006_: MzQuMC1sbSIsfSxwcnVuPXtbImZuIl09Ii9vcHQvb2hwYy9wdWIvbW9kdWxlZmlsZXMvcHJ1bi8yLjAubHVhIixbImZ1bGxOYW1lIl09InBydW4vMi4wIixbImxvYWRPcmRlciJdPTQscHJvcFQ9e30sWyJzdGFja0RlcHRoIl09MSxbInN0YXR1cyJdPSJhY3RpdmUiLFsidXNlck5hbWUiXT0icHJ1biIsfSxbInVzZS5vd24iXT17WyJmbiJdPSIvb3B0L29ocGMvYWRtaW4vbG1vZC84LjIuMTAvbW9kdWxlZmlsZXMvQ29yZS91c2Uub3duLmx1YSIsWyJmdWxsTmFtZSJdPSJ1c2Uub3duIixbImxvYWRPcmRlciJdPTIscHJvcFQ9e30sWyJzdGFja0RlcHRoIl09MSxbInN0YXR1cyJdPSJhY3RpdmUiLFsidXNlck5hbWUiXT0idXNlLm93biIsfSx6bGliPXtbImZuIl09Ii9vcHQvc3cv
[DEBUG] env._ModuleTable007_: c3BhY2svbW9kdWxlcy9sbW9kL2xpbnV4LXJoZWw4LXg4Nl82NC9nY2MvMTAuMy4wL3psaWIvMS4yLjExLTJ5Lmx1YSIsWyJmdWxsTmFtZSJdPSJ6bGliLzEuMi4xMS0yeSIsWyJsb2FkT3JkZXIiXT03LHByb3BUPXt9LFsicmVmX2NvdW50Il09NCxbInN0YWNrRGVwdGgiXT0yLFsic3RhdHVzIl09ImFjdGl2ZSIsWyJ1c2VyTmFtZSJdPSJ6bGliLzEuMi4xMS0yeSIsfSx9LG1wYXRoQT17Ii9vcHQvc3cvb3RoZXIvbW9kdWxlZGVwcy9saW51eC1yaGVsOC14ODZfNjRfdjIvZ2NjLTEwLjMuMC1vcGVubXBpLTQuMS4yIiwiL29wdC9zdy9zcGFjay9tb2R1bGVkZXBzL2xpbnV4LXJoZWw4LXg4Nl82NC9nbnUtMTAuMy4wLW9wZW5tcGktNC4xLjIiLCIvb3B0L3N3L290aGVyL21vZHVs
[DEBUG] env._ModuleTable008_: ZWRlcHMvbGludXgtcmhlbDgteDg2XzY0X3YyL2djYy0xMC4zLjAiLCIvb3B0L3N3L3NwYWNrL21vZHVsZXMvbG1vZC0yMDI0L2xpbnV4LXJoZWw4LXg4Nl82NC9nY2MvMTAuMy4wIiwiL29wdC9zdy9zcGFjay9tb2R1bGVzL2xtb2QvbGludXgtcmhlbDgteDg2XzY0L2djYy8xMC4zLjAiLCIvb3B0L3N3L290aGVyL21vZHVsZWZpbGVzIiwiL29wdC9vaHBjL3B1Yi9tb2R1bGVmaWxlcyIsIi9ldGMvbW9kdWxlZmlsZXMvQ29yZSIsIi9vcHQvb2hwYy9hZG1pbi9sbW9kLzguMi4xMC9tb2R1bGVmaWxlcy9Db3JlIiwiL2hvbWUvdGJhcmFsL3ByaXZhdGVtb2R1bGVzIix9LFsic3lzdGVtQmFzZU1QQVRIIl09Ii9vcHQvb2hwYy9wdWIvbW9kdWxlZmlsZXMiLH0=
[DEBUG] env._ModuleTable009_: LjIuMTEtMnkiLH0sfSxtcGF0aEE9eyIvb3B0L3N3L290aGVyL21vZHVsZWRlcHMvbGludXgtcmhlbDgteDg2XzY0X3YyL2djYy0xMC4zLjAtb3Blbm1waS00LjEuMiIsIi9vcHQvc3cvc3BhY2svbW9kdWxlZGVwcy9saW51eC1yaGVsOC14ODZfNjQvZ251LTEwLjMuMC1vcGVubXBpLTQuMS4yIiwiL29wdC9zdy9vdGhlci9tb2R1bGVkZXBzL2xpbnV4LXJoZWw4LXg4Nl82NF92Mi9nY2MtMTAuMy4wIiwiL29wdC9zdy9zcGFjay9tb2R1bGVzL2xtb2QtMjAyNC9saW51eC1yaGVsOC14ODZfNjQvZ2NjLzEwLjMuMCIsIi9vcHQvc3cvc3BhY2svbW9kdWxlcy9sbW9kL2xpbnV4LXJoZWw4LXg4Nl82NC9nY2MvMTAuMy4wIiwiL29wdC9zdy9vdGhlci9tb2R1bGVmaWxlcyIsIi9vcHQv
[DEBUG] env._ModuleTable_Sz_: 8
[DEBUG] env.__LMOD_REF_COUNT_ACLOCAL_PATH: /opt/sw/spack/apps/linux-rhel8-x86_64_v2/gcc-10.3.0/curl-7.80.0-rm/share/aclocal:1
[DEBUG] env.__LMOD_REF_COUNT_CMAKE_PREFIX_PATH: /opt/sw/spack/apps/linux-rhel8-x86_64_v2/gcc-10.3.0/git-2.39.1-vd:1;/opt/sw/spack/apps/linux-rhel8-x86_64_v2/gcc-10.3.0/perl-5.34.0-lm:1;/opt/sw/spack/apps/linux-rhel8-x86_64_v2/gcc-10.3.0/bzip2-1.0.8-no:1;/opt/sw/spack/apps/linux-rhel8-x86_64_v2/gcc-10.3.0/curl-7.80.0-rm:1;/opt/sw/spack/apps/linux-rhel8-x86_64_v2/gcc-10.3.0/openmpi-4.1.2-4a:1;/opt/sw/spack/apps/linux-rhel8-x86_64_v2/gcc-10.3.0/zlib-1.2.11-2y:1;/opt/sw/spack/apps/linux-rhel8-x86_64_v2/gcc-9.3.0/gcc-10.3.0-ya:1
[DEBUG] env.__LMOD_REF_COUNT_CPLUS_INCLUDE_PATH: /opt/sw/spack/apps/linux-rhel8-x86_64_v2/gcc-10.3.0/bzip2-1.0.8-no/include:1;/opt/sw/spack/apps/linux-rhel8-x86_64_v2/gcc-10.3.0/curl-7.80.0-rm/include:1;/opt/sw/spack/apps/linux-rhel8-x86_64_v2/gcc-10.3.0/openmpi-4.1.2-4a/include:1;/opt/sw/spack/apps/linux-rhel8-x86_64_v2/gcc-10.3.0/zlib-1.2.11-2y/include:1;/opt/sw/spack/apps/linux-rhel8-x86_64_v2/gcc-9.3.0/gcc-10.3.0-ya/include:1
[DEBUG] env.__LMOD_REF_COUNT_C_INCLUDE_PATH: /opt/sw/spack/apps/linux-rhel8-x86_64_v2/gcc-10.3.0/bzip2-1.0.8-no/include:1;/opt/sw/spack/apps/linux-rhel8-x86_64_v2/gcc-10.3.0/curl-7.80.0-rm/include:1;/opt/sw/spack/apps/linux-rhel8-x86_64_v2/gcc-10.3.0/openmpi-4.1.2-4a/include:1;/opt/sw/spack/apps/linux-rhel8-x86_64_v2/gcc-10.3.0/zlib-1.2.11-2y/include:1;/opt/sw/spack/apps/linux-rhel8-x86_64_v2/gcc-9.3.0/gcc-10.3.0-ya/include:1
[DEBUG] env.__LMOD_REF_COUNT_INCLUDE: /opt/sw/spack/apps/linux-rhel8-x86_64_v2/gcc-10.3.0/bzip2-1.0.8-no/include:1;/opt/sw/spack/apps/linux-rhel8-x86_64_v2/gcc-10.3.0/curl-7.80.0-rm/include:1;/opt/sw/spack/apps/linux-rhel8-x86_64_v2/gcc-10.3.0/openmpi-4.1.2-4a/include:1;/opt/sw/spack/apps/linux-rhel8-x86_64_v2/gcc-10.3.0/zlib-1.2.11-2y/include:1;/opt/sw/spack/apps/linux-rhel8-x86_64_v2/gcc-9.3.0/gcc-10.3.0-ya/include/c++/10.3.0:1;/opt/sw/spack/apps/linux-rhel8-x86_64_v2/gcc-9.3.0/gcc-10.3.0-ya/include:1
[DEBUG] env.__LMOD_REF_COUNT_LD_LIBRARY_PATH: /opt/sw/spack/apps/linux-rhel8-x86_64_v2/gcc-10.3.0/perl-5.34.0-lm/lib:1;/opt/sw/spack/apps/linux-rhel8-x86_64_v2/gcc-10.3.0/bzip2-1.0.8-no/lib:1;/opt/sw/spack/apps/linux-rhel8-x86_64_v2/gcc-10.3.0/curl-7.80.0-rm/lib:1;/opt/sw/spack/apps/linux-rhel8-x86_64_v2/gcc-10.3.0/openmpi-4.1.2-4a/lib:1;/opt/sw/spack/apps/linux-rhel8-x86_64_v2/gcc-10.3.0/zlib-1.2.11-2y/lib:1;/opt/sw/spack/apps/linux-rhel8-x86_64_v2/gcc-9.3.0/gcc-10.3.0-ya/lib64:1;/opt/sw/spack/apps/linux-rhel8-x86_64_v2/gcc-9.3.0/gcc-10.3.0-ya/lib:1
[DEBUG] env.__LMOD_REF_COUNT_LIBRARY_PATH: /opt/sw/spack/apps/linux-rhel8-x86_64_v2/gcc-10.3.0/perl-5.34.0-lm/lib:1;/opt/sw/spack/apps/linux-rhel8-x86_64_v2/gcc-10.3.0/bzip2-1.0.8-no/lib:1;/opt/sw/spack/apps/linux-rhel8-x86_64_v2/gcc-10.3.0/curl-7.80.0-rm/lib:1;/opt/sw/spack/apps/linux-rhel8-x86_64_v2/gcc-10.3.0/openmpi-4.1.2-4a/lib:1;/opt/sw/spack/apps/linux-rhel8-x86_64_v2/gcc-10.3.0/zlib-1.2.11-2y/lib:1;/opt/sw/spack/apps/linux-rhel8-x86_64_v2/gcc-9.3.0/gcc-10.3.0-ya/lib64:1;/opt/sw/spack/apps/linux-rhel8-x86_64_v2/gcc-9.3.0/gcc-10.3.0-ya/lib:1
[DEBUG] env.__LMOD_REF_COUNT_LOADEDMODULES: ohpc:1;use.own:1;autotools:1;prun/2.0:1;hosts/hopper:1;gnu10/10.3.0-ya:1;zlib/1.2.11-2y:1;openmpi4/4.1.2-4a:1;curl/7.80.0-rm:1;bzip2/1.0.8-no:1;perl/5.34.0-lm:1;git/2.39.1-vd:1
[DEBUG] env.__LMOD_REF_COUNT_MANPATH: /opt/sw/spack/apps/linux-rhel8-x86_64_v2/gcc-10.3.0/git-2.39.1-vd/share/man:1;/opt/sw/spack/apps/linux-rhel8-x86_64_v2/gcc-10.3.0/perl-5.34.0-lm/man:1;/opt/sw/spack/apps/linux-rhel8-x86_64_v2/gcc-10.3.0/bzip2-1.0.8-no/man:1;/opt/sw/spack/apps/linux-rhel8-x86_64_v2/gcc-10.3.0/curl-7.80.0-rm/share/man:1;/opt/sw/spack/apps/linux-rhel8-x86_64_v2/gcc-10.3.0/openmpi-4.1.2-4a/share/man:1;/opt/sw/spack/apps/linux-rhel8-x86_64_v2/gcc-10.3.0/zlib-1.2.11-2y/share/man:1;/opt/sw/spack/apps/linux-rhel8-x86_64_v2/gcc-9.3.0/gcc-10.3.0-ya/share/man:1;/usr/share/man:4;/opt/ohpc/pub/utils/autotools/share/man:1;/usr/local/share/man:4;/usr/share/man/overrides:4;/usr/share/man/en:4
[DEBUG] env.__LMOD_REF_COUNT_MODULEPATH: /opt/sw/other/moduledeps/linux-rhel8-x86_64_v2/gcc-10.3.0-openmpi-4.1.2:1;/opt/sw/spack/moduledeps/linux-rhel8-x86_64/gnu-10.3.0-openmpi-4.1.2:1;/opt/sw/other/moduledeps/linux-rhel8-x86_64_v2/gcc-10.3.0:1;/opt/sw/spack/modules/lmod-2024/linux-rhel8-x86_64/gcc/10.3.0:1;/opt/sw/spack/modules/lmod/linux-rhel8-x86_64/gcc/10.3.0:1;/opt/sw/other/modulefiles:1;/opt/ohpc/pub/modulefiles:2;/etc/modulefiles/Core:1;/opt/ohpc/admin/lmod/8.2.10/modulefiles/Core:1;/home/tbaral/privatemodules:1
[DEBUG] env.__LMOD_REF_COUNT_PATH: /opt/sw/spack/apps/linux-rhel8-x86_64_v2/gcc-10.3.0/git-2.39.1-vd/bin:1;/opt/sw/spack/apps/linux-rhel8-x86_64_v2/gcc-10.3.0/perl-5.34.0-lm/bin:1;/opt/sw/spack/apps/linux-rhel8-x86_64_v2/gcc-10.3.0/bzip2-1.0.8-no/bin:1;/opt/sw/spack/apps/linux-rhel8-x86_64_v2/gcc-10.3.0/curl-7.80.0-rm/bin:1;/opt/sw/spack/apps/linux-rhel8-x86_64_v2/gcc-10.3.0/openmpi-4.1.2-4a/bin:1;/opt/sw/spack/apps/linux-rhel8-x86_64_v2/gcc-9.3.0/gcc-10.3.0-ya/bin:1;/home/tbaral/.nvm/versions/node/v24.0.0/bin:1;/home/tbaral/.sdkman/candidates/java/current/bin:1;/home/tbaral/.vscode-server/cli/servers/Stable-2901c5ac6db8a986a5666c3af51ff804d05af0d4/server/bin/remote-cli:1;/opt/ohpc/pub/utils/prun/2.0:1;/opt/ohpc/pub/utils/autotools/bin:1;/opt/ohpc/pub/bin:2;/usr/local/bin:1;/usr/bin:1;/usr/local/sbin:1;/usr/sbin:1;/opt/dell/srvadmin/bin:1;/home/tbaral/.vscode-server/extensions/ms-python.debugpy-2025.10.0-linux-x64/bundled/scripts/noConfigScripts:1;/home/tbaral/.vscode-server/data/User/globalStorage/github.copilot-chat/debugCommand:1
[DEBUG] env.__LMOD_REF_COUNT_PKG_CONFIG_PATH: /opt/sw/spack/apps/linux-rhel8-x86_64_v2/gcc-10.3.0/curl-7.80.0-rm/lib/pkgconfig:1;/opt/sw/spack/apps/linux-rhel8-x86_64_v2/gcc-10.3.0/openmpi-4.1.2-4a/lib/pkgconfig:1;/opt/sw/spack/apps/linux-rhel8-x86_64_v2/gcc-10.3.0/zlib-1.2.11-2y/lib/pkgconfig:1
[DEBUG] env.__LMOD_REF_COUNT__LMFILES_: /opt/ohpc/pub/modulefiles/ohpc:1;/opt/ohpc/admin/lmod/8.2.10/modulefiles/Core/use.own.lua:1;/opt/ohpc/pub/modulefiles/autotools.lua:1;/opt/ohpc/pub/modulefiles/prun/2.0.lua:1;/etc/modulefiles/Core/hosts/hopper:1;/opt/ohpc/pub/modulefiles/gnu10/10.3.0-ya.lua:1;/opt/sw/spack/modules/lmod/linux-rhel8-x86_64/gcc/10.3.0/zlib/1.2.11-2y.lua:1;/opt/sw/spack/modules/lmod/linux-rhel8-x86_64/gcc/10.3.0/openmpi4/4.1.2-4a.lua:1;/opt/sw/spack/modules/lmod/linux-rhel8-x86_64/gcc/10.3.0/curl/7.80.0-rm.lua:1;/opt/sw/spack/modules/lmod/linux-rhel8-x86_64/gcc/10.3.0/bzip2/1.0.8-no.lua:1;/opt/sw/spack/modules/lmod/linux-rhel8-x86_64/gcc/10.3.0/perl/5.34.0-lm.lua:1;/opt/sw/spack/modules/lmod/linux-rhel8-x86_64/gcc/10.3.0/git/2.39.1-vd.lua:1
[DEBUG] env.which_declare: declare -f
[DEBUG] failIfNoTests: false
[DEBUG] file.encoding: UTF-8
[DEBUG] file.encoding.pkg: sun.io
[DEBUG] file.separator: /
[DEBUG] java.awt.graphicsenv: sun.awt.X11GraphicsEnvironment
[DEBUG] java.awt.printerjob: sun.print.PSPrinterJob
[DEBUG] java.class.path: /scratch/tbaral/ase26/otog/setups/maven/boot/plexus-classworlds-2.6.0.jar
[DEBUG] java.class.version: 52.0
[DEBUG] java.endorsed.dirs: /scratch/tbaral/ase26/otog/setups/jdk1.8.0_102/jre/lib/endorsed
[DEBUG] java.ext.dirs: /scratch/tbaral/ase26/otog/setups/jdk1.8.0_102/jre/lib/ext:/usr/java/packages/lib/ext
[DEBUG] java.home: /scratch/tbaral/ase26/otog/setups/jdk1.8.0_102/jre
[DEBUG] java.io.tmpdir: /tmp
[DEBUG] java.library.path: /opt/sw/spack/apps/linux-rhel8-x86_64_v2/gcc-10.3.0/perl-5.34.0-lm/lib:/opt/sw/spack/apps/linux-rhel8-x86_64_v2/gcc-10.3.0/bzip2-1.0.8-no/lib:/opt/sw/spack/apps/linux-rhel8-x86_64_v2/gcc-10.3.0/curl-7.80.0-rm/lib:/opt/sw/spack/apps/linux-rhel8-x86_64_v2/gcc-10.3.0/openmpi-4.1.2-4a/lib:/opt/sw/spack/apps/linux-rhel8-x86_64_v2/gcc-10.3.0/zlib-1.2.11-2y/lib:/opt/sw/spack/apps/linux-rhel8-x86_64_v2/gcc-9.3.0/gcc-10.3.0-ya/lib64:/opt/sw/spack/apps/linux-rhel8-x86_64_v2/gcc-9.3.0/gcc-10.3.0-ya/lib:/usr/java/packages/lib/amd64:/usr/lib64:/lib64:/lib:/usr/lib
[DEBUG] java.runtime.name: Java(TM) SE Runtime Environment
[DEBUG] java.runtime.version: 1.8.0_102-b14
[DEBUG] java.specification.name: Java Platform API Specification
[DEBUG] java.specification.vendor: Oracle Corporation
[DEBUG] java.specification.version: 1.8
[DEBUG] java.vendor: Oracle Corporation
[DEBUG] java.vendor.url: http://java.oracle.com/
[DEBUG] java.vendor.url.bug: http://bugreport.sun.com/bugreport/
[DEBUG] java.version: 1.8.0_102
[DEBUG] java.vm.info: mixed mode
[DEBUG] java.vm.name: Java HotSpot(TM) 64-Bit Server VM
[DEBUG] java.vm.specification.name: Java Virtual Machine Specification
[DEBUG] java.vm.specification.vendor: Oracle Corporation
[DEBUG] java.vm.specification.version: 1.8
[DEBUG] java.vm.vendor: Oracle Corporation
[DEBUG] java.vm.version: 25.102-b14
[DEBUG] library.jansi.path: /scratch/tbaral/ase26/otog/setups/maven/lib/jansi-native
[DEBUG] line.separator: 

[DEBUG] maven.build.timestamp: 2025-07-17T18:42:20Z
[DEBUG] maven.build.version: Apache Maven 3.6.3 (cecedd343002696d0abb50b32b541b8a6ba2883f)
[DEBUG] maven.conf: /scratch/tbaral/ase26/otog/setups/maven/conf
[DEBUG] maven.home: /scratch/tbaral/ase26/otog/setups/maven
[DEBUG] maven.multiModuleProjectDirectory: /scratch/tbaral/ase26/nod-rr/NOD-Test-Repair/run_flakerake/projects_complete/30
[DEBUG] maven.version: 3.6.3
[DEBUG] module.exportedPackages: !delight.nashornsandbox.internal*,delight.nashornsandbox*
[DEBUG] module.importedPackages: *
[DEBUG] module.serviceDefinitions: 
[DEBUG] os.arch: amd64
[DEBUG] os.name: Linux
[DEBUG] os.version: 4.18.0-553.33.1.el8_10.x86_64
[DEBUG] path.separator: :
[DEBUG] project.baseUri: file:/scratch/tbaral/ase26/nod-rr/NOD-Test-Repair/run_flakerake/projects_complete/30/
[DEBUG] skipITs: true
[DEBUG] skipTests: true
[DEBUG] sun.arch.data.model: 64
[DEBUG] sun.boot.class.path: /scratch/tbaral/ase26/otog/setups/jdk1.8.0_102/jre/lib/resources.jar:/scratch/tbaral/ase26/otog/setups/jdk1.8.0_102/jre/lib/rt.jar:/scratch/tbaral/ase26/otog/setups/jdk1.8.0_102/jre/lib/sunrsasign.jar:/scratch/tbaral/ase26/otog/setups/jdk1.8.0_102/jre/lib/jsse.jar:/scratch/tbaral/ase26/otog/setups/jdk1.8.0_102/jre/lib/jce.jar:/scratch/tbaral/ase26/otog/setups/jdk1.8.0_102/jre/lib/charsets.jar:/scratch/tbaral/ase26/otog/setups/jdk1.8.0_102/jre/lib/jfr.jar:/scratch/tbaral/ase26/otog/setups/jdk1.8.0_102/jre/classes
[DEBUG] sun.boot.library.path: /scratch/tbaral/ase26/otog/setups/jdk1.8.0_102/jre/lib/amd64
[DEBUG] sun.cpu.endian: little
[DEBUG] sun.cpu.isalist: 
[DEBUG] sun.io.unicode.encoding: UnicodeLittle
[DEBUG] sun.java.command: org.codehaus.plexus.classworlds.launcher.Launcher test -X -Dtest=delight.nashornsandbox.TestGetFunction#test -DfailIfNoTests=false -DskipTests -q -B -fn -s /scratch/tbaral/ase26/nod-rr/NOD-Test-Repair/flakerake/shell_scripts/maven-repo-fix-settings.xml -DskipITs
[DEBUG] sun.java.launcher: SUN_STANDARD
[DEBUG] sun.jnu.encoding: UTF-8
[DEBUG] sun.management.compiler: HotSpot 64-Bit Tiered Compilers
[DEBUG] sun.os.patch.level: unknown
[DEBUG] test: delight.nashornsandbox.TestGetFunction#test
[DEBUG] user.country: US
[DEBUG] user.dir: /scratch/tbaral/ase26/nod-rr/NOD-Test-Repair/run_flakerake/projects_complete/30
[DEBUG] user.home: /home/tbaral
[DEBUG] user.language: en
[DEBUG] user.name: tbaral
[DEBUG] user.timezone: 
[WARNING] Using platform encoding (UTF-8 actually) to copy filtered resources, i.e. build is platform dependent!
[DEBUG] Using 'null' encoding to copy filtered properties files.
[DEBUG] resource with targetPath null
directory /scratch/tbaral/ase26/nod-rr/NOD-Test-Repair/run_flakerake/projects_complete/30/src/main/java
excludes []
includes [**/*.java, **/*.js, **/*.gwt.xml, **/log4j.properties]
[DEBUG] ignoreDelta true
[INFO] Copying 18 resources from src/main/java to target/classes
[DEBUG] Copying file delight/nashornsandbox/NashornSandbox.java
[DEBUG] file NashornSandbox.java has a filtered file extension
[DEBUG] Using 'null' encoding to copy filtered resource 'NashornSandbox.java'.
[DEBUG] copy /scratch/tbaral/ase26/nod-rr/NOD-Test-Repair/run_flakerake/projects_complete/30/src/main/java/delight/nashornsandbox/NashornSandbox.java to /scratch/tbaral/ase26/nod-rr/NOD-Test-Repair/run_flakerake/projects_complete/30/target/classes/delight/nashornsandbox/NashornSandbox.java
[DEBUG] Copying file delight/nashornsandbox/NashornSandboxes.java
[DEBUG] file NashornSandboxes.java has a filtered file extension
[DEBUG] Using 'null' encoding to copy filtered resource 'NashornSandboxes.java'.
[DEBUG] copy /scratch/tbaral/ase26/nod-rr/NOD-Test-Repair/run_flakerake/projects_complete/30/src/main/java/delight/nashornsandbox/NashornSandboxes.java to /scratch/tbaral/ase26/nod-rr/NOD-Test-Repair/run_flakerake/projects_complete/30/target/classes/delight/nashornsandbox/NashornSandboxes.java
[DEBUG] Copying file delight/nashornsandbox/SecuredJsCache.java
[DEBUG] file SecuredJsCache.java has a filtered file extension
[DEBUG] Using 'null' encoding to copy filtered resource 'SecuredJsCache.java'.
[DEBUG] copy /scratch/tbaral/ase26/nod-rr/NOD-Test-Repair/run_flakerake/projects_complete/30/src/main/java/delight/nashornsandbox/SecuredJsCache.java to /scratch/tbaral/ase26/nod-rr/NOD-Test-Repair/run_flakerake/projects_complete/30/target/classes/delight/nashornsandbox/SecuredJsCache.java
[DEBUG] Copying file delight/nashornsandbox/exceptions/BracesException.java
[DEBUG] file BracesException.java has a filtered file extension
[DEBUG] Using 'null' encoding to copy filtered resource 'BracesException.java'.
[DEBUG] copy /scratch/tbaral/ase26/nod-rr/NOD-Test-Repair/run_flakerake/projects_complete/30/src/main/java/delight/nashornsandbox/exceptions/BracesException.java to /scratch/tbaral/ase26/nod-rr/NOD-Test-Repair/run_flakerake/projects_complete/30/target/classes/delight/nashornsandbox/exceptions/BracesException.java
[DEBUG] Copying file delight/nashornsandbox/exceptions/ScriptAbuseException.java
[DEBUG] file ScriptAbuseException.java has a filtered file extension
[DEBUG] Using 'null' encoding to copy filtered resource 'ScriptAbuseException.java'.
[DEBUG] copy /scratch/tbaral/ase26/nod-rr/NOD-Test-Repair/run_flakerake/projects_complete/30/src/main/java/delight/nashornsandbox/exceptions/ScriptAbuseException.java to /scratch/tbaral/ase26/nod-rr/NOD-Test-Repair/run_flakerake/projects_complete/30/target/classes/delight/nashornsandbox/exceptions/ScriptAbuseException.java
[DEBUG] Copying file delight/nashornsandbox/exceptions/ScriptCPUAbuseException.java
[DEBUG] file ScriptCPUAbuseException.java has a filtered file extension
[DEBUG] Using 'null' encoding to copy filtered resource 'ScriptCPUAbuseException.java'.
[DEBUG] copy /scratch/tbaral/ase26/nod-rr/NOD-Test-Repair/run_flakerake/projects_complete/30/src/main/java/delight/nashornsandbox/exceptions/ScriptCPUAbuseException.java to /scratch/tbaral/ase26/nod-rr/NOD-Test-Repair/run_flakerake/projects_complete/30/target/classes/delight/nashornsandbox/exceptions/ScriptCPUAbuseException.java
[DEBUG] Copying file delight/nashornsandbox/exceptions/ScriptMemoryAbuseException.java
[DEBUG] file ScriptMemoryAbuseException.java has a filtered file extension
[DEBUG] Using 'null' encoding to copy filtered resource 'ScriptMemoryAbuseException.java'.
[DEBUG] copy /scratch/tbaral/ase26/nod-rr/NOD-Test-Repair/run_flakerake/projects_complete/30/src/main/java/delight/nashornsandbox/exceptions/ScriptMemoryAbuseException.java to /scratch/tbaral/ase26/nod-rr/NOD-Test-Repair/run_flakerake/projects_complete/30/target/classes/delight/nashornsandbox/exceptions/ScriptMemoryAbuseException.java
[DEBUG] Copying file delight/nashornsandbox/internal/EvaluateOperation.java
[DEBUG] file EvaluateOperation.java has a filtered file extension
[DEBUG] Using 'null' encoding to copy filtered resource 'EvaluateOperation.java'.
[DEBUG] copy /scratch/tbaral/ase26/nod-rr/NOD-Test-Repair/run_flakerake/projects_complete/30/src/main/java/delight/nashornsandbox/internal/EvaluateOperation.java to /scratch/tbaral/ase26/nod-rr/NOD-Test-Repair/run_flakerake/projects_complete/30/target/classes/delight/nashornsandbox/internal/EvaluateOperation.java
[DEBUG] Copying file delight/nashornsandbox/internal/InterruptTest.java
[DEBUG] file InterruptTest.java has a filtered file extension
[DEBUG] Using 'null' encoding to copy filtered resource 'InterruptTest.java'.
[DEBUG] copy /scratch/tbaral/ase26/nod-rr/NOD-Test-Repair/run_flakerake/projects_complete/30/src/main/java/delight/nashornsandbox/internal/InterruptTest.java to /scratch/tbaral/ase26/nod-rr/NOD-Test-Repair/run_flakerake/projects_complete/30/target/classes/delight/nashornsandbox/internal/InterruptTest.java
[DEBUG] Copying file delight/nashornsandbox/internal/InvokeOperation.java
[DEBUG] file InvokeOperation.java has a filtered file extension
[DEBUG] Using 'null' encoding to copy filtered resource 'InvokeOperation.java'.
[DEBUG] copy /scratch/tbaral/ase26/nod-rr/NOD-Test-Repair/run_flakerake/projects_complete/30/src/main/java/delight/nashornsandbox/internal/InvokeOperation.java to /scratch/tbaral/ase26/nod-rr/NOD-Test-Repair/run_flakerake/projects_complete/30/target/classes/delight/nashornsandbox/internal/InvokeOperation.java
[DEBUG] Copying file delight/nashornsandbox/internal/JsEvaluator.java
[DEBUG] file JsEvaluator.java has a filtered file extension
[DEBUG] Using 'null' encoding to copy filtered resource 'JsEvaluator.java'.
[DEBUG] copy /scratch/tbaral/ase26/nod-rr/NOD-Test-Repair/run_flakerake/projects_complete/30/src/main/java/delight/nashornsandbox/internal/JsEvaluator.java to /scratch/tbaral/ase26/nod-rr/NOD-Test-Repair/run_flakerake/projects_complete/30/target/classes/delight/nashornsandbox/internal/JsEvaluator.java
[DEBUG] Copying file delight/nashornsandbox/internal/JsSanitizer.java
[DEBUG] file JsSanitizer.java has a filtered file extension
[DEBUG] Using 'null' encoding to copy filtered resource 'JsSanitizer.java'.
[DEBUG] copy /scratch/tbaral/ase26/nod-rr/NOD-Test-Repair/run_flakerake/projects_complete/30/src/main/java/delight/nashornsandbox/internal/JsSanitizer.java to /scratch/tbaral/ase26/nod-rr/NOD-Test-Repair/run_flakerake/projects_complete/30/target/classes/delight/nashornsandbox/internal/JsSanitizer.java
[DEBUG] Copying file delight/nashornsandbox/internal/LinkedHashMapSecuredJsCache.java
[DEBUG] file LinkedHashMapSecuredJsCache.java has a filtered file extension
[DEBUG] Using 'null' encoding to copy filtered resource 'LinkedHashMapSecuredJsCache.java'.
[DEBUG] copy /scratch/tbaral/ase26/nod-rr/NOD-Test-Repair/run_flakerake/projects_complete/30/src/main/java/delight/nashornsandbox/internal/LinkedHashMapSecuredJsCache.java to /scratch/tbaral/ase26/nod-rr/NOD-Test-Repair/run_flakerake/projects_complete/30/target/classes/delight/nashornsandbox/internal/LinkedHashMapSecuredJsCache.java
[DEBUG] Copying file delight/nashornsandbox/internal/NashornSandboxImpl.java
[DEBUG] file NashornSandboxImpl.java has a filtered file extension
[DEBUG] Using 'null' encoding to copy filtered resource 'NashornSandboxImpl.java'.
[DEBUG] copy /scratch/tbaral/ase26/nod-rr/NOD-Test-Repair/run_flakerake/projects_complete/30/src/main/java/delight/nashornsandbox/internal/NashornSandboxImpl.java to /scratch/tbaral/ase26/nod-rr/NOD-Test-Repair/run_flakerake/projects_complete/30/target/classes/delight/nashornsandbox/internal/NashornSandboxImpl.java
[DEBUG] Copying file delight/nashornsandbox/internal/RemoveComments.java
[DEBUG] file RemoveComments.java has a filtered file extension
[DEBUG] Using 'null' encoding to copy filtered resource 'RemoveComments.java'.
[DEBUG] copy /scratch/tbaral/ase26/nod-rr/NOD-Test-Repair/run_flakerake/projects_complete/30/src/main/java/delight/nashornsandbox/internal/RemoveComments.java to /scratch/tbaral/ase26/nod-rr/NOD-Test-Repair/run_flakerake/projects_complete/30/target/classes/delight/nashornsandbox/internal/RemoveComments.java
[DEBUG] Copying file delight/nashornsandbox/internal/SandboxClassFilter.java
[DEBUG] file SandboxClassFilter.java has a filtered file extension
[DEBUG] Using 'null' encoding to copy filtered resource 'SandboxClassFilter.java'.
[DEBUG] copy /scratch/tbaral/ase26/nod-rr/NOD-Test-Repair/run_flakerake/projects_complete/30/src/main/java/delight/nashornsandbox/internal/SandboxClassFilter.java to /scratch/tbaral/ase26/nod-rr/NOD-Test-Repair/run_flakerake/projects_complete/30/target/classes/delight/nashornsandbox/internal/SandboxClassFilter.java
[DEBUG] Copying file delight/nashornsandbox/internal/ScriptEngineOperation.java
[DEBUG] file ScriptEngineOperation.java has a filtered file extension
[DEBUG] Using 'null' encoding to copy filtered resource 'ScriptEngineOperation.java'.
[DEBUG] copy /scratch/tbaral/ase26/nod-rr/NOD-Test-Repair/run_flakerake/projects_complete/30/src/main/java/delight/nashornsandbox/internal/ScriptEngineOperation.java to /scratch/tbaral/ase26/nod-rr/NOD-Test-Repair/run_flakerake/projects_complete/30/target/classes/delight/nashornsandbox/internal/ScriptEngineOperation.java
[DEBUG] Copying file delight/nashornsandbox/internal/ThreadMonitor.java
[DEBUG] file ThreadMonitor.java has a filtered file extension
[DEBUG] Using 'null' encoding to copy filtered resource 'ThreadMonitor.java'.
[DEBUG] copy /scratch/tbaral/ase26/nod-rr/NOD-Test-Repair/run_flakerake/projects_complete/30/src/main/java/delight/nashornsandbox/internal/ThreadMonitor.java to /scratch/tbaral/ase26/nod-rr/NOD-Test-Repair/run_flakerake/projects_complete/30/target/classes/delight/nashornsandbox/internal/ThreadMonitor.java
[DEBUG] resource with targetPath null
directory /scratch/tbaral/ase26/nod-rr/NOD-Test-Repair/run_flakerake/projects_complete/30/src/main/java
excludes [**/*.java]
includes [**]
[DEBUG] ignoreDelta true
[INFO] Copying 0 resource from src/main/java to target/classes
[DEBUG] no user filter components
[INFO] 
[INFO] --- maven-compiler-plugin:3.14.0:compile (default-compile) @ delight-nashorn-sandbox ---
[DEBUG] Dependency collection stats: {ConflictMarker.analyzeTime=23645, ConflictMarker.markTime=20969, ConflictMarker.nodeCount=22, ConflictIdSorter.graphTime=7955, ConflictIdSorter.topsortTime=13556, ConflictIdSorter.conflictIdCount=14, ConflictIdSorter.conflictIdCycleCount=0, ConflictResolver.totalTime=247417, ConflictResolver.conflictItemCount=22, DefaultDependencyCollector.collectTime=222306389, DefaultDependencyCollector.transformTime=338650}
[DEBUG] org.apache.maven.plugins:maven-compiler-plugin:jar:3.14.0
[DEBUG]    org.apache.maven.shared:maven-shared-utils:jar:3.4.2:compile
[DEBUG]       org.slf4j:slf4j-api:jar:1.7.36:compile
[DEBUG]       commons-io:commons-io:jar:2.11.0:compile
[DEBUG]    org.apache.maven.shared:maven-shared-incremental:jar:1.1:compile
[DEBUG]    org.codehaus.plexus:plexus-java:jar:1.4.0:compile
[DEBUG]       org.ow2.asm:asm:jar:9.7.1:compile
[DEBUG]       com.thoughtworks.qdox:qdox:jar:2.2.0:compile
[DEBUG]    org.codehaus.plexus:plexus-compiler-api:jar:2.15.0:compile
[DEBUG]    org.codehaus.plexus:plexus-compiler-manager:jar:2.15.0:compile
[DEBUG]       javax.inject:javax.inject:jar:1:compile
[DEBUG]       org.codehaus.plexus:plexus-xml:jar:3.0.1:compile (version managed from default)
[DEBUG]    org.codehaus.plexus:plexus-compiler-javac:jar:2.15.0:runtime
[DEBUG]    org.codehaus.plexus:plexus-utils:jar:4.0.1:compile
[DEBUG] Created new class realm plugin>org.apache.maven.plugins:maven-compiler-plugin:3.14.0
[DEBUG] Importing foreign packages into class realm plugin>org.apache.maven.plugins:maven-compiler-plugin:3.14.0
[DEBUG]   Imported:  < project>org.javadelight:delight-nashorn-sandbox:0.1.19-SNAPSHOT
[DEBUG] Populating class realm plugin>org.apache.maven.plugins:maven-compiler-plugin:3.14.0
[DEBUG]   Included: org.apache.maven.plugins:maven-compiler-plugin:jar:3.14.0
[DEBUG]   Included: org.apache.maven.shared:maven-shared-utils:jar:3.4.2
[DEBUG]   Included: commons-io:commons-io:jar:2.11.0
[DEBUG]   Included: org.apache.maven.shared:maven-shared-incremental:jar:1.1
[DEBUG]   Included: org.codehaus.plexus:plexus-java:jar:1.4.0
[DEBUG]   Included: org.ow2.asm:asm:jar:9.7.1
[DEBUG]   Included: com.thoughtworks.qdox:qdox:jar:2.2.0
[DEBUG]   Included: org.codehaus.plexus:plexus-compiler-api:jar:2.15.0
[DEBUG]   Included: org.codehaus.plexus:plexus-compiler-manager:jar:2.15.0
[DEBUG]   Included: org.codehaus.plexus:plexus-xml:jar:3.0.1
[DEBUG]   Included: org.codehaus.plexus:plexus-compiler-javac:jar:2.15.0
[DEBUG]   Included: org.codehaus.plexus:plexus-utils:jar:4.0.1
[DEBUG] Configuring mojo org.apache.maven.plugins:maven-compiler-plugin:3.14.0:compile from plugin realm ClassRealm[plugin>org.apache.maven.plugins:maven-compiler-plugin:3.14.0, parent: sun.misc.Launcher$AppClassLoader@5c647e05]
[DEBUG] Configuring mojo 'org.apache.maven.plugins:maven-compiler-plugin:3.14.0:compile' with basic configurator -->
[DEBUG]   (f) annotationProcessorPathsUseDepMgmt = false
[DEBUG]   (f) basedir = /scratch/tbaral/ase26/nod-rr/NOD-Test-Repair/run_flakerake/projects_complete/30
[DEBUG]   (f) buildDirectory = /scratch/tbaral/ase26/nod-rr/NOD-Test-Repair/run_flakerake/projects_complete/30/target
[DEBUG]   (f) compilePath = [/scratch/tbaral/ase26/nod-rr/NOD-Test-Repair/run_flakerake/projects_complete/30/target/classes, /home/tbaral/.m2/repository/org/slf4j/slf4j-api/1.7.25/slf4j-api-1.7.25.jar, /home/tbaral/.m2/repository/org/webjars/bower/js-beautify/1.6.12/js-beautify-1.6.12.jar]
[DEBUG]   (f) compileSourceRoots = [/scratch/tbaral/ase26/nod-rr/NOD-Test-Repair/run_flakerake/projects_complete/30/src/main/java]
[DEBUG]   (f) compilerId = javac
[DEBUG]   (f) createMissingPackageInfoClass = true
[DEBUG]   (f) debug = true
[DEBUG]   (f) debugFileName = javac
[DEBUG]   (f) enablePreview = false
[DEBUG]   (f) failOnError = true
[DEBUG]   (f) failOnWarning = false
[DEBUG]   (f) fileExtensions = [jar, class]
[DEBUG]   (f) forceJavacCompilerUse = false
[DEBUG]   (f) forceLegacyJavacApi = false
[DEBUG]   (f) fork = false
[DEBUG]   (f) generatedSourcesDirectory = /scratch/tbaral/ase26/nod-rr/NOD-Test-Repair/run_flakerake/projects_complete/30/target/generated-sources/annotations
[DEBUG]   (f) moduleVersion = 0.1.19-SNAPSHOT
[DEBUG]   (f) mojoExecution = org.apache.maven.plugins:maven-compiler-plugin:3.14.0:compile {execution: default-compile}
[DEBUG]   (f) optimize = false
[DEBUG]   (f) outputDirectory = /scratch/tbaral/ase26/nod-rr/NOD-Test-Repair/run_flakerake/projects_complete/30/target/classes
[DEBUG]   (f) parameters = false
[DEBUG]   (f) project = MavenProject: org.javadelight:delight-nashorn-sandbox:0.1.19-SNAPSHOT @ /scratch/tbaral/ase26/nod-rr/NOD-Test-Repair/run_flakerake/projects_complete/30/pom.xml
[DEBUG]   (f) projectArtifact = org.javadelight:delight-nashorn-sandbox:bundle:0.1.19-SNAPSHOT
[DEBUG]   (f) session = org.apache.maven.execution.MavenSession@21ab988f
[DEBUG]   (f) showCompilationChanges = false
[DEBUG]   (f) showDeprecation = false
[DEBUG]   (f) showWarnings = true
[DEBUG]   (f) skipMultiThreadWarning = false
[DEBUG]   (f) source = 1.8
[DEBUG]   (f) staleMillis = 0
[DEBUG]   (s) target = 1.8
[DEBUG]   (f) useIncrementalCompilation = true
[DEBUG]   (f) verbose = false
[DEBUG] -- end configuration --
[DEBUG] Using compiler 'javac'.
[DEBUG] Adding /scratch/tbaral/ase26/nod-rr/NOD-Test-Repair/run_flakerake/projects_complete/30/target/generated-sources/annotations to compile source roots:
  /scratch/tbaral/ase26/nod-rr/NOD-Test-Repair/run_flakerake/projects_complete/30/src/main/java
[DEBUG] New compile source roots:
  /scratch/tbaral/ase26/nod-rr/NOD-Test-Repair/run_flakerake/projects_complete/30/src/main/java
  /scratch/tbaral/ase26/nod-rr/NOD-Test-Repair/run_flakerake/projects_complete/30/target/generated-sources/annotations
[DEBUG] CompilerReuseStrategy: reuseCreated
[DEBUG] useIncrementalCompilation enabled
[INFO] Nothing to compile - all classes are up to date.
[INFO] 
[INFO] --- maven-resources-plugin:3.3.1:testResources (default-testResources) @ delight-nashorn-sandbox ---
[DEBUG] Configuring mojo org.apache.maven.plugins:maven-resources-plugin:3.3.1:testResources from plugin realm ClassRealm[plugin>org.apache.maven.plugins:maven-resources-plugin:3.3.1, parent: sun.misc.Launcher$AppClassLoader@5c647e05]
[DEBUG] Configuring mojo 'org.apache.maven.plugins:maven-resources-plugin:3.3.1:testResources' with basic configurator -->
[DEBUG]   (f) addDefaultExcludes = true
[DEBUG]   (f) buildFilters = []
[DEBUG]   (f) escapeWindowsPaths = true
[DEBUG]   (f) fileNameFiltering = false
[DEBUG]   (s) includeEmptyDirs = false
[DEBUG]   (s) outputDirectory = /scratch/tbaral/ase26/nod-rr/NOD-Test-Repair/run_flakerake/projects_complete/30/target/test-classes
[DEBUG]   (s) overwrite = false
[DEBUG]   (f) project = MavenProject: org.javadelight:delight-nashorn-sandbox:0.1.19-SNAPSHOT @ /scratch/tbaral/ase26/nod-rr/NOD-Test-Repair/run_flakerake/projects_complete/30/pom.xml
[DEBUG]   (s) resources = [Resource {targetPath: null, filtering: false, FileSet {directory: /scratch/tbaral/ase26/nod-rr/NOD-Test-Repair/run_flakerake/projects_complete/30/src/test/resources, PatternSet [includes: {}, excludes: {}]}}]
[DEBUG]   (f) session = org.apache.maven.execution.MavenSession@21ab988f
[DEBUG]   (f) skip = false
[DEBUG]   (f) supportMultiLineFiltering = false
[DEBUG]   (f) useBuildFilters = true
[DEBUG]   (s) useDefaultDelimiters = true
[DEBUG] -- end configuration --
[DEBUG] properties used:
[DEBUG] awt.toolkit: sun.awt.X11.XToolkit
[DEBUG] classworlds.conf: /scratch/tbaral/ase26/otog/setups/maven/bin/m2.conf
[DEBUG] env.ACLOCAL_PATH: /opt/sw/spack/apps/linux-rhel8-x86_64_v2/gcc-10.3.0/curl-7.80.0-rm/share/aclocal
[DEBUG] env.BASH_ENV: /opt/ohpc/admin/lmod/lmod/init/bash
[DEBUG] env.BASH_FUNC_ml%%: () {  eval $($LMOD_DIR/ml_cmd "$@")
}
[DEBUG] env.BASH_FUNC_module%%: () {  eval $($LMOD_CMD bash "$@") && eval $(${LMOD_SETTARG_CMD:-:} -s sh)
}
[DEBUG] env.BASH_FUNC_which%%: () {  ( alias;
 eval ${which_declare} ) | /usr/bin/which --tty-only --read-alias --read-functions --show-tilde --show-dot $@
}
[DEBUG] env.BROWSER: /home/tbaral/.vscode-server/cli/servers/Stable-2901c5ac6db8a986a5666c3af51ff804d05af0d4/server/bin/helpers/browser.sh
[DEBUG] env.BUNDLED_DEBUGPY_PATH: /home/tbaral/.vscode-server/extensions/ms-python.debugpy-2025.10.0-linux-x64/bundled/libs/debugpy
[DEBUG] env.BZIP2_ROOT: /opt/sw/spack/apps/linux-rhel8-x86_64_v2/gcc-10.3.0/bzip2-1.0.8-no
[DEBUG] env.CC: /opt/sw/spack/apps/linux-rhel8-x86_64_v2/gcc-9.3.0/gcc-10.3.0-ya/bin/gcc
[DEBUG] env.CMAKE_PREFIX_PATH: /opt/sw/spack/apps/linux-rhel8-x86_64_v2/gcc-10.3.0/git-2.39.1-vd:/opt/sw/spack/apps/linux-rhel8-x86_64_v2/gcc-10.3.0/perl-5.34.0-lm:/opt/sw/spack/apps/linux-rhel8-x86_64_v2/gcc-10.3.0/bzip2-1.0.8-no:/opt/sw/spack/apps/linux-rhel8-x86_64_v2/gcc-10.3.0/curl-7.80.0-rm:/opt/sw/spack/apps/linux-rhel8-x86_64_v2/gcc-10.3.0/openmpi-4.1.2-4a:/opt/sw/spack/apps/linux-rhel8-x86_64_v2/gcc-10.3.0/zlib-1.2.11-2y:/opt/sw/spack/apps/linux-rhel8-x86_64_v2/gcc-9.3.0/gcc-10.3.0-ya
[DEBUG] env.COLORTERM: truecolor
[DEBUG] env.CPLUS_INCLUDE_PATH: /opt/sw/spack/apps/linux-rhel8-x86_64_v2/gcc-10.3.0/bzip2-1.0.8-no/include:/opt/sw/spack/apps/linux-rhel8-x86_64_v2/gcc-10.3.0/curl-7.80.0-rm/include:/opt/sw/spack/apps/linux-rhel8-x86_64_v2/gcc-10.3.0/openmpi-4.1.2-4a/include:/opt/sw/spack/apps/linux-rhel8-x86_64_v2/gcc-10.3.0/zlib-1.2.11-2y/include:/opt/sw/spack/apps/linux-rhel8-x86_64_v2/gcc-9.3.0/gcc-10.3.0-ya/include
[DEBUG] env.CURL_ROOT: /opt/sw/spack/apps/linux-rhel8-x86_64_v2/gcc-10.3.0/curl-7.80.0-rm
[DEBUG] env.CXX: /opt/sw/spack/apps/linux-rhel8-x86_64_v2/gcc-9.3.0/gcc-10.3.0-ya/bin/g++
[DEBUG] env.C_INCLUDE_PATH: /opt/sw/spack/apps/linux-rhel8-x86_64_v2/gcc-10.3.0/bzip2-1.0.8-no/include:/opt/sw/spack/apps/linux-rhel8-x86_64_v2/gcc-10.3.0/curl-7.80.0-rm/include:/opt/sw/spack/apps/linux-rhel8-x86_64_v2/gcc-10.3.0/openmpi-4.1.2-4a/include:/opt/sw/spack/apps/linux-rhel8-x86_64_v2/gcc-10.3.0/zlib-1.2.11-2y/include:/opt/sw/spack/apps/linux-rhel8-x86_64_v2/gcc-9.3.0/gcc-10.3.0-ya/include
[DEBUG] env.DBUS_SESSION_BUS_ADDRESS: unix:path=/run/user/1224545917/bus
[DEBUG] env.ENVIRONMENT: BATCH
[DEBUG] env.F77: /opt/sw/spack/apps/linux-rhel8-x86_64_v2/gcc-9.3.0/gcc-10.3.0-ya/bin/gfortran
[DEBUG] env.FC: /opt/sw/spack/apps/linux-rhel8-x86_64_v2/gcc-9.3.0/gcc-10.3.0-ya/bin/gfortran
[DEBUG] env.FLAKY_HOME: /scratch/tbaral/ase26/nod-rr/NOD-Test-Repair/flakerake
[DEBUG] env.FLAKY_MVN_INSTALL_OPTS: -DskipTests -q -B -fn -s $FLAKY_HOME/shell_scripts/maven-repo-fix-settings.xml -DskipITs
[DEBUG] env.GCC_ROOT: /opt/sw/spack/apps/linux-rhel8-x86_64_v2/gcc-9.3.0/gcc-10.3.0-ya
[DEBUG] env.GIT_ROOT: /opt/sw/spack/apps/linux-rhel8-x86_64_v2/gcc-10.3.0/git-2.39.1-vd
[DEBUG] env.HISTCONTROL: ignoredups
[DEBUG] env.HISTSIZE: 1000
[DEBUG] env.HOME: /home/tbaral
[DEBUG] env.HOSTNAME: amd073
[DEBUG] env.HYDRA_BOOTSTRAP: slurm
[DEBUG] env.HYDRA_LAUNCHER_EXTRA_ARGS: --external-launcher
[DEBUG] env.INCLUDE: /opt/sw/spack/apps/linux-rhel8-x86_64_v2/gcc-10.3.0/bzip2-1.0.8-no/include:/opt/sw/spack/apps/linux-rhel8-x86_64_v2/gcc-10.3.0/curl-7.80.0-rm/include:/opt/sw/spack/apps/linux-rhel8-x86_64_v2/gcc-10.3.0/openmpi-4.1.2-4a/include:/opt/sw/spack/apps/linux-rhel8-x86_64_v2/gcc-10.3.0/zlib-1.2.11-2y/include:/opt/sw/spack/apps/linux-rhel8-x86_64_v2/gcc-9.3.0/gcc-10.3.0-ya/include/c++/10.3.0:/opt/sw/spack/apps/linux-rhel8-x86_64_v2/gcc-9.3.0/gcc-10.3.0-ya/include
[DEBUG] env.I_MPI_HYDRA_BOOTSTRAP: slurm
[DEBUG] env.I_MPI_HYDRA_BOOTSTRAP_EXEC_EXTRA_ARGS: --external-launcher
[DEBUG] env.JAVA_FLAKY_HOME: /scratch/tbaral/ase26/otog/setups/jdk1.8.0_102
[DEBUG] env.JAVA_HOME: /scratch/tbaral/ase26/otog/setups/jdk1.8.0_102
[DEBUG] env.LANG: en_US.UTF-8
[DEBUG] env.LD_LIBRARY_PATH: /opt/sw/spack/apps/linux-rhel8-x86_64_v2/gcc-10.3.0/perl-5.34.0-lm/lib:/opt/sw/spack/apps/linux-rhel8-x86_64_v2/gcc-10.3.0/bzip2-1.0.8-no/lib:/opt/sw/spack/apps/linux-rhel8-x86_64_v2/gcc-10.3.0/curl-7.80.0-rm/lib:/opt/sw/spack/apps/linux-rhel8-x86_64_v2/gcc-10.3.0/openmpi-4.1.2-4a/lib:/opt/sw/spack/apps/linux-rhel8-x86_64_v2/gcc-10.3.0/zlib-1.2.11-2y/lib:/opt/sw/spack/apps/linux-rhel8-x86_64_v2/gcc-9.3.0/gcc-10.3.0-ya/lib64:/opt/sw/spack/apps/linux-rhel8-x86_64_v2/gcc-9.3.0/gcc-10.3.0-ya/lib
[DEBUG] env.LESSOPEN: ||/usr/bin/lesspipe.sh %s
[DEBUG] env.LIBRARY_PATH: /opt/sw/spack/apps/linux-rhel8-x86_64_v2/gcc-10.3.0/perl-5.34.0-lm/lib:/opt/sw/spack/apps/linux-rhel8-x86_64_v2/gcc-10.3.0/bzip2-1.0.8-no/lib:/opt/sw/spack/apps/linux-rhel8-x86_64_v2/gcc-10.3.0/curl-7.80.0-rm/lib:/opt/sw/spack/apps/linux-rhel8-x86_64_v2/gcc-10.3.0/openmpi-4.1.2-4a/lib:/opt/sw/spack/apps/linux-rhel8-x86_64_v2/gcc-10.3.0/zlib-1.2.11-2y/lib:/opt/sw/spack/apps/linux-rhel8-x86_64_v2/gcc-9.3.0/gcc-10.3.0-ya/lib64:/opt/sw/spack/apps/linux-rhel8-x86_64_v2/gcc-9.3.0/gcc-10.3.0-ya/lib
[DEBUG] env.LMOD_AUTO_SWAP: yes
[DEBUG] env.LMOD_AVAIL_STYLE: en_grouped:system
[DEBUG] env.LMOD_CACHED_LOADS: yes
[DEBUG] env.LMOD_CACHE_DIR: /opt/ohpc/admin/lmod/etc/system-cache
[DEBUG] env.LMOD_CMD: /opt/ohpc/admin/lmod/lmod/libexec/lmod
[DEBUG] env.LMOD_COLORIZE: no
[DEBUG] env.LMOD_DIR: /opt/ohpc/admin/lmod/lmod/libexec
[DEBUG] env.LMOD_FAMILY_COMPILER: gnu10
[DEBUG] env.LMOD_FAMILY_COMPILER_VERSION: 10.3.0-ya
[DEBUG] env.LMOD_FAMILY_MPI: openmpi4
[DEBUG] env.LMOD_FAMILY_MPI_VERSION: 4.1.2-4a
[DEBUG] env.LMOD_FULL_SETTARG_SUPPORT: yes
[DEBUG] env.LMOD_MODULERCFILE: /opt/ohpc/admin/lmod/etc/rc-hopper.lua
[DEBUG] env.LMOD_MPI_NAME: openmpi
[DEBUG] env.LMOD_MPI_VERSION: 4.1.2-4aedfmd
[DEBUG] env.LMOD_PACKAGE_PATH: /opt/ohpc/admin/lmod/8.2.10
[DEBUG] env.LMOD_PKG: /opt/ohpc/admin/lmod/lmod
[DEBUG] env.LMOD_PREPEND_BLOCK: normal
[DEBUG] env.LMOD_REDIRECT: no
[DEBUG] env.LMOD_ROOT: /opt/ohpc/admin/lmod
[DEBUG] env.LMOD_SETTARG_CMD: :
[DEBUG] env.LMOD_SETTARG_FULL_SUPPORT: no
[DEBUG] env.LMOD_SETTARG_TITLE_BAR: no
[DEBUG] env.LMOD_SHORT_TIME: 1
[DEBUG] env.LMOD_SITE_NAME: GMU_Hopper
[DEBUG] env.LMOD_SYSTEM_DEFAULT_MODULES: hosts/hopper
[DEBUG] env.LMOD_VERSION: 8.2.10
[DEBUG] env.LOADEDMODULES: ohpc:use.own:autotools:prun/2.0:hosts/hopper:gnu10/10.3.0-ya:zlib/1.2.11-2y:openmpi4/4.1.2-4a:curl/7.80.0-rm:bzip2/1.0.8-no:perl/5.34.0-lm:git/2.39.1-vd
[DEBUG] env.LOGNAME: tbaral
[DEBUG] env.M2_HOME: /scratch/tbaral/ase26/otog/setups/maven
[DEBUG] env.MAIL: /var/spool/mail/tbaral
[DEBUG] env.MANPATH: /opt/sw/spack/apps/linux-rhel8-x86_64_v2/gcc-10.3.0/git-2.39.1-vd/share/man:/opt/sw/spack/apps/linux-rhel8-x86_64_v2/gcc-10.3.0/perl-5.34.0-lm/man:/opt/sw/spack/apps/linux-rhel8-x86_64_v2/gcc-10.3.0/bzip2-1.0.8-no/man:/opt/sw/spack/apps/linux-rhel8-x86_64_v2/gcc-10.3.0/curl-7.80.0-rm/share/man:/opt/sw/spack/apps/linux-rhel8-x86_64_v2/gcc-10.3.0/openmpi-4.1.2-4a/share/man:/opt/sw/spack/apps/linux-rhel8-x86_64_v2/gcc-10.3.0/zlib-1.2.11-2y/share/man:/opt/sw/spack/apps/linux-rhel8-x86_64_v2/gcc-9.3.0/gcc-10.3.0-ya/share/man:/usr/share/man:/opt/ohpc/pub/utils/autotools/share/man:/usr/local/share/man:/usr/share/man/overrides:/usr/share/man/en
[DEBUG] env.MAVEN_CMD_LINE_ARGS:  test -X -Dtest=delight.nashornsandbox.TestGetFunction#test -DfailIfNoTests=false -DskipTests -q -B -fn -s /scratch/tbaral/ase26/nod-rr/NOD-Test-Repair/flakerake/shell_scripts/maven-repo-fix-settings.xml -DskipITs
[DEBUG] env.MAVEN_PROJECTBASEDIR: /scratch/tbaral/ase26/nod-rr/NOD-Test-Repair/run_flakerake/projects_complete/30
[DEBUG] env.MAVEN_REPO: /home/tbaral/.m2/repository
[DEBUG] env.MODULEPATH: /opt/sw/other/moduledeps/linux-rhel8-x86_64_v2/gcc-10.3.0-openmpi-4.1.2:/opt/sw/spack/moduledeps/linux-rhel8-x86_64/gnu-10.3.0-openmpi-4.1.2:/opt/sw/other/moduledeps/linux-rhel8-x86_64_v2/gcc-10.3.0:/opt/sw/spack/modules/lmod-2024/linux-rhel8-x86_64/gcc/10.3.0:/opt/sw/spack/modules/lmod/linux-rhel8-x86_64/gcc/10.3.0:/opt/sw/other/modulefiles:/opt/ohpc/pub/modulefiles:/etc/modulefiles/Core:/opt/ohpc/admin/lmod/8.2.10/modulefiles/Core:/home/tbaral/privatemodules
[DEBUG] env.MODULESHOME: /opt/ohpc/admin/lmod/lmod
[DEBUG] env.MPICC: /opt/sw/spack/apps/linux-rhel8-x86_64_v2/gcc-10.3.0/openmpi-4.1.2-4a/bin/mpicc
[DEBUG] env.MPICXX: /opt/sw/spack/apps/linux-rhel8-x86_64_v2/gcc-10.3.0/openmpi-4.1.2-4a/bin/mpic++
[DEBUG] env.MPIF77: /opt/sw/spack/apps/linux-rhel8-x86_64_v2/gcc-10.3.0/openmpi-4.1.2-4a/bin/mpif77
[DEBUG] env.MPIF90: /opt/sw/spack/apps/linux-rhel8-x86_64_v2/gcc-10.3.0/openmpi-4.1.2-4a/bin/mpif90
[DEBUG] env.NLSPATH: /usr/dt/lib/nls/msg/%L/%N.cat
[DEBUG] env.NVM_BIN: /home/tbaral/.nvm/versions/node/v24.0.0/bin
[DEBUG] env.NVM_CD_FLAGS: 
[DEBUG] env.NVM_DIR: /home/tbaral/.nvm
[DEBUG] env.NVM_INC: /home/tbaral/.nvm/versions/node/v24.0.0/include/node
[DEBUG] env.OLDPWD: /scratch/tbaral/ase26/nod-rr/NOD-Test-Repair/run_flakerake/projects_complete/30
[DEBUG] env.OMPI_MCA_plm_slurm_args: --external-launcher
[DEBUG] env.OPENMPI_ROOT: /opt/sw/spack/apps/linux-rhel8-x86_64_v2/gcc-10.3.0/openmpi-4.1.2-4a
[DEBUG] env.PATH: /scratch/tbaral/ase26/python/py39/bin:/opt/sw/spack/apps/linux-rhel8-x86_64_v2/gcc-10.3.0/git-2.39.1-vd/bin:/opt/sw/spack/apps/linux-rhel8-x86_64_v2/gcc-10.3.0/perl-5.34.0-lm/bin:/opt/sw/spack/apps/linux-rhel8-x86_64_v2/gcc-10.3.0/bzip2-1.0.8-no/bin:/opt/sw/spack/apps/linux-rhel8-x86_64_v2/gcc-10.3.0/curl-7.80.0-rm/bin:/opt/sw/spack/apps/linux-rhel8-x86_64_v2/gcc-10.3.0/openmpi-4.1.2-4a/bin:/opt/sw/spack/apps/linux-rhel8-x86_64_v2/gcc-9.3.0/gcc-10.3.0-ya/bin:/home/tbaral/.nvm/versions/node/v24.0.0/bin:/home/tbaral/.sdkman/candidates/java/current/bin:/home/tbaral/.vscode-server/cli/servers/Stable-2901c5ac6db8a986a5666c3af51ff804d05af0d4/server/bin/remote-cli:/opt/ohpc/pub/utils/prun/2.0:/opt/ohpc/pub/utils/autotools/bin:/opt/ohpc/pub/bin:/usr/local/bin:/usr/bin:/usr/local/sbin:/usr/sbin:/opt/dell/srvadmin/bin:/home/tbaral/.vscode-server/extensions/ms-python.debugpy-2025.10.0-linux-x64/bundled/scripts/noConfigScripts:/home/tbaral/.vscode-server/data/User/globalStorage/github.copilot-chat/debugCommand:/scratch/tbaral/ase26/otog/setups/maven/bin:/scratch/tbaral/ase26/otog/setups/jdk1.8.0_102/bin
[DEBUG] env.PERL_ROOT: /opt/sw/spack/apps/linux-rhel8-x86_64_v2/gcc-10.3.0/perl-5.34.0-lm
[DEBUG] env.PKG_CONFIG_PATH: /opt/sw/spack/apps/linux-rhel8-x86_64_v2/gcc-10.3.0/curl-7.80.0-rm/lib/pkgconfig:/opt/sw/spack/apps/linux-rhel8-x86_64_v2/gcc-10.3.0/openmpi-4.1.2-4a/lib/pkgconfig:/opt/sw/spack/apps/linux-rhel8-x86_64_v2/gcc-10.3.0/zlib-1.2.11-2y/lib/pkgconfig
[DEBUG] env.PRTE_MCA_plm_slurm_args: --external-launcher
[DEBUG] env.PWD: /scratch/tbaral/ase26/nod-rr/NOD-Test-Repair/run_flakerake/projects_complete/30
[DEBUG] env.PYDEVD_DISABLE_FILE_VALIDATION: 1
[DEBUG] env.PYTHON_BASIC_REPL: 1
[DEBUG] env.PYTHON_FLAKY_BIN: /scratch/tbaral/ase26/python/py39/bin/python3.9
[DEBUG] env.SDKMAN_CANDIDATES_API: https://api.sdkman.io/2
[DEBUG] env.SDKMAN_CANDIDATES_DIR: /home/tbaral/.sdkman/candidates
[DEBUG] env.SDKMAN_DIR: /home/tbaral/.sdkman
[DEBUG] env.SDKMAN_PLATFORM: linuxx64
[DEBUG] env.SHELL: /bin/bash
[DEBUG] env.SHLVL: 8
[DEBUG] env.SLURMD_NODENAME: amd073
[DEBUG] env.SLURM_CLUSTER_NAME: hopper
[DEBUG] env.SLURM_CONF: /opt/slurm/24.11.5/etc/slurm.conf
[DEBUG] env.SLURM_CPUS_ON_NODE: 16
[DEBUG] env.SLURM_CPUS_PER_TASK: 16
[DEBUG] env.SLURM_GTIDS: 0
[DEBUG] env.SLURM_JOBID: 3955006
[DEBUG] env.SLURM_JOB_ACCOUNT: winglam
[DEBUG] env.SLURM_JOB_CPUS_PER_NODE: 16
[DEBUG] env.SLURM_JOB_END_TIME: 1752824521
[DEBUG] env.SLURM_JOB_GID: 100
[DEBUG] env.SLURM_JOB_ID: 3955006
[DEBUG] env.SLURM_JOB_NAME: 30_flakerake_complete
[DEBUG] env.SLURM_JOB_NODELIST: amd073
[DEBUG] env.SLURM_JOB_NUM_NODES: 1
[DEBUG] env.SLURM_JOB_PARTITION: bigmem
[DEBUG] env.SLURM_JOB_QOS: normal
[DEBUG] env.SLURM_JOB_START_TIME: 1752777721
[DEBUG] env.SLURM_JOB_UID: 1224545917
[DEBUG] env.SLURM_JOB_USER: tbaral
[DEBUG] env.SLURM_LOCALID: 0
[DEBUG] env.SLURM_MEM_PER_NODE: 65536
[DEBUG] env.SLURM_NNODES: 1
[DEBUG] env.SLURM_NODEID: 0
[DEBUG] env.SLURM_NODELIST: amd073
[DEBUG] env.SLURM_OOM_KILL_STEP: 0
[DEBUG] env.SLURM_PRIO_PROCESS: 0
[DEBUG] env.SLURM_PROCID: 0
[DEBUG] env.SLURM_SUBMIT_DIR: /scratch/tbaral/ase26/nod-rr/NOD-Test-Repair/run_flakerake
[DEBUG] env.SLURM_SUBMIT_HOST: amd032.orc.gmu.edu
[DEBUG] env.SLURM_TASKS_PER_NODE: 1
[DEBUG] env.SLURM_TASK_PID: 1084101
[DEBUG] env.SLURM_TOPOLOGY_ADDR: amd073
[DEBUG] env.SLURM_TOPOLOGY_ADDR_PATTERN: node
[DEBUG] env.SLURM_TRES_PER_TASK: cpu=16
[DEBUG] env.SSH_AGENT_PID: 1005443
[DEBUG] env.SSH_ASKPASS: /usr/libexec/openssh/gnome-ssh-askpass
[DEBUG] env.SSH_AUTH_SOCK: /tmp/ssh-N3VTTqTV7uma/agent.1005442
[DEBUG] env.SSH_CLIENT: 172.16.128.7 48762 22
[DEBUG] env.SSH_CONNECTION: 172.16.128.7 48762 172.16.130.32 22
[DEBUG] env.SSL_CERT_DIR: /etc/pki/tls/certs
[DEBUG] env.SSL_CERT_FILE: /etc/pki/ca-trust/extracted/pem/tls-ca-bundle.pem
[DEBUG] env.TERM: xterm-256color
[DEBUG] env.TERM_PROGRAM: vscode
[DEBUG] env.TERM_PROGRAM_VERSION: 1.101.2
[DEBUG] env.TMPDIR: /tmp
[DEBUG] env.USER: tbaral
[DEBUG] env.VIRTUAL_ENV: /scratch/tbaral/ase26/python/py39
[DEBUG] env.VSCODE_DEBUGPY_ADAPTER_ENDPOINTS: /home/tbaral/.vscode-server/extensions/ms-python.debugpy-2025.10.0-linux-x64/.noConfigDebugAdapterEndpoints/endpoint-703a47885604cb2b.txt
[DEBUG] env.VSCODE_IPC_HOOK_CLI: /run/user/1224545917/vscode-ipc-f19fb63b-0b65-4971-b2e8-c5cbc4c52179.sock
[DEBUG] env.XDG_RUNTIME_DIR: /run/user/1224545917
[DEBUG] env.XDG_SESSION_ID: 1862
[DEBUG] env.XFILESEARCHPATH: /usr/dt/app-defaults/%L/Dt
[DEBUG] env.ZLIB_ROOT: /opt/sw/spack/apps/linux-rhel8-x86_64_v2/gcc-10.3.0/zlib-1.2.11-2y
[DEBUG] env._LMFILES_: /opt/ohpc/pub/modulefiles/ohpc:/opt/ohpc/admin/lmod/8.2.10/modulefiles/Core/use.own.lua:/opt/ohpc/pub/modulefiles/autotools.lua:/opt/ohpc/pub/modulefiles/prun/2.0.lua:/etc/modulefiles/Core/hosts/hopper:/opt/ohpc/pub/modulefiles/gnu10/10.3.0-ya.lua:/opt/sw/spack/modules/lmod/linux-rhel8-x86_64/gcc/10.3.0/zlib/1.2.11-2y.lua:/opt/sw/spack/modules/lmod/linux-rhel8-x86_64/gcc/10.3.0/openmpi4/4.1.2-4a.lua:/opt/sw/spack/modules/lmod/linux-rhel8-x86_64/gcc/10.3.0/curl/7.80.0-rm.lua:/opt/sw/spack/modules/lmod/linux-rhel8-x86_64/gcc/10.3.0/bzip2/1.0.8-no.lua:/opt/sw/spack/modules/lmod/linux-rhel8-x86_64/gcc/10.3.0/perl/5.34.0-lm.lua:/opt/sw/spack/modules/lmod/linux-rhel8-x86_64/gcc/10.3.0/git/2.39.1-vd.lua
[DEBUG] env._ModuleTable001_: X01vZHVsZVRhYmxlXz17WyJNVHZlcnNpb24iXT0zLFsiY19yZWJ1aWxkVGltZSJdPTg2NDAwLFsiY19zaG9ydFRpbWUiXT1mYWxzZSxkZXB0aFQ9e30sZmFtaWx5PXtbImNvbXBpbGVyIl09ImdudTEwIixbIm1waSJdPSJvcGVubXBpNCIsfSxtVD17YXV0b3Rvb2xzPXtbImZuIl09Ii9vcHQvb2hwYy9wdWIvbW9kdWxlZmlsZXMvYXV0b3Rvb2xzLmx1YSIsWyJmdWxsTmFtZSJdPSJhdXRvdG9vbHMiLFsibG9hZE9yZGVyIl09Myxwcm9wVD17fSxbInN0YWNrRGVwdGgiXT0xLFsic3RhdHVzIl09ImFjdGl2ZSIsWyJ1c2VyTmFtZSJdPSJhdXRvdG9vbHMiLH0sYnppcDI9e1siZm4iXT0iL29wdC9zdy9zcGFjay9tb2R1bGVzL2xtb2QvbGludXgtcmhlbDgteDg2XzY0L2djYy8xMC4z
[DEBUG] env._ModuleTable002_: LjAvYnppcDIvMS4wLjgtbm8ubHVhIixbImZ1bGxOYW1lIl09ImJ6aXAyLzEuMC44LW5vIixbImxvYWRPcmRlciJdPTEwLHByb3BUPXt9LFsicmVmX2NvdW50Il09MSxbInN0YWNrRGVwdGgiXT0yLFsic3RhdHVzIl09ImFjdGl2ZSIsWyJ1c2VyTmFtZSJdPSJiemlwMi8xLjAuOC1ubyIsfSxjdXJsPXtbImZuIl09Ii9vcHQvc3cvc3BhY2svbW9kdWxlcy9sbW9kL2xpbnV4LXJoZWw4LXg4Nl82NC9nY2MvMTAuMy4wL2N1cmwvNy44MC4wLXJtLmx1YSIsWyJmdWxsTmFtZSJdPSJjdXJsLzcuODAuMC1ybSIsWyJsb2FkT3JkZXIiXT05LHByb3BUPXt9LFsicmVmX2NvdW50Il09MSxbInN0YWNrRGVwdGgiXT0xLFsic3RhdHVzIl09ImFjdGl2ZSIsWyJ1c2VyTmFtZSJdPSJjdXJsLzcu
[DEBUG] env._ModuleTable003_: ODAuMC1ybSIsfSxnaXQ9e1siZm4iXT0iL29wdC9zdy9zcGFjay9tb2R1bGVzL2xtb2QvbGludXgtcmhlbDgteDg2XzY0L2djYy8xMC4zLjAvZ2l0LzIuMzkuMS12ZC5sdWEiLFsiZnVsbE5hbWUiXT0iZ2l0LzIuMzkuMS12ZCIsWyJsb2FkT3JkZXIiXT0xMixwcm9wVD17fSxbInN0YWNrRGVwdGgiXT0wLFsic3RhdHVzIl09ImFjdGl2ZSIsWyJ1c2VyTmFtZSJdPSJnaXQiLH0sZ251MTA9e1siZm4iXT0iL29wdC9vaHBjL3B1Yi9tb2R1bGVmaWxlcy9nbnUxMC8xMC4zLjAteWEubHVhIixbImZ1bGxOYW1lIl09ImdudTEwLzEwLjMuMC15YSIsWyJsb2FkT3JkZXIiXT02LHByb3BUPXt9LFsic3RhY2tEZXB0aCJdPTAsWyJzdGF0dXMiXT0iYWN0aXZlIixbInVzZXJOYW1lIl09Imdu
[DEBUG] env._ModuleTable004_: dTEwIix9LGhvc3RzPXtbImZuIl09Ii9ldGMvbW9kdWxlZmlsZXMvQ29yZS9ob3N0cy9ob3BwZXIiLFsiZnVsbE5hbWUiXT0iaG9zdHMvaG9wcGVyIixbImxvYWRPcmRlciJdPTUscHJvcFQ9e30sWyJzdGFja0RlcHRoIl09MCxbInN0YXR1cyJdPSJhY3RpdmUiLFsidXNlck5hbWUiXT0iaG9zdHMvaG9wcGVyIix9LG9ocGM9e1siZm4iXT0iL29wdC9vaHBjL3B1Yi9tb2R1bGVmaWxlcy9vaHBjIixbImZ1bGxOYW1lIl09Im9ocGMiLFsibG9hZE9yZGVyIl09MSxwcm9wVD17fSxbInN0YWNrRGVwdGgiXT0wLFsic3RhdHVzIl09ImFjdGl2ZSIsWyJ1c2VyTmFtZSJdPSJvaHBjIix9LG9wZW5tcGk0PXtbImZuIl09Ii9vcHQvc3cvc3BhY2svbW9kdWxlcy9sbW9kL2xpbnV4LXJoZWw4
[DEBUG] env._ModuleTable005_: LXg4Nl82NC9nY2MvMTAuMy4wL29wZW5tcGk0LzQuMS4yLTRhLmx1YSIsWyJmdWxsTmFtZSJdPSJvcGVubXBpNC80LjEuMi00YSIsWyJsb2FkT3JkZXIiXT04LHByb3BUPXt9LFsic3RhY2tEZXB0aCJdPTAsWyJzdGF0dXMiXT0iYWN0aXZlIixbInVzZXJOYW1lIl09Im9wZW5tcGk0Iix9LHBlcmw9e1siZm4iXT0iL29wdC9zdy9zcGFjay9tb2R1bGVzL2xtb2QvbGludXgtcmhlbDgteDg2XzY0L2djYy8xMC4zLjAvcGVybC81LjM0LjAtbG0ubHVhIixbImZ1bGxOYW1lIl09InBlcmwvNS4zNC4wLWxtIixbImxvYWRPcmRlciJdPTExLHByb3BUPXt9LFsicmVmX2NvdW50Il09MSxbInN0YWNrRGVwdGgiXT0xLFsic3RhdHVzIl09ImFjdGl2ZSIsWyJ1c2VyTmFtZSJdPSJwZXJsLzUu
[DEBUG] env._ModuleTable006_: MzQuMC1sbSIsfSxwcnVuPXtbImZuIl09Ii9vcHQvb2hwYy9wdWIvbW9kdWxlZmlsZXMvcHJ1bi8yLjAubHVhIixbImZ1bGxOYW1lIl09InBydW4vMi4wIixbImxvYWRPcmRlciJdPTQscHJvcFQ9e30sWyJzdGFja0RlcHRoIl09MSxbInN0YXR1cyJdPSJhY3RpdmUiLFsidXNlck5hbWUiXT0icHJ1biIsfSxbInVzZS5vd24iXT17WyJmbiJdPSIvb3B0L29ocGMvYWRtaW4vbG1vZC84LjIuMTAvbW9kdWxlZmlsZXMvQ29yZS91c2Uub3duLmx1YSIsWyJmdWxsTmFtZSJdPSJ1c2Uub3duIixbImxvYWRPcmRlciJdPTIscHJvcFQ9e30sWyJzdGFja0RlcHRoIl09MSxbInN0YXR1cyJdPSJhY3RpdmUiLFsidXNlck5hbWUiXT0idXNlLm93biIsfSx6bGliPXtbImZuIl09Ii9vcHQvc3cv
[DEBUG] env._ModuleTable007_: c3BhY2svbW9kdWxlcy9sbW9kL2xpbnV4LXJoZWw4LXg4Nl82NC9nY2MvMTAuMy4wL3psaWIvMS4yLjExLTJ5Lmx1YSIsWyJmdWxsTmFtZSJdPSJ6bGliLzEuMi4xMS0yeSIsWyJsb2FkT3JkZXIiXT03LHByb3BUPXt9LFsicmVmX2NvdW50Il09NCxbInN0YWNrRGVwdGgiXT0yLFsic3RhdHVzIl09ImFjdGl2ZSIsWyJ1c2VyTmFtZSJdPSJ6bGliLzEuMi4xMS0yeSIsfSx9LG1wYXRoQT17Ii9vcHQvc3cvb3RoZXIvbW9kdWxlZGVwcy9saW51eC1yaGVsOC14ODZfNjRfdjIvZ2NjLTEwLjMuMC1vcGVubXBpLTQuMS4yIiwiL29wdC9zdy9zcGFjay9tb2R1bGVkZXBzL2xpbnV4LXJoZWw4LXg4Nl82NC9nbnUtMTAuMy4wLW9wZW5tcGktNC4xLjIiLCIvb3B0L3N3L290aGVyL21vZHVs
[DEBUG] env._ModuleTable008_: ZWRlcHMvbGludXgtcmhlbDgteDg2XzY0X3YyL2djYy0xMC4zLjAiLCIvb3B0L3N3L3NwYWNrL21vZHVsZXMvbG1vZC0yMDI0L2xpbnV4LXJoZWw4LXg4Nl82NC9nY2MvMTAuMy4wIiwiL29wdC9zdy9zcGFjay9tb2R1bGVzL2xtb2QvbGludXgtcmhlbDgteDg2XzY0L2djYy8xMC4zLjAiLCIvb3B0L3N3L290aGVyL21vZHVsZWZpbGVzIiwiL29wdC9vaHBjL3B1Yi9tb2R1bGVmaWxlcyIsIi9ldGMvbW9kdWxlZmlsZXMvQ29yZSIsIi9vcHQvb2hwYy9hZG1pbi9sbW9kLzguMi4xMC9tb2R1bGVmaWxlcy9Db3JlIiwiL2hvbWUvdGJhcmFsL3ByaXZhdGVtb2R1bGVzIix9LFsic3lzdGVtQmFzZU1QQVRIIl09Ii9vcHQvb2hwYy9wdWIvbW9kdWxlZmlsZXMiLH0=
[DEBUG] env._ModuleTable009_: LjIuMTEtMnkiLH0sfSxtcGF0aEE9eyIvb3B0L3N3L290aGVyL21vZHVsZWRlcHMvbGludXgtcmhlbDgteDg2XzY0X3YyL2djYy0xMC4zLjAtb3Blbm1waS00LjEuMiIsIi9vcHQvc3cvc3BhY2svbW9kdWxlZGVwcy9saW51eC1yaGVsOC14ODZfNjQvZ251LTEwLjMuMC1vcGVubXBpLTQuMS4yIiwiL29wdC9zdy9vdGhlci9tb2R1bGVkZXBzL2xpbnV4LXJoZWw4LXg4Nl82NF92Mi9nY2MtMTAuMy4wIiwiL29wdC9zdy9zcGFjay9tb2R1bGVzL2xtb2QtMjAyNC9saW51eC1yaGVsOC14ODZfNjQvZ2NjLzEwLjMuMCIsIi9vcHQvc3cvc3BhY2svbW9kdWxlcy9sbW9kL2xpbnV4LXJoZWw4LXg4Nl82NC9nY2MvMTAuMy4wIiwiL29wdC9zdy9vdGhlci9tb2R1bGVmaWxlcyIsIi9vcHQv
[DEBUG] env._ModuleTable_Sz_: 8
[DEBUG] env.__LMOD_REF_COUNT_ACLOCAL_PATH: /opt/sw/spack/apps/linux-rhel8-x86_64_v2/gcc-10.3.0/curl-7.80.0-rm/share/aclocal:1
[DEBUG] env.__LMOD_REF_COUNT_CMAKE_PREFIX_PATH: /opt/sw/spack/apps/linux-rhel8-x86_64_v2/gcc-10.3.0/git-2.39.1-vd:1;/opt/sw/spack/apps/linux-rhel8-x86_64_v2/gcc-10.3.0/perl-5.34.0-lm:1;/opt/sw/spack/apps/linux-rhel8-x86_64_v2/gcc-10.3.0/bzip2-1.0.8-no:1;/opt/sw/spack/apps/linux-rhel8-x86_64_v2/gcc-10.3.0/curl-7.80.0-rm:1;/opt/sw/spack/apps/linux-rhel8-x86_64_v2/gcc-10.3.0/openmpi-4.1.2-4a:1;/opt/sw/spack/apps/linux-rhel8-x86_64_v2/gcc-10.3.0/zlib-1.2.11-2y:1;/opt/sw/spack/apps/linux-rhel8-x86_64_v2/gcc-9.3.0/gcc-10.3.0-ya:1
[DEBUG] env.__LMOD_REF_COUNT_CPLUS_INCLUDE_PATH: /opt/sw/spack/apps/linux-rhel8-x86_64_v2/gcc-10.3.0/bzip2-1.0.8-no/include:1;/opt/sw/spack/apps/linux-rhel8-x86_64_v2/gcc-10.3.0/curl-7.80.0-rm/include:1;/opt/sw/spack/apps/linux-rhel8-x86_64_v2/gcc-10.3.0/openmpi-4.1.2-4a/include:1;/opt/sw/spack/apps/linux-rhel8-x86_64_v2/gcc-10.3.0/zlib-1.2.11-2y/include:1;/opt/sw/spack/apps/linux-rhel8-x86_64_v2/gcc-9.3.0/gcc-10.3.0-ya/include:1
[DEBUG] env.__LMOD_REF_COUNT_C_INCLUDE_PATH: /opt/sw/spack/apps/linux-rhel8-x86_64_v2/gcc-10.3.0/bzip2-1.0.8-no/include:1;/opt/sw/spack/apps/linux-rhel8-x86_64_v2/gcc-10.3.0/curl-7.80.0-rm/include:1;/opt/sw/spack/apps/linux-rhel8-x86_64_v2/gcc-10.3.0/openmpi-4.1.2-4a/include:1;/opt/sw/spack/apps/linux-rhel8-x86_64_v2/gcc-10.3.0/zlib-1.2.11-2y/include:1;/opt/sw/spack/apps/linux-rhel8-x86_64_v2/gcc-9.3.0/gcc-10.3.0-ya/include:1
[DEBUG] env.__LMOD_REF_COUNT_INCLUDE: /opt/sw/spack/apps/linux-rhel8-x86_64_v2/gcc-10.3.0/bzip2-1.0.8-no/include:1;/opt/sw/spack/apps/linux-rhel8-x86_64_v2/gcc-10.3.0/curl-7.80.0-rm/include:1;/opt/sw/spack/apps/linux-rhel8-x86_64_v2/gcc-10.3.0/openmpi-4.1.2-4a/include:1;/opt/sw/spack/apps/linux-rhel8-x86_64_v2/gcc-10.3.0/zlib-1.2.11-2y/include:1;/opt/sw/spack/apps/linux-rhel8-x86_64_v2/gcc-9.3.0/gcc-10.3.0-ya/include/c++/10.3.0:1;/opt/sw/spack/apps/linux-rhel8-x86_64_v2/gcc-9.3.0/gcc-10.3.0-ya/include:1
[DEBUG] env.__LMOD_REF_COUNT_LD_LIBRARY_PATH: /opt/sw/spack/apps/linux-rhel8-x86_64_v2/gcc-10.3.0/perl-5.34.0-lm/lib:1;/opt/sw/spack/apps/linux-rhel8-x86_64_v2/gcc-10.3.0/bzip2-1.0.8-no/lib:1;/opt/sw/spack/apps/linux-rhel8-x86_64_v2/gcc-10.3.0/curl-7.80.0-rm/lib:1;/opt/sw/spack/apps/linux-rhel8-x86_64_v2/gcc-10.3.0/openmpi-4.1.2-4a/lib:1;/opt/sw/spack/apps/linux-rhel8-x86_64_v2/gcc-10.3.0/zlib-1.2.11-2y/lib:1;/opt/sw/spack/apps/linux-rhel8-x86_64_v2/gcc-9.3.0/gcc-10.3.0-ya/lib64:1;/opt/sw/spack/apps/linux-rhel8-x86_64_v2/gcc-9.3.0/gcc-10.3.0-ya/lib:1
[DEBUG] env.__LMOD_REF_COUNT_LIBRARY_PATH: /opt/sw/spack/apps/linux-rhel8-x86_64_v2/gcc-10.3.0/perl-5.34.0-lm/lib:1;/opt/sw/spack/apps/linux-rhel8-x86_64_v2/gcc-10.3.0/bzip2-1.0.8-no/lib:1;/opt/sw/spack/apps/linux-rhel8-x86_64_v2/gcc-10.3.0/curl-7.80.0-rm/lib:1;/opt/sw/spack/apps/linux-rhel8-x86_64_v2/gcc-10.3.0/openmpi-4.1.2-4a/lib:1;/opt/sw/spack/apps/linux-rhel8-x86_64_v2/gcc-10.3.0/zlib-1.2.11-2y/lib:1;/opt/sw/spack/apps/linux-rhel8-x86_64_v2/gcc-9.3.0/gcc-10.3.0-ya/lib64:1;/opt/sw/spack/apps/linux-rhel8-x86_64_v2/gcc-9.3.0/gcc-10.3.0-ya/lib:1
[DEBUG] env.__LMOD_REF_COUNT_LOADEDMODULES: ohpc:1;use.own:1;autotools:1;prun/2.0:1;hosts/hopper:1;gnu10/10.3.0-ya:1;zlib/1.2.11-2y:1;openmpi4/4.1.2-4a:1;curl/7.80.0-rm:1;bzip2/1.0.8-no:1;perl/5.34.0-lm:1;git/2.39.1-vd:1
[DEBUG] env.__LMOD_REF_COUNT_MANPATH: /opt/sw/spack/apps/linux-rhel8-x86_64_v2/gcc-10.3.0/git-2.39.1-vd/share/man:1;/opt/sw/spack/apps/linux-rhel8-x86_64_v2/gcc-10.3.0/perl-5.34.0-lm/man:1;/opt/sw/spack/apps/linux-rhel8-x86_64_v2/gcc-10.3.0/bzip2-1.0.8-no/man:1;/opt/sw/spack/apps/linux-rhel8-x86_64_v2/gcc-10.3.0/curl-7.80.0-rm/share/man:1;/opt/sw/spack/apps/linux-rhel8-x86_64_v2/gcc-10.3.0/openmpi-4.1.2-4a/share/man:1;/opt/sw/spack/apps/linux-rhel8-x86_64_v2/gcc-10.3.0/zlib-1.2.11-2y/share/man:1;/opt/sw/spack/apps/linux-rhel8-x86_64_v2/gcc-9.3.0/gcc-10.3.0-ya/share/man:1;/usr/share/man:4;/opt/ohpc/pub/utils/autotools/share/man:1;/usr/local/share/man:4;/usr/share/man/overrides:4;/usr/share/man/en:4
[DEBUG] env.__LMOD_REF_COUNT_MODULEPATH: /opt/sw/other/moduledeps/linux-rhel8-x86_64_v2/gcc-10.3.0-openmpi-4.1.2:1;/opt/sw/spack/moduledeps/linux-rhel8-x86_64/gnu-10.3.0-openmpi-4.1.2:1;/opt/sw/other/moduledeps/linux-rhel8-x86_64_v2/gcc-10.3.0:1;/opt/sw/spack/modules/lmod-2024/linux-rhel8-x86_64/gcc/10.3.0:1;/opt/sw/spack/modules/lmod/linux-rhel8-x86_64/gcc/10.3.0:1;/opt/sw/other/modulefiles:1;/opt/ohpc/pub/modulefiles:2;/etc/modulefiles/Core:1;/opt/ohpc/admin/lmod/8.2.10/modulefiles/Core:1;/home/tbaral/privatemodules:1
[DEBUG] env.__LMOD_REF_COUNT_PATH: /opt/sw/spack/apps/linux-rhel8-x86_64_v2/gcc-10.3.0/git-2.39.1-vd/bin:1;/opt/sw/spack/apps/linux-rhel8-x86_64_v2/gcc-10.3.0/perl-5.34.0-lm/bin:1;/opt/sw/spack/apps/linux-rhel8-x86_64_v2/gcc-10.3.0/bzip2-1.0.8-no/bin:1;/opt/sw/spack/apps/linux-rhel8-x86_64_v2/gcc-10.3.0/curl-7.80.0-rm/bin:1;/opt/sw/spack/apps/linux-rhel8-x86_64_v2/gcc-10.3.0/openmpi-4.1.2-4a/bin:1;/opt/sw/spack/apps/linux-rhel8-x86_64_v2/gcc-9.3.0/gcc-10.3.0-ya/bin:1;/home/tbaral/.nvm/versions/node/v24.0.0/bin:1;/home/tbaral/.sdkman/candidates/java/current/bin:1;/home/tbaral/.vscode-server/cli/servers/Stable-2901c5ac6db8a986a5666c3af51ff804d05af0d4/server/bin/remote-cli:1;/opt/ohpc/pub/utils/prun/2.0:1;/opt/ohpc/pub/utils/autotools/bin:1;/opt/ohpc/pub/bin:2;/usr/local/bin:1;/usr/bin:1;/usr/local/sbin:1;/usr/sbin:1;/opt/dell/srvadmin/bin:1;/home/tbaral/.vscode-server/extensions/ms-python.debugpy-2025.10.0-linux-x64/bundled/scripts/noConfigScripts:1;/home/tbaral/.vscode-server/data/User/globalStorage/github.copilot-chat/debugCommand:1
[DEBUG] env.__LMOD_REF_COUNT_PKG_CONFIG_PATH: /opt/sw/spack/apps/linux-rhel8-x86_64_v2/gcc-10.3.0/curl-7.80.0-rm/lib/pkgconfig:1;/opt/sw/spack/apps/linux-rhel8-x86_64_v2/gcc-10.3.0/openmpi-4.1.2-4a/lib/pkgconfig:1;/opt/sw/spack/apps/linux-rhel8-x86_64_v2/gcc-10.3.0/zlib-1.2.11-2y/lib/pkgconfig:1
[DEBUG] env.__LMOD_REF_COUNT__LMFILES_: /opt/ohpc/pub/modulefiles/ohpc:1;/opt/ohpc/admin/lmod/8.2.10/modulefiles/Core/use.own.lua:1;/opt/ohpc/pub/modulefiles/autotools.lua:1;/opt/ohpc/pub/modulefiles/prun/2.0.lua:1;/etc/modulefiles/Core/hosts/hopper:1;/opt/ohpc/pub/modulefiles/gnu10/10.3.0-ya.lua:1;/opt/sw/spack/modules/lmod/linux-rhel8-x86_64/gcc/10.3.0/zlib/1.2.11-2y.lua:1;/opt/sw/spack/modules/lmod/linux-rhel8-x86_64/gcc/10.3.0/openmpi4/4.1.2-4a.lua:1;/opt/sw/spack/modules/lmod/linux-rhel8-x86_64/gcc/10.3.0/curl/7.80.0-rm.lua:1;/opt/sw/spack/modules/lmod/linux-rhel8-x86_64/gcc/10.3.0/bzip2/1.0.8-no.lua:1;/opt/sw/spack/modules/lmod/linux-rhel8-x86_64/gcc/10.3.0/perl/5.34.0-lm.lua:1;/opt/sw/spack/modules/lmod/linux-rhel8-x86_64/gcc/10.3.0/git/2.39.1-vd.lua:1
[DEBUG] env.which_declare: declare -f
[DEBUG] failIfNoTests: false
[DEBUG] file.encoding: UTF-8
[DEBUG] file.encoding.pkg: sun.io
[DEBUG] file.separator: /
[DEBUG] java.awt.graphicsenv: sun.awt.X11GraphicsEnvironment
[DEBUG] java.awt.printerjob: sun.print.PSPrinterJob
[DEBUG] java.class.path: /scratch/tbaral/ase26/otog/setups/maven/boot/plexus-classworlds-2.6.0.jar
[DEBUG] java.class.version: 52.0
[DEBUG] java.endorsed.dirs: /scratch/tbaral/ase26/otog/setups/jdk1.8.0_102/jre/lib/endorsed
[DEBUG] java.ext.dirs: /scratch/tbaral/ase26/otog/setups/jdk1.8.0_102/jre/lib/ext:/usr/java/packages/lib/ext
[DEBUG] java.home: /scratch/tbaral/ase26/otog/setups/jdk1.8.0_102/jre
[DEBUG] java.io.tmpdir: /tmp
[DEBUG] java.library.path: /opt/sw/spack/apps/linux-rhel8-x86_64_v2/gcc-10.3.0/perl-5.34.0-lm/lib:/opt/sw/spack/apps/linux-rhel8-x86_64_v2/gcc-10.3.0/bzip2-1.0.8-no/lib:/opt/sw/spack/apps/linux-rhel8-x86_64_v2/gcc-10.3.0/curl-7.80.0-rm/lib:/opt/sw/spack/apps/linux-rhel8-x86_64_v2/gcc-10.3.0/openmpi-4.1.2-4a/lib:/opt/sw/spack/apps/linux-rhel8-x86_64_v2/gcc-10.3.0/zlib-1.2.11-2y/lib:/opt/sw/spack/apps/linux-rhel8-x86_64_v2/gcc-9.3.0/gcc-10.3.0-ya/lib64:/opt/sw/spack/apps/linux-rhel8-x86_64_v2/gcc-9.3.0/gcc-10.3.0-ya/lib:/usr/java/packages/lib/amd64:/usr/lib64:/lib64:/lib:/usr/lib
[DEBUG] java.runtime.name: Java(TM) SE Runtime Environment
[DEBUG] java.runtime.version: 1.8.0_102-b14
[DEBUG] java.specification.name: Java Platform API Specification
[DEBUG] java.specification.vendor: Oracle Corporation
[DEBUG] java.specification.version: 1.8
[DEBUG] java.vendor: Oracle Corporation
[DEBUG] java.vendor.url: http://java.oracle.com/
[DEBUG] java.vendor.url.bug: http://bugreport.sun.com/bugreport/
[DEBUG] java.version: 1.8.0_102
[DEBUG] java.vm.info: mixed mode
[DEBUG] java.vm.name: Java HotSpot(TM) 64-Bit Server VM
[DEBUG] java.vm.specification.name: Java Virtual Machine Specification
[DEBUG] java.vm.specification.vendor: Oracle Corporation
[DEBUG] java.vm.specification.version: 1.8
[DEBUG] java.vm.vendor: Oracle Corporation
[DEBUG] java.vm.version: 25.102-b14
[DEBUG] library.jansi.path: /scratch/tbaral/ase26/otog/setups/maven/lib/jansi-native
[DEBUG] line.separator: 

[DEBUG] maven.build.timestamp: 2025-07-17T18:42:21Z
[DEBUG] maven.build.version: Apache Maven 3.6.3 (cecedd343002696d0abb50b32b541b8a6ba2883f)
[DEBUG] maven.conf: /scratch/tbaral/ase26/otog/setups/maven/conf
[DEBUG] maven.home: /scratch/tbaral/ase26/otog/setups/maven
[DEBUG] maven.multiModuleProjectDirectory: /scratch/tbaral/ase26/nod-rr/NOD-Test-Repair/run_flakerake/projects_complete/30
[DEBUG] maven.version: 3.6.3
[DEBUG] module.exportedPackages: !delight.nashornsandbox.internal*,delight.nashornsandbox*
[DEBUG] module.importedPackages: *
[DEBUG] module.serviceDefinitions: 
[DEBUG] os.arch: amd64
[DEBUG] os.name: Linux
[DEBUG] os.version: 4.18.0-553.33.1.el8_10.x86_64
[DEBUG] path.separator: :
[DEBUG] project.baseUri: file:/scratch/tbaral/ase26/nod-rr/NOD-Test-Repair/run_flakerake/projects_complete/30/
[DEBUG] skipITs: true
[DEBUG] skipTests: true
[DEBUG] sun.arch.data.model: 64
[DEBUG] sun.boot.class.path: /scratch/tbaral/ase26/otog/setups/jdk1.8.0_102/jre/lib/resources.jar:/scratch/tbaral/ase26/otog/setups/jdk1.8.0_102/jre/lib/rt.jar:/scratch/tbaral/ase26/otog/setups/jdk1.8.0_102/jre/lib/sunrsasign.jar:/scratch/tbaral/ase26/otog/setups/jdk1.8.0_102/jre/lib/jsse.jar:/scratch/tbaral/ase26/otog/setups/jdk1.8.0_102/jre/lib/jce.jar:/scratch/tbaral/ase26/otog/setups/jdk1.8.0_102/jre/lib/charsets.jar:/scratch/tbaral/ase26/otog/setups/jdk1.8.0_102/jre/lib/jfr.jar:/scratch/tbaral/ase26/otog/setups/jdk1.8.0_102/jre/classes
[DEBUG] sun.boot.library.path: /scratch/tbaral/ase26/otog/setups/jdk1.8.0_102/jre/lib/amd64
[DEBUG] sun.cpu.endian: little
[DEBUG] sun.cpu.isalist: 
[DEBUG] sun.io.unicode.encoding: UnicodeLittle
[DEBUG] sun.java.command: org.codehaus.plexus.classworlds.launcher.Launcher test -X -Dtest=delight.nashornsandbox.TestGetFunction#test -DfailIfNoTests=false -DskipTests -q -B -fn -s /scratch/tbaral/ase26/nod-rr/NOD-Test-Repair/flakerake/shell_scripts/maven-repo-fix-settings.xml -DskipITs
[DEBUG] sun.java.launcher: SUN_STANDARD
[DEBUG] sun.jnu.encoding: UTF-8
[DEBUG] sun.management.compiler: HotSpot 64-Bit Tiered Compilers
[DEBUG] sun.os.patch.level: unknown
[DEBUG] test: delight.nashornsandbox.TestGetFunction#test
[DEBUG] user.country: US
[DEBUG] user.dir: /scratch/tbaral/ase26/nod-rr/NOD-Test-Repair/run_flakerake/projects_complete/30
[DEBUG] user.home: /home/tbaral
[DEBUG] user.language: en
[DEBUG] user.name: tbaral
[DEBUG] user.timezone: 
[WARNING] Using platform encoding (UTF-8 actually) to copy filtered resources, i.e. build is platform dependent!
[DEBUG] Using 'null' encoding to copy filtered properties files.
[DEBUG] resource with targetPath null
directory /scratch/tbaral/ase26/nod-rr/NOD-Test-Repair/run_flakerake/projects_complete/30/src/test/resources
excludes []
includes []
[DEBUG] ignoreDelta true
[INFO] Copying 1 resource from src/test/resources to target/test-classes
[DEBUG] Copying file log4j.properties
[DEBUG] file log4j.properties has a filtered file extension
[DEBUG] Using 'null' encoding to copy filtered resource 'log4j.properties'.
[DEBUG] copy /scratch/tbaral/ase26/nod-rr/NOD-Test-Repair/run_flakerake/projects_complete/30/src/test/resources/log4j.properties to /scratch/tbaral/ase26/nod-rr/NOD-Test-Repair/run_flakerake/projects_complete/30/target/test-classes/log4j.properties
[DEBUG] no user filter components
[INFO] 
[INFO] --- maven-compiler-plugin:3.14.0:testCompile (default-testCompile) @ delight-nashorn-sandbox ---
[DEBUG] Configuring mojo org.apache.maven.plugins:maven-compiler-plugin:3.14.0:testCompile from plugin realm ClassRealm[plugin>org.apache.maven.plugins:maven-compiler-plugin:3.14.0, parent: sun.misc.Launcher$AppClassLoader@5c647e05]
[DEBUG] Configuring mojo 'org.apache.maven.plugins:maven-compiler-plugin:3.14.0:testCompile' with basic configurator -->
[DEBUG]   (f) annotationProcessorPathsUseDepMgmt = false
[DEBUG]   (f) basedir = /scratch/tbaral/ase26/nod-rr/NOD-Test-Repair/run_flakerake/projects_complete/30
[DEBUG]   (f) buildDirectory = /scratch/tbaral/ase26/nod-rr/NOD-Test-Repair/run_flakerake/projects_complete/30/target
[DEBUG]   (f) compileSourceRoots = [/scratch/tbaral/ase26/nod-rr/NOD-Test-Repair/run_flakerake/projects_complete/30/src/test/java]
[DEBUG]   (f) compilerId = javac
[DEBUG]   (f) createMissingPackageInfoClass = true
[DEBUG]   (f) debug = true
[DEBUG]   (f) debugFileName = javac-test
[DEBUG]   (f) enablePreview = false
[DEBUG]   (f) failOnError = true
[DEBUG]   (f) failOnWarning = false
[DEBUG]   (f) fileExtensions = [jar, class]
[DEBUG]   (f) forceJavacCompilerUse = false
[DEBUG]   (f) forceLegacyJavacApi = false
[DEBUG]   (f) fork = false
[DEBUG]   (f) generatedTestSourcesDirectory = /scratch/tbaral/ase26/nod-rr/NOD-Test-Repair/run_flakerake/projects_complete/30/target/generated-test-sources/test-annotations
[DEBUG]   (f) mojoExecution = org.apache.maven.plugins:maven-compiler-plugin:3.14.0:testCompile {execution: default-testCompile}
[DEBUG]   (f) optimize = false
[DEBUG]   (f) outputDirectory = /scratch/tbaral/ase26/nod-rr/NOD-Test-Repair/run_flakerake/projects_complete/30/target/test-classes
[DEBUG]   (f) parameters = false
[DEBUG]   (f) project = MavenProject: org.javadelight:delight-nashorn-sandbox:0.1.19-SNAPSHOT @ /scratch/tbaral/ase26/nod-rr/NOD-Test-Repair/run_flakerake/projects_complete/30/pom.xml
[DEBUG]   (f) session = org.apache.maven.execution.MavenSession@21ab988f
[DEBUG]   (f) showCompilationChanges = false
[DEBUG]   (f) showDeprecation = false
[DEBUG]   (f) showWarnings = true
[DEBUG]   (f) skipMultiThreadWarning = false
[DEBUG]   (f) source = 1.8
[DEBUG]   (f) staleMillis = 0
[DEBUG]   (s) target = 1.8
[DEBUG]   (f) testPath = [/scratch/tbaral/ase26/nod-rr/NOD-Test-Repair/run_flakerake/projects_complete/30/target/test-classes, /scratch/tbaral/ase26/nod-rr/NOD-Test-Repair/run_flakerake/projects_complete/30/target/classes, /home/tbaral/.m2/repository/org/slf4j/slf4j-api/1.7.25/slf4j-api-1.7.25.jar, /home/tbaral/.m2/repository/org/webjars/bower/js-beautify/1.6.12/js-beautify-1.6.12.jar, /home/tbaral/.m2/repository/junit/junit/4.7/junit-4.7.jar, /home/tbaral/.m2/repository/org/slf4j/slf4j-log4j12/1.7.25/slf4j-log4j12-1.7.25.jar, /home/tbaral/.m2/repository/log4j/log4j/1.2.17/log4j-1.2.17.jar]
[DEBUG]   (f) useIncrementalCompilation = true
[DEBUG]   (f) useModulePath = true
[DEBUG]   (f) verbose = false
[DEBUG] -- end configuration --
[DEBUG] Using compiler 'javac'.
[DEBUG] Adding /scratch/tbaral/ase26/nod-rr/NOD-Test-Repair/run_flakerake/projects_complete/30/target/generated-test-sources/test-annotations to test-compile source roots:
  /scratch/tbaral/ase26/nod-rr/NOD-Test-Repair/run_flakerake/projects_complete/30/src/test/java
[DEBUG] New test-compile source roots:
  /scratch/tbaral/ase26/nod-rr/NOD-Test-Repair/run_flakerake/projects_complete/30/src/test/java
  /scratch/tbaral/ase26/nod-rr/NOD-Test-Repair/run_flakerake/projects_complete/30/target/generated-test-sources/test-annotations
[DEBUG] CompilerReuseStrategy: reuseCreated
[DEBUG] useIncrementalCompilation enabled
[INFO] Nothing to compile - all classes are up to date.
[INFO] 
[INFO] --- maven-surefire-plugin:3.5.3:test (default-test) @ delight-nashorn-sandbox ---
[DEBUG] Dependency collection stats: {ConflictMarker.analyzeTime=50215, ConflictMarker.markTime=27833, ConflictMarker.nodeCount=25, ConflictIdSorter.graphTime=8806, ConflictIdSorter.topsortTime=15359, ConflictIdSorter.conflictIdCount=15, ConflictIdSorter.conflictIdCycleCount=0, ConflictResolver.totalTime=277253, ConflictResolver.conflictItemCount=25, DefaultDependencyCollector.collectTime=163606049, DefaultDependencyCollector.transformTime=421356}
[DEBUG] org.apache.maven.plugins:maven-surefire-plugin:jar:3.5.3
[DEBUG]    org.apache.maven.surefire:surefire-api:jar:3.5.3:compile
[DEBUG]       org.apache.maven.surefire:surefire-logger-api:jar:3.5.3:compile
[DEBUG]       org.apache.maven.surefire:surefire-shared-utils:jar:3.5.3:compile (version managed from default)
[DEBUG]    org.apache.maven.surefire:surefire-extensions-api:jar:3.5.3:compile
[DEBUG]    org.apache.maven.surefire:maven-surefire-common:jar:3.5.3:compile
[DEBUG]       org.apache.maven.surefire:surefire-booter:jar:3.5.3:compile
[DEBUG]          org.apache.maven.surefire:surefire-extensions-spi:jar:3.5.3:compile
[DEBUG]       org.apache.maven.resolver:maven-resolver-util:jar:1.4.1:compile
[DEBUG]          org.apache.maven.resolver:maven-resolver-api:jar:1.4.1:compile
[DEBUG]       org.apache.maven.shared:maven-common-artifact-filters:jar:3.4.0:compile (version managed from default)
[DEBUG]          org.slf4j:slf4j-api:jar:1.7.36:compile (version managed from default)
[DEBUG]       org.codehaus.plexus:plexus-java:jar:1.4.0:compile (version managed from default)
[DEBUG]          org.ow2.asm:asm:jar:9.7.1:compile
[DEBUG]          com.thoughtworks.qdox:qdox:jar:2.2.0:compile
[DEBUG]    org.codehaus.plexus:plexus-utils:jar:1.1:runtime
[DEBUG] Created new class realm plugin>org.apache.maven.plugins:maven-surefire-plugin:3.5.3
[DEBUG] Importing foreign packages into class realm plugin>org.apache.maven.plugins:maven-surefire-plugin:3.5.3
[DEBUG]   Imported:  < project>org.javadelight:delight-nashorn-sandbox:0.1.19-SNAPSHOT
[DEBUG] Populating class realm plugin>org.apache.maven.plugins:maven-surefire-plugin:3.5.3
[DEBUG]   Included: org.apache.maven.plugins:maven-surefire-plugin:jar:3.5.3
[DEBUG]   Included: org.apache.maven.surefire:surefire-api:jar:3.5.3
[DEBUG]   Included: org.apache.maven.surefire:surefire-logger-api:jar:3.5.3
[DEBUG]   Included: org.apache.maven.surefire:surefire-shared-utils:jar:3.5.3
[DEBUG]   Included: org.apache.maven.surefire:surefire-extensions-api:jar:3.5.3
[DEBUG]   Included: org.apache.maven.surefire:maven-surefire-common:jar:3.5.3
[DEBUG]   Included: org.apache.maven.surefire:surefire-booter:jar:3.5.3
[DEBUG]   Included: org.apache.maven.surefire:surefire-extensions-spi:jar:3.5.3
[DEBUG]   Included: org.apache.maven.resolver:maven-resolver-util:jar:1.4.1
[DEBUG]   Included: org.apache.maven.shared:maven-common-artifact-filters:jar:3.4.0
[DEBUG]   Included: org.codehaus.plexus:plexus-java:jar:1.4.0
[DEBUG]   Included: org.ow2.asm:asm:jar:9.7.1
[DEBUG]   Included: com.thoughtworks.qdox:qdox:jar:2.2.0
[DEBUG]   Included: org.codehaus.plexus:plexus-utils:jar:1.1
[DEBUG] Configuring mojo org.apache.maven.plugins:maven-surefire-plugin:3.5.3:test from plugin realm ClassRealm[plugin>org.apache.maven.plugins:maven-surefire-plugin:3.5.3, parent: sun.misc.Launcher$AppClassLoader@5c647e05]
[DEBUG] Configuring mojo 'org.apache.maven.plugins:maven-surefire-plugin:3.5.3:test' with basic configurator -->
[DEBUG]   (f) additionalClasspathDependencies = []
[DEBUG]   (s) additionalClasspathElements = []
[DEBUG]   (s) basedir = /scratch/tbaral/ase26/nod-rr/NOD-Test-Repair/run_flakerake/projects_complete/30
[DEBUG]   (s) childDelegation = false
[DEBUG]   (f) classesDirectory = /scratch/tbaral/ase26/nod-rr/NOD-Test-Repair/run_flakerake/projects_complete/30/target/classes
[DEBUG]   (s) classpathDependencyExcludes = []
[DEBUG]   (s) dependenciesToScan = []
[DEBUG]   (s) enableAssertions = true
[DEBUG]   (s) enableOutErrElements = true
[DEBUG]   (s) enablePropertiesElement = true
[DEBUG]   (s) excludeJUnit5Engines = []
[DEBUG]   (f) excludedEnvironmentVariables = []
[DEBUG]   (s) excludes = []
[DEBUG]   (s) failIfNoSpecifiedTests = true
[DEBUG]   (s) failIfNoTests = false
[DEBUG]   (s) failOnFlakeCount = 0
[DEBUG]   (f) forkCount = 1
[DEBUG]   (s) forkedProcessExitTimeoutInSeconds = 30
[DEBUG]   (s) includeJUnit5Engines = []
[DEBUG]   (s) includes = []
[DEBUG]   (s) junitArtifactName = junit:junit
[DEBUG]   (f) parallelMavenExecution = false
[DEBUG]   (s) parallelOptimized = true
[DEBUG]   (s) perCoreThreadCount = true
[DEBUG]   (s) pluginArtifactMap = {org.apache.maven.plugins:maven-surefire-plugin=org.apache.maven.plugins:maven-surefire-plugin:maven-plugin:3.5.3:, org.apache.maven.surefire:surefire-api=org.apache.maven.surefire:surefire-api:jar:3.5.3:compile, org.apache.maven.surefire:surefire-logger-api=org.apache.maven.surefire:surefire-logger-api:jar:3.5.3:compile, org.apache.maven.surefire:surefire-shared-utils=org.apache.maven.surefire:surefire-shared-utils:jar:3.5.3:compile, org.apache.maven.surefire:surefire-extensions-api=org.apache.maven.surefire:surefire-extensions-api:jar:3.5.3:compile, org.apache.maven.surefire:maven-surefire-common=org.apache.maven.surefire:maven-surefire-common:jar:3.5.3:compile, org.apache.maven.surefire:surefire-booter=org.apache.maven.surefire:surefire-booter:jar:3.5.3:compile, org.apache.maven.surefire:surefire-extensions-spi=org.apache.maven.surefire:surefire-extensions-spi:jar:3.5.3:compile, org.apache.maven.resolver:maven-resolver-util=org.apache.maven.resolver:maven-resolver-util:jar:1.4.1:compile, org.apache.maven.resolver:maven-resolver-api=org.apache.maven.resolver:maven-resolver-api:jar:1.4.1:compile, org.apache.maven.shared:maven-common-artifact-filters=org.apache.maven.shared:maven-common-artifact-filters:jar:3.4.0:compile, org.slf4j:slf4j-api=org.slf4j:slf4j-api:jar:1.7.36:compile, org.codehaus.plexus:plexus-java=org.codehaus.plexus:plexus-java:jar:1.4.0:compile, org.ow2.asm:asm=org.ow2.asm:asm:jar:9.7.1:compile, com.thoughtworks.qdox:qdox=com.thoughtworks.qdox:qdox:jar:2.2.0:compile, org.codehaus.plexus:plexus-utils=org.codehaus.plexus:plexus-utils:jar:1.1:runtime}
[DEBUG]   (f) pluginDescriptor = Component Descriptor: role: 'org.apache.maven.plugin.Mojo', implementation: 'org.apache.maven.plugins.maven_surefire_plugin.HelpMojo', role hint: 'org.apache.maven.plugins:maven-surefire-plugin:3.5.3:help'
role: 'org.apache.maven.plugin.Mojo', implementation: 'org.apache.maven.plugin.surefire.SurefireMojo', role hint: 'org.apache.maven.plugins:maven-surefire-plugin:3.5.3:test'
---
[DEBUG]   (s) printSummary = true
[DEBUG]   (s) project = MavenProject: org.javadelight:delight-nashorn-sandbox:0.1.19-SNAPSHOT @ /scratch/tbaral/ase26/nod-rr/NOD-Test-Repair/run_flakerake/projects_complete/30/pom.xml
[DEBUG]   (s) projectArtifactMap = {org.slf4j:slf4j-api=org.slf4j:slf4j-api:jar:1.7.25:compile, org.webjars.bower:js-beautify=org.webjars.bower:js-beautify:jar:1.6.12:compile, junit:junit=junit:junit:jar:4.7:test, org.slf4j:slf4j-log4j12=org.slf4j:slf4j-log4j12:jar:1.7.25:test, log4j:log4j=log4j:log4j:jar:1.2.17:test}
[DEBUG]   (s) projectBuildDirectory = /scratch/tbaral/ase26/nod-rr/NOD-Test-Repair/run_flakerake/projects_complete/30/target
[DEBUG]   (f) promoteUserPropertiesToSystemProperties = true
[DEBUG]   (s) redirectTestOutputToFile = false
[DEBUG]   (s) reportFormat = brief
[DEBUG]   (s) reportsDirectory = /scratch/tbaral/ase26/nod-rr/NOD-Test-Repair/run_flakerake/projects_complete/30/target/surefire-reports
[DEBUG]   (f) rerunFailingTestsCount = 0
[DEBUG]   (f) reuseForks = true
[DEBUG]   (s) runOrder = filesystem
[DEBUG]   (s) session = org.apache.maven.execution.MavenSession@21ab988f
[DEBUG]   (f) shutdown = exit
[DEBUG]   (s) skip = false
[DEBUG]   (f) skipAfterFailureCount = 0
[DEBUG]   (s) skipTests = true
[DEBUG]   (s) suiteXmlFiles = []
[DEBUG]   (s) tempDir = surefire
[DEBUG]   (s) test = delight.nashornsandbox.TestGetFunction#test
[DEBUG]   (s) testClassesDirectory = /scratch/tbaral/ase26/nod-rr/NOD-Test-Repair/run_flakerake/projects_complete/30/target/test-classes
[DEBUG]   (s) testFailureIgnore = false
[DEBUG]   (s) testNGArtifactName = org.testng:testng
[DEBUG]   (s) testSourceDirectory = /scratch/tbaral/ase26/nod-rr/NOD-Test-Repair/run_flakerake/projects_complete/30/src/test/java
[DEBUG]   (s) threadCountClasses = 0
[DEBUG]   (s) threadCountMethods = 0
[DEBUG]   (s) threadCountSuites = 0
[DEBUG]   (s) trimStackTrace = false
[DEBUG]   (s) useFile = true
[DEBUG]   (s) useManifestOnlyJar = true
[DEBUG]   (f) useModulePath = true
[DEBUG]   (s) useSystemClassLoader = true
[DEBUG]   (s) useUnlimitedThreads = false
[DEBUG]   (s) workingDirectory = /scratch/tbaral/ase26/nod-rr/NOD-Test-Repair/run_flakerake/projects_complete/30
[DEBUG] -- end configuration --
[INFO] Tests are skipped.
[INFO] ------------------------------------------------------------------------
[INFO] BUILD SUCCESS
[INFO] ------------------------------------------------------------------------
[INFO] Total time:  4.137 s
[INFO] Finished at: 2025-07-17T14:42:21-04:00
[INFO] ------------------------------------------------------------------------

INFO:root:Found argLine:''
INFO:root:[INFO] Scanning for projects...
[WARNING] 
[WARNING] Some problems were encountered while building the effective model for org.javadelight:delight-nashorn-sandbox:bundle:0.1.19-SNAPSHOT
[WARNING] 'build.plugins.plugin.version' for org.apache.maven.plugins:maven-compiler-plugin is missing. @ line 91, column 12
[WARNING] Reporting configuration should be done in <reporting> section, not in maven-site-plugin <configuration> as reportPlugins parameter. @ line 159, column 20
[WARNING] 
[WARNING] It is highly recommended to fix these problems because they threaten the stability of your build.
[WARNING] 
[WARNING] For this reason, future Maven versions might no longer support building such malformed projects.
[WARNING] 
[INFO] 
[INFO] --------------< org.javadelight:delight-nashorn-sandbox >---------------
[INFO] Building delight-nashorn-sandbox 0.1.19-SNAPSHOT
[INFO] -------------------------------[ bundle ]-------------------------------
[INFO] 
[INFO] --- maven-dependency-plugin:2.8:build-classpath (default-cli) @ delight-nashorn-sandbox ---
[INFO] Wrote classpath file '/scratch/tbaral/ase26/nod-rr/NOD-Test-Repair/run_flakerake/projects_complete/30/sleepy-records/internal/clazz_path.txt'.
[INFO] ------------------------------------------------------------------------
[INFO] BUILD SUCCESS
[INFO] ------------------------------------------------------------------------
[INFO] Total time:  5.536 s
[INFO] Finished at: 2025-07-17T14:42:28-04:00
[INFO] ------------------------------------------------------------------------

INFO:root:Running test with no sleeping so using default sleep time.
INFO:root:Using timeout 60.0 minutes
INFO:root:Running command:
INFO:root:/scratch/tbaral/ase26/otog/setups/jdk1.8.0_102/bin/java -XX:+ExitOnOutOfMemoryError -Xbootclasspath/p:/home/tbaral/.m2/repository/edu/gmu/swe/flaky/sleepy/sleepy-interceptor/0.0.4-SNAPSHOT/sleepy-interceptor-0.0.4-SNAPSHOT.jar -javaagent:/home/tbaral/.m2/repository/edu/gmu/swe/flaky/sleepy/sleepy-interceptor/0.0.4-SNAPSHOT/sleepy-interceptor-0.0.4-SNAPSHOT.jar   -cp '/home/tbaral/.m2/repository/org/slf4j/slf4j-api/1.7.25/slf4j-api-1.7.25.jar:/home/tbaral/.m2/repository/org/webjars/bower/js-beautify/1.6.12/js-beautify-1.6.12.jar:/home/tbaral/.m2/repository/junit/junit/4.7/junit-4.7.jar:/home/tbaral/.m2/repository/org/slf4j/slf4j-log4j12/1.7.25/slf4j-log4j12-1.7.25.jar:/home/tbaral/.m2/repository/log4j/log4j/1.2.17/log4j-1.2.17.jar:./target/classes:./target/test-classes:/home/tbaral/.m2/repository/edu/gmu/swe/flaky/sleepy/sleepy-runner/0.0.4-SNAPSHOT/sleepy-runner-0.0.4-SNAPSHOT.jar' 'edu.gmu.swe.flaky.sleepy.runner.SleepyTestRunner' delight.nashornsandbox.TestGetFunction#test '0' 'info' 10000 
INFO:root:====BEGIN Java Log====
INFO:root:TALANK: args.length: 4
TALANK: args[0]: delight.nashornsandbox.TestGetFunction#test
TALANK: args[1]: 0
TALANK: args[2]: info
TALANK: args[3]: 10000
********TALANK requesting to junitcore ******: org.junit.internal.requests.FilterRequest@8efb846
TALANKINFO:FromJava:OK

INFO:root:====END Java Log====
INFO:root:Kill all Java processes
INFO:root:Running test with no sleeping so using default sleep time.
INFO:root:Using timeout 60.0 minutes
INFO:root:Running command:
INFO:root:/scratch/tbaral/ase26/otog/setups/jdk1.8.0_102/bin/java -XX:+ExitOnOutOfMemoryError -Xbootclasspath/p:/home/tbaral/.m2/repository/edu/gmu/swe/flaky/sleepy/sleepy-interceptor/0.0.4-SNAPSHOT/sleepy-interceptor-0.0.4-SNAPSHOT.jar -javaagent:/home/tbaral/.m2/repository/edu/gmu/swe/flaky/sleepy/sleepy-interceptor/0.0.4-SNAPSHOT/sleepy-interceptor-0.0.4-SNAPSHOT.jar   -cp '/home/tbaral/.m2/repository/org/slf4j/slf4j-api/1.7.25/slf4j-api-1.7.25.jar:/home/tbaral/.m2/repository/org/webjars/bower/js-beautify/1.6.12/js-beautify-1.6.12.jar:/home/tbaral/.m2/repository/junit/junit/4.7/junit-4.7.jar:/home/tbaral/.m2/repository/org/slf4j/slf4j-log4j12/1.7.25/slf4j-log4j12-1.7.25.jar:/home/tbaral/.m2/repository/log4j/log4j/1.2.17/log4j-1.2.17.jar:./target/classes:./target/test-classes:/home/tbaral/.m2/repository/edu/gmu/swe/flaky/sleepy/sleepy-runner/0.0.4-SNAPSHOT/sleepy-runner-0.0.4-SNAPSHOT.jar' 'edu.gmu.swe.flaky.sleepy.runner.SleepyTestRunner' delight.nashornsandbox.TestGetFunction#test '0' 'info' 10000 
INFO:root:====BEGIN Java Log====
INFO:root:
INFO:root:====END Java Log====
INFO:root:Non timeout flaky_fail_attempt
INFO:root:Command '/scratch/tbaral/ase26/otog/setups/jdk1.8.0_102/bin/java -XX:+ExitOnOutOfMemoryError -Xbootclasspath/p:/home/tbaral/.m2/repository/edu/gmu/swe/flaky/sleepy/sleepy-interceptor/0.0.4-SNAPSHOT/sleepy-interceptor-0.0.4-SNAPSHOT.jar -javaagent:/home/tbaral/.m2/repository/edu/gmu/swe/flaky/sleepy/sleepy-interceptor/0.0.4-SNAPSHOT/sleepy-interceptor-0.0.4-SNAPSHOT.jar   -cp '/home/tbaral/.m2/repository/org/slf4j/slf4j-api/1.7.25/slf4j-api-1.7.25.jar:/home/tbaral/.m2/repository/org/webjars/bower/js-beautify/1.6.12/js-beautify-1.6.12.jar:/home/tbaral/.m2/repository/junit/junit/4.7/junit-4.7.jar:/home/tbaral/.m2/repository/org/slf4j/slf4j-log4j12/1.7.25/slf4j-log4j12-1.7.25.jar:/home/tbaral/.m2/repository/log4j/log4j/1.2.17/log4j-1.2.17.jar:./target/classes:./target/test-classes:/home/tbaral/.m2/repository/edu/gmu/swe/flaky/sleepy/sleepy-runner/0.0.4-SNAPSHOT/sleepy-runner-0.0.4-SNAPSHOT.jar' 'edu.gmu.swe.flaky.sleepy.runner.SleepyTestRunner' delight.nashornsandbox.TestGetFunction#test '0' 'info' 10000 ' died with <Signals.SIGKILL: 9>.
ERROR:root:Command '/scratch/tbaral/ase26/otog/setups/jdk1.8.0_102/bin/java -XX:+ExitOnOutOfMemoryError -Xbootclasspath/p:/home/tbaral/.m2/repository/edu/gmu/swe/flaky/sleepy/sleepy-interceptor/0.0.4-SNAPSHOT/sleepy-interceptor-0.0.4-SNAPSHOT.jar -javaagent:/home/tbaral/.m2/repository/edu/gmu/swe/flaky/sleepy/sleepy-interceptor/0.0.4-SNAPSHOT/sleepy-interceptor-0.0.4-SNAPSHOT.jar   -cp '/home/tbaral/.m2/repository/org/slf4j/slf4j-api/1.7.25/slf4j-api-1.7.25.jar:/home/tbaral/.m2/repository/org/webjars/bower/js-beautify/1.6.12/js-beautify-1.6.12.jar:/home/tbaral/.m2/repository/junit/junit/4.7/junit-4.7.jar:/home/tbaral/.m2/repository/org/slf4j/slf4j-log4j12/1.7.25/slf4j-log4j12-1.7.25.jar:/home/tbaral/.m2/repository/log4j/log4j/1.2.17/log4j-1.2.17.jar:./target/classes:./target/test-classes:/home/tbaral/.m2/repository/edu/gmu/swe/flaky/sleepy/sleepy-runner/0.0.4-SNAPSHOT/sleepy-runner-0.0.4-SNAPSHOT.jar' 'edu.gmu.swe.flaky.sleepy.runner.SleepyTestRunner' delight.nashornsandbox.TestGetFunction#test '0' 'info' 10000 ' died with <Signals.SIGKILL: 9>.
WARNING:root:[Errno 2] No such file or directory: './sleepy-records/internal/shaToStackTrace.csv'
INFO:root:[('FAILURE_THAT_COULD_NOT_BE_LOGGED', 'AlreadyFailsStably', 'AlreadyFailsStably', 0.0)]
INFO:root:FlakeRake in total took 0.0 minutes.
INFO:root:FlakeRakeEnd=1752777749.9425108
INFO:root:Ending Script
