INFO:FromJava:OK
INFO:FromJava:OK
INFO:FromJava:Failure:
INFO:FromJava:testConcurrentOperations(org.apache.ambari.server.agent.TestActionQueue)java.lang.AssertionError: expected:<317> but was:<318>
	at org.junit.Assert.fail(Assert.java:93)
	at org.junit.Assert.failNotEquals(Assert.java:647)
	at org.junit.Assert.assertEquals(Assert.java:128)
	at org.junit.Assert.assertEquals(Assert.java:472)
	at org.junit.Assert.assertEquals(Assert.java:456)
	at org.apache.ambari.server.agent.TestActionQueue.testConcurrentOperations(TestActionQueue.java:196)
	at sun.reflect.NativeMethodAccessorImpl.invoke0(Native Method)
	at sun.reflect.NativeMethodAccessorImpl.invoke(NativeMethodAccessorImpl.java:62)
	at sun.reflect.DelegatingMethodAccessorImpl.invoke(DelegatingMethodAccessorImpl.java:43)
	at java.lang.reflect.Method.invoke(Method.java:498)
	at org.junit.runners.model.FrameworkMethod$1.runReflectiveCall(FrameworkMethod.java:45)
	at org.junit.internal.runners.model.ReflectiveCallable.run(ReflectiveCallable.java:15)
	at org.junit.runners.model.FrameworkMethod.invokeExplosively(FrameworkMethod.java:42)
	at org.junit.internal.runners.statements.InvokeMethod.evaluate(InvokeMethod.java:20)
	at org.junit.runners.ParentRunner.runLeaf(ParentRunner.java:263)
	at org.junit.runners.BlockJUnit4ClassRunner.runChild(BlockJUnit4ClassRunner.java:68)
	at org.junit.runners.BlockJUnit4ClassRunner.runChild(BlockJUnit4ClassRunner.java:47)
	at org.junit.runners.ParentRunner$3.run(ParentRunner.java:231)
	at org.junit.runners.ParentRunner$1.schedule(ParentRunner.java:60)
	at org.junit.runners.ParentRunner.runChildren(ParentRunner.java:229)
	at org.junit.runners.ParentRunner.access$000(ParentRunner.java:50)
	at org.junit.runners.ParentRunner$2.evaluate(ParentRunner.java:222)
	at org.junit.runners.ParentRunner.run(ParentRunner.java:300)
	at org.junit.runner.JUnitCore.run(JUnitCore.java:157)
	at org.junit.runner.JUnitCore.run(JUnitCore.java:136)
	at edu.gmu.swe.flaky.sleepy.runner.SleepyTestRunner.main(SleepyTestRunner.java:68)

INFO:FromJava:FAILURE
INFO:FromJava:OK
INFO:FromJava:OK
INFO:FromJava:Failure:
INFO:FromJava:testConcurrentOperations(org.apache.ambari.server.agent.TestActionQueue)java.lang.AssertionError: expected:<118> but was:<116>
	at org.junit.Assert.fail(Assert.java:93)
	at org.junit.Assert.failNotEquals(Assert.java:647)
	at org.junit.Assert.assertEquals(Assert.java:128)
	at org.junit.Assert.assertEquals(Assert.java:472)
	at org.junit.Assert.assertEquals(Assert.java:456)
	at org.apache.ambari.server.agent.TestActionQueue.testConcurrentOperations(TestActionQueue.java:196)
	at sun.reflect.NativeMethodAccessorImpl.invoke0(Native Method)
	at sun.reflect.NativeMethodAccessorImpl.invoke(NativeMethodAccessorImpl.java:62)
	at sun.reflect.DelegatingMethodAccessorImpl.invoke(DelegatingMethodAccessorImpl.java:43)
	at java.lang.reflect.Method.invoke(Method.java:498)
	at org.junit.runners.model.FrameworkMethod$1.runReflectiveCall(FrameworkMethod.java:45)
	at org.junit.internal.runners.model.ReflectiveCallable.run(ReflectiveCallable.java:15)
	at org.junit.runners.model.FrameworkMethod.invokeExplosively(FrameworkMethod.java:42)
	at org.junit.internal.runners.statements.InvokeMethod.evaluate(InvokeMethod.java:20)
	at org.junit.runners.ParentRunner.runLeaf(ParentRunner.java:263)
	at org.junit.runners.BlockJUnit4ClassRunner.runChild(BlockJUnit4ClassRunner.java:68)
	at org.junit.runners.BlockJUnit4ClassRunner.runChild(BlockJUnit4ClassRunner.java:47)
	at org.junit.runners.ParentRunner$3.run(ParentRunner.java:231)
	at org.junit.runners.ParentRunner$1.schedule(ParentRunner.java:60)
	at org.junit.runners.ParentRunner.runChildren(ParentRunner.java:229)
	at org.junit.runners.ParentRunner.access$000(ParentRunner.java:50)
	at org.junit.runners.ParentRunner$2.evaluate(ParentRunner.java:222)
	at org.junit.runners.ParentRunner.run(ParentRunner.java:300)
	at org.junit.runner.JUnitCore.run(JUnitCore.java:157)
	at org.junit.runner.JUnitCore.run(JUnitCore.java:136)
	at edu.gmu.swe.flaky.sleepy.runner.SleepyTestRunner.main(SleepyTestRunner.java:68)

INFO:FromJava:FAILURE
INFO:FromJava:Failure:
INFO:FromJava:testConcurrentOperations(org.apache.ambari.server.agent.TestActionQueue)java.lang.AssertionError: expected:<112> but was:<110>
	at org.junit.Assert.fail(Assert.java:93)
	at org.junit.Assert.failNotEquals(Assert.java:647)
	at org.junit.Assert.assertEquals(Assert.java:128)
	at org.junit.Assert.assertEquals(Assert.java:472)
	at org.junit.Assert.assertEquals(Assert.java:456)
	at org.apache.ambari.server.agent.TestActionQueue.testConcurrentOperations(TestActionQueue.java:196)
	at sun.reflect.NativeMethodAccessorImpl.invoke0(Native Method)
	at sun.reflect.NativeMethodAccessorImpl.invoke(NativeMethodAccessorImpl.java:62)
	at sun.reflect.DelegatingMethodAccessorImpl.invoke(DelegatingMethodAccessorImpl.java:43)
	at java.lang.reflect.Method.invoke(Method.java:498)
	at org.junit.runners.model.FrameworkMethod$1.runReflectiveCall(FrameworkMethod.java:45)
	at org.junit.internal.runners.model.ReflectiveCallable.run(ReflectiveCallable.java:15)
	at org.junit.runners.model.FrameworkMethod.invokeExplosively(FrameworkMethod.java:42)
	at org.junit.internal.runners.statements.InvokeMethod.evaluate(InvokeMethod.java:20)
	at org.junit.runners.ParentRunner.runLeaf(ParentRunner.java:263)
	at org.junit.runners.BlockJUnit4ClassRunner.runChild(BlockJUnit4ClassRunner.java:68)
	at org.junit.runners.BlockJUnit4ClassRunner.runChild(BlockJUnit4ClassRunner.java:47)
	at org.junit.runners.ParentRunner$3.run(ParentRunner.java:231)
	at org.junit.runners.ParentRunner$1.schedule(ParentRunner.java:60)
	at org.junit.runners.ParentRunner.runChildren(ParentRunner.java:229)
	at org.junit.runners.ParentRunner.access$000(ParentRunner.java:50)
	at org.junit.runners.ParentRunner$2.evaluate(ParentRunner.java:222)
	at org.junit.runners.ParentRunner.run(ParentRunner.java:300)
	at org.junit.runner.JUnitCore.run(JUnitCore.java:157)
	at org.junit.runner.JUnitCore.run(JUnitCore.java:136)
	at edu.gmu.swe.flaky.sleepy.runner.SleepyTestRunner.main(SleepyTestRunner.java:68)

INFO:FromJava:FAILURE
INFO:FromJava:Failure:
INFO:FromJava:testConcurrentOperations(org.apache.ambari.server.agent.TestActionQueue)java.lang.AssertionError: expected:<132> but was:<129>
	at org.junit.Assert.fail(Assert.java:93)
	at org.junit.Assert.failNotEquals(Assert.java:647)
	at org.junit.Assert.assertEquals(Assert.java:128)
	at org.junit.Assert.assertEquals(Assert.java:472)
	at org.junit.Assert.assertEquals(Assert.java:456)
	at org.apache.ambari.server.agent.TestActionQueue.testConcurrentOperations(TestActionQueue.java:196)
	at sun.reflect.NativeMethodAccessorImpl.invoke0(Native Method)
	at sun.reflect.NativeMethodAccessorImpl.invoke(NativeMethodAccessorImpl.java:62)
	at sun.reflect.DelegatingMethodAccessorImpl.invoke(DelegatingMethodAccessorImpl.java:43)
	at java.lang.reflect.Method.invoke(Method.java:498)
	at org.junit.runners.model.FrameworkMethod$1.runReflectiveCall(FrameworkMethod.java:45)
	at org.junit.internal.runners.model.ReflectiveCallable.run(ReflectiveCallable.java:15)
	at org.junit.runners.model.FrameworkMethod.invokeExplosively(FrameworkMethod.java:42)
	at org.junit.internal.runners.statements.InvokeMethod.evaluate(InvokeMethod.java:20)
	at org.junit.runners.ParentRunner.runLeaf(ParentRunner.java:263)
	at org.junit.runners.BlockJUnit4ClassRunner.runChild(BlockJUnit4ClassRunner.java:68)
	at org.junit.runners.BlockJUnit4ClassRunner.runChild(BlockJUnit4ClassRunner.java:47)
	at org.junit.runners.ParentRunner$3.run(ParentRunner.java:231)
	at org.junit.runners.ParentRunner$1.schedule(ParentRunner.java:60)
	at org.junit.runners.ParentRunner.runChildren(ParentRunner.java:229)
	at org.junit.runners.ParentRunner.access$000(ParentRunner.java:50)
	at org.junit.runners.ParentRunner$2.evaluate(ParentRunner.java:222)
	at org.junit.runners.ParentRunner.run(ParentRunner.java:300)
	at org.junit.runner.JUnitCore.run(JUnitCore.java:157)
	at org.junit.runner.JUnitCore.run(JUnitCore.java:136)
	at edu.gmu.swe.flaky.sleepy.runner.SleepyTestRunner.main(SleepyTestRunner.java:68)

INFO:FromJava:FAILURE
INFO:FromJava:Failure:
INFO:FromJava:testConcurrentOperations(org.apache.ambari.server.agent.TestActionQueue)java.lang.AssertionError: expected:<100> but was:<97>
	at org.junit.Assert.fail(Assert.java:93)
	at org.junit.Assert.failNotEquals(Assert.java:647)
	at org.junit.Assert.assertEquals(Assert.java:128)
	at org.junit.Assert.assertEquals(Assert.java:472)
	at org.junit.Assert.assertEquals(Assert.java:456)
	at org.apache.ambari.server.agent.TestActionQueue.testConcurrentOperations(TestActionQueue.java:196)
	at sun.reflect.NativeMethodAccessorImpl.invoke0(Native Method)
	at sun.reflect.NativeMethodAccessorImpl.invoke(NativeMethodAccessorImpl.java:62)
	at sun.reflect.DelegatingMethodAccessorImpl.invoke(DelegatingMethodAccessorImpl.java:43)
	at java.lang.reflect.Method.invoke(Method.java:498)
	at org.junit.runners.model.FrameworkMethod$1.runReflectiveCall(FrameworkMethod.java:45)
	at org.junit.internal.runners.model.ReflectiveCallable.run(ReflectiveCallable.java:15)
	at org.junit.runners.model.FrameworkMethod.invokeExplosively(FrameworkMethod.java:42)
	at org.junit.internal.runners.statements.InvokeMethod.evaluate(InvokeMethod.java:20)
	at org.junit.runners.ParentRunner.runLeaf(ParentRunner.java:263)
	at org.junit.runners.BlockJUnit4ClassRunner.runChild(BlockJUnit4ClassRunner.java:68)
	at org.junit.runners.BlockJUnit4ClassRunner.runChild(BlockJUnit4ClassRunner.java:47)
	at org.junit.runners.ParentRunner$3.run(ParentRunner.java:231)
	at org.junit.runners.ParentRunner$1.schedule(ParentRunner.java:60)
	at org.junit.runners.ParentRunner.runChildren(ParentRunner.java:229)
	at org.junit.runners.ParentRunner.access$000(ParentRunner.java:50)
	at org.junit.runners.ParentRunner$2.evaluate(ParentRunner.java:222)
	at org.junit.runners.ParentRunner.run(ParentRunner.java:300)
	at org.junit.runner.JUnitCore.run(JUnitCore.java:157)
	at org.junit.runner.JUnitCore.run(JUnitCore.java:136)
	at edu.gmu.swe.flaky.sleepy.runner.SleepyTestRunner.main(SleepyTestRunner.java:68)

INFO:FromJava:FAILURE
INFO:FromJava:OK
INFO:FromJava:Failure:
INFO:FromJava:testConcurrentOperations(org.apache.ambari.server.agent.TestActionQueue)java.lang.AssertionError: expected:<100> but was:<98>
	at org.junit.Assert.fail(Assert.java:93)
	at org.junit.Assert.failNotEquals(Assert.java:647)
	at org.junit.Assert.assertEquals(Assert.java:128)
	at org.junit.Assert.assertEquals(Assert.java:472)
	at org.junit.Assert.assertEquals(Assert.java:456)
	at org.apache.ambari.server.agent.TestActionQueue.testConcurrentOperations(TestActionQueue.java:196)
	at sun.reflect.NativeMethodAccessorImpl.invoke0(Native Method)
	at sun.reflect.NativeMethodAccessorImpl.invoke(NativeMethodAccessorImpl.java:62)
	at sun.reflect.DelegatingMethodAccessorImpl.invoke(DelegatingMethodAccessorImpl.java:43)
	at java.lang.reflect.Method.invoke(Method.java:498)
	at org.junit.runners.model.FrameworkMethod$1.runReflectiveCall(FrameworkMethod.java:45)
	at org.junit.internal.runners.model.ReflectiveCallable.run(ReflectiveCallable.java:15)
	at org.junit.runners.model.FrameworkMethod.invokeExplosively(FrameworkMethod.java:42)
	at org.junit.internal.runners.statements.InvokeMethod.evaluate(InvokeMethod.java:20)
	at org.junit.runners.ParentRunner.runLeaf(ParentRunner.java:263)
	at org.junit.runners.BlockJUnit4ClassRunner.runChild(BlockJUnit4ClassRunner.java:68)
	at org.junit.runners.BlockJUnit4ClassRunner.runChild(BlockJUnit4ClassRunner.java:47)
	at org.junit.runners.ParentRunner$3.run(ParentRunner.java:231)
	at org.junit.runners.ParentRunner$1.schedule(ParentRunner.java:60)
	at org.junit.runners.ParentRunner.runChildren(ParentRunner.java:229)
	at org.junit.runners.ParentRunner.access$000(ParentRunner.java:50)
	at org.junit.runners.ParentRunner$2.evaluate(ParentRunner.java:222)
	at org.junit.runners.ParentRunner.run(ParentRunner.java:300)
	at org.junit.runner.JUnitCore.run(JUnitCore.java:157)
	at org.junit.runner.JUnitCore.run(JUnitCore.java:136)
	at edu.gmu.swe.flaky.sleepy.runner.SleepyTestRunner.main(SleepyTestRunner.java:68)

INFO:FromJava:FAILURE
INFO:FromJava:Failure:
INFO:FromJava:testConcurrentOperations(org.apache.ambari.server.agent.TestActionQueue)java.lang.AssertionError: expected:<3> but was:<59>
	at org.junit.Assert.fail(Assert.java:93)
	at org.junit.Assert.failNotEquals(Assert.java:647)
	at org.junit.Assert.assertEquals(Assert.java:128)
	at org.junit.Assert.assertEquals(Assert.java:472)
	at org.junit.Assert.assertEquals(Assert.java:456)
	at org.apache.ambari.server.agent.TestActionQueue.testConcurrentOperations(TestActionQueue.java:196)
	at sun.reflect.NativeMethodAccessorImpl.invoke0(Native Method)
	at sun.reflect.NativeMethodAccessorImpl.invoke(NativeMethodAccessorImpl.java:62)
	at sun.reflect.DelegatingMethodAccessorImpl.invoke(DelegatingMethodAccessorImpl.java:43)
	at java.lang.reflect.Method.invoke(Method.java:498)
	at org.junit.runners.model.FrameworkMethod$1.runReflectiveCall(FrameworkMethod.java:45)
	at org.junit.internal.runners.model.ReflectiveCallable.run(ReflectiveCallable.java:15)
	at org.junit.runners.model.FrameworkMethod.invokeExplosively(FrameworkMethod.java:42)
	at org.junit.internal.runners.statements.InvokeMethod.evaluate(InvokeMethod.java:20)
	at org.junit.runners.ParentRunner.runLeaf(ParentRunner.java:263)
	at org.junit.runners.BlockJUnit4ClassRunner.runChild(BlockJUnit4ClassRunner.java:68)
	at org.junit.runners.BlockJUnit4ClassRunner.runChild(BlockJUnit4ClassRunner.java:47)
	at org.junit.runners.ParentRunner$3.run(ParentRunner.java:231)
	at org.junit.runners.ParentRunner$1.schedule(ParentRunner.java:60)
	at org.junit.runners.ParentRunner.runChildren(ParentRunner.java:229)
	at org.junit.runners.ParentRunner.access$000(ParentRunner.java:50)
	at org.junit.runners.ParentRunner$2.evaluate(ParentRunner.java:222)
	at org.junit.runners.ParentRunner.run(ParentRunner.java:300)
	at org.junit.runner.JUnitCore.run(JUnitCore.java:157)
	at org.junit.runner.JUnitCore.run(JUnitCore.java:136)
	at edu.gmu.swe.flaky.sleepy.runner.SleepyTestRunner.main(SleepyTestRunner.java:68)

INFO:FromJava:FAILURE
INFO:FromJava:Failure:
INFO:FromJava:testConcurrentOperations(org.apache.ambari.server.agent.TestActionQueue)java.lang.AssertionError: expected:<101> but was:<98>
	at org.junit.Assert.fail(Assert.java:93)
	at org.junit.Assert.failNotEquals(Assert.java:647)
	at org.junit.Assert.assertEquals(Assert.java:128)
	at org.junit.Assert.assertEquals(Assert.java:472)
	at org.junit.Assert.assertEquals(Assert.java:456)
	at org.apache.ambari.server.agent.TestActionQueue.testConcurrentOperations(TestActionQueue.java:196)
	at sun.reflect.NativeMethodAccessorImpl.invoke0(Native Method)
	at sun.reflect.NativeMethodAccessorImpl.invoke(NativeMethodAccessorImpl.java:62)
	at sun.reflect.DelegatingMethodAccessorImpl.invoke(DelegatingMethodAccessorImpl.java:43)
	at java.lang.reflect.Method.invoke(Method.java:498)
	at org.junit.runners.model.FrameworkMethod$1.runReflectiveCall(FrameworkMethod.java:45)
	at org.junit.internal.runners.model.ReflectiveCallable.run(ReflectiveCallable.java:15)
	at org.junit.runners.model.FrameworkMethod.invokeExplosively(FrameworkMethod.java:42)
	at org.junit.internal.runners.statements.InvokeMethod.evaluate(InvokeMethod.java:20)
	at org.junit.runners.ParentRunner.runLeaf(ParentRunner.java:263)
	at org.junit.runners.BlockJUnit4ClassRunner.runChild(BlockJUnit4ClassRunner.java:68)
	at org.junit.runners.BlockJUnit4ClassRunner.runChild(BlockJUnit4ClassRunner.java:47)
	at org.junit.runners.ParentRunner$3.run(ParentRunner.java:231)
	at org.junit.runners.ParentRunner$1.schedule(ParentRunner.java:60)
	at org.junit.runners.ParentRunner.runChildren(ParentRunner.java:229)
	at org.junit.runners.ParentRunner.access$000(ParentRunner.java:50)
	at org.junit.runners.ParentRunner$2.evaluate(ParentRunner.java:222)
	at org.junit.runners.ParentRunner.run(ParentRunner.java:300)
	at org.junit.runner.JUnitCore.run(JUnitCore.java:157)
	at org.junit.runner.JUnitCore.run(JUnitCore.java:136)
	at edu.gmu.swe.flaky.sleepy.runner.SleepyTestRunner.main(SleepyTestRunner.java:68)

INFO:FromJava:FAILURE
INFO:FromJava:Failure:
INFO:FromJava:testConcurrentOperations(org.apache.ambari.server.agent.TestActionQueue)java.lang.AssertionError: expected:<115> but was:<112>
	at org.junit.Assert.fail(Assert.java:93)
	at org.junit.Assert.failNotEquals(Assert.java:647)
	at org.junit.Assert.assertEquals(Assert.java:128)
	at org.junit.Assert.assertEquals(Assert.java:472)
	at org.junit.Assert.assertEquals(Assert.java:456)
	at org.apache.ambari.server.agent.TestActionQueue.testConcurrentOperations(TestActionQueue.java:196)
	at sun.reflect.NativeMethodAccessorImpl.invoke0(Native Method)
	at sun.reflect.NativeMethodAccessorImpl.invoke(NativeMethodAccessorImpl.java:62)
	at sun.reflect.DelegatingMethodAccessorImpl.invoke(DelegatingMethodAccessorImpl.java:43)
	at java.lang.reflect.Method.invoke(Method.java:498)
	at org.junit.runners.model.FrameworkMethod$1.runReflectiveCall(FrameworkMethod.java:45)
	at org.junit.internal.runners.model.ReflectiveCallable.run(ReflectiveCallable.java:15)
	at org.junit.runners.model.FrameworkMethod.invokeExplosively(FrameworkMethod.java:42)
	at org.junit.internal.runners.statements.InvokeMethod.evaluate(InvokeMethod.java:20)
	at org.junit.runners.ParentRunner.runLeaf(ParentRunner.java:263)
	at org.junit.runners.BlockJUnit4ClassRunner.runChild(BlockJUnit4ClassRunner.java:68)
	at org.junit.runners.BlockJUnit4ClassRunner.runChild(BlockJUnit4ClassRunner.java:47)
	at org.junit.runners.ParentRunner$3.run(ParentRunner.java:231)
	at org.junit.runners.ParentRunner$1.schedule(ParentRunner.java:60)
	at org.junit.runners.ParentRunner.runChildren(ParentRunner.java:229)
	at org.junit.runners.ParentRunner.access$000(ParentRunner.java:50)
	at org.junit.runners.ParentRunner$2.evaluate(ParentRunner.java:222)
	at org.junit.runners.ParentRunner.run(ParentRunner.java:300)
	at org.junit.runner.JUnitCore.run(JUnitCore.java:157)
	at org.junit.runner.JUnitCore.run(JUnitCore.java:136)
	at edu.gmu.swe.flaky.sleepy.runner.SleepyTestRunner.main(SleepyTestRunner.java:68)

INFO:FromJava:FAILURE
INFO:FromJava:Failure:
INFO:FromJava:testConcurrentOperations(org.apache.ambari.server.agent.TestActionQueue)java.lang.AssertionError: expected:<101> but was:<98>
	at org.junit.Assert.fail(Assert.java:93)
	at org.junit.Assert.failNotEquals(Assert.java:647)
	at org.junit.Assert.assertEquals(Assert.java:128)
	at org.junit.Assert.assertEquals(Assert.java:472)
	at org.junit.Assert.assertEquals(Assert.java:456)
	at org.apache.ambari.server.agent.TestActionQueue.testConcurrentOperations(TestActionQueue.java:196)
	at sun.reflect.NativeMethodAccessorImpl.invoke0(Native Method)
	at sun.reflect.NativeMethodAccessorImpl.invoke(NativeMethodAccessorImpl.java:62)
	at sun.reflect.DelegatingMethodAccessorImpl.invoke(DelegatingMethodAccessorImpl.java:43)
	at java.lang.reflect.Method.invoke(Method.java:498)
	at org.junit.runners.model.FrameworkMethod$1.runReflectiveCall(FrameworkMethod.java:45)
	at org.junit.internal.runners.model.ReflectiveCallable.run(ReflectiveCallable.java:15)
	at org.junit.runners.model.FrameworkMethod.invokeExplosively(FrameworkMethod.java:42)
	at org.junit.internal.runners.statements.InvokeMethod.evaluate(InvokeMethod.java:20)
	at org.junit.runners.ParentRunner.runLeaf(ParentRunner.java:263)
	at org.junit.runners.BlockJUnit4ClassRunner.runChild(BlockJUnit4ClassRunner.java:68)
	at org.junit.runners.BlockJUnit4ClassRunner.runChild(BlockJUnit4ClassRunner.java:47)
	at org.junit.runners.ParentRunner$3.run(ParentRunner.java:231)
	at org.junit.runners.ParentRunner$1.schedule(ParentRunner.java:60)
	at org.junit.runners.ParentRunner.runChildren(ParentRunner.java:229)
	at org.junit.runners.ParentRunner.access$000(ParentRunner.java:50)
	at org.junit.runners.ParentRunner$2.evaluate(ParentRunner.java:222)
	at org.junit.runners.ParentRunner.run(ParentRunner.java:300)
	at org.junit.runner.JUnitCore.run(JUnitCore.java:157)
	at org.junit.runner.JUnitCore.run(JUnitCore.java:136)
	at edu.gmu.swe.flaky.sleepy.runner.SleepyTestRunner.main(SleepyTestRunner.java:68)

INFO:FromJava:FAILURE
INFO:FromJava:OK
INFO:FromJava:OK
INFO:FromJava:OK
INFO:FromJava:Failure:
INFO:FromJava:testConcurrentOperations(org.apache.ambari.server.agent.TestActionQueue)java.lang.AssertionError: expected:<105> but was:<103>
	at org.junit.Assert.fail(Assert.java:93)
	at org.junit.Assert.failNotEquals(Assert.java:647)
	at org.junit.Assert.assertEquals(Assert.java:128)
	at org.junit.Assert.assertEquals(Assert.java:472)
	at org.junit.Assert.assertEquals(Assert.java:456)
	at org.apache.ambari.server.agent.TestActionQueue.testConcurrentOperations(TestActionQueue.java:196)
	at sun.reflect.NativeMethodAccessorImpl.invoke0(Native Method)
	at sun.reflect.NativeMethodAccessorImpl.invoke(NativeMethodAccessorImpl.java:62)
	at sun.reflect.DelegatingMethodAccessorImpl.invoke(DelegatingMethodAccessorImpl.java:43)
	at java.lang.reflect.Method.invoke(Method.java:498)
	at org.junit.runners.model.FrameworkMethod$1.runReflectiveCall(FrameworkMethod.java:45)
	at org.junit.internal.runners.model.ReflectiveCallable.run(ReflectiveCallable.java:15)
	at org.junit.runners.model.FrameworkMethod.invokeExplosively(FrameworkMethod.java:42)
	at org.junit.internal.runners.statements.InvokeMethod.evaluate(InvokeMethod.java:20)
	at org.junit.runners.ParentRunner.runLeaf(ParentRunner.java:263)
	at org.junit.runners.BlockJUnit4ClassRunner.runChild(BlockJUnit4ClassRunner.java:68)
	at org.junit.runners.BlockJUnit4ClassRunner.runChild(BlockJUnit4ClassRunner.java:47)
	at org.junit.runners.ParentRunner$3.run(ParentRunner.java:231)
	at org.junit.runners.ParentRunner$1.schedule(ParentRunner.java:60)
	at org.junit.runners.ParentRunner.runChildren(ParentRunner.java:229)
	at org.junit.runners.ParentRunner.access$000(ParentRunner.java:50)
	at org.junit.runners.ParentRunner$2.evaluate(ParentRunner.java:222)
	at org.junit.runners.ParentRunner.run(ParentRunner.java:300)
	at org.junit.runner.JUnitCore.run(JUnitCore.java:157)
	at org.junit.runner.JUnitCore.run(JUnitCore.java:136)
	at edu.gmu.swe.flaky.sleepy.runner.SleepyTestRunner.main(SleepyTestRunner.java:68)

INFO:FromJava:FAILURE
INFO:FromJava:Failure:
INFO:FromJava:testConcurrentOperations(org.apache.ambari.server.agent.TestActionQueue)java.lang.AssertionError: expected:<105> but was:<102>
	at org.junit.Assert.fail(Assert.java:93)
	at org.junit.Assert.failNotEquals(Assert.java:647)
	at org.junit.Assert.assertEquals(Assert.java:128)
	at org.junit.Assert.assertEquals(Assert.java:472)
	at org.junit.Assert.assertEquals(Assert.java:456)
	at org.apache.ambari.server.agent.TestActionQueue.testConcurrentOperations(TestActionQueue.java:196)
	at sun.reflect.NativeMethodAccessorImpl.invoke0(Native Method)
	at sun.reflect.NativeMethodAccessorImpl.invoke(NativeMethodAccessorImpl.java:62)
	at sun.reflect.DelegatingMethodAccessorImpl.invoke(DelegatingMethodAccessorImpl.java:43)
	at java.lang.reflect.Method.invoke(Method.java:498)
	at org.junit.runners.model.FrameworkMethod$1.runReflectiveCall(FrameworkMethod.java:45)
	at org.junit.internal.runners.model.ReflectiveCallable.run(ReflectiveCallable.java:15)
	at org.junit.runners.model.FrameworkMethod.invokeExplosively(FrameworkMethod.java:42)
	at org.junit.internal.runners.statements.InvokeMethod.evaluate(InvokeMethod.java:20)
	at org.junit.runners.ParentRunner.runLeaf(ParentRunner.java:263)
	at org.junit.runners.BlockJUnit4ClassRunner.runChild(BlockJUnit4ClassRunner.java:68)
	at org.junit.runners.BlockJUnit4ClassRunner.runChild(BlockJUnit4ClassRunner.java:47)
	at org.junit.runners.ParentRunner$3.run(ParentRunner.java:231)
	at org.junit.runners.ParentRunner$1.schedule(ParentRunner.java:60)
	at org.junit.runners.ParentRunner.runChildren(ParentRunner.java:229)
	at org.junit.runners.ParentRunner.access$000(ParentRunner.java:50)
	at org.junit.runners.ParentRunner$2.evaluate(ParentRunner.java:222)
	at org.junit.runners.ParentRunner.run(ParentRunner.java:300)
	at org.junit.runner.JUnitCore.run(JUnitCore.java:157)
	at org.junit.runner.JUnitCore.run(JUnitCore.java:136)
	at edu.gmu.swe.flaky.sleepy.runner.SleepyTestRunner.main(SleepyTestRunner.java:68)

INFO:FromJava:FAILURE
INFO:FromJava:Failure:
INFO:FromJava:testConcurrentOperations(org.apache.ambari.server.agent.TestActionQueue)java.lang.AssertionError: expected:<3> but was:<2>
	at org.junit.Assert.fail(Assert.java:93)
	at org.junit.Assert.failNotEquals(Assert.java:647)
	at org.junit.Assert.assertEquals(Assert.java:128)
	at org.junit.Assert.assertEquals(Assert.java:472)
	at org.junit.Assert.assertEquals(Assert.java:456)
	at org.apache.ambari.server.agent.TestActionQueue.testConcurrentOperations(TestActionQueue.java:196)
	at sun.reflect.NativeMethodAccessorImpl.invoke0(Native Method)
	at sun.reflect.NativeMethodAccessorImpl.invoke(NativeMethodAccessorImpl.java:62)
	at sun.reflect.DelegatingMethodAccessorImpl.invoke(DelegatingMethodAccessorImpl.java:43)
	at java.lang.reflect.Method.invoke(Method.java:498)
	at org.junit.runners.model.FrameworkMethod$1.runReflectiveCall(FrameworkMethod.java:45)
	at org.junit.internal.runners.model.ReflectiveCallable.run(ReflectiveCallable.java:15)
	at org.junit.runners.model.FrameworkMethod.invokeExplosively(FrameworkMethod.java:42)
	at org.junit.internal.runners.statements.InvokeMethod.evaluate(InvokeMethod.java:20)
	at org.junit.runners.ParentRunner.runLeaf(ParentRunner.java:263)
	at org.junit.runners.BlockJUnit4ClassRunner.runChild(BlockJUnit4ClassRunner.java:68)
	at org.junit.runners.BlockJUnit4ClassRunner.runChild(BlockJUnit4ClassRunner.java:47)
	at org.junit.runners.ParentRunner$3.run(ParentRunner.java:231)
	at org.junit.runners.ParentRunner$1.schedule(ParentRunner.java:60)
	at org.junit.runners.ParentRunner.runChildren(ParentRunner.java:229)
	at org.junit.runners.ParentRunner.access$000(ParentRunner.java:50)
	at org.junit.runners.ParentRunner$2.evaluate(ParentRunner.java:222)
	at org.junit.runners.ParentRunner.run(ParentRunner.java:300)
	at org.junit.runner.JUnitCore.run(JUnitCore.java:157)
	at org.junit.runner.JUnitCore.run(JUnitCore.java:136)
	at edu.gmu.swe.flaky.sleepy.runner.SleepyTestRunner.main(SleepyTestRunner.java:68)

INFO:FromJava:FAILURE
INFO:FromJava:OK
INFO:FromJava:OK
INFO:FromJava:OK
INFO:FromJava:OK
INFO:FromJava:OK
INFO:FromJava:OK
INFO:FromJava:Failure:
INFO:FromJava:testConcurrentOperations(org.apache.ambari.server.agent.TestActionQueue)java.lang.AssertionError: expected:<126> but was:<124>
	at org.junit.Assert.fail(Assert.java:93)
	at org.junit.Assert.failNotEquals(Assert.java:647)
	at org.junit.Assert.assertEquals(Assert.java:128)
	at org.junit.Assert.assertEquals(Assert.java:472)
	at org.junit.Assert.assertEquals(Assert.java:456)
	at org.apache.ambari.server.agent.TestActionQueue.testConcurrentOperations(TestActionQueue.java:196)
	at sun.reflect.NativeMethodAccessorImpl.invoke0(Native Method)
	at sun.reflect.NativeMethodAccessorImpl.invoke(NativeMethodAccessorImpl.java:62)
	at sun.reflect.DelegatingMethodAccessorImpl.invoke(DelegatingMethodAccessorImpl.java:43)
	at java.lang.reflect.Method.invoke(Method.java:498)
	at org.junit.runners.model.FrameworkMethod$1.runReflectiveCall(FrameworkMethod.java:45)
	at org.junit.internal.runners.model.ReflectiveCallable.run(ReflectiveCallable.java:15)
	at org.junit.runners.model.FrameworkMethod.invokeExplosively(FrameworkMethod.java:42)
	at org.junit.internal.runners.statements.InvokeMethod.evaluate(InvokeMethod.java:20)
	at org.junit.runners.ParentRunner.runLeaf(ParentRunner.java:263)
	at org.junit.runners.BlockJUnit4ClassRunner.runChild(BlockJUnit4ClassRunner.java:68)
	at org.junit.runners.BlockJUnit4ClassRunner.runChild(BlockJUnit4ClassRunner.java:47)
	at org.junit.runners.ParentRunner$3.run(ParentRunner.java:231)
	at org.junit.runners.ParentRunner$1.schedule(ParentRunner.java:60)
	at org.junit.runners.ParentRunner.runChildren(ParentRunner.java:229)
	at org.junit.runners.ParentRunner.access$000(ParentRunner.java:50)
	at org.junit.runners.ParentRunner$2.evaluate(ParentRunner.java:222)
	at org.junit.runners.ParentRunner.run(ParentRunner.java:300)
	at org.junit.runner.JUnitCore.run(JUnitCore.java:157)
	at org.junit.runner.JUnitCore.run(JUnitCore.java:136)
	at edu.gmu.swe.flaky.sleepy.runner.SleepyTestRunner.main(SleepyTestRunner.java:68)

INFO:FromJava:FAILURE
INFO:FromJava:Failure:
INFO:FromJava:testConcurrentOperations(org.apache.ambari.server.agent.TestActionQueue)java.lang.AssertionError: expected:<129> but was:<127>
	at org.junit.Assert.fail(Assert.java:93)
	at org.junit.Assert.failNotEquals(Assert.java:647)
	at org.junit.Assert.assertEquals(Assert.java:128)
	at org.junit.Assert.assertEquals(Assert.java:472)
	at org.junit.Assert.assertEquals(Assert.java:456)
	at org.apache.ambari.server.agent.TestActionQueue.testConcurrentOperations(TestActionQueue.java:196)
	at sun.reflect.NativeMethodAccessorImpl.invoke0(Native Method)
	at sun.reflect.NativeMethodAccessorImpl.invoke(NativeMethodAccessorImpl.java:62)
	at sun.reflect.DelegatingMethodAccessorImpl.invoke(DelegatingMethodAccessorImpl.java:43)
	at java.lang.reflect.Method.invoke(Method.java:498)
	at org.junit.runners.model.FrameworkMethod$1.runReflectiveCall(FrameworkMethod.java:45)
	at org.junit.internal.runners.model.ReflectiveCallable.run(ReflectiveCallable.java:15)
	at org.junit.runners.model.FrameworkMethod.invokeExplosively(FrameworkMethod.java:42)
	at org.junit.internal.runners.statements.InvokeMethod.evaluate(InvokeMethod.java:20)
	at org.junit.runners.ParentRunner.runLeaf(ParentRunner.java:263)
	at org.junit.runners.BlockJUnit4ClassRunner.runChild(BlockJUnit4ClassRunner.java:68)
	at org.junit.runners.BlockJUnit4ClassRunner.runChild(BlockJUnit4ClassRunner.java:47)
	at org.junit.runners.ParentRunner$3.run(ParentRunner.java:231)
	at org.junit.runners.ParentRunner$1.schedule(ParentRunner.java:60)
	at org.junit.runners.ParentRunner.runChildren(ParentRunner.java:229)
	at org.junit.runners.ParentRunner.access$000(ParentRunner.java:50)
	at org.junit.runners.ParentRunner$2.evaluate(ParentRunner.java:222)
	at org.junit.runners.ParentRunner.run(ParentRunner.java:300)
	at org.junit.runner.JUnitCore.run(JUnitCore.java:157)
	at org.junit.runner.JUnitCore.run(JUnitCore.java:136)
	at edu.gmu.swe.flaky.sleepy.runner.SleepyTestRunner.main(SleepyTestRunner.java:68)

INFO:FromJava:FAILURE
INFO:FromJava:Failure:
INFO:FromJava:testConcurrentOperations(org.apache.ambari.server.agent.TestActionQueue)java.lang.AssertionError: expected:<112> but was:<110>
	at org.junit.Assert.fail(Assert.java:93)
	at org.junit.Assert.failNotEquals(Assert.java:647)
	at org.junit.Assert.assertEquals(Assert.java:128)
	at org.junit.Assert.assertEquals(Assert.java:472)
	at org.junit.Assert.assertEquals(Assert.java:456)
	at org.apache.ambari.server.agent.TestActionQueue.testConcurrentOperations(TestActionQueue.java:196)
	at sun.reflect.NativeMethodAccessorImpl.invoke0(Native Method)
	at sun.reflect.NativeMethodAccessorImpl.invoke(NativeMethodAccessorImpl.java:62)
	at sun.reflect.DelegatingMethodAccessorImpl.invoke(DelegatingMethodAccessorImpl.java:43)
	at java.lang.reflect.Method.invoke(Method.java:498)
	at org.junit.runners.model.FrameworkMethod$1.runReflectiveCall(FrameworkMethod.java:45)
	at org.junit.internal.runners.model.ReflectiveCallable.run(ReflectiveCallable.java:15)
	at org.junit.runners.model.FrameworkMethod.invokeExplosively(FrameworkMethod.java:42)
	at org.junit.internal.runners.statements.InvokeMethod.evaluate(InvokeMethod.java:20)
	at org.junit.runners.ParentRunner.runLeaf(ParentRunner.java:263)
	at org.junit.runners.BlockJUnit4ClassRunner.runChild(BlockJUnit4ClassRunner.java:68)
	at org.junit.runners.BlockJUnit4ClassRunner.runChild(BlockJUnit4ClassRunner.java:47)
	at org.junit.runners.ParentRunner$3.run(ParentRunner.java:231)
	at org.junit.runners.ParentRunner$1.schedule(ParentRunner.java:60)
	at org.junit.runners.ParentRunner.runChildren(ParentRunner.java:229)
	at org.junit.runners.ParentRunner.access$000(ParentRunner.java:50)
	at org.junit.runners.ParentRunner$2.evaluate(ParentRunner.java:222)
	at org.junit.runners.ParentRunner.run(ParentRunner.java:300)
	at org.junit.runner.JUnitCore.run(JUnitCore.java:157)
	at org.junit.runner.JUnitCore.run(JUnitCore.java:136)
	at edu.gmu.swe.flaky.sleepy.runner.SleepyTestRunner.main(SleepyTestRunner.java:68)

INFO:FromJava:FAILURE
INFO:FromJava:Failure:
INFO:FromJava:testConcurrentOperations(org.apache.ambari.server.agent.TestActionQueue)java.lang.AssertionError: expected:<147> but was:<145>
	at org.junit.Assert.fail(Assert.java:93)
	at org.junit.Assert.failNotEquals(Assert.java:647)
	at org.junit.Assert.assertEquals(Assert.java:128)
	at org.junit.Assert.assertEquals(Assert.java:472)
	at org.junit.Assert.assertEquals(Assert.java:456)
	at org.apache.ambari.server.agent.TestActionQueue.testConcurrentOperations(TestActionQueue.java:196)
	at sun.reflect.NativeMethodAccessorImpl.invoke0(Native Method)
	at sun.reflect.NativeMethodAccessorImpl.invoke(NativeMethodAccessorImpl.java:62)
	at sun.reflect.DelegatingMethodAccessorImpl.invoke(DelegatingMethodAccessorImpl.java:43)
	at java.lang.reflect.Method.invoke(Method.java:498)
	at org.junit.runners.model.FrameworkMethod$1.runReflectiveCall(FrameworkMethod.java:45)
	at org.junit.internal.runners.model.ReflectiveCallable.run(ReflectiveCallable.java:15)
	at org.junit.runners.model.FrameworkMethod.invokeExplosively(FrameworkMethod.java:42)
	at org.junit.internal.runners.statements.InvokeMethod.evaluate(InvokeMethod.java:20)
	at org.junit.runners.ParentRunner.runLeaf(ParentRunner.java:263)
	at org.junit.runners.BlockJUnit4ClassRunner.runChild(BlockJUnit4ClassRunner.java:68)
	at org.junit.runners.BlockJUnit4ClassRunner.runChild(BlockJUnit4ClassRunner.java:47)
	at org.junit.runners.ParentRunner$3.run(ParentRunner.java:231)
	at org.junit.runners.ParentRunner$1.schedule(ParentRunner.java:60)
	at org.junit.runners.ParentRunner.runChildren(ParentRunner.java:229)
	at org.junit.runners.ParentRunner.access$000(ParentRunner.java:50)
	at org.junit.runners.ParentRunner$2.evaluate(ParentRunner.java:222)
	at org.junit.runners.ParentRunner.run(ParentRunner.java:300)
	at org.junit.runner.JUnitCore.run(JUnitCore.java:157)
	at org.junit.runner.JUnitCore.run(JUnitCore.java:136)
	at edu.gmu.swe.flaky.sleepy.runner.SleepyTestRunner.main(SleepyTestRunner.java:68)

INFO:FromJava:FAILURE
INFO:FromJava:Failure:
INFO:FromJava:testConcurrentOperations(org.apache.ambari.server.agent.TestActionQueue)java.lang.AssertionError
	at org.junit.Assert.fail(Assert.java:92)
	at org.junit.Assert.assertTrue(Assert.java:43)
	at org.junit.Assert.assertTrue(Assert.java:54)
	at org.apache.ambari.server.agent.TestActionQueue.testConcurrentOperations(TestActionQueue.java:192)
	at sun.reflect.NativeMethodAccessorImpl.invoke0(Native Method)
	at sun.reflect.NativeMethodAccessorImpl.invoke(NativeMethodAccessorImpl.java:62)
	at sun.reflect.DelegatingMethodAccessorImpl.invoke(DelegatingMethodAccessorImpl.java:43)
	at java.lang.reflect.Method.invoke(Method.java:498)
	at org.junit.runners.model.FrameworkMethod$1.runReflectiveCall(FrameworkMethod.java:45)
	at org.junit.internal.runners.model.ReflectiveCallable.run(ReflectiveCallable.java:15)
	at org.junit.runners.model.FrameworkMethod.invokeExplosively(FrameworkMethod.java:42)
	at org.junit.internal.runners.statements.InvokeMethod.evaluate(InvokeMethod.java:20)
	at org.junit.runners.ParentRunner.runLeaf(ParentRunner.java:263)
	at org.junit.runners.BlockJUnit4ClassRunner.runChild(BlockJUnit4ClassRunner.java:68)
	at org.junit.runners.BlockJUnit4ClassRunner.runChild(BlockJUnit4ClassRunner.java:47)
	at org.junit.runners.ParentRunner$3.run(ParentRunner.java:231)
	at org.junit.runners.ParentRunner$1.schedule(ParentRunner.java:60)
	at org.junit.runners.ParentRunner.runChildren(ParentRunner.java:229)
	at org.junit.runners.ParentRunner.access$000(ParentRunner.java:50)
	at org.junit.runners.ParentRunner$2.evaluate(ParentRunner.java:222)
	at org.junit.runners.ParentRunner.run(ParentRunner.java:300)
	at org.junit.runner.JUnitCore.run(JUnitCore.java:157)
	at org.junit.runner.JUnitCore.run(JUnitCore.java:136)
	at edu.gmu.swe.flaky.sleepy.runner.SleepyTestRunner.main(SleepyTestRunner.java:68)

INFO:FromJava:FAILURE
INFO:FromJava:Failure:
INFO:FromJava:testConcurrentOperations(org.apache.ambari.server.agent.TestActionQueue)java.lang.AssertionError
	at org.junit.Assert.fail(Assert.java:92)
	at org.junit.Assert.assertTrue(Assert.java:43)
	at org.junit.Assert.assertTrue(Assert.java:54)
	at org.apache.ambari.server.agent.TestActionQueue.testConcurrentOperations(TestActionQueue.java:192)
	at sun.reflect.NativeMethodAccessorImpl.invoke0(Native Method)
	at sun.reflect.NativeMethodAccessorImpl.invoke(NativeMethodAccessorImpl.java:62)
	at sun.reflect.DelegatingMethodAccessorImpl.invoke(DelegatingMethodAccessorImpl.java:43)
	at java.lang.reflect.Method.invoke(Method.java:498)
	at org.junit.runners.model.FrameworkMethod$1.runReflectiveCall(FrameworkMethod.java:45)
	at org.junit.internal.runners.model.ReflectiveCallable.run(ReflectiveCallable.java:15)
	at org.junit.runners.model.FrameworkMethod.invokeExplosively(FrameworkMethod.java:42)
	at org.junit.internal.runners.statements.InvokeMethod.evaluate(InvokeMethod.java:20)
	at org.junit.runners.ParentRunner.runLeaf(ParentRunner.java:263)
	at org.junit.runners.BlockJUnit4ClassRunner.runChild(BlockJUnit4ClassRunner.java:68)
	at org.junit.runners.BlockJUnit4ClassRunner.runChild(BlockJUnit4ClassRunner.java:47)
	at org.junit.runners.ParentRunner$3.run(ParentRunner.java:231)
	at org.junit.runners.ParentRunner$1.schedule(ParentRunner.java:60)
	at org.junit.runners.ParentRunner.runChildren(ParentRunner.java:229)
	at org.junit.runners.ParentRunner.access$000(ParentRunner.java:50)
	at org.junit.runners.ParentRunner$2.evaluate(ParentRunner.java:222)
	at org.junit.runners.ParentRunner.run(ParentRunner.java:300)
	at org.junit.runner.JUnitCore.run(JUnitCore.java:157)
	at org.junit.runner.JUnitCore.run(JUnitCore.java:136)
	at edu.gmu.swe.flaky.sleepy.runner.SleepyTestRunner.main(SleepyTestRunner.java:68)

INFO:FromJava:FAILURE
INFO:FromJava:OK
INFO:FromJava:OK
INFO:FromJava:OK
INFO:FromJava:Failure:
INFO:FromJava:testConcurrentOperations(org.apache.ambari.server.agent.TestActionQueue)java.lang.AssertionError
	at org.junit.Assert.fail(Assert.java:92)
	at org.junit.Assert.assertTrue(Assert.java:43)
	at org.junit.Assert.assertTrue(Assert.java:54)
	at org.apache.ambari.server.agent.TestActionQueue.testConcurrentOperations(TestActionQueue.java:192)
	at sun.reflect.NativeMethodAccessorImpl.invoke0(Native Method)
	at sun.reflect.NativeMethodAccessorImpl.invoke(NativeMethodAccessorImpl.java:62)
	at sun.reflect.DelegatingMethodAccessorImpl.invoke(DelegatingMethodAccessorImpl.java:43)
	at java.lang.reflect.Method.invoke(Method.java:498)
	at org.junit.runners.model.FrameworkMethod$1.runReflectiveCall(FrameworkMethod.java:45)
	at org.junit.internal.runners.model.ReflectiveCallable.run(ReflectiveCallable.java:15)
	at org.junit.runners.model.FrameworkMethod.invokeExplosively(FrameworkMethod.java:42)
	at org.junit.internal.runners.statements.InvokeMethod.evaluate(InvokeMethod.java:20)
	at org.junit.runners.ParentRunner.runLeaf(ParentRunner.java:263)
	at org.junit.runners.BlockJUnit4ClassRunner.runChild(BlockJUnit4ClassRunner.java:68)
	at org.junit.runners.BlockJUnit4ClassRunner.runChild(BlockJUnit4ClassRunner.java:47)
	at org.junit.runners.ParentRunner$3.run(ParentRunner.java:231)
	at org.junit.runners.ParentRunner$1.schedule(ParentRunner.java:60)
	at org.junit.runners.ParentRunner.runChildren(ParentRunner.java:229)
	at org.junit.runners.ParentRunner.access$000(ParentRunner.java:50)
	at org.junit.runners.ParentRunner$2.evaluate(ParentRunner.java:222)
	at org.junit.runners.ParentRunner.run(ParentRunner.java:300)
	at org.junit.runner.JUnitCore.run(JUnitCore.java:157)
	at org.junit.runner.JUnitCore.run(JUnitCore.java:136)
	at edu.gmu.swe.flaky.sleepy.runner.SleepyTestRunner.main(SleepyTestRunner.java:68)

INFO:FromJava:FAILURE
INFO:FromJava:Failure:
INFO:FromJava:testConcurrentOperations(org.apache.ambari.server.agent.TestActionQueue)java.lang.AssertionError: expected:<0> but was:<55>
	at org.junit.Assert.fail(Assert.java:93)
	at org.junit.Assert.failNotEquals(Assert.java:647)
	at org.junit.Assert.assertEquals(Assert.java:128)
	at org.junit.Assert.assertEquals(Assert.java:472)
	at org.junit.Assert.assertEquals(Assert.java:456)
	at org.apache.ambari.server.agent.TestActionQueue.testConcurrentOperations(TestActionQueue.java:193)
	at sun.reflect.NativeMethodAccessorImpl.invoke0(Native Method)
	at sun.reflect.NativeMethodAccessorImpl.invoke(NativeMethodAccessorImpl.java:62)
	at sun.reflect.DelegatingMethodAccessorImpl.invoke(DelegatingMethodAccessorImpl.java:43)
	at java.lang.reflect.Method.invoke(Method.java:498)
	at org.junit.runners.model.FrameworkMethod$1.runReflectiveCall(FrameworkMethod.java:45)
	at org.junit.internal.runners.model.ReflectiveCallable.run(ReflectiveCallable.java:15)
	at org.junit.runners.model.FrameworkMethod.invokeExplosively(FrameworkMethod.java:42)
	at org.junit.internal.runners.statements.InvokeMethod.evaluate(InvokeMethod.java:20)
	at org.junit.runners.ParentRunner.runLeaf(ParentRunner.java:263)
	at org.junit.runners.BlockJUnit4ClassRunner.runChild(BlockJUnit4ClassRunner.java:68)
	at org.junit.runners.BlockJUnit4ClassRunner.runChild(BlockJUnit4ClassRunner.java:47)
	at org.junit.runners.ParentRunner$3.run(ParentRunner.java:231)
	at org.junit.runners.ParentRunner$1.schedule(ParentRunner.java:60)
	at org.junit.runners.ParentRunner.runChildren(ParentRunner.java:229)
	at org.junit.runners.ParentRunner.access$000(ParentRunner.java:50)
	at org.junit.runners.ParentRunner$2.evaluate(ParentRunner.java:222)
	at org.junit.runners.ParentRunner.run(ParentRunner.java:300)
	at org.junit.runner.JUnitCore.run(JUnitCore.java:157)
	at org.junit.runner.JUnitCore.run(JUnitCore.java:136)
	at edu.gmu.swe.flaky.sleepy.runner.SleepyTestRunner.main(SleepyTestRunner.java:68)

INFO:FromJava:FAILURE
INFO:FromJava:Failure:
INFO:FromJava:testConcurrentOperations(org.apache.ambari.server.agent.TestActionQueue)java.lang.AssertionError: expected:<44> but was:<47>
	at org.junit.Assert.fail(Assert.java:93)
	at org.junit.Assert.failNotEquals(Assert.java:647)
	at org.junit.Assert.assertEquals(Assert.java:128)
	at org.junit.Assert.assertEquals(Assert.java:472)
	at org.junit.Assert.assertEquals(Assert.java:456)
	at org.apache.ambari.server.agent.TestActionQueue.testConcurrentOperations(TestActionQueue.java:196)
	at sun.reflect.NativeMethodAccessorImpl.invoke0(Native Method)
	at sun.reflect.NativeMethodAccessorImpl.invoke(NativeMethodAccessorImpl.java:62)
	at sun.reflect.DelegatingMethodAccessorImpl.invoke(DelegatingMethodAccessorImpl.java:43)
	at java.lang.reflect.Method.invoke(Method.java:498)
	at org.junit.runners.model.FrameworkMethod$1.runReflectiveCall(FrameworkMethod.java:45)
	at org.junit.internal.runners.model.ReflectiveCallable.run(ReflectiveCallable.java:15)
	at org.junit.runners.model.FrameworkMethod.invokeExplosively(FrameworkMethod.java:42)
	at org.junit.internal.runners.statements.InvokeMethod.evaluate(InvokeMethod.java:20)
	at org.junit.runners.ParentRunner.runLeaf(ParentRunner.java:263)
	at org.junit.runners.BlockJUnit4ClassRunner.runChild(BlockJUnit4ClassRunner.java:68)
	at org.junit.runners.BlockJUnit4ClassRunner.runChild(BlockJUnit4ClassRunner.java:47)
	at org.junit.runners.ParentRunner$3.run(ParentRunner.java:231)
	at org.junit.runners.ParentRunner$1.schedule(ParentRunner.java:60)
	at org.junit.runners.ParentRunner.runChildren(ParentRunner.java:229)
	at org.junit.runners.ParentRunner.access$000(ParentRunner.java:50)
	at org.junit.runners.ParentRunner$2.evaluate(ParentRunner.java:222)
	at org.junit.runners.ParentRunner.run(ParentRunner.java:300)
	at org.junit.runner.JUnitCore.run(JUnitCore.java:157)
	at org.junit.runner.JUnitCore.run(JUnitCore.java:136)
	at edu.gmu.swe.flaky.sleepy.runner.SleepyTestRunner.main(SleepyTestRunner.java:68)

INFO:FromJava:FAILURE
INFO:FromJava:Failure:
INFO:FromJava:testConcurrentOperations(org.apache.ambari.server.agent.TestActionQueue)java.lang.AssertionError: expected:<100> but was:<97>
	at org.junit.Assert.fail(Assert.java:93)
	at org.junit.Assert.failNotEquals(Assert.java:647)
	at org.junit.Assert.assertEquals(Assert.java:128)
	at org.junit.Assert.assertEquals(Assert.java:472)
	at org.junit.Assert.assertEquals(Assert.java:456)
	at org.apache.ambari.server.agent.TestActionQueue.testConcurrentOperations(TestActionQueue.java:196)
	at sun.reflect.NativeMethodAccessorImpl.invoke0(Native Method)
	at sun.reflect.NativeMethodAccessorImpl.invoke(NativeMethodAccessorImpl.java:62)
	at sun.reflect.DelegatingMethodAccessorImpl.invoke(DelegatingMethodAccessorImpl.java:43)
	at java.lang.reflect.Method.invoke(Method.java:498)
	at org.junit.runners.model.FrameworkMethod$1.runReflectiveCall(FrameworkMethod.java:45)
	at org.junit.internal.runners.model.ReflectiveCallable.run(ReflectiveCallable.java:15)
	at org.junit.runners.model.FrameworkMethod.invokeExplosively(FrameworkMethod.java:42)
	at org.junit.internal.runners.statements.InvokeMethod.evaluate(InvokeMethod.java:20)
	at org.junit.runners.ParentRunner.runLeaf(ParentRunner.java:263)
	at org.junit.runners.BlockJUnit4ClassRunner.runChild(BlockJUnit4ClassRunner.java:68)
	at org.junit.runners.BlockJUnit4ClassRunner.runChild(BlockJUnit4ClassRunner.java:47)
	at org.junit.runners.ParentRunner$3.run(ParentRunner.java:231)
	at org.junit.runners.ParentRunner$1.schedule(ParentRunner.java:60)
	at org.junit.runners.ParentRunner.runChildren(ParentRunner.java:229)
	at org.junit.runners.ParentRunner.access$000(ParentRunner.java:50)
	at org.junit.runners.ParentRunner$2.evaluate(ParentRunner.java:222)
	at org.junit.runners.ParentRunner.run(ParentRunner.java:300)
	at org.junit.runner.JUnitCore.run(JUnitCore.java:157)
	at org.junit.runner.JUnitCore.run(JUnitCore.java:136)
	at edu.gmu.swe.flaky.sleepy.runner.SleepyTestRunner.main(SleepyTestRunner.java:68)

INFO:FromJava:FAILURE
INFO:FromJava:Failure:
INFO:FromJava:testConcurrentOperations(org.apache.ambari.server.agent.TestActionQueue)java.lang.AssertionError: expected:<2> but was:<1>
	at org.junit.Assert.fail(Assert.java:93)
	at org.junit.Assert.failNotEquals(Assert.java:647)
	at org.junit.Assert.assertEquals(Assert.java:128)
	at org.junit.Assert.assertEquals(Assert.java:472)
	at org.junit.Assert.assertEquals(Assert.java:456)
	at org.apache.ambari.server.agent.TestActionQueue.testConcurrentOperations(TestActionQueue.java:196)
	at sun.reflect.NativeMethodAccessorImpl.invoke0(Native Method)
	at sun.reflect.NativeMethodAccessorImpl.invoke(NativeMethodAccessorImpl.java:62)
	at sun.reflect.DelegatingMethodAccessorImpl.invoke(DelegatingMethodAccessorImpl.java:43)
	at java.lang.reflect.Method.invoke(Method.java:498)
	at org.junit.runners.model.FrameworkMethod$1.runReflectiveCall(FrameworkMethod.java:45)
	at org.junit.internal.runners.model.ReflectiveCallable.run(ReflectiveCallable.java:15)
	at org.junit.runners.model.FrameworkMethod.invokeExplosively(FrameworkMethod.java:42)
	at org.junit.internal.runners.statements.InvokeMethod.evaluate(InvokeMethod.java:20)
	at org.junit.runners.ParentRunner.runLeaf(ParentRunner.java:263)
	at org.junit.runners.BlockJUnit4ClassRunner.runChild(BlockJUnit4ClassRunner.java:68)
	at org.junit.runners.BlockJUnit4ClassRunner.runChild(BlockJUnit4ClassRunner.java:47)
	at org.junit.runners.ParentRunner$3.run(ParentRunner.java:231)
	at org.junit.runners.ParentRunner$1.schedule(ParentRunner.java:60)
	at org.junit.runners.ParentRunner.runChildren(ParentRunner.java:229)
	at org.junit.runners.ParentRunner.access$000(ParentRunner.java:50)
	at org.junit.runners.ParentRunner$2.evaluate(ParentRunner.java:222)
	at org.junit.runners.ParentRunner.run(ParentRunner.java:300)
	at org.junit.runner.JUnitCore.run(JUnitCore.java:157)
	at org.junit.runner.JUnitCore.run(JUnitCore.java:136)
	at edu.gmu.swe.flaky.sleepy.runner.SleepyTestRunner.main(SleepyTestRunner.java:68)

INFO:FromJava:FAILURE
INFO:FromJava:Failure:
INFO:FromJava:testConcurrentOperations(org.apache.ambari.server.agent.TestActionQueue)java.lang.AssertionError: expected:<101> but was:<98>
	at org.junit.Assert.fail(Assert.java:93)
	at org.junit.Assert.failNotEquals(Assert.java:647)
	at org.junit.Assert.assertEquals(Assert.java:128)
	at org.junit.Assert.assertEquals(Assert.java:472)
	at org.junit.Assert.assertEquals(Assert.java:456)
	at org.apache.ambari.server.agent.TestActionQueue.testConcurrentOperations(TestActionQueue.java:196)
	at sun.reflect.NativeMethodAccessorImpl.invoke0(Native Method)
	at sun.reflect.NativeMethodAccessorImpl.invoke(NativeMethodAccessorImpl.java:62)
	at sun.reflect.DelegatingMethodAccessorImpl.invoke(DelegatingMethodAccessorImpl.java:43)
	at java.lang.reflect.Method.invoke(Method.java:498)
	at org.junit.runners.model.FrameworkMethod$1.runReflectiveCall(FrameworkMethod.java:45)
	at org.junit.internal.runners.model.ReflectiveCallable.run(ReflectiveCallable.java:15)
	at org.junit.runners.model.FrameworkMethod.invokeExplosively(FrameworkMethod.java:42)
	at org.junit.internal.runners.statements.InvokeMethod.evaluate(InvokeMethod.java:20)
	at org.junit.runners.ParentRunner.runLeaf(ParentRunner.java:263)
	at org.junit.runners.BlockJUnit4ClassRunner.runChild(BlockJUnit4ClassRunner.java:68)
	at org.junit.runners.BlockJUnit4ClassRunner.runChild(BlockJUnit4ClassRunner.java:47)
	at org.junit.runners.ParentRunner$3.run(ParentRunner.java:231)
	at org.junit.runners.ParentRunner$1.schedule(ParentRunner.java:60)
	at org.junit.runners.ParentRunner.runChildren(ParentRunner.java:229)
	at org.junit.runners.ParentRunner.access$000(ParentRunner.java:50)
	at org.junit.runners.ParentRunner$2.evaluate(ParentRunner.java:222)
	at org.junit.runners.ParentRunner.run(ParentRunner.java:300)
	at org.junit.runner.JUnitCore.run(JUnitCore.java:157)
	at org.junit.runner.JUnitCore.run(JUnitCore.java:136)
	at edu.gmu.swe.flaky.sleepy.runner.SleepyTestRunner.main(SleepyTestRunner.java:68)

INFO:FromJava:FAILURE
INFO:FromJava:OK
INFO:FromJava:OK
INFO:FromJava:Failure:
INFO:FromJava:testConcurrentOperations(org.apache.ambari.server.agent.TestActionQueue)java.lang.AssertionError: expected:<0> but was:<1>
	at org.junit.Assert.fail(Assert.java:93)
	at org.junit.Assert.failNotEquals(Assert.java:647)
	at org.junit.Assert.assertEquals(Assert.java:128)
	at org.junit.Assert.assertEquals(Assert.java:472)
	at org.junit.Assert.assertEquals(Assert.java:456)
	at org.apache.ambari.server.agent.TestActionQueue.testConcurrentOperations(TestActionQueue.java:193)
	at sun.reflect.NativeMethodAccessorImpl.invoke0(Native Method)
	at sun.reflect.NativeMethodAccessorImpl.invoke(NativeMethodAccessorImpl.java:62)
	at sun.reflect.DelegatingMethodAccessorImpl.invoke(DelegatingMethodAccessorImpl.java:43)
	at java.lang.reflect.Method.invoke(Method.java:498)
	at org.junit.runners.model.FrameworkMethod$1.runReflectiveCall(FrameworkMethod.java:45)
	at org.junit.internal.runners.model.ReflectiveCallable.run(ReflectiveCallable.java:15)
	at org.junit.runners.model.FrameworkMethod.invokeExplosively(FrameworkMethod.java:42)
	at org.junit.internal.runners.statements.InvokeMethod.evaluate(InvokeMethod.java:20)
	at org.junit.runners.ParentRunner.runLeaf(ParentRunner.java:263)
	at org.junit.runners.BlockJUnit4ClassRunner.runChild(BlockJUnit4ClassRunner.java:68)
	at org.junit.runners.BlockJUnit4ClassRunner.runChild(BlockJUnit4ClassRunner.java:47)
	at org.junit.runners.ParentRunner$3.run(ParentRunner.java:231)
	at org.junit.runners.ParentRunner$1.schedule(ParentRunner.java:60)
	at org.junit.runners.ParentRunner.runChildren(ParentRunner.java:229)
	at org.junit.runners.ParentRunner.access$000(ParentRunner.java:50)
	at org.junit.runners.ParentRunner$2.evaluate(ParentRunner.java:222)
	at org.junit.runners.ParentRunner.run(ParentRunner.java:300)
	at org.junit.runner.JUnitCore.run(JUnitCore.java:157)
	at org.junit.runner.JUnitCore.run(JUnitCore.java:136)
	at edu.gmu.swe.flaky.sleepy.runner.SleepyTestRunner.main(SleepyTestRunner.java:68)

INFO:FromJava:FAILURE
INFO:FromJava:OK
INFO:FromJava:Failure:
INFO:FromJava:testConcurrentOperations(org.apache.ambari.server.agent.TestActionQueue)java.lang.AssertionError: expected:<107> but was:<105>
	at org.junit.Assert.fail(Assert.java:93)
	at org.junit.Assert.failNotEquals(Assert.java:647)
	at org.junit.Assert.assertEquals(Assert.java:128)
	at org.junit.Assert.assertEquals(Assert.java:472)
	at org.junit.Assert.assertEquals(Assert.java:456)
	at org.apache.ambari.server.agent.TestActionQueue.testConcurrentOperations(TestActionQueue.java:196)
	at sun.reflect.NativeMethodAccessorImpl.invoke0(Native Method)
	at sun.reflect.NativeMethodAccessorImpl.invoke(NativeMethodAccessorImpl.java:62)
	at sun.reflect.DelegatingMethodAccessorImpl.invoke(DelegatingMethodAccessorImpl.java:43)
	at java.lang.reflect.Method.invoke(Method.java:498)
	at org.junit.runners.model.FrameworkMethod$1.runReflectiveCall(FrameworkMethod.java:45)
	at org.junit.internal.runners.model.ReflectiveCallable.run(ReflectiveCallable.java:15)
	at org.junit.runners.model.FrameworkMethod.invokeExplosively(FrameworkMethod.java:42)
	at org.junit.internal.runners.statements.InvokeMethod.evaluate(InvokeMethod.java:20)
	at org.junit.runners.ParentRunner.runLeaf(ParentRunner.java:263)
	at org.junit.runners.BlockJUnit4ClassRunner.runChild(BlockJUnit4ClassRunner.java:68)
	at org.junit.runners.BlockJUnit4ClassRunner.runChild(BlockJUnit4ClassRunner.java:47)
	at org.junit.runners.ParentRunner$3.run(ParentRunner.java:231)
	at org.junit.runners.ParentRunner$1.schedule(ParentRunner.java:60)
	at org.junit.runners.ParentRunner.runChildren(ParentRunner.java:229)
	at org.junit.runners.ParentRunner.access$000(ParentRunner.java:50)
	at org.junit.runners.ParentRunner$2.evaluate(ParentRunner.java:222)
	at org.junit.runners.ParentRunner.run(ParentRunner.java:300)
	at org.junit.runner.JUnitCore.run(JUnitCore.java:157)
	at org.junit.runner.JUnitCore.run(JUnitCore.java:136)
	at edu.gmu.swe.flaky.sleepy.runner.SleepyTestRunner.main(SleepyTestRunner.java:68)

INFO:FromJava:FAILURE
INFO:FromJava:Failure:
INFO:FromJava:testConcurrentOperations(org.apache.ambari.server.agent.TestActionQueue)java.lang.AssertionError: expected:<100> but was:<97>
	at org.junit.Assert.fail(Assert.java:93)
	at org.junit.Assert.failNotEquals(Assert.java:647)
	at org.junit.Assert.assertEquals(Assert.java:128)
	at org.junit.Assert.assertEquals(Assert.java:472)
	at org.junit.Assert.assertEquals(Assert.java:456)
	at org.apache.ambari.server.agent.TestActionQueue.testConcurrentOperations(TestActionQueue.java:196)
	at sun.reflect.NativeMethodAccessorImpl.invoke0(Native Method)
	at sun.reflect.NativeMethodAccessorImpl.invoke(NativeMethodAccessorImpl.java:62)
	at sun.reflect.DelegatingMethodAccessorImpl.invoke(DelegatingMethodAccessorImpl.java:43)
	at java.lang.reflect.Method.invoke(Method.java:498)
	at org.junit.runners.model.FrameworkMethod$1.runReflectiveCall(FrameworkMethod.java:45)
	at org.junit.internal.runners.model.ReflectiveCallable.run(ReflectiveCallable.java:15)
	at org.junit.runners.model.FrameworkMethod.invokeExplosively(FrameworkMethod.java:42)
	at org.junit.internal.runners.statements.InvokeMethod.evaluate(InvokeMethod.java:20)
	at org.junit.runners.ParentRunner.runLeaf(ParentRunner.java:263)
	at org.junit.runners.BlockJUnit4ClassRunner.runChild(BlockJUnit4ClassRunner.java:68)
	at org.junit.runners.BlockJUnit4ClassRunner.runChild(BlockJUnit4ClassRunner.java:47)
	at org.junit.runners.ParentRunner$3.run(ParentRunner.java:231)
	at org.junit.runners.ParentRunner$1.schedule(ParentRunner.java:60)
	at org.junit.runners.ParentRunner.runChildren(ParentRunner.java:229)
	at org.junit.runners.ParentRunner.access$000(ParentRunner.java:50)
	at org.junit.runners.ParentRunner$2.evaluate(ParentRunner.java:222)
	at org.junit.runners.ParentRunner.run(ParentRunner.java:300)
	at org.junit.runner.JUnitCore.run(JUnitCore.java:157)
	at org.junit.runner.JUnitCore.run(JUnitCore.java:136)
	at edu.gmu.swe.flaky.sleepy.runner.SleepyTestRunner.main(SleepyTestRunner.java:68)

INFO:FromJava:FAILURE
INFO:FromJava:Failure:
INFO:FromJava:testConcurrentOperations(org.apache.ambari.server.agent.TestActionQueue)java.lang.AssertionError: expected:<100> but was:<98>
	at org.junit.Assert.fail(Assert.java:93)
	at org.junit.Assert.failNotEquals(Assert.java:647)
	at org.junit.Assert.assertEquals(Assert.java:128)
	at org.junit.Assert.assertEquals(Assert.java:472)
	at org.junit.Assert.assertEquals(Assert.java:456)
	at org.apache.ambari.server.agent.TestActionQueue.testConcurrentOperations(TestActionQueue.java:196)
	at sun.reflect.NativeMethodAccessorImpl.invoke0(Native Method)
	at sun.reflect.NativeMethodAccessorImpl.invoke(NativeMethodAccessorImpl.java:62)
	at sun.reflect.DelegatingMethodAccessorImpl.invoke(DelegatingMethodAccessorImpl.java:43)
	at java.lang.reflect.Method.invoke(Method.java:498)
	at org.junit.runners.model.FrameworkMethod$1.runReflectiveCall(FrameworkMethod.java:45)
	at org.junit.internal.runners.model.ReflectiveCallable.run(ReflectiveCallable.java:15)
	at org.junit.runners.model.FrameworkMethod.invokeExplosively(FrameworkMethod.java:42)
	at org.junit.internal.runners.statements.InvokeMethod.evaluate(InvokeMethod.java:20)
	at org.junit.runners.ParentRunner.runLeaf(ParentRunner.java:263)
	at org.junit.runners.BlockJUnit4ClassRunner.runChild(BlockJUnit4ClassRunner.java:68)
	at org.junit.runners.BlockJUnit4ClassRunner.runChild(BlockJUnit4ClassRunner.java:47)
	at org.junit.runners.ParentRunner$3.run(ParentRunner.java:231)
	at org.junit.runners.ParentRunner$1.schedule(ParentRunner.java:60)
	at org.junit.runners.ParentRunner.runChildren(ParentRunner.java:229)
	at org.junit.runners.ParentRunner.access$000(ParentRunner.java:50)
	at org.junit.runners.ParentRunner$2.evaluate(ParentRunner.java:222)
	at org.junit.runners.ParentRunner.run(ParentRunner.java:300)
	at org.junit.runner.JUnitCore.run(JUnitCore.java:157)
	at org.junit.runner.JUnitCore.run(JUnitCore.java:136)
	at edu.gmu.swe.flaky.sleepy.runner.SleepyTestRunner.main(SleepyTestRunner.java:68)

INFO:FromJava:FAILURE
INFO:FromJava:OK
INFO:FromJava:OK
INFO:FromJava:OK
INFO:FromJava:OK
INFO:FromJava:OK
INFO:FromJava:OK
INFO:FromJava:Failure:
INFO:FromJava:testConcurrentOperations(org.apache.ambari.server.agent.TestActionQueue)java.lang.AssertionError: expected:<128> but was:<126>
	at org.junit.Assert.fail(Assert.java:93)
	at org.junit.Assert.failNotEquals(Assert.java:647)
	at org.junit.Assert.assertEquals(Assert.java:128)
	at org.junit.Assert.assertEquals(Assert.java:472)
	at org.junit.Assert.assertEquals(Assert.java:456)
	at org.apache.ambari.server.agent.TestActionQueue.testConcurrentOperations(TestActionQueue.java:196)
	at sun.reflect.NativeMethodAccessorImpl.invoke0(Native Method)
	at sun.reflect.NativeMethodAccessorImpl.invoke(NativeMethodAccessorImpl.java:62)
	at sun.reflect.DelegatingMethodAccessorImpl.invoke(DelegatingMethodAccessorImpl.java:43)
	at java.lang.reflect.Method.invoke(Method.java:498)
	at org.junit.runners.model.FrameworkMethod$1.runReflectiveCall(FrameworkMethod.java:45)
	at org.junit.internal.runners.model.ReflectiveCallable.run(ReflectiveCallable.java:15)
	at org.junit.runners.model.FrameworkMethod.invokeExplosively(FrameworkMethod.java:42)
	at org.junit.internal.runners.statements.InvokeMethod.evaluate(InvokeMethod.java:20)
	at org.junit.runners.ParentRunner.runLeaf(ParentRunner.java:263)
	at org.junit.runners.BlockJUnit4ClassRunner.runChild(BlockJUnit4ClassRunner.java:68)
	at org.junit.runners.BlockJUnit4ClassRunner.runChild(BlockJUnit4ClassRunner.java:47)
	at org.junit.runners.ParentRunner$3.run(ParentRunner.java:231)
	at org.junit.runners.ParentRunner$1.schedule(ParentRunner.java:60)
	at org.junit.runners.ParentRunner.runChildren(ParentRunner.java:229)
	at org.junit.runners.ParentRunner.access$000(ParentRunner.java:50)
	at org.junit.runners.ParentRunner$2.evaluate(ParentRunner.java:222)
	at org.junit.runners.ParentRunner.run(ParentRunner.java:300)
	at org.junit.runner.JUnitCore.run(JUnitCore.java:157)
	at org.junit.runner.JUnitCore.run(JUnitCore.java:136)
	at edu.gmu.swe.flaky.sleepy.runner.SleepyTestRunner.main(SleepyTestRunner.java:68)

INFO:FromJava:FAILURE
INFO:FromJava:Failure:
INFO:FromJava:testConcurrentOperations(org.apache.ambari.server.agent.TestActionQueue)java.lang.AssertionError: expected:<113> but was:<111>
	at org.junit.Assert.fail(Assert.java:93)
	at org.junit.Assert.failNotEquals(Assert.java:647)
	at org.junit.Assert.assertEquals(Assert.java:128)
	at org.junit.Assert.assertEquals(Assert.java:472)
	at org.junit.Assert.assertEquals(Assert.java:456)
	at org.apache.ambari.server.agent.TestActionQueue.testConcurrentOperations(TestActionQueue.java:196)
	at sun.reflect.NativeMethodAccessorImpl.invoke0(Native Method)
	at sun.reflect.NativeMethodAccessorImpl.invoke(NativeMethodAccessorImpl.java:62)
	at sun.reflect.DelegatingMethodAccessorImpl.invoke(DelegatingMethodAccessorImpl.java:43)
	at java.lang.reflect.Method.invoke(Method.java:498)
	at org.junit.runners.model.FrameworkMethod$1.runReflectiveCall(FrameworkMethod.java:45)
	at org.junit.internal.runners.model.ReflectiveCallable.run(ReflectiveCallable.java:15)
	at org.junit.runners.model.FrameworkMethod.invokeExplosively(FrameworkMethod.java:42)
	at org.junit.internal.runners.statements.InvokeMethod.evaluate(InvokeMethod.java:20)
	at org.junit.runners.ParentRunner.runLeaf(ParentRunner.java:263)
	at org.junit.runners.BlockJUnit4ClassRunner.runChild(BlockJUnit4ClassRunner.java:68)
	at org.junit.runners.BlockJUnit4ClassRunner.runChild(BlockJUnit4ClassRunner.java:47)
	at org.junit.runners.ParentRunner$3.run(ParentRunner.java:231)
	at org.junit.runners.ParentRunner$1.schedule(ParentRunner.java:60)
	at org.junit.runners.ParentRunner.runChildren(ParentRunner.java:229)
	at org.junit.runners.ParentRunner.access$000(ParentRunner.java:50)
	at org.junit.runners.ParentRunner$2.evaluate(ParentRunner.java:222)
	at org.junit.runners.ParentRunner.run(ParentRunner.java:300)
	at org.junit.runner.JUnitCore.run(JUnitCore.java:157)
	at org.junit.runner.JUnitCore.run(JUnitCore.java:136)
	at edu.gmu.swe.flaky.sleepy.runner.SleepyTestRunner.main(SleepyTestRunner.java:68)

INFO:FromJava:FAILURE
INFO:FromJava:Failure:
INFO:FromJava:testConcurrentOperations(org.apache.ambari.server.agent.TestActionQueue)java.lang.AssertionError: expected:<124> but was:<122>
	at org.junit.Assert.fail(Assert.java:93)
	at org.junit.Assert.failNotEquals(Assert.java:647)
	at org.junit.Assert.assertEquals(Assert.java:128)
	at org.junit.Assert.assertEquals(Assert.java:472)
	at org.junit.Assert.assertEquals(Assert.java:456)
	at org.apache.ambari.server.agent.TestActionQueue.testConcurrentOperations(TestActionQueue.java:196)
	at sun.reflect.NativeMethodAccessorImpl.invoke0(Native Method)
	at sun.reflect.NativeMethodAccessorImpl.invoke(NativeMethodAccessorImpl.java:62)
	at sun.reflect.DelegatingMethodAccessorImpl.invoke(DelegatingMethodAccessorImpl.java:43)
	at java.lang.reflect.Method.invoke(Method.java:498)
	at org.junit.runners.model.FrameworkMethod$1.runReflectiveCall(FrameworkMethod.java:45)
	at org.junit.internal.runners.model.ReflectiveCallable.run(ReflectiveCallable.java:15)
	at org.junit.runners.model.FrameworkMethod.invokeExplosively(FrameworkMethod.java:42)
	at org.junit.internal.runners.statements.InvokeMethod.evaluate(InvokeMethod.java:20)
	at org.junit.runners.ParentRunner.runLeaf(ParentRunner.java:263)
	at org.junit.runners.BlockJUnit4ClassRunner.runChild(BlockJUnit4ClassRunner.java:68)
	at org.junit.runners.BlockJUnit4ClassRunner.runChild(BlockJUnit4ClassRunner.java:47)
	at org.junit.runners.ParentRunner$3.run(ParentRunner.java:231)
	at org.junit.runners.ParentRunner$1.schedule(ParentRunner.java:60)
	at org.junit.runners.ParentRunner.runChildren(ParentRunner.java:229)
	at org.junit.runners.ParentRunner.access$000(ParentRunner.java:50)
	at org.junit.runners.ParentRunner$2.evaluate(ParentRunner.java:222)
	at org.junit.runners.ParentRunner.run(ParentRunner.java:300)
	at org.junit.runner.JUnitCore.run(JUnitCore.java:157)
	at org.junit.runner.JUnitCore.run(JUnitCore.java:136)
	at edu.gmu.swe.flaky.sleepy.runner.SleepyTestRunner.main(SleepyTestRunner.java:68)

INFO:FromJava:FAILURE
INFO:FromJava:Failure:
INFO:FromJava:testConcurrentOperations(org.apache.ambari.server.agent.TestActionQueue)java.lang.AssertionError: expected:<9> but was:<79>
	at org.junit.Assert.fail(Assert.java:93)
	at org.junit.Assert.failNotEquals(Assert.java:647)
	at org.junit.Assert.assertEquals(Assert.java:128)
	at org.junit.Assert.assertEquals(Assert.java:472)
	at org.junit.Assert.assertEquals(Assert.java:456)
	at org.apache.ambari.server.agent.TestActionQueue.testConcurrentOperations(TestActionQueue.java:196)
	at sun.reflect.NativeMethodAccessorImpl.invoke0(Native Method)
	at sun.reflect.NativeMethodAccessorImpl.invoke(NativeMethodAccessorImpl.java:62)
	at sun.reflect.DelegatingMethodAccessorImpl.invoke(DelegatingMethodAccessorImpl.java:43)
	at java.lang.reflect.Method.invoke(Method.java:498)
	at org.junit.runners.model.FrameworkMethod$1.runReflectiveCall(FrameworkMethod.java:45)
	at org.junit.internal.runners.model.ReflectiveCallable.run(ReflectiveCallable.java:15)
	at org.junit.runners.model.FrameworkMethod.invokeExplosively(FrameworkMethod.java:42)
	at org.junit.internal.runners.statements.InvokeMethod.evaluate(InvokeMethod.java:20)
	at org.junit.runners.ParentRunner.runLeaf(ParentRunner.java:263)
	at org.junit.runners.BlockJUnit4ClassRunner.runChild(BlockJUnit4ClassRunner.java:68)
	at org.junit.runners.BlockJUnit4ClassRunner.runChild(BlockJUnit4ClassRunner.java:47)
	at org.junit.runners.ParentRunner$3.run(ParentRunner.java:231)
	at org.junit.runners.ParentRunner$1.schedule(ParentRunner.java:60)
	at org.junit.runners.ParentRunner.runChildren(ParentRunner.java:229)
	at org.junit.runners.ParentRunner.access$000(ParentRunner.java:50)
	at org.junit.runners.ParentRunner$2.evaluate(ParentRunner.java:222)
	at org.junit.runners.ParentRunner.run(ParentRunner.java:300)
	at org.junit.runner.JUnitCore.run(JUnitCore.java:157)
	at org.junit.runner.JUnitCore.run(JUnitCore.java:136)
	at edu.gmu.swe.flaky.sleepy.runner.SleepyTestRunner.main(SleepyTestRunner.java:68)

INFO:FromJava:FAILURE
INFO:FromJava:Failure:
INFO:FromJava:testConcurrentOperations(org.apache.ambari.server.agent.TestActionQueue)java.lang.AssertionError: expected:<1> but was:<77>
	at org.junit.Assert.fail(Assert.java:93)
	at org.junit.Assert.failNotEquals(Assert.java:647)
	at org.junit.Assert.assertEquals(Assert.java:128)
	at org.junit.Assert.assertEquals(Assert.java:472)
	at org.junit.Assert.assertEquals(Assert.java:456)
	at org.apache.ambari.server.agent.TestActionQueue.testConcurrentOperations(TestActionQueue.java:196)
	at sun.reflect.NativeMethodAccessorImpl.invoke0(Native Method)
	at sun.reflect.NativeMethodAccessorImpl.invoke(NativeMethodAccessorImpl.java:62)
	at sun.reflect.DelegatingMethodAccessorImpl.invoke(DelegatingMethodAccessorImpl.java:43)
	at java.lang.reflect.Method.invoke(Method.java:498)
	at org.junit.runners.model.FrameworkMethod$1.runReflectiveCall(FrameworkMethod.java:45)
	at org.junit.internal.runners.model.ReflectiveCallable.run(ReflectiveCallable.java:15)
	at org.junit.runners.model.FrameworkMethod.invokeExplosively(FrameworkMethod.java:42)
	at org.junit.internal.runners.statements.InvokeMethod.evaluate(InvokeMethod.java:20)
	at org.junit.runners.ParentRunner.runLeaf(ParentRunner.java:263)
	at org.junit.runners.BlockJUnit4ClassRunner.runChild(BlockJUnit4ClassRunner.java:68)
	at org.junit.runners.BlockJUnit4ClassRunner.runChild(BlockJUnit4ClassRunner.java:47)
	at org.junit.runners.ParentRunner$3.run(ParentRunner.java:231)
	at org.junit.runners.ParentRunner$1.schedule(ParentRunner.java:60)
	at org.junit.runners.ParentRunner.runChildren(ParentRunner.java:229)
	at org.junit.runners.ParentRunner.access$000(ParentRunner.java:50)
	at org.junit.runners.ParentRunner$2.evaluate(ParentRunner.java:222)
	at org.junit.runners.ParentRunner.run(ParentRunner.java:300)
	at org.junit.runner.JUnitCore.run(JUnitCore.java:157)
	at org.junit.runner.JUnitCore.run(JUnitCore.java:136)
	at edu.gmu.swe.flaky.sleepy.runner.SleepyTestRunner.main(SleepyTestRunner.java:68)

INFO:FromJava:FAILURE
INFO:FromJava:Failure:
INFO:FromJava:testConcurrentOperations(org.apache.ambari.server.agent.TestActionQueue)java.lang.AssertionError: expected:<11> but was:<78>
	at org.junit.Assert.fail(Assert.java:93)
	at org.junit.Assert.failNotEquals(Assert.java:647)
	at org.junit.Assert.assertEquals(Assert.java:128)
	at org.junit.Assert.assertEquals(Assert.java:472)
	at org.junit.Assert.assertEquals(Assert.java:456)
	at org.apache.ambari.server.agent.TestActionQueue.testConcurrentOperations(TestActionQueue.java:196)
	at sun.reflect.NativeMethodAccessorImpl.invoke0(Native Method)
	at sun.reflect.NativeMethodAccessorImpl.invoke(NativeMethodAccessorImpl.java:62)
	at sun.reflect.DelegatingMethodAccessorImpl.invoke(DelegatingMethodAccessorImpl.java:43)
	at java.lang.reflect.Method.invoke(Method.java:498)
	at org.junit.runners.model.FrameworkMethod$1.runReflectiveCall(FrameworkMethod.java:45)
	at org.junit.internal.runners.model.ReflectiveCallable.run(ReflectiveCallable.java:15)
	at org.junit.runners.model.FrameworkMethod.invokeExplosively(FrameworkMethod.java:42)
	at org.junit.internal.runners.statements.InvokeMethod.evaluate(InvokeMethod.java:20)
	at org.junit.runners.ParentRunner.runLeaf(ParentRunner.java:263)
	at org.junit.runners.BlockJUnit4ClassRunner.runChild(BlockJUnit4ClassRunner.java:68)
	at org.junit.runners.BlockJUnit4ClassRunner.runChild(BlockJUnit4ClassRunner.java:47)
	at org.junit.runners.ParentRunner$3.run(ParentRunner.java:231)
	at org.junit.runners.ParentRunner$1.schedule(ParentRunner.java:60)
	at org.junit.runners.ParentRunner.runChildren(ParentRunner.java:229)
	at org.junit.runners.ParentRunner.access$000(ParentRunner.java:50)
	at org.junit.runners.ParentRunner$2.evaluate(ParentRunner.java:222)
	at org.junit.runners.ParentRunner.run(ParentRunner.java:300)
	at org.junit.runner.JUnitCore.run(JUnitCore.java:157)
	at org.junit.runner.JUnitCore.run(JUnitCore.java:136)
	at edu.gmu.swe.flaky.sleepy.runner.SleepyTestRunner.main(SleepyTestRunner.java:68)

INFO:FromJava:FAILURE
INFO:FromJava:Failure:
INFO:FromJava:testConcurrentOperations(org.apache.ambari.server.agent.TestActionQueue)java.lang.AssertionError: expected:<105> but was:<102>
	at org.junit.Assert.fail(Assert.java:93)
	at org.junit.Assert.failNotEquals(Assert.java:647)
	at org.junit.Assert.assertEquals(Assert.java:128)
	at org.junit.Assert.assertEquals(Assert.java:472)
	at org.junit.Assert.assertEquals(Assert.java:456)
	at org.apache.ambari.server.agent.TestActionQueue.testConcurrentOperations(TestActionQueue.java:196)
	at sun.reflect.NativeMethodAccessorImpl.invoke0(Native Method)
	at sun.reflect.NativeMethodAccessorImpl.invoke(NativeMethodAccessorImpl.java:62)
	at sun.reflect.DelegatingMethodAccessorImpl.invoke(DelegatingMethodAccessorImpl.java:43)
	at java.lang.reflect.Method.invoke(Method.java:498)
	at org.junit.runners.model.FrameworkMethod$1.runReflectiveCall(FrameworkMethod.java:45)
	at org.junit.internal.runners.model.ReflectiveCallable.run(ReflectiveCallable.java:15)
	at org.junit.runners.model.FrameworkMethod.invokeExplosively(FrameworkMethod.java:42)
	at org.junit.internal.runners.statements.InvokeMethod.evaluate(InvokeMethod.java:20)
	at org.junit.runners.ParentRunner.runLeaf(ParentRunner.java:263)
	at org.junit.runners.BlockJUnit4ClassRunner.runChild(BlockJUnit4ClassRunner.java:68)
	at org.junit.runners.BlockJUnit4ClassRunner.runChild(BlockJUnit4ClassRunner.java:47)
	at org.junit.runners.ParentRunner$3.run(ParentRunner.java:231)
	at org.junit.runners.ParentRunner$1.schedule(ParentRunner.java:60)
	at org.junit.runners.ParentRunner.runChildren(ParentRunner.java:229)
	at org.junit.runners.ParentRunner.access$000(ParentRunner.java:50)
	at org.junit.runners.ParentRunner$2.evaluate(ParentRunner.java:222)
	at org.junit.runners.ParentRunner.run(ParentRunner.java:300)
	at org.junit.runner.JUnitCore.run(JUnitCore.java:157)
	at org.junit.runner.JUnitCore.run(JUnitCore.java:136)
	at edu.gmu.swe.flaky.sleepy.runner.SleepyTestRunner.main(SleepyTestRunner.java:68)

INFO:FromJava:FAILURE
INFO:FromJava:Failure:
INFO:FromJava:testConcurrentOperations(org.apache.ambari.server.agent.TestActionQueue)java.lang.AssertionError: expected:<103> but was:<101>
	at org.junit.Assert.fail(Assert.java:93)
	at org.junit.Assert.failNotEquals(Assert.java:647)
	at org.junit.Assert.assertEquals(Assert.java:128)
	at org.junit.Assert.assertEquals(Assert.java:472)
	at org.junit.Assert.assertEquals(Assert.java:456)
	at org.apache.ambari.server.agent.TestActionQueue.testConcurrentOperations(TestActionQueue.java:196)
	at sun.reflect.NativeMethodAccessorImpl.invoke0(Native Method)
	at sun.reflect.NativeMethodAccessorImpl.invoke(NativeMethodAccessorImpl.java:62)
	at sun.reflect.DelegatingMethodAccessorImpl.invoke(DelegatingMethodAccessorImpl.java:43)
	at java.lang.reflect.Method.invoke(Method.java:498)
	at org.junit.runners.model.FrameworkMethod$1.runReflectiveCall(FrameworkMethod.java:45)
	at org.junit.internal.runners.model.ReflectiveCallable.run(ReflectiveCallable.java:15)
	at org.junit.runners.model.FrameworkMethod.invokeExplosively(FrameworkMethod.java:42)
	at org.junit.internal.runners.statements.InvokeMethod.evaluate(InvokeMethod.java:20)
	at org.junit.runners.ParentRunner.runLeaf(ParentRunner.java:263)
	at org.junit.runners.BlockJUnit4ClassRunner.runChild(BlockJUnit4ClassRunner.java:68)
	at org.junit.runners.BlockJUnit4ClassRunner.runChild(BlockJUnit4ClassRunner.java:47)
	at org.junit.runners.ParentRunner$3.run(ParentRunner.java:231)
	at org.junit.runners.ParentRunner$1.schedule(ParentRunner.java:60)
	at org.junit.runners.ParentRunner.runChildren(ParentRunner.java:229)
	at org.junit.runners.ParentRunner.access$000(ParentRunner.java:50)
	at org.junit.runners.ParentRunner$2.evaluate(ParentRunner.java:222)
	at org.junit.runners.ParentRunner.run(ParentRunner.java:300)
	at org.junit.runner.JUnitCore.run(JUnitCore.java:157)
	at org.junit.runner.JUnitCore.run(JUnitCore.java:136)
	at edu.gmu.swe.flaky.sleepy.runner.SleepyTestRunner.main(SleepyTestRunner.java:68)

INFO:FromJava:FAILURE
INFO:FromJava:Failure:
INFO:FromJava:testConcurrentOperations(org.apache.ambari.server.agent.TestActionQueue)java.lang.AssertionError: expected:<100> but was:<97>
	at org.junit.Assert.fail(Assert.java:93)
	at org.junit.Assert.failNotEquals(Assert.java:647)
	at org.junit.Assert.assertEquals(Assert.java:128)
	at org.junit.Assert.assertEquals(Assert.java:472)
	at org.junit.Assert.assertEquals(Assert.java:456)
	at org.apache.ambari.server.agent.TestActionQueue.testConcurrentOperations(TestActionQueue.java:196)
	at sun.reflect.NativeMethodAccessorImpl.invoke0(Native Method)
	at sun.reflect.NativeMethodAccessorImpl.invoke(NativeMethodAccessorImpl.java:62)
	at sun.reflect.DelegatingMethodAccessorImpl.invoke(DelegatingMethodAccessorImpl.java:43)
	at java.lang.reflect.Method.invoke(Method.java:498)
	at org.junit.runners.model.FrameworkMethod$1.runReflectiveCall(FrameworkMethod.java:45)
	at org.junit.internal.runners.model.ReflectiveCallable.run(ReflectiveCallable.java:15)
	at org.junit.runners.model.FrameworkMethod.invokeExplosively(FrameworkMethod.java:42)
	at org.junit.internal.runners.statements.InvokeMethod.evaluate(InvokeMethod.java:20)
	at org.junit.runners.ParentRunner.runLeaf(ParentRunner.java:263)
	at org.junit.runners.BlockJUnit4ClassRunner.runChild(BlockJUnit4ClassRunner.java:68)
	at org.junit.runners.BlockJUnit4ClassRunner.runChild(BlockJUnit4ClassRunner.java:47)
	at org.junit.runners.ParentRunner$3.run(ParentRunner.java:231)
	at org.junit.runners.ParentRunner$1.schedule(ParentRunner.java:60)
	at org.junit.runners.ParentRunner.runChildren(ParentRunner.java:229)
	at org.junit.runners.ParentRunner.access$000(ParentRunner.java:50)
	at org.junit.runners.ParentRunner$2.evaluate(ParentRunner.java:222)
	at org.junit.runners.ParentRunner.run(ParentRunner.java:300)
	at org.junit.runner.JUnitCore.run(JUnitCore.java:157)
	at org.junit.runner.JUnitCore.run(JUnitCore.java:136)
	at edu.gmu.swe.flaky.sleepy.runner.SleepyTestRunner.main(SleepyTestRunner.java:68)

INFO:FromJava:FAILURE
INFO:FromJava:OK
INFO:FromJava:OK
INFO:FromJava:OK
INFO:FromJava:Failure:
INFO:FromJava:testConcurrentOperations(org.apache.ambari.server.agent.TestActionQueue)java.lang.AssertionError: expected:<101> but was:<98>
	at org.junit.Assert.fail(Assert.java:93)
	at org.junit.Assert.failNotEquals(Assert.java:647)
	at org.junit.Assert.assertEquals(Assert.java:128)
	at org.junit.Assert.assertEquals(Assert.java:472)
	at org.junit.Assert.assertEquals(Assert.java:456)
	at org.apache.ambari.server.agent.TestActionQueue.testConcurrentOperations(TestActionQueue.java:196)
	at sun.reflect.NativeMethodAccessorImpl.invoke0(Native Method)
	at sun.reflect.NativeMethodAccessorImpl.invoke(NativeMethodAccessorImpl.java:62)
	at sun.reflect.DelegatingMethodAccessorImpl.invoke(DelegatingMethodAccessorImpl.java:43)
	at java.lang.reflect.Method.invoke(Method.java:498)
	at org.junit.runners.model.FrameworkMethod$1.runReflectiveCall(FrameworkMethod.java:45)
	at org.junit.internal.runners.model.ReflectiveCallable.run(ReflectiveCallable.java:15)
	at org.junit.runners.model.FrameworkMethod.invokeExplosively(FrameworkMethod.java:42)
	at org.junit.internal.runners.statements.InvokeMethod.evaluate(InvokeMethod.java:20)
	at org.junit.runners.ParentRunner.runLeaf(ParentRunner.java:263)
	at org.junit.runners.BlockJUnit4ClassRunner.runChild(BlockJUnit4ClassRunner.java:68)
	at org.junit.runners.BlockJUnit4ClassRunner.runChild(BlockJUnit4ClassRunner.java:47)
	at org.junit.runners.ParentRunner$3.run(ParentRunner.java:231)
	at org.junit.runners.ParentRunner$1.schedule(ParentRunner.java:60)
	at org.junit.runners.ParentRunner.runChildren(ParentRunner.java:229)
	at org.junit.runners.ParentRunner.access$000(ParentRunner.java:50)
	at org.junit.runners.ParentRunner$2.evaluate(ParentRunner.java:222)
	at org.junit.runners.ParentRunner.run(ParentRunner.java:300)
	at org.junit.runner.JUnitCore.run(JUnitCore.java:157)
	at org.junit.runner.JUnitCore.run(JUnitCore.java:136)
	at edu.gmu.swe.flaky.sleepy.runner.SleepyTestRunner.main(SleepyTestRunner.java:68)

INFO:FromJava:FAILURE
INFO:FromJava:Failure:
INFO:FromJava:testConcurrentOperations(org.apache.ambari.server.agent.TestActionQueue)java.lang.AssertionError: expected:<47> but was:<46>
	at org.junit.Assert.fail(Assert.java:93)
	at org.junit.Assert.failNotEquals(Assert.java:647)
	at org.junit.Assert.assertEquals(Assert.java:128)
	at org.junit.Assert.assertEquals(Assert.java:472)
	at org.junit.Assert.assertEquals(Assert.java:456)
	at org.apache.ambari.server.agent.TestActionQueue.testConcurrentOperations(TestActionQueue.java:196)
	at sun.reflect.NativeMethodAccessorImpl.invoke0(Native Method)
	at sun.reflect.NativeMethodAccessorImpl.invoke(NativeMethodAccessorImpl.java:62)
	at sun.reflect.DelegatingMethodAccessorImpl.invoke(DelegatingMethodAccessorImpl.java:43)
	at java.lang.reflect.Method.invoke(Method.java:498)
	at org.junit.runners.model.FrameworkMethod$1.runReflectiveCall(FrameworkMethod.java:45)
	at org.junit.internal.runners.model.ReflectiveCallable.run(ReflectiveCallable.java:15)
	at org.junit.runners.model.FrameworkMethod.invokeExplosively(FrameworkMethod.java:42)
	at org.junit.internal.runners.statements.InvokeMethod.evaluate(InvokeMethod.java:20)
	at org.junit.runners.ParentRunner.runLeaf(ParentRunner.java:263)
	at org.junit.runners.BlockJUnit4ClassRunner.runChild(BlockJUnit4ClassRunner.java:68)
	at org.junit.runners.BlockJUnit4ClassRunner.runChild(BlockJUnit4ClassRunner.java:47)
	at org.junit.runners.ParentRunner$3.run(ParentRunner.java:231)
	at org.junit.runners.ParentRunner$1.schedule(ParentRunner.java:60)
	at org.junit.runners.ParentRunner.runChildren(ParentRunner.java:229)
	at org.junit.runners.ParentRunner.access$000(ParentRunner.java:50)
	at org.junit.runners.ParentRunner$2.evaluate(ParentRunner.java:222)
	at org.junit.runners.ParentRunner.run(ParentRunner.java:300)
	at org.junit.runner.JUnitCore.run(JUnitCore.java:157)
	at org.junit.runner.JUnitCore.run(JUnitCore.java:136)
	at edu.gmu.swe.flaky.sleepy.runner.SleepyTestRunner.main(SleepyTestRunner.java:68)

INFO:FromJava:FAILURE
INFO:FromJava:Failure:
INFO:FromJava:testConcurrentOperations(org.apache.ambari.server.agent.TestActionQueue)java.lang.AssertionError: expected:<0> but was:<7>
	at org.junit.Assert.fail(Assert.java:93)
	at org.junit.Assert.failNotEquals(Assert.java:647)
	at org.junit.Assert.assertEquals(Assert.java:128)
	at org.junit.Assert.assertEquals(Assert.java:472)
	at org.junit.Assert.assertEquals(Assert.java:456)
	at org.apache.ambari.server.agent.TestActionQueue.testConcurrentOperations(TestActionQueue.java:193)
	at sun.reflect.NativeMethodAccessorImpl.invoke0(Native Method)
	at sun.reflect.NativeMethodAccessorImpl.invoke(NativeMethodAccessorImpl.java:62)
	at sun.reflect.DelegatingMethodAccessorImpl.invoke(DelegatingMethodAccessorImpl.java:43)
	at java.lang.reflect.Method.invoke(Method.java:498)
	at org.junit.runners.model.FrameworkMethod$1.runReflectiveCall(FrameworkMethod.java:45)
	at org.junit.internal.runners.model.ReflectiveCallable.run(ReflectiveCallable.java:15)
	at org.junit.runners.model.FrameworkMethod.invokeExplosively(FrameworkMethod.java:42)
	at org.junit.internal.runners.statements.InvokeMethod.evaluate(InvokeMethod.java:20)
	at org.junit.runners.ParentRunner.runLeaf(ParentRunner.java:263)
	at org.junit.runners.BlockJUnit4ClassRunner.runChild(BlockJUnit4ClassRunner.java:68)
	at org.junit.runners.BlockJUnit4ClassRunner.runChild(BlockJUnit4ClassRunner.java:47)
	at org.junit.runners.ParentRunner$3.run(ParentRunner.java:231)
	at org.junit.runners.ParentRunner$1.schedule(ParentRunner.java:60)
	at org.junit.runners.ParentRunner.runChildren(ParentRunner.java:229)
	at org.junit.runners.ParentRunner.access$000(ParentRunner.java:50)
	at org.junit.runners.ParentRunner$2.evaluate(ParentRunner.java:222)
	at org.junit.runners.ParentRunner.run(ParentRunner.java:300)
	at org.junit.runner.JUnitCore.run(JUnitCore.java:157)
	at org.junit.runner.JUnitCore.run(JUnitCore.java:136)
	at edu.gmu.swe.flaky.sleepy.runner.SleepyTestRunner.main(SleepyTestRunner.java:68)

INFO:FromJava:FAILURE
INFO:FromJava:Failure:
INFO:FromJava:testConcurrentOperations(org.apache.ambari.server.agent.TestActionQueue)java.lang.AssertionError: expected:<90> but was:<91>
	at org.junit.Assert.fail(Assert.java:93)
	at org.junit.Assert.failNotEquals(Assert.java:647)
	at org.junit.Assert.assertEquals(Assert.java:128)
	at org.junit.Assert.assertEquals(Assert.java:472)
	at org.junit.Assert.assertEquals(Assert.java:456)
	at org.apache.ambari.server.agent.TestActionQueue.testConcurrentOperations(TestActionQueue.java:196)
	at sun.reflect.NativeMethodAccessorImpl.invoke0(Native Method)
	at sun.reflect.NativeMethodAccessorImpl.invoke(NativeMethodAccessorImpl.java:62)
	at sun.reflect.DelegatingMethodAccessorImpl.invoke(DelegatingMethodAccessorImpl.java:43)
	at java.lang.reflect.Method.invoke(Method.java:498)
	at org.junit.runners.model.FrameworkMethod$1.runReflectiveCall(FrameworkMethod.java:45)
	at org.junit.internal.runners.model.ReflectiveCallable.run(ReflectiveCallable.java:15)
	at org.junit.runners.model.FrameworkMethod.invokeExplosively(FrameworkMethod.java:42)
	at org.junit.internal.runners.statements.InvokeMethod.evaluate(InvokeMethod.java:20)
	at org.junit.runners.ParentRunner.runLeaf(ParentRunner.java:263)
	at org.junit.runners.BlockJUnit4ClassRunner.runChild(BlockJUnit4ClassRunner.java:68)
	at org.junit.runners.BlockJUnit4ClassRunner.runChild(BlockJUnit4ClassRunner.java:47)
	at org.junit.runners.ParentRunner$3.run(ParentRunner.java:231)
	at org.junit.runners.ParentRunner$1.schedule(ParentRunner.java:60)
	at org.junit.runners.ParentRunner.runChildren(ParentRunner.java:229)
	at org.junit.runners.ParentRunner.access$000(ParentRunner.java:50)
	at org.junit.runners.ParentRunner$2.evaluate(ParentRunner.java:222)
	at org.junit.runners.ParentRunner.run(ParentRunner.java:300)
	at org.junit.runner.JUnitCore.run(JUnitCore.java:157)
	at org.junit.runner.JUnitCore.run(JUnitCore.java:136)
	at edu.gmu.swe.flaky.sleepy.runner.SleepyTestRunner.main(SleepyTestRunner.java:68)

INFO:FromJava:FAILURE
INFO:FromJava:OK
INFO:FromJava:OK
INFO:FromJava:OK
INFO:FromJava:OK
INFO:FromJava:Failure:
INFO:FromJava:testConcurrentOperations(org.apache.ambari.server.agent.TestActionQueue)java.lang.AssertionError: expected:<94> but was:<95>
	at org.junit.Assert.fail(Assert.java:93)
	at org.junit.Assert.failNotEquals(Assert.java:647)
	at org.junit.Assert.assertEquals(Assert.java:128)
	at org.junit.Assert.assertEquals(Assert.java:472)
	at org.junit.Assert.assertEquals(Assert.java:456)
	at org.apache.ambari.server.agent.TestActionQueue.testConcurrentOperations(TestActionQueue.java:196)
	at sun.reflect.NativeMethodAccessorImpl.invoke0(Native Method)
	at sun.reflect.NativeMethodAccessorImpl.invoke(NativeMethodAccessorImpl.java:62)
	at sun.reflect.DelegatingMethodAccessorImpl.invoke(DelegatingMethodAccessorImpl.java:43)
	at java.lang.reflect.Method.invoke(Method.java:498)
	at org.junit.runners.model.FrameworkMethod$1.runReflectiveCall(FrameworkMethod.java:45)
	at org.junit.internal.runners.model.ReflectiveCallable.run(ReflectiveCallable.java:15)
	at org.junit.runners.model.FrameworkMethod.invokeExplosively(FrameworkMethod.java:42)
	at org.junit.internal.runners.statements.InvokeMethod.evaluate(InvokeMethod.java:20)
	at org.junit.runners.ParentRunner.runLeaf(ParentRunner.java:263)
	at org.junit.runners.BlockJUnit4ClassRunner.runChild(BlockJUnit4ClassRunner.java:68)
	at org.junit.runners.BlockJUnit4ClassRunner.runChild(BlockJUnit4ClassRunner.java:47)
	at org.junit.runners.ParentRunner$3.run(ParentRunner.java:231)
	at org.junit.runners.ParentRunner$1.schedule(ParentRunner.java:60)
	at org.junit.runners.ParentRunner.runChildren(ParentRunner.java:229)
	at org.junit.runners.ParentRunner.access$000(ParentRunner.java:50)
	at org.junit.runners.ParentRunner$2.evaluate(ParentRunner.java:222)
	at org.junit.runners.ParentRunner.run(ParentRunner.java:300)
	at org.junit.runner.JUnitCore.run(JUnitCore.java:157)
	at org.junit.runner.JUnitCore.run(JUnitCore.java:136)
	at edu.gmu.swe.flaky.sleepy.runner.SleepyTestRunner.main(SleepyTestRunner.java:68)

INFO:FromJava:FAILURE
INFO:FromJava:OK
INFO:FromJava:OK
INFO:FromJava:Failure:
INFO:FromJava:testConcurrentOperations(org.apache.ambari.server.agent.TestActionQueue)java.lang.AssertionError: expected:<137> but was:<134>
	at org.junit.Assert.fail(Assert.java:93)
	at org.junit.Assert.failNotEquals(Assert.java:647)
	at org.junit.Assert.assertEquals(Assert.java:128)
	at org.junit.Assert.assertEquals(Assert.java:472)
	at org.junit.Assert.assertEquals(Assert.java:456)
	at org.apache.ambari.server.agent.TestActionQueue.testConcurrentOperations(TestActionQueue.java:196)
	at sun.reflect.NativeMethodAccessorImpl.invoke0(Native Method)
	at sun.reflect.NativeMethodAccessorImpl.invoke(NativeMethodAccessorImpl.java:62)
	at sun.reflect.DelegatingMethodAccessorImpl.invoke(DelegatingMethodAccessorImpl.java:43)
	at java.lang.reflect.Method.invoke(Method.java:498)
	at org.junit.runners.model.FrameworkMethod$1.runReflectiveCall(FrameworkMethod.java:45)
	at org.junit.internal.runners.model.ReflectiveCallable.run(ReflectiveCallable.java:15)
	at org.junit.runners.model.FrameworkMethod.invokeExplosively(FrameworkMethod.java:42)
	at org.junit.internal.runners.statements.InvokeMethod.evaluate(InvokeMethod.java:20)
	at org.junit.runners.ParentRunner.runLeaf(ParentRunner.java:263)
	at org.junit.runners.BlockJUnit4ClassRunner.runChild(BlockJUnit4ClassRunner.java:68)
	at org.junit.runners.BlockJUnit4ClassRunner.runChild(BlockJUnit4ClassRunner.java:47)
	at org.junit.runners.ParentRunner$3.run(ParentRunner.java:231)
	at org.junit.runners.ParentRunner$1.schedule(ParentRunner.java:60)
	at org.junit.runners.ParentRunner.runChildren(ParentRunner.java:229)
	at org.junit.runners.ParentRunner.access$000(ParentRunner.java:50)
	at org.junit.runners.ParentRunner$2.evaluate(ParentRunner.java:222)
	at org.junit.runners.ParentRunner.run(ParentRunner.java:300)
	at org.junit.runner.JUnitCore.run(JUnitCore.java:157)
	at org.junit.runner.JUnitCore.run(JUnitCore.java:136)
	at edu.gmu.swe.flaky.sleepy.runner.SleepyTestRunner.main(SleepyTestRunner.java:68)

INFO:FromJava:FAILURE
INFO:FromJava:Failure:
INFO:FromJava:testConcurrentOperations(org.apache.ambari.server.agent.TestActionQueue)java.lang.AssertionError: expected:<116> but was:<113>
	at org.junit.Assert.fail(Assert.java:93)
	at org.junit.Assert.failNotEquals(Assert.java:647)
	at org.junit.Assert.assertEquals(Assert.java:128)
	at org.junit.Assert.assertEquals(Assert.java:472)
	at org.junit.Assert.assertEquals(Assert.java:456)
	at org.apache.ambari.server.agent.TestActionQueue.testConcurrentOperations(TestActionQueue.java:196)
	at sun.reflect.NativeMethodAccessorImpl.invoke0(Native Method)
	at sun.reflect.NativeMethodAccessorImpl.invoke(NativeMethodAccessorImpl.java:62)
	at sun.reflect.DelegatingMethodAccessorImpl.invoke(DelegatingMethodAccessorImpl.java:43)
	at java.lang.reflect.Method.invoke(Method.java:498)
	at org.junit.runners.model.FrameworkMethod$1.runReflectiveCall(FrameworkMethod.java:45)
	at org.junit.internal.runners.model.ReflectiveCallable.run(ReflectiveCallable.java:15)
	at org.junit.runners.model.FrameworkMethod.invokeExplosively(FrameworkMethod.java:42)
	at org.junit.internal.runners.statements.InvokeMethod.evaluate(InvokeMethod.java:20)
	at org.junit.runners.ParentRunner.runLeaf(ParentRunner.java:263)
	at org.junit.runners.BlockJUnit4ClassRunner.runChild(BlockJUnit4ClassRunner.java:68)
	at org.junit.runners.BlockJUnit4ClassRunner.runChild(BlockJUnit4ClassRunner.java:47)
	at org.junit.runners.ParentRunner$3.run(ParentRunner.java:231)
	at org.junit.runners.ParentRunner$1.schedule(ParentRunner.java:60)
	at org.junit.runners.ParentRunner.runChildren(ParentRunner.java:229)
	at org.junit.runners.ParentRunner.access$000(ParentRunner.java:50)
	at org.junit.runners.ParentRunner$2.evaluate(ParentRunner.java:222)
	at org.junit.runners.ParentRunner.run(ParentRunner.java:300)
	at org.junit.runner.JUnitCore.run(JUnitCore.java:157)
	at org.junit.runner.JUnitCore.run(JUnitCore.java:136)
	at edu.gmu.swe.flaky.sleepy.runner.SleepyTestRunner.main(SleepyTestRunner.java:68)

INFO:FromJava:FAILURE
INFO:FromJava:Failure:
INFO:FromJava:testConcurrentOperations(org.apache.ambari.server.agent.TestActionQueue)java.lang.AssertionError: expected:<123> but was:<120>
	at org.junit.Assert.fail(Assert.java:93)
	at org.junit.Assert.failNotEquals(Assert.java:647)
	at org.junit.Assert.assertEquals(Assert.java:128)
	at org.junit.Assert.assertEquals(Assert.java:472)
	at org.junit.Assert.assertEquals(Assert.java:456)
	at org.apache.ambari.server.agent.TestActionQueue.testConcurrentOperations(TestActionQueue.java:196)
	at sun.reflect.NativeMethodAccessorImpl.invoke0(Native Method)
	at sun.reflect.NativeMethodAccessorImpl.invoke(NativeMethodAccessorImpl.java:62)
	at sun.reflect.DelegatingMethodAccessorImpl.invoke(DelegatingMethodAccessorImpl.java:43)
	at java.lang.reflect.Method.invoke(Method.java:498)
	at org.junit.runners.model.FrameworkMethod$1.runReflectiveCall(FrameworkMethod.java:45)
	at org.junit.internal.runners.model.ReflectiveCallable.run(ReflectiveCallable.java:15)
	at org.junit.runners.model.FrameworkMethod.invokeExplosively(FrameworkMethod.java:42)
	at org.junit.internal.runners.statements.InvokeMethod.evaluate(InvokeMethod.java:20)
	at org.junit.runners.ParentRunner.runLeaf(ParentRunner.java:263)
	at org.junit.runners.BlockJUnit4ClassRunner.runChild(BlockJUnit4ClassRunner.java:68)
	at org.junit.runners.BlockJUnit4ClassRunner.runChild(BlockJUnit4ClassRunner.java:47)
	at org.junit.runners.ParentRunner$3.run(ParentRunner.java:231)
	at org.junit.runners.ParentRunner$1.schedule(ParentRunner.java:60)
	at org.junit.runners.ParentRunner.runChildren(ParentRunner.java:229)
	at org.junit.runners.ParentRunner.access$000(ParentRunner.java:50)
	at org.junit.runners.ParentRunner$2.evaluate(ParentRunner.java:222)
	at org.junit.runners.ParentRunner.run(ParentRunner.java:300)
	at org.junit.runner.JUnitCore.run(JUnitCore.java:157)
	at org.junit.runner.JUnitCore.run(JUnitCore.java:136)
	at edu.gmu.swe.flaky.sleepy.runner.SleepyTestRunner.main(SleepyTestRunner.java:68)

INFO:FromJava:FAILURE
INFO:FromJava:Failure:
INFO:FromJava:testConcurrentOperations(org.apache.ambari.server.agent.TestActionQueue)java.lang.AssertionError: expected:<170> but was:<167>
	at org.junit.Assert.fail(Assert.java:93)
	at org.junit.Assert.failNotEquals(Assert.java:647)
	at org.junit.Assert.assertEquals(Assert.java:128)
	at org.junit.Assert.assertEquals(Assert.java:472)
	at org.junit.Assert.assertEquals(Assert.java:456)
	at org.apache.ambari.server.agent.TestActionQueue.testConcurrentOperations(TestActionQueue.java:196)
	at sun.reflect.NativeMethodAccessorImpl.invoke0(Native Method)
	at sun.reflect.NativeMethodAccessorImpl.invoke(NativeMethodAccessorImpl.java:62)
	at sun.reflect.DelegatingMethodAccessorImpl.invoke(DelegatingMethodAccessorImpl.java:43)
	at java.lang.reflect.Method.invoke(Method.java:498)
	at org.junit.runners.model.FrameworkMethod$1.runReflectiveCall(FrameworkMethod.java:45)
	at org.junit.internal.runners.model.ReflectiveCallable.run(ReflectiveCallable.java:15)
	at org.junit.runners.model.FrameworkMethod.invokeExplosively(FrameworkMethod.java:42)
	at org.junit.internal.runners.statements.InvokeMethod.evaluate(InvokeMethod.java:20)
	at org.junit.runners.ParentRunner.runLeaf(ParentRunner.java:263)
	at org.junit.runners.BlockJUnit4ClassRunner.runChild(BlockJUnit4ClassRunner.java:68)
	at org.junit.runners.BlockJUnit4ClassRunner.runChild(BlockJUnit4ClassRunner.java:47)
	at org.junit.runners.ParentRunner$3.run(ParentRunner.java:231)
	at org.junit.runners.ParentRunner$1.schedule(ParentRunner.java:60)
	at org.junit.runners.ParentRunner.runChildren(ParentRunner.java:229)
	at org.junit.runners.ParentRunner.access$000(ParentRunner.java:50)
	at org.junit.runners.ParentRunner$2.evaluate(ParentRunner.java:222)
	at org.junit.runners.ParentRunner.run(ParentRunner.java:300)
	at org.junit.runner.JUnitCore.run(JUnitCore.java:157)
	at org.junit.runner.JUnitCore.run(JUnitCore.java:136)
	at edu.gmu.swe.flaky.sleepy.runner.SleepyTestRunner.main(SleepyTestRunner.java:68)

INFO:FromJava:FAILURE
INFO:FromJava:Failure:
INFO:FromJava:testConcurrentOperations(org.apache.ambari.server.agent.TestActionQueue)java.lang.AssertionError: expected:<110> but was:<105>
	at org.junit.Assert.fail(Assert.java:93)
	at org.junit.Assert.failNotEquals(Assert.java:647)
	at org.junit.Assert.assertEquals(Assert.java:128)
	at org.junit.Assert.assertEquals(Assert.java:472)
	at org.junit.Assert.assertEquals(Assert.java:456)
	at org.apache.ambari.server.agent.TestActionQueue.testConcurrentOperations(TestActionQueue.java:196)
	at sun.reflect.NativeMethodAccessorImpl.invoke0(Native Method)
	at sun.reflect.NativeMethodAccessorImpl.invoke(NativeMethodAccessorImpl.java:62)
	at sun.reflect.DelegatingMethodAccessorImpl.invoke(DelegatingMethodAccessorImpl.java:43)
	at java.lang.reflect.Method.invoke(Method.java:498)
	at org.junit.runners.model.FrameworkMethod$1.runReflectiveCall(FrameworkMethod.java:45)
	at org.junit.internal.runners.model.ReflectiveCallable.run(ReflectiveCallable.java:15)
	at org.junit.runners.model.FrameworkMethod.invokeExplosively(FrameworkMethod.java:42)
	at org.junit.internal.runners.statements.InvokeMethod.evaluate(InvokeMethod.java:20)
	at org.junit.runners.ParentRunner.runLeaf(ParentRunner.java:263)
	at org.junit.runners.BlockJUnit4ClassRunner.runChild(BlockJUnit4ClassRunner.java:68)
	at org.junit.runners.BlockJUnit4ClassRunner.runChild(BlockJUnit4ClassRunner.java:47)
	at org.junit.runners.ParentRunner$3.run(ParentRunner.java:231)
	at org.junit.runners.ParentRunner$1.schedule(ParentRunner.java:60)
	at org.junit.runners.ParentRunner.runChildren(ParentRunner.java:229)
	at org.junit.runners.ParentRunner.access$000(ParentRunner.java:50)
	at org.junit.runners.ParentRunner$2.evaluate(ParentRunner.java:222)
	at org.junit.runners.ParentRunner.run(ParentRunner.java:300)
	at org.junit.runner.JUnitCore.run(JUnitCore.java:157)
	at org.junit.runner.JUnitCore.run(JUnitCore.java:136)
	at edu.gmu.swe.flaky.sleepy.runner.SleepyTestRunner.main(SleepyTestRunner.java:68)

INFO:FromJava:FAILURE
INFO:FromJava:Failure:
INFO:FromJava:testConcurrentOperations(org.apache.ambari.server.agent.TestActionQueue)java.lang.AssertionError: expected:<169> but was:<166>
	at org.junit.Assert.fail(Assert.java:93)
	at org.junit.Assert.failNotEquals(Assert.java:647)
	at org.junit.Assert.assertEquals(Assert.java:128)
	at org.junit.Assert.assertEquals(Assert.java:472)
	at org.junit.Assert.assertEquals(Assert.java:456)
	at org.apache.ambari.server.agent.TestActionQueue.testConcurrentOperations(TestActionQueue.java:196)
	at sun.reflect.NativeMethodAccessorImpl.invoke0(Native Method)
	at sun.reflect.NativeMethodAccessorImpl.invoke(NativeMethodAccessorImpl.java:62)
	at sun.reflect.DelegatingMethodAccessorImpl.invoke(DelegatingMethodAccessorImpl.java:43)
	at java.lang.reflect.Method.invoke(Method.java:498)
	at org.junit.runners.model.FrameworkMethod$1.runReflectiveCall(FrameworkMethod.java:45)
	at org.junit.internal.runners.model.ReflectiveCallable.run(ReflectiveCallable.java:15)
	at org.junit.runners.model.FrameworkMethod.invokeExplosively(FrameworkMethod.java:42)
	at org.junit.internal.runners.statements.InvokeMethod.evaluate(InvokeMethod.java:20)
	at org.junit.runners.ParentRunner.runLeaf(ParentRunner.java:263)
	at org.junit.runners.BlockJUnit4ClassRunner.runChild(BlockJUnit4ClassRunner.java:68)
	at org.junit.runners.BlockJUnit4ClassRunner.runChild(BlockJUnit4ClassRunner.java:47)
	at org.junit.runners.ParentRunner$3.run(ParentRunner.java:231)
	at org.junit.runners.ParentRunner$1.schedule(ParentRunner.java:60)
	at org.junit.runners.ParentRunner.runChildren(ParentRunner.java:229)
	at org.junit.runners.ParentRunner.access$000(ParentRunner.java:50)
	at org.junit.runners.ParentRunner$2.evaluate(ParentRunner.java:222)
	at org.junit.runners.ParentRunner.run(ParentRunner.java:300)
	at org.junit.runner.JUnitCore.run(JUnitCore.java:157)
	at org.junit.runner.JUnitCore.run(JUnitCore.java:136)
	at edu.gmu.swe.flaky.sleepy.runner.SleepyTestRunner.main(SleepyTestRunner.java:68)

INFO:FromJava:FAILURE
INFO:FromJava:Failure:
INFO:FromJava:testConcurrentOperations(org.apache.ambari.server.agent.TestActionQueue)java.lang.AssertionError: expected:<0> but was:<1>
	at org.junit.Assert.fail(Assert.java:93)
	at org.junit.Assert.failNotEquals(Assert.java:647)
	at org.junit.Assert.assertEquals(Assert.java:128)
	at org.junit.Assert.assertEquals(Assert.java:472)
	at org.junit.Assert.assertEquals(Assert.java:456)
	at org.apache.ambari.server.agent.TestActionQueue.testConcurrentOperations(TestActionQueue.java:193)
	at sun.reflect.NativeMethodAccessorImpl.invoke0(Native Method)
	at sun.reflect.NativeMethodAccessorImpl.invoke(NativeMethodAccessorImpl.java:62)
	at sun.reflect.DelegatingMethodAccessorImpl.invoke(DelegatingMethodAccessorImpl.java:43)
	at java.lang.reflect.Method.invoke(Method.java:498)
	at org.junit.runners.model.FrameworkMethod$1.runReflectiveCall(FrameworkMethod.java:45)
	at org.junit.internal.runners.model.ReflectiveCallable.run(ReflectiveCallable.java:15)
	at org.junit.runners.model.FrameworkMethod.invokeExplosively(FrameworkMethod.java:42)
	at org.junit.internal.runners.statements.InvokeMethod.evaluate(InvokeMethod.java:20)
	at org.junit.runners.ParentRunner.runLeaf(ParentRunner.java:263)
	at org.junit.runners.BlockJUnit4ClassRunner.runChild(BlockJUnit4ClassRunner.java:68)
	at org.junit.runners.BlockJUnit4ClassRunner.runChild(BlockJUnit4ClassRunner.java:47)
	at org.junit.runners.ParentRunner$3.run(ParentRunner.java:231)
	at org.junit.runners.ParentRunner$1.schedule(ParentRunner.java:60)
	at org.junit.runners.ParentRunner.runChildren(ParentRunner.java:229)
	at org.junit.runners.ParentRunner.access$000(ParentRunner.java:50)
	at org.junit.runners.ParentRunner$2.evaluate(ParentRunner.java:222)
	at org.junit.runners.ParentRunner.run(ParentRunner.java:300)
	at org.junit.runner.JUnitCore.run(JUnitCore.java:157)
	at org.junit.runner.JUnitCore.run(JUnitCore.java:136)
	at edu.gmu.swe.flaky.sleepy.runner.SleepyTestRunner.main(SleepyTestRunner.java:68)

INFO:FromJava:FAILURE
INFO:FromJava:OK
INFO:FromJava:OK
INFO:FromJava:Failure:
INFO:FromJava:testConcurrentOperations(org.apache.ambari.server.agent.TestActionQueue)java.lang.AssertionError: expected:<0> but was:<1>
	at org.junit.Assert.fail(Assert.java:93)
	at org.junit.Assert.failNotEquals(Assert.java:647)
	at org.junit.Assert.assertEquals(Assert.java:128)
	at org.junit.Assert.assertEquals(Assert.java:472)
	at org.junit.Assert.assertEquals(Assert.java:456)
	at org.apache.ambari.server.agent.TestActionQueue.testConcurrentOperations(TestActionQueue.java:193)
	at sun.reflect.NativeMethodAccessorImpl.invoke0(Native Method)
	at sun.reflect.NativeMethodAccessorImpl.invoke(NativeMethodAccessorImpl.java:62)
	at sun.reflect.DelegatingMethodAccessorImpl.invoke(DelegatingMethodAccessorImpl.java:43)
	at java.lang.reflect.Method.invoke(Method.java:498)
	at org.junit.runners.model.FrameworkMethod$1.runReflectiveCall(FrameworkMethod.java:45)
	at org.junit.internal.runners.model.ReflectiveCallable.run(ReflectiveCallable.java:15)
	at org.junit.runners.model.FrameworkMethod.invokeExplosively(FrameworkMethod.java:42)
	at org.junit.internal.runners.statements.InvokeMethod.evaluate(InvokeMethod.java:20)
	at org.junit.runners.ParentRunner.runLeaf(ParentRunner.java:263)
	at org.junit.runners.BlockJUnit4ClassRunner.runChild(BlockJUnit4ClassRunner.java:68)
	at org.junit.runners.BlockJUnit4ClassRunner.runChild(BlockJUnit4ClassRunner.java:47)
	at org.junit.runners.ParentRunner$3.run(ParentRunner.java:231)
	at org.junit.runners.ParentRunner$1.schedule(ParentRunner.java:60)
	at org.junit.runners.ParentRunner.runChildren(ParentRunner.java:229)
	at org.junit.runners.ParentRunner.access$000(ParentRunner.java:50)
	at org.junit.runners.ParentRunner$2.evaluate(ParentRunner.java:222)
	at org.junit.runners.ParentRunner.run(ParentRunner.java:300)
	at org.junit.runner.JUnitCore.run(JUnitCore.java:157)
	at org.junit.runner.JUnitCore.run(JUnitCore.java:136)
	at edu.gmu.swe.flaky.sleepy.runner.SleepyTestRunner.main(SleepyTestRunner.java:68)

INFO:FromJava:FAILURE
INFO:FromJava:OK
INFO:FromJava:Failure:
INFO:FromJava:testConcurrentOperations(org.apache.ambari.server.agent.TestActionQueue)java.lang.AssertionError: expected:<163> but was:<160>
	at org.junit.Assert.fail(Assert.java:93)
	at org.junit.Assert.failNotEquals(Assert.java:647)
	at org.junit.Assert.assertEquals(Assert.java:128)
	at org.junit.Assert.assertEquals(Assert.java:472)
	at org.junit.Assert.assertEquals(Assert.java:456)
	at org.apache.ambari.server.agent.TestActionQueue.testConcurrentOperations(TestActionQueue.java:196)
	at sun.reflect.NativeMethodAccessorImpl.invoke0(Native Method)
	at sun.reflect.NativeMethodAccessorImpl.invoke(NativeMethodAccessorImpl.java:62)
	at sun.reflect.DelegatingMethodAccessorImpl.invoke(DelegatingMethodAccessorImpl.java:43)
	at java.lang.reflect.Method.invoke(Method.java:498)
	at org.junit.runners.model.FrameworkMethod$1.runReflectiveCall(FrameworkMethod.java:45)
	at org.junit.internal.runners.model.ReflectiveCallable.run(ReflectiveCallable.java:15)
	at org.junit.runners.model.FrameworkMethod.invokeExplosively(FrameworkMethod.java:42)
	at org.junit.internal.runners.statements.InvokeMethod.evaluate(InvokeMethod.java:20)
	at org.junit.runners.ParentRunner.runLeaf(ParentRunner.java:263)
	at org.junit.runners.BlockJUnit4ClassRunner.runChild(BlockJUnit4ClassRunner.java:68)
	at org.junit.runners.BlockJUnit4ClassRunner.runChild(BlockJUnit4ClassRunner.java:47)
	at org.junit.runners.ParentRunner$3.run(ParentRunner.java:231)
	at org.junit.runners.ParentRunner$1.schedule(ParentRunner.java:60)
	at org.junit.runners.ParentRunner.runChildren(ParentRunner.java:229)
	at org.junit.runners.ParentRunner.access$000(ParentRunner.java:50)
	at org.junit.runners.ParentRunner$2.evaluate(ParentRunner.java:222)
	at org.junit.runners.ParentRunner.run(ParentRunner.java:300)
	at org.junit.runner.JUnitCore.run(JUnitCore.java:157)
	at org.junit.runner.JUnitCore.run(JUnitCore.java:136)
	at edu.gmu.swe.flaky.sleepy.runner.SleepyTestRunner.main(SleepyTestRunner.java:68)

INFO:FromJava:FAILURE
INFO:FromJava:Failure:
INFO:FromJava:testConcurrentOperations(org.apache.ambari.server.agent.TestActionQueue)java.lang.AssertionError: expected:<164> but was:<162>
	at org.junit.Assert.fail(Assert.java:93)
	at org.junit.Assert.failNotEquals(Assert.java:647)
	at org.junit.Assert.assertEquals(Assert.java:128)
	at org.junit.Assert.assertEquals(Assert.java:472)
	at org.junit.Assert.assertEquals(Assert.java:456)
	at org.apache.ambari.server.agent.TestActionQueue.testConcurrentOperations(TestActionQueue.java:196)
	at sun.reflect.NativeMethodAccessorImpl.invoke0(Native Method)
	at sun.reflect.NativeMethodAccessorImpl.invoke(NativeMethodAccessorImpl.java:62)
	at sun.reflect.DelegatingMethodAccessorImpl.invoke(DelegatingMethodAccessorImpl.java:43)
	at java.lang.reflect.Method.invoke(Method.java:498)
	at org.junit.runners.model.FrameworkMethod$1.runReflectiveCall(FrameworkMethod.java:45)
	at org.junit.internal.runners.model.ReflectiveCallable.run(ReflectiveCallable.java:15)
	at org.junit.runners.model.FrameworkMethod.invokeExplosively(FrameworkMethod.java:42)
	at org.junit.internal.runners.statements.InvokeMethod.evaluate(InvokeMethod.java:20)
	at org.junit.runners.ParentRunner.runLeaf(ParentRunner.java:263)
	at org.junit.runners.BlockJUnit4ClassRunner.runChild(BlockJUnit4ClassRunner.java:68)
	at org.junit.runners.BlockJUnit4ClassRunner.runChild(BlockJUnit4ClassRunner.java:47)
	at org.junit.runners.ParentRunner$3.run(ParentRunner.java:231)
	at org.junit.runners.ParentRunner$1.schedule(ParentRunner.java:60)
	at org.junit.runners.ParentRunner.runChildren(ParentRunner.java:229)
	at org.junit.runners.ParentRunner.access$000(ParentRunner.java:50)
	at org.junit.runners.ParentRunner$2.evaluate(ParentRunner.java:222)
	at org.junit.runners.ParentRunner.run(ParentRunner.java:300)
	at org.junit.runner.JUnitCore.run(JUnitCore.java:157)
	at org.junit.runner.JUnitCore.run(JUnitCore.java:136)
	at edu.gmu.swe.flaky.sleepy.runner.SleepyTestRunner.main(SleepyTestRunner.java:68)

INFO:FromJava:FAILURE
INFO:FromJava:Failure:
INFO:FromJava:testConcurrentOperations(org.apache.ambari.server.agent.TestActionQueue)java.lang.AssertionError: expected:<180> but was:<177>
	at org.junit.Assert.fail(Assert.java:93)
	at org.junit.Assert.failNotEquals(Assert.java:647)
	at org.junit.Assert.assertEquals(Assert.java:128)
	at org.junit.Assert.assertEquals(Assert.java:472)
	at org.junit.Assert.assertEquals(Assert.java:456)
	at org.apache.ambari.server.agent.TestActionQueue.testConcurrentOperations(TestActionQueue.java:196)
	at sun.reflect.NativeMethodAccessorImpl.invoke0(Native Method)
	at sun.reflect.NativeMethodAccessorImpl.invoke(NativeMethodAccessorImpl.java:62)
	at sun.reflect.DelegatingMethodAccessorImpl.invoke(DelegatingMethodAccessorImpl.java:43)
	at java.lang.reflect.Method.invoke(Method.java:498)
	at org.junit.runners.model.FrameworkMethod$1.runReflectiveCall(FrameworkMethod.java:45)
	at org.junit.internal.runners.model.ReflectiveCallable.run(ReflectiveCallable.java:15)
	at org.junit.runners.model.FrameworkMethod.invokeExplosively(FrameworkMethod.java:42)
	at org.junit.internal.runners.statements.InvokeMethod.evaluate(InvokeMethod.java:20)
	at org.junit.runners.ParentRunner.runLeaf(ParentRunner.java:263)
	at org.junit.runners.BlockJUnit4ClassRunner.runChild(BlockJUnit4ClassRunner.java:68)
	at org.junit.runners.BlockJUnit4ClassRunner.runChild(BlockJUnit4ClassRunner.java:47)
	at org.junit.runners.ParentRunner$3.run(ParentRunner.java:231)
	at org.junit.runners.ParentRunner$1.schedule(ParentRunner.java:60)
	at org.junit.runners.ParentRunner.runChildren(ParentRunner.java:229)
	at org.junit.runners.ParentRunner.access$000(ParentRunner.java:50)
	at org.junit.runners.ParentRunner$2.evaluate(ParentRunner.java:222)
	at org.junit.runners.ParentRunner.run(ParentRunner.java:300)
	at org.junit.runner.JUnitCore.run(JUnitCore.java:157)
	at org.junit.runner.JUnitCore.run(JUnitCore.java:136)
	at edu.gmu.swe.flaky.sleepy.runner.SleepyTestRunner.main(SleepyTestRunner.java:68)

INFO:FromJava:FAILURE
INFO:FromJava:Failure:
INFO:FromJava:testConcurrentOperations(org.apache.ambari.server.agent.TestActionQueue)java.lang.AssertionError: expected:<108> but was:<105>
	at org.junit.Assert.fail(Assert.java:93)
	at org.junit.Assert.failNotEquals(Assert.java:647)
	at org.junit.Assert.assertEquals(Assert.java:128)
	at org.junit.Assert.assertEquals(Assert.java:472)
	at org.junit.Assert.assertEquals(Assert.java:456)
	at org.apache.ambari.server.agent.TestActionQueue.testConcurrentOperations(TestActionQueue.java:196)
	at sun.reflect.NativeMethodAccessorImpl.invoke0(Native Method)
	at sun.reflect.NativeMethodAccessorImpl.invoke(NativeMethodAccessorImpl.java:62)
	at sun.reflect.DelegatingMethodAccessorImpl.invoke(DelegatingMethodAccessorImpl.java:43)
	at java.lang.reflect.Method.invoke(Method.java:498)
	at org.junit.runners.model.FrameworkMethod$1.runReflectiveCall(FrameworkMethod.java:45)
	at org.junit.internal.runners.model.ReflectiveCallable.run(ReflectiveCallable.java:15)
	at org.junit.runners.model.FrameworkMethod.invokeExplosively(FrameworkMethod.java:42)
	at org.junit.internal.runners.statements.InvokeMethod.evaluate(InvokeMethod.java:20)
	at org.junit.runners.ParentRunner.runLeaf(ParentRunner.java:263)
	at org.junit.runners.BlockJUnit4ClassRunner.runChild(BlockJUnit4ClassRunner.java:68)
	at org.junit.runners.BlockJUnit4ClassRunner.runChild(BlockJUnit4ClassRunner.java:47)
	at org.junit.runners.ParentRunner$3.run(ParentRunner.java:231)
	at org.junit.runners.ParentRunner$1.schedule(ParentRunner.java:60)
	at org.junit.runners.ParentRunner.runChildren(ParentRunner.java:229)
	at org.junit.runners.ParentRunner.access$000(ParentRunner.java:50)
	at org.junit.runners.ParentRunner$2.evaluate(ParentRunner.java:222)
	at org.junit.runners.ParentRunner.run(ParentRunner.java:300)
	at org.junit.runner.JUnitCore.run(JUnitCore.java:157)
	at org.junit.runner.JUnitCore.run(JUnitCore.java:136)
	at edu.gmu.swe.flaky.sleepy.runner.SleepyTestRunner.main(SleepyTestRunner.java:68)

INFO:FromJava:FAILURE
INFO:FromJava:Failure:
INFO:FromJava:testConcurrentOperations(org.apache.ambari.server.agent.TestActionQueue)java.lang.AssertionError: expected:<107> but was:<103>
	at org.junit.Assert.fail(Assert.java:93)
	at org.junit.Assert.failNotEquals(Assert.java:647)
	at org.junit.Assert.assertEquals(Assert.java:128)
	at org.junit.Assert.assertEquals(Assert.java:472)
	at org.junit.Assert.assertEquals(Assert.java:456)
	at org.apache.ambari.server.agent.TestActionQueue.testConcurrentOperations(TestActionQueue.java:196)
	at sun.reflect.NativeMethodAccessorImpl.invoke0(Native Method)
	at sun.reflect.NativeMethodAccessorImpl.invoke(NativeMethodAccessorImpl.java:62)
	at sun.reflect.DelegatingMethodAccessorImpl.invoke(DelegatingMethodAccessorImpl.java:43)
	at java.lang.reflect.Method.invoke(Method.java:498)
	at org.junit.runners.model.FrameworkMethod$1.runReflectiveCall(FrameworkMethod.java:45)
	at org.junit.internal.runners.model.ReflectiveCallable.run(ReflectiveCallable.java:15)
	at org.junit.runners.model.FrameworkMethod.invokeExplosively(FrameworkMethod.java:42)
	at org.junit.internal.runners.statements.InvokeMethod.evaluate(InvokeMethod.java:20)
	at org.junit.runners.ParentRunner.runLeaf(ParentRunner.java:263)
	at org.junit.runners.BlockJUnit4ClassRunner.runChild(BlockJUnit4ClassRunner.java:68)
	at org.junit.runners.BlockJUnit4ClassRunner.runChild(BlockJUnit4ClassRunner.java:47)
	at org.junit.runners.ParentRunner$3.run(ParentRunner.java:231)
	at org.junit.runners.ParentRunner$1.schedule(ParentRunner.java:60)
	at org.junit.runners.ParentRunner.runChildren(ParentRunner.java:229)
	at org.junit.runners.ParentRunner.access$000(ParentRunner.java:50)
	at org.junit.runners.ParentRunner$2.evaluate(ParentRunner.java:222)
	at org.junit.runners.ParentRunner.run(ParentRunner.java:300)
	at org.junit.runner.JUnitCore.run(JUnitCore.java:157)
	at org.junit.runner.JUnitCore.run(JUnitCore.java:136)
	at edu.gmu.swe.flaky.sleepy.runner.SleepyTestRunner.main(SleepyTestRunner.java:68)

INFO:FromJava:FAILURE
INFO:FromJava:Failure:
INFO:FromJava:testConcurrentOperations(org.apache.ambari.server.agent.TestActionQueue)java.lang.AssertionError: expected:<101> but was:<98>
	at org.junit.Assert.fail(Assert.java:93)
	at org.junit.Assert.failNotEquals(Assert.java:647)
	at org.junit.Assert.assertEquals(Assert.java:128)
	at org.junit.Assert.assertEquals(Assert.java:472)
	at org.junit.Assert.assertEquals(Assert.java:456)
	at org.apache.ambari.server.agent.TestActionQueue.testConcurrentOperations(TestActionQueue.java:196)
	at sun.reflect.NativeMethodAccessorImpl.invoke0(Native Method)
	at sun.reflect.NativeMethodAccessorImpl.invoke(NativeMethodAccessorImpl.java:62)
	at sun.reflect.DelegatingMethodAccessorImpl.invoke(DelegatingMethodAccessorImpl.java:43)
	at java.lang.reflect.Method.invoke(Method.java:498)
	at org.junit.runners.model.FrameworkMethod$1.runReflectiveCall(FrameworkMethod.java:45)
	at org.junit.internal.runners.model.ReflectiveCallable.run(ReflectiveCallable.java:15)
	at org.junit.runners.model.FrameworkMethod.invokeExplosively(FrameworkMethod.java:42)
	at org.junit.internal.runners.statements.InvokeMethod.evaluate(InvokeMethod.java:20)
	at org.junit.runners.ParentRunner.runLeaf(ParentRunner.java:263)
	at org.junit.runners.BlockJUnit4ClassRunner.runChild(BlockJUnit4ClassRunner.java:68)
	at org.junit.runners.BlockJUnit4ClassRunner.runChild(BlockJUnit4ClassRunner.java:47)
	at org.junit.runners.ParentRunner$3.run(ParentRunner.java:231)
	at org.junit.runners.ParentRunner$1.schedule(ParentRunner.java:60)
	at org.junit.runners.ParentRunner.runChildren(ParentRunner.java:229)
	at org.junit.runners.ParentRunner.access$000(ParentRunner.java:50)
	at org.junit.runners.ParentRunner$2.evaluate(ParentRunner.java:222)
	at org.junit.runners.ParentRunner.run(ParentRunner.java:300)
	at org.junit.runner.JUnitCore.run(JUnitCore.java:157)
	at org.junit.runner.JUnitCore.run(JUnitCore.java:136)
	at edu.gmu.swe.flaky.sleepy.runner.SleepyTestRunner.main(SleepyTestRunner.java:68)

INFO:FromJava:FAILURE
INFO:FromJava:OK
INFO:FromJava:OK
INFO:FromJava:OK
INFO:FromJava:Failure:
INFO:FromJava:testConcurrentOperations(org.apache.ambari.server.agent.TestActionQueue)java.lang.AssertionError: expected:<101> but was:<98>
	at org.junit.Assert.fail(Assert.java:93)
	at org.junit.Assert.failNotEquals(Assert.java:647)
	at org.junit.Assert.assertEquals(Assert.java:128)
	at org.junit.Assert.assertEquals(Assert.java:472)
	at org.junit.Assert.assertEquals(Assert.java:456)
	at org.apache.ambari.server.agent.TestActionQueue.testConcurrentOperations(TestActionQueue.java:196)
	at sun.reflect.NativeMethodAccessorImpl.invoke0(Native Method)
	at sun.reflect.NativeMethodAccessorImpl.invoke(NativeMethodAccessorImpl.java:62)
	at sun.reflect.DelegatingMethodAccessorImpl.invoke(DelegatingMethodAccessorImpl.java:43)
	at java.lang.reflect.Method.invoke(Method.java:498)
	at org.junit.runners.model.FrameworkMethod$1.runReflectiveCall(FrameworkMethod.java:45)
	at org.junit.internal.runners.model.ReflectiveCallable.run(ReflectiveCallable.java:15)
	at org.junit.runners.model.FrameworkMethod.invokeExplosively(FrameworkMethod.java:42)
	at org.junit.internal.runners.statements.InvokeMethod.evaluate(InvokeMethod.java:20)
	at org.junit.runners.ParentRunner.runLeaf(ParentRunner.java:263)
	at org.junit.runners.BlockJUnit4ClassRunner.runChild(BlockJUnit4ClassRunner.java:68)
	at org.junit.runners.BlockJUnit4ClassRunner.runChild(BlockJUnit4ClassRunner.java:47)
	at org.junit.runners.ParentRunner$3.run(ParentRunner.java:231)
	at org.junit.runners.ParentRunner$1.schedule(ParentRunner.java:60)
	at org.junit.runners.ParentRunner.runChildren(ParentRunner.java:229)
	at org.junit.runners.ParentRunner.access$000(ParentRunner.java:50)
	at org.junit.runners.ParentRunner$2.evaluate(ParentRunner.java:222)
	at org.junit.runners.ParentRunner.run(ParentRunner.java:300)
	at org.junit.runner.JUnitCore.run(JUnitCore.java:157)
	at org.junit.runner.JUnitCore.run(JUnitCore.java:136)
	at edu.gmu.swe.flaky.sleepy.runner.SleepyTestRunner.main(SleepyTestRunner.java:68)

INFO:FromJava:FAILURE
INFO:FromJava:Failure:
INFO:FromJava:testConcurrentOperations(org.apache.ambari.server.agent.TestActionQueue)java.lang.AssertionError: expected:<4> but was:<6>
	at org.junit.Assert.fail(Assert.java:93)
	at org.junit.Assert.failNotEquals(Assert.java:647)
	at org.junit.Assert.assertEquals(Assert.java:128)
	at org.junit.Assert.assertEquals(Assert.java:472)
	at org.junit.Assert.assertEquals(Assert.java:456)
	at org.apache.ambari.server.agent.TestActionQueue.testConcurrentOperations(TestActionQueue.java:196)
	at sun.reflect.NativeMethodAccessorImpl.invoke0(Native Method)
	at sun.reflect.NativeMethodAccessorImpl.invoke(NativeMethodAccessorImpl.java:62)
	at sun.reflect.DelegatingMethodAccessorImpl.invoke(DelegatingMethodAccessorImpl.java:43)
	at java.lang.reflect.Method.invoke(Method.java:498)
	at org.junit.runners.model.FrameworkMethod$1.runReflectiveCall(FrameworkMethod.java:45)
	at org.junit.internal.runners.model.ReflectiveCallable.run(ReflectiveCallable.java:15)
	at org.junit.runners.model.FrameworkMethod.invokeExplosively(FrameworkMethod.java:42)
	at org.junit.internal.runners.statements.InvokeMethod.evaluate(InvokeMethod.java:20)
	at org.junit.runners.ParentRunner.runLeaf(ParentRunner.java:263)
	at org.junit.runners.BlockJUnit4ClassRunner.runChild(BlockJUnit4ClassRunner.java:68)
	at org.junit.runners.BlockJUnit4ClassRunner.runChild(BlockJUnit4ClassRunner.java:47)
	at org.junit.runners.ParentRunner$3.run(ParentRunner.java:231)
	at org.junit.runners.ParentRunner$1.schedule(ParentRunner.java:60)
	at org.junit.runners.ParentRunner.runChildren(ParentRunner.java:229)
	at org.junit.runners.ParentRunner.access$000(ParentRunner.java:50)
	at org.junit.runners.ParentRunner$2.evaluate(ParentRunner.java:222)
	at org.junit.runners.ParentRunner.run(ParentRunner.java:300)
	at org.junit.runner.JUnitCore.run(JUnitCore.java:157)
	at org.junit.runner.JUnitCore.run(JUnitCore.java:136)
	at edu.gmu.swe.flaky.sleepy.runner.SleepyTestRunner.main(SleepyTestRunner.java:68)

INFO:FromJava:FAILURE
INFO:FromJava:Failure:
INFO:FromJava:testConcurrentOperations(org.apache.ambari.server.agent.TestActionQueue)java.lang.AssertionError: expected:<105> but was:<102>
	at org.junit.Assert.fail(Assert.java:93)
	at org.junit.Assert.failNotEquals(Assert.java:647)
	at org.junit.Assert.assertEquals(Assert.java:128)
	at org.junit.Assert.assertEquals(Assert.java:472)
	at org.junit.Assert.assertEquals(Assert.java:456)
	at org.apache.ambari.server.agent.TestActionQueue.testConcurrentOperations(TestActionQueue.java:196)
	at sun.reflect.NativeMethodAccessorImpl.invoke0(Native Method)
	at sun.reflect.NativeMethodAccessorImpl.invoke(NativeMethodAccessorImpl.java:62)
	at sun.reflect.DelegatingMethodAccessorImpl.invoke(DelegatingMethodAccessorImpl.java:43)
	at java.lang.reflect.Method.invoke(Method.java:498)
	at org.junit.runners.model.FrameworkMethod$1.runReflectiveCall(FrameworkMethod.java:45)
	at org.junit.internal.runners.model.ReflectiveCallable.run(ReflectiveCallable.java:15)
	at org.junit.runners.model.FrameworkMethod.invokeExplosively(FrameworkMethod.java:42)
	at org.junit.internal.runners.statements.InvokeMethod.evaluate(InvokeMethod.java:20)
	at org.junit.runners.ParentRunner.runLeaf(ParentRunner.java:263)
	at org.junit.runners.BlockJUnit4ClassRunner.runChild(BlockJUnit4ClassRunner.java:68)
	at org.junit.runners.BlockJUnit4ClassRunner.runChild(BlockJUnit4ClassRunner.java:47)
	at org.junit.runners.ParentRunner$3.run(ParentRunner.java:231)
	at org.junit.runners.ParentRunner$1.schedule(ParentRunner.java:60)
	at org.junit.runners.ParentRunner.runChildren(ParentRunner.java:229)
	at org.junit.runners.ParentRunner.access$000(ParentRunner.java:50)
	at org.junit.runners.ParentRunner$2.evaluate(ParentRunner.java:222)
	at org.junit.runners.ParentRunner.run(ParentRunner.java:300)
	at org.junit.runner.JUnitCore.run(JUnitCore.java:157)
	at org.junit.runner.JUnitCore.run(JUnitCore.java:136)
	at edu.gmu.swe.flaky.sleepy.runner.SleepyTestRunner.main(SleepyTestRunner.java:68)

INFO:FromJava:FAILURE
INFO:FromJava:OK
INFO:FromJava:OK
INFO:FromJava:OK
INFO:FromJava:OK
INFO:FromJava:OK
INFO:FromJava:OK
INFO:FromJava:Failure:
INFO:FromJava:testConcurrentOperations(org.apache.ambari.server.agent.TestActionQueue)java.lang.AssertionError: expected:<109> but was:<106>
	at org.junit.Assert.fail(Assert.java:93)
	at org.junit.Assert.failNotEquals(Assert.java:647)
	at org.junit.Assert.assertEquals(Assert.java:128)
	at org.junit.Assert.assertEquals(Assert.java:472)
	at org.junit.Assert.assertEquals(Assert.java:456)
	at org.apache.ambari.server.agent.TestActionQueue.testConcurrentOperations(TestActionQueue.java:196)
	at sun.reflect.NativeMethodAccessorImpl.invoke0(Native Method)
	at sun.reflect.NativeMethodAccessorImpl.invoke(NativeMethodAccessorImpl.java:62)
	at sun.reflect.DelegatingMethodAccessorImpl.invoke(DelegatingMethodAccessorImpl.java:43)
	at java.lang.reflect.Method.invoke(Method.java:498)
	at org.junit.runners.model.FrameworkMethod$1.runReflectiveCall(FrameworkMethod.java:45)
	at org.junit.internal.runners.model.ReflectiveCallable.run(ReflectiveCallable.java:15)
	at org.junit.runners.model.FrameworkMethod.invokeExplosively(FrameworkMethod.java:42)
	at org.junit.internal.runners.statements.InvokeMethod.evaluate(InvokeMethod.java:20)
	at org.junit.runners.ParentRunner.runLeaf(ParentRunner.java:263)
	at org.junit.runners.BlockJUnit4ClassRunner.runChild(BlockJUnit4ClassRunner.java:68)
	at org.junit.runners.BlockJUnit4ClassRunner.runChild(BlockJUnit4ClassRunner.java:47)
	at org.junit.runners.ParentRunner$3.run(ParentRunner.java:231)
	at org.junit.runners.ParentRunner$1.schedule(ParentRunner.java:60)
	at org.junit.runners.ParentRunner.runChildren(ParentRunner.java:229)
	at org.junit.runners.ParentRunner.access$000(ParentRunner.java:50)
	at org.junit.runners.ParentRunner$2.evaluate(ParentRunner.java:222)
	at org.junit.runners.ParentRunner.run(ParentRunner.java:300)
	at org.junit.runner.JUnitCore.run(JUnitCore.java:157)
	at org.junit.runner.JUnitCore.run(JUnitCore.java:136)
	at edu.gmu.swe.flaky.sleepy.runner.SleepyTestRunner.main(SleepyTestRunner.java:68)

INFO:FromJava:FAILURE
INFO:FromJava:Failure:
INFO:FromJava:testConcurrentOperations(org.apache.ambari.server.agent.TestActionQueue)java.lang.AssertionError: expected:<141> but was:<137>
	at org.junit.Assert.fail(Assert.java:93)
	at org.junit.Assert.failNotEquals(Assert.java:647)
	at org.junit.Assert.assertEquals(Assert.java:128)
	at org.junit.Assert.assertEquals(Assert.java:472)
	at org.junit.Assert.assertEquals(Assert.java:456)
	at org.apache.ambari.server.agent.TestActionQueue.testConcurrentOperations(TestActionQueue.java:196)
	at sun.reflect.NativeMethodAccessorImpl.invoke0(Native Method)
	at sun.reflect.NativeMethodAccessorImpl.invoke(NativeMethodAccessorImpl.java:62)
	at sun.reflect.DelegatingMethodAccessorImpl.invoke(DelegatingMethodAccessorImpl.java:43)
	at java.lang.reflect.Method.invoke(Method.java:498)
	at org.junit.runners.model.FrameworkMethod$1.runReflectiveCall(FrameworkMethod.java:45)
	at org.junit.internal.runners.model.ReflectiveCallable.run(ReflectiveCallable.java:15)
	at org.junit.runners.model.FrameworkMethod.invokeExplosively(FrameworkMethod.java:42)
	at org.junit.internal.runners.statements.InvokeMethod.evaluate(InvokeMethod.java:20)
	at org.junit.runners.ParentRunner.runLeaf(ParentRunner.java:263)
	at org.junit.runners.BlockJUnit4ClassRunner.runChild(BlockJUnit4ClassRunner.java:68)
	at org.junit.runners.BlockJUnit4ClassRunner.runChild(BlockJUnit4ClassRunner.java:47)
	at org.junit.runners.ParentRunner$3.run(ParentRunner.java:231)
	at org.junit.runners.ParentRunner$1.schedule(ParentRunner.java:60)
	at org.junit.runners.ParentRunner.runChildren(ParentRunner.java:229)
	at org.junit.runners.ParentRunner.access$000(ParentRunner.java:50)
	at org.junit.runners.ParentRunner$2.evaluate(ParentRunner.java:222)
	at org.junit.runners.ParentRunner.run(ParentRunner.java:300)
	at org.junit.runner.JUnitCore.run(JUnitCore.java:157)
	at org.junit.runner.JUnitCore.run(JUnitCore.java:136)
	at edu.gmu.swe.flaky.sleepy.runner.SleepyTestRunner.main(SleepyTestRunner.java:68)

INFO:FromJava:FAILURE
INFO:FromJava:Failure:
INFO:FromJava:testConcurrentOperations(org.apache.ambari.server.agent.TestActionQueue)java.lang.AssertionError: expected:<119> but was:<116>
	at org.junit.Assert.fail(Assert.java:93)
	at org.junit.Assert.failNotEquals(Assert.java:647)
	at org.junit.Assert.assertEquals(Assert.java:128)
	at org.junit.Assert.assertEquals(Assert.java:472)
	at org.junit.Assert.assertEquals(Assert.java:456)
	at org.apache.ambari.server.agent.TestActionQueue.testConcurrentOperations(TestActionQueue.java:196)
	at sun.reflect.NativeMethodAccessorImpl.invoke0(Native Method)
	at sun.reflect.NativeMethodAccessorImpl.invoke(NativeMethodAccessorImpl.java:62)
	at sun.reflect.DelegatingMethodAccessorImpl.invoke(DelegatingMethodAccessorImpl.java:43)
	at java.lang.reflect.Method.invoke(Method.java:498)
	at org.junit.runners.model.FrameworkMethod$1.runReflectiveCall(FrameworkMethod.java:45)
	at org.junit.internal.runners.model.ReflectiveCallable.run(ReflectiveCallable.java:15)
	at org.junit.runners.model.FrameworkMethod.invokeExplosively(FrameworkMethod.java:42)
	at org.junit.internal.runners.statements.InvokeMethod.evaluate(InvokeMethod.java:20)
	at org.junit.runners.ParentRunner.runLeaf(ParentRunner.java:263)
	at org.junit.runners.BlockJUnit4ClassRunner.runChild(BlockJUnit4ClassRunner.java:68)
	at org.junit.runners.BlockJUnit4ClassRunner.runChild(BlockJUnit4ClassRunner.java:47)
	at org.junit.runners.ParentRunner$3.run(ParentRunner.java:231)
	at org.junit.runners.ParentRunner$1.schedule(ParentRunner.java:60)
	at org.junit.runners.ParentRunner.runChildren(ParentRunner.java:229)
	at org.junit.runners.ParentRunner.access$000(ParentRunner.java:50)
	at org.junit.runners.ParentRunner$2.evaluate(ParentRunner.java:222)
	at org.junit.runners.ParentRunner.run(ParentRunner.java:300)
	at org.junit.runner.JUnitCore.run(JUnitCore.java:157)
	at org.junit.runner.JUnitCore.run(JUnitCore.java:136)
	at edu.gmu.swe.flaky.sleepy.runner.SleepyTestRunner.main(SleepyTestRunner.java:68)

INFO:FromJava:FAILURE
INFO:FromJava:Failure:
INFO:FromJava:testConcurrentOperations(org.apache.ambari.server.agent.TestActionQueue)java.lang.AssertionError: expected:<180> but was:<177>
	at org.junit.Assert.fail(Assert.java:93)
	at org.junit.Assert.failNotEquals(Assert.java:647)
	at org.junit.Assert.assertEquals(Assert.java:128)
	at org.junit.Assert.assertEquals(Assert.java:472)
	at org.junit.Assert.assertEquals(Assert.java:456)
	at org.apache.ambari.server.agent.TestActionQueue.testConcurrentOperations(TestActionQueue.java:196)
	at sun.reflect.NativeMethodAccessorImpl.invoke0(Native Method)
	at sun.reflect.NativeMethodAccessorImpl.invoke(NativeMethodAccessorImpl.java:62)
	at sun.reflect.DelegatingMethodAccessorImpl.invoke(DelegatingMethodAccessorImpl.java:43)
	at java.lang.reflect.Method.invoke(Method.java:498)
	at org.junit.runners.model.FrameworkMethod$1.runReflectiveCall(FrameworkMethod.java:45)
	at org.junit.internal.runners.model.ReflectiveCallable.run(ReflectiveCallable.java:15)
	at org.junit.runners.model.FrameworkMethod.invokeExplosively(FrameworkMethod.java:42)
	at org.junit.internal.runners.statements.InvokeMethod.evaluate(InvokeMethod.java:20)
	at org.junit.runners.ParentRunner.runLeaf(ParentRunner.java:263)
	at org.junit.runners.BlockJUnit4ClassRunner.runChild(BlockJUnit4ClassRunner.java:68)
	at org.junit.runners.BlockJUnit4ClassRunner.runChild(BlockJUnit4ClassRunner.java:47)
	at org.junit.runners.ParentRunner$3.run(ParentRunner.java:231)
	at org.junit.runners.ParentRunner$1.schedule(ParentRunner.java:60)
	at org.junit.runners.ParentRunner.runChildren(ParentRunner.java:229)
	at org.junit.runners.ParentRunner.access$000(ParentRunner.java:50)
	at org.junit.runners.ParentRunner$2.evaluate(ParentRunner.java:222)
	at org.junit.runners.ParentRunner.run(ParentRunner.java:300)
	at org.junit.runner.JUnitCore.run(JUnitCore.java:157)
	at org.junit.runner.JUnitCore.run(JUnitCore.java:136)
	at edu.gmu.swe.flaky.sleepy.runner.SleepyTestRunner.main(SleepyTestRunner.java:68)

INFO:FromJava:FAILURE
INFO:FromJava:Failure:
INFO:FromJava:testConcurrentOperations(org.apache.ambari.server.agent.TestActionQueue)java.lang.AssertionError: expected:<178> but was:<175>
	at org.junit.Assert.fail(Assert.java:93)
	at org.junit.Assert.failNotEquals(Assert.java:647)
	at org.junit.Assert.assertEquals(Assert.java:128)
	at org.junit.Assert.assertEquals(Assert.java:472)
	at org.junit.Assert.assertEquals(Assert.java:456)
	at org.apache.ambari.server.agent.TestActionQueue.testConcurrentOperations(TestActionQueue.java:196)
	at sun.reflect.NativeMethodAccessorImpl.invoke0(Native Method)
	at sun.reflect.NativeMethodAccessorImpl.invoke(NativeMethodAccessorImpl.java:62)
	at sun.reflect.DelegatingMethodAccessorImpl.invoke(DelegatingMethodAccessorImpl.java:43)
	at java.lang.reflect.Method.invoke(Method.java:498)
	at org.junit.runners.model.FrameworkMethod$1.runReflectiveCall(FrameworkMethod.java:45)
	at org.junit.internal.runners.model.ReflectiveCallable.run(ReflectiveCallable.java:15)
	at org.junit.runners.model.FrameworkMethod.invokeExplosively(FrameworkMethod.java:42)
	at org.junit.internal.runners.statements.InvokeMethod.evaluate(InvokeMethod.java:20)
	at org.junit.runners.ParentRunner.runLeaf(ParentRunner.java:263)
	at org.junit.runners.BlockJUnit4ClassRunner.runChild(BlockJUnit4ClassRunner.java:68)
	at org.junit.runners.BlockJUnit4ClassRunner.runChild(BlockJUnit4ClassRunner.java:47)
	at org.junit.runners.ParentRunner$3.run(ParentRunner.java:231)
	at org.junit.runners.ParentRunner$1.schedule(ParentRunner.java:60)
	at org.junit.runners.ParentRunner.runChildren(ParentRunner.java:229)
	at org.junit.runners.ParentRunner.access$000(ParentRunner.java:50)
	at org.junit.runners.ParentRunner$2.evaluate(ParentRunner.java:222)
	at org.junit.runners.ParentRunner.run(ParentRunner.java:300)
	at org.junit.runner.JUnitCore.run(JUnitCore.java:157)
	at org.junit.runner.JUnitCore.run(JUnitCore.java:136)
	at edu.gmu.swe.flaky.sleepy.runner.SleepyTestRunner.main(SleepyTestRunner.java:68)

INFO:FromJava:FAILURE
INFO:FromJava:Failure:
INFO:FromJava:testConcurrentOperations(org.apache.ambari.server.agent.TestActionQueue)java.lang.AssertionError: expected:<175> but was:<173>
	at org.junit.Assert.fail(Assert.java:93)
	at org.junit.Assert.failNotEquals(Assert.java:647)
	at org.junit.Assert.assertEquals(Assert.java:128)
	at org.junit.Assert.assertEquals(Assert.java:472)
	at org.junit.Assert.assertEquals(Assert.java:456)
	at org.apache.ambari.server.agent.TestActionQueue.testConcurrentOperations(TestActionQueue.java:196)
	at sun.reflect.NativeMethodAccessorImpl.invoke0(Native Method)
	at sun.reflect.NativeMethodAccessorImpl.invoke(NativeMethodAccessorImpl.java:62)
	at sun.reflect.DelegatingMethodAccessorImpl.invoke(DelegatingMethodAccessorImpl.java:43)
	at java.lang.reflect.Method.invoke(Method.java:498)
	at org.junit.runners.model.FrameworkMethod$1.runReflectiveCall(FrameworkMethod.java:45)
	at org.junit.internal.runners.model.ReflectiveCallable.run(ReflectiveCallable.java:15)
	at org.junit.runners.model.FrameworkMethod.invokeExplosively(FrameworkMethod.java:42)
	at org.junit.internal.runners.statements.InvokeMethod.evaluate(InvokeMethod.java:20)
	at org.junit.runners.ParentRunner.runLeaf(ParentRunner.java:263)
	at org.junit.runners.BlockJUnit4ClassRunner.runChild(BlockJUnit4ClassRunner.java:68)
	at org.junit.runners.BlockJUnit4ClassRunner.runChild(BlockJUnit4ClassRunner.java:47)
	at org.junit.runners.ParentRunner$3.run(ParentRunner.java:231)
	at org.junit.runners.ParentRunner$1.schedule(ParentRunner.java:60)
	at org.junit.runners.ParentRunner.runChildren(ParentRunner.java:229)
	at org.junit.runners.ParentRunner.access$000(ParentRunner.java:50)
	at org.junit.runners.ParentRunner$2.evaluate(ParentRunner.java:222)
	at org.junit.runners.ParentRunner.run(ParentRunner.java:300)
	at org.junit.runner.JUnitCore.run(JUnitCore.java:157)
	at org.junit.runner.JUnitCore.run(JUnitCore.java:136)
	at edu.gmu.swe.flaky.sleepy.runner.SleepyTestRunner.main(SleepyTestRunner.java:68)

INFO:FromJava:FAILURE
INFO:FromJava:OK
INFO:FromJava:OK
INFO:FromJava:OK
INFO:FromJava:Failure:
INFO:FromJava:testConcurrentOperations(org.apache.ambari.server.agent.TestActionQueue)java.lang.AssertionError: expected:<162> but was:<160>
	at org.junit.Assert.fail(Assert.java:93)
	at org.junit.Assert.failNotEquals(Assert.java:647)
	at org.junit.Assert.assertEquals(Assert.java:128)
	at org.junit.Assert.assertEquals(Assert.java:472)
	at org.junit.Assert.assertEquals(Assert.java:456)
	at org.apache.ambari.server.agent.TestActionQueue.testConcurrentOperations(TestActionQueue.java:196)
	at sun.reflect.NativeMethodAccessorImpl.invoke0(Native Method)
	at sun.reflect.NativeMethodAccessorImpl.invoke(NativeMethodAccessorImpl.java:62)
	at sun.reflect.DelegatingMethodAccessorImpl.invoke(DelegatingMethodAccessorImpl.java:43)
	at java.lang.reflect.Method.invoke(Method.java:498)
	at org.junit.runners.model.FrameworkMethod$1.runReflectiveCall(FrameworkMethod.java:45)
	at org.junit.internal.runners.model.ReflectiveCallable.run(ReflectiveCallable.java:15)
	at org.junit.runners.model.FrameworkMethod.invokeExplosively(FrameworkMethod.java:42)
	at org.junit.internal.runners.statements.InvokeMethod.evaluate(InvokeMethod.java:20)
	at org.junit.runners.ParentRunner.runLeaf(ParentRunner.java:263)
	at org.junit.runners.BlockJUnit4ClassRunner.runChild(BlockJUnit4ClassRunner.java:68)
	at org.junit.runners.BlockJUnit4ClassRunner.runChild(BlockJUnit4ClassRunner.java:47)
	at org.junit.runners.ParentRunner$3.run(ParentRunner.java:231)
	at org.junit.runners.ParentRunner$1.schedule(ParentRunner.java:60)
	at org.junit.runners.ParentRunner.runChildren(ParentRunner.java:229)
	at org.junit.runners.ParentRunner.access$000(ParentRunner.java:50)
	at org.junit.runners.ParentRunner$2.evaluate(ParentRunner.java:222)
	at org.junit.runners.ParentRunner.run(ParentRunner.java:300)
	at org.junit.runner.JUnitCore.run(JUnitCore.java:157)
	at org.junit.runner.JUnitCore.run(JUnitCore.java:136)
	at edu.gmu.swe.flaky.sleepy.runner.SleepyTestRunner.main(SleepyTestRunner.java:68)

INFO:FromJava:FAILURE
INFO:FromJava:Failure:
INFO:FromJava:testConcurrentOperations(org.apache.ambari.server.agent.TestActionQueue)java.lang.AssertionError: expected:<176> but was:<173>
	at org.junit.Assert.fail(Assert.java:93)
	at org.junit.Assert.failNotEquals(Assert.java:647)
	at org.junit.Assert.assertEquals(Assert.java:128)
	at org.junit.Assert.assertEquals(Assert.java:472)
	at org.junit.Assert.assertEquals(Assert.java:456)
	at org.apache.ambari.server.agent.TestActionQueue.testConcurrentOperations(TestActionQueue.java:196)
	at sun.reflect.NativeMethodAccessorImpl.invoke0(Native Method)
	at sun.reflect.NativeMethodAccessorImpl.invoke(NativeMethodAccessorImpl.java:62)
	at sun.reflect.DelegatingMethodAccessorImpl.invoke(DelegatingMethodAccessorImpl.java:43)
	at java.lang.reflect.Method.invoke(Method.java:498)
	at org.junit.runners.model.FrameworkMethod$1.runReflectiveCall(FrameworkMethod.java:45)
	at org.junit.internal.runners.model.ReflectiveCallable.run(ReflectiveCallable.java:15)
	at org.junit.runners.model.FrameworkMethod.invokeExplosively(FrameworkMethod.java:42)
	at org.junit.internal.runners.statements.InvokeMethod.evaluate(InvokeMethod.java:20)
	at org.junit.runners.ParentRunner.runLeaf(ParentRunner.java:263)
	at org.junit.runners.BlockJUnit4ClassRunner.runChild(BlockJUnit4ClassRunner.java:68)
	at org.junit.runners.BlockJUnit4ClassRunner.runChild(BlockJUnit4ClassRunner.java:47)
	at org.junit.runners.ParentRunner$3.run(ParentRunner.java:231)
	at org.junit.runners.ParentRunner$1.schedule(ParentRunner.java:60)
	at org.junit.runners.ParentRunner.runChildren(ParentRunner.java:229)
	at org.junit.runners.ParentRunner.access$000(ParentRunner.java:50)
	at org.junit.runners.ParentRunner$2.evaluate(ParentRunner.java:222)
	at org.junit.runners.ParentRunner.run(ParentRunner.java:300)
	at org.junit.runner.JUnitCore.run(JUnitCore.java:157)
	at org.junit.runner.JUnitCore.run(JUnitCore.java:136)
	at edu.gmu.swe.flaky.sleepy.runner.SleepyTestRunner.main(SleepyTestRunner.java:68)

INFO:FromJava:FAILURE
INFO:FromJava:Failure:
INFO:FromJava:testConcurrentOperations(org.apache.ambari.server.agent.TestActionQueue)java.lang.AssertionError: expected:<165> but was:<163>
	at org.junit.Assert.fail(Assert.java:93)
	at org.junit.Assert.failNotEquals(Assert.java:647)
	at org.junit.Assert.assertEquals(Assert.java:128)
	at org.junit.Assert.assertEquals(Assert.java:472)
	at org.junit.Assert.assertEquals(Assert.java:456)
	at org.apache.ambari.server.agent.TestActionQueue.testConcurrentOperations(TestActionQueue.java:196)
	at sun.reflect.NativeMethodAccessorImpl.invoke0(Native Method)
	at sun.reflect.NativeMethodAccessorImpl.invoke(NativeMethodAccessorImpl.java:62)
	at sun.reflect.DelegatingMethodAccessorImpl.invoke(DelegatingMethodAccessorImpl.java:43)
	at java.lang.reflect.Method.invoke(Method.java:498)
	at org.junit.runners.model.FrameworkMethod$1.runReflectiveCall(FrameworkMethod.java:45)
	at org.junit.internal.runners.model.ReflectiveCallable.run(ReflectiveCallable.java:15)
	at org.junit.runners.model.FrameworkMethod.invokeExplosively(FrameworkMethod.java:42)
	at org.junit.internal.runners.statements.InvokeMethod.evaluate(InvokeMethod.java:20)
	at org.junit.runners.ParentRunner.runLeaf(ParentRunner.java:263)
	at org.junit.runners.BlockJUnit4ClassRunner.runChild(BlockJUnit4ClassRunner.java:68)
	at org.junit.runners.BlockJUnit4ClassRunner.runChild(BlockJUnit4ClassRunner.java:47)
	at org.junit.runners.ParentRunner$3.run(ParentRunner.java:231)
	at org.junit.runners.ParentRunner$1.schedule(ParentRunner.java:60)
	at org.junit.runners.ParentRunner.runChildren(ParentRunner.java:229)
	at org.junit.runners.ParentRunner.access$000(ParentRunner.java:50)
	at org.junit.runners.ParentRunner$2.evaluate(ParentRunner.java:222)
	at org.junit.runners.ParentRunner.run(ParentRunner.java:300)
	at org.junit.runner.JUnitCore.run(JUnitCore.java:157)
	at org.junit.runner.JUnitCore.run(JUnitCore.java:136)
	at edu.gmu.swe.flaky.sleepy.runner.SleepyTestRunner.main(SleepyTestRunner.java:68)

INFO:FromJava:FAILURE
INFO:FromJava:Failure:
INFO:FromJava:testConcurrentOperations(org.apache.ambari.server.agent.TestActionQueue)java.lang.AssertionError: expected:<110> but was:<107>
	at org.junit.Assert.fail(Assert.java:93)
	at org.junit.Assert.failNotEquals(Assert.java:647)
	at org.junit.Assert.assertEquals(Assert.java:128)
	at org.junit.Assert.assertEquals(Assert.java:472)
	at org.junit.Assert.assertEquals(Assert.java:456)
	at org.apache.ambari.server.agent.TestActionQueue.testConcurrentOperations(TestActionQueue.java:196)
	at sun.reflect.NativeMethodAccessorImpl.invoke0(Native Method)
	at sun.reflect.NativeMethodAccessorImpl.invoke(NativeMethodAccessorImpl.java:62)
	at sun.reflect.DelegatingMethodAccessorImpl.invoke(DelegatingMethodAccessorImpl.java:43)
	at java.lang.reflect.Method.invoke(Method.java:498)
	at org.junit.runners.model.FrameworkMethod$1.runReflectiveCall(FrameworkMethod.java:45)
	at org.junit.internal.runners.model.ReflectiveCallable.run(ReflectiveCallable.java:15)
	at org.junit.runners.model.FrameworkMethod.invokeExplosively(FrameworkMethod.java:42)
	at org.junit.internal.runners.statements.InvokeMethod.evaluate(InvokeMethod.java:20)
	at org.junit.runners.ParentRunner.runLeaf(ParentRunner.java:263)
	at org.junit.runners.BlockJUnit4ClassRunner.runChild(BlockJUnit4ClassRunner.java:68)
	at org.junit.runners.BlockJUnit4ClassRunner.runChild(BlockJUnit4ClassRunner.java:47)
	at org.junit.runners.ParentRunner$3.run(ParentRunner.java:231)
	at org.junit.runners.ParentRunner$1.schedule(ParentRunner.java:60)
	at org.junit.runners.ParentRunner.runChildren(ParentRunner.java:229)
	at org.junit.runners.ParentRunner.access$000(ParentRunner.java:50)
	at org.junit.runners.ParentRunner$2.evaluate(ParentRunner.java:222)
	at org.junit.runners.ParentRunner.run(ParentRunner.java:300)
	at org.junit.runner.JUnitCore.run(JUnitCore.java:157)
	at org.junit.runner.JUnitCore.run(JUnitCore.java:136)
	at edu.gmu.swe.flaky.sleepy.runner.SleepyTestRunner.main(SleepyTestRunner.java:68)

INFO:FromJava:FAILURE
INFO:FromJava:Failure:
INFO:FromJava:testConcurrentOperations(org.apache.ambari.server.agent.TestActionQueue)java.lang.AssertionError: expected:<100> but was:<97>
	at org.junit.Assert.fail(Assert.java:93)
	at org.junit.Assert.failNotEquals(Assert.java:647)
	at org.junit.Assert.assertEquals(Assert.java:128)
	at org.junit.Assert.assertEquals(Assert.java:472)
	at org.junit.Assert.assertEquals(Assert.java:456)
	at org.apache.ambari.server.agent.TestActionQueue.testConcurrentOperations(TestActionQueue.java:196)
	at sun.reflect.NativeMethodAccessorImpl.invoke0(Native Method)
	at sun.reflect.NativeMethodAccessorImpl.invoke(NativeMethodAccessorImpl.java:62)
	at sun.reflect.DelegatingMethodAccessorImpl.invoke(DelegatingMethodAccessorImpl.java:43)
	at java.lang.reflect.Method.invoke(Method.java:498)
	at org.junit.runners.model.FrameworkMethod$1.runReflectiveCall(FrameworkMethod.java:45)
	at org.junit.internal.runners.model.ReflectiveCallable.run(ReflectiveCallable.java:15)
	at org.junit.runners.model.FrameworkMethod.invokeExplosively(FrameworkMethod.java:42)
	at org.junit.internal.runners.statements.InvokeMethod.evaluate(InvokeMethod.java:20)
	at org.junit.runners.ParentRunner.runLeaf(ParentRunner.java:263)
	at org.junit.runners.BlockJUnit4ClassRunner.runChild(BlockJUnit4ClassRunner.java:68)
	at org.junit.runners.BlockJUnit4ClassRunner.runChild(BlockJUnit4ClassRunner.java:47)
	at org.junit.runners.ParentRunner$3.run(ParentRunner.java:231)
	at org.junit.runners.ParentRunner$1.schedule(ParentRunner.java:60)
	at org.junit.runners.ParentRunner.runChildren(ParentRunner.java:229)
	at org.junit.runners.ParentRunner.access$000(ParentRunner.java:50)
	at org.junit.runners.ParentRunner$2.evaluate(ParentRunner.java:222)
	at org.junit.runners.ParentRunner.run(ParentRunner.java:300)
	at org.junit.runner.JUnitCore.run(JUnitCore.java:157)
	at org.junit.runner.JUnitCore.run(JUnitCore.java:136)
	at edu.gmu.swe.flaky.sleepy.runner.SleepyTestRunner.main(SleepyTestRunner.java:68)

INFO:FromJava:FAILURE
INFO:FromJava:Failure:
INFO:FromJava:testConcurrentOperations(org.apache.ambari.server.agent.TestActionQueue)java.lang.AssertionError: expected:<114> but was:<111>
	at org.junit.Assert.fail(Assert.java:93)
	at org.junit.Assert.failNotEquals(Assert.java:647)
	at org.junit.Assert.assertEquals(Assert.java:128)
	at org.junit.Assert.assertEquals(Assert.java:472)
	at org.junit.Assert.assertEquals(Assert.java:456)
	at org.apache.ambari.server.agent.TestActionQueue.testConcurrentOperations(TestActionQueue.java:196)
	at sun.reflect.NativeMethodAccessorImpl.invoke0(Native Method)
	at sun.reflect.NativeMethodAccessorImpl.invoke(NativeMethodAccessorImpl.java:62)
	at sun.reflect.DelegatingMethodAccessorImpl.invoke(DelegatingMethodAccessorImpl.java:43)
	at java.lang.reflect.Method.invoke(Method.java:498)
	at org.junit.runners.model.FrameworkMethod$1.runReflectiveCall(FrameworkMethod.java:45)
	at org.junit.internal.runners.model.ReflectiveCallable.run(ReflectiveCallable.java:15)
	at org.junit.runners.model.FrameworkMethod.invokeExplosively(FrameworkMethod.java:42)
	at org.junit.internal.runners.statements.InvokeMethod.evaluate(InvokeMethod.java:20)
	at org.junit.runners.ParentRunner.runLeaf(ParentRunner.java:263)
	at org.junit.runners.BlockJUnit4ClassRunner.runChild(BlockJUnit4ClassRunner.java:68)
	at org.junit.runners.BlockJUnit4ClassRunner.runChild(BlockJUnit4ClassRunner.java:47)
	at org.junit.runners.ParentRunner$3.run(ParentRunner.java:231)
	at org.junit.runners.ParentRunner$1.schedule(ParentRunner.java:60)
	at org.junit.runners.ParentRunner.runChildren(ParentRunner.java:229)
	at org.junit.runners.ParentRunner.access$000(ParentRunner.java:50)
	at org.junit.runners.ParentRunner$2.evaluate(ParentRunner.java:222)
	at org.junit.runners.ParentRunner.run(ParentRunner.java:300)
	at org.junit.runner.JUnitCore.run(JUnitCore.java:157)
	at org.junit.runner.JUnitCore.run(JUnitCore.java:136)
	at edu.gmu.swe.flaky.sleepy.runner.SleepyTestRunner.main(SleepyTestRunner.java:68)

INFO:FromJava:FAILURE
INFO:FromJava:Failure:
INFO:FromJava:testConcurrentOperations(org.apache.ambari.server.agent.TestActionQueue)java.lang.AssertionError: expected:<251> but was:<252>
	at org.junit.Assert.fail(Assert.java:93)
	at org.junit.Assert.failNotEquals(Assert.java:647)
	at org.junit.Assert.assertEquals(Assert.java:128)
	at org.junit.Assert.assertEquals(Assert.java:472)
	at org.junit.Assert.assertEquals(Assert.java:456)
	at org.apache.ambari.server.agent.TestActionQueue.testConcurrentOperations(TestActionQueue.java:196)
	at sun.reflect.NativeMethodAccessorImpl.invoke0(Native Method)
	at sun.reflect.NativeMethodAccessorImpl.invoke(NativeMethodAccessorImpl.java:62)
	at sun.reflect.DelegatingMethodAccessorImpl.invoke(DelegatingMethodAccessorImpl.java:43)
	at java.lang.reflect.Method.invoke(Method.java:498)
	at org.junit.runners.model.FrameworkMethod$1.runReflectiveCall(FrameworkMethod.java:45)
	at org.junit.internal.runners.model.ReflectiveCallable.run(ReflectiveCallable.java:15)
	at org.junit.runners.model.FrameworkMethod.invokeExplosively(FrameworkMethod.java:42)
	at org.junit.internal.runners.statements.InvokeMethod.evaluate(InvokeMethod.java:20)
	at org.junit.runners.ParentRunner.runLeaf(ParentRunner.java:263)
	at org.junit.runners.BlockJUnit4ClassRunner.runChild(BlockJUnit4ClassRunner.java:68)
	at org.junit.runners.BlockJUnit4ClassRunner.runChild(BlockJUnit4ClassRunner.java:47)
	at org.junit.runners.ParentRunner$3.run(ParentRunner.java:231)
	at org.junit.runners.ParentRunner$1.schedule(ParentRunner.java:60)
	at org.junit.runners.ParentRunner.runChildren(ParentRunner.java:229)
	at org.junit.runners.ParentRunner.access$000(ParentRunner.java:50)
	at org.junit.runners.ParentRunner$2.evaluate(ParentRunner.java:222)
	at org.junit.runners.ParentRunner.run(ParentRunner.java:300)
	at org.junit.runner.JUnitCore.run(JUnitCore.java:157)
	at org.junit.runner.JUnitCore.run(JUnitCore.java:136)
	at edu.gmu.swe.flaky.sleepy.runner.SleepyTestRunner.main(SleepyTestRunner.java:68)

INFO:FromJava:FAILURE
INFO:FromJava:OK
INFO:FromJava:OK
INFO:FromJava:Failure:
INFO:FromJava:testConcurrentOperations(org.apache.ambari.server.agent.TestActionQueue)java.lang.AssertionError: expected:<0> but was:<1>
	at org.junit.Assert.fail(Assert.java:93)
	at org.junit.Assert.failNotEquals(Assert.java:647)
	at org.junit.Assert.assertEquals(Assert.java:128)
	at org.junit.Assert.assertEquals(Assert.java:472)
	at org.junit.Assert.assertEquals(Assert.java:456)
	at org.apache.ambari.server.agent.TestActionQueue.testConcurrentOperations(TestActionQueue.java:193)
	at sun.reflect.NativeMethodAccessorImpl.invoke0(Native Method)
	at sun.reflect.NativeMethodAccessorImpl.invoke(NativeMethodAccessorImpl.java:62)
	at sun.reflect.DelegatingMethodAccessorImpl.invoke(DelegatingMethodAccessorImpl.java:43)
	at java.lang.reflect.Method.invoke(Method.java:498)
	at org.junit.runners.model.FrameworkMethod$1.runReflectiveCall(FrameworkMethod.java:45)
	at org.junit.internal.runners.model.ReflectiveCallable.run(ReflectiveCallable.java:15)
	at org.junit.runners.model.FrameworkMethod.invokeExplosively(FrameworkMethod.java:42)
	at org.junit.internal.runners.statements.InvokeMethod.evaluate(InvokeMethod.java:20)
	at org.junit.runners.ParentRunner.runLeaf(ParentRunner.java:263)
	at org.junit.runners.BlockJUnit4ClassRunner.runChild(BlockJUnit4ClassRunner.java:68)
	at org.junit.runners.BlockJUnit4ClassRunner.runChild(BlockJUnit4ClassRunner.java:47)
	at org.junit.runners.ParentRunner$3.run(ParentRunner.java:231)
	at org.junit.runners.ParentRunner$1.schedule(ParentRunner.java:60)
	at org.junit.runners.ParentRunner.runChildren(ParentRunner.java:229)
	at org.junit.runners.ParentRunner.access$000(ParentRunner.java:50)
	at org.junit.runners.ParentRunner$2.evaluate(ParentRunner.java:222)
	at org.junit.runners.ParentRunner.run(ParentRunner.java:300)
	at org.junit.runner.JUnitCore.run(JUnitCore.java:157)
	at org.junit.runner.JUnitCore.run(JUnitCore.java:136)
	at edu.gmu.swe.flaky.sleepy.runner.SleepyTestRunner.main(SleepyTestRunner.java:68)

INFO:FromJava:FAILURE
INFO:FromJava:OK
INFO:FromJava:Failure:
INFO:FromJava:testConcurrentOperations(org.apache.ambari.server.agent.TestActionQueue)java.lang.AssertionError: expected:<110> but was:<107>
	at org.junit.Assert.fail(Assert.java:93)
	at org.junit.Assert.failNotEquals(Assert.java:647)
	at org.junit.Assert.assertEquals(Assert.java:128)
	at org.junit.Assert.assertEquals(Assert.java:472)
	at org.junit.Assert.assertEquals(Assert.java:456)
	at org.apache.ambari.server.agent.TestActionQueue.testConcurrentOperations(TestActionQueue.java:196)
	at sun.reflect.NativeMethodAccessorImpl.invoke0(Native Method)
	at sun.reflect.NativeMethodAccessorImpl.invoke(NativeMethodAccessorImpl.java:62)
	at sun.reflect.DelegatingMethodAccessorImpl.invoke(DelegatingMethodAccessorImpl.java:43)
	at java.lang.reflect.Method.invoke(Method.java:498)
	at org.junit.runners.model.FrameworkMethod$1.runReflectiveCall(FrameworkMethod.java:45)
	at org.junit.internal.runners.model.ReflectiveCallable.run(ReflectiveCallable.java:15)
	at org.junit.runners.model.FrameworkMethod.invokeExplosively(FrameworkMethod.java:42)
	at org.junit.internal.runners.statements.InvokeMethod.evaluate(InvokeMethod.java:20)
	at org.junit.runners.ParentRunner.runLeaf(ParentRunner.java:263)
	at org.junit.runners.BlockJUnit4ClassRunner.runChild(BlockJUnit4ClassRunner.java:68)
	at org.junit.runners.BlockJUnit4ClassRunner.runChild(BlockJUnit4ClassRunner.java:47)
	at org.junit.runners.ParentRunner$3.run(ParentRunner.java:231)
	at org.junit.runners.ParentRunner$1.schedule(ParentRunner.java:60)
	at org.junit.runners.ParentRunner.runChildren(ParentRunner.java:229)
	at org.junit.runners.ParentRunner.access$000(ParentRunner.java:50)
	at org.junit.runners.ParentRunner$2.evaluate(ParentRunner.java:222)
	at org.junit.runners.ParentRunner.run(ParentRunner.java:300)
	at org.junit.runner.JUnitCore.run(JUnitCore.java:157)
	at org.junit.runner.JUnitCore.run(JUnitCore.java:136)
	at edu.gmu.swe.flaky.sleepy.runner.SleepyTestRunner.main(SleepyTestRunner.java:68)

INFO:FromJava:FAILURE
INFO:FromJava:Failure:
INFO:FromJava:testConcurrentOperations(org.apache.ambari.server.agent.TestActionQueue)java.lang.AssertionError: expected:<106> but was:<103>
	at org.junit.Assert.fail(Assert.java:93)
	at org.junit.Assert.failNotEquals(Assert.java:647)
	at org.junit.Assert.assertEquals(Assert.java:128)
	at org.junit.Assert.assertEquals(Assert.java:472)
	at org.junit.Assert.assertEquals(Assert.java:456)
	at org.apache.ambari.server.agent.TestActionQueue.testConcurrentOperations(TestActionQueue.java:196)
	at sun.reflect.NativeMethodAccessorImpl.invoke0(Native Method)
	at sun.reflect.NativeMethodAccessorImpl.invoke(NativeMethodAccessorImpl.java:62)
	at sun.reflect.DelegatingMethodAccessorImpl.invoke(DelegatingMethodAccessorImpl.java:43)
	at java.lang.reflect.Method.invoke(Method.java:498)
	at org.junit.runners.model.FrameworkMethod$1.runReflectiveCall(FrameworkMethod.java:45)
	at org.junit.internal.runners.model.ReflectiveCallable.run(ReflectiveCallable.java:15)
	at org.junit.runners.model.FrameworkMethod.invokeExplosively(FrameworkMethod.java:42)
	at org.junit.internal.runners.statements.InvokeMethod.evaluate(InvokeMethod.java:20)
	at org.junit.runners.ParentRunner.runLeaf(ParentRunner.java:263)
	at org.junit.runners.BlockJUnit4ClassRunner.runChild(BlockJUnit4ClassRunner.java:68)
	at org.junit.runners.BlockJUnit4ClassRunner.runChild(BlockJUnit4ClassRunner.java:47)
	at org.junit.runners.ParentRunner$3.run(ParentRunner.java:231)
	at org.junit.runners.ParentRunner$1.schedule(ParentRunner.java:60)
	at org.junit.runners.ParentRunner.runChildren(ParentRunner.java:229)
	at org.junit.runners.ParentRunner.access$000(ParentRunner.java:50)
	at org.junit.runners.ParentRunner$2.evaluate(ParentRunner.java:222)
	at org.junit.runners.ParentRunner.run(ParentRunner.java:300)
	at org.junit.runner.JUnitCore.run(JUnitCore.java:157)
	at org.junit.runner.JUnitCore.run(JUnitCore.java:136)
	at edu.gmu.swe.flaky.sleepy.runner.SleepyTestRunner.main(SleepyTestRunner.java:68)

INFO:FromJava:FAILURE
INFO:FromJava:Failure:
INFO:FromJava:testConcurrentOperations(org.apache.ambari.server.agent.TestActionQueue)java.lang.AssertionError: expected:<5> but was:<4>
	at org.junit.Assert.fail(Assert.java:93)
	at org.junit.Assert.failNotEquals(Assert.java:647)
	at org.junit.Assert.assertEquals(Assert.java:128)
	at org.junit.Assert.assertEquals(Assert.java:472)
	at org.junit.Assert.assertEquals(Assert.java:456)
	at org.apache.ambari.server.agent.TestActionQueue.testConcurrentOperations(TestActionQueue.java:196)
	at sun.reflect.NativeMethodAccessorImpl.invoke0(Native Method)
	at sun.reflect.NativeMethodAccessorImpl.invoke(NativeMethodAccessorImpl.java:62)
	at sun.reflect.DelegatingMethodAccessorImpl.invoke(DelegatingMethodAccessorImpl.java:43)
	at java.lang.reflect.Method.invoke(Method.java:498)
	at org.junit.runners.model.FrameworkMethod$1.runReflectiveCall(FrameworkMethod.java:45)
	at org.junit.internal.runners.model.ReflectiveCallable.run(ReflectiveCallable.java:15)
	at org.junit.runners.model.FrameworkMethod.invokeExplosively(FrameworkMethod.java:42)
	at org.junit.internal.runners.statements.InvokeMethod.evaluate(InvokeMethod.java:20)
	at org.junit.runners.ParentRunner.runLeaf(ParentRunner.java:263)
	at org.junit.runners.BlockJUnit4ClassRunner.runChild(BlockJUnit4ClassRunner.java:68)
	at org.junit.runners.BlockJUnit4ClassRunner.runChild(BlockJUnit4ClassRunner.java:47)
	at org.junit.runners.ParentRunner$3.run(ParentRunner.java:231)
	at org.junit.runners.ParentRunner$1.schedule(ParentRunner.java:60)
	at org.junit.runners.ParentRunner.runChildren(ParentRunner.java:229)
	at org.junit.runners.ParentRunner.access$000(ParentRunner.java:50)
	at org.junit.runners.ParentRunner$2.evaluate(ParentRunner.java:222)
	at org.junit.runners.ParentRunner.run(ParentRunner.java:300)
	at org.junit.runner.JUnitCore.run(JUnitCore.java:157)
	at org.junit.runner.JUnitCore.run(JUnitCore.java:136)
	at edu.gmu.swe.flaky.sleepy.runner.SleepyTestRunner.main(SleepyTestRunner.java:68)

INFO:FromJava:FAILURE
INFO:FromJava:OK
INFO:FromJava:OK
INFO:FromJava:OK
INFO:FromJava:OK
INFO:FromJava:OK
INFO:FromJava:OK
INFO:FromJava:Failure:
INFO:FromJava:testConcurrentOperations(org.apache.ambari.server.agent.TestActionQueue)java.lang.AssertionError: expected:<141> but was:<142>
	at org.junit.Assert.fail(Assert.java:93)
	at org.junit.Assert.failNotEquals(Assert.java:647)
	at org.junit.Assert.assertEquals(Assert.java:128)
	at org.junit.Assert.assertEquals(Assert.java:472)
	at org.junit.Assert.assertEquals(Assert.java:456)
	at org.apache.ambari.server.agent.TestActionQueue.testConcurrentOperations(TestActionQueue.java:196)
	at sun.reflect.NativeMethodAccessorImpl.invoke0(Native Method)
	at sun.reflect.NativeMethodAccessorImpl.invoke(NativeMethodAccessorImpl.java:62)
	at sun.reflect.DelegatingMethodAccessorImpl.invoke(DelegatingMethodAccessorImpl.java:43)
	at java.lang.reflect.Method.invoke(Method.java:498)
	at org.junit.runners.model.FrameworkMethod$1.runReflectiveCall(FrameworkMethod.java:45)
	at org.junit.internal.runners.model.ReflectiveCallable.run(ReflectiveCallable.java:15)
	at org.junit.runners.model.FrameworkMethod.invokeExplosively(FrameworkMethod.java:42)
	at org.junit.internal.runners.statements.InvokeMethod.evaluate(InvokeMethod.java:20)
	at org.junit.runners.ParentRunner.runLeaf(ParentRunner.java:263)
	at org.junit.runners.BlockJUnit4ClassRunner.runChild(BlockJUnit4ClassRunner.java:68)
	at org.junit.runners.BlockJUnit4ClassRunner.runChild(BlockJUnit4ClassRunner.java:47)
	at org.junit.runners.ParentRunner$3.run(ParentRunner.java:231)
	at org.junit.runners.ParentRunner$1.schedule(ParentRunner.java:60)
	at org.junit.runners.ParentRunner.runChildren(ParentRunner.java:229)
	at org.junit.runners.ParentRunner.access$000(ParentRunner.java:50)
	at org.junit.runners.ParentRunner$2.evaluate(ParentRunner.java:222)
	at org.junit.runners.ParentRunner.run(ParentRunner.java:300)
	at org.junit.runner.JUnitCore.run(JUnitCore.java:157)
	at org.junit.runner.JUnitCore.run(JUnitCore.java:136)
	at edu.gmu.swe.flaky.sleepy.runner.SleepyTestRunner.main(SleepyTestRunner.java:68)

INFO:FromJava:FAILURE
INFO:FromJava:Failure:
INFO:FromJava:testConcurrentOperations(org.apache.ambari.server.agent.TestActionQueue)java.lang.AssertionError: expected:<159> but was:<161>
	at org.junit.Assert.fail(Assert.java:93)
	at org.junit.Assert.failNotEquals(Assert.java:647)
	at org.junit.Assert.assertEquals(Assert.java:128)
	at org.junit.Assert.assertEquals(Assert.java:472)
	at org.junit.Assert.assertEquals(Assert.java:456)
	at org.apache.ambari.server.agent.TestActionQueue.testConcurrentOperations(TestActionQueue.java:196)
	at sun.reflect.NativeMethodAccessorImpl.invoke0(Native Method)
	at sun.reflect.NativeMethodAccessorImpl.invoke(NativeMethodAccessorImpl.java:62)
	at sun.reflect.DelegatingMethodAccessorImpl.invoke(DelegatingMethodAccessorImpl.java:43)
	at java.lang.reflect.Method.invoke(Method.java:498)
	at org.junit.runners.model.FrameworkMethod$1.runReflectiveCall(FrameworkMethod.java:45)
	at org.junit.internal.runners.model.ReflectiveCallable.run(ReflectiveCallable.java:15)
	at org.junit.runners.model.FrameworkMethod.invokeExplosively(FrameworkMethod.java:42)
	at org.junit.internal.runners.statements.InvokeMethod.evaluate(InvokeMethod.java:20)
	at org.junit.runners.ParentRunner.runLeaf(ParentRunner.java:263)
	at org.junit.runners.BlockJUnit4ClassRunner.runChild(BlockJUnit4ClassRunner.java:68)
	at org.junit.runners.BlockJUnit4ClassRunner.runChild(BlockJUnit4ClassRunner.java:47)
	at org.junit.runners.ParentRunner$3.run(ParentRunner.java:231)
	at org.junit.runners.ParentRunner$1.schedule(ParentRunner.java:60)
	at org.junit.runners.ParentRunner.runChildren(ParentRunner.java:229)
	at org.junit.runners.ParentRunner.access$000(ParentRunner.java:50)
	at org.junit.runners.ParentRunner$2.evaluate(ParentRunner.java:222)
	at org.junit.runners.ParentRunner.run(ParentRunner.java:300)
	at org.junit.runner.JUnitCore.run(JUnitCore.java:157)
	at org.junit.runner.JUnitCore.run(JUnitCore.java:136)
	at edu.gmu.swe.flaky.sleepy.runner.SleepyTestRunner.main(SleepyTestRunner.java:68)

INFO:FromJava:FAILURE
INFO:FromJava:OK
INFO:FromJava:Failure:
INFO:FromJava:testConcurrentOperations(org.apache.ambari.server.agent.TestActionQueue)java.lang.AssertionError: expected:<121> but was:<132>
	at org.junit.Assert.fail(Assert.java:93)
	at org.junit.Assert.failNotEquals(Assert.java:647)
	at org.junit.Assert.assertEquals(Assert.java:128)
	at org.junit.Assert.assertEquals(Assert.java:472)
	at org.junit.Assert.assertEquals(Assert.java:456)
	at org.apache.ambari.server.agent.TestActionQueue.testConcurrentOperations(TestActionQueue.java:196)
	at sun.reflect.NativeMethodAccessorImpl.invoke0(Native Method)
	at sun.reflect.NativeMethodAccessorImpl.invoke(NativeMethodAccessorImpl.java:62)
	at sun.reflect.DelegatingMethodAccessorImpl.invoke(DelegatingMethodAccessorImpl.java:43)
	at java.lang.reflect.Method.invoke(Method.java:498)
	at org.junit.runners.model.FrameworkMethod$1.runReflectiveCall(FrameworkMethod.java:45)
	at org.junit.internal.runners.model.ReflectiveCallable.run(ReflectiveCallable.java:15)
	at org.junit.runners.model.FrameworkMethod.invokeExplosively(FrameworkMethod.java:42)
	at org.junit.internal.runners.statements.InvokeMethod.evaluate(InvokeMethod.java:20)
	at org.junit.runners.ParentRunner.runLeaf(ParentRunner.java:263)
	at org.junit.runners.BlockJUnit4ClassRunner.runChild(BlockJUnit4ClassRunner.java:68)
	at org.junit.runners.BlockJUnit4ClassRunner.runChild(BlockJUnit4ClassRunner.java:47)
	at org.junit.runners.ParentRunner$3.run(ParentRunner.java:231)
	at org.junit.runners.ParentRunner$1.schedule(ParentRunner.java:60)
	at org.junit.runners.ParentRunner.runChildren(ParentRunner.java:229)
	at org.junit.runners.ParentRunner.access$000(ParentRunner.java:50)
	at org.junit.runners.ParentRunner$2.evaluate(ParentRunner.java:222)
	at org.junit.runners.ParentRunner.run(ParentRunner.java:300)
	at org.junit.runner.JUnitCore.run(JUnitCore.java:157)
	at org.junit.runner.JUnitCore.run(JUnitCore.java:136)
	at edu.gmu.swe.flaky.sleepy.runner.SleepyTestRunner.main(SleepyTestRunner.java:68)

INFO:FromJava:FAILURE
INFO:FromJava:OK
INFO:FromJava:OK
INFO:FromJava:Failure:
INFO:FromJava:testConcurrentOperations(org.apache.ambari.server.agent.TestActionQueue)java.lang.AssertionError: expected:<0> but was:<2>
	at org.junit.Assert.fail(Assert.java:93)
	at org.junit.Assert.failNotEquals(Assert.java:647)
	at org.junit.Assert.assertEquals(Assert.java:128)
	at org.junit.Assert.assertEquals(Assert.java:472)
	at org.junit.Assert.assertEquals(Assert.java:456)
	at org.apache.ambari.server.agent.TestActionQueue.testConcurrentOperations(TestActionQueue.java:193)
	at sun.reflect.NativeMethodAccessorImpl.invoke0(Native Method)
	at sun.reflect.NativeMethodAccessorImpl.invoke(NativeMethodAccessorImpl.java:62)
	at sun.reflect.DelegatingMethodAccessorImpl.invoke(DelegatingMethodAccessorImpl.java:43)
	at java.lang.reflect.Method.invoke(Method.java:498)
	at org.junit.runners.model.FrameworkMethod$1.runReflectiveCall(FrameworkMethod.java:45)
	at org.junit.internal.runners.model.ReflectiveCallable.run(ReflectiveCallable.java:15)
	at org.junit.runners.model.FrameworkMethod.invokeExplosively(FrameworkMethod.java:42)
	at org.junit.internal.runners.statements.InvokeMethod.evaluate(InvokeMethod.java:20)
	at org.junit.runners.ParentRunner.runLeaf(ParentRunner.java:263)
	at org.junit.runners.BlockJUnit4ClassRunner.runChild(BlockJUnit4ClassRunner.java:68)
	at org.junit.runners.BlockJUnit4ClassRunner.runChild(BlockJUnit4ClassRunner.java:47)
	at org.junit.runners.ParentRunner$3.run(ParentRunner.java:231)
	at org.junit.runners.ParentRunner$1.schedule(ParentRunner.java:60)
	at org.junit.runners.ParentRunner.runChildren(ParentRunner.java:229)
	at org.junit.runners.ParentRunner.access$000(ParentRunner.java:50)
	at org.junit.runners.ParentRunner$2.evaluate(ParentRunner.java:222)
	at org.junit.runners.ParentRunner.run(ParentRunner.java:300)
	at org.junit.runner.JUnitCore.run(JUnitCore.java:157)
	at org.junit.runner.JUnitCore.run(JUnitCore.java:136)
	at edu.gmu.swe.flaky.sleepy.runner.SleepyTestRunner.main(SleepyTestRunner.java:68)

INFO:FromJava:FAILURE
INFO:FromJava:OK
INFO:FromJava:OK
INFO:FromJava:OK
INFO:FromJava:OK
INFO:FromJava:Failure:
INFO:FromJava:testConcurrentOperations(org.apache.ambari.server.agent.TestActionQueue)java.lang.AssertionError: expected:<136> but was:<152>
	at org.junit.Assert.fail(Assert.java:93)
	at org.junit.Assert.failNotEquals(Assert.java:647)
	at org.junit.Assert.assertEquals(Assert.java:128)
	at org.junit.Assert.assertEquals(Assert.java:472)
	at org.junit.Assert.assertEquals(Assert.java:456)
	at org.apache.ambari.server.agent.TestActionQueue.testConcurrentOperations(TestActionQueue.java:196)
	at sun.reflect.NativeMethodAccessorImpl.invoke0(Native Method)
	at sun.reflect.NativeMethodAccessorImpl.invoke(NativeMethodAccessorImpl.java:62)
	at sun.reflect.DelegatingMethodAccessorImpl.invoke(DelegatingMethodAccessorImpl.java:43)
	at java.lang.reflect.Method.invoke(Method.java:498)
	at org.junit.runners.model.FrameworkMethod$1.runReflectiveCall(FrameworkMethod.java:45)
	at org.junit.internal.runners.model.ReflectiveCallable.run(ReflectiveCallable.java:15)
	at org.junit.runners.model.FrameworkMethod.invokeExplosively(FrameworkMethod.java:42)
	at org.junit.internal.runners.statements.InvokeMethod.evaluate(InvokeMethod.java:20)
	at org.junit.runners.ParentRunner.runLeaf(ParentRunner.java:263)
	at org.junit.runners.BlockJUnit4ClassRunner.runChild(BlockJUnit4ClassRunner.java:68)
	at org.junit.runners.BlockJUnit4ClassRunner.runChild(BlockJUnit4ClassRunner.java:47)
	at org.junit.runners.ParentRunner$3.run(ParentRunner.java:231)
	at org.junit.runners.ParentRunner$1.schedule(ParentRunner.java:60)
	at org.junit.runners.ParentRunner.runChildren(ParentRunner.java:229)
	at org.junit.runners.ParentRunner.access$000(ParentRunner.java:50)
	at org.junit.runners.ParentRunner$2.evaluate(ParentRunner.java:222)
	at org.junit.runners.ParentRunner.run(ParentRunner.java:300)
	at org.junit.runner.JUnitCore.run(JUnitCore.java:157)
	at org.junit.runner.JUnitCore.run(JUnitCore.java:136)
	at edu.gmu.swe.flaky.sleepy.runner.SleepyTestRunner.main(SleepyTestRunner.java:68)

INFO:FromJava:FAILURE
INFO:FromJava:Failure:
INFO:FromJava:testConcurrentOperations(org.apache.ambari.server.agent.TestActionQueue)java.lang.AssertionError: expected:<196> but was:<197>
	at org.junit.Assert.fail(Assert.java:93)
	at org.junit.Assert.failNotEquals(Assert.java:647)
	at org.junit.Assert.assertEquals(Assert.java:128)
	at org.junit.Assert.assertEquals(Assert.java:472)
	at org.junit.Assert.assertEquals(Assert.java:456)
	at org.apache.ambari.server.agent.TestActionQueue.testConcurrentOperations(TestActionQueue.java:196)
	at sun.reflect.NativeMethodAccessorImpl.invoke0(Native Method)
	at sun.reflect.NativeMethodAccessorImpl.invoke(NativeMethodAccessorImpl.java:62)
	at sun.reflect.DelegatingMethodAccessorImpl.invoke(DelegatingMethodAccessorImpl.java:43)
	at java.lang.reflect.Method.invoke(Method.java:498)
	at org.junit.runners.model.FrameworkMethod$1.runReflectiveCall(FrameworkMethod.java:45)
	at org.junit.internal.runners.model.ReflectiveCallable.run(ReflectiveCallable.java:15)
	at org.junit.runners.model.FrameworkMethod.invokeExplosively(FrameworkMethod.java:42)
	at org.junit.internal.runners.statements.InvokeMethod.evaluate(InvokeMethod.java:20)
	at org.junit.runners.ParentRunner.runLeaf(ParentRunner.java:263)
	at org.junit.runners.BlockJUnit4ClassRunner.runChild(BlockJUnit4ClassRunner.java:68)
	at org.junit.runners.BlockJUnit4ClassRunner.runChild(BlockJUnit4ClassRunner.java:47)
	at org.junit.runners.ParentRunner$3.run(ParentRunner.java:231)
	at org.junit.runners.ParentRunner$1.schedule(ParentRunner.java:60)
	at org.junit.runners.ParentRunner.runChildren(ParentRunner.java:229)
	at org.junit.runners.ParentRunner.access$000(ParentRunner.java:50)
	at org.junit.runners.ParentRunner$2.evaluate(ParentRunner.java:222)
	at org.junit.runners.ParentRunner.run(ParentRunner.java:300)
	at org.junit.runner.JUnitCore.run(JUnitCore.java:157)
	at org.junit.runner.JUnitCore.run(JUnitCore.java:136)
	at edu.gmu.swe.flaky.sleepy.runner.SleepyTestRunner.main(SleepyTestRunner.java:68)

INFO:FromJava:FAILURE
INFO:FromJava:OK
INFO:FromJava:OK
INFO:FromJava:OK
INFO:FromJava:OK
INFO:FromJava:Failure:
INFO:FromJava:testConcurrentOperations(org.apache.ambari.server.agent.TestActionQueue)java.lang.AssertionError: expected:<202> but was:<203>
	at org.junit.Assert.fail(Assert.java:93)
	at org.junit.Assert.failNotEquals(Assert.java:647)
	at org.junit.Assert.assertEquals(Assert.java:128)
	at org.junit.Assert.assertEquals(Assert.java:472)
	at org.junit.Assert.assertEquals(Assert.java:456)
	at org.apache.ambari.server.agent.TestActionQueue.testConcurrentOperations(TestActionQueue.java:196)
	at sun.reflect.NativeMethodAccessorImpl.invoke0(Native Method)
	at sun.reflect.NativeMethodAccessorImpl.invoke(NativeMethodAccessorImpl.java:62)
	at sun.reflect.DelegatingMethodAccessorImpl.invoke(DelegatingMethodAccessorImpl.java:43)
	at java.lang.reflect.Method.invoke(Method.java:498)
	at org.junit.runners.model.FrameworkMethod$1.runReflectiveCall(FrameworkMethod.java:45)
	at org.junit.internal.runners.model.ReflectiveCallable.run(ReflectiveCallable.java:15)
	at org.junit.runners.model.FrameworkMethod.invokeExplosively(FrameworkMethod.java:42)
	at org.junit.internal.runners.statements.InvokeMethod.evaluate(InvokeMethod.java:20)
	at org.junit.runners.ParentRunner.runLeaf(ParentRunner.java:263)
	at org.junit.runners.BlockJUnit4ClassRunner.runChild(BlockJUnit4ClassRunner.java:68)
	at org.junit.runners.BlockJUnit4ClassRunner.runChild(BlockJUnit4ClassRunner.java:47)
	at org.junit.runners.ParentRunner$3.run(ParentRunner.java:231)
	at org.junit.runners.ParentRunner$1.schedule(ParentRunner.java:60)
	at org.junit.runners.ParentRunner.runChildren(ParentRunner.java:229)
	at org.junit.runners.ParentRunner.access$000(ParentRunner.java:50)
	at org.junit.runners.ParentRunner$2.evaluate(ParentRunner.java:222)
	at org.junit.runners.ParentRunner.run(ParentRunner.java:300)
	at org.junit.runner.JUnitCore.run(JUnitCore.java:157)
	at org.junit.runner.JUnitCore.run(JUnitCore.java:136)
	at edu.gmu.swe.flaky.sleepy.runner.SleepyTestRunner.main(SleepyTestRunner.java:68)

INFO:FromJava:FAILURE
INFO:FromJava:Failure:
INFO:FromJava:testConcurrentOperations(org.apache.ambari.server.agent.TestActionQueue)java.lang.AssertionError: expected:<144> but was:<149>
	at org.junit.Assert.fail(Assert.java:93)
	at org.junit.Assert.failNotEquals(Assert.java:647)
	at org.junit.Assert.assertEquals(Assert.java:128)
	at org.junit.Assert.assertEquals(Assert.java:472)
	at org.junit.Assert.assertEquals(Assert.java:456)
	at org.apache.ambari.server.agent.TestActionQueue.testConcurrentOperations(TestActionQueue.java:196)
	at sun.reflect.NativeMethodAccessorImpl.invoke0(Native Method)
	at sun.reflect.NativeMethodAccessorImpl.invoke(NativeMethodAccessorImpl.java:62)
	at sun.reflect.DelegatingMethodAccessorImpl.invoke(DelegatingMethodAccessorImpl.java:43)
	at java.lang.reflect.Method.invoke(Method.java:498)
	at org.junit.runners.model.FrameworkMethod$1.runReflectiveCall(FrameworkMethod.java:45)
	at org.junit.internal.runners.model.ReflectiveCallable.run(ReflectiveCallable.java:15)
	at org.junit.runners.model.FrameworkMethod.invokeExplosively(FrameworkMethod.java:42)
	at org.junit.internal.runners.statements.InvokeMethod.evaluate(InvokeMethod.java:20)
	at org.junit.runners.ParentRunner.runLeaf(ParentRunner.java:263)
	at org.junit.runners.BlockJUnit4ClassRunner.runChild(BlockJUnit4ClassRunner.java:68)
	at org.junit.runners.BlockJUnit4ClassRunner.runChild(BlockJUnit4ClassRunner.java:47)
	at org.junit.runners.ParentRunner$3.run(ParentRunner.java:231)
	at org.junit.runners.ParentRunner$1.schedule(ParentRunner.java:60)
	at org.junit.runners.ParentRunner.runChildren(ParentRunner.java:229)
	at org.junit.runners.ParentRunner.access$000(ParentRunner.java:50)
	at org.junit.runners.ParentRunner$2.evaluate(ParentRunner.java:222)
	at org.junit.runners.ParentRunner.run(ParentRunner.java:300)
	at org.junit.runner.JUnitCore.run(JUnitCore.java:157)
	at org.junit.runner.JUnitCore.run(JUnitCore.java:136)
	at edu.gmu.swe.flaky.sleepy.runner.SleepyTestRunner.main(SleepyTestRunner.java:68)

INFO:FromJava:FAILURE
INFO:FromJava:Failure:
INFO:FromJava:testConcurrentOperations(org.apache.ambari.server.agent.TestActionQueue)java.lang.AssertionError: expected:<149> but was:<164>
	at org.junit.Assert.fail(Assert.java:93)
	at org.junit.Assert.failNotEquals(Assert.java:647)
	at org.junit.Assert.assertEquals(Assert.java:128)
	at org.junit.Assert.assertEquals(Assert.java:472)
	at org.junit.Assert.assertEquals(Assert.java:456)
	at org.apache.ambari.server.agent.TestActionQueue.testConcurrentOperations(TestActionQueue.java:196)
	at sun.reflect.NativeMethodAccessorImpl.invoke0(Native Method)
	at sun.reflect.NativeMethodAccessorImpl.invoke(NativeMethodAccessorImpl.java:62)
	at sun.reflect.DelegatingMethodAccessorImpl.invoke(DelegatingMethodAccessorImpl.java:43)
	at java.lang.reflect.Method.invoke(Method.java:498)
	at org.junit.runners.model.FrameworkMethod$1.runReflectiveCall(FrameworkMethod.java:45)
	at org.junit.internal.runners.model.ReflectiveCallable.run(ReflectiveCallable.java:15)
	at org.junit.runners.model.FrameworkMethod.invokeExplosively(FrameworkMethod.java:42)
	at org.junit.internal.runners.statements.InvokeMethod.evaluate(InvokeMethod.java:20)
	at org.junit.runners.ParentRunner.runLeaf(ParentRunner.java:263)
	at org.junit.runners.BlockJUnit4ClassRunner.runChild(BlockJUnit4ClassRunner.java:68)
	at org.junit.runners.BlockJUnit4ClassRunner.runChild(BlockJUnit4ClassRunner.java:47)
	at org.junit.runners.ParentRunner$3.run(ParentRunner.java:231)
	at org.junit.runners.ParentRunner$1.schedule(ParentRunner.java:60)
	at org.junit.runners.ParentRunner.runChildren(ParentRunner.java:229)
	at org.junit.runners.ParentRunner.access$000(ParentRunner.java:50)
	at org.junit.runners.ParentRunner$2.evaluate(ParentRunner.java:222)
	at org.junit.runners.ParentRunner.run(ParentRunner.java:300)
	at org.junit.runner.JUnitCore.run(JUnitCore.java:157)
	at org.junit.runner.JUnitCore.run(JUnitCore.java:136)
	at edu.gmu.swe.flaky.sleepy.runner.SleepyTestRunner.main(SleepyTestRunner.java:68)

INFO:FromJava:FAILURE
INFO:FromJava:OK
INFO:FromJava:Failure:
INFO:FromJava:testConcurrentOperations(org.apache.ambari.server.agent.TestActionQueue)java.lang.AssertionError: expected:<0> but was:<1>
	at org.junit.Assert.fail(Assert.java:93)
	at org.junit.Assert.failNotEquals(Assert.java:647)
	at org.junit.Assert.assertEquals(Assert.java:128)
	at org.junit.Assert.assertEquals(Assert.java:472)
	at org.junit.Assert.assertEquals(Assert.java:456)
	at org.apache.ambari.server.agent.TestActionQueue.testConcurrentOperations(TestActionQueue.java:193)
	at sun.reflect.NativeMethodAccessorImpl.invoke0(Native Method)
	at sun.reflect.NativeMethodAccessorImpl.invoke(NativeMethodAccessorImpl.java:62)
	at sun.reflect.DelegatingMethodAccessorImpl.invoke(DelegatingMethodAccessorImpl.java:43)
	at java.lang.reflect.Method.invoke(Method.java:498)
	at org.junit.runners.model.FrameworkMethod$1.runReflectiveCall(FrameworkMethod.java:45)
	at org.junit.internal.runners.model.ReflectiveCallable.run(ReflectiveCallable.java:15)
	at org.junit.runners.model.FrameworkMethod.invokeExplosively(FrameworkMethod.java:42)
	at org.junit.internal.runners.statements.InvokeMethod.evaluate(InvokeMethod.java:20)
	at org.junit.runners.ParentRunner.runLeaf(ParentRunner.java:263)
	at org.junit.runners.BlockJUnit4ClassRunner.runChild(BlockJUnit4ClassRunner.java:68)
	at org.junit.runners.BlockJUnit4ClassRunner.runChild(BlockJUnit4ClassRunner.java:47)
	at org.junit.runners.ParentRunner$3.run(ParentRunner.java:231)
	at org.junit.runners.ParentRunner$1.schedule(ParentRunner.java:60)
	at org.junit.runners.ParentRunner.runChildren(ParentRunner.java:229)
	at org.junit.runners.ParentRunner.access$000(ParentRunner.java:50)
	at org.junit.runners.ParentRunner$2.evaluate(ParentRunner.java:222)
	at org.junit.runners.ParentRunner.run(ParentRunner.java:300)
	at org.junit.runner.JUnitCore.run(JUnitCore.java:157)
	at org.junit.runner.JUnitCore.run(JUnitCore.java:136)
	at edu.gmu.swe.flaky.sleepy.runner.SleepyTestRunner.main(SleepyTestRunner.java:68)

INFO:FromJava:FAILURE
INFO:FromJava:OK
INFO:FromJava:Failure:
INFO:FromJava:testConcurrentOperations(org.apache.ambari.server.agent.TestActionQueue)java.lang.AssertionError: expected:<128> but was:<129>
	at org.junit.Assert.fail(Assert.java:93)
	at org.junit.Assert.failNotEquals(Assert.java:647)
	at org.junit.Assert.assertEquals(Assert.java:128)
	at org.junit.Assert.assertEquals(Assert.java:472)
	at org.junit.Assert.assertEquals(Assert.java:456)
	at org.apache.ambari.server.agent.TestActionQueue.testConcurrentOperations(TestActionQueue.java:196)
	at sun.reflect.NativeMethodAccessorImpl.invoke0(Native Method)
	at sun.reflect.NativeMethodAccessorImpl.invoke(NativeMethodAccessorImpl.java:62)
	at sun.reflect.DelegatingMethodAccessorImpl.invoke(DelegatingMethodAccessorImpl.java:43)
	at java.lang.reflect.Method.invoke(Method.java:498)
	at org.junit.runners.model.FrameworkMethod$1.runReflectiveCall(FrameworkMethod.java:45)
	at org.junit.internal.runners.model.ReflectiveCallable.run(ReflectiveCallable.java:15)
	at org.junit.runners.model.FrameworkMethod.invokeExplosively(FrameworkMethod.java:42)
	at org.junit.internal.runners.statements.InvokeMethod.evaluate(InvokeMethod.java:20)
	at org.junit.runners.ParentRunner.runLeaf(ParentRunner.java:263)
	at org.junit.runners.BlockJUnit4ClassRunner.runChild(BlockJUnit4ClassRunner.java:68)
	at org.junit.runners.BlockJUnit4ClassRunner.runChild(BlockJUnit4ClassRunner.java:47)
	at org.junit.runners.ParentRunner$3.run(ParentRunner.java:231)
	at org.junit.runners.ParentRunner$1.schedule(ParentRunner.java:60)
	at org.junit.runners.ParentRunner.runChildren(ParentRunner.java:229)
	at org.junit.runners.ParentRunner.access$000(ParentRunner.java:50)
	at org.junit.runners.ParentRunner$2.evaluate(ParentRunner.java:222)
	at org.junit.runners.ParentRunner.run(ParentRunner.java:300)
	at org.junit.runner.JUnitCore.run(JUnitCore.java:157)
	at org.junit.runner.JUnitCore.run(JUnitCore.java:136)
	at edu.gmu.swe.flaky.sleepy.runner.SleepyTestRunner.main(SleepyTestRunner.java:68)

INFO:FromJava:FAILURE
INFO:FromJava:OK
INFO:FromJava:OK
INFO:FromJava:OK
INFO:FromJava:OK
INFO:FromJava:Failure:
INFO:FromJava:testConcurrentOperations(org.apache.ambari.server.agent.TestActionQueue)java.lang.AssertionError: expected:<117> but was:<118>
	at org.junit.Assert.fail(Assert.java:93)
	at org.junit.Assert.failNotEquals(Assert.java:647)
	at org.junit.Assert.assertEquals(Assert.java:128)
	at org.junit.Assert.assertEquals(Assert.java:472)
	at org.junit.Assert.assertEquals(Assert.java:456)
	at org.apache.ambari.server.agent.TestActionQueue.testConcurrentOperations(TestActionQueue.java:196)
	at sun.reflect.NativeMethodAccessorImpl.invoke0(Native Method)
	at sun.reflect.NativeMethodAccessorImpl.invoke(NativeMethodAccessorImpl.java:62)
	at sun.reflect.DelegatingMethodAccessorImpl.invoke(DelegatingMethodAccessorImpl.java:43)
	at java.lang.reflect.Method.invoke(Method.java:498)
	at org.junit.runners.model.FrameworkMethod$1.runReflectiveCall(FrameworkMethod.java:45)
	at org.junit.internal.runners.model.ReflectiveCallable.run(ReflectiveCallable.java:15)
	at org.junit.runners.model.FrameworkMethod.invokeExplosively(FrameworkMethod.java:42)
	at org.junit.internal.runners.statements.InvokeMethod.evaluate(InvokeMethod.java:20)
	at org.junit.runners.ParentRunner.runLeaf(ParentRunner.java:263)
	at org.junit.runners.BlockJUnit4ClassRunner.runChild(BlockJUnit4ClassRunner.java:68)
	at org.junit.runners.BlockJUnit4ClassRunner.runChild(BlockJUnit4ClassRunner.java:47)
	at org.junit.runners.ParentRunner$3.run(ParentRunner.java:231)
	at org.junit.runners.ParentRunner$1.schedule(ParentRunner.java:60)
	at org.junit.runners.ParentRunner.runChildren(ParentRunner.java:229)
	at org.junit.runners.ParentRunner.access$000(ParentRunner.java:50)
	at org.junit.runners.ParentRunner$2.evaluate(ParentRunner.java:222)
	at org.junit.runners.ParentRunner.run(ParentRunner.java:300)
	at org.junit.runner.JUnitCore.run(JUnitCore.java:157)
	at org.junit.runner.JUnitCore.run(JUnitCore.java:136)
	at edu.gmu.swe.flaky.sleepy.runner.SleepyTestRunner.main(SleepyTestRunner.java:68)

INFO:FromJava:FAILURE
INFO:FromJava:OK
INFO:FromJava:Failure:
INFO:FromJava:testConcurrentOperations(org.apache.ambari.server.agent.TestActionQueue)java.lang.AssertionError: expected:<163> but was:<165>
	at org.junit.Assert.fail(Assert.java:93)
	at org.junit.Assert.failNotEquals(Assert.java:647)
	at org.junit.Assert.assertEquals(Assert.java:128)
	at org.junit.Assert.assertEquals(Assert.java:472)
	at org.junit.Assert.assertEquals(Assert.java:456)
	at org.apache.ambari.server.agent.TestActionQueue.testConcurrentOperations(TestActionQueue.java:196)
	at sun.reflect.NativeMethodAccessorImpl.invoke0(Native Method)
	at sun.reflect.NativeMethodAccessorImpl.invoke(NativeMethodAccessorImpl.java:62)
	at sun.reflect.DelegatingMethodAccessorImpl.invoke(DelegatingMethodAccessorImpl.java:43)
	at java.lang.reflect.Method.invoke(Method.java:498)
	at org.junit.runners.model.FrameworkMethod$1.runReflectiveCall(FrameworkMethod.java:45)
	at org.junit.internal.runners.model.ReflectiveCallable.run(ReflectiveCallable.java:15)
	at org.junit.runners.model.FrameworkMethod.invokeExplosively(FrameworkMethod.java:42)
	at org.junit.internal.runners.statements.InvokeMethod.evaluate(InvokeMethod.java:20)
	at org.junit.runners.ParentRunner.runLeaf(ParentRunner.java:263)
	at org.junit.runners.BlockJUnit4ClassRunner.runChild(BlockJUnit4ClassRunner.java:68)
	at org.junit.runners.BlockJUnit4ClassRunner.runChild(BlockJUnit4ClassRunner.java:47)
	at org.junit.runners.ParentRunner$3.run(ParentRunner.java:231)
	at org.junit.runners.ParentRunner$1.schedule(ParentRunner.java:60)
	at org.junit.runners.ParentRunner.runChildren(ParentRunner.java:229)
	at org.junit.runners.ParentRunner.access$000(ParentRunner.java:50)
	at org.junit.runners.ParentRunner$2.evaluate(ParentRunner.java:222)
	at org.junit.runners.ParentRunner.run(ParentRunner.java:300)
	at org.junit.runner.JUnitCore.run(JUnitCore.java:157)
	at org.junit.runner.JUnitCore.run(JUnitCore.java:136)
	at edu.gmu.swe.flaky.sleepy.runner.SleepyTestRunner.main(SleepyTestRunner.java:68)

INFO:FromJava:FAILURE
INFO:FromJava:OK
INFO:FromJava:Failure:
INFO:FromJava:testConcurrentOperations(org.apache.ambari.server.agent.TestActionQueue)java.lang.AssertionError: expected:<105> but was:<117>
	at org.junit.Assert.fail(Assert.java:93)
	at org.junit.Assert.failNotEquals(Assert.java:647)
	at org.junit.Assert.assertEquals(Assert.java:128)
	at org.junit.Assert.assertEquals(Assert.java:472)
	at org.junit.Assert.assertEquals(Assert.java:456)
	at org.apache.ambari.server.agent.TestActionQueue.testConcurrentOperations(TestActionQueue.java:196)
	at sun.reflect.NativeMethodAccessorImpl.invoke0(Native Method)
	at sun.reflect.NativeMethodAccessorImpl.invoke(NativeMethodAccessorImpl.java:62)
	at sun.reflect.DelegatingMethodAccessorImpl.invoke(DelegatingMethodAccessorImpl.java:43)
	at java.lang.reflect.Method.invoke(Method.java:498)
	at org.junit.runners.model.FrameworkMethod$1.runReflectiveCall(FrameworkMethod.java:45)
	at org.junit.internal.runners.model.ReflectiveCallable.run(ReflectiveCallable.java:15)
	at org.junit.runners.model.FrameworkMethod.invokeExplosively(FrameworkMethod.java:42)
	at org.junit.internal.runners.statements.InvokeMethod.evaluate(InvokeMethod.java:20)
	at org.junit.runners.ParentRunner.runLeaf(ParentRunner.java:263)
	at org.junit.runners.BlockJUnit4ClassRunner.runChild(BlockJUnit4ClassRunner.java:68)
	at org.junit.runners.BlockJUnit4ClassRunner.runChild(BlockJUnit4ClassRunner.java:47)
	at org.junit.runners.ParentRunner$3.run(ParentRunner.java:231)
	at org.junit.runners.ParentRunner$1.schedule(ParentRunner.java:60)
	at org.junit.runners.ParentRunner.runChildren(ParentRunner.java:229)
	at org.junit.runners.ParentRunner.access$000(ParentRunner.java:50)
	at org.junit.runners.ParentRunner$2.evaluate(ParentRunner.java:222)
	at org.junit.runners.ParentRunner.run(ParentRunner.java:300)
	at org.junit.runner.JUnitCore.run(JUnitCore.java:157)
	at org.junit.runner.JUnitCore.run(JUnitCore.java:136)
	at edu.gmu.swe.flaky.sleepy.runner.SleepyTestRunner.main(SleepyTestRunner.java:68)

INFO:FromJava:FAILURE
INFO:FromJava:Failure:
INFO:FromJava:testConcurrentOperations(org.apache.ambari.server.agent.TestActionQueue)java.lang.AssertionError: expected:<298> but was:<299>
	at org.junit.Assert.fail(Assert.java:93)
	at org.junit.Assert.failNotEquals(Assert.java:647)
	at org.junit.Assert.assertEquals(Assert.java:128)
	at org.junit.Assert.assertEquals(Assert.java:472)
	at org.junit.Assert.assertEquals(Assert.java:456)
	at org.apache.ambari.server.agent.TestActionQueue.testConcurrentOperations(TestActionQueue.java:196)
	at sun.reflect.NativeMethodAccessorImpl.invoke0(Native Method)
	at sun.reflect.NativeMethodAccessorImpl.invoke(NativeMethodAccessorImpl.java:62)
	at sun.reflect.DelegatingMethodAccessorImpl.invoke(DelegatingMethodAccessorImpl.java:43)
	at java.lang.reflect.Method.invoke(Method.java:498)
	at org.junit.runners.model.FrameworkMethod$1.runReflectiveCall(FrameworkMethod.java:45)
	at org.junit.internal.runners.model.ReflectiveCallable.run(ReflectiveCallable.java:15)
	at org.junit.runners.model.FrameworkMethod.invokeExplosively(FrameworkMethod.java:42)
	at org.junit.internal.runners.statements.InvokeMethod.evaluate(InvokeMethod.java:20)
	at org.junit.runners.ParentRunner.runLeaf(ParentRunner.java:263)
	at org.junit.runners.BlockJUnit4ClassRunner.runChild(BlockJUnit4ClassRunner.java:68)
	at org.junit.runners.BlockJUnit4ClassRunner.runChild(BlockJUnit4ClassRunner.java:47)
	at org.junit.runners.ParentRunner$3.run(ParentRunner.java:231)
	at org.junit.runners.ParentRunner$1.schedule(ParentRunner.java:60)
	at org.junit.runners.ParentRunner.runChildren(ParentRunner.java:229)
	at org.junit.runners.ParentRunner.access$000(ParentRunner.java:50)
	at org.junit.runners.ParentRunner$2.evaluate(ParentRunner.java:222)
	at org.junit.runners.ParentRunner.run(ParentRunner.java:300)
	at org.junit.runner.JUnitCore.run(JUnitCore.java:157)
	at org.junit.runner.JUnitCore.run(JUnitCore.java:136)
	at edu.gmu.swe.flaky.sleepy.runner.SleepyTestRunner.main(SleepyTestRunner.java:68)

INFO:FromJava:FAILURE
INFO:FromJava:Failure:
INFO:FromJava:testConcurrentOperations(org.apache.ambari.server.agent.TestActionQueue)java.lang.AssertionError: expected:<250> but was:<251>
	at org.junit.Assert.fail(Assert.java:93)
	at org.junit.Assert.failNotEquals(Assert.java:647)
	at org.junit.Assert.assertEquals(Assert.java:128)
	at org.junit.Assert.assertEquals(Assert.java:472)
	at org.junit.Assert.assertEquals(Assert.java:456)
	at org.apache.ambari.server.agent.TestActionQueue.testConcurrentOperations(TestActionQueue.java:196)
	at sun.reflect.NativeMethodAccessorImpl.invoke0(Native Method)
	at sun.reflect.NativeMethodAccessorImpl.invoke(NativeMethodAccessorImpl.java:62)
	at sun.reflect.DelegatingMethodAccessorImpl.invoke(DelegatingMethodAccessorImpl.java:43)
	at java.lang.reflect.Method.invoke(Method.java:498)
	at org.junit.runners.model.FrameworkMethod$1.runReflectiveCall(FrameworkMethod.java:45)
	at org.junit.internal.runners.model.ReflectiveCallable.run(ReflectiveCallable.java:15)
	at org.junit.runners.model.FrameworkMethod.invokeExplosively(FrameworkMethod.java:42)
	at org.junit.internal.runners.statements.InvokeMethod.evaluate(InvokeMethod.java:20)
	at org.junit.runners.ParentRunner.runLeaf(ParentRunner.java:263)
	at org.junit.runners.BlockJUnit4ClassRunner.runChild(BlockJUnit4ClassRunner.java:68)
	at org.junit.runners.BlockJUnit4ClassRunner.runChild(BlockJUnit4ClassRunner.java:47)
	at org.junit.runners.ParentRunner$3.run(ParentRunner.java:231)
	at org.junit.runners.ParentRunner$1.schedule(ParentRunner.java:60)
	at org.junit.runners.ParentRunner.runChildren(ParentRunner.java:229)
	at org.junit.runners.ParentRunner.access$000(ParentRunner.java:50)
	at org.junit.runners.ParentRunner$2.evaluate(ParentRunner.java:222)
	at org.junit.runners.ParentRunner.run(ParentRunner.java:300)
	at org.junit.runner.JUnitCore.run(JUnitCore.java:157)
	at org.junit.runner.JUnitCore.run(JUnitCore.java:136)
	at edu.gmu.swe.flaky.sleepy.runner.SleepyTestRunner.main(SleepyTestRunner.java:68)

INFO:FromJava:FAILURE
INFO:FromJava:OK
INFO:FromJava:Failure:
INFO:FromJava:testConcurrentOperations(org.apache.ambari.server.agent.TestActionQueue)java.lang.AssertionError: expected:<0> but was:<4>
	at org.junit.Assert.fail(Assert.java:93)
	at org.junit.Assert.failNotEquals(Assert.java:647)
	at org.junit.Assert.assertEquals(Assert.java:128)
	at org.junit.Assert.assertEquals(Assert.java:472)
	at org.junit.Assert.assertEquals(Assert.java:456)
	at org.apache.ambari.server.agent.TestActionQueue.testConcurrentOperations(TestActionQueue.java:193)
	at sun.reflect.NativeMethodAccessorImpl.invoke0(Native Method)
	at sun.reflect.NativeMethodAccessorImpl.invoke(NativeMethodAccessorImpl.java:62)
	at sun.reflect.DelegatingMethodAccessorImpl.invoke(DelegatingMethodAccessorImpl.java:43)
	at java.lang.reflect.Method.invoke(Method.java:498)
	at org.junit.runners.model.FrameworkMethod$1.runReflectiveCall(FrameworkMethod.java:45)
	at org.junit.internal.runners.model.ReflectiveCallable.run(ReflectiveCallable.java:15)
	at org.junit.runners.model.FrameworkMethod.invokeExplosively(FrameworkMethod.java:42)
	at org.junit.internal.runners.statements.InvokeMethod.evaluate(InvokeMethod.java:20)
	at org.junit.runners.ParentRunner.runLeaf(ParentRunner.java:263)
	at org.junit.runners.BlockJUnit4ClassRunner.runChild(BlockJUnit4ClassRunner.java:68)
	at org.junit.runners.BlockJUnit4ClassRunner.runChild(BlockJUnit4ClassRunner.java:47)
	at org.junit.runners.ParentRunner$3.run(ParentRunner.java:231)
	at org.junit.runners.ParentRunner$1.schedule(ParentRunner.java:60)
	at org.junit.runners.ParentRunner.runChildren(ParentRunner.java:229)
	at org.junit.runners.ParentRunner.access$000(ParentRunner.java:50)
	at org.junit.runners.ParentRunner$2.evaluate(ParentRunner.java:222)
	at org.junit.runners.ParentRunner.run(ParentRunner.java:300)
	at org.junit.runner.JUnitCore.run(JUnitCore.java:157)
	at org.junit.runner.JUnitCore.run(JUnitCore.java:136)
	at edu.gmu.swe.flaky.sleepy.runner.SleepyTestRunner.main(SleepyTestRunner.java:68)

INFO:FromJava:FAILURE
INFO:FromJava:OK
INFO:FromJava:OK
INFO:FromJava:OK
INFO:FromJava:Failure:
INFO:FromJava:testConcurrentOperations(org.apache.ambari.server.agent.TestActionQueue)java.lang.AssertionError: expected:<0> but was:<7>
	at org.junit.Assert.fail(Assert.java:93)
	at org.junit.Assert.failNotEquals(Assert.java:647)
	at org.junit.Assert.assertEquals(Assert.java:128)
	at org.junit.Assert.assertEquals(Assert.java:472)
	at org.junit.Assert.assertEquals(Assert.java:456)
	at org.apache.ambari.server.agent.TestActionQueue.testConcurrentOperations(TestActionQueue.java:193)
	at sun.reflect.NativeMethodAccessorImpl.invoke0(Native Method)
	at sun.reflect.NativeMethodAccessorImpl.invoke(NativeMethodAccessorImpl.java:62)
	at sun.reflect.DelegatingMethodAccessorImpl.invoke(DelegatingMethodAccessorImpl.java:43)
	at java.lang.reflect.Method.invoke(Method.java:498)
	at org.junit.runners.model.FrameworkMethod$1.runReflectiveCall(FrameworkMethod.java:45)
	at org.junit.internal.runners.model.ReflectiveCallable.run(ReflectiveCallable.java:15)
	at org.junit.runners.model.FrameworkMethod.invokeExplosively(FrameworkMethod.java:42)
	at org.junit.internal.runners.statements.InvokeMethod.evaluate(InvokeMethod.java:20)
	at org.junit.runners.ParentRunner.runLeaf(ParentRunner.java:263)
	at org.junit.runners.BlockJUnit4ClassRunner.runChild(BlockJUnit4ClassRunner.java:68)
	at org.junit.runners.BlockJUnit4ClassRunner.runChild(BlockJUnit4ClassRunner.java:47)
	at org.junit.runners.ParentRunner$3.run(ParentRunner.java:231)
	at org.junit.runners.ParentRunner$1.schedule(ParentRunner.java:60)
	at org.junit.runners.ParentRunner.runChildren(ParentRunner.java:229)
	at org.junit.runners.ParentRunner.access$000(ParentRunner.java:50)
	at org.junit.runners.ParentRunner$2.evaluate(ParentRunner.java:222)
	at org.junit.runners.ParentRunner.run(ParentRunner.java:300)
	at org.junit.runner.JUnitCore.run(JUnitCore.java:157)
	at org.junit.runner.JUnitCore.run(JUnitCore.java:136)
	at edu.gmu.swe.flaky.sleepy.runner.SleepyTestRunner.main(SleepyTestRunner.java:68)

INFO:FromJava:FAILURE
INFO:FromJava:Failure:
INFO:FromJava:testConcurrentOperations(org.apache.ambari.server.agent.TestActionQueue)java.lang.AssertionError: expected:<0> but was:<1>
	at org.junit.Assert.fail(Assert.java:93)
	at org.junit.Assert.failNotEquals(Assert.java:647)
	at org.junit.Assert.assertEquals(Assert.java:128)
	at org.junit.Assert.assertEquals(Assert.java:472)
	at org.junit.Assert.assertEquals(Assert.java:456)
	at org.apache.ambari.server.agent.TestActionQueue.testConcurrentOperations(TestActionQueue.java:193)
	at sun.reflect.NativeMethodAccessorImpl.invoke0(Native Method)
	at sun.reflect.NativeMethodAccessorImpl.invoke(NativeMethodAccessorImpl.java:62)
	at sun.reflect.DelegatingMethodAccessorImpl.invoke(DelegatingMethodAccessorImpl.java:43)
	at java.lang.reflect.Method.invoke(Method.java:498)
	at org.junit.runners.model.FrameworkMethod$1.runReflectiveCall(FrameworkMethod.java:45)
	at org.junit.internal.runners.model.ReflectiveCallable.run(ReflectiveCallable.java:15)
	at org.junit.runners.model.FrameworkMethod.invokeExplosively(FrameworkMethod.java:42)
	at org.junit.internal.runners.statements.InvokeMethod.evaluate(InvokeMethod.java:20)
	at org.junit.runners.ParentRunner.runLeaf(ParentRunner.java:263)
	at org.junit.runners.BlockJUnit4ClassRunner.runChild(BlockJUnit4ClassRunner.java:68)
	at org.junit.runners.BlockJUnit4ClassRunner.runChild(BlockJUnit4ClassRunner.java:47)
	at org.junit.runners.ParentRunner$3.run(ParentRunner.java:231)
	at org.junit.runners.ParentRunner$1.schedule(ParentRunner.java:60)
	at org.junit.runners.ParentRunner.runChildren(ParentRunner.java:229)
	at org.junit.runners.ParentRunner.access$000(ParentRunner.java:50)
	at org.junit.runners.ParentRunner$2.evaluate(ParentRunner.java:222)
	at org.junit.runners.ParentRunner.run(ParentRunner.java:300)
	at org.junit.runner.JUnitCore.run(JUnitCore.java:157)
	at org.junit.runner.JUnitCore.run(JUnitCore.java:136)
	at edu.gmu.swe.flaky.sleepy.runner.SleepyTestRunner.main(SleepyTestRunner.java:68)

INFO:FromJava:FAILURE
INFO:FromJava:Failure:
INFO:FromJava:testConcurrentOperations(org.apache.ambari.server.agent.TestActionQueue)java.lang.AssertionError: expected:<275> but was:<277>
	at org.junit.Assert.fail(Assert.java:93)
	at org.junit.Assert.failNotEquals(Assert.java:647)
	at org.junit.Assert.assertEquals(Assert.java:128)
	at org.junit.Assert.assertEquals(Assert.java:472)
	at org.junit.Assert.assertEquals(Assert.java:456)
	at org.apache.ambari.server.agent.TestActionQueue.testConcurrentOperations(TestActionQueue.java:196)
	at sun.reflect.NativeMethodAccessorImpl.invoke0(Native Method)
	at sun.reflect.NativeMethodAccessorImpl.invoke(NativeMethodAccessorImpl.java:62)
	at sun.reflect.DelegatingMethodAccessorImpl.invoke(DelegatingMethodAccessorImpl.java:43)
	at java.lang.reflect.Method.invoke(Method.java:498)
	at org.junit.runners.model.FrameworkMethod$1.runReflectiveCall(FrameworkMethod.java:45)
	at org.junit.internal.runners.model.ReflectiveCallable.run(ReflectiveCallable.java:15)
	at org.junit.runners.model.FrameworkMethod.invokeExplosively(FrameworkMethod.java:42)
	at org.junit.internal.runners.statements.InvokeMethod.evaluate(InvokeMethod.java:20)
	at org.junit.runners.ParentRunner.runLeaf(ParentRunner.java:263)
	at org.junit.runners.BlockJUnit4ClassRunner.runChild(BlockJUnit4ClassRunner.java:68)
	at org.junit.runners.BlockJUnit4ClassRunner.runChild(BlockJUnit4ClassRunner.java:47)
	at org.junit.runners.ParentRunner$3.run(ParentRunner.java:231)
	at org.junit.runners.ParentRunner$1.schedule(ParentRunner.java:60)
	at org.junit.runners.ParentRunner.runChildren(ParentRunner.java:229)
	at org.junit.runners.ParentRunner.access$000(ParentRunner.java:50)
	at org.junit.runners.ParentRunner$2.evaluate(ParentRunner.java:222)
	at org.junit.runners.ParentRunner.run(ParentRunner.java:300)
	at org.junit.runner.JUnitCore.run(JUnitCore.java:157)
	at org.junit.runner.JUnitCore.run(JUnitCore.java:136)
	at edu.gmu.swe.flaky.sleepy.runner.SleepyTestRunner.main(SleepyTestRunner.java:68)

INFO:FromJava:FAILURE
INFO:FromJava:Failure:
INFO:FromJava:testConcurrentOperations(org.apache.ambari.server.agent.TestActionQueue)java.lang.AssertionError: expected:<176> but was:<177>
	at org.junit.Assert.fail(Assert.java:93)
	at org.junit.Assert.failNotEquals(Assert.java:647)
	at org.junit.Assert.assertEquals(Assert.java:128)
	at org.junit.Assert.assertEquals(Assert.java:472)
	at org.junit.Assert.assertEquals(Assert.java:456)
	at org.apache.ambari.server.agent.TestActionQueue.testConcurrentOperations(TestActionQueue.java:196)
	at sun.reflect.NativeMethodAccessorImpl.invoke0(Native Method)
	at sun.reflect.NativeMethodAccessorImpl.invoke(NativeMethodAccessorImpl.java:62)
	at sun.reflect.DelegatingMethodAccessorImpl.invoke(DelegatingMethodAccessorImpl.java:43)
	at java.lang.reflect.Method.invoke(Method.java:498)
	at org.junit.runners.model.FrameworkMethod$1.runReflectiveCall(FrameworkMethod.java:45)
	at org.junit.internal.runners.model.ReflectiveCallable.run(ReflectiveCallable.java:15)
	at org.junit.runners.model.FrameworkMethod.invokeExplosively(FrameworkMethod.java:42)
	at org.junit.internal.runners.statements.InvokeMethod.evaluate(InvokeMethod.java:20)
	at org.junit.runners.ParentRunner.runLeaf(ParentRunner.java:263)
	at org.junit.runners.BlockJUnit4ClassRunner.runChild(BlockJUnit4ClassRunner.java:68)
	at org.junit.runners.BlockJUnit4ClassRunner.runChild(BlockJUnit4ClassRunner.java:47)
	at org.junit.runners.ParentRunner$3.run(ParentRunner.java:231)
	at org.junit.runners.ParentRunner$1.schedule(ParentRunner.java:60)
	at org.junit.runners.ParentRunner.runChildren(ParentRunner.java:229)
	at org.junit.runners.ParentRunner.access$000(ParentRunner.java:50)
	at org.junit.runners.ParentRunner$2.evaluate(ParentRunner.java:222)
	at org.junit.runners.ParentRunner.run(ParentRunner.java:300)
	at org.junit.runner.JUnitCore.run(JUnitCore.java:157)
	at org.junit.runner.JUnitCore.run(JUnitCore.java:136)
	at edu.gmu.swe.flaky.sleepy.runner.SleepyTestRunner.main(SleepyTestRunner.java:68)

INFO:FromJava:FAILURE
INFO:FromJava:OK
INFO:FromJava:Failure:
INFO:FromJava:testConcurrentOperations(org.apache.ambari.server.agent.TestActionQueue)java.lang.AssertionError: expected:<183> but was:<184>
	at org.junit.Assert.fail(Assert.java:93)
	at org.junit.Assert.failNotEquals(Assert.java:647)
	at org.junit.Assert.assertEquals(Assert.java:128)
	at org.junit.Assert.assertEquals(Assert.java:472)
	at org.junit.Assert.assertEquals(Assert.java:456)
	at org.apache.ambari.server.agent.TestActionQueue.testConcurrentOperations(TestActionQueue.java:196)
	at sun.reflect.NativeMethodAccessorImpl.invoke0(Native Method)
	at sun.reflect.NativeMethodAccessorImpl.invoke(NativeMethodAccessorImpl.java:62)
	at sun.reflect.DelegatingMethodAccessorImpl.invoke(DelegatingMethodAccessorImpl.java:43)
	at java.lang.reflect.Method.invoke(Method.java:498)
	at org.junit.runners.model.FrameworkMethod$1.runReflectiveCall(FrameworkMethod.java:45)
	at org.junit.internal.runners.model.ReflectiveCallable.run(ReflectiveCallable.java:15)
	at org.junit.runners.model.FrameworkMethod.invokeExplosively(FrameworkMethod.java:42)
	at org.junit.internal.runners.statements.InvokeMethod.evaluate(InvokeMethod.java:20)
	at org.junit.runners.ParentRunner.runLeaf(ParentRunner.java:263)
	at org.junit.runners.BlockJUnit4ClassRunner.runChild(BlockJUnit4ClassRunner.java:68)
	at org.junit.runners.BlockJUnit4ClassRunner.runChild(BlockJUnit4ClassRunner.java:47)
	at org.junit.runners.ParentRunner$3.run(ParentRunner.java:231)
	at org.junit.runners.ParentRunner$1.schedule(ParentRunner.java:60)
	at org.junit.runners.ParentRunner.runChildren(ParentRunner.java:229)
	at org.junit.runners.ParentRunner.access$000(ParentRunner.java:50)
	at org.junit.runners.ParentRunner$2.evaluate(ParentRunner.java:222)
	at org.junit.runners.ParentRunner.run(ParentRunner.java:300)
	at org.junit.runner.JUnitCore.run(JUnitCore.java:157)
	at org.junit.runner.JUnitCore.run(JUnitCore.java:136)
	at edu.gmu.swe.flaky.sleepy.runner.SleepyTestRunner.main(SleepyTestRunner.java:68)

INFO:FromJava:FAILURE
INFO:FromJava:Failure:
INFO:FromJava:testConcurrentOperations(org.apache.ambari.server.agent.TestActionQueue)java.lang.AssertionError: expected:<173> but was:<192>
	at org.junit.Assert.fail(Assert.java:93)
	at org.junit.Assert.failNotEquals(Assert.java:647)
	at org.junit.Assert.assertEquals(Assert.java:128)
	at org.junit.Assert.assertEquals(Assert.java:472)
	at org.junit.Assert.assertEquals(Assert.java:456)
	at org.apache.ambari.server.agent.TestActionQueue.testConcurrentOperations(TestActionQueue.java:196)
	at sun.reflect.NativeMethodAccessorImpl.invoke0(Native Method)
	at sun.reflect.NativeMethodAccessorImpl.invoke(NativeMethodAccessorImpl.java:62)
	at sun.reflect.DelegatingMethodAccessorImpl.invoke(DelegatingMethodAccessorImpl.java:43)
	at java.lang.reflect.Method.invoke(Method.java:498)
	at org.junit.runners.model.FrameworkMethod$1.runReflectiveCall(FrameworkMethod.java:45)
	at org.junit.internal.runners.model.ReflectiveCallable.run(ReflectiveCallable.java:15)
	at org.junit.runners.model.FrameworkMethod.invokeExplosively(FrameworkMethod.java:42)
	at org.junit.internal.runners.statements.InvokeMethod.evaluate(InvokeMethod.java:20)
	at org.junit.runners.ParentRunner.runLeaf(ParentRunner.java:263)
	at org.junit.runners.BlockJUnit4ClassRunner.runChild(BlockJUnit4ClassRunner.java:68)
	at org.junit.runners.BlockJUnit4ClassRunner.runChild(BlockJUnit4ClassRunner.java:47)
	at org.junit.runners.ParentRunner$3.run(ParentRunner.java:231)
	at org.junit.runners.ParentRunner$1.schedule(ParentRunner.java:60)
	at org.junit.runners.ParentRunner.runChildren(ParentRunner.java:229)
	at org.junit.runners.ParentRunner.access$000(ParentRunner.java:50)
	at org.junit.runners.ParentRunner$2.evaluate(ParentRunner.java:222)
	at org.junit.runners.ParentRunner.run(ParentRunner.java:300)
	at org.junit.runner.JUnitCore.run(JUnitCore.java:157)
	at org.junit.runner.JUnitCore.run(JUnitCore.java:136)
	at edu.gmu.swe.flaky.sleepy.runner.SleepyTestRunner.main(SleepyTestRunner.java:68)

INFO:FromJava:FAILURE
INFO:FromJava:Failure:
INFO:FromJava:testConcurrentOperations(org.apache.ambari.server.agent.TestActionQueue)java.lang.AssertionError: expected:<0> but was:<5>
	at org.junit.Assert.fail(Assert.java:93)
	at org.junit.Assert.failNotEquals(Assert.java:647)
	at org.junit.Assert.assertEquals(Assert.java:128)
	at org.junit.Assert.assertEquals(Assert.java:472)
	at org.junit.Assert.assertEquals(Assert.java:456)
	at org.apache.ambari.server.agent.TestActionQueue.testConcurrentOperations(TestActionQueue.java:193)
	at sun.reflect.NativeMethodAccessorImpl.invoke0(Native Method)
	at sun.reflect.NativeMethodAccessorImpl.invoke(NativeMethodAccessorImpl.java:62)
	at sun.reflect.DelegatingMethodAccessorImpl.invoke(DelegatingMethodAccessorImpl.java:43)
	at java.lang.reflect.Method.invoke(Method.java:498)
	at org.junit.runners.model.FrameworkMethod$1.runReflectiveCall(FrameworkMethod.java:45)
	at org.junit.internal.runners.model.ReflectiveCallable.run(ReflectiveCallable.java:15)
	at org.junit.runners.model.FrameworkMethod.invokeExplosively(FrameworkMethod.java:42)
	at org.junit.internal.runners.statements.InvokeMethod.evaluate(InvokeMethod.java:20)
	at org.junit.runners.ParentRunner.runLeaf(ParentRunner.java:263)
	at org.junit.runners.BlockJUnit4ClassRunner.runChild(BlockJUnit4ClassRunner.java:68)
	at org.junit.runners.BlockJUnit4ClassRunner.runChild(BlockJUnit4ClassRunner.java:47)
	at org.junit.runners.ParentRunner$3.run(ParentRunner.java:231)
	at org.junit.runners.ParentRunner$1.schedule(ParentRunner.java:60)
	at org.junit.runners.ParentRunner.runChildren(ParentRunner.java:229)
	at org.junit.runners.ParentRunner.access$000(ParentRunner.java:50)
	at org.junit.runners.ParentRunner$2.evaluate(ParentRunner.java:222)
	at org.junit.runners.ParentRunner.run(ParentRunner.java:300)
	at org.junit.runner.JUnitCore.run(JUnitCore.java:157)
	at org.junit.runner.JUnitCore.run(JUnitCore.java:136)
	at edu.gmu.swe.flaky.sleepy.runner.SleepyTestRunner.main(SleepyTestRunner.java:68)

INFO:FromJava:FAILURE
INFO:FromJava:OK
INFO:FromJava:OK
INFO:FromJava:OK
INFO:FromJava:OK
INFO:FromJava:OK
INFO:FromJava:OK
INFO:FromJava:OK
INFO:FromJava:Failure:
INFO:FromJava:testConcurrentOperations(org.apache.ambari.server.agent.TestActionQueue)java.lang.AssertionError: expected:<144> but was:<145>
	at org.junit.Assert.fail(Assert.java:93)
	at org.junit.Assert.failNotEquals(Assert.java:647)
	at org.junit.Assert.assertEquals(Assert.java:128)
	at org.junit.Assert.assertEquals(Assert.java:472)
	at org.junit.Assert.assertEquals(Assert.java:456)
	at org.apache.ambari.server.agent.TestActionQueue.testConcurrentOperations(TestActionQueue.java:196)
	at sun.reflect.NativeMethodAccessorImpl.invoke0(Native Method)
	at sun.reflect.NativeMethodAccessorImpl.invoke(NativeMethodAccessorImpl.java:62)
	at sun.reflect.DelegatingMethodAccessorImpl.invoke(DelegatingMethodAccessorImpl.java:43)
	at java.lang.reflect.Method.invoke(Method.java:498)
	at org.junit.runners.model.FrameworkMethod$1.runReflectiveCall(FrameworkMethod.java:45)
	at org.junit.internal.runners.model.ReflectiveCallable.run(ReflectiveCallable.java:15)
	at org.junit.runners.model.FrameworkMethod.invokeExplosively(FrameworkMethod.java:42)
	at org.junit.internal.runners.statements.InvokeMethod.evaluate(InvokeMethod.java:20)
	at org.junit.runners.ParentRunner.runLeaf(ParentRunner.java:263)
	at org.junit.runners.BlockJUnit4ClassRunner.runChild(BlockJUnit4ClassRunner.java:68)
	at org.junit.runners.BlockJUnit4ClassRunner.runChild(BlockJUnit4ClassRunner.java:47)
	at org.junit.runners.ParentRunner$3.run(ParentRunner.java:231)
	at org.junit.runners.ParentRunner$1.schedule(ParentRunner.java:60)
	at org.junit.runners.ParentRunner.runChildren(ParentRunner.java:229)
	at org.junit.runners.ParentRunner.access$000(ParentRunner.java:50)
	at org.junit.runners.ParentRunner$2.evaluate(ParentRunner.java:222)
	at org.junit.runners.ParentRunner.run(ParentRunner.java:300)
	at org.junit.runner.JUnitCore.run(JUnitCore.java:157)
	at org.junit.runner.JUnitCore.run(JUnitCore.java:136)
	at edu.gmu.swe.flaky.sleepy.runner.SleepyTestRunner.main(SleepyTestRunner.java:68)

INFO:FromJava:FAILURE
INFO:FromJava:OK
INFO:FromJava:OK
INFO:FromJava:Failure:
INFO:FromJava:testConcurrentOperations(org.apache.ambari.server.agent.TestActionQueue)java.lang.AssertionError
	at org.junit.Assert.fail(Assert.java:92)
	at org.junit.Assert.assertTrue(Assert.java:43)
	at org.junit.Assert.assertTrue(Assert.java:54)
	at org.apache.ambari.server.agent.TestActionQueue.testConcurrentOperations(TestActionQueue.java:192)
	at sun.reflect.NativeMethodAccessorImpl.invoke0(Native Method)
	at sun.reflect.NativeMethodAccessorImpl.invoke(NativeMethodAccessorImpl.java:62)
	at sun.reflect.DelegatingMethodAccessorImpl.invoke(DelegatingMethodAccessorImpl.java:43)
	at java.lang.reflect.Method.invoke(Method.java:498)
	at org.junit.runners.model.FrameworkMethod$1.runReflectiveCall(FrameworkMethod.java:45)
	at org.junit.internal.runners.model.ReflectiveCallable.run(ReflectiveCallable.java:15)
	at org.junit.runners.model.FrameworkMethod.invokeExplosively(FrameworkMethod.java:42)
	at org.junit.internal.runners.statements.InvokeMethod.evaluate(InvokeMethod.java:20)
	at org.junit.runners.ParentRunner.runLeaf(ParentRunner.java:263)
	at org.junit.runners.BlockJUnit4ClassRunner.runChild(BlockJUnit4ClassRunner.java:68)
	at org.junit.runners.BlockJUnit4ClassRunner.runChild(BlockJUnit4ClassRunner.java:47)
	at org.junit.runners.ParentRunner$3.run(ParentRunner.java:231)
	at org.junit.runners.ParentRunner$1.schedule(ParentRunner.java:60)
	at org.junit.runners.ParentRunner.runChildren(ParentRunner.java:229)
	at org.junit.runners.ParentRunner.access$000(ParentRunner.java:50)
	at org.junit.runners.ParentRunner$2.evaluate(ParentRunner.java:222)
	at org.junit.runners.ParentRunner.run(ParentRunner.java:300)
	at org.junit.runner.JUnitCore.run(JUnitCore.java:157)
	at org.junit.runner.JUnitCore.run(JUnitCore.java:136)
	at edu.gmu.swe.flaky.sleepy.runner.SleepyTestRunner.main(SleepyTestRunner.java:68)

INFO:FromJava:FAILURE
INFO:FromJava:Failure:
INFO:FromJava:testConcurrentOperations(org.apache.ambari.server.agent.TestActionQueue)java.lang.AssertionError
	at org.junit.Assert.fail(Assert.java:92)
	at org.junit.Assert.assertTrue(Assert.java:43)
	at org.junit.Assert.assertTrue(Assert.java:54)
	at org.apache.ambari.server.agent.TestActionQueue.testConcurrentOperations(TestActionQueue.java:192)
	at sun.reflect.NativeMethodAccessorImpl.invoke0(Native Method)
	at sun.reflect.NativeMethodAccessorImpl.invoke(NativeMethodAccessorImpl.java:62)
	at sun.reflect.DelegatingMethodAccessorImpl.invoke(DelegatingMethodAccessorImpl.java:43)
	at java.lang.reflect.Method.invoke(Method.java:498)
	at org.junit.runners.model.FrameworkMethod$1.runReflectiveCall(FrameworkMethod.java:45)
	at org.junit.internal.runners.model.ReflectiveCallable.run(ReflectiveCallable.java:15)
	at org.junit.runners.model.FrameworkMethod.invokeExplosively(FrameworkMethod.java:42)
	at org.junit.internal.runners.statements.InvokeMethod.evaluate(InvokeMethod.java:20)
	at org.junit.runners.ParentRunner.runLeaf(ParentRunner.java:263)
	at org.junit.runners.BlockJUnit4ClassRunner.runChild(BlockJUnit4ClassRunner.java:68)
	at org.junit.runners.BlockJUnit4ClassRunner.runChild(BlockJUnit4ClassRunner.java:47)
	at org.junit.runners.ParentRunner$3.run(ParentRunner.java:231)
	at org.junit.runners.ParentRunner$1.schedule(ParentRunner.java:60)
	at org.junit.runners.ParentRunner.runChildren(ParentRunner.java:229)
	at org.junit.runners.ParentRunner.access$000(ParentRunner.java:50)
	at org.junit.runners.ParentRunner$2.evaluate(ParentRunner.java:222)
	at org.junit.runners.ParentRunner.run(ParentRunner.java:300)
	at org.junit.runner.JUnitCore.run(JUnitCore.java:157)
	at org.junit.runner.JUnitCore.run(JUnitCore.java:136)
	at edu.gmu.swe.flaky.sleepy.runner.SleepyTestRunner.main(SleepyTestRunner.java:68)

INFO:FromJava:FAILURE
INFO:FromJava:OK
INFO:FromJava:Failure:
INFO:FromJava:testConcurrentOperations(org.apache.ambari.server.agent.TestActionQueue)java.lang.AssertionError
	at org.junit.Assert.fail(Assert.java:92)
	at org.junit.Assert.assertTrue(Assert.java:43)
	at org.junit.Assert.assertTrue(Assert.java:54)
	at org.apache.ambari.server.agent.TestActionQueue.testConcurrentOperations(TestActionQueue.java:192)
	at sun.reflect.NativeMethodAccessorImpl.invoke0(Native Method)
	at sun.reflect.NativeMethodAccessorImpl.invoke(NativeMethodAccessorImpl.java:62)
	at sun.reflect.DelegatingMethodAccessorImpl.invoke(DelegatingMethodAccessorImpl.java:43)
	at java.lang.reflect.Method.invoke(Method.java:498)
	at org.junit.runners.model.FrameworkMethod$1.runReflectiveCall(FrameworkMethod.java:45)
	at org.junit.internal.runners.model.ReflectiveCallable.run(ReflectiveCallable.java:15)
	at org.junit.runners.model.FrameworkMethod.invokeExplosively(FrameworkMethod.java:42)
	at org.junit.internal.runners.statements.InvokeMethod.evaluate(InvokeMethod.java:20)
	at org.junit.runners.ParentRunner.runLeaf(ParentRunner.java:263)
	at org.junit.runners.BlockJUnit4ClassRunner.runChild(BlockJUnit4ClassRunner.java:68)
	at org.junit.runners.BlockJUnit4ClassRunner.runChild(BlockJUnit4ClassRunner.java:47)
	at org.junit.runners.ParentRunner$3.run(ParentRunner.java:231)
	at org.junit.runners.ParentRunner$1.schedule(ParentRunner.java:60)
	at org.junit.runners.ParentRunner.runChildren(ParentRunner.java:229)
	at org.junit.runners.ParentRunner.access$000(ParentRunner.java:50)
	at org.junit.runners.ParentRunner$2.evaluate(ParentRunner.java:222)
	at org.junit.runners.ParentRunner.run(ParentRunner.java:300)
	at org.junit.runner.JUnitCore.run(JUnitCore.java:157)
	at org.junit.runner.JUnitCore.run(JUnitCore.java:136)
	at edu.gmu.swe.flaky.sleepy.runner.SleepyTestRunner.main(SleepyTestRunner.java:68)

INFO:FromJava:FAILURE
INFO:FromJava:OK
INFO:FromJava:OK
INFO:FromJava:Failure:
INFO:FromJava:testConcurrentOperations(org.apache.ambari.server.agent.TestActionQueue)java.lang.AssertionError: expected:<109> but was:<112>
	at org.junit.Assert.fail(Assert.java:93)
	at org.junit.Assert.failNotEquals(Assert.java:647)
	at org.junit.Assert.assertEquals(Assert.java:128)
	at org.junit.Assert.assertEquals(Assert.java:472)
	at org.junit.Assert.assertEquals(Assert.java:456)
	at org.apache.ambari.server.agent.TestActionQueue.testConcurrentOperations(TestActionQueue.java:196)
	at sun.reflect.NativeMethodAccessorImpl.invoke0(Native Method)
	at sun.reflect.NativeMethodAccessorImpl.invoke(NativeMethodAccessorImpl.java:62)
	at sun.reflect.DelegatingMethodAccessorImpl.invoke(DelegatingMethodAccessorImpl.java:43)
	at java.lang.reflect.Method.invoke(Method.java:498)
	at org.junit.runners.model.FrameworkMethod$1.runReflectiveCall(FrameworkMethod.java:45)
	at org.junit.internal.runners.model.ReflectiveCallable.run(ReflectiveCallable.java:15)
	at org.junit.runners.model.FrameworkMethod.invokeExplosively(FrameworkMethod.java:42)
	at org.junit.internal.runners.statements.InvokeMethod.evaluate(InvokeMethod.java:20)
	at org.junit.runners.ParentRunner.runLeaf(ParentRunner.java:263)
	at org.junit.runners.BlockJUnit4ClassRunner.runChild(BlockJUnit4ClassRunner.java:68)
	at org.junit.runners.BlockJUnit4ClassRunner.runChild(BlockJUnit4ClassRunner.java:47)
	at org.junit.runners.ParentRunner$3.run(ParentRunner.java:231)
	at org.junit.runners.ParentRunner$1.schedule(ParentRunner.java:60)
	at org.junit.runners.ParentRunner.runChildren(ParentRunner.java:229)
	at org.junit.runners.ParentRunner.access$000(ParentRunner.java:50)
	at org.junit.runners.ParentRunner$2.evaluate(ParentRunner.java:222)
	at org.junit.runners.ParentRunner.run(ParentRunner.java:300)
	at org.junit.runner.JUnitCore.run(JUnitCore.java:157)
	at org.junit.runner.JUnitCore.run(JUnitCore.java:136)
	at edu.gmu.swe.flaky.sleepy.runner.SleepyTestRunner.main(SleepyTestRunner.java:68)

INFO:FromJava:FAILURE
INFO:FromJava:Failure:
INFO:FromJava:testConcurrentOperations(org.apache.ambari.server.agent.TestActionQueue)java.lang.AssertionError: expected:<83> but was:<84>
	at org.junit.Assert.fail(Assert.java:93)
	at org.junit.Assert.failNotEquals(Assert.java:647)
	at org.junit.Assert.assertEquals(Assert.java:128)
	at org.junit.Assert.assertEquals(Assert.java:472)
	at org.junit.Assert.assertEquals(Assert.java:456)
	at org.apache.ambari.server.agent.TestActionQueue.testConcurrentOperations(TestActionQueue.java:196)
	at sun.reflect.NativeMethodAccessorImpl.invoke0(Native Method)
	at sun.reflect.NativeMethodAccessorImpl.invoke(NativeMethodAccessorImpl.java:62)
	at sun.reflect.DelegatingMethodAccessorImpl.invoke(DelegatingMethodAccessorImpl.java:43)
	at java.lang.reflect.Method.invoke(Method.java:498)
	at org.junit.runners.model.FrameworkMethod$1.runReflectiveCall(FrameworkMethod.java:45)
	at org.junit.internal.runners.model.ReflectiveCallable.run(ReflectiveCallable.java:15)
	at org.junit.runners.model.FrameworkMethod.invokeExplosively(FrameworkMethod.java:42)
	at org.junit.internal.runners.statements.InvokeMethod.evaluate(InvokeMethod.java:20)
	at org.junit.runners.ParentRunner.runLeaf(ParentRunner.java:263)
	at org.junit.runners.BlockJUnit4ClassRunner.runChild(BlockJUnit4ClassRunner.java:68)
	at org.junit.runners.BlockJUnit4ClassRunner.runChild(BlockJUnit4ClassRunner.java:47)
	at org.junit.runners.ParentRunner$3.run(ParentRunner.java:231)
	at org.junit.runners.ParentRunner$1.schedule(ParentRunner.java:60)
	at org.junit.runners.ParentRunner.runChildren(ParentRunner.java:229)
	at org.junit.runners.ParentRunner.access$000(ParentRunner.java:50)
	at org.junit.runners.ParentRunner$2.evaluate(ParentRunner.java:222)
	at org.junit.runners.ParentRunner.run(ParentRunner.java:300)
	at org.junit.runner.JUnitCore.run(JUnitCore.java:157)
	at org.junit.runner.JUnitCore.run(JUnitCore.java:136)
	at edu.gmu.swe.flaky.sleepy.runner.SleepyTestRunner.main(SleepyTestRunner.java:68)

INFO:FromJava:FAILURE
INFO:FromJava:OK
INFO:FromJava:OK
INFO:FromJava:Failure:
INFO:FromJava:testConcurrentOperations(org.apache.ambari.server.agent.TestActionQueue)java.lang.AssertionError
	at org.junit.Assert.fail(Assert.java:92)
	at org.junit.Assert.assertTrue(Assert.java:43)
	at org.junit.Assert.assertTrue(Assert.java:54)
	at org.apache.ambari.server.agent.TestActionQueue.testConcurrentOperations(TestActionQueue.java:192)
	at sun.reflect.NativeMethodAccessorImpl.invoke0(Native Method)
	at sun.reflect.NativeMethodAccessorImpl.invoke(NativeMethodAccessorImpl.java:62)
	at sun.reflect.DelegatingMethodAccessorImpl.invoke(DelegatingMethodAccessorImpl.java:43)
	at java.lang.reflect.Method.invoke(Method.java:498)
	at org.junit.runners.model.FrameworkMethod$1.runReflectiveCall(FrameworkMethod.java:45)
	at org.junit.internal.runners.model.ReflectiveCallable.run(ReflectiveCallable.java:15)
	at org.junit.runners.model.FrameworkMethod.invokeExplosively(FrameworkMethod.java:42)
	at org.junit.internal.runners.statements.InvokeMethod.evaluate(InvokeMethod.java:20)
	at org.junit.runners.ParentRunner.runLeaf(ParentRunner.java:263)
	at org.junit.runners.BlockJUnit4ClassRunner.runChild(BlockJUnit4ClassRunner.java:68)
	at org.junit.runners.BlockJUnit4ClassRunner.runChild(BlockJUnit4ClassRunner.java:47)
	at org.junit.runners.ParentRunner$3.run(ParentRunner.java:231)
	at org.junit.runners.ParentRunner$1.schedule(ParentRunner.java:60)
	at org.junit.runners.ParentRunner.runChildren(ParentRunner.java:229)
	at org.junit.runners.ParentRunner.access$000(ParentRunner.java:50)
	at org.junit.runners.ParentRunner$2.evaluate(ParentRunner.java:222)
	at org.junit.runners.ParentRunner.run(ParentRunner.java:300)
	at org.junit.runner.JUnitCore.run(JUnitCore.java:157)
	at org.junit.runner.JUnitCore.run(JUnitCore.java:136)
	at edu.gmu.swe.flaky.sleepy.runner.SleepyTestRunner.main(SleepyTestRunner.java:68)

INFO:FromJava:FAILURE
INFO:FromJava:Failure:
INFO:FromJava:testConcurrentOperations(org.apache.ambari.server.agent.TestActionQueue)java.lang.AssertionError
	at org.junit.Assert.fail(Assert.java:92)
	at org.junit.Assert.assertTrue(Assert.java:43)
	at org.junit.Assert.assertTrue(Assert.java:54)
	at org.apache.ambari.server.agent.TestActionQueue.testConcurrentOperations(TestActionQueue.java:192)
	at sun.reflect.NativeMethodAccessorImpl.invoke0(Native Method)
	at sun.reflect.NativeMethodAccessorImpl.invoke(NativeMethodAccessorImpl.java:62)
	at sun.reflect.DelegatingMethodAccessorImpl.invoke(DelegatingMethodAccessorImpl.java:43)
	at java.lang.reflect.Method.invoke(Method.java:498)
	at org.junit.runners.model.FrameworkMethod$1.runReflectiveCall(FrameworkMethod.java:45)
	at org.junit.internal.runners.model.ReflectiveCallable.run(ReflectiveCallable.java:15)
	at org.junit.runners.model.FrameworkMethod.invokeExplosively(FrameworkMethod.java:42)
	at org.junit.internal.runners.statements.InvokeMethod.evaluate(InvokeMethod.java:20)
	at org.junit.runners.ParentRunner.runLeaf(ParentRunner.java:263)
	at org.junit.runners.BlockJUnit4ClassRunner.runChild(BlockJUnit4ClassRunner.java:68)
	at org.junit.runners.BlockJUnit4ClassRunner.runChild(BlockJUnit4ClassRunner.java:47)
	at org.junit.runners.ParentRunner$3.run(ParentRunner.java:231)
	at org.junit.runners.ParentRunner$1.schedule(ParentRunner.java:60)
	at org.junit.runners.ParentRunner.runChildren(ParentRunner.java:229)
	at org.junit.runners.ParentRunner.access$000(ParentRunner.java:50)
	at org.junit.runners.ParentRunner$2.evaluate(ParentRunner.java:222)
	at org.junit.runners.ParentRunner.run(ParentRunner.java:300)
	at org.junit.runner.JUnitCore.run(JUnitCore.java:157)
	at org.junit.runner.JUnitCore.run(JUnitCore.java:136)
	at edu.gmu.swe.flaky.sleepy.runner.SleepyTestRunner.main(SleepyTestRunner.java:68)

INFO:FromJava:FAILURE
INFO:FromJava:Failure:
INFO:FromJava:testConcurrentOperations(org.apache.ambari.server.agent.TestActionQueue)java.lang.AssertionError
	at org.junit.Assert.fail(Assert.java:92)
	at org.junit.Assert.assertTrue(Assert.java:43)
	at org.junit.Assert.assertTrue(Assert.java:54)
	at org.apache.ambari.server.agent.TestActionQueue.testConcurrentOperations(TestActionQueue.java:192)
	at sun.reflect.NativeMethodAccessorImpl.invoke0(Native Method)
	at sun.reflect.NativeMethodAccessorImpl.invoke(NativeMethodAccessorImpl.java:62)
	at sun.reflect.DelegatingMethodAccessorImpl.invoke(DelegatingMethodAccessorImpl.java:43)
	at java.lang.reflect.Method.invoke(Method.java:498)
	at org.junit.runners.model.FrameworkMethod$1.runReflectiveCall(FrameworkMethod.java:45)
	at org.junit.internal.runners.model.ReflectiveCallable.run(ReflectiveCallable.java:15)
	at org.junit.runners.model.FrameworkMethod.invokeExplosively(FrameworkMethod.java:42)
	at org.junit.internal.runners.statements.InvokeMethod.evaluate(InvokeMethod.java:20)
	at org.junit.runners.ParentRunner.runLeaf(ParentRunner.java:263)
	at org.junit.runners.BlockJUnit4ClassRunner.runChild(BlockJUnit4ClassRunner.java:68)
	at org.junit.runners.BlockJUnit4ClassRunner.runChild(BlockJUnit4ClassRunner.java:47)
	at org.junit.runners.ParentRunner$3.run(ParentRunner.java:231)
	at org.junit.runners.ParentRunner$1.schedule(ParentRunner.java:60)
	at org.junit.runners.ParentRunner.runChildren(ParentRunner.java:229)
	at org.junit.runners.ParentRunner.access$000(ParentRunner.java:50)
	at org.junit.runners.ParentRunner$2.evaluate(ParentRunner.java:222)
	at org.junit.runners.ParentRunner.run(ParentRunner.java:300)
	at org.junit.runner.JUnitCore.run(JUnitCore.java:157)
	at org.junit.runner.JUnitCore.run(JUnitCore.java:136)
	at edu.gmu.swe.flaky.sleepy.runner.SleepyTestRunner.main(SleepyTestRunner.java:68)

INFO:FromJava:FAILURE
INFO:FromJava:Failure:
INFO:FromJava:testConcurrentOperations(org.apache.ambari.server.agent.TestActionQueue)java.lang.AssertionError
	at org.junit.Assert.fail(Assert.java:92)
	at org.junit.Assert.assertTrue(Assert.java:43)
	at org.junit.Assert.assertTrue(Assert.java:54)
	at org.apache.ambari.server.agent.TestActionQueue.testConcurrentOperations(TestActionQueue.java:192)
	at sun.reflect.NativeMethodAccessorImpl.invoke0(Native Method)
	at sun.reflect.NativeMethodAccessorImpl.invoke(NativeMethodAccessorImpl.java:62)
	at sun.reflect.DelegatingMethodAccessorImpl.invoke(DelegatingMethodAccessorImpl.java:43)
	at java.lang.reflect.Method.invoke(Method.java:498)
	at org.junit.runners.model.FrameworkMethod$1.runReflectiveCall(FrameworkMethod.java:45)
	at org.junit.internal.runners.model.ReflectiveCallable.run(ReflectiveCallable.java:15)
	at org.junit.runners.model.FrameworkMethod.invokeExplosively(FrameworkMethod.java:42)
	at org.junit.internal.runners.statements.InvokeMethod.evaluate(InvokeMethod.java:20)
	at org.junit.runners.ParentRunner.runLeaf(ParentRunner.java:263)
	at org.junit.runners.BlockJUnit4ClassRunner.runChild(BlockJUnit4ClassRunner.java:68)
	at org.junit.runners.BlockJUnit4ClassRunner.runChild(BlockJUnit4ClassRunner.java:47)
	at org.junit.runners.ParentRunner$3.run(ParentRunner.java:231)
	at org.junit.runners.ParentRunner$1.schedule(ParentRunner.java:60)
	at org.junit.runners.ParentRunner.runChildren(ParentRunner.java:229)
	at org.junit.runners.ParentRunner.access$000(ParentRunner.java:50)
	at org.junit.runners.ParentRunner$2.evaluate(ParentRunner.java:222)
	at org.junit.runners.ParentRunner.run(ParentRunner.java:300)
	at org.junit.runner.JUnitCore.run(JUnitCore.java:157)
	at org.junit.runner.JUnitCore.run(JUnitCore.java:136)
	at edu.gmu.swe.flaky.sleepy.runner.SleepyTestRunner.main(SleepyTestRunner.java:68)

INFO:FromJava:FAILURE
INFO:FromJava:Failure:
INFO:FromJava:testConcurrentOperations(org.apache.ambari.server.agent.TestActionQueue)java.lang.AssertionError
	at org.junit.Assert.fail(Assert.java:92)
	at org.junit.Assert.assertTrue(Assert.java:43)
	at org.junit.Assert.assertTrue(Assert.java:54)
	at org.apache.ambari.server.agent.TestActionQueue.testConcurrentOperations(TestActionQueue.java:192)
	at sun.reflect.NativeMethodAccessorImpl.invoke0(Native Method)
	at sun.reflect.NativeMethodAccessorImpl.invoke(NativeMethodAccessorImpl.java:62)
	at sun.reflect.DelegatingMethodAccessorImpl.invoke(DelegatingMethodAccessorImpl.java:43)
	at java.lang.reflect.Method.invoke(Method.java:498)
	at org.junit.runners.model.FrameworkMethod$1.runReflectiveCall(FrameworkMethod.java:45)
	at org.junit.internal.runners.model.ReflectiveCallable.run(ReflectiveCallable.java:15)
	at org.junit.runners.model.FrameworkMethod.invokeExplosively(FrameworkMethod.java:42)
	at org.junit.internal.runners.statements.InvokeMethod.evaluate(InvokeMethod.java:20)
	at org.junit.runners.ParentRunner.runLeaf(ParentRunner.java:263)
	at org.junit.runners.BlockJUnit4ClassRunner.runChild(BlockJUnit4ClassRunner.java:68)
	at org.junit.runners.BlockJUnit4ClassRunner.runChild(BlockJUnit4ClassRunner.java:47)
	at org.junit.runners.ParentRunner$3.run(ParentRunner.java:231)
	at org.junit.runners.ParentRunner$1.schedule(ParentRunner.java:60)
	at org.junit.runners.ParentRunner.runChildren(ParentRunner.java:229)
	at org.junit.runners.ParentRunner.access$000(ParentRunner.java:50)
	at org.junit.runners.ParentRunner$2.evaluate(ParentRunner.java:222)
	at org.junit.runners.ParentRunner.run(ParentRunner.java:300)
	at org.junit.runner.JUnitCore.run(JUnitCore.java:157)
	at org.junit.runner.JUnitCore.run(JUnitCore.java:136)
	at edu.gmu.swe.flaky.sleepy.runner.SleepyTestRunner.main(SleepyTestRunner.java:68)

INFO:FromJava:FAILURE
INFO:FromJava:OK
INFO:FromJava:Failure:
INFO:FromJava:testConcurrentOperations(org.apache.ambari.server.agent.TestActionQueue)java.lang.AssertionError
	at org.junit.Assert.fail(Assert.java:92)
	at org.junit.Assert.assertTrue(Assert.java:43)
	at org.junit.Assert.assertTrue(Assert.java:54)
	at org.apache.ambari.server.agent.TestActionQueue.testConcurrentOperations(TestActionQueue.java:192)
	at sun.reflect.NativeMethodAccessorImpl.invoke0(Native Method)
	at sun.reflect.NativeMethodAccessorImpl.invoke(NativeMethodAccessorImpl.java:62)
	at sun.reflect.DelegatingMethodAccessorImpl.invoke(DelegatingMethodAccessorImpl.java:43)
	at java.lang.reflect.Method.invoke(Method.java:498)
	at org.junit.runners.model.FrameworkMethod$1.runReflectiveCall(FrameworkMethod.java:45)
	at org.junit.internal.runners.model.ReflectiveCallable.run(ReflectiveCallable.java:15)
	at org.junit.runners.model.FrameworkMethod.invokeExplosively(FrameworkMethod.java:42)
	at org.junit.internal.runners.statements.InvokeMethod.evaluate(InvokeMethod.java:20)
	at org.junit.runners.ParentRunner.runLeaf(ParentRunner.java:263)
	at org.junit.runners.BlockJUnit4ClassRunner.runChild(BlockJUnit4ClassRunner.java:68)
	at org.junit.runners.BlockJUnit4ClassRunner.runChild(BlockJUnit4ClassRunner.java:47)
	at org.junit.runners.ParentRunner$3.run(ParentRunner.java:231)
	at org.junit.runners.ParentRunner$1.schedule(ParentRunner.java:60)
	at org.junit.runners.ParentRunner.runChildren(ParentRunner.java:229)
	at org.junit.runners.ParentRunner.access$000(ParentRunner.java:50)
	at org.junit.runners.ParentRunner$2.evaluate(ParentRunner.java:222)
	at org.junit.runners.ParentRunner.run(ParentRunner.java:300)
	at org.junit.runner.JUnitCore.run(JUnitCore.java:157)
	at org.junit.runner.JUnitCore.run(JUnitCore.java:136)
	at edu.gmu.swe.flaky.sleepy.runner.SleepyTestRunner.main(SleepyTestRunner.java:68)

INFO:FromJava:FAILURE
INFO:FromJava:OK
INFO:FromJava:Failure:
INFO:FromJava:testConcurrentOperations(org.apache.ambari.server.agent.TestActionQueue)java.lang.AssertionError: expected:<294> but was:<295>
	at org.junit.Assert.fail(Assert.java:93)
	at org.junit.Assert.failNotEquals(Assert.java:647)
	at org.junit.Assert.assertEquals(Assert.java:128)
	at org.junit.Assert.assertEquals(Assert.java:472)
	at org.junit.Assert.assertEquals(Assert.java:456)
	at org.apache.ambari.server.agent.TestActionQueue.testConcurrentOperations(TestActionQueue.java:196)
	at sun.reflect.NativeMethodAccessorImpl.invoke0(Native Method)
	at sun.reflect.NativeMethodAccessorImpl.invoke(NativeMethodAccessorImpl.java:62)
	at sun.reflect.DelegatingMethodAccessorImpl.invoke(DelegatingMethodAccessorImpl.java:43)
	at java.lang.reflect.Method.invoke(Method.java:498)
	at org.junit.runners.model.FrameworkMethod$1.runReflectiveCall(FrameworkMethod.java:45)
	at org.junit.internal.runners.model.ReflectiveCallable.run(ReflectiveCallable.java:15)
	at org.junit.runners.model.FrameworkMethod.invokeExplosively(FrameworkMethod.java:42)
	at org.junit.internal.runners.statements.InvokeMethod.evaluate(InvokeMethod.java:20)
	at org.junit.runners.ParentRunner.runLeaf(ParentRunner.java:263)
	at org.junit.runners.BlockJUnit4ClassRunner.runChild(BlockJUnit4ClassRunner.java:68)
	at org.junit.runners.BlockJUnit4ClassRunner.runChild(BlockJUnit4ClassRunner.java:47)
	at org.junit.runners.ParentRunner$3.run(ParentRunner.java:231)
	at org.junit.runners.ParentRunner$1.schedule(ParentRunner.java:60)
	at org.junit.runners.ParentRunner.runChildren(ParentRunner.java:229)
	at org.junit.runners.ParentRunner.access$000(ParentRunner.java:50)
	at org.junit.runners.ParentRunner$2.evaluate(ParentRunner.java:222)
	at org.junit.runners.ParentRunner.run(ParentRunner.java:300)
	at org.junit.runner.JUnitCore.run(JUnitCore.java:157)
	at org.junit.runner.JUnitCore.run(JUnitCore.java:136)
	at edu.gmu.swe.flaky.sleepy.runner.SleepyTestRunner.main(SleepyTestRunner.java:68)

INFO:FromJava:FAILURE
INFO:FromJava:Failure:
INFO:FromJava:testConcurrentOperations(org.apache.ambari.server.agent.TestActionQueue)java.lang.AssertionError: expected:<0> but was:<1>
	at org.junit.Assert.fail(Assert.java:93)
	at org.junit.Assert.failNotEquals(Assert.java:647)
	at org.junit.Assert.assertEquals(Assert.java:128)
	at org.junit.Assert.assertEquals(Assert.java:472)
	at org.junit.Assert.assertEquals(Assert.java:456)
	at org.apache.ambari.server.agent.TestActionQueue.testConcurrentOperations(TestActionQueue.java:193)
	at sun.reflect.NativeMethodAccessorImpl.invoke0(Native Method)
	at sun.reflect.NativeMethodAccessorImpl.invoke(NativeMethodAccessorImpl.java:62)
	at sun.reflect.DelegatingMethodAccessorImpl.invoke(DelegatingMethodAccessorImpl.java:43)
	at java.lang.reflect.Method.invoke(Method.java:498)
	at org.junit.runners.model.FrameworkMethod$1.runReflectiveCall(FrameworkMethod.java:45)
	at org.junit.internal.runners.model.ReflectiveCallable.run(ReflectiveCallable.java:15)
	at org.junit.runners.model.FrameworkMethod.invokeExplosively(FrameworkMethod.java:42)
	at org.junit.internal.runners.statements.InvokeMethod.evaluate(InvokeMethod.java:20)
	at org.junit.runners.ParentRunner.runLeaf(ParentRunner.java:263)
	at org.junit.runners.BlockJUnit4ClassRunner.runChild(BlockJUnit4ClassRunner.java:68)
	at org.junit.runners.BlockJUnit4ClassRunner.runChild(BlockJUnit4ClassRunner.java:47)
	at org.junit.runners.ParentRunner$3.run(ParentRunner.java:231)
	at org.junit.runners.ParentRunner$1.schedule(ParentRunner.java:60)
	at org.junit.runners.ParentRunner.runChildren(ParentRunner.java:229)
	at org.junit.runners.ParentRunner.access$000(ParentRunner.java:50)
	at org.junit.runners.ParentRunner$2.evaluate(ParentRunner.java:222)
	at org.junit.runners.ParentRunner.run(ParentRunner.java:300)
	at org.junit.runner.JUnitCore.run(JUnitCore.java:157)
	at org.junit.runner.JUnitCore.run(JUnitCore.java:136)
	at edu.gmu.swe.flaky.sleepy.runner.SleepyTestRunner.main(SleepyTestRunner.java:68)

INFO:FromJava:FAILURE
INFO:FromJava:OK
INFO:FromJava:OK
INFO:FromJava:OK
INFO:FromJava:Failure:
INFO:FromJava:testConcurrentOperations(org.apache.ambari.server.agent.TestActionQueue)java.lang.AssertionError
	at org.junit.Assert.fail(Assert.java:92)
	at org.junit.Assert.assertTrue(Assert.java:43)
	at org.junit.Assert.assertTrue(Assert.java:54)
	at org.apache.ambari.server.agent.TestActionQueue.testConcurrentOperations(TestActionQueue.java:192)
	at sun.reflect.NativeMethodAccessorImpl.invoke0(Native Method)
	at sun.reflect.NativeMethodAccessorImpl.invoke(NativeMethodAccessorImpl.java:62)
	at sun.reflect.DelegatingMethodAccessorImpl.invoke(DelegatingMethodAccessorImpl.java:43)
	at java.lang.reflect.Method.invoke(Method.java:498)
	at org.junit.runners.model.FrameworkMethod$1.runReflectiveCall(FrameworkMethod.java:45)
	at org.junit.internal.runners.model.ReflectiveCallable.run(ReflectiveCallable.java:15)
	at org.junit.runners.model.FrameworkMethod.invokeExplosively(FrameworkMethod.java:42)
	at org.junit.internal.runners.statements.InvokeMethod.evaluate(InvokeMethod.java:20)
	at org.junit.runners.ParentRunner.runLeaf(ParentRunner.java:263)
	at org.junit.runners.BlockJUnit4ClassRunner.runChild(BlockJUnit4ClassRunner.java:68)
	at org.junit.runners.BlockJUnit4ClassRunner.runChild(BlockJUnit4ClassRunner.java:47)
	at org.junit.runners.ParentRunner$3.run(ParentRunner.java:231)
	at org.junit.runners.ParentRunner$1.schedule(ParentRunner.java:60)
	at org.junit.runners.ParentRunner.runChildren(ParentRunner.java:229)
	at org.junit.runners.ParentRunner.access$000(ParentRunner.java:50)
	at org.junit.runners.ParentRunner$2.evaluate(ParentRunner.java:222)
	at org.junit.runners.ParentRunner.run(ParentRunner.java:300)
	at org.junit.runner.JUnitCore.run(JUnitCore.java:157)
	at org.junit.runner.JUnitCore.run(JUnitCore.java:136)
	at edu.gmu.swe.flaky.sleepy.runner.SleepyTestRunner.main(SleepyTestRunner.java:68)

INFO:FromJava:FAILURE
INFO:FromJava:OK
INFO:FromJava:Failure:
INFO:FromJava:testConcurrentOperations(org.apache.ambari.server.agent.TestActionQueue)java.lang.AssertionError
	at org.junit.Assert.fail(Assert.java:92)
	at org.junit.Assert.assertTrue(Assert.java:43)
	at org.junit.Assert.assertTrue(Assert.java:54)
	at org.apache.ambari.server.agent.TestActionQueue.testConcurrentOperations(TestActionQueue.java:192)
	at sun.reflect.NativeMethodAccessorImpl.invoke0(Native Method)
	at sun.reflect.NativeMethodAccessorImpl.invoke(NativeMethodAccessorImpl.java:62)
	at sun.reflect.DelegatingMethodAccessorImpl.invoke(DelegatingMethodAccessorImpl.java:43)
	at java.lang.reflect.Method.invoke(Method.java:498)
	at org.junit.runners.model.FrameworkMethod$1.runReflectiveCall(FrameworkMethod.java:45)
	at org.junit.internal.runners.model.ReflectiveCallable.run(ReflectiveCallable.java:15)
	at org.junit.runners.model.FrameworkMethod.invokeExplosively(FrameworkMethod.java:42)
	at org.junit.internal.runners.statements.InvokeMethod.evaluate(InvokeMethod.java:20)
	at org.junit.runners.ParentRunner.runLeaf(ParentRunner.java:263)
	at org.junit.runners.BlockJUnit4ClassRunner.runChild(BlockJUnit4ClassRunner.java:68)
	at org.junit.runners.BlockJUnit4ClassRunner.runChild(BlockJUnit4ClassRunner.java:47)
	at org.junit.runners.ParentRunner$3.run(ParentRunner.java:231)
	at org.junit.runners.ParentRunner$1.schedule(ParentRunner.java:60)
	at org.junit.runners.ParentRunner.runChildren(ParentRunner.java:229)
	at org.junit.runners.ParentRunner.access$000(ParentRunner.java:50)
	at org.junit.runners.ParentRunner$2.evaluate(ParentRunner.java:222)
	at org.junit.runners.ParentRunner.run(ParentRunner.java:300)
	at org.junit.runner.JUnitCore.run(JUnitCore.java:157)
	at org.junit.runner.JUnitCore.run(JUnitCore.java:136)
	at edu.gmu.swe.flaky.sleepy.runner.SleepyTestRunner.main(SleepyTestRunner.java:68)

INFO:FromJava:FAILURE
INFO:FromJava:OK
INFO:FromJava:Failure:
INFO:FromJava:testConcurrentOperations(org.apache.ambari.server.agent.TestActionQueue)java.lang.AssertionError
	at org.junit.Assert.fail(Assert.java:92)
	at org.junit.Assert.assertTrue(Assert.java:43)
	at org.junit.Assert.assertTrue(Assert.java:54)
	at org.apache.ambari.server.agent.TestActionQueue.testConcurrentOperations(TestActionQueue.java:192)
	at sun.reflect.NativeMethodAccessorImpl.invoke0(Native Method)
	at sun.reflect.NativeMethodAccessorImpl.invoke(NativeMethodAccessorImpl.java:62)
	at sun.reflect.DelegatingMethodAccessorImpl.invoke(DelegatingMethodAccessorImpl.java:43)
	at java.lang.reflect.Method.invoke(Method.java:498)
	at org.junit.runners.model.FrameworkMethod$1.runReflectiveCall(FrameworkMethod.java:45)
	at org.junit.internal.runners.model.ReflectiveCallable.run(ReflectiveCallable.java:15)
	at org.junit.runners.model.FrameworkMethod.invokeExplosively(FrameworkMethod.java:42)
	at org.junit.internal.runners.statements.InvokeMethod.evaluate(InvokeMethod.java:20)
	at org.junit.runners.ParentRunner.runLeaf(ParentRunner.java:263)
	at org.junit.runners.BlockJUnit4ClassRunner.runChild(BlockJUnit4ClassRunner.java:68)
	at org.junit.runners.BlockJUnit4ClassRunner.runChild(BlockJUnit4ClassRunner.java:47)
	at org.junit.runners.ParentRunner$3.run(ParentRunner.java:231)
	at org.junit.runners.ParentRunner$1.schedule(ParentRunner.java:60)
	at org.junit.runners.ParentRunner.runChildren(ParentRunner.java:229)
	at org.junit.runners.ParentRunner.access$000(ParentRunner.java:50)
	at org.junit.runners.ParentRunner$2.evaluate(ParentRunner.java:222)
	at org.junit.runners.ParentRunner.run(ParentRunner.java:300)
	at org.junit.runner.JUnitCore.run(JUnitCore.java:157)
	at org.junit.runner.JUnitCore.run(JUnitCore.java:136)
	at edu.gmu.swe.flaky.sleepy.runner.SleepyTestRunner.main(SleepyTestRunner.java:68)

INFO:FromJava:FAILURE
INFO:FromJava:OK
INFO:FromJava:OK
INFO:FromJava:Failure:
INFO:FromJava:testConcurrentOperations(org.apache.ambari.server.agent.TestActionQueue)java.lang.AssertionError
	at org.junit.Assert.fail(Assert.java:92)
	at org.junit.Assert.assertTrue(Assert.java:43)
	at org.junit.Assert.assertTrue(Assert.java:54)
	at org.apache.ambari.server.agent.TestActionQueue.testConcurrentOperations(TestActionQueue.java:192)
	at sun.reflect.NativeMethodAccessorImpl.invoke0(Native Method)
	at sun.reflect.NativeMethodAccessorImpl.invoke(NativeMethodAccessorImpl.java:62)
	at sun.reflect.DelegatingMethodAccessorImpl.invoke(DelegatingMethodAccessorImpl.java:43)
	at java.lang.reflect.Method.invoke(Method.java:498)
	at org.junit.runners.model.FrameworkMethod$1.runReflectiveCall(FrameworkMethod.java:45)
	at org.junit.internal.runners.model.ReflectiveCallable.run(ReflectiveCallable.java:15)
	at org.junit.runners.model.FrameworkMethod.invokeExplosively(FrameworkMethod.java:42)
	at org.junit.internal.runners.statements.InvokeMethod.evaluate(InvokeMethod.java:20)
	at org.junit.runners.ParentRunner.runLeaf(ParentRunner.java:263)
	at org.junit.runners.BlockJUnit4ClassRunner.runChild(BlockJUnit4ClassRunner.java:68)
	at org.junit.runners.BlockJUnit4ClassRunner.runChild(BlockJUnit4ClassRunner.java:47)
	at org.junit.runners.ParentRunner$3.run(ParentRunner.java:231)
	at org.junit.runners.ParentRunner$1.schedule(ParentRunner.java:60)
	at org.junit.runners.ParentRunner.runChildren(ParentRunner.java:229)
	at org.junit.runners.ParentRunner.access$000(ParentRunner.java:50)
	at org.junit.runners.ParentRunner$2.evaluate(ParentRunner.java:222)
	at org.junit.runners.ParentRunner.run(ParentRunner.java:300)
	at org.junit.runner.JUnitCore.run(JUnitCore.java:157)
	at org.junit.runner.JUnitCore.run(JUnitCore.java:136)
	at edu.gmu.swe.flaky.sleepy.runner.SleepyTestRunner.main(SleepyTestRunner.java:68)

INFO:FromJava:FAILURE
INFO:FromJava:OK
INFO:FromJava:OK
INFO:FromJava:Failure:
INFO:FromJava:testConcurrentOperations(org.apache.ambari.server.agent.TestActionQueue)java.lang.AssertionError
	at org.junit.Assert.fail(Assert.java:92)
	at org.junit.Assert.assertTrue(Assert.java:43)
	at org.junit.Assert.assertTrue(Assert.java:54)
	at org.apache.ambari.server.agent.TestActionQueue.testConcurrentOperations(TestActionQueue.java:192)
	at sun.reflect.NativeMethodAccessorImpl.invoke0(Native Method)
	at sun.reflect.NativeMethodAccessorImpl.invoke(NativeMethodAccessorImpl.java:62)
	at sun.reflect.DelegatingMethodAccessorImpl.invoke(DelegatingMethodAccessorImpl.java:43)
	at java.lang.reflect.Method.invoke(Method.java:498)
	at org.junit.runners.model.FrameworkMethod$1.runReflectiveCall(FrameworkMethod.java:45)
	at org.junit.internal.runners.model.ReflectiveCallable.run(ReflectiveCallable.java:15)
	at org.junit.runners.model.FrameworkMethod.invokeExplosively(FrameworkMethod.java:42)
	at org.junit.internal.runners.statements.InvokeMethod.evaluate(InvokeMethod.java:20)
	at org.junit.runners.ParentRunner.runLeaf(ParentRunner.java:263)
	at org.junit.runners.BlockJUnit4ClassRunner.runChild(BlockJUnit4ClassRunner.java:68)
	at org.junit.runners.BlockJUnit4ClassRunner.runChild(BlockJUnit4ClassRunner.java:47)
	at org.junit.runners.ParentRunner$3.run(ParentRunner.java:231)
	at org.junit.runners.ParentRunner$1.schedule(ParentRunner.java:60)
	at org.junit.runners.ParentRunner.runChildren(ParentRunner.java:229)
	at org.junit.runners.ParentRunner.access$000(ParentRunner.java:50)
	at org.junit.runners.ParentRunner$2.evaluate(ParentRunner.java:222)
	at org.junit.runners.ParentRunner.run(ParentRunner.java:300)
	at org.junit.runner.JUnitCore.run(JUnitCore.java:157)
	at org.junit.runner.JUnitCore.run(JUnitCore.java:136)
	at edu.gmu.swe.flaky.sleepy.runner.SleepyTestRunner.main(SleepyTestRunner.java:68)

INFO:FromJava:FAILURE
INFO:FromJava:OK
INFO:FromJava:Failure:
INFO:FromJava:testConcurrentOperations(org.apache.ambari.server.agent.TestActionQueue)java.lang.AssertionError
	at org.junit.Assert.fail(Assert.java:92)
	at org.junit.Assert.assertTrue(Assert.java:43)
	at org.junit.Assert.assertTrue(Assert.java:54)
	at org.apache.ambari.server.agent.TestActionQueue.testConcurrentOperations(TestActionQueue.java:192)
	at sun.reflect.NativeMethodAccessorImpl.invoke0(Native Method)
	at sun.reflect.NativeMethodAccessorImpl.invoke(NativeMethodAccessorImpl.java:62)
	at sun.reflect.DelegatingMethodAccessorImpl.invoke(DelegatingMethodAccessorImpl.java:43)
	at java.lang.reflect.Method.invoke(Method.java:498)
	at org.junit.runners.model.FrameworkMethod$1.runReflectiveCall(FrameworkMethod.java:45)
	at org.junit.internal.runners.model.ReflectiveCallable.run(ReflectiveCallable.java:15)
	at org.junit.runners.model.FrameworkMethod.invokeExplosively(FrameworkMethod.java:42)
	at org.junit.internal.runners.statements.InvokeMethod.evaluate(InvokeMethod.java:20)
	at org.junit.runners.ParentRunner.runLeaf(ParentRunner.java:263)
	at org.junit.runners.BlockJUnit4ClassRunner.runChild(BlockJUnit4ClassRunner.java:68)
	at org.junit.runners.BlockJUnit4ClassRunner.runChild(BlockJUnit4ClassRunner.java:47)
	at org.junit.runners.ParentRunner$3.run(ParentRunner.java:231)
	at org.junit.runners.ParentRunner$1.schedule(ParentRunner.java:60)
	at org.junit.runners.ParentRunner.runChildren(ParentRunner.java:229)
	at org.junit.runners.ParentRunner.access$000(ParentRunner.java:50)
	at org.junit.runners.ParentRunner$2.evaluate(ParentRunner.java:222)
	at org.junit.runners.ParentRunner.run(ParentRunner.java:300)
	at org.junit.runner.JUnitCore.run(JUnitCore.java:157)
	at org.junit.runner.JUnitCore.run(JUnitCore.java:136)
	at edu.gmu.swe.flaky.sleepy.runner.SleepyTestRunner.main(SleepyTestRunner.java:68)

INFO:FromJava:FAILURE
INFO:FromJava:OK
INFO:FromJava:Failure:
INFO:FromJava:testConcurrentOperations(org.apache.ambari.server.agent.TestActionQueue)java.lang.AssertionError: expected:<0> but was:<2>
	at org.junit.Assert.fail(Assert.java:93)
	at org.junit.Assert.failNotEquals(Assert.java:647)
	at org.junit.Assert.assertEquals(Assert.java:128)
	at org.junit.Assert.assertEquals(Assert.java:472)
	at org.junit.Assert.assertEquals(Assert.java:456)
	at org.apache.ambari.server.agent.TestActionQueue.testConcurrentOperations(TestActionQueue.java:193)
	at sun.reflect.NativeMethodAccessorImpl.invoke0(Native Method)
	at sun.reflect.NativeMethodAccessorImpl.invoke(NativeMethodAccessorImpl.java:62)
	at sun.reflect.DelegatingMethodAccessorImpl.invoke(DelegatingMethodAccessorImpl.java:43)
	at java.lang.reflect.Method.invoke(Method.java:498)
	at org.junit.runners.model.FrameworkMethod$1.runReflectiveCall(FrameworkMethod.java:45)
	at org.junit.internal.runners.model.ReflectiveCallable.run(ReflectiveCallable.java:15)
	at org.junit.runners.model.FrameworkMethod.invokeExplosively(FrameworkMethod.java:42)
	at org.junit.internal.runners.statements.InvokeMethod.evaluate(InvokeMethod.java:20)
	at org.junit.runners.ParentRunner.runLeaf(ParentRunner.java:263)
	at org.junit.runners.BlockJUnit4ClassRunner.runChild(BlockJUnit4ClassRunner.java:68)
	at org.junit.runners.BlockJUnit4ClassRunner.runChild(BlockJUnit4ClassRunner.java:47)
	at org.junit.runners.ParentRunner$3.run(ParentRunner.java:231)
	at org.junit.runners.ParentRunner$1.schedule(ParentRunner.java:60)
	at org.junit.runners.ParentRunner.runChildren(ParentRunner.java:229)
	at org.junit.runners.ParentRunner.access$000(ParentRunner.java:50)
	at org.junit.runners.ParentRunner$2.evaluate(ParentRunner.java:222)
	at org.junit.runners.ParentRunner.run(ParentRunner.java:300)
	at org.junit.runner.JUnitCore.run(JUnitCore.java:157)
	at org.junit.runner.JUnitCore.run(JUnitCore.java:136)
	at edu.gmu.swe.flaky.sleepy.runner.SleepyTestRunner.main(SleepyTestRunner.java:68)

INFO:FromJava:FAILURE
INFO:FromJava:Failure:
INFO:FromJava:testConcurrentOperations(org.apache.ambari.server.agent.TestActionQueue)java.lang.AssertionError
	at org.junit.Assert.fail(Assert.java:92)
	at org.junit.Assert.assertTrue(Assert.java:43)
	at org.junit.Assert.assertTrue(Assert.java:54)
	at org.apache.ambari.server.agent.TestActionQueue.testConcurrentOperations(TestActionQueue.java:192)
	at sun.reflect.NativeMethodAccessorImpl.invoke0(Native Method)
	at sun.reflect.NativeMethodAccessorImpl.invoke(NativeMethodAccessorImpl.java:62)
	at sun.reflect.DelegatingMethodAccessorImpl.invoke(DelegatingMethodAccessorImpl.java:43)
	at java.lang.reflect.Method.invoke(Method.java:498)
	at org.junit.runners.model.FrameworkMethod$1.runReflectiveCall(FrameworkMethod.java:45)
	at org.junit.internal.runners.model.ReflectiveCallable.run(ReflectiveCallable.java:15)
	at org.junit.runners.model.FrameworkMethod.invokeExplosively(FrameworkMethod.java:42)
	at org.junit.internal.runners.statements.InvokeMethod.evaluate(InvokeMethod.java:20)
	at org.junit.runners.ParentRunner.runLeaf(ParentRunner.java:263)
	at org.junit.runners.BlockJUnit4ClassRunner.runChild(BlockJUnit4ClassRunner.java:68)
	at org.junit.runners.BlockJUnit4ClassRunner.runChild(BlockJUnit4ClassRunner.java:47)
	at org.junit.runners.ParentRunner$3.run(ParentRunner.java:231)
	at org.junit.runners.ParentRunner$1.schedule(ParentRunner.java:60)
	at org.junit.runners.ParentRunner.runChildren(ParentRunner.java:229)
	at org.junit.runners.ParentRunner.access$000(ParentRunner.java:50)
	at org.junit.runners.ParentRunner$2.evaluate(ParentRunner.java:222)
	at org.junit.runners.ParentRunner.run(ParentRunner.java:300)
	at org.junit.runner.JUnitCore.run(JUnitCore.java:157)
	at org.junit.runner.JUnitCore.run(JUnitCore.java:136)
	at edu.gmu.swe.flaky.sleepy.runner.SleepyTestRunner.main(SleepyTestRunner.java:68)

INFO:FromJava:FAILURE
INFO:FromJava:Failure:
INFO:FromJava:testConcurrentOperations(org.apache.ambari.server.agent.TestActionQueue)java.lang.AssertionError: expected:<86> but was:<100>
	at org.junit.Assert.fail(Assert.java:93)
	at org.junit.Assert.failNotEquals(Assert.java:647)
	at org.junit.Assert.assertEquals(Assert.java:128)
	at org.junit.Assert.assertEquals(Assert.java:472)
	at org.junit.Assert.assertEquals(Assert.java:456)
	at org.apache.ambari.server.agent.TestActionQueue.testConcurrentOperations(TestActionQueue.java:196)
	at sun.reflect.NativeMethodAccessorImpl.invoke0(Native Method)
	at sun.reflect.NativeMethodAccessorImpl.invoke(NativeMethodAccessorImpl.java:62)
	at sun.reflect.DelegatingMethodAccessorImpl.invoke(DelegatingMethodAccessorImpl.java:43)
	at java.lang.reflect.Method.invoke(Method.java:498)
	at org.junit.runners.model.FrameworkMethod$1.runReflectiveCall(FrameworkMethod.java:45)
	at org.junit.internal.runners.model.ReflectiveCallable.run(ReflectiveCallable.java:15)
	at org.junit.runners.model.FrameworkMethod.invokeExplosively(FrameworkMethod.java:42)
	at org.junit.internal.runners.statements.InvokeMethod.evaluate(InvokeMethod.java:20)
	at org.junit.runners.ParentRunner.runLeaf(ParentRunner.java:263)
	at org.junit.runners.BlockJUnit4ClassRunner.runChild(BlockJUnit4ClassRunner.java:68)
	at org.junit.runners.BlockJUnit4ClassRunner.runChild(BlockJUnit4ClassRunner.java:47)
	at org.junit.runners.ParentRunner$3.run(ParentRunner.java:231)
	at org.junit.runners.ParentRunner$1.schedule(ParentRunner.java:60)
	at org.junit.runners.ParentRunner.runChildren(ParentRunner.java:229)
	at org.junit.runners.ParentRunner.access$000(ParentRunner.java:50)
	at org.junit.runners.ParentRunner$2.evaluate(ParentRunner.java:222)
	at org.junit.runners.ParentRunner.run(ParentRunner.java:300)
	at org.junit.runner.JUnitCore.run(JUnitCore.java:157)
	at org.junit.runner.JUnitCore.run(JUnitCore.java:136)
	at edu.gmu.swe.flaky.sleepy.runner.SleepyTestRunner.main(SleepyTestRunner.java:68)

INFO:FromJava:FAILURE
INFO:FromJava:Failure:
INFO:FromJava:testConcurrentOperations(org.apache.ambari.server.agent.TestActionQueue)java.lang.AssertionError: expected:<0> but was:<1>
	at org.junit.Assert.fail(Assert.java:93)
	at org.junit.Assert.failNotEquals(Assert.java:647)
	at org.junit.Assert.assertEquals(Assert.java:128)
	at org.junit.Assert.assertEquals(Assert.java:472)
	at org.junit.Assert.assertEquals(Assert.java:456)
	at org.apache.ambari.server.agent.TestActionQueue.testConcurrentOperations(TestActionQueue.java:193)
	at sun.reflect.NativeMethodAccessorImpl.invoke0(Native Method)
	at sun.reflect.NativeMethodAccessorImpl.invoke(NativeMethodAccessorImpl.java:62)
	at sun.reflect.DelegatingMethodAccessorImpl.invoke(DelegatingMethodAccessorImpl.java:43)
	at java.lang.reflect.Method.invoke(Method.java:498)
	at org.junit.runners.model.FrameworkMethod$1.runReflectiveCall(FrameworkMethod.java:45)
	at org.junit.internal.runners.model.ReflectiveCallable.run(ReflectiveCallable.java:15)
	at org.junit.runners.model.FrameworkMethod.invokeExplosively(FrameworkMethod.java:42)
	at org.junit.internal.runners.statements.InvokeMethod.evaluate(InvokeMethod.java:20)
	at org.junit.runners.ParentRunner.runLeaf(ParentRunner.java:263)
	at org.junit.runners.BlockJUnit4ClassRunner.runChild(BlockJUnit4ClassRunner.java:68)
	at org.junit.runners.BlockJUnit4ClassRunner.runChild(BlockJUnit4ClassRunner.java:47)
	at org.junit.runners.ParentRunner$3.run(ParentRunner.java:231)
	at org.junit.runners.ParentRunner$1.schedule(ParentRunner.java:60)
	at org.junit.runners.ParentRunner.runChildren(ParentRunner.java:229)
	at org.junit.runners.ParentRunner.access$000(ParentRunner.java:50)
	at org.junit.runners.ParentRunner$2.evaluate(ParentRunner.java:222)
	at org.junit.runners.ParentRunner.run(ParentRunner.java:300)
	at org.junit.runner.JUnitCore.run(JUnitCore.java:157)
	at org.junit.runner.JUnitCore.run(JUnitCore.java:136)
	at edu.gmu.swe.flaky.sleepy.runner.SleepyTestRunner.main(SleepyTestRunner.java:68)

INFO:FromJava:FAILURE
INFO:FromJava:Failure:
INFO:FromJava:testConcurrentOperations(org.apache.ambari.server.agent.TestActionQueue)java.lang.AssertionError: expected:<154> but was:<155>
	at org.junit.Assert.fail(Assert.java:93)
	at org.junit.Assert.failNotEquals(Assert.java:647)
	at org.junit.Assert.assertEquals(Assert.java:128)
	at org.junit.Assert.assertEquals(Assert.java:472)
	at org.junit.Assert.assertEquals(Assert.java:456)
	at org.apache.ambari.server.agent.TestActionQueue.testConcurrentOperations(TestActionQueue.java:196)
	at sun.reflect.NativeMethodAccessorImpl.invoke0(Native Method)
	at sun.reflect.NativeMethodAccessorImpl.invoke(NativeMethodAccessorImpl.java:62)
	at sun.reflect.DelegatingMethodAccessorImpl.invoke(DelegatingMethodAccessorImpl.java:43)
	at java.lang.reflect.Method.invoke(Method.java:498)
	at org.junit.runners.model.FrameworkMethod$1.runReflectiveCall(FrameworkMethod.java:45)
	at org.junit.internal.runners.model.ReflectiveCallable.run(ReflectiveCallable.java:15)
	at org.junit.runners.model.FrameworkMethod.invokeExplosively(FrameworkMethod.java:42)
	at org.junit.internal.runners.statements.InvokeMethod.evaluate(InvokeMethod.java:20)
	at org.junit.runners.ParentRunner.runLeaf(ParentRunner.java:263)
	at org.junit.runners.BlockJUnit4ClassRunner.runChild(BlockJUnit4ClassRunner.java:68)
	at org.junit.runners.BlockJUnit4ClassRunner.runChild(BlockJUnit4ClassRunner.java:47)
	at org.junit.runners.ParentRunner$3.run(ParentRunner.java:231)
	at org.junit.runners.ParentRunner$1.schedule(ParentRunner.java:60)
	at org.junit.runners.ParentRunner.runChildren(ParentRunner.java:229)
	at org.junit.runners.ParentRunner.access$000(ParentRunner.java:50)
	at org.junit.runners.ParentRunner$2.evaluate(ParentRunner.java:222)
	at org.junit.runners.ParentRunner.run(ParentRunner.java:300)
	at org.junit.runner.JUnitCore.run(JUnitCore.java:157)
	at org.junit.runner.JUnitCore.run(JUnitCore.java:136)
	at edu.gmu.swe.flaky.sleepy.runner.SleepyTestRunner.main(SleepyTestRunner.java:68)

INFO:FromJava:FAILURE
INFO:FromJava:Failure:
INFO:FromJava:testConcurrentOperations(org.apache.ambari.server.agent.TestActionQueue)java.lang.AssertionError: expected:<21> but was:<22>
	at org.junit.Assert.fail(Assert.java:93)
	at org.junit.Assert.failNotEquals(Assert.java:647)
	at org.junit.Assert.assertEquals(Assert.java:128)
	at org.junit.Assert.assertEquals(Assert.java:472)
	at org.junit.Assert.assertEquals(Assert.java:456)
	at org.apache.ambari.server.agent.TestActionQueue.testConcurrentOperations(TestActionQueue.java:196)
	at sun.reflect.NativeMethodAccessorImpl.invoke0(Native Method)
	at sun.reflect.NativeMethodAccessorImpl.invoke(NativeMethodAccessorImpl.java:62)
	at sun.reflect.DelegatingMethodAccessorImpl.invoke(DelegatingMethodAccessorImpl.java:43)
	at java.lang.reflect.Method.invoke(Method.java:498)
	at org.junit.runners.model.FrameworkMethod$1.runReflectiveCall(FrameworkMethod.java:45)
	at org.junit.internal.runners.model.ReflectiveCallable.run(ReflectiveCallable.java:15)
	at org.junit.runners.model.FrameworkMethod.invokeExplosively(FrameworkMethod.java:42)
	at org.junit.internal.runners.statements.InvokeMethod.evaluate(InvokeMethod.java:20)
	at org.junit.runners.ParentRunner.runLeaf(ParentRunner.java:263)
	at org.junit.runners.BlockJUnit4ClassRunner.runChild(BlockJUnit4ClassRunner.java:68)
	at org.junit.runners.BlockJUnit4ClassRunner.runChild(BlockJUnit4ClassRunner.java:47)
	at org.junit.runners.ParentRunner$3.run(ParentRunner.java:231)
	at org.junit.runners.ParentRunner$1.schedule(ParentRunner.java:60)
	at org.junit.runners.ParentRunner.runChildren(ParentRunner.java:229)
	at org.junit.runners.ParentRunner.access$000(ParentRunner.java:50)
	at org.junit.runners.ParentRunner$2.evaluate(ParentRunner.java:222)
	at org.junit.runners.ParentRunner.run(ParentRunner.java:300)
	at org.junit.runner.JUnitCore.run(JUnitCore.java:157)
	at org.junit.runner.JUnitCore.run(JUnitCore.java:136)
	at edu.gmu.swe.flaky.sleepy.runner.SleepyTestRunner.main(SleepyTestRunner.java:68)

INFO:FromJava:FAILURE
INFO:FromJava:OK
INFO:FromJava:OK
INFO:FromJava:Failure:
INFO:FromJava:testConcurrentOperations(org.apache.ambari.server.agent.TestActionQueue)java.lang.AssertionError: expected:<10> but was:<84>
	at org.junit.Assert.fail(Assert.java:93)
	at org.junit.Assert.failNotEquals(Assert.java:647)
	at org.junit.Assert.assertEquals(Assert.java:128)
	at org.junit.Assert.assertEquals(Assert.java:472)
	at org.junit.Assert.assertEquals(Assert.java:456)
	at org.apache.ambari.server.agent.TestActionQueue.testConcurrentOperations(TestActionQueue.java:196)
	at sun.reflect.NativeMethodAccessorImpl.invoke0(Native Method)
	at sun.reflect.NativeMethodAccessorImpl.invoke(NativeMethodAccessorImpl.java:62)
	at sun.reflect.DelegatingMethodAccessorImpl.invoke(DelegatingMethodAccessorImpl.java:43)
	at java.lang.reflect.Method.invoke(Method.java:498)
	at org.junit.runners.model.FrameworkMethod$1.runReflectiveCall(FrameworkMethod.java:45)
	at org.junit.internal.runners.model.ReflectiveCallable.run(ReflectiveCallable.java:15)
	at org.junit.runners.model.FrameworkMethod.invokeExplosively(FrameworkMethod.java:42)
	at org.junit.internal.runners.statements.InvokeMethod.evaluate(InvokeMethod.java:20)
	at org.junit.runners.ParentRunner.runLeaf(ParentRunner.java:263)
	at org.junit.runners.BlockJUnit4ClassRunner.runChild(BlockJUnit4ClassRunner.java:68)
	at org.junit.runners.BlockJUnit4ClassRunner.runChild(BlockJUnit4ClassRunner.java:47)
	at org.junit.runners.ParentRunner$3.run(ParentRunner.java:231)
	at org.junit.runners.ParentRunner$1.schedule(ParentRunner.java:60)
	at org.junit.runners.ParentRunner.runChildren(ParentRunner.java:229)
	at org.junit.runners.ParentRunner.access$000(ParentRunner.java:50)
	at org.junit.runners.ParentRunner$2.evaluate(ParentRunner.java:222)
	at org.junit.runners.ParentRunner.run(ParentRunner.java:300)
	at org.junit.runner.JUnitCore.run(JUnitCore.java:157)
	at org.junit.runner.JUnitCore.run(JUnitCore.java:136)
	at edu.gmu.swe.flaky.sleepy.runner.SleepyTestRunner.main(SleepyTestRunner.java:68)

INFO:FromJava:FAILURE
INFO:FromJava:Failure:
INFO:FromJava:testConcurrentOperations(org.apache.ambari.server.agent.TestActionQueue)java.lang.AssertionError: expected:<0> but was:<1>
	at org.junit.Assert.fail(Assert.java:93)
	at org.junit.Assert.failNotEquals(Assert.java:647)
	at org.junit.Assert.assertEquals(Assert.java:128)
	at org.junit.Assert.assertEquals(Assert.java:472)
	at org.junit.Assert.assertEquals(Assert.java:456)
	at org.apache.ambari.server.agent.TestActionQueue.testConcurrentOperations(TestActionQueue.java:196)
	at sun.reflect.NativeMethodAccessorImpl.invoke0(Native Method)
	at sun.reflect.NativeMethodAccessorImpl.invoke(NativeMethodAccessorImpl.java:62)
	at sun.reflect.DelegatingMethodAccessorImpl.invoke(DelegatingMethodAccessorImpl.java:43)
	at java.lang.reflect.Method.invoke(Method.java:498)
	at org.junit.runners.model.FrameworkMethod$1.runReflectiveCall(FrameworkMethod.java:45)
	at org.junit.internal.runners.model.ReflectiveCallable.run(ReflectiveCallable.java:15)
	at org.junit.runners.model.FrameworkMethod.invokeExplosively(FrameworkMethod.java:42)
	at org.junit.internal.runners.statements.InvokeMethod.evaluate(InvokeMethod.java:20)
	at org.junit.runners.ParentRunner.runLeaf(ParentRunner.java:263)
	at org.junit.runners.BlockJUnit4ClassRunner.runChild(BlockJUnit4ClassRunner.java:68)
	at org.junit.runners.BlockJUnit4ClassRunner.runChild(BlockJUnit4ClassRunner.java:47)
	at org.junit.runners.ParentRunner$3.run(ParentRunner.java:231)
	at org.junit.runners.ParentRunner$1.schedule(ParentRunner.java:60)
	at org.junit.runners.ParentRunner.runChildren(ParentRunner.java:229)
	at org.junit.runners.ParentRunner.access$000(ParentRunner.java:50)
	at org.junit.runners.ParentRunner$2.evaluate(ParentRunner.java:222)
	at org.junit.runners.ParentRunner.run(ParentRunner.java:300)
	at org.junit.runner.JUnitCore.run(JUnitCore.java:157)
	at org.junit.runner.JUnitCore.run(JUnitCore.java:136)
	at edu.gmu.swe.flaky.sleepy.runner.SleepyTestRunner.main(SleepyTestRunner.java:68)

INFO:FromJava:FAILURE
INFO:FromJava:OK
INFO:FromJava:OK
INFO:FromJava:OK
INFO:FromJava:OK
INFO:FromJava:Failure:
INFO:FromJava:testConcurrentOperations(org.apache.ambari.server.agent.TestActionQueue)java.lang.AssertionError
	at org.junit.Assert.fail(Assert.java:92)
	at org.junit.Assert.assertTrue(Assert.java:43)
	at org.junit.Assert.assertTrue(Assert.java:54)
	at org.apache.ambari.server.agent.TestActionQueue.testConcurrentOperations(TestActionQueue.java:192)
	at sun.reflect.NativeMethodAccessorImpl.invoke0(Native Method)
	at sun.reflect.NativeMethodAccessorImpl.invoke(NativeMethodAccessorImpl.java:62)
	at sun.reflect.DelegatingMethodAccessorImpl.invoke(DelegatingMethodAccessorImpl.java:43)
	at java.lang.reflect.Method.invoke(Method.java:498)
	at org.junit.runners.model.FrameworkMethod$1.runReflectiveCall(FrameworkMethod.java:45)
	at org.junit.internal.runners.model.ReflectiveCallable.run(ReflectiveCallable.java:15)
	at org.junit.runners.model.FrameworkMethod.invokeExplosively(FrameworkMethod.java:42)
	at org.junit.internal.runners.statements.InvokeMethod.evaluate(InvokeMethod.java:20)
	at org.junit.runners.ParentRunner.runLeaf(ParentRunner.java:263)
	at org.junit.runners.BlockJUnit4ClassRunner.runChild(BlockJUnit4ClassRunner.java:68)
	at org.junit.runners.BlockJUnit4ClassRunner.runChild(BlockJUnit4ClassRunner.java:47)
	at org.junit.runners.ParentRunner$3.run(ParentRunner.java:231)
	at org.junit.runners.ParentRunner$1.schedule(ParentRunner.java:60)
	at org.junit.runners.ParentRunner.runChildren(ParentRunner.java:229)
	at org.junit.runners.ParentRunner.access$000(ParentRunner.java:50)
	at org.junit.runners.ParentRunner$2.evaluate(ParentRunner.java:222)
	at org.junit.runners.ParentRunner.run(ParentRunner.java:300)
	at org.junit.runner.JUnitCore.run(JUnitCore.java:157)
	at org.junit.runner.JUnitCore.run(JUnitCore.java:136)
	at edu.gmu.swe.flaky.sleepy.runner.SleepyTestRunner.main(SleepyTestRunner.java:68)

INFO:FromJava:FAILURE
INFO:FromJava:Failure:
INFO:FromJava:testConcurrentOperations(org.apache.ambari.server.agent.TestActionQueue)java.lang.AssertionError
	at org.junit.Assert.fail(Assert.java:92)
	at org.junit.Assert.assertTrue(Assert.java:43)
	at org.junit.Assert.assertTrue(Assert.java:54)
	at org.apache.ambari.server.agent.TestActionQueue.testConcurrentOperations(TestActionQueue.java:192)
	at sun.reflect.NativeMethodAccessorImpl.invoke0(Native Method)
	at sun.reflect.NativeMethodAccessorImpl.invoke(NativeMethodAccessorImpl.java:62)
	at sun.reflect.DelegatingMethodAccessorImpl.invoke(DelegatingMethodAccessorImpl.java:43)
	at java.lang.reflect.Method.invoke(Method.java:498)
	at org.junit.runners.model.FrameworkMethod$1.runReflectiveCall(FrameworkMethod.java:45)
	at org.junit.internal.runners.model.ReflectiveCallable.run(ReflectiveCallable.java:15)
	at org.junit.runners.model.FrameworkMethod.invokeExplosively(FrameworkMethod.java:42)
	at org.junit.internal.runners.statements.InvokeMethod.evaluate(InvokeMethod.java:20)
	at org.junit.runners.ParentRunner.runLeaf(ParentRunner.java:263)
	at org.junit.runners.BlockJUnit4ClassRunner.runChild(BlockJUnit4ClassRunner.java:68)
	at org.junit.runners.BlockJUnit4ClassRunner.runChild(BlockJUnit4ClassRunner.java:47)
	at org.junit.runners.ParentRunner$3.run(ParentRunner.java:231)
	at org.junit.runners.ParentRunner$1.schedule(ParentRunner.java:60)
	at org.junit.runners.ParentRunner.runChildren(ParentRunner.java:229)
	at org.junit.runners.ParentRunner.access$000(ParentRunner.java:50)
	at org.junit.runners.ParentRunner$2.evaluate(ParentRunner.java:222)
	at org.junit.runners.ParentRunner.run(ParentRunner.java:300)
	at org.junit.runner.JUnitCore.run(JUnitCore.java:157)
	at org.junit.runner.JUnitCore.run(JUnitCore.java:136)
	at edu.gmu.swe.flaky.sleepy.runner.SleepyTestRunner.main(SleepyTestRunner.java:68)

INFO:FromJava:FAILURE
INFO:FromJava:Failure:
INFO:FromJava:testConcurrentOperations(org.apache.ambari.server.agent.TestActionQueue)java.lang.AssertionError
	at org.junit.Assert.fail(Assert.java:92)
	at org.junit.Assert.assertTrue(Assert.java:43)
	at org.junit.Assert.assertTrue(Assert.java:54)
	at org.apache.ambari.server.agent.TestActionQueue.testConcurrentOperations(TestActionQueue.java:192)
	at sun.reflect.NativeMethodAccessorImpl.invoke0(Native Method)
	at sun.reflect.NativeMethodAccessorImpl.invoke(NativeMethodAccessorImpl.java:62)
	at sun.reflect.DelegatingMethodAccessorImpl.invoke(DelegatingMethodAccessorImpl.java:43)
	at java.lang.reflect.Method.invoke(Method.java:498)
	at org.junit.runners.model.FrameworkMethod$1.runReflectiveCall(FrameworkMethod.java:45)
	at org.junit.internal.runners.model.ReflectiveCallable.run(ReflectiveCallable.java:15)
	at org.junit.runners.model.FrameworkMethod.invokeExplosively(FrameworkMethod.java:42)
	at org.junit.internal.runners.statements.InvokeMethod.evaluate(InvokeMethod.java:20)
	at org.junit.runners.ParentRunner.runLeaf(ParentRunner.java:263)
	at org.junit.runners.BlockJUnit4ClassRunner.runChild(BlockJUnit4ClassRunner.java:68)
	at org.junit.runners.BlockJUnit4ClassRunner.runChild(BlockJUnit4ClassRunner.java:47)
	at org.junit.runners.ParentRunner$3.run(ParentRunner.java:231)
	at org.junit.runners.ParentRunner$1.schedule(ParentRunner.java:60)
	at org.junit.runners.ParentRunner.runChildren(ParentRunner.java:229)
	at org.junit.runners.ParentRunner.access$000(ParentRunner.java:50)
	at org.junit.runners.ParentRunner$2.evaluate(ParentRunner.java:222)
	at org.junit.runners.ParentRunner.run(ParentRunner.java:300)
	at org.junit.runner.JUnitCore.run(JUnitCore.java:157)
	at org.junit.runner.JUnitCore.run(JUnitCore.java:136)
	at edu.gmu.swe.flaky.sleepy.runner.SleepyTestRunner.main(SleepyTestRunner.java:68)

INFO:FromJava:FAILURE
INFO:FromJava:OK
INFO:FromJava:Failure:
INFO:FromJava:testConcurrentOperations(org.apache.ambari.server.agent.TestActionQueue)java.lang.AssertionError
	at org.junit.Assert.fail(Assert.java:92)
	at org.junit.Assert.assertTrue(Assert.java:43)
	at org.junit.Assert.assertTrue(Assert.java:54)
	at org.apache.ambari.server.agent.TestActionQueue.testConcurrentOperations(TestActionQueue.java:192)
	at sun.reflect.NativeMethodAccessorImpl.invoke0(Native Method)
	at sun.reflect.NativeMethodAccessorImpl.invoke(NativeMethodAccessorImpl.java:62)
	at sun.reflect.DelegatingMethodAccessorImpl.invoke(DelegatingMethodAccessorImpl.java:43)
	at java.lang.reflect.Method.invoke(Method.java:498)
	at org.junit.runners.model.FrameworkMethod$1.runReflectiveCall(FrameworkMethod.java:45)
	at org.junit.internal.runners.model.ReflectiveCallable.run(ReflectiveCallable.java:15)
	at org.junit.runners.model.FrameworkMethod.invokeExplosively(FrameworkMethod.java:42)
	at org.junit.internal.runners.statements.InvokeMethod.evaluate(InvokeMethod.java:20)
	at org.junit.runners.ParentRunner.runLeaf(ParentRunner.java:263)
	at org.junit.runners.BlockJUnit4ClassRunner.runChild(BlockJUnit4ClassRunner.java:68)
	at org.junit.runners.BlockJUnit4ClassRunner.runChild(BlockJUnit4ClassRunner.java:47)
	at org.junit.runners.ParentRunner$3.run(ParentRunner.java:231)
	at org.junit.runners.ParentRunner$1.schedule(ParentRunner.java:60)
	at org.junit.runners.ParentRunner.runChildren(ParentRunner.java:229)
	at org.junit.runners.ParentRunner.access$000(ParentRunner.java:50)
	at org.junit.runners.ParentRunner$2.evaluate(ParentRunner.java:222)
	at org.junit.runners.ParentRunner.run(ParentRunner.java:300)
	at org.junit.runner.JUnitCore.run(JUnitCore.java:157)
	at org.junit.runner.JUnitCore.run(JUnitCore.java:136)
	at edu.gmu.swe.flaky.sleepy.runner.SleepyTestRunner.main(SleepyTestRunner.java:68)

INFO:FromJava:FAILURE
INFO:FromJava:OK
INFO:FromJava:Failure:
INFO:FromJava:testConcurrentOperations(org.apache.ambari.server.agent.TestActionQueue)java.lang.AssertionError
	at org.junit.Assert.fail(Assert.java:92)
	at org.junit.Assert.assertTrue(Assert.java:43)
	at org.junit.Assert.assertTrue(Assert.java:54)
	at org.apache.ambari.server.agent.TestActionQueue.testConcurrentOperations(TestActionQueue.java:192)
	at sun.reflect.NativeMethodAccessorImpl.invoke0(Native Method)
	at sun.reflect.NativeMethodAccessorImpl.invoke(NativeMethodAccessorImpl.java:62)
	at sun.reflect.DelegatingMethodAccessorImpl.invoke(DelegatingMethodAccessorImpl.java:43)
	at java.lang.reflect.Method.invoke(Method.java:498)
	at org.junit.runners.model.FrameworkMethod$1.runReflectiveCall(FrameworkMethod.java:45)
	at org.junit.internal.runners.model.ReflectiveCallable.run(ReflectiveCallable.java:15)
	at org.junit.runners.model.FrameworkMethod.invokeExplosively(FrameworkMethod.java:42)
	at org.junit.internal.runners.statements.InvokeMethod.evaluate(InvokeMethod.java:20)
	at org.junit.runners.ParentRunner.runLeaf(ParentRunner.java:263)
	at org.junit.runners.BlockJUnit4ClassRunner.runChild(BlockJUnit4ClassRunner.java:68)
	at org.junit.runners.BlockJUnit4ClassRunner.runChild(BlockJUnit4ClassRunner.java:47)
	at org.junit.runners.ParentRunner$3.run(ParentRunner.java:231)
	at org.junit.runners.ParentRunner$1.schedule(ParentRunner.java:60)
	at org.junit.runners.ParentRunner.runChildren(ParentRunner.java:229)
	at org.junit.runners.ParentRunner.access$000(ParentRunner.java:50)
	at org.junit.runners.ParentRunner$2.evaluate(ParentRunner.java:222)
	at org.junit.runners.ParentRunner.run(ParentRunner.java:300)
	at org.junit.runner.JUnitCore.run(JUnitCore.java:157)
	at org.junit.runner.JUnitCore.run(JUnitCore.java:136)
	at edu.gmu.swe.flaky.sleepy.runner.SleepyTestRunner.main(SleepyTestRunner.java:68)

INFO:FromJava:FAILURE
INFO:FromJava:Failure:
INFO:FromJava:testConcurrentOperations(org.apache.ambari.server.agent.TestActionQueue)java.lang.AssertionError
	at org.junit.Assert.fail(Assert.java:92)
	at org.junit.Assert.assertTrue(Assert.java:43)
	at org.junit.Assert.assertTrue(Assert.java:54)
	at org.apache.ambari.server.agent.TestActionQueue.testConcurrentOperations(TestActionQueue.java:192)
	at sun.reflect.NativeMethodAccessorImpl.invoke0(Native Method)
	at sun.reflect.NativeMethodAccessorImpl.invoke(NativeMethodAccessorImpl.java:62)
	at sun.reflect.DelegatingMethodAccessorImpl.invoke(DelegatingMethodAccessorImpl.java:43)
	at java.lang.reflect.Method.invoke(Method.java:498)
	at org.junit.runners.model.FrameworkMethod$1.runReflectiveCall(FrameworkMethod.java:45)
	at org.junit.internal.runners.model.ReflectiveCallable.run(ReflectiveCallable.java:15)
	at org.junit.runners.model.FrameworkMethod.invokeExplosively(FrameworkMethod.java:42)
	at org.junit.internal.runners.statements.InvokeMethod.evaluate(InvokeMethod.java:20)
	at org.junit.runners.ParentRunner.runLeaf(ParentRunner.java:263)
	at org.junit.runners.BlockJUnit4ClassRunner.runChild(BlockJUnit4ClassRunner.java:68)
	at org.junit.runners.BlockJUnit4ClassRunner.runChild(BlockJUnit4ClassRunner.java:47)
	at org.junit.runners.ParentRunner$3.run(ParentRunner.java:231)
	at org.junit.runners.ParentRunner$1.schedule(ParentRunner.java:60)
	at org.junit.runners.ParentRunner.runChildren(ParentRunner.java:229)
	at org.junit.runners.ParentRunner.access$000(ParentRunner.java:50)
	at org.junit.runners.ParentRunner$2.evaluate(ParentRunner.java:222)
	at org.junit.runners.ParentRunner.run(ParentRunner.java:300)
	at org.junit.runner.JUnitCore.run(JUnitCore.java:157)
	at org.junit.runner.JUnitCore.run(JUnitCore.java:136)
	at edu.gmu.swe.flaky.sleepy.runner.SleepyTestRunner.main(SleepyTestRunner.java:68)

INFO:FromJava:FAILURE
INFO:FromJava:OK
INFO:FromJava:Failure:
INFO:FromJava:testConcurrentOperations(org.apache.ambari.server.agent.TestActionQueue)java.lang.AssertionError: expected:<0> but was:<5>
	at org.junit.Assert.fail(Assert.java:93)
	at org.junit.Assert.failNotEquals(Assert.java:647)
	at org.junit.Assert.assertEquals(Assert.java:128)
	at org.junit.Assert.assertEquals(Assert.java:472)
	at org.junit.Assert.assertEquals(Assert.java:456)
	at org.apache.ambari.server.agent.TestActionQueue.testConcurrentOperations(TestActionQueue.java:193)
	at sun.reflect.NativeMethodAccessorImpl.invoke0(Native Method)
	at sun.reflect.NativeMethodAccessorImpl.invoke(NativeMethodAccessorImpl.java:62)
	at sun.reflect.DelegatingMethodAccessorImpl.invoke(DelegatingMethodAccessorImpl.java:43)
	at java.lang.reflect.Method.invoke(Method.java:498)
	at org.junit.runners.model.FrameworkMethod$1.runReflectiveCall(FrameworkMethod.java:45)
	at org.junit.internal.runners.model.ReflectiveCallable.run(ReflectiveCallable.java:15)
	at org.junit.runners.model.FrameworkMethod.invokeExplosively(FrameworkMethod.java:42)
	at org.junit.internal.runners.statements.InvokeMethod.evaluate(InvokeMethod.java:20)
	at org.junit.runners.ParentRunner.runLeaf(ParentRunner.java:263)
	at org.junit.runners.BlockJUnit4ClassRunner.runChild(BlockJUnit4ClassRunner.java:68)
	at org.junit.runners.BlockJUnit4ClassRunner.runChild(BlockJUnit4ClassRunner.java:47)
	at org.junit.runners.ParentRunner$3.run(ParentRunner.java:231)
	at org.junit.runners.ParentRunner$1.schedule(ParentRunner.java:60)
	at org.junit.runners.ParentRunner.runChildren(ParentRunner.java:229)
	at org.junit.runners.ParentRunner.access$000(ParentRunner.java:50)
	at org.junit.runners.ParentRunner$2.evaluate(ParentRunner.java:222)
	at org.junit.runners.ParentRunner.run(ParentRunner.java:300)
	at org.junit.runner.JUnitCore.run(JUnitCore.java:157)
	at org.junit.runner.JUnitCore.run(JUnitCore.java:136)
	at edu.gmu.swe.flaky.sleepy.runner.SleepyTestRunner.main(SleepyTestRunner.java:68)

INFO:FromJava:FAILURE
INFO:FromJava:OK
INFO:FromJava:OK
INFO:FromJava:Failure:
INFO:FromJava:testConcurrentOperations(org.apache.ambari.server.agent.TestActionQueue)java.lang.AssertionError
	at org.junit.Assert.fail(Assert.java:92)
	at org.junit.Assert.assertTrue(Assert.java:43)
	at org.junit.Assert.assertTrue(Assert.java:54)
	at org.apache.ambari.server.agent.TestActionQueue.testConcurrentOperations(TestActionQueue.java:192)
	at sun.reflect.NativeMethodAccessorImpl.invoke0(Native Method)
	at sun.reflect.NativeMethodAccessorImpl.invoke(NativeMethodAccessorImpl.java:62)
	at sun.reflect.DelegatingMethodAccessorImpl.invoke(DelegatingMethodAccessorImpl.java:43)
	at java.lang.reflect.Method.invoke(Method.java:498)
	at org.junit.runners.model.FrameworkMethod$1.runReflectiveCall(FrameworkMethod.java:45)
	at org.junit.internal.runners.model.ReflectiveCallable.run(ReflectiveCallable.java:15)
	at org.junit.runners.model.FrameworkMethod.invokeExplosively(FrameworkMethod.java:42)
	at org.junit.internal.runners.statements.InvokeMethod.evaluate(InvokeMethod.java:20)
	at org.junit.runners.ParentRunner.runLeaf(ParentRunner.java:263)
	at org.junit.runners.BlockJUnit4ClassRunner.runChild(BlockJUnit4ClassRunner.java:68)
	at org.junit.runners.BlockJUnit4ClassRunner.runChild(BlockJUnit4ClassRunner.java:47)
	at org.junit.runners.ParentRunner$3.run(ParentRunner.java:231)
	at org.junit.runners.ParentRunner$1.schedule(ParentRunner.java:60)
	at org.junit.runners.ParentRunner.runChildren(ParentRunner.java:229)
	at org.junit.runners.ParentRunner.access$000(ParentRunner.java:50)
	at org.junit.runners.ParentRunner$2.evaluate(ParentRunner.java:222)
	at org.junit.runners.ParentRunner.run(ParentRunner.java:300)
	at org.junit.runner.JUnitCore.run(JUnitCore.java:157)
	at org.junit.runner.JUnitCore.run(JUnitCore.java:136)
	at edu.gmu.swe.flaky.sleepy.runner.SleepyTestRunner.main(SleepyTestRunner.java:68)

INFO:FromJava:FAILURE
INFO:FromJava:Failure:
INFO:FromJava:testConcurrentOperations(org.apache.ambari.server.agent.TestActionQueue)java.lang.AssertionError
	at org.junit.Assert.fail(Assert.java:92)
	at org.junit.Assert.assertTrue(Assert.java:43)
	at org.junit.Assert.assertTrue(Assert.java:54)
	at org.apache.ambari.server.agent.TestActionQueue.testConcurrentOperations(TestActionQueue.java:192)
	at sun.reflect.NativeMethodAccessorImpl.invoke0(Native Method)
	at sun.reflect.NativeMethodAccessorImpl.invoke(NativeMethodAccessorImpl.java:62)
	at sun.reflect.DelegatingMethodAccessorImpl.invoke(DelegatingMethodAccessorImpl.java:43)
	at java.lang.reflect.Method.invoke(Method.java:498)
	at org.junit.runners.model.FrameworkMethod$1.runReflectiveCall(FrameworkMethod.java:45)
	at org.junit.internal.runners.model.ReflectiveCallable.run(ReflectiveCallable.java:15)
	at org.junit.runners.model.FrameworkMethod.invokeExplosively(FrameworkMethod.java:42)
	at org.junit.internal.runners.statements.InvokeMethod.evaluate(InvokeMethod.java:20)
	at org.junit.runners.ParentRunner.runLeaf(ParentRunner.java:263)
	at org.junit.runners.BlockJUnit4ClassRunner.runChild(BlockJUnit4ClassRunner.java:68)
	at org.junit.runners.BlockJUnit4ClassRunner.runChild(BlockJUnit4ClassRunner.java:47)
	at org.junit.runners.ParentRunner$3.run(ParentRunner.java:231)
	at org.junit.runners.ParentRunner$1.schedule(ParentRunner.java:60)
	at org.junit.runners.ParentRunner.runChildren(ParentRunner.java:229)
	at org.junit.runners.ParentRunner.access$000(ParentRunner.java:50)
	at org.junit.runners.ParentRunner$2.evaluate(ParentRunner.java:222)
	at org.junit.runners.ParentRunner.run(ParentRunner.java:300)
	at org.junit.runner.JUnitCore.run(JUnitCore.java:157)
	at org.junit.runner.JUnitCore.run(JUnitCore.java:136)
	at edu.gmu.swe.flaky.sleepy.runner.SleepyTestRunner.main(SleepyTestRunner.java:68)

INFO:FromJava:FAILURE
INFO:FromJava:Failure:
INFO:FromJava:testConcurrentOperations(org.apache.ambari.server.agent.TestActionQueue)java.lang.AssertionError
	at org.junit.Assert.fail(Assert.java:92)
	at org.junit.Assert.assertTrue(Assert.java:43)
	at org.junit.Assert.assertTrue(Assert.java:54)
	at org.apache.ambari.server.agent.TestActionQueue.testConcurrentOperations(TestActionQueue.java:192)
	at sun.reflect.NativeMethodAccessorImpl.invoke0(Native Method)
	at sun.reflect.NativeMethodAccessorImpl.invoke(NativeMethodAccessorImpl.java:62)
	at sun.reflect.DelegatingMethodAccessorImpl.invoke(DelegatingMethodAccessorImpl.java:43)
	at java.lang.reflect.Method.invoke(Method.java:498)
	at org.junit.runners.model.FrameworkMethod$1.runReflectiveCall(FrameworkMethod.java:45)
	at org.junit.internal.runners.model.ReflectiveCallable.run(ReflectiveCallable.java:15)
	at org.junit.runners.model.FrameworkMethod.invokeExplosively(FrameworkMethod.java:42)
	at org.junit.internal.runners.statements.InvokeMethod.evaluate(InvokeMethod.java:20)
	at org.junit.runners.ParentRunner.runLeaf(ParentRunner.java:263)
	at org.junit.runners.BlockJUnit4ClassRunner.runChild(BlockJUnit4ClassRunner.java:68)
	at org.junit.runners.BlockJUnit4ClassRunner.runChild(BlockJUnit4ClassRunner.java:47)
	at org.junit.runners.ParentRunner$3.run(ParentRunner.java:231)
	at org.junit.runners.ParentRunner$1.schedule(ParentRunner.java:60)
	at org.junit.runners.ParentRunner.runChildren(ParentRunner.java:229)
	at org.junit.runners.ParentRunner.access$000(ParentRunner.java:50)
	at org.junit.runners.ParentRunner$2.evaluate(ParentRunner.java:222)
	at org.junit.runners.ParentRunner.run(ParentRunner.java:300)
	at org.junit.runner.JUnitCore.run(JUnitCore.java:157)
	at org.junit.runner.JUnitCore.run(JUnitCore.java:136)
	at edu.gmu.swe.flaky.sleepy.runner.SleepyTestRunner.main(SleepyTestRunner.java:68)

INFO:FromJava:FAILURE
INFO:FromJava:Failure:
INFO:FromJava:testConcurrentOperations(org.apache.ambari.server.agent.TestActionQueue)java.lang.AssertionError
	at org.junit.Assert.fail(Assert.java:92)
	at org.junit.Assert.assertTrue(Assert.java:43)
	at org.junit.Assert.assertTrue(Assert.java:54)
	at org.apache.ambari.server.agent.TestActionQueue.testConcurrentOperations(TestActionQueue.java:192)
	at sun.reflect.NativeMethodAccessorImpl.invoke0(Native Method)
	at sun.reflect.NativeMethodAccessorImpl.invoke(NativeMethodAccessorImpl.java:62)
	at sun.reflect.DelegatingMethodAccessorImpl.invoke(DelegatingMethodAccessorImpl.java:43)
	at java.lang.reflect.Method.invoke(Method.java:498)
	at org.junit.runners.model.FrameworkMethod$1.runReflectiveCall(FrameworkMethod.java:45)
	at org.junit.internal.runners.model.ReflectiveCallable.run(ReflectiveCallable.java:15)
	at org.junit.runners.model.FrameworkMethod.invokeExplosively(FrameworkMethod.java:42)
	at org.junit.internal.runners.statements.InvokeMethod.evaluate(InvokeMethod.java:20)
	at org.junit.runners.ParentRunner.runLeaf(ParentRunner.java:263)
	at org.junit.runners.BlockJUnit4ClassRunner.runChild(BlockJUnit4ClassRunner.java:68)
	at org.junit.runners.BlockJUnit4ClassRunner.runChild(BlockJUnit4ClassRunner.java:47)
	at org.junit.runners.ParentRunner$3.run(ParentRunner.java:231)
	at org.junit.runners.ParentRunner$1.schedule(ParentRunner.java:60)
	at org.junit.runners.ParentRunner.runChildren(ParentRunner.java:229)
	at org.junit.runners.ParentRunner.access$000(ParentRunner.java:50)
	at org.junit.runners.ParentRunner$2.evaluate(ParentRunner.java:222)
	at org.junit.runners.ParentRunner.run(ParentRunner.java:300)
	at org.junit.runner.JUnitCore.run(JUnitCore.java:157)
	at org.junit.runner.JUnitCore.run(JUnitCore.java:136)
	at edu.gmu.swe.flaky.sleepy.runner.SleepyTestRunner.main(SleepyTestRunner.java:68)

INFO:FromJava:FAILURE
INFO:FromJava:OK
INFO:FromJava:Failure:
INFO:FromJava:testConcurrentOperations(org.apache.ambari.server.agent.TestActionQueue)java.lang.AssertionError
	at org.junit.Assert.fail(Assert.java:92)
	at org.junit.Assert.assertTrue(Assert.java:43)
	at org.junit.Assert.assertTrue(Assert.java:54)
	at org.apache.ambari.server.agent.TestActionQueue.testConcurrentOperations(TestActionQueue.java:192)
	at sun.reflect.NativeMethodAccessorImpl.invoke0(Native Method)
	at sun.reflect.NativeMethodAccessorImpl.invoke(NativeMethodAccessorImpl.java:62)
	at sun.reflect.DelegatingMethodAccessorImpl.invoke(DelegatingMethodAccessorImpl.java:43)
	at java.lang.reflect.Method.invoke(Method.java:498)
	at org.junit.runners.model.FrameworkMethod$1.runReflectiveCall(FrameworkMethod.java:45)
	at org.junit.internal.runners.model.ReflectiveCallable.run(ReflectiveCallable.java:15)
	at org.junit.runners.model.FrameworkMethod.invokeExplosively(FrameworkMethod.java:42)
	at org.junit.internal.runners.statements.InvokeMethod.evaluate(InvokeMethod.java:20)
	at org.junit.runners.ParentRunner.runLeaf(ParentRunner.java:263)
	at org.junit.runners.BlockJUnit4ClassRunner.runChild(BlockJUnit4ClassRunner.java:68)
	at org.junit.runners.BlockJUnit4ClassRunner.runChild(BlockJUnit4ClassRunner.java:47)
	at org.junit.runners.ParentRunner$3.run(ParentRunner.java:231)
	at org.junit.runners.ParentRunner$1.schedule(ParentRunner.java:60)
	at org.junit.runners.ParentRunner.runChildren(ParentRunner.java:229)
	at org.junit.runners.ParentRunner.access$000(ParentRunner.java:50)
	at org.junit.runners.ParentRunner$2.evaluate(ParentRunner.java:222)
	at org.junit.runners.ParentRunner.run(ParentRunner.java:300)
	at org.junit.runner.JUnitCore.run(JUnitCore.java:157)
	at org.junit.runner.JUnitCore.run(JUnitCore.java:136)
	at edu.gmu.swe.flaky.sleepy.runner.SleepyTestRunner.main(SleepyTestRunner.java:68)

INFO:FromJava:FAILURE
INFO:FromJava:OK
INFO:FromJava:Failure:
INFO:FromJava:testConcurrentOperations(org.apache.ambari.server.agent.TestActionQueue)java.lang.AssertionError
	at org.junit.Assert.fail(Assert.java:92)
	at org.junit.Assert.assertTrue(Assert.java:43)
	at org.junit.Assert.assertTrue(Assert.java:54)
	at org.apache.ambari.server.agent.TestActionQueue.testConcurrentOperations(TestActionQueue.java:192)
	at sun.reflect.NativeMethodAccessorImpl.invoke0(Native Method)
	at sun.reflect.NativeMethodAccessorImpl.invoke(NativeMethodAccessorImpl.java:62)
	at sun.reflect.DelegatingMethodAccessorImpl.invoke(DelegatingMethodAccessorImpl.java:43)
	at java.lang.reflect.Method.invoke(Method.java:498)
	at org.junit.runners.model.FrameworkMethod$1.runReflectiveCall(FrameworkMethod.java:45)
	at org.junit.internal.runners.model.ReflectiveCallable.run(ReflectiveCallable.java:15)
	at org.junit.runners.model.FrameworkMethod.invokeExplosively(FrameworkMethod.java:42)
	at org.junit.internal.runners.statements.InvokeMethod.evaluate(InvokeMethod.java:20)
	at org.junit.runners.ParentRunner.runLeaf(ParentRunner.java:263)
	at org.junit.runners.BlockJUnit4ClassRunner.runChild(BlockJUnit4ClassRunner.java:68)
	at org.junit.runners.BlockJUnit4ClassRunner.runChild(BlockJUnit4ClassRunner.java:47)
	at org.junit.runners.ParentRunner$3.run(ParentRunner.java:231)
	at org.junit.runners.ParentRunner$1.schedule(ParentRunner.java:60)
	at org.junit.runners.ParentRunner.runChildren(ParentRunner.java:229)
	at org.junit.runners.ParentRunner.access$000(ParentRunner.java:50)
	at org.junit.runners.ParentRunner$2.evaluate(ParentRunner.java:222)
	at org.junit.runners.ParentRunner.run(ParentRunner.java:300)
	at org.junit.runner.JUnitCore.run(JUnitCore.java:157)
	at org.junit.runner.JUnitCore.run(JUnitCore.java:136)
	at edu.gmu.swe.flaky.sleepy.runner.SleepyTestRunner.main(SleepyTestRunner.java:68)

INFO:FromJava:FAILURE
INFO:FromJava:OK
INFO:FromJava:Failure:
INFO:FromJava:testConcurrentOperations(org.apache.ambari.server.agent.TestActionQueue)java.lang.AssertionError
	at org.junit.Assert.fail(Assert.java:92)
	at org.junit.Assert.assertTrue(Assert.java:43)
	at org.junit.Assert.assertTrue(Assert.java:54)
	at org.apache.ambari.server.agent.TestActionQueue.testConcurrentOperations(TestActionQueue.java:192)
	at sun.reflect.NativeMethodAccessorImpl.invoke0(Native Method)
	at sun.reflect.NativeMethodAccessorImpl.invoke(NativeMethodAccessorImpl.java:62)
	at sun.reflect.DelegatingMethodAccessorImpl.invoke(DelegatingMethodAccessorImpl.java:43)
	at java.lang.reflect.Method.invoke(Method.java:498)
	at org.junit.runners.model.FrameworkMethod$1.runReflectiveCall(FrameworkMethod.java:45)
	at org.junit.internal.runners.model.ReflectiveCallable.run(ReflectiveCallable.java:15)
	at org.junit.runners.model.FrameworkMethod.invokeExplosively(FrameworkMethod.java:42)
	at org.junit.internal.runners.statements.InvokeMethod.evaluate(InvokeMethod.java:20)
	at org.junit.runners.ParentRunner.runLeaf(ParentRunner.java:263)
	at org.junit.runners.BlockJUnit4ClassRunner.runChild(BlockJUnit4ClassRunner.java:68)
	at org.junit.runners.BlockJUnit4ClassRunner.runChild(BlockJUnit4ClassRunner.java:47)
	at org.junit.runners.ParentRunner$3.run(ParentRunner.java:231)
	at org.junit.runners.ParentRunner$1.schedule(ParentRunner.java:60)
	at org.junit.runners.ParentRunner.runChildren(ParentRunner.java:229)
	at org.junit.runners.ParentRunner.access$000(ParentRunner.java:50)
	at org.junit.runners.ParentRunner$2.evaluate(ParentRunner.java:222)
	at org.junit.runners.ParentRunner.run(ParentRunner.java:300)
	at org.junit.runner.JUnitCore.run(JUnitCore.java:157)
	at org.junit.runner.JUnitCore.run(JUnitCore.java:136)
	at edu.gmu.swe.flaky.sleepy.runner.SleepyTestRunner.main(SleepyTestRunner.java:68)

INFO:FromJava:FAILURE
INFO:FromJava:Failure:
INFO:FromJava:testConcurrentOperations(org.apache.ambari.server.agent.TestActionQueue)java.lang.AssertionError
	at org.junit.Assert.fail(Assert.java:92)
	at org.junit.Assert.assertTrue(Assert.java:43)
	at org.junit.Assert.assertTrue(Assert.java:54)
	at org.apache.ambari.server.agent.TestActionQueue.testConcurrentOperations(TestActionQueue.java:192)
	at sun.reflect.NativeMethodAccessorImpl.invoke0(Native Method)
	at sun.reflect.NativeMethodAccessorImpl.invoke(NativeMethodAccessorImpl.java:62)
	at sun.reflect.DelegatingMethodAccessorImpl.invoke(DelegatingMethodAccessorImpl.java:43)
	at java.lang.reflect.Method.invoke(Method.java:498)
	at org.junit.runners.model.FrameworkMethod$1.runReflectiveCall(FrameworkMethod.java:45)
	at org.junit.internal.runners.model.ReflectiveCallable.run(ReflectiveCallable.java:15)
	at org.junit.runners.model.FrameworkMethod.invokeExplosively(FrameworkMethod.java:42)
	at org.junit.internal.runners.statements.InvokeMethod.evaluate(InvokeMethod.java:20)
	at org.junit.runners.ParentRunner.runLeaf(ParentRunner.java:263)
	at org.junit.runners.BlockJUnit4ClassRunner.runChild(BlockJUnit4ClassRunner.java:68)
	at org.junit.runners.BlockJUnit4ClassRunner.runChild(BlockJUnit4ClassRunner.java:47)
	at org.junit.runners.ParentRunner$3.run(ParentRunner.java:231)
	at org.junit.runners.ParentRunner$1.schedule(ParentRunner.java:60)
	at org.junit.runners.ParentRunner.runChildren(ParentRunner.java:229)
	at org.junit.runners.ParentRunner.access$000(ParentRunner.java:50)
	at org.junit.runners.ParentRunner$2.evaluate(ParentRunner.java:222)
	at org.junit.runners.ParentRunner.run(ParentRunner.java:300)
	at org.junit.runner.JUnitCore.run(JUnitCore.java:157)
	at org.junit.runner.JUnitCore.run(JUnitCore.java:136)
	at edu.gmu.swe.flaky.sleepy.runner.SleepyTestRunner.main(SleepyTestRunner.java:68)

INFO:FromJava:FAILURE
INFO:FromJava:OK
INFO:FromJava:Failure:
INFO:FromJava:testConcurrentOperations(org.apache.ambari.server.agent.TestActionQueue)java.lang.AssertionError
	at org.junit.Assert.fail(Assert.java:92)
	at org.junit.Assert.assertTrue(Assert.java:43)
	at org.junit.Assert.assertTrue(Assert.java:54)
	at org.apache.ambari.server.agent.TestActionQueue.testConcurrentOperations(TestActionQueue.java:192)
	at sun.reflect.NativeMethodAccessorImpl.invoke0(Native Method)
	at sun.reflect.NativeMethodAccessorImpl.invoke(NativeMethodAccessorImpl.java:62)
	at sun.reflect.DelegatingMethodAccessorImpl.invoke(DelegatingMethodAccessorImpl.java:43)
	at java.lang.reflect.Method.invoke(Method.java:498)
	at org.junit.runners.model.FrameworkMethod$1.runReflectiveCall(FrameworkMethod.java:45)
	at org.junit.internal.runners.model.ReflectiveCallable.run(ReflectiveCallable.java:15)
	at org.junit.runners.model.FrameworkMethod.invokeExplosively(FrameworkMethod.java:42)
	at org.junit.internal.runners.statements.InvokeMethod.evaluate(InvokeMethod.java:20)
	at org.junit.runners.ParentRunner.runLeaf(ParentRunner.java:263)
	at org.junit.runners.BlockJUnit4ClassRunner.runChild(BlockJUnit4ClassRunner.java:68)
	at org.junit.runners.BlockJUnit4ClassRunner.runChild(BlockJUnit4ClassRunner.java:47)
	at org.junit.runners.ParentRunner$3.run(ParentRunner.java:231)
	at org.junit.runners.ParentRunner$1.schedule(ParentRunner.java:60)
	at org.junit.runners.ParentRunner.runChildren(ParentRunner.java:229)
	at org.junit.runners.ParentRunner.access$000(ParentRunner.java:50)
	at org.junit.runners.ParentRunner$2.evaluate(ParentRunner.java:222)
	at org.junit.runners.ParentRunner.run(ParentRunner.java:300)
	at org.junit.runner.JUnitCore.run(JUnitCore.java:157)
	at org.junit.runner.JUnitCore.run(JUnitCore.java:136)
	at edu.gmu.swe.flaky.sleepy.runner.SleepyTestRunner.main(SleepyTestRunner.java:68)

INFO:FromJava:FAILURE
INFO:FromJava:OK
INFO:FromJava:OK
INFO:FromJava:OK
INFO:FromJava:Failure:
INFO:FromJava:testConcurrentOperations(org.apache.ambari.server.agent.TestActionQueue)java.lang.AssertionError
	at org.junit.Assert.fail(Assert.java:92)
	at org.junit.Assert.assertTrue(Assert.java:43)
	at org.junit.Assert.assertTrue(Assert.java:54)
	at org.apache.ambari.server.agent.TestActionQueue.testConcurrentOperations(TestActionQueue.java:192)
	at sun.reflect.NativeMethodAccessorImpl.invoke0(Native Method)
	at sun.reflect.NativeMethodAccessorImpl.invoke(NativeMethodAccessorImpl.java:62)
	at sun.reflect.DelegatingMethodAccessorImpl.invoke(DelegatingMethodAccessorImpl.java:43)
	at java.lang.reflect.Method.invoke(Method.java:498)
	at org.junit.runners.model.FrameworkMethod$1.runReflectiveCall(FrameworkMethod.java:45)
	at org.junit.internal.runners.model.ReflectiveCallable.run(ReflectiveCallable.java:15)
	at org.junit.runners.model.FrameworkMethod.invokeExplosively(FrameworkMethod.java:42)
	at org.junit.internal.runners.statements.InvokeMethod.evaluate(InvokeMethod.java:20)
	at org.junit.runners.ParentRunner.runLeaf(ParentRunner.java:263)
	at org.junit.runners.BlockJUnit4ClassRunner.runChild(BlockJUnit4ClassRunner.java:68)
	at org.junit.runners.BlockJUnit4ClassRunner.runChild(BlockJUnit4ClassRunner.java:47)
	at org.junit.runners.ParentRunner$3.run(ParentRunner.java:231)
	at org.junit.runners.ParentRunner$1.schedule(ParentRunner.java:60)
	at org.junit.runners.ParentRunner.runChildren(ParentRunner.java:229)
	at org.junit.runners.ParentRunner.access$000(ParentRunner.java:50)
	at org.junit.runners.ParentRunner$2.evaluate(ParentRunner.java:222)
	at org.junit.runners.ParentRunner.run(ParentRunner.java:300)
	at org.junit.runner.JUnitCore.run(JUnitCore.java:157)
	at org.junit.runner.JUnitCore.run(JUnitCore.java:136)
	at edu.gmu.swe.flaky.sleepy.runner.SleepyTestRunner.main(SleepyTestRunner.java:68)

INFO:FromJava:FAILURE
INFO:FromJava:Failure:
INFO:FromJava:testConcurrentOperations(org.apache.ambari.server.agent.TestActionQueue)java.lang.AssertionError
	at org.junit.Assert.fail(Assert.java:92)
	at org.junit.Assert.assertTrue(Assert.java:43)
	at org.junit.Assert.assertTrue(Assert.java:54)
	at org.apache.ambari.server.agent.TestActionQueue.testConcurrentOperations(TestActionQueue.java:192)
	at sun.reflect.NativeMethodAccessorImpl.invoke0(Native Method)
	at sun.reflect.NativeMethodAccessorImpl.invoke(NativeMethodAccessorImpl.java:62)
	at sun.reflect.DelegatingMethodAccessorImpl.invoke(DelegatingMethodAccessorImpl.java:43)
	at java.lang.reflect.Method.invoke(Method.java:498)
	at org.junit.runners.model.FrameworkMethod$1.runReflectiveCall(FrameworkMethod.java:45)
	at org.junit.internal.runners.model.ReflectiveCallable.run(ReflectiveCallable.java:15)
	at org.junit.runners.model.FrameworkMethod.invokeExplosively(FrameworkMethod.java:42)
	at org.junit.internal.runners.statements.InvokeMethod.evaluate(InvokeMethod.java:20)
	at org.junit.runners.ParentRunner.runLeaf(ParentRunner.java:263)
	at org.junit.runners.BlockJUnit4ClassRunner.runChild(BlockJUnit4ClassRunner.java:68)
	at org.junit.runners.BlockJUnit4ClassRunner.runChild(BlockJUnit4ClassRunner.java:47)
	at org.junit.runners.ParentRunner$3.run(ParentRunner.java:231)
	at org.junit.runners.ParentRunner$1.schedule(ParentRunner.java:60)
	at org.junit.runners.ParentRunner.runChildren(ParentRunner.java:229)
	at org.junit.runners.ParentRunner.access$000(ParentRunner.java:50)
	at org.junit.runners.ParentRunner$2.evaluate(ParentRunner.java:222)
	at org.junit.runners.ParentRunner.run(ParentRunner.java:300)
	at org.junit.runner.JUnitCore.run(JUnitCore.java:157)
	at org.junit.runner.JUnitCore.run(JUnitCore.java:136)
	at edu.gmu.swe.flaky.sleepy.runner.SleepyTestRunner.main(SleepyTestRunner.java:68)

INFO:FromJava:FAILURE
INFO:FromJava:Failure:
INFO:FromJava:testConcurrentOperations(org.apache.ambari.server.agent.TestActionQueue)java.lang.AssertionError
	at org.junit.Assert.fail(Assert.java:92)
	at org.junit.Assert.assertTrue(Assert.java:43)
	at org.junit.Assert.assertTrue(Assert.java:54)
	at org.apache.ambari.server.agent.TestActionQueue.testConcurrentOperations(TestActionQueue.java:192)
	at sun.reflect.NativeMethodAccessorImpl.invoke0(Native Method)
	at sun.reflect.NativeMethodAccessorImpl.invoke(NativeMethodAccessorImpl.java:62)
	at sun.reflect.DelegatingMethodAccessorImpl.invoke(DelegatingMethodAccessorImpl.java:43)
	at java.lang.reflect.Method.invoke(Method.java:498)
	at org.junit.runners.model.FrameworkMethod$1.runReflectiveCall(FrameworkMethod.java:45)
	at org.junit.internal.runners.model.ReflectiveCallable.run(ReflectiveCallable.java:15)
	at org.junit.runners.model.FrameworkMethod.invokeExplosively(FrameworkMethod.java:42)
	at org.junit.internal.runners.statements.InvokeMethod.evaluate(InvokeMethod.java:20)
	at org.junit.runners.ParentRunner.runLeaf(ParentRunner.java:263)
	at org.junit.runners.BlockJUnit4ClassRunner.runChild(BlockJUnit4ClassRunner.java:68)
	at org.junit.runners.BlockJUnit4ClassRunner.runChild(BlockJUnit4ClassRunner.java:47)
	at org.junit.runners.ParentRunner$3.run(ParentRunner.java:231)
	at org.junit.runners.ParentRunner$1.schedule(ParentRunner.java:60)
	at org.junit.runners.ParentRunner.runChildren(ParentRunner.java:229)
	at org.junit.runners.ParentRunner.access$000(ParentRunner.java:50)
	at org.junit.runners.ParentRunner$2.evaluate(ParentRunner.java:222)
	at org.junit.runners.ParentRunner.run(ParentRunner.java:300)
	at org.junit.runner.JUnitCore.run(JUnitCore.java:157)
	at org.junit.runner.JUnitCore.run(JUnitCore.java:136)
	at edu.gmu.swe.flaky.sleepy.runner.SleepyTestRunner.main(SleepyTestRunner.java:68)

INFO:FromJava:FAILURE
INFO:FromJava:OK
INFO:FromJava:Failure:
INFO:FromJava:testConcurrentOperations(org.apache.ambari.server.agent.TestActionQueue)java.lang.AssertionError: expected:<125> but was:<127>
	at org.junit.Assert.fail(Assert.java:93)
	at org.junit.Assert.failNotEquals(Assert.java:647)
	at org.junit.Assert.assertEquals(Assert.java:128)
	at org.junit.Assert.assertEquals(Assert.java:472)
	at org.junit.Assert.assertEquals(Assert.java:456)
	at org.apache.ambari.server.agent.TestActionQueue.testConcurrentOperations(TestActionQueue.java:196)
	at sun.reflect.NativeMethodAccessorImpl.invoke0(Native Method)
	at sun.reflect.NativeMethodAccessorImpl.invoke(NativeMethodAccessorImpl.java:62)
	at sun.reflect.DelegatingMethodAccessorImpl.invoke(DelegatingMethodAccessorImpl.java:43)
	at java.lang.reflect.Method.invoke(Method.java:498)
	at org.junit.runners.model.FrameworkMethod$1.runReflectiveCall(FrameworkMethod.java:45)
	at org.junit.internal.runners.model.ReflectiveCallable.run(ReflectiveCallable.java:15)
	at org.junit.runners.model.FrameworkMethod.invokeExplosively(FrameworkMethod.java:42)
	at org.junit.internal.runners.statements.InvokeMethod.evaluate(InvokeMethod.java:20)
	at org.junit.runners.ParentRunner.runLeaf(ParentRunner.java:263)
	at org.junit.runners.BlockJUnit4ClassRunner.runChild(BlockJUnit4ClassRunner.java:68)
	at org.junit.runners.BlockJUnit4ClassRunner.runChild(BlockJUnit4ClassRunner.java:47)
	at org.junit.runners.ParentRunner$3.run(ParentRunner.java:231)
	at org.junit.runners.ParentRunner$1.schedule(ParentRunner.java:60)
	at org.junit.runners.ParentRunner.runChildren(ParentRunner.java:229)
	at org.junit.runners.ParentRunner.access$000(ParentRunner.java:50)
	at org.junit.runners.ParentRunner$2.evaluate(ParentRunner.java:222)
	at org.junit.runners.ParentRunner.run(ParentRunner.java:300)
	at org.junit.runner.JUnitCore.run(JUnitCore.java:157)
	at org.junit.runner.JUnitCore.run(JUnitCore.java:136)
	at edu.gmu.swe.flaky.sleepy.runner.SleepyTestRunner.main(SleepyTestRunner.java:68)

INFO:FromJava:FAILURE
INFO:FromJava:Failure:
INFO:FromJava:testConcurrentOperations(org.apache.ambari.server.agent.TestActionQueue)java.lang.AssertionError: expected:<162> but was:<163>
	at org.junit.Assert.fail(Assert.java:93)
	at org.junit.Assert.failNotEquals(Assert.java:647)
	at org.junit.Assert.assertEquals(Assert.java:128)
	at org.junit.Assert.assertEquals(Assert.java:472)
	at org.junit.Assert.assertEquals(Assert.java:456)
	at org.apache.ambari.server.agent.TestActionQueue.testConcurrentOperations(TestActionQueue.java:196)
	at sun.reflect.NativeMethodAccessorImpl.invoke0(Native Method)
	at sun.reflect.NativeMethodAccessorImpl.invoke(NativeMethodAccessorImpl.java:62)
	at sun.reflect.DelegatingMethodAccessorImpl.invoke(DelegatingMethodAccessorImpl.java:43)
	at java.lang.reflect.Method.invoke(Method.java:498)
	at org.junit.runners.model.FrameworkMethod$1.runReflectiveCall(FrameworkMethod.java:45)
	at org.junit.internal.runners.model.ReflectiveCallable.run(ReflectiveCallable.java:15)
	at org.junit.runners.model.FrameworkMethod.invokeExplosively(FrameworkMethod.java:42)
	at org.junit.internal.runners.statements.InvokeMethod.evaluate(InvokeMethod.java:20)
	at org.junit.runners.ParentRunner.runLeaf(ParentRunner.java:263)
	at org.junit.runners.BlockJUnit4ClassRunner.runChild(BlockJUnit4ClassRunner.java:68)
	at org.junit.runners.BlockJUnit4ClassRunner.runChild(BlockJUnit4ClassRunner.java:47)
	at org.junit.runners.ParentRunner$3.run(ParentRunner.java:231)
	at org.junit.runners.ParentRunner$1.schedule(ParentRunner.java:60)
	at org.junit.runners.ParentRunner.runChildren(ParentRunner.java:229)
	at org.junit.runners.ParentRunner.access$000(ParentRunner.java:50)
	at org.junit.runners.ParentRunner$2.evaluate(ParentRunner.java:222)
	at org.junit.runners.ParentRunner.run(ParentRunner.java:300)
	at org.junit.runner.JUnitCore.run(JUnitCore.java:157)
	at org.junit.runner.JUnitCore.run(JUnitCore.java:136)
	at edu.gmu.swe.flaky.sleepy.runner.SleepyTestRunner.main(SleepyTestRunner.java:68)

INFO:FromJava:FAILURE
INFO:FromJava:OK
INFO:FromJava:OK
INFO:FromJava:OK
INFO:FromJava:OK
INFO:FromJava:Failure:
INFO:FromJava:testConcurrentOperations(org.apache.ambari.server.agent.TestActionQueue)java.lang.AssertionError
	at org.junit.Assert.fail(Assert.java:92)
	at org.junit.Assert.assertTrue(Assert.java:43)
	at org.junit.Assert.assertTrue(Assert.java:54)
	at org.apache.ambari.server.agent.TestActionQueue.testConcurrentOperations(TestActionQueue.java:192)
	at sun.reflect.NativeMethodAccessorImpl.invoke0(Native Method)
	at sun.reflect.NativeMethodAccessorImpl.invoke(NativeMethodAccessorImpl.java:62)
	at sun.reflect.DelegatingMethodAccessorImpl.invoke(DelegatingMethodAccessorImpl.java:43)
	at java.lang.reflect.Method.invoke(Method.java:498)
	at org.junit.runners.model.FrameworkMethod$1.runReflectiveCall(FrameworkMethod.java:45)
	at org.junit.internal.runners.model.ReflectiveCallable.run(ReflectiveCallable.java:15)
	at org.junit.runners.model.FrameworkMethod.invokeExplosively(FrameworkMethod.java:42)
	at org.junit.internal.runners.statements.InvokeMethod.evaluate(InvokeMethod.java:20)
	at org.junit.runners.ParentRunner.runLeaf(ParentRunner.java:263)
	at org.junit.runners.BlockJUnit4ClassRunner.runChild(BlockJUnit4ClassRunner.java:68)
	at org.junit.runners.BlockJUnit4ClassRunner.runChild(BlockJUnit4ClassRunner.java:47)
	at org.junit.runners.ParentRunner$3.run(ParentRunner.java:231)
	at org.junit.runners.ParentRunner$1.schedule(ParentRunner.java:60)
	at org.junit.runners.ParentRunner.runChildren(ParentRunner.java:229)
	at org.junit.runners.ParentRunner.access$000(ParentRunner.java:50)
	at org.junit.runners.ParentRunner$2.evaluate(ParentRunner.java:222)
	at org.junit.runners.ParentRunner.run(ParentRunner.java:300)
	at org.junit.runner.JUnitCore.run(JUnitCore.java:157)
	at org.junit.runner.JUnitCore.run(JUnitCore.java:136)
	at edu.gmu.swe.flaky.sleepy.runner.SleepyTestRunner.main(SleepyTestRunner.java:68)

INFO:FromJava:FAILURE
INFO:FromJava:OK
INFO:FromJava:Failure:
INFO:FromJava:testConcurrentOperations(org.apache.ambari.server.agent.TestActionQueue)java.lang.AssertionError
	at org.junit.Assert.fail(Assert.java:92)
	at org.junit.Assert.assertTrue(Assert.java:43)
	at org.junit.Assert.assertTrue(Assert.java:54)
	at org.apache.ambari.server.agent.TestActionQueue.testConcurrentOperations(TestActionQueue.java:192)
	at sun.reflect.NativeMethodAccessorImpl.invoke0(Native Method)
	at sun.reflect.NativeMethodAccessorImpl.invoke(NativeMethodAccessorImpl.java:62)
	at sun.reflect.DelegatingMethodAccessorImpl.invoke(DelegatingMethodAccessorImpl.java:43)
	at java.lang.reflect.Method.invoke(Method.java:498)
	at org.junit.runners.model.FrameworkMethod$1.runReflectiveCall(FrameworkMethod.java:45)
	at org.junit.internal.runners.model.ReflectiveCallable.run(ReflectiveCallable.java:15)
	at org.junit.runners.model.FrameworkMethod.invokeExplosively(FrameworkMethod.java:42)
	at org.junit.internal.runners.statements.InvokeMethod.evaluate(InvokeMethod.java:20)
	at org.junit.runners.ParentRunner.runLeaf(ParentRunner.java:263)
	at org.junit.runners.BlockJUnit4ClassRunner.runChild(BlockJUnit4ClassRunner.java:68)
	at org.junit.runners.BlockJUnit4ClassRunner.runChild(BlockJUnit4ClassRunner.java:47)
	at org.junit.runners.ParentRunner$3.run(ParentRunner.java:231)
	at org.junit.runners.ParentRunner$1.schedule(ParentRunner.java:60)
	at org.junit.runners.ParentRunner.runChildren(ParentRunner.java:229)
	at org.junit.runners.ParentRunner.access$000(ParentRunner.java:50)
	at org.junit.runners.ParentRunner$2.evaluate(ParentRunner.java:222)
	at org.junit.runners.ParentRunner.run(ParentRunner.java:300)
	at org.junit.runner.JUnitCore.run(JUnitCore.java:157)
	at org.junit.runner.JUnitCore.run(JUnitCore.java:136)
	at edu.gmu.swe.flaky.sleepy.runner.SleepyTestRunner.main(SleepyTestRunner.java:68)

INFO:FromJava:FAILURE
INFO:FromJava:OK
INFO:FromJava:OK
INFO:FromJava:OK
INFO:FromJava:OK
INFO:FromJava:OK
INFO:FromJava:OK
INFO:FromJava:OK
INFO:FromJava:OK
INFO:FromJava:Failure:
INFO:FromJava:testConcurrentOperations(org.apache.ambari.server.agent.TestActionQueue)java.lang.AssertionError: expected:<0> but was:<3>
	at org.junit.Assert.fail(Assert.java:93)
	at org.junit.Assert.failNotEquals(Assert.java:647)
	at org.junit.Assert.assertEquals(Assert.java:128)
	at org.junit.Assert.assertEquals(Assert.java:472)
	at org.junit.Assert.assertEquals(Assert.java:456)
	at org.apache.ambari.server.agent.TestActionQueue.testConcurrentOperations(TestActionQueue.java:193)
	at sun.reflect.NativeMethodAccessorImpl.invoke0(Native Method)
	at sun.reflect.NativeMethodAccessorImpl.invoke(NativeMethodAccessorImpl.java:62)
	at sun.reflect.DelegatingMethodAccessorImpl.invoke(DelegatingMethodAccessorImpl.java:43)
	at java.lang.reflect.Method.invoke(Method.java:498)
	at org.junit.runners.model.FrameworkMethod$1.runReflectiveCall(FrameworkMethod.java:45)
	at org.junit.internal.runners.model.ReflectiveCallable.run(ReflectiveCallable.java:15)
	at org.junit.runners.model.FrameworkMethod.invokeExplosively(FrameworkMethod.java:42)
	at org.junit.internal.runners.statements.InvokeMethod.evaluate(InvokeMethod.java:20)
	at org.junit.runners.ParentRunner.runLeaf(ParentRunner.java:263)
	at org.junit.runners.BlockJUnit4ClassRunner.runChild(BlockJUnit4ClassRunner.java:68)
	at org.junit.runners.BlockJUnit4ClassRunner.runChild(BlockJUnit4ClassRunner.java:47)
	at org.junit.runners.ParentRunner$3.run(ParentRunner.java:231)
	at org.junit.runners.ParentRunner$1.schedule(ParentRunner.java:60)
	at org.junit.runners.ParentRunner.runChildren(ParentRunner.java:229)
	at org.junit.runners.ParentRunner.access$000(ParentRunner.java:50)
	at org.junit.runners.ParentRunner$2.evaluate(ParentRunner.java:222)
	at org.junit.runners.ParentRunner.run(ParentRunner.java:300)
	at org.junit.runner.JUnitCore.run(JUnitCore.java:157)
	at org.junit.runner.JUnitCore.run(JUnitCore.java:136)
	at edu.gmu.swe.flaky.sleepy.runner.SleepyTestRunner.main(SleepyTestRunner.java:68)

INFO:FromJava:FAILURE
INFO:FromJava:OK
