INFO:root:Beginning Script
INFO:root:On host 'amd080.orc.gmu.edu'
INFO:root:Using options Namespace(testMethodsFile='/scratch/tbaral/ase26/nod-rr/NOD-Test-Repair/run_flakerake/projects/367/x.csv', reproduceFailureFile='', runs='5', debug='', logging='info', no_sleep=False, minimalizing_method='bisection', sleep_time_ms=10000)
INFO:root:FlakeRakeStartTime=1750883713.43454
INFO:root:(git rev-parse HEAD)=737f7a7ea67832d7f17517326fb2491d0a086dd7

INFO:root:Using Sleepylines minimalizing method bisection
INFO:root:Installing project with mvn opts='-DskipTests -q -B -fn -s $FLAKY_HOME/shell_scripts/maven-repo-fix-settings.xml -DskipITs'
INFO:root:Thread Sleeping analysis on org.apache.dubbo.rpc.cluster.support.AbstractClusterInvokerTest#testSelect_multiInvokers
INFO:root:Apache Maven 3.6.3 (cecedd343002696d0abb50b32b541b8a6ba2883f)
Maven home: /scratch/tbaral/ase26/otog/setups/maven
Java version: 1.8.0_102, vendor: Oracle Corporation, runtime: /scratch/tbaral/ase26/otog/setups/jdk1.8.0_102/jre
Default locale: en_US, platform encoding: UTF-8
OS name: "linux", version: "4.18.0-553.33.1.el8_10.x86_64", arch: "amd64", family: "unix"
[DEBUG] Created new class realm maven.api
[DEBUG] Importing foreign packages into class realm maven.api
[DEBUG]   Imported: javax.annotation.* < plexus.core
[DEBUG]   Imported: javax.annotation.security.* < plexus.core
[DEBUG]   Imported: javax.enterprise.inject.* < plexus.core
[DEBUG]   Imported: javax.enterprise.util.* < plexus.core
[DEBUG]   Imported: javax.inject.* < plexus.core
[DEBUG]   Imported: org.apache.maven.* < plexus.core
[DEBUG]   Imported: org.apache.maven.artifact < plexus.core
[DEBUG]   Imported: org.apache.maven.classrealm < plexus.core
[DEBUG]   Imported: org.apache.maven.cli < plexus.core
[DEBUG]   Imported: org.apache.maven.configuration < plexus.core
[DEBUG]   Imported: org.apache.maven.exception < plexus.core
[DEBUG]   Imported: org.apache.maven.execution < plexus.core
[DEBUG]   Imported: org.apache.maven.execution.scope < plexus.core
[DEBUG]   Imported: org.apache.maven.lifecycle < plexus.core
[DEBUG]   Imported: org.apache.maven.model < plexus.core
[DEBUG]   Imported: org.apache.maven.monitor < plexus.core
[DEBUG]   Imported: org.apache.maven.plugin < plexus.core
[DEBUG]   Imported: org.apache.maven.profiles < plexus.core
[DEBUG]   Imported: org.apache.maven.project < plexus.core
[DEBUG]   Imported: org.apache.maven.reporting < plexus.core
[DEBUG]   Imported: org.apache.maven.repository < plexus.core
[DEBUG]   Imported: org.apache.maven.rtinfo < plexus.core
[DEBUG]   Imported: org.apache.maven.settings < plexus.core
[DEBUG]   Imported: org.apache.maven.toolchain < plexus.core
[DEBUG]   Imported: org.apache.maven.usability < plexus.core
[DEBUG]   Imported: org.apache.maven.wagon.* < plexus.core
[DEBUG]   Imported: org.apache.maven.wagon.authentication < plexus.core
[DEBUG]   Imported: org.apache.maven.wagon.authorization < plexus.core
[DEBUG]   Imported: org.apache.maven.wagon.events < plexus.core
[DEBUG]   Imported: org.apache.maven.wagon.observers < plexus.core
[DEBUG]   Imported: org.apache.maven.wagon.proxy < plexus.core
[DEBUG]   Imported: org.apache.maven.wagon.repository < plexus.core
[DEBUG]   Imported: org.apache.maven.wagon.resource < plexus.core
[DEBUG]   Imported: org.codehaus.classworlds < plexus.core
[DEBUG]   Imported: org.codehaus.plexus.* < plexus.core
[DEBUG]   Imported: org.codehaus.plexus.classworlds < plexus.core
[DEBUG]   Imported: org.codehaus.plexus.component < plexus.core
[DEBUG]   Imported: org.codehaus.plexus.configuration < plexus.core
[DEBUG]   Imported: org.codehaus.plexus.container < plexus.core
[DEBUG]   Imported: org.codehaus.plexus.context < plexus.core
[DEBUG]   Imported: org.codehaus.plexus.lifecycle < plexus.core
[DEBUG]   Imported: org.codehaus.plexus.logging < plexus.core
[DEBUG]   Imported: org.codehaus.plexus.personality < plexus.core
[DEBUG]   Imported: org.codehaus.plexus.util.xml.Xpp3Dom < plexus.core
[DEBUG]   Imported: org.codehaus.plexus.util.xml.pull.XmlPullParser < plexus.core
[DEBUG]   Imported: org.codehaus.plexus.util.xml.pull.XmlPullParserException < plexus.core
[DEBUG]   Imported: org.codehaus.plexus.util.xml.pull.XmlSerializer < plexus.core
[DEBUG]   Imported: org.eclipse.aether.* < plexus.core
[DEBUG]   Imported: org.eclipse.aether.artifact < plexus.core
[DEBUG]   Imported: org.eclipse.aether.collection < plexus.core
[DEBUG]   Imported: org.eclipse.aether.deployment < plexus.core
[DEBUG]   Imported: org.eclipse.aether.graph < plexus.core
[DEBUG]   Imported: org.eclipse.aether.impl < plexus.core
[DEBUG]   Imported: org.eclipse.aether.installation < plexus.core
[DEBUG]   Imported: org.eclipse.aether.internal.impl < plexus.core
[DEBUG]   Imported: org.eclipse.aether.metadata < plexus.core
[DEBUG]   Imported: org.eclipse.aether.repository < plexus.core
[DEBUG]   Imported: org.eclipse.aether.resolution < plexus.core
[DEBUG]   Imported: org.eclipse.aether.spi < plexus.core
[DEBUG]   Imported: org.eclipse.aether.transfer < plexus.core
[DEBUG]   Imported: org.eclipse.aether.version < plexus.core
[DEBUG]   Imported: org.fusesource.jansi.* < plexus.core
[DEBUG]   Imported: org.slf4j.* < plexus.core
[DEBUG]   Imported: org.slf4j.event.* < plexus.core
[DEBUG]   Imported: org.slf4j.helpers.* < plexus.core
[DEBUG]   Imported: org.slf4j.spi.* < plexus.core
[DEBUG] Populating class realm maven.api
[INFO] Error stacktraces are turned on.
[DEBUG] Message scheme: plain
[DEBUG] Reading global settings from /scratch/tbaral/ase26/otog/setups/maven/conf/settings.xml
[DEBUG] Reading user settings from /scratch/tbaral/ase26/nod-rr/NOD-Test-Repair/flakerake/shell_scripts/maven-repo-fix-settings.xml
[DEBUG] Reading global toolchains from /scratch/tbaral/ase26/otog/setups/maven/conf/toolchains.xml
[DEBUG] Reading user toolchains from /home/tbaral/.m2/toolchains.xml
[DEBUG] Using local repository at /home/tbaral/.m2/repository
[DEBUG] Using manager EnhancedLocalRepositoryManager with priority 10.0 for /home/tbaral/.m2/repository
[INFO] Scanning for projects...
[DEBUG] Extension realms for project org.apache.dubbo:dubbo-cluster:jar:2.7.0-SNAPSHOT: (none)
[DEBUG] Looking up lifecycle mappings for packaging jar from ClassRealm[plexus.core, parent: null]
[DEBUG] Skipped remote request for org.apache.dubbo:dubbo-dependencies-bom:2.7.0-SNAPSHOT/maven-metadata.xml locally installed metadata up-to-date.
[DEBUG] Extension realms for project org.apache.dubbo:dubbo-parent:pom:2.7.0-SNAPSHOT: (none)
[DEBUG] Looking up lifecycle mappings for packaging pom from ClassRealm[plexus.core, parent: null]
[DEBUG] Extension realms for project org.apache:apache:pom:19: (none)
[DEBUG] Looking up lifecycle mappings for packaging pom from ClassRealm[plexus.core, parent: null]
[DEBUG] === REACTOR BUILD PLAN ================================================
[DEBUG] Project: org.apache.dubbo:dubbo-cluster:jar:2.7.0-SNAPSHOT
[DEBUG] Tasks:   [test]
[DEBUG] Style:   Regular
[DEBUG] =======================================================================
[INFO] 
[INFO] -------------------< org.apache.dubbo:dubbo-cluster >-------------------
[INFO] Building dubbo-cluster 2.7.0-SNAPSHOT
[INFO] --------------------------------[ jar ]---------------------------------
[DEBUG] Lifecycle default -> [validate, initialize, generate-sources, process-sources, generate-resources, process-resources, compile, process-classes, generate-test-sources, process-test-sources, generate-test-resources, process-test-resources, test-compile, process-test-classes, test, prepare-package, package, pre-integration-test, integration-test, post-integration-test, verify, install, deploy]
[DEBUG] Lifecycle clean -> [pre-clean, clean, post-clean]
[DEBUG] Lifecycle site -> [pre-site, site, post-site, site-deploy]
[DEBUG] Lifecycle default -> [validate, initialize, generate-sources, process-sources, generate-resources, process-resources, compile, process-classes, generate-test-sources, process-test-sources, generate-test-resources, process-test-resources, test-compile, process-test-classes, test, prepare-package, package, pre-integration-test, integration-test, post-integration-test, verify, install, deploy]
[DEBUG] Lifecycle clean -> [pre-clean, clean, post-clean]
[DEBUG] Lifecycle site -> [pre-site, site, post-site, site-deploy]
[DEBUG] Lifecycle default -> [validate, initialize, generate-sources, process-sources, generate-resources, process-resources, compile, process-classes, generate-test-sources, process-test-sources, generate-test-resources, process-test-resources, test-compile, process-test-classes, test, prepare-package, package, pre-integration-test, integration-test, post-integration-test, verify, install, deploy]
[DEBUG] Lifecycle clean -> [pre-clean, clean, post-clean]
[DEBUG] Lifecycle site -> [pre-site, site, post-site, site-deploy]
[DEBUG] Lifecycle default -> [validate, initialize, generate-sources, process-sources, generate-resources, process-resources, compile, process-classes, generate-test-sources, process-test-sources, generate-test-resources, process-test-resources, test-compile, process-test-classes, test, prepare-package, package, pre-integration-test, integration-test, post-integration-test, verify, install, deploy]
[DEBUG] Lifecycle clean -> [pre-clean, clean, post-clean]
[DEBUG] Lifecycle site -> [pre-site, site, post-site, site-deploy]
[DEBUG] Lifecycle default -> [validate, initialize, generate-sources, process-sources, generate-resources, process-resources, compile, process-classes, generate-test-sources, process-test-sources, generate-test-resources, process-test-resources, test-compile, process-test-classes, test, prepare-package, package, pre-integration-test, integration-test, post-integration-test, verify, install, deploy]
[DEBUG] Lifecycle clean -> [pre-clean, clean, post-clean]
[DEBUG] Lifecycle site -> [pre-site, site, post-site, site-deploy]
[DEBUG] Lifecycle default -> [validate, initialize, generate-sources, process-sources, generate-resources, process-resources, compile, process-classes, generate-test-sources, process-test-sources, generate-test-resources, process-test-resources, test-compile, process-test-classes, test, prepare-package, package, pre-integration-test, integration-test, post-integration-test, verify, install, deploy]
[DEBUG] Lifecycle clean -> [pre-clean, clean, post-clean]
[DEBUG] Lifecycle site -> [pre-site, site, post-site, site-deploy]
[DEBUG] Lifecycle default -> [validate, initialize, generate-sources, process-sources, generate-resources, process-resources, compile, process-classes, generate-test-sources, process-test-sources, generate-test-resources, process-test-resources, test-compile, process-test-classes, test, prepare-package, package, pre-integration-test, integration-test, post-integration-test, verify, install, deploy]
[DEBUG] Lifecycle clean -> [pre-clean, clean, post-clean]
[DEBUG] Lifecycle site -> [pre-site, site, post-site, site-deploy]
[DEBUG] Lifecycle default -> [validate, initialize, generate-sources, process-sources, generate-resources, process-resources, compile, process-classes, generate-test-sources, process-test-sources, generate-test-resources, process-test-resources, test-compile, process-test-classes, test, prepare-package, package, pre-integration-test, integration-test, post-integration-test, verify, install, deploy]
[DEBUG] Lifecycle clean -> [pre-clean, clean, post-clean]
[DEBUG] Lifecycle site -> [pre-site, site, post-site, site-deploy]
[DEBUG] Lifecycle default -> [validate, initialize, generate-sources, process-sources, generate-resources, process-resources, compile, process-classes, generate-test-sources, process-test-sources, generate-test-resources, process-test-resources, test-compile, process-test-classes, test, prepare-package, package, pre-integration-test, integration-test, post-integration-test, verify, install, deploy]
[DEBUG] Lifecycle clean -> [pre-clean, clean, post-clean]
[DEBUG] Lifecycle site -> [pre-site, site, post-site, site-deploy]
[DEBUG] === PROJECT BUILD PLAN ================================================
[DEBUG] Project:       org.apache.dubbo:dubbo-cluster:2.7.0-SNAPSHOT
[DEBUG] Dependencies (collect): [test]
[DEBUG] Dependencies (resolve): [compile, runtime, test]
[DEBUG] Repositories (dependencies): [apache.snapshots (https://repository.apache.org/snapshots, default, snapshots), central (https://repo.maven.apache.org/maven2, default, releases)]
[DEBUG] Repositories (plugins)     : [central (https://repo.maven.apache.org/maven2, default, releases)]
[DEBUG] -----------------------------------------------------------------------
[DEBUG] Goal:          org.apache.maven.plugins:maven-enforcer-plugin:1.4.1:enforce (enforce-maven-version)
[DEBUG] Style:         Regular
[DEBUG] Configuration: <?xml version="1.0" encoding="UTF-8"?>
<configuration>
  <fail default-value="true">${enforcer.fail}</fail>
  <failFast default-value="false">${enforcer.failFast}</failFast>
  <ignoreCache default-value="false">${enforcer.ignoreCache}</ignoreCache>
  <mojoExecution default-value="${mojoExecution}"/>
  <project default-value="${project}"/>
  <rules>
    <requireMavenVersion>
      <version>3.0</version>
    </requireMavenVersion>
  </rules>
  <session default-value="${session}"/>
  <skip default-value="false">${enforcer.skip}</skip>
</configuration>
[DEBUG] -----------------------------------------------------------------------
[DEBUG] Goal:          org.apache.maven.plugins:maven-checkstyle-plugin:3.0.0:check (checkstyle-validation)
[DEBUG] Style:         Regular
[DEBUG] Configuration: <?xml version="1.0" encoding="UTF-8"?>
<configuration>
  <cacheFile default-value="${project.build.directory}/checkstyle-cachefile"/>
  <configLocation default-value="sun_checks.xml">codestyle/checkstyle.xml</configLocation>
  <consoleOutput default-value="false">true</consoleOutput>
  <encoding default-value="${project.build.sourceEncoding}">UTF-8</encoding>
  <excludes>**/JSONWriter.java</excludes>
  <failOnViolation default-value="true">true</failOnViolation>
  <failsOnError default-value="false"/>
  <headerLocation default-value="LICENSE.txt">${checkstyle.header.file}</headerLocation>
  <includeResources default-value="true">${checkstyle.includeResources}</includeResources>
  <includeTestResources default-value="true">${checkstyle.includeTestResources}</includeTestResources>
  <includeTestSourceDirectory default-value="false"/>
  <includes default-value="**\/*.java">${checkstyle.includes}</includes>
  <logViolationsToConsole default-value="true">${checkstyle.console}</logViolationsToConsole>
  <maxAllowedViolations default-value="0">${checkstyle.maxAllowedViolations}</maxAllowedViolations>
  <omitIgnoredModules default-value="false"/>
  <outputFile default-value="${project.build.directory}/checkstyle-result.xml">${checkstyle.output.file}</outputFile>
  <outputFileFormat default-value="xml">${checkstyle.output.format}</outputFileFormat>
  <plugin default-value="${plugin}"/>
  <project default-value="${project}"/>
  <propertiesLocation>${checkstyle.properties.location}</propertiesLocation>
  <resourceExcludes>${checkstyle.resourceExcludes}</resourceExcludes>
  <resourceIncludes default-value="**/*.properties">${checkstyle.resourceIncludes}</resourceIncludes>
  <resources default-value="${project.resources}"/>
  <rulesFiles default-value="${project.build.directory}/checkstyle-rules.xml">${checkstyle.output.rules.file}</rulesFiles>
  <skip default-value="false">${checkstyle.skip}</skip>
  <skipExec default-value="false">${checkstyle.skipExec}</skipExec>
  <suppressionsFileExpression default-value="checkstyle.suppressions.file">${checkstyle.suppression.expression}</suppressionsFileExpression>
  <suppressionsLocation>codestyle/checkstyle-suppressions.xml</suppressionsLocation>
  <testResources default-value="${project.testResources}"/>
  <violationIgnore>${checkstyle.violation.ignore}</violationIgnore>
  <violationSeverity default-value="error">${checkstyle.violationSeverity}</violationSeverity>
</configuration>
[DEBUG] -----------------------------------------------------------------------
[DEBUG] Goal:          org.jacoco:jacoco-maven-plugin:0.8.2:prepare-agent (jacoco-initialize)
[DEBUG] Style:         Regular
[DEBUG] Configuration: <?xml version="1.0" encoding="UTF-8"?>
<configuration>
  <address>${jacoco.address}</address>
  <append>${jacoco.append}</append>
  <classDumpDir>${jacoco.classDumpDir}</classDumpDir>
  <destFile default-value="${project.build.directory}/jacoco.exec">${jacoco.destFile}</destFile>
  <dumpOnExit>${jacoco.dumpOnExit}</dumpOnExit>
  <exclClassLoaders>${jacoco.exclClassLoaders}</exclClassLoaders>
  <inclBootstrapClasses>${jacoco.inclBootstrapClasses}</inclBootstrapClasses>
  <inclNoLocationClasses>${jacoco.inclNoLocationClasses}</inclNoLocationClasses>
  <jmx>${jacoco.jmx}</jmx>
  <output>${jacoco.output}</output>
  <pluginArtifactMap>${plugin.artifactMap}</pluginArtifactMap>
  <port>${jacoco.port}</port>
  <project>${project}</project>
  <propertyName>jacocoArgLine</propertyName>
  <sessionId>${jacoco.sessionId}</sessionId>
  <skip default-value="false">${jacoco.skip}</skip>
</configuration>
[DEBUG] -----------------------------------------------------------------------
[DEBUG] Goal:          org.apache.maven.plugins:maven-remote-resources-plugin:1.5:process (process-resource-bundles)
[DEBUG] Style:         Regular
[DEBUG] Configuration: <?xml version="1.0" encoding="UTF-8"?>
<configuration>
  <appendedResourcesDirectory default-value="${basedir}/src/main/appended-resources"/>
  <attachToMain default-value="true">${attachToMain}</attachToMain>
  <attachToTest default-value="true">${attachToTest}</attachToTest>
  <attached default-value="true"/>
  <basedir default-value="${basedir}"/>
  <encoding default-value="${project.build.sourceEncoding}">${encoding}</encoding>
  <excludeArtifactIds default-value="">${excludeArtifactIds}</excludeArtifactIds>
  <excludeGroupIds default-value="">${excludeGroupIds}</excludeGroupIds>
  <excludeScope default-value="">${excludeScope}</excludeScope>
  <excludeTransitive default-value="false">${excludeTransitive}</excludeTransitive>
  <includeArtifactIds default-value="">${includeArtifactIds}</includeArtifactIds>
  <includeGroupIds default-value="">${includeGroupIds}</includeGroupIds>
  <includeProjectProperties default-value="false"/>
  <includeScope default-value="runtime">${includeScope}</includeScope>
  <localRepository default-value="${localRepository}"/>
  <outputDirectory default-value="${project.build.directory}/maven-shared-archive-resources"/>
  <remoteArtifactRepositories default-value="${project.remoteArtifactRepositories}"/>
  <resourceBundles>
    <resourceBundle>org.apache:apache-jar-resource-bundle:1.4</resourceBundle>
  </resourceBundles>
  <resources default-value="${project.resources}"/>
  <runOnlyAtExecutionRoot default-value="false"/>
  <skip default-value="false">${remoteresources.skip}</skip>
  <useDefaultFilterDelimiters default-value="true"/>
  <mavenSession default-value="${session}"/>
  <project default-value="${project}"/>
</configuration>
[DEBUG] -----------------------------------------------------------------------
[DEBUG] Goal:          org.apache.maven.plugins:maven-resources-plugin:3.0.2:resources (default-resources)
[DEBUG] Style:         Regular
[DEBUG] Configuration: <?xml version="1.0" encoding="UTF-8"?>
<configuration>
  <addDefaultExcludes default-value="true"/>
  <buildFilters default-value="${project.build.filters}"/>
  <encoding default-value="${project.build.sourceEncoding}"/>
  <escapeWindowsPaths default-value="true"/>
  <fileNameFiltering default-value="false"/>
  <includeEmptyDirs default-value="false"/>
  <outputDirectory default-value="${project.build.outputDirectory}"/>
  <overwrite default-value="false"/>
  <project default-value="${project}"/>
  <resources default-value="${project.resources}"/>
  <session default-value="${session}"/>
  <skip default-value="false">${maven.resources.skip}</skip>
  <supportMultiLineFiltering default-value="false"/>
  <useBuildFilters default-value="true"/>
  <useDefaultDelimiters default-value="true"/>
</configuration>
[DEBUG] -----------------------------------------------------------------------
[DEBUG] Goal:          org.apache.maven.plugins:maven-compiler-plugin:3.6.0:compile (default-compile)
[DEBUG] Style:         Regular
[DEBUG] Configuration: <?xml version="1.0" encoding="UTF-8"?>
<configuration>
  <basedir default-value="${basedir}"/>
  <buildDirectory default-value="${project.build.directory}"/>
  <compilePath default-value="${project.compileClasspathElements}"/>
  <compileSourceRoots default-value="${project.compileSourceRoots}"/>
  <compilerArgument>-proc:none</compilerArgument>
  <compilerId default-value="javac">${maven.compiler.compilerId}</compilerId>
  <compilerReuseStrategy default-value="${reuseCreated}">${maven.compiler.compilerReuseStrategy}</compilerReuseStrategy>
  <compilerVersion>${maven.compiler.compilerVersion}</compilerVersion>
  <debug default-value="true">${maven.compiler.debug}</debug>
  <debuglevel>${maven.compiler.debuglevel}</debuglevel>
  <encoding default-value="${project.build.sourceEncoding}">UTF-8</encoding>
  <executable>${maven.compiler.executable}</executable>
  <failOnError default-value="true">${maven.compiler.failOnError}</failOnError>
  <failOnWarning default-value="false">${maven.compiler.failOnWarning}</failOnWarning>
  <forceJavacCompilerUse default-value="false">${maven.compiler.forceJavacCompilerUse}</forceJavacCompilerUse>
  <fork default-value="false">true</fork>
  <generatedSourcesDirectory default-value="${project.build.directory}/generated-sources/annotations"/>
  <maxmem>${maven.compiler.maxmem}</maxmem>
  <meminitial>${maven.compiler.meminitial}</meminitial>
  <mojoExecution default-value="${mojoExecution}"/>
  <optimize default-value="false">${maven.compiler.optimize}</optimize>
  <outputDirectory default-value="${project.build.outputDirectory}"/>
  <project default-value="${project}"/>
  <projectArtifact default-value="${project.artifact}"/>
  <release>${maven.compiler.release}</release>
  <session default-value="${session}"/>
  <showDeprecation default-value="false">${maven.compiler.showDeprecation}</showDeprecation>
  <showWarnings default-value="false">${maven.compiler.showWarnings}</showWarnings>
  <skipMain>${maven.main.skip}</skipMain>
  <skipMultiThreadWarning default-value="false">${maven.compiler.skipMultiThreadWarning}</skipMultiThreadWarning>
  <source default-value="1.5">1.8</source>
  <staleMillis default-value="0">${lastModGranularityMs}</staleMillis>
  <target default-value="1.5">1.8</target>
  <useIncrementalCompilation default-value="true">${maven.compiler.useIncrementalCompilation}</useIncrementalCompilation>
  <verbose default-value="false">${maven.compiler.verbose}</verbose>
</configuration>
[DEBUG] -----------------------------------------------------------------------
[DEBUG] Goal:          org.apache.maven.plugins:maven-resources-plugin:3.0.2:testResources (default-testResources)
[DEBUG] Style:         Regular
[DEBUG] Configuration: <?xml version="1.0" encoding="UTF-8"?>
<configuration>
  <addDefaultExcludes default-value="true"/>
  <buildFilters default-value="${project.build.filters}"/>
  <encoding default-value="${project.build.sourceEncoding}"/>
  <escapeWindowsPaths default-value="true"/>
  <fileNameFiltering default-value="false"/>
  <includeEmptyDirs default-value="false"/>
  <outputDirectory default-value="${project.build.testOutputDirectory}"/>
  <overwrite default-value="false"/>
  <project default-value="${project}"/>
  <resources default-value="${project.testResources}"/>
  <session default-value="${session}"/>
  <skip default-value="false">${maven.test.skip}</skip>
  <supportMultiLineFiltering default-value="false"/>
  <useBuildFilters default-value="true"/>
  <useDefaultDelimiters default-value="true"/>
</configuration>
[DEBUG] -----------------------------------------------------------------------
[DEBUG] Goal:          org.apache.maven.plugins:maven-compiler-plugin:3.6.0:testCompile (default-testCompile)
[DEBUG] Style:         Regular
[DEBUG] Configuration: <?xml version="1.0" encoding="UTF-8"?>
<configuration>
  <basedir default-value="${basedir}"/>
  <buildDirectory default-value="${project.build.directory}"/>
  <compilePath default-value="${project.compileClasspathElements}"/>
  <compileSourceRoots default-value="${project.testCompileSourceRoots}"/>
  <compilerArgument>-proc:none</compilerArgument>
  <compilerId default-value="javac">${maven.compiler.compilerId}</compilerId>
  <compilerReuseStrategy default-value="${reuseCreated}">${maven.compiler.compilerReuseStrategy}</compilerReuseStrategy>
  <compilerVersion>${maven.compiler.compilerVersion}</compilerVersion>
  <debug default-value="true">${maven.compiler.debug}</debug>
  <debuglevel>${maven.compiler.debuglevel}</debuglevel>
  <encoding default-value="${project.build.sourceEncoding}">UTF-8</encoding>
  <executable>${maven.compiler.executable}</executable>
  <failOnError default-value="true">${maven.compiler.failOnError}</failOnError>
  <failOnWarning default-value="false">${maven.compiler.failOnWarning}</failOnWarning>
  <forceJavacCompilerUse default-value="false">${maven.compiler.forceJavacCompilerUse}</forceJavacCompilerUse>
  <fork default-value="false">true</fork>
  <generatedTestSourcesDirectory default-value="${project.build.directory}/generated-test-sources/test-annotations"/>
  <maxmem>${maven.compiler.maxmem}</maxmem>
  <meminitial>${maven.compiler.meminitial}</meminitial>
  <mojoExecution default-value="${mojoExecution}"/>
  <optimize default-value="false">${maven.compiler.optimize}</optimize>
  <outputDirectory default-value="${project.build.testOutputDirectory}"/>
  <project default-value="${project}"/>
  <release>${maven.compiler.release}</release>
  <session default-value="${session}"/>
  <showDeprecation default-value="false">${maven.compiler.showDeprecation}</showDeprecation>
  <showWarnings default-value="false">${maven.compiler.showWarnings}</showWarnings>
  <skip>${maven.test.skip}</skip>
  <skipMultiThreadWarning default-value="false">${maven.compiler.skipMultiThreadWarning}</skipMultiThreadWarning>
  <source default-value="1.5">1.8</source>
  <staleMillis default-value="0">${lastModGranularityMs}</staleMillis>
  <target default-value="1.5">1.8</target>
  <testPath default-value="${project.testClasspathElements}"/>
  <testRelease>${maven.compiler.testRelease}</testRelease>
  <testSource>${maven.compiler.testSource}</testSource>
  <testTarget>${maven.compiler.testTarget}</testTarget>
  <useIncrementalCompilation default-value="true">${maven.compiler.useIncrementalCompilation}</useIncrementalCompilation>
  <verbose default-value="false">${maven.compiler.verbose}</verbose>
</configuration>
[DEBUG] -----------------------------------------------------------------------
[DEBUG] Goal:          org.apache.maven.plugins:maven-surefire-plugin:2.19.1:test (default-test)
[DEBUG] Style:         Regular
[DEBUG] Configuration: <?xml version="1.0" encoding="UTF-8"?>
<configuration>
  <additionalClasspathElements>${maven.test.additionalClasspath}</additionalClasspathElements>
  <argLine>-server -Xms256m -Xmx512m -XX:MetaspaceSize=64m -XX:MaxMetaspaceSize=128m -Dfile.encoding=UTF-8
                    -Djava.net.preferIPv4Stack=true ${jacocoArgLine}</argLine>
  <basedir default-value="${basedir}"/>
  <childDelegation default-value="false">${childDelegation}</childDelegation>
  <classesDirectory default-value="${project.build.outputDirectory}"/>
  <classpathDependencyExcludes>${maven.test.dependency.excludes}</classpathDependencyExcludes>
  <debugForkedProcess>${maven.surefire.debug}</debugForkedProcess>
  <dependenciesToScan>${dependenciesToScan}</dependenciesToScan>
  <disableXmlReport default-value="false">${disableXmlReport}</disableXmlReport>
  <enableAssertions default-value="true">${enableAssertions}</enableAssertions>
  <excludedGroups>${excludedGroups}</excludedGroups>
  <excludesFile>${surefire.excludesFile}</excludesFile>
  <failIfNoSpecifiedTests>${surefire.failIfNoSpecifiedTests}</failIfNoSpecifiedTests>
  <failIfNoTests>${failIfNoTests}</failIfNoTests>
  <forkCount default-value="1">${forkCount}</forkCount>
  <forkMode default-value="once">once</forkMode>
  <forkedProcessTimeoutInSeconds>${surefire.timeout}</forkedProcessTimeoutInSeconds>
  <groups>${groups}</groups>
  <includesFile>${surefire.includesFile}</includesFile>
  <junitArtifactName default-value="junit:junit">${junitArtifactName}</junitArtifactName>
  <jvm>${jvm}</jvm>
  <localRepository default-value="${localRepository}"/>
  <objectFactory>${objectFactory}</objectFactory>
  <parallel>${parallel}</parallel>
  <parallelMavenExecution default-value="${session.parallel}"/>
  <parallelOptimized default-value="true">${parallelOptimized}</parallelOptimized>
  <parallelTestsTimeoutForcedInSeconds>${surefire.parallel.forcedTimeout}</parallelTestsTimeoutForcedInSeconds>
  <parallelTestsTimeoutInSeconds>${surefire.parallel.timeout}</parallelTestsTimeoutInSeconds>
  <perCoreThreadCount default-value="true">${perCoreThreadCount}</perCoreThreadCount>
  <pluginArtifactMap>${plugin.artifactMap}</pluginArtifactMap>
  <pluginDescriptor default-value="${plugin}"/>
  <printSummary default-value="true">${surefire.printSummary}</printSummary>
  <projectArtifactMap>${project.artifactMap}</projectArtifactMap>
  <redirectTestOutputToFile default-value="false">${maven.test.redirectTestOutputToFile}</redirectTestOutputToFile>
  <remoteRepositories default-value="${project.pluginArtifactRepositories}"/>
  <reportFormat default-value="brief">${surefire.reportFormat}</reportFormat>
  <reportNameSuffix default-value="">${surefire.reportNameSuffix}</reportNameSuffix>
  <reportsDirectory default-value="${project.build.directory}/surefire-reports"/>
  <rerunFailingTestsCount default-value="0">${surefire.rerunFailingTestsCount}</rerunFailingTestsCount>
  <reuseForks default-value="true">${reuseForks}</reuseForks>
  <runOrder default-value="filesystem">${surefire.runOrder}</runOrder>
  <shutdown default-value="testset">${surefire.shutdown}</shutdown>
  <skip default-value="false">${maven.test.skip}</skip>
  <skipAfterFailureCount default-value="0">${surefire.skipAfterFailureCount}</skipAfterFailureCount>
  <skipExec>${maven.test.skip.exec}</skipExec>
  <skipTests default-value="false">${skipTests}</skipTests>
  <suiteXmlFiles>${surefire.suiteXmlFiles}</suiteXmlFiles>
  <systemProperties>
    <property>
      <name>transporter</name>
      <value>${transporter}</value>
    </property>
    <property>
      <name>serialization</name>
      <value>${serialization}</value>
    </property>
    <property>
      <name>port</name>
      <value>${port}</value>
    </property>
    <property>
      <name>threadpool</name>
      <value>${threadpool}</value>
    </property>
    <property>
      <name>threads</name>
      <value>${threads}</value>
    </property>
    <property>
      <name>iothreads</name>
      <value>${iothreads}</value>
    </property>
    <property>
      <name>server</name>
      <value>${server}</value>
    </property>
    <property>
      <name>timeout</name>
      <value>${timeout}</value>
    </property>
    <property>
      <name>length</name>
      <value>${length}</value>
    </property>
    <property>
      <name>connections</name>
      <value>${connections}</value>
    </property>
    <property>
      <name>base</name>
      <value>${base}</value>
    </property>
    <property>
      <name>concurrent</name>
      <value>${concurrent}</value>
    </property>
    <property>
      <name>runs</name>
      <value>${runs}</value>
    </property>
    <property>
      <name>onerror</name>
      <value>${onerror}</value>
    </property>
  </systemProperties>
  <test>${test}</test>
  <testClassesDirectory default-value="${project.build.testOutputDirectory}"/>
  <testFailureIgnore default-value="false">${maven.test.failure.ignore}</testFailureIgnore>
  <testNGArtifactName default-value="org.testng:testng">${testNGArtifactName}</testNGArtifactName>
  <testSourceDirectory default-value="${project.build.testSourceDirectory}"/>
  <threadCount>${threadCount}</threadCount>
  <threadCountClasses default-value="0">${threadCountClasses}</threadCountClasses>
  <threadCountMethods default-value="0">${threadCountMethods}</threadCountMethods>
  <threadCountSuites default-value="0">${threadCountSuites}</threadCountSuites>
  <trimStackTrace default-value="true">${trimStackTrace}</trimStackTrace>
  <useFile default-value="true">${surefire.useFile}</useFile>
  <useManifestOnlyJar default-value="true">${surefire.useManifestOnlyJar}</useManifestOnlyJar>
  <useSystemClassLoader default-value="true">true</useSystemClassLoader>
  <useUnlimitedThreads default-value="false">${useUnlimitedThreads}</useUnlimitedThreads>
  <workingDirectory>${basedir}</workingDirectory>
  <project default-value="${project}"/>
  <session default-value="${session}"/>
</configuration>
[DEBUG] =======================================================================
[DEBUG] Skipped remote request for org.apache.dubbo:dubbo-rpc-api:2.7.0-SNAPSHOT/maven-metadata.xml locally installed metadata up-to-date.
[DEBUG] Skipped remote request for org.apache.dubbo:dubbo-rpc-api:2.7.0-SNAPSHOT/maven-metadata.xml locally installed metadata up-to-date.
[DEBUG] Skipped remote request for org.apache.dubbo:dubbo-rpc:2.7.0-SNAPSHOT/maven-metadata.xml locally installed metadata up-to-date.
[DEBUG] Skipped remote request for org.apache.dubbo:dubbo-parent:2.7.0-SNAPSHOT/maven-metadata.xml locally installed metadata up-to-date.
[DEBUG] Skipped remote request for org.apache.dubbo:dubbo-dependencies-bom:2.7.0-SNAPSHOT/maven-metadata.xml locally installed metadata up-to-date.
[DEBUG] Skipped remote request for org.apache.dubbo:dubbo-common:2.7.0-SNAPSHOT/maven-metadata.xml locally installed metadata up-to-date.
[DEBUG] Skipped remote request for org.apache.dubbo:dubbo-common:2.7.0-SNAPSHOT/maven-metadata.xml locally installed metadata up-to-date.
[DEBUG] Skipped remote request for org.apache.dubbo:dubbo-serialization-api:2.7.0-SNAPSHOT/maven-metadata.xml locally installed metadata up-to-date.
[DEBUG] Skipped remote request for org.apache.dubbo:dubbo-serialization-api:2.7.0-SNAPSHOT/maven-metadata.xml locally installed metadata up-to-date.
[DEBUG] Skipped remote request for org.apache.dubbo:dubbo-serialization:2.7.0-SNAPSHOT/maven-metadata.xml locally installed metadata up-to-date.
[DEBUG] Skipped remote request for org.apache.dubbo:dubbo-remoting-api:2.7.0-SNAPSHOT/maven-metadata.xml locally installed metadata up-to-date.
[DEBUG] Skipped remote request for org.apache.dubbo:dubbo-remoting-api:2.7.0-SNAPSHOT/maven-metadata.xml locally installed metadata up-to-date.
[DEBUG] Skipped remote request for org.apache.dubbo:dubbo-remoting:2.7.0-SNAPSHOT/maven-metadata.xml locally installed metadata up-to-date.
[DEBUG] Dependency collection stats: {ConflictMarker.analyzeTime=531381, ConflictMarker.markTime=385226, ConflictMarker.nodeCount=44, ConflictIdSorter.graphTime=280498, ConflictIdSorter.topsortTime=217840, ConflictIdSorter.conflictIdCount=26, ConflictIdSorter.conflictIdCycleCount=0, ConflictResolver.totalTime=3382493, ConflictResolver.conflictItemCount=39, DefaultDependencyCollector.collectTime=288676548, DefaultDependencyCollector.transformTime=6556132}
[DEBUG] org.apache.dubbo:dubbo-cluster:jar:2.7.0-SNAPSHOT
[DEBUG]    org.apache.dubbo:dubbo-rpc-api:jar:2.7.0-SNAPSHOT:compile
[DEBUG]       org.apache.dubbo:dubbo-common:jar:2.7.0-SNAPSHOT:compile
[DEBUG]          commons-logging:commons-logging:jar:1.2:compile (version managed from 1.2)
[DEBUG]          log4j:log4j:jar:1.2.16:compile (version managed from 1.2.16)
[DEBUG]          org.javassist:javassist:jar:3.20.0-GA:compile (version managed from 3.20.0-GA)
[DEBUG]          com.alibaba:hessian-lite:jar:3.2.3:compile (version managed from 3.2.3)
[DEBUG]          com.alibaba:fastjson:jar:1.2.46:compile (version managed from 1.2.46)
[DEBUG]          com.esotericsoftware:kryo:jar:4.0.1:compile (version managed from 4.0.1)
[DEBUG]             com.esotericsoftware:reflectasm:jar:1.11.3:compile
[DEBUG]                org.ow2.asm:asm:jar:5.0.4:compile
[DEBUG]             com.esotericsoftware:minlog:jar:1.3.0:compile
[DEBUG]          de.javakaffee:kryo-serializers:jar:0.42:compile (version managed from 0.42)
[DEBUG]          de.ruedigermoeller:fst:jar:2.48-jdk-6:compile (version managed from 2.48-jdk-6)
[DEBUG]             com.fasterxml.jackson.core:jackson-core:jar:2.8.6:compile
[DEBUG]             com.cedarsoftware:java-util:jar:1.9.0:compile
[DEBUG]                com.cedarsoftware:json-io:jar:2.5.1:compile
[DEBUG]       org.apache.dubbo:dubbo-serialization-api:jar:2.7.0-SNAPSHOT:compile
[DEBUG]       org.apache.dubbo:dubbo-remoting-api:jar:2.7.0-SNAPSHOT:compile
[DEBUG]    junit:junit:jar:4.12:test
[DEBUG]       org.hamcrest:hamcrest-core:jar:1.3:test
[DEBUG]    org.hamcrest:hamcrest-all:jar:1.3:test
[DEBUG]    org.mockito:mockito-core:jar:2.18.3:test
[DEBUG]       net.bytebuddy:byte-buddy:jar:1.8.5:test
[DEBUG]       net.bytebuddy:byte-buddy-agent:jar:1.8.5:test
[DEBUG]       org.objenesis:objenesis:jar:2.6:compile
[DEBUG]    cglib:cglib-nodep:jar:2.2:test
[INFO] 
[INFO] --- maven-enforcer-plugin:1.4.1:enforce (enforce-maven-version) @ dubbo-cluster ---
[DEBUG] Dependency collection stats: {ConflictMarker.analyzeTime=362563, ConflictMarker.markTime=251845, ConflictMarker.nodeCount=137, ConflictIdSorter.graphTime=222649, ConflictIdSorter.topsortTime=36509, ConflictIdSorter.conflictIdCount=49, ConflictIdSorter.conflictIdCycleCount=0, ConflictResolver.totalTime=2892129, ConflictResolver.conflictItemCount=112, DefaultDependencyCollector.collectTime=499503729, DefaultDependencyCollector.transformTime=3849873}
[DEBUG] org.apache.maven.plugins:maven-enforcer-plugin:jar:1.4.1
[DEBUG]    org.apache.maven:maven-artifact:jar:2.2.1:compile
[DEBUG]    org.apache.maven:maven-plugin-api:jar:2.2.1:compile
[DEBUG]    org.apache.maven:maven-project:jar:2.2.1:compile
[DEBUG]       org.apache.maven:maven-settings:jar:2.2.1:compile
[DEBUG]       org.apache.maven:maven-profile:jar:2.2.1:compile
[DEBUG]       org.apache.maven:maven-model:jar:2.2.1:compile
[DEBUG]       org.apache.maven:maven-artifact-manager:jar:2.2.1:compile
[DEBUG]          backport-util-concurrent:backport-util-concurrent:jar:3.1:compile
[DEBUG]       org.apache.maven:maven-plugin-registry:jar:2.2.1:compile
[DEBUG]       org.codehaus.plexus:plexus-interpolation:jar:1.11:compile
[DEBUG]       org.codehaus.plexus:plexus-container-default:jar:1.0-alpha-9-stable-1:compile
[DEBUG]    org.apache.maven:maven-core:jar:2.2.1:compile
[DEBUG]       org.apache.maven:maven-plugin-parameter-documenter:jar:2.2.1:compile
[DEBUG]       org.slf4j:slf4j-jdk14:jar:1.5.6:runtime
[DEBUG]          org.slf4j:slf4j-api:jar:1.5.6:runtime
[DEBUG]       org.slf4j:jcl-over-slf4j:jar:1.5.6:runtime
[DEBUG]       org.apache.maven.reporting:maven-reporting-api:jar:2.2.1:compile
[DEBUG]          org.apache.maven.doxia:doxia-sink-api:jar:1.1:compile
[DEBUG]          org.apache.maven.doxia:doxia-logging-api:jar:1.1:compile
[DEBUG]       org.apache.maven:maven-repository-metadata:jar:2.2.1:compile
[DEBUG]       org.apache.maven:maven-error-diagnostics:jar:2.2.1:compile
[DEBUG]       commons-cli:commons-cli:jar:1.2:compile
[DEBUG]       org.apache.maven:maven-plugin-descriptor:jar:2.2.1:compile
[DEBUG]       org.codehaus.plexus:plexus-interactivity-api:jar:1.0-alpha-4:compile
[DEBUG]       org.apache.maven:maven-monitor:jar:2.2.1:compile
[DEBUG]       classworlds:classworlds:jar:1.1:compile
[DEBUG]       org.sonatype.plexus:plexus-sec-dispatcher:jar:1.3:compile
[DEBUG]          org.sonatype.plexus:plexus-cipher:jar:1.4:compile
[DEBUG]    org.codehaus.plexus:plexus-utils:jar:3.0.22:compile
[DEBUG]    commons-lang:commons-lang:jar:2.3:compile
[DEBUG]    org.apache.maven.enforcer:enforcer-api:jar:1.4.1:compile
[DEBUG]    org.apache.maven.enforcer:enforcer-rules:jar:1.4.1:compile
[DEBUG]       org.apache.maven.shared:maven-common-artifact-filters:jar:1.4:compile (version managed from default)
[DEBUG]       org.beanshell:bsh:jar:2.0b4:compile
[DEBUG]       org.apache.maven.shared:maven-dependency-tree:jar:2.2:compile (version managed from default)
[DEBUG]          org.codehaus.plexus:plexus-component-annotations:jar:1.5.5:compile (version managed from default)
[DEBUG]          org.eclipse.aether:aether-util:jar:0.9.0.M2:compile
[DEBUG]       org.codehaus.plexus:plexus-i18n:jar:1.0-beta-6:compile
[DEBUG]    org.apache.maven.plugin-testing:maven-plugin-testing-harness:jar:1.3:compile
[DEBUG]       org.codehaus.plexus:plexus-archiver:jar:2.2:compile
[DEBUG]          org.codehaus.plexus:plexus-io:jar:2.0.4:compile
[DEBUG]       junit:junit:jar:4.11:compile (version managed from default)
[DEBUG]          org.hamcrest:hamcrest-core:jar:1.3:compile (version managed from default)
[DEBUG] Created new class realm plugin>org.apache.maven.plugins:maven-enforcer-plugin:1.4.1
[DEBUG] Importing foreign packages into class realm plugin>org.apache.maven.plugins:maven-enforcer-plugin:1.4.1
[DEBUG]   Imported:  < maven.api
[DEBUG] Populating class realm plugin>org.apache.maven.plugins:maven-enforcer-plugin:1.4.1
[DEBUG]   Included: org.apache.maven.plugins:maven-enforcer-plugin:jar:1.4.1
[DEBUG]   Included: backport-util-concurrent:backport-util-concurrent:jar:3.1
[DEBUG]   Included: org.codehaus.plexus:plexus-interpolation:jar:1.11
[DEBUG]   Included: org.slf4j:slf4j-jdk14:jar:1.5.6
[DEBUG]   Included: org.slf4j:jcl-over-slf4j:jar:1.5.6
[DEBUG]   Included: org.apache.maven.reporting:maven-reporting-api:jar:2.2.1
[DEBUG]   Included: org.apache.maven.doxia:doxia-sink-api:jar:1.1
[DEBUG]   Included: org.apache.maven.doxia:doxia-logging-api:jar:1.1
[DEBUG]   Included: commons-cli:commons-cli:jar:1.2
[DEBUG]   Included: org.codehaus.plexus:plexus-interactivity-api:jar:1.0-alpha-4
[DEBUG]   Included: org.sonatype.plexus:plexus-sec-dispatcher:jar:1.3
[DEBUG]   Included: org.sonatype.plexus:plexus-cipher:jar:1.4
[DEBUG]   Included: org.codehaus.plexus:plexus-utils:jar:3.0.22
[DEBUG]   Included: commons-lang:commons-lang:jar:2.3
[DEBUG]   Included: org.apache.maven.enforcer:enforcer-api:jar:1.4.1
[DEBUG]   Included: org.apache.maven.enforcer:enforcer-rules:jar:1.4.1
[DEBUG]   Included: org.apache.maven.shared:maven-common-artifact-filters:jar:1.4
[DEBUG]   Included: org.beanshell:bsh:jar:2.0b4
[DEBUG]   Included: org.apache.maven.shared:maven-dependency-tree:jar:2.2
[DEBUG]   Included: org.codehaus.plexus:plexus-component-annotations:jar:1.5.5
[DEBUG]   Included: org.eclipse.aether:aether-util:jar:0.9.0.M2
[DEBUG]   Included: org.codehaus.plexus:plexus-i18n:jar:1.0-beta-6
[DEBUG]   Included: org.apache.maven.plugin-testing:maven-plugin-testing-harness:jar:1.3
[DEBUG]   Included: org.codehaus.plexus:plexus-archiver:jar:2.2
[DEBUG]   Included: org.codehaus.plexus:plexus-io:jar:2.0.4
[DEBUG]   Included: junit:junit:jar:4.11
[DEBUG]   Included: org.hamcrest:hamcrest-core:jar:1.3
[DEBUG] Configuring mojo org.apache.maven.plugins:maven-enforcer-plugin:1.4.1:enforce from plugin realm ClassRealm[plugin>org.apache.maven.plugins:maven-enforcer-plugin:1.4.1, parent: sun.misc.Launcher$AppClassLoader@5c647e05]
[DEBUG] Configuring mojo 'org.apache.maven.plugins:maven-enforcer-plugin:1.4.1:enforce' with basic configurator -->
[DEBUG]   (s) fail = true
[DEBUG]   (s) failFast = false
[DEBUG]   (f) ignoreCache = false
[DEBUG]   (f) mojoExecution = org.apache.maven.plugins:maven-enforcer-plugin:1.4.1:enforce {execution: enforce-maven-version}
[DEBUG]   (s) project = MavenProject: org.apache.dubbo:dubbo-cluster:2.7.0-SNAPSHOT @ /scratch/tbaral/ase26/nod-rr/NOD-Test-Repair/run_flakerake/projects/367/dubbo-cluster/pom.xml
[DEBUG]   (s) version = 3.0
[DEBUG]   (s) rules = [org.apache.maven.plugins.enforcer.RequireMavenVersion@91c4a3f]
[DEBUG]   (s) session = org.apache.maven.execution.MavenSession@62d0ac62
[DEBUG]   (s) skip = false
[DEBUG] -- end configuration --
[DEBUG] Executing rule: org.apache.maven.plugins.enforcer.RequireMavenVersion
[DEBUG] Rule org.apache.maven.plugins.enforcer.RequireMavenVersion is cacheable.
[DEBUG] Detected Maven Version: 3.6.3
[DEBUG] Detected Maven Version: 3.6.3 is allowed in the range 3.0.
[INFO] 
[INFO] --- maven-checkstyle-plugin:3.0.0:check (checkstyle-validation) @ dubbo-cluster ---
[DEBUG] Dependency collection stats: {ConflictMarker.analyzeTime=498579, ConflictMarker.markTime=517846, ConflictMarker.nodeCount=279, ConflictIdSorter.graphTime=173476, ConflictIdSorter.topsortTime=90491, ConflictIdSorter.conflictIdCount=76, ConflictIdSorter.conflictIdCycleCount=0, ConflictResolver.totalTime=2074629, ConflictResolver.conflictItemCount=182, DefaultDependencyCollector.collectTime=1358834825, DefaultDependencyCollector.transformTime=3414303}
[DEBUG] org.apache.maven.plugins:maven-checkstyle-plugin:jar:3.0.0
[DEBUG]    com.puppycrawl.tools:checkstyle:jar:8.9:runtime
[DEBUG]       antlr:antlr:jar:2.7.7:compile
[DEBUG]       org.antlr:antlr4-runtime:jar:4.7.1:runtime
[DEBUG]       commons-beanutils:commons-beanutils:jar:1.9.3:compile
[DEBUG]          commons-logging:commons-logging:jar:1.2:compile
[DEBUG]       commons-cli:commons-cli:jar:1.4:runtime
[DEBUG]       com.google.guava:guava:jar:24.1-jre:runtime
[DEBUG]          com.google.code.findbugs:jsr305:jar:1.3.9:compile
[DEBUG]          org.checkerframework:checker-compat-qual:jar:2.0.0:runtime
[DEBUG]          com.google.errorprone:error_prone_annotations:jar:2.1.3:runtime
[DEBUG]          com.google.j2objc:j2objc-annotations:jar:1.1:runtime
[DEBUG]          org.codehaus.mojo:animal-sniffer-annotations:jar:1.14:runtime
[DEBUG]       net.sf.saxon:Saxon-HE:jar:9.8.0-10:runtime
[DEBUG]    org.apache.maven:maven-artifact:jar:3.0:compile
[DEBUG]    org.apache.maven:maven-core:jar:3.0:compile
[DEBUG]       org.apache.maven:maven-settings:jar:3.0:compile
[DEBUG]       org.apache.maven:maven-settings-builder:jar:3.0:compile
[DEBUG]       org.apache.maven:maven-repository-metadata:jar:3.0:compile
[DEBUG]       org.apache.maven:maven-model-builder:jar:3.0:compile
[DEBUG]       org.apache.maven:maven-aether-provider:jar:3.0:runtime
[DEBUG]       org.sonatype.aether:aether-impl:jar:1.7:compile
[DEBUG]          org.sonatype.aether:aether-spi:jar:1.7:compile
[DEBUG]       org.sonatype.aether:aether-api:jar:1.7:compile
[DEBUG]       org.sonatype.aether:aether-util:jar:1.7:compile
[DEBUG]       org.sonatype.sisu:sisu-inject-plexus:jar:1.4.2:compile
[DEBUG]          org.sonatype.sisu:sisu-inject-bean:jar:1.4.2:compile
[DEBUG]             org.sonatype.sisu:sisu-guice:jar:noaop:2.1.7:compile
[DEBUG]       org.codehaus.plexus:plexus-classworlds:jar:2.2.3:compile
[DEBUG]       org.sonatype.plexus:plexus-sec-dispatcher:jar:1.3:compile
[DEBUG]          org.sonatype.plexus:plexus-cipher:jar:1.4:compile
[DEBUG]    org.apache.maven:maven-model:jar:3.0:compile
[DEBUG]    org.apache.maven:maven-plugin-api:jar:3.0:compile
[DEBUG]    org.apache.maven.reporting:maven-reporting-api:jar:3.0:compile
[DEBUG]    org.apache.maven.reporting:maven-reporting-impl:jar:2.3:compile
[DEBUG]       org.apache.maven.shared:maven-shared-utils:jar:0.6:compile
[DEBUG]       org.apache.maven.doxia:doxia-core:jar:1.2:compile
[DEBUG]          xerces:xercesImpl:jar:2.9.1:compile
[DEBUG]             xml-apis:xml-apis:jar:1.3.04:compile
[DEBUG]          org.apache.httpcomponents:httpclient:jar:4.0.2:compile
[DEBUG]             org.apache.httpcomponents:httpcore:jar:4.0.1:compile
[DEBUG]             commons-codec:commons-codec:jar:1.3:compile
[DEBUG]       commons-validator:commons-validator:jar:1.3.1:compile
[DEBUG]          commons-digester:commons-digester:jar:1.6:compile
[DEBUG]    org.apache.maven.doxia:doxia-sink-api:jar:1.4:compile
[DEBUG]       org.apache.maven.doxia:doxia-logging-api:jar:1.4:compile
[DEBUG]    org.apache.maven.doxia:doxia-decoration-model:jar:1.4:compile
[DEBUG]    org.apache.maven.doxia:doxia-site-renderer:jar:1.4:compile
[DEBUG]       org.apache.maven.doxia:doxia-module-xhtml:jar:1.4:compile
[DEBUG]       org.apache.maven.doxia:doxia-module-fml:jar:1.4:compile
[DEBUG]       org.codehaus.plexus:plexus-i18n:jar:1.0-beta-7:compile
[DEBUG]       org.apache.velocity:velocity-tools:jar:2.0:compile
[DEBUG]          commons-chain:commons-chain:jar:1.1:compile
[DEBUG]          dom4j:dom4j:jar:1.1:compile
[DEBUG]          sslext:sslext:jar:1.2-0:compile
[DEBUG]          org.apache.struts:struts-core:jar:1.3.8:compile
[DEBUG]          org.apache.struts:struts-taglib:jar:1.3.8:compile
[DEBUG]          org.apache.struts:struts-tiles:jar:1.3.8:compile
[DEBUG]    org.apache.maven.doxia:doxia-integration-tools:jar:1.6:compile
[DEBUG]       commons-io:commons-io:jar:1.4:compile
[DEBUG]       org.codehaus.plexus:plexus-container-default:jar:1.0-alpha-9:compile
[DEBUG]          junit:junit:jar:3.8.1:compile
[DEBUG]          classworlds:classworlds:jar:1.1-alpha-2:compile
[DEBUG]    org.codehaus.plexus:plexus-component-annotations:jar:1.6:compile
[DEBUG]    org.codehaus.plexus:plexus-resources:jar:1.1.0:compile
[DEBUG]    org.codehaus.plexus:plexus-utils:jar:3.0.24:compile
[DEBUG]    org.codehaus.plexus:plexus-interpolation:jar:1.24:compile
[DEBUG]    org.codehaus.plexus:plexus-velocity:jar:1.1.8:compile
[DEBUG]    org.apache.velocity:velocity:jar:1.5:compile
[DEBUG]       commons-lang:commons-lang:jar:2.1:compile
[DEBUG]       oro:oro:jar:2.0.8:compile
[DEBUG]    commons-collections:commons-collections:jar:3.2.1:compile
[DEBUG] Created new class realm plugin>org.apache.maven.plugins:maven-checkstyle-plugin:3.0.0
[DEBUG] Importing foreign packages into class realm plugin>org.apache.maven.plugins:maven-checkstyle-plugin:3.0.0
[DEBUG]   Imported:  < maven.api
[DEBUG] Populating class realm plugin>org.apache.maven.plugins:maven-checkstyle-plugin:3.0.0
[DEBUG]   Included: org.apache.maven.plugins:maven-checkstyle-plugin:jar:3.0.0
[DEBUG]   Included: com.puppycrawl.tools:checkstyle:jar:8.9
[DEBUG]   Included: antlr:antlr:jar:2.7.7
[DEBUG]   Included: org.antlr:antlr4-runtime:jar:4.7.1
[DEBUG]   Included: commons-beanutils:commons-beanutils:jar:1.9.3
[DEBUG]   Included: commons-logging:commons-logging:jar:1.2
[DEBUG]   Included: commons-cli:commons-cli:jar:1.4
[DEBUG]   Included: com.google.guava:guava:jar:24.1-jre
[DEBUG]   Included: com.google.code.findbugs:jsr305:jar:1.3.9
[DEBUG]   Included: org.checkerframework:checker-compat-qual:jar:2.0.0
[DEBUG]   Included: com.google.errorprone:error_prone_annotations:jar:2.1.3
[DEBUG]   Included: com.google.j2objc:j2objc-annotations:jar:1.1
[DEBUG]   Included: org.codehaus.mojo:animal-sniffer-annotations:jar:1.14
[DEBUG]   Included: net.sf.saxon:Saxon-HE:jar:9.8.0-10
[DEBUG]   Included: org.sonatype.aether:aether-util:jar:1.7
[DEBUG]   Included: org.sonatype.sisu:sisu-inject-bean:jar:1.4.2
[DEBUG]   Included: org.sonatype.sisu:sisu-guice:jar:noaop:2.1.7
[DEBUG]   Included: org.sonatype.plexus:plexus-sec-dispatcher:jar:1.3
[DEBUG]   Included: org.sonatype.plexus:plexus-cipher:jar:1.4
[DEBUG]   Included: org.apache.maven.reporting:maven-reporting-api:jar:3.0
[DEBUG]   Included: org.apache.maven.reporting:maven-reporting-impl:jar:2.3
[DEBUG]   Included: org.apache.maven.shared:maven-shared-utils:jar:0.6
[DEBUG]   Included: org.apache.maven.doxia:doxia-core:jar:1.2
[DEBUG]   Included: xerces:xercesImpl:jar:2.9.1
[DEBUG]   Included: xml-apis:xml-apis:jar:1.3.04
[DEBUG]   Included: org.apache.httpcomponents:httpclient:jar:4.0.2
[DEBUG]   Included: org.apache.httpcomponents:httpcore:jar:4.0.1
[DEBUG]   Included: commons-codec:commons-codec:jar:1.3
[DEBUG]   Included: commons-validator:commons-validator:jar:1.3.1
[DEBUG]   Included: commons-digester:commons-digester:jar:1.6
[DEBUG]   Included: org.apache.maven.doxia:doxia-sink-api:jar:1.4
[DEBUG]   Included: org.apache.maven.doxia:doxia-logging-api:jar:1.4
[DEBUG]   Included: org.apache.maven.doxia:doxia-decoration-model:jar:1.4
[DEBUG]   Included: org.apache.maven.doxia:doxia-site-renderer:jar:1.4
[DEBUG]   Included: org.apache.maven.doxia:doxia-module-xhtml:jar:1.4
[DEBUG]   Included: org.apache.maven.doxia:doxia-module-fml:jar:1.4
[DEBUG]   Included: org.codehaus.plexus:plexus-i18n:jar:1.0-beta-7
[DEBUG]   Included: org.apache.velocity:velocity-tools:jar:2.0
[DEBUG]   Included: commons-chain:commons-chain:jar:1.1
[DEBUG]   Included: dom4j:dom4j:jar:1.1
[DEBUG]   Included: sslext:sslext:jar:1.2-0
[DEBUG]   Included: org.apache.struts:struts-core:jar:1.3.8
[DEBUG]   Included: org.apache.struts:struts-taglib:jar:1.3.8
[DEBUG]   Included: org.apache.struts:struts-tiles:jar:1.3.8
[DEBUG]   Included: org.apache.maven.doxia:doxia-integration-tools:jar:1.6
[DEBUG]   Included: commons-io:commons-io:jar:1.4
[DEBUG]   Included: junit:junit:jar:3.8.1
[DEBUG]   Included: org.codehaus.plexus:plexus-component-annotations:jar:1.6
[DEBUG]   Included: org.codehaus.plexus:plexus-resources:jar:1.1.0
[DEBUG]   Included: org.codehaus.plexus:plexus-utils:jar:3.0.24
[DEBUG]   Included: org.codehaus.plexus:plexus-interpolation:jar:1.24
[DEBUG]   Included: org.codehaus.plexus:plexus-velocity:jar:1.1.8
[DEBUG]   Included: org.apache.velocity:velocity:jar:1.5
[DEBUG]   Included: commons-lang:commons-lang:jar:2.1
[DEBUG]   Included: oro:oro:jar:2.0.8
[DEBUG]   Included: commons-collections:commons-collections:jar:3.2.1
[DEBUG] Configuring mojo org.apache.maven.plugins:maven-checkstyle-plugin:3.0.0:check from plugin realm ClassRealm[plugin>org.apache.maven.plugins:maven-checkstyle-plugin:3.0.0, parent: sun.misc.Launcher$AppClassLoader@5c647e05]
[DEBUG] Configuring mojo 'org.apache.maven.plugins:maven-checkstyle-plugin:3.0.0:check' with basic configurator -->
[DEBUG]   (f) cacheFile = /scratch/tbaral/ase26/nod-rr/NOD-Test-Repair/run_flakerake/projects/367/dubbo-cluster/target/checkstyle-cachefile
[DEBUG]   (f) configLocation = codestyle/checkstyle.xml
[DEBUG]   (f) consoleOutput = true
[DEBUG]   (f) encoding = UTF-8
[DEBUG]   (f) excludes = **/JSONWriter.java
[DEBUG]   (f) failOnViolation = true
[DEBUG]   (f) failsOnError = false
[DEBUG]   (f) headerLocation = LICENSE.txt
[DEBUG]   (f) includeResources = true
[DEBUG]   (f) includeTestResources = true
[DEBUG]   (f) includeTestSourceDirectory = false
[DEBUG]   (f) includes = **\/*.java
[DEBUG]   (f) logViolationsToConsole = true
[DEBUG]   (f) maxAllowedViolations = 0
[DEBUG]   (f) omitIgnoredModules = false
[DEBUG]   (f) outputFile = /scratch/tbaral/ase26/nod-rr/NOD-Test-Repair/run_flakerake/projects/367/dubbo-cluster/target/checkstyle-result.xml
[DEBUG]   (f) outputFileFormat = xml
[DEBUG]   (f) plugin = Component Descriptor: role: 'org.apache.maven.plugin.Mojo', implementation: 'org.apache.maven.plugins.checkstyle.CheckstyleViolationCheckMojo', role hint: 'org.apache.maven.plugins:maven-checkstyle-plugin:3.0.0:check'
role: 'org.apache.maven.plugin.Mojo', implementation: 'org.apache.maven.plugins.checkstyle.CheckstyleReport', role hint: 'org.apache.maven.plugins:maven-checkstyle-plugin:3.0.0:checkstyle'
role: 'org.apache.maven.plugin.Mojo', implementation: 'org.apache.maven.plugins.checkstyle.CheckstyleAggregateReport', role hint: 'org.apache.maven.plugins:maven-checkstyle-plugin:3.0.0:checkstyle-aggregate'
role: 'org.apache.maven.plugin.Mojo', implementation: 'org.apache.maven.plugins.checkstyle.HelpMojo', role hint: 'org.apache.maven.plugins:maven-checkstyle-plugin:3.0.0:help'
---
[DEBUG]   (f) project = MavenProject: org.apache.dubbo:dubbo-cluster:2.7.0-SNAPSHOT @ /scratch/tbaral/ase26/nod-rr/NOD-Test-Repair/run_flakerake/projects/367/dubbo-cluster/pom.xml
[DEBUG]   (f) resourceIncludes = **/*.properties
[DEBUG]   (f) resources = [Resource {targetPath: null, filtering: false, FileSet {directory: /scratch/tbaral/ase26/nod-rr/NOD-Test-Repair/run_flakerake/projects/367/dubbo-cluster/src/main/resources, PatternSet [includes: {}, excludes: {}]}}, Resource {targetPath: META-INF/, filtering: false, FileSet {directory: /scratch/tbaral/ase26/nod-rr/NOD-Test-Repair/run_flakerake/projects/367, PatternSet [includes: {NOTICE, LICENSE}, excludes: {}]}}]
[DEBUG]   (f) rulesFiles = /scratch/tbaral/ase26/nod-rr/NOD-Test-Repair/run_flakerake/projects/367/dubbo-cluster/target/checkstyle-rules.xml
[DEBUG]   (f) skip = true
[DEBUG]   (f) skipExec = false
[DEBUG]   (f) suppressionsFileExpression = checkstyle.suppressions.file
[DEBUG]   (f) suppressionsLocation = codestyle/checkstyle-suppressions.xml
[DEBUG]   (f) testResources = [Resource {targetPath: null, filtering: false, FileSet {directory: /scratch/tbaral/ase26/nod-rr/NOD-Test-Repair/run_flakerake/projects/367/dubbo-cluster/src/test/resources, PatternSet [includes: {}, excludes: {}]}}]
[DEBUG]   (f) violationSeverity = error
[DEBUG] -- end configuration --
[INFO] 
[INFO] --- jacoco-maven-plugin:0.8.2:prepare-agent (jacoco-initialize) @ dubbo-cluster ---
[DEBUG] Dependency collection stats: {ConflictMarker.analyzeTime=429048, ConflictMarker.markTime=102012, ConflictMarker.nodeCount=164, ConflictIdSorter.graphTime=73047, ConflictIdSorter.topsortTime=49263, ConflictIdSorter.conflictIdCount=50, ConflictIdSorter.conflictIdCycleCount=0, ConflictResolver.totalTime=793114, ConflictResolver.conflictItemCount=114, DefaultDependencyCollector.collectTime=343365553, DefaultDependencyCollector.transformTime=1501269}
[DEBUG] org.jacoco:jacoco-maven-plugin:jar:0.8.2
[DEBUG]    org.apache.maven:maven-plugin-api:jar:2.2.1:compile
[DEBUG]    org.apache.maven:maven-project:jar:2.2.1:compile
[DEBUG]       org.apache.maven:maven-settings:jar:2.2.1:compile
[DEBUG]       org.apache.maven:maven-profile:jar:2.2.1:compile
[DEBUG]       org.apache.maven:maven-model:jar:2.2.1:compile
[DEBUG]       org.apache.maven:maven-artifact-manager:jar:2.2.1:compile
[DEBUG]          org.apache.maven:maven-repository-metadata:jar:2.2.1:compile
[DEBUG]          backport-util-concurrent:backport-util-concurrent:jar:3.1:compile
[DEBUG]       org.apache.maven:maven-plugin-registry:jar:2.2.1:compile
[DEBUG]       org.codehaus.plexus:plexus-interpolation:jar:1.11:compile
[DEBUG]       org.apache.maven:maven-artifact:jar:2.2.1:compile
[DEBUG]       org.codehaus.plexus:plexus-container-default:jar:1.0-alpha-9-stable-1:compile
[DEBUG]          junit:junit:jar:4.8.2:compile (version managed from default)
[DEBUG]          classworlds:classworlds:jar:1.1-alpha-2:compile
[DEBUG]    org.codehaus.plexus:plexus-utils:jar:3.0.22:compile
[DEBUG]    org.apache.maven.shared:file-management:jar:1.2.1:compile
[DEBUG]       org.apache.maven.shared:maven-shared-io:jar:1.1:compile
[DEBUG]          org.apache.maven.wagon:wagon-provider-api:jar:1.0-alpha-6:compile
[DEBUG]    org.apache.maven.reporting:maven-reporting-api:jar:2.2.1:compile
[DEBUG]       org.apache.maven.doxia:doxia-sink-api:jar:1.1:compile
[DEBUG]       org.apache.maven.doxia:doxia-logging-api:jar:1.1:compile
[DEBUG]    org.apache.maven.reporting:maven-reporting-impl:jar:2.1:compile
[DEBUG]       org.apache.maven.doxia:doxia-core:jar:1.1.2:compile
[DEBUG]          xerces:xercesImpl:jar:2.8.1:compile
[DEBUG]          commons-lang:commons-lang:jar:2.4:compile
[DEBUG]          commons-httpclient:commons-httpclient:jar:3.1:compile
[DEBUG]             commons-codec:commons-codec:jar:1.2:compile
[DEBUG]       org.apache.maven.doxia:doxia-site-renderer:jar:1.1.2:compile
[DEBUG]          org.apache.maven.doxia:doxia-decoration-model:jar:1.1.2:compile
[DEBUG]          org.apache.maven.doxia:doxia-module-xhtml:jar:1.1.2:compile
[DEBUG]          org.apache.maven.doxia:doxia-module-fml:jar:1.1.2:compile
[DEBUG]          org.codehaus.plexus:plexus-i18n:jar:1.0-beta-7:compile
[DEBUG]          org.codehaus.plexus:plexus-velocity:jar:1.1.7:compile
[DEBUG]          org.apache.velocity:velocity:jar:1.5:compile
[DEBUG]          commons-collections:commons-collections:jar:3.2.2:compile (version managed from default)
[DEBUG]       commons-validator:commons-validator:jar:1.2.0:compile
[DEBUG]          commons-beanutils:commons-beanutils:jar:1.7.0:compile
[DEBUG]          commons-digester:commons-digester:jar:1.6:compile
[DEBUG]          commons-logging:commons-logging:jar:1.0.4:compile
[DEBUG]          oro:oro:jar:2.0.8:compile
[DEBUG]          xml-apis:xml-apis:jar:1.0.b2:compile
[DEBUG]    org.jacoco:org.jacoco.agent:jar:runtime:0.8.2:compile
[DEBUG]    org.jacoco:org.jacoco.core:jar:0.8.2:compile
[DEBUG]       org.ow2.asm:asm:jar:6.2.1:compile (version managed from default)
[DEBUG]       org.ow2.asm:asm-commons:jar:6.2.1:compile (version managed from default)
[DEBUG]          org.ow2.asm:asm-analysis:jar:6.2.1:compile (version managed from default)
[DEBUG]       org.ow2.asm:asm-tree:jar:6.2.1:compile (version managed from default)
[DEBUG]    org.jacoco:org.jacoco.report:jar:0.8.2:compile
[DEBUG] Created new class realm plugin>org.jacoco:jacoco-maven-plugin:0.8.2
[DEBUG] Importing foreign packages into class realm plugin>org.jacoco:jacoco-maven-plugin:0.8.2
[DEBUG]   Imported:  < maven.api
[DEBUG] Populating class realm plugin>org.jacoco:jacoco-maven-plugin:0.8.2
[DEBUG]   Included: org.jacoco:jacoco-maven-plugin:jar:0.8.2
[DEBUG]   Included: backport-util-concurrent:backport-util-concurrent:jar:3.1
[DEBUG]   Included: org.codehaus.plexus:plexus-interpolation:jar:1.11
[DEBUG]   Included: junit:junit:jar:4.8.2
[DEBUG]   Included: org.codehaus.plexus:plexus-utils:jar:3.0.22
[DEBUG]   Included: org.apache.maven.shared:file-management:jar:1.2.1
[DEBUG]   Included: org.apache.maven.shared:maven-shared-io:jar:1.1
[DEBUG]   Included: org.apache.maven.reporting:maven-reporting-api:jar:2.2.1
[DEBUG]   Included: org.apache.maven.doxia:doxia-sink-api:jar:1.1
[DEBUG]   Included: org.apache.maven.doxia:doxia-logging-api:jar:1.1
[DEBUG]   Included: org.apache.maven.reporting:maven-reporting-impl:jar:2.1
[DEBUG]   Included: org.apache.maven.doxia:doxia-core:jar:1.1.2
[DEBUG]   Included: xerces:xercesImpl:jar:2.8.1
[DEBUG]   Included: commons-lang:commons-lang:jar:2.4
[DEBUG]   Included: commons-httpclient:commons-httpclient:jar:3.1
[DEBUG]   Included: commons-codec:commons-codec:jar:1.2
[DEBUG]   Included: org.apache.maven.doxia:doxia-site-renderer:jar:1.1.2
[DEBUG]   Included: org.apache.maven.doxia:doxia-decoration-model:jar:1.1.2
[DEBUG]   Included: org.apache.maven.doxia:doxia-module-xhtml:jar:1.1.2
[DEBUG]   Included: org.apache.maven.doxia:doxia-module-fml:jar:1.1.2
[DEBUG]   Included: org.codehaus.plexus:plexus-i18n:jar:1.0-beta-7
[DEBUG]   Included: org.codehaus.plexus:plexus-velocity:jar:1.1.7
[DEBUG]   Included: org.apache.velocity:velocity:jar:1.5
[DEBUG]   Included: commons-collections:commons-collections:jar:3.2.2
[DEBUG]   Included: commons-validator:commons-validator:jar:1.2.0
[DEBUG]   Included: commons-beanutils:commons-beanutils:jar:1.7.0
[DEBUG]   Included: commons-digester:commons-digester:jar:1.6
[DEBUG]   Included: commons-logging:commons-logging:jar:1.0.4
[DEBUG]   Included: oro:oro:jar:2.0.8
[DEBUG]   Included: xml-apis:xml-apis:jar:1.0.b2
[DEBUG]   Included: org.jacoco:org.jacoco.agent:jar:runtime:0.8.2
[DEBUG]   Included: org.jacoco:org.jacoco.core:jar:0.8.2
[DEBUG]   Included: org.ow2.asm:asm:jar:6.2.1
[DEBUG]   Included: org.ow2.asm:asm-commons:jar:6.2.1
[DEBUG]   Included: org.ow2.asm:asm-analysis:jar:6.2.1
[DEBUG]   Included: org.ow2.asm:asm-tree:jar:6.2.1
[DEBUG]   Included: org.jacoco:org.jacoco.report:jar:0.8.2
[DEBUG] Configuring mojo org.jacoco:jacoco-maven-plugin:0.8.2:prepare-agent from plugin realm ClassRealm[plugin>org.jacoco:jacoco-maven-plugin:0.8.2, parent: sun.misc.Launcher$AppClassLoader@5c647e05]
[DEBUG] Configuring mojo 'org.jacoco:jacoco-maven-plugin:0.8.2:prepare-agent' with basic configurator -->
[DEBUG]   (f) destFile = /scratch/tbaral/ase26/nod-rr/NOD-Test-Repair/run_flakerake/projects/367/dubbo-cluster/target/jacoco.exec
[DEBUG]   (f) pluginArtifactMap = {org.jacoco:jacoco-maven-plugin=org.jacoco:jacoco-maven-plugin:maven-plugin:0.8.2:, org.apache.maven:maven-plugin-api=org.apache.maven:maven-plugin-api:jar:2.2.1:compile, org.apache.maven:maven-project=org.apache.maven:maven-project:jar:2.2.1:compile, org.apache.maven:maven-settings=org.apache.maven:maven-settings:jar:2.2.1:compile, org.apache.maven:maven-profile=org.apache.maven:maven-profile:jar:2.2.1:compile, org.apache.maven:maven-model=org.apache.maven:maven-model:jar:2.2.1:compile, org.apache.maven:maven-artifact-manager=org.apache.maven:maven-artifact-manager:jar:2.2.1:compile, org.apache.maven:maven-repository-metadata=org.apache.maven:maven-repository-metadata:jar:2.2.1:compile, backport-util-concurrent:backport-util-concurrent=backport-util-concurrent:backport-util-concurrent:jar:3.1:compile, org.apache.maven:maven-plugin-registry=org.apache.maven:maven-plugin-registry:jar:2.2.1:compile, org.codehaus.plexus:plexus-interpolation=org.codehaus.plexus:plexus-interpolation:jar:1.11:compile, org.apache.maven:maven-artifact=org.apache.maven:maven-artifact:jar:2.2.1:compile, org.codehaus.plexus:plexus-container-default=org.codehaus.plexus:plexus-container-default:jar:1.0-alpha-9-stable-1:compile, junit:junit=junit:junit:jar:4.8.2:compile, classworlds:classworlds=classworlds:classworlds:jar:1.1-alpha-2:compile, org.codehaus.plexus:plexus-utils=org.codehaus.plexus:plexus-utils:jar:3.0.22:compile, org.apache.maven.shared:file-management=org.apache.maven.shared:file-management:jar:1.2.1:compile, org.apache.maven.shared:maven-shared-io=org.apache.maven.shared:maven-shared-io:jar:1.1:compile, org.apache.maven.wagon:wagon-provider-api=org.apache.maven.wagon:wagon-provider-api:jar:1.0-alpha-6:compile, org.apache.maven.reporting:maven-reporting-api=org.apache.maven.reporting:maven-reporting-api:jar:2.2.1:compile, org.apache.maven.doxia:doxia-sink-api=org.apache.maven.doxia:doxia-sink-api:jar:1.1:compile, org.apache.maven.doxia:doxia-logging-api=org.apache.maven.doxia:doxia-logging-api:jar:1.1:compile, org.apache.maven.reporting:maven-reporting-impl=org.apache.maven.reporting:maven-reporting-impl:jar:2.1:compile, org.apache.maven.doxia:doxia-core=org.apache.maven.doxia:doxia-core:jar:1.1.2:compile, xerces:xercesImpl=xerces:xercesImpl:jar:2.8.1:compile, commons-lang:commons-lang=commons-lang:commons-lang:jar:2.4:compile, commons-httpclient:commons-httpclient=commons-httpclient:commons-httpclient:jar:3.1:compile, commons-codec:commons-codec=commons-codec:commons-codec:jar:1.2:compile, org.apache.maven.doxia:doxia-site-renderer=org.apache.maven.doxia:doxia-site-renderer:jar:1.1.2:compile, org.apache.maven.doxia:doxia-decoration-model=org.apache.maven.doxia:doxia-decoration-model:jar:1.1.2:compile, org.apache.maven.doxia:doxia-module-xhtml=org.apache.maven.doxia:doxia-module-xhtml:jar:1.1.2:compile, org.apache.maven.doxia:doxia-module-fml=org.apache.maven.doxia:doxia-module-fml:jar:1.1.2:compile, org.codehaus.plexus:plexus-i18n=org.codehaus.plexus:plexus-i18n:jar:1.0-beta-7:compile, org.codehaus.plexus:plexus-velocity=org.codehaus.plexus:plexus-velocity:jar:1.1.7:compile, org.apache.velocity:velocity=org.apache.velocity:velocity:jar:1.5:compile, commons-collections:commons-collections=commons-collections:commons-collections:jar:3.2.2:compile, commons-validator:commons-validator=commons-validator:commons-validator:jar:1.2.0:compile, commons-beanutils:commons-beanutils=commons-beanutils:commons-beanutils:jar:1.7.0:compile, commons-digester:commons-digester=commons-digester:commons-digester:jar:1.6:compile, commons-logging:commons-logging=commons-logging:commons-logging:jar:1.0.4:compile, oro:oro=oro:oro:jar:2.0.8:compile, xml-apis:xml-apis=xml-apis:xml-apis:jar:1.0.b2:compile, org.jacoco:org.jacoco.agent=org.jacoco:org.jacoco.agent:jar:runtime:0.8.2:compile, org.jacoco:org.jacoco.core=org.jacoco:org.jacoco.core:jar:0.8.2:compile, org.ow2.asm:asm=org.ow2.asm:asm:jar:6.2.1:compile, org.ow2.asm:asm-commons=org.ow2.asm:asm-commons:jar:6.2.1:compile, org.ow2.asm:asm-analysis=org.ow2.asm:asm-analysis:jar:6.2.1:compile, org.ow2.asm:asm-tree=org.ow2.asm:asm-tree:jar:6.2.1:compile, org.jacoco:org.jacoco.report=org.jacoco:org.jacoco.report:jar:0.8.2:compile}
[DEBUG]   (f) project = MavenProject: org.apache.dubbo:dubbo-cluster:2.7.0-SNAPSHOT @ /scratch/tbaral/ase26/nod-rr/NOD-Test-Repair/run_flakerake/projects/367/dubbo-cluster/pom.xml
[DEBUG]   (f) propertyName = jacocoArgLine
[DEBUG]   (f) skip = false
[DEBUG] -- end configuration --
[INFO] jacocoArgLine set to -javaagent:/home/tbaral/.m2/repository/org/jacoco/org.jacoco.agent/0.8.2/org.jacoco.agent-0.8.2-runtime.jar=destfile=/scratch/tbaral/ase26/nod-rr/NOD-Test-Repair/run_flakerake/projects/367/dubbo-cluster/target/jacoco.exec
[INFO] 
[INFO] --- maven-remote-resources-plugin:1.5:process (process-resource-bundles) @ dubbo-cluster ---
[DEBUG] Dependency collection stats: {ConflictMarker.analyzeTime=134974, ConflictMarker.markTime=74300, ConflictMarker.nodeCount=185, ConflictIdSorter.graphTime=48321, ConflictIdSorter.topsortTime=53351, ConflictIdSorter.conflictIdCount=44, ConflictIdSorter.conflictIdCycleCount=0, ConflictResolver.totalTime=571597, ConflictResolver.conflictItemCount=100, DefaultDependencyCollector.collectTime=253115321, DefaultDependencyCollector.transformTime=978283}
[DEBUG] org.apache.maven.plugins:maven-remote-resources-plugin:jar:1.5
[DEBUG]    org.apache.maven:maven-artifact:jar:2.2.1:compile
[DEBUG]    org.apache.maven:maven-core:jar:2.2.1:compile
[DEBUG]       org.apache.maven:maven-plugin-parameter-documenter:jar:2.2.1:compile
[DEBUG]       org.slf4j:slf4j-jdk14:jar:1.5.6:runtime
[DEBUG]          org.slf4j:slf4j-api:jar:1.5.6:runtime
[DEBUG]       org.slf4j:jcl-over-slf4j:jar:1.5.6:runtime
[DEBUG]       org.apache.maven.reporting:maven-reporting-api:jar:2.2.1:compile
[DEBUG]          org.apache.maven.doxia:doxia-sink-api:jar:1.1:compile
[DEBUG]          org.apache.maven.doxia:doxia-logging-api:jar:1.1:compile
[DEBUG]       org.apache.maven:maven-profile:jar:2.2.1:compile
[DEBUG]       org.codehaus.plexus:plexus-container-default:jar:1.0-alpha-9-stable-1:compile
[DEBUG]          junit:junit:jar:3.8.1:compile
[DEBUG]       org.apache.maven:maven-repository-metadata:jar:2.2.1:compile
[DEBUG]       org.apache.maven:maven-error-diagnostics:jar:2.2.1:compile
[DEBUG]       commons-cli:commons-cli:jar:1.2:compile
[DEBUG]       org.apache.maven:maven-plugin-descriptor:jar:2.2.1:compile
[DEBUG]       org.codehaus.plexus:plexus-interactivity-api:jar:1.0-alpha-4:compile
[DEBUG]       org.apache.maven:maven-artifact-manager:jar:2.2.1:compile
[DEBUG]          backport-util-concurrent:backport-util-concurrent:jar:3.1:compile
[DEBUG]       classworlds:classworlds:jar:1.1:compile
[DEBUG]       org.sonatype.plexus:plexus-sec-dispatcher:jar:1.3:compile
[DEBUG]          org.sonatype.plexus:plexus-cipher:jar:1.4:compile
[DEBUG]    org.apache.maven:maven-model:jar:2.2.1:compile
[DEBUG]    org.apache.maven:maven-monitor:jar:2.2.1:compile
[DEBUG]    org.apache.maven:maven-plugin-api:jar:2.2.1:compile
[DEBUG]    org.apache.maven:maven-project:jar:2.2.1:compile
[DEBUG]       org.apache.maven:maven-plugin-registry:jar:2.2.1:compile
[DEBUG]    org.apache.maven:maven-settings:jar:2.2.1:compile
[DEBUG]    org.apache.maven.shared:maven-artifact-resolver:jar:1.0:compile
[DEBUG]    org.apache.maven.shared:maven-common-artifact-filters:jar:1.4:compile
[DEBUG]    org.apache.maven.shared:maven-filtering:jar:1.1:compile
[DEBUG]       org.sonatype.plexus:plexus-build-api:jar:0.0.4:compile
[DEBUG]    org.codehaus.plexus:plexus-resources:jar:1.0-alpha-7:compile
[DEBUG]    org.codehaus.plexus:plexus-interpolation:jar:1.12:compile
[DEBUG]    org.codehaus.plexus:plexus-utils:jar:1.5.15:compile
[DEBUG]    org.apache.velocity:velocity:jar:1.7:compile
[DEBUG]       commons-collections:commons-collections:jar:3.2.1:compile
[DEBUG]       commons-lang:commons-lang:jar:2.4:compile
[DEBUG] Created new class realm plugin>org.apache.maven.plugins:maven-remote-resources-plugin:1.5
[DEBUG] Importing foreign packages into class realm plugin>org.apache.maven.plugins:maven-remote-resources-plugin:1.5
[DEBUG]   Imported:  < maven.api
[DEBUG] Populating class realm plugin>org.apache.maven.plugins:maven-remote-resources-plugin:1.5
[DEBUG]   Included: org.apache.maven.plugins:maven-remote-resources-plugin:jar:1.5
[DEBUG]   Included: org.slf4j:slf4j-jdk14:jar:1.5.6
[DEBUG]   Included: org.slf4j:jcl-over-slf4j:jar:1.5.6
[DEBUG]   Included: org.apache.maven.reporting:maven-reporting-api:jar:2.2.1
[DEBUG]   Included: org.apache.maven.doxia:doxia-sink-api:jar:1.1
[DEBUG]   Included: org.apache.maven.doxia:doxia-logging-api:jar:1.1
[DEBUG]   Included: junit:junit:jar:3.8.1
[DEBUG]   Included: commons-cli:commons-cli:jar:1.2
[DEBUG]   Included: org.codehaus.plexus:plexus-interactivity-api:jar:1.0-alpha-4
[DEBUG]   Included: backport-util-concurrent:backport-util-concurrent:jar:3.1
[DEBUG]   Included: org.sonatype.plexus:plexus-sec-dispatcher:jar:1.3
[DEBUG]   Included: org.sonatype.plexus:plexus-cipher:jar:1.4
[DEBUG]   Included: org.apache.maven.shared:maven-artifact-resolver:jar:1.0
[DEBUG]   Included: org.apache.maven.shared:maven-common-artifact-filters:jar:1.4
[DEBUG]   Included: org.apache.maven.shared:maven-filtering:jar:1.1
[DEBUG]   Included: org.sonatype.plexus:plexus-build-api:jar:0.0.4
[DEBUG]   Included: org.codehaus.plexus:plexus-resources:jar:1.0-alpha-7
[DEBUG]   Included: org.codehaus.plexus:plexus-interpolation:jar:1.12
[DEBUG]   Included: org.codehaus.plexus:plexus-utils:jar:1.5.15
[DEBUG]   Included: org.apache.velocity:velocity:jar:1.7
[DEBUG]   Included: commons-collections:commons-collections:jar:3.2.1
[DEBUG]   Included: commons-lang:commons-lang:jar:2.4
[DEBUG] Configuring mojo org.apache.maven.plugins:maven-remote-resources-plugin:1.5:process from plugin realm ClassRealm[plugin>org.apache.maven.plugins:maven-remote-resources-plugin:1.5, parent: sun.misc.Launcher$AppClassLoader@5c647e05]
[DEBUG] Configuring mojo 'org.apache.maven.plugins:maven-remote-resources-plugin:1.5:process' with basic configurator -->
[DEBUG]   (f) appendedResourcesDirectory = /scratch/tbaral/ase26/nod-rr/NOD-Test-Repair/run_flakerake/projects/367/dubbo-cluster/src/main/appended-resources
[DEBUG]   (f) attachToMain = true
[DEBUG]   (f) attachToTest = true
[DEBUG]   (f) attached = true
[DEBUG]   (f) basedir = /scratch/tbaral/ase26/nod-rr/NOD-Test-Repair/run_flakerake/projects/367/dubbo-cluster
[DEBUG]   (f) encoding = UTF-8
[DEBUG]   (f) excludeTransitive = false
[DEBUG]   (f) includeProjectProperties = false
[DEBUG]   (f) includeScope = runtime
[DEBUG]   (f) localRepository =       id: local
      url: file:///home/tbaral/.m2/repository/
   layout: default
snapshots: [enabled => true, update => always]
 releases: [enabled => true, update => always]

[DEBUG]   (f) outputDirectory = /scratch/tbaral/ase26/nod-rr/NOD-Test-Repair/run_flakerake/projects/367/dubbo-cluster/target/maven-shared-archive-resources
[DEBUG]   (f) remoteArtifactRepositories = [      id: apache.snapshots
      url: https://repository.apache.org/snapshots
   layout: default
snapshots: [enabled => true, update => daily]
 releases: [enabled => false, update => daily]
,       id: central
      url: https://repo.maven.apache.org/maven2
   layout: default
snapshots: [enabled => false, update => daily]
 releases: [enabled => true, update => daily]
]
[DEBUG]   (f) resourceBundles = [org.apache:apache-jar-resource-bundle:1.4]
[DEBUG]   (f) resources = [Resource {targetPath: null, filtering: false, FileSet {directory: /scratch/tbaral/ase26/nod-rr/NOD-Test-Repair/run_flakerake/projects/367/dubbo-cluster/src/main/resources, PatternSet [includes: {}, excludes: {}]}}, Resource {targetPath: META-INF/, filtering: false, FileSet {directory: /scratch/tbaral/ase26/nod-rr/NOD-Test-Repair/run_flakerake/projects/367, PatternSet [includes: {NOTICE, LICENSE}, excludes: {}]}}]
[DEBUG]   (f) runOnlyAtExecutionRoot = false
[DEBUG]   (f) skip = false
[DEBUG]   (f) useDefaultFilterDelimiters = true
[DEBUG]   (f) mavenSession = org.apache.maven.execution.MavenSession@62d0ac62
[DEBUG]   (f) project = MavenProject: org.apache.dubbo:dubbo-cluster:2.7.0-SNAPSHOT @ /scratch/tbaral/ase26/nod-rr/NOD-Test-Repair/run_flakerake/projects/367/dubbo-cluster/pom.xml
[DEBUG] -- end configuration --
[DEBUG] Initializing Velocity, Calling init()...
[DEBUG] *******************************************************************
[DEBUG] Starting Apache Velocity v1.7 (compiled: 2010-11-19 12:14:37)
[DEBUG] RuntimeInstance initializing.
[DEBUG] Default Properties File: org/apache/velocity/runtime/defaults/velocity.properties
[DEBUG] Default ResourceManager initializing. (class org.apache.velocity.runtime.resource.ResourceManagerImpl)
[DEBUG] ResourceLoader instantiated: org.apache.velocity.runtime.resource.loader.ClasspathResourceLoader
[DEBUG] ResourceCache: initialized (class org.apache.velocity.runtime.resource.ResourceCacheImpl) with class java.util.Collections$SynchronizedMap cache map.
[DEBUG] Default ResourceManager initialization complete.
[DEBUG] Loaded System Directive: org.apache.velocity.runtime.directive.Stop
[DEBUG] Loaded System Directive: org.apache.velocity.runtime.directive.Define
[DEBUG] Loaded System Directive: org.apache.velocity.runtime.directive.Break
[DEBUG] Loaded System Directive: org.apache.velocity.runtime.directive.Evaluate
[DEBUG] Loaded System Directive: org.apache.velocity.runtime.directive.Literal
[DEBUG] Loaded System Directive: org.apache.velocity.runtime.directive.Macro
[DEBUG] Loaded System Directive: org.apache.velocity.runtime.directive.Parse
[DEBUG] Loaded System Directive: org.apache.velocity.runtime.directive.Include
[DEBUG] Loaded System Directive: org.apache.velocity.runtime.directive.Foreach
[DEBUG] Velocimacro : initialization starting.
[DEBUG] Velocimacro : "velocimacro.library" is not set.  Trying default library: VM_global_library.vm
[DEBUG] Velocimacro : Default library not found.
[DEBUG] Velocimacro : allowInline = true : VMs can be defined inline in templates
[DEBUG] Velocimacro : allowInlineToOverride = false : VMs defined inline may NOT replace previous VM definitions
[DEBUG] Velocimacro : allowInlineLocal = false : VMs defined inline will be global in scope if allowed.
[DEBUG] Velocimacro : autoload off : VM system will not automatically reload global library macros
[DEBUG] Velocimacro : Velocimacro : initialization complete.
[DEBUG] RuntimeInstance successfully initialized.
[DEBUG] Supplemental data models won't be loaded.  No models specified.
[DEBUG] org.apache.dubbo:dubbo-cluster:jar:2.7.0-SNAPSHOT (selected for null)
[DEBUG]   org.apache.dubbo:dubbo-rpc-api:jar:2.7.0-SNAPSHOT:compile (selected for compile)
[DEBUG]     org.apache.dubbo:dubbo-common:jar:2.7.0-SNAPSHOT:compile (selected for compile)
[DEBUG]       commons-logging:commons-logging:jar:1.2:compile (selected for compile)
[DEBUG]       log4j:log4j:jar:1.2.16:compile (selected for compile)
[DEBUG]       org.javassist:javassist:jar:3.20.0-GA:compile (selected for compile)
[DEBUG]       com.alibaba:hessian-lite:jar:3.2.3:compile (selected for compile)
[DEBUG]       com.alibaba:fastjson:jar:1.2.46:compile (selected for compile)
[DEBUG]       com.esotericsoftware:kryo:jar:4.0.1:compile (selected for compile)
[DEBUG]         com.esotericsoftware:reflectasm:jar:1.11.3:compile (selected for compile)
[DEBUG]           org.ow2.asm:asm:jar:5.0.4:compile (selected for compile)
[DEBUG]         com.esotericsoftware:minlog:jar:1.3.0:compile (selected for compile)
[DEBUG]         org.objenesis:objenesis:jar:2.5.1:compile (selected for compile)
[DEBUG]       de.javakaffee:kryo-serializers:jar:0.42:compile (selected for compile)
[DEBUG]         com.esotericsoftware:kryo:jar:4.0.0:compile (applying version: 4.0.1)
[DEBUG]       de.ruedigermoeller:fst:jar:2.48-jdk-6:compile (selected for compile)
[DEBUG]         com.fasterxml.jackson.core:jackson-core:jar:2.8.6:compile (selected for compile)
[DEBUG]         org.javassist:javassist:jar:3.19.0-GA:compile (applying version: 3.20.0-GA)
[DEBUG]         org.objenesis:objenesis:jar:2.4:compile (removed - nearer found: 2.5.1)
[DEBUG]         com.cedarsoftware:java-util:jar:1.9.0:compile (selected for compile)
[DEBUG]           commons-logging:commons-logging:jar:1.1.1:compile (applying version: 1.2)
[DEBUG]           com.cedarsoftware:json-io:jar:2.5.1:compile (selected for compile)
[DEBUG]     org.apache.dubbo:dubbo-serialization-api:jar:2.7.0-SNAPSHOT:compile (selected for compile)
[DEBUG]     org.apache.dubbo:dubbo-remoting-api:jar:2.7.0-SNAPSHOT:compile (selected for compile)
[DEBUG]   junit:junit:jar:4.12:test (selected for test)
[DEBUG]     org.hamcrest:hamcrest-core:jar:1.3:test (selected for test)
[DEBUG]   org.hamcrest:hamcrest-all:jar:1.3:test (selected for test)
[DEBUG]   org.mockito:mockito-core:jar:2.18.3:test (selected for test)
[DEBUG]     net.bytebuddy:byte-buddy:jar:1.8.5:test (selected for test)
[DEBUG]     net.bytebuddy:byte-buddy-agent:jar:1.8.5:test (selected for test)
[DEBUG]     org.objenesis:objenesis:jar:2.6:test (setting artifactScope to: compile)
[DEBUG]   cglib:cglib-nodep:jar:2.2:test (selected for test)
[DEBUG] Building project for org.ow2.asm:asm:jar:5.0.4:compile
[DEBUG] Adding project with groupId [org.ow2.asm]
[DEBUG] Building project for org.apache.dubbo:dubbo-rpc-api:jar:2.7.0-SNAPSHOT:compile
[DEBUG] Adding project with groupId [org.apache.dubbo]
[DEBUG] Building project for log4j:log4j:jar:1.2.16:compile
[DEBUG] Adding project with groupId [log4j]
[DEBUG] Building project for com.fasterxml.jackson.core:jackson-core:jar:2.8.6:compile
[DEBUG] Adding project with groupId [com.fasterxml.jackson.core]
[DEBUG] Building project for org.apache.dubbo:dubbo-serialization-api:jar:2.7.0-SNAPSHOT:compile
[DEBUG] Adding project with groupId [org.apache.dubbo]
[DEBUG] Building project for org.apache.dubbo:dubbo-remoting-api:jar:2.7.0-SNAPSHOT:compile
[DEBUG] Adding project with groupId [org.apache.dubbo]
[DEBUG] Building project for org.apache.dubbo:dubbo-common:jar:2.7.0-SNAPSHOT:compile
[DEBUG] Adding project with groupId [org.apache.dubbo]
[DEBUG] Building project for org.javassist:javassist:jar:3.20.0-GA:compile
[DEBUG] Adding project with groupId [org.javassist]
[DEBUG] Building project for com.esotericsoftware:reflectasm:jar:1.11.3:compile
[DEBUG] Adding project with groupId [com.esotericsoftware]
[DEBUG] Building project for com.alibaba:fastjson:jar:1.2.46:compile
[DEBUG] Adding project with groupId [com.alibaba]
[DEBUG] Building project for com.cedarsoftware:java-util:jar:1.9.0:compile
[DEBUG] Adding project with groupId [com.cedarsoftware]
[DEBUG] Building project for com.alibaba:hessian-lite:jar:3.2.3:compile
[DEBUG] Adding project with groupId [com.alibaba]
[DEBUG] Building project for de.ruedigermoeller:fst:jar:2.48-jdk-6:compile
[DEBUG] Adding project with groupId [de.ruedigermoeller]
[DEBUG] Building project for commons-logging:commons-logging:jar:1.2:compile
[DEBUG] Adding project with groupId [commons-logging]
[DEBUG] Building project for com.esotericsoftware:minlog:jar:1.3.0:compile
[DEBUG] Adding project with groupId [com.esotericsoftware]
[DEBUG] Building project for com.esotericsoftware:kryo:jar:4.0.1:compile
[DEBUG] Adding project with groupId [com.esotericsoftware]
[DEBUG] Building project for org.objenesis:objenesis:jar:2.6:compile
[DEBUG] Adding project with groupId [org.objenesis]
[DEBUG] Building project for com.cedarsoftware:json-io:jar:2.5.1:compile
[DEBUG] Adding project with groupId [com.cedarsoftware]
[DEBUG] Building project for de.javakaffee:kryo-serializers:jar:0.42:compile
[DEBUG] Adding project with groupId [de.javakaffee]
[INFO] 
[INFO] --- maven-resources-plugin:3.0.2:resources (default-resources) @ dubbo-cluster ---
[DEBUG] Dependency collection stats: {ConflictMarker.analyzeTime=52689, ConflictMarker.markTime=38352, ConflictMarker.nodeCount=68, ConflictIdSorter.graphTime=32070, ConflictIdSorter.topsortTime=35818, ConflictIdSorter.conflictIdCount=28, ConflictIdSorter.conflictIdCycleCount=0, ConflictResolver.totalTime=798103, ConflictResolver.conflictItemCount=67, DefaultDependencyCollector.collectTime=77557719, DefaultDependencyCollector.transformTime=994043}
[DEBUG] org.apache.maven.plugins:maven-resources-plugin:jar:3.0.2
[DEBUG]    org.apache.maven:maven-plugin-api:jar:3.0:compile
[DEBUG]       org.apache.maven:maven-artifact:jar:3.0:compile
[DEBUG]       org.sonatype.sisu:sisu-inject-plexus:jar:1.4.2:compile
[DEBUG]          org.sonatype.sisu:sisu-inject-bean:jar:1.4.2:compile
[DEBUG]             org.sonatype.sisu:sisu-guice:jar:noaop:2.1.7:compile
[DEBUG]    org.apache.maven:maven-core:jar:3.0:compile
[DEBUG]       org.apache.maven:maven-settings:jar:3.0:compile
[DEBUG]       org.apache.maven:maven-settings-builder:jar:3.0:compile
[DEBUG]       org.apache.maven:maven-repository-metadata:jar:3.0:compile
[DEBUG]       org.apache.maven:maven-model-builder:jar:3.0:compile
[DEBUG]       org.apache.maven:maven-aether-provider:jar:3.0:runtime
[DEBUG]       org.sonatype.aether:aether-impl:jar:1.7:compile
[DEBUG]          org.sonatype.aether:aether-spi:jar:1.7:compile
[DEBUG]       org.sonatype.aether:aether-api:jar:1.7:compile
[DEBUG]       org.sonatype.aether:aether-util:jar:1.7:compile
[DEBUG]       org.codehaus.plexus:plexus-classworlds:jar:2.2.3:compile
[DEBUG]       org.codehaus.plexus:plexus-component-annotations:jar:1.6:compile (version managed from default)
[DEBUG]       org.sonatype.plexus:plexus-sec-dispatcher:jar:1.3:compile
[DEBUG]          org.sonatype.plexus:plexus-cipher:jar:1.4:compile
[DEBUG]    org.apache.maven:maven-model:jar:3.0:compile
[DEBUG]    org.codehaus.plexus:plexus-utils:jar:3.0.24:compile
[DEBUG]    org.apache.maven.shared:maven-filtering:jar:3.1.1:compile
[DEBUG]       org.apache.maven.shared:maven-shared-utils:jar:3.0.0:compile
[DEBUG]          com.google.code.findbugs:jsr305:jar:2.0.1:compile
[DEBUG]       org.sonatype.plexus:plexus-build-api:jar:0.0.7:compile
[DEBUG]    commons-io:commons-io:jar:2.5:compile
[DEBUG]    org.codehaus.plexus:plexus-interpolation:jar:1.24:compile
[DEBUG] Created new class realm plugin>org.apache.maven.plugins:maven-resources-plugin:3.0.2
[DEBUG] Importing foreign packages into class realm plugin>org.apache.maven.plugins:maven-resources-plugin:3.0.2
[DEBUG]   Imported:  < maven.api
[DEBUG] Populating class realm plugin>org.apache.maven.plugins:maven-resources-plugin:3.0.2
[DEBUG]   Included: org.apache.maven.plugins:maven-resources-plugin:jar:3.0.2
[DEBUG]   Included: org.sonatype.sisu:sisu-inject-bean:jar:1.4.2
[DEBUG]   Included: org.sonatype.sisu:sisu-guice:jar:noaop:2.1.7
[DEBUG]   Included: org.sonatype.aether:aether-util:jar:1.7
[DEBUG]   Included: org.codehaus.plexus:plexus-component-annotations:jar:1.6
[DEBUG]   Included: org.sonatype.plexus:plexus-sec-dispatcher:jar:1.3
[DEBUG]   Included: org.sonatype.plexus:plexus-cipher:jar:1.4
[DEBUG]   Included: org.codehaus.plexus:plexus-utils:jar:3.0.24
[DEBUG]   Included: org.apache.maven.shared:maven-filtering:jar:3.1.1
[DEBUG]   Included: org.apache.maven.shared:maven-shared-utils:jar:3.0.0
[DEBUG]   Included: com.google.code.findbugs:jsr305:jar:2.0.1
[DEBUG]   Included: org.sonatype.plexus:plexus-build-api:jar:0.0.7
[DEBUG]   Included: commons-io:commons-io:jar:2.5
[DEBUG]   Included: org.codehaus.plexus:plexus-interpolation:jar:1.24
[DEBUG] Configuring mojo org.apache.maven.plugins:maven-resources-plugin:3.0.2:resources from plugin realm ClassRealm[plugin>org.apache.maven.plugins:maven-resources-plugin:3.0.2, parent: sun.misc.Launcher$AppClassLoader@5c647e05]
[DEBUG] Configuring mojo 'org.apache.maven.plugins:maven-resources-plugin:3.0.2:resources' with basic configurator -->
[DEBUG]   (f) addDefaultExcludes = true
[DEBUG]   (f) buildFilters = []
[DEBUG]   (f) encoding = UTF-8
[DEBUG]   (f) escapeWindowsPaths = true
[DEBUG]   (f) fileNameFiltering = false
[DEBUG]   (s) includeEmptyDirs = false
[DEBUG]   (s) outputDirectory = /scratch/tbaral/ase26/nod-rr/NOD-Test-Repair/run_flakerake/projects/367/dubbo-cluster/target/classes
[DEBUG]   (s) overwrite = false
[DEBUG]   (f) project = MavenProject: org.apache.dubbo:dubbo-cluster:2.7.0-SNAPSHOT @ /scratch/tbaral/ase26/nod-rr/NOD-Test-Repair/run_flakerake/projects/367/dubbo-cluster/pom.xml
[DEBUG]   (s) resources = [Resource {targetPath: null, filtering: false, FileSet {directory: /scratch/tbaral/ase26/nod-rr/NOD-Test-Repair/run_flakerake/projects/367/dubbo-cluster/src/main/resources, PatternSet [includes: {}, excludes: {}]}}, Resource {targetPath: META-INF/, filtering: false, FileSet {directory: /scratch/tbaral/ase26/nod-rr/NOD-Test-Repair/run_flakerake/projects/367, PatternSet [includes: {NOTICE, LICENSE}, excludes: {}]}}, Resource {targetPath: null, filtering: false, FileSet {directory: /scratch/tbaral/ase26/nod-rr/NOD-Test-Repair/run_flakerake/projects/367/dubbo-cluster/target/maven-shared-archive-resources, PatternSet [includes: {}, excludes: {}]}}]
[DEBUG]   (f) session = org.apache.maven.execution.MavenSession@62d0ac62
[DEBUG]   (f) skip = false
[DEBUG]   (f) supportMultiLineFiltering = false
[DEBUG]   (f) useBuildFilters = true
[DEBUG]   (s) useDefaultDelimiters = true
[DEBUG] -- end configuration --
[DEBUG] properties used {env.OLDPWD=/scratch/tbaral/ase26/nod-rr/NOD-Test-Repair/run_flakerake/projects/367/dubbo-cluster, file.encoding.pkg=sun.io, env.ACLOCAL_PATH=/opt/sw/spack/apps/linux-rhel8-x86_64_v2/gcc-10.3.0/curl-7.80.0-rm/share/aclocal, env.MPIF90=/opt/sw/spack/apps/linux-rhel8-x86_64_v2/gcc-10.3.0/openmpi-4.1.2-4a/bin/mpif90, env.SCRATCH=/scratch/tbaral, env.LMOD_FAMILY_COMPILER=gnu10, java.home=/scratch/tbaral/ase26/otog/setups/jdk1.8.0_102/jre, env.SLURM_JOB_UID=1224545917, env._ModuleTable003_=ODAuMC1ybSIsfSxnaXQ9e1siZm4iXT0iL29wdC9zdy9zcGFjay9tb2R1bGVzL2xtb2QvbGludXgtcmhlbDgteDg2XzY0L2djYy8xMC4zLjAvZ2l0LzIuMzkuMS12ZC5sdWEiLFsiZnVsbE5hbWUiXT0iZ2l0LzIuMzkuMS12ZCIsWyJsb2FkT3JkZXIiXT0xMixwcm9wVD17fSxbInN0YWNrRGVwdGgiXT0wLFsic3RhdHVzIl09ImFjdGl2ZSIsWyJ1c2VyTmFtZSJdPSJnaXQiLH0sZ251MTA9e1siZm4iXT0iL29wdC9vaHBjL3B1Yi9tb2R1bGVmaWxlcy9nbnUxMC8xMC4zLjAteWEubHVhIixbImZ1bGxOYW1lIl09ImdudTEwLzEwLjMuMC15YSIsWyJsb2FkT3JkZXIiXT02LHByb3BUPXt9LFsic3RhY2tEZXB0aCJdPTAsWyJzdGF0dXMiXT0iYWN0aXZlIixbInVzZXJOYW1lIl09Imdu, env.LMOD_SETTARG_FULL_SUPPORT=no, hazelcast_version=3.9-EA, env.CMAKE_PREFIX_PATH=/opt/sw/spack/apps/linux-rhel8-x86_64_v2/gcc-10.3.0/git-2.39.1-vd:/opt/sw/spack/apps/linux-rhel8-x86_64_v2/gcc-10.3.0/perl-5.34.0-lm:/opt/sw/spack/apps/linux-rhel8-x86_64_v2/gcc-10.3.0/bzip2-1.0.8-no:/opt/sw/spack/apps/linux-rhel8-x86_64_v2/gcc-10.3.0/curl-7.80.0-rm:/opt/sw/spack/apps/linux-rhel8-x86_64_v2/gcc-10.3.0/openmpi-4.1.2-4a:/opt/sw/spack/apps/linux-rhel8-x86_64_v2/gcc-10.3.0/zlib-1.2.11-2y:/opt/sw/spack/apps/linux-rhel8-x86_64_v2/gcc-9.3.0/gcc-10.3.0-ya, env.LMOD_PACKAGE_PATH=/opt/ohpc/admin/lmod/8.2.10, env.LS_COLORS=rs=0:di=01;34:ln=01;36:mh=00:pi=40;33:so=01;35:do=01;35:bd=40;33;01:cd=40;33;01:or=40;31;01:mi=01;05;37;41:su=37;41:sg=30;43:ca=30;41:tw=30;42:ow=34;42:st=37;44:ex=01;32:*.tar=01;31:*.tgz=01;31:*.arc=01;31:*.arj=01;31:*.taz=01;31:*.lha=01;31:*.lz4=01;31:*.lzh=01;31:*.lzma=01;31:*.tlz=01;31:*.txz=01;31:*.tzo=01;31:*.t7z=01;31:*.zip=01;31:*.z=01;31:*.dz=01;31:*.gz=01;31:*.lrz=01;31:*.lz=01;31:*.lzo=01;31:*.xz=01;31:*.zst=01;31:*.tzst=01;31:*.bz2=01;31:*.bz=01;31:*.tbz=01;31:*.tbz2=01;31:*.tz=01;31:*.deb=01;31:*.rpm=01;31:*.jar=01;31:*.war=01;31:*.ear=01;31:*.sar=01;31:*.rar=01;31:*.alz=01;31:*.ace=01;31:*.zoo=01;31:*.cpio=01;31:*.7z=01;31:*.rz=01;31:*.cab=01;31:*.wim=01;31:*.swm=01;31:*.dwm=01;31:*.esd=01;31:*.jpg=01;35:*.jpeg=01;35:*.mjpg=01;35:*.mjpeg=01;35:*.gif=01;35:*.bmp=01;35:*.pbm=01;35:*.pgm=01;35:*.ppm=01;35:*.tga=01;35:*.xbm=01;35:*.xpm=01;35:*.tif=01;35:*.tiff=01;35:*.png=01;35:*.svg=01;35:*.svgz=01;35:*.mng=01;35:*.pcx=01;35:*.mov=01;35:*.mpg=01;35:*.mpeg=01;35:*.m2v=01;35:*.mkv=01;35:*.webm=01;35:*.ogm=01;35:*.mp4=01;35:*.m4v=01;35:*.mp4v=01;35:*.vob=01;35:*.qt=01;35:*.nuv=01;35:*.wmv=01;35:*.asf=01;35:*.rm=01;35:*.rmvb=01;35:*.flc=01;35:*.avi=01;35:*.fli=01;35:*.flv=01;35:*.gl=01;35:*.dl=01;35:*.xcf=01;35:*.xwd=01;35:*.yuv=01;35:*.cgm=01;35:*.emf=01;35:*.ogv=01;35:*.ogx=01;35:*.aac=01;36:*.au=01;36:*.flac=01;36:*.m4a=01;36:*.mid=01;36:*.midi=01;36:*.mka=01;36:*.mp3=01;36:*.mpc=01;36:*.ogg=01;36:*.ra=01;36:*.wav=01;36:*.oga=01;36:*.opus=01;36:*.spx=01;36:*.xspf=01;36:, env.SSH_TTY=/dev/pts/11, env.__LMOD_REF_COUNT_CMAKE_PREFIX_PATH=/opt/sw/spack/apps/linux-rhel8-x86_64_v2/gcc-10.3.0/git-2.39.1-vd:1;/opt/sw/spack/apps/linux-rhel8-x86_64_v2/gcc-10.3.0/perl-5.34.0-lm:1;/opt/sw/spack/apps/linux-rhel8-x86_64_v2/gcc-10.3.0/bzip2-1.0.8-no:1;/opt/sw/spack/apps/linux-rhel8-x86_64_v2/gcc-10.3.0/curl-7.80.0-rm:1;/opt/sw/spack/apps/linux-rhel8-x86_64_v2/gcc-10.3.0/openmpi-4.1.2-4a:1;/opt/sw/spack/apps/linux-rhel8-x86_64_v2/gcc-10.3.0/zlib-1.2.11-2y:1;/opt/sw/spack/apps/linux-rhel8-x86_64_v2/gcc-9.3.0/gcc-10.3.0-ya:1, env.ENVIRONMENT=BATCH, classworlds.conf=/scratch/tbaral/ase26/otog/setups/maven/bin/m2.conf, env.SLURM_JOBID=3844757, java.endorsed.dirs=/scratch/tbaral/ase26/otog/setups/jdk1.8.0_102/jre/lib/endorsed, env.LOGNAME=tbaral, env.MPICC=/opt/sw/spack/apps/linux-rhel8-x86_64_v2/gcc-10.3.0/openmpi-4.1.2-4a/bin/mpicc, profile.name=oss, sun.os.patch.level=unknown, env.OPENMPI_ROOT=/opt/sw/spack/apps/linux-rhel8-x86_64_v2/gcc-10.3.0/openmpi-4.1.2-4a, test=org.apache.dubbo.rpc.cluster.support.AbstractClusterInvokerTest#testSelect_multiInvokers, java.vendor.url=http://java.oracle.com/, env.INCLUDE=/opt/sw/spack/apps/linux-rhel8-x86_64_v2/gcc-10.3.0/bzip2-1.0.8-no/include:/opt/sw/spack/apps/linux-rhel8-x86_64_v2/gcc-10.3.0/curl-7.80.0-rm/include:/opt/sw/spack/apps/linux-rhel8-x86_64_v2/gcc-10.3.0/openmpi-4.1.2-4a/include:/opt/sw/spack/apps/linux-rhel8-x86_64_v2/gcc-10.3.0/zlib-1.2.11-2y/include:/opt/sw/spack/apps/linux-rhel8-x86_64_v2/gcc-9.3.0/gcc-10.3.0-ya/include/c++/10.3.0:/opt/sw/spack/apps/linux-rhel8-x86_64_v2/gcc-9.3.0/gcc-10.3.0-ya/include, java.version=1.8.0_102, env._ModuleTable002_=LjAvYnppcDIvMS4wLjgtbm8ubHVhIixbImZ1bGxOYW1lIl09ImJ6aXAyLzEuMC44LW5vIixbImxvYWRPcmRlciJdPTEwLHByb3BUPXt9LFsicmVmX2NvdW50Il09MSxbInN0YWNrRGVwdGgiXT0yLFsic3RhdHVzIl09ImFjdGl2ZSIsWyJ1c2VyTmFtZSJdPSJiemlwMi8xLjAuOC1ubyIsfSxjdXJsPXtbImZuIl09Ii9vcHQvc3cvc3BhY2svbW9kdWxlcy9sbW9kL2xpbnV4LXJoZWw4LXg4Nl82NC9nY2MvMTAuMy4wL2N1cmwvNy44MC4wLXJtLmx1YSIsWyJmdWxsTmFtZSJdPSJjdXJsLzcuODAuMC1ybSIsWyJsb2FkT3JkZXIiXT05LHByb3BUPXt9LFsicmVmX2NvdW50Il09MSxbInN0YWNrRGVwdGgiXT0xLFsic3RhdHVzIl09ImFjdGl2ZSIsWyJ1c2VyTmFtZSJdPSJjdXJsLzcu, env.SPACK_ROOT=/opt/sw/spack/current, arguments=, java.vendor.url.bug=http://bugreport.sun.com/bugreport/, skipTests=true, env.SSH_CLIENT=10.193.124.92 56406 22, env.LIBRARY_PATH=/opt/sw/spack/apps/linux-rhel8-x86_64_v2/gcc-10.3.0/perl-5.34.0-lm/lib:/opt/sw/spack/apps/linux-rhel8-x86_64_v2/gcc-10.3.0/bzip2-1.0.8-no/lib:/opt/sw/spack/apps/linux-rhel8-x86_64_v2/gcc-10.3.0/curl-7.80.0-rm/lib:/opt/sw/spack/apps/linux-rhel8-x86_64_v2/gcc-10.3.0/openmpi-4.1.2-4a/lib:/opt/sw/spack/apps/linux-rhel8-x86_64_v2/gcc-10.3.0/zlib-1.2.11-2y/lib:/opt/sw/spack/apps/linux-rhel8-x86_64_v2/gcc-9.3.0/gcc-10.3.0-ya/lib64:/opt/sw/spack/apps/linux-rhel8-x86_64_v2/gcc-9.3.0/gcc-10.3.0-ya/lib, maven_compiler_version=3.6.0, env.SLURM_JOB_NODELIST=amd080, env.SLURM_JOB_GID=100, env.MPIF77=/opt/sw/spack/apps/linux-rhel8-x86_64_v2/gcc-10.3.0/openmpi-4.1.2-4a/bin/mpif77, user.name=tbaral, env.LANG=en_US.UTF-8, env.LMOD_PKG=/opt/ohpc/admin/lmod/lmod, sun.io.unicode.encoding=UnicodeLittle, sun.jnu.encoding=UTF-8, env.DBUS_SESSION_BUS_ADDRESS=unix:path=/run/user/1224545917/bus, java.runtime.name=Java(TM) SE Runtime Environment, file_encoding=UTF-8, env._ModuleTable001_=X01vZHVsZVRhYmxlXz17WyJNVHZlcnNpb24iXT0zLFsiY19yZWJ1aWxkVGltZSJdPWZhbHNlLFsiY19zaG9ydFRpbWUiXT1mYWxzZSxkZXB0aFQ9e30sZmFtaWx5PXtbImNvbXBpbGVyIl09ImdudTEwIixbIm1waSJdPSJvcGVubXBpNCIsfSxtVD17YXV0b3Rvb2xzPXtbImZuIl09Ii9vcHQvb2hwYy9wdWIvbW9kdWxlZmlsZXMvYXV0b3Rvb2xzLmx1YSIsWyJmdWxsTmFtZSJdPSJhdXRvdG9vbHMiLFsibG9hZE9yZGVyIl09Mixwcm9wVD17fSxbInN0YWNrRGVwdGgiXT0xLFsic3RhdHVzIl09ImFjdGl2ZSIsWyJ1c2VyTmFtZSJdPSJhdXRvdG9vbHMiLH0sYnppcDI9e1siZm4iXT0iL29wdC9zdy9zcGFjay9tb2R1bGVzL2xtb2QvbGludXgtcmhlbDgteDg2XzY0L2djYy8xMC4z, env.SLURM_TASK_PID=3165858, env.LMOD_MPI_NAME=openmpi, env.SSH_CONNECTION=10.193.124.92 56406 129.174.21.177 22, env.__LMOD_REF_COUNT__LMFILES_=/opt/ohpc/admin/lmod/8.2.10/modulefiles/Core/use.own.lua:1;/opt/ohpc/pub/modulefiles/autotools.lua:1;/opt/ohpc/pub/modulefiles/prun/2.0.lua:1;/etc/modulefiles/Core/hosts/hopper:1;/opt/sw/other/modulefiles/slurm-tools/2023-09:1;/opt/ohpc/pub/modulefiles/gnu10/10.3.0-ya.lua:1;/opt/sw/spack/modules/lmod/linux-rhel8-x86_64/gcc/10.3.0/zlib/1.2.11-2y.lua:1;/opt/sw/spack/modules/lmod/linux-rhel8-x86_64/gcc/10.3.0/openmpi4/4.1.2-4a.lua:1;/opt/sw/spack/modules/lmod/linux-rhel8-x86_64/gcc/10.3.0/curl/7.80.0-rm.lua:1;/opt/sw/spack/modules/lmod/linux-rhel8-x86_64/gcc/10.3.0/bzip2/1.0.8-no.lua:1;/opt/sw/spack/modules/lmod/linux-rhel8-x86_64/gcc/10.3.0/perl/5.34.0-lm.lua:1;/opt/sw/spack/modules/lmod/linux-rhel8-x86_64/gcc/10.3.0/git/2.39.1-vd.lua:1, java.specification.name=Java Platform API Specification, env.SLURM_PRIO_PROCESS=10, env.LMOD_PREPEND_BLOCK=normal, user.timezone=, env.LESSOPEN=||/usr/bin/lesspipe.sh %s, env.SLURM_JOB_START_TIME=1750883709, path.separator=:, checkstyle.skip=true, env.MAVEN_CMD_LINE_ARGS= test -X -Dtest=org.apache.dubbo.rpc.cluster.support.AbstractClusterInvokerTest#testSelect_multiInvokers -DfailIfNoTests=false -DskipTests -q -B -fn -s /scratch/tbaral/ase26/nod-rr/NOD-Test-Repair/flakerake/shell_scripts/maven-repo-fix-settings.xml -DskipITs, env.LMOD_MPI_VERSION=4.1.2-4aedfmd, maven_jar_version=3.0.2, file.encoding=UTF-8, env.HOME=/home/tbaral, env.which_declare=declare -f, assembly.tarLongFileMode=posix, sun.java.command=org.codehaus.plexus.classworlds.launcher.Launcher test -X -Dtest=org.apache.dubbo.rpc.cluster.support.AbstractClusterInvokerTest#testSelect_multiInvokers -DfailIfNoTests=false -DskipTests -q -B -fn -s /scratch/tbaral/ase26/nod-rr/NOD-Test-Repair/flakerake/shell_scripts/maven-repo-fix-settings.xml -DskipITs, env.MANPATH=/opt/sw/spack/apps/linux-rhel8-x86_64_v2/gcc-10.3.0/git-2.39.1-vd/share/man:/opt/sw/spack/apps/linux-rhel8-x86_64_v2/gcc-10.3.0/perl-5.34.0-lm/man:/opt/sw/spack/apps/linux-rhel8-x86_64_v2/gcc-10.3.0/bzip2-1.0.8-no/man:/opt/sw/spack/apps/linux-rhel8-x86_64_v2/gcc-10.3.0/curl-7.80.0-rm/share/man:/opt/sw/spack/apps/linux-rhel8-x86_64_v2/gcc-10.3.0/openmpi-4.1.2-4a/share/man:/opt/sw/spack/apps/linux-rhel8-x86_64_v2/gcc-10.3.0/zlib-1.2.11-2y/share/man:/opt/sw/spack/apps/linux-rhel8-x86_64_v2/gcc-9.3.0/gcc-10.3.0-ya/share/man:/opt/ohpc/pub/utils/autotools/share/man:/usr/local/share/man:/usr/share/man/overrides:/usr/share/man/en:/usr/share/man, env.CXX=/opt/sw/spack/apps/linux-rhel8-x86_64_v2/gcc-9.3.0/gcc-10.3.0-ya/bin/g++, env.LMOD_SYSTEM_DEFAULT_MODULES=hosts/hopper, env.LMOD_COLORIZE=no, env.SLURM_TOPOLOGY_ADDR_PATTERN=node, maven_jetty_version=9.4.11.v20180605, env.LMOD_FULL_SETTARG_SUPPORT=no, env.HOSTNAME=amd080, env.LMOD_MODULERCFILE=/opt/ohpc/admin/lmod/etc/rc-hopper.lua, env.FC=/opt/sw/spack/apps/linux-rhel8-x86_64_v2/gcc-9.3.0/gcc-10.3.0-ya/bin/gfortran, java.io.tmpdir=/tmp, env.SLURM_NODEID=0, user.language=en, env.HISTCONTROL=ignoredups, line.separator=
, project.baseUri=file:/scratch/tbaral/ase26/nod-rr/NOD-Test-Repair/run_flakerake/projects/367/dubbo-cluster/, env.__LMOD_REF_COUNT_ACLOCAL_PATH=/opt/sw/spack/apps/linux-rhel8-x86_64_v2/gcc-10.3.0/curl-7.80.0-rm/share/aclocal:1, env.BZIP2_ROOT=/opt/sw/spack/apps/linux-rhel8-x86_64_v2/gcc-10.3.0/bzip2-1.0.8-no, env.HISTSIZE=1000, env.SLURM_WORKING_CLUSTER=hopper:SLURM:6817:9984:109, env.CURL_ROOT=/opt/sw/spack/apps/linux-rhel8-x86_64_v2/gcc-10.3.0/curl-7.80.0-rm, env.LMOD_FAMILY_COMPILER_VERSION=10.3.0-ya, java.vm.info=mixed mode, env.C_INCLUDE_PATH=/opt/sw/spack/apps/linux-rhel8-x86_64_v2/gcc-10.3.0/bzip2-1.0.8-no/include:/opt/sw/spack/apps/linux-rhel8-x86_64_v2/gcc-10.3.0/curl-7.80.0-rm/include:/opt/sw/spack/apps/linux-rhel8-x86_64_v2/gcc-10.3.0/openmpi-4.1.2-4a/include:/opt/sw/spack/apps/linux-rhel8-x86_64_v2/gcc-10.3.0/zlib-1.2.11-2y/include:/opt/sw/spack/apps/linux-rhel8-x86_64_v2/gcc-9.3.0/gcc-10.3.0-ya/include, java.vm.specification.name=Java Virtual Machine Specification, project.reporting.outputEncoding=UTF-8, env.SLURM_TOOLS_ROOT=/opt/sw/other/apps/slurm-tools/2023-09/, hamcrest_version=1.3, env.SLURM_PROCID=0, surefire.version=2.20.1, junit_version=4.12, java_source_version=1.8, env.M2_HOME=/scratch/tbaral/ase26/otog/setups/maven, sourceReleaseAssemblyDescriptor=source-release, apache-rat-plugin.version=0.12, env.SLURM_MEM_PER_NODE=65536, skipITs=true, env.__LMOD_REF_COUNT_INCLUDE=/opt/sw/spack/apps/linux-rhel8-x86_64_v2/gcc-10.3.0/bzip2-1.0.8-no/include:1;/opt/sw/spack/apps/linux-rhel8-x86_64_v2/gcc-10.3.0/curl-7.80.0-rm/include:1;/opt/sw/spack/apps/linux-rhel8-x86_64_v2/gcc-10.3.0/openmpi-4.1.2-4a/include:1;/opt/sw/spack/apps/linux-rhel8-x86_64_v2/gcc-10.3.0/zlib-1.2.11-2y/include:1;/opt/sw/spack/apps/linux-rhel8-x86_64_v2/gcc-9.3.0/gcc-10.3.0-ya/include/c++/10.3.0:1;/opt/sw/spack/apps/linux-rhel8-x86_64_v2/gcc-9.3.0/gcc-10.3.0-ya/include:1, env.LMOD_DIR=/opt/ohpc/admin/lmod/lmod/libexec, env.SLURM_JOB_END_TIME=1751312109, env.SLURM_CPUS_ON_NODE=8, updateReleaseInfo=true, java.awt.printerjob=sun.print.PSPrinterJob, env.__LMOD_REF_COUNT_C_INCLUDE_PATH=/opt/sw/spack/apps/linux-rhel8-x86_64_v2/gcc-10.3.0/bzip2-1.0.8-no/include:1;/opt/sw/spack/apps/linux-rhel8-x86_64_v2/gcc-10.3.0/curl-7.80.0-rm/include:1;/opt/sw/spack/apps/linux-rhel8-x86_64_v2/gcc-10.3.0/openmpi-4.1.2-4a/include:1;/opt/sw/spack/apps/linux-rhel8-x86_64_v2/gcc-10.3.0/zlib-1.2.11-2y/include:1;/opt/sw/spack/apps/linux-rhel8-x86_64_v2/gcc-9.3.0/gcc-10.3.0-ya/include:1, distMgmtSnapshotsName=Apache Development Snapshot Repository, env.S_COLORS=auto, distMgmtSnapshotsUrl=https://repository.apache.org/content/repositories/snapshots, env.SLURM_CLUSTER_NAME=hopper, env.SLURM_NODELIST=amd080, env.LMOD_FAMILY_MPI_VERSION=4.1.2-4a, maven_checkstyle_version=3.0.0, env.SLURM_JOB_USER=tbaral, env.SLURM_NODE_ALIASES=(null), env.SLURM_JOB_ACCOUNT=winglam, env.PYTHON_FLAKY_BIN=/scratch/tbaral/ase26/python/py39/bin/python3.9, env.F77=/opt/sw/spack/apps/linux-rhel8-x86_64_v2/gcc-9.3.0/gcc-10.3.0-ya/bin/gfortran, env.SINGULARITY_BASE_USER=/containers/hopper/UserContainers/tbaral, env.LMOD_REDIRECT=no, env.LOADEDMODULES=use.own:autotools:prun/2.0:hosts/hopper:slurm-tools/2023-09:gnu10/10.3.0-ya:zlib/1.2.11-2y:openmpi4/4.1.2-4a:curl/7.80.0-rm:bzip2/1.0.8-no:perl/5.34.0-lm:git/2.39.1-vd, maven.build.timestamp=2025-06-25T20:40:21Z, env.BASH_FUNC_module%%=() {  eval $($LMOD_CMD bash "$@") && eval $(${LMOD_SETTARG_CMD:-:} -s sh)
}, os.name=Linux, java.specification.vendor=Oracle Corporation, maven_surefire_version=2.19.1, env.SLURMD_NODENAME=amd080, env.SLURM_JOB_NAME=367_flakerake, env.TERM=screen, java.vm.name=Java HotSpot(TM) 64-Bit Server VM, env.JAVA_FLAKY_HOME=/scratch/tbaral/ase26/otog/setups/jdk1.8.0_102, env.SLURM_JOB_QOS=normal, maven_jacoco_version=0.8.2, java.library.path=/opt/sw/spack/apps/linux-rhel8-x86_64_v2/gcc-10.3.0/perl-5.34.0-lm/lib:/opt/sw/spack/apps/linux-rhel8-x86_64_v2/gcc-10.3.0/bzip2-1.0.8-no/lib:/opt/sw/spack/apps/linux-rhel8-x86_64_v2/gcc-10.3.0/curl-7.80.0-rm/lib:/opt/sw/spack/apps/linux-rhel8-x86_64_v2/gcc-10.3.0/openmpi-4.1.2-4a/lib:/opt/sw/spack/apps/linux-rhel8-x86_64_v2/gcc-10.3.0/zlib-1.2.11-2y/lib:/opt/sw/spack/apps/linux-rhel8-x86_64_v2/gcc-9.3.0/gcc-10.3.0-ya/lib64:/opt/sw/spack/apps/linux-rhel8-x86_64_v2/gcc-9.3.0/gcc-10.3.0-ya/lib:/lib64:/usr/java/packages/lib/amd64:/usr/lib64:/lib64:/lib:/usr/lib, env._ModuleTable009_=InN0YWNrRGVwdGgiXT0yLFsic3RhdHVzIl09ImFjdGl2ZSIsWyJ1c2VyTmFtZSJdPSJ6bGliLzEuMi4xMS0yeSIsfSx9LG1wYXRoQT17Ii9vcHQvc3cvb3RoZXIvbW9kdWxlZGVwcy9saW51eC1yaGVsOC14ODZfNjRfdjIvZ2NjLTEwLjMuMC1vcGVubXBpLTQuMS4yIiwiL29wdC9zdy9zcGFjay9tb2R1bGVkZXBzL2xpbnV4LXJoZWw4LXg4Nl82NC9nbnUtMTAuMy4wLW9wZW5tcGktNC4xLjIiLCIvb3B0L3N3L290aGVyL21vZHVsZWRlcHMvbGludXgtcmhlbDgteDg2XzY0X3YyL2djYy0xMC4zLjAiLCIvb3B0L3N3L3NwYWNrL21vZHVsZXMvbG1vZC9saW51eC1yaGVsOC14ODZfNjQvZ2NjLzEwLjMuMCIsIi9vcHQvc3cvb3RoZXIvbW9kdWxlZmlsZXMiLCIvb3B0L29ocGMvcHVi, env.PATH=/scratch/tbaral/ase26/python/py39/bin:/opt/sw/spack/apps/linux-rhel8-x86_64_v2/gcc-10.3.0/git-2.39.1-vd/bin:/opt/sw/spack/apps/linux-rhel8-x86_64_v2/gcc-10.3.0/perl-5.34.0-lm/bin:/opt/sw/spack/apps/linux-rhel8-x86_64_v2/gcc-10.3.0/bzip2-1.0.8-no/bin:/opt/sw/spack/apps/linux-rhel8-x86_64_v2/gcc-10.3.0/curl-7.80.0-rm/bin:/opt/sw/spack/apps/linux-rhel8-x86_64_v2/gcc-10.3.0/openmpi-4.1.2-4a/bin:/opt/sw/spack/apps/linux-rhel8-x86_64_v2/gcc-9.3.0/gcc-10.3.0-ya/bin:/opt/sw/other/apps/slurm-tools/2023-09/bin:/opt/ohpc/pub/utils/prun/2.0:/opt/ohpc/pub/utils/autotools/bin:/opt/ohpc/pub/bin:/opt/sw/spack/current/bin:/usr/local/bin:/usr/bin:/usr/local/sbin:/usr/sbin:/opt/dell/srvadmin/bin:/scratch/tbaral/ase26/otog/setups/maven/bin, env.CC=/opt/sw/spack/apps/linux-rhel8-x86_64_v2/gcc-9.3.0/gcc-10.3.0-ya/bin/gcc, library.jansi.path=/scratch/tbaral/ase26/otog/setups/maven/lib/jansi-native, env.__LMOD_REF_COUNT_LIBRARY_PATH=/opt/sw/spack/apps/linux-rhel8-x86_64_v2/gcc-10.3.0/perl-5.34.0-lm/lib:1;/opt/sw/spack/apps/linux-rhel8-x86_64_v2/gcc-10.3.0/bzip2-1.0.8-no/lib:1;/opt/sw/spack/apps/linux-rhel8-x86_64_v2/gcc-10.3.0/curl-7.80.0-rm/lib:1;/opt/sw/spack/apps/linux-rhel8-x86_64_v2/gcc-10.3.0/openmpi-4.1.2-4a/lib:1;/opt/sw/spack/apps/linux-rhel8-x86_64_v2/gcc-10.3.0/zlib-1.2.11-2y/lib:1;/opt/sw/spack/apps/linux-rhel8-x86_64_v2/gcc-9.3.0/gcc-10.3.0-ya/lib64:1;/opt/sw/spack/apps/linux-rhel8-x86_64_v2/gcc-9.3.0/gcc-10.3.0-ya/lib:1, env.LMOD_SITE_NAME=GMU_Hopper, env.DEBUGINFOD_URLS=https://debuginfod.centos.org/ , java.class.version=52.0, env.SHLVL=4, maven.multiModuleProjectDirectory=/scratch/tbaral/ase26/nod-rr/NOD-Test-Repair/run_flakerake/projects/367, env.LD_LIBRARY_PATH=/opt/sw/spack/apps/linux-rhel8-x86_64_v2/gcc-10.3.0/perl-5.34.0-lm/lib:/opt/sw/spack/apps/linux-rhel8-x86_64_v2/gcc-10.3.0/bzip2-1.0.8-no/lib:/opt/sw/spack/apps/linux-rhel8-x86_64_v2/gcc-10.3.0/curl-7.80.0-rm/lib:/opt/sw/spack/apps/linux-rhel8-x86_64_v2/gcc-10.3.0/openmpi-4.1.2-4a/lib:/opt/sw/spack/apps/linux-rhel8-x86_64_v2/gcc-10.3.0/zlib-1.2.11-2y/lib:/opt/sw/spack/apps/linux-rhel8-x86_64_v2/gcc-9.3.0/gcc-10.3.0-ya/lib64:/opt/sw/spack/apps/linux-rhel8-x86_64_v2/gcc-9.3.0/gcc-10.3.0-ya/lib:/lib64, env.MODULESHOME=/opt/ohpc/admin/lmod/lmod, env.LMOD_FAMILY_MPI=openmpi4, env.GCC_ROOT=/opt/sw/spack/apps/linux-rhel8-x86_64_v2/gcc-9.3.0/gcc-10.3.0-ya, env.LMOD_SETTARG_CMD=:, java_target_version=1.8, env.__LMOD_REF_COUNT_LD_LIBRARY_PATH=/opt/sw/spack/apps/linux-rhel8-x86_64_v2/gcc-10.3.0/perl-5.34.0-lm/lib:1;/opt/sw/spack/apps/linux-rhel8-x86_64_v2/gcc-10.3.0/bzip2-1.0.8-no/lib:1;/opt/sw/spack/apps/linux-rhel8-x86_64_v2/gcc-10.3.0/curl-7.80.0-rm/lib:1;/opt/sw/spack/apps/linux-rhel8-x86_64_v2/gcc-10.3.0/openmpi-4.1.2-4a/lib:1;/opt/sw/spack/apps/linux-rhel8-x86_64_v2/gcc-10.3.0/zlib-1.2.11-2y/lib:1;/opt/sw/spack/apps/linux-rhel8-x86_64_v2/gcc-9.3.0/gcc-10.3.0-ya/lib64:1;/opt/sw/spack/apps/linux-rhel8-x86_64_v2/gcc-9.3.0/gcc-10.3.0-ya/lib:1;/lib64:1, env.LMOD_VERSION=8.2.10, maven_deploy_version=2.8.2, env.SLURM_JOB_ID=3844757, hibernate_validator_version=5.2.4.Final, env.LMOD_SETTARG_TITLE_BAR=no, failIfNoTests=false, maven_javadoc_version=3.0.1, env.LMOD_AVAIL_STYLE=en_grouped:system, env.MODULEPATH=/opt/sw/other/moduledeps/linux-rhel8-x86_64_v2/gcc-10.3.0-openmpi-4.1.2:/opt/sw/spack/moduledeps/linux-rhel8-x86_64/gnu-10.3.0-openmpi-4.1.2:/opt/sw/other/moduledeps/linux-rhel8-x86_64_v2/gcc-10.3.0:/opt/sw/spack/modules/lmod/linux-rhel8-x86_64/gcc/10.3.0:/opt/sw/other/modulefiles:/opt/ohpc/pub/modulefiles:/etc/modulefiles/Core:/opt/ohpc/admin/lmod/8.2.10/modulefiles/Core:/home/tbaral/privatemodules, project.build.sourceEncoding=UTF-8, env._ModuleTable008_=ImluYWN0aXZlIixbInVzZXJOYW1lIl09InVjeCIsfSxbInVzZS5vd24iXT17WyJmbiJdPSIvb3B0L29ocGMvYWRtaW4vbG1vZC84LjIuMTAvbW9kdWxlZmlsZXMvQ29yZS91c2Uub3duLmx1YSIsWyJmdWxsTmFtZSJdPSJ1c2Uub3duIixbImxvYWRPcmRlciJdPTEscHJvcFQ9e30sWyJzdGFja0RlcHRoIl09MSxbInN0YXR1cyJdPSJhY3RpdmUiLFsidXNlck5hbWUiXT0idXNlLm93biIsfSx6bGliPXtbImZuIl09Ii9vcHQvc3cvc3BhY2svbW9kdWxlcy9sbW9kL2xpbnV4LXJoZWw4LXg4Nl82NC9nY2MvMTAuMy4wL3psaWIvMS4yLjExLTJ5Lmx1YSIsWyJmdWxsTmFtZSJdPSJ6bGliLzEuMi4xMS0yeSIsWyJsb2FkT3JkZXIiXT03LHByb3BUPXt9LFsicmVmX2NvdW50Il09NCxb, sun.boot.library.path=/scratch/tbaral/ase26/otog/setups/jdk1.8.0_102/jre/lib/amd64, env.VIRTUAL_ENV=/scratch/tbaral/ase26/python/py39, env.LMOD_CMD=/opt/ohpc/admin/lmod/lmod/libexec/lmod, sun.management.compiler=HotSpot 64-Bit Tiered Compilers, java.awt.graphicsenv=sun.awt.X11GraphicsEnvironment, rat.skip=true, env.BASH_FUNC_ml%%=() {  eval $($LMOD_DIR/ml_cmd "$@")
}, env._ModuleTable_Sz_=10, env.USER=tbaral, env.BASH_ENV=/opt/ohpc/admin/lmod/lmod/init/bash, env.SLURM_JOB_PARTITION=bigmem, env.__LMOD_REF_COUNT_MANPATH=/opt/sw/spack/apps/linux-rhel8-x86_64_v2/gcc-10.3.0/git-2.39.1-vd/share/man:1;/opt/sw/spack/apps/linux-rhel8-x86_64_v2/gcc-10.3.0/perl-5.34.0-lm/man:1;/opt/sw/spack/apps/linux-rhel8-x86_64_v2/gcc-10.3.0/bzip2-1.0.8-no/man:1;/opt/sw/spack/apps/linux-rhel8-x86_64_v2/gcc-10.3.0/curl-7.80.0-rm/share/man:1;/opt/sw/spack/apps/linux-rhel8-x86_64_v2/gcc-10.3.0/openmpi-4.1.2-4a/share/man:1;/opt/sw/spack/apps/linux-rhel8-x86_64_v2/gcc-10.3.0/zlib-1.2.11-2y/share/man:1;/opt/sw/spack/apps/linux-rhel8-x86_64_v2/gcc-9.3.0/gcc-10.3.0-ya/share/man:1;/opt/ohpc/pub/utils/autotools/share/man:1;/usr/local/share/man:1;/usr/share/man/overrides:1;/usr/share/man/en:1;/usr/share/man:1, cglib_version=2.2, gpg.useagent=true, java.vm.specification.version=1.8, env.SLURM_TASKS_PER_NODE=1, env.LMOD_AUTO_SWAP=yes, env.SCRATCH2=/scratch2/tbaral, env._ModuleTable007_=InBydW4iLH0sWyJzbHVybS10b29scyJdPXtbImZuIl09Ii9vcHQvc3cvb3RoZXIvbW9kdWxlZmlsZXMvc2x1cm0tdG9vbHMvMjAyMy0wOSIsWyJmdWxsTmFtZSJdPSJzbHVybS10b29scy8yMDIzLTA5IixbImxvYWRPcmRlciJdPTUscHJvcFQ9e30sWyJzdGFja0RlcHRoIl09MCxbInN0YXR1cyJdPSJhY3RpdmUiLFsidXNlck5hbWUiXT0ic2x1cm0tdG9vbHMvMjAyMy0wOSIsfSx1Y3g9e1siZm4iXT0iL29wdC9zdy9zcGFjay9tb2R1bGVkZXBzL2xpbnV4LXJoZWw4LXg4Nl82NC9nbnUtOS4zLjAvdWN4LzEuMTIuMS00Zy5sdWEiLFsiZnVsbE5hbWUiXT0idWN4LzEuMTIuMS00ZyIsWyJsb2FkT3JkZXIiXT0tNCxwcm9wVD17fSxbInN0YWNrRGVwdGgiXT0yLFsic3RhdHVzIl09, env.MAVEN_REPO=/home/tbaral/.m2/repository, env.NLSPATH=/usr/dt/lib/nls/msg/%L/%N.cat, awt.toolkit=sun.awt.X11.XToolkit, sun.cpu.isalist=, env.SLURM_SUBMIT_DIR=/scratch/tbaral/ase26/nod-rr/NOD-Test-Repair/run_flakerake, env.MAVEN_PROJECTBASEDIR=/scratch/tbaral/ase26/nod-rr/NOD-Test-Repair/run_flakerake/projects/367, java.ext.dirs=/scratch/tbaral/ase26/otog/setups/jdk1.8.0_102/jre/lib/ext:/usr/java/packages/lib/ext, os.version=4.18.0-553.33.1.el8_10.x86_64, user.home=/home/tbaral, java.vm.vendor=Oracle Corporation, env.BASH_FUNC_which%%=() {  ( alias;
 eval ${which_declare} ) | /usr/bin/which --tty-only --read-alias --read-functions --show-tilde --show-dot $@
}, env.PKG_CONFIG_PATH=/opt/sw/spack/apps/linux-rhel8-x86_64_v2/gcc-10.3.0/curl-7.80.0-rm/lib/pkgconfig:/opt/sw/spack/apps/linux-rhel8-x86_64_v2/gcc-10.3.0/openmpi-4.1.2-4a/lib/pkgconfig:/opt/sw/spack/apps/linux-rhel8-x86_64_v2/gcc-10.3.0/zlib-1.2.11-2y/lib/pkgconfig, env.JAVA_HOME=/scratch/tbaral/ase26/otog/setups/jdk1.8.0_102, env.SINGULARITY_BASE=/containers/hopper/Containers, env.XDG_SESSION_ID=59324, env._ModuleTable010_=L21vZHVsZWZpbGVzIiwiL2V0Yy9tb2R1bGVmaWxlcy9Db3JlIiwiL29wdC9vaHBjL2FkbWluL2xtb2QvOC4yLjEwL21vZHVsZWZpbGVzL0NvcmUiLCIvaG9tZS90YmFyYWwvcHJpdmF0ZW1vZHVsZXMiLH0sWyJzeXN0ZW1CYXNlTVBBVEgiXT0iL2V0Yy9tb2R1bGVmaWxlcy9Db3JlOi9vcHQvb2hwYy9hZG1pbi9sbW9kLzguMi4xMC9tb2R1bGVmaWxlcy9Db3JlOi9vcHQvb2hwYy9wdWIvbW9kdWxlZmlsZXMiLH0=, jacocoArgLine=-javaagent:/home/tbaral/.m2/repository/org/jacoco/org.jacoco.agent/0.8.2/org.jacoco.agent-0.8.2-runtime.jar=destfile=/scratch/tbaral/ase26/nod-rr/NOD-Test-Repair/run_flakerake/projects/367/dubbo-cluster/target/jacoco.exec, user.dir=/scratch/tbaral/ase26/nod-rr/NOD-Test-Repair/run_flakerake/projects/367/dubbo-cluster, maven.conf=/scratch/tbaral/ase26/otog/setups/maven/conf, env.SLURM_NNODES=1, env.XFILESEARCHPATH=/usr/dt/app-defaults/%L/Dt, env.MAIL=/var/spool/mail/tbaral, env.PERL_ROOT=/opt/sw/spack/apps/linux-rhel8-x86_64_v2/gcc-10.3.0/perl-5.34.0-lm, maven_source_version=3.0.1, env.PWD=/scratch/tbaral/ase26/nod-rr/NOD-Test-Repair/run_flakerake/projects/367/dubbo-cluster, env.__LMOD_REF_COUNT_PKG_CONFIG_PATH=/opt/sw/spack/apps/linux-rhel8-x86_64_v2/gcc-10.3.0/curl-7.80.0-rm/lib/pkgconfig:1;/opt/sw/spack/apps/linux-rhel8-x86_64_v2/gcc-10.3.0/openmpi-4.1.2-4a/lib/pkgconfig:1;/opt/sw/spack/apps/linux-rhel8-x86_64_v2/gcc-10.3.0/zlib-1.2.11-2y/lib/pkgconfig:1, env._ModuleTable006_=ZXJsPXtbImZuIl09Ii9vcHQvc3cvc3BhY2svbW9kdWxlcy9sbW9kL2xpbnV4LXJoZWw4LXg4Nl82NC9nY2MvMTAuMy4wL3BlcmwvNS4zNC4wLWxtLmx1YSIsWyJmdWxsTmFtZSJdPSJwZXJsLzUuMzQuMC1sbSIsWyJsb2FkT3JkZXIiXT0xMSxwcm9wVD17fSxbInJlZl9jb3VudCJdPTEsWyJzdGFja0RlcHRoIl09MSxbInN0YXR1cyJdPSJhY3RpdmUiLFsidXNlck5hbWUiXT0icGVybC81LjM0LjAtbG0iLH0scHJ1bj17WyJmbiJdPSIvb3B0L29ocGMvcHViL21vZHVsZWZpbGVzL3BydW4vMi4wLmx1YSIsWyJmdWxsTmFtZSJdPSJwcnVuLzIuMCIsWyJsb2FkT3JkZXIiXT0zLHByb3BUPXt9LFsic3RhY2tEZXB0aCJdPTEsWyJzdGF0dXMiXT0iYWN0aXZlIixbInVzZXJOYW1lIl09, env.SLURM_SUBMIT_HOST=hopper2.orc.gmu.edu, mockito_version=2.18.3, env.GIT_ROOT=/opt/sw/spack/apps/linux-rhel8-x86_64_v2/gcc-10.3.0/git-2.39.1-vd, env.SLURM_GTIDS=0, env.SLURM_TOPOLOGY_ADDR=amd080, env.__LMOD_REF_COUNT_CPLUS_INCLUDE_PATH=/opt/sw/spack/apps/linux-rhel8-x86_64_v2/gcc-10.3.0/bzip2-1.0.8-no/include:1;/opt/sw/spack/apps/linux-rhel8-x86_64_v2/gcc-10.3.0/curl-7.80.0-rm/include:1;/opt/sw/spack/apps/linux-rhel8-x86_64_v2/gcc-10.3.0/openmpi-4.1.2-4a/include:1;/opt/sw/spack/apps/linux-rhel8-x86_64_v2/gcc-10.3.0/zlib-1.2.11-2y/include:1;/opt/sw/spack/apps/linux-rhel8-x86_64_v2/gcc-9.3.0/gcc-10.3.0-ya/include:1, sun.cpu.endian=little, env.ZLIB_ROOT=/opt/sw/spack/apps/linux-rhel8-x86_64_v2/gcc-10.3.0/zlib-1.2.11-2y, env.TMPDIR=/tmp, env.SLURM_JOB_NUM_NODES=1, env.__LMOD_REF_COUNT_PATH=/opt/sw/spack/apps/linux-rhel8-x86_64_v2/gcc-10.3.0/git-2.39.1-vd/bin:1;/opt/sw/spack/apps/linux-rhel8-x86_64_v2/gcc-10.3.0/perl-5.34.0-lm/bin:1;/opt/sw/spack/apps/linux-rhel8-x86_64_v2/gcc-10.3.0/bzip2-1.0.8-no/bin:1;/opt/sw/spack/apps/linux-rhel8-x86_64_v2/gcc-10.3.0/curl-7.80.0-rm/bin:1;/opt/sw/spack/apps/linux-rhel8-x86_64_v2/gcc-10.3.0/openmpi-4.1.2-4a/bin:1;/opt/sw/spack/apps/linux-rhel8-x86_64_v2/gcc-9.3.0/gcc-10.3.0-ya/bin:1;/opt/sw/other/apps/slurm-tools/2023-09/bin:1;/opt/ohpc/pub/utils/prun/2.0:1;/opt/ohpc/pub/utils/autotools/bin:1;/opt/ohpc/pub/bin:1;/opt/sw/spack/current/bin:1;/usr/local/bin:1;/usr/bin:1;/usr/local/sbin:1;/usr/sbin:1;/opt/dell/srvadmin/bin:1, env.CPLUS_INCLUDE_PATH=/opt/sw/spack/apps/linux-rhel8-x86_64_v2/gcc-10.3.0/bzip2-1.0.8-no/include:/opt/sw/spack/apps/linux-rhel8-x86_64_v2/gcc-10.3.0/curl-7.80.0-rm/include:/opt/sw/spack/apps/linux-rhel8-x86_64_v2/gcc-10.3.0/openmpi-4.1.2-4a/include:/opt/sw/spack/apps/linux-rhel8-x86_64_v2/gcc-10.3.0/zlib-1.2.11-2y/include:/opt/sw/spack/apps/linux-rhel8-x86_64_v2/gcc-9.3.0/gcc-10.3.0-ya/include, env.SLURM_JOB_CPUS_PER_NODE=8, java.vm.version=25.102-b14, java.class.path=/scratch/tbaral/ase26/otog/setups/maven/boot/plexus-classworlds-2.6.0.jar, el_api_version=2.2.4, env.__LMOD_REF_COUNT_LOADEDMODULES=use.own:1;autotools:1;prun/2.0:1;hosts/hopper:1;slurm-tools/2023-09:1;gnu10/10.3.0-ya:1;zlib/1.2.11-2y:1;openmpi4/4.1.2-4a:1;curl/7.80.0-rm:1;bzip2/1.0.8-no:1;perl/5.34.0-lm:1;git/2.39.1-vd:1, os.arch=amd64, maven.build.version=Apache Maven 3.6.3 (cecedd343002696d0abb50b32b541b8a6ba2883f), env.SLURM_LOCALID=0, env.SLURM_CONF=/var/spool/slurmd/conf-cache/slurm.conf, sun.java.launcher=SUN_STANDARD, env._ModuleTable005_=Yy9wdWIvbW9kdWxlZmlsZXMvbGliZmFicmljLzEuMTAuMS5sdWEiLFsiZnVsbE5hbWUiXT0ibGliZmFicmljLzEuMTAuMSIsWyJsb2FkT3JkZXIiXT0tNSxwcm9wVD17fSxbInN0YWNrRGVwdGgiXT0yLFsic3RhdHVzIl09ImluYWN0aXZlIixbInVzZXJOYW1lIl09ImxpYmZhYnJpYyIsfSxvcGVubXBpND17WyJmbiJdPSIvb3B0L3N3L3NwYWNrL21vZHVsZXMvbG1vZC9saW51eC1yaGVsOC14ODZfNjQvZ2NjLzEwLjMuMC9vcGVubXBpNC80LjEuMi00YS5sdWEiLFsiZnVsbE5hbWUiXT0ib3Blbm1waTQvNC4xLjItNGEiLFsibG9hZE9yZGVyIl09OCxwcm9wVD17fSxbInN0YWNrRGVwdGgiXT0wLFsic3RhdHVzIl09ImFjdGl2ZSIsWyJ1c2VyTmFtZSJdPSJvcGVubXBpNCIsfSxw, java.vm.specification.vendor=Oracle Corporation, file.separator=/, env.FLAKY_MVN_INSTALL_OPTS=-DskipTests -q -B -fn -s $FLAKY_HOME/shell_scripts/maven-repo-fix-settings.xml -DskipITs, skip_maven_deploy=false, java.runtime.version=1.8.0_102-b14, env.TMOUT=28800, sun.boot.class.path=/scratch/tbaral/ase26/otog/setups/jdk1.8.0_102/jre/lib/resources.jar:/scratch/tbaral/ase26/otog/setups/jdk1.8.0_102/jre/lib/rt.jar:/scratch/tbaral/ase26/otog/setups/jdk1.8.0_102/jre/lib/sunrsasign.jar:/scratch/tbaral/ase26/otog/setups/jdk1.8.0_102/jre/lib/jsse.jar:/scratch/tbaral/ase26/otog/setups/jdk1.8.0_102/jre/lib/jce.jar:/scratch/tbaral/ase26/otog/setups/jdk1.8.0_102/jre/lib/charsets.jar:/scratch/tbaral/ase26/otog/setups/jdk1.8.0_102/jre/lib/jfr.jar:/scratch/tbaral/ase26/otog/setups/jdk1.8.0_102/jre/classes, organization.logo=https://www.apache.org/images/asf_logo_wide.gif, env.XDG_RUNTIME_DIR=/run/user/1224545917, env.__LMOD_REF_COUNT_MODULEPATH=/opt/sw/other/moduledeps/linux-rhel8-x86_64_v2/gcc-10.3.0-openmpi-4.1.2:1;/opt/sw/spack/moduledeps/linux-rhel8-x86_64/gnu-10.3.0-openmpi-4.1.2:1;/opt/sw/other/moduledeps/linux-rhel8-x86_64_v2/gcc-10.3.0:1;/opt/sw/spack/modules/lmod/linux-rhel8-x86_64/gcc/10.3.0:1;/opt/sw/other/modulefiles:1;/opt/ohpc/pub/modulefiles:2;/etc/modulefiles/Core:1;/opt/ohpc/admin/lmod/8.2.10/modulefiles/Core:1;/home/tbaral/privatemodules:1, maven.version=3.6.3, jaxb_api_version=2.2.7, env.MPICXX=/opt/sw/spack/apps/linux-rhel8-x86_64_v2/gcc-10.3.0/openmpi-4.1.2-4a/bin/mpic++, argline=-server -Xms256m -Xmx512m -XX:MetaspaceSize=64m -XX:MaxMetaspaceSize=128m -Dfile.encoding=UTF-8
                    -Djava.net.preferIPv4Stack=true, user.country=US, env.LMOD_ROOT=/opt/ohpc/admin/lmod, env.SHELL=/bin/bash, maven.home=/scratch/tbaral/ase26/otog/setups/maven, maven.compiler.target=1.6, env._ModuleTable004_=dTEwIix9LGhvc3RzPXtbImZuIl09Ii9ldGMvbW9kdWxlZmlsZXMvQ29yZS9ob3N0cy9ob3BwZXIiLFsiZnVsbE5hbWUiXT0iaG9zdHMvaG9wcGVyIixbImxvYWRPcmRlciJdPTQscHJvcFQ9e30sWyJzdGFja0RlcHRoIl09MCxbInN0YXR1cyJdPSJhY3RpdmUiLFsidXNlck5hbWUiXT0iaG9zdHMvaG9wcGVyIix9LGh3bG9jPXtbImZuIl09Ii9vcHQvb2hwYy9wdWIvbW9kdWxlZmlsZXMvaHdsb2MvMi4xLjAubHVhIixbImZ1bGxOYW1lIl09Imh3bG9jLzIuMS4wIixbImxvYWRPcmRlciJdPS02LHByb3BUPXt9LFsic3RhY2tEZXB0aCJdPTIsWyJzdGF0dXMiXT0iaW5hY3RpdmUiLFsidXNlck5hbWUiXT0iaHdsb2MvMi4xLjAiLH0sbGliZmFicmljPXtbImZuIl09Ii9vcHQvb2hw, java.vendor=Oracle Corporation, env.SLURM_CPUS_PER_TASK=8, env._LMFILES_=/opt/ohpc/admin/lmod/8.2.10/modulefiles/Core/use.own.lua:/opt/ohpc/pub/modulefiles/autotools.lua:/opt/ohpc/pub/modulefiles/prun/2.0.lua:/etc/modulefiles/Core/hosts/hopper:/opt/sw/other/modulefiles/slurm-tools/2023-09:/opt/ohpc/pub/modulefiles/gnu10/10.3.0-ya.lua:/opt/sw/spack/modules/lmod/linux-rhel8-x86_64/gcc/10.3.0/zlib/1.2.11-2y.lua:/opt/sw/spack/modules/lmod/linux-rhel8-x86_64/gcc/10.3.0/openmpi4/4.1.2-4a.lua:/opt/sw/spack/modules/lmod/linux-rhel8-x86_64/gcc/10.3.0/curl/7.80.0-rm.lua:/opt/sw/spack/modules/lmod/linux-rhel8-x86_64/gcc/10.3.0/bzip2/1.0.8-no.lua:/opt/sw/spack/modules/lmod/linux-rhel8-x86_64/gcc/10.3.0/perl/5.34.0-lm.lua:/opt/sw/spack/modules/lmod/linux-rhel8-x86_64/gcc/10.3.0/git/2.39.1-vd.lua, env.FLAKY_HOME=/scratch/tbaral/ase26/nod-rr/NOD-Test-Repair/flakerake, maven.compiler.source=1.6, java.specification.version=1.8, sun.arch.data.model=64}
[INFO] Using 'UTF-8' encoding to copy filtered resources.
[DEBUG] resource with targetPath null
directory /scratch/tbaral/ase26/nod-rr/NOD-Test-Repair/run_flakerake/projects/367/dubbo-cluster/src/main/resources
excludes []
includes []
[DEBUG] ignoreDelta true
[INFO] Copying 5 resources
[DEBUG] Copying file META-INF/dubbo/internal/org.apache.dubbo.rpc.cluster.Cluster
[DEBUG] file org.apache.dubbo.rpc.cluster.Cluster has a filtered file extension
[DEBUG] copy /scratch/tbaral/ase26/nod-rr/NOD-Test-Repair/run_flakerake/projects/367/dubbo-cluster/src/main/resources/META-INF/dubbo/internal/org.apache.dubbo.rpc.cluster.Cluster to /scratch/tbaral/ase26/nod-rr/NOD-Test-Repair/run_flakerake/projects/367/dubbo-cluster/target/classes/META-INF/dubbo/internal/org.apache.dubbo.rpc.cluster.Cluster
[DEBUG] Copying file META-INF/dubbo/internal/org.apache.dubbo.rpc.cluster.ConfiguratorFactory
[DEBUG] file org.apache.dubbo.rpc.cluster.ConfiguratorFactory has a filtered file extension
[DEBUG] copy /scratch/tbaral/ase26/nod-rr/NOD-Test-Repair/run_flakerake/projects/367/dubbo-cluster/src/main/resources/META-INF/dubbo/internal/org.apache.dubbo.rpc.cluster.ConfiguratorFactory to /scratch/tbaral/ase26/nod-rr/NOD-Test-Repair/run_flakerake/projects/367/dubbo-cluster/target/classes/META-INF/dubbo/internal/org.apache.dubbo.rpc.cluster.ConfiguratorFactory
[DEBUG] Copying file META-INF/dubbo/internal/org.apache.dubbo.rpc.cluster.LoadBalance
[DEBUG] file org.apache.dubbo.rpc.cluster.LoadBalance has a filtered file extension
[DEBUG] copy /scratch/tbaral/ase26/nod-rr/NOD-Test-Repair/run_flakerake/projects/367/dubbo-cluster/src/main/resources/META-INF/dubbo/internal/org.apache.dubbo.rpc.cluster.LoadBalance to /scratch/tbaral/ase26/nod-rr/NOD-Test-Repair/run_flakerake/projects/367/dubbo-cluster/target/classes/META-INF/dubbo/internal/org.apache.dubbo.rpc.cluster.LoadBalance
[DEBUG] Copying file META-INF/dubbo/internal/org.apache.dubbo.rpc.cluster.Merger
[DEBUG] file org.apache.dubbo.rpc.cluster.Merger has a filtered file extension
[DEBUG] copy /scratch/tbaral/ase26/nod-rr/NOD-Test-Repair/run_flakerake/projects/367/dubbo-cluster/src/main/resources/META-INF/dubbo/internal/org.apache.dubbo.rpc.cluster.Merger to /scratch/tbaral/ase26/nod-rr/NOD-Test-Repair/run_flakerake/projects/367/dubbo-cluster/target/classes/META-INF/dubbo/internal/org.apache.dubbo.rpc.cluster.Merger
[DEBUG] Copying file META-INF/dubbo/internal/org.apache.dubbo.rpc.cluster.RouterFactory
[DEBUG] file org.apache.dubbo.rpc.cluster.RouterFactory has a filtered file extension
[DEBUG] copy /scratch/tbaral/ase26/nod-rr/NOD-Test-Repair/run_flakerake/projects/367/dubbo-cluster/src/main/resources/META-INF/dubbo/internal/org.apache.dubbo.rpc.cluster.RouterFactory to /scratch/tbaral/ase26/nod-rr/NOD-Test-Repair/run_flakerake/projects/367/dubbo-cluster/target/classes/META-INF/dubbo/internal/org.apache.dubbo.rpc.cluster.RouterFactory
[DEBUG] resource with targetPath META-INF/
directory /scratch/tbaral/ase26/nod-rr/NOD-Test-Repair/run_flakerake/projects/367
excludes []
includes [NOTICE, LICENSE]
[DEBUG] ignoreDelta true
[INFO] Copying 2 resources to META-INF/
[DEBUG] Copying file LICENSE
[DEBUG] file LICENSE has a filtered file extension
[DEBUG] copy /scratch/tbaral/ase26/nod-rr/NOD-Test-Repair/run_flakerake/projects/367/LICENSE to /scratch/tbaral/ase26/nod-rr/NOD-Test-Repair/run_flakerake/projects/367/dubbo-cluster/target/classes/META-INF/LICENSE
[DEBUG] Copying file NOTICE
[DEBUG] file NOTICE has a filtered file extension
[DEBUG] copy /scratch/tbaral/ase26/nod-rr/NOD-Test-Repair/run_flakerake/projects/367/NOTICE to /scratch/tbaral/ase26/nod-rr/NOD-Test-Repair/run_flakerake/projects/367/dubbo-cluster/target/classes/META-INF/NOTICE
[DEBUG] resource with targetPath null
directory /scratch/tbaral/ase26/nod-rr/NOD-Test-Repair/run_flakerake/projects/367/dubbo-cluster/target/maven-shared-archive-resources
excludes []
includes []
[DEBUG] ignoreDelta true
[INFO] Copying 3 resources
[DEBUG] Copying file META-INF/DEPENDENCIES
[DEBUG] file DEPENDENCIES has a filtered file extension
[DEBUG] copy /scratch/tbaral/ase26/nod-rr/NOD-Test-Repair/run_flakerake/projects/367/dubbo-cluster/target/maven-shared-archive-resources/META-INF/DEPENDENCIES to /scratch/tbaral/ase26/nod-rr/NOD-Test-Repair/run_flakerake/projects/367/dubbo-cluster/target/classes/META-INF/DEPENDENCIES
[DEBUG] Copying file META-INF/LICENSE
[DEBUG] file LICENSE has a filtered file extension
[DEBUG] copy /scratch/tbaral/ase26/nod-rr/NOD-Test-Repair/run_flakerake/projects/367/dubbo-cluster/target/maven-shared-archive-resources/META-INF/LICENSE to /scratch/tbaral/ase26/nod-rr/NOD-Test-Repair/run_flakerake/projects/367/dubbo-cluster/target/classes/META-INF/LICENSE
[DEBUG] Copying file META-INF/NOTICE
[DEBUG] file NOTICE has a filtered file extension
[DEBUG] copy /scratch/tbaral/ase26/nod-rr/NOD-Test-Repair/run_flakerake/projects/367/dubbo-cluster/target/maven-shared-archive-resources/META-INF/NOTICE to /scratch/tbaral/ase26/nod-rr/NOD-Test-Repair/run_flakerake/projects/367/dubbo-cluster/target/classes/META-INF/NOTICE
[DEBUG] no use filter components
[INFO] 
[INFO] --- maven-compiler-plugin:3.6.0:compile (default-compile) @ dubbo-cluster ---
[DEBUG] Dependency collection stats: {ConflictMarker.analyzeTime=111340, ConflictMarker.markTime=58771, ConflictMarker.nodeCount=116, ConflictIdSorter.graphTime=30969, ConflictIdSorter.topsortTime=29395, ConflictIdSorter.conflictIdCount=43, ConflictIdSorter.conflictIdCycleCount=0, ConflictResolver.totalTime=440951, ConflictResolver.conflictItemCount=70, DefaultDependencyCollector.collectTime=86053626, DefaultDependencyCollector.transformTime=707302}
[DEBUG] org.apache.maven.plugins:maven-compiler-plugin:jar:3.6.0
[DEBUG]    org.apache.maven:maven-plugin-api:jar:3.0:compile
[DEBUG]       org.apache.maven:maven-model:jar:3.0:compile
[DEBUG]       org.sonatype.sisu:sisu-inject-plexus:jar:1.4.2:compile
[DEBUG]          org.sonatype.sisu:sisu-inject-bean:jar:1.4.2:compile
[DEBUG]             org.sonatype.sisu:sisu-guice:jar:noaop:2.1.7:compile
[DEBUG]    org.apache.maven:maven-artifact:jar:3.0:compile
[DEBUG]       org.codehaus.plexus:plexus-utils:jar:2.0.4:compile
[DEBUG]    org.apache.maven:maven-core:jar:3.0:compile
[DEBUG]       org.apache.maven:maven-settings:jar:3.0:compile
[DEBUG]       org.apache.maven:maven-settings-builder:jar:3.0:compile
[DEBUG]       org.apache.maven:maven-repository-metadata:jar:3.0:compile
[DEBUG]       org.apache.maven:maven-model-builder:jar:3.0:compile
[DEBUG]       org.apache.maven:maven-aether-provider:jar:3.0:runtime
[DEBUG]       org.sonatype.aether:aether-impl:jar:1.7:compile
[DEBUG]          org.sonatype.aether:aether-spi:jar:1.7:compile
[DEBUG]       org.sonatype.aether:aether-api:jar:1.7:compile
[DEBUG]       org.sonatype.aether:aether-util:jar:1.7:compile
[DEBUG]       org.codehaus.plexus:plexus-interpolation:jar:1.14:compile
[DEBUG]       org.codehaus.plexus:plexus-classworlds:jar:2.2.3:compile
[DEBUG]       org.codehaus.plexus:plexus-component-annotations:jar:1.6:compile (version managed from default)
[DEBUG]       org.sonatype.plexus:plexus-sec-dispatcher:jar:1.3:compile
[DEBUG]          org.sonatype.plexus:plexus-cipher:jar:1.4:compile
[DEBUG]    org.apache.maven.shared:maven-shared-utils:jar:3.1.0:compile
[DEBUG]       commons-io:commons-io:jar:2.5:compile
[DEBUG]    org.apache.maven.shared:maven-shared-incremental:jar:1.1:compile
[DEBUG]    org.ow2.asm:asm:jar:6.0_ALPHA:compile
[DEBUG]    org.codehaus.plexus:plexus-compiler-api:jar:2.8.1:compile
[DEBUG]    org.codehaus.plexus:plexus-compiler-manager:jar:2.8.1:compile
[DEBUG]    org.codehaus.plexus:plexus-compiler-javac:jar:2.8.1:runtime
[DEBUG] Created new class realm plugin>org.apache.maven.plugins:maven-compiler-plugin:3.6.0
[DEBUG] Importing foreign packages into class realm plugin>org.apache.maven.plugins:maven-compiler-plugin:3.6.0
[DEBUG]   Imported:  < maven.api
[DEBUG] Populating class realm plugin>org.apache.maven.plugins:maven-compiler-plugin:3.6.0
[DEBUG]   Included: org.apache.maven.plugins:maven-compiler-plugin:jar:3.6.0
[DEBUG]   Included: org.sonatype.sisu:sisu-inject-bean:jar:1.4.2
[DEBUG]   Included: org.sonatype.sisu:sisu-guice:jar:noaop:2.1.7
[DEBUG]   Included: org.codehaus.plexus:plexus-utils:jar:2.0.4
[DEBUG]   Included: org.sonatype.aether:aether-util:jar:1.7
[DEBUG]   Included: org.codehaus.plexus:plexus-interpolation:jar:1.14
[DEBUG]   Included: org.codehaus.plexus:plexus-component-annotations:jar:1.6
[DEBUG]   Included: org.sonatype.plexus:plexus-sec-dispatcher:jar:1.3
[DEBUG]   Included: org.sonatype.plexus:plexus-cipher:jar:1.4
[DEBUG]   Included: org.apache.maven.shared:maven-shared-utils:jar:3.1.0
[DEBUG]   Included: commons-io:commons-io:jar:2.5
[DEBUG]   Included: org.apache.maven.shared:maven-shared-incremental:jar:1.1
[DEBUG]   Included: org.ow2.asm:asm:jar:6.0_ALPHA
[DEBUG]   Included: org.codehaus.plexus:plexus-compiler-api:jar:2.8.1
[DEBUG]   Included: org.codehaus.plexus:plexus-compiler-manager:jar:2.8.1
[DEBUG]   Included: org.codehaus.plexus:plexus-compiler-javac:jar:2.8.1
[DEBUG] Configuring mojo org.apache.maven.plugins:maven-compiler-plugin:3.6.0:compile from plugin realm ClassRealm[plugin>org.apache.maven.plugins:maven-compiler-plugin:3.6.0, parent: sun.misc.Launcher$AppClassLoader@5c647e05]
[DEBUG] Configuring mojo 'org.apache.maven.plugins:maven-compiler-plugin:3.6.0:compile' with basic configurator -->
[DEBUG]   (f) basedir = /scratch/tbaral/ase26/nod-rr/NOD-Test-Repair/run_flakerake/projects/367/dubbo-cluster
[DEBUG]   (f) buildDirectory = /scratch/tbaral/ase26/nod-rr/NOD-Test-Repair/run_flakerake/projects/367/dubbo-cluster/target
[DEBUG]   (f) compilePath = [/scratch/tbaral/ase26/nod-rr/NOD-Test-Repair/run_flakerake/projects/367/dubbo-cluster/target/classes, /home/tbaral/.m2/repository/org/apache/dubbo/dubbo-rpc-api/2.7.0-SNAPSHOT/dubbo-rpc-api-2.7.0-SNAPSHOT.jar, /home/tbaral/.m2/repository/org/apache/dubbo/dubbo-common/2.7.0-SNAPSHOT/dubbo-common-2.7.0-SNAPSHOT.jar, /home/tbaral/.m2/repository/commons-logging/commons-logging/1.2/commons-logging-1.2.jar, /home/tbaral/.m2/repository/log4j/log4j/1.2.16/log4j-1.2.16.jar, /home/tbaral/.m2/repository/org/javassist/javassist/3.20.0-GA/javassist-3.20.0-GA.jar, /home/tbaral/.m2/repository/com/alibaba/hessian-lite/3.2.3/hessian-lite-3.2.3.jar, /home/tbaral/.m2/repository/com/alibaba/fastjson/1.2.46/fastjson-1.2.46.jar, /home/tbaral/.m2/repository/com/esotericsoftware/kryo/4.0.1/kryo-4.0.1.jar, /home/tbaral/.m2/repository/com/esotericsoftware/reflectasm/1.11.3/reflectasm-1.11.3.jar, /home/tbaral/.m2/repository/org/ow2/asm/asm/5.0.4/asm-5.0.4.jar, /home/tbaral/.m2/repository/com/esotericsoftware/minlog/1.3.0/minlog-1.3.0.jar, /home/tbaral/.m2/repository/de/javakaffee/kryo-serializers/0.42/kryo-serializers-0.42.jar, /home/tbaral/.m2/repository/de/ruedigermoeller/fst/2.48-jdk-6/fst-2.48-jdk-6.jar, /home/tbaral/.m2/repository/com/fasterxml/jackson/core/jackson-core/2.8.6/jackson-core-2.8.6.jar, /home/tbaral/.m2/repository/com/cedarsoftware/java-util/1.9.0/java-util-1.9.0.jar, /home/tbaral/.m2/repository/com/cedarsoftware/json-io/2.5.1/json-io-2.5.1.jar, /home/tbaral/.m2/repository/org/apache/dubbo/dubbo-serialization-api/2.7.0-SNAPSHOT/dubbo-serialization-api-2.7.0-SNAPSHOT.jar, /home/tbaral/.m2/repository/org/apache/dubbo/dubbo-remoting-api/2.7.0-SNAPSHOT/dubbo-remoting-api-2.7.0-SNAPSHOT.jar, /home/tbaral/.m2/repository/org/objenesis/objenesis/2.6/objenesis-2.6.jar]
[DEBUG]   (f) compileSourceRoots = [/scratch/tbaral/ase26/nod-rr/NOD-Test-Repair/run_flakerake/projects/367/dubbo-cluster/src/main/java]
[DEBUG]   (f) compilerArgument = -proc:none
[DEBUG]   (f) compilerId = javac
[DEBUG]   (f) debug = true
[DEBUG]   (f) encoding = UTF-8
[DEBUG]   (f) failOnError = true
[DEBUG]   (f) failOnWarning = false
[DEBUG]   (f) forceJavacCompilerUse = false
[DEBUG]   (f) fork = true
[DEBUG]   (f) generatedSourcesDirectory = /scratch/tbaral/ase26/nod-rr/NOD-Test-Repair/run_flakerake/projects/367/dubbo-cluster/target/generated-sources/annotations
[DEBUG]   (f) mojoExecution = org.apache.maven.plugins:maven-compiler-plugin:3.6.0:compile {execution: default-compile}
[DEBUG]   (f) optimize = false
[DEBUG]   (f) outputDirectory = /scratch/tbaral/ase26/nod-rr/NOD-Test-Repair/run_flakerake/projects/367/dubbo-cluster/target/classes
[DEBUG]   (f) project = MavenProject: org.apache.dubbo:dubbo-cluster:2.7.0-SNAPSHOT @ /scratch/tbaral/ase26/nod-rr/NOD-Test-Repair/run_flakerake/projects/367/dubbo-cluster/pom.xml
[DEBUG]   (f) projectArtifact = org.apache.dubbo:dubbo-cluster:jar:2.7.0-SNAPSHOT
[DEBUG]   (f) session = org.apache.maven.execution.MavenSession@62d0ac62
[DEBUG]   (f) showDeprecation = false
[DEBUG]   (f) showWarnings = false
[DEBUG]   (f) skipMultiThreadWarning = false
[DEBUG]   (f) source = 1.8
[DEBUG]   (f) staleMillis = 0
[DEBUG]   (f) target = 1.8
[DEBUG]   (f) useIncrementalCompilation = true
[DEBUG]   (f) verbose = false
[DEBUG] -- end configuration --
[DEBUG] Using compiler 'javac'.
[DEBUG] Adding /scratch/tbaral/ase26/nod-rr/NOD-Test-Repair/run_flakerake/projects/367/dubbo-cluster/target/generated-sources/annotations to compile source roots:
  /scratch/tbaral/ase26/nod-rr/NOD-Test-Repair/run_flakerake/projects/367/dubbo-cluster/src/main/java
[DEBUG] New compile source roots:
  /scratch/tbaral/ase26/nod-rr/NOD-Test-Repair/run_flakerake/projects/367/dubbo-cluster/src/main/java
  /scratch/tbaral/ase26/nod-rr/NOD-Test-Repair/run_flakerake/projects/367/dubbo-cluster/target/generated-sources/annotations
[DEBUG] CompilerReuseStrategy: reuseCreated
[DEBUG] useIncrementalCompilation enabled
[DEBUG] classpathElements: [/scratch/tbaral/ase26/nod-rr/NOD-Test-Repair/run_flakerake/projects/367/dubbo-cluster/target/classes, /home/tbaral/.m2/repository/org/apache/dubbo/dubbo-rpc-api/2.7.0-SNAPSHOT/dubbo-rpc-api-2.7.0-SNAPSHOT.jar, /home/tbaral/.m2/repository/org/apache/dubbo/dubbo-common/2.7.0-SNAPSHOT/dubbo-common-2.7.0-SNAPSHOT.jar, /home/tbaral/.m2/repository/commons-logging/commons-logging/1.2/commons-logging-1.2.jar, /home/tbaral/.m2/repository/log4j/log4j/1.2.16/log4j-1.2.16.jar, /home/tbaral/.m2/repository/org/javassist/javassist/3.20.0-GA/javassist-3.20.0-GA.jar, /home/tbaral/.m2/repository/com/alibaba/hessian-lite/3.2.3/hessian-lite-3.2.3.jar, /home/tbaral/.m2/repository/com/alibaba/fastjson/1.2.46/fastjson-1.2.46.jar, /home/tbaral/.m2/repository/com/esotericsoftware/kryo/4.0.1/kryo-4.0.1.jar, /home/tbaral/.m2/repository/com/esotericsoftware/reflectasm/1.11.3/reflectasm-1.11.3.jar, /home/tbaral/.m2/repository/org/ow2/asm/asm/5.0.4/asm-5.0.4.jar, /home/tbaral/.m2/repository/com/esotericsoftware/minlog/1.3.0/minlog-1.3.0.jar, /home/tbaral/.m2/repository/de/javakaffee/kryo-serializers/0.42/kryo-serializers-0.42.jar, /home/tbaral/.m2/repository/de/ruedigermoeller/fst/2.48-jdk-6/fst-2.48-jdk-6.jar, /home/tbaral/.m2/repository/com/fasterxml/jackson/core/jackson-core/2.8.6/jackson-core-2.8.6.jar, /home/tbaral/.m2/repository/com/cedarsoftware/java-util/1.9.0/java-util-1.9.0.jar, /home/tbaral/.m2/repository/com/cedarsoftware/json-io/2.5.1/json-io-2.5.1.jar, /home/tbaral/.m2/repository/org/apache/dubbo/dubbo-serialization-api/2.7.0-SNAPSHOT/dubbo-serialization-api-2.7.0-SNAPSHOT.jar, /home/tbaral/.m2/repository/org/apache/dubbo/dubbo-remoting-api/2.7.0-SNAPSHOT/dubbo-remoting-api-2.7.0-SNAPSHOT.jar, /home/tbaral/.m2/repository/org/objenesis/objenesis/2.6/objenesis-2.6.jar]
[INFO] Nothing to compile - all classes are up to date
[INFO] 
[INFO] --- maven-resources-plugin:3.0.2:testResources (default-testResources) @ dubbo-cluster ---
[DEBUG] Configuring mojo org.apache.maven.plugins:maven-resources-plugin:3.0.2:testResources from plugin realm ClassRealm[plugin>org.apache.maven.plugins:maven-resources-plugin:3.0.2, parent: sun.misc.Launcher$AppClassLoader@5c647e05]
[DEBUG] Configuring mojo 'org.apache.maven.plugins:maven-resources-plugin:3.0.2:testResources' with basic configurator -->
[DEBUG]   (f) addDefaultExcludes = true
[DEBUG]   (f) buildFilters = []
[DEBUG]   (f) encoding = UTF-8
[DEBUG]   (f) escapeWindowsPaths = true
[DEBUG]   (f) fileNameFiltering = false
[DEBUG]   (s) includeEmptyDirs = false
[DEBUG]   (s) outputDirectory = /scratch/tbaral/ase26/nod-rr/NOD-Test-Repair/run_flakerake/projects/367/dubbo-cluster/target/test-classes
[DEBUG]   (s) overwrite = false
[DEBUG]   (f) project = MavenProject: org.apache.dubbo:dubbo-cluster:2.7.0-SNAPSHOT @ /scratch/tbaral/ase26/nod-rr/NOD-Test-Repair/run_flakerake/projects/367/dubbo-cluster/pom.xml
[DEBUG]   (s) resources = [Resource {targetPath: null, filtering: false, FileSet {directory: /scratch/tbaral/ase26/nod-rr/NOD-Test-Repair/run_flakerake/projects/367/dubbo-cluster/src/test/resources, PatternSet [includes: {}, excludes: {}]}}, Resource {targetPath: null, filtering: false, FileSet {directory: /scratch/tbaral/ase26/nod-rr/NOD-Test-Repair/run_flakerake/projects/367/dubbo-cluster/target/maven-shared-archive-resources, PatternSet [includes: {}, excludes: {}]}}]
[DEBUG]   (f) session = org.apache.maven.execution.MavenSession@62d0ac62
[DEBUG]   (f) skip = false
[DEBUG]   (f) supportMultiLineFiltering = false
[DEBUG]   (f) useBuildFilters = true
[DEBUG]   (s) useDefaultDelimiters = true
[DEBUG] -- end configuration --
[DEBUG] properties used {env.OLDPWD=/scratch/tbaral/ase26/nod-rr/NOD-Test-Repair/run_flakerake/projects/367/dubbo-cluster, file.encoding.pkg=sun.io, env.ACLOCAL_PATH=/opt/sw/spack/apps/linux-rhel8-x86_64_v2/gcc-10.3.0/curl-7.80.0-rm/share/aclocal, env.MPIF90=/opt/sw/spack/apps/linux-rhel8-x86_64_v2/gcc-10.3.0/openmpi-4.1.2-4a/bin/mpif90, env.SCRATCH=/scratch/tbaral, env.LMOD_FAMILY_COMPILER=gnu10, java.home=/scratch/tbaral/ase26/otog/setups/jdk1.8.0_102/jre, env.SLURM_JOB_UID=1224545917, env._ModuleTable003_=ODAuMC1ybSIsfSxnaXQ9e1siZm4iXT0iL29wdC9zdy9zcGFjay9tb2R1bGVzL2xtb2QvbGludXgtcmhlbDgteDg2XzY0L2djYy8xMC4zLjAvZ2l0LzIuMzkuMS12ZC5sdWEiLFsiZnVsbE5hbWUiXT0iZ2l0LzIuMzkuMS12ZCIsWyJsb2FkT3JkZXIiXT0xMixwcm9wVD17fSxbInN0YWNrRGVwdGgiXT0wLFsic3RhdHVzIl09ImFjdGl2ZSIsWyJ1c2VyTmFtZSJdPSJnaXQiLH0sZ251MTA9e1siZm4iXT0iL29wdC9vaHBjL3B1Yi9tb2R1bGVmaWxlcy9nbnUxMC8xMC4zLjAteWEubHVhIixbImZ1bGxOYW1lIl09ImdudTEwLzEwLjMuMC15YSIsWyJsb2FkT3JkZXIiXT02LHByb3BUPXt9LFsic3RhY2tEZXB0aCJdPTAsWyJzdGF0dXMiXT0iYWN0aXZlIixbInVzZXJOYW1lIl09Imdu, env.LMOD_SETTARG_FULL_SUPPORT=no, hazelcast_version=3.9-EA, env.CMAKE_PREFIX_PATH=/opt/sw/spack/apps/linux-rhel8-x86_64_v2/gcc-10.3.0/git-2.39.1-vd:/opt/sw/spack/apps/linux-rhel8-x86_64_v2/gcc-10.3.0/perl-5.34.0-lm:/opt/sw/spack/apps/linux-rhel8-x86_64_v2/gcc-10.3.0/bzip2-1.0.8-no:/opt/sw/spack/apps/linux-rhel8-x86_64_v2/gcc-10.3.0/curl-7.80.0-rm:/opt/sw/spack/apps/linux-rhel8-x86_64_v2/gcc-10.3.0/openmpi-4.1.2-4a:/opt/sw/spack/apps/linux-rhel8-x86_64_v2/gcc-10.3.0/zlib-1.2.11-2y:/opt/sw/spack/apps/linux-rhel8-x86_64_v2/gcc-9.3.0/gcc-10.3.0-ya, env.LMOD_PACKAGE_PATH=/opt/ohpc/admin/lmod/8.2.10, env.LS_COLORS=rs=0:di=01;34:ln=01;36:mh=00:pi=40;33:so=01;35:do=01;35:bd=40;33;01:cd=40;33;01:or=40;31;01:mi=01;05;37;41:su=37;41:sg=30;43:ca=30;41:tw=30;42:ow=34;42:st=37;44:ex=01;32:*.tar=01;31:*.tgz=01;31:*.arc=01;31:*.arj=01;31:*.taz=01;31:*.lha=01;31:*.lz4=01;31:*.lzh=01;31:*.lzma=01;31:*.tlz=01;31:*.txz=01;31:*.tzo=01;31:*.t7z=01;31:*.zip=01;31:*.z=01;31:*.dz=01;31:*.gz=01;31:*.lrz=01;31:*.lz=01;31:*.lzo=01;31:*.xz=01;31:*.zst=01;31:*.tzst=01;31:*.bz2=01;31:*.bz=01;31:*.tbz=01;31:*.tbz2=01;31:*.tz=01;31:*.deb=01;31:*.rpm=01;31:*.jar=01;31:*.war=01;31:*.ear=01;31:*.sar=01;31:*.rar=01;31:*.alz=01;31:*.ace=01;31:*.zoo=01;31:*.cpio=01;31:*.7z=01;31:*.rz=01;31:*.cab=01;31:*.wim=01;31:*.swm=01;31:*.dwm=01;31:*.esd=01;31:*.jpg=01;35:*.jpeg=01;35:*.mjpg=01;35:*.mjpeg=01;35:*.gif=01;35:*.bmp=01;35:*.pbm=01;35:*.pgm=01;35:*.ppm=01;35:*.tga=01;35:*.xbm=01;35:*.xpm=01;35:*.tif=01;35:*.tiff=01;35:*.png=01;35:*.svg=01;35:*.svgz=01;35:*.mng=01;35:*.pcx=01;35:*.mov=01;35:*.mpg=01;35:*.mpeg=01;35:*.m2v=01;35:*.mkv=01;35:*.webm=01;35:*.ogm=01;35:*.mp4=01;35:*.m4v=01;35:*.mp4v=01;35:*.vob=01;35:*.qt=01;35:*.nuv=01;35:*.wmv=01;35:*.asf=01;35:*.rm=01;35:*.rmvb=01;35:*.flc=01;35:*.avi=01;35:*.fli=01;35:*.flv=01;35:*.gl=01;35:*.dl=01;35:*.xcf=01;35:*.xwd=01;35:*.yuv=01;35:*.cgm=01;35:*.emf=01;35:*.ogv=01;35:*.ogx=01;35:*.aac=01;36:*.au=01;36:*.flac=01;36:*.m4a=01;36:*.mid=01;36:*.midi=01;36:*.mka=01;36:*.mp3=01;36:*.mpc=01;36:*.ogg=01;36:*.ra=01;36:*.wav=01;36:*.oga=01;36:*.opus=01;36:*.spx=01;36:*.xspf=01;36:, env.SSH_TTY=/dev/pts/11, env.__LMOD_REF_COUNT_CMAKE_PREFIX_PATH=/opt/sw/spack/apps/linux-rhel8-x86_64_v2/gcc-10.3.0/git-2.39.1-vd:1;/opt/sw/spack/apps/linux-rhel8-x86_64_v2/gcc-10.3.0/perl-5.34.0-lm:1;/opt/sw/spack/apps/linux-rhel8-x86_64_v2/gcc-10.3.0/bzip2-1.0.8-no:1;/opt/sw/spack/apps/linux-rhel8-x86_64_v2/gcc-10.3.0/curl-7.80.0-rm:1;/opt/sw/spack/apps/linux-rhel8-x86_64_v2/gcc-10.3.0/openmpi-4.1.2-4a:1;/opt/sw/spack/apps/linux-rhel8-x86_64_v2/gcc-10.3.0/zlib-1.2.11-2y:1;/opt/sw/spack/apps/linux-rhel8-x86_64_v2/gcc-9.3.0/gcc-10.3.0-ya:1, env.ENVIRONMENT=BATCH, classworlds.conf=/scratch/tbaral/ase26/otog/setups/maven/bin/m2.conf, env.SLURM_JOBID=3844757, java.endorsed.dirs=/scratch/tbaral/ase26/otog/setups/jdk1.8.0_102/jre/lib/endorsed, env.LOGNAME=tbaral, env.MPICC=/opt/sw/spack/apps/linux-rhel8-x86_64_v2/gcc-10.3.0/openmpi-4.1.2-4a/bin/mpicc, profile.name=oss, sun.os.patch.level=unknown, env.OPENMPI_ROOT=/opt/sw/spack/apps/linux-rhel8-x86_64_v2/gcc-10.3.0/openmpi-4.1.2-4a, test=org.apache.dubbo.rpc.cluster.support.AbstractClusterInvokerTest#testSelect_multiInvokers, java.vendor.url=http://java.oracle.com/, env.INCLUDE=/opt/sw/spack/apps/linux-rhel8-x86_64_v2/gcc-10.3.0/bzip2-1.0.8-no/include:/opt/sw/spack/apps/linux-rhel8-x86_64_v2/gcc-10.3.0/curl-7.80.0-rm/include:/opt/sw/spack/apps/linux-rhel8-x86_64_v2/gcc-10.3.0/openmpi-4.1.2-4a/include:/opt/sw/spack/apps/linux-rhel8-x86_64_v2/gcc-10.3.0/zlib-1.2.11-2y/include:/opt/sw/spack/apps/linux-rhel8-x86_64_v2/gcc-9.3.0/gcc-10.3.0-ya/include/c++/10.3.0:/opt/sw/spack/apps/linux-rhel8-x86_64_v2/gcc-9.3.0/gcc-10.3.0-ya/include, java.version=1.8.0_102, env._ModuleTable002_=LjAvYnppcDIvMS4wLjgtbm8ubHVhIixbImZ1bGxOYW1lIl09ImJ6aXAyLzEuMC44LW5vIixbImxvYWRPcmRlciJdPTEwLHByb3BUPXt9LFsicmVmX2NvdW50Il09MSxbInN0YWNrRGVwdGgiXT0yLFsic3RhdHVzIl09ImFjdGl2ZSIsWyJ1c2VyTmFtZSJdPSJiemlwMi8xLjAuOC1ubyIsfSxjdXJsPXtbImZuIl09Ii9vcHQvc3cvc3BhY2svbW9kdWxlcy9sbW9kL2xpbnV4LXJoZWw4LXg4Nl82NC9nY2MvMTAuMy4wL2N1cmwvNy44MC4wLXJtLmx1YSIsWyJmdWxsTmFtZSJdPSJjdXJsLzcuODAuMC1ybSIsWyJsb2FkT3JkZXIiXT05LHByb3BUPXt9LFsicmVmX2NvdW50Il09MSxbInN0YWNrRGVwdGgiXT0xLFsic3RhdHVzIl09ImFjdGl2ZSIsWyJ1c2VyTmFtZSJdPSJjdXJsLzcu, env.SPACK_ROOT=/opt/sw/spack/current, arguments=, java.vendor.url.bug=http://bugreport.sun.com/bugreport/, skipTests=true, env.SSH_CLIENT=10.193.124.92 56406 22, env.LIBRARY_PATH=/opt/sw/spack/apps/linux-rhel8-x86_64_v2/gcc-10.3.0/perl-5.34.0-lm/lib:/opt/sw/spack/apps/linux-rhel8-x86_64_v2/gcc-10.3.0/bzip2-1.0.8-no/lib:/opt/sw/spack/apps/linux-rhel8-x86_64_v2/gcc-10.3.0/curl-7.80.0-rm/lib:/opt/sw/spack/apps/linux-rhel8-x86_64_v2/gcc-10.3.0/openmpi-4.1.2-4a/lib:/opt/sw/spack/apps/linux-rhel8-x86_64_v2/gcc-10.3.0/zlib-1.2.11-2y/lib:/opt/sw/spack/apps/linux-rhel8-x86_64_v2/gcc-9.3.0/gcc-10.3.0-ya/lib64:/opt/sw/spack/apps/linux-rhel8-x86_64_v2/gcc-9.3.0/gcc-10.3.0-ya/lib, maven_compiler_version=3.6.0, env.SLURM_JOB_NODELIST=amd080, env.SLURM_JOB_GID=100, env.MPIF77=/opt/sw/spack/apps/linux-rhel8-x86_64_v2/gcc-10.3.0/openmpi-4.1.2-4a/bin/mpif77, user.name=tbaral, env.LANG=en_US.UTF-8, env.LMOD_PKG=/opt/ohpc/admin/lmod/lmod, sun.io.unicode.encoding=UnicodeLittle, sun.jnu.encoding=UTF-8, env.DBUS_SESSION_BUS_ADDRESS=unix:path=/run/user/1224545917/bus, java.runtime.name=Java(TM) SE Runtime Environment, file_encoding=UTF-8, env._ModuleTable001_=X01vZHVsZVRhYmxlXz17WyJNVHZlcnNpb24iXT0zLFsiY19yZWJ1aWxkVGltZSJdPWZhbHNlLFsiY19zaG9ydFRpbWUiXT1mYWxzZSxkZXB0aFQ9e30sZmFtaWx5PXtbImNvbXBpbGVyIl09ImdudTEwIixbIm1waSJdPSJvcGVubXBpNCIsfSxtVD17YXV0b3Rvb2xzPXtbImZuIl09Ii9vcHQvb2hwYy9wdWIvbW9kdWxlZmlsZXMvYXV0b3Rvb2xzLmx1YSIsWyJmdWxsTmFtZSJdPSJhdXRvdG9vbHMiLFsibG9hZE9yZGVyIl09Mixwcm9wVD17fSxbInN0YWNrRGVwdGgiXT0xLFsic3RhdHVzIl09ImFjdGl2ZSIsWyJ1c2VyTmFtZSJdPSJhdXRvdG9vbHMiLH0sYnppcDI9e1siZm4iXT0iL29wdC9zdy9zcGFjay9tb2R1bGVzL2xtb2QvbGludXgtcmhlbDgteDg2XzY0L2djYy8xMC4z, env.SLURM_TASK_PID=3165858, env.LMOD_MPI_NAME=openmpi, env.SSH_CONNECTION=10.193.124.92 56406 129.174.21.177 22, env.__LMOD_REF_COUNT__LMFILES_=/opt/ohpc/admin/lmod/8.2.10/modulefiles/Core/use.own.lua:1;/opt/ohpc/pub/modulefiles/autotools.lua:1;/opt/ohpc/pub/modulefiles/prun/2.0.lua:1;/etc/modulefiles/Core/hosts/hopper:1;/opt/sw/other/modulefiles/slurm-tools/2023-09:1;/opt/ohpc/pub/modulefiles/gnu10/10.3.0-ya.lua:1;/opt/sw/spack/modules/lmod/linux-rhel8-x86_64/gcc/10.3.0/zlib/1.2.11-2y.lua:1;/opt/sw/spack/modules/lmod/linux-rhel8-x86_64/gcc/10.3.0/openmpi4/4.1.2-4a.lua:1;/opt/sw/spack/modules/lmod/linux-rhel8-x86_64/gcc/10.3.0/curl/7.80.0-rm.lua:1;/opt/sw/spack/modules/lmod/linux-rhel8-x86_64/gcc/10.3.0/bzip2/1.0.8-no.lua:1;/opt/sw/spack/modules/lmod/linux-rhel8-x86_64/gcc/10.3.0/perl/5.34.0-lm.lua:1;/opt/sw/spack/modules/lmod/linux-rhel8-x86_64/gcc/10.3.0/git/2.39.1-vd.lua:1, java.specification.name=Java Platform API Specification, env.SLURM_PRIO_PROCESS=10, env.LMOD_PREPEND_BLOCK=normal, user.timezone=, env.LESSOPEN=||/usr/bin/lesspipe.sh %s, env.SLURM_JOB_START_TIME=1750883709, path.separator=:, checkstyle.skip=true, env.MAVEN_CMD_LINE_ARGS= test -X -Dtest=org.apache.dubbo.rpc.cluster.support.AbstractClusterInvokerTest#testSelect_multiInvokers -DfailIfNoTests=false -DskipTests -q -B -fn -s /scratch/tbaral/ase26/nod-rr/NOD-Test-Repair/flakerake/shell_scripts/maven-repo-fix-settings.xml -DskipITs, env.LMOD_MPI_VERSION=4.1.2-4aedfmd, maven_jar_version=3.0.2, file.encoding=UTF-8, env.HOME=/home/tbaral, env.which_declare=declare -f, assembly.tarLongFileMode=posix, sun.java.command=org.codehaus.plexus.classworlds.launcher.Launcher test -X -Dtest=org.apache.dubbo.rpc.cluster.support.AbstractClusterInvokerTest#testSelect_multiInvokers -DfailIfNoTests=false -DskipTests -q -B -fn -s /scratch/tbaral/ase26/nod-rr/NOD-Test-Repair/flakerake/shell_scripts/maven-repo-fix-settings.xml -DskipITs, env.MANPATH=/opt/sw/spack/apps/linux-rhel8-x86_64_v2/gcc-10.3.0/git-2.39.1-vd/share/man:/opt/sw/spack/apps/linux-rhel8-x86_64_v2/gcc-10.3.0/perl-5.34.0-lm/man:/opt/sw/spack/apps/linux-rhel8-x86_64_v2/gcc-10.3.0/bzip2-1.0.8-no/man:/opt/sw/spack/apps/linux-rhel8-x86_64_v2/gcc-10.3.0/curl-7.80.0-rm/share/man:/opt/sw/spack/apps/linux-rhel8-x86_64_v2/gcc-10.3.0/openmpi-4.1.2-4a/share/man:/opt/sw/spack/apps/linux-rhel8-x86_64_v2/gcc-10.3.0/zlib-1.2.11-2y/share/man:/opt/sw/spack/apps/linux-rhel8-x86_64_v2/gcc-9.3.0/gcc-10.3.0-ya/share/man:/opt/ohpc/pub/utils/autotools/share/man:/usr/local/share/man:/usr/share/man/overrides:/usr/share/man/en:/usr/share/man, env.CXX=/opt/sw/spack/apps/linux-rhel8-x86_64_v2/gcc-9.3.0/gcc-10.3.0-ya/bin/g++, env.LMOD_SYSTEM_DEFAULT_MODULES=hosts/hopper, env.LMOD_COLORIZE=no, env.SLURM_TOPOLOGY_ADDR_PATTERN=node, maven_jetty_version=9.4.11.v20180605, env.LMOD_FULL_SETTARG_SUPPORT=no, env.HOSTNAME=amd080, env.LMOD_MODULERCFILE=/opt/ohpc/admin/lmod/etc/rc-hopper.lua, env.FC=/opt/sw/spack/apps/linux-rhel8-x86_64_v2/gcc-9.3.0/gcc-10.3.0-ya/bin/gfortran, java.io.tmpdir=/tmp, env.SLURM_NODEID=0, user.language=en, env.HISTCONTROL=ignoredups, line.separator=
, project.baseUri=file:/scratch/tbaral/ase26/nod-rr/NOD-Test-Repair/run_flakerake/projects/367/dubbo-cluster/, env.__LMOD_REF_COUNT_ACLOCAL_PATH=/opt/sw/spack/apps/linux-rhel8-x86_64_v2/gcc-10.3.0/curl-7.80.0-rm/share/aclocal:1, env.BZIP2_ROOT=/opt/sw/spack/apps/linux-rhel8-x86_64_v2/gcc-10.3.0/bzip2-1.0.8-no, env.HISTSIZE=1000, env.SLURM_WORKING_CLUSTER=hopper:SLURM:6817:9984:109, env.CURL_ROOT=/opt/sw/spack/apps/linux-rhel8-x86_64_v2/gcc-10.3.0/curl-7.80.0-rm, env.LMOD_FAMILY_COMPILER_VERSION=10.3.0-ya, java.vm.info=mixed mode, env.C_INCLUDE_PATH=/opt/sw/spack/apps/linux-rhel8-x86_64_v2/gcc-10.3.0/bzip2-1.0.8-no/include:/opt/sw/spack/apps/linux-rhel8-x86_64_v2/gcc-10.3.0/curl-7.80.0-rm/include:/opt/sw/spack/apps/linux-rhel8-x86_64_v2/gcc-10.3.0/openmpi-4.1.2-4a/include:/opt/sw/spack/apps/linux-rhel8-x86_64_v2/gcc-10.3.0/zlib-1.2.11-2y/include:/opt/sw/spack/apps/linux-rhel8-x86_64_v2/gcc-9.3.0/gcc-10.3.0-ya/include, java.vm.specification.name=Java Virtual Machine Specification, project.reporting.outputEncoding=UTF-8, env.SLURM_TOOLS_ROOT=/opt/sw/other/apps/slurm-tools/2023-09/, hamcrest_version=1.3, env.SLURM_PROCID=0, surefire.version=2.20.1, junit_version=4.12, java_source_version=1.8, env.M2_HOME=/scratch/tbaral/ase26/otog/setups/maven, sourceReleaseAssemblyDescriptor=source-release, apache-rat-plugin.version=0.12, env.SLURM_MEM_PER_NODE=65536, skipITs=true, env.__LMOD_REF_COUNT_INCLUDE=/opt/sw/spack/apps/linux-rhel8-x86_64_v2/gcc-10.3.0/bzip2-1.0.8-no/include:1;/opt/sw/spack/apps/linux-rhel8-x86_64_v2/gcc-10.3.0/curl-7.80.0-rm/include:1;/opt/sw/spack/apps/linux-rhel8-x86_64_v2/gcc-10.3.0/openmpi-4.1.2-4a/include:1;/opt/sw/spack/apps/linux-rhel8-x86_64_v2/gcc-10.3.0/zlib-1.2.11-2y/include:1;/opt/sw/spack/apps/linux-rhel8-x86_64_v2/gcc-9.3.0/gcc-10.3.0-ya/include/c++/10.3.0:1;/opt/sw/spack/apps/linux-rhel8-x86_64_v2/gcc-9.3.0/gcc-10.3.0-ya/include:1, env.LMOD_DIR=/opt/ohpc/admin/lmod/lmod/libexec, env.SLURM_JOB_END_TIME=1751312109, env.SLURM_CPUS_ON_NODE=8, updateReleaseInfo=true, java.awt.printerjob=sun.print.PSPrinterJob, env.__LMOD_REF_COUNT_C_INCLUDE_PATH=/opt/sw/spack/apps/linux-rhel8-x86_64_v2/gcc-10.3.0/bzip2-1.0.8-no/include:1;/opt/sw/spack/apps/linux-rhel8-x86_64_v2/gcc-10.3.0/curl-7.80.0-rm/include:1;/opt/sw/spack/apps/linux-rhel8-x86_64_v2/gcc-10.3.0/openmpi-4.1.2-4a/include:1;/opt/sw/spack/apps/linux-rhel8-x86_64_v2/gcc-10.3.0/zlib-1.2.11-2y/include:1;/opt/sw/spack/apps/linux-rhel8-x86_64_v2/gcc-9.3.0/gcc-10.3.0-ya/include:1, distMgmtSnapshotsName=Apache Development Snapshot Repository, env.S_COLORS=auto, distMgmtSnapshotsUrl=https://repository.apache.org/content/repositories/snapshots, env.SLURM_CLUSTER_NAME=hopper, env.SLURM_NODELIST=amd080, env.LMOD_FAMILY_MPI_VERSION=4.1.2-4a, maven_checkstyle_version=3.0.0, env.SLURM_JOB_USER=tbaral, env.SLURM_NODE_ALIASES=(null), env.SLURM_JOB_ACCOUNT=winglam, env.PYTHON_FLAKY_BIN=/scratch/tbaral/ase26/python/py39/bin/python3.9, env.F77=/opt/sw/spack/apps/linux-rhel8-x86_64_v2/gcc-9.3.0/gcc-10.3.0-ya/bin/gfortran, env.SINGULARITY_BASE_USER=/containers/hopper/UserContainers/tbaral, env.LMOD_REDIRECT=no, env.LOADEDMODULES=use.own:autotools:prun/2.0:hosts/hopper:slurm-tools/2023-09:gnu10/10.3.0-ya:zlib/1.2.11-2y:openmpi4/4.1.2-4a:curl/7.80.0-rm:bzip2/1.0.8-no:perl/5.34.0-lm:git/2.39.1-vd, maven.build.timestamp=2025-06-25T20:40:23Z, env.BASH_FUNC_module%%=() {  eval $($LMOD_CMD bash "$@") && eval $(${LMOD_SETTARG_CMD:-:} -s sh)
}, os.name=Linux, java.specification.vendor=Oracle Corporation, maven_surefire_version=2.19.1, env.SLURMD_NODENAME=amd080, env.SLURM_JOB_NAME=367_flakerake, env.TERM=screen, java.vm.name=Java HotSpot(TM) 64-Bit Server VM, env.JAVA_FLAKY_HOME=/scratch/tbaral/ase26/otog/setups/jdk1.8.0_102, env.SLURM_JOB_QOS=normal, maven_jacoco_version=0.8.2, java.library.path=/opt/sw/spack/apps/linux-rhel8-x86_64_v2/gcc-10.3.0/perl-5.34.0-lm/lib:/opt/sw/spack/apps/linux-rhel8-x86_64_v2/gcc-10.3.0/bzip2-1.0.8-no/lib:/opt/sw/spack/apps/linux-rhel8-x86_64_v2/gcc-10.3.0/curl-7.80.0-rm/lib:/opt/sw/spack/apps/linux-rhel8-x86_64_v2/gcc-10.3.0/openmpi-4.1.2-4a/lib:/opt/sw/spack/apps/linux-rhel8-x86_64_v2/gcc-10.3.0/zlib-1.2.11-2y/lib:/opt/sw/spack/apps/linux-rhel8-x86_64_v2/gcc-9.3.0/gcc-10.3.0-ya/lib64:/opt/sw/spack/apps/linux-rhel8-x86_64_v2/gcc-9.3.0/gcc-10.3.0-ya/lib:/lib64:/usr/java/packages/lib/amd64:/usr/lib64:/lib64:/lib:/usr/lib, env._ModuleTable009_=InN0YWNrRGVwdGgiXT0yLFsic3RhdHVzIl09ImFjdGl2ZSIsWyJ1c2VyTmFtZSJdPSJ6bGliLzEuMi4xMS0yeSIsfSx9LG1wYXRoQT17Ii9vcHQvc3cvb3RoZXIvbW9kdWxlZGVwcy9saW51eC1yaGVsOC14ODZfNjRfdjIvZ2NjLTEwLjMuMC1vcGVubXBpLTQuMS4yIiwiL29wdC9zdy9zcGFjay9tb2R1bGVkZXBzL2xpbnV4LXJoZWw4LXg4Nl82NC9nbnUtMTAuMy4wLW9wZW5tcGktNC4xLjIiLCIvb3B0L3N3L290aGVyL21vZHVsZWRlcHMvbGludXgtcmhlbDgteDg2XzY0X3YyL2djYy0xMC4zLjAiLCIvb3B0L3N3L3NwYWNrL21vZHVsZXMvbG1vZC9saW51eC1yaGVsOC14ODZfNjQvZ2NjLzEwLjMuMCIsIi9vcHQvc3cvb3RoZXIvbW9kdWxlZmlsZXMiLCIvb3B0L29ocGMvcHVi, env.PATH=/scratch/tbaral/ase26/python/py39/bin:/opt/sw/spack/apps/linux-rhel8-x86_64_v2/gcc-10.3.0/git-2.39.1-vd/bin:/opt/sw/spack/apps/linux-rhel8-x86_64_v2/gcc-10.3.0/perl-5.34.0-lm/bin:/opt/sw/spack/apps/linux-rhel8-x86_64_v2/gcc-10.3.0/bzip2-1.0.8-no/bin:/opt/sw/spack/apps/linux-rhel8-x86_64_v2/gcc-10.3.0/curl-7.80.0-rm/bin:/opt/sw/spack/apps/linux-rhel8-x86_64_v2/gcc-10.3.0/openmpi-4.1.2-4a/bin:/opt/sw/spack/apps/linux-rhel8-x86_64_v2/gcc-9.3.0/gcc-10.3.0-ya/bin:/opt/sw/other/apps/slurm-tools/2023-09/bin:/opt/ohpc/pub/utils/prun/2.0:/opt/ohpc/pub/utils/autotools/bin:/opt/ohpc/pub/bin:/opt/sw/spack/current/bin:/usr/local/bin:/usr/bin:/usr/local/sbin:/usr/sbin:/opt/dell/srvadmin/bin:/scratch/tbaral/ase26/otog/setups/maven/bin, env.CC=/opt/sw/spack/apps/linux-rhel8-x86_64_v2/gcc-9.3.0/gcc-10.3.0-ya/bin/gcc, library.jansi.path=/scratch/tbaral/ase26/otog/setups/maven/lib/jansi-native, env.__LMOD_REF_COUNT_LIBRARY_PATH=/opt/sw/spack/apps/linux-rhel8-x86_64_v2/gcc-10.3.0/perl-5.34.0-lm/lib:1;/opt/sw/spack/apps/linux-rhel8-x86_64_v2/gcc-10.3.0/bzip2-1.0.8-no/lib:1;/opt/sw/spack/apps/linux-rhel8-x86_64_v2/gcc-10.3.0/curl-7.80.0-rm/lib:1;/opt/sw/spack/apps/linux-rhel8-x86_64_v2/gcc-10.3.0/openmpi-4.1.2-4a/lib:1;/opt/sw/spack/apps/linux-rhel8-x86_64_v2/gcc-10.3.0/zlib-1.2.11-2y/lib:1;/opt/sw/spack/apps/linux-rhel8-x86_64_v2/gcc-9.3.0/gcc-10.3.0-ya/lib64:1;/opt/sw/spack/apps/linux-rhel8-x86_64_v2/gcc-9.3.0/gcc-10.3.0-ya/lib:1, env.LMOD_SITE_NAME=GMU_Hopper, env.DEBUGINFOD_URLS=https://debuginfod.centos.org/ , java.class.version=52.0, env.SHLVL=4, maven.multiModuleProjectDirectory=/scratch/tbaral/ase26/nod-rr/NOD-Test-Repair/run_flakerake/projects/367, env.LD_LIBRARY_PATH=/opt/sw/spack/apps/linux-rhel8-x86_64_v2/gcc-10.3.0/perl-5.34.0-lm/lib:/opt/sw/spack/apps/linux-rhel8-x86_64_v2/gcc-10.3.0/bzip2-1.0.8-no/lib:/opt/sw/spack/apps/linux-rhel8-x86_64_v2/gcc-10.3.0/curl-7.80.0-rm/lib:/opt/sw/spack/apps/linux-rhel8-x86_64_v2/gcc-10.3.0/openmpi-4.1.2-4a/lib:/opt/sw/spack/apps/linux-rhel8-x86_64_v2/gcc-10.3.0/zlib-1.2.11-2y/lib:/opt/sw/spack/apps/linux-rhel8-x86_64_v2/gcc-9.3.0/gcc-10.3.0-ya/lib64:/opt/sw/spack/apps/linux-rhel8-x86_64_v2/gcc-9.3.0/gcc-10.3.0-ya/lib:/lib64, env.MODULESHOME=/opt/ohpc/admin/lmod/lmod, env.LMOD_FAMILY_MPI=openmpi4, env.GCC_ROOT=/opt/sw/spack/apps/linux-rhel8-x86_64_v2/gcc-9.3.0/gcc-10.3.0-ya, env.LMOD_SETTARG_CMD=:, java_target_version=1.8, env.__LMOD_REF_COUNT_LD_LIBRARY_PATH=/opt/sw/spack/apps/linux-rhel8-x86_64_v2/gcc-10.3.0/perl-5.34.0-lm/lib:1;/opt/sw/spack/apps/linux-rhel8-x86_64_v2/gcc-10.3.0/bzip2-1.0.8-no/lib:1;/opt/sw/spack/apps/linux-rhel8-x86_64_v2/gcc-10.3.0/curl-7.80.0-rm/lib:1;/opt/sw/spack/apps/linux-rhel8-x86_64_v2/gcc-10.3.0/openmpi-4.1.2-4a/lib:1;/opt/sw/spack/apps/linux-rhel8-x86_64_v2/gcc-10.3.0/zlib-1.2.11-2y/lib:1;/opt/sw/spack/apps/linux-rhel8-x86_64_v2/gcc-9.3.0/gcc-10.3.0-ya/lib64:1;/opt/sw/spack/apps/linux-rhel8-x86_64_v2/gcc-9.3.0/gcc-10.3.0-ya/lib:1;/lib64:1, env.LMOD_VERSION=8.2.10, maven_deploy_version=2.8.2, env.SLURM_JOB_ID=3844757, hibernate_validator_version=5.2.4.Final, env.LMOD_SETTARG_TITLE_BAR=no, failIfNoTests=false, maven_javadoc_version=3.0.1, env.LMOD_AVAIL_STYLE=en_grouped:system, env.MODULEPATH=/opt/sw/other/moduledeps/linux-rhel8-x86_64_v2/gcc-10.3.0-openmpi-4.1.2:/opt/sw/spack/moduledeps/linux-rhel8-x86_64/gnu-10.3.0-openmpi-4.1.2:/opt/sw/other/moduledeps/linux-rhel8-x86_64_v2/gcc-10.3.0:/opt/sw/spack/modules/lmod/linux-rhel8-x86_64/gcc/10.3.0:/opt/sw/other/modulefiles:/opt/ohpc/pub/modulefiles:/etc/modulefiles/Core:/opt/ohpc/admin/lmod/8.2.10/modulefiles/Core:/home/tbaral/privatemodules, project.build.sourceEncoding=UTF-8, env._ModuleTable008_=ImluYWN0aXZlIixbInVzZXJOYW1lIl09InVjeCIsfSxbInVzZS5vd24iXT17WyJmbiJdPSIvb3B0L29ocGMvYWRtaW4vbG1vZC84LjIuMTAvbW9kdWxlZmlsZXMvQ29yZS91c2Uub3duLmx1YSIsWyJmdWxsTmFtZSJdPSJ1c2Uub3duIixbImxvYWRPcmRlciJdPTEscHJvcFQ9e30sWyJzdGFja0RlcHRoIl09MSxbInN0YXR1cyJdPSJhY3RpdmUiLFsidXNlck5hbWUiXT0idXNlLm93biIsfSx6bGliPXtbImZuIl09Ii9vcHQvc3cvc3BhY2svbW9kdWxlcy9sbW9kL2xpbnV4LXJoZWw4LXg4Nl82NC9nY2MvMTAuMy4wL3psaWIvMS4yLjExLTJ5Lmx1YSIsWyJmdWxsTmFtZSJdPSJ6bGliLzEuMi4xMS0yeSIsWyJsb2FkT3JkZXIiXT03LHByb3BUPXt9LFsicmVmX2NvdW50Il09NCxb, sun.boot.library.path=/scratch/tbaral/ase26/otog/setups/jdk1.8.0_102/jre/lib/amd64, env.VIRTUAL_ENV=/scratch/tbaral/ase26/python/py39, env.LMOD_CMD=/opt/ohpc/admin/lmod/lmod/libexec/lmod, sun.management.compiler=HotSpot 64-Bit Tiered Compilers, java.awt.graphicsenv=sun.awt.X11GraphicsEnvironment, rat.skip=true, env.BASH_FUNC_ml%%=() {  eval $($LMOD_DIR/ml_cmd "$@")
}, env._ModuleTable_Sz_=10, env.USER=tbaral, env.BASH_ENV=/opt/ohpc/admin/lmod/lmod/init/bash, env.SLURM_JOB_PARTITION=bigmem, env.__LMOD_REF_COUNT_MANPATH=/opt/sw/spack/apps/linux-rhel8-x86_64_v2/gcc-10.3.0/git-2.39.1-vd/share/man:1;/opt/sw/spack/apps/linux-rhel8-x86_64_v2/gcc-10.3.0/perl-5.34.0-lm/man:1;/opt/sw/spack/apps/linux-rhel8-x86_64_v2/gcc-10.3.0/bzip2-1.0.8-no/man:1;/opt/sw/spack/apps/linux-rhel8-x86_64_v2/gcc-10.3.0/curl-7.80.0-rm/share/man:1;/opt/sw/spack/apps/linux-rhel8-x86_64_v2/gcc-10.3.0/openmpi-4.1.2-4a/share/man:1;/opt/sw/spack/apps/linux-rhel8-x86_64_v2/gcc-10.3.0/zlib-1.2.11-2y/share/man:1;/opt/sw/spack/apps/linux-rhel8-x86_64_v2/gcc-9.3.0/gcc-10.3.0-ya/share/man:1;/opt/ohpc/pub/utils/autotools/share/man:1;/usr/local/share/man:1;/usr/share/man/overrides:1;/usr/share/man/en:1;/usr/share/man:1, cglib_version=2.2, gpg.useagent=true, java.vm.specification.version=1.8, env.SLURM_TASKS_PER_NODE=1, env.LMOD_AUTO_SWAP=yes, env.SCRATCH2=/scratch2/tbaral, env._ModuleTable007_=InBydW4iLH0sWyJzbHVybS10b29scyJdPXtbImZuIl09Ii9vcHQvc3cvb3RoZXIvbW9kdWxlZmlsZXMvc2x1cm0tdG9vbHMvMjAyMy0wOSIsWyJmdWxsTmFtZSJdPSJzbHVybS10b29scy8yMDIzLTA5IixbImxvYWRPcmRlciJdPTUscHJvcFQ9e30sWyJzdGFja0RlcHRoIl09MCxbInN0YXR1cyJdPSJhY3RpdmUiLFsidXNlck5hbWUiXT0ic2x1cm0tdG9vbHMvMjAyMy0wOSIsfSx1Y3g9e1siZm4iXT0iL29wdC9zdy9zcGFjay9tb2R1bGVkZXBzL2xpbnV4LXJoZWw4LXg4Nl82NC9nbnUtOS4zLjAvdWN4LzEuMTIuMS00Zy5sdWEiLFsiZnVsbE5hbWUiXT0idWN4LzEuMTIuMS00ZyIsWyJsb2FkT3JkZXIiXT0tNCxwcm9wVD17fSxbInN0YWNrRGVwdGgiXT0yLFsic3RhdHVzIl09, env.MAVEN_REPO=/home/tbaral/.m2/repository, env.NLSPATH=/usr/dt/lib/nls/msg/%L/%N.cat, awt.toolkit=sun.awt.X11.XToolkit, sun.cpu.isalist=, env.SLURM_SUBMIT_DIR=/scratch/tbaral/ase26/nod-rr/NOD-Test-Repair/run_flakerake, env.MAVEN_PROJECTBASEDIR=/scratch/tbaral/ase26/nod-rr/NOD-Test-Repair/run_flakerake/projects/367, java.ext.dirs=/scratch/tbaral/ase26/otog/setups/jdk1.8.0_102/jre/lib/ext:/usr/java/packages/lib/ext, os.version=4.18.0-553.33.1.el8_10.x86_64, user.home=/home/tbaral, java.vm.vendor=Oracle Corporation, env.BASH_FUNC_which%%=() {  ( alias;
 eval ${which_declare} ) | /usr/bin/which --tty-only --read-alias --read-functions --show-tilde --show-dot $@
}, env.PKG_CONFIG_PATH=/opt/sw/spack/apps/linux-rhel8-x86_64_v2/gcc-10.3.0/curl-7.80.0-rm/lib/pkgconfig:/opt/sw/spack/apps/linux-rhel8-x86_64_v2/gcc-10.3.0/openmpi-4.1.2-4a/lib/pkgconfig:/opt/sw/spack/apps/linux-rhel8-x86_64_v2/gcc-10.3.0/zlib-1.2.11-2y/lib/pkgconfig, env.JAVA_HOME=/scratch/tbaral/ase26/otog/setups/jdk1.8.0_102, env.SINGULARITY_BASE=/containers/hopper/Containers, env.XDG_SESSION_ID=59324, env._ModuleTable010_=L21vZHVsZWZpbGVzIiwiL2V0Yy9tb2R1bGVmaWxlcy9Db3JlIiwiL29wdC9vaHBjL2FkbWluL2xtb2QvOC4yLjEwL21vZHVsZWZpbGVzL0NvcmUiLCIvaG9tZS90YmFyYWwvcHJpdmF0ZW1vZHVsZXMiLH0sWyJzeXN0ZW1CYXNlTVBBVEgiXT0iL2V0Yy9tb2R1bGVmaWxlcy9Db3JlOi9vcHQvb2hwYy9hZG1pbi9sbW9kLzguMi4xMC9tb2R1bGVmaWxlcy9Db3JlOi9vcHQvb2hwYy9wdWIvbW9kdWxlZmlsZXMiLH0=, jacocoArgLine=-javaagent:/home/tbaral/.m2/repository/org/jacoco/org.jacoco.agent/0.8.2/org.jacoco.agent-0.8.2-runtime.jar=destfile=/scratch/tbaral/ase26/nod-rr/NOD-Test-Repair/run_flakerake/projects/367/dubbo-cluster/target/jacoco.exec, user.dir=/scratch/tbaral/ase26/nod-rr/NOD-Test-Repair/run_flakerake/projects/367/dubbo-cluster, maven.conf=/scratch/tbaral/ase26/otog/setups/maven/conf, env.SLURM_NNODES=1, env.XFILESEARCHPATH=/usr/dt/app-defaults/%L/Dt, env.MAIL=/var/spool/mail/tbaral, env.PERL_ROOT=/opt/sw/spack/apps/linux-rhel8-x86_64_v2/gcc-10.3.0/perl-5.34.0-lm, maven_source_version=3.0.1, env.PWD=/scratch/tbaral/ase26/nod-rr/NOD-Test-Repair/run_flakerake/projects/367/dubbo-cluster, env.__LMOD_REF_COUNT_PKG_CONFIG_PATH=/opt/sw/spack/apps/linux-rhel8-x86_64_v2/gcc-10.3.0/curl-7.80.0-rm/lib/pkgconfig:1;/opt/sw/spack/apps/linux-rhel8-x86_64_v2/gcc-10.3.0/openmpi-4.1.2-4a/lib/pkgconfig:1;/opt/sw/spack/apps/linux-rhel8-x86_64_v2/gcc-10.3.0/zlib-1.2.11-2y/lib/pkgconfig:1, env._ModuleTable006_=ZXJsPXtbImZuIl09Ii9vcHQvc3cvc3BhY2svbW9kdWxlcy9sbW9kL2xpbnV4LXJoZWw4LXg4Nl82NC9nY2MvMTAuMy4wL3BlcmwvNS4zNC4wLWxtLmx1YSIsWyJmdWxsTmFtZSJdPSJwZXJsLzUuMzQuMC1sbSIsWyJsb2FkT3JkZXIiXT0xMSxwcm9wVD17fSxbInJlZl9jb3VudCJdPTEsWyJzdGFja0RlcHRoIl09MSxbInN0YXR1cyJdPSJhY3RpdmUiLFsidXNlck5hbWUiXT0icGVybC81LjM0LjAtbG0iLH0scHJ1bj17WyJmbiJdPSIvb3B0L29ocGMvcHViL21vZHVsZWZpbGVzL3BydW4vMi4wLmx1YSIsWyJmdWxsTmFtZSJdPSJwcnVuLzIuMCIsWyJsb2FkT3JkZXIiXT0zLHByb3BUPXt9LFsic3RhY2tEZXB0aCJdPTEsWyJzdGF0dXMiXT0iYWN0aXZlIixbInVzZXJOYW1lIl09, env.SLURM_SUBMIT_HOST=hopper2.orc.gmu.edu, mockito_version=2.18.3, env.GIT_ROOT=/opt/sw/spack/apps/linux-rhel8-x86_64_v2/gcc-10.3.0/git-2.39.1-vd, env.SLURM_GTIDS=0, env.SLURM_TOPOLOGY_ADDR=amd080, env.__LMOD_REF_COUNT_CPLUS_INCLUDE_PATH=/opt/sw/spack/apps/linux-rhel8-x86_64_v2/gcc-10.3.0/bzip2-1.0.8-no/include:1;/opt/sw/spack/apps/linux-rhel8-x86_64_v2/gcc-10.3.0/curl-7.80.0-rm/include:1;/opt/sw/spack/apps/linux-rhel8-x86_64_v2/gcc-10.3.0/openmpi-4.1.2-4a/include:1;/opt/sw/spack/apps/linux-rhel8-x86_64_v2/gcc-10.3.0/zlib-1.2.11-2y/include:1;/opt/sw/spack/apps/linux-rhel8-x86_64_v2/gcc-9.3.0/gcc-10.3.0-ya/include:1, sun.cpu.endian=little, env.ZLIB_ROOT=/opt/sw/spack/apps/linux-rhel8-x86_64_v2/gcc-10.3.0/zlib-1.2.11-2y, env.TMPDIR=/tmp, env.SLURM_JOB_NUM_NODES=1, env.__LMOD_REF_COUNT_PATH=/opt/sw/spack/apps/linux-rhel8-x86_64_v2/gcc-10.3.0/git-2.39.1-vd/bin:1;/opt/sw/spack/apps/linux-rhel8-x86_64_v2/gcc-10.3.0/perl-5.34.0-lm/bin:1;/opt/sw/spack/apps/linux-rhel8-x86_64_v2/gcc-10.3.0/bzip2-1.0.8-no/bin:1;/opt/sw/spack/apps/linux-rhel8-x86_64_v2/gcc-10.3.0/curl-7.80.0-rm/bin:1;/opt/sw/spack/apps/linux-rhel8-x86_64_v2/gcc-10.3.0/openmpi-4.1.2-4a/bin:1;/opt/sw/spack/apps/linux-rhel8-x86_64_v2/gcc-9.3.0/gcc-10.3.0-ya/bin:1;/opt/sw/other/apps/slurm-tools/2023-09/bin:1;/opt/ohpc/pub/utils/prun/2.0:1;/opt/ohpc/pub/utils/autotools/bin:1;/opt/ohpc/pub/bin:1;/opt/sw/spack/current/bin:1;/usr/local/bin:1;/usr/bin:1;/usr/local/sbin:1;/usr/sbin:1;/opt/dell/srvadmin/bin:1, env.CPLUS_INCLUDE_PATH=/opt/sw/spack/apps/linux-rhel8-x86_64_v2/gcc-10.3.0/bzip2-1.0.8-no/include:/opt/sw/spack/apps/linux-rhel8-x86_64_v2/gcc-10.3.0/curl-7.80.0-rm/include:/opt/sw/spack/apps/linux-rhel8-x86_64_v2/gcc-10.3.0/openmpi-4.1.2-4a/include:/opt/sw/spack/apps/linux-rhel8-x86_64_v2/gcc-10.3.0/zlib-1.2.11-2y/include:/opt/sw/spack/apps/linux-rhel8-x86_64_v2/gcc-9.3.0/gcc-10.3.0-ya/include, env.SLURM_JOB_CPUS_PER_NODE=8, java.vm.version=25.102-b14, java.class.path=/scratch/tbaral/ase26/otog/setups/maven/boot/plexus-classworlds-2.6.0.jar, el_api_version=2.2.4, env.__LMOD_REF_COUNT_LOADEDMODULES=use.own:1;autotools:1;prun/2.0:1;hosts/hopper:1;slurm-tools/2023-09:1;gnu10/10.3.0-ya:1;zlib/1.2.11-2y:1;openmpi4/4.1.2-4a:1;curl/7.80.0-rm:1;bzip2/1.0.8-no:1;perl/5.34.0-lm:1;git/2.39.1-vd:1, os.arch=amd64, maven.build.version=Apache Maven 3.6.3 (cecedd343002696d0abb50b32b541b8a6ba2883f), env.SLURM_LOCALID=0, env.SLURM_CONF=/var/spool/slurmd/conf-cache/slurm.conf, sun.java.launcher=SUN_STANDARD, env._ModuleTable005_=Yy9wdWIvbW9kdWxlZmlsZXMvbGliZmFicmljLzEuMTAuMS5sdWEiLFsiZnVsbE5hbWUiXT0ibGliZmFicmljLzEuMTAuMSIsWyJsb2FkT3JkZXIiXT0tNSxwcm9wVD17fSxbInN0YWNrRGVwdGgiXT0yLFsic3RhdHVzIl09ImluYWN0aXZlIixbInVzZXJOYW1lIl09ImxpYmZhYnJpYyIsfSxvcGVubXBpND17WyJmbiJdPSIvb3B0L3N3L3NwYWNrL21vZHVsZXMvbG1vZC9saW51eC1yaGVsOC14ODZfNjQvZ2NjLzEwLjMuMC9vcGVubXBpNC80LjEuMi00YS5sdWEiLFsiZnVsbE5hbWUiXT0ib3Blbm1waTQvNC4xLjItNGEiLFsibG9hZE9yZGVyIl09OCxwcm9wVD17fSxbInN0YWNrRGVwdGgiXT0wLFsic3RhdHVzIl09ImFjdGl2ZSIsWyJ1c2VyTmFtZSJdPSJvcGVubXBpNCIsfSxw, java.vm.specification.vendor=Oracle Corporation, file.separator=/, env.FLAKY_MVN_INSTALL_OPTS=-DskipTests -q -B -fn -s $FLAKY_HOME/shell_scripts/maven-repo-fix-settings.xml -DskipITs, skip_maven_deploy=false, java.runtime.version=1.8.0_102-b14, env.TMOUT=28800, sun.boot.class.path=/scratch/tbaral/ase26/otog/setups/jdk1.8.0_102/jre/lib/resources.jar:/scratch/tbaral/ase26/otog/setups/jdk1.8.0_102/jre/lib/rt.jar:/scratch/tbaral/ase26/otog/setups/jdk1.8.0_102/jre/lib/sunrsasign.jar:/scratch/tbaral/ase26/otog/setups/jdk1.8.0_102/jre/lib/jsse.jar:/scratch/tbaral/ase26/otog/setups/jdk1.8.0_102/jre/lib/jce.jar:/scratch/tbaral/ase26/otog/setups/jdk1.8.0_102/jre/lib/charsets.jar:/scratch/tbaral/ase26/otog/setups/jdk1.8.0_102/jre/lib/jfr.jar:/scratch/tbaral/ase26/otog/setups/jdk1.8.0_102/jre/classes, organization.logo=https://www.apache.org/images/asf_logo_wide.gif, env.XDG_RUNTIME_DIR=/run/user/1224545917, env.__LMOD_REF_COUNT_MODULEPATH=/opt/sw/other/moduledeps/linux-rhel8-x86_64_v2/gcc-10.3.0-openmpi-4.1.2:1;/opt/sw/spack/moduledeps/linux-rhel8-x86_64/gnu-10.3.0-openmpi-4.1.2:1;/opt/sw/other/moduledeps/linux-rhel8-x86_64_v2/gcc-10.3.0:1;/opt/sw/spack/modules/lmod/linux-rhel8-x86_64/gcc/10.3.0:1;/opt/sw/other/modulefiles:1;/opt/ohpc/pub/modulefiles:2;/etc/modulefiles/Core:1;/opt/ohpc/admin/lmod/8.2.10/modulefiles/Core:1;/home/tbaral/privatemodules:1, maven.version=3.6.3, jaxb_api_version=2.2.7, env.MPICXX=/opt/sw/spack/apps/linux-rhel8-x86_64_v2/gcc-10.3.0/openmpi-4.1.2-4a/bin/mpic++, argline=-server -Xms256m -Xmx512m -XX:MetaspaceSize=64m -XX:MaxMetaspaceSize=128m -Dfile.encoding=UTF-8
                    -Djava.net.preferIPv4Stack=true, user.country=US, env.LMOD_ROOT=/opt/ohpc/admin/lmod, env.SHELL=/bin/bash, maven.home=/scratch/tbaral/ase26/otog/setups/maven, maven.compiler.target=1.6, env._ModuleTable004_=dTEwIix9LGhvc3RzPXtbImZuIl09Ii9ldGMvbW9kdWxlZmlsZXMvQ29yZS9ob3N0cy9ob3BwZXIiLFsiZnVsbE5hbWUiXT0iaG9zdHMvaG9wcGVyIixbImxvYWRPcmRlciJdPTQscHJvcFQ9e30sWyJzdGFja0RlcHRoIl09MCxbInN0YXR1cyJdPSJhY3RpdmUiLFsidXNlck5hbWUiXT0iaG9zdHMvaG9wcGVyIix9LGh3bG9jPXtbImZuIl09Ii9vcHQvb2hwYy9wdWIvbW9kdWxlZmlsZXMvaHdsb2MvMi4xLjAubHVhIixbImZ1bGxOYW1lIl09Imh3bG9jLzIuMS4wIixbImxvYWRPcmRlciJdPS02LHByb3BUPXt9LFsic3RhY2tEZXB0aCJdPTIsWyJzdGF0dXMiXT0iaW5hY3RpdmUiLFsidXNlck5hbWUiXT0iaHdsb2MvMi4xLjAiLH0sbGliZmFicmljPXtbImZuIl09Ii9vcHQvb2hw, java.vendor=Oracle Corporation, env.SLURM_CPUS_PER_TASK=8, env._LMFILES_=/opt/ohpc/admin/lmod/8.2.10/modulefiles/Core/use.own.lua:/opt/ohpc/pub/modulefiles/autotools.lua:/opt/ohpc/pub/modulefiles/prun/2.0.lua:/etc/modulefiles/Core/hosts/hopper:/opt/sw/other/modulefiles/slurm-tools/2023-09:/opt/ohpc/pub/modulefiles/gnu10/10.3.0-ya.lua:/opt/sw/spack/modules/lmod/linux-rhel8-x86_64/gcc/10.3.0/zlib/1.2.11-2y.lua:/opt/sw/spack/modules/lmod/linux-rhel8-x86_64/gcc/10.3.0/openmpi4/4.1.2-4a.lua:/opt/sw/spack/modules/lmod/linux-rhel8-x86_64/gcc/10.3.0/curl/7.80.0-rm.lua:/opt/sw/spack/modules/lmod/linux-rhel8-x86_64/gcc/10.3.0/bzip2/1.0.8-no.lua:/opt/sw/spack/modules/lmod/linux-rhel8-x86_64/gcc/10.3.0/perl/5.34.0-lm.lua:/opt/sw/spack/modules/lmod/linux-rhel8-x86_64/gcc/10.3.0/git/2.39.1-vd.lua, env.FLAKY_HOME=/scratch/tbaral/ase26/nod-rr/NOD-Test-Repair/flakerake, maven.compiler.source=1.6, java.specification.version=1.8, sun.arch.data.model=64}
[INFO] Using 'UTF-8' encoding to copy filtered resources.
[DEBUG] resource with targetPath null
directory /scratch/tbaral/ase26/nod-rr/NOD-Test-Repair/run_flakerake/projects/367/dubbo-cluster/src/test/resources
excludes []
includes []
[DEBUG] ignoreDelta true
[INFO] Copying 4 resources
[DEBUG] Copying file log4j.xml
[DEBUG] file log4j.xml has a filtered file extension
[DEBUG] copy /scratch/tbaral/ase26/nod-rr/NOD-Test-Repair/run_flakerake/projects/367/dubbo-cluster/src/test/resources/log4j.xml to /scratch/tbaral/ase26/nod-rr/NOD-Test-Repair/run_flakerake/projects/367/dubbo-cluster/target/test-classes/log4j.xml
[DEBUG] Copying file org/apache/dubbo/rpc/cluster/router/file/availablerule.javascript
[DEBUG] file availablerule.javascript has a filtered file extension
[DEBUG] copy /scratch/tbaral/ase26/nod-rr/NOD-Test-Repair/run_flakerake/projects/367/dubbo-cluster/src/test/resources/org/apache/dubbo/rpc/cluster/router/file/availablerule.javascript to /scratch/tbaral/ase26/nod-rr/NOD-Test-Repair/run_flakerake/projects/367/dubbo-cluster/target/test-classes/org/apache/dubbo/rpc/cluster/router/file/availablerule.javascript
[DEBUG] Copying file org/apache/dubbo/rpc/cluster/router/file/methodrule.javascript
[DEBUG] file methodrule.javascript has a filtered file extension
[DEBUG] copy /scratch/tbaral/ase26/nod-rr/NOD-Test-Repair/run_flakerake/projects/367/dubbo-cluster/src/test/resources/org/apache/dubbo/rpc/cluster/router/file/methodrule.javascript to /scratch/tbaral/ase26/nod-rr/NOD-Test-Repair/run_flakerake/projects/367/dubbo-cluster/target/test-classes/org/apache/dubbo/rpc/cluster/router/file/methodrule.javascript
[DEBUG] Copying file org/apache/dubbo/rpc/cluster/router/file/notAvailablerule.javascript
[DEBUG] file notAvailablerule.javascript has a filtered file extension
[DEBUG] copy /scratch/tbaral/ase26/nod-rr/NOD-Test-Repair/run_flakerake/projects/367/dubbo-cluster/src/test/resources/org/apache/dubbo/rpc/cluster/router/file/notAvailablerule.javascript to /scratch/tbaral/ase26/nod-rr/NOD-Test-Repair/run_flakerake/projects/367/dubbo-cluster/target/test-classes/org/apache/dubbo/rpc/cluster/router/file/notAvailablerule.javascript
[DEBUG] resource with targetPath null
directory /scratch/tbaral/ase26/nod-rr/NOD-Test-Repair/run_flakerake/projects/367/dubbo-cluster/target/maven-shared-archive-resources
excludes []
includes []
[DEBUG] ignoreDelta true
[INFO] Copying 3 resources
[DEBUG] Copying file META-INF/DEPENDENCIES
[DEBUG] file DEPENDENCIES has a filtered file extension
[DEBUG] copy /scratch/tbaral/ase26/nod-rr/NOD-Test-Repair/run_flakerake/projects/367/dubbo-cluster/target/maven-shared-archive-resources/META-INF/DEPENDENCIES to /scratch/tbaral/ase26/nod-rr/NOD-Test-Repair/run_flakerake/projects/367/dubbo-cluster/target/test-classes/META-INF/DEPENDENCIES
[DEBUG] Copying file META-INF/LICENSE
[DEBUG] file LICENSE has a filtered file extension
[DEBUG] copy /scratch/tbaral/ase26/nod-rr/NOD-Test-Repair/run_flakerake/projects/367/dubbo-cluster/target/maven-shared-archive-resources/META-INF/LICENSE to /scratch/tbaral/ase26/nod-rr/NOD-Test-Repair/run_flakerake/projects/367/dubbo-cluster/target/test-classes/META-INF/LICENSE
[DEBUG] Copying file META-INF/NOTICE
[DEBUG] file NOTICE has a filtered file extension
[DEBUG] copy /scratch/tbaral/ase26/nod-rr/NOD-Test-Repair/run_flakerake/projects/367/dubbo-cluster/target/maven-shared-archive-resources/META-INF/NOTICE to /scratch/tbaral/ase26/nod-rr/NOD-Test-Repair/run_flakerake/projects/367/dubbo-cluster/target/test-classes/META-INF/NOTICE
[DEBUG] no use filter components
[INFO] 
[INFO] --- maven-compiler-plugin:3.6.0:testCompile (default-testCompile) @ dubbo-cluster ---
[DEBUG] Configuring mojo org.apache.maven.plugins:maven-compiler-plugin:3.6.0:testCompile from plugin realm ClassRealm[plugin>org.apache.maven.plugins:maven-compiler-plugin:3.6.0, parent: sun.misc.Launcher$AppClassLoader@5c647e05]
[DEBUG] Configuring mojo 'org.apache.maven.plugins:maven-compiler-plugin:3.6.0:testCompile' with basic configurator -->
[DEBUG]   (f) basedir = /scratch/tbaral/ase26/nod-rr/NOD-Test-Repair/run_flakerake/projects/367/dubbo-cluster
[DEBUG]   (f) buildDirectory = /scratch/tbaral/ase26/nod-rr/NOD-Test-Repair/run_flakerake/projects/367/dubbo-cluster/target
[DEBUG]   (f) compilePath = [/scratch/tbaral/ase26/nod-rr/NOD-Test-Repair/run_flakerake/projects/367/dubbo-cluster/target/classes, /home/tbaral/.m2/repository/org/apache/dubbo/dubbo-rpc-api/2.7.0-SNAPSHOT/dubbo-rpc-api-2.7.0-SNAPSHOT.jar, /home/tbaral/.m2/repository/org/apache/dubbo/dubbo-common/2.7.0-SNAPSHOT/dubbo-common-2.7.0-SNAPSHOT.jar, /home/tbaral/.m2/repository/commons-logging/commons-logging/1.2/commons-logging-1.2.jar, /home/tbaral/.m2/repository/log4j/log4j/1.2.16/log4j-1.2.16.jar, /home/tbaral/.m2/repository/org/javassist/javassist/3.20.0-GA/javassist-3.20.0-GA.jar, /home/tbaral/.m2/repository/com/alibaba/hessian-lite/3.2.3/hessian-lite-3.2.3.jar, /home/tbaral/.m2/repository/com/alibaba/fastjson/1.2.46/fastjson-1.2.46.jar, /home/tbaral/.m2/repository/com/esotericsoftware/kryo/4.0.1/kryo-4.0.1.jar, /home/tbaral/.m2/repository/com/esotericsoftware/reflectasm/1.11.3/reflectasm-1.11.3.jar, /home/tbaral/.m2/repository/org/ow2/asm/asm/5.0.4/asm-5.0.4.jar, /home/tbaral/.m2/repository/com/esotericsoftware/minlog/1.3.0/minlog-1.3.0.jar, /home/tbaral/.m2/repository/de/javakaffee/kryo-serializers/0.42/kryo-serializers-0.42.jar, /home/tbaral/.m2/repository/de/ruedigermoeller/fst/2.48-jdk-6/fst-2.48-jdk-6.jar, /home/tbaral/.m2/repository/com/fasterxml/jackson/core/jackson-core/2.8.6/jackson-core-2.8.6.jar, /home/tbaral/.m2/repository/com/cedarsoftware/java-util/1.9.0/java-util-1.9.0.jar, /home/tbaral/.m2/repository/com/cedarsoftware/json-io/2.5.1/json-io-2.5.1.jar, /home/tbaral/.m2/repository/org/apache/dubbo/dubbo-serialization-api/2.7.0-SNAPSHOT/dubbo-serialization-api-2.7.0-SNAPSHOT.jar, /home/tbaral/.m2/repository/org/apache/dubbo/dubbo-remoting-api/2.7.0-SNAPSHOT/dubbo-remoting-api-2.7.0-SNAPSHOT.jar, /home/tbaral/.m2/repository/org/objenesis/objenesis/2.6/objenesis-2.6.jar]
[DEBUG]   (f) compileSourceRoots = [/scratch/tbaral/ase26/nod-rr/NOD-Test-Repair/run_flakerake/projects/367/dubbo-cluster/src/test/java]
[DEBUG]   (f) compilerArgument = -proc:none
[DEBUG]   (f) compilerId = javac
[DEBUG]   (f) debug = true
[DEBUG]   (f) encoding = UTF-8
[DEBUG]   (f) failOnError = true
[DEBUG]   (f) failOnWarning = false
[DEBUG]   (f) forceJavacCompilerUse = false
[DEBUG]   (f) fork = true
[DEBUG]   (f) generatedTestSourcesDirectory = /scratch/tbaral/ase26/nod-rr/NOD-Test-Repair/run_flakerake/projects/367/dubbo-cluster/target/generated-test-sources/test-annotations
[DEBUG]   (f) mojoExecution = org.apache.maven.plugins:maven-compiler-plugin:3.6.0:testCompile {execution: default-testCompile}
[DEBUG]   (f) optimize = false
[DEBUG]   (f) outputDirectory = /scratch/tbaral/ase26/nod-rr/NOD-Test-Repair/run_flakerake/projects/367/dubbo-cluster/target/test-classes
[DEBUG]   (f) project = MavenProject: org.apache.dubbo:dubbo-cluster:2.7.0-SNAPSHOT @ /scratch/tbaral/ase26/nod-rr/NOD-Test-Repair/run_flakerake/projects/367/dubbo-cluster/pom.xml
[DEBUG]   (f) session = org.apache.maven.execution.MavenSession@62d0ac62
[DEBUG]   (f) showDeprecation = false
[DEBUG]   (f) showWarnings = false
[DEBUG]   (f) skipMultiThreadWarning = false
[DEBUG]   (f) source = 1.8
[DEBUG]   (f) staleMillis = 0
[DEBUG]   (f) target = 1.8
[DEBUG]   (f) testPath = [/scratch/tbaral/ase26/nod-rr/NOD-Test-Repair/run_flakerake/projects/367/dubbo-cluster/target/test-classes, /scratch/tbaral/ase26/nod-rr/NOD-Test-Repair/run_flakerake/projects/367/dubbo-cluster/target/classes, /home/tbaral/.m2/repository/org/apache/dubbo/dubbo-rpc-api/2.7.0-SNAPSHOT/dubbo-rpc-api-2.7.0-SNAPSHOT.jar, /home/tbaral/.m2/repository/org/apache/dubbo/dubbo-common/2.7.0-SNAPSHOT/dubbo-common-2.7.0-SNAPSHOT.jar, /home/tbaral/.m2/repository/commons-logging/commons-logging/1.2/commons-logging-1.2.jar, /home/tbaral/.m2/repository/log4j/log4j/1.2.16/log4j-1.2.16.jar, /home/tbaral/.m2/repository/org/javassist/javassist/3.20.0-GA/javassist-3.20.0-GA.jar, /home/tbaral/.m2/repository/com/alibaba/hessian-lite/3.2.3/hessian-lite-3.2.3.jar, /home/tbaral/.m2/repository/com/alibaba/fastjson/1.2.46/fastjson-1.2.46.jar, /home/tbaral/.m2/repository/com/esotericsoftware/kryo/4.0.1/kryo-4.0.1.jar, /home/tbaral/.m2/repository/com/esotericsoftware/reflectasm/1.11.3/reflectasm-1.11.3.jar, /home/tbaral/.m2/repository/org/ow2/asm/asm/5.0.4/asm-5.0.4.jar, /home/tbaral/.m2/repository/com/esotericsoftware/minlog/1.3.0/minlog-1.3.0.jar, /home/tbaral/.m2/repository/de/javakaffee/kryo-serializers/0.42/kryo-serializers-0.42.jar, /home/tbaral/.m2/repository/de/ruedigermoeller/fst/2.48-jdk-6/fst-2.48-jdk-6.jar, /home/tbaral/.m2/repository/com/fasterxml/jackson/core/jackson-core/2.8.6/jackson-core-2.8.6.jar, /home/tbaral/.m2/repository/com/cedarsoftware/java-util/1.9.0/java-util-1.9.0.jar, /home/tbaral/.m2/repository/com/cedarsoftware/json-io/2.5.1/json-io-2.5.1.jar, /home/tbaral/.m2/repository/org/apache/dubbo/dubbo-serialization-api/2.7.0-SNAPSHOT/dubbo-serialization-api-2.7.0-SNAPSHOT.jar, /home/tbaral/.m2/repository/org/apache/dubbo/dubbo-remoting-api/2.7.0-SNAPSHOT/dubbo-remoting-api-2.7.0-SNAPSHOT.jar, /home/tbaral/.m2/repository/junit/junit/4.12/junit-4.12.jar, /home/tbaral/.m2/repository/org/hamcrest/hamcrest-core/1.3/hamcrest-core-1.3.jar, /home/tbaral/.m2/repository/org/hamcrest/hamcrest-all/1.3/hamcrest-all-1.3.jar, /home/tbaral/.m2/repository/org/mockito/mockito-core/2.18.3/mockito-core-2.18.3.jar, /home/tbaral/.m2/repository/net/bytebuddy/byte-buddy/1.8.5/byte-buddy-1.8.5.jar, /home/tbaral/.m2/repository/net/bytebuddy/byte-buddy-agent/1.8.5/byte-buddy-agent-1.8.5.jar, /home/tbaral/.m2/repository/org/objenesis/objenesis/2.6/objenesis-2.6.jar, /home/tbaral/.m2/repository/cglib/cglib-nodep/2.2/cglib-nodep-2.2.jar]
[DEBUG]   (f) useIncrementalCompilation = true
[DEBUG]   (f) verbose = false
[DEBUG] -- end configuration --
[DEBUG] Using compiler 'javac'.
[DEBUG] Adding /scratch/tbaral/ase26/nod-rr/NOD-Test-Repair/run_flakerake/projects/367/dubbo-cluster/target/generated-test-sources/test-annotations to test-compile source roots:
  /scratch/tbaral/ase26/nod-rr/NOD-Test-Repair/run_flakerake/projects/367/dubbo-cluster/src/test/java
[DEBUG] New test-compile source roots:
  /scratch/tbaral/ase26/nod-rr/NOD-Test-Repair/run_flakerake/projects/367/dubbo-cluster/src/test/java
  /scratch/tbaral/ase26/nod-rr/NOD-Test-Repair/run_flakerake/projects/367/dubbo-cluster/target/generated-test-sources/test-annotations
[DEBUG] CompilerReuseStrategy: reuseCreated
[DEBUG] useIncrementalCompilation enabled
[INFO] Nothing to compile - all classes are up to date
[INFO] 
[INFO] --- maven-surefire-plugin:2.19.1:test (default-test) @ dubbo-cluster ---
[DEBUG] Dependency collection stats: {ConflictMarker.analyzeTime=65153, ConflictMarker.markTime=49483, ConflictMarker.nodeCount=114, ConflictIdSorter.graphTime=50134, ConflictIdSorter.topsortTime=23094, ConflictIdSorter.conflictIdCount=34, ConflictIdSorter.conflictIdCycleCount=0, ConflictResolver.totalTime=227359, ConflictResolver.conflictItemCount=80, DefaultDependencyCollector.collectTime=72178555, DefaultDependencyCollector.transformTime=450629}
[DEBUG] org.apache.maven.plugins:maven-surefire-plugin:jar:2.19.1
[DEBUG]    org.apache.maven:maven-plugin-api:jar:2.2.1:compile
[DEBUG]    org.apache.maven.surefire:maven-surefire-common:jar:2.19.1:compile
[DEBUG]       org.apache.maven.surefire:surefire-booter:jar:2.19.1:compile (version managed from default)
[DEBUG]       org.apache.maven:maven-artifact:jar:2.2.1:compile (version managed from default)
[DEBUG]          org.codehaus.plexus:plexus-utils:jar:1.5.15:compile
[DEBUG]       org.apache.maven:maven-plugin-descriptor:jar:2.2.1:compile (version managed from default)
[DEBUG]          org.codehaus.plexus:plexus-container-default:jar:1.0-alpha-9-stable-1:compile
[DEBUG]             junit:junit:jar:4.12:compile (version managed from default)
[DEBUG]                org.hamcrest:hamcrest-core:jar:1.3:compile
[DEBUG]       org.apache.maven:maven-project:jar:2.2.1:compile (version managed from default)
[DEBUG]          org.apache.maven:maven-settings:jar:2.2.1:compile
[DEBUG]          org.apache.maven:maven-profile:jar:2.2.1:compile
[DEBUG]          org.apache.maven:maven-artifact-manager:jar:2.2.1:compile
[DEBUG]             backport-util-concurrent:backport-util-concurrent:jar:3.1:compile
[DEBUG]          org.apache.maven:maven-plugin-registry:jar:2.2.1:compile
[DEBUG]          org.codehaus.plexus:plexus-interpolation:jar:1.11:compile
[DEBUG]       org.apache.maven:maven-model:jar:2.2.1:compile (version managed from default)
[DEBUG]       org.apache.maven:maven-core:jar:2.2.1:compile (version managed from default) (exclusions managed from default)
[DEBUG]          org.apache.maven:maven-plugin-parameter-documenter:jar:2.2.1:compile
[DEBUG]          org.slf4j:slf4j-jdk14:jar:1.5.6:runtime
[DEBUG]             org.slf4j:slf4j-api:jar:1.5.6:runtime
[DEBUG]          org.slf4j:jcl-over-slf4j:jar:1.5.6:runtime
[DEBUG]          org.apache.maven.reporting:maven-reporting-api:jar:3.0:compile (version managed from default)
[DEBUG]          org.apache.maven:maven-repository-metadata:jar:2.2.1:compile
[DEBUG]          org.apache.maven:maven-error-diagnostics:jar:2.2.1:compile
[DEBUG]          org.apache.maven:maven-monitor:jar:2.2.1:compile
[DEBUG]          classworlds:classworlds:jar:1.1:compile
[DEBUG]          org.sonatype.plexus:plexus-sec-dispatcher:jar:1.3:compile
[DEBUG]             org.sonatype.plexus:plexus-cipher:jar:1.4:compile
[DEBUG]       org.apache.commons:commons-lang3:jar:3.1:compile (version managed from default)
[DEBUG]    org.apache.maven.surefire:surefire-api:jar:2.19.1:compile
[DEBUG]    org.apache.maven:maven-toolchain:jar:2.2.1:compile
[DEBUG]    org.apache.maven.plugin-tools:maven-plugin-annotations:jar:3.3:compile
[DEBUG] Created new class realm plugin>org.apache.maven.plugins:maven-surefire-plugin:2.19.1
[DEBUG] Importing foreign packages into class realm plugin>org.apache.maven.plugins:maven-surefire-plugin:2.19.1
[DEBUG]   Imported:  < maven.api
[DEBUG] Populating class realm plugin>org.apache.maven.plugins:maven-surefire-plugin:2.19.1
[DEBUG]   Included: org.apache.maven.plugins:maven-surefire-plugin:jar:2.19.1
[DEBUG]   Included: org.apache.maven.surefire:maven-surefire-common:jar:2.19.1
[DEBUG]   Included: org.apache.maven.surefire:surefire-booter:jar:2.19.1
[DEBUG]   Included: org.codehaus.plexus:plexus-utils:jar:1.5.15
[DEBUG]   Included: junit:junit:jar:4.12
[DEBUG]   Included: org.hamcrest:hamcrest-core:jar:1.3
[DEBUG]   Included: backport-util-concurrent:backport-util-concurrent:jar:3.1
[DEBUG]   Included: org.codehaus.plexus:plexus-interpolation:jar:1.11
[DEBUG]   Included: org.slf4j:slf4j-jdk14:jar:1.5.6
[DEBUG]   Included: org.slf4j:jcl-over-slf4j:jar:1.5.6
[DEBUG]   Included: org.apache.maven.reporting:maven-reporting-api:jar:3.0
[DEBUG]   Included: org.sonatype.plexus:plexus-sec-dispatcher:jar:1.3
[DEBUG]   Included: org.sonatype.plexus:plexus-cipher:jar:1.4
[DEBUG]   Included: org.apache.commons:commons-lang3:jar:3.1
[DEBUG]   Included: org.apache.maven.surefire:surefire-api:jar:2.19.1
[DEBUG]   Included: org.apache.maven.plugin-tools:maven-plugin-annotations:jar:3.3
[DEBUG] Configuring mojo org.apache.maven.plugins:maven-surefire-plugin:2.19.1:test from plugin realm ClassRealm[plugin>org.apache.maven.plugins:maven-surefire-plugin:2.19.1, parent: sun.misc.Launcher$AppClassLoader@5c647e05]
[DEBUG] Configuring mojo 'org.apache.maven.plugins:maven-surefire-plugin:2.19.1:test' with basic configurator -->
[DEBUG]   (s) additionalClasspathElements = []
[DEBUG]   (s) argLine = -server -Xms256m -Xmx512m -XX:MetaspaceSize=64m -XX:MaxMetaspaceSize=128m -Dfile.encoding=UTF-8
                    -Djava.net.preferIPv4Stack=true -javaagent:/home/tbaral/.m2/repository/org/jacoco/org.jacoco.agent/0.8.2/org.jacoco.agent-0.8.2-runtime.jar=destfile=/scratch/tbaral/ase26/nod-rr/NOD-Test-Repair/run_flakerake/projects/367/dubbo-cluster/target/jacoco.exec
[DEBUG]   (s) basedir = /scratch/tbaral/ase26/nod-rr/NOD-Test-Repair/run_flakerake/projects/367/dubbo-cluster
[DEBUG]   (s) childDelegation = false
[DEBUG]   (s) classesDirectory = /scratch/tbaral/ase26/nod-rr/NOD-Test-Repair/run_flakerake/projects/367/dubbo-cluster/target/classes
[DEBUG]   (s) classpathDependencyExcludes = []
[DEBUG]   (s) dependenciesToScan = []
[DEBUG]   (s) disableXmlReport = false
[DEBUG]   (s) enableAssertions = true
[DEBUG]   (s) failIfNoTests = false
[DEBUG]   (f) forkCount = 1
[DEBUG]   (s) forkMode = once
[DEBUG]   (s) junitArtifactName = junit:junit
[DEBUG]   (s) localRepository =       id: local
      url: file:///home/tbaral/.m2/repository/
   layout: default
snapshots: [enabled => true, update => always]
 releases: [enabled => true, update => always]

[DEBUG]   (f) parallelMavenExecution = false
[DEBUG]   (s) parallelOptimized = true
[DEBUG]   (s) perCoreThreadCount = true
[DEBUG]   (s) pluginArtifactMap = {org.apache.maven.plugins:maven-surefire-plugin=org.apache.maven.plugins:maven-surefire-plugin:maven-plugin:2.19.1:, org.apache.maven:maven-plugin-api=org.apache.maven:maven-plugin-api:jar:2.2.1:compile, org.apache.maven.surefire:maven-surefire-common=org.apache.maven.surefire:maven-surefire-common:jar:2.19.1:compile, org.apache.maven.surefire:surefire-booter=org.apache.maven.surefire:surefire-booter:jar:2.19.1:compile, org.apache.maven:maven-artifact=org.apache.maven:maven-artifact:jar:2.2.1:compile, org.codehaus.plexus:plexus-utils=org.codehaus.plexus:plexus-utils:jar:1.5.15:compile, org.apache.maven:maven-plugin-descriptor=org.apache.maven:maven-plugin-descriptor:jar:2.2.1:compile, org.codehaus.plexus:plexus-container-default=org.codehaus.plexus:plexus-container-default:jar:1.0-alpha-9-stable-1:compile, junit:junit=junit:junit:jar:4.12:compile, org.hamcrest:hamcrest-core=org.hamcrest:hamcrest-core:jar:1.3:compile, org.apache.maven:maven-project=org.apache.maven:maven-project:jar:2.2.1:compile, org.apache.maven:maven-settings=org.apache.maven:maven-settings:jar:2.2.1:compile, org.apache.maven:maven-profile=org.apache.maven:maven-profile:jar:2.2.1:compile, org.apache.maven:maven-artifact-manager=org.apache.maven:maven-artifact-manager:jar:2.2.1:compile, backport-util-concurrent:backport-util-concurrent=backport-util-concurrent:backport-util-concurrent:jar:3.1:compile, org.apache.maven:maven-plugin-registry=org.apache.maven:maven-plugin-registry:jar:2.2.1:compile, org.codehaus.plexus:plexus-interpolation=org.codehaus.plexus:plexus-interpolation:jar:1.11:compile, org.apache.maven:maven-model=org.apache.maven:maven-model:jar:2.2.1:compile, org.apache.maven:maven-core=org.apache.maven:maven-core:jar:2.2.1:compile, org.apache.maven:maven-plugin-parameter-documenter=org.apache.maven:maven-plugin-parameter-documenter:jar:2.2.1:compile, org.slf4j:slf4j-jdk14=org.slf4j:slf4j-jdk14:jar:1.5.6:runtime, org.slf4j:slf4j-api=org.slf4j:slf4j-api:jar:1.5.6:runtime, org.slf4j:jcl-over-slf4j=org.slf4j:jcl-over-slf4j:jar:1.5.6:runtime, org.apache.maven.reporting:maven-reporting-api=org.apache.maven.reporting:maven-reporting-api:jar:3.0:compile, org.apache.maven:maven-repository-metadata=org.apache.maven:maven-repository-metadata:jar:2.2.1:compile, org.apache.maven:maven-error-diagnostics=org.apache.maven:maven-error-diagnostics:jar:2.2.1:compile, org.apache.maven:maven-monitor=org.apache.maven:maven-monitor:jar:2.2.1:compile, classworlds:classworlds=classworlds:classworlds:jar:1.1:compile, org.sonatype.plexus:plexus-sec-dispatcher=org.sonatype.plexus:plexus-sec-dispatcher:jar:1.3:compile, org.sonatype.plexus:plexus-cipher=org.sonatype.plexus:plexus-cipher:jar:1.4:compile, org.apache.commons:commons-lang3=org.apache.commons:commons-lang3:jar:3.1:compile, org.apache.maven.surefire:surefire-api=org.apache.maven.surefire:surefire-api:jar:2.19.1:compile, org.apache.maven:maven-toolchain=org.apache.maven:maven-toolchain:jar:2.2.1:compile, org.apache.maven.plugin-tools:maven-plugin-annotations=org.apache.maven.plugin-tools:maven-plugin-annotations:jar:3.3:compile}
[DEBUG]   (f) pluginDescriptor = Component Descriptor: role: 'org.apache.maven.plugin.Mojo', implementation: 'org.apache.maven.plugin.surefire.HelpMojo', role hint: 'org.apache.maven.plugins:maven-surefire-plugin:2.19.1:help'
role: 'org.apache.maven.plugin.Mojo', implementation: 'org.apache.maven.plugin.surefire.SurefirePlugin', role hint: 'org.apache.maven.plugins:maven-surefire-plugin:2.19.1:test'
---
[DEBUG]   (s) printSummary = true
[DEBUG]   (s) projectArtifactMap = {org.apache.dubbo:dubbo-rpc-api=org.apache.dubbo:dubbo-rpc-api:jar:2.7.0-SNAPSHOT:compile, org.apache.dubbo:dubbo-common=org.apache.dubbo:dubbo-common:jar:2.7.0-SNAPSHOT:compile, commons-logging:commons-logging=commons-logging:commons-logging:jar:1.2:compile, log4j:log4j=log4j:log4j:jar:1.2.16:compile, org.javassist:javassist=org.javassist:javassist:jar:3.20.0-GA:compile, com.alibaba:hessian-lite=com.alibaba:hessian-lite:jar:3.2.3:compile, com.alibaba:fastjson=com.alibaba:fastjson:jar:1.2.46:compile, com.esotericsoftware:kryo=com.esotericsoftware:kryo:jar:4.0.1:compile, com.esotericsoftware:reflectasm=com.esotericsoftware:reflectasm:jar:1.11.3:compile, org.ow2.asm:asm=org.ow2.asm:asm:jar:5.0.4:compile, com.esotericsoftware:minlog=com.esotericsoftware:minlog:jar:1.3.0:compile, de.javakaffee:kryo-serializers=de.javakaffee:kryo-serializers:jar:0.42:compile, de.ruedigermoeller:fst=de.ruedigermoeller:fst:jar:2.48-jdk-6:compile, com.fasterxml.jackson.core:jackson-core=com.fasterxml.jackson.core:jackson-core:jar:2.8.6:compile, com.cedarsoftware:java-util=com.cedarsoftware:java-util:jar:1.9.0:compile, com.cedarsoftware:json-io=com.cedarsoftware:json-io:jar:2.5.1:compile, org.apache.dubbo:dubbo-serialization-api=org.apache.dubbo:dubbo-serialization-api:jar:2.7.0-SNAPSHOT:compile, org.apache.dubbo:dubbo-remoting-api=org.apache.dubbo:dubbo-remoting-api:jar:2.7.0-SNAPSHOT:compile, junit:junit=junit:junit:jar:4.12:test, org.hamcrest:hamcrest-core=org.hamcrest:hamcrest-core:jar:1.3:test, org.hamcrest:hamcrest-all=org.hamcrest:hamcrest-all:jar:1.3:test, org.mockito:mockito-core=org.mockito:mockito-core:jar:2.18.3:test, net.bytebuddy:byte-buddy=net.bytebuddy:byte-buddy:jar:1.8.5:test, net.bytebuddy:byte-buddy-agent=net.bytebuddy:byte-buddy-agent:jar:1.8.5:test, org.objenesis:objenesis=org.objenesis:objenesis:jar:2.6:compile, cglib:cglib-nodep=cglib:cglib-nodep:jar:2.2:test}
[DEBUG]   (s) redirectTestOutputToFile = false
[DEBUG]   (s) remoteRepositories = [      id: central
      url: https://repo.maven.apache.org/maven2
   layout: default
snapshots: [enabled => false, update => daily]
 releases: [enabled => true, update => never]
]
[DEBUG]   (s) reportFormat = brief
[DEBUG]   (s) reportsDirectory = /scratch/tbaral/ase26/nod-rr/NOD-Test-Repair/run_flakerake/projects/367/dubbo-cluster/target/surefire-reports
[DEBUG]   (f) rerunFailingTestsCount = 0
[DEBUG]   (f) reuseForks = true
[DEBUG]   (s) runOrder = filesystem
[DEBUG]   (f) shutdown = testset
[DEBUG]   (s) skip = false
[DEBUG]   (f) skipAfterFailureCount = 0
[DEBUG]   (s) skipTests = true
[DEBUG]   (s) suiteXmlFiles = []
[DEBUG]   (s) systemProperties = {base=, length=, port=, transporter=, server=, serialization=, runs=, iothreads=, concurrent=, threadpool=, onerror=, timeout=, threads=, connections=}
[DEBUG]   (s) test = org.apache.dubbo.rpc.cluster.support.AbstractClusterInvokerTest#testSelect_multiInvokers
[DEBUG]   (s) testClassesDirectory = /scratch/tbaral/ase26/nod-rr/NOD-Test-Repair/run_flakerake/projects/367/dubbo-cluster/target/test-classes
[DEBUG]   (s) testFailureIgnore = false
[DEBUG]   (s) testNGArtifactName = org.testng:testng
[DEBUG]   (s) testSourceDirectory = /scratch/tbaral/ase26/nod-rr/NOD-Test-Repair/run_flakerake/projects/367/dubbo-cluster/src/test/java
[DEBUG]   (s) threadCountClasses = 0
[DEBUG]   (s) threadCountMethods = 0
[DEBUG]   (s) threadCountSuites = 0
[DEBUG]   (s) trimStackTrace = true
[DEBUG]   (s) useFile = true
[DEBUG]   (s) useManifestOnlyJar = true
[DEBUG]   (s) useSystemClassLoader = true
[DEBUG]   (s) useUnlimitedThreads = false
[DEBUG]   (s) workingDirectory = /scratch/tbaral/ase26/nod-rr/NOD-Test-Repair/run_flakerake/projects/367/dubbo-cluster
[DEBUG]   (s) project = MavenProject: org.apache.dubbo:dubbo-cluster:2.7.0-SNAPSHOT @ /scratch/tbaral/ase26/nod-rr/NOD-Test-Repair/run_flakerake/projects/367/dubbo-cluster/pom.xml
[DEBUG]   (s) session = org.apache.maven.execution.MavenSession@62d0ac62
[DEBUG] -- end configuration --
[INFO] Tests are skipped.
[INFO] ------------------------------------------------------------------------
[INFO] BUILD SUCCESS
[INFO] ------------------------------------------------------------------------
[INFO] Total time:  8.517 s
[INFO] Finished at: 2025-06-25T16:40:23-04:00
[INFO] ------------------------------------------------------------------------

INFO:root:Found argLine:'-server -Xms256m -Xmx512m -XX:MetaspaceSize=64m -XX:MaxMetaspaceSize=128m -Dfile.encoding=UTF-8'
INFO:root:[INFO] Scanning for projects...
[INFO] 
[INFO] -------------------< org.apache.dubbo:dubbo-cluster >-------------------
[INFO] Building dubbo-cluster 2.7.0-SNAPSHOT
[INFO] --------------------------------[ jar ]---------------------------------
[INFO] 
[INFO] --- maven-dependency-plugin:2.10:build-classpath (default-cli) @ dubbo-cluster ---
[INFO] Wrote classpath file '/scratch/tbaral/ase26/nod-rr/NOD-Test-Repair/run_flakerake/projects/367/dubbo-cluster/sleepy-records/internal/clazz_path.txt'.
[INFO] ------------------------------------------------------------------------
[INFO] BUILD SUCCESS
[INFO] ------------------------------------------------------------------------
[INFO] Total time:  2.879 s
[INFO] Finished at: 2025-06-25T16:40:27-04:00
[INFO] ------------------------------------------------------------------------

INFO:root:Running test with no sleeping so using default sleep time.
INFO:root:Using timeout 60.0 minutes
INFO:root:Running command:
INFO:root:/scratch/tbaral/ase26/otog/setups/jdk1.8.0_102/bin/java -XX:+ExitOnOutOfMemoryError -Xbootclasspath/p:/home/tbaral/.m2/repository/edu/gmu/swe/flaky/sleepy/sleepy-interceptor/0.0.4-SNAPSHOT/sleepy-interceptor-0.0.4-SNAPSHOT.jar -javaagent:/home/tbaral/.m2/repository/edu/gmu/swe/flaky/sleepy/sleepy-interceptor/0.0.4-SNAPSHOT/sleepy-interceptor-0.0.4-SNAPSHOT.jar -server -Xms256m -Xmx512m -XX:MetaspaceSize=64m -XX:MaxMetaspaceSize=128m -Dfile.encoding=UTF-8  -cp '/home/tbaral/.m2/repository/org/apache/dubbo/dubbo-rpc-api/2.7.0-SNAPSHOT/dubbo-rpc-api-2.7.0-SNAPSHOT.jar:/home/tbaral/.m2/repository/org/apache/dubbo/dubbo-common/2.7.0-SNAPSHOT/dubbo-common-2.7.0-SNAPSHOT.jar:/home/tbaral/.m2/repository/commons-logging/commons-logging/1.2/commons-logging-1.2.jar:/home/tbaral/.m2/repository/log4j/log4j/1.2.16/log4j-1.2.16.jar:/home/tbaral/.m2/repository/org/javassist/javassist/3.20.0-GA/javassist-3.20.0-GA.jar:/home/tbaral/.m2/repository/com/alibaba/hessian-lite/3.2.3/hessian-lite-3.2.3.jar:/home/tbaral/.m2/repository/com/alibaba/fastjson/1.2.46/fastjson-1.2.46.jar:/home/tbaral/.m2/repository/com/esotericsoftware/kryo/4.0.1/kryo-4.0.1.jar:/home/tbaral/.m2/repository/com/esotericsoftware/reflectasm/1.11.3/reflectasm-1.11.3.jar:/home/tbaral/.m2/repository/org/ow2/asm/asm/5.0.4/asm-5.0.4.jar:/home/tbaral/.m2/repository/com/esotericsoftware/minlog/1.3.0/minlog-1.3.0.jar:/home/tbaral/.m2/repository/de/javakaffee/kryo-serializers/0.42/kryo-serializers-0.42.jar:/home/tbaral/.m2/repository/de/ruedigermoeller/fst/2.48-jdk-6/fst-2.48-jdk-6.jar:/home/tbaral/.m2/repository/com/fasterxml/jackson/core/jackson-core/2.8.6/jackson-core-2.8.6.jar:/home/tbaral/.m2/repository/com/cedarsoftware/java-util/1.9.0/java-util-1.9.0.jar:/home/tbaral/.m2/repository/com/cedarsoftware/json-io/2.5.1/json-io-2.5.1.jar:/home/tbaral/.m2/repository/org/apache/dubbo/dubbo-serialization-api/2.7.0-SNAPSHOT/dubbo-serialization-api-2.7.0-SNAPSHOT.jar:/home/tbaral/.m2/repository/org/apache/dubbo/dubbo-remoting-api/2.7.0-SNAPSHOT/dubbo-remoting-api-2.7.0-SNAPSHOT.jar:/home/tbaral/.m2/repository/junit/junit/4.12/junit-4.12.jar:/home/tbaral/.m2/repository/org/hamcrest/hamcrest-core/1.3/hamcrest-core-1.3.jar:/home/tbaral/.m2/repository/org/hamcrest/hamcrest-all/1.3/hamcrest-all-1.3.jar:/home/tbaral/.m2/repository/org/mockito/mockito-core/2.18.3/mockito-core-2.18.3.jar:/home/tbaral/.m2/repository/net/bytebuddy/byte-buddy/1.8.5/byte-buddy-1.8.5.jar:/home/tbaral/.m2/repository/net/bytebuddy/byte-buddy-agent/1.8.5/byte-buddy-agent-1.8.5.jar:/home/tbaral/.m2/repository/org/objenesis/objenesis/2.6/objenesis-2.6.jar:/home/tbaral/.m2/repository/cglib/cglib-nodep/2.2/cglib-nodep-2.2.jar:./target/classes:./target/test-classes:/home/tbaral/.m2/repository/edu/gmu/swe/flaky/sleepy/sleepy-runner/0.0.4-SNAPSHOT/sleepy-runner-0.0.4-SNAPSHOT.jar' 'edu.gmu.swe.flaky.sleepy.runner.SleepyTestRunner' org.apache.dubbo.rpc.cluster.support.AbstractClusterInvokerTest#testSelect_multiInvokers '0' 'info' 10000 
INFO:root:====BEGIN Java Log====
INFO:root:TALANK: args.length: 4
TALANK: args[0]: org.apache.dubbo.rpc.cluster.support.AbstractClusterInvokerTest#testSelect_multiInvokers
TALANK: args[1]: 0
TALANK: args[2]: info
TALANK: args[3]: 10000
********TALANK requesting to junitcore ******: org.junit.internal.requests.FilterRequest@6f496d9f
[25/06/25 04:40:28:028 EDT] main  INFO logger.LoggerFactory: using logger: org.apache.dubbo.common.logger.log4j.Log4jLoggerAdapter
TALANKINFO:FromJava:OK

INFO:root:====END Java Log====
INFO:root:Kill all Java processes
INFO:root:Running test with no sleeping so using default sleep time.
INFO:root:Using timeout 60.0 minutes
INFO:root:Running command:
INFO:root:/scratch/tbaral/ase26/otog/setups/jdk1.8.0_102/bin/java -XX:+ExitOnOutOfMemoryError -Xbootclasspath/p:/home/tbaral/.m2/repository/edu/gmu/swe/flaky/sleepy/sleepy-interceptor/0.0.4-SNAPSHOT/sleepy-interceptor-0.0.4-SNAPSHOT.jar -javaagent:/home/tbaral/.m2/repository/edu/gmu/swe/flaky/sleepy/sleepy-interceptor/0.0.4-SNAPSHOT/sleepy-interceptor-0.0.4-SNAPSHOT.jar -server -Xms256m -Xmx512m -XX:MetaspaceSize=64m -XX:MaxMetaspaceSize=128m -Dfile.encoding=UTF-8  -cp '/home/tbaral/.m2/repository/org/apache/dubbo/dubbo-rpc-api/2.7.0-SNAPSHOT/dubbo-rpc-api-2.7.0-SNAPSHOT.jar:/home/tbaral/.m2/repository/org/apache/dubbo/dubbo-common/2.7.0-SNAPSHOT/dubbo-common-2.7.0-SNAPSHOT.jar:/home/tbaral/.m2/repository/commons-logging/commons-logging/1.2/commons-logging-1.2.jar:/home/tbaral/.m2/repository/log4j/log4j/1.2.16/log4j-1.2.16.jar:/home/tbaral/.m2/repository/org/javassist/javassist/3.20.0-GA/javassist-3.20.0-GA.jar:/home/tbaral/.m2/repository/com/alibaba/hessian-lite/3.2.3/hessian-lite-3.2.3.jar:/home/tbaral/.m2/repository/com/alibaba/fastjson/1.2.46/fastjson-1.2.46.jar:/home/tbaral/.m2/repository/com/esotericsoftware/kryo/4.0.1/kryo-4.0.1.jar:/home/tbaral/.m2/repository/com/esotericsoftware/reflectasm/1.11.3/reflectasm-1.11.3.jar:/home/tbaral/.m2/repository/org/ow2/asm/asm/5.0.4/asm-5.0.4.jar:/home/tbaral/.m2/repository/com/esotericsoftware/minlog/1.3.0/minlog-1.3.0.jar:/home/tbaral/.m2/repository/de/javakaffee/kryo-serializers/0.42/kryo-serializers-0.42.jar:/home/tbaral/.m2/repository/de/ruedigermoeller/fst/2.48-jdk-6/fst-2.48-jdk-6.jar:/home/tbaral/.m2/repository/com/fasterxml/jackson/core/jackson-core/2.8.6/jackson-core-2.8.6.jar:/home/tbaral/.m2/repository/com/cedarsoftware/java-util/1.9.0/java-util-1.9.0.jar:/home/tbaral/.m2/repository/com/cedarsoftware/json-io/2.5.1/json-io-2.5.1.jar:/home/tbaral/.m2/repository/org/apache/dubbo/dubbo-serialization-api/2.7.0-SNAPSHOT/dubbo-serialization-api-2.7.0-SNAPSHOT.jar:/home/tbaral/.m2/repository/org/apache/dubbo/dubbo-remoting-api/2.7.0-SNAPSHOT/dubbo-remoting-api-2.7.0-SNAPSHOT.jar:/home/tbaral/.m2/repository/junit/junit/4.12/junit-4.12.jar:/home/tbaral/.m2/repository/org/hamcrest/hamcrest-core/1.3/hamcrest-core-1.3.jar:/home/tbaral/.m2/repository/org/hamcrest/hamcrest-all/1.3/hamcrest-all-1.3.jar:/home/tbaral/.m2/repository/org/mockito/mockito-core/2.18.3/mockito-core-2.18.3.jar:/home/tbaral/.m2/repository/net/bytebuddy/byte-buddy/1.8.5/byte-buddy-1.8.5.jar:/home/tbaral/.m2/repository/net/bytebuddy/byte-buddy-agent/1.8.5/byte-buddy-agent-1.8.5.jar:/home/tbaral/.m2/repository/org/objenesis/objenesis/2.6/objenesis-2.6.jar:/home/tbaral/.m2/repository/cglib/cglib-nodep/2.2/cglib-nodep-2.2.jar:./target/classes:./target/test-classes:/home/tbaral/.m2/repository/edu/gmu/swe/flaky/sleepy/sleepy-runner/0.0.4-SNAPSHOT/sleepy-runner-0.0.4-SNAPSHOT.jar' 'edu.gmu.swe.flaky.sleepy.runner.SleepyTestRunner' org.apache.dubbo.rpc.cluster.support.AbstractClusterInvokerTest#testSelect_multiInvokers '0' 'info' 10000 
INFO:root:====BEGIN Java Log====
INFO:root:TALANK: args.length: 4
TALANK: args[0]: org.apache.dubbo.rpc.cluster.support.AbstractClusterInvokerTest#testSelect_multiInvokers
TALANK: args[1]: 0
TALANK: args[2]: info
TALANK: args[3]: 10000
********TALANK requesting to junitcore ******: org.junit.internal.requests.FilterRequest@6f496d9f
[25/06/25 04:42:34:034 EDT] main  INFO logger.LoggerFactory: using logger: org.apache.dubbo.common.logger.log4j.Log4jLoggerAdapter
TALANKINFO:FromJava:OK

INFO:root:====END Java Log====
INFO:root:Kill all Java processes
INFO:root:Running test with no sleeping so using default sleep time.
INFO:root:Using timeout 60.0 minutes
INFO:root:Running command:
INFO:root:/scratch/tbaral/ase26/otog/setups/jdk1.8.0_102/bin/java -XX:+ExitOnOutOfMemoryError -Xbootclasspath/p:/home/tbaral/.m2/repository/edu/gmu/swe/flaky/sleepy/sleepy-interceptor/0.0.4-SNAPSHOT/sleepy-interceptor-0.0.4-SNAPSHOT.jar -javaagent:/home/tbaral/.m2/repository/edu/gmu/swe/flaky/sleepy/sleepy-interceptor/0.0.4-SNAPSHOT/sleepy-interceptor-0.0.4-SNAPSHOT.jar -server -Xms256m -Xmx512m -XX:MetaspaceSize=64m -XX:MaxMetaspaceSize=128m -Dfile.encoding=UTF-8  -cp '/home/tbaral/.m2/repository/org/apache/dubbo/dubbo-rpc-api/2.7.0-SNAPSHOT/dubbo-rpc-api-2.7.0-SNAPSHOT.jar:/home/tbaral/.m2/repository/org/apache/dubbo/dubbo-common/2.7.0-SNAPSHOT/dubbo-common-2.7.0-SNAPSHOT.jar:/home/tbaral/.m2/repository/commons-logging/commons-logging/1.2/commons-logging-1.2.jar:/home/tbaral/.m2/repository/log4j/log4j/1.2.16/log4j-1.2.16.jar:/home/tbaral/.m2/repository/org/javassist/javassist/3.20.0-GA/javassist-3.20.0-GA.jar:/home/tbaral/.m2/repository/com/alibaba/hessian-lite/3.2.3/hessian-lite-3.2.3.jar:/home/tbaral/.m2/repository/com/alibaba/fastjson/1.2.46/fastjson-1.2.46.jar:/home/tbaral/.m2/repository/com/esotericsoftware/kryo/4.0.1/kryo-4.0.1.jar:/home/tbaral/.m2/repository/com/esotericsoftware/reflectasm/1.11.3/reflectasm-1.11.3.jar:/home/tbaral/.m2/repository/org/ow2/asm/asm/5.0.4/asm-5.0.4.jar:/home/tbaral/.m2/repository/com/esotericsoftware/minlog/1.3.0/minlog-1.3.0.jar:/home/tbaral/.m2/repository/de/javakaffee/kryo-serializers/0.42/kryo-serializers-0.42.jar:/home/tbaral/.m2/repository/de/ruedigermoeller/fst/2.48-jdk-6/fst-2.48-jdk-6.jar:/home/tbaral/.m2/repository/com/fasterxml/jackson/core/jackson-core/2.8.6/jackson-core-2.8.6.jar:/home/tbaral/.m2/repository/com/cedarsoftware/java-util/1.9.0/java-util-1.9.0.jar:/home/tbaral/.m2/repository/com/cedarsoftware/json-io/2.5.1/json-io-2.5.1.jar:/home/tbaral/.m2/repository/org/apache/dubbo/dubbo-serialization-api/2.7.0-SNAPSHOT/dubbo-serialization-api-2.7.0-SNAPSHOT.jar:/home/tbaral/.m2/repository/org/apache/dubbo/dubbo-remoting-api/2.7.0-SNAPSHOT/dubbo-remoting-api-2.7.0-SNAPSHOT.jar:/home/tbaral/.m2/repository/junit/junit/4.12/junit-4.12.jar:/home/tbaral/.m2/repository/org/hamcrest/hamcrest-core/1.3/hamcrest-core-1.3.jar:/home/tbaral/.m2/repository/org/hamcrest/hamcrest-all/1.3/hamcrest-all-1.3.jar:/home/tbaral/.m2/repository/org/mockito/mockito-core/2.18.3/mockito-core-2.18.3.jar:/home/tbaral/.m2/repository/net/bytebuddy/byte-buddy/1.8.5/byte-buddy-1.8.5.jar:/home/tbaral/.m2/repository/net/bytebuddy/byte-buddy-agent/1.8.5/byte-buddy-agent-1.8.5.jar:/home/tbaral/.m2/repository/org/objenesis/objenesis/2.6/objenesis-2.6.jar:/home/tbaral/.m2/repository/cglib/cglib-nodep/2.2/cglib-nodep-2.2.jar:./target/classes:./target/test-classes:/home/tbaral/.m2/repository/edu/gmu/swe/flaky/sleepy/sleepy-runner/0.0.4-SNAPSHOT/sleepy-runner-0.0.4-SNAPSHOT.jar' 'edu.gmu.swe.flaky.sleepy.runner.SleepyTestRunner' org.apache.dubbo.rpc.cluster.support.AbstractClusterInvokerTest#testSelect_multiInvokers '0' 'info' 10000 
INFO:root:====BEGIN Java Log====
INFO:root:TALANK: args.length: 4
TALANK: args[0]: org.apache.dubbo.rpc.cluster.support.AbstractClusterInvokerTest#testSelect_multiInvokers
TALANK: args[1]: 0
TALANK: args[2]: info
TALANK: args[3]: 10000
********TALANK requesting to junitcore ******: org.junit.internal.requests.FilterRequest@6f496d9f
[25/06/25 04:44:24:024 EDT] main  INFO logger.LoggerFactory: using logger: org.apache.dubbo.common.logger.log4j.Log4jLoggerAdapter
TALANKINFO:FromJava:OK

INFO:root:====END Java Log====
INFO:root:Kill all Java processes
INFO:root:Running test with no sleeping so using default sleep time.
INFO:root:Using timeout 60.0 minutes
INFO:root:Running command:
INFO:root:/scratch/tbaral/ase26/otog/setups/jdk1.8.0_102/bin/java -XX:+ExitOnOutOfMemoryError -Xbootclasspath/p:/home/tbaral/.m2/repository/edu/gmu/swe/flaky/sleepy/sleepy-interceptor/0.0.4-SNAPSHOT/sleepy-interceptor-0.0.4-SNAPSHOT.jar -javaagent:/home/tbaral/.m2/repository/edu/gmu/swe/flaky/sleepy/sleepy-interceptor/0.0.4-SNAPSHOT/sleepy-interceptor-0.0.4-SNAPSHOT.jar -server -Xms256m -Xmx512m -XX:MetaspaceSize=64m -XX:MaxMetaspaceSize=128m -Dfile.encoding=UTF-8  -cp '/home/tbaral/.m2/repository/org/apache/dubbo/dubbo-rpc-api/2.7.0-SNAPSHOT/dubbo-rpc-api-2.7.0-SNAPSHOT.jar:/home/tbaral/.m2/repository/org/apache/dubbo/dubbo-common/2.7.0-SNAPSHOT/dubbo-common-2.7.0-SNAPSHOT.jar:/home/tbaral/.m2/repository/commons-logging/commons-logging/1.2/commons-logging-1.2.jar:/home/tbaral/.m2/repository/log4j/log4j/1.2.16/log4j-1.2.16.jar:/home/tbaral/.m2/repository/org/javassist/javassist/3.20.0-GA/javassist-3.20.0-GA.jar:/home/tbaral/.m2/repository/com/alibaba/hessian-lite/3.2.3/hessian-lite-3.2.3.jar:/home/tbaral/.m2/repository/com/alibaba/fastjson/1.2.46/fastjson-1.2.46.jar:/home/tbaral/.m2/repository/com/esotericsoftware/kryo/4.0.1/kryo-4.0.1.jar:/home/tbaral/.m2/repository/com/esotericsoftware/reflectasm/1.11.3/reflectasm-1.11.3.jar:/home/tbaral/.m2/repository/org/ow2/asm/asm/5.0.4/asm-5.0.4.jar:/home/tbaral/.m2/repository/com/esotericsoftware/minlog/1.3.0/minlog-1.3.0.jar:/home/tbaral/.m2/repository/de/javakaffee/kryo-serializers/0.42/kryo-serializers-0.42.jar:/home/tbaral/.m2/repository/de/ruedigermoeller/fst/2.48-jdk-6/fst-2.48-jdk-6.jar:/home/tbaral/.m2/repository/com/fasterxml/jackson/core/jackson-core/2.8.6/jackson-core-2.8.6.jar:/home/tbaral/.m2/repository/com/cedarsoftware/java-util/1.9.0/java-util-1.9.0.jar:/home/tbaral/.m2/repository/com/cedarsoftware/json-io/2.5.1/json-io-2.5.1.jar:/home/tbaral/.m2/repository/org/apache/dubbo/dubbo-serialization-api/2.7.0-SNAPSHOT/dubbo-serialization-api-2.7.0-SNAPSHOT.jar:/home/tbaral/.m2/repository/org/apache/dubbo/dubbo-remoting-api/2.7.0-SNAPSHOT/dubbo-remoting-api-2.7.0-SNAPSHOT.jar:/home/tbaral/.m2/repository/junit/junit/4.12/junit-4.12.jar:/home/tbaral/.m2/repository/org/hamcrest/hamcrest-core/1.3/hamcrest-core-1.3.jar:/home/tbaral/.m2/repository/org/hamcrest/hamcrest-all/1.3/hamcrest-all-1.3.jar:/home/tbaral/.m2/repository/org/mockito/mockito-core/2.18.3/mockito-core-2.18.3.jar:/home/tbaral/.m2/repository/net/bytebuddy/byte-buddy/1.8.5/byte-buddy-1.8.5.jar:/home/tbaral/.m2/repository/net/bytebuddy/byte-buddy-agent/1.8.5/byte-buddy-agent-1.8.5.jar:/home/tbaral/.m2/repository/org/objenesis/objenesis/2.6/objenesis-2.6.jar:/home/tbaral/.m2/repository/cglib/cglib-nodep/2.2/cglib-nodep-2.2.jar:./target/classes:./target/test-classes:/home/tbaral/.m2/repository/edu/gmu/swe/flaky/sleepy/sleepy-runner/0.0.4-SNAPSHOT/sleepy-runner-0.0.4-SNAPSHOT.jar' 'edu.gmu.swe.flaky.sleepy.runner.SleepyTestRunner' org.apache.dubbo.rpc.cluster.support.AbstractClusterInvokerTest#testSelect_multiInvokers '0' 'info' 10000 
INFO:root:====BEGIN Java Log====
INFO:root:TALANK: args.length: 4
TALANK: args[0]: org.apache.dubbo.rpc.cluster.support.AbstractClusterInvokerTest#testSelect_multiInvokers
TALANK: args[1]: 0
TALANK: args[2]: info
TALANK: args[3]: 10000
********TALANK requesting to junitcore ******: org.junit.internal.requests.FilterRequest@6f496d9f
[25/06/25 04:45:37:037 EDT] main  INFO logger.LoggerFactory: using logger: org.apache.dubbo.common.logger.log4j.Log4jLoggerAdapter
TALANKINFO:FromJava:OK

INFO:root:====END Java Log====
INFO:root:Kill all Java processes
INFO:root:Running test with no sleeping so using default sleep time.
INFO:root:Using timeout 60.0 minutes
INFO:root:Running command:
INFO:root:/scratch/tbaral/ase26/otog/setups/jdk1.8.0_102/bin/java -XX:+ExitOnOutOfMemoryError -Xbootclasspath/p:/home/tbaral/.m2/repository/edu/gmu/swe/flaky/sleepy/sleepy-interceptor/0.0.4-SNAPSHOT/sleepy-interceptor-0.0.4-SNAPSHOT.jar -javaagent:/home/tbaral/.m2/repository/edu/gmu/swe/flaky/sleepy/sleepy-interceptor/0.0.4-SNAPSHOT/sleepy-interceptor-0.0.4-SNAPSHOT.jar -server -Xms256m -Xmx512m -XX:MetaspaceSize=64m -XX:MaxMetaspaceSize=128m -Dfile.encoding=UTF-8  -cp '/home/tbaral/.m2/repository/org/apache/dubbo/dubbo-rpc-api/2.7.0-SNAPSHOT/dubbo-rpc-api-2.7.0-SNAPSHOT.jar:/home/tbaral/.m2/repository/org/apache/dubbo/dubbo-common/2.7.0-SNAPSHOT/dubbo-common-2.7.0-SNAPSHOT.jar:/home/tbaral/.m2/repository/commons-logging/commons-logging/1.2/commons-logging-1.2.jar:/home/tbaral/.m2/repository/log4j/log4j/1.2.16/log4j-1.2.16.jar:/home/tbaral/.m2/repository/org/javassist/javassist/3.20.0-GA/javassist-3.20.0-GA.jar:/home/tbaral/.m2/repository/com/alibaba/hessian-lite/3.2.3/hessian-lite-3.2.3.jar:/home/tbaral/.m2/repository/com/alibaba/fastjson/1.2.46/fastjson-1.2.46.jar:/home/tbaral/.m2/repository/com/esotericsoftware/kryo/4.0.1/kryo-4.0.1.jar:/home/tbaral/.m2/repository/com/esotericsoftware/reflectasm/1.11.3/reflectasm-1.11.3.jar:/home/tbaral/.m2/repository/org/ow2/asm/asm/5.0.4/asm-5.0.4.jar:/home/tbaral/.m2/repository/com/esotericsoftware/minlog/1.3.0/minlog-1.3.0.jar:/home/tbaral/.m2/repository/de/javakaffee/kryo-serializers/0.42/kryo-serializers-0.42.jar:/home/tbaral/.m2/repository/de/ruedigermoeller/fst/2.48-jdk-6/fst-2.48-jdk-6.jar:/home/tbaral/.m2/repository/com/fasterxml/jackson/core/jackson-core/2.8.6/jackson-core-2.8.6.jar:/home/tbaral/.m2/repository/com/cedarsoftware/java-util/1.9.0/java-util-1.9.0.jar:/home/tbaral/.m2/repository/com/cedarsoftware/json-io/2.5.1/json-io-2.5.1.jar:/home/tbaral/.m2/repository/org/apache/dubbo/dubbo-serialization-api/2.7.0-SNAPSHOT/dubbo-serialization-api-2.7.0-SNAPSHOT.jar:/home/tbaral/.m2/repository/org/apache/dubbo/dubbo-remoting-api/2.7.0-SNAPSHOT/dubbo-remoting-api-2.7.0-SNAPSHOT.jar:/home/tbaral/.m2/repository/junit/junit/4.12/junit-4.12.jar:/home/tbaral/.m2/repository/org/hamcrest/hamcrest-core/1.3/hamcrest-core-1.3.jar:/home/tbaral/.m2/repository/org/hamcrest/hamcrest-all/1.3/hamcrest-all-1.3.jar:/home/tbaral/.m2/repository/org/mockito/mockito-core/2.18.3/mockito-core-2.18.3.jar:/home/tbaral/.m2/repository/net/bytebuddy/byte-buddy/1.8.5/byte-buddy-1.8.5.jar:/home/tbaral/.m2/repository/net/bytebuddy/byte-buddy-agent/1.8.5/byte-buddy-agent-1.8.5.jar:/home/tbaral/.m2/repository/org/objenesis/objenesis/2.6/objenesis-2.6.jar:/home/tbaral/.m2/repository/cglib/cglib-nodep/2.2/cglib-nodep-2.2.jar:./target/classes:./target/test-classes:/home/tbaral/.m2/repository/edu/gmu/swe/flaky/sleepy/sleepy-runner/0.0.4-SNAPSHOT/sleepy-runner-0.0.4-SNAPSHOT.jar' 'edu.gmu.swe.flaky.sleepy.runner.SleepyTestRunner' org.apache.dubbo.rpc.cluster.support.AbstractClusterInvokerTest#testSelect_multiInvokers '0' 'info' 10000 
INFO:root:====BEGIN Java Log====
INFO:root:TALANK: args.length: 4
TALANK: args[0]: org.apache.dubbo.rpc.cluster.support.AbstractClusterInvokerTest#testSelect_multiInvokers
TALANK: args[1]: 0
TALANK: args[2]: info
TALANK: args[3]: 10000
********TALANK requesting to junitcore ******: org.junit.internal.requests.FilterRequest@6f496d9f
[25/06/25 04:47:10:010 EDT] main  INFO logger.LoggerFactory: using logger: org.apache.dubbo.common.logger.log4j.Log4jLoggerAdapter
TALANKINFO:FromJava:OK

INFO:root:====END Java Log====
INFO:root:Kill all Java processes
INFO:root:Found Thread <main>
INFO:root:Starting analysis on thread named <main> that is 1 out of 1
INFO:root:Initial list
INFO:root:['org/mockito/internal/configuration/plugins/PluginInitializer:loadImpl:31\n', 'org/mockito/internal/configuration/plugins/PluginInitializer:loadImpl:32\n', 'net/bytebuddy/TypeCache:findOrInsert:158\n', 'net/bytebuddy/TypeCache:findOrInsert:137\n', 'org/mockito/internal/creation/bytebuddy/TypeCachingBytecodeGenerator$1:call:0\n', 'org/mockito/internal/creation/bytebuddy/SubclassBytecodeGenerator:mockClass:109\n', 'org/mockito/internal/creation/bytebuddy/SubclassBytecodeGenerator:mockClass:110\n', 'net/bytebuddy/dynamic/loading/ClassInjector$UsingReflection:inject:162\n', 'net/bytebuddy/dynamic/loading/ClassInjector$UsingReflection:inject:191\n', 'net/bytebuddy/TypeCache:findOrInsert:138\n', 'net/bytebuddy/TypeCache:insert:101\n', 'net/bytebuddy/TypeCache:insert:102\n', 'net/bytebuddy/TypeCache:insert:106\n', 'net/bytebuddy/TypeCache:insert:107\n', 'net/bytebuddy/TypeCache:findOrInsert:159\n', 'org/objenesis/ObjenesisBase:getInstantiatorOf:92\n', 'org/objenesis/ObjenesisBase:getInstantiatorOf:93\n', 'org/objenesis/ObjenesisBase:getInstantiatorOf:95\n', 'org/objenesis/ObjenesisBase:getInstantiatorOf:96\n', 'org/mockito/internal/progress/SequenceNumber:next:0\n', 'org/mockito/internal/progress/SequenceNumber:next:12\n', 'org/mockito/internal/verification/DefaultRegisteredInvocations:add:25\n', 'org/mockito/internal/verification/DefaultRegisteredInvocations:add:27\n', 'org/mockito/internal/stubbing/InvocationContainerImpl:findAnswerFor:83\n', 'org/mockito/internal/stubbing/InvocationContainerImpl:findAnswerFor:91\n', 'org/mockito/internal/verification/DefaultRegisteredInvocations:isEmpty:55\n', 'org/mockito/internal/verification/DefaultRegisteredInvocations:isEmpty:56\n', 'org/mockito/internal/verification/DefaultRegisteredInvocations:removeLast:32\n', 'org/mockito/internal/verification/DefaultRegisteredInvocations:removeLast:36\n', 'org/mockito/internal/stubbing/InvocationContainerImpl:addAnswer:68\n', 'org/mockito/internal/stubbing/InvocationContainerImpl:addAnswer:74\n', 'org/apache/log4j/helpers/Loader:getTCL:166\n', 'org/apache/log4j/helpers/Loader:getTCL:167\n', 'org/apache/log4j/xml/DOMConfigurator:parseRoot:491\n', 'org/apache/log4j/Category:removeAllAppenders:0\n', 'org/apache/log4j/Category:removeAllAppenders:897\n', 'org/apache/log4j/WriterAppender:setWriter:0\n', 'org/apache/log4j/WriterAppender:setWriter:298\n', 'org/apache/log4j/Category:addAppender:0\n', 'org/apache/log4j/Category:addAppender:166\n', 'org/apache/log4j/xml/DOMConfigurator:parseRoot:493\n', 'org/apache/log4j/Category:getAllAppenders:0\n', 'org/apache/log4j/Category:getAllAppenders:415\n', 'org/apache/log4j/Hierarchy:getLogger:272\n', 'org/apache/log4j/Hierarchy:getLogger:279\n', 'org/apache/log4j/spi/LoggingEvent:<clinit>:57\n', 'org/apache/log4j/spi/LoggingEvent:<clinit>:58\n', 'org/apache/log4j/spi/LoggingEvent:<init>:167\n', 'org/apache/log4j/spi/LoggingEvent:<init>:168\n', 'org/apache/log4j/Category:callAppenders:204\n', 'org/apache/log4j/Category:callAppenders:211\n', 'org/apache/log4j/AppenderSkeleton:doAppend:0\n', 'org/apache/log4j/spi/LoggingEvent:getThreadName:387\n', 'org/apache/log4j/spi/LoggingEvent:getThreadName:388\n', 'org/apache/log4j/AppenderSkeleton:doAppend:252\n', 'org/apache/dubbo/common/logger/LoggerFactory:getLogger:108\n', 'org/apache/dubbo/common/logger/LoggerFactory:getLogger:109\n', 'org/apache/dubbo/common/extension/ExtensionLoader:getExtensionLoader:119\n', 'org/apache/dubbo/common/extension/ExtensionLoader:getExtensionLoader:120\n', 'org/apache/dubbo/common/extension/ExtensionLoader:getAdaptiveExtension:452\n', 'org/apache/dubbo/common/extension/ExtensionLoader:getExtensionClasses:564\n', 'org/apache/dubbo/common/extension/ExtensionLoader:getExtensionClasses:570\n', 'org/apache/dubbo/common/extension/ExtensionLoader:getExtension:313\n', 'org/apache/dubbo/common/extension/ExtensionLoader:getExtension:314\n', 'org/apache/dubbo/common/extension/ExtensionLoader:getExtension:318\n', 'org/apache/dubbo/common/extension/ExtensionLoader:createExtension:506\n', 'org/apache/dubbo/common/extension/ExtensionLoader:createExtension:507\n', 'org/apache/dubbo/common/extension/ExtensionLoader:getExtension:324\n', 'org/apache/dubbo/common/extension/ExtensionLoader:getAdaptiveExtension:463\n', 'org/mockito/internal/stubbing/InvocationContainerImpl:findAnswerFor:88\n', 'org/mockito/internal/stubbing/StubbedInvocationMatcher:answer:33\n', 'org/mockito/internal/stubbing/StubbedInvocationMatcher:answer:35\n', 'org/apache/dubbo/common/utils/AtomicPositiveInteger:<clinit>:26\n', 'org/apache/dubbo/common/utils/AtomicPositiveInteger:<clinit>:27\n', 'org/apache/dubbo/rpc/cluster/loadbalance/RoundRobinLoadBalance:doSelect:59\n', 'org/apache/dubbo/rpc/cluster/loadbalance/RoundRobinLoadBalance:doSelect:60\n', 'org/apache/dubbo/common/utils/AtomicPositiveInteger:getAndIncrement:39\n', 'org/apache/dubbo/common/utils/AtomicPositiveInteger:getAndIncrement:40\n', 'org/mockito/internal/verification/DefaultRegisteredInvocations:clear:49\n', 'org/mockito/internal/verification/DefaultRegisteredInvocations:clear:51\n', 'org/apache/dubbo/rpc/RpcStatus:getStatus:90\n', 'org/apache/dubbo/rpc/RpcStatus:getStatus:91\n', 'org/apache/dubbo/rpc/RpcStatus:getStatus:95\n', 'org/apache/dubbo/rpc/RpcStatus:getStatus:96\n', 'org/apache/dubbo/rpc/RpcStatus:getActive:180\n', 'org/apache/dubbo/rpc/RpcStatus:getActive:181\n', 'org/apache/dubbo/rpc/cluster/loadbalance/LeastActiveLoadBalance:doSelect:83\n', 'org/apache/dubbo/rpc/cluster/loadbalance/LeastActiveLoadBalance:doSelect:84\n', 'org/apache/dubbo/rpc/cluster/loadbalance/RandomLoadBalance:doSelect:59\n', 'org/apache/dubbo/rpc/cluster/loadbalance/RandomLoadBalance:doSelect:60\n']
INFO:root:Using timeout 227.0 minutes
INFO:root:Running command:
INFO:root:/scratch/tbaral/ase26/otog/setups/jdk1.8.0_102/bin/java -XX:+ExitOnOutOfMemoryError -Xbootclasspath/p:/home/tbaral/.m2/repository/edu/gmu/swe/flaky/sleepy/sleepy-interceptor/0.0.4-SNAPSHOT/sleepy-interceptor-0.0.4-SNAPSHOT.jar -javaagent:/home/tbaral/.m2/repository/edu/gmu/swe/flaky/sleepy/sleepy-interceptor/0.0.4-SNAPSHOT/sleepy-interceptor-0.0.4-SNAPSHOT.jar -server -Xms256m -Xmx512m -XX:MetaspaceSize=64m -XX:MaxMetaspaceSize=128m -Dfile.encoding=UTF-8  -cp '/home/tbaral/.m2/repository/org/apache/dubbo/dubbo-rpc-api/2.7.0-SNAPSHOT/dubbo-rpc-api-2.7.0-SNAPSHOT.jar:/home/tbaral/.m2/repository/org/apache/dubbo/dubbo-common/2.7.0-SNAPSHOT/dubbo-common-2.7.0-SNAPSHOT.jar:/home/tbaral/.m2/repository/commons-logging/commons-logging/1.2/commons-logging-1.2.jar:/home/tbaral/.m2/repository/log4j/log4j/1.2.16/log4j-1.2.16.jar:/home/tbaral/.m2/repository/org/javassist/javassist/3.20.0-GA/javassist-3.20.0-GA.jar:/home/tbaral/.m2/repository/com/alibaba/hessian-lite/3.2.3/hessian-lite-3.2.3.jar:/home/tbaral/.m2/repository/com/alibaba/fastjson/1.2.46/fastjson-1.2.46.jar:/home/tbaral/.m2/repository/com/esotericsoftware/kryo/4.0.1/kryo-4.0.1.jar:/home/tbaral/.m2/repository/com/esotericsoftware/reflectasm/1.11.3/reflectasm-1.11.3.jar:/home/tbaral/.m2/repository/org/ow2/asm/asm/5.0.4/asm-5.0.4.jar:/home/tbaral/.m2/repository/com/esotericsoftware/minlog/1.3.0/minlog-1.3.0.jar:/home/tbaral/.m2/repository/de/javakaffee/kryo-serializers/0.42/kryo-serializers-0.42.jar:/home/tbaral/.m2/repository/de/ruedigermoeller/fst/2.48-jdk-6/fst-2.48-jdk-6.jar:/home/tbaral/.m2/repository/com/fasterxml/jackson/core/jackson-core/2.8.6/jackson-core-2.8.6.jar:/home/tbaral/.m2/repository/com/cedarsoftware/java-util/1.9.0/java-util-1.9.0.jar:/home/tbaral/.m2/repository/com/cedarsoftware/json-io/2.5.1/json-io-2.5.1.jar:/home/tbaral/.m2/repository/org/apache/dubbo/dubbo-serialization-api/2.7.0-SNAPSHOT/dubbo-serialization-api-2.7.0-SNAPSHOT.jar:/home/tbaral/.m2/repository/org/apache/dubbo/dubbo-remoting-api/2.7.0-SNAPSHOT/dubbo-remoting-api-2.7.0-SNAPSHOT.jar:/home/tbaral/.m2/repository/junit/junit/4.12/junit-4.12.jar:/home/tbaral/.m2/repository/org/hamcrest/hamcrest-core/1.3/hamcrest-core-1.3.jar:/home/tbaral/.m2/repository/org/hamcrest/hamcrest-all/1.3/hamcrest-all-1.3.jar:/home/tbaral/.m2/repository/org/mockito/mockito-core/2.18.3/mockito-core-2.18.3.jar:/home/tbaral/.m2/repository/net/bytebuddy/byte-buddy/1.8.5/byte-buddy-1.8.5.jar:/home/tbaral/.m2/repository/net/bytebuddy/byte-buddy-agent/1.8.5/byte-buddy-agent-1.8.5.jar:/home/tbaral/.m2/repository/org/objenesis/objenesis/2.6/objenesis-2.6.jar:/home/tbaral/.m2/repository/cglib/cglib-nodep/2.2/cglib-nodep-2.2.jar:./target/classes:./target/test-classes:/home/tbaral/.m2/repository/edu/gmu/swe/flaky/sleepy/sleepy-runner/0.0.4-SNAPSHOT/sleepy-runner-0.0.4-SNAPSHOT.jar' 'edu.gmu.swe.flaky.sleepy.runner.SleepyTestRunner' org.apache.dubbo.rpc.cluster.support.AbstractClusterInvokerTest#testSelect_multiInvokers '<main>' 'info' 10000 ./sleepy-records/internal/node-org.apache.dubbo.rpc.cluster.support.AbstractClusterInvokerTest#testSelect_multiInvokers-0.sleepList
INFO:root:====BEGIN Java Log====
INFO:root:TALANK: args.length: 5
TALANK: args[0]: org.apache.dubbo.rpc.cluster.support.AbstractClusterInvokerTest#testSelect_multiInvokers
TALANK: args[1]: <main>
TALANK: args[2]: info
TALANK: args[3]: 10000
TALANK: args[4]: ./sleepy-records/internal/node-org.apache.dubbo.rpc.cluster.support.AbstractClusterInvokerTest#testSelect_multiInvokers-0.sleepList
TALANK Adding line to sleep at: org/mockito/internal/configuration/plugins/PluginInitializer:loadImpl:31
TALANK Adding line to sleep at: org/mockito/internal/configuration/plugins/PluginInitializer:loadImpl:32
TALANK Adding line to sleep at: net/bytebuddy/TypeCache:findOrInsert:158
TALANK Adding line to sleep at: net/bytebuddy/TypeCache:findOrInsert:137
TALANK Adding line to sleep at: org/mockito/internal/creation/bytebuddy/TypeCachingBytecodeGenerator$1:call:0
TALANK Adding line to sleep at: org/mockito/internal/creation/bytebuddy/SubclassBytecodeGenerator:mockClass:109
TALANK Adding line to sleep at: org/mockito/internal/creation/bytebuddy/SubclassBytecodeGenerator:mockClass:110
TALANK Adding line to sleep at: net/bytebuddy/dynamic/loading/ClassInjector$UsingReflection:inject:162
TALANK Adding line to sleep at: net/bytebuddy/dynamic/loading/ClassInjector$UsingReflection:inject:191
TALANK Adding line to sleep at: net/bytebuddy/TypeCache:findOrInsert:138
TALANK Adding line to sleep at: net/bytebuddy/TypeCache:insert:101
TALANK Adding line to sleep at: net/bytebuddy/TypeCache:insert:102
TALANK Adding line to sleep at: net/bytebuddy/TypeCache:insert:106
TALANK Adding line to sleep at: net/bytebuddy/TypeCache:insert:107
TALANK Adding line to sleep at: net/bytebuddy/TypeCache:findOrInsert:159
TALANK Adding line to sleep at: org/objenesis/ObjenesisBase:getInstantiatorOf:92
TALANK Adding line to sleep at: org/objenesis/ObjenesisBase:getInstantiatorOf:93
TALANK Adding line to sleep at: org/objenesis/ObjenesisBase:getInstantiatorOf:95
TALANK Adding line to sleep at: org/objenesis/ObjenesisBase:getInstantiatorOf:96
TALANK Adding line to sleep at: org/mockito/internal/progress/SequenceNumber:next:0
TALANK Adding line to sleep at: org/mockito/internal/progress/SequenceNumber:next:12
TALANK Adding line to sleep at: org/mockito/internal/verification/DefaultRegisteredInvocations:add:25
TALANK Adding line to sleep at: org/mockito/internal/verification/DefaultRegisteredInvocations:add:27
TALANK Adding line to sleep at: org/mockito/internal/stubbing/InvocationContainerImpl:findAnswerFor:83
TALANK Adding line to sleep at: org/mockito/internal/stubbing/InvocationContainerImpl:findAnswerFor:91
TALANK Adding line to sleep at: org/mockito/internal/verification/DefaultRegisteredInvocations:isEmpty:55
TALANK Adding line to sleep at: org/mockito/internal/verification/DefaultRegisteredInvocations:isEmpty:56
TALANK Adding line to sleep at: org/mockito/internal/verification/DefaultRegisteredInvocations:removeLast:32
TALANK Adding line to sleep at: org/mockito/internal/verification/DefaultRegisteredInvocations:removeLast:36
TALANK Adding line to sleep at: org/mockito/internal/stubbing/InvocationContainerImpl:addAnswer:68
TALANK Adding line to sleep at: org/mockito/internal/stubbing/InvocationContainerImpl:addAnswer:74
TALANK Adding line to sleep at: org/apache/log4j/helpers/Loader:getTCL:166
TALANK Adding line to sleep at: org/apache/log4j/helpers/Loader:getTCL:167
TALANK Adding line to sleep at: org/apache/log4j/xml/DOMConfigurator:parseRoot:491
TALANK Adding line to sleep at: org/apache/log4j/Category:removeAllAppenders:0
TALANK Adding line to sleep at: org/apache/log4j/Category:removeAllAppenders:897
TALANK Adding line to sleep at: org/apache/log4j/WriterAppender:setWriter:0
TALANK Adding line to sleep at: org/apache/log4j/WriterAppender:setWriter:298
TALANK Adding line to sleep at: org/apache/log4j/Category:addAppender:0
TALANK Adding line to sleep at: org/apache/log4j/Category:addAppender:166
TALANK Adding line to sleep at: org/apache/log4j/xml/DOMConfigurator:parseRoot:493
TALANK Adding line to sleep at: org/apache/log4j/Category:getAllAppenders:0
TALANK Adding line to sleep at: org/apache/log4j/Category:getAllAppenders:415
TALANK Adding line to sleep at: org/apache/log4j/Hierarchy:getLogger:272
TALANK Adding line to sleep at: org/apache/log4j/Hierarchy:getLogger:279
TALANK Adding line to sleep at: org/apache/log4j/spi/LoggingEvent:<clinit>:57
TALANK Adding line to sleep at: org/apache/log4j/spi/LoggingEvent:<clinit>:58
TALANK Adding line to sleep at: org/apache/log4j/spi/LoggingEvent:<init>:167
TALANK Adding line to sleep at: org/apache/log4j/spi/LoggingEvent:<init>:168
TALANK Adding line to sleep at: org/apache/log4j/Category:callAppenders:204
TALANK Adding line to sleep at: org/apache/log4j/Category:callAppenders:211
TALANK Adding line to sleep at: org/apache/log4j/AppenderSkeleton:doAppend:0
TALANK Adding line to sleep at: org/apache/log4j/spi/LoggingEvent:getThreadName:387
TALANK Adding line to sleep at: org/apache/log4j/spi/LoggingEvent:getThreadName:388
TALANK Adding line to sleep at: org/apache/log4j/AppenderSkeleton:doAppend:252
TALANK Adding line to sleep at: org/apache/dubbo/common/logger/LoggerFactory:getLogger:108
TALANK Adding line to sleep at: org/apache/dubbo/common/logger/LoggerFactory:getLogger:109
TALANK Adding line to sleep at: org/apache/dubbo/common/extension/ExtensionLoader:getExtensionLoader:119
TALANK Adding line to sleep at: org/apache/dubbo/common/extension/ExtensionLoader:getExtensionLoader:120
TALANK Adding line to sleep at: org/apache/dubbo/common/extension/ExtensionLoader:getAdaptiveExtension:452
TALANK Adding line to sleep at: org/apache/dubbo/common/extension/ExtensionLoader:getExtensionClasses:564
TALANK Adding line to sleep at: org/apache/dubbo/common/extension/ExtensionLoader:getExtensionClasses:570
TALANK Adding line to sleep at: org/apache/dubbo/common/extension/ExtensionLoader:getExtension:313
TALANK Adding line to sleep at: org/apache/dubbo/common/extension/ExtensionLoader:getExtension:314
TALANK Adding line to sleep at: org/apache/dubbo/common/extension/ExtensionLoader:getExtension:318
TALANK Adding line to sleep at: org/apache/dubbo/common/extension/ExtensionLoader:createExtension:506
TALANK Adding line to sleep at: org/apache/dubbo/common/extension/ExtensionLoader:createExtension:507
TALANK Adding line to sleep at: org/apache/dubbo/common/extension/ExtensionLoader:getExtension:324
TALANK Adding line to sleep at: org/apache/dubbo/common/extension/ExtensionLoader:getAdaptiveExtension:463
TALANK Adding line to sleep at: org/mockito/internal/stubbing/InvocationContainerImpl:findAnswerFor:88
TALANK Adding line to sleep at: org/mockito/internal/stubbing/StubbedInvocationMatcher:answer:33
TALANK Adding line to sleep at: org/mockito/internal/stubbing/StubbedInvocationMatcher:answer:35
TALANK Adding line to sleep at: org/apache/dubbo/common/utils/AtomicPositiveInteger:<clinit>:26
TALANK Adding line to sleep at: org/apache/dubbo/common/utils/AtomicPositiveInteger:<clinit>:27
TALANK Adding line to sleep at: org/apache/dubbo/rpc/cluster/loadbalance/RoundRobinLoadBalance:doSelect:59
TALANK Adding line to sleep at: org/apache/dubbo/rpc/cluster/loadbalance/RoundRobinLoadBalance:doSelect:60
TALANK Adding line to sleep at: org/apache/dubbo/common/utils/AtomicPositiveInteger:getAndIncrement:39
TALANK Adding line to sleep at: org/apache/dubbo/common/utils/AtomicPositiveInteger:getAndIncrement:40
TALANK Adding line to sleep at: org/mockito/internal/verification/DefaultRegisteredInvocations:clear:49
TALANK Adding line to sleep at: org/mockito/internal/verification/DefaultRegisteredInvocations:clear:51
TALANK Adding line to sleep at: org/apache/dubbo/rpc/RpcStatus:getStatus:90
TALANK Adding line to sleep at: org/apache/dubbo/rpc/RpcStatus:getStatus:91
TALANK Adding line to sleep at: org/apache/dubbo/rpc/RpcStatus:getStatus:95
TALANK Adding line to sleep at: org/apache/dubbo/rpc/RpcStatus:getStatus:96
TALANK Adding line to sleep at: org/apache/dubbo/rpc/RpcStatus:getActive:180
TALANK Adding line to sleep at: org/apache/dubbo/rpc/RpcStatus:getActive:181
TALANK Adding line to sleep at: org/apache/dubbo/rpc/cluster/loadbalance/LeastActiveLoadBalance:doSelect:83
TALANK Adding line to sleep at: org/apache/dubbo/rpc/cluster/loadbalance/LeastActiveLoadBalance:doSelect:84
TALANK Adding line to sleep at: org/apache/dubbo/rpc/cluster/loadbalance/RandomLoadBalance:doSelect:59
TALANK Adding line to sleep at: org/apache/dubbo/rpc/cluster/loadbalance/RandomLoadBalance:doSelect:60
********TALANK requesting to junitcore ******: org.junit.internal.requests.FilterRequest@6f496d9f
[25/06/25 05:00:13:013 EDT] main  INFO logger.LoggerFactory: using logger: org.apache.dubbo.common.logger.log4j.Log4jLoggerAdapter
TALANKINFO:FromJava:OK

INFO:root:====END Java Log====
INFO:root:Kill all Java processes
INFO:root:Using timeout 227.0 minutes
INFO:root:Running command:
INFO:root:/scratch/tbaral/ase26/otog/setups/jdk1.8.0_102/bin/java -XX:+ExitOnOutOfMemoryError -Xbootclasspath/p:/home/tbaral/.m2/repository/edu/gmu/swe/flaky/sleepy/sleepy-interceptor/0.0.4-SNAPSHOT/sleepy-interceptor-0.0.4-SNAPSHOT.jar -javaagent:/home/tbaral/.m2/repository/edu/gmu/swe/flaky/sleepy/sleepy-interceptor/0.0.4-SNAPSHOT/sleepy-interceptor-0.0.4-SNAPSHOT.jar -server -Xms256m -Xmx512m -XX:MetaspaceSize=64m -XX:MaxMetaspaceSize=128m -Dfile.encoding=UTF-8  -cp '/home/tbaral/.m2/repository/org/apache/dubbo/dubbo-rpc-api/2.7.0-SNAPSHOT/dubbo-rpc-api-2.7.0-SNAPSHOT.jar:/home/tbaral/.m2/repository/org/apache/dubbo/dubbo-common/2.7.0-SNAPSHOT/dubbo-common-2.7.0-SNAPSHOT.jar:/home/tbaral/.m2/repository/commons-logging/commons-logging/1.2/commons-logging-1.2.jar:/home/tbaral/.m2/repository/log4j/log4j/1.2.16/log4j-1.2.16.jar:/home/tbaral/.m2/repository/org/javassist/javassist/3.20.0-GA/javassist-3.20.0-GA.jar:/home/tbaral/.m2/repository/com/alibaba/hessian-lite/3.2.3/hessian-lite-3.2.3.jar:/home/tbaral/.m2/repository/com/alibaba/fastjson/1.2.46/fastjson-1.2.46.jar:/home/tbaral/.m2/repository/com/esotericsoftware/kryo/4.0.1/kryo-4.0.1.jar:/home/tbaral/.m2/repository/com/esotericsoftware/reflectasm/1.11.3/reflectasm-1.11.3.jar:/home/tbaral/.m2/repository/org/ow2/asm/asm/5.0.4/asm-5.0.4.jar:/home/tbaral/.m2/repository/com/esotericsoftware/minlog/1.3.0/minlog-1.3.0.jar:/home/tbaral/.m2/repository/de/javakaffee/kryo-serializers/0.42/kryo-serializers-0.42.jar:/home/tbaral/.m2/repository/de/ruedigermoeller/fst/2.48-jdk-6/fst-2.48-jdk-6.jar:/home/tbaral/.m2/repository/com/fasterxml/jackson/core/jackson-core/2.8.6/jackson-core-2.8.6.jar:/home/tbaral/.m2/repository/com/cedarsoftware/java-util/1.9.0/java-util-1.9.0.jar:/home/tbaral/.m2/repository/com/cedarsoftware/json-io/2.5.1/json-io-2.5.1.jar:/home/tbaral/.m2/repository/org/apache/dubbo/dubbo-serialization-api/2.7.0-SNAPSHOT/dubbo-serialization-api-2.7.0-SNAPSHOT.jar:/home/tbaral/.m2/repository/org/apache/dubbo/dubbo-remoting-api/2.7.0-SNAPSHOT/dubbo-remoting-api-2.7.0-SNAPSHOT.jar:/home/tbaral/.m2/repository/junit/junit/4.12/junit-4.12.jar:/home/tbaral/.m2/repository/org/hamcrest/hamcrest-core/1.3/hamcrest-core-1.3.jar:/home/tbaral/.m2/repository/org/hamcrest/hamcrest-all/1.3/hamcrest-all-1.3.jar:/home/tbaral/.m2/repository/org/mockito/mockito-core/2.18.3/mockito-core-2.18.3.jar:/home/tbaral/.m2/repository/net/bytebuddy/byte-buddy/1.8.5/byte-buddy-1.8.5.jar:/home/tbaral/.m2/repository/net/bytebuddy/byte-buddy-agent/1.8.5/byte-buddy-agent-1.8.5.jar:/home/tbaral/.m2/repository/org/objenesis/objenesis/2.6/objenesis-2.6.jar:/home/tbaral/.m2/repository/cglib/cglib-nodep/2.2/cglib-nodep-2.2.jar:./target/classes:./target/test-classes:/home/tbaral/.m2/repository/edu/gmu/swe/flaky/sleepy/sleepy-runner/0.0.4-SNAPSHOT/sleepy-runner-0.0.4-SNAPSHOT.jar' 'edu.gmu.swe.flaky.sleepy.runner.SleepyTestRunner' org.apache.dubbo.rpc.cluster.support.AbstractClusterInvokerTest#testSelect_multiInvokers '<main>' 'info' 10000 ./sleepy-records/internal/node-org.apache.dubbo.rpc.cluster.support.AbstractClusterInvokerTest#testSelect_multiInvokers-0.sleepList
INFO:root:====BEGIN Java Log====
INFO:root:TALANK: args.length: 5
TALANK: args[0]: org.apache.dubbo.rpc.cluster.support.AbstractClusterInvokerTest#testSelect_multiInvokers
TALANK: args[1]: <main>
TALANK: args[2]: info
TALANK: args[3]: 10000
TALANK: args[4]: ./sleepy-records/internal/node-org.apache.dubbo.rpc.cluster.support.AbstractClusterInvokerTest#testSelect_multiInvokers-0.sleepList
TALANK Adding line to sleep at: org/mockito/internal/configuration/plugins/PluginInitializer:loadImpl:31
TALANK Adding line to sleep at: org/mockito/internal/configuration/plugins/PluginInitializer:loadImpl:32
TALANK Adding line to sleep at: net/bytebuddy/TypeCache:findOrInsert:158
TALANK Adding line to sleep at: net/bytebuddy/TypeCache:findOrInsert:137
TALANK Adding line to sleep at: org/mockito/internal/creation/bytebuddy/TypeCachingBytecodeGenerator$1:call:0
TALANK Adding line to sleep at: org/mockito/internal/creation/bytebuddy/SubclassBytecodeGenerator:mockClass:109
TALANK Adding line to sleep at: org/mockito/internal/creation/bytebuddy/SubclassBytecodeGenerator:mockClass:110
TALANK Adding line to sleep at: net/bytebuddy/dynamic/loading/ClassInjector$UsingReflection:inject:162
TALANK Adding line to sleep at: net/bytebuddy/dynamic/loading/ClassInjector$UsingReflection:inject:191
TALANK Adding line to sleep at: net/bytebuddy/TypeCache:findOrInsert:138
TALANK Adding line to sleep at: net/bytebuddy/TypeCache:insert:101
TALANK Adding line to sleep at: net/bytebuddy/TypeCache:insert:102
TALANK Adding line to sleep at: net/bytebuddy/TypeCache:insert:106
TALANK Adding line to sleep at: net/bytebuddy/TypeCache:insert:107
TALANK Adding line to sleep at: net/bytebuddy/TypeCache:findOrInsert:159
TALANK Adding line to sleep at: org/objenesis/ObjenesisBase:getInstantiatorOf:92
TALANK Adding line to sleep at: org/objenesis/ObjenesisBase:getInstantiatorOf:93
TALANK Adding line to sleep at: org/objenesis/ObjenesisBase:getInstantiatorOf:95
TALANK Adding line to sleep at: org/objenesis/ObjenesisBase:getInstantiatorOf:96
TALANK Adding line to sleep at: org/mockito/internal/progress/SequenceNumber:next:0
TALANK Adding line to sleep at: org/mockito/internal/progress/SequenceNumber:next:12
TALANK Adding line to sleep at: org/mockito/internal/verification/DefaultRegisteredInvocations:add:25
TALANK Adding line to sleep at: org/mockito/internal/verification/DefaultRegisteredInvocations:add:27
TALANK Adding line to sleep at: org/mockito/internal/stubbing/InvocationContainerImpl:findAnswerFor:83
TALANK Adding line to sleep at: org/mockito/internal/stubbing/InvocationContainerImpl:findAnswerFor:91
TALANK Adding line to sleep at: org/mockito/internal/verification/DefaultRegisteredInvocations:isEmpty:55
TALANK Adding line to sleep at: org/mockito/internal/verification/DefaultRegisteredInvocations:isEmpty:56
TALANK Adding line to sleep at: org/mockito/internal/verification/DefaultRegisteredInvocations:removeLast:32
TALANK Adding line to sleep at: org/mockito/internal/verification/DefaultRegisteredInvocations:removeLast:36
TALANK Adding line to sleep at: org/mockito/internal/stubbing/InvocationContainerImpl:addAnswer:68
TALANK Adding line to sleep at: org/mockito/internal/stubbing/InvocationContainerImpl:addAnswer:74
TALANK Adding line to sleep at: org/apache/log4j/helpers/Loader:getTCL:166
TALANK Adding line to sleep at: org/apache/log4j/helpers/Loader:getTCL:167
TALANK Adding line to sleep at: org/apache/log4j/xml/DOMConfigurator:parseRoot:491
TALANK Adding line to sleep at: org/apache/log4j/Category:removeAllAppenders:0
TALANK Adding line to sleep at: org/apache/log4j/Category:removeAllAppenders:897
TALANK Adding line to sleep at: org/apache/log4j/WriterAppender:setWriter:0
TALANK Adding line to sleep at: org/apache/log4j/WriterAppender:setWriter:298
TALANK Adding line to sleep at: org/apache/log4j/Category:addAppender:0
TALANK Adding line to sleep at: org/apache/log4j/Category:addAppender:166
TALANK Adding line to sleep at: org/apache/log4j/xml/DOMConfigurator:parseRoot:493
TALANK Adding line to sleep at: org/apache/log4j/Category:getAllAppenders:0
TALANK Adding line to sleep at: org/apache/log4j/Category:getAllAppenders:415
TALANK Adding line to sleep at: org/apache/log4j/Hierarchy:getLogger:272
TALANK Adding line to sleep at: org/apache/log4j/Hierarchy:getLogger:279
TALANK Adding line to sleep at: org/apache/log4j/spi/LoggingEvent:<clinit>:57
TALANK Adding line to sleep at: org/apache/log4j/spi/LoggingEvent:<clinit>:58
TALANK Adding line to sleep at: org/apache/log4j/spi/LoggingEvent:<init>:167
TALANK Adding line to sleep at: org/apache/log4j/spi/LoggingEvent:<init>:168
TALANK Adding line to sleep at: org/apache/log4j/Category:callAppenders:204
TALANK Adding line to sleep at: org/apache/log4j/Category:callAppenders:211
TALANK Adding line to sleep at: org/apache/log4j/AppenderSkeleton:doAppend:0
TALANK Adding line to sleep at: org/apache/log4j/spi/LoggingEvent:getThreadName:387
TALANK Adding line to sleep at: org/apache/log4j/spi/LoggingEvent:getThreadName:388
TALANK Adding line to sleep at: org/apache/log4j/AppenderSkeleton:doAppend:252
TALANK Adding line to sleep at: org/apache/dubbo/common/logger/LoggerFactory:getLogger:108
TALANK Adding line to sleep at: org/apache/dubbo/common/logger/LoggerFactory:getLogger:109
TALANK Adding line to sleep at: org/apache/dubbo/common/extension/ExtensionLoader:getExtensionLoader:119
TALANK Adding line to sleep at: org/apache/dubbo/common/extension/ExtensionLoader:getExtensionLoader:120
TALANK Adding line to sleep at: org/apache/dubbo/common/extension/ExtensionLoader:getAdaptiveExtension:452
TALANK Adding line to sleep at: org/apache/dubbo/common/extension/ExtensionLoader:getExtensionClasses:564
TALANK Adding line to sleep at: org/apache/dubbo/common/extension/ExtensionLoader:getExtensionClasses:570
TALANK Adding line to sleep at: org/apache/dubbo/common/extension/ExtensionLoader:getExtension:313
TALANK Adding line to sleep at: org/apache/dubbo/common/extension/ExtensionLoader:getExtension:314
TALANK Adding line to sleep at: org/apache/dubbo/common/extension/ExtensionLoader:getExtension:318
TALANK Adding line to sleep at: org/apache/dubbo/common/extension/ExtensionLoader:createExtension:506
TALANK Adding line to sleep at: org/apache/dubbo/common/extension/ExtensionLoader:createExtension:507
TALANK Adding line to sleep at: org/apache/dubbo/common/extension/ExtensionLoader:getExtension:324
TALANK Adding line to sleep at: org/apache/dubbo/common/extension/ExtensionLoader:getAdaptiveExtension:463
TALANK Adding line to sleep at: org/mockito/internal/stubbing/InvocationContainerImpl:findAnswerFor:88
TALANK Adding line to sleep at: org/mockito/internal/stubbing/StubbedInvocationMatcher:answer:33
TALANK Adding line to sleep at: org/mockito/internal/stubbing/StubbedInvocationMatcher:answer:35
TALANK Adding line to sleep at: org/apache/dubbo/common/utils/AtomicPositiveInteger:<clinit>:26
TALANK Adding line to sleep at: org/apache/dubbo/common/utils/AtomicPositiveInteger:<clinit>:27
TALANK Adding line to sleep at: org/apache/dubbo/rpc/cluster/loadbalance/RoundRobinLoadBalance:doSelect:59
TALANK Adding line to sleep at: org/apache/dubbo/rpc/cluster/loadbalance/RoundRobinLoadBalance:doSelect:60
TALANK Adding line to sleep at: org/apache/dubbo/common/utils/AtomicPositiveInteger:getAndIncrement:39
TALANK Adding line to sleep at: org/apache/dubbo/common/utils/AtomicPositiveInteger:getAndIncrement:40
TALANK Adding line to sleep at: org/mockito/internal/verification/DefaultRegisteredInvocations:clear:49
TALANK Adding line to sleep at: org/mockito/internal/verification/DefaultRegisteredInvocations:clear:51
TALANK Adding line to sleep at: org/apache/dubbo/rpc/RpcStatus:getStatus:90
TALANK Adding line to sleep at: org/apache/dubbo/rpc/RpcStatus:getStatus:91
TALANK Adding line to sleep at: org/apache/dubbo/rpc/RpcStatus:getStatus:95
TALANK Adding line to sleep at: org/apache/dubbo/rpc/RpcStatus:getStatus:96
TALANK Adding line to sleep at: org/apache/dubbo/rpc/RpcStatus:getActive:180
TALANK Adding line to sleep at: org/apache/dubbo/rpc/RpcStatus:getActive:181
TALANK Adding line to sleep at: org/apache/dubbo/rpc/cluster/loadbalance/LeastActiveLoadBalance:doSelect:83
TALANK Adding line to sleep at: org/apache/dubbo/rpc/cluster/loadbalance/LeastActiveLoadBalance:doSelect:84
TALANK Adding line to sleep at: org/apache/dubbo/rpc/cluster/loadbalance/RandomLoadBalance:doSelect:59
TALANK Adding line to sleep at: org/apache/dubbo/rpc/cluster/loadbalance/RandomLoadBalance:doSelect:60
********TALANK requesting to junitcore ******: org.junit.internal.requests.FilterRequest@6f496d9f
[25/06/25 08:37:24:024 EDT] main  INFO logger.LoggerFactory: using logger: org.apache.dubbo.common.logger.log4j.Log4jLoggerAdapter
TALANKINFO:FromJava:OK

INFO:root:====END Java Log====
INFO:root:Kill all Java processes
INFO:root:Using timeout 227.0 minutes
INFO:root:Running command:
INFO:root:/scratch/tbaral/ase26/otog/setups/jdk1.8.0_102/bin/java -XX:+ExitOnOutOfMemoryError -Xbootclasspath/p:/home/tbaral/.m2/repository/edu/gmu/swe/flaky/sleepy/sleepy-interceptor/0.0.4-SNAPSHOT/sleepy-interceptor-0.0.4-SNAPSHOT.jar -javaagent:/home/tbaral/.m2/repository/edu/gmu/swe/flaky/sleepy/sleepy-interceptor/0.0.4-SNAPSHOT/sleepy-interceptor-0.0.4-SNAPSHOT.jar -server -Xms256m -Xmx512m -XX:MetaspaceSize=64m -XX:MaxMetaspaceSize=128m -Dfile.encoding=UTF-8  -cp '/home/tbaral/.m2/repository/org/apache/dubbo/dubbo-rpc-api/2.7.0-SNAPSHOT/dubbo-rpc-api-2.7.0-SNAPSHOT.jar:/home/tbaral/.m2/repository/org/apache/dubbo/dubbo-common/2.7.0-SNAPSHOT/dubbo-common-2.7.0-SNAPSHOT.jar:/home/tbaral/.m2/repository/commons-logging/commons-logging/1.2/commons-logging-1.2.jar:/home/tbaral/.m2/repository/log4j/log4j/1.2.16/log4j-1.2.16.jar:/home/tbaral/.m2/repository/org/javassist/javassist/3.20.0-GA/javassist-3.20.0-GA.jar:/home/tbaral/.m2/repository/com/alibaba/hessian-lite/3.2.3/hessian-lite-3.2.3.jar:/home/tbaral/.m2/repository/com/alibaba/fastjson/1.2.46/fastjson-1.2.46.jar:/home/tbaral/.m2/repository/com/esotericsoftware/kryo/4.0.1/kryo-4.0.1.jar:/home/tbaral/.m2/repository/com/esotericsoftware/reflectasm/1.11.3/reflectasm-1.11.3.jar:/home/tbaral/.m2/repository/org/ow2/asm/asm/5.0.4/asm-5.0.4.jar:/home/tbaral/.m2/repository/com/esotericsoftware/minlog/1.3.0/minlog-1.3.0.jar:/home/tbaral/.m2/repository/de/javakaffee/kryo-serializers/0.42/kryo-serializers-0.42.jar:/home/tbaral/.m2/repository/de/ruedigermoeller/fst/2.48-jdk-6/fst-2.48-jdk-6.jar:/home/tbaral/.m2/repository/com/fasterxml/jackson/core/jackson-core/2.8.6/jackson-core-2.8.6.jar:/home/tbaral/.m2/repository/com/cedarsoftware/java-util/1.9.0/java-util-1.9.0.jar:/home/tbaral/.m2/repository/com/cedarsoftware/json-io/2.5.1/json-io-2.5.1.jar:/home/tbaral/.m2/repository/org/apache/dubbo/dubbo-serialization-api/2.7.0-SNAPSHOT/dubbo-serialization-api-2.7.0-SNAPSHOT.jar:/home/tbaral/.m2/repository/org/apache/dubbo/dubbo-remoting-api/2.7.0-SNAPSHOT/dubbo-remoting-api-2.7.0-SNAPSHOT.jar:/home/tbaral/.m2/repository/junit/junit/4.12/junit-4.12.jar:/home/tbaral/.m2/repository/org/hamcrest/hamcrest-core/1.3/hamcrest-core-1.3.jar:/home/tbaral/.m2/repository/org/hamcrest/hamcrest-all/1.3/hamcrest-all-1.3.jar:/home/tbaral/.m2/repository/org/mockito/mockito-core/2.18.3/mockito-core-2.18.3.jar:/home/tbaral/.m2/repository/net/bytebuddy/byte-buddy/1.8.5/byte-buddy-1.8.5.jar:/home/tbaral/.m2/repository/net/bytebuddy/byte-buddy-agent/1.8.5/byte-buddy-agent-1.8.5.jar:/home/tbaral/.m2/repository/org/objenesis/objenesis/2.6/objenesis-2.6.jar:/home/tbaral/.m2/repository/cglib/cglib-nodep/2.2/cglib-nodep-2.2.jar:./target/classes:./target/test-classes:/home/tbaral/.m2/repository/edu/gmu/swe/flaky/sleepy/sleepy-runner/0.0.4-SNAPSHOT/sleepy-runner-0.0.4-SNAPSHOT.jar' 'edu.gmu.swe.flaky.sleepy.runner.SleepyTestRunner' org.apache.dubbo.rpc.cluster.support.AbstractClusterInvokerTest#testSelect_multiInvokers '<main>' 'info' 10000 ./sleepy-records/internal/node-org.apache.dubbo.rpc.cluster.support.AbstractClusterInvokerTest#testSelect_multiInvokers-0.sleepList
INFO:root:====BEGIN Java Log====
INFO:root:TALANK: args.length: 5
TALANK: args[0]: org.apache.dubbo.rpc.cluster.support.AbstractClusterInvokerTest#testSelect_multiInvokers
TALANK: args[1]: <main>
TALANK: args[2]: info
TALANK: args[3]: 10000
TALANK: args[4]: ./sleepy-records/internal/node-org.apache.dubbo.rpc.cluster.support.AbstractClusterInvokerTest#testSelect_multiInvokers-0.sleepList
TALANK Adding line to sleep at: org/mockito/internal/configuration/plugins/PluginInitializer:loadImpl:31
TALANK Adding line to sleep at: org/mockito/internal/configuration/plugins/PluginInitializer:loadImpl:32
TALANK Adding line to sleep at: net/bytebuddy/TypeCache:findOrInsert:158
TALANK Adding line to sleep at: net/bytebuddy/TypeCache:findOrInsert:137
TALANK Adding line to sleep at: org/mockito/internal/creation/bytebuddy/TypeCachingBytecodeGenerator$1:call:0
TALANK Adding line to sleep at: org/mockito/internal/creation/bytebuddy/SubclassBytecodeGenerator:mockClass:109
TALANK Adding line to sleep at: org/mockito/internal/creation/bytebuddy/SubclassBytecodeGenerator:mockClass:110
TALANK Adding line to sleep at: net/bytebuddy/dynamic/loading/ClassInjector$UsingReflection:inject:162
TALANK Adding line to sleep at: net/bytebuddy/dynamic/loading/ClassInjector$UsingReflection:inject:191
TALANK Adding line to sleep at: net/bytebuddy/TypeCache:findOrInsert:138
TALANK Adding line to sleep at: net/bytebuddy/TypeCache:insert:101
TALANK Adding line to sleep at: net/bytebuddy/TypeCache:insert:102
TALANK Adding line to sleep at: net/bytebuddy/TypeCache:insert:106
TALANK Adding line to sleep at: net/bytebuddy/TypeCache:insert:107
TALANK Adding line to sleep at: net/bytebuddy/TypeCache:findOrInsert:159
TALANK Adding line to sleep at: org/objenesis/ObjenesisBase:getInstantiatorOf:92
TALANK Adding line to sleep at: org/objenesis/ObjenesisBase:getInstantiatorOf:93
TALANK Adding line to sleep at: org/objenesis/ObjenesisBase:getInstantiatorOf:95
TALANK Adding line to sleep at: org/objenesis/ObjenesisBase:getInstantiatorOf:96
TALANK Adding line to sleep at: org/mockito/internal/progress/SequenceNumber:next:0
TALANK Adding line to sleep at: org/mockito/internal/progress/SequenceNumber:next:12
TALANK Adding line to sleep at: org/mockito/internal/verification/DefaultRegisteredInvocations:add:25
TALANK Adding line to sleep at: org/mockito/internal/verification/DefaultRegisteredInvocations:add:27
TALANK Adding line to sleep at: org/mockito/internal/stubbing/InvocationContainerImpl:findAnswerFor:83
TALANK Adding line to sleep at: org/mockito/internal/stubbing/InvocationContainerImpl:findAnswerFor:91
TALANK Adding line to sleep at: org/mockito/internal/verification/DefaultRegisteredInvocations:isEmpty:55
TALANK Adding line to sleep at: org/mockito/internal/verification/DefaultRegisteredInvocations:isEmpty:56
TALANK Adding line to sleep at: org/mockito/internal/verification/DefaultRegisteredInvocations:removeLast:32
TALANK Adding line to sleep at: org/mockito/internal/verification/DefaultRegisteredInvocations:removeLast:36
TALANK Adding line to sleep at: org/mockito/internal/stubbing/InvocationContainerImpl:addAnswer:68
TALANK Adding line to sleep at: org/mockito/internal/stubbing/InvocationContainerImpl:addAnswer:74
TALANK Adding line to sleep at: org/apache/log4j/helpers/Loader:getTCL:166
TALANK Adding line to sleep at: org/apache/log4j/helpers/Loader:getTCL:167
TALANK Adding line to sleep at: org/apache/log4j/xml/DOMConfigurator:parseRoot:491
TALANK Adding line to sleep at: org/apache/log4j/Category:removeAllAppenders:0
TALANK Adding line to sleep at: org/apache/log4j/Category:removeAllAppenders:897
TALANK Adding line to sleep at: org/apache/log4j/WriterAppender:setWriter:0
TALANK Adding line to sleep at: org/apache/log4j/WriterAppender:setWriter:298
TALANK Adding line to sleep at: org/apache/log4j/Category:addAppender:0
TALANK Adding line to sleep at: org/apache/log4j/Category:addAppender:166
TALANK Adding line to sleep at: org/apache/log4j/xml/DOMConfigurator:parseRoot:493
TALANK Adding line to sleep at: org/apache/log4j/Category:getAllAppenders:0
TALANK Adding line to sleep at: org/apache/log4j/Category:getAllAppenders:415
TALANK Adding line to sleep at: org/apache/log4j/Hierarchy:getLogger:272
TALANK Adding line to sleep at: org/apache/log4j/Hierarchy:getLogger:279
TALANK Adding line to sleep at: org/apache/log4j/spi/LoggingEvent:<clinit>:57
TALANK Adding line to sleep at: org/apache/log4j/spi/LoggingEvent:<clinit>:58
TALANK Adding line to sleep at: org/apache/log4j/spi/LoggingEvent:<init>:167
TALANK Adding line to sleep at: org/apache/log4j/spi/LoggingEvent:<init>:168
TALANK Adding line to sleep at: org/apache/log4j/Category:callAppenders:204
TALANK Adding line to sleep at: org/apache/log4j/Category:callAppenders:211
TALANK Adding line to sleep at: org/apache/log4j/AppenderSkeleton:doAppend:0
TALANK Adding line to sleep at: org/apache/log4j/spi/LoggingEvent:getThreadName:387
TALANK Adding line to sleep at: org/apache/log4j/spi/LoggingEvent:getThreadName:388
TALANK Adding line to sleep at: org/apache/log4j/AppenderSkeleton:doAppend:252
TALANK Adding line to sleep at: org/apache/dubbo/common/logger/LoggerFactory:getLogger:108
TALANK Adding line to sleep at: org/apache/dubbo/common/logger/LoggerFactory:getLogger:109
TALANK Adding line to sleep at: org/apache/dubbo/common/extension/ExtensionLoader:getExtensionLoader:119
TALANK Adding line to sleep at: org/apache/dubbo/common/extension/ExtensionLoader:getExtensionLoader:120
TALANK Adding line to sleep at: org/apache/dubbo/common/extension/ExtensionLoader:getAdaptiveExtension:452
TALANK Adding line to sleep at: org/apache/dubbo/common/extension/ExtensionLoader:getExtensionClasses:564
TALANK Adding line to sleep at: org/apache/dubbo/common/extension/ExtensionLoader:getExtensionClasses:570
TALANK Adding line to sleep at: org/apache/dubbo/common/extension/ExtensionLoader:getExtension:313
TALANK Adding line to sleep at: org/apache/dubbo/common/extension/ExtensionLoader:getExtension:314
TALANK Adding line to sleep at: org/apache/dubbo/common/extension/ExtensionLoader:getExtension:318
TALANK Adding line to sleep at: org/apache/dubbo/common/extension/ExtensionLoader:createExtension:506
TALANK Adding line to sleep at: org/apache/dubbo/common/extension/ExtensionLoader:createExtension:507
TALANK Adding line to sleep at: org/apache/dubbo/common/extension/ExtensionLoader:getExtension:324
TALANK Adding line to sleep at: org/apache/dubbo/common/extension/ExtensionLoader:getAdaptiveExtension:463
TALANK Adding line to sleep at: org/mockito/internal/stubbing/InvocationContainerImpl:findAnswerFor:88
TALANK Adding line to sleep at: org/mockito/internal/stubbing/StubbedInvocationMatcher:answer:33
TALANK Adding line to sleep at: org/mockito/internal/stubbing/StubbedInvocationMatcher:answer:35
TALANK Adding line to sleep at: org/apache/dubbo/common/utils/AtomicPositiveInteger:<clinit>:26
TALANK Adding line to sleep at: org/apache/dubbo/common/utils/AtomicPositiveInteger:<clinit>:27
TALANK Adding line to sleep at: org/apache/dubbo/rpc/cluster/loadbalance/RoundRobinLoadBalance:doSelect:59
TALANK Adding line to sleep at: org/apache/dubbo/rpc/cluster/loadbalance/RoundRobinLoadBalance:doSelect:60
TALANK Adding line to sleep at: org/apache/dubbo/common/utils/AtomicPositiveInteger:getAndIncrement:39
TALANK Adding line to sleep at: org/apache/dubbo/common/utils/AtomicPositiveInteger:getAndIncrement:40
TALANK Adding line to sleep at: org/mockito/internal/verification/DefaultRegisteredInvocations:clear:49
TALANK Adding line to sleep at: org/mockito/internal/verification/DefaultRegisteredInvocations:clear:51
TALANK Adding line to sleep at: org/apache/dubbo/rpc/RpcStatus:getStatus:90
TALANK Adding line to sleep at: org/apache/dubbo/rpc/RpcStatus:getStatus:91
TALANK Adding line to sleep at: org/apache/dubbo/rpc/RpcStatus:getStatus:95
TALANK Adding line to sleep at: org/apache/dubbo/rpc/RpcStatus:getStatus:96
TALANK Adding line to sleep at: org/apache/dubbo/rpc/RpcStatus:getActive:180
TALANK Adding line to sleep at: org/apache/dubbo/rpc/RpcStatus:getActive:181
TALANK Adding line to sleep at: org/apache/dubbo/rpc/cluster/loadbalance/LeastActiveLoadBalance:doSelect:83
TALANK Adding line to sleep at: org/apache/dubbo/rpc/cluster/loadbalance/LeastActiveLoadBalance:doSelect:84
TALANK Adding line to sleep at: org/apache/dubbo/rpc/cluster/loadbalance/RandomLoadBalance:doSelect:59
TALANK Adding line to sleep at: org/apache/dubbo/rpc/cluster/loadbalance/RandomLoadBalance:doSelect:60
********TALANK requesting to junitcore ******: org.junit.internal.requests.FilterRequest@6f496d9f
[25/06/25 11:49:17:017 EDT] main  INFO logger.LoggerFactory: using logger: org.apache.dubbo.common.logger.log4j.Log4jLoggerAdapter
TALANKINFO:FromJava:OK

INFO:root:====END Java Log====
INFO:root:Kill all Java processes
INFO:root:Impossible to make stable failure so skipping <main>
INFO:root:Could not fail org.apache.dubbo.rpc.cluster.support.AbstractClusterInvokerTest#testSelect_multiInvokers sleeping thread <main>
INFO:root:After working thread <main>, with 841.0 minutes left to analyze org.apache.dubbo.rpc.cluster.support.AbstractClusterInvokerTest#testSelect_multiInvokers
INFO:root:[('NoFail', 'NoFail', '<main>', '598.0')]
INFO:root:FlakeRake in total took 611.0 minutes.
INFO:root:FlakeRakeEnd=1750920400.3622158
INFO:root:Ending Script
