"TestMethod","Thread","SleepyRunId","Cause","Interception","HitSleepCount","CumulativeSleepTimeMS"
"org.apache.uniffle.common.rpc.GrpcServerTest#testGrpcExecutorPool","<1410795158,2>","68","java/util/concurrent/CountDownLatch.countDown()V","org/apache/uniffle/common/rpc/GrpcServerTest:lambda$testGrpcExecutorPool$0:71","1","10000"
"org.apache.uniffle.common.rpc.GrpcServerTest#testGrpcExecutorPool","<main>","66","java/util/concurrent/ConcurrentMap.putIfAbsent(Ljava/lang/Object;Ljava/lang/Object;)Ljava/lang/Object;","io/prometheus/client/SimpleCollector:labels:77","4","18750"
"org.apache.uniffle.common.rpc.GrpcServerTest#testGrpcExecutorPool","<1410795158,1>","49","MONITOREXIT","org/apache/log4j/Category:callAppenders:211","1","10000"
"org.apache.uniffle.common.rpc.GrpcServerTest#testGrpcExecutorPool","<1410795158,1>","84","RUNNABLE_CALLABLE_START","java/util/concurrent/FutureTask:run:0","1","10000"
"org.apache.uniffle.common.rpc.GrpcServerTest#testGrpcExecutorPool","<1410795158,2>","71","SYNCHRONIZED_METHOD_EXIT","org/apache/log4j/AppenderSkeleton:doAppend:252","2","15000"
"org.apache.uniffle.common.rpc.GrpcServerTest#testGrpcExecutorPool","<1410795158,2>","35","SYNCHRONIZED_METHOD_EXIT","org/apache/log4j/AppenderSkeleton:doAppend:252","1","10000"
"org.apache.uniffle.common.rpc.GrpcServerTest#testGrpcExecutorPool","<main>","61","java/util/concurrent/Executors.defaultThreadFactory()Ljava/util/concurrent/ThreadFactory;","com/google/common/util/concurrent/ThreadFactoryBuilder:doBuild:162","1","10000"
"org.apache.uniffle.common.rpc.GrpcServerTest#testGrpcExecutorPool","<main>","11","java/lang/Thread.sleep(J)V","org/apache/uniffle/common/rpc/GrpcServerTest:testGrpcExecutorPool:76","1","10000"
"org.apache.uniffle.common.rpc.GrpcServerTest#testGrpcExecutorPool","<main>","54","java/util/concurrent/Executors.callable(Ljava/lang/Runnable;Ljava/lang/Object;)Ljava/util/concurrent/Callable;","java/util/concurrent/FutureTask:<init>:153","3","17500"
"org.apache.uniffle.common.rpc.GrpcServerTest#testGrpcExecutorPool","<main>","7","java/util/concurrent/atomic/AtomicLong.getAndIncrement()J","com/google/common/util/concurrent/ThreadFactoryBuilder$1:newThread:170","2","12500"
"org.apache.uniffle.common.rpc.GrpcServerTest#testGrpcExecutorPool","<main>","4","java/lang/Thread.setName(Ljava/lang/String;)V","com/google/common/util/concurrent/ThreadFactoryBuilder$1:newThread:169","1","5000"
"org.apache.uniffle.common.rpc.GrpcServerTest#testGrpcExecutorPool","<1410795158,1>","58","java/util/concurrent/FutureTask.set(Ljava/lang/Object;)V","java/util/concurrent/FutureTask:run:274","1","10000"
"org.apache.uniffle.common.rpc.GrpcServerTest#testGrpcExecutorPool","<1410795158,1>","48","MONITOREXIT","org/apache/log4j/Category:callAppenders:211","4","18750"
"org.apache.uniffle.common.rpc.GrpcServerTest#testGrpcExecutorPool","<1410795158,1>","5","SYNCHRONIZED_METHOD_ENTER","org/apache/log4j/AppenderSkeleton:doAppend:0","1","10000"
"org.apache.uniffle.common.rpc.GrpcServerTest#testGrpcExecutorPool","<main>","6","MONITOREXIT","io/prometheus/client/CollectorRegistry:register:61","1","10000"
"org.apache.uniffle.common.rpc.GrpcServerTest#testGrpcExecutorPool","<main>","68","MONITORENTER","org/jacoco/agent/rt/internal_1f1cc91/core/runtime/RuntimeData:getExecutionData:119","3","17500"
"org.apache.uniffle.common.rpc.GrpcServerTest#testGrpcExecutorPool","<main>","15","java/lang/Thread.sleep(J)V","org/apache/uniffle/common/rpc/GrpcServerTest:testGrpcExecutorPool:83","1","10000"
"org.apache.uniffle.common.rpc.GrpcServerTest#testGrpcExecutorPool","<main>","4","java/util/concurrent/ConcurrentMap.putIfAbsent(Ljava/lang/Object;Ljava/lang/Object;)Ljava/lang/Object;","io/prometheus/client/SimpleCollector:labels:77","4","18750"
"org.apache.uniffle.common.rpc.GrpcServerTest#testGrpcExecutorPool","<1410795158,2>","52","java/util/concurrent/FutureTask.set(Ljava/lang/Object;)V","java/util/concurrent/FutureTask:run:274","1","10000"
"org.apache.uniffle.common.rpc.GrpcServerTest#testGrpcExecutorPool","<main>","49","java/util/concurrent/Executors.callable(Ljava/lang/Runnable;Ljava/lang/Object;)Ljava/util/concurrent/Callable;","java/util/concurrent/FutureTask:<init>:152","1","10000"
"org.apache.uniffle.common.rpc.GrpcServerTest#testGrpcExecutorPool","<main>","1","java/lang/Thread.setDaemon(Z)V","com/google/common/util/concurrent/ThreadFactoryBuilder$1:newThread:172","2","15000"
"org.apache.uniffle.common.rpc.GrpcServerTest#testGrpcExecutorPool","<main>","2","MONITOREXIT","org/jacoco/agent/rt/internal_1f1cc91/core/runtime/RuntimeData:getExecutionData:120","2","15000"
"org.apache.uniffle.common.rpc.GrpcServerTest#testGrpcExecutorPool","<1410795158,2>","70","SYNCHRONIZED_METHOD_EXIT","org/apache/log4j/AppenderSkeleton:doAppend:252","1","10000"
"org.apache.uniffle.common.rpc.GrpcServerTest#testGrpcExecutorPool","<main>","32","java/lang/Thread.setName(Ljava/lang/String;)V","com/google/common/util/concurrent/ThreadFactoryBuilder$1:newThread:170","2","6250"
"org.apache.uniffle.common.rpc.GrpcServerTest#testGrpcExecutorPool","<1410795158,2>","78","MONITORENTER","org/apache/log4j/Category:callAppenders:204","1","10000"
"org.apache.uniffle.common.rpc.GrpcServerTest#testGrpcExecutorPool","<1410795158,2>","77","java/lang/Thread.sleep(J)V","org/apache/uniffle/common/rpc/GrpcServerTest:lambda$testGrpcExecutorPool$0:67","1","10000"
"org.apache.uniffle.common.rpc.GrpcServerTest#testGrpcExecutorPool","<main>","9","java/util/concurrent/Executors.callable(Ljava/lang/Runnable;Ljava/lang/Object;)Ljava/util/concurrent/Callable;","java/util/concurrent/FutureTask:<init>:153","2","15000"
"org.apache.uniffle.common.rpc.GrpcServerTest#testGrpcExecutorPool","<main>","3","MONITORENTER","org/jacoco/agent/rt/internal_1f1cc91/core/runtime/RuntimeData:getExecutionData:119","5","19375"
"org.apache.uniffle.common.rpc.GrpcServerTest#testGrpcExecutorPool","<main>","2","MONITORENTER","org/jacoco/agent/rt/internal_1f1cc91/core/runtime/RuntimeData:getExecutionData:119","14","19995"
"org.apache.uniffle.common.rpc.GrpcServerTest#testGrpcExecutorPool","<main>","5","MONITORENTER","io/prometheus/client/CollectorRegistry:register:51","7","19843"
"org.apache.uniffle.common.rpc.GrpcServerTest#testGrpcExecutorPool","<main>","65","java/util/concurrent/atomic/AtomicIntegerFieldUpdater.newUpdater(Ljava/lang/Class;Ljava/lang/String;)Ljava/util/concurrent/atomic/AtomicIntegerFieldUpdater;","io/prometheus/client/Striped64:<clinit>:281","1","5000"
"org.apache.uniffle.common.rpc.GrpcServerTest#testGrpcExecutorPool","<main>","10","java/lang/Thread.sleep(J)V","org/apache/uniffle/common/rpc/GrpcServerTest:testGrpcExecutorPool:76","1","10000"
"org.apache.uniffle.common.rpc.GrpcServerTest#testGrpcExecutorPool","<1410795158,1>","47","MONITORENTER","org/apache/log4j/Category:callAppenders:204","2","15000"
"org.apache.uniffle.common.rpc.GrpcServerTest#testGrpcExecutorPool","<1410795158,2>","21","java/util/concurrent/ThreadPoolExecutor.afterExecute(Ljava/lang/Runnable;Ljava/lang/Throwable;)V","org/apache/uniffle/common/rpc/GrpcServer$GrpcThreadPoolExecutor:afterExecute:153","1","10000"
"org.apache.uniffle.common.rpc.GrpcServerTest#testGrpcExecutorPool","<main>","1","java/util/concurrent/ConcurrentMap.putIfAbsent(Ljava/lang/Object;Ljava/lang/Object;)Ljava/lang/Object;","io/prometheus/client/SimpleCollector:labels:78","2","15000"
"org.apache.uniffle.common.rpc.GrpcServerTest#testGrpcExecutorPool","<main>","6","java/lang/Thread.setDaemon(Z)V","com/google/common/util/concurrent/ThreadFactoryBuilder$1:newThread:173","1","10000"
"org.apache.uniffle.common.rpc.GrpcServerTest#testGrpcExecutorPool","<main>","3","java/util/concurrent/atomic/AtomicLong.getAndIncrement()J","com/google/common/util/concurrent/ThreadFactoryBuilder$1:newThread:169","2","12500"
"org.apache.uniffle.common.rpc.GrpcServerTest#testGrpcExecutorPool","<main>","8","java/util/concurrent/Executors.callable(Ljava/lang/Runnable;Ljava/lang/Object;)Ljava/util/concurrent/Callable;","java/util/concurrent/FutureTask:<init>:152","1","10000"
"org.apache.uniffle.common.rpc.GrpcServerTest#testGrpcExecutorPool","<1410795158,2>","76","MONITORENTER","org/apache/log4j/Category:callAppenders:204","1","10000"
"org.apache.uniffle.common.rpc.GrpcServerTest#testGrpcExecutorPool","<main>","68","MONITOREXIT","org/jacoco/agent/rt/internal_1f1cc91/core/runtime/RuntimeData:getExecutionData:120","13","19994"
"org.apache.uniffle.common.rpc.GrpcServerTest#testGrpcExecutorPool","<main>","5","java/util/concurrent/atomic/AtomicLongFieldUpdater.newUpdater(Ljava/lang/Class;Ljava/lang/String;)Ljava/util/concurrent/atomic/AtomicLongFieldUpdater;","io/prometheus/client/Striped64:<clinit>:281","1","10000"
"org.apache.uniffle.common.rpc.GrpcServerTest#testGrpcExecutorPool","<main>","34","java/util/concurrent/atomic/AtomicLong.getAndIncrement()J","com/google/common/util/concurrent/ThreadFactoryBuilder$1:newThread:170","1","10000"
"org.apache.uniffle.common.rpc.GrpcServerTest#testGrpcExecutorPool","<1410795158,2>","22","java/util/concurrent/FutureTask.set(Ljava/lang/Object;)V","java/util/concurrent/FutureTask:run:275","1","10000"
"org.apache.uniffle.common.rpc.GrpcServerTest#testGrpcExecutorPool","<main>","4","java/util/concurrent/ConcurrentMap.putIfAbsent(Ljava/lang/Object;Ljava/lang/Object;)Ljava/lang/Object;","io/prometheus/client/SimpleCollector:labels:78","2","15000"
"org.apache.uniffle.common.rpc.GrpcServerTest#testGrpcExecutorPool","<main>","3","java/util/concurrent/ConcurrentMap.putIfAbsent(Ljava/lang/Object;Ljava/lang/Object;)Ljava/lang/Object;","io/prometheus/client/SimpleCollector:labels:78","1","10000"
"org.apache.uniffle.common.rpc.GrpcServerTest#testGrpcExecutorPool","<main>","3","MONITORENTER","org/jacoco/agent/rt/internal_1f1cc91/core/runtime/RuntimeData:getExecutionData:119","14","19995"
"org.apache.uniffle.common.rpc.GrpcServerTest#testGrpcExecutorPool","<main>","3","MONITORENTER","io/prometheus/client/CollectorRegistry:register:51","2","15000"
"org.apache.uniffle.common.rpc.GrpcServerTest#testGrpcExecutorPool","<main>","50","java/util/concurrent/Executors.callable(Ljava/lang/Runnable;Ljava/lang/Object;)Ljava/util/concurrent/Callable;","java/util/concurrent/FutureTask:<init>:153","2","15000"
"org.apache.uniffle.common.rpc.GrpcServerTest#testGrpcExecutorPool","<1410795158,1>","49","java/util/concurrent/CountDownLatch.countDown()V","org/apache/uniffle/common/rpc/GrpcServerTest:lambda$testGrpcExecutorPool$0:71","1","10000"
"org.apache.uniffle.common.rpc.GrpcServerTest#testGrpcExecutorPool","<main>","66","java/util/concurrent/Executors.defaultThreadFactory()Ljava/util/concurrent/ThreadFactory;","com/google/common/util/concurrent/ThreadFactoryBuilder:doBuild:161","1","10000"
"org.apache.uniffle.common.rpc.GrpcServerTest#testGrpcExecutorPool","<1410795158,1>","96","java/util/concurrent/atomic/AtomicLongFieldUpdater.compareAndSet(Ljava/lang/Object;JJ)Z","io/prometheus/client/Striped64:casBase:149","1","10000"
"org.apache.uniffle.common.rpc.GrpcServerTest#testGrpcExecutorPool","<1410795158,1>","4","MONITOREXIT","org/apache/log4j/Category:callAppenders:211","3","17500"
"org.apache.uniffle.common.rpc.GrpcServerTest#testGrpcExecutorPool","<main>","64","java/util/concurrent/ConcurrentMap.putIfAbsent(Ljava/lang/Object;Ljava/lang/Object;)Ljava/lang/Object;","io/prometheus/client/SimpleCollector:labels:78","4","18750"
"org.apache.uniffle.common.rpc.GrpcServerTest#testGrpcExecutorPool","<1410795158,1>","72","MONITOREXIT","org/apache/log4j/Category:callAppenders:211","1","10000"
"org.apache.uniffle.common.rpc.GrpcServerTest#testGrpcExecutorPool","<1410795158,1>","48","MONITOREXIT","org/apache/log4j/Category:callAppenders:211","1","10000"
"org.apache.uniffle.common.rpc.GrpcServerTest#testGrpcExecutorPool","<main>","4","java/util/concurrent/ConcurrentMap.putIfAbsent(Ljava/lang/Object;Ljava/lang/Object;)Ljava/lang/Object;","io/prometheus/client/SimpleCollector:labels:77","1","10000"
"org.apache.uniffle.common.rpc.GrpcServerTest#testGrpcExecutorPool","<1410795158,1>","71","SYNCHRONIZED_METHOD_ENTER","org/apache/log4j/AppenderSkeleton:doAppend:0","1","10000"
"org.apache.uniffle.common.rpc.GrpcServerTest#testGrpcExecutorPool","<1410795158,2>","15","java/util/concurrent/FutureTask.done()V","java/util/concurrent/FutureTask:finishCompletion:385","1","10000"
"org.apache.uniffle.common.rpc.GrpcServerTest#testGrpcExecutorPool","<main>","31","java/util/concurrent/Executors.callable(Ljava/lang/Runnable;Ljava/lang/Object;)Ljava/util/concurrent/Callable;","java/util/concurrent/FutureTask:<init>:153","2","15000"
"org.apache.uniffle.common.rpc.GrpcServerTest#testGrpcExecutorPool","<main>","1","MONITOREXIT","org/jacoco/agent/rt/internal_1f1cc91/core/runtime/RuntimeData:getExecutionData:120","7","19843"
"org.apache.uniffle.common.rpc.GrpcServerTest#testGrpcExecutorPool","<1410795158,1>","47","MONITOREXIT","org/apache/log4j/Category:callAppenders:211","4","18750"
"org.apache.uniffle.common.rpc.GrpcServerTest#testGrpcExecutorPool","<main>","6","java/util/concurrent/Executors.callable(Ljava/lang/Runnable;Ljava/lang/Object;)Ljava/util/concurrent/Callable;","java/util/concurrent/FutureTask:<init>:153","1","10000"
"org.apache.uniffle.common.rpc.GrpcServerTest#testGrpcExecutorPool","<main>","35","java/lang/Thread.setName(Ljava/lang/String;)V","com/google/common/util/concurrent/ThreadFactoryBuilder$1:newThread:170","2","6250"
"org.apache.uniffle.common.rpc.GrpcServerTest#testGrpcExecutorPool","<main>","47","java/lang/Thread.setName(Ljava/lang/String;)V","com/google/common/util/concurrent/ThreadFactoryBuilder$1:newThread:169","2","6250"
"org.apache.uniffle.common.rpc.GrpcServerTest#testGrpcExecutorPool","<main>","68","MONITORENTER","org/jacoco/agent/rt/internal_1f1cc91/core/runtime/RuntimeData:getExecutionData:119","13","19994"
"org.apache.uniffle.common.rpc.GrpcServerTest#testGrpcExecutorPool","<main>","66","java/util/concurrent/atomic/AtomicLongFieldUpdater.newUpdater(Ljava/lang/Class;Ljava/lang/String;)Ljava/util/concurrent/atomic/AtomicLongFieldUpdater;","io/prometheus/client/Striped64:<clinit>:280","1","10000"
"org.apache.uniffle.common.rpc.GrpcServerTest#testGrpcExecutorPool","<1410795158,2>","80","java/util/concurrent/atomic/AtomicLongFieldUpdater.compareAndSet(Ljava/lang/Object;JJ)Z","io/prometheus/client/Striped64:casBase:148","1","10000"
"org.apache.uniffle.common.rpc.GrpcServerTest#testGrpcExecutorPool","<1410795158,1>","21","java/util/concurrent/ThreadPoolExecutor.afterExecute(Ljava/lang/Runnable;Ljava/lang/Throwable;)V","org/apache/uniffle/common/rpc/GrpcServer$GrpcThreadPoolExecutor:afterExecute:153","1","10000"
"org.apache.uniffle.common.rpc.GrpcServerTest#testGrpcExecutorPool","<main>","9","java/lang/Thread.setName(Ljava/lang/String;)V","com/google/common/util/concurrent/ThreadFactoryBuilder$1:newThread:170","1","5000"
"org.apache.uniffle.common.rpc.GrpcServerTest#testGrpcExecutorPool","<main>","5","MONITORENTER","io/prometheus/client/CollectorRegistry:register:51","10","19979"
"org.apache.uniffle.common.rpc.GrpcServerTest#testGrpcExecutorPool","<main>","6","java/util/concurrent/atomic/AtomicIntegerFieldUpdater.newUpdater(Ljava/lang/Class;Ljava/lang/String;)Ljava/util/concurrent/atomic/AtomicIntegerFieldUpdater;","io/prometheus/client/Striped64:<clinit>:282","1","10000"
"org.apache.uniffle.common.rpc.GrpcServerTest#testGrpcExecutorPool","<main>","69","MONITORENTER","org/jacoco/agent/rt/internal_1f1cc91/core/runtime/RuntimeData:getExecutionData:119","9","19960"
"org.apache.uniffle.common.rpc.GrpcServerTest#testGrpcExecutorPool","<1410795158,1>","48","SYNCHRONIZED_METHOD_ENTER","org/apache/log4j/AppenderSkeleton:doAppend:0","1","10000"
"org.apache.uniffle.common.rpc.GrpcServerTest#testGrpcExecutorPool","<main>","2","java/util/concurrent/ConcurrentMap.putIfAbsent(Ljava/lang/Object;Ljava/lang/Object;)Ljava/lang/Object;","io/prometheus/client/SimpleCollector:labels:78","4","18750"
"org.apache.uniffle.common.rpc.GrpcServerTest#testGrpcExecutorPool","<main>","2","java/util/concurrent/atomic/AtomicIntegerFieldUpdater.newUpdater(Ljava/lang/Class;Ljava/lang/String;)Ljava/util/concurrent/atomic/AtomicIntegerFieldUpdater;","io/prometheus/client/Striped64:<clinit>:282","1","10000"
"org.apache.uniffle.common.rpc.GrpcServerTest#testGrpcExecutorPool","<main>","5","MONITOREXIT","io/prometheus/client/CollectorRegistry:register:61","5","19375"
"org.apache.uniffle.common.rpc.GrpcServerTest#testGrpcExecutorPool","<1410795158,2>","53","java/util/concurrent/FutureTask.set(Ljava/lang/Object;)V","java/util/concurrent/FutureTask:run:274","1","10000"
"org.apache.uniffle.common.rpc.GrpcServerTest#testGrpcExecutorPool","<main>","64","java/util/concurrent/ConcurrentMap.putIfAbsent(Ljava/lang/Object;Ljava/lang/Object;)Ljava/lang/Object;","io/prometheus/client/SimpleCollector:labels:78","2","15000"
"org.apache.uniffle.common.rpc.GrpcServerTest#testGrpcExecutorPool","<main>","15","java/lang/Thread.sleep(J)V","org/apache/uniffle/common/rpc/GrpcServerTest:testGrpcExecutorPool:84","1","10000"
"org.apache.uniffle.common.rpc.GrpcServerTest#testGrpcExecutorPool","<1410795158,1>","84","java/util/concurrent/Callable.call()Ljava/lang/Object;","java/util/concurrent/FutureTask:run:266","1","10000"
"org.apache.uniffle.common.rpc.GrpcServerTest#testGrpcExecutorPool","<main>","56","java/util/concurrent/Executors.callable(Ljava/lang/Runnable;Ljava/lang/Object;)Ljava/util/concurrent/Callable;","java/util/concurrent/FutureTask:<init>:153","3","17500"
"org.apache.uniffle.common.rpc.GrpcServerTest#testGrpcExecutorPool","<main>","5","java/lang/Thread.sleep(J)V","org/apache/uniffle/common/rpc/GrpcServerTest:testGrpcExecutorPool:76","1","10000"
"org.apache.uniffle.common.rpc.GrpcServerTest#testGrpcExecutorPool","<1410795158,2>","84","RUNNABLE_CALLABLE_START","java/util/concurrent/FutureTask:run:0","1","10000"
"org.apache.uniffle.common.rpc.GrpcServerTest#testGrpcExecutorPool","<main>","66","MONITORENTER","io/prometheus/client/CollectorRegistry:register:51","6","19687"
"org.apache.uniffle.common.rpc.GrpcServerTest#testGrpcExecutorPool","<1410795158,2>","64","java/util/concurrent/CountDownLatch.countDown()V","org/apache/uniffle/common/rpc/GrpcServerTest:lambda$testGrpcExecutorPool$0:72","1","10000"
"org.apache.uniffle.common.rpc.GrpcServerTest#testGrpcExecutorPool","<main>","2","MONITOREXIT","org/jacoco/agent/rt/internal_1f1cc91/core/runtime/RuntimeData:getExecutionData:120","8","19921"
"org.apache.uniffle.common.rpc.GrpcServerTest#testGrpcExecutorPool","<main>","8","java/util/concurrent/Executors.callable(Ljava/lang/Runnable;Ljava/lang/Object;)Ljava/util/concurrent/Callable;","java/util/concurrent/FutureTask:<init>:152","3","17500"
"org.apache.uniffle.common.rpc.GrpcServerTest#testGrpcExecutorPool","<main>","9","java/util/concurrent/atomic/AtomicLong.getAndIncrement()J","com/google/common/util/concurrent/ThreadFactoryBuilder$1:newThread:170","2","12500"
"org.apache.uniffle.common.rpc.GrpcServerTest#testGrpcExecutorPool","<main>","8","java/lang/Thread.sleep(J)V","org/apache/uniffle/common/rpc/GrpcServerTest:testGrpcExecutorPool:76","1","10000"
"org.apache.uniffle.common.rpc.GrpcServerTest#testGrpcExecutorPool","<1410795158,1>","47","MONITOREXIT","org/apache/log4j/Category:callAppenders:211","2","15000"
"org.apache.uniffle.common.rpc.GrpcServerTest#testGrpcExecutorPool","<main>","68","MONITOREXIT","org/jacoco/agent/rt/internal_1f1cc91/core/runtime/RuntimeData:getExecutionData:120","5","19375"
"org.apache.uniffle.common.rpc.GrpcServerTest#testGrpcExecutorPool","<main>","64","MONITORENTER","io/prometheus/client/CollectorRegistry:register:51","1","10000"
"org.apache.uniffle.common.rpc.GrpcServerTest#testGrpcExecutorPool","<main>","1","MONITORENTER","io/prometheus/client/CollectorRegistry:register:51","7","19843"
"org.apache.uniffle.common.rpc.GrpcServerTest#testGrpcExecutorPool","<main>","33","java/util/concurrent/Executors.callable(Ljava/lang/Runnable;Ljava/lang/Object;)Ljava/util/concurrent/Callable;","java/util/concurrent/FutureTask:<init>:153","1","10000"
"org.apache.uniffle.common.rpc.GrpcServerTest#testGrpcExecutorPool","<main>","32","java/util/concurrent/atomic/AtomicLong.getAndIncrement()J","com/google/common/util/concurrent/ThreadFactoryBuilder$1:newThread:170","1","10000"
"org.apache.uniffle.common.rpc.GrpcServerTest#testGrpcExecutorPool","<1410795158,2>","77","MONITORENTER","org/apache/log4j/Category:callAppenders:204","4","18750"
"org.apache.uniffle.common.rpc.GrpcServerTest#testGrpcExecutorPool","<main>","51","java/util/concurrent/Executors.callable(Ljava/lang/Runnable;Ljava/lang/Object;)Ljava/util/concurrent/Callable;","java/util/concurrent/FutureTask:<init>:152","1","10000"
"org.apache.uniffle.common.rpc.GrpcServerTest#testGrpcExecutorPool","<main>","64","java/util/concurrent/ConcurrentMap.putIfAbsent(Ljava/lang/Object;Ljava/lang/Object;)Ljava/lang/Object;","io/prometheus/client/SimpleCollector:labels:77","1","10000"
"org.apache.uniffle.common.rpc.GrpcServerTest#testGrpcExecutorPool","<main>","4","java/util/concurrent/Executors.callable(Ljava/lang/Runnable;Ljava/lang/Object;)Ljava/util/concurrent/Callable;","java/util/concurrent/FutureTask:<init>:152","1","10000"
"org.apache.uniffle.common.rpc.GrpcServerTest#testGrpcExecutorPool","<1410795158,1>","71","MONITORENTER","org/apache/log4j/Category:callAppenders:204","3","17500"
"org.apache.uniffle.common.rpc.GrpcServerTest#testGrpcExecutorPool","<main>","2","MONITOREXIT","io/prometheus/client/CollectorRegistry:register:61","4","18750"
"org.apache.uniffle.common.rpc.GrpcServerTest#testGrpcExecutorPool","<1410795158,2>","18","java/util/concurrent/FutureTask.set(Ljava/lang/Object;)V","java/util/concurrent/FutureTask:run:275","1","10000"
"org.apache.uniffle.common.rpc.GrpcServerTest#testGrpcExecutorPool","<1410795158,1>","47","java/util/concurrent/CountDownLatch.countDown()V","org/apache/uniffle/common/rpc/GrpcServerTest:lambda$testGrpcExecutorPool$0:71","1","10000"
"org.apache.uniffle.common.rpc.GrpcServerTest#testGrpcExecutorPool","<main>","6","MONITORENTER","io/prometheus/client/CollectorRegistry:register:51","6","19687"
"org.apache.uniffle.common.rpc.GrpcServerTest#testGrpcExecutorPool","<1410795158,1>","35","java/util/concurrent/FutureTask.done()V","java/util/concurrent/FutureTask:finishCompletion:385","1","10000"
"org.apache.uniffle.common.rpc.GrpcServerTest#testGrpcExecutorPool","<1410795158,1>","6","MONITOREXIT","org/apache/log4j/Category:callAppenders:211","4","18750"
"org.apache.uniffle.common.rpc.GrpcServerTest#testGrpcExecutorPool","<1410795158,1>","49","MONITORENTER","org/apache/log4j/Category:callAppenders:204","2","15000"
"org.apache.uniffle.common.rpc.GrpcServerTest#testGrpcExecutorPool","<1410795158,1>","16","java/util/concurrent/ThreadPoolExecutor.afterExecute(Ljava/lang/Runnable;Ljava/lang/Throwable;)V","org/apache/uniffle/common/rpc/GrpcServer$GrpcThreadPoolExecutor:afterExecute:154","1","10000"
"org.apache.uniffle.common.rpc.GrpcServerTest#testGrpcExecutorPool","<main>","5","MONITORENTER","io/prometheus/client/CollectorRegistry:register:51","9","19960"
"org.apache.uniffle.common.rpc.GrpcServerTest#testGrpcExecutorPool","<1410795158,1>","90","java/util/concurrent/ThreadPoolExecutor.beforeExecute(Ljava/lang/Thread;Ljava/lang/Runnable;)V","org/apache/uniffle/common/rpc/GrpcServer$GrpcThreadPoolExecutor:beforeExecute:145","1","10000"
"org.apache.uniffle.common.rpc.GrpcServerTest#testGrpcExecutorPool","<main>","66","java/util/concurrent/ConcurrentMap.putIfAbsent(Ljava/lang/Object;Ljava/lang/Object;)Ljava/lang/Object;","io/prometheus/client/SimpleCollector:labels:78","5","19375"
"org.apache.uniffle.common.rpc.GrpcServerTest#testGrpcExecutorPool","<1410795158,1>","7","java/util/concurrent/FutureTask.finishCompletion()V","java/util/concurrent/FutureTask:set:233","1","10000"
"org.apache.uniffle.common.rpc.GrpcServerTest#testGrpcExecutorPool","<main>","5","java/util/concurrent/ConcurrentMap.putIfAbsent(Ljava/lang/Object;Ljava/lang/Object;)Ljava/lang/Object;","io/prometheus/client/SimpleCollector:labels:78","1","10000"
"org.apache.uniffle.common.rpc.GrpcServerTest#testGrpcExecutorPool","<main>","2","MONITOREXIT","org/jacoco/agent/rt/internal_1f1cc91/core/runtime/RuntimeData:getExecutionData:120","4","18750"
"org.apache.uniffle.common.rpc.GrpcServerTest#testGrpcExecutorPool","<1410795158,2>","76","java/lang/System.currentTimeMillis()J","org/apache/log4j/spi/LoggingEvent:<init>:168","1","10000"
"org.apache.uniffle.common.rpc.GrpcServerTest#testGrpcExecutorPool","<main>","68","MONITORENTER","org/jacoco/agent/rt/internal_1f1cc91/core/runtime/RuntimeData:getExecutionData:119","5","19375"
"org.apache.uniffle.common.rpc.GrpcServerTest#testGrpcExecutorPool","<1410795158,1>","77","java/lang/System.currentTimeMillis()J","org/apache/log4j/spi/LoggingEvent:<init>:168","1","10000"
"org.apache.uniffle.common.rpc.GrpcServerTest#testGrpcExecutorPool","<main>","3","MONITORENTER","org/jacoco/agent/rt/internal_1f1cc91/core/runtime/RuntimeData:getExecutionData:119","2","15000"
"org.apache.uniffle.common.rpc.GrpcServerTest#testGrpcExecutorPool","<1410795158,1>","6","java/util/concurrent/CountDownLatch.countDown()V","org/apache/uniffle/common/rpc/GrpcServerTest:lambda$testGrpcExecutorPool$0:72","1","10000"
"org.apache.uniffle.common.rpc.GrpcServerTest#testGrpcExecutorPool","<1410795158,2>","95","java/util/concurrent/atomic/AtomicLongFieldUpdater.compareAndSet(Ljava/lang/Object;JJ)Z","io/prometheus/client/Striped64:casBase:149","2","15000"
"org.apache.uniffle.common.rpc.GrpcServerTest#testGrpcExecutorPool","<1410795158,1>","64","java/util/concurrent/CountDownLatch.countDown()V","org/apache/uniffle/common/rpc/GrpcServerTest:lambda$testGrpcExecutorPool$0:72","1","10000"
"org.apache.uniffle.common.rpc.GrpcServerTest#testGrpcExecutorPool","<main>","66","MONITORENTER","io/prometheus/client/CollectorRegistry:register:51","7","19843"
"org.apache.uniffle.common.rpc.GrpcServerTest#testGrpcExecutorPool","<main>","33","java/util/concurrent/Executors.callable(Ljava/lang/Runnable;Ljava/lang/Object;)Ljava/util/concurrent/Callable;","java/util/concurrent/FutureTask:<init>:152","1","10000"
"org.apache.uniffle.common.rpc.GrpcServerTest#testGrpcExecutorPool","<main>","69","MONITORENTER","org/jacoco/agent/rt/internal_1f1cc91/core/runtime/RuntimeData:getExecutionData:119","7","19843"
"org.apache.uniffle.common.rpc.GrpcServerTest#testGrpcExecutorPool","<1410795158,2>","84","java/lang/Thread.currentThread()Ljava/lang/Thread;","java/util/concurrent/FutureTask:run:259","1","10000"
"org.apache.uniffle.common.rpc.GrpcServerTest#testGrpcExecutorPool","<1410795158,1>","67","java/util/concurrent/CountDownLatch.countDown()V","org/apache/uniffle/common/rpc/GrpcServerTest:lambda$testGrpcExecutorPool$0:72","1","10000"
"org.apache.uniffle.common.rpc.GrpcServerTest#testGrpcExecutorPool","<main>","9","java/lang/Thread.sleep(J)V","org/apache/uniffle/common/rpc/GrpcServerTest:testGrpcExecutorPool:75","1","10000"
"org.apache.uniffle.common.rpc.GrpcServerTest#testGrpcExecutorPool","<main>","68","MONITORENTER","org/jacoco/agent/rt/internal_1f1cc91/core/runtime/RuntimeData:getExecutionData:119","14","19995"
"org.apache.uniffle.common.rpc.GrpcServerTest#testGrpcExecutorPool","<1410795158,2>","4","java/util/concurrent/CountDownLatch.countDown()V","org/apache/uniffle/common/rpc/GrpcServerTest:lambda$testGrpcExecutorPool$0:71","1","10000"
"org.apache.uniffle.common.rpc.GrpcServerTest#testGrpcExecutorPool","<1410795158,2>","70","SYNCHRONIZED_METHOD_ENTER","org/apache/log4j/AppenderSkeleton:doAppend:0","2","15000"
"org.apache.uniffle.common.rpc.GrpcServerTest#testGrpcExecutorPool","<main>","8","java/lang/Thread.setName(Ljava/lang/String;)V","com/google/common/util/concurrent/ThreadFactoryBuilder$1:newThread:169","1","5000"
"org.apache.uniffle.common.rpc.GrpcServerTest#testGrpcExecutorPool","<1410795158,1>","60","java/util/concurrent/Callable.call()Ljava/lang/Object;","java/util/concurrent/FutureTask:run:267","1","10000"
"org.apache.uniffle.common.rpc.GrpcServerTest#testGrpcExecutorPool","<main>","2","java/util/concurrent/atomic/AtomicIntegerFieldUpdater.newUpdater(Ljava/lang/Class;Ljava/lang/String;)Ljava/util/concurrent/atomic/AtomicIntegerFieldUpdater;","io/prometheus/client/Striped64:<clinit>:281","1","5000"
"org.apache.uniffle.common.rpc.GrpcServerTest#testGrpcExecutorPool","<main>","65","MONITOREXIT","io/prometheus/client/CollectorRegistry:register:61","1","10000"
"org.apache.uniffle.common.rpc.GrpcServerTest#testGrpcExecutorPool","<1410795158,2>","78","MONITOREXIT","org/apache/log4j/Category:callAppenders:211","3","17500"
"org.apache.uniffle.common.rpc.GrpcServerTest#testGrpcExecutorPool","<main>","7","java/util/concurrent/atomic/AtomicLong.getAndIncrement()J","com/google/common/util/concurrent/ThreadFactoryBuilder$1:newThread:169","1","10000"
"org.apache.uniffle.common.rpc.GrpcServerTest#testGrpcExecutorPool","<main>","1","MONITORENTER","io/prometheus/client/CollectorRegistry:register:51","10","19979"
"org.apache.uniffle.common.rpc.GrpcServerTest#testGrpcExecutorPool","<main>","18","java/lang/Thread.sleep(J)V","org/apache/uniffle/common/rpc/GrpcServerTest:testGrpcExecutorPool:75","1","10000"
"org.apache.uniffle.common.rpc.GrpcServerTest#testGrpcExecutorPool","<1410795158,1>","97","java/util/concurrent/atomic/AtomicLongFieldUpdater.compareAndSet(Ljava/lang/Object;JJ)Z","io/prometheus/client/Striped64:casBase:149","2","15000"
"org.apache.uniffle.common.rpc.GrpcServerTest#testGrpcExecutorPool","<main>","38","java/util/concurrent/atomic/AtomicLong.getAndIncrement()J","com/google/common/util/concurrent/ThreadFactoryBuilder$1:newThread:170","2","12500"
"org.apache.uniffle.common.rpc.GrpcServerTest#testGrpcExecutorPool","<main>","68","MONITOREXIT","org/jacoco/agent/rt/internal_1f1cc91/core/runtime/RuntimeData:getExecutionData:120","4","18750"
"org.apache.uniffle.common.rpc.GrpcServerTest#testGrpcExecutorPool","<main>","51","java/util/concurrent/Executors.defaultThreadFactory()Ljava/util/concurrent/ThreadFactory;","com/google/common/util/concurrent/ThreadFactoryBuilder:doBuild:162","1","10000"
"org.apache.uniffle.common.rpc.GrpcServerTest#testGrpcExecutorPool","<1410795158,2>","71","SYNCHRONIZED_METHOD_ENTER","org/apache/log4j/AppenderSkeleton:doAppend:0","1","10000"
"org.apache.uniffle.common.rpc.GrpcServerTest#testGrpcExecutorPool","<1410795158,2>","60","java/util/concurrent/CountDownLatch.countDown()V","org/apache/uniffle/common/rpc/GrpcServerTest:lambda$testGrpcExecutorPool$0:72","1","10000"
"org.apache.uniffle.common.rpc.GrpcServerTest#testGrpcExecutorPool","<main>","64","MONITOREXIT","io/prometheus/client/CollectorRegistry:register:61","9","19960"
"org.apache.uniffle.common.rpc.GrpcServerTest#testGrpcExecutorPool","<main>","51","java/util/concurrent/Executors.callable(Ljava/lang/Runnable;Ljava/lang/Object;)Ljava/util/concurrent/Callable;","java/util/concurrent/FutureTask:<init>:152","3","17500"
"org.apache.uniffle.common.rpc.GrpcServerTest#testGrpcExecutorPool","<main>","66","MONITORENTER","io/prometheus/client/CollectorRegistry:register:51","1","10000"
"org.apache.uniffle.common.rpc.GrpcServerTest#testGrpcExecutorPool","<main>","2","java/util/concurrent/ConcurrentMap.putIfAbsent(Ljava/lang/Object;Ljava/lang/Object;)Ljava/lang/Object;","io/prometheus/client/SimpleCollector:labels:77","5","19375"
"org.apache.uniffle.common.rpc.GrpcServerTest#testGrpcExecutorPool","<main>","1","MONITORENTER","io/prometheus/client/CollectorRegistry:register:51","6","19687"
"org.apache.uniffle.common.rpc.GrpcServerTest#testGrpcExecutorPool","<main>","69","MONITORENTER","org/jacoco/agent/rt/internal_1f1cc91/core/runtime/RuntimeData:getExecutionData:119","1","10000"
"org.apache.uniffle.common.rpc.GrpcServerTest#testGrpcExecutorPool","<main>","4","MONITORENTER","io/prometheus/client/CollectorRegistry:register:51","6","19687"
"org.apache.uniffle.common.rpc.GrpcServerTest#testGrpcExecutorPool","<main>","31","java/util/concurrent/atomic/AtomicLong.getAndIncrement()J","com/google/common/util/concurrent/ThreadFactoryBuilder$1:newThread:169","2","12500"
"org.apache.uniffle.common.rpc.GrpcServerTest#testGrpcExecutorPool","<main>","66","java/util/concurrent/ConcurrentMap.putIfAbsent(Ljava/lang/Object;Ljava/lang/Object;)Ljava/lang/Object;","io/prometheus/client/SimpleCollector:labels:77","3","17500"
"org.apache.uniffle.common.rpc.GrpcServerTest#testGrpcExecutorPool","<main>","4","MONITORENTER","io/prometheus/client/CollectorRegistry:register:51","8","19921"
"org.apache.uniffle.common.rpc.GrpcServerTest#testGrpcExecutorPool","<main>","11","java/lang/Thread.sleep(J)V","org/apache/uniffle/common/rpc/GrpcServerTest:testGrpcExecutorPool:75","1","10000"
"org.apache.uniffle.common.rpc.GrpcServerTest#testGrpcExecutorPool","<main>","5","MONITOREXIT","io/prometheus/client/CollectorRegistry:register:61","2","15000"
"org.apache.uniffle.common.rpc.GrpcServerTest#testGrpcExecutorPool","<main>","66","MONITOREXIT","io/prometheus/client/CollectorRegistry:register:61","6","19687"
"org.apache.uniffle.common.rpc.GrpcServerTest#testGrpcExecutorPool","<main>","6","MONITORENTER","io/prometheus/client/CollectorRegistry:register:51","1","10000"
"org.apache.uniffle.common.rpc.GrpcServerTest#testGrpcExecutorPool","<main>","68","MONITORENTER","org/jacoco/agent/rt/internal_1f1cc91/core/runtime/RuntimeData:getExecutionData:119","4","18750"
"org.apache.uniffle.common.rpc.GrpcServerTest#testGrpcExecutorPool","<main>","2","MONITORENTER","io/prometheus/client/CollectorRegistry:register:51","3","17500"
"org.apache.uniffle.common.rpc.GrpcServerTest#testGrpcExecutorPool","<main>","64","java/util/concurrent/atomic/AtomicLongFieldUpdater.newUpdater(Ljava/lang/Class;Ljava/lang/String;)Ljava/util/concurrent/atomic/AtomicLongFieldUpdater;","io/prometheus/client/Striped64:<clinit>:281","1","10000"
"org.apache.uniffle.common.rpc.GrpcServerTest#testGrpcExecutorPool","<1410795158,1>","4","java/util/concurrent/CountDownLatch.countDown()V","org/apache/uniffle/common/rpc/GrpcServerTest:lambda$testGrpcExecutorPool$0:72","1","10000"
"org.apache.uniffle.common.rpc.GrpcServerTest#testGrpcExecutorPool","<1410795158,1>","77","java/lang/System.currentTimeMillis()J","org/apache/log4j/spi/LoggingEvent:<init>:167","1","10000"
"org.apache.uniffle.common.rpc.GrpcServerTest#testGrpcExecutorPool","<1410795158,1>","62","java/util/concurrent/CountDownLatch.countDown()V","org/apache/uniffle/common/rpc/GrpcServerTest:lambda$testGrpcExecutorPool$0:72","1","10000"
"org.apache.uniffle.common.rpc.GrpcServerTest#testGrpcExecutorPool","<main>","68","MONITOREXIT","org/jacoco/agent/rt/internal_1f1cc91/core/runtime/RuntimeData:getExecutionData:120","2","15000"
"org.apache.uniffle.common.rpc.GrpcServerTest#testGrpcExecutorPool","<main>","8","java/util/concurrent/Executors.callable(Ljava/lang/Runnable;Ljava/lang/Object;)Ljava/util/concurrent/Callable;","java/util/concurrent/FutureTask:<init>:153","1","10000"
"org.apache.uniffle.common.rpc.GrpcServerTest#testGrpcExecutorPool","<main>","41","java/lang/Thread.setDaemon(Z)V","com/google/common/util/concurrent/ThreadFactoryBuilder$1:newThread:172","2","15000"
"org.apache.uniffle.common.rpc.GrpcServerTest#testGrpcExecutorPool","<main>","37","java/lang/Thread.setName(Ljava/lang/String;)V","com/google/common/util/concurrent/ThreadFactoryBuilder$1:newThread:170","1","5000"
"org.apache.uniffle.common.rpc.GrpcServerTest#testGrpcExecutorPool","<main>","1","java/util/concurrent/atomic/AtomicIntegerFieldUpdater.newUpdater(Ljava/lang/Class;Ljava/lang/String;)Ljava/util/concurrent/atomic/AtomicIntegerFieldUpdater;","io/prometheus/client/Striped64:<clinit>:281","1","5000"
"org.apache.uniffle.common.rpc.GrpcServerTest#testGrpcExecutorPool","<main>","3","MONITORENTER","org/jacoco/agent/rt/internal_1f1cc91/core/runtime/RuntimeData:getExecutionData:119","8","19921"
"org.apache.uniffle.common.rpc.GrpcServerTest#testGrpcExecutorPool","<main>","14","java/util/concurrent/CountDownLatch.await()V","org/apache/uniffle/common/rpc/GrpcServerTest:testGrpcExecutorPool:82","1","10000"
"org.apache.uniffle.common.rpc.GrpcServerTest#testGrpcExecutorPool","<1410795158,1>","32","java/util/concurrent/FutureTask.finishCompletion()V","java/util/concurrent/FutureTask:set:234","1","10000"
"org.apache.uniffle.common.rpc.GrpcServerTest#testGrpcExecutorPool","<1410795158,1>","83","java/lang/Thread.currentThread()Ljava/lang/Thread;","java/util/concurrent/FutureTask:run:258","1","10000"
"org.apache.uniffle.common.rpc.GrpcServerTest#testGrpcExecutorPool","<main>","3","java/util/concurrent/ConcurrentMap.putIfAbsent(Ljava/lang/Object;Ljava/lang/Object;)Ljava/lang/Object;","io/prometheus/client/SimpleCollector:labels:78","3","17500"
"org.apache.uniffle.common.rpc.GrpcServerTest#testGrpcExecutorPool","<main>","13","java/util/concurrent/CountDownLatch.await()V","org/apache/uniffle/common/rpc/GrpcServerTest:testGrpcExecutorPool:81","1","10000"
"org.apache.uniffle.common.rpc.GrpcServerTest#testGrpcExecutorPool","<main>","4","MONITORENTER","io/prometheus/client/CollectorRegistry:register:51","4","18750"
"org.apache.uniffle.common.rpc.GrpcServerTest#testGrpcExecutorPool","<1410795158,1>","73","SYNCHRONIZED_METHOD_EXIT","org/apache/log4j/AppenderSkeleton:doAppend:252","1","10000"
"org.apache.uniffle.common.rpc.GrpcServerTest#testGrpcExecutorPool","<main>","9","java/util/concurrent/Executors.defaultThreadFactory()Ljava/util/concurrent/ThreadFactory;","com/google/common/util/concurrent/ThreadFactoryBuilder:doBuild:162","1","10000"
"org.apache.uniffle.common.rpc.GrpcServerTest#testGrpcExecutorPool","<1410795158,2>","76","MONITOREXIT","org/apache/log4j/Category:callAppenders:211","3","17500"
"org.apache.uniffle.common.rpc.GrpcServerTest#testGrpcExecutorPool","<main>","33","java/util/concurrent/atomic/AtomicLong.getAndIncrement()J","com/google/common/util/concurrent/ThreadFactoryBuilder$1:newThread:170","2","12500"
"org.apache.uniffle.common.rpc.GrpcServerTest#testGrpcExecutorPool","<main>","64","MONITOREXIT","io/prometheus/client/CollectorRegistry:register:61","7","19843"
"org.apache.uniffle.common.rpc.GrpcServerTest#testGrpcExecutorPool","<main>","3","java/util/concurrent/atomic/AtomicLong.getAndIncrement()J","com/google/common/util/concurrent/ThreadFactoryBuilder$1:newThread:170","1","10000"
"org.apache.uniffle.common.rpc.GrpcServerTest#testGrpcExecutorPool","<main>","36","java/lang/Thread.setDaemon(Z)V","com/google/common/util/concurrent/ThreadFactoryBuilder$1:newThread:172","1","10000"
"org.apache.uniffle.common.rpc.GrpcServerTest#testGrpcExecutorPool","<main>","5","java/util/concurrent/Executors.defaultThreadFactory()Ljava/util/concurrent/ThreadFactory;","com/google/common/util/concurrent/ThreadFactoryBuilder:doBuild:161","1","10000"
"org.apache.uniffle.common.rpc.GrpcServerTest#testGrpcExecutorPool","<main>","66","java/util/concurrent/ConcurrentMap.putIfAbsent(Ljava/lang/Object;Ljava/lang/Object;)Ljava/lang/Object;","io/prometheus/client/SimpleCollector:labels:78","2","15000"
"org.apache.uniffle.common.rpc.GrpcServerTest#testGrpcExecutorPool","<main>","2","MONITORENTER","org/jacoco/agent/rt/internal_1f1cc91/core/runtime/RuntimeData:getExecutionData:119","1","10000"
"org.apache.uniffle.common.rpc.GrpcServerTest#testGrpcExecutorPool","<main>","33","java/lang/Thread.setName(Ljava/lang/String;)V","com/google/common/util/concurrent/ThreadFactoryBuilder$1:newThread:169","2","6250"
"org.apache.uniffle.common.rpc.GrpcServerTest#testGrpcExecutorPool","<main>","3","java/util/concurrent/Executors.callable(Ljava/lang/Runnable;Ljava/lang/Object;)Ljava/util/concurrent/Callable;","java/util/concurrent/FutureTask:<init>:152","2","15000"
"org.apache.uniffle.common.rpc.GrpcServerTest#testGrpcExecutorPool","<1410795158,1>","71","SYNCHRONIZED_METHOD_EXIT","org/apache/log4j/AppenderSkeleton:doAppend:252","1","10000"
"org.apache.uniffle.common.rpc.GrpcServerTest#testGrpcExecutorPool","<main>","69","MONITOREXIT","org/jacoco/agent/rt/internal_1f1cc91/core/runtime/RuntimeData:getExecutionData:120","14","19995"
"org.apache.uniffle.common.rpc.GrpcServerTest#testGrpcExecutorPool","<main>","3","MONITOREXIT","io/prometheus/client/CollectorRegistry:register:61","10","19979"
"org.apache.uniffle.common.rpc.GrpcServerTest#testGrpcExecutorPool","<main>","35","java/lang/Thread.setDaemon(Z)V","com/google/common/util/concurrent/ThreadFactoryBuilder$1:newThread:172","2","15000"
"org.apache.uniffle.common.rpc.GrpcServerTest#testGrpcExecutorPool","<1410795158,1>","15","java/util/concurrent/ThreadPoolExecutor.afterExecute(Ljava/lang/Runnable;Ljava/lang/Throwable;)V","org/apache/uniffle/common/rpc/GrpcServer$GrpcThreadPoolExecutor:afterExecute:154","1","10000"
"org.apache.uniffle.common.rpc.GrpcServerTest#testGrpcExecutorPool","<main>","68","MONITORENTER","org/jacoco/agent/rt/internal_1f1cc91/core/runtime/RuntimeData:getExecutionData:119","2","15000"
"org.apache.uniffle.common.rpc.GrpcServerTest#testGrpcExecutorPool","<main>","4","java/util/concurrent/ConcurrentMap.putIfAbsent(Ljava/lang/Object;Ljava/lang/Object;)Ljava/lang/Object;","io/prometheus/client/SimpleCollector:labels:77","5","19375"
"org.apache.uniffle.common.rpc.GrpcServerTest#testGrpcExecutorPool","<1410795158,2>","77","java/lang/System.currentTimeMillis()J","org/apache/log4j/spi/LoggingEvent:<init>:168","1","10000"
"org.apache.uniffle.common.rpc.GrpcServerTest#testGrpcExecutorPool","<main>","2","java/lang/Thread.setDaemon(Z)V","com/google/common/util/concurrent/ThreadFactoryBuilder$1:newThread:173","1","10000"
"org.apache.uniffle.common.rpc.GrpcServerTest#testGrpcExecutorPool","<main>","1","MONITOREXIT","io/prometheus/client/CollectorRegistry:register:61","6","19687"
"org.apache.uniffle.common.rpc.GrpcServerTest#testGrpcExecutorPool","<main>","10","java/lang/Thread.setDaemon(Z)V","com/google/common/util/concurrent/ThreadFactoryBuilder$1:newThread:173","2","15000"
"org.apache.uniffle.common.rpc.GrpcServerTest#testGrpcExecutorPool","<main>","35","java/util/concurrent/atomic/AtomicLong.getAndIncrement()J","com/google/common/util/concurrent/ThreadFactoryBuilder$1:newThread:169","1","10000"
"org.apache.uniffle.common.rpc.GrpcServerTest#testGrpcExecutorPool","<main>","1","MONITOREXIT","io/prometheus/client/CollectorRegistry:register:61","8","19921"
"org.apache.uniffle.common.rpc.GrpcServerTest#testGrpcExecutorPool","<1410795158,2>","4","SYNCHRONIZED_METHOD_EXIT","org/apache/log4j/AppenderSkeleton:doAppend:252","1","10000"
"org.apache.uniffle.common.rpc.GrpcServerTest#testGrpcExecutorPool","<1410795158,1>","49","MONITOREXIT","org/apache/log4j/Category:callAppenders:211","4","18750"
"org.apache.uniffle.common.rpc.GrpcServerTest#testGrpcExecutorPool","<main>","43","java/lang/Thread.setName(Ljava/lang/String;)V","com/google/common/util/concurrent/ThreadFactoryBuilder$1:newThread:170","2","6250"
"org.apache.uniffle.common.rpc.GrpcServerTest#testGrpcExecutorPool","<main>","33","java/lang/Thread.setName(Ljava/lang/String;)V","com/google/common/util/concurrent/ThreadFactoryBuilder$1:newThread:169","1","5000"
"org.apache.uniffle.common.rpc.GrpcServerTest#testGrpcExecutorPool","<main>","4","java/lang/Thread.setName(Ljava/lang/String;)V","com/google/common/util/concurrent/ThreadFactoryBuilder$1:newThread:170","2","6250"
"org.apache.uniffle.common.rpc.GrpcServerTest#testGrpcExecutorPool","<1410795158,1>","79","java/lang/System.currentTimeMillis()J","org/apache/log4j/spi/LoggingEvent:<init>:168","1","10000"
"org.apache.uniffle.common.rpc.GrpcServerTest#testGrpcExecutorPool","<main>","12","java/lang/Thread.setDaemon(Z)V","com/google/common/util/concurrent/ThreadFactoryBuilder$1:newThread:173","2","15000"
"org.apache.uniffle.common.rpc.GrpcServerTest#testGrpcExecutorPool","<main>","6","java/util/concurrent/Executors.defaultThreadFactory()Ljava/util/concurrent/ThreadFactory;","com/google/common/util/concurrent/ThreadFactoryBuilder:doBuild:162","1","10000"
"org.apache.uniffle.common.rpc.GrpcServerTest#testGrpcExecutorPool","<main>","6","java/util/concurrent/ConcurrentMap.putIfAbsent(Ljava/lang/Object;Ljava/lang/Object;)Ljava/lang/Object;","io/prometheus/client/SimpleCollector:labels:78","3","17500"
"org.apache.uniffle.common.rpc.GrpcServerTest#testGrpcExecutorPool","<main>","6","MONITOREXIT","io/prometheus/client/CollectorRegistry:register:61","4","18750"
"org.apache.uniffle.common.rpc.GrpcServerTest#testGrpcExecutorPool","<1410795158,2>","44","java/util/concurrent/FutureTask.done()V","java/util/concurrent/FutureTask:finishCompletion:384","1","10000"
"org.apache.uniffle.common.rpc.GrpcServerTest#testGrpcExecutorPool","<main>","1","java/util/concurrent/Executors.callable(Ljava/lang/Runnable;Ljava/lang/Object;)Ljava/util/concurrent/Callable;","java/util/concurrent/FutureTask:<init>:153","2","15000"
"org.apache.uniffle.common.rpc.GrpcServerTest#testGrpcExecutorPool","<1410795158,1>","4","MONITORENTER","org/apache/log4j/Category:callAppenders:204","2","15000"
"org.apache.uniffle.common.rpc.GrpcServerTest#testGrpcExecutorPool","<main>","34","java/lang/Thread.setName(Ljava/lang/String;)V","com/google/common/util/concurrent/ThreadFactoryBuilder$1:newThread:170","1","5000"
"org.apache.uniffle.common.rpc.GrpcServerTest#testGrpcExecutorPool","<1410795158,1>","34","java/util/concurrent/FutureTask.finishCompletion()V","java/util/concurrent/FutureTask:set:234","1","10000"
"org.apache.uniffle.common.rpc.GrpcServerTest#testGrpcExecutorPool","<main>","2","java/util/concurrent/ConcurrentMap.putIfAbsent(Ljava/lang/Object;Ljava/lang/Object;)Ljava/lang/Object;","io/prometheus/client/SimpleCollector:labels:78","3","17500"
"org.apache.uniffle.common.rpc.GrpcServerTest#testGrpcExecutorPool","<main>","5","MONITOREXIT","io/prometheus/client/CollectorRegistry:register:61","7","19843"
"org.apache.uniffle.common.rpc.GrpcServerTest#testGrpcExecutorPool","<main>","32","java/util/concurrent/Executors.callable(Ljava/lang/Runnable;Ljava/lang/Object;)Ljava/util/concurrent/Callable;","java/util/concurrent/FutureTask:<init>:153","3","17500"
"org.apache.uniffle.common.rpc.GrpcServerTest#testGrpcExecutorPool","<1410795158,1>","70","java/util/concurrent/CountDownLatch.countDown()V","org/apache/uniffle/common/rpc/GrpcServerTest:lambda$testGrpcExecutorPool$0:71","1","10000"
"org.apache.uniffle.common.rpc.GrpcServerTest#testGrpcExecutorPool","<main>","2","java/util/concurrent/atomic/AtomicLong.getAndIncrement()J","com/google/common/util/concurrent/ThreadFactoryBuilder$1:newThread:169","2","12500"
"org.apache.uniffle.common.rpc.GrpcServerTest#testGrpcExecutorPool","<main>","1","MONITORENTER","org/jacoco/agent/rt/internal_1f1cc91/core/runtime/RuntimeData:getExecutionData:119","6","19687"
"org.apache.uniffle.common.rpc.GrpcServerTest#testGrpcExecutorPool","<main>","65","MONITORENTER","io/prometheus/client/CollectorRegistry:register:51","10","19979"
"org.apache.uniffle.common.rpc.GrpcServerTest#testGrpcExecutorPool","<1410795158,2>","78","MONITORENTER","org/apache/log4j/Category:callAppenders:204","4","18750"
"org.apache.uniffle.common.rpc.GrpcServerTest#testGrpcExecutorPool","<main>","2","java/util/concurrent/Executors.callable(Ljava/lang/Runnable;Ljava/lang/Object;)Ljava/util/concurrent/Callable;","java/util/concurrent/FutureTask:<init>:152","1","10000"
"org.apache.uniffle.common.rpc.GrpcServerTest#testGrpcExecutorPool","<1410795158,1>","55","java/util/concurrent/Callable.call()Ljava/lang/Object;","java/util/concurrent/FutureTask:run:267","1","10000"
"org.apache.uniffle.common.rpc.GrpcServerTest#testGrpcExecutorPool","<main>","6","java/util/concurrent/atomic/AtomicLong.getAndIncrement()J","com/google/common/util/concurrent/ThreadFactoryBuilder$1:newThread:169","1","10000"
"org.apache.uniffle.common.rpc.GrpcServerTest#testGrpcExecutorPool","<main>","66","MONITOREXIT","io/prometheus/client/CollectorRegistry:register:61","1","10000"
"org.apache.uniffle.common.rpc.GrpcServerTest#testGrpcExecutorPool","<main>","9","java/util/concurrent/Executors.callable(Ljava/lang/Runnable;Ljava/lang/Object;)Ljava/util/concurrent/Callable;","java/util/concurrent/FutureTask:<init>:152","3","17500"
"org.apache.uniffle.common.rpc.GrpcServerTest#testGrpcExecutorPool","<main>","2","java/util/concurrent/ConcurrentMap.putIfAbsent(Ljava/lang/Object;Ljava/lang/Object;)Ljava/lang/Object;","io/prometheus/client/SimpleCollector:labels:77","2","15000"
"org.apache.uniffle.common.rpc.GrpcServerTest#testGrpcExecutorPool","<main>","64","MONITORENTER","io/prometheus/client/CollectorRegistry:register:51","5","19375"
"org.apache.uniffle.common.rpc.GrpcServerTest#testGrpcExecutorPool","<main>","68","MONITOREXIT","org/jacoco/agent/rt/internal_1f1cc91/core/runtime/RuntimeData:getExecutionData:120","8","19921"
"org.apache.uniffle.common.rpc.GrpcServerTest#testGrpcExecutorPool","<1410795158,2>","77","MONITORENTER","org/apache/log4j/Category:callAppenders:204","3","17500"
"org.apache.uniffle.common.rpc.GrpcServerTest#testGrpcExecutorPool","<main>","47","java/util/concurrent/atomic/AtomicLong.getAndIncrement()J","com/google/common/util/concurrent/ThreadFactoryBuilder$1:newThread:169","1","10000"
"org.apache.uniffle.common.rpc.GrpcServerTest#testGrpcExecutorPool","<1410795158,2>","29","java/util/concurrent/FutureTask.finishCompletion()V","java/util/concurrent/FutureTask:set:234","1","10000"
"org.apache.uniffle.common.rpc.GrpcServerTest#testGrpcExecutorPool","<1410795158,1>","4","java/util/concurrent/CountDownLatch.countDown()V","org/apache/uniffle/common/rpc/GrpcServerTest:lambda$testGrpcExecutorPool$0:71","1","10000"
"org.apache.uniffle.common.rpc.GrpcServerTest#testGrpcExecutorPool","<main>","1","MONITOREXIT","io/prometheus/client/CollectorRegistry:register:61","4","18750"
"org.apache.uniffle.common.rpc.GrpcServerTest#testGrpcExecutorPool","<main>","44","java/lang/Thread.setName(Ljava/lang/String;)V","com/google/common/util/concurrent/ThreadFactoryBuilder$1:newThread:170","2","6250"
"org.apache.uniffle.common.rpc.GrpcServerTest#testGrpcExecutorPool","<main>","36","java/lang/Thread.setName(Ljava/lang/String;)V","com/google/common/util/concurrent/ThreadFactoryBuilder$1:newThread:170","2","6250"
"org.apache.uniffle.common.rpc.GrpcServerTest#testGrpcExecutorPool","<main>","5","java/util/concurrent/Executors.callable(Ljava/lang/Runnable;Ljava/lang/Object;)Ljava/util/concurrent/Callable;","java/util/concurrent/FutureTask:<init>:152","1","10000"
"org.apache.uniffle.common.rpc.GrpcServerTest#testGrpcExecutorPool","<1410795158,1>","41","java/util/concurrent/FutureTask.done()V","java/util/concurrent/FutureTask:finishCompletion:384","1","10000"
"org.apache.uniffle.common.rpc.GrpcServerTest#testGrpcExecutorPool","<main>","65","MONITORENTER","io/prometheus/client/CollectorRegistry:register:51","6","19687"
"org.apache.uniffle.common.rpc.GrpcServerTest#testGrpcExecutorPool","<main>","16","java/lang/Thread.setDaemon(Z)V","com/google/common/util/concurrent/ThreadFactoryBuilder$1:newThread:173","1","10000"
"org.apache.uniffle.common.rpc.GrpcServerTest#testGrpcExecutorPool","<1410795158,1>","71","MONITORENTER","org/apache/log4j/Category:callAppenders:204","4","18750"
"org.apache.uniffle.common.rpc.GrpcServerTest#testGrpcExecutorPool","<main>","9","java/util/concurrent/atomic/AtomicLong.getAndIncrement()J","com/google/common/util/concurrent/ThreadFactoryBuilder$1:newThread:170","1","10000"
"org.apache.uniffle.common.rpc.GrpcServerTest#testGrpcExecutorPool","<main>","22","java/lang/Thread.sleep(J)V","org/apache/uniffle/common/rpc/GrpcServerTest:testGrpcExecutorPool:76","1","10000"
"org.apache.uniffle.common.rpc.GrpcServerTest#testGrpcExecutorPool","<main>","65","MONITORENTER","io/prometheus/client/CollectorRegistry:register:51","8","19921"
"org.apache.uniffle.common.rpc.GrpcServerTest#testGrpcExecutorPool","<main>","3","MONITOREXIT","org/jacoco/agent/rt/internal_1f1cc91/core/runtime/RuntimeData:getExecutionData:120","9","19960"
"org.apache.uniffle.common.rpc.GrpcServerTest#testGrpcExecutorPool","<main>","39","java/lang/Thread.setName(Ljava/lang/String;)V","com/google/common/util/concurrent/ThreadFactoryBuilder$1:newThread:170","1","5000"
"org.apache.uniffle.common.rpc.GrpcServerTest#testGrpcExecutorPool","<main>","4","java/util/concurrent/atomic/AtomicLongFieldUpdater.newUpdater(Ljava/lang/Class;Ljava/lang/String;)Ljava/util/concurrent/atomic/AtomicLongFieldUpdater;","io/prometheus/client/Striped64:<clinit>:280","1","10000"
"org.apache.uniffle.common.rpc.GrpcServerTest#testGrpcExecutorPool","<main>","59","java/util/concurrent/Executors.callable(Ljava/lang/Runnable;Ljava/lang/Object;)Ljava/util/concurrent/Callable;","java/util/concurrent/FutureTask:<init>:152","1","10000"
"org.apache.uniffle.common.rpc.GrpcServerTest#testGrpcExecutorPool","<main>","1","MONITOREXIT","org/jacoco/agent/rt/internal_1f1cc91/core/runtime/RuntimeData:getExecutionData:120","11","19988"
"org.apache.uniffle.common.rpc.GrpcServerTest#testGrpcExecutorPool","<1410795158,2>","6","java/util/concurrent/CountDownLatch.countDown()V","org/apache/uniffle/common/rpc/GrpcServerTest:lambda$testGrpcExecutorPool$0:72","1","10000"
"org.apache.uniffle.common.rpc.GrpcServerTest#testGrpcExecutorPool","<main>","17","java/lang/Thread.setDaemon(Z)V","com/google/common/util/concurrent/ThreadFactoryBuilder$1:newThread:173","1","10000"
"org.apache.uniffle.common.rpc.GrpcServerTest#testGrpcExecutorPool","<main>","4","java/lang/Thread.setDaemon(Z)V","com/google/common/util/concurrent/ThreadFactoryBuilder$1:newThread:173","1","10000"
"org.apache.uniffle.common.rpc.GrpcServerTest#testGrpcExecutorPool","<main>","2","MONITOREXIT","org/jacoco/agent/rt/internal_1f1cc91/core/runtime/RuntimeData:getExecutionData:120","3","17500"
"org.apache.uniffle.common.rpc.GrpcServerTest#testGrpcExecutorPool","<1410795158,2>","77","java/lang/System.currentTimeMillis()J","org/apache/log4j/spi/LoggingEvent:<init>:167","1","10000"
"org.apache.uniffle.common.rpc.GrpcServerTest#testGrpcExecutorPool","<main>","38","java/lang/Thread.setDaemon(Z)V","com/google/common/util/concurrent/ThreadFactoryBuilder$1:newThread:172","1","10000"
"org.apache.uniffle.common.rpc.GrpcServerTest#testGrpcExecutorPool","<main>","33","java/util/concurrent/atomic/AtomicLong.getAndIncrement()J","com/google/common/util/concurrent/ThreadFactoryBuilder$1:newThread:169","1","10000"
"org.apache.uniffle.common.rpc.GrpcServerTest#testGrpcExecutorPool","<main>","5","java/util/concurrent/atomic/AtomicIntegerFieldUpdater.newUpdater(Ljava/lang/Class;Ljava/lang/String;)Ljava/util/concurrent/atomic/AtomicIntegerFieldUpdater;","io/prometheus/client/Striped64:<clinit>:282","1","10000"
"org.apache.uniffle.common.rpc.GrpcServerTest#testGrpcExecutorPool","<main>","67","MONITORENTER","org/jacoco/agent/rt/internal_1f1cc91/core/runtime/RuntimeData:getExecutionData:119","6","19687"
"org.apache.uniffle.common.rpc.GrpcServerTest#testGrpcExecutorPool","<main>","9","java/util/concurrent/Executors.callable(Ljava/lang/Runnable;Ljava/lang/Object;)Ljava/util/concurrent/Callable;","java/util/concurrent/FutureTask:<init>:153","3","17500"
"org.apache.uniffle.common.rpc.GrpcServerTest#testGrpcExecutorPool","<main>","41","java/lang/Thread.setDaemon(Z)V","com/google/common/util/concurrent/ThreadFactoryBuilder$1:newThread:172","1","10000"
"org.apache.uniffle.common.rpc.GrpcServerTest#testGrpcExecutorPool","<main>","1","java/util/concurrent/Executors.defaultThreadFactory()Ljava/util/concurrent/ThreadFactory;","com/google/common/util/concurrent/ThreadFactoryBuilder:doBuild:162","1","10000"
"org.apache.uniffle.common.rpc.GrpcServerTest#testGrpcExecutorPool","<main>","2","MONITORENTER","io/prometheus/client/CollectorRegistry:register:51","5","19375"
"org.apache.uniffle.common.rpc.GrpcServerTest#testGrpcExecutorPool","<main>","1","MONITORENTER","io/prometheus/client/CollectorRegistry:register:51","3","17500"
"org.apache.uniffle.common.rpc.GrpcServerTest#testGrpcExecutorPool","<1410795158,1>","47","MONITORENTER","org/apache/log4j/Category:callAppenders:204","3","17500"
"org.apache.uniffle.common.rpc.GrpcServerTest#testGrpcExecutorPool","<main>","8","java/util/concurrent/Executors.callable(Ljava/lang/Runnable;Ljava/lang/Object;)Ljava/util/concurrent/Callable;","java/util/concurrent/FutureTask:<init>:152","2","15000"
"org.apache.uniffle.common.rpc.GrpcServerTest#testGrpcExecutorPool","<1410795158,1>","2","java/util/concurrent/atomic/AtomicLongFieldUpdater.compareAndSet(Ljava/lang/Object;JJ)Z","io/prometheus/client/Striped64:casBase:148","1","10000"
"org.apache.uniffle.common.rpc.GrpcServerTest#testGrpcExecutorPool","<main>","2","MONITORENTER","io/prometheus/client/CollectorRegistry:register:51","10","19979"
"org.apache.uniffle.common.rpc.GrpcServerTest#testGrpcExecutorPool","<main>","4","java/util/concurrent/ConcurrentMap.putIfAbsent(Ljava/lang/Object;Ljava/lang/Object;)Ljava/lang/Object;","io/prometheus/client/SimpleCollector:labels:78","3","17500"
"org.apache.uniffle.common.rpc.GrpcServerTest#testGrpcExecutorPool","<1410795158,1>","74","java/util/concurrent/atomic/AtomicLongFieldUpdater.compareAndSet(Ljava/lang/Object;JJ)Z","io/prometheus/client/Striped64:casBase:148","1","10000"
"org.apache.uniffle.common.rpc.GrpcServerTest#testGrpcExecutorPool","<main>","50","java/util/concurrent/Executors.callable(Ljava/lang/Runnable;Ljava/lang/Object;)Ljava/util/concurrent/Callable;","java/util/concurrent/FutureTask:<init>:153","3","17500"
"org.apache.uniffle.common.rpc.GrpcServerTest#testGrpcExecutorPool","<main>","32","java/lang/Thread.setName(Ljava/lang/String;)V","com/google/common/util/concurrent/ThreadFactoryBuilder$1:newThread:170","1","5000"
"org.apache.uniffle.common.rpc.GrpcServerTest#testGrpcExecutorPool","<1410795158,1>","71","MONITORENTER","org/apache/log4j/Category:callAppenders:204","2","15000"
"org.apache.uniffle.common.rpc.GrpcServerTest#testGrpcExecutorPool","<main>","3","java/util/concurrent/Executors.callable(Ljava/lang/Runnable;Ljava/lang/Object;)Ljava/util/concurrent/Callable;","java/util/concurrent/FutureTask:<init>:153","3","17500"
"org.apache.uniffle.common.rpc.GrpcServerTest#testGrpcExecutorPool","<main>","65","MONITOREXIT","io/prometheus/client/CollectorRegistry:register:61","5","19375"
"org.apache.uniffle.common.rpc.GrpcServerTest#testGrpcExecutorPool","<main>","3","MONITOREXIT","io/prometheus/client/CollectorRegistry:register:61","7","19843"
"org.apache.uniffle.common.rpc.GrpcServerTest#testGrpcExecutorPool","<1410795158,1>","96","java/util/concurrent/atomic/AtomicLongFieldUpdater.compareAndSet(Ljava/lang/Object;JJ)Z","io/prometheus/client/Striped64:casBase:149","2","15000"
"org.apache.uniffle.common.rpc.GrpcServerTest#testGrpcExecutorPool","<main>","1","java/util/concurrent/atomic/AtomicLong.getAndIncrement()J","com/google/common/util/concurrent/ThreadFactoryBuilder$1:newThread:169","1","10000"
"org.apache.uniffle.common.rpc.GrpcServerTest#testGrpcExecutorPool","<main>","53","java/util/concurrent/Executors.callable(Ljava/lang/Runnable;Ljava/lang/Object;)Ljava/util/concurrent/Callable;","java/util/concurrent/FutureTask:<init>:153","3","17500"
"org.apache.uniffle.common.rpc.GrpcServerTest#testGrpcExecutorPool","<main>","58","java/util/concurrent/Executors.callable(Ljava/lang/Runnable;Ljava/lang/Object;)Ljava/util/concurrent/Callable;","java/util/concurrent/FutureTask:<init>:152","1","10000"
"org.apache.uniffle.common.rpc.GrpcServerTest#testGrpcExecutorPool","<1410795158,2>","78","MONITOREXIT","org/apache/log4j/Category:callAppenders:211","4","18750"
"org.apache.uniffle.common.rpc.GrpcServerTest#testGrpcExecutorPool","<1410795158,1>","84","java/lang/Thread.currentThread()Ljava/lang/Thread;","java/util/concurrent/FutureTask:run:259","1","10000"
"org.apache.uniffle.common.rpc.GrpcServerTest#testGrpcExecutorPool","<main>","37","java/lang/Thread.setDaemon(Z)V","com/google/common/util/concurrent/ThreadFactoryBuilder$1:newThread:172","2","15000"
"org.apache.uniffle.common.rpc.GrpcServerTest#testGrpcExecutorPool","<main>","50","java/util/concurrent/Executors.callable(Ljava/lang/Runnable;Ljava/lang/Object;)Ljava/util/concurrent/Callable;","java/util/concurrent/FutureTask:<init>:152","1","10000"
"org.apache.uniffle.common.rpc.GrpcServerTest#testGrpcExecutorPool","<main>","3","java/util/concurrent/Executors.callable(Ljava/lang/Runnable;Ljava/lang/Object;)Ljava/util/concurrent/Callable;","java/util/concurrent/FutureTask:<init>:152","1","10000"
"org.apache.uniffle.common.rpc.GrpcServerTest#testGrpcExecutorPool","<1410795158,2>","78","java/lang/Thread.sleep(J)V","org/apache/uniffle/common/rpc/GrpcServerTest:lambda$testGrpcExecutorPool$0:67","1","10000"
"org.apache.uniffle.common.rpc.GrpcServerTest#testGrpcExecutorPool","<main>","69","MONITOREXIT","org/jacoco/agent/rt/internal_1f1cc91/core/runtime/RuntimeData:getExecutionData:120","9","19960"
"org.apache.uniffle.common.rpc.GrpcServerTest#testGrpcExecutorPool","<main>","4","java/util/concurrent/ConcurrentMap.putIfAbsent(Ljava/lang/Object;Ljava/lang/Object;)Ljava/lang/Object;","io/prometheus/client/SimpleCollector:labels:77","2","15000"
"org.apache.uniffle.common.rpc.GrpcServerTest#testGrpcExecutorPool","<main>","48","java/lang/Thread.setName(Ljava/lang/String;)V","com/google/common/util/concurrent/ThreadFactoryBuilder$1:newThread:169","2","6250"
"org.apache.uniffle.common.rpc.GrpcServerTest#testGrpcExecutorPool","<main>","1","MONITORENTER","org/jacoco/agent/rt/internal_1f1cc91/core/runtime/RuntimeData:getExecutionData:119","1","10000"
"org.apache.uniffle.common.rpc.GrpcServerTest#testGrpcExecutorPool","<main>","2","MONITORENTER","io/prometheus/client/CollectorRegistry:register:51","8","19921"
"org.apache.uniffle.common.rpc.GrpcServerTest#testGrpcExecutorPool","<main>","1","MONITOREXIT","org/jacoco/agent/rt/internal_1f1cc91/core/runtime/RuntimeData:getExecutionData:120","12","19992"
"org.apache.uniffle.common.rpc.GrpcServerTest#testGrpcExecutorPool","<main>","32","java/util/concurrent/atomic/AtomicLong.getAndIncrement()J","com/google/common/util/concurrent/ThreadFactoryBuilder$1:newThread:169","1","10000"
"org.apache.uniffle.common.rpc.GrpcServerTest#testGrpcExecutorPool","<main>","65","MONITOREXIT","io/prometheus/client/CollectorRegistry:register:61","6","19687"
"org.apache.uniffle.common.rpc.GrpcServerTest#testGrpcExecutorPool","<1410795158,2>","34","SYNCHRONIZED_METHOD_ENTER","org/apache/log4j/AppenderSkeleton:doAppend:0","1","10000"
"org.apache.uniffle.common.rpc.GrpcServerTest#testGrpcExecutorPool","<1410795158,2>","82","java/lang/Thread.currentThread()Ljava/lang/Thread;","java/util/concurrent/FutureTask:run:259","1","10000"
"org.apache.uniffle.common.rpc.GrpcServerTest#testGrpcExecutorPool","<main>","20","java/lang/Thread.sleep(J)V","org/apache/uniffle/common/rpc/GrpcServerTest:testGrpcExecutorPool:76","1","10000"
"org.apache.uniffle.common.rpc.GrpcServerTest#testGrpcExecutorPool","<main>","67","MONITOREXIT","org/jacoco/agent/rt/internal_1f1cc91/core/runtime/RuntimeData:getExecutionData:120","1","10000"
"org.apache.uniffle.common.rpc.GrpcServerTest#testGrpcExecutorPool","<main>","65","MONITOREXIT","io/prometheus/client/CollectorRegistry:register:61","8","19921"
"org.apache.uniffle.common.rpc.GrpcServerTest#testGrpcExecutorPool","<1410795158,1>","92","java/util/concurrent/atomic/AtomicLongFieldUpdater.compareAndSet(Ljava/lang/Object;JJ)Z","io/prometheus/client/Striped64:casBase:148","1","10000"
"org.apache.uniffle.common.rpc.GrpcServerTest#testGrpcExecutorPool","<main>","9","java/lang/Thread.setDaemon(Z)V","com/google/common/util/concurrent/ThreadFactoryBuilder$1:newThread:172","2","15000"
"org.apache.uniffle.common.rpc.GrpcServerTest#testGrpcExecutorPool","<main>","5","java/util/concurrent/ConcurrentMap.putIfAbsent(Ljava/lang/Object;Ljava/lang/Object;)Ljava/lang/Object;","io/prometheus/client/SimpleCollector:labels:77","3","17500"
"org.apache.uniffle.common.rpc.GrpcServerTest#testGrpcExecutorPool","<main>","12","java/lang/Thread.setDaemon(Z)V","com/google/common/util/concurrent/ThreadFactoryBuilder$1:newThread:173","1","10000"
"org.apache.uniffle.common.rpc.GrpcServerTest#testGrpcExecutorPool","<main>","18","java/lang/Thread.sleep(J)V","org/apache/uniffle/common/rpc/GrpcServerTest:testGrpcExecutorPool:76","1","10000"
"org.apache.uniffle.common.rpc.GrpcServerTest#testGrpcExecutorPool","<main>","44","java/util/concurrent/atomic/AtomicLong.getAndIncrement()J","com/google/common/util/concurrent/ThreadFactoryBuilder$1:newThread:170","1","10000"
"org.apache.uniffle.common.rpc.GrpcServerTest#testGrpcExecutorPool","<1410795158,1>","63","java/util/concurrent/CountDownLatch.countDown()V","org/apache/uniffle/common/rpc/GrpcServerTest:lambda$testGrpcExecutorPool$0:72","1","10000"
"org.apache.uniffle.common.rpc.GrpcServerTest#testGrpcExecutorPool","<1410795158,1>","4","MONITORENTER","org/apache/log4j/Category:callAppenders:204","4","18750"
"org.apache.uniffle.common.rpc.GrpcServerTest#testGrpcExecutorPool","<1410795158,2>","58","java/util/concurrent/CountDownLatch.countDown()V","org/apache/uniffle/common/rpc/GrpcServerTest:lambda$testGrpcExecutorPool$0:71","1","10000"
"org.apache.uniffle.common.rpc.GrpcServerTest#testGrpcExecutorPool","<main>","6","MONITORENTER","io/prometheus/client/CollectorRegistry:register:51","5","19375"
"org.apache.uniffle.common.rpc.GrpcServerTest#testGrpcExecutorPool","<main>","64","java/util/concurrent/ConcurrentMap.putIfAbsent(Ljava/lang/Object;Ljava/lang/Object;)Ljava/lang/Object;","io/prometheus/client/SimpleCollector:labels:78","3","17500"
"org.apache.uniffle.common.rpc.GrpcServerTest#testGrpcExecutorPool","<main>","1","MONITOREXIT","org/jacoco/agent/rt/internal_1f1cc91/core/runtime/RuntimeData:getExecutionData:120","6","19687"
"org.apache.uniffle.common.rpc.GrpcServerTest#testGrpcExecutorPool","<main>","69","MONITORENTER","org/jacoco/agent/rt/internal_1f1cc91/core/runtime/RuntimeData:getExecutionData:119","11","19988"
"org.apache.uniffle.common.rpc.GrpcServerTest#testGrpcExecutorPool","<main>","27","java/lang/Thread.sleep(J)V","org/apache/uniffle/common/rpc/GrpcServerTest:testGrpcExecutorPool:75","1","10000"
"org.apache.uniffle.common.rpc.GrpcServerTest#testGrpcExecutorPool","<main>","7","java/lang/Thread.setName(Ljava/lang/String;)V","com/google/common/util/concurrent/ThreadFactoryBuilder$1:newThread:169","1","5000"
"org.apache.uniffle.common.rpc.GrpcServerTest#testGrpcExecutorPool","<main>","6","java/util/concurrent/Executors.callable(Ljava/lang/Runnable;Ljava/lang/Object;)Ljava/util/concurrent/Callable;","java/util/concurrent/FutureTask:<init>:152","1","10000"
"org.apache.uniffle.common.rpc.GrpcServerTest#testGrpcExecutorPool","<1410795158,2>","81","java/util/concurrent/atomic/AtomicLongFieldUpdater.compareAndSet(Ljava/lang/Object;JJ)Z","io/prometheus/client/Striped64:casBase:148","1","10000"
"org.apache.uniffle.common.rpc.GrpcServerTest#testGrpcExecutorPool","<main>","2","MONITORENTER","io/prometheus/client/CollectorRegistry:register:51","4","18750"
"org.apache.uniffle.common.rpc.GrpcServerTest#testGrpcExecutorPool","<main>","31","java/util/concurrent/atomic/AtomicLong.getAndIncrement()J","com/google/common/util/concurrent/ThreadFactoryBuilder$1:newThread:170","2","12500"
"org.apache.uniffle.common.rpc.GrpcServerTest#testGrpcExecutorPool","<main>","1","java/util/concurrent/atomic/AtomicLong.getAndIncrement()J","com/google/common/util/concurrent/ThreadFactoryBuilder$1:newThread:170","1","10000"
"org.apache.uniffle.common.rpc.GrpcServerTest#testGrpcExecutorPool","<main>","51","java/util/concurrent/Executors.callable(Ljava/lang/Runnable;Ljava/lang/Object;)Ljava/util/concurrent/Callable;","java/util/concurrent/FutureTask:<init>:152","2","15000"
"org.apache.uniffle.common.rpc.GrpcServerTest#testGrpcExecutorPool","<1410795158,1>","78","java/lang/System.currentTimeMillis()J","org/apache/log4j/spi/LoggingEvent:<init>:168","1","10000"
"org.apache.uniffle.common.rpc.GrpcServerTest#testGrpcExecutorPool","<1410795158,1>","14","java/util/concurrent/atomic/AtomicLongFieldUpdater.compareAndSet(Ljava/lang/Object;JJ)Z","io/prometheus/client/Striped64$Cell:cas:99","1","10000"
"org.apache.uniffle.common.rpc.GrpcServerTest#testGrpcExecutorPool","<main>","67","MONITORENTER","org/jacoco/agent/rt/internal_1f1cc91/core/runtime/RuntimeData:getExecutionData:119","1","10000"
"org.apache.uniffle.common.rpc.GrpcServerTest#testGrpcExecutorPool","<1410795158,1>","78","java/lang/Thread.sleep(J)V","org/apache/uniffle/common/rpc/GrpcServerTest:lambda$testGrpcExecutorPool$0:66","1","10000"
"org.apache.uniffle.common.rpc.GrpcServerTest#testGrpcExecutorPool","<1410795158,2>","40","java/util/concurrent/FutureTask.finishCompletion()V","java/util/concurrent/FutureTask:set:233","1","10000"
"org.apache.uniffle.common.rpc.GrpcServerTest#testGrpcExecutorPool","<main>","3","MONITOREXIT","io/prometheus/client/CollectorRegistry:register:61","3","17500"
"org.apache.uniffle.common.rpc.GrpcServerTest#testGrpcExecutorPool","<main>","65","MONITOREXIT","io/prometheus/client/CollectorRegistry:register:61","4","18750"
"org.apache.uniffle.common.rpc.GrpcServerTest#testGrpcExecutorPool","<1410795158,2>","77","MONITOREXIT","org/apache/log4j/Category:callAppenders:211","1","10000"
"org.apache.uniffle.common.rpc.GrpcServerTest#testGrpcExecutorPool","<main>","49","java/util/concurrent/Executors.callable(Ljava/lang/Runnable;Ljava/lang/Object;)Ljava/util/concurrent/Callable;","java/util/concurrent/FutureTask:<init>:153","1","10000"
"org.apache.uniffle.common.rpc.GrpcServerTest#testGrpcExecutorPool","<main>","8","java/lang/Thread.setDaemon(Z)V","com/google/common/util/concurrent/ThreadFactoryBuilder$1:newThread:172","2","15000"
"org.apache.uniffle.common.rpc.GrpcServerTest#testGrpcExecutorPool","<1410795158,2>","76","MONITOREXIT","org/apache/log4j/Category:callAppenders:211","4","18750"
"org.apache.uniffle.common.rpc.GrpcServerTest#testGrpcExecutorPool","<main>","60","java/util/concurrent/Executors.callable(Ljava/lang/Runnable;Ljava/lang/Object;)Ljava/util/concurrent/Callable;","java/util/concurrent/FutureTask:<init>:152","2","15000"
"org.apache.uniffle.common.rpc.GrpcServerTest#testGrpcExecutorPool","<1410795158,1>","49","MONITORENTER","org/apache/log4j/Category:callAppenders:204","3","17500"
"org.apache.uniffle.common.rpc.GrpcServerTest#testGrpcExecutorPool","<1410795158,2>","37","java/util/concurrent/Callable.call()Ljava/lang/Object;","java/util/concurrent/FutureTask:run:267","1","10000"
"org.apache.uniffle.common.rpc.GrpcServerTest#testGrpcExecutorPool","<1410795158,2>","76","java/lang/Thread.sleep(J)V","org/apache/uniffle/common/rpc/GrpcServerTest:lambda$testGrpcExecutorPool$0:67","1","10000"
"org.apache.uniffle.common.rpc.GrpcServerTest#testGrpcExecutorPool","<main>","5","java/util/concurrent/ConcurrentMap.putIfAbsent(Ljava/lang/Object;Ljava/lang/Object;)Ljava/lang/Object;","io/prometheus/client/SimpleCollector:labels:78","2","15000"
"org.apache.uniffle.common.rpc.GrpcServerTest#testGrpcExecutorPool","<main>","8","java/util/concurrent/atomic/AtomicLong.getAndIncrement()J","com/google/common/util/concurrent/ThreadFactoryBuilder$1:newThread:169","1","10000"
"org.apache.uniffle.common.rpc.GrpcServerTest#testGrpcExecutorPool","<main>","17","java/lang/Thread.sleep(J)V","org/apache/uniffle/common/rpc/GrpcServerTest:testGrpcExecutorPool:76","1","10000"
"org.apache.uniffle.common.rpc.GrpcServerTest#testGrpcExecutorPool","<1410795158,2>","61","java/util/concurrent/CountDownLatch.countDown()V","org/apache/uniffle/common/rpc/GrpcServerTest:lambda$testGrpcExecutorPool$0:71","1","10000"
"org.apache.uniffle.common.rpc.GrpcServerTest#testGrpcExecutorPool","<1410795158,1>","49","java/util/concurrent/CountDownLatch.countDown()V","org/apache/uniffle/common/rpc/GrpcServerTest:lambda$testGrpcExecutorPool$0:72","1","10000"
"org.apache.uniffle.common.rpc.GrpcServerTest#testGrpcExecutorPool","<main>","4","java/util/concurrent/atomic/AtomicLongFieldUpdater.newUpdater(Ljava/lang/Class;Ljava/lang/String;)Ljava/util/concurrent/atomic/AtomicLongFieldUpdater;","io/prometheus/client/Striped64:<clinit>:281","1","10000"
"org.apache.uniffle.common.rpc.GrpcServerTest#testGrpcExecutorPool","<1410795158,2>","96","java/util/concurrent/atomic/AtomicLongFieldUpdater.compareAndSet(Ljava/lang/Object;JJ)Z","io/prometheus/client/Striped64:casBase:149","1","10000"
"org.apache.uniffle.common.rpc.GrpcServerTest#testGrpcExecutorPool","<main>","3","MONITORENTER","org/jacoco/agent/rt/internal_1f1cc91/core/runtime/RuntimeData:getExecutionData:119","3","17500"
"org.apache.uniffle.common.rpc.GrpcServerTest#testGrpcExecutorPool","<main>","65","java/util/concurrent/ConcurrentMap.putIfAbsent(Ljava/lang/Object;Ljava/lang/Object;)Ljava/lang/Object;","io/prometheus/client/SimpleCollector:labels:77","1","10000"
"org.apache.uniffle.common.rpc.GrpcServerTest#testGrpcExecutorPool","<main>","3","java/lang/Thread.setDaemon(Z)V","com/google/common/util/concurrent/ThreadFactoryBuilder$1:newThread:172","1","10000"
"org.apache.uniffle.common.rpc.GrpcServerTest#testGrpcExecutorPool","<main>","3","java/util/concurrent/atomic/AtomicLong.getAndIncrement()J","com/google/common/util/concurrent/ThreadFactoryBuilder$1:newThread:170","2","12500"
"org.apache.uniffle.common.rpc.GrpcServerTest#testGrpcExecutorPool","<main>","2","MONITOREXIT","org/jacoco/agent/rt/internal_1f1cc91/core/runtime/RuntimeData:getExecutionData:120","10","19979"
"org.apache.uniffle.common.rpc.GrpcServerTest#testGrpcExecutorPool","<main>","69","MONITORENTER","org/jacoco/agent/rt/internal_1f1cc91/core/runtime/RuntimeData:getExecutionData:119","12","19992"
"org.apache.uniffle.common.rpc.GrpcServerTest#testGrpcExecutorPool","<main>","1","MONITORENTER","io/prometheus/client/CollectorRegistry:register:51","5","19375"
"org.apache.uniffle.common.rpc.GrpcServerTest#testGrpcExecutorPool","<1410795158,2>","59","SYNCHRONIZED_METHOD_EXIT","org/apache/log4j/AppenderSkeleton:doAppend:252","1","10000"
"org.apache.uniffle.common.rpc.GrpcServerTest#testGrpcExecutorPool","<main>","6","MONITOREXIT","io/prometheus/client/CollectorRegistry:register:61","3","17500"
"org.apache.uniffle.common.rpc.GrpcServerTest#testGrpcExecutorPool","<main>","6","java/lang/Thread.setName(Ljava/lang/String;)V","com/google/common/util/concurrent/ThreadFactoryBuilder$1:newThread:169","1","5000"
"org.apache.uniffle.common.rpc.GrpcServerTest#testGrpcExecutorPool","<main>","65","MONITOREXIT","io/prometheus/client/CollectorRegistry:register:61","2","15000"
"org.apache.uniffle.common.rpc.GrpcServerTest#testGrpcExecutorPool","<main>","40","java/lang/Thread.setDaemon(Z)V","com/google/common/util/concurrent/ThreadFactoryBuilder$1:newThread:172","2","15000"
"org.apache.uniffle.common.rpc.GrpcServerTest#testGrpcExecutorPool","<main>","3","MONITOREXIT","org/jacoco/agent/rt/internal_1f1cc91/core/runtime/RuntimeData:getExecutionData:120","11","19988"
"org.apache.uniffle.common.rpc.GrpcServerTest#testGrpcExecutorPool","<main>","2","java/lang/Thread.setName(Ljava/lang/String;)V","com/google/common/util/concurrent/ThreadFactoryBuilder$1:newThread:169","1","5000"
"org.apache.uniffle.common.rpc.GrpcServerTest#testGrpcExecutorPool","<1410795158,1>","6","MONITOREXIT","org/apache/log4j/Category:callAppenders:211","2","15000"
"org.apache.uniffle.common.rpc.GrpcServerTest#testGrpcExecutorPool","<main>","47","java/lang/Thread.setName(Ljava/lang/String;)V","com/google/common/util/concurrent/ThreadFactoryBuilder$1:newThread:169","1","5000"
"org.apache.uniffle.common.rpc.GrpcServerTest#testGrpcExecutorPool","<main>","69","MONITORENTER","org/jacoco/agent/rt/internal_1f1cc91/core/runtime/RuntimeData:getExecutionData:119","6","19687"
"org.apache.uniffle.common.rpc.GrpcServerTest#testGrpcExecutorPool","<main>","1","MONITOREXIT","org/jacoco/agent/rt/internal_1f1cc91/core/runtime/RuntimeData:getExecutionData:120","1","10000"
"org.apache.uniffle.common.rpc.GrpcServerTest#testGrpcExecutorPool","<1410795158,1>","24","java/util/concurrent/FutureTask.set(Ljava/lang/Object;)V","java/util/concurrent/FutureTask:run:275","1","10000"
"org.apache.uniffle.common.rpc.GrpcServerTest#testGrpcExecutorPool","<main>","28","java/lang/Thread.setDaemon(Z)V","com/google/common/util/concurrent/ThreadFactoryBuilder$1:newThread:173","1","10000"
"org.apache.uniffle.common.rpc.GrpcServerTest#testGrpcExecutorPool","<1410795158,1>","6","MONITORENTER","org/apache/log4j/Category:callAppenders:204","1","10000"
"org.apache.uniffle.common.rpc.GrpcServerTest#testGrpcExecutorPool","<1410795158,1>","20","java/util/concurrent/ThreadPoolExecutor.afterExecute(Ljava/lang/Runnable;Ljava/lang/Throwable;)V","org/apache/uniffle/common/rpc/GrpcServer$GrpcThreadPoolExecutor:afterExecute:153","1","10000"
"org.apache.uniffle.common.rpc.GrpcServerTest#testGrpcExecutorPool","<1410795158,1>","5","java/util/concurrent/CountDownLatch.countDown()V","org/apache/uniffle/common/rpc/GrpcServerTest:lambda$testGrpcExecutorPool$0:72","1","10000"
"org.apache.uniffle.common.rpc.GrpcServerTest#testGrpcExecutorPool","<1410795158,2>","63","java/util/concurrent/CountDownLatch.countDown()V","org/apache/uniffle/common/rpc/GrpcServerTest:lambda$testGrpcExecutorPool$0:71","1","10000"
"org.apache.uniffle.common.rpc.GrpcServerTest#testGrpcExecutorPool","<main>","64","MONITORENTER","io/prometheus/client/CollectorRegistry:register:51","8","19921"
"org.apache.uniffle.common.rpc.GrpcServerTest#testGrpcExecutorPool","<main>","32","java/util/concurrent/Executors.callable(Ljava/lang/Runnable;Ljava/lang/Object;)Ljava/util/concurrent/Callable;","java/util/concurrent/FutureTask:<init>:152","1","10000"
"org.apache.uniffle.common.rpc.GrpcServerTest#testGrpcExecutorPool","<main>","49","java/util/concurrent/Executors.callable(Ljava/lang/Runnable;Ljava/lang/Object;)Ljava/util/concurrent/Callable;","java/util/concurrent/FutureTask:<init>:153","3","17500"
"org.apache.uniffle.common.rpc.GrpcServerTest#testGrpcExecutorPool","<main>","2","MONITOREXIT","org/jacoco/agent/rt/internal_1f1cc91/core/runtime/RuntimeData:getExecutionData:120","9","19960"
"org.apache.uniffle.common.rpc.GrpcServerTest#testGrpcExecutorPool","<main>","6","java/util/concurrent/atomic/AtomicLong.getAndIncrement()J","com/google/common/util/concurrent/ThreadFactoryBuilder$1:newThread:169","2","12500"
"org.apache.uniffle.common.rpc.GrpcServerTest#testGrpcExecutorPool","<1410795158,1>","72","MONITOREXIT","org/apache/log4j/Category:callAppenders:211","3","17500"
"org.apache.uniffle.common.rpc.GrpcServerTest#testGrpcExecutorPool","<main>","3","MONITORENTER","org/jacoco/agent/rt/internal_1f1cc91/core/runtime/RuntimeData:getExecutionData:119","13","19994"
"org.apache.uniffle.common.rpc.GrpcServerTest#testGrpcExecutorPool","<1410795158,2>","71","SYNCHRONIZED_METHOD_EXIT","org/apache/log4j/AppenderSkeleton:doAppend:252","1","10000"
"org.apache.uniffle.common.rpc.GrpcServerTest#testGrpcExecutorPool","<main>","67","MONITOREXIT","org/jacoco/agent/rt/internal_1f1cc91/core/runtime/RuntimeData:getExecutionData:120","13","19994"
"org.apache.uniffle.common.rpc.GrpcServerTest#testGrpcExecutorPool","<main>","6","java/util/concurrent/atomic/AtomicLong.getAndIncrement()J","com/google/common/util/concurrent/ThreadFactoryBuilder$1:newThread:170","1","10000"
"org.apache.uniffle.common.rpc.GrpcServerTest#testGrpcExecutorPool","<main>","36","java/util/concurrent/atomic/AtomicLong.getAndIncrement()J","com/google/common/util/concurrent/ThreadFactoryBuilder$1:newThread:169","2","12500"
"org.apache.uniffle.common.rpc.GrpcServerTest#testGrpcExecutorPool","<main>","6","MONITORENTER","io/prometheus/client/CollectorRegistry:register:51","2","15000"
"org.apache.uniffle.common.rpc.GrpcServerTest#testGrpcExecutorPool","<main>","5","java/util/concurrent/ConcurrentMap.putIfAbsent(Ljava/lang/Object;Ljava/lang/Object;)Ljava/lang/Object;","io/prometheus/client/SimpleCollector:labels:77","5","19375"
"org.apache.uniffle.common.rpc.GrpcServerTest#testGrpcExecutorPool","<main>","6","java/util/concurrent/Executors.callable(Ljava/lang/Runnable;Ljava/lang/Object;)Ljava/util/concurrent/Callable;","java/util/concurrent/FutureTask:<init>:153","3","17500"
"org.apache.uniffle.common.rpc.GrpcServerTest#testGrpcExecutorPool","<main>","55","java/util/concurrent/Executors.callable(Ljava/lang/Runnable;Ljava/lang/Object;)Ljava/util/concurrent/Callable;","java/util/concurrent/FutureTask:<init>:153","2","15000"
"org.apache.uniffle.common.rpc.GrpcServerTest#testGrpcExecutorPool","<main>","8","java/util/concurrent/Executors.callable(Ljava/lang/Runnable;Ljava/lang/Object;)Ljava/util/concurrent/Callable;","java/util/concurrent/FutureTask:<init>:153","2","15000"
"org.apache.uniffle.common.rpc.GrpcServerTest#testGrpcExecutorPool","<main>","6","java/lang/Thread.setName(Ljava/lang/String;)V","com/google/common/util/concurrent/ThreadFactoryBuilder$1:newThread:170","1","5000"
"org.apache.uniffle.common.rpc.GrpcServerTest#testGrpcExecutorPool","<main>","3","MONITORENTER","io/prometheus/client/CollectorRegistry:register:51","9","19960"
"org.apache.uniffle.common.rpc.GrpcServerTest#testGrpcExecutorPool","<main>","5","MONITORENTER","io/prometheus/client/CollectorRegistry:register:51","6","19687"
"org.apache.uniffle.common.rpc.GrpcServerTest#testGrpcExecutorPool","<1410795158,2>","39","java/util/concurrent/Callable.call()Ljava/lang/Object;","java/util/concurrent/FutureTask:run:267","1","10000"
"org.apache.uniffle.common.rpc.GrpcServerTest#testGrpcExecutorPool","<main>","2","java/lang/Thread.setName(Ljava/lang/String;)V","com/google/common/util/concurrent/ThreadFactoryBuilder$1:newThread:170","1","5000"
"org.apache.uniffle.common.rpc.GrpcServerTest#testGrpcExecutorPool","<main>","9","java/util/concurrent/Executors.callable(Ljava/lang/Runnable;Ljava/lang/Object;)Ljava/util/concurrent/Callable;","java/util/concurrent/FutureTask:<init>:152","2","15000"
"org.apache.uniffle.common.rpc.GrpcServerTest#testGrpcExecutorPool","<main>","3","java/util/concurrent/ConcurrentMap.putIfAbsent(Ljava/lang/Object;Ljava/lang/Object;)Ljava/lang/Object;","io/prometheus/client/SimpleCollector:labels:77","1","10000"
"org.apache.uniffle.common.rpc.GrpcServerTest#testGrpcExecutorPool","<main>","1","java/util/concurrent/ConcurrentMap.putIfAbsent(Ljava/lang/Object;Ljava/lang/Object;)Ljava/lang/Object;","io/prometheus/client/SimpleCollector:labels:78","1","10000"
"org.apache.uniffle.common.rpc.GrpcServerTest#testGrpcExecutorPool","<1410795158,1>","47","MONITORENTER","org/apache/log4j/Category:callAppenders:204","4","18750"
"org.apache.uniffle.common.rpc.GrpcServerTest#testGrpcExecutorPool","<1410795158,1>","85","java/lang/Thread.currentThread()Ljava/lang/Thread;","java/util/concurrent/FutureTask:run:259","1","10000"
"org.apache.uniffle.common.rpc.GrpcServerTest#testGrpcExecutorPool","<1410795158,2>","78","java/lang/Thread.sleep(J)V","org/apache/uniffle/common/rpc/GrpcServerTest:lambda$testGrpcExecutorPool$0:66","1","10000"
"org.apache.uniffle.common.rpc.GrpcServerTest#testGrpcExecutorPool","<main>","1","MONITOREXIT","io/prometheus/client/CollectorRegistry:register:61","5","19375"
"org.apache.uniffle.common.rpc.GrpcServerTest#testGrpcExecutorPool","<1410795158,1>","10","java/util/concurrent/FutureTask.set(Ljava/lang/Object;)V","java/util/concurrent/FutureTask:run:275","1","10000"
"org.apache.uniffle.common.rpc.GrpcServerTest#testGrpcExecutorPool","<main>","35","java/util/concurrent/atomic/AtomicLong.getAndIncrement()J","com/google/common/util/concurrent/ThreadFactoryBuilder$1:newThread:170","1","10000"
"org.apache.uniffle.common.rpc.GrpcServerTest#testGrpcExecutorPool","<main>","4","java/util/concurrent/ConcurrentMap.putIfAbsent(Ljava/lang/Object;Ljava/lang/Object;)Ljava/lang/Object;","io/prometheus/client/SimpleCollector:labels:78","1","10000"
"org.apache.uniffle.common.rpc.GrpcServerTest#testGrpcExecutorPool","<main>","33","java/lang/Thread.setDaemon(Z)V","com/google/common/util/concurrent/ThreadFactoryBuilder$1:newThread:172","2","15000"
"org.apache.uniffle.common.rpc.GrpcServerTest#testGrpcExecutorPool","<main>","4","java/util/concurrent/atomic/AtomicIntegerFieldUpdater.newUpdater(Ljava/lang/Class;Ljava/lang/String;)Ljava/util/concurrent/atomic/AtomicIntegerFieldUpdater;","io/prometheus/client/Striped64:<clinit>:282","1","10000"
"org.apache.uniffle.common.rpc.GrpcServerTest#testGrpcExecutorPool","<main>","8","java/lang/Thread.setDaemon(Z)V","com/google/common/util/concurrent/ThreadFactoryBuilder$1:newThread:172","1","10000"
"org.apache.uniffle.common.rpc.GrpcServerTest#testGrpcExecutorPool","<main>","3","MONITOREXIT","io/prometheus/client/CollectorRegistry:register:61","5","19375"
"org.apache.uniffle.common.rpc.GrpcServerTest#testGrpcExecutorPool","<1410795158,2>","60","SYNCHRONIZED_METHOD_ENTER","org/apache/log4j/AppenderSkeleton:doAppend:0","1","10000"
"org.apache.uniffle.common.rpc.GrpcServerTest#testGrpcExecutorPool","<main>","66","java/util/concurrent/ConcurrentMap.putIfAbsent(Ljava/lang/Object;Ljava/lang/Object;)Ljava/lang/Object;","io/prometheus/client/SimpleCollector:labels:78","3","17500"
"org.apache.uniffle.common.rpc.GrpcServerTest#testGrpcExecutorPool","<main>","3","java/util/concurrent/Executors.callable(Ljava/lang/Runnable;Ljava/lang/Object;)Ljava/util/concurrent/Callable;","java/util/concurrent/FutureTask:<init>:152","3","17500"
"org.apache.uniffle.common.rpc.GrpcServerTest#testGrpcExecutorPool","<main>","66","MONITOREXIT","io/prometheus/client/CollectorRegistry:register:61","4","18750"
"org.apache.uniffle.common.rpc.GrpcServerTest#testGrpcExecutorPool","<1410795158,1>","19","java/util/concurrent/FutureTask.set(Ljava/lang/Object;)V","java/util/concurrent/FutureTask:run:275","1","10000"
"org.apache.uniffle.common.rpc.GrpcServerTest#testGrpcExecutorPool","<main>","4","MONITORENTER","io/prometheus/client/CollectorRegistry:register:51","10","19979"
"org.apache.uniffle.common.rpc.GrpcServerTest#testGrpcExecutorPool","<main>","30","java/lang/Thread.setDaemon(Z)V","com/google/common/util/concurrent/ThreadFactoryBuilder$1:newThread:173","1","10000"
"org.apache.uniffle.common.rpc.GrpcServerTest#testGrpcExecutorPool","<main>","42","java/lang/Thread.setDaemon(Z)V","com/google/common/util/concurrent/ThreadFactoryBuilder$1:newThread:172","2","15000"
"org.apache.uniffle.common.rpc.GrpcServerTest#testGrpcExecutorPool","<1410795158,2>","49","java/util/concurrent/Callable.call()Ljava/lang/Object;","java/util/concurrent/FutureTask:run:267","1","10000"
"org.apache.uniffle.common.rpc.GrpcServerTest#testGrpcExecutorPool","<main>","21","java/lang/Thread.sleep(J)V","org/apache/uniffle/common/rpc/GrpcServerTest:testGrpcExecutorPool:75","1","10000"
"org.apache.uniffle.common.rpc.GrpcServerTest#testGrpcExecutorPool","<main>","4","MONITOREXIT","io/prometheus/client/CollectorRegistry:register:61","5","19375"
"org.apache.uniffle.common.rpc.GrpcServerTest#testGrpcExecutorPool","<main>","2","MONITOREXIT","org/jacoco/agent/rt/internal_1f1cc91/core/runtime/RuntimeData:getExecutionData:120","7","19843"
"org.apache.uniffle.common.rpc.GrpcServerTest#testGrpcExecutorPool","<main>","8","java/lang/Thread.sleep(J)V","org/apache/uniffle/common/rpc/GrpcServerTest:testGrpcExecutorPool:75","1","10000"
"org.apache.uniffle.common.rpc.GrpcServerTest#testGrpcExecutorPool","<main>","4","java/util/concurrent/Executors.callable(Ljava/lang/Runnable;Ljava/lang/Object;)Ljava/util/concurrent/Callable;","java/util/concurrent/FutureTask:<init>:152","3","17500"
"org.apache.uniffle.common.rpc.GrpcServerTest#testGrpcExecutorPool","<main>","36","java/util/concurrent/atomic/AtomicLong.getAndIncrement()J","com/google/common/util/concurrent/ThreadFactoryBuilder$1:newThread:170","2","12500"
"org.apache.uniffle.common.rpc.GrpcServerTest#testGrpcExecutorPool","<main>","53","java/util/concurrent/Executors.callable(Ljava/lang/Runnable;Ljava/lang/Object;)Ljava/util/concurrent/Callable;","java/util/concurrent/FutureTask:<init>:152","2","15000"
"org.apache.uniffle.common.rpc.GrpcServerTest#testGrpcExecutorPool","<1410795158,1>","48","java/util/concurrent/CountDownLatch.countDown()V","org/apache/uniffle/common/rpc/GrpcServerTest:lambda$testGrpcExecutorPool$0:72","1","10000"
"org.apache.uniffle.common.rpc.GrpcServerTest#testGrpcExecutorPool","<1410795158,1>","43","java/util/concurrent/FutureTask.done()V","java/util/concurrent/FutureTask:finishCompletion:384","1","10000"
"org.apache.uniffle.common.rpc.GrpcServerTest#testGrpcExecutorPool","<main>","4","java/lang/Thread.setDaemon(Z)V","com/google/common/util/concurrent/ThreadFactoryBuilder$1:newThread:172","2","15000"
"org.apache.uniffle.common.rpc.GrpcServerTest#testGrpcExecutorPool","<main>","2","java/lang/Thread.sleep(J)V","org/apache/uniffle/common/rpc/GrpcServerTest:testGrpcExecutorPool:75","1","10000"
"org.apache.uniffle.common.rpc.GrpcServerTest#testGrpcExecutorPool","<main>","6","java/util/concurrent/ConcurrentMap.putIfAbsent(Ljava/lang/Object;Ljava/lang/Object;)Ljava/lang/Object;","io/prometheus/client/SimpleCollector:labels:77","1","10000"
"org.apache.uniffle.common.rpc.GrpcServerTest#testGrpcExecutorPool","<main>","1","MONITORENTER","io/prometheus/client/CollectorRegistry:register:51","2","15000"
"org.apache.uniffle.common.rpc.GrpcServerTest#testGrpcExecutorPool","<main>","67","MONITOREXIT","org/jacoco/agent/rt/internal_1f1cc91/core/runtime/RuntimeData:getExecutionData:120","5","19375"
"org.apache.uniffle.common.rpc.GrpcServerTest#testGrpcExecutorPool","<main>","64","MONITOREXIT","io/prometheus/client/CollectorRegistry:register:61","6","19687"
"org.apache.uniffle.common.rpc.GrpcServerTest#testGrpcExecutorPool","<main>","60","java/util/concurrent/Executors.callable(Ljava/lang/Runnable;Ljava/lang/Object;)Ljava/util/concurrent/Callable;","java/util/concurrent/FutureTask:<init>:152","3","17500"
"org.apache.uniffle.common.rpc.GrpcServerTest#testGrpcExecutorPool","<1410795158,2>","77","java/lang/Thread.sleep(J)V","org/apache/uniffle/common/rpc/GrpcServerTest:lambda$testGrpcExecutorPool$0:66","1","10000"
"org.apache.uniffle.common.rpc.GrpcServerTest#testGrpcExecutorPool","<main>","3","MONITORENTER","org/jacoco/agent/rt/internal_1f1cc91/core/runtime/RuntimeData:getExecutionData:119","10","19979"
"org.apache.uniffle.common.rpc.GrpcServerTest#testGrpcExecutorPool","<main>","4","java/util/concurrent/atomic/AtomicLong.getAndIncrement()J","com/google/common/util/concurrent/ThreadFactoryBuilder$1:newThread:169","1","10000"
"org.apache.uniffle.common.rpc.GrpcServerTest#testGrpcExecutorPool","<1410795158,2>","82","java/util/concurrent/Callable.call()Ljava/lang/Object;","java/util/concurrent/FutureTask:run:266","1","10000"
"org.apache.uniffle.common.rpc.GrpcServerTest#testGrpcExecutorPool","<main>","4","MONITORENTER","io/prometheus/client/CollectorRegistry:register:51","2","15000"
"org.apache.uniffle.common.rpc.GrpcServerTest#testGrpcExecutorPool","<main>","5","java/util/concurrent/ConcurrentMap.putIfAbsent(Ljava/lang/Object;Ljava/lang/Object;)Ljava/lang/Object;","io/prometheus/client/SimpleCollector:labels:77","4","18750"
"org.apache.uniffle.common.rpc.GrpcServerTest#testGrpcExecutorPool","<main>","8","java/util/concurrent/Executors.defaultThreadFactory()Ljava/util/concurrent/ThreadFactory;","com/google/common/util/concurrent/ThreadFactoryBuilder:doBuild:162","1","10000"
"org.apache.uniffle.common.rpc.GrpcServerTest#testGrpcExecutorPool","<main>","1","java/util/concurrent/Executors.callable(Ljava/lang/Runnable;Ljava/lang/Object;)Ljava/util/concurrent/Callable;","java/util/concurrent/FutureTask:<init>:153","3","17500"
"org.apache.uniffle.common.rpc.GrpcServerTest#testGrpcExecutorPool","<main>","64","java/util/concurrent/Executors.defaultThreadFactory()Ljava/util/concurrent/ThreadFactory;","com/google/common/util/concurrent/ThreadFactoryBuilder:doBuild:161","1","10000"
"org.apache.uniffle.common.rpc.GrpcServerTest#testGrpcExecutorPool","<1410795158,1>","73","MONITORENTER","org/apache/log4j/Category:callAppenders:204","2","15000"
"org.apache.uniffle.common.rpc.GrpcServerTest#testGrpcExecutorPool","<1410795158,1>","4","MONITORENTER","org/apache/log4j/Category:callAppenders:204","3","17500"
"org.apache.uniffle.common.rpc.GrpcServerTest#testGrpcExecutorPool","<main>","1","MONITORENTER","org/jacoco/agent/rt/internal_1f1cc91/core/runtime/RuntimeData:getExecutionData:119","11","19988"
"org.apache.uniffle.common.rpc.GrpcServerTest#testGrpcExecutorPool","<1410795158,1>","44","java/util/concurrent/FutureTask.finishCompletion()V","java/util/concurrent/FutureTask:set:233","1","10000"
"org.apache.uniffle.common.rpc.GrpcServerTest#testGrpcExecutorPool","<main>","37","java/util/concurrent/atomic/AtomicLong.getAndIncrement()J","com/google/common/util/concurrent/ThreadFactoryBuilder$1:newThread:170","1","10000"
"org.apache.uniffle.common.rpc.GrpcServerTest#testGrpcExecutorPool","<main>","3","java/util/concurrent/Executors.callable(Ljava/lang/Runnable;Ljava/lang/Object;)Ljava/util/concurrent/Callable;","java/util/concurrent/FutureTask:<init>:153","2","15000"
"org.apache.uniffle.common.rpc.GrpcServerTest#testGrpcExecutorPool","<1410795158,1>","48","MONITORENTER","org/apache/log4j/Category:callAppenders:204","1","10000"
"org.apache.uniffle.common.rpc.GrpcServerTest#testGrpcExecutorPool","<main>","4","java/util/concurrent/atomic/AtomicLong.getAndIncrement()J","com/google/common/util/concurrent/ThreadFactoryBuilder$1:newThread:170","2","12500"
"org.apache.uniffle.common.rpc.GrpcServerTest#testGrpcExecutorPool","<main>","6","MONITOREXIT","io/prometheus/client/CollectorRegistry:register:61","5","19375"
"org.apache.uniffle.common.rpc.GrpcServerTest#testGrpcExecutorPool","<main>","4","java/util/concurrent/Executors.defaultThreadFactory()Ljava/util/concurrent/ThreadFactory;","com/google/common/util/concurrent/ThreadFactoryBuilder:doBuild:161","1","10000"
"org.apache.uniffle.common.rpc.GrpcServerTest#testGrpcExecutorPool","<main>","53","java/util/concurrent/Executors.callable(Ljava/lang/Runnable;Ljava/lang/Object;)Ljava/util/concurrent/Callable;","java/util/concurrent/FutureTask:<init>:153","2","15000"
"org.apache.uniffle.common.rpc.GrpcServerTest#testGrpcExecutorPool","<main>","1","java/lang/Thread.setName(Ljava/lang/String;)V","com/google/common/util/concurrent/ThreadFactoryBuilder$1:newThread:169","1","5000"
"org.apache.uniffle.common.rpc.GrpcServerTest#testGrpcExecutorPool","<1410795158,2>","4","SYNCHRONIZED_METHOD_ENTER","org/apache/log4j/AppenderSkeleton:doAppend:0","1","10000"
"org.apache.uniffle.common.rpc.GrpcServerTest#testGrpcExecutorPool","<1410795158,2>","35","java/util/concurrent/CountDownLatch.countDown()V","org/apache/uniffle/common/rpc/GrpcServerTest:lambda$testGrpcExecutorPool$0:71","1","10000"
"org.apache.uniffle.common.rpc.GrpcServerTest#testGrpcExecutorPool","<main>","7","java/lang/Thread.setDaemon(Z)V","com/google/common/util/concurrent/ThreadFactoryBuilder$1:newThread:173","2","15000"
"org.apache.uniffle.common.rpc.GrpcServerTest#testGrpcExecutorPool","<main>","46","java/lang/Thread.setName(Ljava/lang/String;)V","com/google/common/util/concurrent/ThreadFactoryBuilder$1:newThread:169","2","6250"
"org.apache.uniffle.common.rpc.GrpcServerTest#testGrpcExecutorPool","<main>","68","MONITOREXIT","org/jacoco/agent/rt/internal_1f1cc91/core/runtime/RuntimeData:getExecutionData:120","7","19843"
"org.apache.uniffle.common.rpc.GrpcServerTest#testGrpcExecutorPool","<1410795158,1>","18","java/util/concurrent/FutureTask.set(Ljava/lang/Object;)V","java/util/concurrent/FutureTask:run:275","1","10000"
"org.apache.uniffle.common.rpc.GrpcServerTest#testGrpcExecutorPool","<main>","67","MONITOREXIT","org/jacoco/agent/rt/internal_1f1cc91/core/runtime/RuntimeData:getExecutionData:120","11","19988"
"org.apache.uniffle.common.rpc.GrpcServerTest#testGrpcExecutorPool","<main>","29","java/lang/Thread.setDaemon(Z)V","com/google/common/util/concurrent/ThreadFactoryBuilder$1:newThread:173","1","10000"
"org.apache.uniffle.common.rpc.GrpcServerTest#testGrpcExecutorPool","<main>","14","java/lang/Thread.sleep(J)V","org/apache/uniffle/common/rpc/GrpcServerTest:testGrpcExecutorPool:84","1","10000"
"org.apache.uniffle.common.rpc.GrpcServerTest#testGrpcExecutorPool","<main>","2","java/util/concurrent/ConcurrentMap.putIfAbsent(Ljava/lang/Object;Ljava/lang/Object;)Ljava/lang/Object;","io/prometheus/client/SimpleCollector:labels:77","3","17500"
"org.apache.uniffle.common.rpc.GrpcServerTest#testGrpcExecutorPool","<main>","65","MONITOREXIT","io/prometheus/client/CollectorRegistry:register:61","3","17500"
"org.apache.uniffle.common.rpc.GrpcServerTest#testGrpcExecutorPool","<1410795158,2>","45","java/util/concurrent/FutureTask.done()V","java/util/concurrent/FutureTask:finishCompletion:384","1","10000"
"org.apache.uniffle.common.rpc.GrpcServerTest#testGrpcExecutorPool","<main>","5","MONITORENTER","io/prometheus/client/CollectorRegistry:register:51","1","10000"
"org.apache.uniffle.common.rpc.GrpcServerTest#testGrpcExecutorPool","<main>","16","java/lang/Thread.setDaemon(Z)V","com/google/common/util/concurrent/ThreadFactoryBuilder$1:newThread:173","2","15000"
"org.apache.uniffle.common.rpc.GrpcServerTest#testGrpcExecutorPool","<1410795158,2>","36","SYNCHRONIZED_METHOD_ENTER","org/apache/log4j/AppenderSkeleton:doAppend:0","1","10000"
"org.apache.uniffle.common.rpc.GrpcServerTest#testGrpcExecutorPool","<main>","32","java/lang/Thread.setName(Ljava/lang/String;)V","com/google/common/util/concurrent/ThreadFactoryBuilder$1:newThread:169","1","5000"
"org.apache.uniffle.common.rpc.GrpcServerTest#testGrpcExecutorPool","<main>","2","MONITOREXIT","io/prometheus/client/CollectorRegistry:register:61","6","19687"
"org.apache.uniffle.common.rpc.GrpcServerTest#testGrpcExecutorPool","<main>","31","java/util/concurrent/atomic/AtomicLong.getAndIncrement()J","com/google/common/util/concurrent/ThreadFactoryBuilder$1:newThread:170","1","10000"
"org.apache.uniffle.common.rpc.GrpcServerTest#testGrpcExecutorPool","<main>","2","MONITOREXIT","io/prometheus/client/CollectorRegistry:register:61","8","19921"
"org.apache.uniffle.common.rpc.GrpcServerTest#testGrpcExecutorPool","<main>","7","java/lang/Thread.setName(Ljava/lang/String;)V","com/google/common/util/concurrent/ThreadFactoryBuilder$1:newThread:170","1","5000"
"org.apache.uniffle.common.rpc.GrpcServerTest#testGrpcExecutorPool","<main>","16","java/lang/Thread.sleep(J)V","org/apache/uniffle/common/rpc/GrpcServerTest:testGrpcExecutorPool:75","1","10000"
"org.apache.uniffle.common.rpc.GrpcServerTest#testGrpcExecutorPool","<1410795158,1>","45","java/util/concurrent/FutureTask.finishCompletion()V","java/util/concurrent/FutureTask:set:233","1","10000"
"org.apache.uniffle.common.rpc.GrpcServerTest#testGrpcExecutorPool","<1410795158,2>","6","java/util/concurrent/CountDownLatch.countDown()V","org/apache/uniffle/common/rpc/GrpcServerTest:lambda$testGrpcExecutorPool$0:71","1","10000"
"org.apache.uniffle.common.rpc.GrpcServerTest#testGrpcExecutorPool","<main>","1","java/util/concurrent/atomic/AtomicLong.getAndIncrement()J","com/google/common/util/concurrent/ThreadFactoryBuilder$1:newThread:170","2","12500"
"org.apache.uniffle.common.rpc.GrpcServerTest#testGrpcExecutorPool","<1410795158,2>","76","java/lang/Thread.sleep(J)V","org/apache/uniffle/common/rpc/GrpcServerTest:lambda$testGrpcExecutorPool$0:66","1","10000"
"org.apache.uniffle.common.rpc.GrpcServerTest#testGrpcExecutorPool","<main>","13","java/util/concurrent/CountDownLatch.await()V","org/apache/uniffle/common/rpc/GrpcServerTest:testGrpcExecutorPool:82","1","10000"
"org.apache.uniffle.common.rpc.GrpcServerTest#testGrpcExecutorPool","<main>","57","java/util/concurrent/Executors.callable(Ljava/lang/Runnable;Ljava/lang/Object;)Ljava/util/concurrent/Callable;","java/util/concurrent/FutureTask:<init>:153","1","10000"
"org.apache.uniffle.common.rpc.GrpcServerTest#testGrpcExecutorPool","<1410795158,1>","84","java/lang/Thread.currentThread()Ljava/lang/Thread;","java/util/concurrent/FutureTask:run:258","1","10000"
"org.apache.uniffle.common.rpc.GrpcServerTest#testGrpcExecutorPool","<main>","68","MONITORENTER","org/jacoco/agent/rt/internal_1f1cc91/core/runtime/RuntimeData:getExecutionData:119","7","19843"
"org.apache.uniffle.common.rpc.GrpcServerTest#testGrpcExecutorPool","<1410795158,2>","58","java/util/concurrent/CountDownLatch.countDown()V","org/apache/uniffle/common/rpc/GrpcServerTest:lambda$testGrpcExecutorPool$0:72","1","10000"
"org.apache.uniffle.common.rpc.GrpcServerTest#testGrpcExecutorPool","<main>","67","MONITORENTER","org/jacoco/agent/rt/internal_1f1cc91/core/runtime/RuntimeData:getExecutionData:119","11","19988"
"org.apache.uniffle.common.rpc.GrpcServerTest#testGrpcExecutorPool","<main>","3","java/util/concurrent/Executors.defaultThreadFactory()Ljava/util/concurrent/ThreadFactory;","com/google/common/util/concurrent/ThreadFactoryBuilder:doBuild:161","1","10000"
"org.apache.uniffle.common.rpc.GrpcServerTest#testGrpcExecutorPool","<main>","31","java/lang/Thread.setName(Ljava/lang/String;)V","com/google/common/util/concurrent/ThreadFactoryBuilder$1:newThread:169","1","5000"
"org.apache.uniffle.common.rpc.GrpcServerTest#testGrpcExecutorPool","<main>","4","java/lang/Thread.sleep(J)V","org/apache/uniffle/common/rpc/GrpcServerTest:testGrpcExecutorPool:75","1","10000"
"org.apache.uniffle.common.rpc.GrpcServerTest#testGrpcExecutorPool","<main>","1","MONITORENTER","org/jacoco/agent/rt/internal_1f1cc91/core/runtime/RuntimeData:getExecutionData:119","12","19992"
"org.apache.uniffle.common.rpc.GrpcServerTest#testGrpcExecutorPool","<main>","3","MONITORENTER","org/jacoco/agent/rt/internal_1f1cc91/core/runtime/RuntimeData:getExecutionData:119","4","18750"
"org.apache.uniffle.common.rpc.GrpcServerTest#testGrpcExecutorPool","<main>","13","java/lang/Thread.sleep(J)V","org/apache/uniffle/common/rpc/GrpcServerTest:testGrpcExecutorPool:84","1","10000"
"org.apache.uniffle.common.rpc.GrpcServerTest#testGrpcExecutorPool","<main>","67","MONITOREXIT","org/jacoco/agent/rt/internal_1f1cc91/core/runtime/RuntimeData:getExecutionData:120","4","18750"
"org.apache.uniffle.common.rpc.GrpcServerTest#testGrpcExecutorPool","<main>","1","MONITOREXIT","io/prometheus/client/CollectorRegistry:register:61","2","15000"
"org.apache.uniffle.common.rpc.GrpcServerTest#testGrpcExecutorPool","<main>","8","java/util/concurrent/atomic/AtomicLong.getAndIncrement()J","com/google/common/util/concurrent/ThreadFactoryBuilder$1:newThread:169","2","12500"
"org.apache.uniffle.common.rpc.GrpcServerTest#testGrpcExecutorPool","<1410795158,1>","39","java/util/concurrent/FutureTask.finishCompletion()V","java/util/concurrent/FutureTask:set:233","1","10000"
"org.apache.uniffle.common.rpc.GrpcServerTest#testGrpcExecutorPool","<main>","68","MONITOREXIT","org/jacoco/agent/rt/internal_1f1cc91/core/runtime/RuntimeData:getExecutionData:120","10","19979"
"org.apache.uniffle.common.rpc.GrpcServerTest#testGrpcExecutorPool","<1410795158,2>","65","java/util/concurrent/CountDownLatch.countDown()V","org/apache/uniffle/common/rpc/GrpcServerTest:lambda$testGrpcExecutorPool$0:72","1","10000"
"org.apache.uniffle.common.rpc.GrpcServerTest#testGrpcExecutorPool","<1410795158,1>","26","java/util/concurrent/FutureTask.finishCompletion()V","java/util/concurrent/FutureTask:set:233","1","10000"
"org.apache.uniffle.common.rpc.GrpcServerTest#testGrpcExecutorPool","<main>","4","MONITORENTER","io/prometheus/client/CollectorRegistry:register:51","7","19843"
"org.apache.uniffle.common.rpc.GrpcServerTest#testGrpcExecutorPool","<main>","3","MONITOREXIT","io/prometheus/client/CollectorRegistry:register:61","2","15000"
"org.apache.uniffle.common.rpc.GrpcServerTest#testGrpcExecutorPool","<main>","58","java/util/concurrent/Executors.callable(Ljava/lang/Runnable;Ljava/lang/Object;)Ljava/util/concurrent/Callable;","java/util/concurrent/FutureTask:<init>:152","2","15000"
"org.apache.uniffle.common.rpc.GrpcServerTest#testGrpcExecutorPool","<main>","64","MONITOREXIT","io/prometheus/client/CollectorRegistry:register:61","1","10000"
"org.apache.uniffle.common.rpc.GrpcServerTest#testGrpcExecutorPool","<main>","50","java/util/concurrent/Executors.callable(Ljava/lang/Runnable;Ljava/lang/Object;)Ljava/util/concurrent/Callable;","java/util/concurrent/FutureTask:<init>:152","2","15000"
"org.apache.uniffle.common.rpc.GrpcServerTest#testGrpcExecutorPool","<1410795158,1>","4","MONITOREXIT","org/apache/log4j/Category:callAppenders:211","4","18750"
"org.apache.uniffle.common.rpc.GrpcServerTest#testGrpcExecutorPool","<1410795158,1>","5","MONITOREXIT","org/apache/log4j/Category:callAppenders:211","2","15000"
"org.apache.uniffle.common.rpc.GrpcServerTest#testGrpcExecutorPool","<main>","5","java/lang/Thread.setName(Ljava/lang/String;)V","com/google/common/util/concurrent/ThreadFactoryBuilder$1:newThread:170","2","6250"
"org.apache.uniffle.common.rpc.GrpcServerTest#testGrpcExecutorPool","<main>","15","java/util/concurrent/CountDownLatch.await()V","org/apache/uniffle/common/rpc/GrpcServerTest:testGrpcExecutorPool:81","1","10000"
"org.apache.uniffle.common.rpc.GrpcServerTest#testGrpcExecutorPool","<main>","4","java/util/concurrent/ConcurrentMap.putIfAbsent(Ljava/lang/Object;Ljava/lang/Object;)Ljava/lang/Object;","io/prometheus/client/SimpleCollector:labels:77","3","17500"
"org.apache.uniffle.common.rpc.GrpcServerTest#testGrpcExecutorPool","<main>","4","MONITOREXIT","io/prometheus/client/CollectorRegistry:register:61","2","15000"
"org.apache.uniffle.common.rpc.GrpcServerTest#testGrpcExecutorPool","<main>","7","java/lang/Thread.setDaemon(Z)V","com/google/common/util/concurrent/ThreadFactoryBuilder$1:newThread:172","2","15000"
"org.apache.uniffle.common.rpc.GrpcServerTest#testGrpcExecutorPool","<1410795158,2>","98","java/util/concurrent/atomic/AtomicLongFieldUpdater.compareAndSet(Ljava/lang/Object;JJ)Z","io/prometheus/client/Striped64:casBase:149","2","15000"
"org.apache.uniffle.common.rpc.GrpcServerTest#testGrpcExecutorPool","<main>","69","MONITOREXIT","org/jacoco/agent/rt/internal_1f1cc91/core/runtime/RuntimeData:getExecutionData:120","11","19988"
"org.apache.uniffle.common.rpc.GrpcServerTest#testGrpcExecutorPool","<1410795158,2>","61","java/util/concurrent/CountDownLatch.countDown()V","org/apache/uniffle/common/rpc/GrpcServerTest:lambda$testGrpcExecutorPool$0:72","1","10000"
"org.apache.uniffle.common.rpc.GrpcServerTest#testGrpcExecutorPool","<1410795158,2>","83","java/util/concurrent/Callable.call()Ljava/lang/Object;","java/util/concurrent/FutureTask:run:266","1","10000"
"org.apache.uniffle.common.rpc.GrpcServerTest#testGrpcExecutorPool","<1410795158,2>","76","MONITORENTER","org/apache/log4j/Category:callAppenders:204","4","18750"
"org.apache.uniffle.common.rpc.GrpcServerTest#testGrpcExecutorPool","<1410795158,1>","33","java/util/concurrent/FutureTask.finishCompletion()V","java/util/concurrent/FutureTask:set:234","1","10000"
"org.apache.uniffle.common.rpc.GrpcServerTest#testGrpcExecutorPool","<main>","24","java/lang/Thread.sleep(J)V","org/apache/uniffle/common/rpc/GrpcServerTest:testGrpcExecutorPool:76","1","10000"
"org.apache.uniffle.common.rpc.GrpcServerTest#testGrpcExecutorPool","<main>","64","java/util/concurrent/ConcurrentMap.putIfAbsent(Ljava/lang/Object;Ljava/lang/Object;)Ljava/lang/Object;","io/prometheus/client/SimpleCollector:labels:77","5","19375"
"org.apache.uniffle.common.rpc.GrpcServerTest#testGrpcExecutorPool","<main>","68","MONITORENTER","org/jacoco/agent/rt/internal_1f1cc91/core/runtime/RuntimeData:getExecutionData:119","10","19979"
"org.apache.uniffle.common.rpc.GrpcServerTest#testGrpcExecutorPool","<main>","66","java/util/concurrent/atomic/AtomicIntegerFieldUpdater.newUpdater(Ljava/lang/Class;Ljava/lang/String;)Ljava/util/concurrent/atomic/AtomicIntegerFieldUpdater;","io/prometheus/client/Striped64:<clinit>:281","1","5000"
"org.apache.uniffle.common.rpc.GrpcServerTest#testGrpcExecutorPool","<main>","67","MONITORENTER","org/jacoco/agent/rt/internal_1f1cc91/core/runtime/RuntimeData:getExecutionData:119","12","19992"
"org.apache.uniffle.common.rpc.GrpcServerTest#testGrpcExecutorPool","<main>","33","java/util/concurrent/Executors.defaultThreadFactory()Ljava/util/concurrent/ThreadFactory;","com/google/common/util/concurrent/ThreadFactoryBuilder:doBuild:162","1","10000"
"org.apache.uniffle.common.rpc.GrpcServerTest#testGrpcExecutorPool","<main>","2","MONITORENTER","org/jacoco/agent/rt/internal_1f1cc91/core/runtime/RuntimeData:getExecutionData:119","3","17500"
"org.apache.uniffle.common.rpc.GrpcServerTest#testGrpcExecutorPool","<1410795158,1>","72","MONITOREXIT","org/apache/log4j/Category:callAppenders:211","4","18750"
"org.apache.uniffle.common.rpc.GrpcServerTest#testGrpcExecutorPool","<main>","65","MONITORENTER","io/prometheus/client/CollectorRegistry:register:51","2","15000"
"org.apache.uniffle.common.rpc.GrpcServerTest#testGrpcExecutorPool","<main>","6","java/util/concurrent/atomic/AtomicIntegerFieldUpdater.newUpdater(Ljava/lang/Class;Ljava/lang/String;)Ljava/util/concurrent/atomic/AtomicIntegerFieldUpdater;","io/prometheus/client/Striped64:<clinit>:281","1","5000"
"org.apache.uniffle.common.rpc.GrpcServerTest#testGrpcExecutorPool","<1410795158,2>","9","java/util/concurrent/FutureTask.done()V","java/util/concurrent/FutureTask:finishCompletion:385","1","10000"
"org.apache.uniffle.common.rpc.GrpcServerTest#testGrpcExecutorPool","<main>","6","MONITOREXIT","io/prometheus/client/CollectorRegistry:register:61","7","19843"
"org.apache.uniffle.common.rpc.GrpcServerTest#testGrpcExecutorPool","<main>","45","java/lang/Thread.setName(Ljava/lang/String;)V","com/google/common/util/concurrent/ThreadFactoryBuilder$1:newThread:170","2","6250"
"org.apache.uniffle.common.rpc.GrpcServerTest#testGrpcExecutorPool","<main>","6","MONITOREXIT","io/prometheus/client/CollectorRegistry:register:61","2","15000"
"org.apache.uniffle.common.rpc.GrpcServerTest#testGrpcExecutorPool","<1410795158,2>","20","java/util/concurrent/ThreadPoolExecutor.afterExecute(Ljava/lang/Runnable;Ljava/lang/Throwable;)V","org/apache/uniffle/common/rpc/GrpcServer$GrpcThreadPoolExecutor:afterExecute:153","1","10000"
"org.apache.uniffle.common.rpc.GrpcServerTest#testGrpcExecutorPool","<main>","50","java/util/concurrent/Executors.callable(Ljava/lang/Runnable;Ljava/lang/Object;)Ljava/util/concurrent/Callable;","java/util/concurrent/FutureTask:<init>:153","1","10000"
"org.apache.uniffle.common.rpc.GrpcServerTest#testGrpcExecutorPool","<1410795158,2>","12","java/util/concurrent/ThreadPoolExecutor.afterExecute(Ljava/lang/Runnable;Ljava/lang/Throwable;)V","org/apache/uniffle/common/rpc/GrpcServer$GrpcThreadPoolExecutor:afterExecute:154","1","10000"
"org.apache.uniffle.common.rpc.GrpcServerTest#testGrpcExecutorPool","<main>","65","java/util/concurrent/Executors.defaultThreadFactory()Ljava/util/concurrent/ThreadFactory;","com/google/common/util/concurrent/ThreadFactoryBuilder:doBuild:161","1","10000"
"org.apache.uniffle.common.rpc.GrpcServerTest#testGrpcExecutorPool","<1410795158,2>","78","MONITOREXIT","org/apache/log4j/Category:callAppenders:211","2","15000"
"org.apache.uniffle.common.rpc.GrpcServerTest#testGrpcExecutorPool","<main>","32","java/util/concurrent/atomic/AtomicLong.getAndIncrement()J","com/google/common/util/concurrent/ThreadFactoryBuilder$1:newThread:170","2","12500"
"org.apache.uniffle.common.rpc.GrpcServerTest#testGrpcExecutorPool","<1410795158,1>","4","MONITOREXIT","org/apache/log4j/Category:callAppenders:211","1","10000"
"org.apache.uniffle.common.rpc.GrpcServerTest#testGrpcExecutorPool","<main>","53","java/util/concurrent/Executors.callable(Ljava/lang/Runnable;Ljava/lang/Object;)Ljava/util/concurrent/Callable;","java/util/concurrent/FutureTask:<init>:153","1","10000"
"org.apache.uniffle.common.rpc.GrpcServerTest#testGrpcExecutorPool","<1410795158,2>","70","SYNCHRONIZED_METHOD_EXIT","org/apache/log4j/AppenderSkeleton:doAppend:252","2","15000"
"org.apache.uniffle.common.rpc.GrpcServerTest#testGrpcExecutorPool","<main>","3","MONITOREXIT","org/jacoco/agent/rt/internal_1f1cc91/core/runtime/RuntimeData:getExecutionData:120","6","19687"
"org.apache.uniffle.common.rpc.GrpcServerTest#testGrpcExecutorPool","<1410795158,1>","78","java/lang/Thread.sleep(J)V","org/apache/uniffle/common/rpc/GrpcServerTest:lambda$testGrpcExecutorPool$0:67","1","10000"
"org.apache.uniffle.common.rpc.GrpcServerTest#testGrpcExecutorPool","<main>","64","MONITORENTER","io/prometheus/client/CollectorRegistry:register:51","3","17500"
"org.apache.uniffle.common.rpc.GrpcServerTest#testGrpcExecutorPool","<main>","8","java/util/concurrent/atomic/AtomicLong.getAndIncrement()J","com/google/common/util/concurrent/ThreadFactoryBuilder$1:newThread:170","1","10000"
"org.apache.uniffle.common.rpc.GrpcServerTest#testGrpcExecutorPool","<main>","4","java/util/concurrent/Executors.defaultThreadFactory()Ljava/util/concurrent/ThreadFactory;","com/google/common/util/concurrent/ThreadFactoryBuilder:doBuild:162","1","10000"
"org.apache.uniffle.common.rpc.GrpcServerTest#testGrpcExecutorPool","<main>","6","java/lang/Thread.setDaemon(Z)V","com/google/common/util/concurrent/ThreadFactoryBuilder$1:newThread:173","2","15000"
"org.apache.uniffle.common.rpc.GrpcServerTest#testGrpcExecutorPool","<main>","67","MONITORENTER","org/jacoco/agent/rt/internal_1f1cc91/core/runtime/RuntimeData:getExecutionData:119","2","15000"
"org.apache.uniffle.common.rpc.GrpcServerTest#testGrpcExecutorPool","<1410795158,2>","76","MONITORENTER","org/apache/log4j/Category:callAppenders:204","2","15000"
"org.apache.uniffle.common.rpc.GrpcServerTest#testGrpcExecutorPool","<main>","1","MONITOREXIT","io/prometheus/client/CollectorRegistry:register:61","7","19843"
"org.apache.uniffle.common.rpc.GrpcServerTest#testGrpcExecutorPool","<1410795158,2>","63","java/util/concurrent/CountDownLatch.countDown()V","org/apache/uniffle/common/rpc/GrpcServerTest:lambda$testGrpcExecutorPool$0:72","1","10000"
"org.apache.uniffle.common.rpc.GrpcServerTest#testGrpcExecutorPool","<main>","4","MONITORENTER","io/prometheus/client/CollectorRegistry:register:51","3","17500"
"org.apache.uniffle.common.rpc.GrpcServerTest#testGrpcExecutorPool","<1410795158,1>","5","MONITORENTER","org/apache/log4j/Category:callAppenders:204","4","18750"
"org.apache.uniffle.common.rpc.GrpcServerTest#testGrpcExecutorPool","<main>","49","java/util/concurrent/Executors.callable(Ljava/lang/Runnable;Ljava/lang/Object;)Ljava/util/concurrent/Callable;","java/util/concurrent/FutureTask:<init>:153","2","15000"
"org.apache.uniffle.common.rpc.GrpcServerTest#testGrpcExecutorPool","<main>","6","java/lang/Thread.sleep(J)V","org/apache/uniffle/common/rpc/GrpcServerTest:testGrpcExecutorPool:75","1","10000"
"org.apache.uniffle.common.rpc.GrpcServerTest#testGrpcExecutorPool","<main>","66","java/util/concurrent/ConcurrentMap.putIfAbsent(Ljava/lang/Object;Ljava/lang/Object;)Ljava/lang/Object;","io/prometheus/client/SimpleCollector:labels:77","2","15000"
"org.apache.uniffle.common.rpc.GrpcServerTest#testGrpcExecutorPool","<main>","2","MONITOREXIT","io/prometheus/client/CollectorRegistry:register:61","5","19375"
"org.apache.uniffle.common.rpc.GrpcServerTest#testGrpcExecutorPool","<main>","52","java/util/concurrent/Executors.callable(Ljava/lang/Runnable;Ljava/lang/Object;)Ljava/util/concurrent/Callable;","java/util/concurrent/FutureTask:<init>:152","1","10000"
"org.apache.uniffle.common.rpc.GrpcServerTest#testGrpcExecutorPool","<main>","69","MONITOREXIT","org/jacoco/agent/rt/internal_1f1cc91/core/runtime/RuntimeData:getExecutionData:120","12","19992"
"org.apache.uniffle.common.rpc.GrpcServerTest#testGrpcExecutorPool","<1410795158,2>","89","java/util/concurrent/ThreadPoolExecutor.beforeExecute(Ljava/lang/Thread;Ljava/lang/Runnable;)V","org/apache/uniffle/common/rpc/GrpcServer$GrpcThreadPoolExecutor:beforeExecute:146","1","10000"
"org.apache.uniffle.common.rpc.GrpcServerTest#testGrpcExecutorPool","<main>","2","java/util/concurrent/Executors.callable(Ljava/lang/Runnable;Ljava/lang/Object;)Ljava/util/concurrent/Callable;","java/util/concurrent/FutureTask:<init>:152","3","17500"
"org.apache.uniffle.common.rpc.GrpcServerTest#testGrpcExecutorPool","<1410795158,1>","72","MONITOREXIT","org/apache/log4j/Category:callAppenders:211","2","15000"
"org.apache.uniffle.common.rpc.GrpcServerTest#testGrpcExecutorPool","<main>","66","MONITOREXIT","io/prometheus/client/CollectorRegistry:register:61","3","17500"
"org.apache.uniffle.common.rpc.GrpcServerTest#testGrpcExecutorPool","<1410795158,2>","84","java/lang/Thread.currentThread()Ljava/lang/Thread;","java/util/concurrent/FutureTask:run:258","1","10000"
"org.apache.uniffle.common.rpc.GrpcServerTest#testGrpcExecutorPool","<1410795158,1>","48","MONITOREXIT","org/apache/log4j/Category:callAppenders:211","2","15000"
"org.apache.uniffle.common.rpc.GrpcServerTest#testGrpcExecutorPool","<1410795158,1>","4","SYNCHRONIZED_METHOD_ENTER","org/apache/log4j/AppenderSkeleton:doAppend:0","1","10000"
"org.apache.uniffle.common.rpc.GrpcServerTest#testGrpcExecutorPool","<main>","9","java/lang/Thread.setName(Ljava/lang/String;)V","com/google/common/util/concurrent/ThreadFactoryBuilder$1:newThread:169","2","6250"
"org.apache.uniffle.common.rpc.GrpcServerTest#testGrpcExecutorPool","<main>","66","java/util/concurrent/ConcurrentMap.putIfAbsent(Ljava/lang/Object;Ljava/lang/Object;)Ljava/lang/Object;","io/prometheus/client/SimpleCollector:labels:78","4","18750"
"org.apache.uniffle.common.rpc.GrpcServerTest#testGrpcExecutorPool","<main>","5","java/util/concurrent/ConcurrentMap.putIfAbsent(Ljava/lang/Object;Ljava/lang/Object;)Ljava/lang/Object;","io/prometheus/client/SimpleCollector:labels:78","3","17500"
"org.apache.uniffle.common.rpc.GrpcServerTest#testGrpcExecutorPool","<main>","67","MONITOREXIT","org/jacoco/agent/rt/internal_1f1cc91/core/runtime/RuntimeData:getExecutionData:120","9","19960"
"org.apache.uniffle.common.rpc.GrpcServerTest#testGrpcExecutorPool","<1410795158,2>","96","java/util/concurrent/atomic/AtomicLongFieldUpdater.compareAndSet(Ljava/lang/Object;JJ)Z","io/prometheus/client/Striped64:casBase:149","2","15000"
"org.apache.uniffle.common.rpc.GrpcServerTest#testGrpcExecutorPool","<main>","2","MONITORENTER","org/jacoco/agent/rt/internal_1f1cc91/core/runtime/RuntimeData:getExecutionData:119","13","19994"
"org.apache.uniffle.common.rpc.GrpcServerTest#testGrpcExecutorPool","<main>","35","java/util/concurrent/atomic/AtomicLong.getAndIncrement()J","com/google/common/util/concurrent/ThreadFactoryBuilder$1:newThread:170","2","12500"
"org.apache.uniffle.common.rpc.GrpcServerTest#testGrpcExecutorPool","<main>","4","MONITOREXIT","io/prometheus/client/CollectorRegistry:register:61","8","19921"
"org.apache.uniffle.common.rpc.GrpcServerTest#testGrpcExecutorPool","<main>","5","java/util/concurrent/Executors.callable(Ljava/lang/Runnable;Ljava/lang/Object;)Ljava/util/concurrent/Callable;","java/util/concurrent/FutureTask:<init>:152","3","17500"
"org.apache.uniffle.common.rpc.GrpcServerTest#testGrpcExecutorPool","<main>","5","java/util/concurrent/atomic/AtomicLong.getAndIncrement()J","com/google/common/util/concurrent/ThreadFactoryBuilder$1:newThread:170","1","10000"
"org.apache.uniffle.common.rpc.GrpcServerTest#testGrpcExecutorPool","<main>","56","java/util/concurrent/Executors.callable(Ljava/lang/Runnable;Ljava/lang/Object;)Ljava/util/concurrent/Callable;","java/util/concurrent/FutureTask:<init>:153","1","10000"
"org.apache.uniffle.common.rpc.GrpcServerTest#testGrpcExecutorPool","<1410795158,2>","54","java/util/concurrent/FutureTask.set(Ljava/lang/Object;)V","java/util/concurrent/FutureTask:run:274","1","10000"
"org.apache.uniffle.common.rpc.GrpcServerTest#testGrpcExecutorPool","<main>","6","java/util/concurrent/Executors.callable(Ljava/lang/Runnable;Ljava/lang/Object;)Ljava/util/concurrent/Callable;","java/util/concurrent/FutureTask:<init>:153","2","15000"
"org.apache.uniffle.common.rpc.GrpcServerTest#testGrpcExecutorPool","<main>","39","java/util/concurrent/atomic/AtomicLong.getAndIncrement()J","com/google/common/util/concurrent/ThreadFactoryBuilder$1:newThread:170","1","10000"
"org.apache.uniffle.common.rpc.GrpcServerTest#testGrpcExecutorPool","<main>","10","java/lang/Thread.setDaemon(Z)V","com/google/common/util/concurrent/ThreadFactoryBuilder$1:newThread:173","1","10000"
"org.apache.uniffle.common.rpc.GrpcServerTest#testGrpcExecutorPool","<main>","52","java/util/concurrent/Executors.callable(Ljava/lang/Runnable;Ljava/lang/Object;)Ljava/util/concurrent/Callable;","java/util/concurrent/FutureTask:<init>:153","1","10000"
"org.apache.uniffle.common.rpc.GrpcServerTest#testGrpcExecutorPool","<main>","66","MONITORENTER","io/prometheus/client/CollectorRegistry:register:51","5","19375"
"org.apache.uniffle.common.rpc.GrpcServerTest#testGrpcExecutorPool","<main>","69","MONITOREXIT","org/jacoco/agent/rt/internal_1f1cc91/core/runtime/RuntimeData:getExecutionData:120","6","19687"
"org.apache.uniffle.common.rpc.GrpcServerTest#testGrpcExecutorPool","<main>","69","MONITORENTER","org/jacoco/agent/rt/internal_1f1cc91/core/runtime/RuntimeData:getExecutionData:119","5","19375"
"org.apache.uniffle.common.rpc.GrpcServerTest#testGrpcExecutorPool","<main>","9","java/lang/Thread.sleep(J)V","org/apache/uniffle/common/rpc/GrpcServerTest:testGrpcExecutorPool:76","1","10000"
"org.apache.uniffle.common.rpc.GrpcServerTest#testGrpcExecutorPool","<main>","2","java/util/concurrent/Executors.callable(Ljava/lang/Runnable;Ljava/lang/Object;)Ljava/util/concurrent/Callable;","java/util/concurrent/FutureTask:<init>:153","3","17500"
"org.apache.uniffle.common.rpc.GrpcServerTest#testGrpcExecutorPool","<main>","7","java/util/concurrent/Executors.callable(Ljava/lang/Runnable;Ljava/lang/Object;)Ljava/util/concurrent/Callable;","java/util/concurrent/FutureTask:<init>:152","1","10000"
"org.apache.uniffle.common.rpc.GrpcServerTest#testGrpcExecutorPool","<main>","65","java/util/concurrent/ConcurrentMap.putIfAbsent(Ljava/lang/Object;Ljava/lang/Object;)Ljava/lang/Object;","io/prometheus/client/SimpleCollector:labels:78","4","18750"
"org.apache.uniffle.common.rpc.GrpcServerTest#testGrpcExecutorPool","<main>","12","java/lang/Thread.sleep(J)V","org/apache/uniffle/common/rpc/GrpcServerTest:testGrpcExecutorPool:76","1","10000"
"org.apache.uniffle.common.rpc.GrpcServerTest#testGrpcExecutorPool","<main>","31","java/lang/Thread.setDaemon(Z)V","com/google/common/util/concurrent/ThreadFactoryBuilder$1:newThread:172","1","10000"
"org.apache.uniffle.common.rpc.GrpcServerTest#testGrpcExecutorPool","<main>","2","MONITOREXIT","org/jacoco/agent/rt/internal_1f1cc91/core/runtime/RuntimeData:getExecutionData:120","14","19995"
"org.apache.uniffle.common.rpc.GrpcServerTest#testGrpcExecutorPool","<main>","2","MONITORENTER","io/prometheus/client/CollectorRegistry:register:51","9","19960"
"org.apache.uniffle.common.rpc.GrpcServerTest#testGrpcExecutorPool","<1410795158,2>","89","java/util/concurrent/ThreadPoolExecutor.beforeExecute(Ljava/lang/Thread;Ljava/lang/Runnable;)V","org/apache/uniffle/common/rpc/GrpcServer$GrpcThreadPoolExecutor:beforeExecute:145","1","10000"
"org.apache.uniffle.common.rpc.GrpcServerTest#testGrpcExecutorPool","<1410795158,1>","73","MONITOREXIT","org/apache/log4j/Category:callAppenders:211","1","10000"
"org.apache.uniffle.common.rpc.GrpcServerTest#testGrpcExecutorPool","<main>","65","MONITORENTER","io/prometheus/client/CollectorRegistry:register:51","7","19843"
"org.apache.uniffle.common.rpc.GrpcServerTest#testGrpcExecutorPool","<main>","34","java/lang/Thread.setDaemon(Z)V","com/google/common/util/concurrent/ThreadFactoryBuilder$1:newThread:172","1","10000"
"org.apache.uniffle.common.rpc.GrpcServerTest#testGrpcExecutorPool","<main>","3","MONITOREXIT","io/prometheus/client/CollectorRegistry:register:61","1","10000"
"org.apache.uniffle.common.rpc.GrpcServerTest#testGrpcExecutorPool","<main>","31","java/lang/Thread.setName(Ljava/lang/String;)V","com/google/common/util/concurrent/ThreadFactoryBuilder$1:newThread:169","2","6250"
"org.apache.uniffle.common.rpc.GrpcServerTest#testGrpcExecutorPool","<main>","1","java/util/concurrent/Executors.callable(Ljava/lang/Runnable;Ljava/lang/Object;)Ljava/util/concurrent/Callable;","java/util/concurrent/FutureTask:<init>:152","2","15000"
"org.apache.uniffle.common.rpc.GrpcServerTest#testGrpcExecutorPool","<main>","35","java/lang/Thread.setName(Ljava/lang/String;)V","com/google/common/util/concurrent/ThreadFactoryBuilder$1:newThread:170","1","5000"
"org.apache.uniffle.common.rpc.GrpcServerTest#testGrpcExecutorPool","<main>","1","MONITOREXIT","io/prometheus/client/CollectorRegistry:register:61","10","19979"
"org.apache.uniffle.common.rpc.GrpcServerTest#testGrpcExecutorPool","<1410795158,1>","62","java/util/concurrent/CountDownLatch.countDown()V","org/apache/uniffle/common/rpc/GrpcServerTest:lambda$testGrpcExecutorPool$0:71","1","10000"
"org.apache.uniffle.common.rpc.GrpcServerTest#testGrpcExecutorPool","<1410795158,2>","24","java/util/concurrent/FutureTask.set(Ljava/lang/Object;)V","java/util/concurrent/FutureTask:run:275","1","10000"
"org.apache.uniffle.common.rpc.GrpcServerTest#testGrpcExecutorPool","<main>","19","java/lang/Thread.sleep(J)V","org/apache/uniffle/common/rpc/GrpcServerTest:testGrpcExecutorPool:75","1","10000"
"org.apache.uniffle.common.rpc.GrpcServerTest#testGrpcExecutorPool","<main>","3","java/util/concurrent/atomic/AtomicIntegerFieldUpdater.newUpdater(Ljava/lang/Class;Ljava/lang/String;)Ljava/util/concurrent/atomic/AtomicIntegerFieldUpdater;","io/prometheus/client/Striped64:<clinit>:282","1","10000"
"org.apache.uniffle.common.rpc.GrpcServerTest#testGrpcExecutorPool","<main>","1","java/lang/Thread.setDaemon(Z)V","com/google/common/util/concurrent/ThreadFactoryBuilder$1:newThread:173","2","15000"
"org.apache.uniffle.common.rpc.GrpcServerTest#testGrpcExecutorPool","<main>","45","java/util/concurrent/atomic/AtomicLong.getAndIncrement()J","com/google/common/util/concurrent/ThreadFactoryBuilder$1:newThread:170","1","10000"
"org.apache.uniffle.common.rpc.GrpcServerTest#testGrpcExecutorPool","<1410795158,1>","5","SYNCHRONIZED_METHOD_EXIT","org/apache/log4j/AppenderSkeleton:doAppend:252","1","10000"
"org.apache.uniffle.common.rpc.GrpcServerTest#testGrpcExecutorPool","<1410795158,1>","73","SYNCHRONIZED_METHOD_ENTER","org/apache/log4j/AppenderSkeleton:doAppend:0","1","10000"
"org.apache.uniffle.common.rpc.GrpcServerTest#testGrpcExecutorPool","<main>","1","MONITOREXIT","org/jacoco/agent/rt/internal_1f1cc91/core/runtime/RuntimeData:getExecutionData:120","2","15000"
"org.apache.uniffle.common.rpc.GrpcServerTest#testGrpcExecutorPool","<main>","7","java/util/concurrent/Executors.callable(Ljava/lang/Runnable;Ljava/lang/Object;)Ljava/util/concurrent/Callable;","java/util/concurrent/FutureTask:<init>:153","1","10000"
"org.apache.uniffle.common.rpc.GrpcServerTest#testGrpcExecutorPool","<main>","28","java/lang/Thread.setDaemon(Z)V","com/google/common/util/concurrent/ThreadFactoryBuilder$1:newThread:173","2","15000"
"org.apache.uniffle.common.rpc.GrpcServerTest#testGrpcExecutorPool","<1410795158,2>","14","java/util/concurrent/FutureTask.done()V","java/util/concurrent/FutureTask:finishCompletion:385","1","10000"
"org.apache.uniffle.common.rpc.GrpcServerTest#testGrpcExecutorPool","<main>","1","java/util/concurrent/ConcurrentMap.putIfAbsent(Ljava/lang/Object;Ljava/lang/Object;)Ljava/lang/Object;","io/prometheus/client/SimpleCollector:labels:78","4","18750"
"org.apache.uniffle.common.rpc.GrpcServerTest#testGrpcExecutorPool","<main>","11","java/lang/Thread.setDaemon(Z)V","com/google/common/util/concurrent/ThreadFactoryBuilder$1:newThread:173","1","10000"
"org.apache.uniffle.common.rpc.GrpcServerTest#testGrpcExecutorPool","<main>","3","MONITOREXIT","org/jacoco/agent/rt/internal_1f1cc91/core/runtime/RuntimeData:getExecutionData:120","1","10000"
"org.apache.uniffle.common.rpc.GrpcServerTest#testGrpcExecutorPool","<main>","4","java/util/concurrent/atomic/AtomicLong.getAndIncrement()J","com/google/common/util/concurrent/ThreadFactoryBuilder$1:newThread:170","1","10000"
"org.apache.uniffle.common.rpc.GrpcServerTest#testGrpcExecutorPool","<main>","32","java/util/concurrent/Executors.callable(Ljava/lang/Runnable;Ljava/lang/Object;)Ljava/util/concurrent/Callable;","java/util/concurrent/FutureTask:<init>:152","2","15000"
"org.apache.uniffle.common.rpc.GrpcServerTest#testGrpcExecutorPool","<main>","33","java/util/concurrent/Executors.callable(Ljava/lang/Runnable;Ljava/lang/Object;)Ljava/util/concurrent/Callable;","java/util/concurrent/FutureTask:<init>:153","2","15000"
"org.apache.uniffle.common.rpc.GrpcServerTest#testGrpcExecutorPool","<main>","2","java/util/concurrent/ConcurrentMap.putIfAbsent(Ljava/lang/Object;Ljava/lang/Object;)Ljava/lang/Object;","io/prometheus/client/SimpleCollector:labels:77","4","18750"
"org.apache.uniffle.common.rpc.GrpcServerTest#testGrpcExecutorPool","<main>","4","java/util/concurrent/Executors.callable(Ljava/lang/Runnable;Ljava/lang/Object;)Ljava/util/concurrent/Callable;","java/util/concurrent/FutureTask:<init>:152","2","15000"
"org.apache.uniffle.common.rpc.GrpcServerTest#testGrpcExecutorPool","<main>","6","java/lang/Thread.setDaemon(Z)V","com/google/common/util/concurrent/ThreadFactoryBuilder$1:newThread:172","2","15000"
"org.apache.uniffle.common.rpc.GrpcServerTest#testGrpcExecutorPool","<main>","2","java/lang/Thread.setDaemon(Z)V","com/google/common/util/concurrent/ThreadFactoryBuilder$1:newThread:172","2","15000"
"org.apache.uniffle.common.rpc.GrpcServerTest#testGrpcExecutorPool","<1410795158,2>","28","java/util/concurrent/FutureTask.finishCompletion()V","java/util/concurrent/FutureTask:set:234","1","10000"
"org.apache.uniffle.common.rpc.GrpcServerTest#testGrpcExecutorPool","<main>","58","java/util/concurrent/Executors.callable(Ljava/lang/Runnable;Ljava/lang/Object;)Ljava/util/concurrent/Callable;","java/util/concurrent/FutureTask:<init>:152","3","17500"
"org.apache.uniffle.common.rpc.GrpcServerTest#testGrpcExecutorPool","<1410795158,1>","76","java/util/concurrent/atomic/AtomicLongFieldUpdater.compareAndSet(Ljava/lang/Object;JJ)Z","io/prometheus/client/Striped64:casBase:148","1","10000"
"org.apache.uniffle.common.rpc.GrpcServerTest#testGrpcExecutorPool","<1410795158,2>","5","java/util/concurrent/CountDownLatch.countDown()V","org/apache/uniffle/common/rpc/GrpcServerTest:lambda$testGrpcExecutorPool$0:71","1","10000"
"org.apache.uniffle.common.rpc.GrpcServerTest#testGrpcExecutorPool","<1410795158,2>","35","java/util/concurrent/CountDownLatch.countDown()V","org/apache/uniffle/common/rpc/GrpcServerTest:lambda$testGrpcExecutorPool$0:72","1","10000"
"org.apache.uniffle.common.rpc.GrpcServerTest#testGrpcExecutorPool","<main>","6","MONITORENTER","io/prometheus/client/CollectorRegistry:register:51","3","17500"
"org.apache.uniffle.common.rpc.GrpcServerTest#testGrpcExecutorPool","<1410795158,2>","72","SYNCHRONIZED_METHOD_EXIT","org/apache/log4j/AppenderSkeleton:doAppend:252","1","10000"
"org.apache.uniffle.common.rpc.GrpcServerTest#testGrpcExecutorPool","<1410795158,2>","32","java/util/concurrent/FutureTask.done()V","java/util/concurrent/FutureTask:finishCompletion:385","1","10000"
"org.apache.uniffle.common.rpc.GrpcServerTest#testGrpcExecutorPool","<main>","2","MONITORENTER","org/jacoco/agent/rt/internal_1f1cc91/core/runtime/RuntimeData:getExecutionData:119","5","19375"
"org.apache.uniffle.common.rpc.GrpcServerTest#testGrpcExecutorPool","<main>","1","MONITORENTER","org/jacoco/agent/rt/internal_1f1cc91/core/runtime/RuntimeData:getExecutionData:119","3","17500"
"org.apache.uniffle.common.rpc.GrpcServerTest#testGrpcExecutorPool","<main>","2","MONITORENTER","org/jacoco/agent/rt/internal_1f1cc91/core/runtime/RuntimeData:getExecutionData:119","12","19992"
"org.apache.uniffle.common.rpc.GrpcServerTest#testGrpcExecutorPool","<1410795158,2>","78","MONITOREXIT","org/apache/log4j/Category:callAppenders:211","1","10000"
"org.apache.uniffle.common.rpc.GrpcServerTest#testGrpcExecutorPool","<main>","32","java/util/concurrent/Executors.callable(Ljava/lang/Runnable;Ljava/lang/Object;)Ljava/util/concurrent/Callable;","java/util/concurrent/FutureTask:<init>:153","2","15000"
"org.apache.uniffle.common.rpc.GrpcServerTest#testGrpcExecutorPool","<1410795158,2>","92","java/util/concurrent/atomic/AtomicLongFieldUpdater.compareAndSet(Ljava/lang/Object;JJ)Z","io/prometheus/client/Striped64:casBase:148","1","10000"
"org.apache.uniffle.common.rpc.GrpcServerTest#testGrpcExecutorPool","<main>","5","java/lang/Thread.setDaemon(Z)V","com/google/common/util/concurrent/ThreadFactoryBuilder$1:newThread:173","1","10000"
"org.apache.uniffle.common.rpc.GrpcServerTest#testGrpcExecutorPool","<main>","55","java/util/concurrent/Executors.callable(Ljava/lang/Runnable;Ljava/lang/Object;)Ljava/util/concurrent/Callable;","java/util/concurrent/FutureTask:<init>:153","3","17500"
"org.apache.uniffle.common.rpc.GrpcServerTest#testGrpcExecutorPool","<main>","8","java/util/concurrent/Executors.callable(Ljava/lang/Runnable;Ljava/lang/Object;)Ljava/util/concurrent/Callable;","java/util/concurrent/FutureTask:<init>:153","3","17500"
"org.apache.uniffle.common.rpc.GrpcServerTest#testGrpcExecutorPool","<1410795158,2>","11","java/util/concurrent/ThreadPoolExecutor.afterExecute(Ljava/lang/Runnable;Ljava/lang/Throwable;)V","org/apache/uniffle/common/rpc/GrpcServer$GrpcThreadPoolExecutor:afterExecute:154","1","10000"
"org.apache.uniffle.common.rpc.GrpcServerTest#testGrpcExecutorPool","<main>","7","java/util/concurrent/Executors.defaultThreadFactory()Ljava/util/concurrent/ThreadFactory;","com/google/common/util/concurrent/ThreadFactoryBuilder:doBuild:162","1","10000"
"org.apache.uniffle.common.rpc.GrpcServerTest#testGrpcExecutorPool","<main>","54","java/util/concurrent/Executors.callable(Ljava/lang/Runnable;Ljava/lang/Object;)Ljava/util/concurrent/Callable;","java/util/concurrent/FutureTask:<init>:152","3","17500"
"org.apache.uniffle.common.rpc.GrpcServerTest#testGrpcExecutorPool","<main>","8","java/lang/Thread.setDaemon(Z)V","com/google/common/util/concurrent/ThreadFactoryBuilder$1:newThread:173","1","10000"
"org.apache.uniffle.common.rpc.GrpcServerTest#testGrpcExecutorPool","<main>","2","MONITORENTER","io/prometheus/client/CollectorRegistry:register:51","7","19843"
"org.apache.uniffle.common.rpc.GrpcServerTest#testGrpcExecutorPool","<main>","7","java/util/concurrent/Executors.callable(Ljava/lang/Runnable;Ljava/lang/Object;)Ljava/util/concurrent/Callable;","java/util/concurrent/FutureTask:<init>:152","3","17500"
"org.apache.uniffle.common.rpc.GrpcServerTest#testGrpcExecutorPool","<main>","7","java/lang/Thread.sleep(J)V","org/apache/uniffle/common/rpc/GrpcServerTest:testGrpcExecutorPool:76","1","10000"
"org.apache.uniffle.common.rpc.GrpcServerTest#testGrpcExecutorPool","<main>","31","java/lang/Thread.setName(Ljava/lang/String;)V","com/google/common/util/concurrent/ThreadFactoryBuilder$1:newThread:170","2","6250"
"org.apache.uniffle.common.rpc.GrpcServerTest#testGrpcExecutorPool","<1410795158,1>","86","java/util/concurrent/atomic/AtomicLongFieldUpdater.compareAndSet(Ljava/lang/Object;JJ)Z","io/prometheus/client/Striped64:casBase:148","1","10000"
"org.apache.uniffle.common.rpc.GrpcServerTest#testGrpcExecutorPool","<main>","65","MONITORENTER","io/prometheus/client/CollectorRegistry:register:51","3","17500"
"org.apache.uniffle.common.rpc.GrpcServerTest#testGrpcExecutorPool","<1410795158,1>","25","java/util/concurrent/FutureTask.set(Ljava/lang/Object;)V","java/util/concurrent/FutureTask:run:275","1","10000"
"org.apache.uniffle.common.rpc.GrpcServerTest#testGrpcExecutorPool","<1410795158,1>","71","MONITOREXIT","org/apache/log4j/Category:callAppenders:211","1","10000"
"org.apache.uniffle.common.rpc.GrpcServerTest#testGrpcExecutorPool","<main>","65","MONITOREXIT","io/prometheus/client/CollectorRegistry:register:61","7","19843"
"org.apache.uniffle.common.rpc.GrpcServerTest#testGrpcExecutorPool","<main>","69","MONITOREXIT","org/jacoco/agent/rt/internal_1f1cc91/core/runtime/RuntimeData:getExecutionData:120","1","10000"
"org.apache.uniffle.common.rpc.GrpcServerTest#testGrpcExecutorPool","<main>","2","MONITOREXIT","io/prometheus/client/CollectorRegistry:register:61","2","15000"
"org.apache.uniffle.common.rpc.GrpcServerTest#testGrpcExecutorPool","<1410795158,2>","74","java/util/concurrent/atomic/AtomicLongFieldUpdater.compareAndSet(Ljava/lang/Object;JJ)Z","io/prometheus/client/Striped64:casBase:148","1","10000"
"org.apache.uniffle.common.rpc.GrpcServerTest#testGrpcExecutorPool","<main>","64","MONITORENTER","io/prometheus/client/CollectorRegistry:register:51","10","19979"
"org.apache.uniffle.common.rpc.GrpcServerTest#testGrpcExecutorPool","<main>","66","java/util/concurrent/ConcurrentMap.putIfAbsent(Ljava/lang/Object;Ljava/lang/Object;)Ljava/lang/Object;","io/prometheus/client/SimpleCollector:labels:77","1","10000"
"org.apache.uniffle.common.rpc.GrpcServerTest#testGrpcExecutorPool","<main>","33","java/lang/Thread.setName(Ljava/lang/String;)V","com/google/common/util/concurrent/ThreadFactoryBuilder$1:newThread:170","1","5000"
"org.apache.uniffle.common.rpc.GrpcServerTest#testGrpcExecutorPool","<main>","5","java/util/concurrent/Executors.callable(Ljava/lang/Runnable;Ljava/lang/Object;)Ljava/util/concurrent/Callable;","java/util/concurrent/FutureTask:<init>:153","1","10000"
"org.apache.uniffle.common.rpc.GrpcServerTest#testGrpcExecutorPool","<main>","4","MONITORENTER","io/prometheus/client/CollectorRegistry:register:51","5","19375"
"org.apache.uniffle.common.rpc.GrpcServerTest#testGrpcExecutorPool","<1410795158,1>","47","SYNCHRONIZED_METHOD_EXIT","org/apache/log4j/AppenderSkeleton:doAppend:252","1","10000"
"org.apache.uniffle.common.rpc.GrpcServerTest#testGrpcExecutorPool","<main>","46","java/util/concurrent/atomic/AtomicLong.getAndIncrement()J","com/google/common/util/concurrent/ThreadFactoryBuilder$1:newThread:169","2","12500"
"org.apache.uniffle.common.rpc.GrpcServerTest#testGrpcExecutorPool","<1410795158,2>","30","java/util/concurrent/FutureTask.finishCompletion()V","java/util/concurrent/FutureTask:set:234","1","10000"
"org.apache.uniffle.common.rpc.GrpcServerTest#testGrpcExecutorPool","<main>","31","java/lang/Thread.setName(Ljava/lang/String;)V","com/google/common/util/concurrent/ThreadFactoryBuilder$1:newThread:170","1","5000"
"org.apache.uniffle.common.rpc.GrpcServerTest#testGrpcExecutorPool","<1410795158,2>","34","java/util/concurrent/CountDownLatch.countDown()V","org/apache/uniffle/common/rpc/GrpcServerTest:lambda$testGrpcExecutorPool$0:72","1","10000"
"org.apache.uniffle.common.rpc.GrpcServerTest#testGrpcExecutorPool","<main>","9","java/lang/Thread.setName(Ljava/lang/String;)V","com/google/common/util/concurrent/ThreadFactoryBuilder$1:newThread:170","2","6250"
"org.apache.uniffle.common.rpc.GrpcServerTest#testGrpcExecutorPool","<1410795158,2>","71","SYNCHRONIZED_METHOD_ENTER","org/apache/log4j/AppenderSkeleton:doAppend:0","2","15000"
"org.apache.uniffle.common.rpc.GrpcServerTest#testGrpcExecutorPool","<main>","1","java/lang/Thread.sleep(J)V","org/apache/uniffle/common/rpc/GrpcServerTest:testGrpcExecutorPool:76","1","10000"
"org.apache.uniffle.common.rpc.GrpcServerTest#testGrpcExecutorPool","<main>","66","MONITOREXIT","io/prometheus/client/CollectorRegistry:register:61","5","19375"
"org.apache.uniffle.common.rpc.GrpcServerTest#testGrpcExecutorPool","<1410795158,1>","9","java/util/concurrent/FutureTask.finishCompletion()V","java/util/concurrent/FutureTask:set:233","1","10000"
"org.apache.uniffle.common.rpc.GrpcServerTest#testGrpcExecutorPool","<main>","64","MONITORENTER","io/prometheus/client/CollectorRegistry:register:51","6","19687"
"org.apache.uniffle.common.rpc.GrpcServerTest#testGrpcExecutorPool","<main>","5","java/util/concurrent/ConcurrentMap.putIfAbsent(Ljava/lang/Object;Ljava/lang/Object;)Ljava/lang/Object;","io/prometheus/client/SimpleCollector:labels:78","5","19375"
"org.apache.uniffle.common.rpc.GrpcServerTest#testGrpcExecutorPool","<main>","1","MONITOREXIT","org/jacoco/agent/rt/internal_1f1cc91/core/runtime/RuntimeData:getExecutionData:120","8","19921"
"org.apache.uniffle.common.rpc.GrpcServerTest#testGrpcExecutorPool","<main>","66","MONITORENTER","io/prometheus/client/CollectorRegistry:register:51","2","15000"
"org.apache.uniffle.common.rpc.GrpcServerTest#testGrpcExecutorPool","<main>","53","java/util/concurrent/Executors.callable(Ljava/lang/Runnable;Ljava/lang/Object;)Ljava/util/concurrent/Callable;","java/util/concurrent/FutureTask:<init>:152","3","17500"
"org.apache.uniffle.common.rpc.GrpcServerTest#testGrpcExecutorPool","<main>","69","MONITORENTER","org/jacoco/agent/rt/internal_1f1cc91/core/runtime/RuntimeData:getExecutionData:119","2","15000"
"org.apache.uniffle.common.rpc.GrpcServerTest#testGrpcExecutorPool","<main>","1","MONITORENTER","org/jacoco/agent/rt/internal_1f1cc91/core/runtime/RuntimeData:getExecutionData:119","13","19994"
"org.apache.uniffle.common.rpc.GrpcServerTest#testGrpcExecutorPool","<1410795158,1>","79","java/lang/Thread.sleep(J)V","org/apache/uniffle/common/rpc/GrpcServerTest:lambda$testGrpcExecutorPool$0:66","1","10000"
"org.apache.uniffle.common.rpc.GrpcServerTest#testGrpcExecutorPool","<1410795158,1>","66","java/util/concurrent/CountDownLatch.countDown()V","org/apache/uniffle/common/rpc/GrpcServerTest:lambda$testGrpcExecutorPool$0:72","1","10000"
"org.apache.uniffle.common.rpc.GrpcServerTest#testGrpcExecutorPool","<main>","2","java/util/concurrent/Executors.defaultThreadFactory()Ljava/util/concurrent/ThreadFactory;","com/google/common/util/concurrent/ThreadFactoryBuilder:doBuild:161","1","10000"
"org.apache.uniffle.common.rpc.GrpcServerTest#testGrpcExecutorPool","<1410795158,1>","89","java/util/concurrent/ThreadPoolExecutor.beforeExecute(Ljava/lang/Thread;Ljava/lang/Runnable;)V","org/apache/uniffle/common/rpc/GrpcServer$GrpcThreadPoolExecutor:beforeExecute:146","1","10000"
"org.apache.uniffle.common.rpc.GrpcServerTest#testGrpcExecutorPool","<main>","5","java/util/concurrent/atomic/AtomicIntegerFieldUpdater.newUpdater(Ljava/lang/Class;Ljava/lang/String;)Ljava/util/concurrent/atomic/AtomicIntegerFieldUpdater;","io/prometheus/client/Striped64:<clinit>:281","1","5000"
"org.apache.uniffle.common.rpc.GrpcServerTest#testGrpcExecutorPool","<main>","9","java/lang/Thread.setDaemon(Z)V","com/google/common/util/concurrent/ThreadFactoryBuilder$1:newThread:172","1","10000"
"org.apache.uniffle.common.rpc.GrpcServerTest#testGrpcExecutorPool","<main>","32","java/util/concurrent/Executors.defaultThreadFactory()Ljava/util/concurrent/ThreadFactory;","com/google/common/util/concurrent/ThreadFactoryBuilder:doBuild:162","1","10000"
"org.apache.uniffle.common.rpc.GrpcServerTest#testGrpcExecutorPool","<main>","6","java/util/concurrent/ConcurrentMap.putIfAbsent(Ljava/lang/Object;Ljava/lang/Object;)Ljava/lang/Object;","io/prometheus/client/SimpleCollector:labels:78","4","18750"
"org.apache.uniffle.common.rpc.GrpcServerTest#testGrpcExecutorPool","<main>","2","MONITORENTER","org/jacoco/agent/rt/internal_1f1cc91/core/runtime/RuntimeData:getExecutionData:119","4","18750"
"org.apache.uniffle.common.rpc.GrpcServerTest#testGrpcExecutorPool","<1410795158,1>","73","MONITORENTER","org/apache/log4j/Category:callAppenders:204","3","17500"
"org.apache.uniffle.common.rpc.GrpcServerTest#testGrpcExecutorPool","<1410795158,2>","78","java/lang/System.currentTimeMillis()J","org/apache/log4j/spi/LoggingEvent:<init>:167","1","10000"
"org.apache.uniffle.common.rpc.GrpcServerTest#testGrpcExecutorPool","<main>","2","java/util/concurrent/Executors.defaultThreadFactory()Ljava/util/concurrent/ThreadFactory;","com/google/common/util/concurrent/ThreadFactoryBuilder:doBuild:162","1","10000"
"org.apache.uniffle.common.rpc.GrpcServerTest#testGrpcExecutorPool","<main>","1","MONITORENTER","io/prometheus/client/CollectorRegistry:register:51","9","19960"
"org.apache.uniffle.common.rpc.GrpcServerTest#testGrpcExecutorPool","<1410795158,2>","59","java/util/concurrent/CountDownLatch.countDown()V","org/apache/uniffle/common/rpc/GrpcServerTest:lambda$testGrpcExecutorPool$0:71","1","10000"
"org.apache.uniffle.common.rpc.GrpcServerTest#testGrpcExecutorPool","<1410795158,2>","93","java/util/concurrent/atomic/AtomicLongFieldUpdater.compareAndSet(Ljava/lang/Object;JJ)Z","io/prometheus/client/Striped64:casBase:148","1","10000"
"org.apache.uniffle.common.rpc.GrpcServerTest#testGrpcExecutorPool","<main>","43","java/util/concurrent/atomic/AtomicLong.getAndIncrement()J","com/google/common/util/concurrent/ThreadFactoryBuilder$1:newThread:170","1","10000"
"org.apache.uniffle.common.rpc.GrpcServerTest#testGrpcExecutorPool","<main>","2","MONITOREXIT","org/jacoco/agent/rt/internal_1f1cc91/core/runtime/RuntimeData:getExecutionData:120","6","19687"
"org.apache.uniffle.common.rpc.GrpcServerTest#testGrpcExecutorPool","<main>","65","MONITOREXIT","io/prometheus/client/CollectorRegistry:register:61","10","19979"
"org.apache.uniffle.common.rpc.GrpcServerTest#testGrpcExecutorPool","<1410795158,1>","81","java/util/concurrent/atomic/AtomicLongFieldUpdater.compareAndSet(Ljava/lang/Object;JJ)Z","io/prometheus/client/Striped64:casBase:148","1","10000"
"org.apache.uniffle.common.rpc.GrpcServerTest#testGrpcExecutorPool","<main>","5","java/lang/Thread.setDaemon(Z)V","com/google/common/util/concurrent/ThreadFactoryBuilder$1:newThread:172","1","10000"
"org.apache.uniffle.common.rpc.GrpcServerTest#testGrpcExecutorPool","<main>","29","java/lang/Thread.setDaemon(Z)V","com/google/common/util/concurrent/ThreadFactoryBuilder$1:newThread:173","2","15000"
"org.apache.uniffle.common.rpc.GrpcServerTest#testGrpcExecutorPool","<main>","7","java/util/concurrent/atomic/AtomicLong.getAndIncrement()J","com/google/common/util/concurrent/ThreadFactoryBuilder$1:newThread:170","1","10000"
"org.apache.uniffle.common.rpc.GrpcServerTest#testGrpcExecutorPool","<main>","50","java/util/concurrent/Executors.defaultThreadFactory()Ljava/util/concurrent/ThreadFactory;","com/google/common/util/concurrent/ThreadFactoryBuilder:doBuild:162","1","10000"
"org.apache.uniffle.common.rpc.GrpcServerTest#testGrpcExecutorPool","<1410795158,1>","72","MONITORENTER","org/apache/log4j/Category:callAppenders:204","1","10000"
"org.apache.uniffle.common.rpc.GrpcServerTest#testGrpcExecutorPool","<1410795158,2>","17","java/util/concurrent/FutureTask.set(Ljava/lang/Object;)V","java/util/concurrent/FutureTask:run:275","1","10000"
"org.apache.uniffle.common.rpc.GrpcServerTest#testGrpcExecutorPool","<1410795158,1>","52","java/util/concurrent/CountDownLatch.countDown()V","org/apache/uniffle/common/rpc/GrpcServerTest:lambda$testGrpcExecutorPool$0:72","1","10000"
"org.apache.uniffle.common.rpc.GrpcServerTest#testGrpcExecutorPool","<1410795158,1>","47","MONITOREXIT","org/apache/log4j/Category:callAppenders:211","1","10000"
"org.apache.uniffle.common.rpc.GrpcServerTest#testGrpcExecutorPool","<main>","26","java/lang/Thread.sleep(J)V","org/apache/uniffle/common/rpc/GrpcServerTest:testGrpcExecutorPool:75","1","10000"
"org.apache.uniffle.common.rpc.GrpcServerTest#testGrpcExecutorPool","<main>","64","MONITORENTER","io/prometheus/client/CollectorRegistry:register:51","4","18750"
"org.apache.uniffle.common.rpc.GrpcServerTest#testGrpcExecutorPool","<1410795158,2>","3","java/util/concurrent/atomic/AtomicLongFieldUpdater.compareAndSet(Ljava/lang/Object;JJ)Z","io/prometheus/client/Striped64:casBase:148","1","10000"
"org.apache.uniffle.common.rpc.GrpcServerTest#testGrpcExecutorPool","<main>","69","MONITOREXIT","org/jacoco/agent/rt/internal_1f1cc91/core/runtime/RuntimeData:getExecutionData:120","3","17500"
"org.apache.uniffle.common.rpc.GrpcServerTest#testGrpcExecutorPool","<main>","3","MONITOREXIT","org/jacoco/agent/rt/internal_1f1cc91/core/runtime/RuntimeData:getExecutionData:120","13","19994"
"org.apache.uniffle.common.rpc.GrpcServerTest#testGrpcExecutorPool","<main>","64","java/util/concurrent/ConcurrentMap.putIfAbsent(Ljava/lang/Object;Ljava/lang/Object;)Ljava/lang/Object;","io/prometheus/client/SimpleCollector:labels:77","4","18750"
"org.apache.uniffle.common.rpc.GrpcServerTest#testGrpcExecutorPool","<1410795158,1>","49","MONITOREXIT","org/apache/log4j/Category:callAppenders:211","3","17500"
"org.apache.uniffle.common.rpc.GrpcServerTest#testGrpcExecutorPool","<1410795158,1>","89","java/util/concurrent/ThreadPoolExecutor.beforeExecute(Ljava/lang/Thread;Ljava/lang/Runnable;)V","org/apache/uniffle/common/rpc/GrpcServer$GrpcThreadPoolExecutor:beforeExecute:145","1","10000"
"org.apache.uniffle.common.rpc.GrpcServerTest#testGrpcExecutorPool","<main>","3","MONITORENTER","io/prometheus/client/CollectorRegistry:register:51","6","19687"
"org.apache.uniffle.common.rpc.GrpcServerTest#testGrpcExecutorPool","<main>","2","MONITOREXIT","io/prometheus/client/CollectorRegistry:register:61","7","19843"
"org.apache.uniffle.common.rpc.GrpcServerTest#testGrpcExecutorPool","<1410795158,2>","69","java/util/concurrent/CountDownLatch.countDown()V","org/apache/uniffle/common/rpc/GrpcServerTest:lambda$testGrpcExecutorPool$0:71","1","10000"
"org.apache.uniffle.common.rpc.GrpcServerTest#testGrpcExecutorPool","<1410795158,1>","85","RUNNABLE_CALLABLE_START","java/util/concurrent/FutureTask:run:0","1","10000"
"org.apache.uniffle.common.rpc.GrpcServerTest#testGrpcExecutorPool","<main>","31","java/util/concurrent/Executors.defaultThreadFactory()Ljava/util/concurrent/ThreadFactory;","com/google/common/util/concurrent/ThreadFactoryBuilder:doBuild:162","1","10000"
"org.apache.uniffle.common.rpc.GrpcServerTest#testGrpcExecutorPool","<main>","3","MONITORENTER","io/prometheus/client/CollectorRegistry:register:51","8","19921"
"org.apache.uniffle.common.rpc.GrpcServerTest#testGrpcExecutorPool","<1410795158,1>","48","SYNCHRONIZED_METHOD_EXIT","org/apache/log4j/AppenderSkeleton:doAppend:252","1","10000"
"org.apache.uniffle.common.rpc.GrpcServerTest#testGrpcExecutorPool","<main>","62","java/util/concurrent/Executors.defaultThreadFactory()Ljava/util/concurrent/ThreadFactory;","com/google/common/util/concurrent/ThreadFactoryBuilder:doBuild:162","1","10000"
"org.apache.uniffle.common.rpc.GrpcServerTest#testGrpcExecutorPool","<main>","33","java/util/concurrent/atomic/AtomicLong.getAndIncrement()J","com/google/common/util/concurrent/ThreadFactoryBuilder$1:newThread:169","2","12500"
"org.apache.uniffle.common.rpc.GrpcServerTest#testGrpcExecutorPool","<main>","5","java/util/concurrent/ConcurrentMap.putIfAbsent(Ljava/lang/Object;Ljava/lang/Object;)Ljava/lang/Object;","io/prometheus/client/SimpleCollector:labels:77","2","15000"
"org.apache.uniffle.common.rpc.GrpcServerTest#testGrpcExecutorPool","<main>","8","java/util/concurrent/atomic/AtomicLong.getAndIncrement()J","com/google/common/util/concurrent/ThreadFactoryBuilder$1:newThread:170","2","12500"
"org.apache.uniffle.common.rpc.GrpcServerTest#testGrpcExecutorPool","<main>","64","java/util/concurrent/atomic/AtomicLongFieldUpdater.newUpdater(Ljava/lang/Class;Ljava/lang/String;)Ljava/util/concurrent/atomic/AtomicLongFieldUpdater;","io/prometheus/client/Striped64:<clinit>:280","1","10000"
"org.apache.uniffle.common.rpc.GrpcServerTest#testGrpcExecutorPool","<main>","5","java/lang/Thread.setName(Ljava/lang/String;)V","com/google/common/util/concurrent/ThreadFactoryBuilder$1:newThread:169","2","6250"
"org.apache.uniffle.common.rpc.GrpcServerTest#testGrpcExecutorPool","<main>","6","java/util/concurrent/ConcurrentMap.putIfAbsent(Ljava/lang/Object;Ljava/lang/Object;)Ljava/lang/Object;","io/prometheus/client/SimpleCollector:labels:78","1","10000"
"org.apache.uniffle.common.rpc.GrpcServerTest#testGrpcExecutorPool","<main>","13","java/lang/Thread.sleep(J)V","org/apache/uniffle/common/rpc/GrpcServerTest:testGrpcExecutorPool:83","1","10000"
"org.apache.uniffle.common.rpc.GrpcServerTest#testGrpcExecutorPool","<main>","36","java/lang/Thread.setName(Ljava/lang/String;)V","com/google/common/util/concurrent/ThreadFactoryBuilder$1:newThread:169","2","6250"
"org.apache.uniffle.common.rpc.GrpcServerTest#testGrpcExecutorPool","<main>","57","java/util/concurrent/Executors.callable(Ljava/lang/Runnable;Ljava/lang/Object;)Ljava/util/concurrent/Callable;","java/util/concurrent/FutureTask:<init>:153","2","15000"
"org.apache.uniffle.common.rpc.GrpcServerTest#testGrpcExecutorPool","<1410795158,1>","91","java/util/concurrent/ThreadPoolExecutor.beforeExecute(Ljava/lang/Thread;Ljava/lang/Runnable;)V","org/apache/uniffle/common/rpc/GrpcServer$GrpcThreadPoolExecutor:beforeExecute:146","1","10000"
"org.apache.uniffle.common.rpc.GrpcServerTest#testGrpcExecutorPool","<main>","25","java/lang/Thread.sleep(J)V","org/apache/uniffle/common/rpc/GrpcServerTest:testGrpcExecutorPool:75","1","10000"
"org.apache.uniffle.common.rpc.GrpcServerTest#testGrpcExecutorPool","<main>","2","java/util/concurrent/ConcurrentMap.putIfAbsent(Ljava/lang/Object;Ljava/lang/Object;)Ljava/lang/Object;","io/prometheus/client/SimpleCollector:labels:78","1","10000"
"org.apache.uniffle.common.rpc.GrpcServerTest#testGrpcExecutorPool","<1410795158,1>","30","java/util/concurrent/FutureTask.done()V","java/util/concurrent/FutureTask:finishCompletion:385","1","10000"
"org.apache.uniffle.common.rpc.GrpcServerTest#testGrpcExecutorPool","<main>","8","java/lang/Thread.setName(Ljava/lang/String;)V","com/google/common/util/concurrent/ThreadFactoryBuilder$1:newThread:169","2","6250"
"org.apache.uniffle.common.rpc.GrpcServerTest#testGrpcExecutorPool","<1410795158,2>","78","MONITORENTER","org/apache/log4j/Category:callAppenders:204","3","17500"
"org.apache.uniffle.common.rpc.GrpcServerTest#testGrpcExecutorPool","<main>","5","java/util/concurrent/ConcurrentMap.putIfAbsent(Ljava/lang/Object;Ljava/lang/Object;)Ljava/lang/Object;","io/prometheus/client/SimpleCollector:labels:78","4","18750"
"org.apache.uniffle.common.rpc.GrpcServerTest#testGrpcExecutorPool","<main>","9","java/util/concurrent/atomic/AtomicLong.getAndIncrement()J","com/google/common/util/concurrent/ThreadFactoryBuilder$1:newThread:169","1","10000"
"org.apache.uniffle.common.rpc.GrpcServerTest#testGrpcExecutorPool","<1410795158,2>","25","java/util/concurrent/FutureTask.done()V","java/util/concurrent/FutureTask:finishCompletion:385","1","10000"
"org.apache.uniffle.common.rpc.GrpcServerTest#testGrpcExecutorPool","<main>","1","MONITORENTER","org/jacoco/agent/rt/internal_1f1cc91/core/runtime/RuntimeData:getExecutionData:119","5","19375"
"org.apache.uniffle.common.rpc.GrpcServerTest#testGrpcExecutorPool","<main>","6","MONITORENTER","io/prometheus/client/CollectorRegistry:register:51","10","19979"
"org.apache.uniffle.common.rpc.GrpcServerTest#testGrpcExecutorPool","<1410795158,2>","95","java/util/concurrent/atomic/AtomicLongFieldUpdater.compareAndSet(Ljava/lang/Object;JJ)Z","io/prometheus/client/Striped64:casBase:149","1","10000"
"org.apache.uniffle.common.rpc.GrpcServerTest#testGrpcExecutorPool","<1410795158,2>","79","java/util/concurrent/atomic/AtomicLongFieldUpdater.compareAndSet(Ljava/lang/Object;JJ)Z","io/prometheus/client/Striped64:casBase:148","1","10000"
"org.apache.uniffle.common.rpc.GrpcServerTest#testGrpcExecutorPool","<1410795158,2>","19","java/util/concurrent/ThreadPoolExecutor.afterExecute(Ljava/lang/Runnable;Ljava/lang/Throwable;)V","org/apache/uniffle/common/rpc/GrpcServer$GrpcThreadPoolExecutor:afterExecute:153","1","10000"
"org.apache.uniffle.common.rpc.GrpcServerTest#testGrpcExecutorPool","<main>","1","java/util/concurrent/atomic/AtomicLong.getAndIncrement()J","com/google/common/util/concurrent/ThreadFactoryBuilder$1:newThread:169","2","12500"
"org.apache.uniffle.common.rpc.GrpcServerTest#testGrpcExecutorPool","<1410795158,2>","83","RUNNABLE_CALLABLE_START","java/util/concurrent/FutureTask:run:0","1","10000"
"org.apache.uniffle.common.rpc.GrpcServerTest#testGrpcExecutorPool","<main>","66","MONITORENTER","io/prometheus/client/CollectorRegistry:register:51","8","19921"
"org.apache.uniffle.common.rpc.GrpcServerTest#testGrpcExecutorPool","<1410795158,1>","59","java/util/concurrent/Callable.call()Ljava/lang/Object;","java/util/concurrent/FutureTask:run:267","1","10000"
"org.apache.uniffle.common.rpc.GrpcServerTest#testGrpcExecutorPool","<main>","69","MONITORENTER","org/jacoco/agent/rt/internal_1f1cc91/core/runtime/RuntimeData:getExecutionData:119","8","19921"
"org.apache.uniffle.common.rpc.GrpcServerTest#testGrpcExecutorPool","<main>","1","MONITOREXIT","io/prometheus/client/CollectorRegistry:register:61","3","17500"
"org.apache.uniffle.common.rpc.GrpcServerTest#testGrpcExecutorPool","<1410795158,2>","77","MONITORENTER","org/apache/log4j/Category:callAppenders:204","1","10000"
"org.apache.uniffle.common.rpc.GrpcServerTest#testGrpcExecutorPool","<1410795158,1>","3","java/util/concurrent/atomic/AtomicLongFieldUpdater.compareAndSet(Ljava/lang/Object;JJ)Z","io/prometheus/client/Striped64:casBase:148","1","10000"
"org.apache.uniffle.common.rpc.GrpcServerTest#testGrpcExecutorPool","<main>","1","MONITORENTER","org/jacoco/agent/rt/internal_1f1cc91/core/runtime/RuntimeData:getExecutionData:119","14","19995"
"org.apache.uniffle.common.rpc.GrpcServerTest#testGrpcExecutorPool","<main>","8","java/lang/Thread.setName(Ljava/lang/String;)V","com/google/common/util/concurrent/ThreadFactoryBuilder$1:newThread:170","1","5000"
"org.apache.uniffle.common.rpc.GrpcServerTest#testGrpcExecutorPool","<main>","6","java/lang/Thread.sleep(J)V","org/apache/uniffle/common/rpc/GrpcServerTest:testGrpcExecutorPool:76","1","10000"
"org.apache.uniffle.common.rpc.GrpcServerTest#testGrpcExecutorPool","<1410795158,1>","51","java/util/concurrent/CountDownLatch.countDown()V","org/apache/uniffle/common/rpc/GrpcServerTest:lambda$testGrpcExecutorPool$0:72","1","10000"
"org.apache.uniffle.common.rpc.GrpcServerTest#testGrpcExecutorPool","<1410795158,2>","70","SYNCHRONIZED_METHOD_ENTER","org/apache/log4j/AppenderSkeleton:doAppend:0","1","10000"
"org.apache.uniffle.common.rpc.GrpcServerTest#testGrpcExecutorPool","<main>","2","java/lang/Thread.sleep(J)V","org/apache/uniffle/common/rpc/GrpcServerTest:testGrpcExecutorPool:76","1","10000"
"org.apache.uniffle.common.rpc.GrpcServerTest#testGrpcExecutorPool","<main>","3","MONITORENTER","io/prometheus/client/CollectorRegistry:register:51","4","18750"
"org.apache.uniffle.common.rpc.GrpcServerTest#testGrpcExecutorPool","<main>","5","MONITOREXIT","io/prometheus/client/CollectorRegistry:register:61","4","18750"
"org.apache.uniffle.common.rpc.GrpcServerTest#testGrpcExecutorPool","<main>","68","MONITOREXIT","org/jacoco/agent/rt/internal_1f1cc91/core/runtime/RuntimeData:getExecutionData:120","14","19995"
"org.apache.uniffle.common.rpc.GrpcServerTest#testGrpcExecutorPool","<main>","65","MONITORENTER","io/prometheus/client/CollectorRegistry:register:51","5","19375"
"org.apache.uniffle.common.rpc.GrpcServerTest#testGrpcExecutorPool","<main>","69","MONITOREXIT","org/jacoco/agent/rt/internal_1f1cc91/core/runtime/RuntimeData:getExecutionData:120","13","19994"
"org.apache.uniffle.common.rpc.GrpcServerTest#testGrpcExecutorPool","<1410795158,1>","91","java/util/concurrent/ThreadPoolExecutor.beforeExecute(Ljava/lang/Thread;Ljava/lang/Runnable;)V","org/apache/uniffle/common/rpc/GrpcServer$GrpcThreadPoolExecutor:beforeExecute:145","1","10000"
"org.apache.uniffle.common.rpc.GrpcServerTest#testGrpcExecutorPool","<1410795158,2>","59","java/util/concurrent/CountDownLatch.countDown()V","org/apache/uniffle/common/rpc/GrpcServerTest:lambda$testGrpcExecutorPool$0:72","1","10000"
"org.apache.uniffle.common.rpc.GrpcServerTest#testGrpcExecutorPool","<main>","39","java/util/concurrent/atomic/AtomicLong.getAndIncrement()J","com/google/common/util/concurrent/ThreadFactoryBuilder$1:newThread:170","2","12500"
"org.apache.uniffle.common.rpc.GrpcServerTest#testGrpcExecutorPool","<main>","50","java/util/concurrent/Executors.callable(Ljava/lang/Runnable;Ljava/lang/Object;)Ljava/util/concurrent/Callable;","java/util/concurrent/FutureTask:<init>:152","3","17500"
"org.apache.uniffle.common.rpc.GrpcServerTest#testGrpcExecutorPool","<1410795158,1>","75","java/util/concurrent/atomic/AtomicLongFieldUpdater.compareAndSet(Ljava/lang/Object;JJ)Z","io/prometheus/client/Striped64:casBase:148","1","10000"
"org.apache.uniffle.common.rpc.GrpcServerTest#testGrpcExecutorPool","<1410795158,1>","6","MONITOREXIT","org/apache/log4j/Category:callAppenders:211","1","10000"
"org.apache.uniffle.common.rpc.GrpcServerTest#testGrpcExecutorPool","<main>","32","java/util/concurrent/atomic/AtomicLong.getAndIncrement()J","com/google/common/util/concurrent/ThreadFactoryBuilder$1:newThread:169","2","12500"
"org.apache.uniffle.common.rpc.GrpcServerTest#testGrpcExecutorPool","<main>","2","java/util/concurrent/atomic/AtomicLong.getAndIncrement()J","com/google/common/util/concurrent/ThreadFactoryBuilder$1:newThread:170","1","10000"
"org.apache.uniffle.common.rpc.GrpcServerTest#testGrpcExecutorPool","<1410795158,1>","5","MONITOREXIT","org/apache/log4j/Category:callAppenders:211","3","17500"
"org.apache.uniffle.common.rpc.GrpcServerTest#testGrpcExecutorPool","<main>","6","MONITORENTER","io/prometheus/client/CollectorRegistry:register:51","8","19921"
"org.apache.uniffle.common.rpc.GrpcServerTest#testGrpcExecutorPool","<main>","66","MONITOREXIT","io/prometheus/client/CollectorRegistry:register:61","7","19843"
"org.apache.uniffle.common.rpc.GrpcServerTest#testGrpcExecutorPool","<main>","2","java/util/concurrent/Executors.callable(Ljava/lang/Runnable;Ljava/lang/Object;)Ljava/util/concurrent/Callable;","java/util/concurrent/FutureTask:<init>:152","2","15000"
"org.apache.uniffle.common.rpc.GrpcServerTest#testGrpcExecutorPool","<main>","66","MONITOREXIT","io/prometheus/client/CollectorRegistry:register:61","2","15000"
"org.apache.uniffle.common.rpc.GrpcServerTest#testGrpcExecutorPool","<main>","2","MONITOREXIT","io/prometheus/client/CollectorRegistry:register:61","10","19979"
"org.apache.uniffle.common.rpc.GrpcServerTest#testGrpcExecutorPool","<main>","4","MONITOREXIT","io/prometheus/client/CollectorRegistry:register:61","3","17500"
"org.apache.uniffle.common.rpc.GrpcServerTest#testGrpcExecutorPool","<1410795158,1>","72","SYNCHRONIZED_METHOD_ENTER","org/apache/log4j/AppenderSkeleton:doAppend:0","1","10000"
"org.apache.uniffle.common.rpc.GrpcServerTest#testGrpcExecutorPool","<main>","1","java/lang/Thread.setDaemon(Z)V","com/google/common/util/concurrent/ThreadFactoryBuilder$1:newThread:172","1","10000"
"org.apache.uniffle.common.rpc.GrpcServerTest#testGrpcExecutorPool","<main>","2","MONITOREXIT","org/jacoco/agent/rt/internal_1f1cc91/core/runtime/RuntimeData:getExecutionData:120","1","10000"
"org.apache.uniffle.common.rpc.GrpcServerTest#testGrpcExecutorPool","<main>","44","java/util/concurrent/atomic/AtomicLong.getAndIncrement()J","com/google/common/util/concurrent/ThreadFactoryBuilder$1:newThread:170","2","12500"
"org.apache.uniffle.common.rpc.GrpcServerTest#testGrpcExecutorPool","<1410795158,1>","88","java/util/concurrent/atomic/AtomicLongFieldUpdater.compareAndSet(Ljava/lang/Object;JJ)Z","io/prometheus/client/Striped64:casBase:148","1","10000"
"org.apache.uniffle.common.rpc.GrpcServerTest#testGrpcExecutorPool","<main>","9","java/lang/Thread.setDaemon(Z)V","com/google/common/util/concurrent/ThreadFactoryBuilder$1:newThread:173","2","15000"
"org.apache.uniffle.common.rpc.GrpcServerTest#testGrpcExecutorPool","<main>","5","java/util/concurrent/Executors.callable(Ljava/lang/Runnable;Ljava/lang/Object;)Ljava/util/concurrent/Callable;","java/util/concurrent/FutureTask:<init>:152","2","15000"
"org.apache.uniffle.common.rpc.GrpcServerTest#testGrpcExecutorPool","<1410795158,1>","95","java/util/concurrent/atomic/AtomicLongFieldUpdater.compareAndSet(Ljava/lang/Object;JJ)Z","io/prometheus/client/Striped64:casBase:149","1","10000"
"org.apache.uniffle.common.rpc.GrpcServerTest#testGrpcExecutorPool","<main>","9","java/util/concurrent/Executors.callable(Ljava/lang/Runnable;Ljava/lang/Object;)Ljava/util/concurrent/Callable;","java/util/concurrent/FutureTask:<init>:153","1","10000"
"org.apache.uniffle.common.rpc.GrpcServerTest#testGrpcExecutorPool","<main>","67","MONITORENTER","org/jacoco/agent/rt/internal_1f1cc91/core/runtime/RuntimeData:getExecutionData:119","5","19375"
"org.apache.uniffle.common.rpc.GrpcServerTest#testGrpcExecutorPool","<main>","67","MONITOREXIT","org/jacoco/agent/rt/internal_1f1cc91/core/runtime/RuntimeData:getExecutionData:120","3","17500"
"org.apache.uniffle.common.rpc.GrpcServerTest#testGrpcExecutorPool","<1410795158,1>","83","RUNNABLE_CALLABLE_START","java/util/concurrent/FutureTask:run:0","1","10000"
"org.apache.uniffle.common.rpc.GrpcServerTest#testGrpcExecutorPool","<1410795158,1>","12","java/util/concurrent/FutureTask.set(Ljava/lang/Object;)V","java/util/concurrent/FutureTask:run:275","1","10000"
"org.apache.uniffle.common.rpc.GrpcServerTest#testGrpcExecutorPool","<1410795158,1>","22","java/util/concurrent/ThreadPoolExecutor.afterExecute(Ljava/lang/Runnable;Ljava/lang/Throwable;)V","org/apache/uniffle/common/rpc/GrpcServer$GrpcThreadPoolExecutor:afterExecute:153","1","10000"
"org.apache.uniffle.common.rpc.GrpcServerTest#testGrpcExecutorPool","<main>","2","java/util/concurrent/Executors.callable(Ljava/lang/Runnable;Ljava/lang/Object;)Ljava/util/concurrent/Callable;","java/util/concurrent/FutureTask:<init>:153","2","15000"
"org.apache.uniffle.common.rpc.GrpcServerTest#testGrpcExecutorPool","<main>","31","java/util/concurrent/Executors.callable(Ljava/lang/Runnable;Ljava/lang/Object;)Ljava/util/concurrent/Callable;","java/util/concurrent/FutureTask:<init>:152","1","10000"
"org.apache.uniffle.common.rpc.GrpcServerTest#testGrpcExecutorPool","<main>","15","java/util/concurrent/CountDownLatch.await()V","org/apache/uniffle/common/rpc/GrpcServerTest:testGrpcExecutorPool:82","1","10000"
"org.apache.uniffle.common.rpc.GrpcServerTest#testGrpcExecutorPool","<main>","59","java/util/concurrent/Executors.callable(Ljava/lang/Runnable;Ljava/lang/Object;)Ljava/util/concurrent/Callable;","java/util/concurrent/FutureTask:<init>:152","2","15000"
"org.apache.uniffle.common.rpc.GrpcServerTest#testGrpcExecutorPool","<main>","18","java/lang/Thread.setDaemon(Z)V","com/google/common/util/concurrent/ThreadFactoryBuilder$1:newThread:173","2","15000"
"org.apache.uniffle.common.rpc.GrpcServerTest#testGrpcExecutorPool","<1410795158,2>","83","java/lang/Thread.currentThread()Ljava/lang/Thread;","java/util/concurrent/FutureTask:run:259","1","10000"
"org.apache.uniffle.common.rpc.GrpcServerTest#testGrpcExecutorPool","<main>","3","java/lang/Thread.setName(Ljava/lang/String;)V","com/google/common/util/concurrent/ThreadFactoryBuilder$1:newThread:169","2","6250"
"org.apache.uniffle.common.rpc.GrpcServerTest#testGrpcExecutorPool","<1410795158,1>","80","java/util/concurrent/atomic/AtomicLongFieldUpdater.compareAndSet(Ljava/lang/Object;JJ)Z","io/prometheus/client/Striped64:casBase:148","1","10000"
"org.apache.uniffle.common.rpc.GrpcServerTest#testGrpcExecutorPool","<main>","3","MONITORENTER","org/jacoco/agent/rt/internal_1f1cc91/core/runtime/RuntimeData:getExecutionData:119","9","19960"
"org.apache.uniffle.common.rpc.GrpcServerTest#testGrpcExecutorPool","<1410795158,2>","43","java/util/concurrent/FutureTask.done()V","java/util/concurrent/FutureTask:finishCompletion:384","1","10000"
"org.apache.uniffle.common.rpc.GrpcServerTest#testGrpcExecutorPool","<main>","2","MONITORENTER","org/jacoco/agent/rt/internal_1f1cc91/core/runtime/RuntimeData:getExecutionData:119","6","19687"
"org.apache.uniffle.common.rpc.GrpcServerTest#testGrpcExecutorPool","<main>","3","MONITORENTER","io/prometheus/client/CollectorRegistry:register:51","1","10000"
"org.apache.uniffle.common.rpc.GrpcServerTest#testGrpcExecutorPool","<main>","67","MONITORENTER","org/jacoco/agent/rt/internal_1f1cc91/core/runtime/RuntimeData:getExecutionData:119","14","19995"
"org.apache.uniffle.common.rpc.GrpcServerTest#testGrpcExecutorPool","<main>","66","java/util/concurrent/atomic/AtomicLongFieldUpdater.newUpdater(Ljava/lang/Class;Ljava/lang/String;)Ljava/util/concurrent/atomic/AtomicLongFieldUpdater;","io/prometheus/client/Striped64:<clinit>:281","1","10000"
"org.apache.uniffle.common.rpc.GrpcServerTest#testGrpcExecutorPool","<main>","6","MONITORENTER","io/prometheus/client/CollectorRegistry:register:51","4","18750"
"org.apache.uniffle.common.rpc.GrpcServerTest#testGrpcExecutorPool","<main>","2","MONITORENTER","org/jacoco/agent/rt/internal_1f1cc91/core/runtime/RuntimeData:getExecutionData:119","8","19921"
"org.apache.uniffle.common.rpc.GrpcServerTest#testGrpcExecutorPool","<main>","19","java/lang/Thread.sleep(J)V","org/apache/uniffle/common/rpc/GrpcServerTest:testGrpcExecutorPool:76","1","10000"
"org.apache.uniffle.common.rpc.GrpcServerTest#testGrpcExecutorPool","<main>","4","java/lang/Thread.setDaemon(Z)V","com/google/common/util/concurrent/ThreadFactoryBuilder$1:newThread:173","2","15000"
"org.apache.uniffle.common.rpc.GrpcServerTest#testGrpcExecutorPool","<1410795158,2>","82","RUNNABLE_CALLABLE_START","java/util/concurrent/FutureTask:run:0","1","10000"
"org.apache.uniffle.common.rpc.GrpcServerTest#testGrpcExecutorPool","<main>","1","MONITORENTER","org/jacoco/agent/rt/internal_1f1cc91/core/runtime/RuntimeData:getExecutionData:119","4","18750"
"org.apache.uniffle.common.rpc.GrpcServerTest#testGrpcExecutorPool","<main>","35","java/util/concurrent/atomic/AtomicLong.getAndIncrement()J","com/google/common/util/concurrent/ThreadFactoryBuilder$1:newThread:169","2","12500"
"org.apache.uniffle.common.rpc.GrpcServerTest#testGrpcExecutorPool","<main>","6","java/util/concurrent/Executors.callable(Ljava/lang/Runnable;Ljava/lang/Object;)Ljava/util/concurrent/Callable;","java/util/concurrent/FutureTask:<init>:152","3","17500"
"org.apache.uniffle.common.rpc.GrpcServerTest#testGrpcExecutorPool","<1410795158,1>","85","java/util/concurrent/Callable.call()Ljava/lang/Object;","java/util/concurrent/FutureTask:run:266","1","10000"
"org.apache.uniffle.common.rpc.GrpcServerTest#testGrpcExecutorPool","<1410795158,1>","54","java/util/concurrent/Callable.call()Ljava/lang/Object;","java/util/concurrent/FutureTask:run:267","1","10000"
"org.apache.uniffle.common.rpc.GrpcServerTest#testGrpcExecutorPool","<main>","5","java/util/concurrent/atomic/AtomicLong.getAndIncrement()J","com/google/common/util/concurrent/ThreadFactoryBuilder$1:newThread:169","1","10000"
"org.apache.uniffle.common.rpc.GrpcServerTest#testGrpcExecutorPool","<main>","3","MONITOREXIT","org/jacoco/agent/rt/internal_1f1cc91/core/runtime/RuntimeData:getExecutionData:120","8","19921"
"org.apache.uniffle.common.rpc.GrpcServerTest#testGrpcExecutorPool","<main>","1","java/util/concurrent/ConcurrentMap.putIfAbsent(Ljava/lang/Object;Ljava/lang/Object;)Ljava/lang/Object;","io/prometheus/client/SimpleCollector:labels:77","1","10000"
"org.apache.uniffle.common.rpc.GrpcServerTest#testGrpcExecutorPool","<main>","31","java/util/concurrent/Executors.callable(Ljava/lang/Runnable;Ljava/lang/Object;)Ljava/util/concurrent/Callable;","java/util/concurrent/FutureTask:<init>:153","1","10000"
"org.apache.uniffle.common.rpc.GrpcServerTest#testGrpcExecutorPool","<main>","65","java/util/concurrent/ConcurrentMap.putIfAbsent(Ljava/lang/Object;Ljava/lang/Object;)Ljava/lang/Object;","io/prometheus/client/SimpleCollector:labels:77","5","19375"
"org.apache.uniffle.common.rpc.GrpcServerTest#testGrpcExecutorPool","<main>","45","java/lang/Thread.setName(Ljava/lang/String;)V","com/google/common/util/concurrent/ThreadFactoryBuilder$1:newThread:170","1","5000"
"org.apache.uniffle.common.rpc.GrpcServerTest#testGrpcExecutorPool","<1410795158,2>","76","MONITORENTER","org/apache/log4j/Category:callAppenders:204","3","17500"
"org.apache.uniffle.common.rpc.GrpcServerTest#testGrpcExecutorPool","<1410795158,1>","1","java/util/concurrent/atomic/AtomicLongFieldUpdater.compareAndSet(Ljava/lang/Object;JJ)Z","io/prometheus/client/Striped64:casBase:148","1","10000"
"org.apache.uniffle.common.rpc.GrpcServerTest#testGrpcExecutorPool","<1410795158,2>","23","java/util/concurrent/FutureTask.set(Ljava/lang/Object;)V","java/util/concurrent/FutureTask:run:275","1","10000"
"org.apache.uniffle.common.rpc.GrpcServerTest#testGrpcExecutorPool","<main>","3","MONITOREXIT","io/prometheus/client/CollectorRegistry:register:61","4","18750"
"org.apache.uniffle.common.rpc.GrpcServerTest#testGrpcExecutorPool","<main>","69","MONITOREXIT","org/jacoco/agent/rt/internal_1f1cc91/core/runtime/RuntimeData:getExecutionData:120","5","19375"
"org.apache.uniffle.common.rpc.GrpcServerTest#testGrpcExecutorPool","<1410795158,1>","11","java/util/concurrent/FutureTask.set(Ljava/lang/Object;)V","java/util/concurrent/FutureTask:run:275","1","10000"
"org.apache.uniffle.common.rpc.GrpcServerTest#testGrpcExecutorPool","<main>","52","java/util/concurrent/Executors.callable(Ljava/lang/Runnable;Ljava/lang/Object;)Ljava/util/concurrent/Callable;","java/util/concurrent/FutureTask:<init>:152","2","15000"
"org.apache.uniffle.common.rpc.GrpcServerTest#testGrpcExecutorPool","<1410795158,1>","47","java/util/concurrent/CountDownLatch.countDown()V","org/apache/uniffle/common/rpc/GrpcServerTest:lambda$testGrpcExecutorPool$0:72","1","10000"
"org.apache.uniffle.common.rpc.GrpcServerTest#testGrpcExecutorPool","<1410795158,1>","57","java/util/concurrent/FutureTask.set(Ljava/lang/Object;)V","java/util/concurrent/FutureTask:run:274","1","10000"
"org.apache.uniffle.common.rpc.GrpcServerTest#testGrpcExecutorPool","<main>","35","java/lang/Thread.setName(Ljava/lang/String;)V","com/google/common/util/concurrent/ThreadFactoryBuilder$1:newThread:169","1","5000"
"org.apache.uniffle.common.rpc.GrpcServerTest#testGrpcExecutorPool","<main>","3","java/util/concurrent/atomic/AtomicLongFieldUpdater.newUpdater(Ljava/lang/Class;Ljava/lang/String;)Ljava/util/concurrent/atomic/AtomicLongFieldUpdater;","io/prometheus/client/Striped64:<clinit>:280","1","10000"
"org.apache.uniffle.common.rpc.GrpcServerTest#testGrpcExecutorPool","<1410795158,1>","36","java/util/concurrent/FutureTask.done()V","java/util/concurrent/FutureTask:finishCompletion:385","1","10000"
"org.apache.uniffle.common.rpc.GrpcServerTest#testGrpcExecutorPool","<1410795158,1>","49","MONITORENTER","org/apache/log4j/Category:callAppenders:204","4","18750"
"org.apache.uniffle.common.rpc.GrpcServerTest#testGrpcExecutorPool","<1410795158,1>","48","MONITOREXIT","org/apache/log4j/Category:callAppenders:211","3","17500"
"org.apache.uniffle.common.rpc.GrpcServerTest#testGrpcExecutorPool","<main>","1","MONITORENTER","org/jacoco/agent/rt/internal_1f1cc91/core/runtime/RuntimeData:getExecutionData:119","2","15000"
"org.apache.uniffle.common.rpc.GrpcServerTest#testGrpcExecutorPool","<main>","66","MONITOREXIT","io/prometheus/client/CollectorRegistry:register:61","8","19921"
"org.apache.uniffle.common.rpc.GrpcServerTest#testGrpcExecutorPool","<main>","56","java/util/concurrent/Executors.callable(Ljava/lang/Runnable;Ljava/lang/Object;)Ljava/util/concurrent/Callable;","java/util/concurrent/FutureTask:<init>:153","2","15000"
"org.apache.uniffle.common.rpc.GrpcServerTest#testGrpcExecutorPool","<main>","3","MONITOREXIT","org/jacoco/agent/rt/internal_1f1cc91/core/runtime/RuntimeData:getExecutionData:120","4","18750"
"org.apache.uniffle.common.rpc.GrpcServerTest#testGrpcExecutorPool","<main>","33","java/util/concurrent/Executors.callable(Ljava/lang/Runnable;Ljava/lang/Object;)Ljava/util/concurrent/Callable;","java/util/concurrent/FutureTask:<init>:152","3","17500"
"org.apache.uniffle.common.rpc.GrpcServerTest#testGrpcExecutorPool","<1410795158,1>","38","java/util/concurrent/FutureTask.finishCompletion()V","java/util/concurrent/FutureTask:set:233","1","10000"
"org.apache.uniffle.common.rpc.GrpcServerTest#testGrpcExecutorPool","<main>","5","java/util/concurrent/Executors.defaultThreadFactory()Ljava/util/concurrent/ThreadFactory;","com/google/common/util/concurrent/ThreadFactoryBuilder:doBuild:162","1","10000"
"org.apache.uniffle.common.rpc.GrpcServerTest#testGrpcExecutorPool","<main>","5","MONITORENTER","io/prometheus/client/CollectorRegistry:register:51","3","17500"
"org.apache.uniffle.common.rpc.GrpcServerTest#testGrpcExecutorPool","<main>","52","java/util/concurrent/Executors.callable(Ljava/lang/Runnable;Ljava/lang/Object;)Ljava/util/concurrent/Callable;","java/util/concurrent/FutureTask:<init>:153","2","15000"
"org.apache.uniffle.common.rpc.GrpcServerTest#testGrpcExecutorPool","<1410795158,1>","65","java/util/concurrent/CountDownLatch.countDown()V","org/apache/uniffle/common/rpc/GrpcServerTest:lambda$testGrpcExecutorPool$0:72","1","10000"
"org.apache.uniffle.common.rpc.GrpcServerTest#testGrpcExecutorPool","<main>","3","MONITORENTER","org/jacoco/agent/rt/internal_1f1cc91/core/runtime/RuntimeData:getExecutionData:119","7","19843"
"org.apache.uniffle.common.rpc.GrpcServerTest#testGrpcExecutorPool","<main>","54","java/util/concurrent/Executors.callable(Ljava/lang/Runnable;Ljava/lang/Object;)Ljava/util/concurrent/Callable;","java/util/concurrent/FutureTask:<init>:152","2","15000"
"org.apache.uniffle.common.rpc.GrpcServerTest#testGrpcExecutorPool","<main>","5","MONITOREXIT","io/prometheus/client/CollectorRegistry:register:61","9","19960"
"org.apache.uniffle.common.rpc.GrpcServerTest#testGrpcExecutorPool","<main>","3","MONITOREXIT","org/jacoco/agent/rt/internal_1f1cc91/core/runtime/RuntimeData:getExecutionData:120","12","19992"
"org.apache.uniffle.common.rpc.GrpcServerTest#testGrpcExecutorPool","<main>","7","java/util/concurrent/Executors.callable(Ljava/lang/Runnable;Ljava/lang/Object;)Ljava/util/concurrent/Callable;","java/util/concurrent/FutureTask:<init>:152","2","15000"
"org.apache.uniffle.common.rpc.GrpcServerTest#testGrpcExecutorPool","<1410795158,2>","4","java/util/concurrent/CountDownLatch.countDown()V","org/apache/uniffle/common/rpc/GrpcServerTest:lambda$testGrpcExecutorPool$0:72","1","10000"
"org.apache.uniffle.common.rpc.GrpcServerTest#testGrpcExecutorPool","<main>","10","java/lang/Thread.sleep(J)V","org/apache/uniffle/common/rpc/GrpcServerTest:testGrpcExecutorPool:75","1","10000"
"org.apache.uniffle.common.rpc.GrpcServerTest#testGrpcExecutorPool","<1410795158,1>","5","MONITORENTER","org/apache/log4j/Category:callAppenders:204","2","15000"
"org.apache.uniffle.common.rpc.GrpcServerTest#testGrpcExecutorPool","<1410795158,2>","10","java/util/concurrent/ThreadPoolExecutor.afterExecute(Ljava/lang/Runnable;Ljava/lang/Throwable;)V","org/apache/uniffle/common/rpc/GrpcServer$GrpcThreadPoolExecutor:afterExecute:154","1","10000"
"org.apache.uniffle.common.rpc.GrpcServerTest#testGrpcExecutorPool","<1410795158,1>","73","MONITOREXIT","org/apache/log4j/Category:callAppenders:211","2","15000"
"org.apache.uniffle.common.rpc.GrpcServerTest#testGrpcExecutorPool","<main>","4","MONITORENTER","io/prometheus/client/CollectorRegistry:register:51","1","10000"
"org.apache.uniffle.common.rpc.GrpcServerTest#testGrpcExecutorPool","<main>","68","MONITOREXIT","org/jacoco/agent/rt/internal_1f1cc91/core/runtime/RuntimeData:getExecutionData:120","9","19960"
"org.apache.uniffle.common.rpc.GrpcServerTest#testGrpcExecutorPool","<1410795158,1>","93","java/util/concurrent/atomic/AtomicLongFieldUpdater.compareAndSet(Ljava/lang/Object;JJ)Z","io/prometheus/client/Striped64:casBase:148","1","10000"
"org.apache.uniffle.common.rpc.GrpcServerTest#testGrpcExecutorPool","<main>","1","java/util/concurrent/Executors.callable(Ljava/lang/Runnable;Ljava/lang/Object;)Ljava/util/concurrent/Callable;","java/util/concurrent/FutureTask:<init>:152","3","17500"
"org.apache.uniffle.common.rpc.GrpcServerTest#testGrpcExecutorPool","<main>","67","MONITORENTER","org/jacoco/agent/rt/internal_1f1cc91/core/runtime/RuntimeData:getExecutionData:119","13","19994"
"org.apache.uniffle.common.rpc.GrpcServerTest#testGrpcExecutorPool","<1410795158,2>","36","SYNCHRONIZED_METHOD_EXIT","org/apache/log4j/AppenderSkeleton:doAppend:252","1","10000"
"org.apache.uniffle.common.rpc.GrpcServerTest#testGrpcExecutorPool","<main>","36","java/lang/Thread.setDaemon(Z)V","com/google/common/util/concurrent/ThreadFactoryBuilder$1:newThread:172","2","15000"
"org.apache.uniffle.common.rpc.GrpcServerTest#testGrpcExecutorPool","<1410795158,1>","49","MONITORENTER","org/apache/log4j/Category:callAppenders:204","1","10000"
"org.apache.uniffle.common.rpc.GrpcServerTest#testGrpcExecutorPool","<main>","1","java/util/concurrent/ConcurrentMap.putIfAbsent(Ljava/lang/Object;Ljava/lang/Object;)Ljava/lang/Object;","io/prometheus/client/SimpleCollector:labels:77","3","17500"
"org.apache.uniffle.common.rpc.GrpcServerTest#testGrpcExecutorPool","<main>","23","java/lang/Thread.sleep(J)V","org/apache/uniffle/common/rpc/GrpcServerTest:testGrpcExecutorPool:76","1","10000"
"org.apache.uniffle.common.rpc.GrpcServerTest#testGrpcExecutorPool","<main>","54","java/util/concurrent/Executors.callable(Ljava/lang/Runnable;Ljava/lang/Object;)Ljava/util/concurrent/Callable;","java/util/concurrent/FutureTask:<init>:153","2","15000"
"org.apache.uniffle.common.rpc.GrpcServerTest#testGrpcExecutorPool","<main>","4","java/util/concurrent/atomic/AtomicIntegerFieldUpdater.newUpdater(Ljava/lang/Class;Ljava/lang/String;)Ljava/util/concurrent/atomic/AtomicIntegerFieldUpdater;","io/prometheus/client/Striped64:<clinit>:281","1","5000"
"org.apache.uniffle.common.rpc.GrpcServerTest#testGrpcExecutorPool","<1410795158,1>","82","java/util/concurrent/atomic/AtomicLongFieldUpdater.compareAndSet(Ljava/lang/Object;JJ)Z","io/prometheus/client/Striped64:casBase:148","1","10000"
"org.apache.uniffle.common.rpc.GrpcServerTest#testGrpcExecutorPool","<main>","1","MONITOREXIT","org/jacoco/agent/rt/internal_1f1cc91/core/runtime/RuntimeData:getExecutionData:120","3","17500"
"org.apache.uniffle.common.rpc.GrpcServerTest#testGrpcExecutorPool","<main>","68","MONITOREXIT","org/jacoco/agent/rt/internal_1f1cc91/core/runtime/RuntimeData:getExecutionData:120","6","19687"
"org.apache.uniffle.common.rpc.GrpcServerTest#testGrpcExecutorPool","<1410795158,1>","6","MONITORENTER","org/apache/log4j/Category:callAppenders:204","3","17500"
"org.apache.uniffle.common.rpc.GrpcServerTest#testGrpcExecutorPool","<main>","34","java/util/concurrent/atomic/AtomicLong.getAndIncrement()J","com/google/common/util/concurrent/ThreadFactoryBuilder$1:newThread:170","2","12500"
"org.apache.uniffle.common.rpc.GrpcServerTest#testGrpcExecutorPool","<main>","11","java/lang/Thread.setDaemon(Z)V","com/google/common/util/concurrent/ThreadFactoryBuilder$1:newThread:173","2","15000"
"org.apache.uniffle.common.rpc.GrpcServerTest#testGrpcExecutorPool","<main>","36","java/util/concurrent/atomic/AtomicLong.getAndIncrement()J","com/google/common/util/concurrent/ThreadFactoryBuilder$1:newThread:169","1","10000"
"org.apache.uniffle.common.rpc.GrpcServerTest#testGrpcExecutorPool","<main>","3","MONITOREXIT","org/jacoco/agent/rt/internal_1f1cc91/core/runtime/RuntimeData:getExecutionData:120","2","15000"
"org.apache.uniffle.common.rpc.GrpcServerTest#testGrpcExecutorPool","<main>","6","java/util/concurrent/atomic/AtomicLong.getAndIncrement()J","com/google/common/util/concurrent/ThreadFactoryBuilder$1:newThread:170","2","12500"
"org.apache.uniffle.common.rpc.GrpcServerTest#testGrpcExecutorPool","<1410795158,2>","97","java/util/concurrent/atomic/AtomicLongFieldUpdater.compareAndSet(Ljava/lang/Object;JJ)Z","io/prometheus/client/Striped64:casBase:149","1","10000"
"org.apache.uniffle.common.rpc.GrpcServerTest#testGrpcExecutorPool","<main>","32","java/util/concurrent/Executors.callable(Ljava/lang/Runnable;Ljava/lang/Object;)Ljava/util/concurrent/Callable;","java/util/concurrent/FutureTask:<init>:152","3","17500"
"org.apache.uniffle.common.rpc.GrpcServerTest#testGrpcExecutorPool","<main>","33","java/util/concurrent/Executors.callable(Ljava/lang/Runnable;Ljava/lang/Object;)Ljava/util/concurrent/Callable;","java/util/concurrent/FutureTask:<init>:153","3","17500"
"org.apache.uniffle.common.rpc.GrpcServerTest#testGrpcExecutorPool","<main>","21","java/lang/Thread.sleep(J)V","org/apache/uniffle/common/rpc/GrpcServerTest:testGrpcExecutorPool:76","1","10000"
"org.apache.uniffle.common.rpc.GrpcServerTest#testGrpcExecutorPool","<main>","66","java/util/concurrent/atomic/AtomicIntegerFieldUpdater.newUpdater(Ljava/lang/Class;Ljava/lang/String;)Ljava/util/concurrent/atomic/AtomicIntegerFieldUpdater;","io/prometheus/client/Striped64:<clinit>:282","1","10000"
"org.apache.uniffle.common.rpc.GrpcServerTest#testGrpcExecutorPool","<main>","3","java/util/concurrent/ConcurrentMap.putIfAbsent(Ljava/lang/Object;Ljava/lang/Object;)Ljava/lang/Object;","io/prometheus/client/SimpleCollector:labels:77","5","19375"
"org.apache.uniffle.common.rpc.GrpcServerTest#testGrpcExecutorPool","<main>","64","java/util/concurrent/ConcurrentMap.putIfAbsent(Ljava/lang/Object;Ljava/lang/Object;)Ljava/lang/Object;","io/prometheus/client/SimpleCollector:labels:77","3","17500"
"org.apache.uniffle.common.rpc.GrpcServerTest#testGrpcExecutorPool","<main>","69","MONITOREXIT","org/jacoco/agent/rt/internal_1f1cc91/core/runtime/RuntimeData:getExecutionData:120","4","18750"
"org.apache.uniffle.common.rpc.GrpcServerTest#testGrpcExecutorPool","<main>","4","MONITOREXIT","io/prometheus/client/CollectorRegistry:register:61","10","19979"
"org.apache.uniffle.common.rpc.GrpcServerTest#testGrpcExecutorPool","<1410795158,2>","77","MONITOREXIT","org/apache/log4j/Category:callAppenders:211","2","15000"
"org.apache.uniffle.common.rpc.GrpcServerTest#testGrpcExecutorPool","<1410795158,1>","31","java/util/concurrent/FutureTask.done()V","java/util/concurrent/FutureTask:finishCompletion:385","1","10000"
"org.apache.uniffle.common.rpc.GrpcServerTest#testGrpcExecutorPool","<main>","68","MONITORENTER","org/jacoco/agent/rt/internal_1f1cc91/core/runtime/RuntimeData:getExecutionData:119","9","19960"
"org.apache.uniffle.common.rpc.GrpcServerTest#testGrpcExecutorPool","<main>","2","java/util/concurrent/Executors.callable(Ljava/lang/Runnable;Ljava/lang/Object;)Ljava/util/concurrent/Callable;","java/util/concurrent/FutureTask:<init>:153","1","10000"
"org.apache.uniffle.common.rpc.GrpcServerTest#testGrpcExecutorPool","<1410795158,1>","98","java/util/concurrent/atomic/AtomicLongFieldUpdater.compareAndSet(Ljava/lang/Object;JJ)Z","io/prometheus/client/Striped64:casBase:148","1","10000"
"org.apache.uniffle.common.rpc.GrpcServerTest#testGrpcExecutorPool","<main>","18","java/lang/Thread.setDaemon(Z)V","com/google/common/util/concurrent/ThreadFactoryBuilder$1:newThread:173","1","10000"
"org.apache.uniffle.common.rpc.GrpcServerTest#testGrpcExecutorPool","<1410795158,2>","56","java/util/concurrent/Callable.call()Ljava/lang/Object;","java/util/concurrent/FutureTask:run:267","1","10000"
"org.apache.uniffle.common.rpc.GrpcServerTest#testGrpcExecutorPool","<main>","67","MONITOREXIT","org/jacoco/agent/rt/internal_1f1cc91/core/runtime/RuntimeData:getExecutionData:120","10","19979"
"org.apache.uniffle.common.rpc.GrpcServerTest#testGrpcExecutorPool","<1410795158,1>","97","java/util/concurrent/atomic/AtomicLongFieldUpdater.compareAndSet(Ljava/lang/Object;JJ)Z","io/prometheus/client/Striped64:casBase:149","1","10000"
"org.apache.uniffle.common.rpc.GrpcServerTest#testGrpcExecutorPool","<main>","65","java/util/concurrent/atomic/AtomicIntegerFieldUpdater.newUpdater(Ljava/lang/Class;Ljava/lang/String;)Ljava/util/concurrent/atomic/AtomicIntegerFieldUpdater;","io/prometheus/client/Striped64:<clinit>:282","1","10000"
"org.apache.uniffle.common.rpc.GrpcServerTest#testGrpcExecutorPool","<main>","33","java/util/concurrent/atomic/AtomicLong.getAndIncrement()J","com/google/common/util/concurrent/ThreadFactoryBuilder$1:newThread:170","1","10000"
"org.apache.uniffle.common.rpc.GrpcServerTest#testGrpcExecutorPool","<1410795158,2>","36","java/util/concurrent/CountDownLatch.countDown()V","org/apache/uniffle/common/rpc/GrpcServerTest:lambda$testGrpcExecutorPool$0:71","1","10000"
"org.apache.uniffle.common.rpc.GrpcServerTest#testGrpcExecutorPool","<1410795158,2>","46","java/util/concurrent/FutureTask.finishCompletion()V","java/util/concurrent/FutureTask:set:233","1","10000"
"org.apache.uniffle.common.rpc.GrpcServerTest#testGrpcExecutorPool","<main>","39","java/lang/Thread.setDaemon(Z)V","com/google/common/util/concurrent/ThreadFactoryBuilder$1:newThread:172","2","15000"
"org.apache.uniffle.common.rpc.GrpcServerTest#testGrpcExecutorPool","<main>","68","MONITORENTER","org/jacoco/agent/rt/internal_1f1cc91/core/runtime/RuntimeData:getExecutionData:119","8","19921"
"org.apache.uniffle.common.rpc.GrpcServerTest#testGrpcExecutorPool","<1410795158,1>","78","java/lang/System.currentTimeMillis()J","org/apache/log4j/spi/LoggingEvent:<init>:167","1","10000"
"org.apache.uniffle.common.rpc.GrpcServerTest#testGrpcExecutorPool","<main>","1","MONITORENTER","org/jacoco/agent/rt/internal_1f1cc91/core/runtime/RuntimeData:getExecutionData:119","8","19921"
"org.apache.uniffle.common.rpc.GrpcServerTest#testGrpcExecutorPool","<main>","43","java/lang/Thread.setName(Ljava/lang/String;)V","com/google/common/util/concurrent/ThreadFactoryBuilder$1:newThread:170","1","5000"
"org.apache.uniffle.common.rpc.GrpcServerTest#testGrpcExecutorPool","<main>","65","java/util/concurrent/ConcurrentMap.putIfAbsent(Ljava/lang/Object;Ljava/lang/Object;)Ljava/lang/Object;","io/prometheus/client/SimpleCollector:labels:77","2","15000"
"org.apache.uniffle.common.rpc.GrpcServerTest#testGrpcExecutorPool","<main>","6","MONITOREXIT","io/prometheus/client/CollectorRegistry:register:61","10","19979"
"org.apache.uniffle.common.rpc.GrpcServerTest#testGrpcExecutorPool","<main>","38","java/lang/Thread.setName(Ljava/lang/String;)V","com/google/common/util/concurrent/ThreadFactoryBuilder$1:newThread:170","2","6250"
"org.apache.uniffle.common.rpc.GrpcServerTest#testGrpcExecutorPool","<main>","5","java/lang/Thread.sleep(J)V","org/apache/uniffle/common/rpc/GrpcServerTest:testGrpcExecutorPool:75","1","10000"
"org.apache.uniffle.common.rpc.GrpcServerTest#testGrpcExecutorPool","<main>","3","MONITOREXIT","io/prometheus/client/CollectorRegistry:register:61","9","19960"
"org.apache.uniffle.common.rpc.GrpcServerTest#testGrpcExecutorPool","<1410795158,2>","100","java/util/concurrent/atomic/AtomicLongFieldUpdater.compareAndSet(Ljava/lang/Object;JJ)Z","io/prometheus/client/Striped64:casBase:148","1","10000"
"org.apache.uniffle.common.rpc.GrpcServerTest#testGrpcExecutorPool","<1410795158,2>","27","java/util/concurrent/FutureTask.done()V","java/util/concurrent/FutureTask:finishCompletion:385","1","10000"
"org.apache.uniffle.common.rpc.GrpcServerTest#testGrpcExecutorPool","<main>","67","MONITOREXIT","org/jacoco/agent/rt/internal_1f1cc91/core/runtime/RuntimeData:getExecutionData:120","6","19687"
"org.apache.uniffle.common.rpc.GrpcServerTest#testGrpcExecutorPool","<main>","1","MONITOREXIT","io/prometheus/client/CollectorRegistry:register:61","1","10000"
"org.apache.uniffle.common.rpc.GrpcServerTest#testGrpcExecutorPool","<main>","6","java/util/concurrent/ConcurrentMap.putIfAbsent(Ljava/lang/Object;Ljava/lang/Object;)Ljava/lang/Object;","io/prometheus/client/SimpleCollector:labels:77","5","19375"
"org.apache.uniffle.common.rpc.GrpcServerTest#testGrpcExecutorPool","<1410795158,2>","58","SYNCHRONIZED_METHOD_ENTER","org/apache/log4j/AppenderSkeleton:doAppend:0","1","10000"
"org.apache.uniffle.common.rpc.GrpcServerTest#testGrpcExecutorPool","<main>","69","MONITOREXIT","org/jacoco/agent/rt/internal_1f1cc91/core/runtime/RuntimeData:getExecutionData:120","2","15000"
"org.apache.uniffle.common.rpc.GrpcServerTest#testGrpcExecutorPool","<1410795158,1>","77","java/lang/Thread.sleep(J)V","org/apache/uniffle/common/rpc/GrpcServerTest:lambda$testGrpcExecutorPool$0:66","1","10000"
"org.apache.uniffle.common.rpc.GrpcServerTest#testGrpcExecutorPool","<main>","1","MONITOREXIT","org/jacoco/agent/rt/internal_1f1cc91/core/runtime/RuntimeData:getExecutionData:120","13","19994"
"org.apache.uniffle.common.rpc.GrpcServerTest#testGrpcExecutorPool","<main>","9","java/util/concurrent/atomic/AtomicLong.getAndIncrement()J","com/google/common/util/concurrent/ThreadFactoryBuilder$1:newThread:169","2","12500"
"org.apache.uniffle.common.rpc.GrpcServerTest#testGrpcExecutorPool","<main>","67","MONITOREXIT","org/jacoco/agent/rt/internal_1f1cc91/core/runtime/RuntimeData:getExecutionData:120","8","19921"
"org.apache.uniffle.common.rpc.GrpcServerTest#testGrpcExecutorPool","<main>","2","MONITOREXIT","io/prometheus/client/CollectorRegistry:register:61","3","17500"
"org.apache.uniffle.common.rpc.GrpcServerTest#testGrpcExecutorPool","<main>","4","MONITOREXIT","io/prometheus/client/CollectorRegistry:register:61","9","19960"
"org.apache.uniffle.common.rpc.GrpcServerTest#testGrpcExecutorPool","<1410795158,2>","67","java/util/concurrent/CountDownLatch.countDown()V","org/apache/uniffle/common/rpc/GrpcServerTest:lambda$testGrpcExecutorPool$0:71","1","10000"
"org.apache.uniffle.common.rpc.GrpcServerTest#testGrpcExecutorPool","<1410795158,2>","66","java/util/concurrent/CountDownLatch.countDown()V","org/apache/uniffle/common/rpc/GrpcServerTest:lambda$testGrpcExecutorPool$0:72","1","10000"
"org.apache.uniffle.common.rpc.GrpcServerTest#testGrpcExecutorPool","<1410795158,1>","49","MONITOREXIT","org/apache/log4j/Category:callAppenders:211","2","15000"
"org.apache.uniffle.common.rpc.GrpcServerTest#testGrpcExecutorPool","<main>","5","java/util/concurrent/Executors.callable(Ljava/lang/Runnable;Ljava/lang/Object;)Ljava/util/concurrent/Callable;","java/util/concurrent/FutureTask:<init>:153","2","15000"
"org.apache.uniffle.common.rpc.GrpcServerTest#testGrpcExecutorPool","<1410795158,2>","34","SYNCHRONIZED_METHOD_EXIT","org/apache/log4j/AppenderSkeleton:doAppend:252","1","10000"
"org.apache.uniffle.common.rpc.GrpcServerTest#testGrpcExecutorPool","<1410795158,2>","42","java/util/concurrent/FutureTask.finishCompletion()V","java/util/concurrent/FutureTask:set:233","1","10000"
"org.apache.uniffle.common.rpc.GrpcServerTest#testGrpcExecutorPool","<1410795158,1>","6","MONITOREXIT","org/apache/log4j/Category:callAppenders:211","3","17500"
"org.apache.uniffle.common.rpc.GrpcServerTest#testGrpcExecutorPool","<main>","34","java/lang/Thread.setName(Ljava/lang/String;)V","com/google/common/util/concurrent/ThreadFactoryBuilder$1:newThread:169","2","6250"
"org.apache.uniffle.common.rpc.GrpcServerTest#testGrpcExecutorPool","<1410795158,1>","72","SYNCHRONIZED_METHOD_EXIT","org/apache/log4j/AppenderSkeleton:doAppend:252","1","10000"
"org.apache.uniffle.common.rpc.GrpcServerTest#testGrpcExecutorPool","<main>","2","MONITORENTER","io/prometheus/client/CollectorRegistry:register:51","6","19687"
"org.apache.uniffle.common.rpc.GrpcServerTest#testGrpcExecutorPool","<1410795158,1>","72","MONITORENTER","org/apache/log4j/Category:callAppenders:204","4","18750"
"org.apache.uniffle.common.rpc.GrpcServerTest#testGrpcExecutorPool","<main>","16","java/lang/Thread.sleep(J)V","org/apache/uniffle/common/rpc/GrpcServerTest:testGrpcExecutorPool:76","1","10000"
"org.apache.uniffle.common.rpc.GrpcServerTest#testGrpcExecutorPool","<main>","4","MONITOREXIT","io/prometheus/client/CollectorRegistry:register:61","4","18750"
"org.apache.uniffle.common.rpc.GrpcServerTest#testGrpcExecutorPool","<main>","3","java/util/concurrent/atomic/AtomicLongFieldUpdater.newUpdater(Ljava/lang/Class;Ljava/lang/String;)Ljava/util/concurrent/atomic/AtomicLongFieldUpdater;","io/prometheus/client/Striped64:<clinit>:281","1","10000"
"org.apache.uniffle.common.rpc.GrpcServerTest#testGrpcExecutorPool","<1410795158,2>","78","MONITORENTER","org/apache/log4j/Category:callAppenders:204","2","15000"
"org.apache.uniffle.common.rpc.GrpcServerTest#testGrpcExecutorPool","<1410795158,2>","90","java/util/concurrent/ThreadPoolExecutor.beforeExecute(Ljava/lang/Thread;Ljava/lang/Runnable;)V","org/apache/uniffle/common/rpc/GrpcServer$GrpcThreadPoolExecutor:beforeExecute:146","1","10000"
"org.apache.uniffle.common.rpc.GrpcServerTest#testGrpcExecutorPool","<main>","66","MONITORENTER","io/prometheus/client/CollectorRegistry:register:51","3","17500"
"org.apache.uniffle.common.rpc.GrpcServerTest#testGrpcExecutorPool","<main>","69","MONITORENTER","org/jacoco/agent/rt/internal_1f1cc91/core/runtime/RuntimeData:getExecutionData:119","3","17500"
"org.apache.uniffle.common.rpc.GrpcServerTest#testGrpcExecutorPool","<main>","68","MONITOREXIT","org/jacoco/agent/rt/internal_1f1cc91/core/runtime/RuntimeData:getExecutionData:120","1","10000"
"org.apache.uniffle.common.rpc.GrpcServerTest#testGrpcExecutorPool","<main>","6","MONITOREXIT","io/prometheus/client/CollectorRegistry:register:61","9","19960"
"org.apache.uniffle.common.rpc.GrpcServerTest#testGrpcExecutorPool","<main>","2","java/util/concurrent/atomic/AtomicLong.getAndIncrement()J","com/google/common/util/concurrent/ThreadFactoryBuilder$1:newThread:170","2","12500"
"org.apache.uniffle.common.rpc.GrpcServerTest#testGrpcExecutorPool","<main>","54","java/util/concurrent/Executors.callable(Ljava/lang/Runnable;Ljava/lang/Object;)Ljava/util/concurrent/Callable;","java/util/concurrent/FutureTask:<init>:152","1","10000"
"org.apache.uniffle.common.rpc.GrpcServerTest#testGrpcExecutorPool","<main>","67","MONITORENTER","org/jacoco/agent/rt/internal_1f1cc91/core/runtime/RuntimeData:getExecutionData:119","8","19921"
"org.apache.uniffle.common.rpc.GrpcServerTest#testGrpcExecutorPool","<main>","5","MONITORENTER","io/prometheus/client/CollectorRegistry:register:51","5","19375"
"org.apache.uniffle.common.rpc.GrpcServerTest#testGrpcExecutorPool","<main>","34","java/lang/Thread.setName(Ljava/lang/String;)V","com/google/common/util/concurrent/ThreadFactoryBuilder$1:newThread:169","1","5000"
"org.apache.uniffle.common.rpc.GrpcServerTest#testGrpcExecutorPool","<main>","65","MONITORENTER","io/prometheus/client/CollectorRegistry:register:51","1","10000"
"org.apache.uniffle.common.rpc.GrpcServerTest#testGrpcExecutorPool","<1410795158,2>","26","java/util/concurrent/FutureTask.done()V","java/util/concurrent/FutureTask:finishCompletion:385","1","10000"
"org.apache.uniffle.common.rpc.GrpcServerTest#testGrpcExecutorPool","<main>","2","MONITOREXIT","org/jacoco/agent/rt/internal_1f1cc91/core/runtime/RuntimeData:getExecutionData:120","11","19988"
"org.apache.uniffle.common.rpc.GrpcServerTest#testGrpcExecutorPool","<1410795158,1>","56","java/util/concurrent/FutureTask.set(Ljava/lang/Object;)V","java/util/concurrent/FutureTask:run:274","1","10000"
"org.apache.uniffle.common.rpc.GrpcServerTest#testGrpcExecutorPool","<1410795158,1>","61","java/util/concurrent/Callable.call()Ljava/lang/Object;","java/util/concurrent/FutureTask:run:267","1","10000"
"org.apache.uniffle.common.rpc.GrpcServerTest#testGrpcExecutorPool","<main>","4","java/util/concurrent/Executors.callable(Ljava/lang/Runnable;Ljava/lang/Object;)Ljava/util/concurrent/Callable;","java/util/concurrent/FutureTask:<init>:153","1","10000"
"org.apache.uniffle.common.rpc.GrpcServerTest#testGrpcExecutorPool","<main>","66","java/util/concurrent/ConcurrentMap.putIfAbsent(Ljava/lang/Object;Ljava/lang/Object;)Ljava/lang/Object;","io/prometheus/client/SimpleCollector:labels:78","1","10000"
"org.apache.uniffle.common.rpc.GrpcServerTest#testGrpcExecutorPool","<main>","5","java/lang/Thread.setDaemon(Z)V","com/google/common/util/concurrent/ThreadFactoryBuilder$1:newThread:172","2","15000"
"org.apache.uniffle.common.rpc.GrpcServerTest#testGrpcExecutorPool","<main>","63","java/util/concurrent/Executors.defaultThreadFactory()Ljava/util/concurrent/ThreadFactory;","com/google/common/util/concurrent/ThreadFactoryBuilder:doBuild:162","1","10000"
"org.apache.uniffle.common.rpc.GrpcServerTest#testGrpcExecutorPool","<1410795158,1>","72","MONITORENTER","org/apache/log4j/Category:callAppenders:204","2","15000"
"org.apache.uniffle.common.rpc.GrpcServerTest#testGrpcExecutorPool","<1410795158,2>","83","java/lang/Thread.currentThread()Ljava/lang/Thread;","java/util/concurrent/FutureTask:run:258","1","10000"
"org.apache.uniffle.common.rpc.GrpcServerTest#testGrpcExecutorPool","<main>","1","java/util/concurrent/ConcurrentMap.putIfAbsent(Ljava/lang/Object;Ljava/lang/Object;)Ljava/lang/Object;","io/prometheus/client/SimpleCollector:labels:77","5","19375"
"org.apache.uniffle.common.rpc.GrpcServerTest#testGrpcExecutorPool","<main>","34","java/lang/Thread.setName(Ljava/lang/String;)V","com/google/common/util/concurrent/ThreadFactoryBuilder$1:newThread:170","2","6250"
"org.apache.uniffle.common.rpc.GrpcServerTest#testGrpcExecutorPool","<main>","3","java/util/concurrent/ConcurrentMap.putIfAbsent(Ljava/lang/Object;Ljava/lang/Object;)Ljava/lang/Object;","io/prometheus/client/SimpleCollector:labels:77","2","15000"
"org.apache.uniffle.common.rpc.GrpcServerTest#testGrpcExecutorPool","<main>","1","MONITOREXIT","org/jacoco/agent/rt/internal_1f1cc91/core/runtime/RuntimeData:getExecutionData:120","5","19375"
"org.apache.uniffle.common.rpc.GrpcServerTest#testGrpcExecutorPool","<1410795158,1>","5","java/util/concurrent/CountDownLatch.countDown()V","org/apache/uniffle/common/rpc/GrpcServerTest:lambda$testGrpcExecutorPool$0:71","1","10000"
"org.apache.uniffle.common.rpc.GrpcServerTest#testGrpcExecutorPool","<main>","7","java/util/concurrent/atomic/AtomicLong.getAndIncrement()J","com/google/common/util/concurrent/ThreadFactoryBuilder$1:newThread:169","2","12500"
"org.apache.uniffle.common.rpc.GrpcServerTest#testGrpcExecutorPool","<main>","67","MONITORENTER","org/jacoco/agent/rt/internal_1f1cc91/core/runtime/RuntimeData:getExecutionData:119","4","18750"
"org.apache.uniffle.common.rpc.GrpcServerTest#testGrpcExecutorPool","<main>","12","java/lang/Thread.sleep(J)V","org/apache/uniffle/common/rpc/GrpcServerTest:testGrpcExecutorPool:75","1","10000"
"org.apache.uniffle.common.rpc.GrpcServerTest#testGrpcExecutorPool","<main>","1","MONITOREXIT","org/jacoco/agent/rt/internal_1f1cc91/core/runtime/RuntimeData:getExecutionData:120","10","19979"
"org.apache.uniffle.common.rpc.GrpcServerTest#testGrpcExecutorPool","<main>","38","java/util/concurrent/atomic/AtomicLong.getAndIncrement()J","com/google/common/util/concurrent/ThreadFactoryBuilder$1:newThread:170","1","10000"
"org.apache.uniffle.common.rpc.GrpcServerTest#testGrpcExecutorPool","<main>","32","java/lang/Thread.setDaemon(Z)V","com/google/common/util/concurrent/ThreadFactoryBuilder$1:newThread:172","1","10000"
"org.apache.uniffle.common.rpc.GrpcServerTest#testGrpcExecutorPool","<main>","3","java/util/concurrent/ConcurrentMap.putIfAbsent(Ljava/lang/Object;Ljava/lang/Object;)Ljava/lang/Object;","io/prometheus/client/SimpleCollector:labels:78","4","18750"
"org.apache.uniffle.common.rpc.GrpcServerTest#testGrpcExecutorPool","<1410795158,2>","7","java/util/concurrent/FutureTask.done()V","java/util/concurrent/FutureTask:finishCompletion:385","1","10000"
"org.apache.uniffle.common.rpc.GrpcServerTest#testGrpcExecutorPool","<main>","69","MONITORENTER","org/jacoco/agent/rt/internal_1f1cc91/core/runtime/RuntimeData:getExecutionData:119","13","19994"
"org.apache.uniffle.common.rpc.GrpcServerTest#testGrpcExecutorPool","<main>","60","java/util/concurrent/Executors.callable(Ljava/lang/Runnable;Ljava/lang/Object;)Ljava/util/concurrent/Callable;","java/util/concurrent/FutureTask:<init>:152","1","10000"
"org.apache.uniffle.common.rpc.GrpcServerTest#testGrpcExecutorPool","<main>","2","MONITORENTER","org/jacoco/agent/rt/internal_1f1cc91/core/runtime/RuntimeData:getExecutionData:119","2","15000"
"org.apache.uniffle.common.rpc.GrpcServerTest#testGrpcExecutorPool","<main>","7","java/util/concurrent/Executors.callable(Ljava/lang/Runnable;Ljava/lang/Object;)Ljava/util/concurrent/Callable;","java/util/concurrent/FutureTask:<init>:153","3","17500"
"org.apache.uniffle.common.rpc.GrpcServerTest#testGrpcExecutorPool","<main>","1","java/util/concurrent/Executors.callable(Ljava/lang/Runnable;Ljava/lang/Object;)Ljava/util/concurrent/Callable;","java/util/concurrent/FutureTask:<init>:153","1","10000"
"org.apache.uniffle.common.rpc.GrpcServerTest#testGrpcExecutorPool","<1410795158,1>","4","MONITORENTER","org/apache/log4j/Category:callAppenders:204","1","10000"
"org.apache.uniffle.common.rpc.GrpcServerTest#testGrpcExecutorPool","<1410795158,1>","73","MONITORENTER","org/apache/log4j/Category:callAppenders:204","1","10000"
"org.apache.uniffle.common.rpc.GrpcServerTest#testGrpcExecutorPool","<main>","6","java/lang/Thread.setName(Ljava/lang/String;)V","com/google/common/util/concurrent/ThreadFactoryBuilder$1:newThread:169","2","6250"
"org.apache.uniffle.common.rpc.GrpcServerTest#testGrpcExecutorPool","<main>","3","MONITOREXIT","org/jacoco/agent/rt/internal_1f1cc91/core/runtime/RuntimeData:getExecutionData:120","3","17500"
"org.apache.uniffle.common.rpc.GrpcServerTest#testGrpcExecutorPool","<1410795158,1>","83","java/util/concurrent/Callable.call()Ljava/lang/Object;","java/util/concurrent/FutureTask:run:266","1","10000"
"org.apache.uniffle.common.rpc.GrpcServerTest#testGrpcExecutorPool","<main>","31","java/util/concurrent/atomic/AtomicLong.getAndIncrement()J","com/google/common/util/concurrent/ThreadFactoryBuilder$1:newThread:169","1","10000"
"org.apache.uniffle.common.rpc.GrpcServerTest#testGrpcExecutorPool","<1410795158,2>","51","java/util/concurrent/Callable.call()Ljava/lang/Object;","java/util/concurrent/FutureTask:run:267","1","10000"
"org.apache.uniffle.common.rpc.GrpcServerTest#testGrpcExecutorPool","<main>","2","java/lang/Thread.setName(Ljava/lang/String;)V","com/google/common/util/concurrent/ThreadFactoryBuilder$1:newThread:169","2","6250"
"org.apache.uniffle.common.rpc.GrpcServerTest#testGrpcExecutorPool","<main>","39","java/lang/Thread.setDaemon(Z)V","com/google/common/util/concurrent/ThreadFactoryBuilder$1:newThread:172","1","10000"
"org.apache.uniffle.common.rpc.GrpcServerTest#testGrpcExecutorPool","<main>","39","java/lang/Thread.setName(Ljava/lang/String;)V","com/google/common/util/concurrent/ThreadFactoryBuilder$1:newThread:170","2","6250"
"org.apache.uniffle.common.rpc.GrpcServerTest#testGrpcExecutorPool","<main>","2","MONITORENTER","io/prometheus/client/CollectorRegistry:register:51","1","10000"
"org.apache.uniffle.common.rpc.GrpcServerTest#testGrpcExecutorPool","<main>","6","java/util/concurrent/Executors.callable(Ljava/lang/Runnable;Ljava/lang/Object;)Ljava/util/concurrent/Callable;","java/util/concurrent/FutureTask:<init>:152","2","15000"
"org.apache.uniffle.common.rpc.GrpcServerTest#testGrpcExecutorPool","<main>","2","MONITOREXIT","org/jacoco/agent/rt/internal_1f1cc91/core/runtime/RuntimeData:getExecutionData:120","12","19992"
"org.apache.uniffle.common.rpc.GrpcServerTest#testGrpcExecutorPool","<main>","65","java/util/concurrent/ConcurrentMap.putIfAbsent(Ljava/lang/Object;Ljava/lang/Object;)Ljava/lang/Object;","io/prometheus/client/SimpleCollector:labels:77","4","18750"
"org.apache.uniffle.common.rpc.GrpcServerTest#testGrpcExecutorPool","<1410795158,2>","101","java/util/concurrent/atomic/AtomicLongFieldUpdater.compareAndSet(Ljava/lang/Object;JJ)Z","io/prometheus/client/Striped64:casBase:148","1","10000"
"org.apache.uniffle.common.rpc.GrpcServerTest#testGrpcExecutorPool","<1410795158,2>","73","java/util/concurrent/atomic/AtomicLongFieldUpdater.compareAndSet(Ljava/lang/Object;JJ)Z","io/prometheus/client/Striped64:casBase:148","1","10000"
"org.apache.uniffle.common.rpc.GrpcServerTest#testGrpcExecutorPool","<1410795158,2>","38","java/util/concurrent/Callable.call()Ljava/lang/Object;","java/util/concurrent/FutureTask:run:267","1","10000"
"org.apache.uniffle.common.rpc.GrpcServerTest#testGrpcExecutorPool","<main>","5","MONITORENTER","io/prometheus/client/CollectorRegistry:register:51","4","18750"
"org.apache.uniffle.common.rpc.GrpcServerTest#testGrpcExecutorPool","<main>","64","MONITORENTER","io/prometheus/client/CollectorRegistry:register:51","2","15000"
"org.apache.uniffle.common.rpc.GrpcServerTest#testGrpcExecutorPool","<main>","5","java/lang/Thread.setName(Ljava/lang/String;)V","com/google/common/util/concurrent/ThreadFactoryBuilder$1:newThread:169","1","5000"
"org.apache.uniffle.common.rpc.GrpcServerTest#testGrpcExecutorPool","<main>","65","java/util/concurrent/ConcurrentMap.putIfAbsent(Ljava/lang/Object;Ljava/lang/Object;)Ljava/lang/Object;","io/prometheus/client/SimpleCollector:labels:78","3","17500"
"org.apache.uniffle.common.rpc.GrpcServerTest#testGrpcExecutorPool","<main>","49","java/util/concurrent/Executors.defaultThreadFactory()Ljava/util/concurrent/ThreadFactory;","com/google/common/util/concurrent/ThreadFactoryBuilder:doBuild:162","1","10000"
"org.apache.uniffle.common.rpc.GrpcServerTest#testGrpcExecutorPool","<main>","6","java/util/concurrent/ConcurrentMap.putIfAbsent(Ljava/lang/Object;Ljava/lang/Object;)Ljava/lang/Object;","io/prometheus/client/SimpleCollector:labels:77","2","15000"
"org.apache.uniffle.common.rpc.GrpcServerTest#testGrpcExecutorPool","<main>","2","java/util/concurrent/ConcurrentMap.putIfAbsent(Ljava/lang/Object;Ljava/lang/Object;)Ljava/lang/Object;","io/prometheus/client/SimpleCollector:labels:77","1","10000"
"org.apache.uniffle.common.rpc.GrpcServerTest#testGrpcExecutorPool","<main>","64","java/util/concurrent/ConcurrentMap.putIfAbsent(Ljava/lang/Object;Ljava/lang/Object;)Ljava/lang/Object;","io/prometheus/client/SimpleCollector:labels:77","2","15000"
"org.apache.uniffle.common.rpc.GrpcServerTest#testGrpcExecutorPool","<main>","51","java/util/concurrent/Executors.callable(Ljava/lang/Runnable;Ljava/lang/Object;)Ljava/util/concurrent/Callable;","java/util/concurrent/FutureTask:<init>:153","3","17500"
"org.apache.uniffle.common.rpc.GrpcServerTest#testGrpcExecutorPool","<main>","64","MONITOREXIT","io/prometheus/client/CollectorRegistry:register:61","3","17500"
"org.apache.uniffle.common.rpc.GrpcServerTest#testGrpcExecutorPool","<main>","4","java/util/concurrent/Executors.callable(Ljava/lang/Runnable;Ljava/lang/Object;)Ljava/util/concurrent/Callable;","java/util/concurrent/FutureTask:<init>:153","3","17500"
"org.apache.uniffle.common.rpc.GrpcServerTest#testGrpcExecutorPool","<1410795158,2>","82","java/lang/Thread.currentThread()Ljava/lang/Thread;","java/util/concurrent/FutureTask:run:258","1","10000"
"org.apache.uniffle.common.rpc.GrpcServerTest#testGrpcExecutorPool","<main>","64","MONITORENTER","io/prometheus/client/CollectorRegistry:register:51","9","19960"
"org.apache.uniffle.common.rpc.GrpcServerTest#testGrpcExecutorPool","<main>","1","java/util/concurrent/Executors.callable(Ljava/lang/Runnable;Ljava/lang/Object;)Ljava/util/concurrent/Callable;","java/util/concurrent/FutureTask:<init>:152","1","10000"
"org.apache.uniffle.common.rpc.GrpcServerTest#testGrpcExecutorPool","<1410795158,1>","8","java/util/concurrent/FutureTask.finishCompletion()V","java/util/concurrent/FutureTask:set:233","1","10000"
"org.apache.uniffle.common.rpc.GrpcServerTest#testGrpcExecutorPool","<1410795158,1>","48","MONITORENTER","org/apache/log4j/Category:callAppenders:204","2","15000"
"org.apache.uniffle.common.rpc.GrpcServerTest#testGrpcExecutorPool","<1410795158,2>","76","MONITOREXIT","org/apache/log4j/Category:callAppenders:211","1","10000"
"org.apache.uniffle.common.rpc.GrpcServerTest#testGrpcExecutorPool","<main>","5","java/util/concurrent/atomic/AtomicLongFieldUpdater.newUpdater(Ljava/lang/Class;Ljava/lang/String;)Ljava/util/concurrent/atomic/AtomicLongFieldUpdater;","io/prometheus/client/Striped64:<clinit>:280","1","10000"
"org.apache.uniffle.common.rpc.GrpcServerTest#testGrpcExecutorPool","<main>","3","java/lang/Thread.sleep(J)V","org/apache/uniffle/common/rpc/GrpcServerTest:testGrpcExecutorPool:76","1","10000"
"org.apache.uniffle.common.rpc.GrpcServerTest#testGrpcExecutorPool","<main>","3","java/lang/Thread.setDaemon(Z)V","com/google/common/util/concurrent/ThreadFactoryBuilder$1:newThread:173","1","10000"
"org.apache.uniffle.common.rpc.GrpcServerTest#testGrpcExecutorPool","<1410795158,2>","41","java/util/concurrent/FutureTask.finishCompletion()V","java/util/concurrent/FutureTask:set:233","1","10000"
"org.apache.uniffle.common.rpc.GrpcServerTest#testGrpcExecutorPool","<main>","3","MONITORENTER","io/prometheus/client/CollectorRegistry:register:51","10","19979"
"org.apache.uniffle.common.rpc.GrpcServerTest#testGrpcExecutorPool","<1410795158,2>","91","java/util/concurrent/atomic/AtomicLongFieldUpdater.compareAndSet(Ljava/lang/Object;JJ)Z","io/prometheus/client/Striped64:casBase:148","1","10000"
"org.apache.uniffle.common.rpc.GrpcServerTest#testGrpcExecutorPool","<main>","3","java/lang/Thread.setName(Ljava/lang/String;)V","com/google/common/util/concurrent/ThreadFactoryBuilder$1:newThread:170","1","5000"
"org.apache.uniffle.common.rpc.GrpcServerTest#testGrpcExecutorPool","<main>","1","java/util/concurrent/ConcurrentMap.putIfAbsent(Ljava/lang/Object;Ljava/lang/Object;)Ljava/lang/Object;","io/prometheus/client/SimpleCollector:labels:77","4","18750"
"org.apache.uniffle.common.rpc.GrpcServerTest#testGrpcExecutorPool","<main>","1","java/lang/Thread.setDaemon(Z)V","com/google/common/util/concurrent/ThreadFactoryBuilder$1:newThread:173","1","10000"
"org.apache.uniffle.common.rpc.GrpcServerTest#testGrpcExecutorPool","<1410795158,2>","5","SYNCHRONIZED_METHOD_EXIT","org/apache/log4j/AppenderSkeleton:doAppend:252","1","10000"
"org.apache.uniffle.common.rpc.GrpcServerTest#testGrpcExecutorPool","<1410795158,1>","83","java/lang/Thread.currentThread()Ljava/lang/Thread;","java/util/concurrent/FutureTask:run:259","1","10000"
"org.apache.uniffle.common.rpc.GrpcServerTest#testGrpcExecutorPool","<1410795158,1>","6","SYNCHRONIZED_METHOD_EXIT","org/apache/log4j/AppenderSkeleton:doAppend:252","1","10000"
"org.apache.uniffle.common.rpc.GrpcServerTest#testGrpcExecutorPool","<main>","7","java/lang/Thread.sleep(J)V","org/apache/uniffle/common/rpc/GrpcServerTest:testGrpcExecutorPool:75","1","10000"
"org.apache.uniffle.common.rpc.GrpcServerTest#testGrpcExecutorPool","<main>","1","MONITOREXIT","org/jacoco/agent/rt/internal_1f1cc91/core/runtime/RuntimeData:getExecutionData:120","4","18750"
"org.apache.uniffle.common.rpc.GrpcServerTest#testGrpcExecutorPool","<main>","3","java/util/concurrent/Executors.defaultThreadFactory()Ljava/util/concurrent/ThreadFactory;","com/google/common/util/concurrent/ThreadFactoryBuilder:doBuild:162","1","10000"
"org.apache.uniffle.common.rpc.GrpcServerTest#testGrpcExecutorPool","<1410795158,1>","6","MONITORENTER","org/apache/log4j/Category:callAppenders:204","4","18750"
"org.apache.uniffle.common.rpc.GrpcServerTest#testGrpcExecutorPool","<1410795158,1>","71","MONITOREXIT","org/apache/log4j/Category:callAppenders:211","3","17500"
"org.apache.uniffle.common.rpc.GrpcServerTest#testGrpcExecutorPool","<1410795158,1>","95","java/util/concurrent/atomic/AtomicLongFieldUpdater.compareAndSet(Ljava/lang/Object;JJ)Z","io/prometheus/client/Striped64:casBase:149","2","15000"
"org.apache.uniffle.common.rpc.GrpcServerTest#testGrpcExecutorPool","<main>","33","java/util/concurrent/Executors.callable(Ljava/lang/Runnable;Ljava/lang/Object;)Ljava/util/concurrent/Callable;","java/util/concurrent/FutureTask:<init>:152","2","15000"
"org.apache.uniffle.common.rpc.GrpcServerTest#testGrpcExecutorPool","<1410795158,1>","42","java/util/concurrent/FutureTask.done()V","java/util/concurrent/FutureTask:finishCompletion:384","1","10000"
"org.apache.uniffle.common.rpc.GrpcServerTest#testGrpcExecutorPool","<main>","1","MONITORENTER","io/prometheus/client/CollectorRegistry:register:51","8","19921"
"org.apache.uniffle.common.rpc.GrpcServerTest#testGrpcExecutorPool","<1410795158,1>","48","java/util/concurrent/CountDownLatch.countDown()V","org/apache/uniffle/common/rpc/GrpcServerTest:lambda$testGrpcExecutorPool$0:71","1","10000"
"org.apache.uniffle.common.rpc.GrpcServerTest#testGrpcExecutorPool","<1410795158,2>","57","java/util/concurrent/Callable.call()Ljava/lang/Object;","java/util/concurrent/FutureTask:run:267","1","10000"
"org.apache.uniffle.common.rpc.GrpcServerTest#testGrpcExecutorPool","<main>","5","MONITORENTER","io/prometheus/client/CollectorRegistry:register:51","2","15000"
"org.apache.uniffle.common.rpc.GrpcServerTest#testGrpcExecutorPool","<1410795158,2>","94","java/util/concurrent/atomic/AtomicLongFieldUpdater.compareAndSet(Ljava/lang/Object;JJ)Z","io/prometheus/client/Striped64:casBase:149","1","10000"
"org.apache.uniffle.common.rpc.GrpcServerTest#testGrpcExecutorPool","<main>","31","java/util/concurrent/Executors.callable(Ljava/lang/Runnable;Ljava/lang/Object;)Ljava/util/concurrent/Callable;","java/util/concurrent/FutureTask:<init>:152","2","15000"
"org.apache.uniffle.common.rpc.GrpcServerTest#testGrpcExecutorPool","<main>","59","java/util/concurrent/Executors.callable(Ljava/lang/Runnable;Ljava/lang/Object;)Ljava/util/concurrent/Callable;","java/util/concurrent/FutureTask:<init>:152","3","17500"
"org.apache.uniffle.common.rpc.GrpcServerTest#testGrpcExecutorPool","<main>","66","MONITORENTER","io/prometheus/client/CollectorRegistry:register:51","10","19979"
"org.apache.uniffle.common.rpc.GrpcServerTest#testGrpcExecutorPool","<main>","69","MONITORENTER","org/jacoco/agent/rt/internal_1f1cc91/core/runtime/RuntimeData:getExecutionData:119","10","19979"
"org.apache.uniffle.common.rpc.GrpcServerTest#testGrpcExecutorPool","<main>","2","MONITORENTER","org/jacoco/agent/rt/internal_1f1cc91/core/runtime/RuntimeData:getExecutionData:119","7","19843"
"org.apache.uniffle.common.rpc.GrpcServerTest#testGrpcExecutorPool","<1410795158,1>","71","MONITORENTER","org/apache/log4j/Category:callAppenders:204","1","10000"
"org.apache.uniffle.common.rpc.GrpcServerTest#testGrpcExecutorPool","<main>","49","java/util/concurrent/Executors.callable(Ljava/lang/Runnable;Ljava/lang/Object;)Ljava/util/concurrent/Callable;","java/util/concurrent/FutureTask:<init>:152","3","17500"
"org.apache.uniffle.common.rpc.GrpcServerTest#testGrpcExecutorPool","<main>","36","java/util/concurrent/atomic/AtomicLong.getAndIncrement()J","com/google/common/util/concurrent/ThreadFactoryBuilder$1:newThread:170","1","10000"
"org.apache.uniffle.common.rpc.GrpcServerTest#testGrpcExecutorPool","<main>","69","MONITORENTER","org/jacoco/agent/rt/internal_1f1cc91/core/runtime/RuntimeData:getExecutionData:119","14","19995"
"org.apache.uniffle.common.rpc.GrpcServerTest#testGrpcExecutorPool","<main>","17","java/lang/Thread.sleep(J)V","org/apache/uniffle/common/rpc/GrpcServerTest:testGrpcExecutorPool:75","1","10000"
"org.apache.uniffle.common.rpc.GrpcServerTest#testGrpcExecutorPool","<1410795158,2>","13","java/util/concurrent/FutureTask.done()V","java/util/concurrent/FutureTask:finishCompletion:385","1","10000"
"org.apache.uniffle.common.rpc.GrpcServerTest#testGrpcExecutorPool","<main>","3","MONITORENTER","org/jacoco/agent/rt/internal_1f1cc91/core/runtime/RuntimeData:getExecutionData:119","11","19988"
"org.apache.uniffle.common.rpc.GrpcServerTest#testGrpcExecutorPool","<main>","32","java/util/concurrent/Executors.callable(Ljava/lang/Runnable;Ljava/lang/Object;)Ljava/util/concurrent/Callable;","java/util/concurrent/FutureTask:<init>:153","1","10000"
"org.apache.uniffle.common.rpc.GrpcServerTest#testGrpcExecutorPool","<main>","38","java/lang/Thread.setDaemon(Z)V","com/google/common/util/concurrent/ThreadFactoryBuilder$1:newThread:172","2","15000"
"org.apache.uniffle.common.rpc.GrpcServerTest#testGrpcExecutorPool","<main>","37","java/lang/Thread.setDaemon(Z)V","com/google/common/util/concurrent/ThreadFactoryBuilder$1:newThread:172","1","10000"
"org.apache.uniffle.common.rpc.GrpcServerTest#testGrpcExecutorPool","<1410795158,1>","5","MONITOREXIT","org/apache/log4j/Category:callAppenders:211","1","10000"
"org.apache.uniffle.common.rpc.GrpcServerTest#testGrpcExecutorPool","<1410795158,1>","51","java/util/concurrent/CountDownLatch.countDown()V","org/apache/uniffle/common/rpc/GrpcServerTest:lambda$testGrpcExecutorPool$0:71","1","10000"
"org.apache.uniffle.common.rpc.GrpcServerTest#testGrpcExecutorPool","<main>","2","MONITOREXIT","io/prometheus/client/CollectorRegistry:register:61","9","19960"
"org.apache.uniffle.common.rpc.GrpcServerTest#testGrpcExecutorPool","<main>","1","java/util/concurrent/ConcurrentMap.putIfAbsent(Ljava/lang/Object;Ljava/lang/Object;)Ljava/lang/Object;","io/prometheus/client/SimpleCollector:labels:77","2","15000"
"org.apache.uniffle.common.rpc.GrpcServerTest#testGrpcExecutorPool","<main>","65","MONITOREXIT","io/prometheus/client/CollectorRegistry:register:61","9","19960"
"org.apache.uniffle.common.rpc.GrpcServerTest#testGrpcExecutorPool","<main>","3","java/lang/Thread.setName(Ljava/lang/String;)V","com/google/common/util/concurrent/ThreadFactoryBuilder$1:newThread:169","1","5000"
"org.apache.uniffle.common.rpc.GrpcServerTest#testGrpcExecutorPool","<main>","9","java/util/concurrent/Executors.callable(Ljava/lang/Runnable;Ljava/lang/Object;)Ljava/util/concurrent/Callable;","java/util/concurrent/FutureTask:<init>:152","1","10000"
"org.apache.uniffle.common.rpc.GrpcServerTest#testGrpcExecutorPool","<1410795158,1>","6","MONITORENTER","org/apache/log4j/Category:callAppenders:204","2","15000"
"org.apache.uniffle.common.rpc.GrpcServerTest#testGrpcExecutorPool","<main>","64","MONITORENTER","io/prometheus/client/CollectorRegistry:register:51","7","19843"
"org.apache.uniffle.common.rpc.GrpcServerTest#testGrpcExecutorPool","<main>","1","MONITORENTER","io/prometheus/client/CollectorRegistry:register:51","4","18750"
"org.apache.uniffle.common.rpc.GrpcServerTest#testGrpcExecutorPool","<main>","3","java/util/concurrent/ConcurrentMap.putIfAbsent(Ljava/lang/Object;Ljava/lang/Object;)Ljava/lang/Object;","io/prometheus/client/SimpleCollector:labels:77","4","18750"
"org.apache.uniffle.common.rpc.GrpcServerTest#testGrpcExecutorPool","<1410795158,1>","49","SYNCHRONIZED_METHOD_ENTER","org/apache/log4j/AppenderSkeleton:doAppend:0","1","10000"
"org.apache.uniffle.common.rpc.GrpcServerTest#testGrpcExecutorPool","<main>","2","java/util/concurrent/atomic/AtomicLong.getAndIncrement()J","com/google/common/util/concurrent/ThreadFactoryBuilder$1:newThread:169","1","10000"
"org.apache.uniffle.common.rpc.GrpcServerTest#testGrpcExecutorPool","<main>","36","java/lang/Thread.setName(Ljava/lang/String;)V","com/google/common/util/concurrent/ThreadFactoryBuilder$1:newThread:169","1","5000"
"org.apache.uniffle.common.rpc.GrpcServerTest#testGrpcExecutorPool","<main>","3","java/util/concurrent/atomic/AtomicIntegerFieldUpdater.newUpdater(Ljava/lang/Class;Ljava/lang/String;)Ljava/util/concurrent/atomic/AtomicIntegerFieldUpdater;","io/prometheus/client/Striped64:<clinit>:281","1","5000"
"org.apache.uniffle.common.rpc.GrpcServerTest#testGrpcExecutorPool","<1410795158,2>","78","java/lang/System.currentTimeMillis()J","org/apache/log4j/spi/LoggingEvent:<init>:168","1","10000"
"org.apache.uniffle.common.rpc.GrpcServerTest#testGrpcExecutorPool","<main>","7","java/lang/Thread.setName(Ljava/lang/String;)V","com/google/common/util/concurrent/ThreadFactoryBuilder$1:newThread:169","2","6250"
"org.apache.uniffle.common.rpc.GrpcServerTest#testGrpcExecutorPool","<main>","4","java/util/concurrent/ConcurrentMap.putIfAbsent(Ljava/lang/Object;Ljava/lang/Object;)Ljava/lang/Object;","io/prometheus/client/SimpleCollector:labels:78","4","18750"
"org.apache.uniffle.common.rpc.GrpcServerTest#testGrpcExecutorPool","<main>","52","java/util/concurrent/Executors.callable(Ljava/lang/Runnable;Ljava/lang/Object;)Ljava/util/concurrent/Callable;","java/util/concurrent/FutureTask:<init>:152","3","17500"
"org.apache.uniffle.common.rpc.GrpcServerTest#testGrpcExecutorPool","<main>","5","java/util/concurrent/atomic/AtomicLong.getAndIncrement()J","com/google/common/util/concurrent/ThreadFactoryBuilder$1:newThread:170","2","12500"
"org.apache.uniffle.common.rpc.GrpcServerTest#testGrpcExecutorPool","<1410795158,1>","50","java/util/concurrent/CountDownLatch.countDown()V","org/apache/uniffle/common/rpc/GrpcServerTest:lambda$testGrpcExecutorPool$0:71","1","10000"
"org.apache.uniffle.common.rpc.GrpcServerTest#testGrpcExecutorPool","<main>","66","MONITORENTER","io/prometheus/client/CollectorRegistry:register:51","9","19960"
"org.apache.uniffle.common.rpc.GrpcServerTest#testGrpcExecutorPool","<main>","8","java/lang/Thread.setName(Ljava/lang/String;)V","com/google/common/util/concurrent/ThreadFactoryBuilder$1:newThread:170","2","6250"
"org.apache.uniffle.common.rpc.GrpcServerTest#testGrpcExecutorPool","<main>","42","java/lang/Thread.setDaemon(Z)V","com/google/common/util/concurrent/ThreadFactoryBuilder$1:newThread:172","1","10000"
"org.apache.uniffle.common.rpc.GrpcServerTest#testGrpcExecutorPool","<main>","47","java/util/concurrent/atomic/AtomicLong.getAndIncrement()J","com/google/common/util/concurrent/ThreadFactoryBuilder$1:newThread:169","2","12500"
"org.apache.uniffle.common.rpc.GrpcServerTest#testGrpcExecutorPool","<1410795158,1>","49","SYNCHRONIZED_METHOD_EXIT","org/apache/log4j/AppenderSkeleton:doAppend:252","1","10000"
"org.apache.uniffle.common.rpc.GrpcServerTest#testGrpcExecutorPool","<main>","46","java/util/concurrent/atomic/AtomicLong.getAndIncrement()J","com/google/common/util/concurrent/ThreadFactoryBuilder$1:newThread:169","1","10000"
"org.apache.uniffle.common.rpc.GrpcServerTest#testGrpcExecutorPool","<main>","2","MONITORENTER","org/jacoco/agent/rt/internal_1f1cc91/core/runtime/RuntimeData:getExecutionData:119","10","19979"
"org.apache.uniffle.common.rpc.GrpcServerTest#testGrpcExecutorPool","<main>","52","java/util/concurrent/Executors.callable(Ljava/lang/Runnable;Ljava/lang/Object;)Ljava/util/concurrent/Callable;","java/util/concurrent/FutureTask:<init>:153","3","17500"
"org.apache.uniffle.common.rpc.GrpcServerTest#testGrpcExecutorPool","<1410795158,1>","99","java/util/concurrent/atomic/AtomicLongFieldUpdater.compareAndSet(Ljava/lang/Object;JJ)Z","io/prometheus/client/Striped64:casBase:148","1","10000"
"org.apache.uniffle.common.rpc.GrpcServerTest#testGrpcExecutorPool","<1410795158,2>","36","java/util/concurrent/CountDownLatch.countDown()V","org/apache/uniffle/common/rpc/GrpcServerTest:lambda$testGrpcExecutorPool$0:72","1","10000"
"org.apache.uniffle.common.rpc.GrpcServerTest#testGrpcExecutorPool","<main>","3","MONITOREXIT","org/jacoco/agent/rt/internal_1f1cc91/core/runtime/RuntimeData:getExecutionData:120","5","19375"
"org.apache.uniffle.common.rpc.GrpcServerTest#testGrpcExecutorPool","<1410795158,2>","6","SYNCHRONIZED_METHOD_ENTER","org/apache/log4j/AppenderSkeleton:doAppend:0","1","10000"
"org.apache.uniffle.common.rpc.GrpcServerTest#testGrpcExecutorPool","<main>","4","java/lang/Thread.setDaemon(Z)V","com/google/common/util/concurrent/ThreadFactoryBuilder$1:newThread:172","1","10000"
"org.apache.uniffle.common.rpc.GrpcServerTest#testGrpcExecutorPool","<main>","14","java/lang/Thread.sleep(J)V","org/apache/uniffle/common/rpc/GrpcServerTest:testGrpcExecutorPool:83","1","10000"
"org.apache.uniffle.common.rpc.GrpcServerTest#testGrpcExecutorPool","<main>","66","MONITORENTER","io/prometheus/client/CollectorRegistry:register:51","4","18750"
"org.apache.uniffle.common.rpc.GrpcServerTest#testGrpcExecutorPool","<main>","6","MONITORENTER","io/prometheus/client/CollectorRegistry:register:51","9","19960"
"org.apache.uniffle.common.rpc.GrpcServerTest#testGrpcExecutorPool","<main>","69","MONITORENTER","org/jacoco/agent/rt/internal_1f1cc91/core/runtime/RuntimeData:getExecutionData:119","4","18750"
"org.apache.uniffle.common.rpc.GrpcServerTest#testGrpcExecutorPool","<main>","1","java/lang/Thread.setName(Ljava/lang/String;)V","com/google/common/util/concurrent/ThreadFactoryBuilder$1:newThread:169","2","6250"
"org.apache.uniffle.common.rpc.GrpcServerTest#testGrpcExecutorPool","<main>","3","MONITORENTER","org/jacoco/agent/rt/internal_1f1cc91/core/runtime/RuntimeData:getExecutionData:119","12","19992"
"org.apache.uniffle.common.rpc.GrpcServerTest#testGrpcExecutorPool","<main>","3","MONITOREXIT","org/jacoco/agent/rt/internal_1f1cc91/core/runtime/RuntimeData:getExecutionData:120","10","19979"
"org.apache.uniffle.common.rpc.GrpcServerTest#testGrpcExecutorPool","<main>","6","java/util/concurrent/ConcurrentMap.putIfAbsent(Ljava/lang/Object;Ljava/lang/Object;)Ljava/lang/Object;","io/prometheus/client/SimpleCollector:labels:77","4","18750"
"org.apache.uniffle.common.rpc.GrpcServerTest#testGrpcExecutorPool","<main>","1","MONITORENTER","io/prometheus/client/CollectorRegistry:register:51","1","10000"
"org.apache.uniffle.common.rpc.GrpcServerTest#testGrpcExecutorPool","<1410795158,1>","47","MONITORENTER","org/apache/log4j/Category:callAppenders:204","1","10000"
"org.apache.uniffle.common.rpc.GrpcServerTest#testGrpcExecutorPool","<main>","48","java/util/concurrent/atomic/AtomicLong.getAndIncrement()J","com/google/common/util/concurrent/ThreadFactoryBuilder$1:newThread:169","1","10000"
"org.apache.uniffle.common.rpc.GrpcServerTest#testGrpcExecutorPool","<main>","5","MONITORENTER","io/prometheus/client/CollectorRegistry:register:51","8","19921"
"org.apache.uniffle.common.rpc.GrpcServerTest#testGrpcExecutorPool","<1410795158,2>","62","java/util/concurrent/CountDownLatch.countDown()V","org/apache/uniffle/common/rpc/GrpcServerTest:lambda$testGrpcExecutorPool$0:71","1","10000"
"org.apache.uniffle.common.rpc.GrpcServerTest#testGrpcExecutorPool","<1410795158,1>","5","MONITORENTER","org/apache/log4j/Category:callAppenders:204","3","17500"
"org.apache.uniffle.common.rpc.GrpcServerTest#testGrpcExecutorPool","<1410795158,1>","23","java/util/concurrent/FutureTask.set(Ljava/lang/Object;)V","java/util/concurrent/FutureTask:run:275","1","10000"
"org.apache.uniffle.common.rpc.GrpcServerTest#testGrpcExecutorPool","<1410795158,1>","73","MONITOREXIT","org/apache/log4j/Category:callAppenders:211","3","17500"
"org.apache.uniffle.common.rpc.GrpcServerTest#testGrpcExecutorPool","<main>","65","java/util/concurrent/ConcurrentMap.putIfAbsent(Ljava/lang/Object;Ljava/lang/Object;)Ljava/lang/Object;","io/prometheus/client/SimpleCollector:labels:78","5","19375"
"org.apache.uniffle.common.rpc.GrpcServerTest#testGrpcExecutorPool","<main>","45","java/util/concurrent/atomic/AtomicLong.getAndIncrement()J","com/google/common/util/concurrent/ThreadFactoryBuilder$1:newThread:170","2","12500"
"org.apache.uniffle.common.rpc.GrpcServerTest#testGrpcExecutorPool","<main>","3","MONITOREXIT","org/jacoco/agent/rt/internal_1f1cc91/core/runtime/RuntimeData:getExecutionData:120","14","19995"
"org.apache.uniffle.common.rpc.GrpcServerTest#testGrpcExecutorPool","<1410795158,2>","60","SYNCHRONIZED_METHOD_EXIT","org/apache/log4j/AppenderSkeleton:doAppend:252","1","10000"
"org.apache.uniffle.common.rpc.GrpcServerTest#testGrpcExecutorPool","<main>","64","java/util/concurrent/atomic/AtomicIntegerFieldUpdater.newUpdater(Ljava/lang/Class;Ljava/lang/String;)Ljava/util/concurrent/atomic/AtomicIntegerFieldUpdater;","io/prometheus/client/Striped64:<clinit>:281","1","5000"
"org.apache.uniffle.common.rpc.GrpcServerTest#testGrpcExecutorPool","<main>","65","java/util/concurrent/atomic/AtomicLongFieldUpdater.newUpdater(Ljava/lang/Class;Ljava/lang/String;)Ljava/util/concurrent/atomic/AtomicLongFieldUpdater;","io/prometheus/client/Striped64:<clinit>:280","1","10000"
"org.apache.uniffle.common.rpc.GrpcServerTest#testGrpcExecutorPool","<1410795158,2>","8","java/util/concurrent/FutureTask.done()V","java/util/concurrent/FutureTask:finishCompletion:385","1","10000"
"org.apache.uniffle.common.rpc.GrpcServerTest#testGrpcExecutorPool","<main>","3","MONITORENTER","io/prometheus/client/CollectorRegistry:register:51","7","19843"
"org.apache.uniffle.common.rpc.GrpcServerTest#testGrpcExecutorPool","<main>","3","java/util/concurrent/Executors.callable(Ljava/lang/Runnable;Ljava/lang/Object;)Ljava/util/concurrent/Callable;","java/util/concurrent/FutureTask:<init>:153","1","10000"
"org.apache.uniffle.common.rpc.GrpcServerTest#testGrpcExecutorPool","<1410795158,2>","75","java/util/concurrent/atomic/AtomicLongFieldUpdater.compareAndSet(Ljava/lang/Object;JJ)Z","io/prometheus/client/Striped64:casBase:148","1","10000"
"org.apache.uniffle.common.rpc.GrpcServerTest#testGrpcExecutorPool","<1410795158,1>","48","MONITORENTER","org/apache/log4j/Category:callAppenders:204","4","18750"
"org.apache.uniffle.common.rpc.GrpcServerTest#testGrpcExecutorPool","<1410795158,1>","4","MONITOREXIT","org/apache/log4j/Category:callAppenders:211","2","15000"
"org.apache.uniffle.common.rpc.GrpcServerTest#testGrpcExecutorPool","<main>","32","java/lang/Thread.setName(Ljava/lang/String;)V","com/google/common/util/concurrent/ThreadFactoryBuilder$1:newThread:169","2","6250"
"org.apache.uniffle.common.rpc.GrpcServerTest#testGrpcExecutorPool","<main>","64","MONITOREXIT","io/prometheus/client/CollectorRegistry:register:61","5","19375"
"org.apache.uniffle.common.rpc.GrpcServerTest#testGrpcExecutorPool","<main>","68","MONITOREXIT","org/jacoco/agent/rt/internal_1f1cc91/core/runtime/RuntimeData:getExecutionData:120","11","19988"
"org.apache.uniffle.common.rpc.GrpcServerTest#testGrpcExecutorPool","<main>","4","java/lang/Thread.setName(Ljava/lang/String;)V","com/google/common/util/concurrent/ThreadFactoryBuilder$1:newThread:170","1","5000"
"org.apache.uniffle.common.rpc.GrpcServerTest#testGrpcExecutorPool","<main>","30","java/lang/Thread.setDaemon(Z)V","com/google/common/util/concurrent/ThreadFactoryBuilder$1:newThread:173","2","15000"
"org.apache.uniffle.common.rpc.GrpcServerTest#testGrpcExecutorPool","<1410795158,2>","6","SYNCHRONIZED_METHOD_EXIT","org/apache/log4j/AppenderSkeleton:doAppend:252","1","10000"
"org.apache.uniffle.common.rpc.GrpcServerTest#testGrpcExecutorPool","<main>","7","java/lang/Thread.setName(Ljava/lang/String;)V","com/google/common/util/concurrent/ThreadFactoryBuilder$1:newThread:170","2","6250"
"org.apache.uniffle.common.rpc.GrpcServerTest#testGrpcExecutorPool","<1410795158,2>","59","SYNCHRONIZED_METHOD_ENTER","org/apache/log4j/AppenderSkeleton:doAppend:0","1","10000"
"org.apache.uniffle.common.rpc.GrpcServerTest#testGrpcExecutorPool","<main>","64","MONITOREXIT","io/prometheus/client/CollectorRegistry:register:61","10","19979"
"org.apache.uniffle.common.rpc.GrpcServerTest#testGrpcExecutorPool","<main>","3","MONITORENTER","org/jacoco/agent/rt/internal_1f1cc91/core/runtime/RuntimeData:getExecutionData:119","6","19687"
"org.apache.uniffle.common.rpc.GrpcServerTest#testGrpcExecutorPool","<1410795158,2>","35","SYNCHRONIZED_METHOD_ENTER","org/apache/log4j/AppenderSkeleton:doAppend:0","1","10000"
"org.apache.uniffle.common.rpc.GrpcServerTest#testGrpcExecutorPool","<1410795158,1>","47","SYNCHRONIZED_METHOD_ENTER","org/apache/log4j/AppenderSkeleton:doAppend:0","1","10000"
"org.apache.uniffle.common.rpc.GrpcServerTest#testGrpcExecutorPool","<1410795158,2>","16","java/util/concurrent/FutureTask.set(Ljava/lang/Object;)V","java/util/concurrent/FutureTask:run:275","1","10000"
"org.apache.uniffle.common.rpc.GrpcServerTest#testGrpcExecutorPool","<main>","2","java/lang/Thread.setDaemon(Z)V","com/google/common/util/concurrent/ThreadFactoryBuilder$1:newThread:173","2","15000"
"org.apache.uniffle.common.rpc.GrpcServerTest#testGrpcExecutorPool","<main>","67","MONITORENTER","org/jacoco/agent/rt/internal_1f1cc91/core/runtime/RuntimeData:getExecutionData:119","3","17500"
"org.apache.uniffle.common.rpc.GrpcServerTest#testGrpcExecutorPool","<main>","2","MONITORENTER","org/jacoco/agent/rt/internal_1f1cc91/core/runtime/RuntimeData:getExecutionData:119","9","19960"
"org.apache.uniffle.common.rpc.GrpcServerTest#testGrpcExecutorPool","<main>","4","java/lang/Thread.sleep(J)V","org/apache/uniffle/common/rpc/GrpcServerTest:testGrpcExecutorPool:76","1","10000"
"org.apache.uniffle.common.rpc.GrpcServerTest#testGrpcExecutorPool","<main>","66","MONITOREXIT","io/prometheus/client/CollectorRegistry:register:61","10","19979"
"org.apache.uniffle.common.rpc.GrpcServerTest#testGrpcExecutorPool","<main>","1","java/util/concurrent/atomic/AtomicLongFieldUpdater.newUpdater(Ljava/lang/Class;Ljava/lang/String;)Ljava/util/concurrent/atomic/AtomicLongFieldUpdater;","io/prometheus/client/Striped64:<clinit>:280","1","10000"
"org.apache.uniffle.common.rpc.GrpcServerTest#testGrpcExecutorPool","<1410795158,2>","77","MONITOREXIT","org/apache/log4j/Category:callAppenders:211","3","17500"
"org.apache.uniffle.common.rpc.GrpcServerTest#testGrpcExecutorPool","<1410795158,1>","46","java/util/concurrent/FutureTask.finishCompletion()V","java/util/concurrent/FutureTask:set:233","1","10000"
"org.apache.uniffle.common.rpc.GrpcServerTest#testGrpcExecutorPool","<1410795158,2>","72","SYNCHRONIZED_METHOD_ENTER","org/apache/log4j/AppenderSkeleton:doAppend:0","1","10000"
"org.apache.uniffle.common.rpc.GrpcServerTest#testGrpcExecutorPool","<main>","3","java/lang/Thread.setName(Ljava/lang/String;)V","com/google/common/util/concurrent/ThreadFactoryBuilder$1:newThread:170","2","6250"
"org.apache.uniffle.common.rpc.GrpcServerTest#testGrpcExecutorPool","<1410795158,1>","90","java/util/concurrent/ThreadPoolExecutor.beforeExecute(Ljava/lang/Thread;Ljava/lang/Runnable;)V","org/apache/uniffle/common/rpc/GrpcServer$GrpcThreadPoolExecutor:beforeExecute:146","1","10000"
"org.apache.uniffle.common.rpc.GrpcServerTest#testGrpcExecutorPool","<main>","34","java/util/concurrent/atomic/AtomicLong.getAndIncrement()J","com/google/common/util/concurrent/ThreadFactoryBuilder$1:newThread:169","2","12500"
"org.apache.uniffle.common.rpc.GrpcServerTest#testGrpcExecutorPool","<1410795158,2>","2","java/util/concurrent/atomic/AtomicLongFieldUpdater.compareAndSet(Ljava/lang/Object;JJ)Z","io/prometheus/client/Striped64:casBase:148","1","10000"
"org.apache.uniffle.common.rpc.GrpcServerTest#testGrpcExecutorPool","<main>","66","java/util/concurrent/ConcurrentMap.putIfAbsent(Ljava/lang/Object;Ljava/lang/Object;)Ljava/lang/Object;","io/prometheus/client/SimpleCollector:labels:77","5","19375"
"org.apache.uniffle.common.rpc.GrpcServerTest#testGrpcExecutorPool","<1410795158,1>","85","java/lang/Thread.currentThread()Ljava/lang/Thread;","java/util/concurrent/FutureTask:run:258","1","10000"
"org.apache.uniffle.common.rpc.GrpcServerTest#testGrpcExecutorPool","<main>","5","java/util/concurrent/ConcurrentMap.putIfAbsent(Ljava/lang/Object;Ljava/lang/Object;)Ljava/lang/Object;","io/prometheus/client/SimpleCollector:labels:77","1","10000"
"org.apache.uniffle.common.rpc.GrpcServerTest#testGrpcExecutorPool","<main>","64","MONITOREXIT","io/prometheus/client/CollectorRegistry:register:61","8","19921"
"org.apache.uniffle.common.rpc.GrpcServerTest#testGrpcExecutorPool","<main>","3","java/lang/Thread.sleep(J)V","org/apache/uniffle/common/rpc/GrpcServerTest:testGrpcExecutorPool:75","1","10000"
"org.apache.uniffle.common.rpc.GrpcServerTest#testGrpcExecutorPool","<main>","40","java/lang/Thread.setDaemon(Z)V","com/google/common/util/concurrent/ThreadFactoryBuilder$1:newThread:172","1","10000"
"org.apache.uniffle.common.rpc.GrpcServerTest#testGrpcExecutorPool","<1410795158,2>","90","java/util/concurrent/ThreadPoolExecutor.beforeExecute(Ljava/lang/Thread;Ljava/lang/Runnable;)V","org/apache/uniffle/common/rpc/GrpcServer$GrpcThreadPoolExecutor:beforeExecute:145","1","10000"
"org.apache.uniffle.common.rpc.GrpcServerTest#testGrpcExecutorPool","<main>","68","MONITORENTER","org/jacoco/agent/rt/internal_1f1cc91/core/runtime/RuntimeData:getExecutionData:119","11","19988"
"org.apache.uniffle.common.rpc.GrpcServerTest#testGrpcExecutorPool","<main>","44","java/lang/Thread.setName(Ljava/lang/String;)V","com/google/common/util/concurrent/ThreadFactoryBuilder$1:newThread:170","1","5000"
"org.apache.uniffle.common.rpc.GrpcServerTest#testGrpcExecutorPool","<main>","6","MONITORENTER","io/prometheus/client/CollectorRegistry:register:51","7","19843"
"org.apache.uniffle.common.rpc.GrpcServerTest#testGrpcExecutorPool","<1410795158,2>","50","java/util/concurrent/Callable.call()Ljava/lang/Object;","java/util/concurrent/FutureTask:run:267","1","10000"
"org.apache.uniffle.common.rpc.GrpcServerTest#testGrpcExecutorPool","<1410795158,1>","94","java/util/concurrent/atomic/AtomicLongFieldUpdater.compareAndSet(Ljava/lang/Object;JJ)Z","io/prometheus/client/Striped64:casBase:148","1","10000"
"org.apache.uniffle.common.rpc.GrpcServerTest#testGrpcExecutorPool","<main>","67","MONITOREXIT","org/jacoco/agent/rt/internal_1f1cc91/core/runtime/RuntimeData:getExecutionData:120","14","19995"
"org.apache.uniffle.common.rpc.GrpcServerTest#testGrpcExecutorPool","<main>","1","MONITORENTER","org/jacoco/agent/rt/internal_1f1cc91/core/runtime/RuntimeData:getExecutionData:119","7","19843"
"org.apache.uniffle.common.rpc.GrpcServerTest#testGrpcExecutorPool","<main>","64","java/util/concurrent/ConcurrentMap.putIfAbsent(Ljava/lang/Object;Ljava/lang/Object;)Ljava/lang/Object;","io/prometheus/client/SimpleCollector:labels:78","1","10000"
"org.apache.uniffle.common.rpc.GrpcServerTest#testGrpcExecutorPool","<main>","35","java/lang/Thread.setName(Ljava/lang/String;)V","com/google/common/util/concurrent/ThreadFactoryBuilder$1:newThread:169","2","6250"
"org.apache.uniffle.common.rpc.GrpcServerTest#testGrpcExecutorPool","<1410795158,2>","33","java/util/concurrent/FutureTask.done()V","java/util/concurrent/FutureTask:finishCompletion:385","1","10000"
"org.apache.uniffle.common.rpc.GrpcServerTest#testGrpcExecutorPool","<main>","5","MONITOREXIT","io/prometheus/client/CollectorRegistry:register:61","10","19979"
"org.apache.uniffle.common.rpc.GrpcServerTest#testGrpcExecutorPool","<main>","65","java/util/concurrent/ConcurrentMap.putIfAbsent(Ljava/lang/Object;Ljava/lang/Object;)Ljava/lang/Object;","io/prometheus/client/SimpleCollector:labels:77","3","17500"
"org.apache.uniffle.common.rpc.GrpcServerTest#testGrpcExecutorPool","<main>","4","MONITORENTER","io/prometheus/client/CollectorRegistry:register:51","9","19960"
"org.apache.uniffle.common.rpc.GrpcServerTest#testGrpcExecutorPool","<main>","1","java/util/concurrent/ConcurrentMap.putIfAbsent(Ljava/lang/Object;Ljava/lang/Object;)Ljava/lang/Object;","io/prometheus/client/SimpleCollector:labels:78","3","17500"
"org.apache.uniffle.common.rpc.GrpcServerTest#testGrpcExecutorPool","<main>","31","java/util/concurrent/Executors.callable(Ljava/lang/Runnable;Ljava/lang/Object;)Ljava/util/concurrent/Callable;","java/util/concurrent/FutureTask:<init>:152","3","17500"
"org.apache.uniffle.common.rpc.GrpcServerTest#testGrpcExecutorPool","<1410795158,1>","13","java/util/concurrent/ThreadPoolExecutor.afterExecute(Ljava/lang/Runnable;Ljava/lang/Throwable;)V","org/apache/uniffle/common/rpc/GrpcServer$GrpcThreadPoolExecutor:afterExecute:154","1","10000"
"org.apache.uniffle.common.rpc.GrpcServerTest#testGrpcExecutorPool","<1410795158,2>","60","java/util/concurrent/CountDownLatch.countDown()V","org/apache/uniffle/common/rpc/GrpcServerTest:lambda$testGrpcExecutorPool$0:71","1","10000"
"org.apache.uniffle.common.rpc.GrpcServerTest#testGrpcExecutorPool","<main>","68","MONITOREXIT","org/jacoco/agent/rt/internal_1f1cc91/core/runtime/RuntimeData:getExecutionData:120","12","19992"
"org.apache.uniffle.common.rpc.GrpcServerTest#testGrpcExecutorPool","<main>","9","java/lang/Thread.setName(Ljava/lang/String;)V","com/google/common/util/concurrent/ThreadFactoryBuilder$1:newThread:169","1","5000"
"org.apache.uniffle.common.rpc.GrpcServerTest#testGrpcExecutorPool","<main>","31","java/lang/Thread.setDaemon(Z)V","com/google/common/util/concurrent/ThreadFactoryBuilder$1:newThread:172","2","15000"
"org.apache.uniffle.common.rpc.GrpcServerTest#testGrpcExecutorPool","<main>","1","java/lang/Thread.setName(Ljava/lang/String;)V","com/google/common/util/concurrent/ThreadFactoryBuilder$1:newThread:170","1","5000"
"org.apache.uniffle.common.rpc.GrpcServerTest#testGrpcExecutorPool","<1410795158,2>","58","SYNCHRONIZED_METHOD_EXIT","org/apache/log4j/AppenderSkeleton:doAppend:252","1","10000"
"org.apache.uniffle.common.rpc.GrpcServerTest#testGrpcExecutorPool","<main>","3","MONITORENTER","io/prometheus/client/CollectorRegistry:register:51","3","17500"
"org.apache.uniffle.common.rpc.GrpcServerTest#testGrpcExecutorPool","<main>","65","MONITORENTER","io/prometheus/client/CollectorRegistry:register:51","4","18750"
"org.apache.uniffle.common.rpc.GrpcServerTest#testGrpcExecutorPool","<main>","66","MONITOREXIT","io/prometheus/client/CollectorRegistry:register:61","9","19960"
"org.apache.uniffle.common.rpc.GrpcServerTest#testGrpcExecutorPool","<main>","6","java/lang/Thread.setDaemon(Z)V","com/google/common/util/concurrent/ThreadFactoryBuilder$1:newThread:172","1","10000"
"org.apache.uniffle.common.rpc.GrpcServerTest#testGrpcExecutorPool","<main>","34","java/lang/Thread.setDaemon(Z)V","com/google/common/util/concurrent/ThreadFactoryBuilder$1:newThread:172","2","15000"
"org.apache.uniffle.common.rpc.GrpcServerTest#testGrpcExecutorPool","<main>","5","java/util/concurrent/Executors.callable(Ljava/lang/Runnable;Ljava/lang/Object;)Ljava/util/concurrent/Callable;","java/util/concurrent/FutureTask:<init>:153","3","17500"
"org.apache.uniffle.common.rpc.GrpcServerTest#testGrpcExecutorPool","<main>","6","java/lang/Thread.setName(Ljava/lang/String;)V","com/google/common/util/concurrent/ThreadFactoryBuilder$1:newThread:170","2","6250"
"org.apache.uniffle.common.rpc.GrpcServerTest#testGrpcExecutorPool","<main>","3","java/util/concurrent/ConcurrentMap.putIfAbsent(Ljava/lang/Object;Ljava/lang/Object;)Ljava/lang/Object;","io/prometheus/client/SimpleCollector:labels:78","5","19375"
"org.apache.uniffle.common.rpc.GrpcServerTest#testGrpcExecutorPool","<1410795158,2>","87","java/util/concurrent/atomic/AtomicLongFieldUpdater.compareAndSet(Ljava/lang/Object;JJ)Z","io/prometheus/client/Striped64:casBase:148","1","10000"
"org.apache.uniffle.common.rpc.GrpcServerTest#testGrpcExecutorPool","<main>","2","java/lang/Thread.setDaemon(Z)V","com/google/common/util/concurrent/ThreadFactoryBuilder$1:newThread:172","1","10000"
"org.apache.uniffle.common.rpc.GrpcServerTest#testGrpcExecutorPool","<main>","5","MONITOREXIT","io/prometheus/client/CollectorRegistry:register:61","6","19687"
"org.apache.uniffle.common.rpc.GrpcServerTest#testGrpcExecutorPool","<main>","38","java/lang/Thread.setName(Ljava/lang/String;)V","com/google/common/util/concurrent/ThreadFactoryBuilder$1:newThread:170","1","5000"
"org.apache.uniffle.common.rpc.GrpcServerTest#testGrpcExecutorPool","<main>","64","MONITOREXIT","io/prometheus/client/CollectorRegistry:register:61","4","18750"
"org.apache.uniffle.common.rpc.GrpcServerTest#testGrpcExecutorPool","<1410795158,2>","1","java/util/concurrent/atomic/AtomicLongFieldUpdater.compareAndSet(Ljava/lang/Object;JJ)Z","io/prometheus/client/Striped64:casBase:148","1","10000"
"org.apache.uniffle.common.rpc.GrpcServerTest#testGrpcExecutorPool","<1410795158,2>","88","java/util/concurrent/ThreadPoolExecutor.beforeExecute(Ljava/lang/Thread;Ljava/lang/Runnable;)V","org/apache/uniffle/common/rpc/GrpcServer$GrpcThreadPoolExecutor:beforeExecute:146","1","10000"
"org.apache.uniffle.common.rpc.GrpcServerTest#testGrpcExecutorPool","<main>","2","java/lang/Thread.setName(Ljava/lang/String;)V","com/google/common/util/concurrent/ThreadFactoryBuilder$1:newThread:170","2","6250"
"org.apache.uniffle.common.rpc.GrpcServerTest#testGrpcExecutorPool","<main>","46","java/lang/Thread.setName(Ljava/lang/String;)V","com/google/common/util/concurrent/ThreadFactoryBuilder$1:newThread:169","1","5000"
"org.apache.uniffle.common.rpc.GrpcServerTest#testGrpcExecutorPool","<main>","5","MONITOREXIT","io/prometheus/client/CollectorRegistry:register:61","8","19921"
"org.apache.uniffle.common.rpc.GrpcServerTest#testGrpcExecutorPool","<main>","17","java/lang/Thread.setDaemon(Z)V","com/google/common/util/concurrent/ThreadFactoryBuilder$1:newThread:173","2","15000"
"org.apache.uniffle.common.rpc.GrpcServerTest#testGrpcExecutorPool","<1410795158,1>","79","java/lang/System.currentTimeMillis()J","org/apache/log4j/spi/LoggingEvent:<init>:167","1","10000"
"org.apache.uniffle.common.rpc.GrpcServerTest#testGrpcExecutorPool","<main>","3","java/util/concurrent/atomic/AtomicLong.getAndIncrement()J","com/google/common/util/concurrent/ThreadFactoryBuilder$1:newThread:169","1","10000"
"org.apache.uniffle.common.rpc.GrpcServerTest#testGrpcExecutorPool","<main>","31","java/util/concurrent/Executors.callable(Ljava/lang/Runnable;Ljava/lang/Object;)Ljava/util/concurrent/Callable;","java/util/concurrent/FutureTask:<init>:153","3","17500"
"org.apache.uniffle.common.rpc.GrpcServerTest#testGrpcExecutorPool","<1410795158,1>","17","java/util/concurrent/FutureTask.set(Ljava/lang/Object;)V","java/util/concurrent/FutureTask:run:275","1","10000"
"org.apache.uniffle.common.rpc.GrpcServerTest#testGrpcExecutorPool","<main>","7","java/util/concurrent/Executors.callable(Ljava/lang/Runnable;Ljava/lang/Object;)Ljava/util/concurrent/Callable;","java/util/concurrent/FutureTask:<init>:153","2","15000"
"org.apache.uniffle.common.rpc.GrpcServerTest#testGrpcExecutorPool","<main>","14","java/util/concurrent/CountDownLatch.await()V","org/apache/uniffle/common/rpc/GrpcServerTest:testGrpcExecutorPool:81","1","10000"
"org.apache.uniffle.common.rpc.GrpcServerTest#testGrpcExecutorPool","<main>","3","MONITOREXIT","org/jacoco/agent/rt/internal_1f1cc91/core/runtime/RuntimeData:getExecutionData:120","7","19843"
"org.apache.uniffle.common.rpc.GrpcServerTest#testGrpcExecutorPool","<main>","55","java/util/concurrent/Executors.callable(Ljava/lang/Runnable;Ljava/lang/Object;)Ljava/util/concurrent/Callable;","java/util/concurrent/FutureTask:<init>:153","1","10000"
"org.apache.uniffle.common.rpc.GrpcServerTest#testGrpcExecutorPool","<1410795158,2>","99","java/util/concurrent/atomic/AtomicLongFieldUpdater.compareAndSet(Ljava/lang/Object;JJ)Z","io/prometheus/client/Striped64:casBase:148","1","10000"
"org.apache.uniffle.common.rpc.GrpcServerTest#testGrpcExecutorPool","<main>","6","java/util/concurrent/Executors.defaultThreadFactory()Ljava/util/concurrent/ThreadFactory;","com/google/common/util/concurrent/ThreadFactoryBuilder:doBuild:161","1","10000"
"org.apache.uniffle.common.rpc.GrpcServerTest#testGrpcExecutorPool","<main>","68","MONITORENTER","org/jacoco/agent/rt/internal_1f1cc91/core/runtime/RuntimeData:getExecutionData:119","12","19992"
"org.apache.uniffle.common.rpc.GrpcServerTest#testGrpcExecutorPool","<main>","3","MONITORENTER","org/jacoco/agent/rt/internal_1f1cc91/core/runtime/RuntimeData:getExecutionData:119","1","10000"
"org.apache.uniffle.common.rpc.GrpcServerTest#testGrpcExecutorPool","<main>","9","java/lang/Thread.setDaemon(Z)V","com/google/common/util/concurrent/ThreadFactoryBuilder$1:newThread:173","1","10000"
"org.apache.uniffle.common.rpc.GrpcServerTest#testGrpcExecutorPool","<1410795158,1>","100","java/util/concurrent/atomic/AtomicLongFieldUpdater.compareAndSet(Ljava/lang/Object;JJ)Z","io/prometheus/client/Striped64:casBase:148","1","10000"
"org.apache.uniffle.common.rpc.GrpcServerTest#testGrpcExecutorPool","<1410795158,1>","69","java/util/concurrent/CountDownLatch.countDown()V","org/apache/uniffle/common/rpc/GrpcServerTest:lambda$testGrpcExecutorPool$0:71","1","10000"
"org.apache.uniffle.common.rpc.GrpcServerTest#testGrpcExecutorPool","<main>","43","java/util/concurrent/atomic/AtomicLong.getAndIncrement()J","com/google/common/util/concurrent/ThreadFactoryBuilder$1:newThread:170","2","12500"
"org.apache.uniffle.common.rpc.GrpcServerTest#testGrpcExecutorPool","<main>","1","MONITORENTER","org/jacoco/agent/rt/internal_1f1cc91/core/runtime/RuntimeData:getExecutionData:119","10","19979"
"org.apache.uniffle.common.rpc.GrpcServerTest#testGrpcExecutorPool","<main>","65","java/util/concurrent/ConcurrentMap.putIfAbsent(Ljava/lang/Object;Ljava/lang/Object;)Ljava/lang/Object;","io/prometheus/client/SimpleCollector:labels:78","2","15000"
"org.apache.uniffle.common.rpc.GrpcServerTest#testGrpcExecutorPool","<1410795158,1>","6","java/util/concurrent/CountDownLatch.countDown()V","org/apache/uniffle/common/rpc/GrpcServerTest:lambda$testGrpcExecutorPool$0:71","1","10000"
"org.apache.uniffle.common.rpc.GrpcServerTest#testGrpcExecutorPool","<1410795158,1>","77","java/lang/Thread.sleep(J)V","org/apache/uniffle/common/rpc/GrpcServerTest:lambda$testGrpcExecutorPool$0:67","1","10000"
"org.apache.uniffle.common.rpc.GrpcServerTest#testGrpcExecutorPool","<1410795158,2>","88","java/util/concurrent/ThreadPoolExecutor.beforeExecute(Ljava/lang/Thread;Ljava/lang/Runnable;)V","org/apache/uniffle/common/rpc/GrpcServer$GrpcThreadPoolExecutor:beforeExecute:145","1","10000"
"org.apache.uniffle.common.rpc.GrpcServerTest#testGrpcExecutorPool","<main>","33","java/lang/Thread.setDaemon(Z)V","com/google/common/util/concurrent/ThreadFactoryBuilder$1:newThread:172","1","10000"
"org.apache.uniffle.common.rpc.GrpcServerTest#testGrpcExecutorPool","<main>","67","MONITOREXIT","org/jacoco/agent/rt/internal_1f1cc91/core/runtime/RuntimeData:getExecutionData:120","12","19992"
"org.apache.uniffle.common.rpc.GrpcServerTest#testGrpcExecutorPool","<1410795158,1>","53","java/util/concurrent/Callable.call()Ljava/lang/Object;","java/util/concurrent/FutureTask:run:267","1","10000"
"org.apache.uniffle.common.rpc.GrpcServerTest#testGrpcExecutorPool","<1410795158,1>","73","MONITORENTER","org/apache/log4j/Category:callAppenders:204","4","18750"
"org.apache.uniffle.common.rpc.GrpcServerTest#testGrpcExecutorPool","<main>","2","MONITOREXIT","io/prometheus/client/CollectorRegistry:register:61","1","10000"
"org.apache.uniffle.common.rpc.GrpcServerTest#testGrpcExecutorPool","<main>","6","java/util/concurrent/ConcurrentMap.putIfAbsent(Ljava/lang/Object;Ljava/lang/Object;)Ljava/lang/Object;","io/prometheus/client/SimpleCollector:labels:78","5","19375"
"org.apache.uniffle.common.rpc.GrpcServerTest#testGrpcExecutorPool","<main>","51","java/util/concurrent/Executors.callable(Ljava/lang/Runnable;Ljava/lang/Object;)Ljava/util/concurrent/Callable;","java/util/concurrent/FutureTask:<init>:153","2","15000"
"org.apache.uniffle.common.rpc.GrpcServerTest#testGrpcExecutorPool","<main>","64","MONITOREXIT","io/prometheus/client/CollectorRegistry:register:61","2","15000"
"org.apache.uniffle.common.rpc.GrpcServerTest#testGrpcExecutorPool","<main>","4","java/util/concurrent/Executors.callable(Ljava/lang/Runnable;Ljava/lang/Object;)Ljava/util/concurrent/Callable;","java/util/concurrent/FutureTask:<init>:153","2","15000"
"org.apache.uniffle.common.rpc.GrpcServerTest#testGrpcExecutorPool","<main>","6","java/util/concurrent/atomic/AtomicLongFieldUpdater.newUpdater(Ljava/lang/Class;Ljava/lang/String;)Ljava/util/concurrent/atomic/AtomicLongFieldUpdater;","io/prometheus/client/Striped64:<clinit>:280","1","10000"
"org.apache.uniffle.common.rpc.GrpcServerTest#testGrpcExecutorPool","<main>","2","java/util/concurrent/ConcurrentMap.putIfAbsent(Ljava/lang/Object;Ljava/lang/Object;)Ljava/lang/Object;","io/prometheus/client/SimpleCollector:labels:78","5","19375"
"org.apache.uniffle.common.rpc.GrpcServerTest#testGrpcExecutorPool","<main>","1","MONITOREXIT","io/prometheus/client/CollectorRegistry:register:61","9","19960"
"org.apache.uniffle.common.rpc.GrpcServerTest#testGrpcExecutorPool","<main>","5","java/lang/Thread.setDaemon(Z)V","com/google/common/util/concurrent/ThreadFactoryBuilder$1:newThread:173","2","15000"
"org.apache.uniffle.common.rpc.GrpcServerTest#testGrpcExecutorPool","<main>","68","MONITORENTER","org/jacoco/agent/rt/internal_1f1cc91/core/runtime/RuntimeData:getExecutionData:119","6","19687"
"org.apache.uniffle.common.rpc.GrpcServerTest#testGrpcExecutorPool","<main>","2","java/util/concurrent/atomic/AtomicLongFieldUpdater.newUpdater(Ljava/lang/Class;Ljava/lang/String;)Ljava/util/concurrent/atomic/AtomicLongFieldUpdater;","io/prometheus/client/Striped64:<clinit>:280","1","10000"
"org.apache.uniffle.common.rpc.GrpcServerTest#testGrpcExecutorPool","<main>","65","java/util/concurrent/atomic/AtomicLongFieldUpdater.newUpdater(Ljava/lang/Class;Ljava/lang/String;)Ljava/util/concurrent/atomic/AtomicLongFieldUpdater;","io/prometheus/client/Striped64:<clinit>:281","1","10000"
"org.apache.uniffle.common.rpc.GrpcServerTest#testGrpcExecutorPool","<1410795158,1>","72","MONITORENTER","org/apache/log4j/Category:callAppenders:204","3","17500"
"org.apache.uniffle.common.rpc.GrpcServerTest#testGrpcExecutorPool","<main>","8","java/lang/Thread.setDaemon(Z)V","com/google/common/util/concurrent/ThreadFactoryBuilder$1:newThread:173","2","15000"
"org.apache.uniffle.common.rpc.GrpcServerTest#testGrpcExecutorPool","<1410795158,1>","47","MONITOREXIT","org/apache/log4j/Category:callAppenders:211","3","17500"
"org.apache.uniffle.common.rpc.GrpcServerTest#testGrpcExecutorPool","<main>","3","java/util/concurrent/ConcurrentMap.putIfAbsent(Ljava/lang/Object;Ljava/lang/Object;)Ljava/lang/Object;","io/prometheus/client/SimpleCollector:labels:77","3","17500"
"org.apache.uniffle.common.rpc.GrpcServerTest#testGrpcExecutorPool","<1410795158,2>","48","java/util/concurrent/FutureTask.finishCompletion()V","java/util/concurrent/FutureTask:set:233","1","10000"
"org.apache.uniffle.common.rpc.GrpcServerTest#testGrpcExecutorPool","<1410795158,2>","55","java/util/concurrent/Callable.call()Ljava/lang/Object;","java/util/concurrent/FutureTask:run:267","1","10000"
"org.apache.uniffle.common.rpc.GrpcServerTest#testGrpcExecutorPool","<main>","53","java/util/concurrent/Executors.callable(Ljava/lang/Runnable;Ljava/lang/Object;)Ljava/util/concurrent/Callable;","java/util/concurrent/FutureTask:<init>:152","1","10000"
"org.apache.uniffle.common.rpc.GrpcServerTest#testGrpcExecutorPool","<main>","69","MONITOREXIT","org/jacoco/agent/rt/internal_1f1cc91/core/runtime/RuntimeData:getExecutionData:120","7","19843"
"org.apache.uniffle.common.rpc.GrpcServerTest#testGrpcExecutorPool","<1410795158,1>","71","MONITOREXIT","org/apache/log4j/Category:callAppenders:211","2","15000"
"org.apache.uniffle.common.rpc.GrpcServerTest#testGrpcExecutorPool","<main>","32","java/lang/Thread.setDaemon(Z)V","com/google/common/util/concurrent/ThreadFactoryBuilder$1:newThread:172","2","15000"
"org.apache.uniffle.common.rpc.GrpcServerTest#testGrpcExecutorPool","<1410795158,1>","28","java/util/concurrent/FutureTask.finishCompletion()V","java/util/concurrent/FutureTask:set:233","1","10000"
"org.apache.uniffle.common.rpc.GrpcServerTest#testGrpcExecutorPool","<main>","67","MONITOREXIT","org/jacoco/agent/rt/internal_1f1cc91/core/runtime/RuntimeData:getExecutionData:120","2","15000"
"org.apache.uniffle.common.rpc.GrpcServerTest#testGrpcExecutorPool","<1410795158,2>","85","java/util/concurrent/atomic/AtomicLongFieldUpdater.compareAndSet(Ljava/lang/Object;JJ)Z","io/prometheus/client/Striped64:casBase:148","1","10000"
"org.apache.uniffle.common.rpc.GrpcServerTest#testGrpcExecutorPool","<main>","5","java/lang/Thread.setName(Ljava/lang/String;)V","com/google/common/util/concurrent/ThreadFactoryBuilder$1:newThread:170","1","5000"
"org.apache.uniffle.common.rpc.GrpcServerTest#testGrpcExecutorPool","<main>","1","MONITORENTER","org/jacoco/agent/rt/internal_1f1cc91/core/runtime/RuntimeData:getExecutionData:119","9","19960"
"org.apache.uniffle.common.rpc.GrpcServerTest#testGrpcExecutorPool","<main>","3","MONITOREXIT","io/prometheus/client/CollectorRegistry:register:61","6","19687"
"org.apache.uniffle.common.rpc.GrpcServerTest#testGrpcExecutorPool","<main>","1","MONITOREXIT","org/jacoco/agent/rt/internal_1f1cc91/core/runtime/RuntimeData:getExecutionData:120","14","19995"
"org.apache.uniffle.common.rpc.GrpcServerTest#testGrpcExecutorPool","<1410795158,1>","68","java/util/concurrent/CountDownLatch.countDown()V","org/apache/uniffle/common/rpc/GrpcServerTest:lambda$testGrpcExecutorPool$0:71","1","10000"
"org.apache.uniffle.common.rpc.GrpcServerTest#testGrpcExecutorPool","<1410795158,1>","37","java/util/concurrent/FutureTask.done()V","java/util/concurrent/FutureTask:finishCompletion:385","1","10000"
"org.apache.uniffle.common.rpc.GrpcServerTest#testGrpcExecutorPool","<main>","3","MONITOREXIT","io/prometheus/client/CollectorRegistry:register:61","8","19921"
"org.apache.uniffle.common.rpc.GrpcServerTest#testGrpcExecutorPool","<main>","67","MONITORENTER","org/jacoco/agent/rt/internal_1f1cc91/core/runtime/RuntimeData:getExecutionData:119","10","19979"
"org.apache.uniffle.common.rpc.GrpcServerTest#testGrpcExecutorPool","<main>","37","java/lang/Thread.setName(Ljava/lang/String;)V","com/google/common/util/concurrent/ThreadFactoryBuilder$1:newThread:170","2","6250"
"org.apache.uniffle.common.rpc.GrpcServerTest#testGrpcExecutorPool","<main>","1","java/util/concurrent/atomic/AtomicLongFieldUpdater.newUpdater(Ljava/lang/Class;Ljava/lang/String;)Ljava/util/concurrent/atomic/AtomicLongFieldUpdater;","io/prometheus/client/Striped64:<clinit>:281","1","10000"
"org.apache.uniffle.common.rpc.GrpcServerTest#testGrpcExecutorPool","<1410795158,2>","31","java/util/concurrent/FutureTask.done()V","java/util/concurrent/FutureTask:finishCompletion:385","1","10000"
"org.apache.uniffle.common.rpc.GrpcServerTest#testGrpcExecutorPool","<main>","4","MONITOREXIT","io/prometheus/client/CollectorRegistry:register:61","6","19687"
"org.apache.uniffle.common.rpc.GrpcServerTest#testGrpcExecutorPool","<main>","5","MONITOREXIT","io/prometheus/client/CollectorRegistry:register:61","1","10000"
"org.apache.uniffle.common.rpc.GrpcServerTest#testGrpcExecutorPool","<1410795158,1>","79","java/lang/Thread.sleep(J)V","org/apache/uniffle/common/rpc/GrpcServerTest:lambda$testGrpcExecutorPool$0:67","1","10000"
"org.apache.uniffle.common.rpc.GrpcServerTest#testGrpcExecutorPool","<main>","1","java/util/concurrent/Executors.defaultThreadFactory()Ljava/util/concurrent/ThreadFactory;","com/google/common/util/concurrent/ThreadFactoryBuilder:doBuild:161","1","10000"
"org.apache.uniffle.common.rpc.GrpcServerTest#testGrpcExecutorPool","<main>","49","java/util/concurrent/Executors.callable(Ljava/lang/Runnable;Ljava/lang/Object;)Ljava/util/concurrent/Callable;","java/util/concurrent/FutureTask:<init>:152","2","15000"
"org.apache.uniffle.common.rpc.GrpcServerTest#testGrpcExecutorPool","<main>","36","java/lang/Thread.setName(Ljava/lang/String;)V","com/google/common/util/concurrent/ThreadFactoryBuilder$1:newThread:170","1","5000"
"org.apache.uniffle.common.rpc.GrpcServerTest#testGrpcExecutorPool","<main>","2","MONITOREXIT","org/jacoco/agent/rt/internal_1f1cc91/core/runtime/RuntimeData:getExecutionData:120","5","19375"
"org.apache.uniffle.common.rpc.GrpcServerTest#testGrpcExecutorPool","<1410795158,1>","64","java/util/concurrent/CountDownLatch.countDown()V","org/apache/uniffle/common/rpc/GrpcServerTest:lambda$testGrpcExecutorPool$0:71","1","10000"
"org.apache.uniffle.common.rpc.GrpcServerTest#testGrpcExecutorPool","<main>","2","MONITORENTER","io/prometheus/client/CollectorRegistry:register:51","2","15000"
"org.apache.uniffle.common.rpc.GrpcServerTest#testGrpcExecutorPool","<1410795158,1>","87","java/util/concurrent/atomic/AtomicLongFieldUpdater.compareAndSet(Ljava/lang/Object;JJ)Z","io/prometheus/client/Striped64:casBase:148","1","10000"
"org.apache.uniffle.common.rpc.GrpcServerTest#testGrpcExecutorPool","<main>","65","MONITORENTER","io/prometheus/client/CollectorRegistry:register:51","9","19960"
"org.apache.uniffle.common.rpc.GrpcServerTest#testGrpcExecutorPool","<main>","7","java/lang/Thread.setDaemon(Z)V","com/google/common/util/concurrent/ThreadFactoryBuilder$1:newThread:173","1","10000"
"org.apache.uniffle.common.rpc.GrpcServerTest#testGrpcExecutorPool","<main>","6","java/util/concurrent/ConcurrentMap.putIfAbsent(Ljava/lang/Object;Ljava/lang/Object;)Ljava/lang/Object;","io/prometheus/client/SimpleCollector:labels:77","3","17500"
"org.apache.uniffle.common.rpc.GrpcServerTest#testGrpcExecutorPool","<main>","2","MONITORENTER","org/jacoco/agent/rt/internal_1f1cc91/core/runtime/RuntimeData:getExecutionData:119","11","19988"
"org.apache.uniffle.common.rpc.GrpcServerTest#testGrpcExecutorPool","<main>","1","java/util/concurrent/ConcurrentMap.putIfAbsent(Ljava/lang/Object;Ljava/lang/Object;)Ljava/lang/Object;","io/prometheus/client/SimpleCollector:labels:78","5","19375"
"org.apache.uniffle.common.rpc.GrpcServerTest#testGrpcExecutorPool","<1410795158,2>","5","java/util/concurrent/CountDownLatch.countDown()V","org/apache/uniffle/common/rpc/GrpcServerTest:lambda$testGrpcExecutorPool$0:72","1","10000"
"org.apache.uniffle.common.rpc.GrpcServerTest#testGrpcExecutorPool","<1410795158,1>","40","java/util/concurrent/FutureTask.finishCompletion()V","java/util/concurrent/FutureTask:set:233","1","10000"
"org.apache.uniffle.common.rpc.GrpcServerTest#testGrpcExecutorPool","<1410795158,1>","5","MONITORENTER","org/apache/log4j/Category:callAppenders:204","1","10000"
"org.apache.uniffle.common.rpc.GrpcServerTest#testGrpcExecutorPool","<main>","3","java/util/concurrent/ConcurrentMap.putIfAbsent(Ljava/lang/Object;Ljava/lang/Object;)Ljava/lang/Object;","io/prometheus/client/SimpleCollector:labels:78","2","15000"
"org.apache.uniffle.common.rpc.GrpcServerTest#testGrpcExecutorPool","<1410795158,1>","73","MONITOREXIT","org/apache/log4j/Category:callAppenders:211","4","18750"
"org.apache.uniffle.common.rpc.GrpcServerTest#testGrpcExecutorPool","<1410795158,1>","27","java/util/concurrent/FutureTask.finishCompletion()V","java/util/concurrent/FutureTask:set:233","1","10000"
"org.apache.uniffle.common.rpc.GrpcServerTest#testGrpcExecutorPool","<main>","4","java/util/concurrent/ConcurrentMap.putIfAbsent(Ljava/lang/Object;Ljava/lang/Object;)Ljava/lang/Object;","io/prometheus/client/SimpleCollector:labels:78","5","19375"
"org.apache.uniffle.common.rpc.GrpcServerTest#testGrpcExecutorPool","<1410795158,1>","4","SYNCHRONIZED_METHOD_EXIT","org/apache/log4j/AppenderSkeleton:doAppend:252","1","10000"
"org.apache.uniffle.common.rpc.GrpcServerTest#testGrpcExecutorPool","<main>","6","MONITOREXIT","io/prometheus/client/CollectorRegistry:register:61","6","19687"
"org.apache.uniffle.common.rpc.GrpcServerTest#testGrpcExecutorPool","<1410795158,2>","76","MONITOREXIT","org/apache/log4j/Category:callAppenders:211","2","15000"
"org.apache.uniffle.common.rpc.GrpcServerTest#testGrpcExecutorPool","<main>","3","MONITORENTER","io/prometheus/client/CollectorRegistry:register:51","5","19375"
"org.apache.uniffle.common.rpc.GrpcServerTest#testGrpcExecutorPool","<1410795158,1>","48","MONITORENTER","org/apache/log4j/Category:callAppenders:204","3","17500"
"org.apache.uniffle.common.rpc.GrpcServerTest#testGrpcExecutorPool","<main>","3","java/lang/Thread.setDaemon(Z)V","com/google/common/util/concurrent/ThreadFactoryBuilder$1:newThread:173","2","15000"
"org.apache.uniffle.common.rpc.GrpcServerTest#testGrpcExecutorPool","<main>","6","MONITOREXIT","io/prometheus/client/CollectorRegistry:register:61","8","19921"
"org.apache.uniffle.common.rpc.GrpcServerTest#testGrpcExecutorPool","<1410795158,1>","5","MONITOREXIT","org/apache/log4j/Category:callAppenders:211","4","18750"
"org.apache.uniffle.common.rpc.GrpcServerTest#testGrpcExecutorPool","<main>","67","MONITORENTER","org/jacoco/agent/rt/internal_1f1cc91/core/runtime/RuntimeData:getExecutionData:119","9","19960"
"org.apache.uniffle.common.rpc.GrpcServerTest#testGrpcExecutorPool","<main>","69","MONITOREXIT","org/jacoco/agent/rt/internal_1f1cc91/core/runtime/RuntimeData:getExecutionData:120","10","19979"
"org.apache.uniffle.common.rpc.GrpcServerTest#testGrpcExecutorPool","<1410795158,1>","50","java/util/concurrent/CountDownLatch.countDown()V","org/apache/uniffle/common/rpc/GrpcServerTest:lambda$testGrpcExecutorPool$0:72","1","10000"
"org.apache.uniffle.common.rpc.GrpcServerTest#testGrpcExecutorPool","<1410795158,2>","34","java/util/concurrent/CountDownLatch.countDown()V","org/apache/uniffle/common/rpc/GrpcServerTest:lambda$testGrpcExecutorPool$0:71","1","10000"
"org.apache.uniffle.common.rpc.GrpcServerTest#testGrpcExecutorPool","<main>","48","java/util/concurrent/atomic/AtomicLong.getAndIncrement()J","com/google/common/util/concurrent/ThreadFactoryBuilder$1:newThread:169","2","12500"
"org.apache.uniffle.common.rpc.GrpcServerTest#testGrpcExecutorPool","<main>","54","java/util/concurrent/Executors.callable(Ljava/lang/Runnable;Ljava/lang/Object;)Ljava/util/concurrent/Callable;","java/util/concurrent/FutureTask:<init>:153","1","10000"
"org.apache.uniffle.common.rpc.GrpcServerTest#testGrpcExecutorPool","<main>","1","java/lang/Thread.setName(Ljava/lang/String;)V","com/google/common/util/concurrent/ThreadFactoryBuilder$1:newThread:170","2","6250"
"org.apache.uniffle.common.rpc.GrpcServerTest#testGrpcExecutorPool","<main>","4","MONITOREXIT","io/prometheus/client/CollectorRegistry:register:61","7","19843"
"org.apache.uniffle.common.rpc.GrpcServerTest#testGrpcExecutorPool","<main>","35","java/lang/Thread.setDaemon(Z)V","com/google/common/util/concurrent/ThreadFactoryBuilder$1:newThread:172","1","10000"
"org.apache.uniffle.common.rpc.GrpcServerTest#testGrpcExecutorPool","<main>","68","MONITORENTER","org/jacoco/agent/rt/internal_1f1cc91/core/runtime/RuntimeData:getExecutionData:119","1","10000"
"org.apache.uniffle.common.rpc.GrpcServerTest#testGrpcExecutorPool","<1410795158,2>","62","java/util/concurrent/CountDownLatch.countDown()V","org/apache/uniffle/common/rpc/GrpcServerTest:lambda$testGrpcExecutorPool$0:72","1","10000"
"org.apache.uniffle.common.rpc.GrpcServerTest#testGrpcExecutorPool","<1410795158,2>","84","java/util/concurrent/Callable.call()Ljava/lang/Object;","java/util/concurrent/FutureTask:run:266","1","10000"
"org.apache.uniffle.common.rpc.GrpcServerTest#testGrpcExecutorPool","<main>","1","java/lang/Thread.sleep(J)V","org/apache/uniffle/common/rpc/GrpcServerTest:testGrpcExecutorPool:75","1","10000"
"org.apache.uniffle.common.rpc.GrpcServerTest#testGrpcExecutorPool","<main>","3","java/lang/Thread.setDaemon(Z)V","com/google/common/util/concurrent/ThreadFactoryBuilder$1:newThread:172","2","15000"
"org.apache.uniffle.common.rpc.GrpcServerTest#testGrpcExecutorPool","<1410795158,1>","63","java/util/concurrent/CountDownLatch.countDown()V","org/apache/uniffle/common/rpc/GrpcServerTest:lambda$testGrpcExecutorPool$0:71","1","10000"
"org.apache.uniffle.common.rpc.GrpcServerTest#testGrpcExecutorPool","<1410795158,2>","86","java/util/concurrent/atomic/AtomicLongFieldUpdater.compareAndSet(Ljava/lang/Object;JJ)Z","io/prometheus/client/Striped64:casBase:148","1","10000"
"org.apache.uniffle.common.rpc.GrpcServerTest#testGrpcExecutorPool","<1410795158,2>","77","MONITOREXIT","org/apache/log4j/Category:callAppenders:211","4","18750"
"org.apache.uniffle.common.rpc.GrpcServerTest#testGrpcExecutorPool","<main>","65","java/util/concurrent/ConcurrentMap.putIfAbsent(Ljava/lang/Object;Ljava/lang/Object;)Ljava/lang/Object;","io/prometheus/client/SimpleCollector:labels:78","1","10000"
"org.apache.uniffle.common.rpc.GrpcServerTest#testGrpcExecutorPool","<main>","67","MONITOREXIT","org/jacoco/agent/rt/internal_1f1cc91/core/runtime/RuntimeData:getExecutionData:120","7","19843"
"org.apache.uniffle.common.rpc.GrpcServerTest#testGrpcExecutorPool","<main>","69","MONITOREXIT","org/jacoco/agent/rt/internal_1f1cc91/core/runtime/RuntimeData:getExecutionData:120","8","19921"
"org.apache.uniffle.common.rpc.GrpcServerTest#testGrpcExecutorPool","<main>","5","java/util/concurrent/atomic/AtomicLong.getAndIncrement()J","com/google/common/util/concurrent/ThreadFactoryBuilder$1:newThread:169","2","12500"
"org.apache.uniffle.common.rpc.GrpcServerTest#testGrpcExecutorPool","<main>","5","MONITOREXIT","io/prometheus/client/CollectorRegistry:register:61","3","17500"
"org.apache.uniffle.common.rpc.GrpcServerTest#testGrpcExecutorPool","<1410795158,2>","5","SYNCHRONIZED_METHOD_ENTER","org/apache/log4j/AppenderSkeleton:doAppend:0","1","10000"
"org.apache.uniffle.common.rpc.GrpcServerTest#testGrpcExecutorPool","<main>","6","java/util/concurrent/ConcurrentMap.putIfAbsent(Ljava/lang/Object;Ljava/lang/Object;)Ljava/lang/Object;","io/prometheus/client/SimpleCollector:labels:78","2","15000"
"org.apache.uniffle.common.rpc.GrpcServerTest#testGrpcExecutorPool","<main>","48","java/lang/Thread.setName(Ljava/lang/String;)V","com/google/common/util/concurrent/ThreadFactoryBuilder$1:newThread:169","1","5000"
"org.apache.uniffle.common.rpc.GrpcServerTest#testGrpcExecutorPool","<1410795158,1>","6","SYNCHRONIZED_METHOD_ENTER","org/apache/log4j/AppenderSkeleton:doAppend:0","1","10000"
"org.apache.uniffle.common.rpc.GrpcServerTest#testGrpcExecutorPool","<main>","57","java/util/concurrent/Executors.callable(Ljava/lang/Runnable;Ljava/lang/Object;)Ljava/util/concurrent/Callable;","java/util/concurrent/FutureTask:<init>:153","3","17500"
"org.apache.uniffle.common.rpc.GrpcServerTest#testGrpcExecutorPool","<main>","51","java/util/concurrent/Executors.callable(Ljava/lang/Runnable;Ljava/lang/Object;)Ljava/util/concurrent/Callable;","java/util/concurrent/FutureTask:<init>:153","1","10000"
"org.apache.uniffle.common.rpc.GrpcServerTest#testGrpcExecutorPool","<main>","2","java/util/concurrent/ConcurrentMap.putIfAbsent(Ljava/lang/Object;Ljava/lang/Object;)Ljava/lang/Object;","io/prometheus/client/SimpleCollector:labels:78","2","15000"
"org.apache.uniffle.common.rpc.GrpcServerTest#testGrpcExecutorPool","<main>","33","java/lang/Thread.setName(Ljava/lang/String;)V","com/google/common/util/concurrent/ThreadFactoryBuilder$1:newThread:170","2","6250"
"org.apache.uniffle.common.rpc.GrpcServerTest#testGrpcExecutorPool","<main>","64","java/util/concurrent/ConcurrentMap.putIfAbsent(Ljava/lang/Object;Ljava/lang/Object;)Ljava/lang/Object;","io/prometheus/client/SimpleCollector:labels:78","5","19375"
"org.apache.uniffle.common.rpc.GrpcServerTest#testGrpcExecutorPool","<main>","34","java/util/concurrent/atomic/AtomicLong.getAndIncrement()J","com/google/common/util/concurrent/ThreadFactoryBuilder$1:newThread:169","1","10000"
"org.apache.uniffle.common.rpc.GrpcServerTest#testGrpcExecutorPool","<main>","68","MONITOREXIT","org/jacoco/agent/rt/internal_1f1cc91/core/runtime/RuntimeData:getExecutionData:120","3","17500"
"org.apache.uniffle.common.rpc.GrpcServerTest#testGrpcExecutorPool","<1410795158,2>","47","java/util/concurrent/FutureTask.finishCompletion()V","java/util/concurrent/FutureTask:set:233","1","10000"
"org.apache.uniffle.common.rpc.GrpcServerTest#testGrpcExecutorPool","<main>","4","MONITOREXIT","io/prometheus/client/CollectorRegistry:register:61","1","10000"
"org.apache.uniffle.common.rpc.GrpcServerTest#testGrpcExecutorPool","<main>","64","java/util/concurrent/atomic/AtomicIntegerFieldUpdater.newUpdater(Ljava/lang/Class;Ljava/lang/String;)Ljava/util/concurrent/atomic/AtomicIntegerFieldUpdater;","io/prometheus/client/Striped64:<clinit>:282","1","10000"
"org.apache.uniffle.common.rpc.GrpcServerTest#testGrpcExecutorPool","<main>","4","java/util/concurrent/atomic/AtomicLong.getAndIncrement()J","com/google/common/util/concurrent/ThreadFactoryBuilder$1:newThread:169","2","12500"
"org.apache.uniffle.common.rpc.GrpcServerTest#testGrpcExecutorPool","<1410795158,1>","52","java/util/concurrent/CountDownLatch.countDown()V","org/apache/uniffle/common/rpc/GrpcServerTest:lambda$testGrpcExecutorPool$0:71","1","10000"
"org.apache.uniffle.common.rpc.GrpcServerTest#testGrpcExecutorPool","<main>","7","java/lang/Thread.setDaemon(Z)V","com/google/common/util/concurrent/ThreadFactoryBuilder$1:newThread:172","1","10000"
"org.apache.uniffle.common.rpc.GrpcServerTest#testGrpcExecutorPool","<main>","4","java/lang/Thread.setName(Ljava/lang/String;)V","com/google/common/util/concurrent/ThreadFactoryBuilder$1:newThread:169","2","6250"
"org.apache.uniffle.common.rpc.GrpcServerTest#testGrpcExecutorPool","<main>","6","java/util/concurrent/atomic/AtomicLongFieldUpdater.newUpdater(Ljava/lang/Class;Ljava/lang/String;)Ljava/util/concurrent/atomic/AtomicLongFieldUpdater;","io/prometheus/client/Striped64:<clinit>:281","1","10000"
"org.apache.uniffle.common.rpc.GrpcServerTest#testGrpcExecutorPool","<1410795158,2>","98","java/util/concurrent/atomic/AtomicLongFieldUpdater.compareAndSet(Ljava/lang/Object;JJ)Z","io/prometheus/client/Striped64:casBase:149","1","10000"
"org.apache.uniffle.common.rpc.GrpcServerTest#testGrpcExecutorPool","<main>","1","java/util/concurrent/atomic/AtomicIntegerFieldUpdater.newUpdater(Ljava/lang/Class;Ljava/lang/String;)Ljava/util/concurrent/atomic/AtomicIntegerFieldUpdater;","io/prometheus/client/Striped64:<clinit>:282","1","10000"
"org.apache.uniffle.common.rpc.GrpcServerTest#testGrpcExecutorPool","<main>","20","java/lang/Thread.sleep(J)V","org/apache/uniffle/common/rpc/GrpcServerTest:testGrpcExecutorPool:75","1","10000"
"org.apache.uniffle.common.rpc.GrpcServerTest#testGrpcExecutorPool","<1410795158,2>","77","MONITORENTER","org/apache/log4j/Category:callAppenders:204","2","15000"
"org.apache.uniffle.common.rpc.GrpcServerTest#testGrpcExecutorPool","<main>","2","java/util/concurrent/atomic/AtomicLongFieldUpdater.newUpdater(Ljava/lang/Class;Ljava/lang/String;)Ljava/util/concurrent/atomic/AtomicLongFieldUpdater;","io/prometheus/client/Striped64:<clinit>:281","1","10000"
"org.apache.uniffle.common.rpc.GrpcServerTest#testGrpcExecutorPool","<1410795158,2>","76","java/lang/System.currentTimeMillis()J","org/apache/log4j/spi/LoggingEvent:<init>:167","1","10000"
"org.apache.uniffle.common.rpc.GrpcServerTest#testGrpcExecutorPool","<main>","67","MONITORENTER","org/jacoco/agent/rt/internal_1f1cc91/core/runtime/RuntimeData:getExecutionData:119","7","19843"
"org.apache.uniffle.common.rpc.GrpcServerTest#testGrpcExecutorPool","<main>","37","java/util/concurrent/atomic/AtomicLong.getAndIncrement()J","com/google/common/util/concurrent/ThreadFactoryBuilder$1:newThread:170","2","12500"
"org.apache.uniffle.common.rpc.GrpcServerTest#testGrpcExecutorPool","<main>","2","MONITOREXIT","org/jacoco/agent/rt/internal_1f1cc91/core/runtime/RuntimeData:getExecutionData:120","13","19994"
"org.apache.uniffle.common.rpc.GrpcServerTest#testGrpcExecutorPool","<1410795158,1>","71","MONITOREXIT","org/apache/log4j/Category:callAppenders:211","4","18750"
"org.apache.uniffle.common.rpc.GrpcServerTest#testGrpcExecutorPool","<1410795158,1>","29","java/util/concurrent/FutureTask.done()V","java/util/concurrent/FutureTask:finishCompletion:385","1","10000"
"org.apache.uniffle.common.rpc.GrpcServerTest#testGrpcExecutorPool","<main>","1","MONITOREXIT","org/jacoco/agent/rt/internal_1f1cc91/core/runtime/RuntimeData:getExecutionData:120","9","19960"
