"TestMethod","Thread","SleepyRunId","Cause","Interception","HitSleepCount","CumulativeSleepTimeMS"
"org.apache.dubbo.rpc.cluster.support.AbstractClusterInvokerTest#testSelect_multiInvokers","<main>","1","java/util/concurrent/ThreadLocalRandom.nextInt(I)I","org/apache/dubbo/rpc/cluster/loadbalance/LeastActiveLoadBalance:doSelect:84","3","6562"
"org.apache.dubbo.rpc.cluster.support.AbstractClusterInvokerTest#testSelect_multiInvokers","<main>","1","java/util/concurrent/ThreadLocalRandom.current()Ljava/util/concurrent/ThreadLocalRandom;","org/apache/dubbo/rpc/cluster/loadbalance/LeastActiveLoadBalance:doSelect:84","2","12500"
"org.apache.dubbo.rpc.cluster.support.AbstractClusterInvokerTest#testSelect_multiInvokers","<main>","1","SYNCHRONIZED_METHOD_EXIT","org/mockito/internal/progress/SequenceNumber:next:12","14","19995"
"org.apache.dubbo.rpc.cluster.support.AbstractClusterInvokerTest#testSelect_multiInvokers","<main>","1","MONITOREXIT","org/apache/log4j/Category:callAppenders:211","4","18750"
"org.apache.dubbo.rpc.cluster.support.AbstractClusterInvokerTest#testSelect_multiInvokers","<main>","3","java/lang/Thread.getContextClassLoader()Ljava/lang/ClassLoader;","org/mockito/internal/configuration/plugins/PluginInitializer:loadImpl:32","5","6659"
"org.apache.dubbo.rpc.cluster.support.AbstractClusterInvokerTest#testSelect_multiInvokers","<main>","1","MONITORENTER","org/mockito/internal/stubbing/StubbedInvocationMatcher:answer:33","13","19994"
"org.apache.dubbo.rpc.cluster.support.AbstractClusterInvokerTest#testSelect_multiInvokers","<main>","1","java/util/concurrent/ConcurrentMap.putIfAbsent(Ljava/lang/Object;Ljava/lang/Object;)Ljava/lang/Object;","org/apache/dubbo/common/logger/LoggerFactory:getLogger:108","2","15000"
"org.apache.dubbo.rpc.cluster.support.AbstractClusterInvokerTest#testSelect_multiInvokers","<main>","2","java/util/concurrent/ConcurrentMap.putIfAbsent(Ljava/lang/Object;Ljava/lang/Object;)Ljava/lang/Object;","org/apache/dubbo/rpc/RpcStatus:getStatus:95","1","10000"
"org.apache.dubbo.rpc.cluster.support.AbstractClusterInvokerTest#testSelect_multiInvokers","<main>","1","SYNCHRONIZED_METHOD_EXIT","org/mockito/internal/progress/SequenceNumber:next:12","3","17500"
"org.apache.dubbo.rpc.cluster.support.AbstractClusterInvokerTest#testSelect_multiInvokers","<main>","1","java/util/concurrent/atomic/AtomicIntegerFieldUpdater.getAndIncrement(Ljava/lang/Object;)I","org/apache/dubbo/common/utils/AtomicPositiveInteger:getAndIncrement:39","6","19687"
"org.apache.dubbo.rpc.cluster.support.AbstractClusterInvokerTest#testSelect_multiInvokers","<main>","2","java/lang/Thread.getContextClassLoader()Ljava/lang/ClassLoader;","org/mockito/internal/configuration/plugins/PluginInitializer:loadImpl:31","6","6663"
"org.apache.dubbo.rpc.cluster.support.AbstractClusterInvokerTest#testSelect_multiInvokers","<main>","3","java/util/concurrent/ConcurrentMap.putIfAbsent(Ljava/lang/Object;Ljava/lang/Object;)Ljava/lang/Object;","org/apache/dubbo/common/extension/ExtensionLoader:createExtension:506","4","18750"
"org.apache.dubbo.rpc.cluster.support.AbstractClusterInvokerTest#testSelect_multiInvokers","<main>","1","SYNCHRONIZED_METHOD_ENTER","org/mockito/internal/progress/SequenceNumber:next:0","11","19988"
"org.apache.dubbo.rpc.cluster.support.AbstractClusterInvokerTest#testSelect_multiInvokers","<main>","2","SYNCHRONIZED_METHOD_ENTER","org/apache/log4j/Category:removeAllAppenders:0","1","10000"
"org.apache.dubbo.rpc.cluster.support.AbstractClusterInvokerTest#testSelect_multiInvokers","<main>","3","MONITORENTER","org/mockito/internal/verification/DefaultRegisteredInvocations:removeLast:32","3","17500"
"org.apache.dubbo.rpc.cluster.support.AbstractClusterInvokerTest#testSelect_multiInvokers","<main>","1","java/util/concurrent/ThreadLocalRandom.nextInt(I)I","org/apache/dubbo/rpc/cluster/loadbalance/LeastActiveLoadBalance:doSelect:83","6","6663"
"org.apache.dubbo.rpc.cluster.support.AbstractClusterInvokerTest#testSelect_multiInvokers","<main>","2","MONITOREXIT","org/mockito/internal/stubbing/InvocationContainerImpl:findAnswerFor:88","2","15000"
"org.apache.dubbo.rpc.cluster.support.AbstractClusterInvokerTest#testSelect_multiInvokers","<main>","1","MONITORENTER","org/apache/dubbo/common/extension/ExtensionLoader:getExtension:318","8","19921"
"org.apache.dubbo.rpc.cluster.support.AbstractClusterInvokerTest#testSelect_multiInvokers","<main>","1","SYNCHRONIZED_METHOD_ENTER","org/mockito/internal/progress/SequenceNumber:next:0","2","15000"
"org.apache.dubbo.rpc.cluster.support.AbstractClusterInvokerTest#testSelect_multiInvokers","<main>","2","java/util/concurrent/ConcurrentMap.putIfAbsent(Ljava/lang/Object;Ljava/lang/Object;)Ljava/lang/Object;","org/apache/dubbo/rpc/cluster/loadbalance/RoundRobinLoadBalance:doSelect:59","1","10000"
"org.apache.dubbo.rpc.cluster.support.AbstractClusterInvokerTest#testSelect_multiInvokers","<main>","1","MONITOREXIT","org/mockito/internal/verification/DefaultRegisteredInvocations:clear:51","1","10000"
"org.apache.dubbo.rpc.cluster.support.AbstractClusterInvokerTest#testSelect_multiInvokers","<main>","1","MONITORENTER","net/bytebuddy/dynamic/loading/ClassInjector$UsingReflection:inject:162","6","19687"
"org.apache.dubbo.rpc.cluster.support.AbstractClusterInvokerTest#testSelect_multiInvokers","<main>","2","MONITORENTER","org/mockito/internal/verification/DefaultRegisteredInvocations:add:25","7","19843"
"org.apache.dubbo.rpc.cluster.support.AbstractClusterInvokerTest#testSelect_multiInvokers","<main>","1","java/util/concurrent/ThreadLocalRandom.nextInt(I)I","org/apache/dubbo/rpc/cluster/loadbalance/LeastActiveLoadBalance:doSelect:83","5","6659"
"org.apache.dubbo.rpc.cluster.support.AbstractClusterInvokerTest#testSelect_multiInvokers","<main>","2","MONITOREXIT","org/mockito/internal/stubbing/InvocationContainerImpl:findAnswerFor:91","10","19979"
"org.apache.dubbo.rpc.cluster.support.AbstractClusterInvokerTest#testSelect_multiInvokers","<main>","1","java/util/concurrent/ConcurrentMap.putIfAbsent(Ljava/lang/Object;Ljava/lang/Object;)Ljava/lang/Object;","org/apache/dubbo/rpc/cluster/loadbalance/RoundRobinLoadBalance:doSelect:60","1","10000"
"org.apache.dubbo.rpc.cluster.support.AbstractClusterInvokerTest#testSelect_multiInvokers","<main>","3","MONITORENTER","net/bytebuddy/dynamic/loading/ClassInjector$UsingReflection:inject:162","1","10000"
"org.apache.dubbo.rpc.cluster.support.AbstractClusterInvokerTest#testSelect_multiInvokers","<main>","1","SYNCHRONIZED_METHOD_EXIT","org/apache/log4j/AppenderSkeleton:doAppend:252","1","10000"
"org.apache.dubbo.rpc.cluster.support.AbstractClusterInvokerTest#testSelect_multiInvokers","<main>","3","java/util/concurrent/atomic/AtomicInteger.get()I","org/apache/dubbo/rpc/RpcStatus:getActive:180","8","19921"
"org.apache.dubbo.rpc.cluster.support.AbstractClusterInvokerTest#testSelect_multiInvokers","<main>","2","java/util/concurrent/ThreadLocalRandom.nextInt(I)I","org/apache/dubbo/rpc/cluster/loadbalance/RandomLoadBalance:doSelect:59","7","6664"
"org.apache.dubbo.rpc.cluster.support.AbstractClusterInvokerTest#testSelect_multiInvokers","<main>","1","MONITOREXIT","org/mockito/internal/verification/DefaultRegisteredInvocations:removeLast:36","10","19979"
"org.apache.dubbo.rpc.cluster.support.AbstractClusterInvokerTest#testSelect_multiInvokers","<main>","2","MONITOREXIT","org/mockito/internal/stubbing/InvocationContainerImpl:findAnswerFor:88","9","19960"
"org.apache.dubbo.rpc.cluster.support.AbstractClusterInvokerTest#testSelect_multiInvokers","<main>","3","MONITOREXIT","org/apache/dubbo/common/extension/ExtensionLoader:getExtension:324","8","19921"
"org.apache.dubbo.rpc.cluster.support.AbstractClusterInvokerTest#testSelect_multiInvokers","<main>","1","SYNCHRONIZED_METHOD_ENTER","org/mockito/internal/progress/SequenceNumber:next:0","10","19979"
"org.apache.dubbo.rpc.cluster.support.AbstractClusterInvokerTest#testSelect_multiInvokers","<main>","1","MONITOREXIT","org/mockito/internal/stubbing/InvocationContainerImpl:findAnswerFor:88","11","19988"
"org.apache.dubbo.rpc.cluster.support.AbstractClusterInvokerTest#testSelect_multiInvokers","<main>","1","java/util/concurrent/atomic/AtomicIntegerFieldUpdater.getAndIncrement(Ljava/lang/Object;)I","org/apache/dubbo/common/utils/AtomicPositiveInteger:getAndIncrement:40","8","19921"
"org.apache.dubbo.rpc.cluster.support.AbstractClusterInvokerTest#testSelect_multiInvokers","<main>","3","MONITORENTER","net/bytebuddy/dynamic/loading/ClassInjector$UsingReflection:inject:162","4","18750"
"org.apache.dubbo.rpc.cluster.support.AbstractClusterInvokerTest#testSelect_multiInvokers","<main>","3","java/util/concurrent/atomic/AtomicInteger.get()I","org/apache/dubbo/rpc/RpcStatus:getActive:181","5","19375"
"org.apache.dubbo.rpc.cluster.support.AbstractClusterInvokerTest#testSelect_multiInvokers","<main>","2","java/lang/Thread.getContextClassLoader()Ljava/lang/ClassLoader;","org/mockito/internal/configuration/plugins/PluginInitializer:loadImpl:32","2","6250"
"org.apache.dubbo.rpc.cluster.support.AbstractClusterInvokerTest#testSelect_multiInvokers","<main>","2","MONITOREXIT","org/mockito/internal/stubbing/InvocationContainerImpl:addAnswer:74","9","19960"
"org.apache.dubbo.rpc.cluster.support.AbstractClusterInvokerTest#testSelect_multiInvokers","<main>","2","MONITOREXIT","org/mockito/internal/stubbing/InvocationContainerImpl:addAnswer:74","1","10000"
"org.apache.dubbo.rpc.cluster.support.AbstractClusterInvokerTest#testSelect_multiInvokers","<main>","3","java/util/concurrent/ThreadLocalRandom.current()Ljava/util/concurrent/ThreadLocalRandom;","org/apache/dubbo/rpc/cluster/loadbalance/LeastActiveLoadBalance:doSelect:83","6","13329"
"org.apache.dubbo.rpc.cluster.support.AbstractClusterInvokerTest#testSelect_multiInvokers","<main>","1","MONITOREXIT","org/mockito/internal/stubbing/InvocationContainerImpl:findAnswerFor:88","2","15000"
"org.apache.dubbo.rpc.cluster.support.AbstractClusterInvokerTest#testSelect_multiInvokers","<main>","1","MONITOREXIT","org/mockito/internal/stubbing/InvocationContainerImpl:findAnswerFor:88","7","19843"
"org.apache.dubbo.rpc.cluster.support.AbstractClusterInvokerTest#testSelect_multiInvokers","<main>","2","MONITOREXIT","org/mockito/internal/stubbing/InvocationContainerImpl:findAnswerFor:88","4","18750"
"org.apache.dubbo.rpc.cluster.support.AbstractClusterInvokerTest#testSelect_multiInvokers","<main>","2","MONITORENTER","org/apache/dubbo/common/extension/ExtensionLoader:getExtension:318","6","19687"
"org.apache.dubbo.rpc.cluster.support.AbstractClusterInvokerTest#testSelect_multiInvokers","<main>","1","MONITOREXIT","org/mockito/internal/verification/DefaultRegisteredInvocations:add:27","9","19960"
"org.apache.dubbo.rpc.cluster.support.AbstractClusterInvokerTest#testSelect_multiInvokers","<main>","3","MONITOREXIT","org/mockito/internal/stubbing/InvocationContainerImpl:findAnswerFor:91","3","17500"
"org.apache.dubbo.rpc.cluster.support.AbstractClusterInvokerTest#testSelect_multiInvokers","<main>","3","MONITORENTER","org/mockito/internal/verification/DefaultRegisteredInvocations:add:25","12","19992"
"org.apache.dubbo.rpc.cluster.support.AbstractClusterInvokerTest#testSelect_multiInvokers","<main>","2","MONITORENTER","org/mockito/internal/verification/DefaultRegisteredInvocations:clear:49","14","19995"
"org.apache.dubbo.rpc.cluster.support.AbstractClusterInvokerTest#testSelect_multiInvokers","<main>","2","MONITOREXIT","org/mockito/internal/stubbing/InvocationContainerImpl:addAnswer:74","4","18750"
"org.apache.dubbo.rpc.cluster.support.AbstractClusterInvokerTest#testSelect_multiInvokers","<main>","2","java/util/concurrent/ConcurrentMap.putIfAbsent(Ljava/lang/Object;Ljava/lang/Object;)Ljava/lang/Object;","org/apache/dubbo/common/extension/ExtensionLoader:createExtension:507","3","17500"
"org.apache.dubbo.rpc.cluster.support.AbstractClusterInvokerTest#testSelect_multiInvokers","<main>","1","MONITOREXIT","org/mockito/internal/stubbing/InvocationContainerImpl:findAnswerFor:91","11","19988"
"org.apache.dubbo.rpc.cluster.support.AbstractClusterInvokerTest#testSelect_multiInvokers","<main>","3","MONITORENTER","org/apache/dubbo/common/extension/ExtensionLoader:getExtension:318","3","17500"
"org.apache.dubbo.rpc.cluster.support.AbstractClusterInvokerTest#testSelect_multiInvokers","<main>","3","MONITORENTER","org/mockito/internal/stubbing/InvocationContainerImpl:findAnswerFor:83","6","19687"
"org.apache.dubbo.rpc.cluster.support.AbstractClusterInvokerTest#testSelect_multiInvokers","<main>","1","MONITOREXIT","org/mockito/internal/verification/DefaultRegisteredInvocations:add:27","4","18750"
"org.apache.dubbo.rpc.cluster.support.AbstractClusterInvokerTest#testSelect_multiInvokers","<main>","1","java/util/concurrent/atomic/AtomicIntegerFieldUpdater.getAndIncrement(Ljava/lang/Object;)I","org/apache/dubbo/common/utils/AtomicPositiveInteger:getAndIncrement:39","10","19979"
"org.apache.dubbo.rpc.cluster.support.AbstractClusterInvokerTest#testSelect_multiInvokers","<main>","2","MONITOREXIT","org/mockito/internal/verification/DefaultRegisteredInvocations:removeLast:36","12","19992"
"org.apache.dubbo.rpc.cluster.support.AbstractClusterInvokerTest#testSelect_multiInvokers","<main>","3","MONITOREXIT","org/apache/log4j/Hierarchy:getLogger:279","3","17500"
"org.apache.dubbo.rpc.cluster.support.AbstractClusterInvokerTest#testSelect_multiInvokers","<main>","2","java/util/concurrent/ThreadLocalRandom.current()Ljava/util/concurrent/ThreadLocalRandom;","org/apache/dubbo/rpc/cluster/loadbalance/LeastActiveLoadBalance:doSelect:83","1","10000"
"org.apache.dubbo.rpc.cluster.support.AbstractClusterInvokerTest#testSelect_multiInvokers","<main>","2","MONITORENTER","net/bytebuddy/dynamic/loading/ClassInjector$UsingReflection:inject:162","6","19687"
"org.apache.dubbo.rpc.cluster.support.AbstractClusterInvokerTest#testSelect_multiInvokers","<main>","1","java/util/concurrent/atomic/AtomicInteger.get()I","org/apache/dubbo/rpc/RpcStatus:getActive:181","8","19921"
"org.apache.dubbo.rpc.cluster.support.AbstractClusterInvokerTest#testSelect_multiInvokers","<main>","2","MONITORENTER","org/mockito/internal/verification/DefaultRegisteredInvocations:removeLast:32","3","17500"
"org.apache.dubbo.rpc.cluster.support.AbstractClusterInvokerTest#testSelect_multiInvokers","<main>","1","MONITOREXIT","org/mockito/internal/stubbing/InvocationContainerImpl:findAnswerFor:88","4","18750"
"org.apache.dubbo.rpc.cluster.support.AbstractClusterInvokerTest#testSelect_multiInvokers","<main>","1","java/util/concurrent/ConcurrentMap.putIfAbsent(Ljava/lang/Object;Ljava/lang/Object;)Ljava/lang/Object;","org/apache/dubbo/common/extension/ExtensionLoader:getExtension:314","1","10000"
"org.apache.dubbo.rpc.cluster.support.AbstractClusterInvokerTest#testSelect_multiInvokers","<main>","1","MONITORENTER","org/apache/dubbo/common/extension/ExtensionLoader:getExtension:318","5","19375"
"org.apache.dubbo.rpc.cluster.support.AbstractClusterInvokerTest#testSelect_multiInvokers","<main>","2","MONITOREXIT","org/mockito/internal/stubbing/StubbedInvocationMatcher:answer:35","7","19843"
"org.apache.dubbo.rpc.cluster.support.AbstractClusterInvokerTest#testSelect_multiInvokers","<main>","1","MONITOREXIT","org/mockito/internal/stubbing/InvocationContainerImpl:findAnswerFor:91","10","19979"
"org.apache.dubbo.rpc.cluster.support.AbstractClusterInvokerTest#testSelect_multiInvokers","<main>","1","java/util/concurrent/ConcurrentMap.putIfAbsent(Ljava/lang/Object;Ljava/lang/Object;)Ljava/lang/Object;","org/apache/dubbo/common/extension/ExtensionLoader:createExtension:506","1","10000"
"org.apache.dubbo.rpc.cluster.support.AbstractClusterInvokerTest#testSelect_multiInvokers","<main>","2","MONITORENTER","org/mockito/internal/stubbing/StubbedInvocationMatcher:answer:33","7","19843"
"org.apache.dubbo.rpc.cluster.support.AbstractClusterInvokerTest#testSelect_multiInvokers","<main>","1","java/util/concurrent/ThreadLocalRandom.current()Ljava/util/concurrent/ThreadLocalRandom;","org/apache/dubbo/rpc/cluster/loadbalance/RandomLoadBalance:doSelect:59","4","13281"
"org.apache.dubbo.rpc.cluster.support.AbstractClusterInvokerTest#testSelect_multiInvokers","<main>","2","MONITORENTER","org/mockito/internal/verification/DefaultRegisteredInvocations:add:25","14","19995"
"org.apache.dubbo.rpc.cluster.support.AbstractClusterInvokerTest#testSelect_multiInvokers","<main>","1","java/util/concurrent/ConcurrentMap.putIfAbsent(Ljava/lang/Object;Ljava/lang/Object;)Ljava/lang/Object;","org/apache/dubbo/common/extension/ExtensionLoader:createExtension:506","4","18750"
"org.apache.dubbo.rpc.cluster.support.AbstractClusterInvokerTest#testSelect_multiInvokers","<main>","3","MONITORENTER","org/mockito/internal/stubbing/StubbedInvocationMatcher:answer:33","14","19995"
"org.apache.dubbo.rpc.cluster.support.AbstractClusterInvokerTest#testSelect_multiInvokers","<main>","2","MONITORENTER","org/mockito/internal/verification/DefaultRegisteredInvocations:add:25","3","17500"
"org.apache.dubbo.rpc.cluster.support.AbstractClusterInvokerTest#testSelect_multiInvokers","<main>","3","MONITOREXIT","org/apache/dubbo/common/extension/ExtensionLoader:getExtension:324","5","19375"
"org.apache.dubbo.rpc.cluster.support.AbstractClusterInvokerTest#testSelect_multiInvokers","<main>","2","MONITOREXIT","org/mockito/internal/verification/DefaultRegisteredInvocations:add:27","6","19687"
"org.apache.dubbo.rpc.cluster.support.AbstractClusterInvokerTest#testSelect_multiInvokers","<main>","3","java/lang/Thread.currentThread()Ljava/lang/Thread;","org/mockito/internal/configuration/plugins/PluginInitializer:loadImpl:32","1","10000"
"org.apache.dubbo.rpc.cluster.support.AbstractClusterInvokerTest#testSelect_multiInvokers","<main>","1","MONITORENTER","org/apache/dubbo/common/extension/ExtensionLoader:getExtension:318","6","19687"
"org.apache.dubbo.rpc.cluster.support.AbstractClusterInvokerTest#testSelect_multiInvokers","<main>","1","MONITORENTER","net/bytebuddy/dynamic/loading/ClassInjector$UsingReflection:inject:162","5","19375"
"org.apache.dubbo.rpc.cluster.support.AbstractClusterInvokerTest#testSelect_multiInvokers","<main>","3","java/util/concurrent/atomic/AtomicIntegerFieldUpdater.getAndIncrement(Ljava/lang/Object;)I","org/apache/dubbo/common/utils/AtomicPositiveInteger:getAndIncrement:40","5","19375"
"org.apache.dubbo.rpc.cluster.support.AbstractClusterInvokerTest#testSelect_multiInvokers","<main>","3","MONITOREXIT","org/mockito/internal/verification/DefaultRegisteredInvocations:isEmpty:56","10","19979"
"org.apache.dubbo.rpc.cluster.support.AbstractClusterInvokerTest#testSelect_multiInvokers","<main>","2","MONITOREXIT","org/apache/log4j/Hierarchy:getLogger:279","2","15000"
"org.apache.dubbo.rpc.cluster.support.AbstractClusterInvokerTest#testSelect_multiInvokers","<main>","1","MONITORENTER","org/apache/log4j/Hierarchy:getLogger:272","2","15000"
"org.apache.dubbo.rpc.cluster.support.AbstractClusterInvokerTest#testSelect_multiInvokers","<main>","1","MONITORENTER","org/apache/log4j/Hierarchy:getLogger:272","7","19843"
"org.apache.dubbo.rpc.cluster.support.AbstractClusterInvokerTest#testSelect_multiInvokers","<main>","2","MONITORENTER","org/mockito/internal/verification/DefaultRegisteredInvocations:clear:49","9","19960"
"org.apache.dubbo.rpc.cluster.support.AbstractClusterInvokerTest#testSelect_multiInvokers","<main>","3","MONITOREXIT","org/mockito/internal/verification/DefaultRegisteredInvocations:add:27","14","19995"
"org.apache.dubbo.rpc.cluster.support.AbstractClusterInvokerTest#testSelect_multiInvokers","<main>","2","MONITORENTER","org/mockito/internal/verification/DefaultRegisteredInvocations:clear:49","1","10000"
"org.apache.dubbo.rpc.cluster.support.AbstractClusterInvokerTest#testSelect_multiInvokers","<main>","3","SYNCHRONIZED_METHOD_ENTER","org/apache/log4j/Category:getAllAppenders:0","1","10000"
"org.apache.dubbo.rpc.cluster.support.AbstractClusterInvokerTest#testSelect_multiInvokers","<main>","2","SYNCHRONIZED_METHOD_ENTER","org/mockito/internal/progress/SequenceNumber:next:0","8","19921"
"org.apache.dubbo.rpc.cluster.support.AbstractClusterInvokerTest#testSelect_multiInvokers","<main>","3","MONITOREXIT","org/mockito/internal/verification/DefaultRegisteredInvocations:add:27","3","17500"
"org.apache.dubbo.rpc.cluster.support.AbstractClusterInvokerTest#testSelect_multiInvokers","<main>","2","MONITORENTER","org/mockito/internal/stubbing/InvocationContainerImpl:findAnswerFor:83","8","19921"
"org.apache.dubbo.rpc.cluster.support.AbstractClusterInvokerTest#testSelect_multiInvokers","<main>","1","SYNCHRONIZED_METHOD_EXIT","org/apache/log4j/Category:addAppender:166","1","10000"
"org.apache.dubbo.rpc.cluster.support.AbstractClusterInvokerTest#testSelect_multiInvokers","<main>","2","MONITORENTER","org/mockito/internal/verification/DefaultRegisteredInvocations:clear:49","4","18750"
"org.apache.dubbo.rpc.cluster.support.AbstractClusterInvokerTest#testSelect_multiInvokers","<main>","3","MONITOREXIT","org/apache/dubbo/common/extension/ExtensionLoader:getExtension:324","6","19687"
"org.apache.dubbo.rpc.cluster.support.AbstractClusterInvokerTest#testSelect_multiInvokers","<main>","1","MONITOREXIT","org/apache/dubbo/common/extension/ExtensionLoader:getExtensionClasses:570","1","10000"
"org.apache.dubbo.rpc.cluster.support.AbstractClusterInvokerTest#testSelect_multiInvokers","<main>","1","java/util/concurrent/ThreadLocalRandom.nextInt(I)I","org/apache/dubbo/rpc/cluster/loadbalance/RandomLoadBalance:doSelect:60","2","6250"
"org.apache.dubbo.rpc.cluster.support.AbstractClusterInvokerTest#testSelect_multiInvokers","<main>","1","java/util/concurrent/atomic/AtomicIntegerFieldUpdater.getAndIncrement(Ljava/lang/Object;)I","org/apache/dubbo/common/utils/AtomicPositiveInteger:getAndIncrement:40","6","19687"
"org.apache.dubbo.rpc.cluster.support.AbstractClusterInvokerTest#testSelect_multiInvokers","<main>","3","MONITORENTER","org/mockito/internal/stubbing/InvocationContainerImpl:findAnswerFor:83","10","19979"
"org.apache.dubbo.rpc.cluster.support.AbstractClusterInvokerTest#testSelect_multiInvokers","<main>","1","java/util/concurrent/ThreadLocalRandom.nextInt(I)I","org/apache/dubbo/rpc/cluster/loadbalance/LeastActiveLoadBalance:doSelect:84","1","5000"
"org.apache.dubbo.rpc.cluster.support.AbstractClusterInvokerTest#testSelect_multiInvokers","<main>","1","MONITOREXIT","org/mockito/internal/stubbing/InvocationContainerImpl:addAnswer:74","7","19843"
"org.apache.dubbo.rpc.cluster.support.AbstractClusterInvokerTest#testSelect_multiInvokers","<main>","1","java/util/concurrent/atomic/AtomicInteger.get()I","org/apache/dubbo/rpc/RpcStatus:getActive:181","5","19375"
"org.apache.dubbo.rpc.cluster.support.AbstractClusterInvokerTest#testSelect_multiInvokers","<main>","3","SYNCHRONIZED_METHOD_ENTER","org/mockito/internal/progress/SequenceNumber:next:0","7","19843"
"org.apache.dubbo.rpc.cluster.support.AbstractClusterInvokerTest#testSelect_multiInvokers","<main>","2","java/lang/Thread.getContextClassLoader()Ljava/lang/ClassLoader;","org/mockito/internal/configuration/plugins/PluginInitializer:loadImpl:32","1","5000"
"org.apache.dubbo.rpc.cluster.support.AbstractClusterInvokerTest#testSelect_multiInvokers","<main>","2","MONITOREXIT","org/mockito/internal/stubbing/StubbedInvocationMatcher:answer:35","13","19994"
"org.apache.dubbo.rpc.cluster.support.AbstractClusterInvokerTest#testSelect_multiInvokers","<main>","1","MONITORENTER","org/apache/log4j/Hierarchy:getLogger:272","4","18750"
"org.apache.dubbo.rpc.cluster.support.AbstractClusterInvokerTest#testSelect_multiInvokers","<main>","1","java/lang/Thread.currentThread()Ljava/lang/Thread;","org/mockito/internal/configuration/plugins/PluginInitializer:loadImpl:31","5","13320"
"org.apache.dubbo.rpc.cluster.support.AbstractClusterInvokerTest#testSelect_multiInvokers","<main>","1","MONITOREXIT","org/mockito/internal/stubbing/InvocationContainerImpl:addAnswer:74","12","19992"
"org.apache.dubbo.rpc.cluster.support.AbstractClusterInvokerTest#testSelect_multiInvokers","<main>","1","SYNCHRONIZED_METHOD_EXIT","org/mockito/internal/progress/SequenceNumber:next:12","5","19375"
"org.apache.dubbo.rpc.cluster.support.AbstractClusterInvokerTest#testSelect_multiInvokers","<main>","1","MONITORENTER","org/mockito/internal/stubbing/StubbedInvocationMatcher:answer:33","7","19843"
"org.apache.dubbo.rpc.cluster.support.AbstractClusterInvokerTest#testSelect_multiInvokers","<main>","1","java/lang/Thread.getContextClassLoader()Ljava/lang/ClassLoader;","org/mockito/internal/configuration/plugins/PluginInitializer:loadImpl:31","2","6250"
"org.apache.dubbo.rpc.cluster.support.AbstractClusterInvokerTest#testSelect_multiInvokers","<main>","1","MONITORENTER","org/apache/dubbo/common/extension/ExtensionLoader:getExtension:318","2","15000"
"org.apache.dubbo.rpc.cluster.support.AbstractClusterInvokerTest#testSelect_multiInvokers","<main>","1","java/util/concurrent/atomic/AtomicInteger.get()I","org/apache/dubbo/rpc/RpcStatus:getActive:181","6","19687"
"org.apache.dubbo.rpc.cluster.support.AbstractClusterInvokerTest#testSelect_multiInvokers","<main>","2","java/util/concurrent/ConcurrentMap.putIfAbsent(Ljava/lang/Object;Ljava/lang/Object;)Ljava/lang/Object;","org/apache/dubbo/rpc/RpcStatus:getStatus:96","1","10000"
"org.apache.dubbo.rpc.cluster.support.AbstractClusterInvokerTest#testSelect_multiInvokers","<main>","3","SYNCHRONIZED_METHOD_ENTER","org/mockito/internal/progress/SequenceNumber:next:0","1","10000"
"org.apache.dubbo.rpc.cluster.support.AbstractClusterInvokerTest#testSelect_multiInvokers","<main>","2","MONITORENTER","org/mockito/internal/stubbing/InvocationContainerImpl:addAnswer:68","6","19687"
"org.apache.dubbo.rpc.cluster.support.AbstractClusterInvokerTest#testSelect_multiInvokers","<main>","3","MONITORENTER","org/mockito/internal/verification/DefaultRegisteredInvocations:removeLast:32","5","19375"
"org.apache.dubbo.rpc.cluster.support.AbstractClusterInvokerTest#testSelect_multiInvokers","<main>","2","SYNCHRONIZED_METHOD_EXIT","org/apache/log4j/Category:getAllAppenders:415","1","10000"
"org.apache.dubbo.rpc.cluster.support.AbstractClusterInvokerTest#testSelect_multiInvokers","<main>","2","java/util/concurrent/ThreadLocalRandom.current()Ljava/util/concurrent/ThreadLocalRandom;","org/apache/dubbo/rpc/cluster/loadbalance/RandomLoadBalance:doSelect:59","2","12500"
"org.apache.dubbo.rpc.cluster.support.AbstractClusterInvokerTest#testSelect_multiInvokers","<main>","3","MONITORENTER","org/mockito/internal/verification/DefaultRegisteredInvocations:clear:49","13","19994"
"org.apache.dubbo.rpc.cluster.support.AbstractClusterInvokerTest#testSelect_multiInvokers","<main>","2","java/util/concurrent/ConcurrentHashMap.get(Ljava/lang/Object;)Ljava/lang/Object;","org/objenesis/ObjenesisBase:getInstantiatorOf:92","2","15000"
"org.apache.dubbo.rpc.cluster.support.AbstractClusterInvokerTest#testSelect_multiInvokers","<main>","1","MONITOREXIT","org/apache/log4j/Hierarchy:getLogger:279","7","19843"
"org.apache.dubbo.rpc.cluster.support.AbstractClusterInvokerTest#testSelect_multiInvokers","<main>","3","java/lang/Thread.currentThread()Ljava/lang/Thread;","org/apache/log4j/helpers/Loader:getTCL:166","2","15000"
"org.apache.dubbo.rpc.cluster.support.AbstractClusterInvokerTest#testSelect_multiInvokers","<main>","3","SYNCHRONIZED_METHOD_ENTER","org/mockito/internal/progress/SequenceNumber:next:0","4","18750"
"org.apache.dubbo.rpc.cluster.support.AbstractClusterInvokerTest#testSelect_multiInvokers","<main>","1","java/util/concurrent/ThreadLocalRandom.current()Ljava/util/concurrent/ThreadLocalRandom;","org/apache/dubbo/rpc/cluster/loadbalance/LeastActiveLoadBalance:doSelect:84","7","13331"
"org.apache.dubbo.rpc.cluster.support.AbstractClusterInvokerTest#testSelect_multiInvokers","<main>","2","MONITOREXIT","org/mockito/internal/verification/DefaultRegisteredInvocations:add:27","10","19979"
"org.apache.dubbo.rpc.cluster.support.AbstractClusterInvokerTest#testSelect_multiInvokers","<main>","3","java/util/concurrent/ThreadLocalRandom.current()Ljava/util/concurrent/ThreadLocalRandom;","org/apache/dubbo/rpc/cluster/loadbalance/RandomLoadBalance:doSelect:59","3","13125"
"org.apache.dubbo.rpc.cluster.support.AbstractClusterInvokerTest#testSelect_multiInvokers","<main>","3","MONITOREXIT","net/bytebuddy/dynamic/loading/ClassInjector$UsingReflection:inject:191","2","15000"
"org.apache.dubbo.rpc.cluster.support.AbstractClusterInvokerTest#testSelect_multiInvokers","<main>","2","MONITORENTER","org/mockito/internal/verification/DefaultRegisteredInvocations:isEmpty:55","12","19992"
"org.apache.dubbo.rpc.cluster.support.AbstractClusterInvokerTest#testSelect_multiInvokers","<main>","3","java/util/concurrent/atomic/AtomicIntegerFieldUpdater.getAndIncrement(Ljava/lang/Object;)I","org/apache/dubbo/common/utils/AtomicPositiveInteger:getAndIncrement:40","2","15000"
"org.apache.dubbo.rpc.cluster.support.AbstractClusterInvokerTest#testSelect_multiInvokers","<main>","3","MONITORENTER","org/mockito/internal/stubbing/StubbedInvocationMatcher:answer:33","8","19921"
"org.apache.dubbo.rpc.cluster.support.AbstractClusterInvokerTest#testSelect_multiInvokers","<main>","2","MONITOREXIT","org/mockito/internal/verification/DefaultRegisteredInvocations:removeLast:36","14","19995"
"org.apache.dubbo.rpc.cluster.support.AbstractClusterInvokerTest#testSelect_multiInvokers","<main>","2","java/util/concurrent/ConcurrentHashMap.get(Ljava/lang/Object;)Ljava/lang/Object;","org/objenesis/ObjenesisBase:getInstantiatorOf:92","1","10000"
"org.apache.dubbo.rpc.cluster.support.AbstractClusterInvokerTest#testSelect_multiInvokers","<main>","3","MONITOREXIT","org/mockito/internal/stubbing/StubbedInvocationMatcher:answer:35","12","19992"
"org.apache.dubbo.rpc.cluster.support.AbstractClusterInvokerTest#testSelect_multiInvokers","<main>","3","java/lang/Thread.currentThread()Ljava/lang/Thread;","org/apache/log4j/helpers/Loader:getTCL:166","1","10000"
"org.apache.dubbo.rpc.cluster.support.AbstractClusterInvokerTest#testSelect_multiInvokers","<main>","1","MONITORENTER","org/mockito/internal/verification/DefaultRegisteredInvocations:clear:49","11","19988"
"org.apache.dubbo.rpc.cluster.support.AbstractClusterInvokerTest#testSelect_multiInvokers","<main>","3","SYNCHRONIZED_METHOD_EXIT","org/mockito/internal/progress/SequenceNumber:next:12","7","19843"
"org.apache.dubbo.rpc.cluster.support.AbstractClusterInvokerTest#testSelect_multiInvokers","<main>","1","MONITOREXIT","org/mockito/internal/stubbing/InvocationContainerImpl:addAnswer:74","13","19994"
"org.apache.dubbo.rpc.cluster.support.AbstractClusterInvokerTest#testSelect_multiInvokers","<main>","1","MONITOREXIT","org/apache/log4j/Category:callAppenders:211","1","10000"
"org.apache.dubbo.rpc.cluster.support.AbstractClusterInvokerTest#testSelect_multiInvokers","<main>","3","MONITOREXIT","org/mockito/internal/stubbing/InvocationContainerImpl:findAnswerFor:91","5","19375"
"org.apache.dubbo.rpc.cluster.support.AbstractClusterInvokerTest#testSelect_multiInvokers","<main>","2","SYNCHRONIZED_METHOD_EXIT","org/mockito/internal/progress/SequenceNumber:next:12","1","10000"
"org.apache.dubbo.rpc.cluster.support.AbstractClusterInvokerTest#testSelect_multiInvokers","<main>","3","java/util/concurrent/ConcurrentMap.putIfAbsent(Ljava/lang/Object;Ljava/lang/Object;)Ljava/lang/Object;","org/apache/dubbo/common/extension/ExtensionLoader:getExtension:314","1","10000"
"org.apache.dubbo.rpc.cluster.support.AbstractClusterInvokerTest#testSelect_multiInvokers","<main>","2","java/util/concurrent/ConcurrentHashMap.get(Ljava/lang/Object;)Ljava/lang/Object;","org/objenesis/ObjenesisBase:getInstantiatorOf:92","4","18750"
"org.apache.dubbo.rpc.cluster.support.AbstractClusterInvokerTest#testSelect_multiInvokers","<main>","1","MONITORENTER","org/mockito/internal/verification/DefaultRegisteredInvocations:removeLast:32","12","19992"
"org.apache.dubbo.rpc.cluster.support.AbstractClusterInvokerTest#testSelect_multiInvokers","<main>","2","MONITORENTER","net/bytebuddy/TypeCache:findOrInsert:158","1","10000"
"org.apache.dubbo.rpc.cluster.support.AbstractClusterInvokerTest#testSelect_multiInvokers","<main>","3","java/lang/Thread.currentThread()Ljava/lang/Thread;","org/apache/log4j/helpers/Loader:getTCL:166","4","18750"
"org.apache.dubbo.rpc.cluster.support.AbstractClusterInvokerTest#testSelect_multiInvokers","<main>","3","java/util/concurrent/atomic/AtomicIntegerFieldUpdater.getAndIncrement(Ljava/lang/Object;)I","org/apache/dubbo/common/utils/AtomicPositiveInteger:getAndIncrement:40","9","19960"
"org.apache.dubbo.rpc.cluster.support.AbstractClusterInvokerTest#testSelect_multiInvokers","<main>","3","java/lang/Thread.currentThread()Ljava/lang/Thread;","org/mockito/internal/configuration/plugins/PluginInitializer:loadImpl:31","6","13329"
"org.apache.dubbo.rpc.cluster.support.AbstractClusterInvokerTest#testSelect_multiInvokers","<main>","3","MONITOREXIT","org/mockito/internal/verification/DefaultRegisteredInvocations:removeLast:36","11","19988"
"org.apache.dubbo.rpc.cluster.support.AbstractClusterInvokerTest#testSelect_multiInvokers","<main>","2","MONITORENTER","org/apache/dubbo/common/extension/ExtensionLoader:getExtensionClasses:564","1","10000"
"org.apache.dubbo.rpc.cluster.support.AbstractClusterInvokerTest#testSelect_multiInvokers","<main>","3","MONITORENTER","org/apache/dubbo/common/extension/ExtensionLoader:getExtension:318","5","19375"
"org.apache.dubbo.rpc.cluster.support.AbstractClusterInvokerTest#testSelect_multiInvokers","<main>","2","MONITORENTER","org/apache/log4j/xml/DOMConfigurator:parseRoot:491","2","15000"
"org.apache.dubbo.rpc.cluster.support.AbstractClusterInvokerTest#testSelect_multiInvokers","<main>","1","java/util/concurrent/ThreadLocalRandom.current()Ljava/util/concurrent/ThreadLocalRandom;","org/apache/dubbo/rpc/cluster/loadbalance/LeastActiveLoadBalance:doSelect:84","1","10000"
"org.apache.dubbo.rpc.cluster.support.AbstractClusterInvokerTest#testSelect_multiInvokers","<main>","1","java/util/concurrent/atomic/AtomicInteger.get()I","org/apache/dubbo/rpc/RpcStatus:getActive:181","2","15000"
"org.apache.dubbo.rpc.cluster.support.AbstractClusterInvokerTest#testSelect_multiInvokers","<main>","1","MONITORENTER","org/mockito/internal/verification/DefaultRegisteredInvocations:clear:49","12","19992"
"org.apache.dubbo.rpc.cluster.support.AbstractClusterInvokerTest#testSelect_multiInvokers","<main>","3","MONITOREXIT","org/mockito/internal/verification/DefaultRegisteredInvocations:removeLast:36","7","19843"
"org.apache.dubbo.rpc.cluster.support.AbstractClusterInvokerTest#testSelect_multiInvokers","<main>","3","MONITOREXIT","org/apache/log4j/Hierarchy:getLogger:279","5","19375"
"org.apache.dubbo.rpc.cluster.support.AbstractClusterInvokerTest#testSelect_multiInvokers","<main>","3","java/util/concurrent/atomic/AtomicIntegerFieldUpdater.getAndIncrement(Ljava/lang/Object;)I","org/apache/dubbo/common/utils/AtomicPositiveInteger:getAndIncrement:40","4","18750"
"org.apache.dubbo.rpc.cluster.support.AbstractClusterInvokerTest#testSelect_multiInvokers","<main>","2","MONITORENTER","org/mockito/internal/verification/DefaultRegisteredInvocations:removeLast:32","5","19375"
"org.apache.dubbo.rpc.cluster.support.AbstractClusterInvokerTest#testSelect_multiInvokers","<main>","2","MONITOREXIT","org/apache/log4j/xml/DOMConfigurator:parseRoot:493","1","10000"
"org.apache.dubbo.rpc.cluster.support.AbstractClusterInvokerTest#testSelect_multiInvokers","<main>","2","MONITOREXIT","org/mockito/internal/verification/DefaultRegisteredInvocations:clear:51","11","19988"
"org.apache.dubbo.rpc.cluster.support.AbstractClusterInvokerTest#testSelect_multiInvokers","<main>","1","MONITORENTER","org/mockito/internal/stubbing/InvocationContainerImpl:findAnswerFor:83","10","19979"
"org.apache.dubbo.rpc.cluster.support.AbstractClusterInvokerTest#testSelect_multiInvokers","<main>","3","MONITORENTER","org/mockito/internal/verification/DefaultRegisteredInvocations:add:25","9","19960"
"org.apache.dubbo.rpc.cluster.support.AbstractClusterInvokerTest#testSelect_multiInvokers","<main>","2","java/util/concurrent/ConcurrentMap.putIfAbsent(Ljava/lang/Object;Ljava/lang/Object;)Ljava/lang/Object;","net/bytebuddy/TypeCache:insert:102","1","10000"
"org.apache.dubbo.rpc.cluster.support.AbstractClusterInvokerTest#testSelect_multiInvokers","<main>","2","MONITORENTER","org/mockito/internal/stubbing/InvocationContainerImpl:addAnswer:68","10","19979"
"org.apache.dubbo.rpc.cluster.support.AbstractClusterInvokerTest#testSelect_multiInvokers","<main>","3","MONITORENTER","org/mockito/internal/verification/DefaultRegisteredInvocations:add:25","1","10000"
"org.apache.dubbo.rpc.cluster.support.AbstractClusterInvokerTest#testSelect_multiInvokers","<main>","2","java/util/concurrent/atomic/AtomicIntegerFieldUpdater.getAndIncrement(Ljava/lang/Object;)I","org/apache/dubbo/common/utils/AtomicPositiveInteger:getAndIncrement:39","5","19375"
"org.apache.dubbo.rpc.cluster.support.AbstractClusterInvokerTest#testSelect_multiInvokers","<main>","3","SYNCHRONIZED_METHOD_EXIT","org/apache/log4j/WriterAppender:setWriter:298","1","10000"
"org.apache.dubbo.rpc.cluster.support.AbstractClusterInvokerTest#testSelect_multiInvokers","<main>","1","SYNCHRONIZED_METHOD_ENTER","org/mockito/internal/progress/SequenceNumber:next:0","7","19843"
"org.apache.dubbo.rpc.cluster.support.AbstractClusterInvokerTest#testSelect_multiInvokers","<main>","2","MONITOREXIT","org/mockito/internal/verification/DefaultRegisteredInvocations:clear:51","2","15000"
"org.apache.dubbo.rpc.cluster.support.AbstractClusterInvokerTest#testSelect_multiInvokers","<main>","3","MONITORENTER","org/apache/log4j/Hierarchy:getLogger:272","2","15000"
"org.apache.dubbo.rpc.cluster.support.AbstractClusterInvokerTest#testSelect_multiInvokers","<main>","3","MONITORENTER","org/mockito/internal/verification/DefaultRegisteredInvocations:removeLast:32","2","15000"
"org.apache.dubbo.rpc.cluster.support.AbstractClusterInvokerTest#testSelect_multiInvokers","<main>","2","java/util/concurrent/ConcurrentHashMap.get(Ljava/lang/Object;)Ljava/lang/Object;","org/objenesis/ObjenesisBase:getInstantiatorOf:93","1","10000"
"org.apache.dubbo.rpc.cluster.support.AbstractClusterInvokerTest#testSelect_multiInvokers","<main>","3","MONITORENTER","org/mockito/internal/verification/DefaultRegisteredInvocations:add:25","4","18750"
"org.apache.dubbo.rpc.cluster.support.AbstractClusterInvokerTest#testSelect_multiInvokers","<main>","3","java/util/concurrent/ThreadLocalRandom.nextInt(I)I","org/apache/dubbo/rpc/cluster/loadbalance/RandomLoadBalance:doSelect:59","4","6640"
"org.apache.dubbo.rpc.cluster.support.AbstractClusterInvokerTest#testSelect_multiInvokers","<main>","2","MONITOREXIT","net/bytebuddy/dynamic/loading/ClassInjector$UsingReflection:inject:191","2","15000"
"org.apache.dubbo.rpc.cluster.support.AbstractClusterInvokerTest#testSelect_multiInvokers","<main>","1","java/util/concurrent/ThreadLocalRandom.nextInt(I)I","org/apache/dubbo/rpc/cluster/loadbalance/RandomLoadBalance:doSelect:59","2","6250"
"org.apache.dubbo.rpc.cluster.support.AbstractClusterInvokerTest#testSelect_multiInvokers","<main>","2","MONITORENTER","org/mockito/internal/verification/DefaultRegisteredInvocations:add:25","5","19375"
"org.apache.dubbo.rpc.cluster.support.AbstractClusterInvokerTest#testSelect_multiInvokers","<main>","2","MONITORENTER","org/mockito/internal/stubbing/StubbedInvocationMatcher:answer:33","8","19921"
"org.apache.dubbo.rpc.cluster.support.AbstractClusterInvokerTest#testSelect_multiInvokers","<main>","2","java/util/concurrent/ConcurrentHashMap.get(Ljava/lang/Object;)Ljava/lang/Object;","org/objenesis/ObjenesisBase:getInstantiatorOf:93","4","18750"
"org.apache.dubbo.rpc.cluster.support.AbstractClusterInvokerTest#testSelect_multiInvokers","<main>","3","java/util/concurrent/ConcurrentMap.putIfAbsent(Ljava/lang/Object;Ljava/lang/Object;)Ljava/lang/Object;","net/bytebuddy/TypeCache:insert:101","1","10000"
"org.apache.dubbo.rpc.cluster.support.AbstractClusterInvokerTest#testSelect_multiInvokers","<main>","2","SYNCHRONIZED_METHOD_EXIT","org/mockito/internal/progress/SequenceNumber:next:12","3","17500"
"org.apache.dubbo.rpc.cluster.support.AbstractClusterInvokerTest#testSelect_multiInvokers","<main>","2","java/util/concurrent/atomic/AtomicIntegerFieldUpdater.getAndIncrement(Ljava/lang/Object;)I","org/apache/dubbo/common/utils/AtomicPositiveInteger:getAndIncrement:39","6","19687"
"org.apache.dubbo.rpc.cluster.support.AbstractClusterInvokerTest#testSelect_multiInvokers","<main>","2","MONITORENTER","org/apache/log4j/Category:callAppenders:204","2","15000"
"org.apache.dubbo.rpc.cluster.support.AbstractClusterInvokerTest#testSelect_multiInvokers","<main>","2","MONITOREXIT","org/mockito/internal/verification/DefaultRegisteredInvocations:clear:51","9","19960"
"org.apache.dubbo.rpc.cluster.support.AbstractClusterInvokerTest#testSelect_multiInvokers","<main>","3","MONITORENTER","org/mockito/internal/verification/DefaultRegisteredInvocations:removeLast:32","9","19960"
"org.apache.dubbo.rpc.cluster.support.AbstractClusterInvokerTest#testSelect_multiInvokers","<main>","1","java/util/concurrent/atomic/AtomicInteger.get()I","org/apache/dubbo/rpc/RpcStatus:getActive:180","11","19988"
"org.apache.dubbo.rpc.cluster.support.AbstractClusterInvokerTest#testSelect_multiInvokers","<main>","3","java/util/concurrent/ThreadLocalRandom.nextInt(I)I","org/apache/dubbo/rpc/cluster/loadbalance/RandomLoadBalance:doSelect:60","4","6640"
"org.apache.dubbo.rpc.cluster.support.AbstractClusterInvokerTest#testSelect_multiInvokers","<main>","1","MONITORENTER","org/mockito/internal/verification/DefaultRegisteredInvocations:clear:49","13","19994"
"org.apache.dubbo.rpc.cluster.support.AbstractClusterInvokerTest#testSelect_multiInvokers","<main>","2","java/util/concurrent/ConcurrentMap.putIfAbsent(Ljava/lang/Object;Ljava/lang/Object;)Ljava/lang/Object;","org/apache/dubbo/rpc/cluster/loadbalance/RoundRobinLoadBalance:doSelect:60","1","10000"
"org.apache.dubbo.rpc.cluster.support.AbstractClusterInvokerTest#testSelect_multiInvokers","<main>","3","java/util/concurrent/atomic/AtomicIntegerFieldUpdater.getAndIncrement(Ljava/lang/Object;)I","org/apache/dubbo/common/utils/AtomicPositiveInteger:getAndIncrement:39","8","19921"
"org.apache.dubbo.rpc.cluster.support.AbstractClusterInvokerTest#testSelect_multiInvokers","<main>","3","MONITOREXIT","org/mockito/internal/verification/DefaultRegisteredInvocations:add:27","5","19375"
"org.apache.dubbo.rpc.cluster.support.AbstractClusterInvokerTest#testSelect_multiInvokers","<main>","2","java/util/concurrent/ThreadLocalRandom.current()Ljava/util/concurrent/ThreadLocalRandom;","org/apache/dubbo/rpc/cluster/loadbalance/RandomLoadBalance:doSelect:60","2","12500"
"org.apache.dubbo.rpc.cluster.support.AbstractClusterInvokerTest#testSelect_multiInvokers","<main>","1","MONITORENTER","org/mockito/internal/verification/DefaultRegisteredInvocations:removeLast:32","10","19979"
"org.apache.dubbo.rpc.cluster.support.AbstractClusterInvokerTest#testSelect_multiInvokers","<main>","3","java/lang/Thread.getName()Ljava/lang/String;","org/apache/log4j/spi/LoggingEvent:getThreadName:388","1","5000"
"org.apache.dubbo.rpc.cluster.support.AbstractClusterInvokerTest#testSelect_multiInvokers","<main>","2","MONITOREXIT","org/mockito/internal/verification/DefaultRegisteredInvocations:clear:51","4","18750"
"org.apache.dubbo.rpc.cluster.support.AbstractClusterInvokerTest#testSelect_multiInvokers","<main>","3","MONITORENTER","org/apache/log4j/Hierarchy:getLogger:272","4","18750"
"org.apache.dubbo.rpc.cluster.support.AbstractClusterInvokerTest#testSelect_multiInvokers","<main>","3","MONITORENTER","org/mockito/internal/verification/DefaultRegisteredInvocations:removeLast:32","4","18750"
"org.apache.dubbo.rpc.cluster.support.AbstractClusterInvokerTest#testSelect_multiInvokers","<main>","3","SYNCHRONIZED_METHOD_EXIT","org/mockito/internal/progress/SequenceNumber:next:12","3","17500"
"org.apache.dubbo.rpc.cluster.support.AbstractClusterInvokerTest#testSelect_multiInvokers","<main>","3","MONITOREXIT","org/mockito/internal/stubbing/InvocationContainerImpl:findAnswerFor:91","2","15000"
"org.apache.dubbo.rpc.cluster.support.AbstractClusterInvokerTest#testSelect_multiInvokers","<main>","2","MONITORENTER","org/apache/log4j/Category:callAppenders:204","1","10000"
"org.apache.dubbo.rpc.cluster.support.AbstractClusterInvokerTest#testSelect_multiInvokers","<main>","3","MONITOREXIT","org/mockito/internal/verification/DefaultRegisteredInvocations:removeLast:36","13","19994"
"org.apache.dubbo.rpc.cluster.support.AbstractClusterInvokerTest#testSelect_multiInvokers","<main>","1","java/lang/Thread.currentThread()Ljava/lang/Thread;","org/mockito/internal/configuration/plugins/PluginInitializer:loadImpl:32","2","12500"
"org.apache.dubbo.rpc.cluster.support.AbstractClusterInvokerTest#testSelect_multiInvokers","<main>","1","SYNCHRONIZED_METHOD_EXIT","org/mockito/internal/progress/SequenceNumber:next:12","12","19992"
"org.apache.dubbo.rpc.cluster.support.AbstractClusterInvokerTest#testSelect_multiInvokers","<main>","1","java/util/concurrent/atomic/AtomicInteger.get()I","org/apache/dubbo/rpc/RpcStatus:getActive:180","10","19979"
"org.apache.dubbo.rpc.cluster.support.AbstractClusterInvokerTest#testSelect_multiInvokers","<main>","1","java/util/concurrent/ThreadLocalRandom.current()Ljava/util/concurrent/ThreadLocalRandom;","org/apache/dubbo/rpc/cluster/loadbalance/LeastActiveLoadBalance:doSelect:83","4","13281"
"org.apache.dubbo.rpc.cluster.support.AbstractClusterInvokerTest#testSelect_multiInvokers","<main>","3","java/lang/Thread.getContextClassLoader()Ljava/lang/ClassLoader;","org/mockito/internal/configuration/plugins/PluginInitializer:loadImpl:32","4","6640"
"org.apache.dubbo.rpc.cluster.support.AbstractClusterInvokerTest#testSelect_multiInvokers","<main>","1","MONITOREXIT","org/mockito/internal/verification/DefaultRegisteredInvocations:isEmpty:56","11","19988"
"org.apache.dubbo.rpc.cluster.support.AbstractClusterInvokerTest#testSelect_multiInvokers","<main>","1","MONITORENTER","org/apache/log4j/Category:callAppenders:204","2","15000"
"org.apache.dubbo.rpc.cluster.support.AbstractClusterInvokerTest#testSelect_multiInvokers","<main>","1","MONITOREXIT","org/mockito/internal/stubbing/StubbedInvocationMatcher:answer:35","12","19992"
"org.apache.dubbo.rpc.cluster.support.AbstractClusterInvokerTest#testSelect_multiInvokers","<main>","2","MONITORENTER","org/apache/log4j/Category:callAppenders:204","4","18750"
"org.apache.dubbo.rpc.cluster.support.AbstractClusterInvokerTest#testSelect_multiInvokers","<main>","3","MONITOREXIT","org/mockito/internal/verification/DefaultRegisteredInvocations:add:27","6","19687"
"org.apache.dubbo.rpc.cluster.support.AbstractClusterInvokerTest#testSelect_multiInvokers","<main>","2","java/util/concurrent/ThreadLocalRandom.nextInt(I)I","org/apache/dubbo/rpc/cluster/loadbalance/RandomLoadBalance:doSelect:60","6","6663"
"org.apache.dubbo.rpc.cluster.support.AbstractClusterInvokerTest#testSelect_multiInvokers","<main>","1","MONITORENTER","org/mockito/internal/stubbing/StubbedInvocationMatcher:answer:33","6","19687"
"org.apache.dubbo.rpc.cluster.support.AbstractClusterInvokerTest#testSelect_multiInvokers","<main>","3","java/util/concurrent/ConcurrentHashMap.get(Ljava/lang/Object;)Ljava/lang/Object;","org/objenesis/ObjenesisBase:getInstantiatorOf:93","6","19687"
"org.apache.dubbo.rpc.cluster.support.AbstractClusterInvokerTest#testSelect_multiInvokers","<main>","1","MONITORENTER","org/mockito/internal/stubbing/InvocationContainerImpl:addAnswer:68","9","19960"
"org.apache.dubbo.rpc.cluster.support.AbstractClusterInvokerTest#testSelect_multiInvokers","<main>","3","MONITOREXIT","org/apache/log4j/Hierarchy:getLogger:279","2","15000"
"org.apache.dubbo.rpc.cluster.support.AbstractClusterInvokerTest#testSelect_multiInvokers","<main>","3","java/lang/System.currentTimeMillis()J","org/apache/log4j/spi/LoggingEvent:<init>:168","1","10000"
"org.apache.dubbo.rpc.cluster.support.AbstractClusterInvokerTest#testSelect_multiInvokers","<main>","2","java/util/concurrent/atomic/AtomicIntegerFieldUpdater.getAndIncrement(Ljava/lang/Object;)I","org/apache/dubbo/common/utils/AtomicPositiveInteger:getAndIncrement:40","8","19921"
"org.apache.dubbo.rpc.cluster.support.AbstractClusterInvokerTest#testSelect_multiInvokers","<main>","2","MONITOREXIT","org/mockito/internal/verification/DefaultRegisteredInvocations:clear:51","13","19994"
"org.apache.dubbo.rpc.cluster.support.AbstractClusterInvokerTest#testSelect_multiInvokers","<main>","1","MONITOREXIT","org/mockito/internal/verification/DefaultRegisteredInvocations:isEmpty:56","2","15000"
"org.apache.dubbo.rpc.cluster.support.AbstractClusterInvokerTest#testSelect_multiInvokers","<main>","1","MONITOREXIT","net/bytebuddy/dynamic/loading/ClassInjector$UsingReflection:inject:191","2","15000"
"org.apache.dubbo.rpc.cluster.support.AbstractClusterInvokerTest#testSelect_multiInvokers","<main>","2","MONITORENTER","org/mockito/internal/verification/DefaultRegisteredInvocations:removeLast:32","2","15000"
"org.apache.dubbo.rpc.cluster.support.AbstractClusterInvokerTest#testSelect_multiInvokers","<main>","2","java/util/concurrent/ThreadLocalRandom.nextInt(I)I","org/apache/dubbo/rpc/cluster/loadbalance/RandomLoadBalance:doSelect:59","3","6562"
"org.apache.dubbo.rpc.cluster.support.AbstractClusterInvokerTest#testSelect_multiInvokers","<main>","1","MONITOREXIT","org/mockito/internal/verification/DefaultRegisteredInvocations:removeLast:36","14","19995"
"org.apache.dubbo.rpc.cluster.support.AbstractClusterInvokerTest#testSelect_multiInvokers","<main>","1","java/lang/Thread.currentThread()Ljava/lang/Thread;","org/mockito/internal/configuration/plugins/PluginInitializer:loadImpl:31","6","13329"
"org.apache.dubbo.rpc.cluster.support.AbstractClusterInvokerTest#testSelect_multiInvokers","<main>","1","SYNCHRONIZED_METHOD_ENTER","org/mockito/internal/progress/SequenceNumber:next:0","14","19995"
"org.apache.dubbo.rpc.cluster.support.AbstractClusterInvokerTest#testSelect_multiInvokers","<main>","2","java/util/concurrent/ThreadLocalRandom.current()Ljava/util/concurrent/ThreadLocalRandom;","org/apache/dubbo/rpc/cluster/loadbalance/LeastActiveLoadBalance:doSelect:84","3","13125"
"org.apache.dubbo.rpc.cluster.support.AbstractClusterInvokerTest#testSelect_multiInvokers","<main>","1","SYNCHRONIZED_METHOD_ENTER","org/mockito/internal/progress/SequenceNumber:next:0","3","17500"
"org.apache.dubbo.rpc.cluster.support.AbstractClusterInvokerTest#testSelect_multiInvokers","<main>","1","MONITORENTER","org/apache/log4j/Category:callAppenders:204","1","10000"
"org.apache.dubbo.rpc.cluster.support.AbstractClusterInvokerTest#testSelect_multiInvokers","<main>","2","java/lang/Thread.currentThread()Ljava/lang/Thread;","org/mockito/internal/creation/bytebuddy/SubclassBytecodeGenerator:mockClass:110","1","10000"
"org.apache.dubbo.rpc.cluster.support.AbstractClusterInvokerTest#testSelect_multiInvokers","<main>","3","MONITOREXIT","org/mockito/internal/stubbing/StubbedInvocationMatcher:answer:35","14","19995"
"org.apache.dubbo.rpc.cluster.support.AbstractClusterInvokerTest#testSelect_multiInvokers","<main>","2","java/util/concurrent/ThreadLocalRandom.nextInt(I)I","org/apache/dubbo/rpc/cluster/loadbalance/LeastActiveLoadBalance:doSelect:84","7","6664"
"org.apache.dubbo.rpc.cluster.support.AbstractClusterInvokerTest#testSelect_multiInvokers","<main>","2","MONITORENTER","org/apache/dubbo/common/extension/ExtensionLoader:getExtension:318","7","19843"
"org.apache.dubbo.rpc.cluster.support.AbstractClusterInvokerTest#testSelect_multiInvokers","<main>","1","MONITOREXIT","org/mockito/internal/verification/DefaultRegisteredInvocations:isEmpty:56","9","19960"
"org.apache.dubbo.rpc.cluster.support.AbstractClusterInvokerTest#testSelect_multiInvokers","<main>","1","java/util/concurrent/ThreadLocalRandom.nextInt(I)I","org/apache/dubbo/rpc/cluster/loadbalance/LeastActiveLoadBalance:doSelect:83","4","6640"
"org.apache.dubbo.rpc.cluster.support.AbstractClusterInvokerTest#testSelect_multiInvokers","<main>","3","java/util/concurrent/ThreadLocalRandom.current()Ljava/util/concurrent/ThreadLocalRandom;","org/apache/dubbo/rpc/cluster/loadbalance/RandomLoadBalance:doSelect:59","2","12500"
"org.apache.dubbo.rpc.cluster.support.AbstractClusterInvokerTest#testSelect_multiInvokers","<main>","2","MONITORENTER","org/mockito/internal/verification/DefaultRegisteredInvocations:removeLast:32","9","19960"
"org.apache.dubbo.rpc.cluster.support.AbstractClusterInvokerTest#testSelect_multiInvokers","<main>","1","MONITORENTER","org/apache/log4j/Category:callAppenders:204","4","18750"
"org.apache.dubbo.rpc.cluster.support.AbstractClusterInvokerTest#testSelect_multiInvokers","<main>","1","MONITORENTER","org/mockito/internal/verification/DefaultRegisteredInvocations:add:25","1","10000"
"org.apache.dubbo.rpc.cluster.support.AbstractClusterInvokerTest#testSelect_multiInvokers","<main>","3","MONITOREXIT","org/apache/log4j/Hierarchy:getLogger:279","4","18750"
"org.apache.dubbo.rpc.cluster.support.AbstractClusterInvokerTest#testSelect_multiInvokers","<main>","3","MONITORENTER","org/mockito/internal/stubbing/InvocationContainerImpl:findAnswerFor:83","7","19843"
"org.apache.dubbo.rpc.cluster.support.AbstractClusterInvokerTest#testSelect_multiInvokers","<main>","3","java/util/concurrent/ThreadLocalRandom.nextInt(I)I","org/apache/dubbo/rpc/cluster/loadbalance/LeastActiveLoadBalance:doSelect:84","3","6562"
"org.apache.dubbo.rpc.cluster.support.AbstractClusterInvokerTest#testSelect_multiInvokers","<main>","1","MONITOREXIT","org/mockito/internal/verification/DefaultRegisteredInvocations:isEmpty:56","4","18750"
"org.apache.dubbo.rpc.cluster.support.AbstractClusterInvokerTest#testSelect_multiInvokers","<main>","3","java/util/concurrent/atomic/AtomicInteger.get()I","org/apache/dubbo/rpc/RpcStatus:getActive:181","2","15000"
"org.apache.dubbo.rpc.cluster.support.AbstractClusterInvokerTest#testSelect_multiInvokers","<main>","3","java/util/concurrent/atomic/AtomicInteger.get()I","org/apache/dubbo/rpc/RpcStatus:getActive:181","7","19843"
"org.apache.dubbo.rpc.cluster.support.AbstractClusterInvokerTest#testSelect_multiInvokers","<main>","3","java/lang/Thread.currentThread()Ljava/lang/Thread;","org/apache/log4j/spi/LoggingEvent:getThreadName:387","1","10000"
"org.apache.dubbo.rpc.cluster.support.AbstractClusterInvokerTest#testSelect_multiInvokers","<main>","1","MONITOREXIT","net/bytebuddy/dynamic/loading/ClassInjector$UsingReflection:inject:191","4","18750"
"org.apache.dubbo.rpc.cluster.support.AbstractClusterInvokerTest#testSelect_multiInvokers","<main>","2","MONITOREXIT","org/apache/dubbo/common/extension/ExtensionLoader:getExtensionClasses:570","3","17500"
"org.apache.dubbo.rpc.cluster.support.AbstractClusterInvokerTest#testSelect_multiInvokers","<main>","1","java/util/concurrent/atomic/AtomicIntegerFieldUpdater.getAndIncrement(Ljava/lang/Object;)I","org/apache/dubbo/common/utils/AtomicPositiveInteger:getAndIncrement:39","14","19995"
"org.apache.dubbo.rpc.cluster.support.AbstractClusterInvokerTest#testSelect_multiInvokers","<main>","1","MONITOREXIT","org/mockito/internal/stubbing/InvocationContainerImpl:findAnswerFor:88","3","17500"
"org.apache.dubbo.rpc.cluster.support.AbstractClusterInvokerTest#testSelect_multiInvokers","<main>","2","MONITORENTER","net/bytebuddy/dynamic/loading/ClassInjector$UsingReflection:inject:162","2","15000"
"org.apache.dubbo.rpc.cluster.support.AbstractClusterInvokerTest#testSelect_multiInvokers","<main>","2","java/util/concurrent/ThreadLocalRandom.current()Ljava/util/concurrent/ThreadLocalRandom;","org/apache/dubbo/rpc/cluster/loadbalance/RandomLoadBalance:doSelect:60","5","13320"
"org.apache.dubbo.rpc.cluster.support.AbstractClusterInvokerTest#testSelect_multiInvokers","<main>","1","java/util/concurrent/atomic/AtomicIntegerFieldUpdater.getAndIncrement(Ljava/lang/Object;)I","org/apache/dubbo/common/utils/AtomicPositiveInteger:getAndIncrement:39","3","17500"
"org.apache.dubbo.rpc.cluster.support.AbstractClusterInvokerTest#testSelect_multiInvokers","<main>","1","MONITOREXIT","org/apache/dubbo/common/extension/ExtensionLoader:getExtension:324","8","19921"
"org.apache.dubbo.rpc.cluster.support.AbstractClusterInvokerTest#testSelect_multiInvokers","<main>","2","MONITORENTER","org/apache/log4j/Hierarchy:getLogger:272","8","19921"
"org.apache.dubbo.rpc.cluster.support.AbstractClusterInvokerTest#testSelect_multiInvokers","<main>","3","MONITORENTER","org/mockito/internal/verification/DefaultRegisteredInvocations:isEmpty:55","10","19979"
"org.apache.dubbo.rpc.cluster.support.AbstractClusterInvokerTest#testSelect_multiInvokers","<main>","3","java/lang/System.currentTimeMillis()J","org/apache/log4j/spi/LoggingEvent:<clinit>:57","1","10000"
"org.apache.dubbo.rpc.cluster.support.AbstractClusterInvokerTest#testSelect_multiInvokers","<main>","3","java/lang/System.currentTimeMillis()J","org/apache/log4j/spi/LoggingEvent:<init>:167","1","10000"
"org.apache.dubbo.rpc.cluster.support.AbstractClusterInvokerTest#testSelect_multiInvokers","<main>","1","java/util/concurrent/ThreadLocalRandom.nextInt(I)I","org/apache/dubbo/rpc/cluster/loadbalance/RandomLoadBalance:doSelect:60","6","6663"
"org.apache.dubbo.rpc.cluster.support.AbstractClusterInvokerTest#testSelect_multiInvokers","<main>","1","java/util/concurrent/ConcurrentMap.putIfAbsent(Ljava/lang/Object;Ljava/lang/Object;)Ljava/lang/Object;","org/apache/dubbo/rpc/RpcStatus:getStatus:91","1","10000"
"org.apache.dubbo.rpc.cluster.support.AbstractClusterInvokerTest#testSelect_multiInvokers","<main>","3","java/util/concurrent/atomic/AtomicInteger.get()I","org/apache/dubbo/rpc/RpcStatus:getActive:181","9","19960"
"org.apache.dubbo.rpc.cluster.support.AbstractClusterInvokerTest#testSelect_multiInvokers","<main>","3","java/util/concurrent/atomic/AtomicInteger.get()I","org/apache/dubbo/rpc/RpcStatus:getActive:181","1","10000"
"org.apache.dubbo.rpc.cluster.support.AbstractClusterInvokerTest#testSelect_multiInvokers","<main>","1","java/util/concurrent/ConcurrentMap.putIfAbsent(Ljava/lang/Object;Ljava/lang/Object;)Ljava/lang/Object;","org/apache/dubbo/common/extension/ExtensionLoader:createExtension:506","3","17500"
"org.apache.dubbo.rpc.cluster.support.AbstractClusterInvokerTest#testSelect_multiInvokers","<main>","3","SYNCHRONIZED_METHOD_EXIT","org/mockito/internal/progress/SequenceNumber:next:12","8","19921"
"org.apache.dubbo.rpc.cluster.support.AbstractClusterInvokerTest#testSelect_multiInvokers","<main>","1","MONITOREXIT","org/mockito/internal/verification/DefaultRegisteredInvocations:isEmpty:56","13","19994"
"org.apache.dubbo.rpc.cluster.support.AbstractClusterInvokerTest#testSelect_multiInvokers","<main>","3","java/util/concurrent/ThreadLocalRandom.current()Ljava/util/concurrent/ThreadLocalRandom;","org/apache/dubbo/rpc/cluster/loadbalance/LeastActiveLoadBalance:doSelect:84","4","13281"
"org.apache.dubbo.rpc.cluster.support.AbstractClusterInvokerTest#testSelect_multiInvokers","<main>","1","MONITOREXIT","org/mockito/internal/verification/DefaultRegisteredInvocations:clear:51","12","19992"
"org.apache.dubbo.rpc.cluster.support.AbstractClusterInvokerTest#testSelect_multiInvokers","<main>","1","MONITOREXIT","org/mockito/internal/stubbing/InvocationContainerImpl:findAnswerFor:91","3","17500"
"org.apache.dubbo.rpc.cluster.support.AbstractClusterInvokerTest#testSelect_multiInvokers","<main>","1","MONITORENTER","org/mockito/internal/stubbing/StubbedInvocationMatcher:answer:33","10","19979"
"org.apache.dubbo.rpc.cluster.support.AbstractClusterInvokerTest#testSelect_multiInvokers","<main>","1","MONITOREXIT","org/mockito/internal/verification/DefaultRegisteredInvocations:removeLast:36","9","19960"
"org.apache.dubbo.rpc.cluster.support.AbstractClusterInvokerTest#testSelect_multiInvokers","<main>","2","java/util/concurrent/atomic/AtomicInteger.get()I","org/apache/dubbo/rpc/RpcStatus:getActive:180","8","19921"
"org.apache.dubbo.rpc.cluster.support.AbstractClusterInvokerTest#testSelect_multiInvokers","<main>","3","java/util/concurrent/atomic/AtomicInteger.get()I","org/apache/dubbo/rpc/RpcStatus:getActive:181","4","18750"
"org.apache.dubbo.rpc.cluster.support.AbstractClusterInvokerTest#testSelect_multiInvokers","<main>","2","MONITOREXIT","org/mockito/internal/stubbing/InvocationContainerImpl:findAnswerFor:88","6","19687"
"org.apache.dubbo.rpc.cluster.support.AbstractClusterInvokerTest#testSelect_multiInvokers","<main>","2","MONITORENTER","net/bytebuddy/dynamic/loading/ClassInjector$UsingReflection:inject:162","4","18750"
"org.apache.dubbo.rpc.cluster.support.AbstractClusterInvokerTest#testSelect_multiInvokers","<main>","1","MONITOREXIT","org/mockito/internal/verification/DefaultRegisteredInvocations:removeLast:36","4","18750"
"org.apache.dubbo.rpc.cluster.support.AbstractClusterInvokerTest#testSelect_multiInvokers","<main>","1","MONITORENTER","org/apache/dubbo/common/extension/ExtensionLoader:getExtension:318","7","19843"
"org.apache.dubbo.rpc.cluster.support.AbstractClusterInvokerTest#testSelect_multiInvokers","<main>","1","java/util/concurrent/ThreadLocalRandom.current()Ljava/util/concurrent/ThreadLocalRandom;","org/apache/dubbo/rpc/cluster/loadbalance/RandomLoadBalance:doSelect:59","6","13329"
"org.apache.dubbo.rpc.cluster.support.AbstractClusterInvokerTest#testSelect_multiInvokers","<main>","3","java/util/concurrent/ThreadLocalRandom.current()Ljava/util/concurrent/ThreadLocalRandom;","org/apache/dubbo/rpc/cluster/loadbalance/LeastActiveLoadBalance:doSelect:84","5","13320"
"org.apache.dubbo.rpc.cluster.support.AbstractClusterInvokerTest#testSelect_multiInvokers","<main>","2","MONITORENTER","org/mockito/internal/stubbing/InvocationContainerImpl:addAnswer:68","12","19992"
"org.apache.dubbo.rpc.cluster.support.AbstractClusterInvokerTest#testSelect_multiInvokers","<main>","2","java/util/concurrent/ThreadLocalRandom.nextInt(I)I","org/apache/dubbo/rpc/cluster/loadbalance/RandomLoadBalance:doSelect:60","1","5000"
"org.apache.dubbo.rpc.cluster.support.AbstractClusterInvokerTest#testSelect_multiInvokers","<main>","1","java/lang/Thread.getContextClassLoader()Ljava/lang/ClassLoader;","org/mockito/internal/configuration/plugins/PluginInitializer:loadImpl:32","4","6640"
"org.apache.dubbo.rpc.cluster.support.AbstractClusterInvokerTest#testSelect_multiInvokers","<main>","2","java/util/concurrent/atomic/AtomicIntegerFieldUpdater.getAndIncrement(Ljava/lang/Object;)I","org/apache/dubbo/common/utils/AtomicPositiveInteger:getAndIncrement:40","6","19687"
"org.apache.dubbo.rpc.cluster.support.AbstractClusterInvokerTest#testSelect_multiInvokers","<main>","2","java/util/concurrent/ThreadLocalRandom.current()Ljava/util/concurrent/ThreadLocalRandom;","org/apache/dubbo/rpc/cluster/loadbalance/RandomLoadBalance:doSelect:59","1","10000"
"org.apache.dubbo.rpc.cluster.support.AbstractClusterInvokerTest#testSelect_multiInvokers","<main>","1","MONITOREXIT","org/mockito/internal/verification/DefaultRegisteredInvocations:add:27","6","19687"
"org.apache.dubbo.rpc.cluster.support.AbstractClusterInvokerTest#testSelect_multiInvokers","<main>","2","MONITOREXIT","org/mockito/internal/stubbing/InvocationContainerImpl:findAnswerFor:91","8","19921"
"org.apache.dubbo.rpc.cluster.support.AbstractClusterInvokerTest#testSelect_multiInvokers","<main>","3","java/util/concurrent/atomic/AtomicInteger.get()I","org/apache/dubbo/rpc/RpcStatus:getActive:180","7","19843"
"org.apache.dubbo.rpc.cluster.support.AbstractClusterInvokerTest#testSelect_multiInvokers","<main>","1","java/lang/System.currentTimeMillis()J","org/apache/log4j/spi/LoggingEvent:<init>:168","1","10000"
"org.apache.dubbo.rpc.cluster.support.AbstractClusterInvokerTest#testSelect_multiInvokers","<main>","2","java/util/concurrent/atomic/AtomicInteger.get()I","org/apache/dubbo/rpc/RpcStatus:getActive:180","1","10000"
"org.apache.dubbo.rpc.cluster.support.AbstractClusterInvokerTest#testSelect_multiInvokers","<main>","3","MONITOREXIT","org/apache/dubbo/common/extension/ExtensionLoader:getExtension:324","2","15000"
"org.apache.dubbo.rpc.cluster.support.AbstractClusterInvokerTest#testSelect_multiInvokers","<main>","3","MONITOREXIT","org/apache/dubbo/common/extension/ExtensionLoader:getExtension:324","7","19843"
"org.apache.dubbo.rpc.cluster.support.AbstractClusterInvokerTest#testSelect_multiInvokers","<main>","1","MONITORENTER","org/mockito/internal/verification/DefaultRegisteredInvocations:isEmpty:55","1","10000"
"org.apache.dubbo.rpc.cluster.support.AbstractClusterInvokerTest#testSelect_multiInvokers","<main>","2","java/util/concurrent/ThreadLocalRandom.nextInt(I)I","org/apache/dubbo/rpc/cluster/loadbalance/LeastActiveLoadBalance:doSelect:83","5","6659"
"org.apache.dubbo.rpc.cluster.support.AbstractClusterInvokerTest#testSelect_multiInvokers","<main>","1","java/util/concurrent/atomic/AtomicIntegerFieldUpdater.getAndIncrement(Ljava/lang/Object;)I","org/apache/dubbo/common/utils/AtomicPositiveInteger:getAndIncrement:40","7","19843"
"org.apache.dubbo.rpc.cluster.support.AbstractClusterInvokerTest#testSelect_multiInvokers","<main>","1","MONITORENTER","org/apache/dubbo/common/extension/ExtensionLoader:getExtension:318","1","10000"
"org.apache.dubbo.rpc.cluster.support.AbstractClusterInvokerTest#testSelect_multiInvokers","<main>","3","MONITORENTER","org/mockito/internal/stubbing/InvocationContainerImpl:findAnswerFor:83","14","19995"
"org.apache.dubbo.rpc.cluster.support.AbstractClusterInvokerTest#testSelect_multiInvokers","<main>","3","java/lang/Thread.currentThread()Ljava/lang/Thread;","org/mockito/internal/configuration/plugins/PluginInitializer:loadImpl:31","3","13125"
"org.apache.dubbo.rpc.cluster.support.AbstractClusterInvokerTest#testSelect_multiInvokers","<main>","2","java/util/concurrent/ThreadLocalRandom.nextInt(I)I","org/apache/dubbo/rpc/cluster/loadbalance/RandomLoadBalance:doSelect:60","3","6562"
"org.apache.dubbo.rpc.cluster.support.AbstractClusterInvokerTest#testSelect_multiInvokers","<main>","1","MONITOREXIT","org/mockito/internal/stubbing/StubbedInvocationMatcher:answer:35","14","19995"
"org.apache.dubbo.rpc.cluster.support.AbstractClusterInvokerTest#testSelect_multiInvokers","<main>","1","MONITOREXIT","org/mockito/internal/verification/DefaultRegisteredInvocations:clear:51","13","19994"
"org.apache.dubbo.rpc.cluster.support.AbstractClusterInvokerTest#testSelect_multiInvokers","<main>","3","MONITOREXIT","org/apache/dubbo/common/extension/ExtensionLoader:getExtension:324","1","10000"
"org.apache.dubbo.rpc.cluster.support.AbstractClusterInvokerTest#testSelect_multiInvokers","<main>","1","MONITORENTER","net/bytebuddy/dynamic/loading/ClassInjector$UsingReflection:inject:162","1","10000"
"org.apache.dubbo.rpc.cluster.support.AbstractClusterInvokerTest#testSelect_multiInvokers","<main>","3","java/util/concurrent/ThreadLocalRandom.nextInt(I)I","org/apache/dubbo/rpc/cluster/loadbalance/RandomLoadBalance:doSelect:60","3","6562"
"org.apache.dubbo.rpc.cluster.support.AbstractClusterInvokerTest#testSelect_multiInvokers","<main>","3","SYNCHRONIZED_METHOD_EXIT","org/mockito/internal/progress/SequenceNumber:next:12","5","19375"
"org.apache.dubbo.rpc.cluster.support.AbstractClusterInvokerTest#testSelect_multiInvokers","<main>","3","java/util/concurrent/atomic/AtomicIntegerFieldUpdater.getAndIncrement(Ljava/lang/Object;)I","org/apache/dubbo/common/utils/AtomicPositiveInteger:getAndIncrement:40","1","10000"
"org.apache.dubbo.rpc.cluster.support.AbstractClusterInvokerTest#testSelect_multiInvokers","<main>","3","MONITOREXIT","org/apache/dubbo/common/extension/ExtensionLoader:getExtension:324","4","18750"
"org.apache.dubbo.rpc.cluster.support.AbstractClusterInvokerTest#testSelect_multiInvokers","<main>","1","java/util/concurrent/atomic/AtomicInteger.get()I","org/apache/dubbo/rpc/RpcStatus:getActive:181","7","19843"
"org.apache.dubbo.rpc.cluster.support.AbstractClusterInvokerTest#testSelect_multiInvokers","<main>","1","java/lang/Thread.currentThread()Ljava/lang/Thread;","org/apache/log4j/spi/LoggingEvent:getThreadName:387","1","10000"
"org.apache.dubbo.rpc.cluster.support.AbstractClusterInvokerTest#testSelect_multiInvokers","<main>","1","MONITORENTER","net/bytebuddy/dynamic/loading/ClassInjector$UsingReflection:inject:162","4","18750"
"org.apache.dubbo.rpc.cluster.support.AbstractClusterInvokerTest#testSelect_multiInvokers","<main>","2","MONITOREXIT","org/apache/log4j/Category:callAppenders:211","1","10000"
"org.apache.dubbo.rpc.cluster.support.AbstractClusterInvokerTest#testSelect_multiInvokers","<main>","1","MONITOREXIT","org/apache/dubbo/common/extension/ExtensionLoader:getExtension:324","6","19687"
"org.apache.dubbo.rpc.cluster.support.AbstractClusterInvokerTest#testSelect_multiInvokers","<main>","3","RUNNABLE_CALLABLE_START","org/mockito/internal/creation/bytebuddy/TypeCachingBytecodeGenerator$1:call:0","1","10000"
"org.apache.dubbo.rpc.cluster.support.AbstractClusterInvokerTest#testSelect_multiInvokers","<main>","2","java/util/concurrent/ThreadLocalRandom.current()Ljava/util/concurrent/ThreadLocalRandom;","org/apache/dubbo/rpc/cluster/loadbalance/LeastActiveLoadBalance:doSelect:83","5","13320"
"org.apache.dubbo.rpc.cluster.support.AbstractClusterInvokerTest#testSelect_multiInvokers","<main>","1","java/util/concurrent/ThreadLocalRandom.current()Ljava/util/concurrent/ThreadLocalRandom;","org/apache/dubbo/rpc/cluster/loadbalance/LeastActiveLoadBalance:doSelect:83","3","13125"
"org.apache.dubbo.rpc.cluster.support.AbstractClusterInvokerTest#testSelect_multiInvokers","<main>","2","java/lang/Thread.currentThread()Ljava/lang/Thread;","org/mockito/internal/configuration/plugins/PluginInitializer:loadImpl:31","2","12500"
"org.apache.dubbo.rpc.cluster.support.AbstractClusterInvokerTest#testSelect_multiInvokers","<main>","2","MONITOREXIT","org/mockito/internal/verification/DefaultRegisteredInvocations:add:27","14","19995"
"org.apache.dubbo.rpc.cluster.support.AbstractClusterInvokerTest#testSelect_multiInvokers","<main>","1","MONITOREXIT","org/mockito/internal/stubbing/InvocationContainerImpl:findAnswerFor:91","8","19921"
"org.apache.dubbo.rpc.cluster.support.AbstractClusterInvokerTest#testSelect_multiInvokers","<main>","1","java/lang/System.currentTimeMillis()J","org/apache/log4j/spi/LoggingEvent:<clinit>:57","1","10000"
"org.apache.dubbo.rpc.cluster.support.AbstractClusterInvokerTest#testSelect_multiInvokers","<main>","2","MONITOREXIT","org/apache/log4j/Category:callAppenders:211","4","18750"
"org.apache.dubbo.rpc.cluster.support.AbstractClusterInvokerTest#testSelect_multiInvokers","<main>","3","java/util/concurrent/ConcurrentMap.putIfAbsent(Ljava/lang/Object;Ljava/lang/Object;)Ljava/lang/Object;","org/apache/dubbo/common/extension/ExtensionLoader:getExtension:313","2","15000"
"org.apache.dubbo.rpc.cluster.support.AbstractClusterInvokerTest#testSelect_multiInvokers","<main>","2","java/util/concurrent/atomic/AtomicInteger.get()I","org/apache/dubbo/rpc/RpcStatus:getActive:180","3","17500"
"org.apache.dubbo.rpc.cluster.support.AbstractClusterInvokerTest#testSelect_multiInvokers","<main>","2","MONITORENTER","org/mockito/internal/verification/DefaultRegisteredInvocations:clear:49","6","19687"
"org.apache.dubbo.rpc.cluster.support.AbstractClusterInvokerTest#testSelect_multiInvokers","<main>","1","java/util/concurrent/atomic/AtomicInteger.get()I","org/apache/dubbo/rpc/RpcStatus:getActive:181","9","19960"
"org.apache.dubbo.rpc.cluster.support.AbstractClusterInvokerTest#testSelect_multiInvokers","<main>","1","MONITORENTER","org/apache/dubbo/common/extension/ExtensionLoader:getExtension:318","3","17500"
"org.apache.dubbo.rpc.cluster.support.AbstractClusterInvokerTest#testSelect_multiInvokers","<main>","1","java/util/concurrent/atomic/AtomicInteger.get()I","org/apache/dubbo/rpc/RpcStatus:getActive:181","1","10000"
"org.apache.dubbo.rpc.cluster.support.AbstractClusterInvokerTest#testSelect_multiInvokers","<main>","3","java/lang/Thread.getContextClassLoader()Ljava/lang/ClassLoader;","org/mockito/internal/configuration/plugins/PluginInitializer:loadImpl:31","3","6562"
"org.apache.dubbo.rpc.cluster.support.AbstractClusterInvokerTest#testSelect_multiInvokers","<main>","1","java/util/concurrent/ThreadLocalRandom.current()Ljava/util/concurrent/ThreadLocalRandom;","org/apache/dubbo/rpc/cluster/loadbalance/LeastActiveLoadBalance:doSelect:84","4","13281"
"org.apache.dubbo.rpc.cluster.support.AbstractClusterInvokerTest#testSelect_multiInvokers","<main>","1","MONITOREXIT","org/mockito/internal/verification/DefaultRegisteredInvocations:add:27","10","19979"
"org.apache.dubbo.rpc.cluster.support.AbstractClusterInvokerTest#testSelect_multiInvokers","<main>","3","java/util/concurrent/ConcurrentMap.putIfAbsent(Ljava/lang/Object;Ljava/lang/Object;)Ljava/lang/Object;","org/apache/dubbo/common/logger/LoggerFactory:getLogger:109","2","15000"
"org.apache.dubbo.rpc.cluster.support.AbstractClusterInvokerTest#testSelect_multiInvokers","<main>","3","MONITOREXIT","net/bytebuddy/TypeCache:findOrInsert:159","2","15000"
"org.apache.dubbo.rpc.cluster.support.AbstractClusterInvokerTest#testSelect_multiInvokers","<main>","1","SYNCHRONIZED_METHOD_ENTER","org/mockito/internal/progress/SequenceNumber:next:0","5","19375"
"org.apache.dubbo.rpc.cluster.support.AbstractClusterInvokerTest#testSelect_multiInvokers","<main>","2","SYNCHRONIZED_METHOD_ENTER","org/mockito/internal/progress/SequenceNumber:next:0","11","19988"
"org.apache.dubbo.rpc.cluster.support.AbstractClusterInvokerTest#testSelect_multiInvokers","<main>","1","SYNCHRONIZED_METHOD_EXIT","org/mockito/internal/progress/SequenceNumber:next:12","1","10000"
"org.apache.dubbo.rpc.cluster.support.AbstractClusterInvokerTest#testSelect_multiInvokers","<main>","1","java/util/concurrent/atomic/AtomicInteger.get()I","org/apache/dubbo/rpc/RpcStatus:getActive:181","4","18750"
"org.apache.dubbo.rpc.cluster.support.AbstractClusterInvokerTest#testSelect_multiInvokers","<main>","3","java/lang/Thread.currentThread()Ljava/lang/Thread;","org/apache/log4j/helpers/Loader:getTCL:166","3","17500"
"org.apache.dubbo.rpc.cluster.support.AbstractClusterInvokerTest#testSelect_multiInvokers","<main>","3","java/util/concurrent/atomic/AtomicInteger.get()I","org/apache/dubbo/rpc/RpcStatus:getActive:180","3","17500"
"org.apache.dubbo.rpc.cluster.support.AbstractClusterInvokerTest#testSelect_multiInvokers","<main>","1","SYNCHRONIZED_METHOD_EXIT","org/apache/log4j/Category:removeAllAppenders:897","1","10000"
"org.apache.dubbo.rpc.cluster.support.AbstractClusterInvokerTest#testSelect_multiInvokers","<main>","2","MONITORENTER","org/mockito/internal/stubbing/InvocationContainerImpl:findAnswerFor:83","11","19988"
"org.apache.dubbo.rpc.cluster.support.AbstractClusterInvokerTest#testSelect_multiInvokers","<main>","3","MONITORENTER","org/mockito/internal/verification/DefaultRegisteredInvocations:clear:49","6","19687"
"org.apache.dubbo.rpc.cluster.support.AbstractClusterInvokerTest#testSelect_multiInvokers","<main>","3","SYNCHRONIZED_METHOD_ENTER","org/apache/log4j/AppenderSkeleton:doAppend:0","1","10000"
"org.apache.dubbo.rpc.cluster.support.AbstractClusterInvokerTest#testSelect_multiInvokers","<main>","3","MONITOREXIT","org/mockito/internal/verification/DefaultRegisteredInvocations:isEmpty:56","8","19921"
"org.apache.dubbo.rpc.cluster.support.AbstractClusterInvokerTest#testSelect_multiInvokers","<main>","3","MONITOREXIT","net/bytebuddy/dynamic/loading/ClassInjector$UsingReflection:inject:191","3","17500"
"org.apache.dubbo.rpc.cluster.support.AbstractClusterInvokerTest#testSelect_multiInvokers","<main>","2","SYNCHRONIZED_METHOD_ENTER","org/mockito/internal/progress/SequenceNumber:next:0","2","15000"
"org.apache.dubbo.rpc.cluster.support.AbstractClusterInvokerTest#testSelect_multiInvokers","<main>","2","SYNCHRONIZED_METHOD_ENTER","org/mockito/internal/progress/SequenceNumber:next:0","7","19843"
"org.apache.dubbo.rpc.cluster.support.AbstractClusterInvokerTest#testSelect_multiInvokers","<main>","3","java/util/concurrent/ConcurrentMap.putIfAbsent(Ljava/lang/Object;Ljava/lang/Object;)Ljava/lang/Object;","org/apache/dubbo/rpc/cluster/loadbalance/RoundRobinLoadBalance:doSelect:59","1","10000"
"org.apache.dubbo.rpc.cluster.support.AbstractClusterInvokerTest#testSelect_multiInvokers","<main>","3","MONITORENTER","org/apache/log4j/Hierarchy:getLogger:272","1","10000"
"org.apache.dubbo.rpc.cluster.support.AbstractClusterInvokerTest#testSelect_multiInvokers","<main>","2","MONITOREXIT","org/mockito/internal/stubbing/InvocationContainerImpl:findAnswerFor:91","6","19687"
"org.apache.dubbo.rpc.cluster.support.AbstractClusterInvokerTest#testSelect_multiInvokers","<main>","2","MONITORENTER","org/mockito/internal/stubbing/InvocationContainerImpl:findAnswerFor:83","2","15000"
"org.apache.dubbo.rpc.cluster.support.AbstractClusterInvokerTest#testSelect_multiInvokers","<main>","2","MONITORENTER","org/mockito/internal/stubbing/InvocationContainerImpl:findAnswerFor:83","7","19843"
"org.apache.dubbo.rpc.cluster.support.AbstractClusterInvokerTest#testSelect_multiInvokers","<main>","3","MONITORENTER","org/mockito/internal/verification/DefaultRegisteredInvocations:removeLast:32","1","10000"
"org.apache.dubbo.rpc.cluster.support.AbstractClusterInvokerTest#testSelect_multiInvokers","<main>","3","java/lang/Thread.currentThread()Ljava/lang/Thread;","org/mockito/internal/configuration/plugins/PluginInitializer:loadImpl:32","5","13320"
"org.apache.dubbo.rpc.cluster.support.AbstractClusterInvokerTest#testSelect_multiInvokers","<main>","3","MONITOREXIT","org/mockito/internal/stubbing/InvocationContainerImpl:addAnswer:74","6","19687"
"org.apache.dubbo.rpc.cluster.support.AbstractClusterInvokerTest#testSelect_multiInvokers","<main>","3","java/util/concurrent/ConcurrentMap.putIfAbsent(Ljava/lang/Object;Ljava/lang/Object;)Ljava/lang/Object;","org/apache/dubbo/common/extension/ExtensionLoader:getExtension:313","4","18750"
"org.apache.dubbo.rpc.cluster.support.AbstractClusterInvokerTest#testSelect_multiInvokers","<main>","3","java/util/concurrent/ConcurrentMap.putIfAbsent(Ljava/lang/Object;Ljava/lang/Object;)Ljava/lang/Object;","org/apache/dubbo/common/extension/ExtensionLoader:getExtensionLoader:119","2","15000"
"org.apache.dubbo.rpc.cluster.support.AbstractClusterInvokerTest#testSelect_multiInvokers","<main>","1","MONITORENTER","org/mockito/internal/stubbing/InvocationContainerImpl:addAnswer:68","8","19921"
"org.apache.dubbo.rpc.cluster.support.AbstractClusterInvokerTest#testSelect_multiInvokers","<main>","1","MONITOREXIT","org/mockito/internal/verification/DefaultRegisteredInvocations:removeLast:36","6","19687"
"org.apache.dubbo.rpc.cluster.support.AbstractClusterInvokerTest#testSelect_multiInvokers","<main>","2","MONITOREXIT","org/apache/log4j/Hierarchy:getLogger:279","8","19921"
"org.apache.dubbo.rpc.cluster.support.AbstractClusterInvokerTest#testSelect_multiInvokers","<main>","1","MONITOREXIT","org/mockito/internal/stubbing/InvocationContainerImpl:findAnswerFor:88","5","19375"
"org.apache.dubbo.rpc.cluster.support.AbstractClusterInvokerTest#testSelect_multiInvokers","<main>","3","java/lang/Thread.getContextClassLoader()Ljava/lang/ClassLoader;","org/mockito/internal/configuration/plugins/PluginInitializer:loadImpl:32","2","6250"
"org.apache.dubbo.rpc.cluster.support.AbstractClusterInvokerTest#testSelect_multiInvokers","<main>","1","java/util/concurrent/atomic/AtomicIntegerFieldUpdater.getAndIncrement(Ljava/lang/Object;)I","org/apache/dubbo/common/utils/AtomicPositiveInteger:getAndIncrement:39","5","19375"
"org.apache.dubbo.rpc.cluster.support.AbstractClusterInvokerTest#testSelect_multiInvokers","<main>","2","MONITORENTER","org/mockito/internal/stubbing/InvocationContainerImpl:findAnswerFor:83","9","19960"
"org.apache.dubbo.rpc.cluster.support.AbstractClusterInvokerTest#testSelect_multiInvokers","<main>","1","MONITORENTER","org/mockito/internal/stubbing/InvocationContainerImpl:findAnswerFor:83","14","19995"
"org.apache.dubbo.rpc.cluster.support.AbstractClusterInvokerTest#testSelect_multiInvokers","<main>","1","java/lang/Thread.currentThread()Ljava/lang/Thread;","org/mockito/internal/configuration/plugins/PluginInitializer:loadImpl:31","3","13125"
"org.apache.dubbo.rpc.cluster.support.AbstractClusterInvokerTest#testSelect_multiInvokers","<main>","3","SYNCHRONIZED_METHOD_ENTER","org/mockito/internal/progress/SequenceNumber:next:0","12","19992"
"org.apache.dubbo.rpc.cluster.support.AbstractClusterInvokerTest#testSelect_multiInvokers","<main>","2","java/util/concurrent/ConcurrentMap.putIfAbsent(Ljava/lang/Object;Ljava/lang/Object;)Ljava/lang/Object;","org/apache/dubbo/common/extension/ExtensionLoader:createExtension:507","2","15000"
"org.apache.dubbo.rpc.cluster.support.AbstractClusterInvokerTest#testSelect_multiInvokers","<main>","2","MONITORENTER","org/mockito/internal/stubbing/InvocationContainerImpl:addAnswer:68","14","19995"
"org.apache.dubbo.rpc.cluster.support.AbstractClusterInvokerTest#testSelect_multiInvokers","<main>","3","MONITOREXIT","org/apache/dubbo/common/extension/ExtensionLoader:getAdaptiveExtension:463","2","15000"
"org.apache.dubbo.rpc.cluster.support.AbstractClusterInvokerTest#testSelect_multiInvokers","<main>","3","java/util/concurrent/ThreadLocalRandom.current()Ljava/util/concurrent/ThreadLocalRandom;","org/apache/dubbo/rpc/cluster/loadbalance/RandomLoadBalance:doSelect:59","7","13331"
"org.apache.dubbo.rpc.cluster.support.AbstractClusterInvokerTest#testSelect_multiInvokers","<main>","3","java/util/concurrent/ThreadLocalRandom.current()Ljava/util/concurrent/ThreadLocalRandom;","org/apache/dubbo/rpc/cluster/loadbalance/RandomLoadBalance:doSelect:59","6","13329"
"org.apache.dubbo.rpc.cluster.support.AbstractClusterInvokerTest#testSelect_multiInvokers","<main>","2","java/lang/Thread.currentThread()Ljava/lang/Thread;","org/apache/log4j/helpers/Loader:getTCL:166","2","15000"
"org.apache.dubbo.rpc.cluster.support.AbstractClusterInvokerTest#testSelect_multiInvokers","<main>","3","MONITORENTER","org/apache/dubbo/common/extension/ExtensionLoader:getAdaptiveExtension:452","1","10000"
"org.apache.dubbo.rpc.cluster.support.AbstractClusterInvokerTest#testSelect_multiInvokers","<main>","2","SYNCHRONIZED_METHOD_ENTER","org/mockito/internal/progress/SequenceNumber:next:0","4","18750"
"org.apache.dubbo.rpc.cluster.support.AbstractClusterInvokerTest#testSelect_multiInvokers","<main>","2","MONITORENTER","org/mockito/internal/stubbing/InvocationContainerImpl:addAnswer:68","3","17500"
"org.apache.dubbo.rpc.cluster.support.AbstractClusterInvokerTest#testSelect_multiInvokers","<main>","2","MONITORENTER","org/mockito/internal/stubbing/InvocationContainerImpl:findAnswerFor:83","4","18750"
"org.apache.dubbo.rpc.cluster.support.AbstractClusterInvokerTest#testSelect_multiInvokers","<main>","1","MONITORENTER","org/mockito/internal/stubbing/InvocationContainerImpl:addAnswer:68","1","10000"
"org.apache.dubbo.rpc.cluster.support.AbstractClusterInvokerTest#testSelect_multiInvokers","<main>","1","MONITOREXIT","org/mockito/internal/stubbing/InvocationContainerImpl:findAnswerFor:91","5","19375"
"org.apache.dubbo.rpc.cluster.support.AbstractClusterInvokerTest#testSelect_multiInvokers","<main>","3","MONITOREXIT","org/mockito/internal/verification/DefaultRegisteredInvocations:removeLast:36","3","17500"
"org.apache.dubbo.rpc.cluster.support.AbstractClusterInvokerTest#testSelect_multiInvokers","<main>","2","MONITOREXIT","org/mockito/internal/stubbing/StubbedInvocationMatcher:answer:35","10","19979"
"org.apache.dubbo.rpc.cluster.support.AbstractClusterInvokerTest#testSelect_multiInvokers","<main>","3","java/util/concurrent/ThreadLocalRandom.nextInt(I)I","org/apache/dubbo/rpc/cluster/loadbalance/LeastActiveLoadBalance:doSelect:84","2","6250"
"org.apache.dubbo.rpc.cluster.support.AbstractClusterInvokerTest#testSelect_multiInvokers","<main>","3","MONITOREXIT","org/mockito/internal/stubbing/InvocationContainerImpl:findAnswerFor:91","1","10000"
"org.apache.dubbo.rpc.cluster.support.AbstractClusterInvokerTest#testSelect_multiInvokers","<main>","2","MONITORENTER","org/mockito/internal/verification/DefaultRegisteredInvocations:isEmpty:55","14","19995"
"org.apache.dubbo.rpc.cluster.support.AbstractClusterInvokerTest#testSelect_multiInvokers","<main>","2","java/util/concurrent/ConcurrentMap.putIfAbsent(Ljava/lang/Object;Ljava/lang/Object;)Ljava/lang/Object;","org/apache/dubbo/common/extension/ExtensionLoader:createExtension:507","1","10000"
"org.apache.dubbo.rpc.cluster.support.AbstractClusterInvokerTest#testSelect_multiInvokers","<main>","3","MONITOREXIT","org/mockito/internal/stubbing/InvocationContainerImpl:addAnswer:74","11","19988"
"org.apache.dubbo.rpc.cluster.support.AbstractClusterInvokerTest#testSelect_multiInvokers","<main>","3","MONITOREXIT","org/apache/dubbo/common/extension/ExtensionLoader:getAdaptiveExtension:463","1","10000"
"org.apache.dubbo.rpc.cluster.support.AbstractClusterInvokerTest#testSelect_multiInvokers","<main>","3","MONITORENTER","org/apache/dubbo/common/extension/ExtensionLoader:getExtension:318","1","10000"
"org.apache.dubbo.rpc.cluster.support.AbstractClusterInvokerTest#testSelect_multiInvokers","<main>","2","MONITOREXIT","org/mockito/internal/stubbing/StubbedInvocationMatcher:answer:35","5","19375"
"org.apache.dubbo.rpc.cluster.support.AbstractClusterInvokerTest#testSelect_multiInvokers","<main>","3","MONITOREXIT","org/mockito/internal/stubbing/InvocationContainerImpl:findAnswerFor:91","4","18750"
"org.apache.dubbo.rpc.cluster.support.AbstractClusterInvokerTest#testSelect_multiInvokers","<main>","2","java/util/concurrent/ConcurrentHashMap.get(Ljava/lang/Object;)Ljava/lang/Object;","org/objenesis/ObjenesisBase:getInstantiatorOf:92","6","19687"
"org.apache.dubbo.rpc.cluster.support.AbstractClusterInvokerTest#testSelect_multiInvokers","<main>","1","MONITOREXIT","org/apache/log4j/Hierarchy:getLogger:279","6","19687"
"org.apache.dubbo.rpc.cluster.support.AbstractClusterInvokerTest#testSelect_multiInvokers","<main>","3","MONITORENTER","org/apache/log4j/Hierarchy:getLogger:272","3","17500"
"org.apache.dubbo.rpc.cluster.support.AbstractClusterInvokerTest#testSelect_multiInvokers","<main>","2","SYNCHRONIZED_METHOD_EXIT","org/mockito/internal/progress/SequenceNumber:next:12","7","19843"
"org.apache.dubbo.rpc.cluster.support.AbstractClusterInvokerTest#testSelect_multiInvokers","<main>","3","java/lang/Thread.currentThread()Ljava/lang/Thread;","org/apache/log4j/spi/LoggingEvent:getThreadName:388","1","10000"
"org.apache.dubbo.rpc.cluster.support.AbstractClusterInvokerTest#testSelect_multiInvokers","<main>","2","MONITORENTER","org/mockito/internal/verification/DefaultRegisteredInvocations:add:25","11","19988"
"org.apache.dubbo.rpc.cluster.support.AbstractClusterInvokerTest#testSelect_multiInvokers","<main>","2","RUNNABLE_CALLABLE_START","org/mockito/internal/creation/bytebuddy/TypeCachingBytecodeGenerator$1:call:0","2","15000"
"org.apache.dubbo.rpc.cluster.support.AbstractClusterInvokerTest#testSelect_multiInvokers","<main>","2","SYNCHRONIZED_METHOD_ENTER","org/mockito/internal/progress/SequenceNumber:next:0","13","19994"
"org.apache.dubbo.rpc.cluster.support.AbstractClusterInvokerTest#testSelect_multiInvokers","<main>","3","MONITOREXIT","org/apache/log4j/Hierarchy:getLogger:279","1","10000"
"org.apache.dubbo.rpc.cluster.support.AbstractClusterInvokerTest#testSelect_multiInvokers","<main>","1","MONITOREXIT","org/mockito/internal/stubbing/InvocationContainerImpl:findAnswerFor:91","6","19687"
"org.apache.dubbo.rpc.cluster.support.AbstractClusterInvokerTest#testSelect_multiInvokers","<main>","2","java/util/concurrent/ConcurrentMap.putIfAbsent(Ljava/lang/Object;Ljava/lang/Object;)Ljava/lang/Object;","org/apache/dubbo/common/extension/ExtensionLoader:createExtension:507","4","18750"
"org.apache.dubbo.rpc.cluster.support.AbstractClusterInvokerTest#testSelect_multiInvokers","<main>","2","MONITOREXIT","org/mockito/internal/verification/DefaultRegisteredInvocations:add:27","8","19921"
"org.apache.dubbo.rpc.cluster.support.AbstractClusterInvokerTest#testSelect_multiInvokers","<main>","3","MONITORENTER","org/mockito/internal/verification/DefaultRegisteredInvocations:clear:49","10","19979"
"org.apache.dubbo.rpc.cluster.support.AbstractClusterInvokerTest#testSelect_multiInvokers","<main>","2","MONITOREXIT","net/bytebuddy/dynamic/loading/ClassInjector$UsingReflection:inject:191","3","17500"
"org.apache.dubbo.rpc.cluster.support.AbstractClusterInvokerTest#testSelect_multiInvokers","<main>","2","MONITORENTER","org/mockito/internal/stubbing/InvocationContainerImpl:findAnswerFor:83","13","19994"
"org.apache.dubbo.rpc.cluster.support.AbstractClusterInvokerTest#testSelect_multiInvokers","<main>","3","MONITORENTER","org/mockito/internal/stubbing/StubbedInvocationMatcher:answer:33","11","19988"
"org.apache.dubbo.rpc.cluster.support.AbstractClusterInvokerTest#testSelect_multiInvokers","<main>","1","MONITOREXIT","org/mockito/internal/verification/DefaultRegisteredInvocations:clear:51","9","19960"
"org.apache.dubbo.rpc.cluster.support.AbstractClusterInvokerTest#testSelect_multiInvokers","<main>","1","MONITORENTER","org/mockito/internal/verification/DefaultRegisteredInvocations:removeLast:32","14","19995"
"org.apache.dubbo.rpc.cluster.support.AbstractClusterInvokerTest#testSelect_multiInvokers","<main>","2","MONITORENTER","org/mockito/internal/verification/DefaultRegisteredInvocations:removeLast:32","1","10000"
"org.apache.dubbo.rpc.cluster.support.AbstractClusterInvokerTest#testSelect_multiInvokers","<main>","3","java/util/concurrent/ThreadLocalRandom.current()Ljava/util/concurrent/ThreadLocalRandom;","org/apache/dubbo/rpc/cluster/loadbalance/RandomLoadBalance:doSelect:59","1","10000"
"org.apache.dubbo.rpc.cluster.support.AbstractClusterInvokerTest#testSelect_multiInvokers","<main>","2","MONITORENTER","org/mockito/internal/verification/DefaultRegisteredInvocations:add:25","2","15000"
"org.apache.dubbo.rpc.cluster.support.AbstractClusterInvokerTest#testSelect_multiInvokers","<main>","3","MONITORENTER","org/mockito/internal/stubbing/StubbedInvocationMatcher:answer:33","2","15000"
"org.apache.dubbo.rpc.cluster.support.AbstractClusterInvokerTest#testSelect_multiInvokers","<main>","3","MONITORENTER","org/mockito/internal/stubbing/StubbedInvocationMatcher:answer:33","7","19843"
"org.apache.dubbo.rpc.cluster.support.AbstractClusterInvokerTest#testSelect_multiInvokers","<main>","2","java/util/concurrent/atomic/AtomicIntegerFieldUpdater.getAndIncrement(Ljava/lang/Object;)I","org/apache/dubbo/common/utils/AtomicPositiveInteger:getAndIncrement:39","1","10000"
"org.apache.dubbo.rpc.cluster.support.AbstractClusterInvokerTest#testSelect_multiInvokers","<main>","3","java/util/concurrent/ThreadLocalRandom.nextInt(I)I","org/apache/dubbo/rpc/cluster/loadbalance/RandomLoadBalance:doSelect:59","1","5000"
"org.apache.dubbo.rpc.cluster.support.AbstractClusterInvokerTest#testSelect_multiInvokers","<main>","2","java/util/concurrent/ConcurrentMap.putIfAbsent(Ljava/lang/Object;Ljava/lang/Object;)Ljava/lang/Object;","net/bytebuddy/TypeCache:insert:106","1","10000"
"org.apache.dubbo.rpc.cluster.support.AbstractClusterInvokerTest#testSelect_multiInvokers","<main>","3","MONITOREXIT","org/mockito/internal/stubbing/InvocationContainerImpl:addAnswer:74","10","19979"
"org.apache.dubbo.rpc.cluster.support.AbstractClusterInvokerTest#testSelect_multiInvokers","<main>","3","MONITORENTER","org/mockito/internal/verification/DefaultRegisteredInvocations:add:25","11","19988"
"org.apache.dubbo.rpc.cluster.support.AbstractClusterInvokerTest#testSelect_multiInvokers","<main>","1","java/util/concurrent/atomic/AtomicInteger.get()I","org/apache/dubbo/rpc/RpcStatus:getActive:180","14","19995"
"org.apache.dubbo.rpc.cluster.support.AbstractClusterInvokerTest#testSelect_multiInvokers","<main>","3","MONITOREXIT","org/mockito/internal/verification/DefaultRegisteredInvocations:isEmpty:56","6","19687"
"org.apache.dubbo.rpc.cluster.support.AbstractClusterInvokerTest#testSelect_multiInvokers","<main>","1","java/util/concurrent/atomic/AtomicInteger.get()I","org/apache/dubbo/rpc/RpcStatus:getActive:180","3","17500"
"org.apache.dubbo.rpc.cluster.support.AbstractClusterInvokerTest#testSelect_multiInvokers","<main>","2","MONITORENTER","org/mockito/internal/verification/DefaultRegisteredInvocations:add:25","9","19960"
"org.apache.dubbo.rpc.cluster.support.AbstractClusterInvokerTest#testSelect_multiInvokers","<main>","1","java/util/concurrent/ThreadLocalRandom.nextInt(I)I","org/apache/dubbo/rpc/cluster/loadbalance/RandomLoadBalance:doSelect:59","1","5000"
"org.apache.dubbo.rpc.cluster.support.AbstractClusterInvokerTest#testSelect_multiInvokers","<main>","2","java/util/concurrent/ThreadLocalRandom.current()Ljava/util/concurrent/ThreadLocalRandom;","org/apache/dubbo/rpc/cluster/loadbalance/RandomLoadBalance:doSelect:59","7","13331"
"org.apache.dubbo.rpc.cluster.support.AbstractClusterInvokerTest#testSelect_multiInvokers","<main>","1","java/lang/Thread.currentThread()Ljava/lang/Thread;","org/apache/log4j/helpers/Loader:getTCL:166","2","15000"
"org.apache.dubbo.rpc.cluster.support.AbstractClusterInvokerTest#testSelect_multiInvokers","<main>","1","MONITOREXIT","org/mockito/internal/stubbing/InvocationContainerImpl:addAnswer:74","10","19979"
"org.apache.dubbo.rpc.cluster.support.AbstractClusterInvokerTest#testSelect_multiInvokers","<main>","1","MONITORENTER","org/mockito/internal/stubbing/InvocationContainerImpl:addAnswer:68","3","17500"
"org.apache.dubbo.rpc.cluster.support.AbstractClusterInvokerTest#testSelect_multiInvokers","<main>","1","MONITORENTER","org/mockito/internal/stubbing/InvocationContainerImpl:findAnswerFor:83","4","18750"
"org.apache.dubbo.rpc.cluster.support.AbstractClusterInvokerTest#testSelect_multiInvokers","<main>","3","java/util/concurrent/ThreadLocalRandom.nextInt(I)I","org/apache/dubbo/rpc/cluster/loadbalance/RandomLoadBalance:doSelect:60","1","5000"
"org.apache.dubbo.rpc.cluster.support.AbstractClusterInvokerTest#testSelect_multiInvokers","<main>","1","java/util/concurrent/ConcurrentMap.putIfAbsent(Ljava/lang/Object;Ljava/lang/Object;)Ljava/lang/Object;","org/apache/dubbo/rpc/cluster/loadbalance/RoundRobinLoadBalance:doSelect:59","1","10000"
"org.apache.dubbo.rpc.cluster.support.AbstractClusterInvokerTest#testSelect_multiInvokers","<main>","2","java/util/concurrent/atomic/AtomicInteger.get()I","org/apache/dubbo/rpc/RpcStatus:getActive:181","11","19988"
"org.apache.dubbo.rpc.cluster.support.AbstractClusterInvokerTest#testSelect_multiInvokers","<main>","2","MONITORENTER","org/mockito/internal/verification/DefaultRegisteredInvocations:add:25","4","18750"
"org.apache.dubbo.rpc.cluster.support.AbstractClusterInvokerTest#testSelect_multiInvokers","<main>","2","java/util/concurrent/ConcurrentMap.putIfAbsent(Ljava/lang/Object;Ljava/lang/Object;)Ljava/lang/Object;","net/bytebuddy/TypeCache:insert:107","1","10000"
"org.apache.dubbo.rpc.cluster.support.AbstractClusterInvokerTest#testSelect_multiInvokers","<main>","1","java/util/concurrent/ConcurrentMap.putIfAbsent(Ljava/lang/Object;Ljava/lang/Object;)Ljava/lang/Object;","org/apache/dubbo/common/extension/ExtensionLoader:getExtensionLoader:119","2","15000"
"org.apache.dubbo.rpc.cluster.support.AbstractClusterInvokerTest#testSelect_multiInvokers","<main>","3","MONITORENTER","org/mockito/internal/stubbing/StubbedInvocationMatcher:answer:33","4","18750"
"org.apache.dubbo.rpc.cluster.support.AbstractClusterInvokerTest#testSelect_multiInvokers","<main>","3","MONITOREXIT","org/mockito/internal/verification/DefaultRegisteredInvocations:add:27","9","19960"
"org.apache.dubbo.rpc.cluster.support.AbstractClusterInvokerTest#testSelect_multiInvokers","<main>","3","MONITOREXIT","org/mockito/internal/verification/DefaultRegisteredInvocations:add:27","1","10000"
"org.apache.dubbo.rpc.cluster.support.AbstractClusterInvokerTest#testSelect_multiInvokers","<main>","1","MONITOREXIT","net/bytebuddy/TypeCache:findOrInsert:159","2","15000"
"org.apache.dubbo.rpc.cluster.support.AbstractClusterInvokerTest#testSelect_multiInvokers","<main>","1","MONITORENTER","org/mockito/internal/verification/DefaultRegisteredInvocations:isEmpty:55","8","19921"
"org.apache.dubbo.rpc.cluster.support.AbstractClusterInvokerTest#testSelect_multiInvokers","<main>","1","java/util/concurrent/ConcurrentMap.putIfAbsent(Ljava/lang/Object;Ljava/lang/Object;)Ljava/lang/Object;","org/apache/dubbo/common/extension/ExtensionLoader:createExtension:506","2","15000"
"org.apache.dubbo.rpc.cluster.support.AbstractClusterInvokerTest#testSelect_multiInvokers","<main>","2","java/util/concurrent/atomic/AtomicInteger.get()I","org/apache/dubbo/rpc/RpcStatus:getActive:181","2","15000"
"org.apache.dubbo.rpc.cluster.support.AbstractClusterInvokerTest#testSelect_multiInvokers","<main>","2","java/util/concurrent/atomic/AtomicInteger.get()I","org/apache/dubbo/rpc/RpcStatus:getActive:181","7","19843"
"org.apache.dubbo.rpc.cluster.support.AbstractClusterInvokerTest#testSelect_multiInvokers","<main>","3","java/util/concurrent/ConcurrentHashMap.putIfAbsent(Ljava/lang/Object;Ljava/lang/Object;)Ljava/lang/Object;","org/objenesis/ObjenesisBase:getInstantiatorOf:96","1","10000"
"org.apache.dubbo.rpc.cluster.support.AbstractClusterInvokerTest#testSelect_multiInvokers","<main>","1","MONITOREXIT","org/mockito/internal/stubbing/InvocationContainerImpl:findAnswerFor:91","2","15000"
"org.apache.dubbo.rpc.cluster.support.AbstractClusterInvokerTest#testSelect_multiInvokers","<main>","2","java/util/concurrent/ConcurrentMap.putIfAbsent(Ljava/lang/Object;Ljava/lang/Object;)Ljava/lang/Object;","net/bytebuddy/TypeCache:insert:101","1","10000"
"org.apache.dubbo.rpc.cluster.support.AbstractClusterInvokerTest#testSelect_multiInvokers","<main>","1","java/lang/Thread.getContextClassLoader()Ljava/lang/ClassLoader;","org/mockito/internal/configuration/plugins/PluginInitializer:loadImpl:32","2","6250"
"org.apache.dubbo.rpc.cluster.support.AbstractClusterInvokerTest#testSelect_multiInvokers","<main>","2","SYNCHRONIZED_METHOD_EXIT","org/mockito/internal/progress/SequenceNumber:next:12","13","19994"
"org.apache.dubbo.rpc.cluster.support.AbstractClusterInvokerTest#testSelect_multiInvokers","<main>","2","MONITOREXIT","org/mockito/internal/stubbing/InvocationContainerImpl:findAnswerFor:88","12","19992"
"org.apache.dubbo.rpc.cluster.support.AbstractClusterInvokerTest#testSelect_multiInvokers","<main>","3","MONITOREXIT","org/mockito/internal/stubbing/InvocationContainerImpl:addAnswer:74","13","19994"
"org.apache.dubbo.rpc.cluster.support.AbstractClusterInvokerTest#testSelect_multiInvokers","<main>","2","java/util/concurrent/atomic/AtomicIntegerFieldUpdater.getAndIncrement(Ljava/lang/Object;)I","org/apache/dubbo/common/utils/AtomicPositiveInteger:getAndIncrement:39","14","19995"
"org.apache.dubbo.rpc.cluster.support.AbstractClusterInvokerTest#testSelect_multiInvokers","<main>","2","MONITOREXIT","org/mockito/internal/verification/DefaultRegisteredInvocations:clear:51","6","19687"
"org.apache.dubbo.rpc.cluster.support.AbstractClusterInvokerTest#testSelect_multiInvokers","<main>","1","java/lang/Thread.getContextClassLoader()Ljava/lang/ClassLoader;","org/mockito/internal/configuration/plugins/PluginInitializer:loadImpl:32","6","6663"
"org.apache.dubbo.rpc.cluster.support.AbstractClusterInvokerTest#testSelect_multiInvokers","<main>","1","SYNCHRONIZED_METHOD_ENTER","org/mockito/internal/progress/SequenceNumber:next:0","12","19992"
"org.apache.dubbo.rpc.cluster.support.AbstractClusterInvokerTest#testSelect_multiInvokers","<main>","1","java/lang/Thread.currentThread()Ljava/lang/Thread;","org/apache/log4j/helpers/Loader:getTCL:166","4","18750"
"org.apache.dubbo.rpc.cluster.support.AbstractClusterInvokerTest#testSelect_multiInvokers","<main>","2","java/util/concurrent/ThreadLocalRandom.nextInt(I)I","org/apache/dubbo/rpc/cluster/loadbalance/RandomLoadBalance:doSelect:60","4","6640"
"org.apache.dubbo.rpc.cluster.support.AbstractClusterInvokerTest#testSelect_multiInvokers","<main>","2","MONITORENTER","org/mockito/internal/stubbing/StubbedInvocationMatcher:answer:33","11","19988"
"org.apache.dubbo.rpc.cluster.support.AbstractClusterInvokerTest#testSelect_multiInvokers","<main>","2","java/lang/System.currentTimeMillis()J","org/apache/log4j/spi/LoggingEvent:<init>:167","1","10000"
"org.apache.dubbo.rpc.cluster.support.AbstractClusterInvokerTest#testSelect_multiInvokers","<main>","2","java/util/concurrent/atomic/AtomicIntegerFieldUpdater.getAndIncrement(Ljava/lang/Object;)I","org/apache/dubbo/common/utils/AtomicPositiveInteger:getAndIncrement:39","3","17500"
"org.apache.dubbo.rpc.cluster.support.AbstractClusterInvokerTest#testSelect_multiInvokers","<main>","2","java/util/concurrent/ThreadLocalRandom.current()Ljava/util/concurrent/ThreadLocalRandom;","org/apache/dubbo/rpc/cluster/loadbalance/LeastActiveLoadBalance:doSelect:83","6","13329"
"org.apache.dubbo.rpc.cluster.support.AbstractClusterInvokerTest#testSelect_multiInvokers","<main>","2","MONITORENTER","org/mockito/internal/verification/DefaultRegisteredInvocations:add:25","13","19994"
"org.apache.dubbo.rpc.cluster.support.AbstractClusterInvokerTest#testSelect_multiInvokers","<main>","2","MONITOREXIT","org/mockito/internal/stubbing/StubbedInvocationMatcher:answer:35","2","15000"
"org.apache.dubbo.rpc.cluster.support.AbstractClusterInvokerTest#testSelect_multiInvokers","<main>","3","MONITORENTER","org/mockito/internal/stubbing/StubbedInvocationMatcher:answer:33","13","19994"
"org.apache.dubbo.rpc.cluster.support.AbstractClusterInvokerTest#testSelect_multiInvokers","<main>","3","MONITORENTER","org/mockito/internal/stubbing/InvocationContainerImpl:addAnswer:68","8","19921"
"org.apache.dubbo.rpc.cluster.support.AbstractClusterInvokerTest#testSelect_multiInvokers","<main>","3","MONITORENTER","org/apache/log4j/xml/DOMConfigurator:parseRoot:491","1","10000"
"org.apache.dubbo.rpc.cluster.support.AbstractClusterInvokerTest#testSelect_multiInvokers","<main>","2","MONITORENTER","org/mockito/internal/stubbing/StubbedInvocationMatcher:answer:33","2","15000"
"org.apache.dubbo.rpc.cluster.support.AbstractClusterInvokerTest#testSelect_multiInvokers","<main>","1","java/util/concurrent/ThreadLocalRandom.nextInt(I)I","org/apache/dubbo/rpc/cluster/loadbalance/LeastActiveLoadBalance:doSelect:84","6","6663"
"org.apache.dubbo.rpc.cluster.support.AbstractClusterInvokerTest#testSelect_multiInvokers","<main>","3","java/util/concurrent/atomic/AtomicIntegerFieldUpdater.getAndIncrement(Ljava/lang/Object;)I","org/apache/dubbo/common/utils/AtomicPositiveInteger:getAndIncrement:39","11","19988"
"org.apache.dubbo.rpc.cluster.support.AbstractClusterInvokerTest#testSelect_multiInvokers","<main>","3","java/util/concurrent/atomic/AtomicInteger.get()I","org/apache/dubbo/rpc/RpcStatus:getActive:180","5","19375"
"org.apache.dubbo.rpc.cluster.support.AbstractClusterInvokerTest#testSelect_multiInvokers","<main>","3","MONITORENTER","org/mockito/internal/verification/DefaultRegisteredInvocations:isEmpty:55","14","19995"
"org.apache.dubbo.rpc.cluster.support.AbstractClusterInvokerTest#testSelect_multiInvokers","<main>","3","MONITORENTER","org/mockito/internal/verification/DefaultRegisteredInvocations:add:25","13","19994"
"org.apache.dubbo.rpc.cluster.support.AbstractClusterInvokerTest#testSelect_multiInvokers","<main>","2","java/util/concurrent/ConcurrentMap.putIfAbsent(Ljava/lang/Object;Ljava/lang/Object;)Ljava/lang/Object;","org/apache/dubbo/common/extension/ExtensionLoader:getExtensionLoader:119","1","10000"
"org.apache.dubbo.rpc.cluster.support.AbstractClusterInvokerTest#testSelect_multiInvokers","<main>","3","SYNCHRONIZED_METHOD_ENTER","org/mockito/internal/progress/SequenceNumber:next:0","14","19995"
"org.apache.dubbo.rpc.cluster.support.AbstractClusterInvokerTest#testSelect_multiInvokers","<main>","1","MONITOREXIT","org/apache/dubbo/common/extension/ExtensionLoader:getAdaptiveExtension:463","1","10000"
"org.apache.dubbo.rpc.cluster.support.AbstractClusterInvokerTest#testSelect_multiInvokers","<main>","3","MONITOREXIT","net/bytebuddy/dynamic/loading/ClassInjector$UsingReflection:inject:191","5","19375"
"org.apache.dubbo.rpc.cluster.support.AbstractClusterInvokerTest#testSelect_multiInvokers","<main>","1","java/util/concurrent/ThreadLocalRandom.nextInt(I)I","org/apache/dubbo/rpc/cluster/loadbalance/LeastActiveLoadBalance:doSelect:84","5","6659"
"org.apache.dubbo.rpc.cluster.support.AbstractClusterInvokerTest#testSelect_multiInvokers","<main>","2","MONITOREXIT","org/mockito/internal/stubbing/StubbedInvocationMatcher:answer:35","9","19960"
"org.apache.dubbo.rpc.cluster.support.AbstractClusterInvokerTest#testSelect_multiInvokers","<main>","3","java/util/concurrent/atomic/AtomicIntegerFieldUpdater.getAndIncrement(Ljava/lang/Object;)I","org/apache/dubbo/common/utils/AtomicPositiveInteger:getAndIncrement:39","7","19843"
"org.apache.dubbo.rpc.cluster.support.AbstractClusterInvokerTest#testSelect_multiInvokers","<main>","1","MONITOREXIT","org/mockito/internal/stubbing/InvocationContainerImpl:findAnswerFor:88","12","19992"
"org.apache.dubbo.rpc.cluster.support.AbstractClusterInvokerTest#testSelect_multiInvokers","<main>","2","MONITORENTER","org/mockito/internal/stubbing/StubbedInvocationMatcher:answer:33","9","19960"
"org.apache.dubbo.rpc.cluster.support.AbstractClusterInvokerTest#testSelect_multiInvokers","<main>","1","MONITORENTER","org/mockito/internal/stubbing/StubbedInvocationMatcher:answer:33","14","19995"
"org.apache.dubbo.rpc.cluster.support.AbstractClusterInvokerTest#testSelect_multiInvokers","<main>","2","java/util/concurrent/ThreadLocalRandom.current()Ljava/util/concurrent/ThreadLocalRandom;","org/apache/dubbo/rpc/cluster/loadbalance/LeastActiveLoadBalance:doSelect:84","6","13329"
"org.apache.dubbo.rpc.cluster.support.AbstractClusterInvokerTest#testSelect_multiInvokers","<main>","1","MONITORENTER","org/mockito/internal/verification/DefaultRegisteredInvocations:clear:49","10","19979"
"org.apache.dubbo.rpc.cluster.support.AbstractClusterInvokerTest#testSelect_multiInvokers","<main>","2","MONITORENTER","net/bytebuddy/dynamic/loading/ClassInjector$UsingReflection:inject:162","3","17500"
"org.apache.dubbo.rpc.cluster.support.AbstractClusterInvokerTest#testSelect_multiInvokers","<main>","1","java/util/concurrent/ConcurrentMap.putIfAbsent(Ljava/lang/Object;Ljava/lang/Object;)Ljava/lang/Object;","net/bytebuddy/TypeCache:insert:107","1","10000"
"org.apache.dubbo.rpc.cluster.support.AbstractClusterInvokerTest#testSelect_multiInvokers","<main>","2","MONITOREXIT","org/mockito/internal/stubbing/StubbedInvocationMatcher:answer:35","4","18750"
"org.apache.dubbo.rpc.cluster.support.AbstractClusterInvokerTest#testSelect_multiInvokers","<main>","2","java/util/concurrent/ThreadLocalRandom.nextInt(I)I","org/apache/dubbo/rpc/cluster/loadbalance/LeastActiveLoadBalance:doSelect:83","7","6664"
"org.apache.dubbo.rpc.cluster.support.AbstractClusterInvokerTest#testSelect_multiInvokers","<main>","2","MONITORENTER","org/mockito/internal/stubbing/StubbedInvocationMatcher:answer:33","4","18750"
"org.apache.dubbo.rpc.cluster.support.AbstractClusterInvokerTest#testSelect_multiInvokers","<main>","2","java/util/concurrent/atomic/AtomicIntegerFieldUpdater.getAndIncrement(Ljava/lang/Object;)I","org/apache/dubbo/common/utils/AtomicPositiveInteger:getAndIncrement:40","11","19988"
"org.apache.dubbo.rpc.cluster.support.AbstractClusterInvokerTest#testSelect_multiInvokers","<main>","3","MONITOREXIT","net/bytebuddy/dynamic/loading/ClassInjector$UsingReflection:inject:191","6","19687"
"org.apache.dubbo.rpc.cluster.support.AbstractClusterInvokerTest#testSelect_multiInvokers","<main>","1","MONITOREXIT","org/mockito/internal/stubbing/InvocationContainerImpl:addAnswer:74","11","19988"
"org.apache.dubbo.rpc.cluster.support.AbstractClusterInvokerTest#testSelect_multiInvokers","<main>","2","java/util/concurrent/atomic/AtomicInteger.get()I","org/apache/dubbo/rpc/RpcStatus:getActive:181","13","19994"
"org.apache.dubbo.rpc.cluster.support.AbstractClusterInvokerTest#testSelect_multiInvokers","<main>","1","java/util/concurrent/atomic/AtomicInteger.get()I","org/apache/dubbo/rpc/RpcStatus:getActive:180","8","19921"
"org.apache.dubbo.rpc.cluster.support.AbstractClusterInvokerTest#testSelect_multiInvokers","<main>","2","MONITOREXIT","org/apache/dubbo/common/extension/ExtensionLoader:getExtension:324","2","15000"
"org.apache.dubbo.rpc.cluster.support.AbstractClusterInvokerTest#testSelect_multiInvokers","<main>","2","MONITOREXIT","org/apache/dubbo/common/extension/ExtensionLoader:getExtension:324","7","19843"
"org.apache.dubbo.rpc.cluster.support.AbstractClusterInvokerTest#testSelect_multiInvokers","<main>","1","MONITORENTER","org/mockito/internal/verification/DefaultRegisteredInvocations:add:25","11","19988"
"org.apache.dubbo.rpc.cluster.support.AbstractClusterInvokerTest#testSelect_multiInvokers","<main>","1","SYNCHRONIZED_METHOD_ENTER","org/apache/log4j/Category:getAllAppenders:0","1","10000"
"org.apache.dubbo.rpc.cluster.support.AbstractClusterInvokerTest#testSelect_multiInvokers","<main>","1","SYNCHRONIZED_METHOD_EXIT","org/mockito/internal/progress/SequenceNumber:next:12","8","19921"
"org.apache.dubbo.rpc.cluster.support.AbstractClusterInvokerTest#testSelect_multiInvokers","<main>","3","MONITOREXIT","org/apache/log4j/Hierarchy:getLogger:279","6","19687"
"org.apache.dubbo.rpc.cluster.support.AbstractClusterInvokerTest#testSelect_multiInvokers","<main>","2","java/util/concurrent/atomic/AtomicIntegerFieldUpdater.getAndIncrement(Ljava/lang/Object;)I","org/apache/dubbo/common/utils/AtomicPositiveInteger:getAndIncrement:40","7","19843"
"org.apache.dubbo.rpc.cluster.support.AbstractClusterInvokerTest#testSelect_multiInvokers","<main>","1","MONITOREXIT","org/mockito/internal/stubbing/InvocationContainerImpl:addAnswer:74","2","15000"
"org.apache.dubbo.rpc.cluster.support.AbstractClusterInvokerTest#testSelect_multiInvokers","<main>","3","java/lang/Thread.currentThread()Ljava/lang/Thread;","org/mockito/internal/configuration/plugins/PluginInitializer:loadImpl:31","4","13281"
"org.apache.dubbo.rpc.cluster.support.AbstractClusterInvokerTest#testSelect_multiInvokers","<main>","1","java/util/concurrent/ThreadLocalRandom.nextInt(I)I","org/apache/dubbo/rpc/cluster/loadbalance/RandomLoadBalance:doSelect:60","4","6640"
"org.apache.dubbo.rpc.cluster.support.AbstractClusterInvokerTest#testSelect_multiInvokers","<main>","1","MONITORENTER","org/mockito/internal/verification/DefaultRegisteredInvocations:add:25","7","19843"
"org.apache.dubbo.rpc.cluster.support.AbstractClusterInvokerTest#testSelect_multiInvokers","<main>","1","MONITOREXIT","org/mockito/internal/verification/DefaultRegisteredInvocations:isEmpty:56","6","19687"
"org.apache.dubbo.rpc.cluster.support.AbstractClusterInvokerTest#testSelect_multiInvokers","<main>","1","MONITOREXIT","net/bytebuddy/dynamic/loading/ClassInjector$UsingReflection:inject:191","6","19687"
"org.apache.dubbo.rpc.cluster.support.AbstractClusterInvokerTest#testSelect_multiInvokers","<main>","3","MONITOREXIT","org/mockito/internal/verification/DefaultRegisteredInvocations:removeLast:36","5","19375"
"org.apache.dubbo.rpc.cluster.support.AbstractClusterInvokerTest#testSelect_multiInvokers","<main>","2","java/lang/Thread.currentThread()Ljava/lang/Thread;","org/mockito/internal/configuration/plugins/PluginInitializer:loadImpl:31","1","10000"
"org.apache.dubbo.rpc.cluster.support.AbstractClusterInvokerTest#testSelect_multiInvokers","<main>","2","MONITOREXIT","org/mockito/internal/verification/DefaultRegisteredInvocations:clear:51","10","19979"
"org.apache.dubbo.rpc.cluster.support.AbstractClusterInvokerTest#testSelect_multiInvokers","<main>","2","MONITORENTER","org/mockito/internal/stubbing/StubbedInvocationMatcher:answer:33","13","19994"
"org.apache.dubbo.rpc.cluster.support.AbstractClusterInvokerTest#testSelect_multiInvokers","<main>","3","java/util/concurrent/ConcurrentMap.putIfAbsent(Ljava/lang/Object;Ljava/lang/Object;)Ljava/lang/Object;","org/apache/dubbo/common/extension/ExtensionLoader:createExtension:506","3","17500"
"org.apache.dubbo.rpc.cluster.support.AbstractClusterInvokerTest#testSelect_multiInvokers","<main>","1","MONITORENTER","net/bytebuddy/TypeCache:findOrInsert:158","1","10000"
"org.apache.dubbo.rpc.cluster.support.AbstractClusterInvokerTest#testSelect_multiInvokers","<main>","1","MONITOREXIT","org/mockito/internal/stubbing/InvocationContainerImpl:addAnswer:74","9","19960"
"org.apache.dubbo.rpc.cluster.support.AbstractClusterInvokerTest#testSelect_multiInvokers","<main>","1","MONITORENTER","org/mockito/internal/stubbing/InvocationContainerImpl:findAnswerFor:83","6","19687"
"org.apache.dubbo.rpc.cluster.support.AbstractClusterInvokerTest#testSelect_multiInvokers","<main>","3","SYNCHRONIZED_METHOD_ENTER","org/mockito/internal/progress/SequenceNumber:next:0","9","19960"
"org.apache.dubbo.rpc.cluster.support.AbstractClusterInvokerTest#testSelect_multiInvokers","<main>","2","MONITOREXIT","org/mockito/internal/verification/DefaultRegisteredInvocations:clear:51","5","19375"
"org.apache.dubbo.rpc.cluster.support.AbstractClusterInvokerTest#testSelect_multiInvokers","<main>","3","MONITORENTER","org/apache/log4j/Hierarchy:getLogger:272","5","19375"
"org.apache.dubbo.rpc.cluster.support.AbstractClusterInvokerTest#testSelect_multiInvokers","<main>","1","MONITORENTER","org/apache/log4j/xml/DOMConfigurator:parseRoot:491","2","15000"
"org.apache.dubbo.rpc.cluster.support.AbstractClusterInvokerTest#testSelect_multiInvokers","<main>","3","java/util/concurrent/atomic/AtomicIntegerFieldUpdater.getAndIncrement(Ljava/lang/Object;)I","org/apache/dubbo/common/utils/AtomicPositiveInteger:getAndIncrement:39","13","19994"
"org.apache.dubbo.rpc.cluster.support.AbstractClusterInvokerTest#testSelect_multiInvokers","<main>","3","java/util/concurrent/ConcurrentMap.putIfAbsent(Ljava/lang/Object;Ljava/lang/Object;)Ljava/lang/Object;","org/apache/dubbo/common/extension/ExtensionLoader:getExtension:313","1","10000"
"org.apache.dubbo.rpc.cluster.support.AbstractClusterInvokerTest#testSelect_multiInvokers","<main>","2","MONITOREXIT","net/bytebuddy/dynamic/loading/ClassInjector$UsingReflection:inject:191","5","19375"
"org.apache.dubbo.rpc.cluster.support.AbstractClusterInvokerTest#testSelect_multiInvokers","<main>","1","MONITOREXIT","org/mockito/internal/stubbing/InvocationContainerImpl:addAnswer:74","4","18750"
"org.apache.dubbo.rpc.cluster.support.AbstractClusterInvokerTest#testSelect_multiInvokers","<main>","1","MONITORENTER","org/mockito/internal/stubbing/StubbedInvocationMatcher:answer:33","9","19960"
"org.apache.dubbo.rpc.cluster.support.AbstractClusterInvokerTest#testSelect_multiInvokers","<main>","1","java/lang/Thread.getContextClassLoader()Ljava/lang/ClassLoader;","org/mockito/internal/configuration/plugins/PluginInitializer:loadImpl:32","1","5000"
"org.apache.dubbo.rpc.cluster.support.AbstractClusterInvokerTest#testSelect_multiInvokers","<main>","3","MONITORENTER","net/bytebuddy/TypeCache:findOrInsert:158","2","15000"
"org.apache.dubbo.rpc.cluster.support.AbstractClusterInvokerTest#testSelect_multiInvokers","<main>","3","java/util/concurrent/Callable.call()Ljava/lang/Object;","net/bytebuddy/TypeCache:findOrInsert:137","1","10000"
"org.apache.dubbo.rpc.cluster.support.AbstractClusterInvokerTest#testSelect_multiInvokers","<main>","2","java/util/concurrent/ConcurrentMap.putIfAbsent(Ljava/lang/Object;Ljava/lang/Object;)Ljava/lang/Object;","org/apache/dubbo/common/logger/LoggerFactory:getLogger:108","1","10000"
"org.apache.dubbo.rpc.cluster.support.AbstractClusterInvokerTest#testSelect_multiInvokers","<main>","2","java/util/concurrent/ThreadLocalRandom.current()Ljava/util/concurrent/ThreadLocalRandom;","org/apache/dubbo/rpc/cluster/loadbalance/RandomLoadBalance:doSelect:60","3","13125"
"org.apache.dubbo.rpc.cluster.support.AbstractClusterInvokerTest#testSelect_multiInvokers","<main>","1","java/util/concurrent/ConcurrentMap.putIfAbsent(Ljava/lang/Object;Ljava/lang/Object;)Ljava/lang/Object;","org/apache/dubbo/common/extension/ExtensionLoader:createExtension:507","2","15000"
"org.apache.dubbo.rpc.cluster.support.AbstractClusterInvokerTest#testSelect_multiInvokers","<main>","3","MONITORENTER","org/apache/dubbo/common/extension/ExtensionLoader:getExtensionClasses:564","2","15000"
"org.apache.dubbo.rpc.cluster.support.AbstractClusterInvokerTest#testSelect_multiInvokers","<main>","3","MONITOREXIT","net/bytebuddy/TypeCache:findOrInsert:159","1","10000"
"org.apache.dubbo.rpc.cluster.support.AbstractClusterInvokerTest#testSelect_multiInvokers","<main>","1","java/util/concurrent/ConcurrentMap.putIfAbsent(Ljava/lang/Object;Ljava/lang/Object;)Ljava/lang/Object;","org/apache/dubbo/common/logger/LoggerFactory:getLogger:108","3","17500"
"org.apache.dubbo.rpc.cluster.support.AbstractClusterInvokerTest#testSelect_multiInvokers","<main>","2","java/util/concurrent/ThreadLocalRandom.nextInt(I)I","org/apache/dubbo/rpc/cluster/loadbalance/RandomLoadBalance:doSelect:59","2","6250"
"org.apache.dubbo.rpc.cluster.support.AbstractClusterInvokerTest#testSelect_multiInvokers","<main>","1","MONITORENTER","org/mockito/internal/stubbing/StubbedInvocationMatcher:answer:33","4","18750"
"org.apache.dubbo.rpc.cluster.support.AbstractClusterInvokerTest#testSelect_multiInvokers","<main>","3","SYNCHRONIZED_METHOD_EXIT","org/mockito/internal/progress/SequenceNumber:next:12","11","19988"
"org.apache.dubbo.rpc.cluster.support.AbstractClusterInvokerTest#testSelect_multiInvokers","<main>","1","MONITOREXIT","org/apache/dubbo/common/extension/ExtensionLoader:getExtension:324","2","15000"
"org.apache.dubbo.rpc.cluster.support.AbstractClusterInvokerTest#testSelect_multiInvokers","<main>","1","MONITOREXIT","org/apache/dubbo/common/extension/ExtensionLoader:getExtension:324","7","19843"
"org.apache.dubbo.rpc.cluster.support.AbstractClusterInvokerTest#testSelect_multiInvokers","<main>","2","MONITORENTER","org/apache/log4j/Hierarchy:getLogger:272","7","19843"
"org.apache.dubbo.rpc.cluster.support.AbstractClusterInvokerTest#testSelect_multiInvokers","<main>","3","MONITORENTER","org/mockito/internal/verification/DefaultRegisteredInvocations:isEmpty:55","8","19921"
"org.apache.dubbo.rpc.cluster.support.AbstractClusterInvokerTest#testSelect_multiInvokers","<main>","1","java/util/concurrent/atomic/AtomicInteger.get()I","org/apache/dubbo/rpc/RpcStatus:getActive:180","5","19375"
"org.apache.dubbo.rpc.cluster.support.AbstractClusterInvokerTest#testSelect_multiInvokers","<main>","2","MONITOREXIT","org/mockito/internal/stubbing/InvocationContainerImpl:findAnswerFor:88","14","19995"
"org.apache.dubbo.rpc.cluster.support.AbstractClusterInvokerTest#testSelect_multiInvokers","<main>","2","java/util/concurrent/atomic/AtomicInteger.get()I","org/apache/dubbo/rpc/RpcStatus:getActive:180","11","19988"
"org.apache.dubbo.rpc.cluster.support.AbstractClusterInvokerTest#testSelect_multiInvokers","<main>","3","SYNCHRONIZED_METHOD_EXIT","org/mockito/internal/progress/SequenceNumber:next:12","2","15000"
"org.apache.dubbo.rpc.cluster.support.AbstractClusterInvokerTest#testSelect_multiInvokers","<main>","2","java/util/concurrent/atomic/AtomicIntegerFieldUpdater.getAndIncrement(Ljava/lang/Object;)I","org/apache/dubbo/common/utils/AtomicPositiveInteger:getAndIncrement:40","13","19994"
"org.apache.dubbo.rpc.cluster.support.AbstractClusterInvokerTest#testSelect_multiInvokers","<main>","1","MONITORENTER","org/mockito/internal/stubbing/InvocationContainerImpl:addAnswer:68","5","19375"
"org.apache.dubbo.rpc.cluster.support.AbstractClusterInvokerTest#testSelect_multiInvokers","<main>","3","MONITOREXIT","org/apache/log4j/xml/DOMConfigurator:parseRoot:493","2","15000"
"org.apache.dubbo.rpc.cluster.support.AbstractClusterInvokerTest#testSelect_multiInvokers","<main>","1","MONITORENTER","org/mockito/internal/verification/DefaultRegisteredInvocations:add:25","13","19994"
"org.apache.dubbo.rpc.cluster.support.AbstractClusterInvokerTest#testSelect_multiInvokers","<main>","3","java/util/concurrent/atomic/AtomicIntegerFieldUpdater.newUpdater(Ljava/lang/Class;Ljava/lang/String;)Ljava/util/concurrent/atomic/AtomicIntegerFieldUpdater;","org/apache/dubbo/common/utils/AtomicPositiveInteger:<clinit>:27","1","10000"
"org.apache.dubbo.rpc.cluster.support.AbstractClusterInvokerTest#testSelect_multiInvokers","<main>","2","MONITOREXIT","org/mockito/internal/stubbing/InvocationContainerImpl:addAnswer:74","14","19995"
"org.apache.dubbo.rpc.cluster.support.AbstractClusterInvokerTest#testSelect_multiInvokers","<main>","2","SYNCHRONIZED_METHOD_EXIT","org/apache/log4j/Category:removeAllAppenders:897","1","10000"
"org.apache.dubbo.rpc.cluster.support.AbstractClusterInvokerTest#testSelect_multiInvokers","<main>","2","java/util/concurrent/atomic/AtomicInteger.get()I","org/apache/dubbo/rpc/RpcStatus:getActive:180","7","19843"
"org.apache.dubbo.rpc.cluster.support.AbstractClusterInvokerTest#testSelect_multiInvokers","<main>","1","MONITOREXIT","org/mockito/internal/verification/DefaultRegisteredInvocations:isEmpty:56","10","19979"
"org.apache.dubbo.rpc.cluster.support.AbstractClusterInvokerTest#testSelect_multiInvokers","<main>","1","MONITOREXIT","org/mockito/internal/verification/DefaultRegisteredInvocations:add:27","14","19995"
"org.apache.dubbo.rpc.cluster.support.AbstractClusterInvokerTest#testSelect_multiInvokers","<main>","1","MONITOREXIT","org/apache/dubbo/common/extension/ExtensionLoader:getExtension:324","1","10000"
"org.apache.dubbo.rpc.cluster.support.AbstractClusterInvokerTest#testSelect_multiInvokers","<main>","1","java/util/concurrent/ConcurrentMap.putIfAbsent(Ljava/lang/Object;Ljava/lang/Object;)Ljava/lang/Object;","org/apache/dubbo/common/extension/ExtensionLoader:createExtension:507","4","18750"
"org.apache.dubbo.rpc.cluster.support.AbstractClusterInvokerTest#testSelect_multiInvokers","<main>","2","java/lang/Thread.getContextClassLoader()Ljava/lang/ClassLoader;","org/mockito/internal/configuration/plugins/PluginInitializer:loadImpl:32","3","6562"
"org.apache.dubbo.rpc.cluster.support.AbstractClusterInvokerTest#testSelect_multiInvokers","<main>","2","java/util/concurrent/atomic/AtomicIntegerFieldUpdater.getAndIncrement(Ljava/lang/Object;)I","org/apache/dubbo/common/utils/AtomicPositiveInteger:getAndIncrement:40","3","17500"
"org.apache.dubbo.rpc.cluster.support.AbstractClusterInvokerTest#testSelect_multiInvokers","<main>","2","java/util/concurrent/ThreadLocalRandom.nextInt(I)I","org/apache/dubbo/rpc/cluster/loadbalance/LeastActiveLoadBalance:doSelect:84","1","5000"
"org.apache.dubbo.rpc.cluster.support.AbstractClusterInvokerTest#testSelect_multiInvokers","<main>","3","MONITOREXIT","org/mockito/internal/stubbing/InvocationContainerImpl:findAnswerFor:88","11","19988"
"org.apache.dubbo.rpc.cluster.support.AbstractClusterInvokerTest#testSelect_multiInvokers","<main>","2","java/util/concurrent/atomic/AtomicInteger.get()I","org/apache/dubbo/rpc/RpcStatus:getActive:180","12","19992"
"org.apache.dubbo.rpc.cluster.support.AbstractClusterInvokerTest#testSelect_multiInvokers","<main>","1","MONITOREXIT","org/mockito/internal/verification/DefaultRegisteredInvocations:add:27","3","17500"
"org.apache.dubbo.rpc.cluster.support.AbstractClusterInvokerTest#testSelect_multiInvokers","<main>","1","java/util/concurrent/atomic/AtomicInteger.get()I","org/apache/dubbo/rpc/RpcStatus:getActive:180","6","19687"
"org.apache.dubbo.rpc.cluster.support.AbstractClusterInvokerTest#testSelect_multiInvokers","<main>","2","MONITOREXIT","org/mockito/internal/stubbing/InvocationContainerImpl:findAnswerFor:91","11","19988"
"org.apache.dubbo.rpc.cluster.support.AbstractClusterInvokerTest#testSelect_multiInvokers","<main>","3","SYNCHRONIZED_METHOD_EXIT","org/mockito/internal/progress/SequenceNumber:next:12","9","19960"
"org.apache.dubbo.rpc.cluster.support.AbstractClusterInvokerTest#testSelect_multiInvokers","<main>","2","MONITORENTER","org/apache/dubbo/common/extension/ExtensionLoader:getAdaptiveExtension:452","2","15000"
"org.apache.dubbo.rpc.cluster.support.AbstractClusterInvokerTest#testSelect_multiInvokers","<main>","3","SYNCHRONIZED_METHOD_EXIT","org/mockito/internal/progress/SequenceNumber:next:12","1","10000"
"org.apache.dubbo.rpc.cluster.support.AbstractClusterInvokerTest#testSelect_multiInvokers","<main>","3","java/util/concurrent/ThreadLocalRandom.nextInt(I)I","org/apache/dubbo/rpc/cluster/loadbalance/LeastActiveLoadBalance:doSelect:84","6","6663"
"org.apache.dubbo.rpc.cluster.support.AbstractClusterInvokerTest#testSelect_multiInvokers","<main>","3","MONITOREXIT","org/mockito/internal/verification/DefaultRegisteredInvocations:removeLast:36","2","15000"
"org.apache.dubbo.rpc.cluster.support.AbstractClusterInvokerTest#testSelect_multiInvokers","<main>","3","java/util/concurrent/ConcurrentMap.putIfAbsent(Ljava/lang/Object;Ljava/lang/Object;)Ljava/lang/Object;","org/apache/dubbo/common/extension/ExtensionLoader:getExtension:313","3","17500"
"org.apache.dubbo.rpc.cluster.support.AbstractClusterInvokerTest#testSelect_multiInvokers","<main>","1","MONITOREXIT","org/apache/dubbo/common/extension/ExtensionLoader:getExtension:324","4","18750"
"org.apache.dubbo.rpc.cluster.support.AbstractClusterInvokerTest#testSelect_multiInvokers","<main>","2","java/util/concurrent/atomic/AtomicIntegerFieldUpdater.newUpdater(Ljava/lang/Class;Ljava/lang/String;)Ljava/util/concurrent/atomic/AtomicIntegerFieldUpdater;","org/apache/dubbo/common/utils/AtomicPositiveInteger:<clinit>:26","1","10000"
"org.apache.dubbo.rpc.cluster.support.AbstractClusterInvokerTest#testSelect_multiInvokers","<main>","1","MONITOREXIT","org/mockito/internal/verification/DefaultRegisteredInvocations:isEmpty:56","5","19375"
"org.apache.dubbo.rpc.cluster.support.AbstractClusterInvokerTest#testSelect_multiInvokers","<main>","3","MONITOREXIT","org/mockito/internal/stubbing/InvocationContainerImpl:findAnswerFor:88","7","19843"
"org.apache.dubbo.rpc.cluster.support.AbstractClusterInvokerTest#testSelect_multiInvokers","<main>","3","java/util/concurrent/ThreadLocalRandom.current()Ljava/util/concurrent/ThreadLocalRandom;","org/apache/dubbo/rpc/cluster/loadbalance/LeastActiveLoadBalance:doSelect:84","1","10000"
"org.apache.dubbo.rpc.cluster.support.AbstractClusterInvokerTest#testSelect_multiInvokers","<main>","1","MONITOREXIT","net/bytebuddy/dynamic/loading/ClassInjector$UsingReflection:inject:191","5","19375"
"org.apache.dubbo.rpc.cluster.support.AbstractClusterInvokerTest#testSelect_multiInvokers","<main>","2","MONITOREXIT","org/mockito/internal/stubbing/InvocationContainerImpl:findAnswerFor:91","7","19843"
"org.apache.dubbo.rpc.cluster.support.AbstractClusterInvokerTest#testSelect_multiInvokers","<main>","3","SYNCHRONIZED_METHOD_EXIT","org/mockito/internal/progress/SequenceNumber:next:12","4","18750"
"org.apache.dubbo.rpc.cluster.support.AbstractClusterInvokerTest#testSelect_multiInvokers","<main>","3","java/util/concurrent/ConcurrentMap.putIfAbsent(Ljava/lang/Object;Ljava/lang/Object;)Ljava/lang/Object;","org/apache/dubbo/common/logger/LoggerFactory:getLogger:109","3","17500"
"org.apache.dubbo.rpc.cluster.support.AbstractClusterInvokerTest#testSelect_multiInvokers","<main>","3","MONITOREXIT","org/mockito/internal/stubbing/InvocationContainerImpl:addAnswer:74","7","19843"
"org.apache.dubbo.rpc.cluster.support.AbstractClusterInvokerTest#testSelect_multiInvokers","<main>","1","java/util/concurrent/ConcurrentMap.putIfAbsent(Ljava/lang/Object;Ljava/lang/Object;)Ljava/lang/Object;","org/apache/dubbo/common/extension/ExtensionLoader:getExtension:313","3","17500"
"org.apache.dubbo.rpc.cluster.support.AbstractClusterInvokerTest#testSelect_multiInvokers","<main>","2","java/util/concurrent/ThreadLocalRandom.current()Ljava/util/concurrent/ThreadLocalRandom;","org/apache/dubbo/rpc/cluster/loadbalance/RandomLoadBalance:doSelect:59","5","13320"
"org.apache.dubbo.rpc.cluster.support.AbstractClusterInvokerTest#testSelect_multiInvokers","<main>","3","MONITOREXIT","org/mockito/internal/verification/DefaultRegisteredInvocations:removeLast:36","9","19960"
"org.apache.dubbo.rpc.cluster.support.AbstractClusterInvokerTest#testSelect_multiInvokers","<main>","3","java/util/concurrent/atomic/AtomicIntegerFieldUpdater.getAndIncrement(Ljava/lang/Object;)I","org/apache/dubbo/common/utils/AtomicPositiveInteger:getAndIncrement:40","12","19992"
"org.apache.dubbo.rpc.cluster.support.AbstractClusterInvokerTest#testSelect_multiInvokers","<main>","3","SYNCHRONIZED_METHOD_ENTER","org/apache/log4j/Category:removeAllAppenders:0","1","10000"
"org.apache.dubbo.rpc.cluster.support.AbstractClusterInvokerTest#testSelect_multiInvokers","<main>","2","java/util/concurrent/ThreadLocalRandom.current()Ljava/util/concurrent/ThreadLocalRandom;","org/apache/dubbo/rpc/cluster/loadbalance/LeastActiveLoadBalance:doSelect:83","7","13331"
"org.apache.dubbo.rpc.cluster.support.AbstractClusterInvokerTest#testSelect_multiInvokers","<main>","1","java/util/concurrent/ThreadLocalRandom.current()Ljava/util/concurrent/ThreadLocalRandom;","org/apache/dubbo/rpc/cluster/loadbalance/LeastActiveLoadBalance:doSelect:83","6","13329"
"org.apache.dubbo.rpc.cluster.support.AbstractClusterInvokerTest#testSelect_multiInvokers","<main>","2","RUNNABLE_CALLABLE_START","org/mockito/internal/creation/bytebuddy/TypeCachingBytecodeGenerator$1:call:0","1","10000"
"org.apache.dubbo.rpc.cluster.support.AbstractClusterInvokerTest#testSelect_multiInvokers","<main>","3","MONITOREXIT","org/mockito/internal/verification/DefaultRegisteredInvocations:removeLast:36","4","18750"
"org.apache.dubbo.rpc.cluster.support.AbstractClusterInvokerTest#testSelect_multiInvokers","<main>","3","SYNCHRONIZED_METHOD_EXIT","org/mockito/internal/progress/SequenceNumber:next:12","13","19994"
"org.apache.dubbo.rpc.cluster.support.AbstractClusterInvokerTest#testSelect_multiInvokers","<main>","1","SYNCHRONIZED_METHOD_ENTER","org/mockito/internal/progress/SequenceNumber:next:0","9","19960"
"org.apache.dubbo.rpc.cluster.support.AbstractClusterInvokerTest#testSelect_multiInvokers","<main>","1","SYNCHRONIZED_METHOD_ENTER","org/mockito/internal/progress/SequenceNumber:next:0","1","10000"
"org.apache.dubbo.rpc.cluster.support.AbstractClusterInvokerTest#testSelect_multiInvokers","<main>","1","java/util/concurrent/ThreadLocalRandom.nextInt(I)I","org/apache/dubbo/rpc/cluster/loadbalance/RandomLoadBalance:doSelect:59","4","6640"
"org.apache.dubbo.rpc.cluster.support.AbstractClusterInvokerTest#testSelect_multiInvokers","<main>","3","java/util/concurrent/ThreadLocalRandom.nextInt(I)I","org/apache/dubbo/rpc/cluster/loadbalance/RandomLoadBalance:doSelect:60","7","6664"
"org.apache.dubbo.rpc.cluster.support.AbstractClusterInvokerTest#testSelect_multiInvokers","<main>","1","SYNCHRONIZED_METHOD_ENTER","org/apache/log4j/AppenderSkeleton:doAppend:0","1","10000"
"org.apache.dubbo.rpc.cluster.support.AbstractClusterInvokerTest#testSelect_multiInvokers","<main>","2","MONITORENTER","org/mockito/internal/verification/DefaultRegisteredInvocations:add:25","1","10000"
"org.apache.dubbo.rpc.cluster.support.AbstractClusterInvokerTest#testSelect_multiInvokers","<main>","1","SYNCHRONIZED_METHOD_EXIT","org/mockito/internal/progress/SequenceNumber:next:12","11","19988"
"org.apache.dubbo.rpc.cluster.support.AbstractClusterInvokerTest#testSelect_multiInvokers","<main>","2","MONITORENTER","org/apache/log4j/Hierarchy:getLogger:272","3","17500"
"org.apache.dubbo.rpc.cluster.support.AbstractClusterInvokerTest#testSelect_multiInvokers","<main>","2","java/util/concurrent/atomic/AtomicInteger.get()I","org/apache/dubbo/rpc/RpcStatus:getActive:180","13","19994"
"org.apache.dubbo.rpc.cluster.support.AbstractClusterInvokerTest#testSelect_multiInvokers","<main>","2","MONITORENTER","net/bytebuddy/dynamic/loading/ClassInjector$UsingReflection:inject:162","5","19375"
"org.apache.dubbo.rpc.cluster.support.AbstractClusterInvokerTest#testSelect_multiInvokers","<main>","1","SYNCHRONIZED_METHOD_ENTER","org/mockito/internal/progress/SequenceNumber:next:0","4","18750"
"org.apache.dubbo.rpc.cluster.support.AbstractClusterInvokerTest#testSelect_multiInvokers","<main>","1","java/util/concurrent/atomic/AtomicInteger.get()I","org/apache/dubbo/rpc/RpcStatus:getActive:181","12","19992"
"org.apache.dubbo.rpc.cluster.support.AbstractClusterInvokerTest#testSelect_multiInvokers","<main>","1","SYNCHRONIZED_METHOD_EXIT","org/mockito/internal/progress/SequenceNumber:next:12","2","15000"
"org.apache.dubbo.rpc.cluster.support.AbstractClusterInvokerTest#testSelect_multiInvokers","<main>","2","MONITORENTER","org/mockito/internal/verification/DefaultRegisteredInvocations:clear:49","3","17500"
"org.apache.dubbo.rpc.cluster.support.AbstractClusterInvokerTest#testSelect_multiInvokers","<main>","1","MONITORENTER","org/apache/dubbo/common/extension/ExtensionLoader:getAdaptiveExtension:452","2","15000"
"org.apache.dubbo.rpc.cluster.support.AbstractClusterInvokerTest#testSelect_multiInvokers","<main>","2","java/util/concurrent/ThreadLocalRandom.current()Ljava/util/concurrent/ThreadLocalRandom;","org/apache/dubbo/rpc/cluster/loadbalance/LeastActiveLoadBalance:doSelect:83","3","13125"
"org.apache.dubbo.rpc.cluster.support.AbstractClusterInvokerTest#testSelect_multiInvokers","<main>","3","MONITORENTER","org/mockito/internal/verification/DefaultRegisteredInvocations:removeLast:32","11","19988"
"org.apache.dubbo.rpc.cluster.support.AbstractClusterInvokerTest#testSelect_multiInvokers","<main>","3","MONITOREXIT","org/apache/dubbo/common/extension/ExtensionLoader:getExtensionClasses:570","2","15000"
"org.apache.dubbo.rpc.cluster.support.AbstractClusterInvokerTest#testSelect_multiInvokers","<main>","3","MONITORENTER","org/mockito/internal/verification/DefaultRegisteredInvocations:isEmpty:55","6","19687"
"org.apache.dubbo.rpc.cluster.support.AbstractClusterInvokerTest#testSelect_multiInvokers","<main>","2","java/lang/Thread.currentThread()Ljava/lang/Thread;","org/apache/log4j/helpers/Loader:getTCL:166","3","17500"
"org.apache.dubbo.rpc.cluster.support.AbstractClusterInvokerTest#testSelect_multiInvokers","<main>","3","MONITOREXIT","org/mockito/internal/stubbing/InvocationContainerImpl:findAnswerFor:88","13","19994"
"org.apache.dubbo.rpc.cluster.support.AbstractClusterInvokerTest#testSelect_multiInvokers","<main>","2","java/util/concurrent/ThreadLocalRandom.nextInt(I)I","org/apache/dubbo/rpc/cluster/loadbalance/RandomLoadBalance:doSelect:60","2","6250"
"org.apache.dubbo.rpc.cluster.support.AbstractClusterInvokerTest#testSelect_multiInvokers","<main>","1","MONITOREXIT","org/mockito/internal/stubbing/InvocationContainerImpl:findAnswerFor:88","9","19960"
"org.apache.dubbo.rpc.cluster.support.AbstractClusterInvokerTest#testSelect_multiInvokers","<main>","1","MONITOREXIT","org/mockito/internal/stubbing/InvocationContainerImpl:findAnswerFor:91","7","19843"
"org.apache.dubbo.rpc.cluster.support.AbstractClusterInvokerTest#testSelect_multiInvokers","<main>","1","MONITOREXIT","org/mockito/internal/stubbing/InvocationContainerImpl:findAnswerFor:88","1","10000"
"org.apache.dubbo.rpc.cluster.support.AbstractClusterInvokerTest#testSelect_multiInvokers","<main>","3","MONITORENTER","org/mockito/internal/verification/DefaultRegisteredInvocations:clear:49","14","19995"
"org.apache.dubbo.rpc.cluster.support.AbstractClusterInvokerTest#testSelect_multiInvokers","<main>","1","java/util/concurrent/atomic/AtomicIntegerFieldUpdater.getAndIncrement(Ljava/lang/Object;)I","org/apache/dubbo/common/utils/AtomicPositiveInteger:getAndIncrement:39","1","10000"
"org.apache.dubbo.rpc.cluster.support.AbstractClusterInvokerTest#testSelect_multiInvokers","<main>","2","java/lang/Thread.currentThread()Ljava/lang/Thread;","org/mockito/internal/configuration/plugins/PluginInitializer:loadImpl:32","5","13320"
"org.apache.dubbo.rpc.cluster.support.AbstractClusterInvokerTest#testSelect_multiInvokers","<main>","3","java/util/concurrent/atomic/AtomicIntegerFieldUpdater.getAndIncrement(Ljava/lang/Object;)I","org/apache/dubbo/common/utils/AtomicPositiveInteger:getAndIncrement:40","13","19994"
"org.apache.dubbo.rpc.cluster.support.AbstractClusterInvokerTest#testSelect_multiInvokers","<main>","2","MONITOREXIT","org/mockito/internal/verification/DefaultRegisteredInvocations:clear:51","12","19992"
"org.apache.dubbo.rpc.cluster.support.AbstractClusterInvokerTest#testSelect_multiInvokers","<main>","3","MONITORENTER","org/mockito/internal/verification/DefaultRegisteredInvocations:removeLast:32","12","19992"
"org.apache.dubbo.rpc.cluster.support.AbstractClusterInvokerTest#testSelect_multiInvokers","<main>","1","MONITORENTER","org/apache/log4j/Hierarchy:getLogger:272","3","17500"
"org.apache.dubbo.rpc.cluster.support.AbstractClusterInvokerTest#testSelect_multiInvokers","<main>","2","MONITOREXIT","org/mockito/internal/stubbing/InvocationContainerImpl:findAnswerFor:91","14","19995"
"org.apache.dubbo.rpc.cluster.support.AbstractClusterInvokerTest#testSelect_multiInvokers","<main>","1","MONITORENTER","org/apache/dubbo/common/extension/ExtensionLoader:getAdaptiveExtension:452","1","10000"
"org.apache.dubbo.rpc.cluster.support.AbstractClusterInvokerTest#testSelect_multiInvokers","<main>","3","MONITOREXIT","org/mockito/internal/stubbing/InvocationContainerImpl:addAnswer:74","14","19995"
"org.apache.dubbo.rpc.cluster.support.AbstractClusterInvokerTest#testSelect_multiInvokers","<main>","3","MONITOREXIT","org/mockito/internal/stubbing/InvocationContainerImpl:addAnswer:74","3","17500"
"org.apache.dubbo.rpc.cluster.support.AbstractClusterInvokerTest#testSelect_multiInvokers","<main>","1","MONITOREXIT","org/mockito/internal/stubbing/InvocationContainerImpl:findAnswerFor:91","1","10000"
"org.apache.dubbo.rpc.cluster.support.AbstractClusterInvokerTest#testSelect_multiInvokers","<main>","3","MONITOREXIT","org/apache/dubbo/common/extension/ExtensionLoader:getExtensionClasses:570","4","18750"
"org.apache.dubbo.rpc.cluster.support.AbstractClusterInvokerTest#testSelect_multiInvokers","<main>","3","java/lang/Thread.currentThread()Ljava/lang/Thread;","org/mockito/internal/configuration/plugins/PluginInitializer:loadImpl:32","3","13125"
"org.apache.dubbo.rpc.cluster.support.AbstractClusterInvokerTest#testSelect_multiInvokers","<main>","3","MONITOREXIT","org/mockito/internal/stubbing/InvocationContainerImpl:findAnswerFor:91","11","19988"
"org.apache.dubbo.rpc.cluster.support.AbstractClusterInvokerTest#testSelect_multiInvokers","<main>","1","java/util/concurrent/ThreadLocalRandom.nextInt(I)I","org/apache/dubbo/rpc/cluster/loadbalance/LeastActiveLoadBalance:doSelect:83","7","6664"
"org.apache.dubbo.rpc.cluster.support.AbstractClusterInvokerTest#testSelect_multiInvokers","<main>","2","MONITORENTER","org/apache/dubbo/common/extension/ExtensionLoader:getExtension:318","2","15000"
"org.apache.dubbo.rpc.cluster.support.AbstractClusterInvokerTest#testSelect_multiInvokers","<main>","3","MONITORENTER","org/mockito/internal/stubbing/StubbedInvocationMatcher:answer:33","3","17500"
"org.apache.dubbo.rpc.cluster.support.AbstractClusterInvokerTest#testSelect_multiInvokers","<main>","3","java/util/concurrent/ThreadLocalRandom.nextInt(I)I","org/apache/dubbo/rpc/cluster/loadbalance/LeastActiveLoadBalance:doSelect:83","2","6250"
"org.apache.dubbo.rpc.cluster.support.AbstractClusterInvokerTest#testSelect_multiInvokers","<main>","3","MONITORENTER","org/mockito/internal/stubbing/InvocationContainerImpl:findAnswerFor:83","11","19988"
"org.apache.dubbo.rpc.cluster.support.AbstractClusterInvokerTest#testSelect_multiInvokers","<main>","1","MONITORENTER","org/mockito/internal/stubbing/InvocationContainerImpl:addAnswer:68","7","19843"
"org.apache.dubbo.rpc.cluster.support.AbstractClusterInvokerTest#testSelect_multiInvokers","<main>","2","MONITOREXIT","org/apache/log4j/Hierarchy:getLogger:279","7","19843"
"org.apache.dubbo.rpc.cluster.support.AbstractClusterInvokerTest#testSelect_multiInvokers","<main>","1","java/util/concurrent/ConcurrentMap.putIfAbsent(Ljava/lang/Object;Ljava/lang/Object;)Ljava/lang/Object;","org/apache/dubbo/common/logger/LoggerFactory:getLogger:109","3","17500"
"org.apache.dubbo.rpc.cluster.support.AbstractClusterInvokerTest#testSelect_multiInvokers","<main>","1","java/lang/Thread.getContextClassLoader()Ljava/lang/ClassLoader;","org/mockito/internal/configuration/plugins/PluginInitializer:loadImpl:31","3","6562"
"org.apache.dubbo.rpc.cluster.support.AbstractClusterInvokerTest#testSelect_multiInvokers","<main>","2","MONITOREXIT","org/mockito/internal/verification/DefaultRegisteredInvocations:removeLast:36","8","19921"
"org.apache.dubbo.rpc.cluster.support.AbstractClusterInvokerTest#testSelect_multiInvokers","<main>","3","MONITORENTER","org/mockito/internal/stubbing/InvocationContainerImpl:findAnswerFor:83","2","15000"
"org.apache.dubbo.rpc.cluster.support.AbstractClusterInvokerTest#testSelect_multiInvokers","<main>","1","MONITORENTER","org/mockito/internal/stubbing/InvocationContainerImpl:addAnswer:68","12","19992"
"org.apache.dubbo.rpc.cluster.support.AbstractClusterInvokerTest#testSelect_multiInvokers","<main>","3","MONITOREXIT","org/mockito/internal/verification/DefaultRegisteredInvocations:isEmpty:56","9","19960"
"org.apache.dubbo.rpc.cluster.support.AbstractClusterInvokerTest#testSelect_multiInvokers","<main>","3","java/util/concurrent/ThreadLocalRandom.nextInt(I)I","org/apache/dubbo/rpc/cluster/loadbalance/LeastActiveLoadBalance:doSelect:83","4","6640"
"org.apache.dubbo.rpc.cluster.support.AbstractClusterInvokerTest#testSelect_multiInvokers","<main>","1","SYNCHRONIZED_METHOD_EXIT","org/mockito/internal/progress/SequenceNumber:next:12","13","19994"
"org.apache.dubbo.rpc.cluster.support.AbstractClusterInvokerTest#testSelect_multiInvokers","<main>","3","MONITOREXIT","org/mockito/internal/stubbing/InvocationContainerImpl:findAnswerFor:91","12","19992"
"org.apache.dubbo.rpc.cluster.support.AbstractClusterInvokerTest#testSelect_multiInvokers","<main>","3","java/util/concurrent/ConcurrentHashMap.get(Ljava/lang/Object;)Ljava/lang/Object;","org/objenesis/ObjenesisBase:getInstantiatorOf:93","3","17500"
"org.apache.dubbo.rpc.cluster.support.AbstractClusterInvokerTest#testSelect_multiInvokers","<main>","1","java/util/concurrent/ThreadLocalRandom.nextInt(I)I","org/apache/dubbo/rpc/cluster/loadbalance/RandomLoadBalance:doSelect:60","1","5000"
"org.apache.dubbo.rpc.cluster.support.AbstractClusterInvokerTest#testSelect_multiInvokers","<main>","3","MONITOREXIT","org/mockito/internal/verification/DefaultRegisteredInvocations:isEmpty:56","4","18750"
"org.apache.dubbo.rpc.cluster.support.AbstractClusterInvokerTest#testSelect_multiInvokers","<main>","3","MONITORENTER","org/mockito/internal/verification/DefaultRegisteredInvocations:removeLast:32","13","19994"
"org.apache.dubbo.rpc.cluster.support.AbstractClusterInvokerTest#testSelect_multiInvokers","<main>","3","java/util/concurrent/ThreadLocalRandom.current()Ljava/util/concurrent/ThreadLocalRandom;","org/apache/dubbo/rpc/cluster/loadbalance/LeastActiveLoadBalance:doSelect:83","5","13320"
"org.apache.dubbo.rpc.cluster.support.AbstractClusterInvokerTest#testSelect_multiInvokers","<main>","1","java/util/concurrent/ThreadLocalRandom.nextInt(I)I","org/apache/dubbo/rpc/cluster/loadbalance/LeastActiveLoadBalance:doSelect:84","7","6664"
"org.apache.dubbo.rpc.cluster.support.AbstractClusterInvokerTest#testSelect_multiInvokers","<main>","2","MONITORENTER","org/apache/dubbo/common/extension/ExtensionLoader:getExtension:318","4","18750"
"org.apache.dubbo.rpc.cluster.support.AbstractClusterInvokerTest#testSelect_multiInvokers","<main>","1","java/lang/Thread.currentThread()Ljava/lang/Thread;","org/mockito/internal/configuration/plugins/PluginInitializer:loadImpl:32","5","13320"
"org.apache.dubbo.rpc.cluster.support.AbstractClusterInvokerTest#testSelect_multiInvokers","<main>","1","MONITOREXIT","org/apache/log4j/Hierarchy:getLogger:279","3","17500"
"org.apache.dubbo.rpc.cluster.support.AbstractClusterInvokerTest#testSelect_multiInvokers","<main>","1","MONITOREXIT","org/mockito/internal/stubbing/InvocationContainerImpl:findAnswerFor:91","14","19995"
"org.apache.dubbo.rpc.cluster.support.AbstractClusterInvokerTest#testSelect_multiInvokers","<main>","1","MONITOREXIT","org/mockito/internal/verification/DefaultRegisteredInvocations:isEmpty:56","12","19992"
"org.apache.dubbo.rpc.cluster.support.AbstractClusterInvokerTest#testSelect_multiInvokers","<main>","2","java/util/concurrent/atomic/AtomicInteger.get()I","org/apache/dubbo/rpc/RpcStatus:getActive:181","3","17500"
"org.apache.dubbo.rpc.cluster.support.AbstractClusterInvokerTest#testSelect_multiInvokers","<main>","2","MONITORENTER","org/mockito/internal/verification/DefaultRegisteredInvocations:removeLast:32","12","19992"
"org.apache.dubbo.rpc.cluster.support.AbstractClusterInvokerTest#testSelect_multiInvokers","<main>","2","MONITOREXIT","org/apache/log4j/Hierarchy:getLogger:279","4","18750"
"org.apache.dubbo.rpc.cluster.support.AbstractClusterInvokerTest#testSelect_multiInvokers","<main>","3","java/util/concurrent/ConcurrentMap.putIfAbsent(Ljava/lang/Object;Ljava/lang/Object;)Ljava/lang/Object;","org/apache/dubbo/rpc/RpcStatus:getStatus:91","1","10000"
"org.apache.dubbo.rpc.cluster.support.AbstractClusterInvokerTest#testSelect_multiInvokers","<main>","3","MONITORENTER","org/mockito/internal/stubbing/InvocationContainerImpl:findAnswerFor:83","4","18750"
"org.apache.dubbo.rpc.cluster.support.AbstractClusterInvokerTest#testSelect_multiInvokers","<main>","2","MONITOREXIT","org/mockito/internal/verification/DefaultRegisteredInvocations:add:27","11","19988"
"org.apache.dubbo.rpc.cluster.support.AbstractClusterInvokerTest#testSelect_multiInvokers","<main>","2","java/util/concurrent/atomic/AtomicIntegerFieldUpdater.getAndIncrement(Ljava/lang/Object;)I","org/apache/dubbo/common/utils/AtomicPositiveInteger:getAndIncrement:39","12","19992"
"org.apache.dubbo.rpc.cluster.support.AbstractClusterInvokerTest#testSelect_multiInvokers","<main>","1","java/lang/Thread.getName()Ljava/lang/String;","org/apache/log4j/spi/LoggingEvent:getThreadName:388","1","5000"
"org.apache.dubbo.rpc.cluster.support.AbstractClusterInvokerTest#testSelect_multiInvokers","<main>","2","MONITOREXIT","org/mockito/internal/verification/DefaultRegisteredInvocations:add:27","2","15000"
"org.apache.dubbo.rpc.cluster.support.AbstractClusterInvokerTest#testSelect_multiInvokers","<main>","2","MONITOREXIT","org/mockito/internal/verification/DefaultRegisteredInvocations:add:27","7","19843"
"org.apache.dubbo.rpc.cluster.support.AbstractClusterInvokerTest#testSelect_multiInvokers","<main>","3","java/util/concurrent/atomic/AtomicIntegerFieldUpdater.newUpdater(Ljava/lang/Class;Ljava/lang/String;)Ljava/util/concurrent/atomic/AtomicIntegerFieldUpdater;","org/apache/dubbo/common/utils/AtomicPositiveInteger:<clinit>:26","1","10000"
"org.apache.dubbo.rpc.cluster.support.AbstractClusterInvokerTest#testSelect_multiInvokers","<main>","3","MONITORENTER","org/mockito/internal/verification/DefaultRegisteredInvocations:clear:49","8","19921"
"org.apache.dubbo.rpc.cluster.support.AbstractClusterInvokerTest#testSelect_multiInvokers","<main>","3","java/util/concurrent/atomic/AtomicInteger.get()I","org/apache/dubbo/rpc/RpcStatus:getActive:180","11","19988"
"org.apache.dubbo.rpc.cluster.support.AbstractClusterInvokerTest#testSelect_multiInvokers","<main>","3","MONITOREXIT","org/mockito/internal/verification/DefaultRegisteredInvocations:isEmpty:56","14","19995"
"org.apache.dubbo.rpc.cluster.support.AbstractClusterInvokerTest#testSelect_multiInvokers","<main>","1","MONITORENTER","org/mockito/internal/stubbing/InvocationContainerImpl:addAnswer:68","13","19994"
"org.apache.dubbo.rpc.cluster.support.AbstractClusterInvokerTest#testSelect_multiInvokers","<main>","2","SYNCHRONIZED_METHOD_ENTER","org/mockito/internal/progress/SequenceNumber:next:0","10","19979"
"org.apache.dubbo.rpc.cluster.support.AbstractClusterInvokerTest#testSelect_multiInvokers","<main>","2","java/util/concurrent/ThreadLocalRandom.nextInt(I)I","org/apache/dubbo/rpc/cluster/loadbalance/LeastActiveLoadBalance:doSelect:83","6","6663"
"org.apache.dubbo.rpc.cluster.support.AbstractClusterInvokerTest#testSelect_multiInvokers","<main>","2","MONITORENTER","org/mockito/internal/stubbing/InvocationContainerImpl:findAnswerFor:83","10","19979"
"org.apache.dubbo.rpc.cluster.support.AbstractClusterInvokerTest#testSelect_multiInvokers","<main>","3","MONITOREXIT","org/mockito/internal/stubbing/InvocationContainerImpl:findAnswerFor:91","13","19994"
"org.apache.dubbo.rpc.cluster.support.AbstractClusterInvokerTest#testSelect_multiInvokers","<main>","2","SYNCHRONIZED_METHOD_EXIT","org/mockito/internal/progress/SequenceNumber:next:12","8","19921"
"org.apache.dubbo.rpc.cluster.support.AbstractClusterInvokerTest#testSelect_multiInvokers","<main>","1","java/util/concurrent/atomic/AtomicIntegerFieldUpdater.getAndIncrement(Ljava/lang/Object;)I","org/apache/dubbo/common/utils/AtomicPositiveInteger:getAndIncrement:40","11","19988"
"org.apache.dubbo.rpc.cluster.support.AbstractClusterInvokerTest#testSelect_multiInvokers","<main>","3","java/util/concurrent/atomic/AtomicInteger.get()I","org/apache/dubbo/rpc/RpcStatus:getActive:180","2","15000"
"org.apache.dubbo.rpc.cluster.support.AbstractClusterInvokerTest#testSelect_multiInvokers","<main>","3","MONITOREXIT","org/mockito/internal/stubbing/InvocationContainerImpl:addAnswer:74","8","19921"
"org.apache.dubbo.rpc.cluster.support.AbstractClusterInvokerTest#testSelect_multiInvokers","<main>","3","java/util/concurrent/atomic/AtomicInteger.get()I","org/apache/dubbo/rpc/RpcStatus:getActive:181","12","19992"
"org.apache.dubbo.rpc.cluster.support.AbstractClusterInvokerTest#testSelect_multiInvokers","<main>","3","java/util/concurrent/ThreadLocalRandom.current()Ljava/util/concurrent/ThreadLocalRandom;","org/apache/dubbo/rpc/cluster/loadbalance/RandomLoadBalance:doSelect:59","5","13320"
"org.apache.dubbo.rpc.cluster.support.AbstractClusterInvokerTest#testSelect_multiInvokers","<main>","3","MONITORENTER","org/mockito/internal/stubbing/InvocationContainerImpl:addAnswer:68","6","19687"
"org.apache.dubbo.rpc.cluster.support.AbstractClusterInvokerTest#testSelect_multiInvokers","<main>","2","MONITOREXIT","org/mockito/internal/verification/DefaultRegisteredInvocations:add:27","9","19960"
"org.apache.dubbo.rpc.cluster.support.AbstractClusterInvokerTest#testSelect_multiInvokers","<main>","2","SYNCHRONIZED_METHOD_ENTER","org/mockito/internal/progress/SequenceNumber:next:0","5","19375"
"org.apache.dubbo.rpc.cluster.support.AbstractClusterInvokerTest#testSelect_multiInvokers","<main>","1","java/util/concurrent/atomic/AtomicIntegerFieldUpdater.getAndIncrement(Ljava/lang/Object;)I","org/apache/dubbo/common/utils/AtomicPositiveInteger:getAndIncrement:40","2","15000"
"org.apache.dubbo.rpc.cluster.support.AbstractClusterInvokerTest#testSelect_multiInvokers","<main>","2","java/util/concurrent/Callable.call()Ljava/lang/Object;","net/bytebuddy/TypeCache:findOrInsert:138","1","10000"
"org.apache.dubbo.rpc.cluster.support.AbstractClusterInvokerTest#testSelect_multiInvokers","<main>","2","MONITORENTER","org/mockito/internal/stubbing/InvocationContainerImpl:findAnswerFor:83","5","19375"
"org.apache.dubbo.rpc.cluster.support.AbstractClusterInvokerTest#testSelect_multiInvokers","<main>","1","MONITORENTER","org/apache/log4j/xml/DOMConfigurator:parseRoot:491","1","10000"
"org.apache.dubbo.rpc.cluster.support.AbstractClusterInvokerTest#testSelect_multiInvokers","<main>","3","MONITOREXIT","org/mockito/internal/verification/DefaultRegisteredInvocations:add:27","12","19992"
"org.apache.dubbo.rpc.cluster.support.AbstractClusterInvokerTest#testSelect_multiInvokers","<main>","2","java/lang/Thread.getContextClassLoader()Ljava/lang/ClassLoader;","org/mockito/internal/configuration/plugins/PluginInitializer:loadImpl:31","2","6250"
"org.apache.dubbo.rpc.cluster.support.AbstractClusterInvokerTest#testSelect_multiInvokers","<main>","2","java/util/concurrent/ThreadLocalRandom.nextInt(I)I","org/apache/dubbo/rpc/cluster/loadbalance/RandomLoadBalance:doSelect:59","6","6663"
"org.apache.dubbo.rpc.cluster.support.AbstractClusterInvokerTest#testSelect_multiInvokers","<main>","2","MONITOREXIT","org/mockito/internal/verification/DefaultRegisteredInvocations:add:27","4","18750"
"org.apache.dubbo.rpc.cluster.support.AbstractClusterInvokerTest#testSelect_multiInvokers","<main>","3","java/util/concurrent/atomic/AtomicInteger.get()I","org/apache/dubbo/rpc/RpcStatus:getActive:180","9","19960"
"org.apache.dubbo.rpc.cluster.support.AbstractClusterInvokerTest#testSelect_multiInvokers","<main>","1","MONITORENTER","org/apache/dubbo/common/extension/ExtensionLoader:getExtension:318","4","18750"
"org.apache.dubbo.rpc.cluster.support.AbstractClusterInvokerTest#testSelect_multiInvokers","<main>","1","java/util/concurrent/ThreadLocalRandom.nextInt(I)I","org/apache/dubbo/rpc/cluster/loadbalance/RandomLoadBalance:doSelect:60","5","6659"
"org.apache.dubbo.rpc.cluster.support.AbstractClusterInvokerTest#testSelect_multiInvokers","<main>","3","java/util/concurrent/atomic/AtomicInteger.get()I","org/apache/dubbo/rpc/RpcStatus:getActive:180","1","10000"
"org.apache.dubbo.rpc.cluster.support.AbstractClusterInvokerTest#testSelect_multiInvokers","<main>","1","java/util/concurrent/ConcurrentHashMap.get(Ljava/lang/Object;)Ljava/lang/Object;","org/objenesis/ObjenesisBase:getInstantiatorOf:92","3","17500"
"org.apache.dubbo.rpc.cluster.support.AbstractClusterInvokerTest#testSelect_multiInvokers","<main>","2","MONITORENTER","org/apache/log4j/Hierarchy:getLogger:272","5","19375"
"org.apache.dubbo.rpc.cluster.support.AbstractClusterInvokerTest#testSelect_multiInvokers","<main>","2","java/lang/Thread.getContextClassLoader()Ljava/lang/ClassLoader;","org/mockito/internal/configuration/plugins/PluginInitializer:loadImpl:31","4","6640"
"org.apache.dubbo.rpc.cluster.support.AbstractClusterInvokerTest#testSelect_multiInvokers","<main>","2","MONITOREXIT","org/mockito/internal/stubbing/InvocationContainerImpl:findAnswerFor:88","3","17500"
"org.apache.dubbo.rpc.cluster.support.AbstractClusterInvokerTest#testSelect_multiInvokers","<main>","3","java/lang/Thread.currentThread()Ljava/lang/Thread;","org/apache/log4j/helpers/Loader:getTCL:167","3","17500"
"org.apache.dubbo.rpc.cluster.support.AbstractClusterInvokerTest#testSelect_multiInvokers","<main>","1","java/util/concurrent/ThreadLocalRandom.nextInt(I)I","org/apache/dubbo/rpc/cluster/loadbalance/RandomLoadBalance:doSelect:59","3","6562"
"org.apache.dubbo.rpc.cluster.support.AbstractClusterInvokerTest#testSelect_multiInvokers","<main>","3","MONITORENTER","org/mockito/internal/verification/DefaultRegisteredInvocations:add:25","8","19921"
"org.apache.dubbo.rpc.cluster.support.AbstractClusterInvokerTest#testSelect_multiInvokers","<main>","2","MONITOREXIT","org/mockito/internal/verification/DefaultRegisteredInvocations:clear:51","14","19995"
"org.apache.dubbo.rpc.cluster.support.AbstractClusterInvokerTest#testSelect_multiInvokers","<main>","2","MONITOREXIT","org/mockito/internal/verification/DefaultRegisteredInvocations:removeLast:36","6","19687"
"org.apache.dubbo.rpc.cluster.support.AbstractClusterInvokerTest#testSelect_multiInvokers","<main>","3","MONITOREXIT","net/bytebuddy/dynamic/loading/ClassInjector$UsingReflection:inject:191","1","10000"
"org.apache.dubbo.rpc.cluster.support.AbstractClusterInvokerTest#testSelect_multiInvokers","<main>","1","java/util/concurrent/atomic/AtomicIntegerFieldUpdater.getAndIncrement(Ljava/lang/Object;)I","org/apache/dubbo/common/utils/AtomicPositiveInteger:getAndIncrement:40","9","19960"
"org.apache.dubbo.rpc.cluster.support.AbstractClusterInvokerTest#testSelect_multiInvokers","<main>","2","MONITOREXIT","org/apache/dubbo/common/extension/ExtensionLoader:getExtension:324","3","17500"
"org.apache.dubbo.rpc.cluster.support.AbstractClusterInvokerTest#testSelect_multiInvokers","<main>","2","SYNCHRONIZED_METHOD_ENTER","org/apache/log4j/WriterAppender:setWriter:0","1","10000"
"org.apache.dubbo.rpc.cluster.support.AbstractClusterInvokerTest#testSelect_multiInvokers","<main>","1","MONITORENTER","org/mockito/internal/verification/DefaultRegisteredInvocations:isEmpty:55","7","19843"
"org.apache.dubbo.rpc.cluster.support.AbstractClusterInvokerTest#testSelect_multiInvokers","<main>","3","java/util/concurrent/atomic/AtomicInteger.get()I","org/apache/dubbo/rpc/RpcStatus:getActive:180","4","18750"
"org.apache.dubbo.rpc.cluster.support.AbstractClusterInvokerTest#testSelect_multiInvokers","<main>","2","MONITOREXIT","org/mockito/internal/verification/DefaultRegisteredInvocations:clear:51","3","17500"
"org.apache.dubbo.rpc.cluster.support.AbstractClusterInvokerTest#testSelect_multiInvokers","<main>","3","MONITOREXIT","net/bytebuddy/dynamic/loading/ClassInjector$UsingReflection:inject:191","4","18750"
"org.apache.dubbo.rpc.cluster.support.AbstractClusterInvokerTest#testSelect_multiInvokers","<main>","2","java/util/concurrent/ThreadLocalRandom.current()Ljava/util/concurrent/ThreadLocalRandom;","org/apache/dubbo/rpc/cluster/loadbalance/RandomLoadBalance:doSelect:60","4","13281"
"org.apache.dubbo.rpc.cluster.support.AbstractClusterInvokerTest#testSelect_multiInvokers","<main>","1","java/util/concurrent/atomic/AtomicIntegerFieldUpdater.getAndIncrement(Ljava/lang/Object;)I","org/apache/dubbo/common/utils/AtomicPositiveInteger:getAndIncrement:40","4","18750"
"org.apache.dubbo.rpc.cluster.support.AbstractClusterInvokerTest#testSelect_multiInvokers","<main>","1","java/util/concurrent/Callable.call()Ljava/lang/Object;","net/bytebuddy/TypeCache:findOrInsert:138","1","10000"
"org.apache.dubbo.rpc.cluster.support.AbstractClusterInvokerTest#testSelect_multiInvokers","<main>","2","java/util/concurrent/ConcurrentMap.putIfAbsent(Ljava/lang/Object;Ljava/lang/Object;)Ljava/lang/Object;","org/apache/dubbo/common/extension/ExtensionLoader:createExtension:506","2","15000"
"org.apache.dubbo.rpc.cluster.support.AbstractClusterInvokerTest#testSelect_multiInvokers","<main>","3","java/util/concurrent/ConcurrentHashMap.get(Ljava/lang/Object;)Ljava/lang/Object;","org/objenesis/ObjenesisBase:getInstantiatorOf:92","5","19375"
"org.apache.dubbo.rpc.cluster.support.AbstractClusterInvokerTest#testSelect_multiInvokers","<main>","2","java/lang/Thread.currentThread()Ljava/lang/Thread;","org/mockito/internal/configuration/plugins/PluginInitializer:loadImpl:32","2","12500"
"org.apache.dubbo.rpc.cluster.support.AbstractClusterInvokerTest#testSelect_multiInvokers","<main>","3","MONITORENTER","org/mockito/internal/stubbing/InvocationContainerImpl:addAnswer:68","11","19988"
"org.apache.dubbo.rpc.cluster.support.AbstractClusterInvokerTest#testSelect_multiInvokers","<main>","1","MONITOREXIT","org/apache/log4j/Hierarchy:getLogger:279","8","19921"
"org.apache.dubbo.rpc.cluster.support.AbstractClusterInvokerTest#testSelect_multiInvokers","<main>","2","MONITOREXIT","org/mockito/internal/stubbing/StubbedInvocationMatcher:answer:35","6","19687"
"org.apache.dubbo.rpc.cluster.support.AbstractClusterInvokerTest#testSelect_multiInvokers","<main>","2","java/util/concurrent/atomic/AtomicInteger.get()I","org/apache/dubbo/rpc/RpcStatus:getActive:181","8","19921"
"org.apache.dubbo.rpc.cluster.support.AbstractClusterInvokerTest#testSelect_multiInvokers","<main>","1","java/lang/Thread.getContextClassLoader()Ljava/lang/ClassLoader;","org/mockito/internal/configuration/plugins/PluginInitializer:loadImpl:31","5","6659"
"org.apache.dubbo.rpc.cluster.support.AbstractClusterInvokerTest#testSelect_multiInvokers","<main>","1","SYNCHRONIZED_METHOD_EXIT","org/apache/log4j/WriterAppender:setWriter:298","1","10000"
"org.apache.dubbo.rpc.cluster.support.AbstractClusterInvokerTest#testSelect_multiInvokers","<main>","3","MONITORENTER","org/mockito/internal/stubbing/InvocationContainerImpl:addAnswer:68","2","15000"
"org.apache.dubbo.rpc.cluster.support.AbstractClusterInvokerTest#testSelect_multiInvokers","<main>","3","MONITORENTER","org/mockito/internal/stubbing/InvocationContainerImpl:addAnswer:68","7","19843"
"org.apache.dubbo.rpc.cluster.support.AbstractClusterInvokerTest#testSelect_multiInvokers","<main>","3","java/util/concurrent/atomic/AtomicInteger.get()I","org/apache/dubbo/rpc/RpcStatus:getActive:180","13","19994"
"org.apache.dubbo.rpc.cluster.support.AbstractClusterInvokerTest#testSelect_multiInvokers","<main>","2","java/util/concurrent/ThreadLocalRandom.current()Ljava/util/concurrent/ThreadLocalRandom;","org/apache/dubbo/rpc/cluster/loadbalance/LeastActiveLoadBalance:doSelect:84","2","12500"
"org.apache.dubbo.rpc.cluster.support.AbstractClusterInvokerTest#testSelect_multiInvokers","<main>","2","MONITORENTER","org/mockito/internal/stubbing/StubbedInvocationMatcher:answer:33","6","19687"
"org.apache.dubbo.rpc.cluster.support.AbstractClusterInvokerTest#testSelect_multiInvokers","<main>","2","MONITORENTER","org/mockito/internal/stubbing/InvocationContainerImpl:addAnswer:68","1","10000"
"org.apache.dubbo.rpc.cluster.support.AbstractClusterInvokerTest#testSelect_multiInvokers","<main>","3","MONITOREXIT","org/mockito/internal/stubbing/StubbedInvocationMatcher:answer:35","8","19921"
"org.apache.dubbo.rpc.cluster.support.AbstractClusterInvokerTest#testSelect_multiInvokers","<main>","2","SYNCHRONIZED_METHOD_EXIT","org/mockito/internal/progress/SequenceNumber:next:12","5","19375"
"org.apache.dubbo.rpc.cluster.support.AbstractClusterInvokerTest#testSelect_multiInvokers","<main>","3","MONITOREXIT","org/mockito/internal/stubbing/InvocationContainerImpl:addAnswer:74","5","19375"
"org.apache.dubbo.rpc.cluster.support.AbstractClusterInvokerTest#testSelect_multiInvokers","<main>","3","MONITOREXIT","org/mockito/internal/verification/DefaultRegisteredInvocations:removeLast:36","1","10000"
"org.apache.dubbo.rpc.cluster.support.AbstractClusterInvokerTest#testSelect_multiInvokers","<main>","1","java/util/concurrent/atomic/AtomicIntegerFieldUpdater.getAndIncrement(Ljava/lang/Object;)I","org/apache/dubbo/common/utils/AtomicPositiveInteger:getAndIncrement:40","13","19994"
"org.apache.dubbo.rpc.cluster.support.AbstractClusterInvokerTest#testSelect_multiInvokers","<main>","3","java/util/concurrent/ConcurrentHashMap.get(Ljava/lang/Object;)Ljava/lang/Object;","org/objenesis/ObjenesisBase:getInstantiatorOf:92","6","19687"
"org.apache.dubbo.rpc.cluster.support.AbstractClusterInvokerTest#testSelect_multiInvokers","<main>","1","java/util/concurrent/ConcurrentMap.putIfAbsent(Ljava/lang/Object;Ljava/lang/Object;)Ljava/lang/Object;","org/apache/dubbo/common/extension/ExtensionLoader:getExtension:313","2","15000"
"org.apache.dubbo.rpc.cluster.support.AbstractClusterInvokerTest#testSelect_multiInvokers","<main>","2","MONITOREXIT","org/mockito/internal/verification/DefaultRegisteredInvocations:removeLast:36","11","19988"
"org.apache.dubbo.rpc.cluster.support.AbstractClusterInvokerTest#testSelect_multiInvokers","<main>","3","MONITORENTER","org/mockito/internal/stubbing/InvocationContainerImpl:addAnswer:68","10","19979"
"org.apache.dubbo.rpc.cluster.support.AbstractClusterInvokerTest#testSelect_multiInvokers","<main>","3","java/util/concurrent/ConcurrentMap.putIfAbsent(Ljava/lang/Object;Ljava/lang/Object;)Ljava/lang/Object;","org/apache/dubbo/rpc/RpcStatus:getStatus:90","1","10000"
"org.apache.dubbo.rpc.cluster.support.AbstractClusterInvokerTest#testSelect_multiInvokers","<main>","2","java/util/concurrent/ConcurrentMap.putIfAbsent(Ljava/lang/Object;Ljava/lang/Object;)Ljava/lang/Object;","org/apache/dubbo/common/extension/ExtensionLoader:createExtension:506","4","18750"
"org.apache.dubbo.rpc.cluster.support.AbstractClusterInvokerTest#testSelect_multiInvokers","<main>","2","MONITOREXIT","org/apache/log4j/Hierarchy:getLogger:279","6","19687"
"org.apache.dubbo.rpc.cluster.support.AbstractClusterInvokerTest#testSelect_multiInvokers","<main>","1","MONITORENTER","org/apache/log4j/Hierarchy:getLogger:272","6","19687"
"org.apache.dubbo.rpc.cluster.support.AbstractClusterInvokerTest#testSelect_multiInvokers","<main>","3","MONITORENTER","org/mockito/internal/stubbing/StubbedInvocationMatcher:answer:33","5","19375"
"org.apache.dubbo.rpc.cluster.support.AbstractClusterInvokerTest#testSelect_multiInvokers","<main>","3","MONITORENTER","org/apache/dubbo/common/extension/ExtensionLoader:getExtensionClasses:564","3","17500"
"org.apache.dubbo.rpc.cluster.support.AbstractClusterInvokerTest#testSelect_multiInvokers","<main>","3","java/util/concurrent/ConcurrentMap.putIfAbsent(Ljava/lang/Object;Ljava/lang/Object;)Ljava/lang/Object;","org/apache/dubbo/rpc/cluster/loadbalance/RoundRobinLoadBalance:doSelect:60","1","10000"
"org.apache.dubbo.rpc.cluster.support.AbstractClusterInvokerTest#testSelect_multiInvokers","<main>","1","MONITORENTER","org/mockito/internal/verification/DefaultRegisteredInvocations:clear:49","8","19921"
"org.apache.dubbo.rpc.cluster.support.AbstractClusterInvokerTest#testSelect_multiInvokers","<main>","1","java/util/concurrent/atomic/AtomicIntegerFieldUpdater.getAndIncrement(Ljava/lang/Object;)I","org/apache/dubbo/common/utils/AtomicPositiveInteger:getAndIncrement:39","8","19921"
"org.apache.dubbo.rpc.cluster.support.AbstractClusterInvokerTest#testSelect_multiInvokers","<main>","1","MONITOREXIT","org/mockito/internal/verification/DefaultRegisteredInvocations:isEmpty:56","14","19995"
"org.apache.dubbo.rpc.cluster.support.AbstractClusterInvokerTest#testSelect_multiInvokers","<main>","1","MONITOREXIT","org/apache/dubbo/common/extension/ExtensionLoader:getExtension:324","3","17500"
"org.apache.dubbo.rpc.cluster.support.AbstractClusterInvokerTest#testSelect_multiInvokers","<main>","2","MONITORENTER","org/mockito/internal/verification/DefaultRegisteredInvocations:removeLast:32","14","19995"
"org.apache.dubbo.rpc.cluster.support.AbstractClusterInvokerTest#testSelect_multiInvokers","<main>","2","MONITOREXIT","net/bytebuddy/dynamic/loading/ClassInjector$UsingReflection:inject:191","1","10000"
"org.apache.dubbo.rpc.cluster.support.AbstractClusterInvokerTest#testSelect_multiInvokers","<main>","1","MONITOREXIT","org/mockito/internal/verification/DefaultRegisteredInvocations:isEmpty:56","3","17500"
"org.apache.dubbo.rpc.cluster.support.AbstractClusterInvokerTest#testSelect_multiInvokers","<main>","1","java/util/concurrent/atomic/AtomicInteger.get()I","org/apache/dubbo/rpc/RpcStatus:getActive:180","2","15000"
"org.apache.dubbo.rpc.cluster.support.AbstractClusterInvokerTest#testSelect_multiInvokers","<main>","1","java/util/concurrent/atomic/AtomicInteger.get()I","org/apache/dubbo/rpc/RpcStatus:getActive:180","7","19843"
"org.apache.dubbo.rpc.cluster.support.AbstractClusterInvokerTest#testSelect_multiInvokers","<main>","1","MONITORENTER","net/bytebuddy/TypeCache:findOrInsert:158","2","15000"
"org.apache.dubbo.rpc.cluster.support.AbstractClusterInvokerTest#testSelect_multiInvokers","<main>","3","java/util/concurrent/ConcurrentHashMap.get(Ljava/lang/Object;)Ljava/lang/Object;","org/objenesis/ObjenesisBase:getInstantiatorOf:93","5","19375"
"org.apache.dubbo.rpc.cluster.support.AbstractClusterInvokerTest#testSelect_multiInvokers","<main>","1","MONITOREXIT","net/bytebuddy/dynamic/loading/ClassInjector$UsingReflection:inject:191","3","17500"
"org.apache.dubbo.rpc.cluster.support.AbstractClusterInvokerTest#testSelect_multiInvokers","<main>","1","SYNCHRONIZED_METHOD_EXIT","org/mockito/internal/progress/SequenceNumber:next:12","7","19843"
"org.apache.dubbo.rpc.cluster.support.AbstractClusterInvokerTest#testSelect_multiInvokers","<main>","3","java/util/concurrent/ThreadLocalRandom.nextInt(I)I","org/apache/dubbo/rpc/cluster/loadbalance/LeastActiveLoadBalance:doSelect:83","3","6562"
"org.apache.dubbo.rpc.cluster.support.AbstractClusterInvokerTest#testSelect_multiInvokers","<main>","3","java/util/concurrent/ThreadLocalRandom.current()Ljava/util/concurrent/ThreadLocalRandom;","org/apache/dubbo/rpc/cluster/loadbalance/LeastActiveLoadBalance:doSelect:83","2","12500"
"org.apache.dubbo.rpc.cluster.support.AbstractClusterInvokerTest#testSelect_multiInvokers","<main>","2","MONITOREXIT","net/bytebuddy/dynamic/loading/ClassInjector$UsingReflection:inject:191","4","18750"
"org.apache.dubbo.rpc.cluster.support.AbstractClusterInvokerTest#testSelect_multiInvokers","<main>","2","java/util/concurrent/atomic/AtomicInteger.get()I","org/apache/dubbo/rpc/RpcStatus:getActive:181","10","19979"
"org.apache.dubbo.rpc.cluster.support.AbstractClusterInvokerTest#testSelect_multiInvokers","<main>","3","SYNCHRONIZED_METHOD_EXIT","org/apache/log4j/AppenderSkeleton:doAppend:252","1","10000"
"org.apache.dubbo.rpc.cluster.support.AbstractClusterInvokerTest#testSelect_multiInvokers","<main>","1","MONITOREXIT","org/mockito/internal/stubbing/InvocationContainerImpl:addAnswer:74","6","19687"
"org.apache.dubbo.rpc.cluster.support.AbstractClusterInvokerTest#testSelect_multiInvokers","<main>","1","java/util/concurrent/ConcurrentMap.putIfAbsent(Ljava/lang/Object;Ljava/lang/Object;)Ljava/lang/Object;","org/apache/dubbo/common/extension/ExtensionLoader:getExtension:313","4","18750"
"org.apache.dubbo.rpc.cluster.support.AbstractClusterInvokerTest#testSelect_multiInvokers","<main>","2","MONITOREXIT","org/apache/dubbo/common/extension/ExtensionLoader:getExtension:324","8","19921"
"org.apache.dubbo.rpc.cluster.support.AbstractClusterInvokerTest#testSelect_multiInvokers","<main>","1","MONITOREXIT","org/apache/log4j/Hierarchy:getLogger:279","5","19375"
"org.apache.dubbo.rpc.cluster.support.AbstractClusterInvokerTest#testSelect_multiInvokers","<main>","1","java/util/concurrent/atomic/AtomicInteger.get()I","org/apache/dubbo/rpc/RpcStatus:getActive:180","9","19960"
"org.apache.dubbo.rpc.cluster.support.AbstractClusterInvokerTest#testSelect_multiInvokers","<main>","3","MONITORENTER","org/mockito/internal/stubbing/InvocationContainerImpl:addAnswer:68","13","19994"
"org.apache.dubbo.rpc.cluster.support.AbstractClusterInvokerTest#testSelect_multiInvokers","<main>","1","java/util/concurrent/atomic/AtomicInteger.get()I","org/apache/dubbo/rpc/RpcStatus:getActive:180","1","10000"
"org.apache.dubbo.rpc.cluster.support.AbstractClusterInvokerTest#testSelect_multiInvokers","<main>","2","java/util/concurrent/atomic/AtomicInteger.get()I","org/apache/dubbo/rpc/RpcStatus:getActive:181","5","19375"
"org.apache.dubbo.rpc.cluster.support.AbstractClusterInvokerTest#testSelect_multiInvokers","<main>","3","java/util/concurrent/ConcurrentHashMap.get(Ljava/lang/Object;)Ljava/lang/Object;","org/objenesis/ObjenesisBase:getInstantiatorOf:92","2","15000"
"org.apache.dubbo.rpc.cluster.support.AbstractClusterInvokerTest#testSelect_multiInvokers","<main>","3","java/util/concurrent/atomic/AtomicInteger.get()I","org/apache/dubbo/rpc/RpcStatus:getActive:181","14","19995"
"org.apache.dubbo.rpc.cluster.support.AbstractClusterInvokerTest#testSelect_multiInvokers","<main>","3","MONITOREXIT","org/mockito/internal/stubbing/InvocationContainerImpl:findAnswerFor:91","9","19960"
"org.apache.dubbo.rpc.cluster.support.AbstractClusterInvokerTest#testSelect_multiInvokers","<main>","1","MONITORENTER","org/mockito/internal/verification/DefaultRegisteredInvocations:add:25","8","19921"
"org.apache.dubbo.rpc.cluster.support.AbstractClusterInvokerTest#testSelect_multiInvokers","<main>","3","java/util/concurrent/ThreadLocalRandom.nextInt(I)I","org/apache/dubbo/rpc/cluster/loadbalance/RandomLoadBalance:doSelect:59","5","6659"
"org.apache.dubbo.rpc.cluster.support.AbstractClusterInvokerTest#testSelect_multiInvokers","<main>","2","java/lang/Thread.currentThread()Ljava/lang/Thread;","org/mockito/internal/configuration/plugins/PluginInitializer:loadImpl:31","5","13320"
"org.apache.dubbo.rpc.cluster.support.AbstractClusterInvokerTest#testSelect_multiInvokers","<main>","2","MONITORENTER","org/mockito/internal/stubbing/StubbedInvocationMatcher:answer:33","10","19979"
"org.apache.dubbo.rpc.cluster.support.AbstractClusterInvokerTest#testSelect_multiInvokers","<main>","1","java/util/concurrent/atomic/AtomicInteger.get()I","org/apache/dubbo/rpc/RpcStatus:getActive:180","4","18750"
"org.apache.dubbo.rpc.cluster.support.AbstractClusterInvokerTest#testSelect_multiInvokers","<main>","2","SYNCHRONIZED_METHOD_EXIT","org/mockito/internal/progress/SequenceNumber:next:12","11","19988"
"org.apache.dubbo.rpc.cluster.support.AbstractClusterInvokerTest#testSelect_multiInvokers","<main>","2","java/util/concurrent/ConcurrentMap.putIfAbsent(Ljava/lang/Object;Ljava/lang/Object;)Ljava/lang/Object;","org/apache/dubbo/common/extension/ExtensionLoader:getExtensionLoader:120","1","10000"
"org.apache.dubbo.rpc.cluster.support.AbstractClusterInvokerTest#testSelect_multiInvokers","<main>","3","java/util/concurrent/ThreadLocalRandom.nextInt(I)I","org/apache/dubbo/rpc/cluster/loadbalance/RandomLoadBalance:doSelect:60","6","6663"
"org.apache.dubbo.rpc.cluster.support.AbstractClusterInvokerTest#testSelect_multiInvokers","<main>","3","java/util/concurrent/ThreadLocalRandom.nextInt(I)I","org/apache/dubbo/rpc/cluster/loadbalance/LeastActiveLoadBalance:doSelect:84","4","6640"
"org.apache.dubbo.rpc.cluster.support.AbstractClusterInvokerTest#testSelect_multiInvokers","<main>","1","MONITOREXIT","org/mockito/internal/verification/DefaultRegisteredInvocations:removeLast:36","3","17500"
"org.apache.dubbo.rpc.cluster.support.AbstractClusterInvokerTest#testSelect_multiInvokers","<main>","2","SYNCHRONIZED_METHOD_EXIT","org/mockito/internal/progress/SequenceNumber:next:12","2","15000"
"org.apache.dubbo.rpc.cluster.support.AbstractClusterInvokerTest#testSelect_multiInvokers","<main>","2","java/util/concurrent/ThreadLocalRandom.current()Ljava/util/concurrent/ThreadLocalRandom;","org/apache/dubbo/rpc/cluster/loadbalance/LeastActiveLoadBalance:doSelect:83","4","13281"
"org.apache.dubbo.rpc.cluster.support.AbstractClusterInvokerTest#testSelect_multiInvokers","<main>","2","SYNCHRONIZED_METHOD_ENTER","org/mockito/internal/progress/SequenceNumber:next:0","12","19992"
"org.apache.dubbo.rpc.cluster.support.AbstractClusterInvokerTest#testSelect_multiInvokers","<main>","3","java/util/concurrent/ConcurrentMap.putIfAbsent(Ljava/lang/Object;Ljava/lang/Object;)Ljava/lang/Object;","org/apache/dubbo/common/extension/ExtensionLoader:getExtension:314","2","15000"
"org.apache.dubbo.rpc.cluster.support.AbstractClusterInvokerTest#testSelect_multiInvokers","<main>","3","java/util/concurrent/atomic/AtomicIntegerFieldUpdater.getAndIncrement(Ljava/lang/Object;)I","org/apache/dubbo/common/utils/AtomicPositiveInteger:getAndIncrement:39","10","19979"
"org.apache.dubbo.rpc.cluster.support.AbstractClusterInvokerTest#testSelect_multiInvokers","<main>","2","MONITORENTER","org/mockito/internal/stubbing/StubbedInvocationMatcher:answer:33","5","19375"
"org.apache.dubbo.rpc.cluster.support.AbstractClusterInvokerTest#testSelect_multiInvokers","<main>","3","java/util/concurrent/ThreadLocalRandom.nextInt(I)I","org/apache/dubbo/rpc/cluster/loadbalance/RandomLoadBalance:doSelect:60","5","6659"
"org.apache.dubbo.rpc.cluster.support.AbstractClusterInvokerTest#testSelect_multiInvokers","<main>","3","MONITORENTER","org/mockito/internal/verification/DefaultRegisteredInvocations:isEmpty:55","11","19988"
"org.apache.dubbo.rpc.cluster.support.AbstractClusterInvokerTest#testSelect_multiInvokers","<main>","3","java/util/concurrent/ThreadLocalRandom.current()Ljava/util/concurrent/ThreadLocalRandom;","org/apache/dubbo/rpc/cluster/loadbalance/LeastActiveLoadBalance:doSelect:84","6","13329"
"org.apache.dubbo.rpc.cluster.support.AbstractClusterInvokerTest#testSelect_multiInvokers","<main>","1","java/util/concurrent/ConcurrentMap.putIfAbsent(Ljava/lang/Object;Ljava/lang/Object;)Ljava/lang/Object;","net/bytebuddy/TypeCache:insert:101","1","10000"
"org.apache.dubbo.rpc.cluster.support.AbstractClusterInvokerTest#testSelect_multiInvokers","<main>","3","java/util/concurrent/atomic/AtomicIntegerFieldUpdater.getAndIncrement(Ljava/lang/Object;)I","org/apache/dubbo/common/utils/AtomicPositiveInteger:getAndIncrement:39","5","19375"
"org.apache.dubbo.rpc.cluster.support.AbstractClusterInvokerTest#testSelect_multiInvokers","<main>","3","MONITORENTER","org/mockito/internal/verification/DefaultRegisteredInvocations:isEmpty:55","2","15000"
"org.apache.dubbo.rpc.cluster.support.AbstractClusterInvokerTest#testSelect_multiInvokers","<main>","3","MONITORENTER","org/mockito/internal/verification/DefaultRegisteredInvocations:isEmpty:55","7","19843"
"org.apache.dubbo.rpc.cluster.support.AbstractClusterInvokerTest#testSelect_multiInvokers","<main>","1","java/util/concurrent/ConcurrentMap.putIfAbsent(Ljava/lang/Object;Ljava/lang/Object;)Ljava/lang/Object;","org/apache/dubbo/common/logger/LoggerFactory:getLogger:109","2","15000"
"org.apache.dubbo.rpc.cluster.support.AbstractClusterInvokerTest#testSelect_multiInvokers","<main>","3","SYNCHRONIZED_METHOD_EXIT","org/mockito/internal/progress/SequenceNumber:next:12","6","19687"
"org.apache.dubbo.rpc.cluster.support.AbstractClusterInvokerTest#testSelect_multiInvokers","<main>","2","MONITORENTER","org/apache/dubbo/common/extension/ExtensionLoader:getExtension:318","1","10000"
"org.apache.dubbo.rpc.cluster.support.AbstractClusterInvokerTest#testSelect_multiInvokers","<main>","3","java/lang/Thread.getContextClassLoader()Ljava/lang/ClassLoader;","org/mockito/internal/configuration/plugins/PluginInitializer:loadImpl:31","6","6663"
"org.apache.dubbo.rpc.cluster.support.AbstractClusterInvokerTest#testSelect_multiInvokers","<main>","3","java/util/concurrent/ConcurrentHashMap.get(Ljava/lang/Object;)Ljava/lang/Object;","org/objenesis/ObjenesisBase:getInstantiatorOf:93","2","15000"
"org.apache.dubbo.rpc.cluster.support.AbstractClusterInvokerTest#testSelect_multiInvokers","<main>","1","MONITORENTER","org/mockito/internal/verification/DefaultRegisteredInvocations:clear:49","6","19687"
"org.apache.dubbo.rpc.cluster.support.AbstractClusterInvokerTest#testSelect_multiInvokers","<main>","3","java/util/concurrent/ConcurrentMap.putIfAbsent(Ljava/lang/Object;Ljava/lang/Object;)Ljava/lang/Object;","org/apache/dubbo/common/extension/ExtensionLoader:getExtension:314","4","18750"
"org.apache.dubbo.rpc.cluster.support.AbstractClusterInvokerTest#testSelect_multiInvokers","<main>","3","java/lang/Thread.currentThread()Ljava/lang/Thread;","org/mockito/internal/configuration/plugins/PluginInitializer:loadImpl:32","4","13281"
"org.apache.dubbo.rpc.cluster.support.AbstractClusterInvokerTest#testSelect_multiInvokers","<main>","1","java/util/concurrent/Callable.call()Ljava/lang/Object;","net/bytebuddy/TypeCache:findOrInsert:137","1","10000"
"org.apache.dubbo.rpc.cluster.support.AbstractClusterInvokerTest#testSelect_multiInvokers","<main>","3","MONITORENTER","org/mockito/internal/verification/DefaultRegisteredInvocations:isEmpty:55","9","19960"
"org.apache.dubbo.rpc.cluster.support.AbstractClusterInvokerTest#testSelect_multiInvokers","<main>","1","MONITORENTER","org/apache/dubbo/common/extension/ExtensionLoader:getExtensionClasses:564","3","17500"
"org.apache.dubbo.rpc.cluster.support.AbstractClusterInvokerTest#testSelect_multiInvokers","<main>","2","java/util/concurrent/ConcurrentMap.putIfAbsent(Ljava/lang/Object;Ljava/lang/Object;)Ljava/lang/Object;","org/apache/dubbo/common/extension/ExtensionLoader:getExtension:314","2","15000"
"org.apache.dubbo.rpc.cluster.support.AbstractClusterInvokerTest#testSelect_multiInvokers","<main>","2","MONITOREXIT","org/apache/dubbo/common/extension/ExtensionLoader:getExtension:324","5","19375"
"org.apache.dubbo.rpc.cluster.support.AbstractClusterInvokerTest#testSelect_multiInvokers","<main>","3","java/lang/Thread.getContextClassLoader()Ljava/lang/ClassLoader;","org/mockito/internal/configuration/plugins/PluginInitializer:loadImpl:31","5","6659"
"org.apache.dubbo.rpc.cluster.support.AbstractClusterInvokerTest#testSelect_multiInvokers","<main>","3","MONITOREXIT","org/apache/dubbo/common/extension/ExtensionLoader:getExtensionClasses:570","3","17500"
"org.apache.dubbo.rpc.cluster.support.AbstractClusterInvokerTest#testSelect_multiInvokers","<main>","2","java/lang/Thread.getContextClassLoader()Ljava/lang/ClassLoader;","org/mockito/internal/configuration/plugins/PluginInitializer:loadImpl:31","3","6562"
"org.apache.dubbo.rpc.cluster.support.AbstractClusterInvokerTest#testSelect_multiInvokers","<main>","2","java/util/concurrent/atomic/AtomicIntegerFieldUpdater.getAndIncrement(Ljava/lang/Object;)I","org/apache/dubbo/common/utils/AtomicPositiveInteger:getAndIncrement:40","5","19375"
"org.apache.dubbo.rpc.cluster.support.AbstractClusterInvokerTest#testSelect_multiInvokers","<main>","2","MONITORENTER","net/bytebuddy/dynamic/loading/ClassInjector$UsingReflection:inject:162","1","10000"
"org.apache.dubbo.rpc.cluster.support.AbstractClusterInvokerTest#testSelect_multiInvokers","<main>","1","MONITORENTER","org/mockito/internal/verification/DefaultRegisteredInvocations:add:25","5","19375"
"org.apache.dubbo.rpc.cluster.support.AbstractClusterInvokerTest#testSelect_multiInvokers","<main>","3","MONITORENTER","org/mockito/internal/verification/DefaultRegisteredInvocations:isEmpty:55","4","18750"
"org.apache.dubbo.rpc.cluster.support.AbstractClusterInvokerTest#testSelect_multiInvokers","<main>","2","SYNCHRONIZED_METHOD_ENTER","org/apache/log4j/Category:getAllAppenders:0","1","10000"
"org.apache.dubbo.rpc.cluster.support.AbstractClusterInvokerTest#testSelect_multiInvokers","<main>","1","java/util/concurrent/ConcurrentMap.putIfAbsent(Ljava/lang/Object;Ljava/lang/Object;)Ljava/lang/Object;","org/apache/dubbo/common/extension/ExtensionLoader:getExtensionLoader:120","1","10000"
"org.apache.dubbo.rpc.cluster.support.AbstractClusterInvokerTest#testSelect_multiInvokers","<main>","2","java/util/concurrent/ThreadLocalRandom.nextInt(I)I","org/apache/dubbo/rpc/cluster/loadbalance/LeastActiveLoadBalance:doSelect:84","3","6562"
"org.apache.dubbo.rpc.cluster.support.AbstractClusterInvokerTest#testSelect_multiInvokers","<main>","2","MONITOREXIT","org/apache/dubbo/common/extension/ExtensionLoader:getExtension:324","6","19687"
"org.apache.dubbo.rpc.cluster.support.AbstractClusterInvokerTest#testSelect_multiInvokers","<main>","2","java/util/concurrent/ThreadLocalRandom.nextInt(I)I","org/apache/dubbo/rpc/cluster/loadbalance/RandomLoadBalance:doSelect:60","7","6664"
"org.apache.dubbo.rpc.cluster.support.AbstractClusterInvokerTest#testSelect_multiInvokers","<main>","3","java/util/concurrent/ConcurrentHashMap.get(Ljava/lang/Object;)Ljava/lang/Object;","org/objenesis/ObjenesisBase:getInstantiatorOf:93","4","18750"
"org.apache.dubbo.rpc.cluster.support.AbstractClusterInvokerTest#testSelect_multiInvokers","<main>","2","MONITOREXIT","org/apache/log4j/Category:callAppenders:211","3","17500"
"org.apache.dubbo.rpc.cluster.support.AbstractClusterInvokerTest#testSelect_multiInvokers","<main>","3","MONITOREXIT","org/mockito/internal/stubbing/InvocationContainerImpl:findAnswerFor:88","8","19921"
"org.apache.dubbo.rpc.cluster.support.AbstractClusterInvokerTest#testSelect_multiInvokers","<main>","2","MONITORENTER","org/mockito/internal/verification/DefaultRegisteredInvocations:add:25","12","19992"
"org.apache.dubbo.rpc.cluster.support.AbstractClusterInvokerTest#testSelect_multiInvokers","<main>","1","java/util/concurrent/ConcurrentHashMap.putIfAbsent(Ljava/lang/Object;Ljava/lang/Object;)Ljava/lang/Object;","org/objenesis/ObjenesisBase:getInstantiatorOf:96","1","10000"
"org.apache.dubbo.rpc.cluster.support.AbstractClusterInvokerTest#testSelect_multiInvokers","<main>","3","MONITOREXIT","org/mockito/internal/verification/DefaultRegisteredInvocations:isEmpty:56","3","17500"
"org.apache.dubbo.rpc.cluster.support.AbstractClusterInvokerTest#testSelect_multiInvokers","<main>","3","MONITORENTER","org/mockito/internal/stubbing/StubbedInvocationMatcher:answer:33","12","19992"
"org.apache.dubbo.rpc.cluster.support.AbstractClusterInvokerTest#testSelect_multiInvokers","<main>","3","SYNCHRONIZED_METHOD_EXIT","org/apache/log4j/Category:addAppender:166","1","10000"
"org.apache.dubbo.rpc.cluster.support.AbstractClusterInvokerTest#testSelect_multiInvokers","<main>","2","MONITORENTER","org/apache/dubbo/common/extension/ExtensionLoader:getExtension:318","3","17500"
"org.apache.dubbo.rpc.cluster.support.AbstractClusterInvokerTest#testSelect_multiInvokers","<main>","2","MONITOREXIT","org/apache/dubbo/common/extension/ExtensionLoader:getExtensionClasses:570","2","15000"
"org.apache.dubbo.rpc.cluster.support.AbstractClusterInvokerTest#testSelect_multiInvokers","<main>","3","java/util/concurrent/ConcurrentMap.putIfAbsent(Ljava/lang/Object;Ljava/lang/Object;)Ljava/lang/Object;","org/apache/dubbo/common/extension/ExtensionLoader:createExtension:506","1","10000"
"org.apache.dubbo.rpc.cluster.support.AbstractClusterInvokerTest#testSelect_multiInvokers","<main>","2","java/lang/Thread.getContextClassLoader()Ljava/lang/ClassLoader;","org/mockito/internal/configuration/plugins/PluginInitializer:loadImpl:32","6","6663"
"org.apache.dubbo.rpc.cluster.support.AbstractClusterInvokerTest#testSelect_multiInvokers","<main>","1","MONITOREXIT","org/mockito/internal/verification/DefaultRegisteredInvocations:clear:51","8","19921"
"org.apache.dubbo.rpc.cluster.support.AbstractClusterInvokerTest#testSelect_multiInvokers","<main>","3","MONITORENTER","org/mockito/internal/stubbing/InvocationContainerImpl:findAnswerFor:83","3","17500"
"org.apache.dubbo.rpc.cluster.support.AbstractClusterInvokerTest#testSelect_multiInvokers","<main>","3","SYNCHRONIZED_METHOD_EXIT","org/mockito/internal/progress/SequenceNumber:next:12","10","19979"
"org.apache.dubbo.rpc.cluster.support.AbstractClusterInvokerTest#testSelect_multiInvokers","<main>","3","java/util/concurrent/atomic/AtomicIntegerFieldUpdater.getAndIncrement(Ljava/lang/Object;)I","org/apache/dubbo/common/utils/AtomicPositiveInteger:getAndIncrement:39","2","15000"
"org.apache.dubbo.rpc.cluster.support.AbstractClusterInvokerTest#testSelect_multiInvokers","<main>","1","java/util/concurrent/ConcurrentMap.putIfAbsent(Ljava/lang/Object;Ljava/lang/Object;)Ljava/lang/Object;","org/apache/dubbo/common/extension/ExtensionLoader:getExtension:314","2","15000"
"org.apache.dubbo.rpc.cluster.support.AbstractClusterInvokerTest#testSelect_multiInvokers","<main>","1","MONITOREXIT","org/apache/dubbo/common/extension/ExtensionLoader:getExtension:324","5","19375"
"org.apache.dubbo.rpc.cluster.support.AbstractClusterInvokerTest#testSelect_multiInvokers","<main>","2","java/util/concurrent/atomic/AtomicInteger.get()I","org/apache/dubbo/rpc/RpcStatus:getActive:180","10","19979"
"org.apache.dubbo.rpc.cluster.support.AbstractClusterInvokerTest#testSelect_multiInvokers","<main>","2","MONITOREXIT","org/mockito/internal/verification/DefaultRegisteredInvocations:isEmpty:56","11","19988"
"org.apache.dubbo.rpc.cluster.support.AbstractClusterInvokerTest#testSelect_multiInvokers","<main>","1","java/util/concurrent/ThreadLocalRandom.current()Ljava/util/concurrent/ThreadLocalRandom;","org/apache/dubbo/rpc/cluster/loadbalance/LeastActiveLoadBalance:doSelect:84","6","13329"
"org.apache.dubbo.rpc.cluster.support.AbstractClusterInvokerTest#testSelect_multiInvokers","<main>","3","java/util/concurrent/ThreadLocalRandom.nextInt(I)I","org/apache/dubbo/rpc/cluster/loadbalance/LeastActiveLoadBalance:doSelect:83","1","5000"
"org.apache.dubbo.rpc.cluster.support.AbstractClusterInvokerTest#testSelect_multiInvokers","<main>","3","java/lang/Thread.currentThread()Ljava/lang/Thread;","org/mockito/internal/configuration/plugins/PluginInitializer:loadImpl:32","6","13329"
"org.apache.dubbo.rpc.cluster.support.AbstractClusterInvokerTest#testSelect_multiInvokers","<main>","1","MONITOREXIT","org/mockito/internal/stubbing/StubbedInvocationMatcher:answer:35","6","19687"
"org.apache.dubbo.rpc.cluster.support.AbstractClusterInvokerTest#testSelect_multiInvokers","<main>","2","MONITORENTER","org/mockito/internal/stubbing/InvocationContainerImpl:addAnswer:68","8","19921"
"org.apache.dubbo.rpc.cluster.support.AbstractClusterInvokerTest#testSelect_multiInvokers","<main>","3","java/lang/Thread.currentThread()Ljava/lang/Thread;","org/apache/log4j/helpers/Loader:getTCL:167","2","15000"
"org.apache.dubbo.rpc.cluster.support.AbstractClusterInvokerTest#testSelect_multiInvokers","<main>","2","java/util/concurrent/atomic/AtomicInteger.get()I","org/apache/dubbo/rpc/RpcStatus:getActive:181","12","19992"
"org.apache.dubbo.rpc.cluster.support.AbstractClusterInvokerTest#testSelect_multiInvokers","<main>","3","java/util/concurrent/atomic/AtomicIntegerFieldUpdater.getAndIncrement(Ljava/lang/Object;)I","org/apache/dubbo/common/utils/AtomicPositiveInteger:getAndIncrement:39","9","19960"
"org.apache.dubbo.rpc.cluster.support.AbstractClusterInvokerTest#testSelect_multiInvokers","<main>","2","MONITOREXIT","org/mockito/internal/verification/DefaultRegisteredInvocations:isEmpty:56","2","15000"
"org.apache.dubbo.rpc.cluster.support.AbstractClusterInvokerTest#testSelect_multiInvokers","<main>","2","MONITOREXIT","org/mockito/internal/verification/DefaultRegisteredInvocations:isEmpty:56","7","19843"
"org.apache.dubbo.rpc.cluster.support.AbstractClusterInvokerTest#testSelect_multiInvokers","<main>","1","MONITOREXIT","org/mockito/internal/stubbing/InvocationContainerImpl:findAnswerFor:91","12","19992"
"org.apache.dubbo.rpc.cluster.support.AbstractClusterInvokerTest#testSelect_multiInvokers","<main>","1","java/util/concurrent/ConcurrentMap.putIfAbsent(Ljava/lang/Object;Ljava/lang/Object;)Ljava/lang/Object;","org/apache/dubbo/common/logger/LoggerFactory:getLogger:108","1","10000"
"org.apache.dubbo.rpc.cluster.support.AbstractClusterInvokerTest#testSelect_multiInvokers","<main>","2","java/util/concurrent/atomic/AtomicInteger.get()I","org/apache/dubbo/rpc/RpcStatus:getActive:180","5","19375"
"org.apache.dubbo.rpc.cluster.support.AbstractClusterInvokerTest#testSelect_multiInvokers","<main>","2","java/lang/Thread.currentThread()Ljava/lang/Thread;","org/mockito/internal/configuration/plugins/PluginInitializer:loadImpl:32","3","13125"
"org.apache.dubbo.rpc.cluster.support.AbstractClusterInvokerTest#testSelect_multiInvokers","<main>","1","SYNCHRONIZED_METHOD_ENTER","org/mockito/internal/progress/SequenceNumber:next:0","13","19994"
"org.apache.dubbo.rpc.cluster.support.AbstractClusterInvokerTest#testSelect_multiInvokers","<main>","2","SYNCHRONIZED_METHOD_EXIT","org/apache/log4j/Category:addAppender:166","1","10000"
"org.apache.dubbo.rpc.cluster.support.AbstractClusterInvokerTest#testSelect_multiInvokers","<main>","1","MONITORENTER","org/mockito/internal/verification/DefaultRegisteredInvocations:isEmpty:55","5","19375"
"org.apache.dubbo.rpc.cluster.support.AbstractClusterInvokerTest#testSelect_multiInvokers","<main>","3","MONITOREXIT","org/mockito/internal/stubbing/InvocationContainerImpl:findAnswerFor:88","10","19979"
"org.apache.dubbo.rpc.cluster.support.AbstractClusterInvokerTest#testSelect_multiInvokers","<main>","2","SYNCHRONIZED_METHOD_ENTER","org/mockito/internal/progress/SequenceNumber:next:0","14","19995"
"org.apache.dubbo.rpc.cluster.support.AbstractClusterInvokerTest#testSelect_multiInvokers","<main>","1","java/util/concurrent/ThreadLocalRandom.nextInt(I)I","org/apache/dubbo/rpc/cluster/loadbalance/RandomLoadBalance:doSelect:60","7","6664"
"org.apache.dubbo.rpc.cluster.support.AbstractClusterInvokerTest#testSelect_multiInvokers","<main>","2","java/util/concurrent/atomic/AtomicIntegerFieldUpdater.getAndIncrement(Ljava/lang/Object;)I","org/apache/dubbo/common/utils/AtomicPositiveInteger:getAndIncrement:40","2","15000"
"org.apache.dubbo.rpc.cluster.support.AbstractClusterInvokerTest#testSelect_multiInvokers","<main>","2","MONITORENTER","org/mockito/internal/stubbing/InvocationContainerImpl:findAnswerFor:83","14","19995"
"org.apache.dubbo.rpc.cluster.support.AbstractClusterInvokerTest#testSelect_multiInvokers","<main>","2","java/lang/Thread.currentThread()Ljava/lang/Thread;","org/mockito/internal/configuration/plugins/PluginInitializer:loadImpl:32","1","10000"
"org.apache.dubbo.rpc.cluster.support.AbstractClusterInvokerTest#testSelect_multiInvokers","<main>","1","MONITORENTER","org/mockito/internal/verification/DefaultRegisteredInvocations:add:25","2","15000"
"org.apache.dubbo.rpc.cluster.support.AbstractClusterInvokerTest#testSelect_multiInvokers","<main>","3","java/util/concurrent/atomic/AtomicIntegerFieldUpdater.getAndIncrement(Ljava/lang/Object;)I","org/apache/dubbo/common/utils/AtomicPositiveInteger:getAndIncrement:39","4","18750"
"org.apache.dubbo.rpc.cluster.support.AbstractClusterInvokerTest#testSelect_multiInvokers","<main>","2","SYNCHRONIZED_METHOD_ENTER","org/mockito/internal/progress/SequenceNumber:next:0","3","17500"
"org.apache.dubbo.rpc.cluster.support.AbstractClusterInvokerTest#testSelect_multiInvokers","<main>","2","MONITOREXIT","org/mockito/internal/verification/DefaultRegisteredInvocations:isEmpty:56","10","19979"
"org.apache.dubbo.rpc.cluster.support.AbstractClusterInvokerTest#testSelect_multiInvokers","<main>","2","MONITOREXIT","org/mockito/internal/stubbing/StubbedInvocationMatcher:answer:35","12","19992"
"org.apache.dubbo.rpc.cluster.support.AbstractClusterInvokerTest#testSelect_multiInvokers","<main>","1","java/util/concurrent/ConcurrentMap.putIfAbsent(Ljava/lang/Object;Ljava/lang/Object;)Ljava/lang/Object;","org/apache/dubbo/common/extension/ExtensionLoader:getExtension:314","4","18750"
"org.apache.dubbo.rpc.cluster.support.AbstractClusterInvokerTest#testSelect_multiInvokers","<main>","2","MONITORENTER","org/mockito/internal/stubbing/InvocationContainerImpl:findAnswerFor:83","3","17500"
"org.apache.dubbo.rpc.cluster.support.AbstractClusterInvokerTest#testSelect_multiInvokers","<main>","3","java/util/concurrent/atomic/AtomicIntegerFieldUpdater.getAndIncrement(Ljava/lang/Object;)I","org/apache/dubbo/common/utils/AtomicPositiveInteger:getAndIncrement:40","10","19979"
"org.apache.dubbo.rpc.cluster.support.AbstractClusterInvokerTest#testSelect_multiInvokers","<main>","3","MONITORENTER","org/mockito/internal/verification/DefaultRegisteredInvocations:removeLast:32","8","19921"
"org.apache.dubbo.rpc.cluster.support.AbstractClusterInvokerTest#testSelect_multiInvokers","<main>","3","MONITOREXIT","org/mockito/internal/stubbing/InvocationContainerImpl:findAnswerFor:88","5","19375"
"org.apache.dubbo.rpc.cluster.support.AbstractClusterInvokerTest#testSelect_multiInvokers","<main>","2","MONITOREXIT","org/mockito/internal/verification/DefaultRegisteredInvocations:add:27","3","17500"
"org.apache.dubbo.rpc.cluster.support.AbstractClusterInvokerTest#testSelect_multiInvokers","<main>","2","MONITORENTER","org/mockito/internal/stubbing/StubbedInvocationMatcher:answer:33","12","19992"
"org.apache.dubbo.rpc.cluster.support.AbstractClusterInvokerTest#testSelect_multiInvokers","<main>","2","MONITOREXIT","org/mockito/internal/stubbing/InvocationContainerImpl:findAnswerFor:91","5","19375"
"org.apache.dubbo.rpc.cluster.support.AbstractClusterInvokerTest#testSelect_multiInvokers","<main>","1","MONITOREXIT","org/apache/dubbo/common/extension/ExtensionLoader:getExtensionClasses:570","2","15000"
"org.apache.dubbo.rpc.cluster.support.AbstractClusterInvokerTest#testSelect_multiInvokers","<main>","3","java/util/concurrent/ThreadLocalRandom.current()Ljava/util/concurrent/ThreadLocalRandom;","org/apache/dubbo/rpc/cluster/loadbalance/LeastActiveLoadBalance:doSelect:83","7","13331"
"org.apache.dubbo.rpc.cluster.support.AbstractClusterInvokerTest#testSelect_multiInvokers","<main>","1","MONITOREXIT","org/mockito/internal/stubbing/InvocationContainerImpl:findAnswerFor:88","13","19994"
"org.apache.dubbo.rpc.cluster.support.AbstractClusterInvokerTest#testSelect_multiInvokers","<main>","2","java/util/concurrent/atomic/AtomicIntegerFieldUpdater.getAndIncrement(Ljava/lang/Object;)I","org/apache/dubbo/common/utils/AtomicPositiveInteger:getAndIncrement:40","9","19960"
"org.apache.dubbo.rpc.cluster.support.AbstractClusterInvokerTest#testSelect_multiInvokers","<main>","3","java/lang/Thread.currentThread()Ljava/lang/Thread;","org/apache/log4j/helpers/Loader:getTCL:167","4","18750"
"org.apache.dubbo.rpc.cluster.support.AbstractClusterInvokerTest#testSelect_multiInvokers","<main>","1","MONITOREXIT","org/mockito/internal/verification/DefaultRegisteredInvocations:removeLast:36","5","19375"
"org.apache.dubbo.rpc.cluster.support.AbstractClusterInvokerTest#testSelect_multiInvokers","<main>","2","java/lang/Thread.currentThread()Ljava/lang/Thread;","org/mockito/internal/configuration/plugins/PluginInitializer:loadImpl:31","6","13329"
"org.apache.dubbo.rpc.cluster.support.AbstractClusterInvokerTest#testSelect_multiInvokers","<main>","3","java/util/concurrent/ThreadLocalRandom.current()Ljava/util/concurrent/ThreadLocalRandom;","org/apache/dubbo/rpc/cluster/loadbalance/RandomLoadBalance:doSelect:60","5","13320"
"org.apache.dubbo.rpc.cluster.support.AbstractClusterInvokerTest#testSelect_multiInvokers","<main>","2","MONITOREXIT","org/mockito/internal/verification/DefaultRegisteredInvocations:removeLast:36","7","19843"
"org.apache.dubbo.rpc.cluster.support.AbstractClusterInvokerTest#testSelect_multiInvokers","<main>","2","java/util/concurrent/atomic/AtomicIntegerFieldUpdater.getAndIncrement(Ljava/lang/Object;)I","org/apache/dubbo/common/utils/AtomicPositiveInteger:getAndIncrement:40","4","18750"
"org.apache.dubbo.rpc.cluster.support.AbstractClusterInvokerTest#testSelect_multiInvokers","<main>","2","java/lang/Thread.currentThread()Ljava/lang/Thread;","org/mockito/internal/creation/bytebuddy/SubclassBytecodeGenerator:mockClass:109","1","10000"
"org.apache.dubbo.rpc.cluster.support.AbstractClusterInvokerTest#testSelect_multiInvokers","<main>","1","java/util/concurrent/atomic/AtomicIntegerFieldUpdater.getAndIncrement(Ljava/lang/Object;)I","org/apache/dubbo/common/utils/AtomicPositiveInteger:getAndIncrement:40","3","17500"
"org.apache.dubbo.rpc.cluster.support.AbstractClusterInvokerTest#testSelect_multiInvokers","<main>","3","java/util/concurrent/ConcurrentMap.putIfAbsent(Ljava/lang/Object;Ljava/lang/Object;)Ljava/lang/Object;","org/apache/dubbo/common/logger/LoggerFactory:getLogger:109","1","10000"
"org.apache.dubbo.rpc.cluster.support.AbstractClusterInvokerTest#testSelect_multiInvokers","<main>","3","MONITOREXIT","org/apache/log4j/Category:callAppenders:211","3","17500"
"org.apache.dubbo.rpc.cluster.support.AbstractClusterInvokerTest#testSelect_multiInvokers","<main>","2","java/util/concurrent/ThreadLocalRandom.nextInt(I)I","org/apache/dubbo/rpc/cluster/loadbalance/LeastActiveLoadBalance:doSelect:84","5","6659"
"org.apache.dubbo.rpc.cluster.support.AbstractClusterInvokerTest#testSelect_multiInvokers","<main>","1","java/util/concurrent/ConcurrentMap.putIfAbsent(Ljava/lang/Object;Ljava/lang/Object;)Ljava/lang/Object;","org/apache/dubbo/common/extension/ExtensionLoader:getExtension:313","1","10000"
"org.apache.dubbo.rpc.cluster.support.AbstractClusterInvokerTest#testSelect_multiInvokers","<main>","3","java/util/concurrent/ThreadLocalRandom.current()Ljava/util/concurrent/ThreadLocalRandom;","org/apache/dubbo/rpc/cluster/loadbalance/LeastActiveLoadBalance:doSelect:83","3","13125"
"org.apache.dubbo.rpc.cluster.support.AbstractClusterInvokerTest#testSelect_multiInvokers","<main>","3","java/lang/Thread.getContextClassLoader()Ljava/lang/ClassLoader;","org/mockito/internal/configuration/plugins/PluginInitializer:loadImpl:32","1","5000"
"org.apache.dubbo.rpc.cluster.support.AbstractClusterInvokerTest#testSelect_multiInvokers","<main>","3","MONITOREXIT","org/mockito/internal/stubbing/InvocationContainerImpl:findAnswerFor:91","8","19921"
"org.apache.dubbo.rpc.cluster.support.AbstractClusterInvokerTest#testSelect_multiInvokers","<main>","2","SYNCHRONIZED_METHOD_EXIT","org/apache/log4j/WriterAppender:setWriter:298","1","10000"
"org.apache.dubbo.rpc.cluster.support.AbstractClusterInvokerTest#testSelect_multiInvokers","<main>","1","MONITOREXIT","org/apache/dubbo/common/extension/ExtensionLoader:getExtensionClasses:570","4","18750"
"org.apache.dubbo.rpc.cluster.support.AbstractClusterInvokerTest#testSelect_multiInvokers","<main>","2","MONITOREXIT","org/mockito/internal/verification/DefaultRegisteredInvocations:isEmpty:56","13","19994"
"org.apache.dubbo.rpc.cluster.support.AbstractClusterInvokerTest#testSelect_multiInvokers","<main>","2","MONITORENTER","org/apache/log4j/Hierarchy:getLogger:272","2","15000"
"org.apache.dubbo.rpc.cluster.support.AbstractClusterInvokerTest#testSelect_multiInvokers","<main>","1","MONITOREXIT","org/mockito/internal/stubbing/StubbedInvocationMatcher:answer:35","10","19979"
"org.apache.dubbo.rpc.cluster.support.AbstractClusterInvokerTest#testSelect_multiInvokers","<main>","1","java/util/concurrent/ThreadLocalRandom.current()Ljava/util/concurrent/ThreadLocalRandom;","org/apache/dubbo/rpc/cluster/loadbalance/RandomLoadBalance:doSelect:60","2","12500"
"org.apache.dubbo.rpc.cluster.support.AbstractClusterInvokerTest#testSelect_multiInvokers","<main>","2","SYNCHRONIZED_METHOD_ENTER","org/mockito/internal/progress/SequenceNumber:next:0","9","19960"
"org.apache.dubbo.rpc.cluster.support.AbstractClusterInvokerTest#testSelect_multiInvokers","<main>","2","MONITOREXIT","org/mockito/internal/verification/DefaultRegisteredInvocations:removeLast:36","1","10000"
"org.apache.dubbo.rpc.cluster.support.AbstractClusterInvokerTest#testSelect_multiInvokers","<main>","1","MONITOREXIT","org/mockito/internal/verification/DefaultRegisteredInvocations:clear:51","6","19687"
"org.apache.dubbo.rpc.cluster.support.AbstractClusterInvokerTest#testSelect_multiInvokers","<main>","3","java/util/concurrent/ThreadLocalRandom.current()Ljava/util/concurrent/ThreadLocalRandom;","org/apache/dubbo/rpc/cluster/loadbalance/LeastActiveLoadBalance:doSelect:83","1","10000"
"org.apache.dubbo.rpc.cluster.support.AbstractClusterInvokerTest#testSelect_multiInvokers","<main>","3","MONITORENTER","org/apache/dubbo/common/extension/ExtensionLoader:getExtension:318","8","19921"
"org.apache.dubbo.rpc.cluster.support.AbstractClusterInvokerTest#testSelect_multiInvokers","<main>","2","java/util/concurrent/ThreadLocalRandom.nextInt(I)I","org/apache/dubbo/rpc/cluster/loadbalance/RandomLoadBalance:doSelect:59","4","6640"
"org.apache.dubbo.rpc.cluster.support.AbstractClusterInvokerTest#testSelect_multiInvokers","<main>","1","MONITOREXIT","net/bytebuddy/TypeCache:findOrInsert:159","1","10000"
"org.apache.dubbo.rpc.cluster.support.AbstractClusterInvokerTest#testSelect_multiInvokers","<main>","3","java/lang/System.currentTimeMillis()J","org/apache/log4j/spi/LoggingEvent:<clinit>:58","1","10000"
"org.apache.dubbo.rpc.cluster.support.AbstractClusterInvokerTest#testSelect_multiInvokers","<main>","2","java/lang/Thread.getContextClassLoader()Ljava/lang/ClassLoader;","org/mockito/internal/configuration/plugins/PluginInitializer:loadImpl:31","1","5000"
"org.apache.dubbo.rpc.cluster.support.AbstractClusterInvokerTest#testSelect_multiInvokers","<main>","1","MONITORENTER","org/mockito/internal/stubbing/InvocationContainerImpl:findAnswerFor:83","3","17500"
"org.apache.dubbo.rpc.cluster.support.AbstractClusterInvokerTest#testSelect_multiInvokers","<main>","2","java/util/concurrent/atomic/AtomicInteger.get()I","org/apache/dubbo/rpc/RpcStatus:getActive:180","2","15000"
"org.apache.dubbo.rpc.cluster.support.AbstractClusterInvokerTest#testSelect_multiInvokers","<main>","3","MONITORENTER","org/mockito/internal/verification/DefaultRegisteredInvocations:clear:49","11","19988"
"org.apache.dubbo.rpc.cluster.support.AbstractClusterInvokerTest#testSelect_multiInvokers","<main>","2","MONITORENTER","org/apache/log4j/Hierarchy:getLogger:272","1","10000"
"org.apache.dubbo.rpc.cluster.support.AbstractClusterInvokerTest#testSelect_multiInvokers","<main>","3","java/util/concurrent/ThreadLocalRandom.current()Ljava/util/concurrent/ThreadLocalRandom;","org/apache/dubbo/rpc/cluster/loadbalance/LeastActiveLoadBalance:doSelect:84","3","13125"
"org.apache.dubbo.rpc.cluster.support.AbstractClusterInvokerTest#testSelect_multiInvokers","<main>","1","java/lang/System.currentTimeMillis()J","org/apache/log4j/spi/LoggingEvent:<clinit>:58","1","10000"
"org.apache.dubbo.rpc.cluster.support.AbstractClusterInvokerTest#testSelect_multiInvokers","<main>","1","java/util/concurrent/ThreadLocalRandom.nextInt(I)I","org/apache/dubbo/rpc/cluster/loadbalance/LeastActiveLoadBalance:doSelect:83","1","5000"
"org.apache.dubbo.rpc.cluster.support.AbstractClusterInvokerTest#testSelect_multiInvokers","<main>","2","java/util/concurrent/atomic/AtomicIntegerFieldUpdater.getAndIncrement(Ljava/lang/Object;)I","org/apache/dubbo/common/utils/AtomicPositiveInteger:getAndIncrement:39","8","19921"
"org.apache.dubbo.rpc.cluster.support.AbstractClusterInvokerTest#testSelect_multiInvokers","<main>","2","MONITOREXIT","org/mockito/internal/stubbing/StubbedInvocationMatcher:answer:35","1","10000"
"org.apache.dubbo.rpc.cluster.support.AbstractClusterInvokerTest#testSelect_multiInvokers","<main>","3","MONITORENTER","org/mockito/internal/verification/DefaultRegisteredInvocations:clear:49","2","15000"
"org.apache.dubbo.rpc.cluster.support.AbstractClusterInvokerTest#testSelect_multiInvokers","<main>","3","MONITORENTER","org/mockito/internal/verification/DefaultRegisteredInvocations:clear:49","7","19843"
"org.apache.dubbo.rpc.cluster.support.AbstractClusterInvokerTest#testSelect_multiInvokers","<main>","1","java/lang/Thread.currentThread()Ljava/lang/Thread;","org/apache/log4j/helpers/Loader:getTCL:167","2","15000"
"org.apache.dubbo.rpc.cluster.support.AbstractClusterInvokerTest#testSelect_multiInvokers","<main>","2","MONITORENTER","org/apache/log4j/Hierarchy:getLogger:272","4","18750"
"org.apache.dubbo.rpc.cluster.support.AbstractClusterInvokerTest#testSelect_multiInvokers","<main>","3","MONITORENTER","org/mockito/internal/stubbing/InvocationContainerImpl:addAnswer:68","3","17500"
"org.apache.dubbo.rpc.cluster.support.AbstractClusterInvokerTest#testSelect_multiInvokers","<main>","3","MONITOREXIT","org/mockito/internal/stubbing/InvocationContainerImpl:findAnswerFor:88","2","15000"
"org.apache.dubbo.rpc.cluster.support.AbstractClusterInvokerTest#testSelect_multiInvokers","<main>","2","java/lang/Thread.currentThread()Ljava/lang/Thread;","org/apache/log4j/helpers/Loader:getTCL:166","1","10000"
"org.apache.dubbo.rpc.cluster.support.AbstractClusterInvokerTest#testSelect_multiInvokers","<main>","2","MONITOREXIT","org/mockito/internal/stubbing/InvocationContainerImpl:findAnswerFor:91","2","15000"
"org.apache.dubbo.rpc.cluster.support.AbstractClusterInvokerTest#testSelect_multiInvokers","<main>","3","java/util/concurrent/atomic/AtomicInteger.get()I","org/apache/dubbo/rpc/RpcStatus:getActive:180","6","19687"
"org.apache.dubbo.rpc.cluster.support.AbstractClusterInvokerTest#testSelect_multiInvokers","<main>","2","SYNCHRONIZED_METHOD_EXIT","org/apache/log4j/AppenderSkeleton:doAppend:252","1","10000"
"org.apache.dubbo.rpc.cluster.support.AbstractClusterInvokerTest#testSelect_multiInvokers","<main>","2","MONITOREXIT","org/mockito/internal/verification/DefaultRegisteredInvocations:removeLast:36","13","19994"
"org.apache.dubbo.rpc.cluster.support.AbstractClusterInvokerTest#testSelect_multiInvokers","<main>","3","MONITOREXIT","org/mockito/internal/stubbing/InvocationContainerImpl:addAnswer:74","2","15000"
"org.apache.dubbo.rpc.cluster.support.AbstractClusterInvokerTest#testSelect_multiInvokers","<main>","2","java/lang/Thread.currentThread()Ljava/lang/Thread;","org/apache/log4j/helpers/Loader:getTCL:167","3","17500"
"org.apache.dubbo.rpc.cluster.support.AbstractClusterInvokerTest#testSelect_multiInvokers","<main>","1","MONITORENTER","org/mockito/internal/stubbing/InvocationContainerImpl:addAnswer:68","10","19979"
"org.apache.dubbo.rpc.cluster.support.AbstractClusterInvokerTest#testSelect_multiInvokers","<main>","1","java/lang/Thread.currentThread()Ljava/lang/Thread;","org/apache/log4j/helpers/Loader:getTCL:166","3","17500"
"org.apache.dubbo.rpc.cluster.support.AbstractClusterInvokerTest#testSelect_multiInvokers","<main>","3","java/util/concurrent/ConcurrentHashMap.get(Ljava/lang/Object;)Ljava/lang/Object;","org/objenesis/ObjenesisBase:getInstantiatorOf:92","1","10000"
"org.apache.dubbo.rpc.cluster.support.AbstractClusterInvokerTest#testSelect_multiInvokers","<main>","3","MONITOREXIT","org/mockito/internal/verification/DefaultRegisteredInvocations:isEmpty:56","5","19375"
"org.apache.dubbo.rpc.cluster.support.AbstractClusterInvokerTest#testSelect_multiInvokers","<main>","2","MONITOREXIT","org/apache/dubbo/common/extension/ExtensionLoader:getAdaptiveExtension:463","2","15000"
"org.apache.dubbo.rpc.cluster.support.AbstractClusterInvokerTest#testSelect_multiInvokers","<main>","2","java/lang/Thread.currentThread()Ljava/lang/Thread;","org/apache/log4j/helpers/Loader:getTCL:166","4","18750"
"org.apache.dubbo.rpc.cluster.support.AbstractClusterInvokerTest#testSelect_multiInvokers","<main>","2","java/util/concurrent/atomic/AtomicInteger.get()I","org/apache/dubbo/rpc/RpcStatus:getActive:180","4","18750"
"org.apache.dubbo.rpc.cluster.support.AbstractClusterInvokerTest#testSelect_multiInvokers","<main>","3","MONITORENTER","org/mockito/internal/verification/DefaultRegisteredInvocations:clear:49","9","19960"
"org.apache.dubbo.rpc.cluster.support.AbstractClusterInvokerTest#testSelect_multiInvokers","<main>","3","java/util/concurrent/ThreadLocalRandom.nextInt(I)I","org/apache/dubbo/rpc/cluster/loadbalance/RandomLoadBalance:doSelect:59","7","6664"
"org.apache.dubbo.rpc.cluster.support.AbstractClusterInvokerTest#testSelect_multiInvokers","<main>","2","MONITORENTER","org/apache/dubbo/common/extension/ExtensionLoader:getExtension:318","5","19375"
"org.apache.dubbo.rpc.cluster.support.AbstractClusterInvokerTest#testSelect_multiInvokers","<main>","1","MONITORENTER","org/apache/log4j/Hierarchy:getLogger:272","1","10000"
"org.apache.dubbo.rpc.cluster.support.AbstractClusterInvokerTest#testSelect_multiInvokers","<main>","2","MONITOREXIT","org/mockito/internal/verification/DefaultRegisteredInvocations:removeLast:36","3","17500"
"org.apache.dubbo.rpc.cluster.support.AbstractClusterInvokerTest#testSelect_multiInvokers","<main>","2","java/util/concurrent/atomic/AtomicInteger.get()I","org/apache/dubbo/rpc/RpcStatus:getActive:181","14","19995"
"org.apache.dubbo.rpc.cluster.support.AbstractClusterInvokerTest#testSelect_multiInvokers","<main>","3","RUNNABLE_CALLABLE_START","org/mockito/internal/creation/bytebuddy/TypeCachingBytecodeGenerator$1:call:0","2","15000"
"org.apache.dubbo.rpc.cluster.support.AbstractClusterInvokerTest#testSelect_multiInvokers","<main>","2","MONITOREXIT","org/mockito/internal/stubbing/InvocationContainerImpl:findAnswerFor:91","9","19960"
"org.apache.dubbo.rpc.cluster.support.AbstractClusterInvokerTest#testSelect_multiInvokers","<main>","3","MONITOREXIT","org/mockito/internal/verification/DefaultRegisteredInvocations:add:27","8","19921"
"org.apache.dubbo.rpc.cluster.support.AbstractClusterInvokerTest#testSelect_multiInvokers","<main>","1","java/util/concurrent/atomic/AtomicIntegerFieldUpdater.newUpdater(Ljava/lang/Class;Ljava/lang/String;)Ljava/util/concurrent/atomic/AtomicIntegerFieldUpdater;","org/apache/dubbo/common/utils/AtomicPositiveInteger:<clinit>:26","1","10000"
"org.apache.dubbo.rpc.cluster.support.AbstractClusterInvokerTest#testSelect_multiInvokers","<main>","3","MONITORENTER","org/mockito/internal/verification/DefaultRegisteredInvocations:clear:49","4","18750"
"org.apache.dubbo.rpc.cluster.support.AbstractClusterInvokerTest#testSelect_multiInvokers","<main>","3","MONITOREXIT","org/mockito/internal/stubbing/InvocationContainerImpl:addAnswer:74","9","19960"
"org.apache.dubbo.rpc.cluster.support.AbstractClusterInvokerTest#testSelect_multiInvokers","<main>","3","MONITOREXIT","org/mockito/internal/stubbing/InvocationContainerImpl:addAnswer:74","1","10000"
"org.apache.dubbo.rpc.cluster.support.AbstractClusterInvokerTest#testSelect_multiInvokers","<main>","1","java/lang/Thread.currentThread()Ljava/lang/Thread;","org/apache/log4j/helpers/Loader:getTCL:167","4","18750"
"org.apache.dubbo.rpc.cluster.support.AbstractClusterInvokerTest#testSelect_multiInvokers","<main>","3","MONITORENTER","org/mockito/internal/stubbing/InvocationContainerImpl:findAnswerFor:83","5","19375"
"org.apache.dubbo.rpc.cluster.support.AbstractClusterInvokerTest#testSelect_multiInvokers","<main>","3","SYNCHRONIZED_METHOD_EXIT","org/mockito/internal/progress/SequenceNumber:next:12","12","19992"
"org.apache.dubbo.rpc.cluster.support.AbstractClusterInvokerTest#testSelect_multiInvokers","<main>","1","java/util/concurrent/ThreadLocalRandom.nextInt(I)I","org/apache/dubbo/rpc/cluster/loadbalance/RandomLoadBalance:doSelect:59","7","6664"
"org.apache.dubbo.rpc.cluster.support.AbstractClusterInvokerTest#testSelect_multiInvokers","<main>","3","MONITORENTER","org/mockito/internal/verification/DefaultRegisteredInvocations:add:25","7","19843"
"org.apache.dubbo.rpc.cluster.support.AbstractClusterInvokerTest#testSelect_multiInvokers","<main>","2","MONITOREXIT","org/mockito/internal/stubbing/InvocationContainerImpl:findAnswerFor:91","4","18750"
"org.apache.dubbo.rpc.cluster.support.AbstractClusterInvokerTest#testSelect_multiInvokers","<main>","2","MONITORENTER","org/mockito/internal/verification/DefaultRegisteredInvocations:removeLast:32","10","19979"
"org.apache.dubbo.rpc.cluster.support.AbstractClusterInvokerTest#testSelect_multiInvokers","<main>","2","java/lang/System.currentTimeMillis()J","org/apache/log4j/spi/LoggingEvent:<clinit>:58","1","10000"
"org.apache.dubbo.rpc.cluster.support.AbstractClusterInvokerTest#testSelect_multiInvokers","<main>","1","java/util/concurrent/ThreadLocalRandom.current()Ljava/util/concurrent/ThreadLocalRandom;","org/apache/dubbo/rpc/cluster/loadbalance/RandomLoadBalance:doSelect:60","5","13320"
"org.apache.dubbo.rpc.cluster.support.AbstractClusterInvokerTest#testSelect_multiInvokers","<main>","2","MONITOREXIT","org/mockito/internal/stubbing/StubbedInvocationMatcher:answer:35","14","19995"
"org.apache.dubbo.rpc.cluster.support.AbstractClusterInvokerTest#testSelect_multiInvokers","<main>","3","MONITOREXIT","org/mockito/internal/stubbing/InvocationContainerImpl:addAnswer:74","4","18750"
"org.apache.dubbo.rpc.cluster.support.AbstractClusterInvokerTest#testSelect_multiInvokers","<main>","3","MONITORENTER","org/mockito/internal/stubbing/StubbedInvocationMatcher:answer:33","9","19960"
"org.apache.dubbo.rpc.cluster.support.AbstractClusterInvokerTest#testSelect_multiInvokers","<main>","3","MONITORENTER","org/mockito/internal/stubbing/StubbedInvocationMatcher:answer:33","1","10000"
"org.apache.dubbo.rpc.cluster.support.AbstractClusterInvokerTest#testSelect_multiInvokers","<main>","3","java/util/concurrent/ConcurrentMap.putIfAbsent(Ljava/lang/Object;Ljava/lang/Object;)Ljava/lang/Object;","org/apache/dubbo/common/extension/ExtensionLoader:createExtension:507","3","17500"
"org.apache.dubbo.rpc.cluster.support.AbstractClusterInvokerTest#testSelect_multiInvokers","<main>","2","MONITOREXIT","org/mockito/internal/stubbing/StubbedInvocationMatcher:answer:35","3","17500"
"org.apache.dubbo.rpc.cluster.support.AbstractClusterInvokerTest#testSelect_multiInvokers","<main>","2","MONITORENTER","org/mockito/internal/stubbing/StubbedInvocationMatcher:answer:33","14","19995"
"org.apache.dubbo.rpc.cluster.support.AbstractClusterInvokerTest#testSelect_multiInvokers","<main>","1","java/util/concurrent/ConcurrentMap.putIfAbsent(Ljava/lang/Object;Ljava/lang/Object;)Ljava/lang/Object;","org/apache/dubbo/common/logger/LoggerFactory:getLogger:109","1","10000"
"org.apache.dubbo.rpc.cluster.support.AbstractClusterInvokerTest#testSelect_multiInvokers","<main>","1","MONITORENTER","org/apache/dubbo/common/extension/ExtensionLoader:getExtensionClasses:564","2","15000"
"org.apache.dubbo.rpc.cluster.support.AbstractClusterInvokerTest#testSelect_multiInvokers","<main>","2","MONITORENTER","org/mockito/internal/stubbing/StubbedInvocationMatcher:answer:33","3","17500"
"org.apache.dubbo.rpc.cluster.support.AbstractClusterInvokerTest#testSelect_multiInvokers","<main>","3","MONITOREXIT","org/mockito/internal/verification/DefaultRegisteredInvocations:removeLast:36","12","19992"
"org.apache.dubbo.rpc.cluster.support.AbstractClusterInvokerTest#testSelect_multiInvokers","<main>","1","MONITOREXIT","org/apache/log4j/Hierarchy:getLogger:279","2","15000"
"org.apache.dubbo.rpc.cluster.support.AbstractClusterInvokerTest#testSelect_multiInvokers","<main>","1","MONITORENTER","org/mockito/internal/stubbing/StubbedInvocationMatcher:answer:33","1","10000"
"org.apache.dubbo.rpc.cluster.support.AbstractClusterInvokerTest#testSelect_multiInvokers","<main>","3","java/util/concurrent/ConcurrentHashMap.get(Ljava/lang/Object;)Ljava/lang/Object;","org/objenesis/ObjenesisBase:getInstantiatorOf:93","1","10000"
"org.apache.dubbo.rpc.cluster.support.AbstractClusterInvokerTest#testSelect_multiInvokers","<main>","3","MONITOREXIT","org/mockito/internal/stubbing/StubbedInvocationMatcher:answer:35","11","19988"
"org.apache.dubbo.rpc.cluster.support.AbstractClusterInvokerTest#testSelect_multiInvokers","<main>","1","java/util/concurrent/ThreadLocalRandom.current()Ljava/util/concurrent/ThreadLocalRandom;","org/apache/dubbo/rpc/cluster/loadbalance/LeastActiveLoadBalance:doSelect:83","2","12500"
"org.apache.dubbo.rpc.cluster.support.AbstractClusterInvokerTest#testSelect_multiInvokers","<main>","2","java/lang/Thread.currentThread()Ljava/lang/Thread;","org/apache/log4j/spi/LoggingEvent:getThreadName:387","1","10000"
"org.apache.dubbo.rpc.cluster.support.AbstractClusterInvokerTest#testSelect_multiInvokers","<main>","3","java/util/concurrent/ConcurrentHashMap.get(Ljava/lang/Object;)Ljava/lang/Object;","org/objenesis/ObjenesisBase:getInstantiatorOf:92","3","17500"
"org.apache.dubbo.rpc.cluster.support.AbstractClusterInvokerTest#testSelect_multiInvokers","<main>","3","SYNCHRONIZED_METHOD_EXIT","org/apache/log4j/Category:getAllAppenders:415","1","10000"
"org.apache.dubbo.rpc.cluster.support.AbstractClusterInvokerTest#testSelect_multiInvokers","<main>","3","java/util/concurrent/atomic/AtomicIntegerFieldUpdater.getAndIncrement(Ljava/lang/Object;)I","org/apache/dubbo/common/utils/AtomicPositiveInteger:getAndIncrement:39","3","17500"
"org.apache.dubbo.rpc.cluster.support.AbstractClusterInvokerTest#testSelect_multiInvokers","<main>","3","java/util/concurrent/ConcurrentMap.putIfAbsent(Ljava/lang/Object;Ljava/lang/Object;)Ljava/lang/Object;","net/bytebuddy/TypeCache:insert:107","1","10000"
"org.apache.dubbo.rpc.cluster.support.AbstractClusterInvokerTest#testSelect_multiInvokers","<main>","3","MONITOREXIT","org/mockito/internal/stubbing/StubbedInvocationMatcher:answer:35","7","19843"
"org.apache.dubbo.rpc.cluster.support.AbstractClusterInvokerTest#testSelect_multiInvokers","<main>","1","MONITORENTER","org/mockito/internal/verification/DefaultRegisteredInvocations:removeLast:32","11","19988"
"org.apache.dubbo.rpc.cluster.support.AbstractClusterInvokerTest#testSelect_multiInvokers","<main>","1","MONITOREXIT","org/apache/log4j/xml/DOMConfigurator:parseRoot:493","2","15000"
"org.apache.dubbo.rpc.cluster.support.AbstractClusterInvokerTest#testSelect_multiInvokers","<main>","1","java/util/concurrent/ConcurrentHashMap.get(Ljava/lang/Object;)Ljava/lang/Object;","org/objenesis/ObjenesisBase:getInstantiatorOf:93","3","17500"
"org.apache.dubbo.rpc.cluster.support.AbstractClusterInvokerTest#testSelect_multiInvokers","<main>","1","java/util/concurrent/ConcurrentMap.putIfAbsent(Ljava/lang/Object;Ljava/lang/Object;)Ljava/lang/Object;","org/apache/dubbo/common/extension/ExtensionLoader:getExtensionLoader:119","1","10000"
"org.apache.dubbo.rpc.cluster.support.AbstractClusterInvokerTest#testSelect_multiInvokers","<main>","2","MONITORENTER","org/mockito/internal/verification/DefaultRegisteredInvocations:isEmpty:55","10","19979"
"org.apache.dubbo.rpc.cluster.support.AbstractClusterInvokerTest#testSelect_multiInvokers","<main>","2","java/lang/System.currentTimeMillis()J","org/apache/log4j/spi/LoggingEvent:<clinit>:57","1","10000"
"org.apache.dubbo.rpc.cluster.support.AbstractClusterInvokerTest#testSelect_multiInvokers","<main>","2","MONITOREXIT","org/mockito/internal/verification/DefaultRegisteredInvocations:add:27","5","19375"
"org.apache.dubbo.rpc.cluster.support.AbstractClusterInvokerTest#testSelect_multiInvokers","<main>","3","java/util/concurrent/atomic/AtomicInteger.get()I","org/apache/dubbo/rpc/RpcStatus:getActive:180","10","19979"
"org.apache.dubbo.rpc.cluster.support.AbstractClusterInvokerTest#testSelect_multiInvokers","<main>","2","MONITOREXIT","net/bytebuddy/dynamic/loading/ClassInjector$UsingReflection:inject:191","6","19687"
"org.apache.dubbo.rpc.cluster.support.AbstractClusterInvokerTest#testSelect_multiInvokers","<main>","1","MONITOREXIT","org/apache/log4j/Hierarchy:getLogger:279","1","10000"
"org.apache.dubbo.rpc.cluster.support.AbstractClusterInvokerTest#testSelect_multiInvokers","<main>","1","MONITORENTER","org/mockito/internal/verification/DefaultRegisteredInvocations:removeLast:32","2","15000"
"org.apache.dubbo.rpc.cluster.support.AbstractClusterInvokerTest#testSelect_multiInvokers","<main>","2","java/util/concurrent/atomic/AtomicInteger.get()I","org/apache/dubbo/rpc/RpcStatus:getActive:181","9","19960"
"org.apache.dubbo.rpc.cluster.support.AbstractClusterInvokerTest#testSelect_multiInvokers","<main>","2","java/util/concurrent/atomic/AtomicInteger.get()I","org/apache/dubbo/rpc/RpcStatus:getActive:181","1","10000"
"org.apache.dubbo.rpc.cluster.support.AbstractClusterInvokerTest#testSelect_multiInvokers","<main>","1","MONITOREXIT","org/mockito/internal/stubbing/InvocationContainerImpl:findAnswerFor:91","9","19960"
"org.apache.dubbo.rpc.cluster.support.AbstractClusterInvokerTest#testSelect_multiInvokers","<main>","1","java/util/concurrent/atomic/AtomicIntegerFieldUpdater.getAndIncrement(Ljava/lang/Object;)I","org/apache/dubbo/common/utils/AtomicPositiveInteger:getAndIncrement:40","10","19979"
"org.apache.dubbo.rpc.cluster.support.AbstractClusterInvokerTest#testSelect_multiInvokers","<main>","3","java/util/concurrent/ThreadLocalRandom.current()Ljava/util/concurrent/ThreadLocalRandom;","org/apache/dubbo/rpc/cluster/loadbalance/RandomLoadBalance:doSelect:60","2","12500"
"org.apache.dubbo.rpc.cluster.support.AbstractClusterInvokerTest#testSelect_multiInvokers","<main>","1","MONITORENTER","org/apache/dubbo/common/extension/ExtensionLoader:getExtensionClasses:564","4","18750"
"org.apache.dubbo.rpc.cluster.support.AbstractClusterInvokerTest#testSelect_multiInvokers","<main>","1","java/util/concurrent/ThreadLocalRandom.current()Ljava/util/concurrent/ThreadLocalRandom;","org/apache/dubbo/rpc/cluster/loadbalance/LeastActiveLoadBalance:doSelect:84","3","13125"
"org.apache.dubbo.rpc.cluster.support.AbstractClusterInvokerTest#testSelect_multiInvokers","<main>","3","MONITOREXIT","org/mockito/internal/verification/DefaultRegisteredInvocations:isEmpty:56","2","15000"
"org.apache.dubbo.rpc.cluster.support.AbstractClusterInvokerTest#testSelect_multiInvokers","<main>","1","MONITORENTER","org/mockito/internal/stubbing/InvocationContainerImpl:addAnswer:68","11","19988"
"org.apache.dubbo.rpc.cluster.support.AbstractClusterInvokerTest#testSelect_multiInvokers","<main>","1","MONITOREXIT","org/apache/log4j/Hierarchy:getLogger:279","4","18750"
"org.apache.dubbo.rpc.cluster.support.AbstractClusterInvokerTest#testSelect_multiInvokers","<main>","2","SYNCHRONIZED_METHOD_ENTER","org/mockito/internal/progress/SequenceNumber:next:0","6","19687"
"org.apache.dubbo.rpc.cluster.support.AbstractClusterInvokerTest#testSelect_multiInvokers","<main>","1","MONITORENTER","org/mockito/internal/verification/DefaultRegisteredInvocations:clear:49","7","19843"
"org.apache.dubbo.rpc.cluster.support.AbstractClusterInvokerTest#testSelect_multiInvokers","<main>","2","MONITORENTER","org/mockito/internal/stubbing/InvocationContainerImpl:findAnswerFor:83","6","19687"
"org.apache.dubbo.rpc.cluster.support.AbstractClusterInvokerTest#testSelect_multiInvokers","<main>","1","MONITOREXIT","org/mockito/internal/stubbing/InvocationContainerImpl:addAnswer:74","14","19995"
"org.apache.dubbo.rpc.cluster.support.AbstractClusterInvokerTest#testSelect_multiInvokers","<main>","2","java/util/concurrent/atomic/AtomicInteger.get()I","org/apache/dubbo/rpc/RpcStatus:getActive:181","4","18750"
"org.apache.dubbo.rpc.cluster.support.AbstractClusterInvokerTest#testSelect_multiInvokers","<main>","2","java/util/concurrent/atomic/AtomicIntegerFieldUpdater.newUpdater(Ljava/lang/Class;Ljava/lang/String;)Ljava/util/concurrent/atomic/AtomicIntegerFieldUpdater;","org/apache/dubbo/common/utils/AtomicPositiveInteger:<clinit>:27","1","10000"
"org.apache.dubbo.rpc.cluster.support.AbstractClusterInvokerTest#testSelect_multiInvokers","<main>","1","java/util/concurrent/atomic/AtomicIntegerFieldUpdater.getAndIncrement(Ljava/lang/Object;)I","org/apache/dubbo/common/utils/AtomicPositiveInteger:getAndIncrement:39","7","19843"
"org.apache.dubbo.rpc.cluster.support.AbstractClusterInvokerTest#testSelect_multiInvokers","<main>","1","MONITOREXIT","org/mockito/internal/stubbing/InvocationContainerImpl:findAnswerFor:91","4","18750"
"org.apache.dubbo.rpc.cluster.support.AbstractClusterInvokerTest#testSelect_multiInvokers","<main>","3","MONITORENTER","org/mockito/internal/verification/DefaultRegisteredInvocations:isEmpty:55","3","17500"
"org.apache.dubbo.rpc.cluster.support.AbstractClusterInvokerTest#testSelect_multiInvokers","<main>","1","MONITORENTER","org/mockito/internal/stubbing/InvocationContainerImpl:addAnswer:68","2","15000"
"org.apache.dubbo.rpc.cluster.support.AbstractClusterInvokerTest#testSelect_multiInvokers","<main>","1","java/util/concurrent/atomic/AtomicIntegerFieldUpdater.getAndIncrement(Ljava/lang/Object;)I","org/apache/dubbo/common/utils/AtomicPositiveInteger:getAndIncrement:40","5","19375"
"org.apache.dubbo.rpc.cluster.support.AbstractClusterInvokerTest#testSelect_multiInvokers","<main>","1","MONITOREXIT","org/mockito/internal/stubbing/InvocationContainerImpl:addAnswer:74","3","17500"
"org.apache.dubbo.rpc.cluster.support.AbstractClusterInvokerTest#testSelect_multiInvokers","<main>","2","java/lang/Thread.getContextClassLoader()Ljava/lang/ClassLoader;","org/mockito/internal/configuration/plugins/PluginInitializer:loadImpl:32","5","6659"
"org.apache.dubbo.rpc.cluster.support.AbstractClusterInvokerTest#testSelect_multiInvokers","<main>","1","java/util/concurrent/atomic/AtomicIntegerFieldUpdater.getAndIncrement(Ljava/lang/Object;)I","org/apache/dubbo/common/utils/AtomicPositiveInteger:getAndIncrement:39","12","19992"
"org.apache.dubbo.rpc.cluster.support.AbstractClusterInvokerTest#testSelect_multiInvokers","<main>","2","java/util/concurrent/ThreadLocalRandom.current()Ljava/util/concurrent/ThreadLocalRandom;","org/apache/dubbo/rpc/cluster/loadbalance/LeastActiveLoadBalance:doSelect:84","7","13331"
"org.apache.dubbo.rpc.cluster.support.AbstractClusterInvokerTest#testSelect_multiInvokers","<main>","2","java/util/concurrent/ThreadLocalRandom.current()Ljava/util/concurrent/ThreadLocalRandom;","org/apache/dubbo/rpc/cluster/loadbalance/RandomLoadBalance:doSelect:59","4","13281"
"org.apache.dubbo.rpc.cluster.support.AbstractClusterInvokerTest#testSelect_multiInvokers","<main>","2","MONITORENTER","org/mockito/internal/stubbing/StubbedInvocationMatcher:answer:33","1","10000"
"org.apache.dubbo.rpc.cluster.support.AbstractClusterInvokerTest#testSelect_multiInvokers","<main>","2","MONITOREXIT","org/mockito/internal/stubbing/InvocationContainerImpl:findAnswerFor:88","8","19921"
"org.apache.dubbo.rpc.cluster.support.AbstractClusterInvokerTest#testSelect_multiInvokers","<main>","1","MONITORENTER","org/mockito/internal/stubbing/StubbedInvocationMatcher:answer:33","3","17500"
"org.apache.dubbo.rpc.cluster.support.AbstractClusterInvokerTest#testSelect_multiInvokers","<main>","1","java/lang/Thread.currentThread()Ljava/lang/Thread;","org/mockito/internal/configuration/plugins/PluginInitializer:loadImpl:31","2","12500"
"org.apache.dubbo.rpc.cluster.support.AbstractClusterInvokerTest#testSelect_multiInvokers","<main>","2","java/util/concurrent/ConcurrentMap.putIfAbsent(Ljava/lang/Object;Ljava/lang/Object;)Ljava/lang/Object;","org/apache/dubbo/common/logger/LoggerFactory:getLogger:108","3","17500"
"org.apache.dubbo.rpc.cluster.support.AbstractClusterInvokerTest#testSelect_multiInvokers","<main>","2","MONITORENTER","org/apache/log4j/xml/DOMConfigurator:parseRoot:491","1","10000"
"org.apache.dubbo.rpc.cluster.support.AbstractClusterInvokerTest#testSelect_multiInvokers","<main>","2","java/util/concurrent/ConcurrentMap.putIfAbsent(Ljava/lang/Object;Ljava/lang/Object;)Ljava/lang/Object;","org/apache/dubbo/common/extension/ExtensionLoader:getExtension:314","3","17500"
"org.apache.dubbo.rpc.cluster.support.AbstractClusterInvokerTest#testSelect_multiInvokers","<main>","1","RUNNABLE_CALLABLE_START","org/mockito/internal/creation/bytebuddy/TypeCachingBytecodeGenerator$1:call:0","2","15000"
"org.apache.dubbo.rpc.cluster.support.AbstractClusterInvokerTest#testSelect_multiInvokers","<main>","1","MONITOREXIT","org/mockito/internal/verification/DefaultRegisteredInvocations:add:27","8","19921"
"org.apache.dubbo.rpc.cluster.support.AbstractClusterInvokerTest#testSelect_multiInvokers","<main>","1","MONITORENTER","org/mockito/internal/stubbing/InvocationContainerImpl:findAnswerFor:83","5","19375"
"org.apache.dubbo.rpc.cluster.support.AbstractClusterInvokerTest#testSelect_multiInvokers","<main>","2","java/lang/Thread.currentThread()Ljava/lang/Thread;","org/mockito/internal/configuration/plugins/PluginInitializer:loadImpl:31","3","13125"
"org.apache.dubbo.rpc.cluster.support.AbstractClusterInvokerTest#testSelect_multiInvokers","<main>","3","MONITOREXIT","org/mockito/internal/stubbing/StubbedInvocationMatcher:answer:35","13","19994"
"org.apache.dubbo.rpc.cluster.support.AbstractClusterInvokerTest#testSelect_multiInvokers","<main>","3","MONITOREXIT","org/mockito/internal/verification/DefaultRegisteredInvocations:clear:51","11","19988"
"org.apache.dubbo.rpc.cluster.support.AbstractClusterInvokerTest#testSelect_multiInvokers","<main>","1","MONITORENTER","org/mockito/internal/stubbing/InvocationContainerImpl:addAnswer:68","4","18750"
"org.apache.dubbo.rpc.cluster.support.AbstractClusterInvokerTest#testSelect_multiInvokers","<main>","2","java/util/concurrent/atomic/AtomicIntegerFieldUpdater.getAndIncrement(Ljava/lang/Object;)I","org/apache/dubbo/common/utils/AtomicPositiveInteger:getAndIncrement:39","2","15000"
"org.apache.dubbo.rpc.cluster.support.AbstractClusterInvokerTest#testSelect_multiInvokers","<main>","1","java/util/concurrent/ConcurrentHashMap.get(Ljava/lang/Object;)Ljava/lang/Object;","org/objenesis/ObjenesisBase:getInstantiatorOf:92","1","10000"
"org.apache.dubbo.rpc.cluster.support.AbstractClusterInvokerTest#testSelect_multiInvokers","<main>","3","java/lang/Thread.currentThread()Ljava/lang/Thread;","org/apache/log4j/helpers/Loader:getTCL:167","1","10000"
"org.apache.dubbo.rpc.cluster.support.AbstractClusterInvokerTest#testSelect_multiInvokers","<main>","2","MONITOREXIT","org/mockito/internal/stubbing/InvocationContainerImpl:findAnswerFor:88","1","10000"
"org.apache.dubbo.rpc.cluster.support.AbstractClusterInvokerTest#testSelect_multiInvokers","<main>","1","MONITORENTER","org/mockito/internal/verification/DefaultRegisteredInvocations:removeLast:32","13","19994"
"org.apache.dubbo.rpc.cluster.support.AbstractClusterInvokerTest#testSelect_multiInvokers","<main>","1","java/util/concurrent/ConcurrentMap.putIfAbsent(Ljava/lang/Object;Ljava/lang/Object;)Ljava/lang/Object;","org/apache/dubbo/common/extension/ExtensionLoader:createExtension:507","3","17500"
"org.apache.dubbo.rpc.cluster.support.AbstractClusterInvokerTest#testSelect_multiInvokers","<main>","3","MONITOREXIT","org/mockito/internal/verification/DefaultRegisteredInvocations:clear:51","2","15000"
"org.apache.dubbo.rpc.cluster.support.AbstractClusterInvokerTest#testSelect_multiInvokers","<main>","3","MONITOREXIT","org/mockito/internal/verification/DefaultRegisteredInvocations:clear:51","7","19843"
"org.apache.dubbo.rpc.cluster.support.AbstractClusterInvokerTest#testSelect_multiInvokers","<main>","2","MONITOREXIT","org/apache/dubbo/common/extension/ExtensionLoader:getExtension:324","1","10000"
"org.apache.dubbo.rpc.cluster.support.AbstractClusterInvokerTest#testSelect_multiInvokers","<main>","3","java/util/concurrent/ConcurrentHashMap.putIfAbsent(Ljava/lang/Object;Ljava/lang/Object;)Ljava/lang/Object;","org/objenesis/ObjenesisBase:getInstantiatorOf:95","1","10000"
"org.apache.dubbo.rpc.cluster.support.AbstractClusterInvokerTest#testSelect_multiInvokers","<main>","3","java/util/concurrent/ConcurrentMap.putIfAbsent(Ljava/lang/Object;Ljava/lang/Object;)Ljava/lang/Object;","org/apache/dubbo/rpc/RpcStatus:getStatus:96","1","10000"
"org.apache.dubbo.rpc.cluster.support.AbstractClusterInvokerTest#testSelect_multiInvokers","<main>","2","MONITOREXIT","org/mockito/internal/verification/DefaultRegisteredInvocations:clear:51","1","10000"
"org.apache.dubbo.rpc.cluster.support.AbstractClusterInvokerTest#testSelect_multiInvokers","<main>","2","SYNCHRONIZED_METHOD_EXIT","org/mockito/internal/progress/SequenceNumber:next:12","6","19687"
"org.apache.dubbo.rpc.cluster.support.AbstractClusterInvokerTest#testSelect_multiInvokers","<main>","3","MONITORENTER","org/mockito/internal/stubbing/InvocationContainerImpl:addAnswer:68","5","19375"
"org.apache.dubbo.rpc.cluster.support.AbstractClusterInvokerTest#testSelect_multiInvokers","<main>","2","java/util/concurrent/atomic/AtomicIntegerFieldUpdater.getAndIncrement(Ljava/lang/Object;)I","org/apache/dubbo/common/utils/AtomicPositiveInteger:getAndIncrement:40","1","10000"
"org.apache.dubbo.rpc.cluster.support.AbstractClusterInvokerTest#testSelect_multiInvokers","<main>","1","MONITORENTER","org/mockito/internal/verification/DefaultRegisteredInvocations:add:25","9","19960"
"org.apache.dubbo.rpc.cluster.support.AbstractClusterInvokerTest#testSelect_multiInvokers","<main>","3","SYNCHRONIZED_METHOD_EXIT","org/mockito/internal/progress/SequenceNumber:next:12","14","19995"
"org.apache.dubbo.rpc.cluster.support.AbstractClusterInvokerTest#testSelect_multiInvokers","<main>","2","MONITOREXIT","org/apache/dubbo/common/extension/ExtensionLoader:getExtension:324","4","18750"
"org.apache.dubbo.rpc.cluster.support.AbstractClusterInvokerTest#testSelect_multiInvokers","<main>","3","MONITOREXIT","org/mockito/internal/verification/DefaultRegisteredInvocations:clear:51","10","19979"
"org.apache.dubbo.rpc.cluster.support.AbstractClusterInvokerTest#testSelect_multiInvokers","<main>","2","java/lang/Thread.currentThread()Ljava/lang/Thread;","org/mockito/internal/configuration/plugins/PluginInitializer:loadImpl:32","4","13281"
"org.apache.dubbo.rpc.cluster.support.AbstractClusterInvokerTest#testSelect_multiInvokers","<main>","1","MONITORENTER","org/mockito/internal/verification/DefaultRegisteredInvocations:clear:49","14","19995"
"org.apache.dubbo.rpc.cluster.support.AbstractClusterInvokerTest#testSelect_multiInvokers","<main>","1","MONITORENTER","org/mockito/internal/verification/DefaultRegisteredInvocations:add:25","4","18750"
"org.apache.dubbo.rpc.cluster.support.AbstractClusterInvokerTest#testSelect_multiInvokers","<main>","2","java/lang/Thread.getName()Ljava/lang/String;","org/apache/log4j/spi/LoggingEvent:getThreadName:388","1","5000"
"org.apache.dubbo.rpc.cluster.support.AbstractClusterInvokerTest#testSelect_multiInvokers","<main>","3","MONITORENTER","org/mockito/internal/stubbing/InvocationContainerImpl:findAnswerFor:83","12","19992"
"org.apache.dubbo.rpc.cluster.support.AbstractClusterInvokerTest#testSelect_multiInvokers","<main>","1","MONITOREXIT","org/mockito/internal/stubbing/StubbedInvocationMatcher:answer:35","7","19843"
"org.apache.dubbo.rpc.cluster.support.AbstractClusterInvokerTest#testSelect_multiInvokers","<main>","3","MONITOREXIT","org/mockito/internal/verification/DefaultRegisteredInvocations:add:27","2","15000"
"org.apache.dubbo.rpc.cluster.support.AbstractClusterInvokerTest#testSelect_multiInvokers","<main>","1","java/util/concurrent/ConcurrentMap.putIfAbsent(Ljava/lang/Object;Ljava/lang/Object;)Ljava/lang/Object;","org/apache/dubbo/common/extension/ExtensionLoader:getExtensionLoader:120","2","15000"
"org.apache.dubbo.rpc.cluster.support.AbstractClusterInvokerTest#testSelect_multiInvokers","<main>","2","java/util/concurrent/ThreadLocalRandom.current()Ljava/util/concurrent/ThreadLocalRandom;","org/apache/dubbo/rpc/cluster/loadbalance/RandomLoadBalance:doSelect:60","6","13329"
"org.apache.dubbo.rpc.cluster.support.AbstractClusterInvokerTest#testSelect_multiInvokers","<main>","2","java/util/concurrent/ConcurrentMap.putIfAbsent(Ljava/lang/Object;Ljava/lang/Object;)Ljava/lang/Object;","org/apache/dubbo/common/extension/ExtensionLoader:getExtension:313","2","15000"
"org.apache.dubbo.rpc.cluster.support.AbstractClusterInvokerTest#testSelect_multiInvokers","<main>","3","MONITOREXIT","org/mockito/internal/verification/DefaultRegisteredInvocations:removeLast:36","14","19995"
"org.apache.dubbo.rpc.cluster.support.AbstractClusterInvokerTest#testSelect_multiInvokers","<main>","1","java/util/concurrent/ThreadLocalRandom.nextInt(I)I","org/apache/dubbo/rpc/cluster/loadbalance/RandomLoadBalance:doSelect:60","3","6562"
"org.apache.dubbo.rpc.cluster.support.AbstractClusterInvokerTest#testSelect_multiInvokers","<main>","2","java/lang/Thread.getName()Ljava/lang/String;","org/apache/log4j/spi/LoggingEvent:getThreadName:387","1","5000"
"org.apache.dubbo.rpc.cluster.support.AbstractClusterInvokerTest#testSelect_multiInvokers","<main>","2","java/util/concurrent/ConcurrentMap.putIfAbsent(Ljava/lang/Object;Ljava/lang/Object;)Ljava/lang/Object;","org/apache/dubbo/common/logger/LoggerFactory:getLogger:109","2","15000"
"org.apache.dubbo.rpc.cluster.support.AbstractClusterInvokerTest#testSelect_multiInvokers","<main>","2","MONITORENTER","org/mockito/internal/verification/DefaultRegisteredInvocations:clear:49","8","19921"
"org.apache.dubbo.rpc.cluster.support.AbstractClusterInvokerTest#testSelect_multiInvokers","<main>","2","MONITOREXIT","net/bytebuddy/TypeCache:findOrInsert:159","2","15000"
"org.apache.dubbo.rpc.cluster.support.AbstractClusterInvokerTest#testSelect_multiInvokers","<main>","1","MONITORENTER","org/mockito/internal/verification/DefaultRegisteredInvocations:isEmpty:55","11","19988"
"org.apache.dubbo.rpc.cluster.support.AbstractClusterInvokerTest#testSelect_multiInvokers","<main>","1","java/lang/System.currentTimeMillis()J","org/apache/log4j/spi/LoggingEvent:<init>:167","1","10000"
"org.apache.dubbo.rpc.cluster.support.AbstractClusterInvokerTest#testSelect_multiInvokers","<main>","3","MONITORENTER","net/bytebuddy/TypeCache:findOrInsert:158","1","10000"
"org.apache.dubbo.rpc.cluster.support.AbstractClusterInvokerTest#testSelect_multiInvokers","<main>","3","SYNCHRONIZED_METHOD_ENTER","org/apache/log4j/Category:addAppender:0","1","10000"
"org.apache.dubbo.rpc.cluster.support.AbstractClusterInvokerTest#testSelect_multiInvokers","<main>","3","MONITORENTER","org/apache/dubbo/common/extension/ExtensionLoader:getExtensionClasses:564","1","10000"
"org.apache.dubbo.rpc.cluster.support.AbstractClusterInvokerTest#testSelect_multiInvokers","<main>","2","java/util/concurrent/ConcurrentMap.putIfAbsent(Ljava/lang/Object;Ljava/lang/Object;)Ljava/lang/Object;","org/apache/dubbo/common/extension/ExtensionLoader:getExtension:313","1","10000"
"org.apache.dubbo.rpc.cluster.support.AbstractClusterInvokerTest#testSelect_multiInvokers","<main>","2","MONITOREXIT","org/mockito/internal/verification/DefaultRegisteredInvocations:isEmpty:56","3","17500"
"org.apache.dubbo.rpc.cluster.support.AbstractClusterInvokerTest#testSelect_multiInvokers","<main>","3","MONITORENTER","org/apache/log4j/xml/DOMConfigurator:parseRoot:491","2","15000"
"org.apache.dubbo.rpc.cluster.support.AbstractClusterInvokerTest#testSelect_multiInvokers","<main>","1","java/lang/Thread.getContextClassLoader()Ljava/lang/ClassLoader;","org/mockito/internal/creation/bytebuddy/SubclassBytecodeGenerator:mockClass:109","1","5000"
"org.apache.dubbo.rpc.cluster.support.AbstractClusterInvokerTest#testSelect_multiInvokers","<main>","1","MONITORENTER","org/mockito/internal/verification/DefaultRegisteredInvocations:isEmpty:55","2","15000"
"org.apache.dubbo.rpc.cluster.support.AbstractClusterInvokerTest#testSelect_multiInvokers","<main>","3","MONITOREXIT","org/mockito/internal/verification/DefaultRegisteredInvocations:clear:51","13","19994"
"org.apache.dubbo.rpc.cluster.support.AbstractClusterInvokerTest#testSelect_multiInvokers","<main>","3","MONITORENTER","org/apache/dubbo/common/extension/ExtensionLoader:getExtensionClasses:564","4","18750"
"org.apache.dubbo.rpc.cluster.support.AbstractClusterInvokerTest#testSelect_multiInvokers","<main>","2","MONITOREXIT","org/mockito/internal/stubbing/InvocationContainerImpl:addAnswer:74","6","19687"
"org.apache.dubbo.rpc.cluster.support.AbstractClusterInvokerTest#testSelect_multiInvokers","<main>","2","java/util/concurrent/ConcurrentMap.putIfAbsent(Ljava/lang/Object;Ljava/lang/Object;)Ljava/lang/Object;","org/apache/dubbo/common/extension/ExtensionLoader:getExtension:313","4","18750"
"org.apache.dubbo.rpc.cluster.support.AbstractClusterInvokerTest#testSelect_multiInvokers","<main>","1","MONITOREXIT","org/mockito/internal/verification/DefaultRegisteredInvocations:isEmpty:56","1","10000"
"org.apache.dubbo.rpc.cluster.support.AbstractClusterInvokerTest#testSelect_multiInvokers","<main>","2","java/util/concurrent/ConcurrentMap.putIfAbsent(Ljava/lang/Object;Ljava/lang/Object;)Ljava/lang/Object;","org/apache/dubbo/common/extension/ExtensionLoader:getExtensionLoader:119","2","15000"
"org.apache.dubbo.rpc.cluster.support.AbstractClusterInvokerTest#testSelect_multiInvokers","<main>","2","MONITOREXIT","org/mockito/internal/verification/DefaultRegisteredInvocations:add:27","12","19992"
"org.apache.dubbo.rpc.cluster.support.AbstractClusterInvokerTest#testSelect_multiInvokers","<main>","1","MONITOREXIT","net/bytebuddy/dynamic/loading/ClassInjector$UsingReflection:inject:191","1","10000"
"org.apache.dubbo.rpc.cluster.support.AbstractClusterInvokerTest#testSelect_multiInvokers","<main>","3","MONITOREXIT","org/apache/log4j/xml/DOMConfigurator:parseRoot:493","1","10000"
"org.apache.dubbo.rpc.cluster.support.AbstractClusterInvokerTest#testSelect_multiInvokers","<main>","3","java/util/concurrent/ConcurrentMap.putIfAbsent(Ljava/lang/Object;Ljava/lang/Object;)Ljava/lang/Object;","org/apache/dubbo/common/logger/LoggerFactory:getLogger:108","3","17500"
"org.apache.dubbo.rpc.cluster.support.AbstractClusterInvokerTest#testSelect_multiInvokers","<main>","3","java/util/concurrent/ConcurrentMap.putIfAbsent(Ljava/lang/Object;Ljava/lang/Object;)Ljava/lang/Object;","net/bytebuddy/TypeCache:insert:102","1","10000"
"org.apache.dubbo.rpc.cluster.support.AbstractClusterInvokerTest#testSelect_multiInvokers","<main>","3","SYNCHRONIZED_METHOD_ENTER","org/apache/log4j/WriterAppender:setWriter:0","1","10000"
"org.apache.dubbo.rpc.cluster.support.AbstractClusterInvokerTest#testSelect_multiInvokers","<main>","1","java/lang/Thread.currentThread()Ljava/lang/Thread;","org/mockito/internal/configuration/plugins/PluginInitializer:loadImpl:32","4","13281"
"org.apache.dubbo.rpc.cluster.support.AbstractClusterInvokerTest#testSelect_multiInvokers","<main>","1","MONITORENTER","org/mockito/internal/verification/DefaultRegisteredInvocations:isEmpty:55","9","19960"
"org.apache.dubbo.rpc.cluster.support.AbstractClusterInvokerTest#testSelect_multiInvokers","<main>","1","MONITOREXIT","org/mockito/internal/verification/DefaultRegisteredInvocations:removeLast:36","8","19921"
"org.apache.dubbo.rpc.cluster.support.AbstractClusterInvokerTest#testSelect_multiInvokers","<main>","1","java/util/concurrent/ConcurrentHashMap.get(Ljava/lang/Object;)Ljava/lang/Object;","org/objenesis/ObjenesisBase:getInstantiatorOf:93","5","19375"
"org.apache.dubbo.rpc.cluster.support.AbstractClusterInvokerTest#testSelect_multiInvokers","<main>","3","java/util/concurrent/atomic/AtomicInteger.get()I","org/apache/dubbo/rpc/RpcStatus:getActive:180","12","19992"
"org.apache.dubbo.rpc.cluster.support.AbstractClusterInvokerTest#testSelect_multiInvokers","<main>","1","MONITOREXIT","org/mockito/internal/verification/DefaultRegisteredInvocations:clear:51","11","19988"
"org.apache.dubbo.rpc.cluster.support.AbstractClusterInvokerTest#testSelect_multiInvokers","<main>","1","MONITOREXIT","org/mockito/internal/stubbing/InvocationContainerImpl:findAnswerFor:88","6","19687"
"org.apache.dubbo.rpc.cluster.support.AbstractClusterInvokerTest#testSelect_multiInvokers","<main>","1","MONITORENTER","org/mockito/internal/verification/DefaultRegisteredInvocations:isEmpty:55","4","18750"
"org.apache.dubbo.rpc.cluster.support.AbstractClusterInvokerTest#testSelect_multiInvokers","<main>","2","MONITORENTER","org/apache/dubbo/common/extension/ExtensionLoader:getAdaptiveExtension:452","1","10000"
"org.apache.dubbo.rpc.cluster.support.AbstractClusterInvokerTest#testSelect_multiInvokers","<main>","1","java/util/concurrent/atomic/AtomicIntegerFieldUpdater.getAndIncrement(Ljava/lang/Object;)I","org/apache/dubbo/common/utils/AtomicPositiveInteger:getAndIncrement:40","12","19992"
"org.apache.dubbo.rpc.cluster.support.AbstractClusterInvokerTest#testSelect_multiInvokers","<main>","3","MONITOREXIT","org/mockito/internal/stubbing/InvocationContainerImpl:findAnswerFor:88","9","19960"
"org.apache.dubbo.rpc.cluster.support.AbstractClusterInvokerTest#testSelect_multiInvokers","<main>","3","MONITOREXIT","org/mockito/internal/stubbing/InvocationContainerImpl:findAnswerFor:88","1","10000"
"org.apache.dubbo.rpc.cluster.support.AbstractClusterInvokerTest#testSelect_multiInvokers","<main>","1","MONITOREXIT","org/mockito/internal/verification/DefaultRegisteredInvocations:clear:51","7","19843"
"org.apache.dubbo.rpc.cluster.support.AbstractClusterInvokerTest#testSelect_multiInvokers","<main>","1","java/util/concurrent/ConcurrentHashMap.putIfAbsent(Ljava/lang/Object;Ljava/lang/Object;)Ljava/lang/Object;","org/objenesis/ObjenesisBase:getInstantiatorOf:95","1","10000"
"org.apache.dubbo.rpc.cluster.support.AbstractClusterInvokerTest#testSelect_multiInvokers","<main>","2","java/util/concurrent/ThreadLocalRandom.nextInt(I)I","org/apache/dubbo/rpc/cluster/loadbalance/LeastActiveLoadBalance:doSelect:84","2","6250"
"org.apache.dubbo.rpc.cluster.support.AbstractClusterInvokerTest#testSelect_multiInvokers","<main>","3","java/util/concurrent/atomic/AtomicIntegerFieldUpdater.getAndIncrement(Ljava/lang/Object;)I","org/apache/dubbo/common/utils/AtomicPositiveInteger:getAndIncrement:39","6","19687"
"org.apache.dubbo.rpc.cluster.support.AbstractClusterInvokerTest#testSelect_multiInvokers","<main>","3","MONITORENTER","org/apache/log4j/Category:callAppenders:204","2","15000"
"org.apache.dubbo.rpc.cluster.support.AbstractClusterInvokerTest#testSelect_multiInvokers","<main>","1","java/util/concurrent/ThreadLocalRandom.current()Ljava/util/concurrent/ThreadLocalRandom;","org/apache/dubbo/rpc/cluster/loadbalance/LeastActiveLoadBalance:doSelect:83","7","13331"
"org.apache.dubbo.rpc.cluster.support.AbstractClusterInvokerTest#testSelect_multiInvokers","<main>","2","MONITOREXIT","org/mockito/internal/stubbing/InvocationContainerImpl:findAnswerFor:91","1","10000"
"org.apache.dubbo.rpc.cluster.support.AbstractClusterInvokerTest#testSelect_multiInvokers","<main>","1","MONITOREXIT","org/mockito/internal/stubbing/StubbedInvocationMatcher:answer:35","3","17500"
"org.apache.dubbo.rpc.cluster.support.AbstractClusterInvokerTest#testSelect_multiInvokers","<main>","3","MONITORENTER","org/mockito/internal/verification/DefaultRegisteredInvocations:isEmpty:55","5","19375"
"org.apache.dubbo.rpc.cluster.support.AbstractClusterInvokerTest#testSelect_multiInvokers","<main>","3","MONITOREXIT","org/mockito/internal/stubbing/InvocationContainerImpl:findAnswerFor:88","4","18750"
"org.apache.dubbo.rpc.cluster.support.AbstractClusterInvokerTest#testSelect_multiInvokers","<main>","1","MONITOREXIT","org/mockito/internal/verification/DefaultRegisteredInvocations:removeLast:36","1","10000"
"org.apache.dubbo.rpc.cluster.support.AbstractClusterInvokerTest#testSelect_multiInvokers","<main>","2","MONITOREXIT","org/mockito/internal/stubbing/InvocationContainerImpl:addAnswer:74","11","19988"
"org.apache.dubbo.rpc.cluster.support.AbstractClusterInvokerTest#testSelect_multiInvokers","<main>","2","MONITOREXIT","org/apache/dubbo/common/extension/ExtensionLoader:getAdaptiveExtension:463","1","10000"
"org.apache.dubbo.rpc.cluster.support.AbstractClusterInvokerTest#testSelect_multiInvokers","<main>","2","java/lang/Thread.getContextClassLoader()Ljava/lang/ClassLoader;","org/mockito/internal/creation/bytebuddy/SubclassBytecodeGenerator:mockClass:110","1","5000"
"org.apache.dubbo.rpc.cluster.support.AbstractClusterInvokerTest#testSelect_multiInvokers","<main>","1","MONITOREXIT","org/mockito/internal/verification/DefaultRegisteredInvocations:clear:51","10","19979"
"org.apache.dubbo.rpc.cluster.support.AbstractClusterInvokerTest#testSelect_multiInvokers","<main>","1","MONITOREXIT","org/mockito/internal/verification/DefaultRegisteredInvocations:add:27","11","19988"
"org.apache.dubbo.rpc.cluster.support.AbstractClusterInvokerTest#testSelect_multiInvokers","<main>","2","MONITORENTER","org/mockito/internal/stubbing/InvocationContainerImpl:addAnswer:68","7","19843"
"org.apache.dubbo.rpc.cluster.support.AbstractClusterInvokerTest#testSelect_multiInvokers","<main>","1","MONITORENTER","org/mockito/internal/verification/DefaultRegisteredInvocations:isEmpty:55","13","19994"
"org.apache.dubbo.rpc.cluster.support.AbstractClusterInvokerTest#testSelect_multiInvokers","<main>","3","java/util/concurrent/ThreadLocalRandom.current()Ljava/util/concurrent/ThreadLocalRandom;","org/apache/dubbo/rpc/cluster/loadbalance/RandomLoadBalance:doSelect:59","4","13281"
"org.apache.dubbo.rpc.cluster.support.AbstractClusterInvokerTest#testSelect_multiInvokers","<main>","2","MONITOREXIT","org/mockito/internal/stubbing/InvocationContainerImpl:addAnswer:74","2","15000"
"org.apache.dubbo.rpc.cluster.support.AbstractClusterInvokerTest#testSelect_multiInvokers","<main>","2","MONITOREXIT","org/mockito/internal/stubbing/InvocationContainerImpl:addAnswer:74","7","19843"
"org.apache.dubbo.rpc.cluster.support.AbstractClusterInvokerTest#testSelect_multiInvokers","<main>","1","MONITORENTER","org/mockito/internal/stubbing/StubbedInvocationMatcher:answer:33","5","19375"
"org.apache.dubbo.rpc.cluster.support.AbstractClusterInvokerTest#testSelect_multiInvokers","<main>","1","java/util/concurrent/ThreadLocalRandom.current()Ljava/util/concurrent/ThreadLocalRandom;","org/apache/dubbo/rpc/cluster/loadbalance/RandomLoadBalance:doSelect:59","7","13331"
"org.apache.dubbo.rpc.cluster.support.AbstractClusterInvokerTest#testSelect_multiInvokers","<main>","2","java/util/concurrent/ThreadLocalRandom.current()Ljava/util/concurrent/ThreadLocalRandom;","org/apache/dubbo/rpc/cluster/loadbalance/RandomLoadBalance:doSelect:59","3","13125"
"org.apache.dubbo.rpc.cluster.support.AbstractClusterInvokerTest#testSelect_multiInvokers","<main>","1","MONITORENTER","org/mockito/internal/stubbing/InvocationContainerImpl:findAnswerFor:83","12","19992"
"org.apache.dubbo.rpc.cluster.support.AbstractClusterInvokerTest#testSelect_multiInvokers","<main>","1","MONITOREXIT","org/mockito/internal/verification/DefaultRegisteredInvocations:add:27","2","15000"
"org.apache.dubbo.rpc.cluster.support.AbstractClusterInvokerTest#testSelect_multiInvokers","<main>","3","java/util/concurrent/ThreadLocalRandom.current()Ljava/util/concurrent/ThreadLocalRandom;","org/apache/dubbo/rpc/cluster/loadbalance/RandomLoadBalance:doSelect:60","7","13331"
"org.apache.dubbo.rpc.cluster.support.AbstractClusterInvokerTest#testSelect_multiInvokers","<main>","1","MONITORENTER","org/mockito/internal/verification/DefaultRegisteredInvocations:add:25","6","19687"
"org.apache.dubbo.rpc.cluster.support.AbstractClusterInvokerTest#testSelect_multiInvokers","<main>","1","java/util/concurrent/ThreadLocalRandom.nextInt(I)I","org/apache/dubbo/rpc/cluster/loadbalance/LeastActiveLoadBalance:doSelect:84","2","6250"
"org.apache.dubbo.rpc.cluster.support.AbstractClusterInvokerTest#testSelect_multiInvokers","<main>","3","MONITORENTER","org/apache/log4j/Category:callAppenders:204","4","18750"
"org.apache.dubbo.rpc.cluster.support.AbstractClusterInvokerTest#testSelect_multiInvokers","<main>","2","MONITOREXIT","org/mockito/internal/stubbing/InvocationContainerImpl:addAnswer:74","10","19979"
"org.apache.dubbo.rpc.cluster.support.AbstractClusterInvokerTest#testSelect_multiInvokers","<main>","2","MONITOREXIT","org/mockito/internal/verification/DefaultRegisteredInvocations:isEmpty:56","8","19921"
"org.apache.dubbo.rpc.cluster.support.AbstractClusterInvokerTest#testSelect_multiInvokers","<main>","1","java/util/concurrent/ThreadLocalRandom.current()Ljava/util/concurrent/ThreadLocalRandom;","org/apache/dubbo/rpc/cluster/loadbalance/LeastActiveLoadBalance:doSelect:83","1","10000"
"org.apache.dubbo.rpc.cluster.support.AbstractClusterInvokerTest#testSelect_multiInvokers","<main>","3","MONITORENTER","org/mockito/internal/verification/DefaultRegisteredInvocations:removeLast:32","7","19843"
"org.apache.dubbo.rpc.cluster.support.AbstractClusterInvokerTest#testSelect_multiInvokers","<main>","3","java/util/concurrent/atomic/AtomicIntegerFieldUpdater.getAndIncrement(Ljava/lang/Object;)I","org/apache/dubbo/common/utils/AtomicPositiveInteger:getAndIncrement:40","8","19921"
"org.apache.dubbo.rpc.cluster.support.AbstractClusterInvokerTest#testSelect_multiInvokers","<main>","3","MONITORENTER","org/mockito/internal/stubbing/InvocationContainerImpl:addAnswer:68","12","19992"
"org.apache.dubbo.rpc.cluster.support.AbstractClusterInvokerTest#testSelect_multiInvokers","<main>","3","MONITORENTER","org/mockito/internal/verification/DefaultRegisteredInvocations:clear:49","3","17500"
"org.apache.dubbo.rpc.cluster.support.AbstractClusterInvokerTest#testSelect_multiInvokers","<main>","1","SYNCHRONIZED_METHOD_EXIT","org/mockito/internal/progress/SequenceNumber:next:12","9","19960"
"org.apache.dubbo.rpc.cluster.support.AbstractClusterInvokerTest#testSelect_multiInvokers","<main>","3","java/util/concurrent/ThreadLocalRandom.nextInt(I)I","org/apache/dubbo/rpc/cluster/loadbalance/RandomLoadBalance:doSelect:59","3","6562"
"org.apache.dubbo.rpc.cluster.support.AbstractClusterInvokerTest#testSelect_multiInvokers","<main>","1","java/lang/Thread.currentThread()Ljava/lang/Thread;","org/apache/log4j/helpers/Loader:getTCL:167","3","17500"
"org.apache.dubbo.rpc.cluster.support.AbstractClusterInvokerTest#testSelect_multiInvokers","<main>","2","MONITOREXIT","org/apache/log4j/Hierarchy:getLogger:279","3","17500"
"org.apache.dubbo.rpc.cluster.support.AbstractClusterInvokerTest#testSelect_multiInvokers","<main>","1","MONITORENTER","org/apache/dubbo/common/extension/ExtensionLoader:getExtensionClasses:564","1","10000"
"org.apache.dubbo.rpc.cluster.support.AbstractClusterInvokerTest#testSelect_multiInvokers","<main>","3","MONITOREXIT","org/apache/dubbo/common/extension/ExtensionLoader:getExtensionClasses:570","1","10000"
"org.apache.dubbo.rpc.cluster.support.AbstractClusterInvokerTest#testSelect_multiInvokers","<main>","2","MONITOREXIT","org/mockito/internal/stubbing/InvocationContainerImpl:findAnswerFor:91","3","17500"
"org.apache.dubbo.rpc.cluster.support.AbstractClusterInvokerTest#testSelect_multiInvokers","<main>","3","java/util/concurrent/ThreadLocalRandom.current()Ljava/util/concurrent/ThreadLocalRandom;","org/apache/dubbo/rpc/cluster/loadbalance/RandomLoadBalance:doSelect:60","3","13125"
"org.apache.dubbo.rpc.cluster.support.AbstractClusterInvokerTest#testSelect_multiInvokers","<main>","1","java/util/concurrent/ThreadLocalRandom.nextInt(I)I","org/apache/dubbo/rpc/cluster/loadbalance/RandomLoadBalance:doSelect:59","6","6663"
"org.apache.dubbo.rpc.cluster.support.AbstractClusterInvokerTest#testSelect_multiInvokers","<main>","3","java/lang/Thread.currentThread()Ljava/lang/Thread;","org/mockito/internal/creation/bytebuddy/SubclassBytecodeGenerator:mockClass:110","1","10000"
"org.apache.dubbo.rpc.cluster.support.AbstractClusterInvokerTest#testSelect_multiInvokers","<main>","3","java/util/concurrent/ThreadLocalRandom.nextInt(I)I","org/apache/dubbo/rpc/cluster/loadbalance/LeastActiveLoadBalance:doSelect:84","7","6664"
"org.apache.dubbo.rpc.cluster.support.AbstractClusterInvokerTest#testSelect_multiInvokers","<main>","1","SYNCHRONIZED_METHOD_EXIT","org/mockito/internal/progress/SequenceNumber:next:12","4","18750"
"org.apache.dubbo.rpc.cluster.support.AbstractClusterInvokerTest#testSelect_multiInvokers","<main>","1","MONITOREXIT","org/mockito/internal/stubbing/InvocationContainerImpl:findAnswerFor:88","10","19979"
"org.apache.dubbo.rpc.cluster.support.AbstractClusterInvokerTest#testSelect_multiInvokers","<main>","3","java/util/concurrent/ThreadLocalRandom.current()Ljava/util/concurrent/ThreadLocalRandom;","org/apache/dubbo/rpc/cluster/loadbalance/RandomLoadBalance:doSelect:60","1","10000"
"org.apache.dubbo.rpc.cluster.support.AbstractClusterInvokerTest#testSelect_multiInvokers","<main>","1","SYNCHRONIZED_METHOD_ENTER","org/apache/log4j/Category:removeAllAppenders:0","1","10000"
"org.apache.dubbo.rpc.cluster.support.AbstractClusterInvokerTest#testSelect_multiInvokers","<main>","1","MONITOREXIT","org/mockito/internal/verification/DefaultRegisteredInvocations:clear:51","14","19995"
"org.apache.dubbo.rpc.cluster.support.AbstractClusterInvokerTest#testSelect_multiInvokers","<main>","1","java/util/concurrent/ThreadLocalRandom.nextInt(I)I","org/apache/dubbo/rpc/cluster/loadbalance/RandomLoadBalance:doSelect:59","5","6659"
"org.apache.dubbo.rpc.cluster.support.AbstractClusterInvokerTest#testSelect_multiInvokers","<main>","1","MONITOREXIT","org/apache/log4j/xml/DOMConfigurator:parseRoot:493","1","10000"
"org.apache.dubbo.rpc.cluster.support.AbstractClusterInvokerTest#testSelect_multiInvokers","<main>","2","MONITORENTER","org/mockito/internal/stubbing/InvocationContainerImpl:findAnswerFor:83","12","19992"
"org.apache.dubbo.rpc.cluster.support.AbstractClusterInvokerTest#testSelect_multiInvokers","<main>","1","java/util/concurrent/ConcurrentMap.putIfAbsent(Ljava/lang/Object;Ljava/lang/Object;)Ljava/lang/Object;","net/bytebuddy/TypeCache:insert:102","1","10000"
"org.apache.dubbo.rpc.cluster.support.AbstractClusterInvokerTest#testSelect_multiInvokers","<main>","1","SYNCHRONIZED_METHOD_ENTER","org/apache/log4j/WriterAppender:setWriter:0","1","10000"
"org.apache.dubbo.rpc.cluster.support.AbstractClusterInvokerTest#testSelect_multiInvokers","<main>","1","java/util/concurrent/atomic/AtomicInteger.get()I","org/apache/dubbo/rpc/RpcStatus:getActive:181","13","19994"
"org.apache.dubbo.rpc.cluster.support.AbstractClusterInvokerTest#testSelect_multiInvokers","<main>","2","MONITORENTER","org/mockito/internal/verification/DefaultRegisteredInvocations:clear:49","11","19988"
"org.apache.dubbo.rpc.cluster.support.AbstractClusterInvokerTest#testSelect_multiInvokers","<main>","3","MONITOREXIT","org/mockito/internal/stubbing/InvocationContainerImpl:findAnswerFor:91","7","19843"
"org.apache.dubbo.rpc.cluster.support.AbstractClusterInvokerTest#testSelect_multiInvokers","<main>","2","MONITOREXIT","org/mockito/internal/stubbing/InvocationContainerImpl:addAnswer:74","13","19994"
"org.apache.dubbo.rpc.cluster.support.AbstractClusterInvokerTest#testSelect_multiInvokers","<main>","1","java/util/concurrent/atomic/AtomicInteger.get()I","org/apache/dubbo/rpc/RpcStatus:getActive:180","12","19992"
"org.apache.dubbo.rpc.cluster.support.AbstractClusterInvokerTest#testSelect_multiInvokers","<main>","2","MONITORENTER","org/apache/log4j/Hierarchy:getLogger:272","6","19687"
"org.apache.dubbo.rpc.cluster.support.AbstractClusterInvokerTest#testSelect_multiInvokers","<main>","3","MONITOREXIT","org/mockito/internal/verification/DefaultRegisteredInvocations:isEmpty:56","1","10000"
"org.apache.dubbo.rpc.cluster.support.AbstractClusterInvokerTest#testSelect_multiInvokers","<main>","1","MONITOREXIT","org/mockito/internal/verification/DefaultRegisteredInvocations:add:27","13","19994"
"org.apache.dubbo.rpc.cluster.support.AbstractClusterInvokerTest#testSelect_multiInvokers","<main>","1","MONITOREXIT","org/mockito/internal/stubbing/StubbedInvocationMatcher:answer:35","8","19921"
"org.apache.dubbo.rpc.cluster.support.AbstractClusterInvokerTest#testSelect_multiInvokers","<main>","2","MONITORENTER","org/mockito/internal/verification/DefaultRegisteredInvocations:clear:49","2","15000"
"org.apache.dubbo.rpc.cluster.support.AbstractClusterInvokerTest#testSelect_multiInvokers","<main>","3","MONITORENTER","org/apache/dubbo/common/extension/ExtensionLoader:getExtension:318","2","15000"
"org.apache.dubbo.rpc.cluster.support.AbstractClusterInvokerTest#testSelect_multiInvokers","<main>","3","MONITORENTER","org/apache/dubbo/common/extension/ExtensionLoader:getExtension:318","7","19843"
"org.apache.dubbo.rpc.cluster.support.AbstractClusterInvokerTest#testSelect_multiInvokers","<main>","3","java/lang/Thread.getContextClassLoader()Ljava/lang/ClassLoader;","org/mockito/internal/configuration/plugins/PluginInitializer:loadImpl:32","3","6562"
"org.apache.dubbo.rpc.cluster.support.AbstractClusterInvokerTest#testSelect_multiInvokers","<main>","3","MONITORENTER","org/apache/log4j/Hierarchy:getLogger:272","8","19921"
"org.apache.dubbo.rpc.cluster.support.AbstractClusterInvokerTest#testSelect_multiInvokers","<main>","2","java/util/concurrent/atomic/AtomicInteger.get()I","org/apache/dubbo/rpc/RpcStatus:getActive:180","6","19687"
"org.apache.dubbo.rpc.cluster.support.AbstractClusterInvokerTest#testSelect_multiInvokers","<main>","2","java/util/concurrent/atomic/AtomicIntegerFieldUpdater.getAndIncrement(Ljava/lang/Object;)I","org/apache/dubbo/common/utils/AtomicPositiveInteger:getAndIncrement:39","11","19988"
"org.apache.dubbo.rpc.cluster.support.AbstractClusterInvokerTest#testSelect_multiInvokers","<main>","3","MONITORENTER","org/mockito/internal/stubbing/InvocationContainerImpl:findAnswerFor:83","9","19960"
"org.apache.dubbo.rpc.cluster.support.AbstractClusterInvokerTest#testSelect_multiInvokers","<main>","2","java/util/concurrent/ThreadLocalRandom.nextInt(I)I","org/apache/dubbo/rpc/cluster/loadbalance/RandomLoadBalance:doSelect:60","5","6659"
"org.apache.dubbo.rpc.cluster.support.AbstractClusterInvokerTest#testSelect_multiInvokers","<main>","3","java/util/concurrent/atomic/AtomicInteger.get()I","org/apache/dubbo/rpc/RpcStatus:getActive:180","14","19995"
"org.apache.dubbo.rpc.cluster.support.AbstractClusterInvokerTest#testSelect_multiInvokers","<main>","2","MONITOREXIT","org/mockito/internal/verification/DefaultRegisteredInvocations:isEmpty:56","5","19375"
"org.apache.dubbo.rpc.cluster.support.AbstractClusterInvokerTest#testSelect_multiInvokers","<main>","3","MONITORENTER","org/mockito/internal/stubbing/InvocationContainerImpl:findAnswerFor:83","1","10000"
"org.apache.dubbo.rpc.cluster.support.AbstractClusterInvokerTest#testSelect_multiInvokers","<main>","2","java/util/concurrent/atomic/AtomicIntegerFieldUpdater.getAndIncrement(Ljava/lang/Object;)I","org/apache/dubbo/common/utils/AtomicPositiveInteger:getAndIncrement:39","7","19843"
"org.apache.dubbo.rpc.cluster.support.AbstractClusterInvokerTest#testSelect_multiInvokers","<main>","2","MONITORENTER","org/mockito/internal/verification/DefaultRegisteredInvocations:isEmpty:55","3","17500"
"org.apache.dubbo.rpc.cluster.support.AbstractClusterInvokerTest#testSelect_multiInvokers","<main>","1","java/util/concurrent/atomic/AtomicIntegerFieldUpdater.getAndIncrement(Ljava/lang/Object;)I","org/apache/dubbo/common/utils/AtomicPositiveInteger:getAndIncrement:40","14","19995"
"org.apache.dubbo.rpc.cluster.support.AbstractClusterInvokerTest#testSelect_multiInvokers","<main>","3","MONITOREXIT","org/mockito/internal/stubbing/InvocationContainerImpl:findAnswerFor:88","6","19687"
"org.apache.dubbo.rpc.cluster.support.AbstractClusterInvokerTest#testSelect_multiInvokers","<main>","2","java/util/concurrent/ThreadLocalRandom.nextInt(I)I","org/apache/dubbo/rpc/cluster/loadbalance/LeastActiveLoadBalance:doSelect:83","4","6640"
"org.apache.dubbo.rpc.cluster.support.AbstractClusterInvokerTest#testSelect_multiInvokers","<main>","3","MONITORENTER","org/apache/dubbo/common/extension/ExtensionLoader:getExtension:318","4","18750"
"org.apache.dubbo.rpc.cluster.support.AbstractClusterInvokerTest#testSelect_multiInvokers","<main>","1","java/util/concurrent/ThreadLocalRandom.nextInt(I)I","org/apache/dubbo/rpc/cluster/loadbalance/LeastActiveLoadBalance:doSelect:83","3","6562"
"org.apache.dubbo.rpc.cluster.support.AbstractClusterInvokerTest#testSelect_multiInvokers","<main>","1","java/util/concurrent/ThreadLocalRandom.current()Ljava/util/concurrent/ThreadLocalRandom;","org/apache/dubbo/rpc/cluster/loadbalance/RandomLoadBalance:doSelect:60","7","13331"
"org.apache.dubbo.rpc.cluster.support.AbstractClusterInvokerTest#testSelect_multiInvokers","<main>","2","SYNCHRONIZED_METHOD_EXIT","org/mockito/internal/progress/SequenceNumber:next:12","12","19992"
"org.apache.dubbo.rpc.cluster.support.AbstractClusterInvokerTest#testSelect_multiInvokers","<main>","3","SYNCHRONIZED_METHOD_ENTER","org/mockito/internal/progress/SequenceNumber:next:0","11","19988"
"org.apache.dubbo.rpc.cluster.support.AbstractClusterInvokerTest#testSelect_multiInvokers","<main>","2","MONITOREXIT","org/mockito/internal/verification/DefaultRegisteredInvocations:isEmpty:56","6","19687"
"org.apache.dubbo.rpc.cluster.support.AbstractClusterInvokerTest#testSelect_multiInvokers","<main>","3","java/util/concurrent/atomic/AtomicIntegerFieldUpdater.getAndIncrement(Ljava/lang/Object;)I","org/apache/dubbo/common/utils/AtomicPositiveInteger:getAndIncrement:40","6","19687"
"org.apache.dubbo.rpc.cluster.support.AbstractClusterInvokerTest#testSelect_multiInvokers","<main>","1","MONITORENTER","org/mockito/internal/verification/DefaultRegisteredInvocations:removeLast:32","3","17500"
"org.apache.dubbo.rpc.cluster.support.AbstractClusterInvokerTest#testSelect_multiInvokers","<main>","2","MONITOREXIT","org/mockito/internal/verification/DefaultRegisteredInvocations:removeLast:36","10","19979"
"org.apache.dubbo.rpc.cluster.support.AbstractClusterInvokerTest#testSelect_multiInvokers","<main>","1","java/util/concurrent/ConcurrentMap.putIfAbsent(Ljava/lang/Object;Ljava/lang/Object;)Ljava/lang/Object;","org/apache/dubbo/rpc/RpcStatus:getStatus:95","1","10000"
"org.apache.dubbo.rpc.cluster.support.AbstractClusterInvokerTest#testSelect_multiInvokers","<main>","3","MONITOREXIT","org/mockito/internal/verification/DefaultRegisteredInvocations:add:27","11","19988"
"org.apache.dubbo.rpc.cluster.support.AbstractClusterInvokerTest#testSelect_multiInvokers","<main>","1","java/lang/Thread.currentThread()Ljava/lang/Thread;","org/mockito/internal/configuration/plugins/PluginInitializer:loadImpl:32","3","13125"
"org.apache.dubbo.rpc.cluster.support.AbstractClusterInvokerTest#testSelect_multiInvokers","<main>","2","SYNCHRONIZED_METHOD_ENTER","org/mockito/internal/progress/SequenceNumber:next:0","1","10000"
"org.apache.dubbo.rpc.cluster.support.AbstractClusterInvokerTest#testSelect_multiInvokers","<main>","3","java/util/concurrent/ThreadLocalRandom.nextInt(I)I","org/apache/dubbo/rpc/cluster/loadbalance/LeastActiveLoadBalance:doSelect:83","5","6659"
"org.apache.dubbo.rpc.cluster.support.AbstractClusterInvokerTest#testSelect_multiInvokers","<main>","1","MONITORENTER","org/mockito/internal/verification/DefaultRegisteredInvocations:clear:49","3","17500"
"org.apache.dubbo.rpc.cluster.support.AbstractClusterInvokerTest#testSelect_multiInvokers","<main>","2","java/lang/Thread.currentThread()Ljava/lang/Thread;","org/mockito/internal/configuration/plugins/PluginInitializer:loadImpl:31","4","13281"
"org.apache.dubbo.rpc.cluster.support.AbstractClusterInvokerTest#testSelect_multiInvokers","<main>","3","MONITORENTER","org/mockito/internal/verification/DefaultRegisteredInvocations:isEmpty:55","12","19992"
"org.apache.dubbo.rpc.cluster.support.AbstractClusterInvokerTest#testSelect_multiInvokers","<main>","1","java/lang/Thread.currentThread()Ljava/lang/Thread;","org/mockito/internal/configuration/plugins/PluginInitializer:loadImpl:32","1","10000"
"org.apache.dubbo.rpc.cluster.support.AbstractClusterInvokerTest#testSelect_multiInvokers","<main>","2","MONITORENTER","org/mockito/internal/stubbing/InvocationContainerImpl:findAnswerFor:83","1","10000"
"org.apache.dubbo.rpc.cluster.support.AbstractClusterInvokerTest#testSelect_multiInvokers","<main>","3","MONITOREXIT","org/mockito/internal/verification/DefaultRegisteredInvocations:add:27","7","19843"
"org.apache.dubbo.rpc.cluster.support.AbstractClusterInvokerTest#testSelect_multiInvokers","<main>","2","java/util/concurrent/ThreadLocalRandom.current()Ljava/util/concurrent/ThreadLocalRandom;","org/apache/dubbo/rpc/cluster/loadbalance/LeastActiveLoadBalance:doSelect:84","4","13281"
"org.apache.dubbo.rpc.cluster.support.AbstractClusterInvokerTest#testSelect_multiInvokers","<main>","2","MONITORENTER","org/mockito/internal/verification/DefaultRegisteredInvocations:clear:49","13","19994"
"org.apache.dubbo.rpc.cluster.support.AbstractClusterInvokerTest#testSelect_multiInvokers","<main>","2","MONITOREXIT","org/mockito/internal/verification/DefaultRegisteredInvocations:removeLast:36","5","19375"
"org.apache.dubbo.rpc.cluster.support.AbstractClusterInvokerTest#testSelect_multiInvokers","<main>","2","MONITOREXIT","org/mockito/internal/verification/DefaultRegisteredInvocations:add:27","1","10000"
"org.apache.dubbo.rpc.cluster.support.AbstractClusterInvokerTest#testSelect_multiInvokers","<main>","3","MONITOREXIT","org/apache/log4j/Hierarchy:getLogger:279","8","19921"
"org.apache.dubbo.rpc.cluster.support.AbstractClusterInvokerTest#testSelect_multiInvokers","<main>","3","SYNCHRONIZED_METHOD_ENTER","org/mockito/internal/progress/SequenceNumber:next:0","10","19979"
"org.apache.dubbo.rpc.cluster.support.AbstractClusterInvokerTest#testSelect_multiInvokers","<main>","3","MONITORENTER","org/mockito/internal/verification/DefaultRegisteredInvocations:add:25","6","19687"
"org.apache.dubbo.rpc.cluster.support.AbstractClusterInvokerTest#testSelect_multiInvokers","<main>","1","MONITOREXIT","org/mockito/internal/stubbing/StubbedInvocationMatcher:answer:35","5","19375"
"org.apache.dubbo.rpc.cluster.support.AbstractClusterInvokerTest#testSelect_multiInvokers","<main>","1","java/util/concurrent/ThreadLocalRandom.current()Ljava/util/concurrent/ThreadLocalRandom;","org/apache/dubbo/rpc/cluster/loadbalance/RandomLoadBalance:doSelect:60","3","13125"
"org.apache.dubbo.rpc.cluster.support.AbstractClusterInvokerTest#testSelect_multiInvokers","<main>","1","MONITOREXIT","org/mockito/internal/verification/DefaultRegisteredInvocations:isEmpty:56","8","19921"
"org.apache.dubbo.rpc.cluster.support.AbstractClusterInvokerTest#testSelect_multiInvokers","<main>","1","MONITORENTER","org/mockito/internal/stubbing/StubbedInvocationMatcher:answer:33","12","19992"
"org.apache.dubbo.rpc.cluster.support.AbstractClusterInvokerTest#testSelect_multiInvokers","<main>","3","MONITOREXIT","org/apache/log4j/Category:callAppenders:211","2","15000"
"org.apache.dubbo.rpc.cluster.support.AbstractClusterInvokerTest#testSelect_multiInvokers","<main>","2","MONITORENTER","org/mockito/internal/verification/DefaultRegisteredInvocations:removeLast:32","8","19921"
"org.apache.dubbo.rpc.cluster.support.AbstractClusterInvokerTest#testSelect_multiInvokers","<main>","2","java/util/concurrent/ConcurrentMap.putIfAbsent(Ljava/lang/Object;Ljava/lang/Object;)Ljava/lang/Object;","org/apache/dubbo/common/extension/ExtensionLoader:createExtension:506","3","17500"
"org.apache.dubbo.rpc.cluster.support.AbstractClusterInvokerTest#testSelect_multiInvokers","<main>","2","java/util/concurrent/ConcurrentHashMap.putIfAbsent(Ljava/lang/Object;Ljava/lang/Object;)Ljava/lang/Object;","org/objenesis/ObjenesisBase:getInstantiatorOf:96","1","10000"
"org.apache.dubbo.rpc.cluster.support.AbstractClusterInvokerTest#testSelect_multiInvokers","<main>","1","java/util/concurrent/ThreadLocalRandom.current()Ljava/util/concurrent/ThreadLocalRandom;","org/apache/dubbo/rpc/cluster/loadbalance/RandomLoadBalance:doSelect:60","1","10000"
"org.apache.dubbo.rpc.cluster.support.AbstractClusterInvokerTest#testSelect_multiInvokers","<main>","2","java/util/concurrent/ConcurrentHashMap.get(Ljava/lang/Object;)Ljava/lang/Object;","org/objenesis/ObjenesisBase:getInstantiatorOf:93","6","19687"
"org.apache.dubbo.rpc.cluster.support.AbstractClusterInvokerTest#testSelect_multiInvokers","<main>","3","MONITORENTER","org/mockito/internal/stubbing/InvocationContainerImpl:addAnswer:68","14","19995"
"org.apache.dubbo.rpc.cluster.support.AbstractClusterInvokerTest#testSelect_multiInvokers","<main>","2","java/util/concurrent/atomic/AtomicIntegerFieldUpdater.getAndIncrement(Ljava/lang/Object;)I","org/apache/dubbo/common/utils/AtomicPositiveInteger:getAndIncrement:39","13","19994"
"org.apache.dubbo.rpc.cluster.support.AbstractClusterInvokerTest#testSelect_multiInvokers","<main>","1","java/util/concurrent/atomic/AtomicIntegerFieldUpdater.getAndIncrement(Ljava/lang/Object;)I","org/apache/dubbo/common/utils/AtomicPositiveInteger:getAndIncrement:40","1","10000"
"org.apache.dubbo.rpc.cluster.support.AbstractClusterInvokerTest#testSelect_multiInvokers","<main>","1","MONITORENTER","org/mockito/internal/stubbing/InvocationContainerImpl:findAnswerFor:83","8","19921"
"org.apache.dubbo.rpc.cluster.support.AbstractClusterInvokerTest#testSelect_multiInvokers","<main>","2","java/util/concurrent/atomic/AtomicInteger.get()I","org/apache/dubbo/rpc/RpcStatus:getActive:181","6","19687"
"org.apache.dubbo.rpc.cluster.support.AbstractClusterInvokerTest#testSelect_multiInvokers","<main>","3","MONITOREXIT","org/mockito/internal/verification/DefaultRegisteredInvocations:add:27","4","18750"
"org.apache.dubbo.rpc.cluster.support.AbstractClusterInvokerTest#testSelect_multiInvokers","<main>","2","MONITORENTER","net/bytebuddy/TypeCache:findOrInsert:158","2","15000"
"org.apache.dubbo.rpc.cluster.support.AbstractClusterInvokerTest#testSelect_multiInvokers","<main>","2","java/util/concurrent/Callable.call()Ljava/lang/Object;","net/bytebuddy/TypeCache:findOrInsert:137","1","10000"
"org.apache.dubbo.rpc.cluster.support.AbstractClusterInvokerTest#testSelect_multiInvokers","<main>","3","MONITORENTER","org/apache/log4j/Hierarchy:getLogger:272","6","19687"
"org.apache.dubbo.rpc.cluster.support.AbstractClusterInvokerTest#testSelect_multiInvokers","<main>","3","MONITORENTER","org/mockito/internal/verification/DefaultRegisteredInvocations:removeLast:32","6","19687"
"org.apache.dubbo.rpc.cluster.support.AbstractClusterInvokerTest#testSelect_multiInvokers","<main>","2","MONITORENTER","org/apache/dubbo/common/extension/ExtensionLoader:getExtensionClasses:564","2","15000"
"org.apache.dubbo.rpc.cluster.support.AbstractClusterInvokerTest#testSelect_multiInvokers","<main>","2","MONITOREXIT","net/bytebuddy/TypeCache:findOrInsert:159","1","10000"
"org.apache.dubbo.rpc.cluster.support.AbstractClusterInvokerTest#testSelect_multiInvokers","<main>","1","java/lang/Thread.getContextClassLoader()Ljava/lang/ClassLoader;","org/mockito/internal/configuration/plugins/PluginInitializer:loadImpl:32","3","6562"
"org.apache.dubbo.rpc.cluster.support.AbstractClusterInvokerTest#testSelect_multiInvokers","<main>","3","java/lang/Thread.currentThread()Ljava/lang/Thread;","org/mockito/internal/configuration/plugins/PluginInitializer:loadImpl:31","2","12500"
"org.apache.dubbo.rpc.cluster.support.AbstractClusterInvokerTest#testSelect_multiInvokers","<main>","3","MONITOREXIT","org/apache/log4j/Category:callAppenders:211","4","18750"
"org.apache.dubbo.rpc.cluster.support.AbstractClusterInvokerTest#testSelect_multiInvokers","<main>","2","SYNCHRONIZED_METHOD_EXIT","org/mockito/internal/progress/SequenceNumber:next:12","10","19979"
"org.apache.dubbo.rpc.cluster.support.AbstractClusterInvokerTest#testSelect_multiInvokers","<main>","3","MONITOREXIT","org/mockito/internal/verification/DefaultRegisteredInvocations:clear:51","3","17500"
"org.apache.dubbo.rpc.cluster.support.AbstractClusterInvokerTest#testSelect_multiInvokers","<main>","2","MONITORENTER","org/mockito/internal/verification/DefaultRegisteredInvocations:isEmpty:55","8","19921"
"org.apache.dubbo.rpc.cluster.support.AbstractClusterInvokerTest#testSelect_multiInvokers","<main>","3","MONITORENTER","org/mockito/internal/verification/DefaultRegisteredInvocations:clear:49","5","19375"
"org.apache.dubbo.rpc.cluster.support.AbstractClusterInvokerTest#testSelect_multiInvokers","<main>","3","SYNCHRONIZED_METHOD_ENTER","org/mockito/internal/progress/SequenceNumber:next:0","13","19994"
"org.apache.dubbo.rpc.cluster.support.AbstractClusterInvokerTest#testSelect_multiInvokers","<main>","2","MONITOREXIT","org/apache/log4j/Hierarchy:getLogger:279","5","19375"
"org.apache.dubbo.rpc.cluster.support.AbstractClusterInvokerTest#testSelect_multiInvokers","<main>","1","MONITORENTER","org/apache/log4j/Hierarchy:getLogger:272","5","19375"
"org.apache.dubbo.rpc.cluster.support.AbstractClusterInvokerTest#testSelect_multiInvokers","<main>","1","MONITORENTER","org/mockito/internal/stubbing/InvocationContainerImpl:findAnswerFor:83","9","19960"
"org.apache.dubbo.rpc.cluster.support.AbstractClusterInvokerTest#testSelect_multiInvokers","<main>","2","MONITOREXIT","org/apache/log4j/xml/DOMConfigurator:parseRoot:493","2","15000"
"org.apache.dubbo.rpc.cluster.support.AbstractClusterInvokerTest#testSelect_multiInvokers","<main>","1","MONITORENTER","org/mockito/internal/stubbing/InvocationContainerImpl:findAnswerFor:83","1","10000"
"org.apache.dubbo.rpc.cluster.support.AbstractClusterInvokerTest#testSelect_multiInvokers","<main>","3","MONITOREXIT","org/mockito/internal/verification/DefaultRegisteredInvocations:add:27","13","19994"
"org.apache.dubbo.rpc.cluster.support.AbstractClusterInvokerTest#testSelect_multiInvokers","<main>","3","MONITORENTER","org/mockito/internal/verification/DefaultRegisteredInvocations:add:25","2","15000"
"org.apache.dubbo.rpc.cluster.support.AbstractClusterInvokerTest#testSelect_multiInvokers","<main>","2","java/lang/Thread.currentThread()Ljava/lang/Thread;","org/apache/log4j/helpers/Loader:getTCL:167","2","15000"
"org.apache.dubbo.rpc.cluster.support.AbstractClusterInvokerTest#testSelect_multiInvokers","<main>","1","MONITORENTER","org/mockito/internal/verification/DefaultRegisteredInvocations:removeLast:32","8","19921"
"org.apache.dubbo.rpc.cluster.support.AbstractClusterInvokerTest#testSelect_multiInvokers","<main>","1","java/util/concurrent/ThreadLocalRandom.current()Ljava/util/concurrent/ThreadLocalRandom;","org/apache/dubbo/rpc/cluster/loadbalance/RandomLoadBalance:doSelect:59","5","13320"
"org.apache.dubbo.rpc.cluster.support.AbstractClusterInvokerTest#testSelect_multiInvokers","<main>","2","java/util/concurrent/ConcurrentHashMap.get(Ljava/lang/Object;)Ljava/lang/Object;","org/objenesis/ObjenesisBase:getInstantiatorOf:93","2","15000"
"org.apache.dubbo.rpc.cluster.support.AbstractClusterInvokerTest#testSelect_multiInvokers","<main>","1","MONITORENTER","org/mockito/internal/stubbing/InvocationContainerImpl:addAnswer:68","6","19687"
"org.apache.dubbo.rpc.cluster.support.AbstractClusterInvokerTest#testSelect_multiInvokers","<main>","2","MONITOREXIT","org/mockito/internal/stubbing/InvocationContainerImpl:findAnswerFor:88","11","19988"
"org.apache.dubbo.rpc.cluster.support.AbstractClusterInvokerTest#testSelect_multiInvokers","<main>","2","MONITORENTER","org/apache/dubbo/common/extension/ExtensionLoader:getExtensionClasses:564","4","18750"
"org.apache.dubbo.rpc.cluster.support.AbstractClusterInvokerTest#testSelect_multiInvokers","<main>","3","java/util/concurrent/atomic/AtomicIntegerFieldUpdater.getAndIncrement(Ljava/lang/Object;)I","org/apache/dubbo/common/utils/AtomicPositiveInteger:getAndIncrement:39","12","19992"
"org.apache.dubbo.rpc.cluster.support.AbstractClusterInvokerTest#testSelect_multiInvokers","<main>","3","MONITOREXIT","org/mockito/internal/stubbing/InvocationContainerImpl:findAnswerFor:91","6","19687"
"org.apache.dubbo.rpc.cluster.support.AbstractClusterInvokerTest#testSelect_multiInvokers","<main>","3","MONITORENTER","org/mockito/internal/verification/DefaultRegisteredInvocations:add:25","10","19979"
"org.apache.dubbo.rpc.cluster.support.AbstractClusterInvokerTest#testSelect_multiInvokers","<main>","3","MONITORENTER","org/mockito/internal/stubbing/InvocationContainerImpl:addAnswer:68","9","19960"
"org.apache.dubbo.rpc.cluster.support.AbstractClusterInvokerTest#testSelect_multiInvokers","<main>","3","MONITORENTER","org/mockito/internal/stubbing/InvocationContainerImpl:addAnswer:68","1","10000"
"org.apache.dubbo.rpc.cluster.support.AbstractClusterInvokerTest#testSelect_multiInvokers","<main>","2","java/util/concurrent/ThreadLocalRandom.nextInt(I)I","org/apache/dubbo/rpc/cluster/loadbalance/LeastActiveLoadBalance:doSelect:84","6","6663"
"org.apache.dubbo.rpc.cluster.support.AbstractClusterInvokerTest#testSelect_multiInvokers","<main>","2","MONITOREXIT","org/mockito/internal/verification/DefaultRegisteredInvocations:removeLast:36","2","15000"
"org.apache.dubbo.rpc.cluster.support.AbstractClusterInvokerTest#testSelect_multiInvokers","<main>","1","java/util/concurrent/ConcurrentHashMap.get(Ljava/lang/Object;)Ljava/lang/Object;","org/objenesis/ObjenesisBase:getInstantiatorOf:92","2","15000"
"org.apache.dubbo.rpc.cluster.support.AbstractClusterInvokerTest#testSelect_multiInvokers","<main>","2","java/lang/Thread.getContextClassLoader()Ljava/lang/ClassLoader;","org/mockito/internal/configuration/plugins/PluginInitializer:loadImpl:31","5","6659"
"org.apache.dubbo.rpc.cluster.support.AbstractClusterInvokerTest#testSelect_multiInvokers","<main>","1","MONITOREXIT","org/mockito/internal/stubbing/InvocationContainerImpl:addAnswer:74","5","19375"
"org.apache.dubbo.rpc.cluster.support.AbstractClusterInvokerTest#testSelect_multiInvokers","<main>","2","MONITOREXIT","org/mockito/internal/stubbing/InvocationContainerImpl:findAnswerFor:88","7","19843"
"org.apache.dubbo.rpc.cluster.support.AbstractClusterInvokerTest#testSelect_multiInvokers","<main>","2","java/lang/Thread.currentThread()Ljava/lang/Thread;","org/apache/log4j/helpers/Loader:getTCL:167","1","10000"
"org.apache.dubbo.rpc.cluster.support.AbstractClusterInvokerTest#testSelect_multiInvokers","<main>","1","java/lang/Thread.currentThread()Ljava/lang/Thread;","org/apache/log4j/helpers/Loader:getTCL:166","1","10000"
"org.apache.dubbo.rpc.cluster.support.AbstractClusterInvokerTest#testSelect_multiInvokers","<main>","3","MONITOREXIT","org/mockito/internal/verification/DefaultRegisteredInvocations:removeLast:36","10","19979"
"org.apache.dubbo.rpc.cluster.support.AbstractClusterInvokerTest#testSelect_multiInvokers","<main>","3","MONITORENTER","org/mockito/internal/stubbing/InvocationContainerImpl:addAnswer:68","4","18750"
"org.apache.dubbo.rpc.cluster.support.AbstractClusterInvokerTest#testSelect_multiInvokers","<main>","2","java/util/concurrent/ConcurrentMap.putIfAbsent(Ljava/lang/Object;Ljava/lang/Object;)Ljava/lang/Object;","org/apache/dubbo/common/logger/LoggerFactory:getLogger:109","3","17500"
"org.apache.dubbo.rpc.cluster.support.AbstractClusterInvokerTest#testSelect_multiInvokers","<main>","1","java/util/concurrent/ConcurrentMap.putIfAbsent(Ljava/lang/Object;Ljava/lang/Object;)Ljava/lang/Object;","org/apache/dubbo/rpc/RpcStatus:getStatus:90","1","10000"
"org.apache.dubbo.rpc.cluster.support.AbstractClusterInvokerTest#testSelect_multiInvokers","<main>","3","MONITORENTER","org/apache/log4j/Category:callAppenders:204","1","10000"
"org.apache.dubbo.rpc.cluster.support.AbstractClusterInvokerTest#testSelect_multiInvokers","<main>","2","MONITOREXIT","org/mockito/internal/verification/DefaultRegisteredInvocations:isEmpty:56","12","19992"
"org.apache.dubbo.rpc.cluster.support.AbstractClusterInvokerTest#testSelect_multiInvokers","<main>","1","MONITOREXIT","org/mockito/internal/verification/DefaultRegisteredInvocations:add:27","7","19843"
"org.apache.dubbo.rpc.cluster.support.AbstractClusterInvokerTest#testSelect_multiInvokers","<main>","2","MONITORENTER","org/mockito/internal/stubbing/InvocationContainerImpl:addAnswer:68","5","19375"
"org.apache.dubbo.rpc.cluster.support.AbstractClusterInvokerTest#testSelect_multiInvokers","<main>","2","java/lang/Thread.currentThread()Ljava/lang/Thread;","org/apache/log4j/helpers/Loader:getTCL:167","4","18750"
"org.apache.dubbo.rpc.cluster.support.AbstractClusterInvokerTest#testSelect_multiInvokers","<main>","2","MONITOREXIT","org/mockito/internal/verification/DefaultRegisteredInvocations:removeLast:36","9","19960"
"org.apache.dubbo.rpc.cluster.support.AbstractClusterInvokerTest#testSelect_multiInvokers","<main>","3","java/util/concurrent/ConcurrentMap.putIfAbsent(Ljava/lang/Object;Ljava/lang/Object;)Ljava/lang/Object;","org/apache/dubbo/common/extension/ExtensionLoader:createExtension:507","2","15000"
"org.apache.dubbo.rpc.cluster.support.AbstractClusterInvokerTest#testSelect_multiInvokers","<main>","2","MONITORENTER","org/mockito/internal/verification/DefaultRegisteredInvocations:removeLast:32","6","19687"
"org.apache.dubbo.rpc.cluster.support.AbstractClusterInvokerTest#testSelect_multiInvokers","<main>","2","SYNCHRONIZED_METHOD_EXIT","org/mockito/internal/progress/SequenceNumber:next:12","14","19995"
"org.apache.dubbo.rpc.cluster.support.AbstractClusterInvokerTest#testSelect_multiInvokers","<main>","3","java/lang/Thread.getContextClassLoader()Ljava/lang/ClassLoader;","org/mockito/internal/creation/bytebuddy/SubclassBytecodeGenerator:mockClass:110","1","5000"
"org.apache.dubbo.rpc.cluster.support.AbstractClusterInvokerTest#testSelect_multiInvokers","<main>","2","java/util/concurrent/atomic/AtomicIntegerFieldUpdater.getAndIncrement(Ljava/lang/Object;)I","org/apache/dubbo/common/utils/AtomicPositiveInteger:getAndIncrement:40","12","19992"
"org.apache.dubbo.rpc.cluster.support.AbstractClusterInvokerTest#testSelect_multiInvokers","<main>","1","MONITORENTER","org/mockito/internal/verification/DefaultRegisteredInvocations:add:25","12","19992"
"org.apache.dubbo.rpc.cluster.support.AbstractClusterInvokerTest#testSelect_multiInvokers","<main>","3","MONITOREXIT","org/mockito/internal/stubbing/StubbedInvocationMatcher:answer:35","10","19979"
"org.apache.dubbo.rpc.cluster.support.AbstractClusterInvokerTest#testSelect_multiInvokers","<main>","2","MONITOREXIT","org/mockito/internal/verification/DefaultRegisteredInvocations:removeLast:36","4","18750"
"org.apache.dubbo.rpc.cluster.support.AbstractClusterInvokerTest#testSelect_multiInvokers","<main>","1","java/util/concurrent/ConcurrentHashMap.get(Ljava/lang/Object;)Ljava/lang/Object;","org/objenesis/ObjenesisBase:getInstantiatorOf:92","4","18750"
"org.apache.dubbo.rpc.cluster.support.AbstractClusterInvokerTest#testSelect_multiInvokers","<main>","2","MONITORENTER","org/mockito/internal/verification/DefaultRegisteredInvocations:isEmpty:55","5","19375"
"org.apache.dubbo.rpc.cluster.support.AbstractClusterInvokerTest#testSelect_multiInvokers","<main>","3","java/lang/Thread.currentThread()Ljava/lang/Thread;","org/mockito/internal/configuration/plugins/PluginInitializer:loadImpl:31","5","13320"
"org.apache.dubbo.rpc.cluster.support.AbstractClusterInvokerTest#testSelect_multiInvokers","<main>","1","MONITOREXIT","org/mockito/internal/verification/DefaultRegisteredInvocations:add:27","1","10000"
"org.apache.dubbo.rpc.cluster.support.AbstractClusterInvokerTest#testSelect_multiInvokers","<main>","3","MONITOREXIT","org/mockito/internal/stubbing/StubbedInvocationMatcher:answer:35","5","19375"
"org.apache.dubbo.rpc.cluster.support.AbstractClusterInvokerTest#testSelect_multiInvokers","<main>","3","java/util/concurrent/ConcurrentMap.putIfAbsent(Ljava/lang/Object;Ljava/lang/Object;)Ljava/lang/Object;","org/apache/dubbo/common/extension/ExtensionLoader:getExtensionLoader:120","2","15000"
"org.apache.dubbo.rpc.cluster.support.AbstractClusterInvokerTest#testSelect_multiInvokers","<main>","1","java/util/concurrent/ConcurrentHashMap.get(Ljava/lang/Object;)Ljava/lang/Object;","org/objenesis/ObjenesisBase:getInstantiatorOf:93","2","15000"
"org.apache.dubbo.rpc.cluster.support.AbstractClusterInvokerTest#testSelect_multiInvokers","<main>","3","MONITOREXIT","org/mockito/internal/verification/DefaultRegisteredInvocations:clear:51","8","19921"
"org.apache.dubbo.rpc.cluster.support.AbstractClusterInvokerTest#testSelect_multiInvokers","<main>","3","java/util/concurrent/atomic/AtomicInteger.get()I","org/apache/dubbo/rpc/RpcStatus:getActive:181","6","19687"
"org.apache.dubbo.rpc.cluster.support.AbstractClusterInvokerTest#testSelect_multiInvokers","<main>","3","java/util/concurrent/ConcurrentMap.putIfAbsent(Ljava/lang/Object;Ljava/lang/Object;)Ljava/lang/Object;","org/apache/dubbo/common/extension/ExtensionLoader:createExtension:507","4","18750"
"org.apache.dubbo.rpc.cluster.support.AbstractClusterInvokerTest#testSelect_multiInvokers","<main>","1","MONITORENTER","org/mockito/internal/verification/DefaultRegisteredInvocations:removeLast:32","5","19375"
"org.apache.dubbo.rpc.cluster.support.AbstractClusterInvokerTest#testSelect_multiInvokers","<main>","2","MONITORENTER","org/mockito/internal/verification/DefaultRegisteredInvocations:isEmpty:55","6","19687"
"org.apache.dubbo.rpc.cluster.support.AbstractClusterInvokerTest#testSelect_multiInvokers","<main>","2","MONITOREXIT","org/mockito/internal/stubbing/InvocationContainerImpl:findAnswerFor:88","13","19994"
"org.apache.dubbo.rpc.cluster.support.AbstractClusterInvokerTest#testSelect_multiInvokers","<main>","3","java/util/concurrent/ThreadLocalRandom.current()Ljava/util/concurrent/ThreadLocalRandom;","org/apache/dubbo/rpc/cluster/loadbalance/LeastActiveLoadBalance:doSelect:84","7","13331"
"org.apache.dubbo.rpc.cluster.support.AbstractClusterInvokerTest#testSelect_multiInvokers","<main>","1","MONITOREXIT","org/mockito/internal/verification/DefaultRegisteredInvocations:clear:51","3","17500"
"org.apache.dubbo.rpc.cluster.support.AbstractClusterInvokerTest#testSelect_multiInvokers","<main>","3","java/util/concurrent/atomic/AtomicIntegerFieldUpdater.getAndIncrement(Ljava/lang/Object;)I","org/apache/dubbo/common/utils/AtomicPositiveInteger:getAndIncrement:39","1","10000"
"org.apache.dubbo.rpc.cluster.support.AbstractClusterInvokerTest#testSelect_multiInvokers","<main>","1","MONITORENTER","org/mockito/internal/verification/DefaultRegisteredInvocations:clear:49","5","19375"
"org.apache.dubbo.rpc.cluster.support.AbstractClusterInvokerTest#testSelect_multiInvokers","<main>","3","java/util/concurrent/ConcurrentMap.putIfAbsent(Ljava/lang/Object;Ljava/lang/Object;)Ljava/lang/Object;","net/bytebuddy/TypeCache:insert:106","1","10000"
"org.apache.dubbo.rpc.cluster.support.AbstractClusterInvokerTest#testSelect_multiInvokers","<main>","3","MONITORENTER","org/apache/log4j/Category:callAppenders:204","3","17500"
"org.apache.dubbo.rpc.cluster.support.AbstractClusterInvokerTest#testSelect_multiInvokers","<main>","3","java/util/concurrent/ConcurrentMap.putIfAbsent(Ljava/lang/Object;Ljava/lang/Object;)Ljava/lang/Object;","org/apache/dubbo/common/extension/ExtensionLoader:getExtensionLoader:120","1","10000"
"org.apache.dubbo.rpc.cluster.support.AbstractClusterInvokerTest#testSelect_multiInvokers","<main>","3","java/lang/Thread.getContextClassLoader()Ljava/lang/ClassLoader;","org/mockito/internal/configuration/plugins/PluginInitializer:loadImpl:31","4","6640"
"org.apache.dubbo.rpc.cluster.support.AbstractClusterInvokerTest#testSelect_multiInvokers","<main>","3","MONITORENTER","net/bytebuddy/dynamic/loading/ClassInjector$UsingReflection:inject:162","3","17500"
"org.apache.dubbo.rpc.cluster.support.AbstractClusterInvokerTest#testSelect_multiInvokers","<main>","1","java/util/concurrent/ConcurrentHashMap.get(Ljava/lang/Object;)Ljava/lang/Object;","org/objenesis/ObjenesisBase:getInstantiatorOf:93","1","10000"
"org.apache.dubbo.rpc.cluster.support.AbstractClusterInvokerTest#testSelect_multiInvokers","<main>","3","java/util/concurrent/ConcurrentHashMap.get(Ljava/lang/Object;)Ljava/lang/Object;","org/objenesis/ObjenesisBase:getInstantiatorOf:92","4","18750"
"org.apache.dubbo.rpc.cluster.support.AbstractClusterInvokerTest#testSelect_multiInvokers","<main>","2","SYNCHRONIZED_METHOD_EXIT","org/mockito/internal/progress/SequenceNumber:next:12","9","19960"
"org.apache.dubbo.rpc.cluster.support.AbstractClusterInvokerTest#testSelect_multiInvokers","<main>","2","MONITORENTER","org/mockito/internal/verification/DefaultRegisteredInvocations:clear:49","7","19843"
"org.apache.dubbo.rpc.cluster.support.AbstractClusterInvokerTest#testSelect_multiInvokers","<main>","1","java/util/concurrent/ConcurrentHashMap.get(Ljava/lang/Object;)Ljava/lang/Object;","org/objenesis/ObjenesisBase:getInstantiatorOf:93","4","18750"
"org.apache.dubbo.rpc.cluster.support.AbstractClusterInvokerTest#testSelect_multiInvokers","<main>","3","java/util/concurrent/ThreadLocalRandom.current()Ljava/util/concurrent/ThreadLocalRandom;","org/apache/dubbo/rpc/cluster/loadbalance/RandomLoadBalance:doSelect:60","4","13281"
"org.apache.dubbo.rpc.cluster.support.AbstractClusterInvokerTest#testSelect_multiInvokers","<main>","2","MONITOREXIT","org/mockito/internal/stubbing/InvocationContainerImpl:addAnswer:74","3","17500"
"org.apache.dubbo.rpc.cluster.support.AbstractClusterInvokerTest#testSelect_multiInvokers","<main>","2","java/util/concurrent/ThreadLocalRandom.current()Ljava/util/concurrent/ThreadLocalRandom;","org/apache/dubbo/rpc/cluster/loadbalance/LeastActiveLoadBalance:doSelect:84","1","10000"
"org.apache.dubbo.rpc.cluster.support.AbstractClusterInvokerTest#testSelect_multiInvokers","<main>","2","SYNCHRONIZED_METHOD_EXIT","org/mockito/internal/progress/SequenceNumber:next:12","4","18750"
"org.apache.dubbo.rpc.cluster.support.AbstractClusterInvokerTest#testSelect_multiInvokers","<main>","1","MONITORENTER","org/mockito/internal/verification/DefaultRegisteredInvocations:isEmpty:55","6","19687"
"org.apache.dubbo.rpc.cluster.support.AbstractClusterInvokerTest#testSelect_multiInvokers","<main>","1","MONITORENTER","org/mockito/internal/verification/DefaultRegisteredInvocations:add:25","10","19979"
"org.apache.dubbo.rpc.cluster.support.AbstractClusterInvokerTest#testSelect_multiInvokers","<main>","3","java/util/concurrent/atomic/AtomicInteger.get()I","org/apache/dubbo/rpc/RpcStatus:getActive:181","11","19988"
"org.apache.dubbo.rpc.cluster.support.AbstractClusterInvokerTest#testSelect_multiInvokers","<main>","3","MONITORENTER","org/mockito/internal/verification/DefaultRegisteredInvocations:isEmpty:55","1","10000"
"org.apache.dubbo.rpc.cluster.support.AbstractClusterInvokerTest#testSelect_multiInvokers","<main>","2","java/util/concurrent/ThreadLocalRandom.nextInt(I)I","org/apache/dubbo/rpc/cluster/loadbalance/LeastActiveLoadBalance:doSelect:83","2","6250"
"org.apache.dubbo.rpc.cluster.support.AbstractClusterInvokerTest#testSelect_multiInvokers","<main>","1","MONITOREXIT","org/mockito/internal/verification/DefaultRegisteredInvocations:removeLast:36","11","19988"
"org.apache.dubbo.rpc.cluster.support.AbstractClusterInvokerTest#testSelect_multiInvokers","<main>","3","MONITORENTER","org/mockito/internal/verification/DefaultRegisteredInvocations:clear:49","12","19992"
"org.apache.dubbo.rpc.cluster.support.AbstractClusterInvokerTest#testSelect_multiInvokers","<main>","1","MONITOREXIT","org/mockito/internal/stubbing/InvocationContainerImpl:findAnswerFor:88","14","19995"
"org.apache.dubbo.rpc.cluster.support.AbstractClusterInvokerTest#testSelect_multiInvokers","<main>","3","MONITOREXIT","org/mockito/internal/stubbing/InvocationContainerImpl:findAnswerFor:88","12","19992"
"org.apache.dubbo.rpc.cluster.support.AbstractClusterInvokerTest#testSelect_multiInvokers","<main>","1","MONITOREXIT","org/mockito/internal/verification/DefaultRegisteredInvocations:removeLast:36","2","15000"
"org.apache.dubbo.rpc.cluster.support.AbstractClusterInvokerTest#testSelect_multiInvokers","<main>","1","java/lang/Thread.currentThread()Ljava/lang/Thread;","org/mockito/internal/configuration/plugins/PluginInitializer:loadImpl:31","4","13281"
"org.apache.dubbo.rpc.cluster.support.AbstractClusterInvokerTest#testSelect_multiInvokers","<main>","1","MONITOREXIT","org/mockito/internal/verification/DefaultRegisteredInvocations:removeLast:36","7","19843"
"org.apache.dubbo.rpc.cluster.support.AbstractClusterInvokerTest#testSelect_multiInvokers","<main>","3","java/util/concurrent/atomic/AtomicIntegerFieldUpdater.getAndIncrement(Ljava/lang/Object;)I","org/apache/dubbo/common/utils/AtomicPositiveInteger:getAndIncrement:39","14","19995"
"org.apache.dubbo.rpc.cluster.support.AbstractClusterInvokerTest#testSelect_multiInvokers","<main>","2","MONITOREXIT","org/mockito/internal/stubbing/InvocationContainerImpl:findAnswerFor:91","12","19992"
"org.apache.dubbo.rpc.cluster.support.AbstractClusterInvokerTest#testSelect_multiInvokers","<main>","3","MONITOREXIT","org/mockito/internal/verification/DefaultRegisteredInvocations:clear:51","5","19375"
"org.apache.dubbo.rpc.cluster.support.AbstractClusterInvokerTest#testSelect_multiInvokers","<main>","3","MONITOREXIT","org/mockito/internal/stubbing/InvocationContainerImpl:addAnswer:74","12","19992"
"org.apache.dubbo.rpc.cluster.support.AbstractClusterInvokerTest#testSelect_multiInvokers","<main>","2","java/util/concurrent/ConcurrentMap.putIfAbsent(Ljava/lang/Object;Ljava/lang/Object;)Ljava/lang/Object;","org/apache/dubbo/common/extension/ExtensionLoader:getExtension:314","1","10000"
"org.apache.dubbo.rpc.cluster.support.AbstractClusterInvokerTest#testSelect_multiInvokers","<main>","3","java/util/concurrent/atomic/AtomicInteger.get()I","org/apache/dubbo/rpc/RpcStatus:getActive:181","10","19979"
"org.apache.dubbo.rpc.cluster.support.AbstractClusterInvokerTest#testSelect_multiInvokers","<main>","3","MONITOREXIT","org/mockito/internal/stubbing/StubbedInvocationMatcher:answer:35","2","15000"
"org.apache.dubbo.rpc.cluster.support.AbstractClusterInvokerTest#testSelect_multiInvokers","<main>","1","MONITOREXIT","org/mockito/internal/verification/DefaultRegisteredInvocations:removeLast:36","12","19992"
"org.apache.dubbo.rpc.cluster.support.AbstractClusterInvokerTest#testSelect_multiInvokers","<main>","1","java/util/concurrent/ConcurrentMap.putIfAbsent(Ljava/lang/Object;Ljava/lang/Object;)Ljava/lang/Object;","org/apache/dubbo/common/extension/ExtensionLoader:getExtension:314","3","17500"
"org.apache.dubbo.rpc.cluster.support.AbstractClusterInvokerTest#testSelect_multiInvokers","<main>","2","java/util/concurrent/ConcurrentMap.putIfAbsent(Ljava/lang/Object;Ljava/lang/Object;)Ljava/lang/Object;","org/apache/dubbo/common/extension/ExtensionLoader:getExtension:314","4","18750"
"org.apache.dubbo.rpc.cluster.support.AbstractClusterInvokerTest#testSelect_multiInvokers","<main>","1","java/util/concurrent/ThreadLocalRandom.current()Ljava/util/concurrent/ThreadLocalRandom;","org/apache/dubbo/rpc/cluster/loadbalance/RandomLoadBalance:doSelect:59","2","12500"
"org.apache.dubbo.rpc.cluster.support.AbstractClusterInvokerTest#testSelect_multiInvokers","<main>","2","MONITOREXIT","org/mockito/internal/verification/DefaultRegisteredInvocations:isEmpty:56","14","19995"
"org.apache.dubbo.rpc.cluster.support.AbstractClusterInvokerTest#testSelect_multiInvokers","<main>","1","java/util/concurrent/atomic/AtomicIntegerFieldUpdater.getAndIncrement(Ljava/lang/Object;)I","org/apache/dubbo/common/utils/AtomicPositiveInteger:getAndIncrement:39","11","19988"
"org.apache.dubbo.rpc.cluster.support.AbstractClusterInvokerTest#testSelect_multiInvokers","<main>","1","java/util/concurrent/ConcurrentMap.putIfAbsent(Ljava/lang/Object;Ljava/lang/Object;)Ljava/lang/Object;","org/apache/dubbo/common/extension/ExtensionLoader:createExtension:507","1","10000"
"org.apache.dubbo.rpc.cluster.support.AbstractClusterInvokerTest#testSelect_multiInvokers","<main>","3","java/util/concurrent/ConcurrentMap.putIfAbsent(Ljava/lang/Object;Ljava/lang/Object;)Ljava/lang/Object;","org/apache/dubbo/common/extension/ExtensionLoader:getExtensionLoader:119","1","10000"
"org.apache.dubbo.rpc.cluster.support.AbstractClusterInvokerTest#testSelect_multiInvokers","<main>","3","MONITOREXIT","org/mockito/internal/verification/DefaultRegisteredInvocations:clear:51","6","19687"
"org.apache.dubbo.rpc.cluster.support.AbstractClusterInvokerTest#testSelect_multiInvokers","<main>","1","java/lang/Thread.currentThread()Ljava/lang/Thread;","org/mockito/internal/creation/bytebuddy/SubclassBytecodeGenerator:mockClass:110","1","10000"
"org.apache.dubbo.rpc.cluster.support.AbstractClusterInvokerTest#testSelect_multiInvokers","<main>","3","MONITOREXIT","org/mockito/internal/stubbing/StubbedInvocationMatcher:answer:35","9","19960"
"org.apache.dubbo.rpc.cluster.support.AbstractClusterInvokerTest#testSelect_multiInvokers","<main>","1","MONITORENTER","org/mockito/internal/verification/DefaultRegisteredInvocations:clear:49","2","15000"
"org.apache.dubbo.rpc.cluster.support.AbstractClusterInvokerTest#testSelect_multiInvokers","<main>","2","java/util/concurrent/atomic/AtomicIntegerFieldUpdater.getAndIncrement(Ljava/lang/Object;)I","org/apache/dubbo/common/utils/AtomicPositiveInteger:getAndIncrement:40","14","19995"
"org.apache.dubbo.rpc.cluster.support.AbstractClusterInvokerTest#testSelect_multiInvokers","<main>","1","java/util/concurrent/atomic/AtomicIntegerFieldUpdater.getAndIncrement(Ljava/lang/Object;)I","org/apache/dubbo/common/utils/AtomicPositiveInteger:getAndIncrement:39","2","15000"
"org.apache.dubbo.rpc.cluster.support.AbstractClusterInvokerTest#testSelect_multiInvokers","<main>","1","MONITORENTER","org/mockito/internal/verification/DefaultRegisteredInvocations:add:25","14","19995"
"org.apache.dubbo.rpc.cluster.support.AbstractClusterInvokerTest#testSelect_multiInvokers","<main>","1","java/lang/Thread.getContextClassLoader()Ljava/lang/ClassLoader;","org/mockito/internal/configuration/plugins/PluginInitializer:loadImpl:31","6","6663"
"org.apache.dubbo.rpc.cluster.support.AbstractClusterInvokerTest#testSelect_multiInvokers","<main>","3","MONITOREXIT","org/mockito/internal/stubbing/StubbedInvocationMatcher:answer:35","4","18750"
"org.apache.dubbo.rpc.cluster.support.AbstractClusterInvokerTest#testSelect_multiInvokers","<main>","3","java/util/concurrent/ThreadLocalRandom.nextInt(I)I","org/apache/dubbo/rpc/cluster/loadbalance/LeastActiveLoadBalance:doSelect:83","7","6664"
"org.apache.dubbo.rpc.cluster.support.AbstractClusterInvokerTest#testSelect_multiInvokers","<main>","1","SYNCHRONIZED_METHOD_EXIT","org/mockito/internal/progress/SequenceNumber:next:12","6","19687"
"org.apache.dubbo.rpc.cluster.support.AbstractClusterInvokerTest#testSelect_multiInvokers","<main>","1","MONITORENTER","org/mockito/internal/verification/DefaultRegisteredInvocations:isEmpty:55","10","19979"
"org.apache.dubbo.rpc.cluster.support.AbstractClusterInvokerTest#testSelect_multiInvokers","<main>","2","MONITOREXIT","org/apache/dubbo/common/extension/ExtensionLoader:getExtensionClasses:570","1","10000"
"org.apache.dubbo.rpc.cluster.support.AbstractClusterInvokerTest#testSelect_multiInvokers","<main>","3","java/util/concurrent/atomic/AtomicIntegerFieldUpdater.getAndIncrement(Ljava/lang/Object;)I","org/apache/dubbo/common/utils/AtomicPositiveInteger:getAndIncrement:40","11","19988"
"org.apache.dubbo.rpc.cluster.support.AbstractClusterInvokerTest#testSelect_multiInvokers","<main>","1","MONITORENTER","org/mockito/internal/verification/DefaultRegisteredInvocations:clear:49","9","19960"
"org.apache.dubbo.rpc.cluster.support.AbstractClusterInvokerTest#testSelect_multiInvokers","<main>","1","java/util/concurrent/ConcurrentMap.putIfAbsent(Ljava/lang/Object;Ljava/lang/Object;)Ljava/lang/Object;","net/bytebuddy/TypeCache:insert:106","1","10000"
"org.apache.dubbo.rpc.cluster.support.AbstractClusterInvokerTest#testSelect_multiInvokers","<main>","3","java/util/concurrent/atomic/AtomicInteger.get()I","org/apache/dubbo/rpc/RpcStatus:getActive:181","13","19994"
"org.apache.dubbo.rpc.cluster.support.AbstractClusterInvokerTest#testSelect_multiInvokers","<main>","2","MONITOREXIT","org/mockito/internal/stubbing/InvocationContainerImpl:findAnswerFor:91","13","19994"
"org.apache.dubbo.rpc.cluster.support.AbstractClusterInvokerTest#testSelect_multiInvokers","<main>","1","MONITOREXIT","org/apache/dubbo/common/extension/ExtensionLoader:getExtensionClasses:570","3","17500"
"org.apache.dubbo.rpc.cluster.support.AbstractClusterInvokerTest#testSelect_multiInvokers","<main>","1","java/util/concurrent/atomic/AtomicIntegerFieldUpdater.getAndIncrement(Ljava/lang/Object;)I","org/apache/dubbo/common/utils/AtomicPositiveInteger:getAndIncrement:39","9","19960"
"org.apache.dubbo.rpc.cluster.support.AbstractClusterInvokerTest#testSelect_multiInvokers","<main>","3","MONITOREXIT","org/apache/log4j/Category:callAppenders:211","1","10000"
"org.apache.dubbo.rpc.cluster.support.AbstractClusterInvokerTest#testSelect_multiInvokers","<main>","2","MONITOREXIT","org/mockito/internal/stubbing/InvocationContainerImpl:addAnswer:74","8","19921"
"org.apache.dubbo.rpc.cluster.support.AbstractClusterInvokerTest#testSelect_multiInvokers","<main>","1","MONITORENTER","net/bytebuddy/dynamic/loading/ClassInjector$UsingReflection:inject:162","2","15000"
"org.apache.dubbo.rpc.cluster.support.AbstractClusterInvokerTest#testSelect_multiInvokers","<main>","2","MONITORENTER","org/mockito/internal/verification/DefaultRegisteredInvocations:add:25","8","19921"
"org.apache.dubbo.rpc.cluster.support.AbstractClusterInvokerTest#testSelect_multiInvokers","<main>","2","MONITOREXIT","org/apache/dubbo/common/extension/ExtensionLoader:getExtensionClasses:570","4","18750"
"org.apache.dubbo.rpc.cluster.support.AbstractClusterInvokerTest#testSelect_multiInvokers","<main>","1","MONITOREXIT","org/mockito/internal/verification/DefaultRegisteredInvocations:removeLast:36","13","19994"
"org.apache.dubbo.rpc.cluster.support.AbstractClusterInvokerTest#testSelect_multiInvokers","<main>","3","java/util/concurrent/atomic/AtomicIntegerFieldUpdater.getAndIncrement(Ljava/lang/Object;)I","org/apache/dubbo/common/utils/AtomicPositiveInteger:getAndIncrement:40","7","19843"
"org.apache.dubbo.rpc.cluster.support.AbstractClusterInvokerTest#testSelect_multiInvokers","<main>","1","java/util/concurrent/atomic/AtomicIntegerFieldUpdater.newUpdater(Ljava/lang/Class;Ljava/lang/String;)Ljava/util/concurrent/atomic/AtomicIntegerFieldUpdater;","org/apache/dubbo/common/utils/AtomicPositiveInteger:<clinit>:27","1","10000"
"org.apache.dubbo.rpc.cluster.support.AbstractClusterInvokerTest#testSelect_multiInvokers","<main>","1","MONITORENTER","org/mockito/internal/verification/DefaultRegisteredInvocations:clear:49","4","18750"
"org.apache.dubbo.rpc.cluster.support.AbstractClusterInvokerTest#testSelect_multiInvokers","<main>","3","MONITOREXIT","org/mockito/internal/verification/DefaultRegisteredInvocations:isEmpty:56","11","19988"
"org.apache.dubbo.rpc.cluster.support.AbstractClusterInvokerTest#testSelect_multiInvokers","<main>","1","java/util/concurrent/atomic/AtomicIntegerFieldUpdater.getAndIncrement(Ljava/lang/Object;)I","org/apache/dubbo/common/utils/AtomicPositiveInteger:getAndIncrement:39","4","18750"
"org.apache.dubbo.rpc.cluster.support.AbstractClusterInvokerTest#testSelect_multiInvokers","<main>","1","java/util/concurrent/ThreadLocalRandom.current()Ljava/util/concurrent/ThreadLocalRandom;","org/apache/dubbo/rpc/cluster/loadbalance/RandomLoadBalance:doSelect:60","4","13281"
"org.apache.dubbo.rpc.cluster.support.AbstractClusterInvokerTest#testSelect_multiInvokers","<main>","2","MONITOREXIT","org/apache/log4j/Category:callAppenders:211","2","15000"
"org.apache.dubbo.rpc.cluster.support.AbstractClusterInvokerTest#testSelect_multiInvokers","<main>","1","java/lang/Thread.getContextClassLoader()Ljava/lang/ClassLoader;","org/mockito/internal/configuration/plugins/PluginInitializer:loadImpl:32","5","6659"
"org.apache.dubbo.rpc.cluster.support.AbstractClusterInvokerTest#testSelect_multiInvokers","<main>","1","java/util/concurrent/ThreadLocalRandom.current()Ljava/util/concurrent/ThreadLocalRandom;","org/apache/dubbo/rpc/cluster/loadbalance/LeastActiveLoadBalance:doSelect:83","5","13320"
"org.apache.dubbo.rpc.cluster.support.AbstractClusterInvokerTest#testSelect_multiInvokers","<main>","3","MONITOREXIT","org/mockito/internal/verification/DefaultRegisteredInvocations:isEmpty:56","7","19843"
"org.apache.dubbo.rpc.cluster.support.AbstractClusterInvokerTest#testSelect_multiInvokers","<main>","3","java/util/concurrent/ConcurrentMap.putIfAbsent(Ljava/lang/Object;Ljava/lang/Object;)Ljava/lang/Object;","org/apache/dubbo/common/logger/LoggerFactory:getLogger:108","2","15000"
"org.apache.dubbo.rpc.cluster.support.AbstractClusterInvokerTest#testSelect_multiInvokers","<main>","1","java/util/concurrent/atomic/AtomicInteger.get()I","org/apache/dubbo/rpc/RpcStatus:getActive:181","11","19988"
"org.apache.dubbo.rpc.cluster.support.AbstractClusterInvokerTest#testSelect_multiInvokers","<main>","2","MONITOREXIT","org/mockito/internal/verification/DefaultRegisteredInvocations:isEmpty:56","9","19960"
"org.apache.dubbo.rpc.cluster.support.AbstractClusterInvokerTest#testSelect_multiInvokers","<main>","2","MONITOREXIT","org/mockito/internal/verification/DefaultRegisteredInvocations:isEmpty:56","1","10000"
"org.apache.dubbo.rpc.cluster.support.AbstractClusterInvokerTest#testSelect_multiInvokers","<main>","1","MONITOREXIT","org/mockito/internal/stubbing/InvocationContainerImpl:findAnswerFor:88","8","19921"
"org.apache.dubbo.rpc.cluster.support.AbstractClusterInvokerTest#testSelect_multiInvokers","<main>","3","MONITOREXIT","org/mockito/internal/verification/DefaultRegisteredInvocations:isEmpty:56","12","19992"
"org.apache.dubbo.rpc.cluster.support.AbstractClusterInvokerTest#testSelect_multiInvokers","<main>","3","SYNCHRONIZED_METHOD_ENTER","org/mockito/internal/progress/SequenceNumber:next:0","3","17500"
"org.apache.dubbo.rpc.cluster.support.AbstractClusterInvokerTest#testSelect_multiInvokers","<main>","2","MONITOREXIT","org/mockito/internal/verification/DefaultRegisteredInvocations:isEmpty:56","4","18750"
"org.apache.dubbo.rpc.cluster.support.AbstractClusterInvokerTest#testSelect_multiInvokers","<main>","1","java/util/concurrent/atomic/AtomicIntegerFieldUpdater.getAndIncrement(Ljava/lang/Object;)I","org/apache/dubbo/common/utils/AtomicPositiveInteger:getAndIncrement:39","13","19994"
"org.apache.dubbo.rpc.cluster.support.AbstractClusterInvokerTest#testSelect_multiInvokers","<main>","1","MONITOREXIT","org/mockito/internal/stubbing/StubbedInvocationMatcher:answer:35","11","19988"
"org.apache.dubbo.rpc.cluster.support.AbstractClusterInvokerTest#testSelect_multiInvokers","<main>","2","java/util/concurrent/atomic/AtomicInteger.get()I","org/apache/dubbo/rpc/RpcStatus:getActive:180","14","19995"
"org.apache.dubbo.rpc.cluster.support.AbstractClusterInvokerTest#testSelect_multiInvokers","<main>","3","java/util/concurrent/ConcurrentMap.putIfAbsent(Ljava/lang/Object;Ljava/lang/Object;)Ljava/lang/Object;","org/apache/dubbo/common/logger/LoggerFactory:getLogger:108","1","10000"
"org.apache.dubbo.rpc.cluster.support.AbstractClusterInvokerTest#testSelect_multiInvokers","<main>","1","MONITOREXIT","org/mockito/internal/verification/DefaultRegisteredInvocations:clear:51","5","19375"
"org.apache.dubbo.rpc.cluster.support.AbstractClusterInvokerTest#testSelect_multiInvokers","<main>","1","java/util/concurrent/atomic/AtomicInteger.get()I","org/apache/dubbo/rpc/RpcStatus:getActive:181","10","19979"
"org.apache.dubbo.rpc.cluster.support.AbstractClusterInvokerTest#testSelect_multiInvokers","<main>","1","MONITOREXIT","org/mockito/internal/stubbing/StubbedInvocationMatcher:answer:35","2","15000"
"org.apache.dubbo.rpc.cluster.support.AbstractClusterInvokerTest#testSelect_multiInvokers","<main>","3","java/util/concurrent/ThreadLocalRandom.nextInt(I)I","org/apache/dubbo/rpc/cluster/loadbalance/RandomLoadBalance:doSelect:59","2","6250"
"org.apache.dubbo.rpc.cluster.support.AbstractClusterInvokerTest#testSelect_multiInvokers","<main>","3","MONITORENTER","org/apache/dubbo/common/extension/ExtensionLoader:getExtension:318","6","19687"
"org.apache.dubbo.rpc.cluster.support.AbstractClusterInvokerTest#testSelect_multiInvokers","<main>","2","java/util/concurrent/ThreadLocalRandom.nextInt(I)I","org/apache/dubbo/rpc/cluster/loadbalance/RandomLoadBalance:doSelect:59","1","5000"
"org.apache.dubbo.rpc.cluster.support.AbstractClusterInvokerTest#testSelect_multiInvokers","<main>","3","MONITORENTER","net/bytebuddy/dynamic/loading/ClassInjector$UsingReflection:inject:162","5","19375"
"org.apache.dubbo.rpc.cluster.support.AbstractClusterInvokerTest#testSelect_multiInvokers","<main>","2","java/util/concurrent/ConcurrentMap.putIfAbsent(Ljava/lang/Object;Ljava/lang/Object;)Ljava/lang/Object;","org/apache/dubbo/rpc/RpcStatus:getStatus:91","1","10000"
"org.apache.dubbo.rpc.cluster.support.AbstractClusterInvokerTest#testSelect_multiInvokers","<main>","1","MONITOREXIT","org/mockito/internal/stubbing/InvocationContainerImpl:findAnswerFor:91","13","19994"
"org.apache.dubbo.rpc.cluster.support.AbstractClusterInvokerTest#testSelect_multiInvokers","<main>","2","MONITOREXIT","org/mockito/internal/verification/DefaultRegisteredInvocations:clear:51","7","19843"
"org.apache.dubbo.rpc.cluster.support.AbstractClusterInvokerTest#testSelect_multiInvokers","<main>","3","MONITORENTER","org/apache/log4j/Hierarchy:getLogger:272","7","19843"
"org.apache.dubbo.rpc.cluster.support.AbstractClusterInvokerTest#testSelect_multiInvokers","<main>","1","SYNCHRONIZED_METHOD_EXIT","org/mockito/internal/progress/SequenceNumber:next:12","10","19979"
"org.apache.dubbo.rpc.cluster.support.AbstractClusterInvokerTest#testSelect_multiInvokers","<main>","3","MONITOREXIT","org/mockito/internal/stubbing/InvocationContainerImpl:findAnswerFor:88","14","19995"
"org.apache.dubbo.rpc.cluster.support.AbstractClusterInvokerTest#testSelect_multiInvokers","<main>","2","MONITOREXIT","org/mockito/internal/stubbing/StubbedInvocationMatcher:answer:35","8","19921"
"org.apache.dubbo.rpc.cluster.support.AbstractClusterInvokerTest#testSelect_multiInvokers","<main>","2","java/util/concurrent/ConcurrentHashMap.get(Ljava/lang/Object;)Ljava/lang/Object;","org/objenesis/ObjenesisBase:getInstantiatorOf:92","3","17500"
"org.apache.dubbo.rpc.cluster.support.AbstractClusterInvokerTest#testSelect_multiInvokers","<main>","3","java/lang/Thread.currentThread()Ljava/lang/Thread;","org/mockito/internal/creation/bytebuddy/SubclassBytecodeGenerator:mockClass:109","1","10000"
"org.apache.dubbo.rpc.cluster.support.AbstractClusterInvokerTest#testSelect_multiInvokers","<main>","2","MONITOREXIT","org/mockito/internal/stubbing/InvocationContainerImpl:addAnswer:74","5","19375"
"org.apache.dubbo.rpc.cluster.support.AbstractClusterInvokerTest#testSelect_multiInvokers","<main>","1","MONITOREXIT","org/apache/log4j/Category:callAppenders:211","3","17500"
"org.apache.dubbo.rpc.cluster.support.AbstractClusterInvokerTest#testSelect_multiInvokers","<main>","1","MONITOREXIT","org/mockito/internal/stubbing/StubbedInvocationMatcher:answer:35","9","19960"
"org.apache.dubbo.rpc.cluster.support.AbstractClusterInvokerTest#testSelect_multiInvokers","<main>","3","java/util/concurrent/ThreadLocalRandom.nextInt(I)I","org/apache/dubbo/rpc/cluster/loadbalance/RandomLoadBalance:doSelect:60","2","6250"
"org.apache.dubbo.rpc.cluster.support.AbstractClusterInvokerTest#testSelect_multiInvokers","<main>","1","MONITOREXIT","org/mockito/internal/stubbing/StubbedInvocationMatcher:answer:35","1","10000"
"org.apache.dubbo.rpc.cluster.support.AbstractClusterInvokerTest#testSelect_multiInvokers","<main>","3","SYNCHRONIZED_METHOD_EXIT","org/apache/log4j/Category:removeAllAppenders:897","1","10000"
"org.apache.dubbo.rpc.cluster.support.AbstractClusterInvokerTest#testSelect_multiInvokers","<main>","3","MONITORENTER","org/mockito/internal/verification/DefaultRegisteredInvocations:removeLast:32","10","19979"
"org.apache.dubbo.rpc.cluster.support.AbstractClusterInvokerTest#testSelect_multiInvokers","<main>","1","MONITOREXIT","org/mockito/internal/verification/DefaultRegisteredInvocations:add:27","5","19375"
"org.apache.dubbo.rpc.cluster.support.AbstractClusterInvokerTest#testSelect_multiInvokers","<main>","3","MONITORENTER","net/bytebuddy/dynamic/loading/ClassInjector$UsingReflection:inject:162","6","19687"
"org.apache.dubbo.rpc.cluster.support.AbstractClusterInvokerTest#testSelect_multiInvokers","<main>","3","java/util/concurrent/ConcurrentMap.putIfAbsent(Ljava/lang/Object;Ljava/lang/Object;)Ljava/lang/Object;","org/apache/dubbo/common/extension/ExtensionLoader:getExtension:314","3","17500"
"org.apache.dubbo.rpc.cluster.support.AbstractClusterInvokerTest#testSelect_multiInvokers","<main>","3","java/util/concurrent/atomic/AtomicIntegerFieldUpdater.getAndIncrement(Ljava/lang/Object;)I","org/apache/dubbo/common/utils/AtomicPositiveInteger:getAndIncrement:40","14","19995"
"org.apache.dubbo.rpc.cluster.support.AbstractClusterInvokerTest#testSelect_multiInvokers","<main>","1","java/lang/Thread.getContextClassLoader()Ljava/lang/ClassLoader;","org/mockito/internal/configuration/plugins/PluginInitializer:loadImpl:31","1","5000"
"org.apache.dubbo.rpc.cluster.support.AbstractClusterInvokerTest#testSelect_multiInvokers","<main>","2","SYNCHRONIZED_METHOD_ENTER","org/apache/log4j/AppenderSkeleton:doAppend:0","1","10000"
"org.apache.dubbo.rpc.cluster.support.AbstractClusterInvokerTest#testSelect_multiInvokers","<main>","3","MONITOREXIT","org/mockito/internal/verification/DefaultRegisteredInvocations:isEmpty:56","13","19994"
"org.apache.dubbo.rpc.cluster.support.AbstractClusterInvokerTest#testSelect_multiInvokers","<main>","3","java/util/concurrent/ConcurrentMap.putIfAbsent(Ljava/lang/Object;Ljava/lang/Object;)Ljava/lang/Object;","org/apache/dubbo/rpc/RpcStatus:getStatus:95","1","10000"
"org.apache.dubbo.rpc.cluster.support.AbstractClusterInvokerTest#testSelect_multiInvokers","<main>","3","java/util/concurrent/ThreadLocalRandom.nextInt(I)I","org/apache/dubbo/rpc/cluster/loadbalance/LeastActiveLoadBalance:doSelect:84","1","5000"
"org.apache.dubbo.rpc.cluster.support.AbstractClusterInvokerTest#testSelect_multiInvokers","<main>","2","MONITORENTER","org/apache/dubbo/common/extension/ExtensionLoader:getExtensionClasses:564","3","17500"
"org.apache.dubbo.rpc.cluster.support.AbstractClusterInvokerTest#testSelect_multiInvokers","<main>","3","MONITOREXIT","org/mockito/internal/verification/DefaultRegisteredInvocations:clear:51","12","19992"
"org.apache.dubbo.rpc.cluster.support.AbstractClusterInvokerTest#testSelect_multiInvokers","<main>","1","java/util/concurrent/ThreadLocalRandom.current()Ljava/util/concurrent/ThreadLocalRandom;","org/apache/dubbo/rpc/cluster/loadbalance/RandomLoadBalance:doSelect:60","6","13329"
"org.apache.dubbo.rpc.cluster.support.AbstractClusterInvokerTest#testSelect_multiInvokers","<main>","1","MONITOREXIT","org/mockito/internal/stubbing/StubbedInvocationMatcher:answer:35","4","18750"
"org.apache.dubbo.rpc.cluster.support.AbstractClusterInvokerTest#testSelect_multiInvokers","<main>","3","MONITORENTER","org/apache/dubbo/common/extension/ExtensionLoader:getAdaptiveExtension:452","2","15000"
"org.apache.dubbo.rpc.cluster.support.AbstractClusterInvokerTest#testSelect_multiInvokers","<main>","3","java/util/concurrent/ConcurrentMap.putIfAbsent(Ljava/lang/Object;Ljava/lang/Object;)Ljava/lang/Object;","org/apache/dubbo/common/extension/ExtensionLoader:createExtension:507","1","10000"
"org.apache.dubbo.rpc.cluster.support.AbstractClusterInvokerTest#testSelect_multiInvokers","<main>","1","MONITORENTER","org/apache/log4j/Hierarchy:getLogger:272","8","19921"
"org.apache.dubbo.rpc.cluster.support.AbstractClusterInvokerTest#testSelect_multiInvokers","<main>","2","MONITORENTER","org/mockito/internal/verification/DefaultRegisteredInvocations:add:25","6","19687"
"org.apache.dubbo.rpc.cluster.support.AbstractClusterInvokerTest#testSelect_multiInvokers","<main>","3","MONITORENTER","org/mockito/internal/stubbing/StubbedInvocationMatcher:answer:33","6","19687"
"org.apache.dubbo.rpc.cluster.support.AbstractClusterInvokerTest#testSelect_multiInvokers","<main>","1","java/lang/Thread.getName()Ljava/lang/String;","org/apache/log4j/spi/LoggingEvent:getThreadName:387","1","5000"
"org.apache.dubbo.rpc.cluster.support.AbstractClusterInvokerTest#testSelect_multiInvokers","<main>","3","MONITORENTER","org/mockito/internal/verification/DefaultRegisteredInvocations:add:25","14","19995"
"org.apache.dubbo.rpc.cluster.support.AbstractClusterInvokerTest#testSelect_multiInvokers","<main>","2","java/lang/System.currentTimeMillis()J","org/apache/log4j/spi/LoggingEvent:<init>:168","1","10000"
"org.apache.dubbo.rpc.cluster.support.AbstractClusterInvokerTest#testSelect_multiInvokers","<main>","3","MONITORENTER","org/mockito/internal/stubbing/InvocationContainerImpl:findAnswerFor:83","13","19994"
"org.apache.dubbo.rpc.cluster.support.AbstractClusterInvokerTest#testSelect_multiInvokers","<main>","2","java/util/concurrent/ThreadLocalRandom.nextInt(I)I","org/apache/dubbo/rpc/cluster/loadbalance/LeastActiveLoadBalance:doSelect:83","3","6562"
"org.apache.dubbo.rpc.cluster.support.AbstractClusterInvokerTest#testSelect_multiInvokers","<main>","2","java/util/concurrent/atomic/AtomicInteger.get()I","org/apache/dubbo/rpc/RpcStatus:getActive:180","9","19960"
"org.apache.dubbo.rpc.cluster.support.AbstractClusterInvokerTest#testSelect_multiInvokers","<main>","3","MONITORENTER","org/mockito/internal/verification/DefaultRegisteredInvocations:add:25","3","17500"
"org.apache.dubbo.rpc.cluster.support.AbstractClusterInvokerTest#testSelect_multiInvokers","<main>","3","java/lang/Thread.getContextClassLoader()Ljava/lang/ClassLoader;","org/mockito/internal/configuration/plugins/PluginInitializer:loadImpl:31","2","6250"
"org.apache.dubbo.rpc.cluster.support.AbstractClusterInvokerTest#testSelect_multiInvokers","<main>","1","MONITOREXIT","org/mockito/internal/stubbing/StubbedInvocationMatcher:answer:35","13","19994"
"org.apache.dubbo.rpc.cluster.support.AbstractClusterInvokerTest#testSelect_multiInvokers","<main>","2","MONITORENTER","org/mockito/internal/verification/DefaultRegisteredInvocations:removeLast:32","11","19988"
"org.apache.dubbo.rpc.cluster.support.AbstractClusterInvokerTest#testSelect_multiInvokers","<main>","1","java/lang/Thread.currentThread()Ljava/lang/Thread;","org/mockito/internal/configuration/plugins/PluginInitializer:loadImpl:31","1","10000"
"org.apache.dubbo.rpc.cluster.support.AbstractClusterInvokerTest#testSelect_multiInvokers","<main>","3","MONITOREXIT","org/mockito/internal/stubbing/InvocationContainerImpl:findAnswerFor:91","10","19979"
"org.apache.dubbo.rpc.cluster.support.AbstractClusterInvokerTest#testSelect_multiInvokers","<main>","2","java/util/concurrent/ConcurrentHashMap.get(Ljava/lang/Object;)Ljava/lang/Object;","org/objenesis/ObjenesisBase:getInstantiatorOf:93","3","17500"
"org.apache.dubbo.rpc.cluster.support.AbstractClusterInvokerTest#testSelect_multiInvokers","<main>","3","MONITOREXIT","org/apache/log4j/Hierarchy:getLogger:279","7","19843"
"org.apache.dubbo.rpc.cluster.support.AbstractClusterInvokerTest#testSelect_multiInvokers","<main>","2","SYNCHRONIZED_METHOD_ENTER","org/apache/log4j/Category:addAppender:0","1","10000"
"org.apache.dubbo.rpc.cluster.support.AbstractClusterInvokerTest#testSelect_multiInvokers","<main>","3","MONITORENTER","org/mockito/internal/verification/DefaultRegisteredInvocations:clear:49","1","10000"
"org.apache.dubbo.rpc.cluster.support.AbstractClusterInvokerTest#testSelect_multiInvokers","<main>","1","MONITOREXIT","org/mockito/internal/stubbing/InvocationContainerImpl:addAnswer:74","8","19921"
"org.apache.dubbo.rpc.cluster.support.AbstractClusterInvokerTest#testSelect_multiInvokers","<main>","2","java/lang/Thread.currentThread()Ljava/lang/Thread;","org/apache/log4j/spi/LoggingEvent:getThreadName:388","1","10000"
"org.apache.dubbo.rpc.cluster.support.AbstractClusterInvokerTest#testSelect_multiInvokers","<main>","1","MONITOREXIT","org/mockito/internal/verification/DefaultRegisteredInvocations:isEmpty:56","7","19843"
"org.apache.dubbo.rpc.cluster.support.AbstractClusterInvokerTest#testSelect_multiInvokers","<main>","3","SYNCHRONIZED_METHOD_ENTER","org/mockito/internal/progress/SequenceNumber:next:0","8","19921"
"org.apache.dubbo.rpc.cluster.support.AbstractClusterInvokerTest#testSelect_multiInvokers","<main>","1","java/lang/Thread.currentThread()Ljava/lang/Thread;","org/apache/log4j/helpers/Loader:getTCL:167","1","10000"
"org.apache.dubbo.rpc.cluster.support.AbstractClusterInvokerTest#testSelect_multiInvokers","<main>","2","MONITOREXIT","org/apache/log4j/Hierarchy:getLogger:279","1","10000"
"org.apache.dubbo.rpc.cluster.support.AbstractClusterInvokerTest#testSelect_multiInvokers","<main>","2","MONITORENTER","org/mockito/internal/verification/DefaultRegisteredInvocations:clear:49","10","19979"
"org.apache.dubbo.rpc.cluster.support.AbstractClusterInvokerTest#testSelect_multiInvokers","<main>","2","MONITORENTER","org/mockito/internal/verification/DefaultRegisteredInvocations:removeLast:32","7","19843"
"org.apache.dubbo.rpc.cluster.support.AbstractClusterInvokerTest#testSelect_multiInvokers","<main>","1","MONITOREXIT","org/mockito/internal/verification/DefaultRegisteredInvocations:clear:51","2","15000"
"org.apache.dubbo.rpc.cluster.support.AbstractClusterInvokerTest#testSelect_multiInvokers","<main>","2","java/util/concurrent/ThreadLocalRandom.nextInt(I)I","org/apache/dubbo/rpc/cluster/loadbalance/RandomLoadBalance:doSelect:59","5","6659"
"org.apache.dubbo.rpc.cluster.support.AbstractClusterInvokerTest#testSelect_multiInvokers","<main>","1","java/util/concurrent/ThreadLocalRandom.nextInt(I)I","org/apache/dubbo/rpc/cluster/loadbalance/LeastActiveLoadBalance:doSelect:83","2","6250"
"org.apache.dubbo.rpc.cluster.support.AbstractClusterInvokerTest#testSelect_multiInvokers","<main>","1","MONITORENTER","org/mockito/internal/stubbing/InvocationContainerImpl:findAnswerFor:83","11","19988"
"org.apache.dubbo.rpc.cluster.support.AbstractClusterInvokerTest#testSelect_multiInvokers","<main>","3","MONITORENTER","org/mockito/internal/verification/DefaultRegisteredInvocations:removeLast:32","14","19995"
"org.apache.dubbo.rpc.cluster.support.AbstractClusterInvokerTest#testSelect_multiInvokers","<main>","3","MONITORENTER","net/bytebuddy/dynamic/loading/ClassInjector$UsingReflection:inject:162","2","15000"
"org.apache.dubbo.rpc.cluster.support.AbstractClusterInvokerTest#testSelect_multiInvokers","<main>","1","MONITORENTER","org/mockito/internal/stubbing/StubbedInvocationMatcher:answer:33","8","19921"
"org.apache.dubbo.rpc.cluster.support.AbstractClusterInvokerTest#testSelect_multiInvokers","<main>","2","MONITORENTER","org/mockito/internal/stubbing/InvocationContainerImpl:addAnswer:68","11","19988"
"org.apache.dubbo.rpc.cluster.support.AbstractClusterInvokerTest#testSelect_multiInvokers","<main>","2","MONITORENTER","org/mockito/internal/verification/DefaultRegisteredInvocations:clear:49","5","19375"
"org.apache.dubbo.rpc.cluster.support.AbstractClusterInvokerTest#testSelect_multiInvokers","<main>","2","java/util/concurrent/ThreadLocalRandom.nextInt(I)I","org/apache/dubbo/rpc/cluster/loadbalance/LeastActiveLoadBalance:doSelect:84","4","6640"
"org.apache.dubbo.rpc.cluster.support.AbstractClusterInvokerTest#testSelect_multiInvokers","<main>","1","MONITORENTER","org/mockito/internal/stubbing/InvocationContainerImpl:findAnswerFor:83","2","15000"
"org.apache.dubbo.rpc.cluster.support.AbstractClusterInvokerTest#testSelect_multiInvokers","<main>","1","MONITORENTER","org/mockito/internal/stubbing/InvocationContainerImpl:findAnswerFor:83","7","19843"
"org.apache.dubbo.rpc.cluster.support.AbstractClusterInvokerTest#testSelect_multiInvokers","<main>","3","MONITOREXIT","org/mockito/internal/stubbing/StubbedInvocationMatcher:answer:35","3","17500"
"org.apache.dubbo.rpc.cluster.support.AbstractClusterInvokerTest#testSelect_multiInvokers","<main>","2","MONITORENTER","org/mockito/internal/stubbing/InvocationContainerImpl:addAnswer:68","2","15000"
"org.apache.dubbo.rpc.cluster.support.AbstractClusterInvokerTest#testSelect_multiInvokers","<main>","1","MONITORENTER","org/mockito/internal/verification/DefaultRegisteredInvocations:isEmpty:55","12","19992"
"org.apache.dubbo.rpc.cluster.support.AbstractClusterInvokerTest#testSelect_multiInvokers","<main>","2","java/util/concurrent/atomic/AtomicIntegerFieldUpdater.getAndIncrement(Ljava/lang/Object;)I","org/apache/dubbo/common/utils/AtomicPositiveInteger:getAndIncrement:39","10","19979"
"org.apache.dubbo.rpc.cluster.support.AbstractClusterInvokerTest#testSelect_multiInvokers","<main>","2","java/util/concurrent/ConcurrentHashMap.putIfAbsent(Ljava/lang/Object;Ljava/lang/Object;)Ljava/lang/Object;","org/objenesis/ObjenesisBase:getInstantiatorOf:95","1","10000"
"org.apache.dubbo.rpc.cluster.support.AbstractClusterInvokerTest#testSelect_multiInvokers","<main>","2","MONITOREXIT","org/mockito/internal/verification/DefaultRegisteredInvocations:add:27","13","19994"
"org.apache.dubbo.rpc.cluster.support.AbstractClusterInvokerTest#testSelect_multiInvokers","<main>","1","MONITOREXIT","org/mockito/internal/stubbing/InvocationContainerImpl:addAnswer:74","1","10000"
"org.apache.dubbo.rpc.cluster.support.AbstractClusterInvokerTest#testSelect_multiInvokers","<main>","2","MONITORENTER","org/mockito/internal/verification/DefaultRegisteredInvocations:isEmpty:55","11","19988"
"org.apache.dubbo.rpc.cluster.support.AbstractClusterInvokerTest#testSelect_multiInvokers","<main>","2","MONITORENTER","org/apache/log4j/Category:callAppenders:204","3","17500"
"org.apache.dubbo.rpc.cluster.support.AbstractClusterInvokerTest#testSelect_multiInvokers","<main>","2","MONITORENTER","org/mockito/internal/verification/DefaultRegisteredInvocations:removeLast:32","4","18750"
"org.apache.dubbo.rpc.cluster.support.AbstractClusterInvokerTest#testSelect_multiInvokers","<main>","1","MONITOREXIT","org/mockito/internal/verification/DefaultRegisteredInvocations:clear:51","4","18750"
"org.apache.dubbo.rpc.cluster.support.AbstractClusterInvokerTest#testSelect_multiInvokers","<main>","3","java/util/concurrent/ThreadLocalRandom.nextInt(I)I","org/apache/dubbo/rpc/cluster/loadbalance/LeastActiveLoadBalance:doSelect:84","5","6659"
"org.apache.dubbo.rpc.cluster.support.AbstractClusterInvokerTest#testSelect_multiInvokers","<main>","2","MONITORENTER","org/mockito/internal/verification/DefaultRegisteredInvocations:isEmpty:55","2","15000"
"org.apache.dubbo.rpc.cluster.support.AbstractClusterInvokerTest#testSelect_multiInvokers","<main>","2","MONITORENTER","org/mockito/internal/verification/DefaultRegisteredInvocations:isEmpty:55","7","19843"
"org.apache.dubbo.rpc.cluster.support.AbstractClusterInvokerTest#testSelect_multiInvokers","<main>","2","MONITORENTER","org/mockito/internal/verification/DefaultRegisteredInvocations:add:25","10","19979"
"org.apache.dubbo.rpc.cluster.support.AbstractClusterInvokerTest#testSelect_multiInvokers","<main>","2","MONITORENTER","org/mockito/internal/stubbing/InvocationContainerImpl:addAnswer:68","9","19960"
"org.apache.dubbo.rpc.cluster.support.AbstractClusterInvokerTest#testSelect_multiInvokers","<main>","1","MONITORENTER","org/mockito/internal/stubbing/InvocationContainerImpl:addAnswer:68","14","19995"
"org.apache.dubbo.rpc.cluster.support.AbstractClusterInvokerTest#testSelect_multiInvokers","<main>","1","java/lang/Thread.currentThread()Ljava/lang/Thread;","org/mockito/internal/creation/bytebuddy/SubclassBytecodeGenerator:mockClass:109","1","10000"
"org.apache.dubbo.rpc.cluster.support.AbstractClusterInvokerTest#testSelect_multiInvokers","<main>","3","MONITORENTER","org/mockito/internal/stubbing/StubbedInvocationMatcher:answer:33","10","19979"
"org.apache.dubbo.rpc.cluster.support.AbstractClusterInvokerTest#testSelect_multiInvokers","<main>","1","java/lang/Thread.getContextClassLoader()Ljava/lang/ClassLoader;","org/mockito/internal/creation/bytebuddy/SubclassBytecodeGenerator:mockClass:110","1","5000"
"org.apache.dubbo.rpc.cluster.support.AbstractClusterInvokerTest#testSelect_multiInvokers","<main>","3","MONITOREXIT","org/mockito/internal/stubbing/InvocationContainerImpl:findAnswerFor:91","14","19995"
"org.apache.dubbo.rpc.cluster.support.AbstractClusterInvokerTest#testSelect_multiInvokers","<main>","2","java/util/concurrent/ThreadLocalRandom.current()Ljava/util/concurrent/ThreadLocalRandom;","org/apache/dubbo/rpc/cluster/loadbalance/RandomLoadBalance:doSelect:59","6","13329"
"org.apache.dubbo.rpc.cluster.support.AbstractClusterInvokerTest#testSelect_multiInvokers","<main>","1","java/util/concurrent/ThreadLocalRandom.nextInt(I)I","org/apache/dubbo/rpc/cluster/loadbalance/LeastActiveLoadBalance:doSelect:84","4","6640"
"org.apache.dubbo.rpc.cluster.support.AbstractClusterInvokerTest#testSelect_multiInvokers","<main>","1","SYNCHRONIZED_METHOD_ENTER","org/apache/log4j/Category:addAppender:0","1","10000"
"org.apache.dubbo.rpc.cluster.support.AbstractClusterInvokerTest#testSelect_multiInvokers","<main>","2","MONITORENTER","org/mockito/internal/stubbing/InvocationContainerImpl:addAnswer:68","4","18750"
"org.apache.dubbo.rpc.cluster.support.AbstractClusterInvokerTest#testSelect_multiInvokers","<main>","1","java/util/concurrent/ThreadLocalRandom.current()Ljava/util/concurrent/ThreadLocalRandom;","org/apache/dubbo/rpc/cluster/loadbalance/RandomLoadBalance:doSelect:59","3","13125"
"org.apache.dubbo.rpc.cluster.support.AbstractClusterInvokerTest#testSelect_multiInvokers","<main>","1","java/lang/Thread.currentThread()Ljava/lang/Thread;","org/apache/log4j/spi/LoggingEvent:getThreadName:388","1","10000"
"org.apache.dubbo.rpc.cluster.support.AbstractClusterInvokerTest#testSelect_multiInvokers","<main>","2","java/lang/Thread.getContextClassLoader()Ljava/lang/ClassLoader;","org/mockito/internal/configuration/plugins/PluginInitializer:loadImpl:32","4","6640"
"org.apache.dubbo.rpc.cluster.support.AbstractClusterInvokerTest#testSelect_multiInvokers","<main>","3","MONITOREXIT","org/mockito/internal/verification/DefaultRegisteredInvocations:add:27","10","19979"
"org.apache.dubbo.rpc.cluster.support.AbstractClusterInvokerTest#testSelect_multiInvokers","<main>","1","MONITORENTER","org/mockito/internal/verification/DefaultRegisteredInvocations:removeLast:32","7","19843"
"org.apache.dubbo.rpc.cluster.support.AbstractClusterInvokerTest#testSelect_multiInvokers","<main>","2","MONITORENTER","org/mockito/internal/verification/DefaultRegisteredInvocations:isEmpty:55","9","19960"
"org.apache.dubbo.rpc.cluster.support.AbstractClusterInvokerTest#testSelect_multiInvokers","<main>","2","MONITORENTER","org/mockito/internal/verification/DefaultRegisteredInvocations:isEmpty:55","1","10000"
"org.apache.dubbo.rpc.cluster.support.AbstractClusterInvokerTest#testSelect_multiInvokers","<main>","2","MONITORENTER","org/mockito/internal/verification/DefaultRegisteredInvocations:removeLast:32","13","19994"
"org.apache.dubbo.rpc.cluster.support.AbstractClusterInvokerTest#testSelect_multiInvokers","<main>","3","SYNCHRONIZED_METHOD_ENTER","org/mockito/internal/progress/SequenceNumber:next:0","5","19375"
"org.apache.dubbo.rpc.cluster.support.AbstractClusterInvokerTest#testSelect_multiInvokers","<main>","1","java/util/concurrent/ThreadLocalRandom.current()Ljava/util/concurrent/ThreadLocalRandom;","org/apache/dubbo/rpc/cluster/loadbalance/RandomLoadBalance:doSelect:59","1","10000"
"org.apache.dubbo.rpc.cluster.support.AbstractClusterInvokerTest#testSelect_multiInvokers","<main>","1","MONITORENTER","org/apache/log4j/Category:callAppenders:204","3","17500"
"org.apache.dubbo.rpc.cluster.support.AbstractClusterInvokerTest#testSelect_multiInvokers","<main>","1","java/util/concurrent/ThreadLocalRandom.current()Ljava/util/concurrent/ThreadLocalRandom;","org/apache/dubbo/rpc/cluster/loadbalance/LeastActiveLoadBalance:doSelect:84","5","13320"
"org.apache.dubbo.rpc.cluster.support.AbstractClusterInvokerTest#testSelect_multiInvokers","<main>","2","java/util/concurrent/ThreadLocalRandom.current()Ljava/util/concurrent/ThreadLocalRandom;","org/apache/dubbo/rpc/cluster/loadbalance/LeastActiveLoadBalance:doSelect:83","2","12500"
"org.apache.dubbo.rpc.cluster.support.AbstractClusterInvokerTest#testSelect_multiInvokers","<main>","1","java/util/concurrent/ConcurrentHashMap.get(Ljava/lang/Object;)Ljava/lang/Object;","org/objenesis/ObjenesisBase:getInstantiatorOf:92","6","19687"
"org.apache.dubbo.rpc.cluster.support.AbstractClusterInvokerTest#testSelect_multiInvokers","<main>","3","MONITOREXIT","org/mockito/internal/stubbing/StubbedInvocationMatcher:answer:35","1","10000"
"org.apache.dubbo.rpc.cluster.support.AbstractClusterInvokerTest#testSelect_multiInvokers","<main>","2","MONITORENTER","org/mockito/internal/verification/DefaultRegisteredInvocations:isEmpty:55","4","18750"
"org.apache.dubbo.rpc.cluster.support.AbstractClusterInvokerTest#testSelect_multiInvokers","<main>","2","MONITOREXIT","org/mockito/internal/stubbing/StubbedInvocationMatcher:answer:35","11","19988"
"org.apache.dubbo.rpc.cluster.support.AbstractClusterInvokerTest#testSelect_multiInvokers","<main>","1","MONITORENTER","org/mockito/internal/stubbing/InvocationContainerImpl:findAnswerFor:83","13","19994"
"org.apache.dubbo.rpc.cluster.support.AbstractClusterInvokerTest#testSelect_multiInvokers","<main>","3","MONITOREXIT","org/mockito/internal/verification/DefaultRegisteredInvocations:removeLast:36","8","19921"
"org.apache.dubbo.rpc.cluster.support.AbstractClusterInvokerTest#testSelect_multiInvokers","<main>","2","MONITORENTER","org/mockito/internal/stubbing/InvocationContainerImpl:addAnswer:68","13","19994"
"org.apache.dubbo.rpc.cluster.support.AbstractClusterInvokerTest#testSelect_multiInvokers","<main>","1","MONITORENTER","org/mockito/internal/verification/DefaultRegisteredInvocations:add:25","3","17500"
"org.apache.dubbo.rpc.cluster.support.AbstractClusterInvokerTest#testSelect_multiInvokers","<main>","1","MONITORENTER","org/mockito/internal/verification/DefaultRegisteredInvocations:removeLast:32","9","19960"
"org.apache.dubbo.rpc.cluster.support.AbstractClusterInvokerTest#testSelect_multiInvokers","<main>","1","MONITORENTER","org/mockito/internal/verification/DefaultRegisteredInvocations:removeLast:32","1","10000"
"org.apache.dubbo.rpc.cluster.support.AbstractClusterInvokerTest#testSelect_multiInvokers","<main>","2","MONITOREXIT","org/mockito/internal/stubbing/InvocationContainerImpl:addAnswer:74","12","19992"
"org.apache.dubbo.rpc.cluster.support.AbstractClusterInvokerTest#testSelect_multiInvokers","<main>","3","java/util/concurrent/ThreadLocalRandom.current()Ljava/util/concurrent/ThreadLocalRandom;","org/apache/dubbo/rpc/cluster/loadbalance/RandomLoadBalance:doSelect:60","6","13329"
"org.apache.dubbo.rpc.cluster.support.AbstractClusterInvokerTest#testSelect_multiInvokers","<main>","3","MONITOREXIT","org/mockito/internal/verification/DefaultRegisteredInvocations:clear:51","14","19995"
"org.apache.dubbo.rpc.cluster.support.AbstractClusterInvokerTest#testSelect_multiInvokers","<main>","3","java/lang/Thread.getContextClassLoader()Ljava/lang/ClassLoader;","org/mockito/internal/configuration/plugins/PluginInitializer:loadImpl:31","1","5000"
"org.apache.dubbo.rpc.cluster.support.AbstractClusterInvokerTest#testSelect_multiInvokers","<main>","3","SYNCHRONIZED_METHOD_ENTER","org/mockito/internal/progress/SequenceNumber:next:0","6","19687"
"org.apache.dubbo.rpc.cluster.support.AbstractClusterInvokerTest#testSelect_multiInvokers","<main>","1","MONITOREXIT","org/mockito/internal/verification/DefaultRegisteredInvocations:add:27","12","19992"
"org.apache.dubbo.rpc.cluster.support.AbstractClusterInvokerTest#testSelect_multiInvokers","<main>","2","java/util/concurrent/ConcurrentMap.putIfAbsent(Ljava/lang/Object;Ljava/lang/Object;)Ljava/lang/Object;","org/apache/dubbo/common/extension/ExtensionLoader:getExtensionLoader:120","2","15000"
"org.apache.dubbo.rpc.cluster.support.AbstractClusterInvokerTest#testSelect_multiInvokers","<main>","1","MONITORENTER","org/mockito/internal/verification/DefaultRegisteredInvocations:clear:49","1","10000"
"org.apache.dubbo.rpc.cluster.support.AbstractClusterInvokerTest#testSelect_multiInvokers","<main>","1","MONITORENTER","org/mockito/internal/verification/DefaultRegisteredInvocations:removeLast:32","4","18750"
"org.apache.dubbo.rpc.cluster.support.AbstractClusterInvokerTest#testSelect_multiInvokers","<main>","2","java/util/concurrent/ConcurrentHashMap.get(Ljava/lang/Object;)Ljava/lang/Object;","org/objenesis/ObjenesisBase:getInstantiatorOf:92","5","19375"
"org.apache.dubbo.rpc.cluster.support.AbstractClusterInvokerTest#testSelect_multiInvokers","<main>","1","SYNCHRONIZED_METHOD_ENTER","org/mockito/internal/progress/SequenceNumber:next:0","8","19921"
"org.apache.dubbo.rpc.cluster.support.AbstractClusterInvokerTest#testSelect_multiInvokers","<main>","2","MONITOREXIT","org/mockito/internal/verification/DefaultRegisteredInvocations:clear:51","8","19921"
"org.apache.dubbo.rpc.cluster.support.AbstractClusterInvokerTest#testSelect_multiInvokers","<main>","2","MONITORENTER","org/mockito/internal/verification/DefaultRegisteredInvocations:isEmpty:55","13","19994"
"org.apache.dubbo.rpc.cluster.support.AbstractClusterInvokerTest#testSelect_multiInvokers","<main>","3","java/lang/Thread.getName()Ljava/lang/String;","org/apache/log4j/spi/LoggingEvent:getThreadName:387","1","5000"
"org.apache.dubbo.rpc.cluster.support.AbstractClusterInvokerTest#testSelect_multiInvokers","<main>","2","java/lang/Thread.currentThread()Ljava/lang/Thread;","org/mockito/internal/configuration/plugins/PluginInitializer:loadImpl:32","6","13329"
"org.apache.dubbo.rpc.cluster.support.AbstractClusterInvokerTest#testSelect_multiInvokers","<main>","3","java/lang/Thread.currentThread()Ljava/lang/Thread;","org/mockito/internal/configuration/plugins/PluginInitializer:loadImpl:32","2","12500"
"org.apache.dubbo.rpc.cluster.support.AbstractClusterInvokerTest#testSelect_multiInvokers","<main>","2","java/util/concurrent/ConcurrentMap.putIfAbsent(Ljava/lang/Object;Ljava/lang/Object;)Ljava/lang/Object;","org/apache/dubbo/common/extension/ExtensionLoader:createExtension:506","1","10000"
"org.apache.dubbo.rpc.cluster.support.AbstractClusterInvokerTest#testSelect_multiInvokers","<main>","3","java/util/concurrent/atomic/AtomicInteger.get()I","org/apache/dubbo/rpc/RpcStatus:getActive:181","3","17500"
"org.apache.dubbo.rpc.cluster.support.AbstractClusterInvokerTest#testSelect_multiInvokers","<main>","3","java/lang/Thread.currentThread()Ljava/lang/Thread;","org/mockito/internal/configuration/plugins/PluginInitializer:loadImpl:31","1","10000"
"org.apache.dubbo.rpc.cluster.support.AbstractClusterInvokerTest#testSelect_multiInvokers","<main>","3","java/util/concurrent/ThreadLocalRandom.current()Ljava/util/concurrent/ThreadLocalRandom;","org/apache/dubbo/rpc/cluster/loadbalance/LeastActiveLoadBalance:doSelect:84","2","12500"
"org.apache.dubbo.rpc.cluster.support.AbstractClusterInvokerTest#testSelect_multiInvokers","<main>","1","java/util/concurrent/ConcurrentHashMap.get(Ljava/lang/Object;)Ljava/lang/Object;","org/objenesis/ObjenesisBase:getInstantiatorOf:93","6","19687"
"org.apache.dubbo.rpc.cluster.support.AbstractClusterInvokerTest#testSelect_multiInvokers","<main>","2","java/util/concurrent/ConcurrentMap.putIfAbsent(Ljava/lang/Object;Ljava/lang/Object;)Ljava/lang/Object;","org/apache/dubbo/common/extension/ExtensionLoader:getExtension:313","3","17500"
"org.apache.dubbo.rpc.cluster.support.AbstractClusterInvokerTest#testSelect_multiInvokers","<main>","1","RUNNABLE_CALLABLE_START","org/mockito/internal/creation/bytebuddy/TypeCachingBytecodeGenerator$1:call:0","1","10000"
"org.apache.dubbo.rpc.cluster.support.AbstractClusterInvokerTest#testSelect_multiInvokers","<main>","1","SYNCHRONIZED_METHOD_EXIT","org/apache/log4j/Category:getAllAppenders:415","1","10000"
"org.apache.dubbo.rpc.cluster.support.AbstractClusterInvokerTest#testSelect_multiInvokers","<main>","2","java/util/concurrent/ThreadLocalRandom.nextInt(I)I","org/apache/dubbo/rpc/cluster/loadbalance/LeastActiveLoadBalance:doSelect:83","1","5000"
"org.apache.dubbo.rpc.cluster.support.AbstractClusterInvokerTest#testSelect_multiInvokers","<main>","3","java/util/concurrent/ThreadLocalRandom.nextInt(I)I","org/apache/dubbo/rpc/cluster/loadbalance/LeastActiveLoadBalance:doSelect:83","6","6663"
"org.apache.dubbo.rpc.cluster.support.AbstractClusterInvokerTest#testSelect_multiInvokers","<main>","3","MONITORENTER","org/mockito/internal/verification/DefaultRegisteredInvocations:add:25","5","19375"
"org.apache.dubbo.rpc.cluster.support.AbstractClusterInvokerTest#testSelect_multiInvokers","<main>","1","java/util/concurrent/atomic/AtomicInteger.get()I","org/apache/dubbo/rpc/RpcStatus:getActive:180","13","19994"
"org.apache.dubbo.rpc.cluster.support.AbstractClusterInvokerTest#testSelect_multiInvokers","<main>","2","java/util/concurrent/atomic/AtomicIntegerFieldUpdater.getAndIncrement(Ljava/lang/Object;)I","org/apache/dubbo/common/utils/AtomicPositiveInteger:getAndIncrement:39","9","19960"
"org.apache.dubbo.rpc.cluster.support.AbstractClusterInvokerTest#testSelect_multiInvokers","<main>","3","java/lang/Thread.getContextClassLoader()Ljava/lang/ClassLoader;","org/mockito/internal/creation/bytebuddy/SubclassBytecodeGenerator:mockClass:109","1","5000"
"org.apache.dubbo.rpc.cluster.support.AbstractClusterInvokerTest#testSelect_multiInvokers","<main>","3","SYNCHRONIZED_METHOD_ENTER","org/mockito/internal/progress/SequenceNumber:next:0","2","15000"
"org.apache.dubbo.rpc.cluster.support.AbstractClusterInvokerTest#testSelect_multiInvokers","<main>","1","MONITORENTER","org/mockito/internal/stubbing/StubbedInvocationMatcher:answer:33","11","19988"
"org.apache.dubbo.rpc.cluster.support.AbstractClusterInvokerTest#testSelect_multiInvokers","<main>","2","MONITOREXIT","org/mockito/internal/stubbing/InvocationContainerImpl:findAnswerFor:88","10","19979"
"org.apache.dubbo.rpc.cluster.support.AbstractClusterInvokerTest#testSelect_multiInvokers","<main>","3","MONITOREXIT","org/mockito/internal/verification/DefaultRegisteredInvocations:clear:51","9","19960"
"org.apache.dubbo.rpc.cluster.support.AbstractClusterInvokerTest#testSelect_multiInvokers","<main>","1","MONITORENTER","org/mockito/internal/verification/DefaultRegisteredInvocations:isEmpty:55","14","19995"
"org.apache.dubbo.rpc.cluster.support.AbstractClusterInvokerTest#testSelect_multiInvokers","<main>","3","MONITOREXIT","org/mockito/internal/verification/DefaultRegisteredInvocations:clear:51","1","10000"
"org.apache.dubbo.rpc.cluster.support.AbstractClusterInvokerTest#testSelect_multiInvokers","<main>","2","java/util/concurrent/ConcurrentHashMap.get(Ljava/lang/Object;)Ljava/lang/Object;","org/objenesis/ObjenesisBase:getInstantiatorOf:93","5","19375"
"org.apache.dubbo.rpc.cluster.support.AbstractClusterInvokerTest#testSelect_multiInvokers","<main>","1","MONITORENTER","org/mockito/internal/verification/DefaultRegisteredInvocations:isEmpty:55","3","17500"
"org.apache.dubbo.rpc.cluster.support.AbstractClusterInvokerTest#testSelect_multiInvokers","<main>","2","java/util/concurrent/atomic/AtomicIntegerFieldUpdater.getAndIncrement(Ljava/lang/Object;)I","org/apache/dubbo/common/utils/AtomicPositiveInteger:getAndIncrement:39","4","18750"
"org.apache.dubbo.rpc.cluster.support.AbstractClusterInvokerTest#testSelect_multiInvokers","<main>","3","java/util/concurrent/Callable.call()Ljava/lang/Object;","net/bytebuddy/TypeCache:findOrInsert:138","1","10000"
"org.apache.dubbo.rpc.cluster.support.AbstractClusterInvokerTest#testSelect_multiInvokers","<main>","2","java/util/concurrent/ThreadLocalRandom.current()Ljava/util/concurrent/ThreadLocalRandom;","org/apache/dubbo/rpc/cluster/loadbalance/RandomLoadBalance:doSelect:60","7","13331"
"org.apache.dubbo.rpc.cluster.support.AbstractClusterInvokerTest#testSelect_multiInvokers","<main>","2","MONITORENTER","org/mockito/internal/verification/DefaultRegisteredInvocations:clear:49","12","19992"
"org.apache.dubbo.rpc.cluster.support.AbstractClusterInvokerTest#testSelect_multiInvokers","<main>","1","MONITORENTER","org/mockito/internal/stubbing/StubbedInvocationMatcher:answer:33","2","15000"
"org.apache.dubbo.rpc.cluster.support.AbstractClusterInvokerTest#testSelect_multiInvokers","<main>","1","java/util/concurrent/ConcurrentHashMap.get(Ljava/lang/Object;)Ljava/lang/Object;","org/objenesis/ObjenesisBase:getInstantiatorOf:92","5","19375"
"org.apache.dubbo.rpc.cluster.support.AbstractClusterInvokerTest#testSelect_multiInvokers","<main>","2","java/util/concurrent/atomic/AtomicIntegerFieldUpdater.getAndIncrement(Ljava/lang/Object;)I","org/apache/dubbo/common/utils/AtomicPositiveInteger:getAndIncrement:40","10","19979"
"org.apache.dubbo.rpc.cluster.support.AbstractClusterInvokerTest#testSelect_multiInvokers","<main>","3","java/util/concurrent/ThreadLocalRandom.nextInt(I)I","org/apache/dubbo/rpc/cluster/loadbalance/RandomLoadBalance:doSelect:59","6","6663"
"org.apache.dubbo.rpc.cluster.support.AbstractClusterInvokerTest#testSelect_multiInvokers","<main>","3","MONITOREXIT","org/mockito/internal/verification/DefaultRegisteredInvocations:clear:51","4","18750"
"org.apache.dubbo.rpc.cluster.support.AbstractClusterInvokerTest#testSelect_multiInvokers","<main>","2","java/util/concurrent/ConcurrentMap.putIfAbsent(Ljava/lang/Object;Ljava/lang/Object;)Ljava/lang/Object;","org/apache/dubbo/common/logger/LoggerFactory:getLogger:108","2","15000"
"org.apache.dubbo.rpc.cluster.support.AbstractClusterInvokerTest#testSelect_multiInvokers","<main>","2","MONITOREXIT","org/mockito/internal/stubbing/InvocationContainerImpl:findAnswerFor:88","5","19375"
"org.apache.dubbo.rpc.cluster.support.AbstractClusterInvokerTest#testSelect_multiInvokers","<main>","1","java/lang/Thread.currentThread()Ljava/lang/Thread;","org/mockito/internal/configuration/plugins/PluginInitializer:loadImpl:32","6","13329"
"org.apache.dubbo.rpc.cluster.support.AbstractClusterInvokerTest#testSelect_multiInvokers","<main>","3","MONITOREXIT","org/mockito/internal/stubbing/InvocationContainerImpl:findAnswerFor:88","3","17500"
"org.apache.dubbo.rpc.cluster.support.AbstractClusterInvokerTest#testSelect_multiInvokers","<main>","3","MONITOREXIT","org/mockito/internal/verification/DefaultRegisteredInvocations:removeLast:36","6","19687"
"org.apache.dubbo.rpc.cluster.support.AbstractClusterInvokerTest#testSelect_multiInvokers","<main>","3","MONITOREXIT","org/apache/dubbo/common/extension/ExtensionLoader:getExtension:324","3","17500"
"org.apache.dubbo.rpc.cluster.support.AbstractClusterInvokerTest#testSelect_multiInvokers","<main>","2","java/util/concurrent/ThreadLocalRandom.current()Ljava/util/concurrent/ThreadLocalRandom;","org/apache/dubbo/rpc/cluster/loadbalance/LeastActiveLoadBalance:doSelect:84","5","13320"
"org.apache.dubbo.rpc.cluster.support.AbstractClusterInvokerTest#testSelect_multiInvokers","<main>","1","java/lang/Thread.getContextClassLoader()Ljava/lang/ClassLoader;","org/mockito/internal/configuration/plugins/PluginInitializer:loadImpl:31","4","6640"
"org.apache.dubbo.rpc.cluster.support.AbstractClusterInvokerTest#testSelect_multiInvokers","<main>","1","MONITORENTER","net/bytebuddy/dynamic/loading/ClassInjector$UsingReflection:inject:162","3","17500"
"org.apache.dubbo.rpc.cluster.support.AbstractClusterInvokerTest#testSelect_multiInvokers","<main>","1","MONITOREXIT","org/apache/log4j/Category:callAppenders:211","2","15000"
"org.apache.dubbo.rpc.cluster.support.AbstractClusterInvokerTest#testSelect_multiInvokers","<main>","2","MONITORENTER","org/apache/dubbo/common/extension/ExtensionLoader:getExtension:318","8","19921"
"org.apache.dubbo.rpc.cluster.support.AbstractClusterInvokerTest#testSelect_multiInvokers","<main>","3","java/util/concurrent/atomic/AtomicIntegerFieldUpdater.getAndIncrement(Ljava/lang/Object;)I","org/apache/dubbo/common/utils/AtomicPositiveInteger:getAndIncrement:40","3","17500"
"org.apache.dubbo.rpc.cluster.support.AbstractClusterInvokerTest#testSelect_multiInvokers","<main>","2","java/util/concurrent/ConcurrentMap.putIfAbsent(Ljava/lang/Object;Ljava/lang/Object;)Ljava/lang/Object;","org/apache/dubbo/rpc/RpcStatus:getStatus:90","1","10000"
"org.apache.dubbo.rpc.cluster.support.AbstractClusterInvokerTest#testSelect_multiInvokers","<main>","1","SYNCHRONIZED_METHOD_ENTER","org/mockito/internal/progress/SequenceNumber:next:0","6","19687"
"org.apache.dubbo.rpc.cluster.support.AbstractClusterInvokerTest#testSelect_multiInvokers","<main>","3","java/util/concurrent/ConcurrentMap.putIfAbsent(Ljava/lang/Object;Ljava/lang/Object;)Ljava/lang/Object;","org/apache/dubbo/common/extension/ExtensionLoader:createExtension:506","2","15000"
"org.apache.dubbo.rpc.cluster.support.AbstractClusterInvokerTest#testSelect_multiInvokers","<main>","2","java/util/concurrent/ConcurrentMap.putIfAbsent(Ljava/lang/Object;Ljava/lang/Object;)Ljava/lang/Object;","org/apache/dubbo/common/logger/LoggerFactory:getLogger:109","1","10000"
"org.apache.dubbo.rpc.cluster.support.AbstractClusterInvokerTest#testSelect_multiInvokers","<main>","2","java/util/concurrent/ThreadLocalRandom.current()Ljava/util/concurrent/ThreadLocalRandom;","org/apache/dubbo/rpc/cluster/loadbalance/RandomLoadBalance:doSelect:60","1","10000"
"org.apache.dubbo.rpc.cluster.support.AbstractClusterInvokerTest#testSelect_multiInvokers","<main>","1","MONITOREXIT","org/apache/dubbo/common/extension/ExtensionLoader:getAdaptiveExtension:463","2","15000"
"org.apache.dubbo.rpc.cluster.support.AbstractClusterInvokerTest#testSelect_multiInvokers","<main>","3","MONITORENTER","org/mockito/internal/stubbing/InvocationContainerImpl:findAnswerFor:83","8","19921"
"org.apache.dubbo.rpc.cluster.support.AbstractClusterInvokerTest#testSelect_multiInvokers","<main>","3","MONITOREXIT","org/mockito/internal/stubbing/StubbedInvocationMatcher:answer:35","6","19687"
"org.apache.dubbo.rpc.cluster.support.AbstractClusterInvokerTest#testSelect_multiInvokers","<main>","3","java/util/concurrent/atomic/AtomicInteger.get()I","org/apache/dubbo/rpc/RpcStatus:getActive:181","8","19921"
"org.apache.dubbo.rpc.cluster.support.AbstractClusterInvokerTest#testSelect_multiInvokers","<main>","3","java/util/concurrent/ThreadLocalRandom.current()Ljava/util/concurrent/ThreadLocalRandom;","org/apache/dubbo/rpc/cluster/loadbalance/LeastActiveLoadBalance:doSelect:83","4","13281"
"org.apache.dubbo.rpc.cluster.support.AbstractClusterInvokerTest#testSelect_multiInvokers","<main>","1","java/util/concurrent/ConcurrentMap.putIfAbsent(Ljava/lang/Object;Ljava/lang/Object;)Ljava/lang/Object;","org/apache/dubbo/rpc/RpcStatus:getStatus:96","1","10000"
"org.apache.dubbo.rpc.cluster.support.AbstractClusterInvokerTest#testSelect_multiInvokers","<main>","3","MONITORENTER","org/mockito/internal/verification/DefaultRegisteredInvocations:isEmpty:55","13","19994"
"org.apache.dubbo.rpc.cluster.support.AbstractClusterInvokerTest#testSelect_multiInvokers","<main>","3","java/lang/Thread.getContextClassLoader()Ljava/lang/ClassLoader;","org/mockito/internal/configuration/plugins/PluginInitializer:loadImpl:32","6","6663"
"org.apache.dubbo.rpc.cluster.support.AbstractClusterInvokerTest#testSelect_multiInvokers","<main>","1","java/util/concurrent/atomic/AtomicInteger.get()I","org/apache/dubbo/rpc/RpcStatus:getActive:181","14","19995"
"org.apache.dubbo.rpc.cluster.support.AbstractClusterInvokerTest#testSelect_multiInvokers","<main>","1","MONITORENTER","org/mockito/internal/verification/DefaultRegisteredInvocations:removeLast:32","6","19687"
"org.apache.dubbo.rpc.cluster.support.AbstractClusterInvokerTest#testSelect_multiInvokers","<main>","2","java/lang/Thread.getContextClassLoader()Ljava/lang/ClassLoader;","org/mockito/internal/creation/bytebuddy/SubclassBytecodeGenerator:mockClass:109","1","5000"
"org.apache.dubbo.rpc.cluster.support.AbstractClusterInvokerTest#testSelect_multiInvokers","<main>","1","java/util/concurrent/atomic/AtomicInteger.get()I","org/apache/dubbo/rpc/RpcStatus:getActive:181","3","17500"
