"TestMethod","Thread","SleepyRunId","Cause","Interception","HitSleepCount","CumulativeSleepTimeMS"
"org.apache.shardingsphere.elasticjob.infra.concurrent.ElasticJobExecutorServiceTest#assertCreateExecutorService","<main>","41","java/lang/Thread.sleep(J)V","org/apache/shardingsphere/elasticjob/infra/concurrent/BlockUtils:sleep:44","1","10000"
"org.apache.shardingsphere.elasticjob.infra.concurrent.ElasticJobExecutorServiceTest#assertCreateExecutorService","<main>","127","MONITOREXIT","org/jacoco/agent/rt/internal_b6258fc/core/runtime/RuntimeData:getExecutionData:121","10","19979"
"org.apache.shardingsphere.elasticjob.infra.concurrent.ElasticJobExecutorServiceTest#assertCreateExecutorService","<main>","2","java/lang/Thread.setDaemon(Z)V","com/google/common/util/concurrent/ThreadFactoryBuilder$1:newThread:168","1","10000"
"org.apache.shardingsphere.elasticjob.infra.concurrent.ElasticJobExecutorServiceTest#assertCreateExecutorService","<main>","73","java/util/concurrent/ExecutorService.execute(Ljava/lang/Runnable;)V","com/google/common/util/concurrent/MoreExecutors$ListeningDecorator:execute:586","2","15000"
"org.apache.shardingsphere.elasticjob.infra.concurrent.ElasticJobExecutorServiceTest#assertCreateExecutorService","<main>","98","java/util/concurrent/Executors.defaultThreadFactory()Ljava/util/concurrent/ThreadFactory;","org/apache/commons/lang3/concurrent/BasicThreadFactory:<init>:118","1","10000"
"org.apache.shardingsphere.elasticjob.infra.concurrent.ElasticJobExecutorServiceTest#assertCreateExecutorService","<main>","91","MONITORENTER","org/jacoco/agent/rt/internal_b6258fc/core/runtime/RuntimeData:getExecutionData:120","1","10000"
"org.apache.shardingsphere.elasticjob.infra.concurrent.ElasticJobExecutorServiceTest#assertCreateExecutorService","<main>","105","java/util/concurrent/ThreadPoolExecutor.getActiveCount()I","org/apache/shardingsphere/elasticjob/infra/concurrent/ElasticJobExecutorService:getActiveThreadCount:70","3","17500"
"org.apache.shardingsphere.elasticjob.infra.concurrent.ElasticJobExecutorServiceTest#assertCreateExecutorService","<main>","128","MONITORENTER","org/jacoco/agent/rt/internal_b6258fc/core/runtime/RuntimeData:getExecutionData:120","13","19994"
"org.apache.shardingsphere.elasticjob.infra.concurrent.ElasticJobExecutorServiceTest#assertCreateExecutorService","<main>","127","MONITORENTER","org/jacoco/agent/rt/internal_b6258fc/core/runtime/RuntimeData:getExecutionData:120","14","19995"
"org.apache.shardingsphere.elasticjob.infra.concurrent.ElasticJobExecutorServiceTest#assertCreateExecutorService","<main>","100","java/util/concurrent/ThreadPoolExecutor.isShutdown()Z","org/apache/shardingsphere/elasticjob/infra/concurrent/ElasticJobExecutorService:isShutdown:61","1","10000"
"org.apache.shardingsphere.elasticjob.infra.concurrent.ElasticJobExecutorServiceTest#assertCreateExecutorService","<main>","129","MONITOREXIT","org/jacoco/agent/rt/internal_b6258fc/core/runtime/RuntimeData:getExecutionData:121","2","15000"
"org.apache.shardingsphere.elasticjob.infra.concurrent.ElasticJobExecutorServiceTest#assertCreateExecutorService","<main>","66","java/util/concurrent/ExecutorService.execute(Ljava/lang/Runnable;)V","com/google/common/util/concurrent/MoreExecutors$ListeningDecorator:execute:586","2","15000"
"org.apache.shardingsphere.elasticjob.infra.concurrent.ElasticJobExecutorServiceTest#assertCreateExecutorService","<main>","58","java/util/concurrent/Executors.callable(Ljava/lang/Runnable;Ljava/lang/Object;)Ljava/util/concurrent/Callable;","com/google/common/util/concurrent/TrustedListenableFutureTask:create:55","1","10000"
"org.apache.shardingsphere.elasticjob.infra.concurrent.ElasticJobExecutorServiceTest#assertCreateExecutorService","<main>","92","MONITOREXIT","org/jacoco/agent/rt/internal_b6258fc/core/runtime/RuntimeData:getExecutionData:121","6","19687"
"org.apache.shardingsphere.elasticjob.infra.concurrent.ElasticJobExecutorServiceTest#assertCreateExecutorService","<main>","93","MONITOREXIT","org/jacoco/agent/rt/internal_b6258fc/core/runtime/RuntimeData:getExecutionData:121","10","19979"
"org.apache.shardingsphere.elasticjob.infra.concurrent.ElasticJobExecutorServiceTest#assertCreateExecutorService","<main>","96","java/util/concurrent/Executors.defaultThreadFactory()Ljava/util/concurrent/ThreadFactory;","com/google/common/util/concurrent/MoreExecutors:platformThreadFactory:829","1","10000"
"org.apache.shardingsphere.elasticjob.infra.concurrent.ElasticJobExecutorServiceTest#assertCreateExecutorService","<main>","97","MONITORENTER","org/jacoco/agent/rt/internal_b6258fc/core/runtime/RuntimeData:getExecutionData:120","10","19979"
"org.apache.shardingsphere.elasticjob.infra.concurrent.ElasticJobExecutorServiceTest#assertCreateExecutorService","<main>","106","java/util/concurrent/ThreadPoolExecutor.isShutdown()Z","org/apache/shardingsphere/elasticjob/infra/concurrent/ElasticJobExecutorService:isShutdown:61","2","15000"
"org.apache.shardingsphere.elasticjob.infra.concurrent.ElasticJobExecutorServiceTest#assertCreateExecutorService","<-1891051194,1>","3","MONITORENTER","org/jacoco/agent/rt/internal_b6258fc/core/runtime/RuntimeData:getExecutionData:120","2","15000"
"org.apache.shardingsphere.elasticjob.infra.concurrent.ElasticJobExecutorServiceTest#assertCreateExecutorService","<main>","1","java/util/concurrent/Executors.unconfigurableExecutorService(Ljava/util/concurrent/ExecutorService;)Ljava/util/concurrent/ExecutorService;","com/google/common/util/concurrent/MoreExecutors$Application:getExitingExecutorService:236","1","10000"
"org.apache.shardingsphere.elasticjob.infra.concurrent.ElasticJobExecutorServiceTest#assertCreateExecutorService","<main>","13","java/util/concurrent/ExecutorService.shutdownNow()Ljava/util/List;","com/google/common/util/concurrent/MoreExecutors$ListeningDecorator:shutdownNow:581","1","10000"
"org.apache.shardingsphere.elasticjob.infra.concurrent.ElasticJobExecutorServiceTest#assertCreateExecutorService","<main>","127","MONITORENTER","org/jacoco/agent/rt/internal_b6258fc/core/runtime/RuntimeData:getExecutionData:120","4","18750"
"org.apache.shardingsphere.elasticjob.infra.concurrent.ElasticJobExecutorServiceTest#assertCreateExecutorService","<main>","128","MONITOREXIT","org/jacoco/agent/rt/internal_b6258fc/core/runtime/RuntimeData:getExecutionData:121","5","19375"
"org.apache.shardingsphere.elasticjob.infra.concurrent.ElasticJobExecutorServiceTest#assertCreateExecutorService","<main>","3","MONITOREXIT","org/jacoco/agent/rt/internal_b6258fc/core/runtime/RuntimeData:getExecutionData:121","12","19992"
"org.apache.shardingsphere.elasticjob.infra.concurrent.ElasticJobExecutorServiceTest#assertCreateExecutorService","<main>","3","java/util/concurrent/Executors.defaultThreadFactory()Ljava/util/concurrent/ThreadFactory;","com/google/common/util/concurrent/MoreExecutors:platformThreadFactory:828","1","10000"
"org.apache.shardingsphere.elasticjob.infra.concurrent.ElasticJobExecutorServiceTest#assertCreateExecutorService","<main>","93","MONITOREXIT","org/jacoco/agent/rt/internal_b6258fc/core/runtime/RuntimeData:getExecutionData:121","9","19960"
"org.apache.shardingsphere.elasticjob.infra.concurrent.ElasticJobExecutorServiceTest#assertCreateExecutorService","<main>","39","java/lang/Thread.sleep(J)V","org/apache/shardingsphere/elasticjob/infra/concurrent/BlockUtils:sleep:43","1","10000"
"org.apache.shardingsphere.elasticjob.infra.concurrent.ElasticJobExecutorServiceTest#assertCreateExecutorService","<main>","103","java/util/concurrent/ThreadPoolExecutor.isShutdown()Z","org/apache/shardingsphere/elasticjob/infra/concurrent/ElasticJobExecutorService:isShutdown:60","2","15000"
"org.apache.shardingsphere.elasticjob.infra.concurrent.ElasticJobExecutorServiceTest#assertCreateExecutorService","<main>","2","MONITOREXIT","org/jacoco/agent/rt/internal_b6258fc/core/runtime/RuntimeData:getExecutionData:121","4","18750"
"org.apache.shardingsphere.elasticjob.infra.concurrent.ElasticJobExecutorServiceTest#assertCreateExecutorService","<main>","7","java/util/concurrent/ExecutorService.execute(Ljava/lang/Runnable;)V","com/google/common/util/concurrent/MoreExecutors$ListeningDecorator:execute:587","1","10000"
"org.apache.shardingsphere.elasticjob.infra.concurrent.ElasticJobExecutorServiceTest#assertCreateExecutorService","<main>","2","MONITORENTER","org/jacoco/agent/rt/internal_b6258fc/core/runtime/RuntimeData:getExecutionData:120","2","15000"
"org.apache.shardingsphere.elasticjob.infra.concurrent.ElasticJobExecutorServiceTest#assertCreateExecutorService","<main>","8","java/util/concurrent/ExecutorService.execute(Ljava/lang/Runnable;)V","com/google/common/util/concurrent/MoreExecutors$ListeningDecorator:execute:587","1","10000"
"org.apache.shardingsphere.elasticjob.infra.concurrent.ElasticJobExecutorServiceTest#assertCreateExecutorService","<main>","58","java/lang/Thread.setName(Ljava/lang/String;)V","org/apache/commons/lang3/concurrent/BasicThreadFactory:initializeThread:224","1","10000"
"org.apache.shardingsphere.elasticjob.infra.concurrent.ElasticJobExecutorServiceTest#assertCreateExecutorService","<main>","60","java/util/concurrent/atomic/AtomicLong.incrementAndGet()J","org/apache/commons/lang3/concurrent/BasicThreadFactory:initializeThread:222","1","10000"
"org.apache.shardingsphere.elasticjob.infra.concurrent.ElasticJobExecutorServiceTest#assertCreateExecutorService","<main>","91","java/util/concurrent/ThreadPoolExecutor.getActiveCount()I","org/apache/shardingsphere/elasticjob/infra/concurrent/ElasticJobExecutorService:getActiveThreadCount:69","1","10000"
"org.apache.shardingsphere.elasticjob.infra.concurrent.ElasticJobExecutorServiceTest#assertCreateExecutorService","<main>","93","java/util/concurrent/ThreadPoolExecutor.getThreadFactory()Ljava/util/concurrent/ThreadFactory;","com/google/common/util/concurrent/MoreExecutors:useDaemonThreadFactory:295","1","10000"
"org.apache.shardingsphere.elasticjob.infra.concurrent.ElasticJobExecutorServiceTest#assertCreateExecutorService","<main>","97","MONITORENTER","org/jacoco/agent/rt/internal_b6258fc/core/runtime/RuntimeData:getExecutionData:120","6","19687"
"org.apache.shardingsphere.elasticjob.infra.concurrent.ElasticJobExecutorServiceTest#assertCreateExecutorService","<main>","7","java/util/concurrent/ExecutorService.submit(Ljava/lang/Runnable;)Ljava/util/concurrent/Future;","org/apache/shardingsphere/elasticjob/infra/concurrent/ElasticJobExecutorServiceTest:assertCreateExecutorService:39","1","10000"
"org.apache.shardingsphere.elasticjob.infra.concurrent.ElasticJobExecutorServiceTest#assertCreateExecutorService","<main>","59","java/util/concurrent/ExecutorService.execute(Ljava/lang/Runnable;)V","com/google/common/util/concurrent/MoreExecutors$ListeningDecorator:execute:586","2","15000"
"org.apache.shardingsphere.elasticjob.infra.concurrent.ElasticJobExecutorServiceTest#assertCreateExecutorService","<main>","3","java/util/concurrent/ThreadPoolExecutor.getActiveCount()I","org/apache/shardingsphere/elasticjob/infra/concurrent/ElasticJobExecutorService:getActiveThreadCount:70","1","10000"
"org.apache.shardingsphere.elasticjob.infra.concurrent.ElasticJobExecutorServiceTest#assertCreateExecutorService","<main>","98","MONITORENTER","org/jacoco/agent/rt/internal_b6258fc/core/runtime/RuntimeData:getExecutionData:120","1","10000"
"org.apache.shardingsphere.elasticjob.infra.concurrent.ElasticJobExecutorServiceTest#assertCreateExecutorService","<main>","99","java/util/concurrent/Executors.defaultThreadFactory()Ljava/util/concurrent/ThreadFactory;","org/apache/commons/lang3/concurrent/BasicThreadFactory:<init>:118","1","10000"
"org.apache.shardingsphere.elasticjob.infra.concurrent.ElasticJobExecutorServiceTest#assertCreateExecutorService","<main>","96","java/lang/Thread.setName(Ljava/lang/String;)V","com/google/common/util/concurrent/MoreExecutors:newThread:893","1","10000"
"org.apache.shardingsphere.elasticjob.infra.concurrent.ElasticJobExecutorServiceTest#assertCreateExecutorService","<main>","119","java/util/concurrent/ThreadPoolExecutor.getActiveCount()I","org/apache/shardingsphere/elasticjob/infra/concurrent/ElasticJobExecutorService:getActiveThreadCount:69","2","15000"
"org.apache.shardingsphere.elasticjob.infra.concurrent.ElasticJobExecutorServiceTest#assertCreateExecutorService","<-1891051194,1>","2","MONITORENTER","org/jacoco/agent/rt/internal_b6258fc/core/runtime/RuntimeData:getExecutionData:120","4","18750"
"org.apache.shardingsphere.elasticjob.infra.concurrent.ElasticJobExecutorServiceTest#assertCreateExecutorService","<-1291890516,1>","1","java/util/concurrent/ExecutorService.awaitTermination(JLjava/util/concurrent/TimeUnit;)Z","com/google/common/util/concurrent/MoreExecutors$Application$1:run:276","1","10000"
"org.apache.shardingsphere.elasticjob.infra.concurrent.ElasticJobExecutorServiceTest#assertCreateExecutorService","<main>","3","MONITORENTER","org/jacoco/agent/rt/internal_b6258fc/core/runtime/RuntimeData:getExecutionData:120","13","19994"
"org.apache.shardingsphere.elasticjob.infra.concurrent.ElasticJobExecutorServiceTest#assertCreateExecutorService","<main>","93","MONITORENTER","org/jacoco/agent/rt/internal_b6258fc/core/runtime/RuntimeData:getExecutionData:120","9","19960"
"org.apache.shardingsphere.elasticjob.infra.concurrent.ElasticJobExecutorServiceTest#assertCreateExecutorService","<main>","2","MONITOREXIT","org/jacoco/agent/rt/internal_b6258fc/core/runtime/RuntimeData:getExecutionData:121","1","10000"
"org.apache.shardingsphere.elasticjob.infra.concurrent.ElasticJobExecutorServiceTest#assertCreateExecutorService","<main>","16","java/util/concurrent/ExecutorService.submit(Ljava/lang/Runnable;)Ljava/util/concurrent/Future;","org/apache/shardingsphere/elasticjob/infra/concurrent/ElasticJobExecutorServiceTest:assertCreateExecutorService:43","1","10000"
"org.apache.shardingsphere.elasticjob.infra.concurrent.ElasticJobExecutorServiceTest#assertCreateExecutorService","<main>","2","java/util/concurrent/Executors.callable(Ljava/lang/Runnable;Ljava/lang/Object;)Ljava/util/concurrent/Callable;","com/google/common/util/concurrent/TrustedListenableFutureTask:create:54","1","10000"
"org.apache.shardingsphere.elasticjob.infra.concurrent.ElasticJobExecutorServiceTest#assertCreateExecutorService","<main>","98","MONITOREXIT","org/jacoco/agent/rt/internal_b6258fc/core/runtime/RuntimeData:getExecutionData:121","5","19375"
"org.apache.shardingsphere.elasticjob.infra.concurrent.ElasticJobExecutorServiceTest#assertCreateExecutorService","<-1891051194,1>","2","java/lang/Thread.currentThread()Ljava/lang/Thread;","com/google/common/util/concurrent/InterruptibleTask:run:59","1","10000"
"org.apache.shardingsphere.elasticjob.infra.concurrent.ElasticJobExecutorServiceTest#assertCreateExecutorService","<main>","59","java/util/concurrent/Executors.callable(Ljava/lang/Runnable;Ljava/lang/Object;)Ljava/util/concurrent/Callable;","com/google/common/util/concurrent/TrustedListenableFutureTask:create:55","1","10000"
"org.apache.shardingsphere.elasticjob.infra.concurrent.ElasticJobExecutorServiceTest#assertCreateExecutorService","<main>","94","java/util/concurrent/ThreadPoolExecutor.getThreadFactory()Ljava/util/concurrent/ThreadFactory;","com/google/common/util/concurrent/MoreExecutors:useDaemonThreadFactory:295","1","10000"
"org.apache.shardingsphere.elasticjob.infra.concurrent.ElasticJobExecutorServiceTest#assertCreateExecutorService","<main>","1","java/util/concurrent/Executors.unconfigurableExecutorService(Ljava/util/concurrent/ExecutorService;)Ljava/util/concurrent/ExecutorService;","com/google/common/util/concurrent/MoreExecutors$Application:getExitingExecutorService:237","1","10000"
"org.apache.shardingsphere.elasticjob.infra.concurrent.ElasticJobExecutorServiceTest#assertCreateExecutorService","<main>","51","java/util/concurrent/AbstractExecutorService.submit(Ljava/lang/Runnable;)Ljava/util/concurrent/Future;","com/google/common/util/concurrent/AbstractListeningExecutorService:submit:57","1","10000"
"org.apache.shardingsphere.elasticjob.infra.concurrent.ElasticJobExecutorServiceTest#assertCreateExecutorService","<main>","103","java/util/concurrent/ThreadPoolExecutor.getActiveCount()I","org/apache/shardingsphere/elasticjob/infra/concurrent/ElasticJobExecutorService:getActiveThreadCount:70","2","15000"
"org.apache.shardingsphere.elasticjob.infra.concurrent.ElasticJobExecutorServiceTest#assertCreateExecutorService","<main>","114","java/util/concurrent/ThreadPoolExecutor.isShutdown()Z","org/apache/shardingsphere/elasticjob/infra/concurrent/ElasticJobExecutorService:isShutdown:60","1","10000"
"org.apache.shardingsphere.elasticjob.infra.concurrent.ElasticJobExecutorServiceTest#assertCreateExecutorService","<main>","108","java/util/concurrent/ThreadPoolExecutor.isShutdown()Z","org/apache/shardingsphere/elasticjob/infra/concurrent/ElasticJobExecutorService:isShutdown:60","1","10000"
"org.apache.shardingsphere.elasticjob.infra.concurrent.ElasticJobExecutorServiceTest#assertCreateExecutorService","<main>","62","java/lang/Thread.setDaemon(Z)V","com/google/common/util/concurrent/ThreadFactoryBuilder$1:newThread:168","1","10000"
"org.apache.shardingsphere.elasticjob.infra.concurrent.ElasticJobExecutorServiceTest#assertCreateExecutorService","<main>","5","java/lang/Thread.setName(Ljava/lang/String;)V","org/apache/commons/lang3/concurrent/BasicThreadFactory:initializeThread:224","1","10000"
"org.apache.shardingsphere.elasticjob.infra.concurrent.ElasticJobExecutorServiceTest#assertCreateExecutorService","<main>","129","MONITOREXIT","org/jacoco/agent/rt/internal_b6258fc/core/runtime/RuntimeData:getExecutionData:121","7","19843"
"org.apache.shardingsphere.elasticjob.infra.concurrent.ElasticJobExecutorServiceTest#assertCreateExecutorService","<-1891051194,1>","1","MONITORENTER","org/jacoco/agent/rt/internal_b6258fc/core/runtime/RuntimeData:getExecutionData:120","2","15000"
"org.apache.shardingsphere.elasticjob.infra.concurrent.ElasticJobExecutorServiceTest#assertCreateExecutorService","<main>","128","java/util/concurrent/ThreadPoolExecutor.allowCoreThreadTimeOut(Z)V","org/apache/shardingsphere/elasticjob/infra/concurrent/ElasticJobExecutorService:<init>:42","1","10000"
"org.apache.shardingsphere.elasticjob.infra.concurrent.ElasticJobExecutorServiceTest#assertCreateExecutorService","<main>","97","MONITOREXIT","org/jacoco/agent/rt/internal_b6258fc/core/runtime/RuntimeData:getExecutionData:121","12","19992"
"org.apache.shardingsphere.elasticjob.infra.concurrent.ElasticJobExecutorServiceTest#assertCreateExecutorService","<main>","91","MONITORENTER","org/jacoco/agent/rt/internal_b6258fc/core/runtime/RuntimeData:getExecutionData:120","4","18750"
"org.apache.shardingsphere.elasticjob.infra.concurrent.ElasticJobExecutorServiceTest#assertCreateExecutorService","<main>","59","java/util/concurrent/atomic/AtomicLong.incrementAndGet()J","org/apache/commons/lang3/concurrent/BasicThreadFactory:initializeThread:222","1","10000"
"org.apache.shardingsphere.elasticjob.infra.concurrent.ElasticJobExecutorServiceTest#assertCreateExecutorService","<main>","125","java/util/concurrent/ThreadPoolExecutor.allowCoreThreadTimeOut(Z)V","org/apache/shardingsphere/elasticjob/infra/concurrent/ElasticJobExecutorService:<init>:43","1","10000"
"org.apache.shardingsphere.elasticjob.infra.concurrent.ElasticJobExecutorServiceTest#assertCreateExecutorService","<main>","93","MONITORENTER","org/jacoco/agent/rt/internal_b6258fc/core/runtime/RuntimeData:getExecutionData:120","6","19687"
"org.apache.shardingsphere.elasticjob.infra.concurrent.ElasticJobExecutorServiceTest#assertCreateExecutorService","<main>","129","MONITORENTER","org/jacoco/agent/rt/internal_b6258fc/core/runtime/RuntimeData:getExecutionData:120","3","17500"
"org.apache.shardingsphere.elasticjob.infra.concurrent.ElasticJobExecutorServiceTest#assertCreateExecutorService","<main>","59","java/util/concurrent/ExecutorService.submit(Ljava/lang/Runnable;)Ljava/util/concurrent/Future;","org/apache/shardingsphere/elasticjob/infra/concurrent/ElasticJobExecutorServiceTest:assertCreateExecutorService:38","1","10000"
"org.apache.shardingsphere.elasticjob.infra.concurrent.ElasticJobExecutorServiceTest#assertCreateExecutorService","<main>","2","MONITORENTER","org/jacoco/agent/rt/internal_b6258fc/core/runtime/RuntimeData:getExecutionData:120","7","19843"
"org.apache.shardingsphere.elasticjob.infra.concurrent.ElasticJobExecutorServiceTest#assertCreateExecutorService","<main>","5","java/lang/Thread.setDaemon(Z)V","com/google/common/util/concurrent/ThreadFactoryBuilder$1:newThread:169","1","10000"
"org.apache.shardingsphere.elasticjob.infra.concurrent.ElasticJobExecutorServiceTest#assertCreateExecutorService","<main>","116","java/util/concurrent/ThreadPoolExecutor.getActiveCount()I","org/apache/shardingsphere/elasticjob/infra/concurrent/ElasticJobExecutorService:getActiveThreadCount:70","2","15000"
"org.apache.shardingsphere.elasticjob.infra.concurrent.ElasticJobExecutorServiceTest#assertCreateExecutorService","<main>","129","MONITORENTER","org/jacoco/agent/rt/internal_b6258fc/core/runtime/RuntimeData:getExecutionData:120","10","19979"
"org.apache.shardingsphere.elasticjob.infra.concurrent.ElasticJobExecutorServiceTest#assertCreateExecutorService","<main>","93","java/util/concurrent/ThreadPoolExecutor.getActiveCount()I","org/apache/shardingsphere/elasticjob/infra/concurrent/ElasticJobExecutorService:getActiveThreadCount:70","1","10000"
"org.apache.shardingsphere.elasticjob.infra.concurrent.ElasticJobExecutorServiceTest#assertCreateExecutorService","<main>","72","java/util/concurrent/ExecutorService.execute(Ljava/lang/Runnable;)V","com/google/common/util/concurrent/MoreExecutors$ListeningDecorator:execute:586","2","15000"
"org.apache.shardingsphere.elasticjob.infra.concurrent.ElasticJobExecutorServiceTest#assertCreateExecutorService","<main>","92","MONITORENTER","org/jacoco/agent/rt/internal_b6258fc/core/runtime/RuntimeData:getExecutionData:120","12","19992"
"org.apache.shardingsphere.elasticjob.infra.concurrent.ElasticJobExecutorServiceTest#assertCreateExecutorService","<main>","115","java/util/concurrent/ThreadPoolExecutor.getActiveCount()I","org/apache/shardingsphere/elasticjob/infra/concurrent/ElasticJobExecutorService:getActiveThreadCount:70","3","17500"
"org.apache.shardingsphere.elasticjob.infra.concurrent.ElasticJobExecutorServiceTest#assertCreateExecutorService","<main>","96","java/util/concurrent/ThreadPoolExecutor.setThreadFactory(Ljava/util/concurrent/ThreadFactory;)V","com/google/common/util/concurrent/MoreExecutors:useDaemonThreadFactory:291","1","10000"
"org.apache.shardingsphere.elasticjob.infra.concurrent.ElasticJobExecutorServiceTest#assertCreateExecutorService","<main>","3","java/util/concurrent/ThreadPoolExecutor.allowCoreThreadTimeOut(Z)V","org/apache/shardingsphere/elasticjob/infra/concurrent/ElasticJobExecutorService:<init>:43","1","10000"
"org.apache.shardingsphere.elasticjob.infra.concurrent.ElasticJobExecutorServiceTest#assertCreateExecutorService","<main>","122","java/util/concurrent/ThreadPoolExecutor.getActiveCount()I","org/apache/shardingsphere/elasticjob/infra/concurrent/ElasticJobExecutorService:getActiveThreadCount:69","1","10000"
"org.apache.shardingsphere.elasticjob.infra.concurrent.ElasticJobExecutorServiceTest#assertCreateExecutorService","<main>","128","java/util/concurrent/Executors.defaultThreadFactory()Ljava/util/concurrent/ThreadFactory;","org/apache/commons/lang3/concurrent/BasicThreadFactory:<init>:117","1","10000"
"org.apache.shardingsphere.elasticjob.infra.concurrent.ElasticJobExecutorServiceTest#assertCreateExecutorService","<main>","59","java/util/concurrent/AbstractExecutorService.submit(Ljava/lang/Runnable;)Ljava/util/concurrent/Future;","com/google/common/util/concurrent/AbstractListeningExecutorService:submit:56","1","10000"
"org.apache.shardingsphere.elasticjob.infra.concurrent.ElasticJobExecutorServiceTest#assertCreateExecutorService","<main>","3","MONITORENTER","org/jacoco/agent/rt/internal_b6258fc/core/runtime/RuntimeData:getExecutionData:120","9","19960"
"org.apache.shardingsphere.elasticjob.infra.concurrent.ElasticJobExecutorServiceTest#assertCreateExecutorService","<-1891051194,1>","1","MONITOREXIT","org/jacoco/agent/rt/internal_b6258fc/core/runtime/RuntimeData:getExecutionData:121","2","15000"
"org.apache.shardingsphere.elasticjob.infra.concurrent.ElasticJobExecutorServiceTest#assertCreateExecutorService","<main>","94","java/lang/Thread.setName(Ljava/lang/String;)V","com/google/common/util/concurrent/MoreExecutors:newThread:892","1","10000"
"org.apache.shardingsphere.elasticjob.infra.concurrent.ElasticJobExecutorServiceTest#assertCreateExecutorService","<main>","65","java/util/concurrent/ExecutorService.execute(Ljava/lang/Runnable;)V","com/google/common/util/concurrent/MoreExecutors$ListeningDecorator:execute:586","2","15000"
"org.apache.shardingsphere.elasticjob.infra.concurrent.ElasticJobExecutorServiceTest#assertCreateExecutorService","<main>","3","java/util/concurrent/Executors.defaultThreadFactory()Ljava/util/concurrent/ThreadFactory;","com/google/common/util/concurrent/MoreExecutors:platformThreadFactory:829","1","10000"
"org.apache.shardingsphere.elasticjob.infra.concurrent.ElasticJobExecutorServiceTest#assertCreateExecutorService","<main>","65","java/util/concurrent/Executors.callable(Ljava/lang/Runnable;Ljava/lang/Object;)Ljava/util/concurrent/Callable;","com/google/common/util/concurrent/TrustedListenableFutureTask:create:54","2","15000"
"org.apache.shardingsphere.elasticjob.infra.concurrent.ElasticJobExecutorServiceTest#assertCreateExecutorService","<main>","113","java/util/concurrent/ThreadPoolExecutor.isShutdown()Z","org/apache/shardingsphere/elasticjob/infra/concurrent/ElasticJobExecutorService:isShutdown:60","2","15000"
"org.apache.shardingsphere.elasticjob.infra.concurrent.ElasticJobExecutorServiceTest#assertCreateExecutorService","<main>","129","MONITOREXIT","org/jacoco/agent/rt/internal_b6258fc/core/runtime/RuntimeData:getExecutionData:121","8","19921"
"org.apache.shardingsphere.elasticjob.infra.concurrent.ElasticJobExecutorServiceTest#assertCreateExecutorService","<-1891051194,1>","2","MONITOREXIT","org/jacoco/agent/rt/internal_b6258fc/core/runtime/RuntimeData:getExecutionData:121","3","17500"
"org.apache.shardingsphere.elasticjob.infra.concurrent.ElasticJobExecutorServiceTest#assertCreateExecutorService","<main>","72","java/util/concurrent/Executors.callable(Ljava/lang/Runnable;Ljava/lang/Object;)Ljava/util/concurrent/Callable;","com/google/common/util/concurrent/TrustedListenableFutureTask:create:55","1","10000"
"org.apache.shardingsphere.elasticjob.infra.concurrent.ElasticJobExecutorServiceTest#assertCreateExecutorService","<main>","91","MONITORENTER","org/jacoco/agent/rt/internal_b6258fc/core/runtime/RuntimeData:getExecutionData:120","5","19375"
"org.apache.shardingsphere.elasticjob.infra.concurrent.ElasticJobExecutorServiceTest#assertCreateExecutorService","<main>","63","java/lang/Thread.setName(Ljava/lang/String;)V","org/apache/commons/lang3/concurrent/BasicThreadFactory:initializeThread:223","1","5000"
"org.apache.shardingsphere.elasticjob.infra.concurrent.ElasticJobExecutorServiceTest#assertCreateExecutorService","<main>","80","java/util/concurrent/Executors.callable(Ljava/lang/Runnable;Ljava/lang/Object;)Ljava/util/concurrent/Callable;","com/google/common/util/concurrent/TrustedListenableFutureTask:create:54","2","15000"
"org.apache.shardingsphere.elasticjob.infra.concurrent.ElasticJobExecutorServiceTest#assertCreateExecutorService","<main>","2","java/lang/Thread.setName(Ljava/lang/String;)V","org/apache/commons/lang3/concurrent/BasicThreadFactory:initializeThread:223","1","5000"
"org.apache.shardingsphere.elasticjob.infra.concurrent.ElasticJobExecutorServiceTest#assertCreateExecutorService","<main>","60","java/lang/Thread.setDaemon(Z)V","com/google/common/util/concurrent/ThreadFactoryBuilder$1:newThread:169","1","10000"
"org.apache.shardingsphere.elasticjob.infra.concurrent.ElasticJobExecutorServiceTest#assertCreateExecutorService","<main>","1","java/util/concurrent/Executors.callable(Ljava/lang/Runnable;Ljava/lang/Object;)Ljava/util/concurrent/Callable;","com/google/common/util/concurrent/TrustedListenableFutureTask:create:55","1","10000"
"org.apache.shardingsphere.elasticjob.infra.concurrent.ElasticJobExecutorServiceTest#assertCreateExecutorService","<-1291890516,1>","1","java/util/concurrent/ExecutorService.shutdown()V","com/google/common/util/concurrent/MoreExecutors$Application$1:run:274","1","10000"
"org.apache.shardingsphere.elasticjob.infra.concurrent.ElasticJobExecutorServiceTest#assertCreateExecutorService","<main>","92","java/util/concurrent/ThreadPoolExecutor.getThreadFactory()Ljava/util/concurrent/ThreadFactory;","com/google/common/util/concurrent/MoreExecutors:useDaemonThreadFactory:295","1","10000"
"org.apache.shardingsphere.elasticjob.infra.concurrent.ElasticJobExecutorServiceTest#assertCreateExecutorService","<main>","65","java/util/concurrent/Executors.callable(Ljava/lang/Runnable;Ljava/lang/Object;)Ljava/util/concurrent/Callable;","com/google/common/util/concurrent/TrustedListenableFutureTask:create:55","1","10000"
"org.apache.shardingsphere.elasticjob.infra.concurrent.ElasticJobExecutorServiceTest#assertCreateExecutorService","<main>","94","java/util/concurrent/Executors.defaultThreadFactory()Ljava/util/concurrent/ThreadFactory;","com/google/common/util/concurrent/MoreExecutors:platformThreadFactory:828","1","10000"
"org.apache.shardingsphere.elasticjob.infra.concurrent.ElasticJobExecutorServiceTest#assertCreateExecutorService","<main>","97","java/util/concurrent/ThreadPoolExecutor.allowCoreThreadTimeOut(Z)V","org/apache/shardingsphere/elasticjob/infra/concurrent/ElasticJobExecutorService:<init>:43","1","10000"
"org.apache.shardingsphere.elasticjob.infra.concurrent.ElasticJobExecutorServiceTest#assertCreateExecutorService","<main>","128","MONITORENTER","org/jacoco/agent/rt/internal_b6258fc/core/runtime/RuntimeData:getExecutionData:120","3","17500"
"org.apache.shardingsphere.elasticjob.infra.concurrent.ElasticJobExecutorServiceTest#assertCreateExecutorService","<main>","66","java/util/concurrent/Executors.callable(Ljava/lang/Runnable;Ljava/lang/Object;)Ljava/util/concurrent/Callable;","com/google/common/util/concurrent/TrustedListenableFutureTask:create:54","1","10000"
"org.apache.shardingsphere.elasticjob.infra.concurrent.ElasticJobExecutorServiceTest#assertCreateExecutorService","<-1891051194,1>","3","java/lang/Thread.currentThread()Ljava/lang/Thread;","com/google/common/util/concurrent/InterruptibleTask:run:60","1","10000"
"org.apache.shardingsphere.elasticjob.infra.concurrent.ElasticJobExecutorServiceTest#assertCreateExecutorService","<main>","3","MONITORENTER","org/jacoco/agent/rt/internal_b6258fc/core/runtime/RuntimeData:getExecutionData:120","6","19687"
"org.apache.shardingsphere.elasticjob.infra.concurrent.ElasticJobExecutorServiceTest#assertCreateExecutorService","<main>","61","java/lang/Thread.setDaemon(Z)V","com/google/common/util/concurrent/ThreadFactoryBuilder$1:newThread:169","1","10000"
"org.apache.shardingsphere.elasticjob.infra.concurrent.ElasticJobExecutorServiceTest#assertCreateExecutorService","<main>","94","java/util/concurrent/ThreadPoolExecutor.setThreadFactory(Ljava/util/concurrent/ThreadFactory;)V","com/google/common/util/concurrent/MoreExecutors:useDaemonThreadFactory:292","1","10000"
"org.apache.shardingsphere.elasticjob.infra.concurrent.ElasticJobExecutorServiceTest#assertCreateExecutorService","<main>","42","java/lang/Thread.sleep(J)V","org/apache/shardingsphere/elasticjob/infra/concurrent/BlockUtils:sleep:44","1","10000"
"org.apache.shardingsphere.elasticjob.infra.concurrent.ElasticJobExecutorServiceTest#assertCreateExecutorService","<main>","127","MONITORENTER","org/jacoco/agent/rt/internal_b6258fc/core/runtime/RuntimeData:getExecutionData:120","5","19375"
"org.apache.shardingsphere.elasticjob.infra.concurrent.ElasticJobExecutorServiceTest#assertCreateExecutorService","<main>","3","java/lang/Thread.setName(Ljava/lang/String;)V","com/google/common/util/concurrent/MoreExecutors:newThread:893","1","10000"
"org.apache.shardingsphere.elasticjob.infra.concurrent.ElasticJobExecutorServiceTest#assertCreateExecutorService","<main>","104","java/util/concurrent/ThreadPoolExecutor.getActiveCount()I","org/apache/shardingsphere/elasticjob/infra/concurrent/ElasticJobExecutorService:getActiveThreadCount:70","1","10000"
"org.apache.shardingsphere.elasticjob.infra.concurrent.ElasticJobExecutorServiceTest#assertCreateExecutorService","<main>","3","java/util/concurrent/ExecutorService.submit(Ljava/lang/Runnable;)Ljava/util/concurrent/Future;","org/apache/shardingsphere/elasticjob/infra/concurrent/ElasticJobExecutorServiceTest:assertCreateExecutorService:39","1","10000"
"org.apache.shardingsphere.elasticjob.infra.concurrent.ElasticJobExecutorServiceTest#assertCreateExecutorService","<main>","128","MONITORENTER","org/jacoco/agent/rt/internal_b6258fc/core/runtime/RuntimeData:getExecutionData:120","10","19979"
"org.apache.shardingsphere.elasticjob.infra.concurrent.ElasticJobExecutorServiceTest#assertCreateExecutorService","<main>","98","java/util/concurrent/ThreadPoolExecutor.allowCoreThreadTimeOut(Z)V","org/apache/shardingsphere/elasticjob/infra/concurrent/ElasticJobExecutorService:<init>:43","1","10000"
"org.apache.shardingsphere.elasticjob.infra.concurrent.ElasticJobExecutorServiceTest#assertCreateExecutorService","<main>","107","java/util/concurrent/ThreadPoolExecutor.isShutdown()Z","org/apache/shardingsphere/elasticjob/infra/concurrent/ElasticJobExecutorService:isShutdown:60","1","10000"
"org.apache.shardingsphere.elasticjob.infra.concurrent.ElasticJobExecutorServiceTest#assertCreateExecutorService","<main>","2","MONITORENTER","org/jacoco/agent/rt/internal_b6258fc/core/runtime/RuntimeData:getExecutionData:120","13","19994"
"org.apache.shardingsphere.elasticjob.infra.concurrent.ElasticJobExecutorServiceTest#assertCreateExecutorService","<main>","33","java/lang/Thread.sleep(J)V","org/apache/shardingsphere/elasticjob/infra/concurrent/BlockUtils:sleep:44","1","10000"
"org.apache.shardingsphere.elasticjob.infra.concurrent.ElasticJobExecutorServiceTest#assertCreateExecutorService","<main>","68","java/util/concurrent/ExecutorService.execute(Ljava/lang/Runnable;)V","com/google/common/util/concurrent/MoreExecutors$ListeningDecorator:execute:586","2","15000"
"org.apache.shardingsphere.elasticjob.infra.concurrent.ElasticJobExecutorServiceTest#assertCreateExecutorService","<main>","1","java/util/concurrent/ThreadPoolExecutor.getActiveCount()I","org/apache/shardingsphere/elasticjob/infra/concurrent/ElasticJobExecutorService:getActiveThreadCount:69","2","15000"
"org.apache.shardingsphere.elasticjob.infra.concurrent.ElasticJobExecutorServiceTest#assertCreateExecutorService","<main>","91","MONITOREXIT","org/jacoco/agent/rt/internal_b6258fc/core/runtime/RuntimeData:getExecutionData:121","12","19992"
"org.apache.shardingsphere.elasticjob.infra.concurrent.ElasticJobExecutorServiceTest#assertCreateExecutorService","<main>","92","MONITORENTER","org/jacoco/agent/rt/internal_b6258fc/core/runtime/RuntimeData:getExecutionData:120","9","19960"
"org.apache.shardingsphere.elasticjob.infra.concurrent.ElasticJobExecutorServiceTest#assertCreateExecutorService","<main>","1","MONITORENTER","org/jacoco/agent/rt/internal_b6258fc/core/runtime/RuntimeData:getExecutionData:120","4","18750"
"org.apache.shardingsphere.elasticjob.infra.concurrent.ElasticJobExecutorServiceTest#assertCreateExecutorService","<main>","64","java/util/concurrent/ExecutorService.execute(Ljava/lang/Runnable;)V","com/google/common/util/concurrent/MoreExecutors$ListeningDecorator:execute:586","2","15000"
"org.apache.shardingsphere.elasticjob.infra.concurrent.ElasticJobExecutorServiceTest#assertCreateExecutorService","<main>","58","java/util/concurrent/atomic/AtomicLong.incrementAndGet()J","org/apache/commons/lang3/concurrent/BasicThreadFactory:initializeThread:222","1","10000"
"org.apache.shardingsphere.elasticjob.infra.concurrent.ElasticJobExecutorServiceTest#assertCreateExecutorService","<main>","77","java/util/concurrent/Executors.callable(Ljava/lang/Runnable;Ljava/lang/Object;)Ljava/util/concurrent/Callable;","com/google/common/util/concurrent/TrustedListenableFutureTask:create:55","2","15000"
"org.apache.shardingsphere.elasticjob.infra.concurrent.ElasticJobExecutorServiceTest#assertCreateExecutorService","<main>","129","MONITORENTER","org/jacoco/agent/rt/internal_b6258fc/core/runtime/RuntimeData:getExecutionData:120","11","19988"
"org.apache.shardingsphere.elasticjob.infra.concurrent.ElasticJobExecutorServiceTest#assertCreateExecutorService","<main>","3","java/util/concurrent/Executors.defaultThreadFactory()Ljava/util/concurrent/ThreadFactory;","org/apache/commons/lang3/concurrent/BasicThreadFactory:<init>:118","1","10000"
"org.apache.shardingsphere.elasticjob.infra.concurrent.ElasticJobExecutorServiceTest#assertCreateExecutorService","<main>","99","java/util/concurrent/ThreadPoolExecutor.getActiveCount()I","org/apache/shardingsphere/elasticjob/infra/concurrent/ElasticJobExecutorService:getActiveThreadCount:69","2","15000"
"org.apache.shardingsphere.elasticjob.infra.concurrent.ElasticJobExecutorServiceTest#assertCreateExecutorService","<main>","78","java/util/concurrent/Executors.callable(Ljava/lang/Runnable;Ljava/lang/Object;)Ljava/util/concurrent/Callable;","com/google/common/util/concurrent/TrustedListenableFutureTask:create:55","1","10000"
"org.apache.shardingsphere.elasticjob.infra.concurrent.ElasticJobExecutorServiceTest#assertCreateExecutorService","<main>","25","java/util/concurrent/ExecutorService.submit(Ljava/lang/Runnable;)Ljava/util/concurrent/Future;","org/apache/shardingsphere/elasticjob/infra/concurrent/ElasticJobExecutorServiceTest:assertCreateExecutorService:44","1","10000"
"org.apache.shardingsphere.elasticjob.infra.concurrent.ElasticJobExecutorServiceTest#assertCreateExecutorService","<main>","3","java/lang/Thread.setName(Ljava/lang/String;)V","org/apache/commons/lang3/concurrent/BasicThreadFactory:initializeThread:224","1","10000"
"org.apache.shardingsphere.elasticjob.infra.concurrent.ElasticJobExecutorServiceTest#assertCreateExecutorService","<main>","97","java/util/concurrent/ThreadPoolExecutor.getActiveCount()I","org/apache/shardingsphere/elasticjob/infra/concurrent/ElasticJobExecutorService:getActiveThreadCount:70","1","10000"
"org.apache.shardingsphere.elasticjob.infra.concurrent.ElasticJobExecutorServiceTest#assertCreateExecutorService","<main>","6","java/util/concurrent/ExecutorService.submit(Ljava/lang/Runnable;)Ljava/util/concurrent/Future;","org/apache/shardingsphere/elasticjob/infra/concurrent/ElasticJobExecutorServiceTest:assertCreateExecutorService:38","1","10000"
"org.apache.shardingsphere.elasticjob.infra.concurrent.ElasticJobExecutorServiceTest#assertCreateExecutorService","<main>","36","java/lang/Thread.sleep(J)V","org/apache/shardingsphere/elasticjob/infra/concurrent/BlockUtils:sleep:44","1","10000"
"org.apache.shardingsphere.elasticjob.infra.concurrent.ElasticJobExecutorServiceTest#assertCreateExecutorService","<main>","1","java/util/concurrent/AbstractExecutorService.submit(Ljava/lang/Runnable;)Ljava/util/concurrent/Future;","com/google/common/util/concurrent/AbstractListeningExecutorService:submit:56","1","10000"
"org.apache.shardingsphere.elasticjob.infra.concurrent.ElasticJobExecutorServiceTest#assertCreateExecutorService","<main>","2","MONITOREXIT","org/jacoco/agent/rt/internal_b6258fc/core/runtime/RuntimeData:getExecutionData:121","5","19375"
"org.apache.shardingsphere.elasticjob.infra.concurrent.ElasticJobExecutorServiceTest#assertCreateExecutorService","<main>","65","java/util/concurrent/AbstractExecutorService.submit(Ljava/lang/Runnable;)Ljava/util/concurrent/Future;","com/google/common/util/concurrent/AbstractListeningExecutorService:submit:56","1","10000"
"org.apache.shardingsphere.elasticjob.infra.concurrent.ElasticJobExecutorServiceTest#assertCreateExecutorService","<main>","99","MONITORENTER","org/jacoco/agent/rt/internal_b6258fc/core/runtime/RuntimeData:getExecutionData:120","14","19995"
"org.apache.shardingsphere.elasticjob.infra.concurrent.ElasticJobExecutorServiceTest#assertCreateExecutorService","<main>","105","java/util/concurrent/ThreadPoolExecutor.isShutdown()Z","org/apache/shardingsphere/elasticjob/infra/concurrent/ElasticJobExecutorService:isShutdown:61","2","15000"
"org.apache.shardingsphere.elasticjob.infra.concurrent.ElasticJobExecutorServiceTest#assertCreateExecutorService","<main>","3","java/util/concurrent/ExecutorService.submit(Ljava/lang/Runnable;)Ljava/util/concurrent/Future;","org/apache/shardingsphere/elasticjob/infra/concurrent/ElasticJobExecutorServiceTest:assertCreateExecutorService:38","1","10000"
"org.apache.shardingsphere.elasticjob.infra.concurrent.ElasticJobExecutorServiceTest#assertCreateExecutorService","<main>","3","java/util/concurrent/Executors.callable(Ljava/lang/Runnable;Ljava/lang/Object;)Ljava/util/concurrent/Callable;","com/google/common/util/concurrent/TrustedListenableFutureTask:create:54","1","10000"
"org.apache.shardingsphere.elasticjob.infra.concurrent.ElasticJobExecutorServiceTest#assertCreateExecutorService","<main>","93","MONITOREXIT","org/jacoco/agent/rt/internal_b6258fc/core/runtime/RuntimeData:getExecutionData:121","11","19988"
"org.apache.shardingsphere.elasticjob.infra.concurrent.ElasticJobExecutorServiceTest#assertCreateExecutorService","<main>","96","java/util/concurrent/ThreadPoolExecutor.getThreadFactory()Ljava/util/concurrent/ThreadFactory;","com/google/common/util/concurrent/MoreExecutors:useDaemonThreadFactory:294","1","10000"
"org.apache.shardingsphere.elasticjob.infra.concurrent.ElasticJobExecutorServiceTest#assertCreateExecutorService","<main>","97","MONITORENTER","org/jacoco/agent/rt/internal_b6258fc/core/runtime/RuntimeData:getExecutionData:120","11","19988"
"org.apache.shardingsphere.elasticjob.infra.concurrent.ElasticJobExecutorServiceTest#assertCreateExecutorService","<-1891051194,1>","2","RUNNABLE_CALLABLE_START","com/google/common/util/concurrent/TrustedListenableFutureTask:run:0","1","10000"
"org.apache.shardingsphere.elasticjob.infra.concurrent.ElasticJobExecutorServiceTest#assertCreateExecutorService","<main>","3","MONITORENTER","org/jacoco/agent/rt/internal_b6258fc/core/runtime/RuntimeData:getExecutionData:120","11","19988"
"org.apache.shardingsphere.elasticjob.infra.concurrent.ElasticJobExecutorServiceTest#assertCreateExecutorService","<main>","92","MONITORENTER","org/jacoco/agent/rt/internal_b6258fc/core/runtime/RuntimeData:getExecutionData:120","6","19687"
"org.apache.shardingsphere.elasticjob.infra.concurrent.ElasticJobExecutorServiceTest#assertCreateExecutorService","<main>","83","java/util/concurrent/AbstractExecutorService.submit(Ljava/lang/Runnable;)Ljava/util/concurrent/Future;","com/google/common/util/concurrent/AbstractListeningExecutorService:submit:56","1","10000"
"org.apache.shardingsphere.elasticjob.infra.concurrent.ElasticJobExecutorServiceTest#assertCreateExecutorService","<main>","34","java/util/concurrent/ExecutorService.submit(Ljava/lang/Runnable;)Ljava/util/concurrent/Future;","org/apache/shardingsphere/elasticjob/infra/concurrent/ElasticJobExecutorServiceTest:assertCreateExecutorService:39","1","10000"
"org.apache.shardingsphere.elasticjob.infra.concurrent.ElasticJobExecutorServiceTest#assertCreateExecutorService","<main>","63","java/lang/Thread.setName(Ljava/lang/String;)V","org/apache/commons/lang3/concurrent/BasicThreadFactory:initializeThread:224","1","10000"
"org.apache.shardingsphere.elasticjob.infra.concurrent.ElasticJobExecutorServiceTest#assertCreateExecutorService","<-1891051194,1>","2","MONITORENTER","org/jacoco/agent/rt/internal_b6258fc/core/runtime/RuntimeData:getExecutionData:120","3","17500"
"org.apache.shardingsphere.elasticjob.infra.concurrent.ElasticJobExecutorServiceTest#assertCreateExecutorService","<main>","97","java/util/concurrent/Executors.defaultThreadFactory()Ljava/util/concurrent/ThreadFactory;","org/apache/commons/lang3/concurrent/BasicThreadFactory:<init>:118","1","10000"
"org.apache.shardingsphere.elasticjob.infra.concurrent.ElasticJobExecutorServiceTest#assertCreateExecutorService","<main>","93","java/util/concurrent/Executors.unconfigurableExecutorService(Ljava/util/concurrent/ExecutorService;)Ljava/util/concurrent/ExecutorService;","com/google/common/util/concurrent/MoreExecutors$Application:getExitingExecutorService:236","1","10000"
"org.apache.shardingsphere.elasticjob.infra.concurrent.ElasticJobExecutorServiceTest#assertCreateExecutorService","<main>","93","java/util/concurrent/ThreadPoolExecutor.getActiveCount()I","org/apache/shardingsphere/elasticjob/infra/concurrent/ElasticJobExecutorService:getActiveThreadCount:69","1","10000"
"org.apache.shardingsphere.elasticjob.infra.concurrent.ElasticJobExecutorServiceTest#assertCreateExecutorService","<main>","105","java/util/concurrent/ThreadPoolExecutor.getActiveCount()I","org/apache/shardingsphere/elasticjob/infra/concurrent/ElasticJobExecutorService:getActiveThreadCount:70","2","15000"
"org.apache.shardingsphere.elasticjob.infra.concurrent.ElasticJobExecutorServiceTest#assertCreateExecutorService","<main>","56","java/util/concurrent/ExecutorService.execute(Ljava/lang/Runnable;)V","com/google/common/util/concurrent/MoreExecutors$ListeningDecorator:execute:587","1","10000"
"org.apache.shardingsphere.elasticjob.infra.concurrent.ElasticJobExecutorServiceTest#assertCreateExecutorService","<main>","87","java/util/concurrent/AbstractExecutorService.submit(Ljava/lang/Runnable;)Ljava/util/concurrent/Future;","com/google/common/util/concurrent/AbstractListeningExecutorService:submit:56","2","15000"
"org.apache.shardingsphere.elasticjob.infra.concurrent.ElasticJobExecutorServiceTest#assertCreateExecutorService","<main>","2","MONITORENTER","org/jacoco/agent/rt/internal_b6258fc/core/runtime/RuntimeData:getExecutionData:120","9","19960"
"org.apache.shardingsphere.elasticjob.infra.concurrent.ElasticJobExecutorServiceTest#assertCreateExecutorService","<main>","58","java/util/concurrent/Executors.callable(Ljava/lang/Runnable;Ljava/lang/Object;)Ljava/util/concurrent/Callable;","com/google/common/util/concurrent/TrustedListenableFutureTask:create:54","2","15000"
"org.apache.shardingsphere.elasticjob.infra.concurrent.ElasticJobExecutorServiceTest#assertCreateExecutorService","<main>","9","java/util/concurrent/ExecutorService.execute(Ljava/lang/Runnable;)V","com/google/common/util/concurrent/MoreExecutors$ListeningDecorator:execute:587","1","10000"
"org.apache.shardingsphere.elasticjob.infra.concurrent.ElasticJobExecutorServiceTest#assertCreateExecutorService","<main>","3","MONITOREXIT","org/jacoco/agent/rt/internal_b6258fc/core/runtime/RuntimeData:getExecutionData:121","6","19687"
"org.apache.shardingsphere.elasticjob.infra.concurrent.ElasticJobExecutorServiceTest#assertCreateExecutorService","<main>","54","java/util/concurrent/AbstractExecutorService.submit(Ljava/lang/Runnable;)Ljava/util/concurrent/Future;","com/google/common/util/concurrent/AbstractListeningExecutorService:submit:57","1","10000"
"org.apache.shardingsphere.elasticjob.infra.concurrent.ElasticJobExecutorServiceTest#assertCreateExecutorService","<main>","92","java/util/concurrent/ThreadPoolExecutor.setThreadFactory(Ljava/util/concurrent/ThreadFactory;)V","com/google/common/util/concurrent/MoreExecutors:useDaemonThreadFactory:292","1","10000"
"org.apache.shardingsphere.elasticjob.infra.concurrent.ElasticJobExecutorServiceTest#assertCreateExecutorService","<main>","129","MONITOREXIT","org/jacoco/agent/rt/internal_b6258fc/core/runtime/RuntimeData:getExecutionData:121","9","19960"
"org.apache.shardingsphere.elasticjob.infra.concurrent.ElasticJobExecutorServiceTest#assertCreateExecutorService","<main>","91","java/lang/Thread.setName(Ljava/lang/String;)V","com/google/common/util/concurrent/MoreExecutors:newThread:893","1","10000"
"org.apache.shardingsphere.elasticjob.infra.concurrent.ElasticJobExecutorServiceTest#assertCreateExecutorService","<main>","128","MONITORENTER","org/jacoco/agent/rt/internal_b6258fc/core/runtime/RuntimeData:getExecutionData:120","11","19988"
"org.apache.shardingsphere.elasticjob.infra.concurrent.ElasticJobExecutorServiceTest#assertCreateExecutorService","<-1891051194,1>","3","MONITOREXIT","org/jacoco/agent/rt/internal_b6258fc/core/runtime/RuntimeData:getExecutionData:121","3","17500"
"org.apache.shardingsphere.elasticjob.infra.concurrent.ElasticJobExecutorServiceTest#assertCreateExecutorService","<main>","2","MONITORENTER","org/jacoco/agent/rt/internal_b6258fc/core/runtime/RuntimeData:getExecutionData:120","8","19921"
"org.apache.shardingsphere.elasticjob.infra.concurrent.ElasticJobExecutorServiceTest#assertCreateExecutorService","<main>","5","java/util/concurrent/Executors.callable(Ljava/lang/Runnable;Ljava/lang/Object;)Ljava/util/concurrent/Callable;","com/google/common/util/concurrent/TrustedListenableFutureTask:create:54","1","10000"
"org.apache.shardingsphere.elasticjob.infra.concurrent.ElasticJobExecutorServiceTest#assertCreateExecutorService","<main>","2","java/util/concurrent/AbstractExecutorService.submit(Ljava/lang/Runnable;)Ljava/util/concurrent/Future;","com/google/common/util/concurrent/AbstractListeningExecutorService:submit:56","1","10000"
"org.apache.shardingsphere.elasticjob.infra.concurrent.ElasticJobExecutorServiceTest#assertCreateExecutorService","<main>","3","java/util/concurrent/ThreadPoolExecutor.isShutdown()Z","org/apache/shardingsphere/elasticjob/infra/concurrent/ElasticJobExecutorService:isShutdown:60","1","10000"
"org.apache.shardingsphere.elasticjob.infra.concurrent.ElasticJobExecutorServiceTest#assertCreateExecutorService","<main>","2","java/lang/Thread.setName(Ljava/lang/String;)V","com/google/common/util/concurrent/MoreExecutors:newThread:892","1","10000"
"org.apache.shardingsphere.elasticjob.infra.concurrent.ElasticJobExecutorServiceTest#assertCreateExecutorService","<main>","16","java/util/concurrent/ExecutorService.submit(Ljava/lang/Runnable;)Ljava/util/concurrent/Future;","org/apache/shardingsphere/elasticjob/infra/concurrent/ElasticJobExecutorServiceTest:assertCreateExecutorService:44","1","10000"
"org.apache.shardingsphere.elasticjob.infra.concurrent.ElasticJobExecutorServiceTest#assertCreateExecutorService","<main>","84","java/util/concurrent/AbstractExecutorService.submit(Ljava/lang/Runnable;)Ljava/util/concurrent/Future;","com/google/common/util/concurrent/AbstractListeningExecutorService:submit:56","2","15000"
"org.apache.shardingsphere.elasticjob.infra.concurrent.ElasticJobExecutorServiceTest#assertCreateExecutorService","<-1291890516,1>","2","java/util/concurrent/ExecutorService.shutdown()V","com/google/common/util/concurrent/MoreExecutors$Application$1:run:274","1","10000"
"org.apache.shardingsphere.elasticjob.infra.concurrent.ElasticJobExecutorServiceTest#assertCreateExecutorService","<main>","1","MONITOREXIT","org/jacoco/agent/rt/internal_b6258fc/core/runtime/RuntimeData:getExecutionData:121","4","18750"
"org.apache.shardingsphere.elasticjob.infra.concurrent.ElasticJobExecutorServiceTest#assertCreateExecutorService","<main>","98","MONITOREXIT","org/jacoco/agent/rt/internal_b6258fc/core/runtime/RuntimeData:getExecutionData:121","3","17500"
"org.apache.shardingsphere.elasticjob.infra.concurrent.ElasticJobExecutorServiceTest#assertCreateExecutorService","<main>","4","java/lang/Thread.sleep(J)V","org/apache/shardingsphere/elasticjob/infra/concurrent/BlockUtils:sleep:43","1","10000"
"org.apache.shardingsphere.elasticjob.infra.concurrent.ElasticJobExecutorServiceTest#assertCreateExecutorService","<main>","61","java/lang/Thread.setDaemon(Z)V","com/google/common/util/concurrent/ThreadFactoryBuilder$1:newThread:168","1","10000"
"org.apache.shardingsphere.elasticjob.infra.concurrent.ElasticJobExecutorServiceTest#assertCreateExecutorService","<main>","95","java/util/concurrent/ThreadPoolExecutor.getThreadFactory()Ljava/util/concurrent/ThreadFactory;","com/google/common/util/concurrent/MoreExecutors:useDaemonThreadFactory:294","1","10000"
"org.apache.shardingsphere.elasticjob.infra.concurrent.ElasticJobExecutorServiceTest#assertCreateExecutorService","<main>","91","java/util/concurrent/Executors.defaultThreadFactory()Ljava/util/concurrent/ThreadFactory;","com/google/common/util/concurrent/MoreExecutors:platformThreadFactory:828","1","10000"
"org.apache.shardingsphere.elasticjob.infra.concurrent.ElasticJobExecutorServiceTest#assertCreateExecutorService","<main>","128","MONITOREXIT","org/jacoco/agent/rt/internal_b6258fc/core/runtime/RuntimeData:getExecutionData:121","14","19995"
"org.apache.shardingsphere.elasticjob.infra.concurrent.ElasticJobExecutorServiceTest#assertCreateExecutorService","<main>","127","MONITORENTER","org/jacoco/agent/rt/internal_b6258fc/core/runtime/RuntimeData:getExecutionData:120","3","17500"
"org.apache.shardingsphere.elasticjob.infra.concurrent.ElasticJobExecutorServiceTest#assertCreateExecutorService","<main>","2","java/util/concurrent/ThreadPoolExecutor.allowCoreThreadTimeOut(Z)V","org/apache/shardingsphere/elasticjob/infra/concurrent/ElasticJobExecutorService:<init>:42","1","10000"
"org.apache.shardingsphere.elasticjob.infra.concurrent.ElasticJobExecutorServiceTest#assertCreateExecutorService","<main>","71","java/util/concurrent/ExecutorService.execute(Ljava/lang/Runnable;)V","com/google/common/util/concurrent/MoreExecutors$ListeningDecorator:execute:586","2","15000"
"org.apache.shardingsphere.elasticjob.infra.concurrent.ElasticJobExecutorServiceTest#assertCreateExecutorService","<main>","91","java/util/concurrent/ThreadPoolExecutor.allowCoreThreadTimeOut(Z)V","org/apache/shardingsphere/elasticjob/infra/concurrent/ElasticJobExecutorService:<init>:43","1","10000"
"org.apache.shardingsphere.elasticjob.infra.concurrent.ElasticJobExecutorServiceTest#assertCreateExecutorService","<main>","97","MONITOREXIT","org/jacoco/agent/rt/internal_b6258fc/core/runtime/RuntimeData:getExecutionData:121","6","19687"
"org.apache.shardingsphere.elasticjob.infra.concurrent.ElasticJobExecutorServiceTest#assertCreateExecutorService","<main>","2","MONITORENTER","org/jacoco/agent/rt/internal_b6258fc/core/runtime/RuntimeData:getExecutionData:120","6","19687"
"org.apache.shardingsphere.elasticjob.infra.concurrent.ElasticJobExecutorServiceTest#assertCreateExecutorService","<main>","129","MONITOREXIT","org/jacoco/agent/rt/internal_b6258fc/core/runtime/RuntimeData:getExecutionData:121","13","19994"
"org.apache.shardingsphere.elasticjob.infra.concurrent.ElasticJobExecutorServiceTest#assertCreateExecutorService","<main>","99","MONITOREXIT","org/jacoco/agent/rt/internal_b6258fc/core/runtime/RuntimeData:getExecutionData:121","4","18750"
"org.apache.shardingsphere.elasticjob.infra.concurrent.ElasticJobExecutorServiceTest#assertCreateExecutorService","<main>","66","java/util/concurrent/ExecutorService.submit(Ljava/lang/Runnable;)Ljava/util/concurrent/Future;","org/apache/shardingsphere/elasticjob/infra/concurrent/ElasticJobExecutorServiceTest:assertCreateExecutorService:38","1","10000"
"org.apache.shardingsphere.elasticjob.infra.concurrent.ElasticJobExecutorServiceTest#assertCreateExecutorService","<main>","117","java/util/concurrent/ThreadPoolExecutor.getActiveCount()I","org/apache/shardingsphere/elasticjob/infra/concurrent/ElasticJobExecutorService:getActiveThreadCount:70","3","17500"
"org.apache.shardingsphere.elasticjob.infra.concurrent.ElasticJobExecutorServiceTest#assertCreateExecutorService","<main>","127","MONITOREXIT","org/jacoco/agent/rt/internal_b6258fc/core/runtime/RuntimeData:getExecutionData:121","7","19843"
"org.apache.shardingsphere.elasticjob.infra.concurrent.ElasticJobExecutorServiceTest#assertCreateExecutorService","<main>","6","java/lang/Thread.setName(Ljava/lang/String;)V","org/apache/commons/lang3/concurrent/BasicThreadFactory:initializeThread:223","1","5000"
"org.apache.shardingsphere.elasticjob.infra.concurrent.ElasticJobExecutorServiceTest#assertCreateExecutorService","<main>","127","MONITORENTER","org/jacoco/agent/rt/internal_b6258fc/core/runtime/RuntimeData:getExecutionData:120","10","19979"
"org.apache.shardingsphere.elasticjob.infra.concurrent.ElasticJobExecutorServiceTest#assertCreateExecutorService","<main>","102","java/util/concurrent/ThreadPoolExecutor.getActiveCount()I","org/apache/shardingsphere/elasticjob/infra/concurrent/ElasticJobExecutorService:getActiveThreadCount:69","1","10000"
"org.apache.shardingsphere.elasticjob.infra.concurrent.ElasticJobExecutorServiceTest#assertCreateExecutorService","<main>","2","java/util/concurrent/ThreadPoolExecutor.isShutdown()Z","org/apache/shardingsphere/elasticjob/infra/concurrent/ElasticJobExecutorService:isShutdown:61","1","10000"
"org.apache.shardingsphere.elasticjob.infra.concurrent.ElasticJobExecutorServiceTest#assertCreateExecutorService","<main>","95","java/util/concurrent/ThreadPoolExecutor.setThreadFactory(Ljava/util/concurrent/ThreadFactory;)V","com/google/common/util/concurrent/MoreExecutors:useDaemonThreadFactory:291","1","10000"
"org.apache.shardingsphere.elasticjob.infra.concurrent.ElasticJobExecutorServiceTest#assertCreateExecutorService","<main>","32","java/lang/Thread.sleep(J)V","org/apache/shardingsphere/elasticjob/infra/concurrent/BlockUtils:sleep:44","1","10000"
"org.apache.shardingsphere.elasticjob.infra.concurrent.ElasticJobExecutorServiceTest#assertCreateExecutorService","<main>","100","java/util/concurrent/ThreadPoolExecutor.getActiveCount()I","org/apache/shardingsphere/elasticjob/infra/concurrent/ElasticJobExecutorService:getActiveThreadCount:70","1","10000"
"org.apache.shardingsphere.elasticjob.infra.concurrent.ElasticJobExecutorServiceTest#assertCreateExecutorService","<main>","2","java/util/concurrent/Executors.callable(Ljava/lang/Runnable;Ljava/lang/Object;)Ljava/util/concurrent/Callable;","com/google/common/util/concurrent/TrustedListenableFutureTask:create:55","1","10000"
"org.apache.shardingsphere.elasticjob.infra.concurrent.ElasticJobExecutorServiceTest#assertCreateExecutorService","<main>","121","java/util/concurrent/ThreadPoolExecutor.getActiveCount()I","org/apache/shardingsphere/elasticjob/infra/concurrent/ElasticJobExecutorService:getActiveThreadCount:69","2","15000"
"org.apache.shardingsphere.elasticjob.infra.concurrent.ElasticJobExecutorServiceTest#assertCreateExecutorService","<main>","74","java/util/concurrent/ExecutorService.execute(Ljava/lang/Runnable;)V","com/google/common/util/concurrent/MoreExecutors$ListeningDecorator:execute:586","2","15000"
"org.apache.shardingsphere.elasticjob.infra.concurrent.ElasticJobExecutorServiceTest#assertCreateExecutorService","<main>","71","java/util/concurrent/Executors.callable(Ljava/lang/Runnable;Ljava/lang/Object;)Ljava/util/concurrent/Callable;","com/google/common/util/concurrent/TrustedListenableFutureTask:create:55","1","10000"
"org.apache.shardingsphere.elasticjob.infra.concurrent.ElasticJobExecutorServiceTest#assertCreateExecutorService","<main>","67","java/util/concurrent/Executors.callable(Ljava/lang/Runnable;Ljava/lang/Object;)Ljava/util/concurrent/Callable;","com/google/common/util/concurrent/TrustedListenableFutureTask:create:54","2","15000"
"org.apache.shardingsphere.elasticjob.infra.concurrent.ElasticJobExecutorServiceTest#assertCreateExecutorService","<main>","15","java/util/concurrent/ExecutorService.shutdownNow()Ljava/util/List;","com/google/common/util/concurrent/MoreExecutors$ListeningDecorator:shutdownNow:582","1","10000"
"org.apache.shardingsphere.elasticjob.infra.concurrent.ElasticJobExecutorServiceTest#assertCreateExecutorService","<main>","127","MONITOREXIT","org/jacoco/agent/rt/internal_b6258fc/core/runtime/RuntimeData:getExecutionData:121","2","15000"
"org.apache.shardingsphere.elasticjob.infra.concurrent.ElasticJobExecutorServiceTest#assertCreateExecutorService","<main>","129","MONITORENTER","org/jacoco/agent/rt/internal_b6258fc/core/runtime/RuntimeData:getExecutionData:120","2","15000"
"org.apache.shardingsphere.elasticjob.infra.concurrent.ElasticJobExecutorServiceTest#assertCreateExecutorService","<main>","62","java/util/concurrent/atomic/AtomicLong.incrementAndGet()J","org/apache/commons/lang3/concurrent/BasicThreadFactory:initializeThread:222","1","10000"
"org.apache.shardingsphere.elasticjob.infra.concurrent.ElasticJobExecutorServiceTest#assertCreateExecutorService","<main>","128","MONITOREXIT","org/jacoco/agent/rt/internal_b6258fc/core/runtime/RuntimeData:getExecutionData:121","7","19843"
"org.apache.shardingsphere.elasticjob.infra.concurrent.ElasticJobExecutorServiceTest#assertCreateExecutorService","<main>","94","java/util/concurrent/Executors.defaultThreadFactory()Ljava/util/concurrent/ThreadFactory;","com/google/common/util/concurrent/MoreExecutors:platformThreadFactory:829","1","10000"
"org.apache.shardingsphere.elasticjob.infra.concurrent.ElasticJobExecutorServiceTest#assertCreateExecutorService","<main>","1","MONITORENTER","org/jacoco/agent/rt/internal_b6258fc/core/runtime/RuntimeData:getExecutionData:120","1","10000"
"org.apache.shardingsphere.elasticjob.infra.concurrent.ElasticJobExecutorServiceTest#assertCreateExecutorService","<main>","92","MONITOREXIT","org/jacoco/agent/rt/internal_b6258fc/core/runtime/RuntimeData:getExecutionData:121","4","18750"
"org.apache.shardingsphere.elasticjob.infra.concurrent.ElasticJobExecutorServiceTest#assertCreateExecutorService","<main>","58","java/util/concurrent/AbstractExecutorService.submit(Ljava/lang/Runnable;)Ljava/util/concurrent/Future;","com/google/common/util/concurrent/AbstractListeningExecutorService:submit:56","1","10000"
"org.apache.shardingsphere.elasticjob.infra.concurrent.ElasticJobExecutorServiceTest#assertCreateExecutorService","<main>","93","MONITORENTER","org/jacoco/agent/rt/internal_b6258fc/core/runtime/RuntimeData:getExecutionData:120","1","10000"
"org.apache.shardingsphere.elasticjob.infra.concurrent.ElasticJobExecutorServiceTest#assertCreateExecutorService","<main>","99","MONITOREXIT","org/jacoco/agent/rt/internal_b6258fc/core/runtime/RuntimeData:getExecutionData:121","1","10000"
"org.apache.shardingsphere.elasticjob.infra.concurrent.ElasticJobExecutorServiceTest#assertCreateExecutorService","<main>","17","java/util/concurrent/ExecutorService.submit(Ljava/lang/Runnable;)Ljava/util/concurrent/Future;","org/apache/shardingsphere/elasticjob/infra/concurrent/ElasticJobExecutorServiceTest:assertCreateExecutorService:44","1","10000"
"org.apache.shardingsphere.elasticjob.infra.concurrent.ElasticJobExecutorServiceTest#assertCreateExecutorService","<main>","101","java/util/concurrent/ThreadPoolExecutor.isShutdown()Z","org/apache/shardingsphere/elasticjob/infra/concurrent/ElasticJobExecutorService:isShutdown:60","1","10000"
"org.apache.shardingsphere.elasticjob.infra.concurrent.ElasticJobExecutorServiceTest#assertCreateExecutorService","<main>","2","MONITOREXIT","org/jacoco/agent/rt/internal_b6258fc/core/runtime/RuntimeData:getExecutionData:121","3","17500"
"org.apache.shardingsphere.elasticjob.infra.concurrent.ElasticJobExecutorServiceTest#assertCreateExecutorService","<main>","115","java/util/concurrent/ThreadPoolExecutor.getActiveCount()I","org/apache/shardingsphere/elasticjob/infra/concurrent/ElasticJobExecutorService:getActiveThreadCount:70","2","15000"
"org.apache.shardingsphere.elasticjob.infra.concurrent.ElasticJobExecutorServiceTest#assertCreateExecutorService","<main>","15","java/util/concurrent/ExecutorService.shutdownNow()Ljava/util/List;","org/apache/shardingsphere/elasticjob/infra/concurrent/ElasticJobExecutorServiceTest:assertCreateExecutorService:49","1","10000"
"org.apache.shardingsphere.elasticjob.infra.concurrent.ElasticJobExecutorServiceTest#assertCreateExecutorService","<main>","127","MONITORENTER","org/jacoco/agent/rt/internal_b6258fc/core/runtime/RuntimeData:getExecutionData:120","13","19994"
"org.apache.shardingsphere.elasticjob.infra.concurrent.ElasticJobExecutorServiceTest#assertCreateExecutorService","<-1891051194,1>","1","RUNNABLE_CALLABLE_START","com/google/common/util/concurrent/TrustedListenableFutureTask:run:0","1","10000"
"org.apache.shardingsphere.elasticjob.infra.concurrent.ElasticJobExecutorServiceTest#assertCreateExecutorService","<main>","5","java/util/concurrent/ExecutorService.submit(Ljava/lang/Runnable;)Ljava/util/concurrent/Future;","org/apache/shardingsphere/elasticjob/infra/concurrent/ElasticJobExecutorServiceTest:assertCreateExecutorService:39","1","10000"
"org.apache.shardingsphere.elasticjob.infra.concurrent.ElasticJobExecutorServiceTest#assertCreateExecutorService","<main>","98","java/util/concurrent/ThreadPoolExecutor.getActiveCount()I","org/apache/shardingsphere/elasticjob/infra/concurrent/ElasticJobExecutorService:getActiveThreadCount:70","2","15000"
"org.apache.shardingsphere.elasticjob.infra.concurrent.ElasticJobExecutorServiceTest#assertCreateExecutorService","<main>","28","java/util/concurrent/ExecutorService.submit(Ljava/lang/Runnable;)Ljava/util/concurrent/Future;","org/apache/shardingsphere/elasticjob/infra/concurrent/ElasticJobExecutorServiceTest:assertCreateExecutorService:43","1","10000"
"org.apache.shardingsphere.elasticjob.infra.concurrent.ElasticJobExecutorServiceTest#assertCreateExecutorService","<main>","98","java/util/concurrent/ThreadPoolExecutor.isShutdown()Z","org/apache/shardingsphere/elasticjob/infra/concurrent/ElasticJobExecutorService:isShutdown:60","1","10000"
"org.apache.shardingsphere.elasticjob.infra.concurrent.ElasticJobExecutorServiceTest#assertCreateExecutorService","<main>","92","MONITOREXIT","org/jacoco/agent/rt/internal_b6258fc/core/runtime/RuntimeData:getExecutionData:121","1","10000"
"org.apache.shardingsphere.elasticjob.infra.concurrent.ElasticJobExecutorServiceTest#assertCreateExecutorService","<main>","3","java/util/concurrent/Executors.unconfigurableExecutorService(Ljava/util/concurrent/ExecutorService;)Ljava/util/concurrent/ExecutorService;","com/google/common/util/concurrent/MoreExecutors$Application:getExitingExecutorService:237","1","10000"
"org.apache.shardingsphere.elasticjob.infra.concurrent.ElasticJobExecutorServiceTest#assertCreateExecutorService","<main>","68","java/util/concurrent/Executors.callable(Ljava/lang/Runnable;Ljava/lang/Object;)Ljava/util/concurrent/Callable;","com/google/common/util/concurrent/TrustedListenableFutureTask:create:55","1","10000"
"org.apache.shardingsphere.elasticjob.infra.concurrent.ElasticJobExecutorServiceTest#assertCreateExecutorService","<main>","91","MONITORENTER","org/jacoco/agent/rt/internal_b6258fc/core/runtime/RuntimeData:getExecutionData:120","3","17500"
"org.apache.shardingsphere.elasticjob.infra.concurrent.ElasticJobExecutorServiceTest#assertCreateExecutorService","<main>","129","java/util/concurrent/ThreadPoolExecutor.allowCoreThreadTimeOut(Z)V","org/apache/shardingsphere/elasticjob/infra/concurrent/ElasticJobExecutorService:<init>:42","1","10000"
"org.apache.shardingsphere.elasticjob.infra.concurrent.ElasticJobExecutorServiceTest#assertCreateExecutorService","<main>","1","java/util/concurrent/ThreadPoolExecutor.getActiveCount()I","org/apache/shardingsphere/elasticjob/infra/concurrent/ElasticJobExecutorService:getActiveThreadCount:70","2","15000"
"org.apache.shardingsphere.elasticjob.infra.concurrent.ElasticJobExecutorServiceTest#assertCreateExecutorService","<main>","3","java/util/concurrent/AbstractExecutorService.submit(Ljava/lang/Runnable;)Ljava/util/concurrent/Future;","com/google/common/util/concurrent/AbstractListeningExecutorService:submit:57","1","10000"
"org.apache.shardingsphere.elasticjob.infra.concurrent.ElasticJobExecutorServiceTest#assertCreateExecutorService","<main>","18","java/util/concurrent/ExecutorService.submit(Ljava/lang/Runnable;)Ljava/util/concurrent/Future;","org/apache/shardingsphere/elasticjob/infra/concurrent/ElasticJobExecutorServiceTest:assertCreateExecutorService:44","1","10000"
"org.apache.shardingsphere.elasticjob.infra.concurrent.ElasticJobExecutorServiceTest#assertCreateExecutorService","<main>","1","java/util/concurrent/ThreadPoolExecutor.getThreadFactory()Ljava/util/concurrent/ThreadFactory;","com/google/common/util/concurrent/MoreExecutors:useDaemonThreadFactory:294","1","10000"
"org.apache.shardingsphere.elasticjob.infra.concurrent.ElasticJobExecutorServiceTest#assertCreateExecutorService","<main>","35","java/lang/Thread.sleep(J)V","org/apache/shardingsphere/elasticjob/infra/concurrent/BlockUtils:sleep:43","1","10000"
"org.apache.shardingsphere.elasticjob.infra.concurrent.ElasticJobExecutorServiceTest#assertCreateExecutorService","<main>","66","java/util/concurrent/AbstractExecutorService.submit(Ljava/lang/Runnable;)Ljava/util/concurrent/Future;","com/google/common/util/concurrent/AbstractListeningExecutorService:submit:56","1","10000"
"org.apache.shardingsphere.elasticjob.infra.concurrent.ElasticJobExecutorServiceTest#assertCreateExecutorService","<main>","91","java/util/concurrent/Executors.defaultThreadFactory()Ljava/util/concurrent/ThreadFactory;","org/apache/commons/lang3/concurrent/BasicThreadFactory:<init>:118","1","10000"
"org.apache.shardingsphere.elasticjob.infra.concurrent.ElasticJobExecutorServiceTest#assertCreateExecutorService","<main>","4","java/lang/Thread.setDaemon(Z)V","com/google/common/util/concurrent/ThreadFactoryBuilder$1:newThread:168","1","10000"
"org.apache.shardingsphere.elasticjob.infra.concurrent.ElasticJobExecutorServiceTest#assertCreateExecutorService","<main>","107","java/util/concurrent/ThreadPoolExecutor.isShutdown()Z","org/apache/shardingsphere/elasticjob/infra/concurrent/ElasticJobExecutorService:isShutdown:61","1","10000"
"org.apache.shardingsphere.elasticjob.infra.concurrent.ElasticJobExecutorServiceTest#assertCreateExecutorService","<main>","128","MONITOREXIT","org/jacoco/agent/rt/internal_b6258fc/core/runtime/RuntimeData:getExecutionData:121","2","15000"
"org.apache.shardingsphere.elasticjob.infra.concurrent.ElasticJobExecutorServiceTest#assertCreateExecutorService","<main>","91","MONITORENTER","org/jacoco/agent/rt/internal_b6258fc/core/runtime/RuntimeData:getExecutionData:120","10","19979"
"org.apache.shardingsphere.elasticjob.infra.concurrent.ElasticJobExecutorServiceTest#assertCreateExecutorService","<main>","129","MONITORENTER","org/jacoco/agent/rt/internal_b6258fc/core/runtime/RuntimeData:getExecutionData:120","12","19992"
"org.apache.shardingsphere.elasticjob.infra.concurrent.ElasticJobExecutorServiceTest#assertCreateExecutorService","<main>","6","java/util/concurrent/ExecutorService.execute(Ljava/lang/Runnable;)V","com/google/common/util/concurrent/MoreExecutors$ListeningDecorator:execute:587","1","10000"
"org.apache.shardingsphere.elasticjob.infra.concurrent.ElasticJobExecutorServiceTest#assertCreateExecutorService","<main>","101","java/util/concurrent/ThreadPoolExecutor.getActiveCount()I","org/apache/shardingsphere/elasticjob/infra/concurrent/ElasticJobExecutorService:getActiveThreadCount:69","2","15000"
"org.apache.shardingsphere.elasticjob.infra.concurrent.ElasticJobExecutorServiceTest#assertCreateExecutorService","<main>","14","java/util/concurrent/ExecutorService.shutdownNow()Ljava/util/List;","com/google/common/util/concurrent/MoreExecutors$ListeningDecorator:shutdownNow:582","1","10000"
"org.apache.shardingsphere.elasticjob.infra.concurrent.ElasticJobExecutorServiceTest#assertCreateExecutorService","<main>","101","java/util/concurrent/ThreadPoolExecutor.getActiveCount()I","org/apache/shardingsphere/elasticjob/infra/concurrent/ElasticJobExecutorService:getActiveThreadCount:70","2","15000"
"org.apache.shardingsphere.elasticjob.infra.concurrent.ElasticJobExecutorServiceTest#assertCreateExecutorService","<main>","64","java/util/concurrent/ExecutorService.submit(Ljava/lang/Runnable;)Ljava/util/concurrent/Future;","org/apache/shardingsphere/elasticjob/infra/concurrent/ElasticJobExecutorServiceTest:assertCreateExecutorService:38","1","10000"
"org.apache.shardingsphere.elasticjob.infra.concurrent.ElasticJobExecutorServiceTest#assertCreateExecutorService","<main>","64","java/util/concurrent/Executors.callable(Ljava/lang/Runnable;Ljava/lang/Object;)Ljava/util/concurrent/Callable;","com/google/common/util/concurrent/TrustedListenableFutureTask:create:54","1","10000"
"org.apache.shardingsphere.elasticjob.infra.concurrent.ElasticJobExecutorServiceTest#assertCreateExecutorService","<main>","29","java/util/concurrent/ExecutorService.submit(Ljava/lang/Runnable;)Ljava/util/concurrent/Future;","org/apache/shardingsphere/elasticjob/infra/concurrent/ElasticJobExecutorServiceTest:assertCreateExecutorService:43","1","10000"
"org.apache.shardingsphere.elasticjob.infra.concurrent.ElasticJobExecutorServiceTest#assertCreateExecutorService","<main>","76","java/util/concurrent/Executors.callable(Ljava/lang/Runnable;Ljava/lang/Object;)Ljava/util/concurrent/Callable;","com/google/common/util/concurrent/TrustedListenableFutureTask:create:55","2","15000"
"org.apache.shardingsphere.elasticjob.infra.concurrent.ElasticJobExecutorServiceTest#assertCreateExecutorService","<main>","38","java/lang/Thread.sleep(J)V","org/apache/shardingsphere/elasticjob/infra/concurrent/BlockUtils:sleep:44","1","10000"
"org.apache.shardingsphere.elasticjob.infra.concurrent.ElasticJobExecutorServiceTest#assertCreateExecutorService","<main>","9","java/lang/Thread.sleep(J)V","org/apache/shardingsphere/elasticjob/infra/concurrent/BlockUtils:sleep:44","1","10000"
"org.apache.shardingsphere.elasticjob.infra.concurrent.ElasticJobExecutorServiceTest#assertCreateExecutorService","<main>","92","MONITOREXIT","org/jacoco/agent/rt/internal_b6258fc/core/runtime/RuntimeData:getExecutionData:121","5","19375"
"org.apache.shardingsphere.elasticjob.infra.concurrent.ElasticJobExecutorServiceTest#assertCreateExecutorService","<-1891051194,1>","2","java/lang/Thread.currentThread()Ljava/lang/Thread;","com/google/common/util/concurrent/InterruptibleTask:run:60","1","10000"
"org.apache.shardingsphere.elasticjob.infra.concurrent.ElasticJobExecutorServiceTest#assertCreateExecutorService","<main>","103","java/util/concurrent/ThreadPoolExecutor.getActiveCount()I","org/apache/shardingsphere/elasticjob/infra/concurrent/ElasticJobExecutorService:getActiveThreadCount:70","3","17500"
"org.apache.shardingsphere.elasticjob.infra.concurrent.ElasticJobExecutorServiceTest#assertCreateExecutorService","<main>","50","java/util/concurrent/AbstractExecutorService.submit(Ljava/lang/Runnable;)Ljava/util/concurrent/Future;","com/google/common/util/concurrent/AbstractListeningExecutorService:submit:57","1","10000"
"org.apache.shardingsphere.elasticjob.infra.concurrent.ElasticJobExecutorServiceTest#assertCreateExecutorService","<main>","38","java/lang/Thread.sleep(J)V","org/apache/shardingsphere/elasticjob/infra/concurrent/BlockUtils:sleep:43","1","10000"
"org.apache.shardingsphere.elasticjob.infra.concurrent.ElasticJobExecutorServiceTest#assertCreateExecutorService","<main>","129","MONITOREXIT","org/jacoco/agent/rt/internal_b6258fc/core/runtime/RuntimeData:getExecutionData:121","6","19687"
"org.apache.shardingsphere.elasticjob.infra.concurrent.ElasticJobExecutorServiceTest#assertCreateExecutorService","<main>","5","java/util/concurrent/ExecutorService.submit(Ljava/lang/Runnable;)Ljava/util/concurrent/Future;","org/apache/shardingsphere/elasticjob/infra/concurrent/ElasticJobExecutorServiceTest:assertCreateExecutorService:38","1","10000"
"org.apache.shardingsphere.elasticjob.infra.concurrent.ElasticJobExecutorServiceTest#assertCreateExecutorService","<main>","46","java/util/concurrent/ExecutorService.submit(Ljava/lang/Runnable;)Ljava/util/concurrent/Future;","org/apache/shardingsphere/elasticjob/infra/concurrent/ElasticJobExecutorServiceTest:assertCreateExecutorService:39","1","10000"
"org.apache.shardingsphere.elasticjob.infra.concurrent.ElasticJobExecutorServiceTest#assertCreateExecutorService","<main>","57","java/util/concurrent/ExecutorService.execute(Ljava/lang/Runnable;)V","com/google/common/util/concurrent/MoreExecutors$ListeningDecorator:execute:587","1","10000"
"org.apache.shardingsphere.elasticjob.infra.concurrent.ElasticJobExecutorServiceTest#assertCreateExecutorService","<main>","1","java/util/concurrent/ExecutorService.submit(Ljava/lang/Runnable;)Ljava/util/concurrent/Future;","org/apache/shardingsphere/elasticjob/infra/concurrent/ElasticJobExecutorServiceTest:assertCreateExecutorService:38","1","10000"
"org.apache.shardingsphere.elasticjob.infra.concurrent.ElasticJobExecutorServiceTest#assertCreateExecutorService","<main>","93","MONITOREXIT","org/jacoco/agent/rt/internal_b6258fc/core/runtime/RuntimeData:getExecutionData:121","12","19992"
"org.apache.shardingsphere.elasticjob.infra.concurrent.ElasticJobExecutorServiceTest#assertCreateExecutorService","<main>","97","MONITORENTER","org/jacoco/agent/rt/internal_b6258fc/core/runtime/RuntimeData:getExecutionData:120","12","19992"
"org.apache.shardingsphere.elasticjob.infra.concurrent.ElasticJobExecutorServiceTest#assertCreateExecutorService","<main>","12","java/util/concurrent/ExecutorService.submit(Ljava/lang/Runnable;)Ljava/util/concurrent/Future;","org/apache/shardingsphere/elasticjob/infra/concurrent/ElasticJobExecutorServiceTest:assertCreateExecutorService:43","1","10000"
"org.apache.shardingsphere.elasticjob.infra.concurrent.ElasticJobExecutorServiceTest#assertCreateExecutorService","<main>","1","MONITOREXIT","org/jacoco/agent/rt/internal_b6258fc/core/runtime/RuntimeData:getExecutionData:121","1","10000"
"org.apache.shardingsphere.elasticjob.infra.concurrent.ElasticJobExecutorServiceTest#assertCreateExecutorService","<main>","99","MONITORENTER","org/jacoco/agent/rt/internal_b6258fc/core/runtime/RuntimeData:getExecutionData:120","2","15000"
"org.apache.shardingsphere.elasticjob.infra.concurrent.ElasticJobExecutorServiceTest#assertCreateExecutorService","<main>","93","MONITORENTER","org/jacoco/agent/rt/internal_b6258fc/core/runtime/RuntimeData:getExecutionData:120","4","18750"
"org.apache.shardingsphere.elasticjob.infra.concurrent.ElasticJobExecutorServiceTest#assertCreateExecutorService","<-1291890516,1>","3","java/util/concurrent/ExecutorService.awaitTermination(JLjava/util/concurrent/TimeUnit;)Z","com/google/common/util/concurrent/MoreExecutors$Application$1:run:275","1","5000"
"org.apache.shardingsphere.elasticjob.infra.concurrent.ElasticJobExecutorServiceTest#assertCreateExecutorService","<main>","18","java/util/concurrent/ExecutorService.submit(Ljava/lang/Runnable;)Ljava/util/concurrent/Future;","org/apache/shardingsphere/elasticjob/infra/concurrent/ElasticJobExecutorServiceTest:assertCreateExecutorService:43","1","10000"
"org.apache.shardingsphere.elasticjob.infra.concurrent.ElasticJobExecutorServiceTest#assertCreateExecutorService","<main>","60","java/util/concurrent/ExecutorService.execute(Ljava/lang/Runnable;)V","com/google/common/util/concurrent/MoreExecutors$ListeningDecorator:execute:586","2","15000"
"org.apache.shardingsphere.elasticjob.infra.concurrent.ElasticJobExecutorServiceTest#assertCreateExecutorService","<main>","2","java/util/concurrent/Executors.defaultThreadFactory()Ljava/util/concurrent/ThreadFactory;","org/apache/commons/lang3/concurrent/BasicThreadFactory:<init>:117","1","10000"
"org.apache.shardingsphere.elasticjob.infra.concurrent.ElasticJobExecutorServiceTest#assertCreateExecutorService","<main>","91","MONITOREXIT","org/jacoco/agent/rt/internal_b6258fc/core/runtime/RuntimeData:getExecutionData:121","6","19687"
"org.apache.shardingsphere.elasticjob.infra.concurrent.ElasticJobExecutorServiceTest#assertCreateExecutorService","<main>","60","java/util/concurrent/Executors.callable(Ljava/lang/Runnable;Ljava/lang/Object;)Ljava/util/concurrent/Callable;","com/google/common/util/concurrent/TrustedListenableFutureTask:create:54","2","15000"
"org.apache.shardingsphere.elasticjob.infra.concurrent.ElasticJobExecutorServiceTest#assertCreateExecutorService","<main>","31","java/util/concurrent/AbstractExecutorService.submit(Ljava/lang/Runnable;)Ljava/util/concurrent/Future;","com/google/common/util/concurrent/AbstractListeningExecutorService:submit:57","1","10000"
"org.apache.shardingsphere.elasticjob.infra.concurrent.ElasticJobExecutorServiceTest#assertCreateExecutorService","<main>","92","java/lang/Thread.setName(Ljava/lang/String;)V","com/google/common/util/concurrent/MoreExecutors:newThread:893","1","10000"
"org.apache.shardingsphere.elasticjob.infra.concurrent.ElasticJobExecutorServiceTest#assertCreateExecutorService","<main>","1","java/lang/Thread.setDaemon(Z)V","com/google/common/util/concurrent/ThreadFactoryBuilder$1:newThread:169","1","10000"
"org.apache.shardingsphere.elasticjob.infra.concurrent.ElasticJobExecutorServiceTest#assertCreateExecutorService","<main>","100","java/util/concurrent/ThreadPoolExecutor.getActiveCount()I","org/apache/shardingsphere/elasticjob/infra/concurrent/ElasticJobExecutorService:getActiveThreadCount:69","1","10000"
"org.apache.shardingsphere.elasticjob.infra.concurrent.ElasticJobExecutorServiceTest#assertCreateExecutorService","<main>","82","java/util/concurrent/AbstractExecutorService.submit(Ljava/lang/Runnable;)Ljava/util/concurrent/Future;","com/google/common/util/concurrent/AbstractListeningExecutorService:submit:56","2","15000"
"org.apache.shardingsphere.elasticjob.infra.concurrent.ElasticJobExecutorServiceTest#assertCreateExecutorService","<main>","1","MONITOREXIT","org/jacoco/agent/rt/internal_b6258fc/core/runtime/RuntimeData:getExecutionData:121","5","19375"
"org.apache.shardingsphere.elasticjob.infra.concurrent.ElasticJobExecutorServiceTest#assertCreateExecutorService","<main>","128","MONITORENTER","org/jacoco/agent/rt/internal_b6258fc/core/runtime/RuntimeData:getExecutionData:120","12","19992"
"org.apache.shardingsphere.elasticjob.infra.concurrent.ElasticJobExecutorServiceTest#assertCreateExecutorService","<main>","70","java/util/concurrent/Executors.callable(Ljava/lang/Runnable;Ljava/lang/Object;)Ljava/util/concurrent/Callable;","com/google/common/util/concurrent/TrustedListenableFutureTask:create:55","1","10000"
"org.apache.shardingsphere.elasticjob.infra.concurrent.ElasticJobExecutorServiceTest#assertCreateExecutorService","<main>","10","java/util/concurrent/ExecutorService.submit(Ljava/lang/Runnable;)Ljava/util/concurrent/Future;","org/apache/shardingsphere/elasticjob/infra/concurrent/ElasticJobExecutorServiceTest:assertCreateExecutorService:44","1","10000"
"org.apache.shardingsphere.elasticjob.infra.concurrent.ElasticJobExecutorServiceTest#assertCreateExecutorService","<main>","127","MONITOREXIT","org/jacoco/agent/rt/internal_b6258fc/core/runtime/RuntimeData:getExecutionData:121","9","19960"
"org.apache.shardingsphere.elasticjob.infra.concurrent.ElasticJobExecutorServiceTest#assertCreateExecutorService","<main>","104","java/util/concurrent/ThreadPoolExecutor.getActiveCount()I","org/apache/shardingsphere/elasticjob/infra/concurrent/ElasticJobExecutorService:getActiveThreadCount:70","3","17500"
"org.apache.shardingsphere.elasticjob.infra.concurrent.ElasticJobExecutorServiceTest#assertCreateExecutorService","<main>","61","java/lang/Thread.setName(Ljava/lang/String;)V","org/apache/commons/lang3/concurrent/BasicThreadFactory:initializeThread:223","1","5000"
"org.apache.shardingsphere.elasticjob.infra.concurrent.ElasticJobExecutorServiceTest#assertCreateExecutorService","<main>","129","MONITOREXIT","org/jacoco/agent/rt/internal_b6258fc/core/runtime/RuntimeData:getExecutionData:121","11","19988"
"org.apache.shardingsphere.elasticjob.infra.concurrent.ElasticJobExecutorServiceTest#assertCreateExecutorService","<-1891051194,1>","3","java/lang/Thread.currentThread()Ljava/lang/Thread;","com/google/common/util/concurrent/InterruptibleTask:run:59","1","10000"
"org.apache.shardingsphere.elasticjob.infra.concurrent.ElasticJobExecutorServiceTest#assertCreateExecutorService","<main>","127","MONITOREXIT","org/jacoco/agent/rt/internal_b6258fc/core/runtime/RuntimeData:getExecutionData:121","8","19921"
"org.apache.shardingsphere.elasticjob.infra.concurrent.ElasticJobExecutorServiceTest#assertCreateExecutorService","<main>","129","MONITORENTER","org/jacoco/agent/rt/internal_b6258fc/core/runtime/RuntimeData:getExecutionData:120","8","19921"
"org.apache.shardingsphere.elasticjob.infra.concurrent.ElasticJobExecutorServiceTest#assertCreateExecutorService","<main>","3","java/util/concurrent/ThreadPoolExecutor.isShutdown()Z","org/apache/shardingsphere/elasticjob/infra/concurrent/ElasticJobExecutorService:isShutdown:61","1","10000"
"org.apache.shardingsphere.elasticjob.infra.concurrent.ElasticJobExecutorServiceTest#assertCreateExecutorService","<main>","91","java/util/concurrent/ThreadPoolExecutor.isShutdown()Z","org/apache/shardingsphere/elasticjob/infra/concurrent/ElasticJobExecutorService:isShutdown:60","1","10000"
"org.apache.shardingsphere.elasticjob.infra.concurrent.ElasticJobExecutorServiceTest#assertCreateExecutorService","<main>","4","java/util/concurrent/Executors.callable(Ljava/lang/Runnable;Ljava/lang/Object;)Ljava/util/concurrent/Callable;","com/google/common/util/concurrent/TrustedListenableFutureTask:create:54","1","10000"
"org.apache.shardingsphere.elasticjob.infra.concurrent.ElasticJobExecutorServiceTest#assertCreateExecutorService","<main>","62","java/lang/Thread.setName(Ljava/lang/String;)V","org/apache/commons/lang3/concurrent/BasicThreadFactory:initializeThread:223","1","5000"
"org.apache.shardingsphere.elasticjob.infra.concurrent.ElasticJobExecutorServiceTest#assertCreateExecutorService","<main>","53","java/util/concurrent/AbstractExecutorService.submit(Ljava/lang/Runnable;)Ljava/util/concurrent/Future;","com/google/common/util/concurrent/AbstractListeningExecutorService:submit:57","1","10000"
"org.apache.shardingsphere.elasticjob.infra.concurrent.ElasticJobExecutorServiceTest#assertCreateExecutorService","<main>","2","MONITORENTER","org/jacoco/agent/rt/internal_b6258fc/core/runtime/RuntimeData:getExecutionData:120","11","19988"
"org.apache.shardingsphere.elasticjob.infra.concurrent.ElasticJobExecutorServiceTest#assertCreateExecutorService","<main>","3","MONITOREXIT","org/jacoco/agent/rt/internal_b6258fc/core/runtime/RuntimeData:getExecutionData:121","1","10000"
"org.apache.shardingsphere.elasticjob.infra.concurrent.ElasticJobExecutorServiceTest#assertCreateExecutorService","<main>","92","java/lang/Thread.setName(Ljava/lang/String;)V","com/google/common/util/concurrent/MoreExecutors:newThread:892","1","10000"
"org.apache.shardingsphere.elasticjob.infra.concurrent.ElasticJobExecutorServiceTest#assertCreateExecutorService","<main>","93","MONITORENTER","org/jacoco/agent/rt/internal_b6258fc/core/runtime/RuntimeData:getExecutionData:120","5","19375"
"org.apache.shardingsphere.elasticjob.infra.concurrent.ElasticJobExecutorServiceTest#assertCreateExecutorService","<main>","128","MONITOREXIT","org/jacoco/agent/rt/internal_b6258fc/core/runtime/RuntimeData:getExecutionData:121","8","19921"
"org.apache.shardingsphere.elasticjob.infra.concurrent.ElasticJobExecutorServiceTest#assertCreateExecutorService","<main>","99","MONITOREXIT","org/jacoco/agent/rt/internal_b6258fc/core/runtime/RuntimeData:getExecutionData:121","5","19375"
"org.apache.shardingsphere.elasticjob.infra.concurrent.ElasticJobExecutorServiceTest#assertCreateExecutorService","<main>","2","MONITOREXIT","org/jacoco/agent/rt/internal_b6258fc/core/runtime/RuntimeData:getExecutionData:121","14","19995"
"org.apache.shardingsphere.elasticjob.infra.concurrent.ElasticJobExecutorServiceTest#assertCreateExecutorService","<-1891051194,1>","1","RUNNABLE_CALLABLE_START","org/apache/shardingsphere/elasticjob/infra/concurrent/ElasticJobExecutorServiceTest$FooTask:run:0","1","10000"
"org.apache.shardingsphere.elasticjob.infra.concurrent.ElasticJobExecutorServiceTest#assertCreateExecutorService","<main>","99","MONITORENTER","org/jacoco/agent/rt/internal_b6258fc/core/runtime/RuntimeData:getExecutionData:120","7","19843"
"org.apache.shardingsphere.elasticjob.infra.concurrent.ElasticJobExecutorServiceTest#assertCreateExecutorService","<main>","8","java/util/concurrent/AbstractExecutorService.submit(Ljava/lang/Runnable;)Ljava/util/concurrent/Future;","com/google/common/util/concurrent/AbstractListeningExecutorService:submit:57","1","10000"
"org.apache.shardingsphere.elasticjob.infra.concurrent.ElasticJobExecutorServiceTest#assertCreateExecutorService","<main>","4","java/util/concurrent/atomic/AtomicLong.incrementAndGet()J","org/apache/commons/lang3/concurrent/BasicThreadFactory:initializeThread:222","1","10000"
"org.apache.shardingsphere.elasticjob.infra.concurrent.ElasticJobExecutorServiceTest#assertCreateExecutorService","<main>","4","java/lang/Thread.setName(Ljava/lang/String;)V","org/apache/commons/lang3/concurrent/BasicThreadFactory:initializeThread:224","1","10000"
"org.apache.shardingsphere.elasticjob.infra.concurrent.ElasticJobExecutorServiceTest#assertCreateExecutorService","<-1891051194,1>","3","RUNNABLE_CALLABLE_START","com/google/common/util/concurrent/InterruptibleTask:run:0","1","10000"
"org.apache.shardingsphere.elasticjob.infra.concurrent.ElasticJobExecutorServiceTest#assertCreateExecutorService","<main>","32","java/lang/Thread.sleep(J)V","org/apache/shardingsphere/elasticjob/infra/concurrent/BlockUtils:sleep:43","1","10000"
"org.apache.shardingsphere.elasticjob.infra.concurrent.ElasticJobExecutorServiceTest#assertCreateExecutorService","<main>","31","java/lang/Thread.sleep(J)V","org/apache/shardingsphere/elasticjob/infra/concurrent/BlockUtils:sleep:44","1","10000"
"org.apache.shardingsphere.elasticjob.infra.concurrent.ElasticJobExecutorServiceTest#assertCreateExecutorService","<main>","129","java/util/concurrent/Executors.defaultThreadFactory()Ljava/util/concurrent/ThreadFactory;","org/apache/commons/lang3/concurrent/BasicThreadFactory:<init>:117","1","10000"
"org.apache.shardingsphere.elasticjob.infra.concurrent.ElasticJobExecutorServiceTest#assertCreateExecutorService","<main>","3","java/lang/Thread.setDaemon(Z)V","com/google/common/util/concurrent/ThreadFactoryBuilder$1:newThread:169","1","10000"
"org.apache.shardingsphere.elasticjob.infra.concurrent.ElasticJobExecutorServiceTest#assertCreateExecutorService","<main>","93","java/util/concurrent/ThreadPoolExecutor.allowCoreThreadTimeOut(Z)V","org/apache/shardingsphere/elasticjob/infra/concurrent/ElasticJobExecutorService:<init>:43","1","10000"
"org.apache.shardingsphere.elasticjob.infra.concurrent.ElasticJobExecutorServiceTest#assertCreateExecutorService","<main>","2","java/util/concurrent/ThreadPoolExecutor.getActiveCount()I","org/apache/shardingsphere/elasticjob/infra/concurrent/ElasticJobExecutorService:getActiveThreadCount:70","2","15000"
"org.apache.shardingsphere.elasticjob.infra.concurrent.ElasticJobExecutorServiceTest#assertCreateExecutorService","<main>","31","java/lang/Thread.sleep(J)V","org/apache/shardingsphere/elasticjob/infra/concurrent/BlockUtils:sleep:43","1","10000"
"org.apache.shardingsphere.elasticjob.infra.concurrent.ElasticJobExecutorServiceTest#assertCreateExecutorService","<main>","105","java/util/concurrent/ThreadPoolExecutor.isShutdown()Z","org/apache/shardingsphere/elasticjob/infra/concurrent/ElasticJobExecutorService:isShutdown:60","2","15000"
"org.apache.shardingsphere.elasticjob.infra.concurrent.ElasticJobExecutorServiceTest#assertCreateExecutorService","<main>","91","java/util/concurrent/ThreadPoolExecutor.getThreadFactory()Ljava/util/concurrent/ThreadFactory;","com/google/common/util/concurrent/MoreExecutors:useDaemonThreadFactory:294","1","10000"
"org.apache.shardingsphere.elasticjob.infra.concurrent.ElasticJobExecutorServiceTest#assertCreateExecutorService","<main>","99","java/util/concurrent/ThreadPoolExecutor.getActiveCount()I","org/apache/shardingsphere/elasticjob/infra/concurrent/ElasticJobExecutorService:getActiveThreadCount:70","2","15000"
"org.apache.shardingsphere.elasticjob.infra.concurrent.ElasticJobExecutorServiceTest#assertCreateExecutorService","<main>","91","java/lang/Thread.setName(Ljava/lang/String;)V","com/google/common/util/concurrent/MoreExecutors:newThread:892","1","10000"
"org.apache.shardingsphere.elasticjob.infra.concurrent.ElasticJobExecutorServiceTest#assertCreateExecutorService","<main>","92","java/util/concurrent/Executors.defaultThreadFactory()Ljava/util/concurrent/ThreadFactory;","com/google/common/util/concurrent/MoreExecutors:platformThreadFactory:829","1","10000"
"org.apache.shardingsphere.elasticjob.infra.concurrent.ElasticJobExecutorServiceTest#assertCreateExecutorService","<main>","127","MONITORENTER","org/jacoco/agent/rt/internal_b6258fc/core/runtime/RuntimeData:getExecutionData:120","11","19988"
"org.apache.shardingsphere.elasticjob.infra.concurrent.ElasticJobExecutorServiceTest#assertCreateExecutorService","<main>","97","java/util/concurrent/ThreadPoolExecutor.getActiveCount()I","org/apache/shardingsphere/elasticjob/infra/concurrent/ElasticJobExecutorService:getActiveThreadCount:69","2","15000"
"org.apache.shardingsphere.elasticjob.infra.concurrent.ElasticJobExecutorServiceTest#assertCreateExecutorService","<main>","99","MONITORENTER","org/jacoco/agent/rt/internal_b6258fc/core/runtime/RuntimeData:getExecutionData:120","5","19375"
"org.apache.shardingsphere.elasticjob.infra.concurrent.ElasticJobExecutorServiceTest#assertCreateExecutorService","<main>","3","MONITORENTER","org/jacoco/agent/rt/internal_b6258fc/core/runtime/RuntimeData:getExecutionData:120","1","10000"
"org.apache.shardingsphere.elasticjob.infra.concurrent.ElasticJobExecutorServiceTest#assertCreateExecutorService","<main>","92","java/util/concurrent/Executors.defaultThreadFactory()Ljava/util/concurrent/ThreadFactory;","org/apache/commons/lang3/concurrent/BasicThreadFactory:<init>:118","1","10000"
"org.apache.shardingsphere.elasticjob.infra.concurrent.ElasticJobExecutorServiceTest#assertCreateExecutorService","<-1891051194,1>","1","java/lang/Thread.sleep(J)V","org/apache/shardingsphere/elasticjob/infra/concurrent/BlockUtils:sleep:43","1","10000"
"org.apache.shardingsphere.elasticjob.infra.concurrent.ElasticJobExecutorServiceTest#assertCreateExecutorService","<main>","61","java/util/concurrent/atomic/AtomicLong.incrementAndGet()J","org/apache/commons/lang3/concurrent/BasicThreadFactory:initializeThread:222","1","10000"
"org.apache.shardingsphere.elasticjob.infra.concurrent.ElasticJobExecutorServiceTest#assertCreateExecutorService","<main>","98","MONITOREXIT","org/jacoco/agent/rt/internal_b6258fc/core/runtime/RuntimeData:getExecutionData:121","2","15000"
"org.apache.shardingsphere.elasticjob.infra.concurrent.ElasticJobExecutorServiceTest#assertCreateExecutorService","<main>","2","java/util/concurrent/ThreadPoolExecutor.getThreadFactory()Ljava/util/concurrent/ThreadFactory;","com/google/common/util/concurrent/MoreExecutors:useDaemonThreadFactory:295","1","10000"
"org.apache.shardingsphere.elasticjob.infra.concurrent.ElasticJobExecutorServiceTest#assertCreateExecutorService","<main>","11","java/util/concurrent/ExecutorService.submit(Ljava/lang/Runnable;)Ljava/util/concurrent/Future;","org/apache/shardingsphere/elasticjob/infra/concurrent/ElasticJobExecutorServiceTest:assertCreateExecutorService:43","1","10000"
"org.apache.shardingsphere.elasticjob.infra.concurrent.ElasticJobExecutorServiceTest#assertCreateExecutorService","<main>","92","java/util/concurrent/ThreadPoolExecutor.isShutdown()Z","org/apache/shardingsphere/elasticjob/infra/concurrent/ElasticJobExecutorService:isShutdown:60","1","10000"
"org.apache.shardingsphere.elasticjob.infra.concurrent.ElasticJobExecutorServiceTest#assertCreateExecutorService","<main>","94","java/util/concurrent/ThreadPoolExecutor.getThreadFactory()Ljava/util/concurrent/ThreadFactory;","com/google/common/util/concurrent/MoreExecutors:useDaemonThreadFactory:294","1","10000"
"org.apache.shardingsphere.elasticjob.infra.concurrent.ElasticJobExecutorServiceTest#assertCreateExecutorService","<main>","98","java/util/concurrent/ThreadPoolExecutor.getActiveCount()I","org/apache/shardingsphere/elasticjob/infra/concurrent/ElasticJobExecutorService:getActiveThreadCount:69","2","15000"
"org.apache.shardingsphere.elasticjob.infra.concurrent.ElasticJobExecutorServiceTest#assertCreateExecutorService","<main>","123","java/util/concurrent/ThreadPoolExecutor.getActiveCount()I","org/apache/shardingsphere/elasticjob/infra/concurrent/ElasticJobExecutorService:getActiveThreadCount:69","1","10000"
"org.apache.shardingsphere.elasticjob.infra.concurrent.ElasticJobExecutorServiceTest#assertCreateExecutorService","<main>","127","MONITORENTER","org/jacoco/agent/rt/internal_b6258fc/core/runtime/RuntimeData:getExecutionData:120","2","15000"
"org.apache.shardingsphere.elasticjob.infra.concurrent.ElasticJobExecutorServiceTest#assertCreateExecutorService","<-1891051194,1>","1","java/lang/Thread.currentThread()Ljava/lang/Thread;","com/google/common/util/concurrent/InterruptibleTask:run:59","1","10000"
"org.apache.shardingsphere.elasticjob.infra.concurrent.ElasticJobExecutorServiceTest#assertCreateExecutorService","<main>","92","MONITORENTER","org/jacoco/agent/rt/internal_b6258fc/core/runtime/RuntimeData:getExecutionData:120","4","18750"
"org.apache.shardingsphere.elasticjob.infra.concurrent.ElasticJobExecutorServiceTest#assertCreateExecutorService","<main>","58","java/lang/Thread.setDaemon(Z)V","com/google/common/util/concurrent/ThreadFactoryBuilder$1:newThread:169","1","10000"
"org.apache.shardingsphere.elasticjob.infra.concurrent.ElasticJobExecutorServiceTest#assertCreateExecutorService","<main>","58","java/util/concurrent/ExecutorService.execute(Ljava/lang/Runnable;)V","com/google/common/util/concurrent/MoreExecutors$ListeningDecorator:execute:586","2","15000"
"org.apache.shardingsphere.elasticjob.infra.concurrent.ElasticJobExecutorServiceTest#assertCreateExecutorService","<main>","109","java/util/concurrent/ThreadPoolExecutor.isShutdown()Z","org/apache/shardingsphere/elasticjob/infra/concurrent/ElasticJobExecutorService:isShutdown:61","1","10000"
"org.apache.shardingsphere.elasticjob.infra.concurrent.ElasticJobExecutorServiceTest#assertCreateExecutorService","<main>","99","java/util/concurrent/ThreadPoolExecutor.allowCoreThreadTimeOut(Z)V","org/apache/shardingsphere/elasticjob/infra/concurrent/ElasticJobExecutorService:<init>:42","1","10000"
"org.apache.shardingsphere.elasticjob.infra.concurrent.ElasticJobExecutorServiceTest#assertCreateExecutorService","<main>","94","java/util/concurrent/Executors.unconfigurableExecutorService(Ljava/util/concurrent/ExecutorService;)Ljava/util/concurrent/ExecutorService;","com/google/common/util/concurrent/MoreExecutors$Application:getExitingExecutorService:237","1","10000"
"org.apache.shardingsphere.elasticjob.infra.concurrent.ElasticJobExecutorServiceTest#assertCreateExecutorService","<main>","59","java/util/concurrent/Executors.callable(Ljava/lang/Runnable;Ljava/lang/Object;)Ljava/util/concurrent/Callable;","com/google/common/util/concurrent/TrustedListenableFutureTask:create:55","2","15000"
"org.apache.shardingsphere.elasticjob.infra.concurrent.ElasticJobExecutorServiceTest#assertCreateExecutorService","<main>","79","java/util/concurrent/Executors.callable(Ljava/lang/Runnable;Ljava/lang/Object;)Ljava/util/concurrent/Callable;","com/google/common/util/concurrent/TrustedListenableFutureTask:create:54","1","10000"
"org.apache.shardingsphere.elasticjob.infra.concurrent.ElasticJobExecutorServiceTest#assertCreateExecutorService","<main>","114","java/util/concurrent/ThreadPoolExecutor.isShutdown()Z","org/apache/shardingsphere/elasticjob/infra/concurrent/ElasticJobExecutorService:isShutdown:60","2","15000"
"org.apache.shardingsphere.elasticjob.infra.concurrent.ElasticJobExecutorServiceTest#assertCreateExecutorService","<main>","96","java/util/concurrent/Executors.defaultThreadFactory()Ljava/util/concurrent/ThreadFactory;","com/google/common/util/concurrent/MoreExecutors:platformThreadFactory:828","1","10000"
"org.apache.shardingsphere.elasticjob.infra.concurrent.ElasticJobExecutorServiceTest#assertCreateExecutorService","<main>","99","MONITORENTER","org/jacoco/agent/rt/internal_b6258fc/core/runtime/RuntimeData:getExecutionData:120","13","19994"
"org.apache.shardingsphere.elasticjob.infra.concurrent.ElasticJobExecutorServiceTest#assertCreateExecutorService","<main>","98","MONITORENTER","org/jacoco/agent/rt/internal_b6258fc/core/runtime/RuntimeData:getExecutionData:120","14","19995"
"org.apache.shardingsphere.elasticjob.infra.concurrent.ElasticJobExecutorServiceTest#assertCreateExecutorService","<main>","1","java/util/concurrent/ExecutorService.execute(Ljava/lang/Runnable;)V","com/google/common/util/concurrent/MoreExecutors$ListeningDecorator:execute:587","1","10000"
"org.apache.shardingsphere.elasticjob.infra.concurrent.ElasticJobExecutorServiceTest#assertCreateExecutorService","<main>","60","java/lang/Thread.setName(Ljava/lang/String;)V","org/apache/commons/lang3/concurrent/BasicThreadFactory:initializeThread:223","1","5000"
"org.apache.shardingsphere.elasticjob.infra.concurrent.ElasticJobExecutorServiceTest#assertCreateExecutorService","<main>","3","MONITOREXIT","org/jacoco/agent/rt/internal_b6258fc/core/runtime/RuntimeData:getExecutionData:121","4","18750"
"org.apache.shardingsphere.elasticjob.infra.concurrent.ElasticJobExecutorServiceTest#assertCreateExecutorService","<main>","129","MONITORENTER","org/jacoco/agent/rt/internal_b6258fc/core/runtime/RuntimeData:getExecutionData:120","9","19960"
"org.apache.shardingsphere.elasticjob.infra.concurrent.ElasticJobExecutorServiceTest#assertCreateExecutorService","<main>","95","java/util/concurrent/Executors.defaultThreadFactory()Ljava/util/concurrent/ThreadFactory;","com/google/common/util/concurrent/MoreExecutors:platformThreadFactory:828","1","10000"
"org.apache.shardingsphere.elasticjob.infra.concurrent.ElasticJobExecutorServiceTest#assertCreateExecutorService","<-1891051194,1>","2","MONITORENTER","org/jacoco/agent/rt/internal_b6258fc/core/runtime/RuntimeData:getExecutionData:120","2","15000"
"org.apache.shardingsphere.elasticjob.infra.concurrent.ElasticJobExecutorServiceTest#assertCreateExecutorService","<main>","98","MONITORENTER","org/jacoco/agent/rt/internal_b6258fc/core/runtime/RuntimeData:getExecutionData:120","4","18750"
"org.apache.shardingsphere.elasticjob.infra.concurrent.ElasticJobExecutorServiceTest#assertCreateExecutorService","<main>","88","java/util/concurrent/ExecutorService.submit(Ljava/lang/Runnable;)Ljava/util/concurrent/Future;","org/apache/shardingsphere/elasticjob/infra/concurrent/ElasticJobExecutorServiceTest:assertCreateExecutorService:38","1","10000"
"org.apache.shardingsphere.elasticjob.infra.concurrent.ElasticJobExecutorServiceTest#assertCreateExecutorService","<main>","127","MONITOREXIT","org/jacoco/agent/rt/internal_b6258fc/core/runtime/RuntimeData:getExecutionData:121","6","19687"
"org.apache.shardingsphere.elasticjob.infra.concurrent.ElasticJobExecutorServiceTest#assertCreateExecutorService","<main>","70","java/util/concurrent/ExecutorService.execute(Ljava/lang/Runnable;)V","com/google/common/util/concurrent/MoreExecutors$ListeningDecorator:execute:586","1","10000"
"org.apache.shardingsphere.elasticjob.infra.concurrent.ElasticJobExecutorServiceTest#assertCreateExecutorService","<main>","95","java/util/concurrent/ThreadPoolExecutor.setThreadFactory(Ljava/util/concurrent/ThreadFactory;)V","com/google/common/util/concurrent/MoreExecutors:useDaemonThreadFactory:292","1","10000"
"org.apache.shardingsphere.elasticjob.infra.concurrent.ElasticJobExecutorServiceTest#assertCreateExecutorService","<main>","1","java/lang/Thread.setName(Ljava/lang/String;)V","org/apache/commons/lang3/concurrent/BasicThreadFactory:initializeThread:223","1","5000"
"org.apache.shardingsphere.elasticjob.infra.concurrent.ElasticJobExecutorServiceTest#assertCreateExecutorService","<main>","92","java/util/concurrent/ThreadPoolExecutor.allowCoreThreadTimeOut(Z)V","org/apache/shardingsphere/elasticjob/infra/concurrent/ElasticJobExecutorService:<init>:42","1","10000"
"org.apache.shardingsphere.elasticjob.infra.concurrent.ElasticJobExecutorServiceTest#assertCreateExecutorService","<main>","6","java/util/concurrent/atomic/AtomicLong.incrementAndGet()J","org/apache/commons/lang3/concurrent/BasicThreadFactory:initializeThread:222","1","10000"
"org.apache.shardingsphere.elasticjob.infra.concurrent.ElasticJobExecutorServiceTest#assertCreateExecutorService","<main>","93","java/lang/Thread.setName(Ljava/lang/String;)V","com/google/common/util/concurrent/MoreExecutors:newThread:893","1","10000"
"org.apache.shardingsphere.elasticjob.infra.concurrent.ElasticJobExecutorServiceTest#assertCreateExecutorService","<main>","83","java/util/concurrent/AbstractExecutorService.submit(Ljava/lang/Runnable;)Ljava/util/concurrent/Future;","com/google/common/util/concurrent/AbstractListeningExecutorService:submit:56","2","15000"
"org.apache.shardingsphere.elasticjob.infra.concurrent.ElasticJobExecutorServiceTest#assertCreateExecutorService","<main>","110","java/util/concurrent/ThreadPoolExecutor.isShutdown()Z","org/apache/shardingsphere/elasticjob/infra/concurrent/ElasticJobExecutorService:isShutdown:61","1","10000"
"org.apache.shardingsphere.elasticjob.infra.concurrent.ElasticJobExecutorServiceTest#assertCreateExecutorService","<-1291890516,1>","1","RUNNABLE_CALLABLE_START","com/google/common/util/concurrent/MoreExecutors$Application$1:run:0","1","10000"
"org.apache.shardingsphere.elasticjob.infra.concurrent.ElasticJobExecutorServiceTest#assertCreateExecutorService","<main>","10","java/util/concurrent/ExecutorService.submit(Ljava/lang/Runnable;)Ljava/util/concurrent/Future;","org/apache/shardingsphere/elasticjob/infra/concurrent/ElasticJobExecutorServiceTest:assertCreateExecutorService:43","1","10000"
"org.apache.shardingsphere.elasticjob.infra.concurrent.ElasticJobExecutorServiceTest#assertCreateExecutorService","<main>","99","java/util/concurrent/ThreadPoolExecutor.allowCoreThreadTimeOut(Z)V","org/apache/shardingsphere/elasticjob/infra/concurrent/ElasticJobExecutorService:<init>:43","1","10000"
"org.apache.shardingsphere.elasticjob.infra.concurrent.ElasticJobExecutorServiceTest#assertCreateExecutorService","<main>","93","java/util/concurrent/ThreadPoolExecutor.getThreadFactory()Ljava/util/concurrent/ThreadFactory;","com/google/common/util/concurrent/MoreExecutors:useDaemonThreadFactory:294","1","10000"
"org.apache.shardingsphere.elasticjob.infra.concurrent.ElasticJobExecutorServiceTest#assertCreateExecutorService","<main>","128","MONITOREXIT","org/jacoco/agent/rt/internal_b6258fc/core/runtime/RuntimeData:getExecutionData:121","9","19960"
"org.apache.shardingsphere.elasticjob.infra.concurrent.ElasticJobExecutorServiceTest#assertCreateExecutorService","<main>","97","java/util/concurrent/ThreadPoolExecutor.getActiveCount()I","org/apache/shardingsphere/elasticjob/infra/concurrent/ElasticJobExecutorService:getActiveThreadCount:70","2","15000"
"org.apache.shardingsphere.elasticjob.infra.concurrent.ElasticJobExecutorServiceTest#assertCreateExecutorService","<main>","4","java/util/concurrent/ExecutorService.submit(Ljava/lang/Runnable;)Ljava/util/concurrent/Future;","org/apache/shardingsphere/elasticjob/infra/concurrent/ElasticJobExecutorServiceTest:assertCreateExecutorService:38","1","10000"
"org.apache.shardingsphere.elasticjob.infra.concurrent.ElasticJobExecutorServiceTest#assertCreateExecutorService","<main>","69","java/util/concurrent/ExecutorService.execute(Ljava/lang/Runnable;)V","com/google/common/util/concurrent/MoreExecutors$ListeningDecorator:execute:586","2","15000"
"org.apache.shardingsphere.elasticjob.infra.concurrent.ElasticJobExecutorServiceTest#assertCreateExecutorService","<main>","129","MONITORENTER","org/jacoco/agent/rt/internal_b6258fc/core/runtime/RuntimeData:getExecutionData:120","13","19994"
"org.apache.shardingsphere.elasticjob.infra.concurrent.ElasticJobExecutorServiceTest#assertCreateExecutorService","<main>","98","MONITOREXIT","org/jacoco/agent/rt/internal_b6258fc/core/runtime/RuntimeData:getExecutionData:121","7","19843"
"org.apache.shardingsphere.elasticjob.infra.concurrent.ElasticJobExecutorServiceTest#assertCreateExecutorService","<main>","97","MONITOREXIT","org/jacoco/agent/rt/internal_b6258fc/core/runtime/RuntimeData:getExecutionData:121","4","18750"
"org.apache.shardingsphere.elasticjob.infra.concurrent.ElasticJobExecutorServiceTest#assertCreateExecutorService","<main>","103","java/util/concurrent/ThreadPoolExecutor.isShutdown()Z","org/apache/shardingsphere/elasticjob/infra/concurrent/ElasticJobExecutorService:isShutdown:61","2","15000"
"org.apache.shardingsphere.elasticjob.infra.concurrent.ElasticJobExecutorServiceTest#assertCreateExecutorService","<main>","69","java/util/concurrent/Executors.callable(Ljava/lang/Runnable;Ljava/lang/Object;)Ljava/util/concurrent/Callable;","com/google/common/util/concurrent/TrustedListenableFutureTask:create:54","2","15000"
"org.apache.shardingsphere.elasticjob.infra.concurrent.ElasticJobExecutorServiceTest#assertCreateExecutorService","<main>","58","java/util/concurrent/ExecutorService.submit(Ljava/lang/Runnable;)Ljava/util/concurrent/Future;","org/apache/shardingsphere/elasticjob/infra/concurrent/ElasticJobExecutorServiceTest:assertCreateExecutorService:38","1","10000"
"org.apache.shardingsphere.elasticjob.infra.concurrent.ElasticJobExecutorServiceTest#assertCreateExecutorService","<main>","59","java/util/concurrent/AbstractExecutorService.submit(Ljava/lang/Runnable;)Ljava/util/concurrent/Future;","com/google/common/util/concurrent/AbstractListeningExecutorService:submit:56","2","15000"
"org.apache.shardingsphere.elasticjob.infra.concurrent.ElasticJobExecutorServiceTest#assertCreateExecutorService","<main>","91","MONITORENTER","org/jacoco/agent/rt/internal_b6258fc/core/runtime/RuntimeData:getExecutionData:120","2","15000"
"org.apache.shardingsphere.elasticjob.infra.concurrent.ElasticJobExecutorServiceTest#assertCreateExecutorService","<main>","98","MONITORENTER","org/jacoco/agent/rt/internal_b6258fc/core/runtime/RuntimeData:getExecutionData:120","7","19843"
"org.apache.shardingsphere.elasticjob.infra.concurrent.ElasticJobExecutorServiceTest#assertCreateExecutorService","<main>","106","java/util/concurrent/ThreadPoolExecutor.isShutdown()Z","org/apache/shardingsphere/elasticjob/infra/concurrent/ElasticJobExecutorService:isShutdown:60","1","10000"
"org.apache.shardingsphere.elasticjob.infra.concurrent.ElasticJobExecutorServiceTest#assertCreateExecutorService","<main>","2","java/util/concurrent/Executors.unconfigurableExecutorService(Ljava/util/concurrent/ExecutorService;)Ljava/util/concurrent/ExecutorService;","com/google/common/util/concurrent/MoreExecutors$Application:getExitingExecutorService:237","1","10000"
"org.apache.shardingsphere.elasticjob.infra.concurrent.ElasticJobExecutorServiceTest#assertCreateExecutorService","<main>","127","MONITORENTER","org/jacoco/agent/rt/internal_b6258fc/core/runtime/RuntimeData:getExecutionData:120","7","19843"
"org.apache.shardingsphere.elasticjob.infra.concurrent.ElasticJobExecutorServiceTest#assertCreateExecutorService","<main>","32","java/util/concurrent/ExecutorService.submit(Ljava/lang/Runnable;)Ljava/util/concurrent/Future;","org/apache/shardingsphere/elasticjob/infra/concurrent/ElasticJobExecutorServiceTest:assertCreateExecutorService:39","1","10000"
"org.apache.shardingsphere.elasticjob.infra.concurrent.ElasticJobExecutorServiceTest#assertCreateExecutorService","<main>","4","java/util/concurrent/Executors.callable(Ljava/lang/Runnable;Ljava/lang/Object;)Ljava/util/concurrent/Callable;","com/google/common/util/concurrent/TrustedListenableFutureTask:create:55","1","10000"
"org.apache.shardingsphere.elasticjob.infra.concurrent.ElasticJobExecutorServiceTest#assertCreateExecutorService","<main>","92","java/util/concurrent/Executors.defaultThreadFactory()Ljava/util/concurrent/ThreadFactory;","org/apache/commons/lang3/concurrent/BasicThreadFactory:<init>:117","1","10000"
"org.apache.shardingsphere.elasticjob.infra.concurrent.ElasticJobExecutorServiceTest#assertCreateExecutorService","<main>","128","MONITOREXIT","org/jacoco/agent/rt/internal_b6258fc/core/runtime/RuntimeData:getExecutionData:121","13","19994"
"org.apache.shardingsphere.elasticjob.infra.concurrent.ElasticJobExecutorServiceTest#assertCreateExecutorService","<main>","129","MONITOREXIT","org/jacoco/agent/rt/internal_b6258fc/core/runtime/RuntimeData:getExecutionData:121","12","19992"
"org.apache.shardingsphere.elasticjob.infra.concurrent.ElasticJobExecutorServiceTest#assertCreateExecutorService","<main>","13","java/util/concurrent/ExecutorService.shutdownNow()Ljava/util/List;","com/google/common/util/concurrent/MoreExecutors$ListeningDecorator:shutdownNow:582","1","10000"
"org.apache.shardingsphere.elasticjob.infra.concurrent.ElasticJobExecutorServiceTest#assertCreateExecutorService","<main>","3","MONITOREXIT","org/jacoco/agent/rt/internal_b6258fc/core/runtime/RuntimeData:getExecutionData:121","5","19375"
"org.apache.shardingsphere.elasticjob.infra.concurrent.ElasticJobExecutorServiceTest#assertCreateExecutorService","<main>","93","MONITOREXIT","org/jacoco/agent/rt/internal_b6258fc/core/runtime/RuntimeData:getExecutionData:121","6","19687"
"org.apache.shardingsphere.elasticjob.infra.concurrent.ElasticJobExecutorServiceTest#assertCreateExecutorService","<main>","96","java/util/concurrent/Executors.unconfigurableExecutorService(Ljava/util/concurrent/ExecutorService;)Ljava/util/concurrent/ExecutorService;","com/google/common/util/concurrent/MoreExecutors$Application:getExitingExecutorService:237","1","10000"
"org.apache.shardingsphere.elasticjob.infra.concurrent.ElasticJobExecutorServiceTest#assertCreateExecutorService","<main>","99","MONITORENTER","org/jacoco/agent/rt/internal_b6258fc/core/runtime/RuntimeData:getExecutionData:120","3","17500"
"org.apache.shardingsphere.elasticjob.infra.concurrent.ElasticJobExecutorServiceTest#assertCreateExecutorService","<main>","128","MONITORENTER","org/jacoco/agent/rt/internal_b6258fc/core/runtime/RuntimeData:getExecutionData:120","9","19960"
"org.apache.shardingsphere.elasticjob.infra.concurrent.ElasticJobExecutorServiceTest#assertCreateExecutorService","<main>","1","java/util/concurrent/ThreadPoolExecutor.allowCoreThreadTimeOut(Z)V","org/apache/shardingsphere/elasticjob/infra/concurrent/ElasticJobExecutorService:<init>:42","1","10000"
"org.apache.shardingsphere.elasticjob.infra.concurrent.ElasticJobExecutorServiceTest#assertCreateExecutorService","<main>","103","java/util/concurrent/ThreadPoolExecutor.isShutdown()Z","org/apache/shardingsphere/elasticjob/infra/concurrent/ElasticJobExecutorService:isShutdown:60","1","10000"
"org.apache.shardingsphere.elasticjob.infra.concurrent.ElasticJobExecutorServiceTest#assertCreateExecutorService","<main>","97","MONITOREXIT","org/jacoco/agent/rt/internal_b6258fc/core/runtime/RuntimeData:getExecutionData:121","1","10000"
"org.apache.shardingsphere.elasticjob.infra.concurrent.ElasticJobExecutorServiceTest#assertCreateExecutorService","<main>","98","MONITORENTER","org/jacoco/agent/rt/internal_b6258fc/core/runtime/RuntimeData:getExecutionData:120","5","19375"
"org.apache.shardingsphere.elasticjob.infra.concurrent.ElasticJobExecutorServiceTest#assertCreateExecutorService","<main>","2","MONITORENTER","org/jacoco/agent/rt/internal_b6258fc/core/runtime/RuntimeData:getExecutionData:120","1","10000"
"org.apache.shardingsphere.elasticjob.infra.concurrent.ElasticJobExecutorServiceTest#assertCreateExecutorService","<main>","35","java/util/concurrent/ExecutorService.submit(Ljava/lang/Runnable;)Ljava/util/concurrent/Future;","org/apache/shardingsphere/elasticjob/infra/concurrent/ElasticJobExecutorServiceTest:assertCreateExecutorService:39","1","10000"
"org.apache.shardingsphere.elasticjob.infra.concurrent.ElasticJobExecutorServiceTest#assertCreateExecutorService","<main>","91","MONITOREXIT","org/jacoco/agent/rt/internal_b6258fc/core/runtime/RuntimeData:getExecutionData:121","1","10000"
"org.apache.shardingsphere.elasticjob.infra.concurrent.ElasticJobExecutorServiceTest#assertCreateExecutorService","<main>","91","MONITORENTER","org/jacoco/agent/rt/internal_b6258fc/core/runtime/RuntimeData:getExecutionData:120","14","19995"
"org.apache.shardingsphere.elasticjob.infra.concurrent.ElasticJobExecutorServiceTest#assertCreateExecutorService","<main>","91","java/util/concurrent/ThreadPoolExecutor.getActiveCount()I","org/apache/shardingsphere/elasticjob/infra/concurrent/ElasticJobExecutorService:getActiveThreadCount:69","2","15000"
"org.apache.shardingsphere.elasticjob.infra.concurrent.ElasticJobExecutorServiceTest#assertCreateExecutorService","<main>","102","java/util/concurrent/ThreadPoolExecutor.isShutdown()Z","org/apache/shardingsphere/elasticjob/infra/concurrent/ElasticJobExecutorService:isShutdown:60","1","10000"
"org.apache.shardingsphere.elasticjob.infra.concurrent.ElasticJobExecutorServiceTest#assertCreateExecutorService","<main>","3","java/lang/Thread.setName(Ljava/lang/String;)V","org/apache/commons/lang3/concurrent/BasicThreadFactory:initializeThread:223","1","5000"
"org.apache.shardingsphere.elasticjob.infra.concurrent.ElasticJobExecutorServiceTest#assertCreateExecutorService","<main>","3","java/util/concurrent/ThreadPoolExecutor.getActiveCount()I","org/apache/shardingsphere/elasticjob/infra/concurrent/ElasticJobExecutorService:getActiveThreadCount:70","2","15000"
"org.apache.shardingsphere.elasticjob.infra.concurrent.ElasticJobExecutorServiceTest#assertCreateExecutorService","<main>","96","java/lang/Thread.setName(Ljava/lang/String;)V","com/google/common/util/concurrent/MoreExecutors:newThread:892","1","10000"
"org.apache.shardingsphere.elasticjob.infra.concurrent.ElasticJobExecutorServiceTest#assertCreateExecutorService","<main>","72","java/util/concurrent/Executors.callable(Ljava/lang/Runnable;Ljava/lang/Object;)Ljava/util/concurrent/Callable;","com/google/common/util/concurrent/TrustedListenableFutureTask:create:55","2","15000"
"org.apache.shardingsphere.elasticjob.infra.concurrent.ElasticJobExecutorServiceTest#assertCreateExecutorService","<main>","91","java/util/concurrent/ThreadPoolExecutor.getThreadFactory()Ljava/util/concurrent/ThreadFactory;","com/google/common/util/concurrent/MoreExecutors:useDaemonThreadFactory:295","1","10000"
"org.apache.shardingsphere.elasticjob.infra.concurrent.ElasticJobExecutorServiceTest#assertCreateExecutorService","<main>","107","java/util/concurrent/ThreadPoolExecutor.isShutdown()Z","org/apache/shardingsphere/elasticjob/infra/concurrent/ElasticJobExecutorService:isShutdown:60","2","15000"
"org.apache.shardingsphere.elasticjob.infra.concurrent.ElasticJobExecutorServiceTest#assertCreateExecutorService","<main>","4","java/util/concurrent/ExecutorService.execute(Ljava/lang/Runnable;)V","com/google/common/util/concurrent/MoreExecutors$ListeningDecorator:execute:586","1","10000"
"org.apache.shardingsphere.elasticjob.infra.concurrent.ElasticJobExecutorServiceTest#assertCreateExecutorService","<main>","128","MONITORENTER","org/jacoco/agent/rt/internal_b6258fc/core/runtime/RuntimeData:getExecutionData:120","6","19687"
"org.apache.shardingsphere.elasticjob.infra.concurrent.ElasticJobExecutorServiceTest#assertCreateExecutorService","<main>","20","java/util/concurrent/ExecutorService.submit(Ljava/lang/Runnable;)Ljava/util/concurrent/Future;","org/apache/shardingsphere/elasticjob/infra/concurrent/ElasticJobExecutorServiceTest:assertCreateExecutorService:44","1","10000"
"org.apache.shardingsphere.elasticjob.infra.concurrent.ElasticJobExecutorServiceTest#assertCreateExecutorService","<main>","33","java/util/concurrent/ExecutorService.submit(Ljava/lang/Runnable;)Ljava/util/concurrent/Future;","org/apache/shardingsphere/elasticjob/infra/concurrent/ElasticJobExecutorServiceTest:assertCreateExecutorService:39","1","10000"
"org.apache.shardingsphere.elasticjob.infra.concurrent.ElasticJobExecutorServiceTest#assertCreateExecutorService","<main>","92","MONITORENTER","org/jacoco/agent/rt/internal_b6258fc/core/runtime/RuntimeData:getExecutionData:120","1","10000"
"org.apache.shardingsphere.elasticjob.infra.concurrent.ElasticJobExecutorServiceTest#assertCreateExecutorService","<main>","2","MONITOREXIT","org/jacoco/agent/rt/internal_b6258fc/core/runtime/RuntimeData:getExecutionData:121","2","15000"
"org.apache.shardingsphere.elasticjob.infra.concurrent.ElasticJobExecutorServiceTest#assertCreateExecutorService","<main>","98","MONITOREXIT","org/jacoco/agent/rt/internal_b6258fc/core/runtime/RuntimeData:getExecutionData:121","13","19994"
"org.apache.shardingsphere.elasticjob.infra.concurrent.ElasticJobExecutorServiceTest#assertCreateExecutorService","<main>","93","java/util/concurrent/ThreadPoolExecutor.isShutdown()Z","org/apache/shardingsphere/elasticjob/infra/concurrent/ElasticJobExecutorService:isShutdown:60","1","10000"
"org.apache.shardingsphere.elasticjob.infra.concurrent.ElasticJobExecutorServiceTest#assertCreateExecutorService","<main>","91","MONITORENTER","org/jacoco/agent/rt/internal_b6258fc/core/runtime/RuntimeData:getExecutionData:120","7","19843"
"org.apache.shardingsphere.elasticjob.infra.concurrent.ElasticJobExecutorServiceTest#assertCreateExecutorService","<main>","3","java/lang/Thread.setName(Ljava/lang/String;)V","com/google/common/util/concurrent/MoreExecutors:newThread:892","1","10000"
"org.apache.shardingsphere.elasticjob.infra.concurrent.ElasticJobExecutorServiceTest#assertCreateExecutorService","<main>","99","java/util/concurrent/Executors.defaultThreadFactory()Ljava/util/concurrent/ThreadFactory;","org/apache/commons/lang3/concurrent/BasicThreadFactory:<init>:117","1","10000"
"org.apache.shardingsphere.elasticjob.infra.concurrent.ElasticJobExecutorServiceTest#assertCreateExecutorService","<main>","48","java/util/concurrent/ExecutorService.submit(Ljava/lang/Runnable;)Ljava/util/concurrent/Future;","org/apache/shardingsphere/elasticjob/infra/concurrent/ElasticJobExecutorServiceTest:assertCreateExecutorService:39","1","10000"
"org.apache.shardingsphere.elasticjob.infra.concurrent.ElasticJobExecutorServiceTest#assertCreateExecutorService","<main>","127","MONITORENTER","org/jacoco/agent/rt/internal_b6258fc/core/runtime/RuntimeData:getExecutionData:120","12","19992"
"org.apache.shardingsphere.elasticjob.infra.concurrent.ElasticJobExecutorServiceTest#assertCreateExecutorService","<main>","81","java/util/concurrent/Executors.callable(Ljava/lang/Runnable;Ljava/lang/Object;)Ljava/util/concurrent/Callable;","com/google/common/util/concurrent/TrustedListenableFutureTask:create:54","1","10000"
"org.apache.shardingsphere.elasticjob.infra.concurrent.ElasticJobExecutorServiceTest#assertCreateExecutorService","<main>","78","java/util/concurrent/Executors.callable(Ljava/lang/Runnable;Ljava/lang/Object;)Ljava/util/concurrent/Callable;","com/google/common/util/concurrent/TrustedListenableFutureTask:create:55","2","15000"
"org.apache.shardingsphere.elasticjob.infra.concurrent.ElasticJobExecutorServiceTest#assertCreateExecutorService","<main>","93","MONITORENTER","org/jacoco/agent/rt/internal_b6258fc/core/runtime/RuntimeData:getExecutionData:120","3","17500"
"org.apache.shardingsphere.elasticjob.infra.concurrent.ElasticJobExecutorServiceTest#assertCreateExecutorService","<main>","128","MONITOREXIT","org/jacoco/agent/rt/internal_b6258fc/core/runtime/RuntimeData:getExecutionData:121","3","17500"
"org.apache.shardingsphere.elasticjob.infra.concurrent.ElasticJobExecutorServiceTest#assertCreateExecutorService","<main>","58","java/lang/Thread.setName(Ljava/lang/String;)V","org/apache/commons/lang3/concurrent/BasicThreadFactory:initializeThread:223","1","5000"
"org.apache.shardingsphere.elasticjob.infra.concurrent.ElasticJobExecutorServiceTest#assertCreateExecutorService","<main>","89","java/util/concurrent/ExecutorService.submit(Ljava/lang/Runnable;)Ljava/util/concurrent/Future;","org/apache/shardingsphere/elasticjob/infra/concurrent/ElasticJobExecutorServiceTest:assertCreateExecutorService:38","1","10000"
"org.apache.shardingsphere.elasticjob.infra.concurrent.ElasticJobExecutorServiceTest#assertCreateExecutorService","<main>","112","java/util/concurrent/ThreadPoolExecutor.isShutdown()Z","org/apache/shardingsphere/elasticjob/infra/concurrent/ElasticJobExecutorService:isShutdown:60","1","10000"
"org.apache.shardingsphere.elasticjob.infra.concurrent.ElasticJobExecutorServiceTest#assertCreateExecutorService","<main>","92","java/util/concurrent/ThreadPoolExecutor.getActiveCount()I","org/apache/shardingsphere/elasticjob/infra/concurrent/ElasticJobExecutorService:getActiveThreadCount:69","2","15000"
"org.apache.shardingsphere.elasticjob.infra.concurrent.ElasticJobExecutorServiceTest#assertCreateExecutorService","<main>","128","MONITOREXIT","org/jacoco/agent/rt/internal_b6258fc/core/runtime/RuntimeData:getExecutionData:121","10","19979"
"org.apache.shardingsphere.elasticjob.infra.concurrent.ElasticJobExecutorServiceTest#assertCreateExecutorService","<main>","129","MONITORENTER","org/jacoco/agent/rt/internal_b6258fc/core/runtime/RuntimeData:getExecutionData:120","6","19687"
"org.apache.shardingsphere.elasticjob.infra.concurrent.ElasticJobExecutorServiceTest#assertCreateExecutorService","<main>","55","java/util/concurrent/ExecutorService.execute(Ljava/lang/Runnable;)V","com/google/common/util/concurrent/MoreExecutors$ListeningDecorator:execute:587","1","10000"
"org.apache.shardingsphere.elasticjob.infra.concurrent.ElasticJobExecutorServiceTest#assertCreateExecutorService","<main>","32","java/util/concurrent/AbstractExecutorService.submit(Ljava/lang/Runnable;)Ljava/util/concurrent/Future;","com/google/common/util/concurrent/AbstractListeningExecutorService:submit:57","1","10000"
"org.apache.shardingsphere.elasticjob.infra.concurrent.ElasticJobExecutorServiceTest#assertCreateExecutorService","<main>","82","java/util/concurrent/ExecutorService.submit(Ljava/lang/Runnable;)Ljava/util/concurrent/Future;","org/apache/shardingsphere/elasticjob/infra/concurrent/ElasticJobExecutorServiceTest:assertCreateExecutorService:38","1","10000"
"org.apache.shardingsphere.elasticjob.infra.concurrent.ElasticJobExecutorServiceTest#assertCreateExecutorService","<main>","49","java/util/concurrent/ExecutorService.execute(Ljava/lang/Runnable;)V","com/google/common/util/concurrent/MoreExecutors$ListeningDecorator:execute:587","1","10000"
"org.apache.shardingsphere.elasticjob.infra.concurrent.ElasticJobExecutorServiceTest#assertCreateExecutorService","<main>","3","java/util/concurrent/ExecutorService.execute(Ljava/lang/Runnable;)V","com/google/common/util/concurrent/MoreExecutors$ListeningDecorator:execute:587","1","10000"
"org.apache.shardingsphere.elasticjob.infra.concurrent.ElasticJobExecutorServiceTest#assertCreateExecutorService","<main>","68","java/util/concurrent/Executors.callable(Ljava/lang/Runnable;Ljava/lang/Object;)Ljava/util/concurrent/Callable;","com/google/common/util/concurrent/TrustedListenableFutureTask:create:54","2","15000"
"org.apache.shardingsphere.elasticjob.infra.concurrent.ElasticJobExecutorServiceTest#assertCreateExecutorService","<main>","5","java/util/concurrent/AbstractExecutorService.submit(Ljava/lang/Runnable;)Ljava/util/concurrent/Future;","com/google/common/util/concurrent/AbstractListeningExecutorService:submit:56","1","10000"
"org.apache.shardingsphere.elasticjob.infra.concurrent.ElasticJobExecutorServiceTest#assertCreateExecutorService","<main>","2","java/util/concurrent/Executors.unconfigurableExecutorService(Ljava/util/concurrent/ExecutorService;)Ljava/util/concurrent/ExecutorService;","com/google/common/util/concurrent/MoreExecutors$Application:getExitingExecutorService:236","1","10000"
"org.apache.shardingsphere.elasticjob.infra.concurrent.ElasticJobExecutorServiceTest#assertCreateExecutorService","<main>","24","java/util/concurrent/ExecutorService.shutdownNow()Ljava/util/List;","org/apache/shardingsphere/elasticjob/infra/concurrent/ElasticJobExecutorServiceTest:assertCreateExecutorService:48","1","10000"
"org.apache.shardingsphere.elasticjob.infra.concurrent.ElasticJobExecutorServiceTest#assertCreateExecutorService","<main>","91","MONITOREXIT","org/jacoco/agent/rt/internal_b6258fc/core/runtime/RuntimeData:getExecutionData:121","4","18750"
"org.apache.shardingsphere.elasticjob.infra.concurrent.ElasticJobExecutorServiceTest#assertCreateExecutorService","<main>","3","java/util/concurrent/Executors.defaultThreadFactory()Ljava/util/concurrent/ThreadFactory;","org/apache/commons/lang3/concurrent/BasicThreadFactory:<init>:117","1","10000"
"org.apache.shardingsphere.elasticjob.infra.concurrent.ElasticJobExecutorServiceTest#assertCreateExecutorService","<main>","95","java/util/concurrent/Executors.defaultThreadFactory()Ljava/util/concurrent/ThreadFactory;","com/google/common/util/concurrent/MoreExecutors:platformThreadFactory:829","1","10000"
"org.apache.shardingsphere.elasticjob.infra.concurrent.ElasticJobExecutorServiceTest#assertCreateExecutorService","<main>","99","MONITORENTER","org/jacoco/agent/rt/internal_b6258fc/core/runtime/RuntimeData:getExecutionData:120","10","19979"
"org.apache.shardingsphere.elasticjob.infra.concurrent.ElasticJobExecutorServiceTest#assertCreateExecutorService","<main>","1","MONITORENTER","org/jacoco/agent/rt/internal_b6258fc/core/runtime/RuntimeData:getExecutionData:120","14","19995"
"org.apache.shardingsphere.elasticjob.infra.concurrent.ElasticJobExecutorServiceTest#assertCreateExecutorService","<main>","98","MONITOREXIT","org/jacoco/agent/rt/internal_b6258fc/core/runtime/RuntimeData:getExecutionData:121","9","19960"
"org.apache.shardingsphere.elasticjob.infra.concurrent.ElasticJobExecutorServiceTest#assertCreateExecutorService","<main>","5","java/lang/Thread.setName(Ljava/lang/String;)V","org/apache/commons/lang3/concurrent/BasicThreadFactory:initializeThread:223","1","5000"
"org.apache.shardingsphere.elasticjob.infra.concurrent.ElasticJobExecutorServiceTest#assertCreateExecutorService","<main>","2","MONITOREXIT","org/jacoco/agent/rt/internal_b6258fc/core/runtime/RuntimeData:getExecutionData:121","7","19843"
"org.apache.shardingsphere.elasticjob.infra.concurrent.ElasticJobExecutorServiceTest#assertCreateExecutorService","<main>","2","MONITORENTER","org/jacoco/agent/rt/internal_b6258fc/core/runtime/RuntimeData:getExecutionData:120","12","19992"
"org.apache.shardingsphere.elasticjob.infra.concurrent.ElasticJobExecutorServiceTest#assertCreateExecutorService","<main>","96","java/util/concurrent/Executors.unconfigurableExecutorService(Ljava/util/concurrent/ExecutorService;)Ljava/util/concurrent/ExecutorService;","com/google/common/util/concurrent/MoreExecutors$Application:getExitingExecutorService:236","1","10000"
"org.apache.shardingsphere.elasticjob.infra.concurrent.ElasticJobExecutorServiceTest#assertCreateExecutorService","<main>","108","java/util/concurrent/ThreadPoolExecutor.isShutdown()Z","org/apache/shardingsphere/elasticjob/infra/concurrent/ElasticJobExecutorService:isShutdown:61","1","10000"
"org.apache.shardingsphere.elasticjob.infra.concurrent.ElasticJobExecutorServiceTest#assertCreateExecutorService","<main>","93","java/util/concurrent/Executors.defaultThreadFactory()Ljava/util/concurrent/ThreadFactory;","com/google/common/util/concurrent/MoreExecutors:platformThreadFactory:828","1","10000"
"org.apache.shardingsphere.elasticjob.infra.concurrent.ElasticJobExecutorServiceTest#assertCreateExecutorService","<main>","33","java/lang/Thread.sleep(J)V","org/apache/shardingsphere/elasticjob/infra/concurrent/BlockUtils:sleep:43","1","10000"
"org.apache.shardingsphere.elasticjob.infra.concurrent.ElasticJobExecutorServiceTest#assertCreateExecutorService","<main>","98","MONITOREXIT","org/jacoco/agent/rt/internal_b6258fc/core/runtime/RuntimeData:getExecutionData:121","8","19921"
"org.apache.shardingsphere.elasticjob.infra.concurrent.ElasticJobExecutorServiceTest#assertCreateExecutorService","<main>","4","java/util/concurrent/ExecutorService.submit(Ljava/lang/Runnable;)Ljava/util/concurrent/Future;","org/apache/shardingsphere/elasticjob/infra/concurrent/ElasticJobExecutorServiceTest:assertCreateExecutorService:39","1","10000"
"org.apache.shardingsphere.elasticjob.infra.concurrent.ElasticJobExecutorServiceTest#assertCreateExecutorService","<main>","127","MONITOREXIT","org/jacoco/agent/rt/internal_b6258fc/core/runtime/RuntimeData:getExecutionData:121","11","19988"
"org.apache.shardingsphere.elasticjob.infra.concurrent.ElasticJobExecutorServiceTest#assertCreateExecutorService","<-1291890516,1>","1","java/util/concurrent/ExecutorService.shutdown()V","com/google/common/util/concurrent/MoreExecutors$Application$1:run:275","1","10000"
"org.apache.shardingsphere.elasticjob.infra.concurrent.ElasticJobExecutorServiceTest#assertCreateExecutorService","<main>","4","java/util/concurrent/ExecutorService.execute(Ljava/lang/Runnable;)V","com/google/common/util/concurrent/MoreExecutors$ListeningDecorator:execute:587","1","10000"
"org.apache.shardingsphere.elasticjob.infra.concurrent.ElasticJobExecutorServiceTest#assertCreateExecutorService","<main>","98","MONITORENTER","org/jacoco/agent/rt/internal_b6258fc/core/runtime/RuntimeData:getExecutionData:120","8","19921"
"org.apache.shardingsphere.elasticjob.infra.concurrent.ElasticJobExecutorServiceTest#assertCreateExecutorService","<main>","127","MONITORENTER","org/jacoco/agent/rt/internal_b6258fc/core/runtime/RuntimeData:getExecutionData:120","8","19921"
"org.apache.shardingsphere.elasticjob.infra.concurrent.ElasticJobExecutorServiceTest#assertCreateExecutorService","<main>","37","java/lang/Thread.sleep(J)V","org/apache/shardingsphere/elasticjob/infra/concurrent/BlockUtils:sleep:43","1","10000"
"org.apache.shardingsphere.elasticjob.infra.concurrent.ElasticJobExecutorServiceTest#assertCreateExecutorService","<main>","5","java/util/concurrent/Executors.callable(Ljava/lang/Runnable;Ljava/lang/Object;)Ljava/util/concurrent/Callable;","com/google/common/util/concurrent/TrustedListenableFutureTask:create:55","1","10000"
"org.apache.shardingsphere.elasticjob.infra.concurrent.ElasticJobExecutorServiceTest#assertCreateExecutorService","<main>","1","java/util/concurrent/Executors.defaultThreadFactory()Ljava/util/concurrent/ThreadFactory;","com/google/common/util/concurrent/MoreExecutors:platformThreadFactory:828","1","10000"
"org.apache.shardingsphere.elasticjob.infra.concurrent.ElasticJobExecutorServiceTest#assertCreateExecutorService","<main>","104","java/util/concurrent/ThreadPoolExecutor.isShutdown()Z","org/apache/shardingsphere/elasticjob/infra/concurrent/ElasticJobExecutorService:isShutdown:60","1","10000"
"org.apache.shardingsphere.elasticjob.infra.concurrent.ElasticJobExecutorServiceTest#assertCreateExecutorService","<main>","5","java/util/concurrent/atomic/AtomicLong.incrementAndGet()J","org/apache/commons/lang3/concurrent/BasicThreadFactory:initializeThread:223","1","10000"
"org.apache.shardingsphere.elasticjob.infra.concurrent.ElasticJobExecutorServiceTest#assertCreateExecutorService","<main>","92","MONITOREXIT","org/jacoco/agent/rt/internal_b6258fc/core/runtime/RuntimeData:getExecutionData:121","14","19995"
"org.apache.shardingsphere.elasticjob.infra.concurrent.ElasticJobExecutorServiceTest#assertCreateExecutorService","<main>","36","java/lang/Thread.sleep(J)V","org/apache/shardingsphere/elasticjob/infra/concurrent/BlockUtils:sleep:43","1","10000"
"org.apache.shardingsphere.elasticjob.infra.concurrent.ElasticJobExecutorServiceTest#assertCreateExecutorService","<main>","95","java/lang/Thread.setName(Ljava/lang/String;)V","com/google/common/util/concurrent/MoreExecutors:newThread:892","1","10000"
"org.apache.shardingsphere.elasticjob.infra.concurrent.ElasticJobExecutorServiceTest#assertCreateExecutorService","<main>","98","MONITOREXIT","org/jacoco/agent/rt/internal_b6258fc/core/runtime/RuntimeData:getExecutionData:121","6","19687"
"org.apache.shardingsphere.elasticjob.infra.concurrent.ElasticJobExecutorServiceTest#assertCreateExecutorService","<main>","104","java/util/concurrent/ThreadPoolExecutor.getActiveCount()I","org/apache/shardingsphere/elasticjob/infra/concurrent/ElasticJobExecutorService:getActiveThreadCount:70","2","15000"
"org.apache.shardingsphere.elasticjob.infra.concurrent.ElasticJobExecutorServiceTest#assertCreateExecutorService","<main>","128","MONITOREXIT","org/jacoco/agent/rt/internal_b6258fc/core/runtime/RuntimeData:getExecutionData:121","11","19988"
"org.apache.shardingsphere.elasticjob.infra.concurrent.ElasticJobExecutorServiceTest#assertCreateExecutorService","<main>","102","java/util/concurrent/ThreadPoolExecutor.getActiveCount()I","org/apache/shardingsphere/elasticjob/infra/concurrent/ElasticJobExecutorService:getActiveThreadCount:69","2","15000"
"org.apache.shardingsphere.elasticjob.infra.concurrent.ElasticJobExecutorServiceTest#assertCreateExecutorService","<main>","97","MONITOREXIT","org/jacoco/agent/rt/internal_b6258fc/core/runtime/RuntimeData:getExecutionData:121","5","19375"
"org.apache.shardingsphere.elasticjob.infra.concurrent.ElasticJobExecutorServiceTest#assertCreateExecutorService","<main>","91","MONITOREXIT","org/jacoco/agent/rt/internal_b6258fc/core/runtime/RuntimeData:getExecutionData:121","5","19375"
"org.apache.shardingsphere.elasticjob.infra.concurrent.ElasticJobExecutorServiceTest#assertCreateExecutorService","<main>","1","MONITOREXIT","org/jacoco/agent/rt/internal_b6258fc/core/runtime/RuntimeData:getExecutionData:121","2","15000"
"org.apache.shardingsphere.elasticjob.infra.concurrent.ElasticJobExecutorServiceTest#assertCreateExecutorService","<main>","2","java/util/concurrent/atomic/AtomicLong.incrementAndGet()J","org/apache/commons/lang3/concurrent/BasicThreadFactory:initializeThread:222","1","10000"
"org.apache.shardingsphere.elasticjob.infra.concurrent.ElasticJobExecutorServiceTest#assertCreateExecutorService","<main>","71","java/util/concurrent/Executors.callable(Ljava/lang/Runnable;Ljava/lang/Object;)Ljava/util/concurrent/Callable;","com/google/common/util/concurrent/TrustedListenableFutureTask:create:55","2","15000"
"org.apache.shardingsphere.elasticjob.infra.concurrent.ElasticJobExecutorServiceTest#assertCreateExecutorService","<main>","1","java/lang/Thread.setDaemon(Z)V","com/google/common/util/concurrent/ThreadFactoryBuilder$1:newThread:168","1","10000"
"org.apache.shardingsphere.elasticjob.infra.concurrent.ElasticJobExecutorServiceTest#assertCreateExecutorService","<main>","2","MONITOREXIT","org/jacoco/agent/rt/internal_b6258fc/core/runtime/RuntimeData:getExecutionData:121","8","19921"
"org.apache.shardingsphere.elasticjob.infra.concurrent.ElasticJobExecutorServiceTest#assertCreateExecutorService","<main>","2","java/util/concurrent/ExecutorService.submit(Ljava/lang/Runnable;)Ljava/util/concurrent/Future;","org/apache/shardingsphere/elasticjob/infra/concurrent/ElasticJobExecutorServiceTest:assertCreateExecutorService:38","1","10000"
"org.apache.shardingsphere.elasticjob.infra.concurrent.ElasticJobExecutorServiceTest#assertCreateExecutorService","<main>","118","java/util/concurrent/ThreadPoolExecutor.getActiveCount()I","org/apache/shardingsphere/elasticjob/infra/concurrent/ElasticJobExecutorService:getActiveThreadCount:69","1","10000"
"org.apache.shardingsphere.elasticjob.infra.concurrent.ElasticJobExecutorServiceTest#assertCreateExecutorService","<-1891051194,1>","1","MONITORENTER","org/jacoco/agent/rt/internal_b6258fc/core/runtime/RuntimeData:getExecutionData:120","1","10000"
"org.apache.shardingsphere.elasticjob.infra.concurrent.ElasticJobExecutorServiceTest#assertCreateExecutorService","<main>","67","java/util/concurrent/Executors.callable(Ljava/lang/Runnable;Ljava/lang/Object;)Ljava/util/concurrent/Callable;","com/google/common/util/concurrent/TrustedListenableFutureTask:create:55","2","15000"
"org.apache.shardingsphere.elasticjob.infra.concurrent.ElasticJobExecutorServiceTest#assertCreateExecutorService","<main>","100","java/util/concurrent/ThreadPoolExecutor.getActiveCount()I","org/apache/shardingsphere/elasticjob/infra/concurrent/ElasticJobExecutorService:getActiveThreadCount:69","2","15000"
"org.apache.shardingsphere.elasticjob.infra.concurrent.ElasticJobExecutorServiceTest#assertCreateExecutorService","<main>","116","java/util/concurrent/ThreadPoolExecutor.getActiveCount()I","org/apache/shardingsphere/elasticjob/infra/concurrent/ElasticJobExecutorService:getActiveThreadCount:70","1","10000"
"org.apache.shardingsphere.elasticjob.infra.concurrent.ElasticJobExecutorServiceTest#assertCreateExecutorService","<main>","5","java/util/concurrent/atomic/AtomicLong.incrementAndGet()J","org/apache/commons/lang3/concurrent/BasicThreadFactory:initializeThread:222","1","10000"
"org.apache.shardingsphere.elasticjob.infra.concurrent.ElasticJobExecutorServiceTest#assertCreateExecutorService","<main>","5","java/lang/Thread.sleep(J)V","org/apache/shardingsphere/elasticjob/infra/concurrent/BlockUtils:sleep:44","1","10000"
"org.apache.shardingsphere.elasticjob.infra.concurrent.ElasticJobExecutorServiceTest#assertCreateExecutorService","<main>","2","MONITOREXIT","org/jacoco/agent/rt/internal_b6258fc/core/runtime/RuntimeData:getExecutionData:121","13","19994"
"org.apache.shardingsphere.elasticjob.infra.concurrent.ElasticJobExecutorServiceTest#assertCreateExecutorService","<main>","3","java/util/concurrent/ThreadPoolExecutor.allowCoreThreadTimeOut(Z)V","org/apache/shardingsphere/elasticjob/infra/concurrent/ElasticJobExecutorService:<init>:42","1","10000"
"org.apache.shardingsphere.elasticjob.infra.concurrent.ElasticJobExecutorServiceTest#assertCreateExecutorService","<main>","1","MONITOREXIT","org/jacoco/agent/rt/internal_b6258fc/core/runtime/RuntimeData:getExecutionData:121","14","19995"
"org.apache.shardingsphere.elasticjob.infra.concurrent.ElasticJobExecutorServiceTest#assertCreateExecutorService","<main>","65","java/util/concurrent/AbstractExecutorService.submit(Ljava/lang/Runnable;)Ljava/util/concurrent/Future;","com/google/common/util/concurrent/AbstractListeningExecutorService:submit:56","2","15000"
"org.apache.shardingsphere.elasticjob.infra.concurrent.ElasticJobExecutorServiceTest#assertCreateExecutorService","<main>","12","java/util/concurrent/ExecutorService.submit(Ljava/lang/Runnable;)Ljava/util/concurrent/Future;","org/apache/shardingsphere/elasticjob/infra/concurrent/ElasticJobExecutorServiceTest:assertCreateExecutorService:44","1","10000"
"org.apache.shardingsphere.elasticjob.infra.concurrent.ElasticJobExecutorServiceTest#assertCreateExecutorService","<main>","91","MONITORENTER","org/jacoco/agent/rt/internal_b6258fc/core/runtime/RuntimeData:getExecutionData:120","8","19921"
"org.apache.shardingsphere.elasticjob.infra.concurrent.ElasticJobExecutorServiceTest#assertCreateExecutorService","<main>","92","MONITOREXIT","org/jacoco/agent/rt/internal_b6258fc/core/runtime/RuntimeData:getExecutionData:121","2","15000"
"org.apache.shardingsphere.elasticjob.infra.concurrent.ElasticJobExecutorServiceTest#assertCreateExecutorService","<main>","92","java/util/concurrent/ThreadPoolExecutor.isShutdown()Z","org/apache/shardingsphere/elasticjob/infra/concurrent/ElasticJobExecutorService:isShutdown:61","1","10000"
"org.apache.shardingsphere.elasticjob.infra.concurrent.ElasticJobExecutorServiceTest#assertCreateExecutorService","<main>","93","MONITOREXIT","org/jacoco/agent/rt/internal_b6258fc/core/runtime/RuntimeData:getExecutionData:121","1","10000"
"org.apache.shardingsphere.elasticjob.infra.concurrent.ElasticJobExecutorServiceTest#assertCreateExecutorService","<main>","93","java/util/concurrent/ThreadPoolExecutor.getActiveCount()I","org/apache/shardingsphere/elasticjob/infra/concurrent/ElasticJobExecutorService:getActiveThreadCount:69","2","15000"
"org.apache.shardingsphere.elasticjob.infra.concurrent.ElasticJobExecutorServiceTest#assertCreateExecutorService","<main>","99","MONITORENTER","org/jacoco/agent/rt/internal_b6258fc/core/runtime/RuntimeData:getExecutionData:120","11","19988"
"org.apache.shardingsphere.elasticjob.infra.concurrent.ElasticJobExecutorServiceTest#assertCreateExecutorService","<main>","31","java/util/concurrent/ExecutorService.submit(Ljava/lang/Runnable;)Ljava/util/concurrent/Future;","org/apache/shardingsphere/elasticjob/infra/concurrent/ElasticJobExecutorServiceTest:assertCreateExecutorService:39","1","10000"
"org.apache.shardingsphere.elasticjob.infra.concurrent.ElasticJobExecutorServiceTest#assertCreateExecutorService","<main>","98","MONITOREXIT","org/jacoco/agent/rt/internal_b6258fc/core/runtime/RuntimeData:getExecutionData:121","10","19979"
"org.apache.shardingsphere.elasticjob.infra.concurrent.ElasticJobExecutorServiceTest#assertCreateExecutorService","<main>","105","java/util/concurrent/ThreadPoolExecutor.getActiveCount()I","org/apache/shardingsphere/elasticjob/infra/concurrent/ElasticJobExecutorService:getActiveThreadCount:70","1","10000"
"org.apache.shardingsphere.elasticjob.infra.concurrent.ElasticJobExecutorServiceTest#assertCreateExecutorService","<main>","97","java/util/concurrent/ThreadPoolExecutor.allowCoreThreadTimeOut(Z)V","org/apache/shardingsphere/elasticjob/infra/concurrent/ElasticJobExecutorService:<init>:42","1","10000"
"org.apache.shardingsphere.elasticjob.infra.concurrent.ElasticJobExecutorServiceTest#assertCreateExecutorService","<main>","64","java/util/concurrent/Executors.callable(Ljava/lang/Runnable;Ljava/lang/Object;)Ljava/util/concurrent/Callable;","com/google/common/util/concurrent/TrustedListenableFutureTask:create:54","2","15000"
"org.apache.shardingsphere.elasticjob.infra.concurrent.ElasticJobExecutorServiceTest#assertCreateExecutorService","<main>","61","java/util/concurrent/atomic/AtomicLong.incrementAndGet()J","org/apache/commons/lang3/concurrent/BasicThreadFactory:initializeThread:223","1","10000"
"org.apache.shardingsphere.elasticjob.infra.concurrent.ElasticJobExecutorServiceTest#assertCreateExecutorService","<main>","59","java/lang/Thread.setName(Ljava/lang/String;)V","org/apache/commons/lang3/concurrent/BasicThreadFactory:initializeThread:224","1","10000"
"org.apache.shardingsphere.elasticjob.infra.concurrent.ElasticJobExecutorServiceTest#assertCreateExecutorService","<main>","3","java/util/concurrent/Executors.unconfigurableExecutorService(Ljava/util/concurrent/ExecutorService;)Ljava/util/concurrent/ExecutorService;","com/google/common/util/concurrent/MoreExecutors$Application:getExitingExecutorService:236","1","10000"
"org.apache.shardingsphere.elasticjob.infra.concurrent.ElasticJobExecutorServiceTest#assertCreateExecutorService","<main>","1","MONITOREXIT","org/jacoco/agent/rt/internal_b6258fc/core/runtime/RuntimeData:getExecutionData:121","7","19843"
"org.apache.shardingsphere.elasticjob.infra.concurrent.ElasticJobExecutorServiceTest#assertCreateExecutorService","<main>","99","MONITOREXIT","org/jacoco/agent/rt/internal_b6258fc/core/runtime/RuntimeData:getExecutionData:121","14","19995"
"org.apache.shardingsphere.elasticjob.infra.concurrent.ElasticJobExecutorServiceTest#assertCreateExecutorService","<main>","66","java/util/concurrent/Executors.callable(Ljava/lang/Runnable;Ljava/lang/Object;)Ljava/util/concurrent/Callable;","com/google/common/util/concurrent/TrustedListenableFutureTask:create:55","1","10000"
"org.apache.shardingsphere.elasticjob.infra.concurrent.ElasticJobExecutorServiceTest#assertCreateExecutorService","<main>","84","java/util/concurrent/AbstractExecutorService.submit(Ljava/lang/Runnable;)Ljava/util/concurrent/Future;","com/google/common/util/concurrent/AbstractListeningExecutorService:submit:56","1","10000"
"org.apache.shardingsphere.elasticjob.infra.concurrent.ElasticJobExecutorServiceTest#assertCreateExecutorService","<-1291890516,1>","2","java/util/concurrent/ExecutorService.awaitTermination(JLjava/util/concurrent/TimeUnit;)Z","com/google/common/util/concurrent/MoreExecutors$Application$1:run:276","1","10000"
"org.apache.shardingsphere.elasticjob.infra.concurrent.ElasticJobExecutorServiceTest#assertCreateExecutorService","<main>","92","java/util/concurrent/ThreadPoolExecutor.getActiveCount()I","org/apache/shardingsphere/elasticjob/infra/concurrent/ElasticJobExecutorService:getActiveThreadCount:70","2","15000"
"org.apache.shardingsphere.elasticjob.infra.concurrent.ElasticJobExecutorServiceTest#assertCreateExecutorService","<main>","2","java/util/concurrent/atomic/AtomicLong.incrementAndGet()J","org/apache/commons/lang3/concurrent/BasicThreadFactory:initializeThread:223","1","10000"
"org.apache.shardingsphere.elasticjob.infra.concurrent.ElasticJobExecutorServiceTest#assertCreateExecutorService","<main>","127","MONITORENTER","org/jacoco/agent/rt/internal_b6258fc/core/runtime/RuntimeData:getExecutionData:120","9","19960"
"org.apache.shardingsphere.elasticjob.infra.concurrent.ElasticJobExecutorServiceTest#assertCreateExecutorService","<main>","84","java/util/concurrent/ExecutorService.submit(Ljava/lang/Runnable;)Ljava/util/concurrent/Future;","org/apache/shardingsphere/elasticjob/infra/concurrent/ElasticJobExecutorServiceTest:assertCreateExecutorService:38","1","10000"
"org.apache.shardingsphere.elasticjob.infra.concurrent.ElasticJobExecutorServiceTest#assertCreateExecutorService","<main>","98","java/util/concurrent/Executors.defaultThreadFactory()Ljava/util/concurrent/ThreadFactory;","org/apache/commons/lang3/concurrent/BasicThreadFactory:<init>:117","1","10000"
"org.apache.shardingsphere.elasticjob.infra.concurrent.ElasticJobExecutorServiceTest#assertCreateExecutorService","<main>","60","java/util/concurrent/AbstractExecutorService.submit(Ljava/lang/Runnable;)Ljava/util/concurrent/Future;","com/google/common/util/concurrent/AbstractListeningExecutorService:submit:56","2","15000"
"org.apache.shardingsphere.elasticjob.infra.concurrent.ElasticJobExecutorServiceTest#assertCreateExecutorService","<main>","91","MONITORENTER","org/jacoco/agent/rt/internal_b6258fc/core/runtime/RuntimeData:getExecutionData:120","13","19994"
"org.apache.shardingsphere.elasticjob.infra.concurrent.ElasticJobExecutorServiceTest#assertCreateExecutorService","<main>","8","java/lang/Thread.sleep(J)V","org/apache/shardingsphere/elasticjob/infra/concurrent/BlockUtils:sleep:44","1","10000"
"org.apache.shardingsphere.elasticjob.infra.concurrent.ElasticJobExecutorServiceTest#assertCreateExecutorService","<main>","68","java/util/concurrent/ExecutorService.execute(Ljava/lang/Runnable;)V","com/google/common/util/concurrent/MoreExecutors$ListeningDecorator:execute:586","1","10000"
"org.apache.shardingsphere.elasticjob.infra.concurrent.ElasticJobExecutorServiceTest#assertCreateExecutorService","<main>","80","java/util/concurrent/Executors.callable(Ljava/lang/Runnable;Ljava/lang/Object;)Ljava/util/concurrent/Callable;","com/google/common/util/concurrent/TrustedListenableFutureTask:create:54","1","10000"
"org.apache.shardingsphere.elasticjob.infra.concurrent.ElasticJobExecutorServiceTest#assertCreateExecutorService","<main>","2","MONITOREXIT","org/jacoco/agent/rt/internal_b6258fc/core/runtime/RuntimeData:getExecutionData:121","9","19960"
"org.apache.shardingsphere.elasticjob.infra.concurrent.ElasticJobExecutorServiceTest#assertCreateExecutorService","<main>","127","MONITOREXIT","org/jacoco/agent/rt/internal_b6258fc/core/runtime/RuntimeData:getExecutionData:121","4","18750"
"org.apache.shardingsphere.elasticjob.infra.concurrent.ElasticJobExecutorServiceTest#assertCreateExecutorService","<main>","97","java/util/concurrent/Executors.defaultThreadFactory()Ljava/util/concurrent/ThreadFactory;","org/apache/commons/lang3/concurrent/BasicThreadFactory:<init>:117","1","10000"
"org.apache.shardingsphere.elasticjob.infra.concurrent.ElasticJobExecutorServiceTest#assertCreateExecutorService","<main>","7","java/lang/Thread.sleep(J)V","org/apache/shardingsphere/elasticjob/infra/concurrent/BlockUtils:sleep:44","1","10000"
"org.apache.shardingsphere.elasticjob.infra.concurrent.ElasticJobExecutorServiceTest#assertCreateExecutorService","<main>","129","java/util/concurrent/Executors.defaultThreadFactory()Ljava/util/concurrent/ThreadFactory;","org/apache/commons/lang3/concurrent/BasicThreadFactory:<init>:118","1","10000"
"org.apache.shardingsphere.elasticjob.infra.concurrent.ElasticJobExecutorServiceTest#assertCreateExecutorService","<main>","1","java/util/concurrent/ThreadPoolExecutor.setThreadFactory(Ljava/util/concurrent/ThreadFactory;)V","com/google/common/util/concurrent/MoreExecutors:useDaemonThreadFactory:292","1","10000"
"org.apache.shardingsphere.elasticjob.infra.concurrent.ElasticJobExecutorServiceTest#assertCreateExecutorService","<main>","101","java/util/concurrent/ThreadPoolExecutor.isShutdown()Z","org/apache/shardingsphere/elasticjob/infra/concurrent/ElasticJobExecutorService:isShutdown:61","1","10000"
"org.apache.shardingsphere.elasticjob.infra.concurrent.ElasticJobExecutorServiceTest#assertCreateExecutorService","<main>","97","MONITORENTER","org/jacoco/agent/rt/internal_b6258fc/core/runtime/RuntimeData:getExecutionData:120","4","18750"
"org.apache.shardingsphere.elasticjob.infra.concurrent.ElasticJobExecutorServiceTest#assertCreateExecutorService","<main>","59","java/lang/Thread.setName(Ljava/lang/String;)V","org/apache/commons/lang3/concurrent/BasicThreadFactory:initializeThread:223","1","5000"
"org.apache.shardingsphere.elasticjob.infra.concurrent.ElasticJobExecutorServiceTest#assertCreateExecutorService","<main>","58","java/lang/Thread.setDaemon(Z)V","com/google/common/util/concurrent/ThreadFactoryBuilder$1:newThread:168","1","10000"
"org.apache.shardingsphere.elasticjob.infra.concurrent.ElasticJobExecutorServiceTest#assertCreateExecutorService","<main>","121","java/util/concurrent/ThreadPoolExecutor.getActiveCount()I","org/apache/shardingsphere/elasticjob/infra/concurrent/ElasticJobExecutorService:getActiveThreadCount:69","1","10000"
"org.apache.shardingsphere.elasticjob.infra.concurrent.ElasticJobExecutorServiceTest#assertCreateExecutorService","<main>","2","java/util/concurrent/ThreadPoolExecutor.setThreadFactory(Ljava/util/concurrent/ThreadFactory;)V","com/google/common/util/concurrent/MoreExecutors:useDaemonThreadFactory:291","1","10000"
"org.apache.shardingsphere.elasticjob.infra.concurrent.ElasticJobExecutorServiceTest#assertCreateExecutorService","<main>","105","java/util/concurrent/ThreadPoolExecutor.isShutdown()Z","org/apache/shardingsphere/elasticjob/infra/concurrent/ElasticJobExecutorService:isShutdown:61","1","10000"
"org.apache.shardingsphere.elasticjob.infra.concurrent.ElasticJobExecutorServiceTest#assertCreateExecutorService","<main>","1","java/util/concurrent/ThreadPoolExecutor.isShutdown()Z","org/apache/shardingsphere/elasticjob/infra/concurrent/ElasticJobExecutorService:isShutdown:60","1","10000"
"org.apache.shardingsphere.elasticjob.infra.concurrent.ElasticJobExecutorServiceTest#assertCreateExecutorService","<main>","127","MONITOREXIT","org/jacoco/agent/rt/internal_b6258fc/core/runtime/RuntimeData:getExecutionData:121","1","10000"
"org.apache.shardingsphere.elasticjob.infra.concurrent.ElasticJobExecutorServiceTest#assertCreateExecutorService","<main>","60","java/util/concurrent/Executors.callable(Ljava/lang/Runnable;Ljava/lang/Object;)Ljava/util/concurrent/Callable;","com/google/common/util/concurrent/TrustedListenableFutureTask:create:55","2","15000"
"org.apache.shardingsphere.elasticjob.infra.concurrent.ElasticJobExecutorServiceTest#assertCreateExecutorService","<main>","97","java/util/concurrent/ThreadPoolExecutor.isShutdown()Z","org/apache/shardingsphere/elasticjob/infra/concurrent/ElasticJobExecutorService:isShutdown:60","1","10000"
"org.apache.shardingsphere.elasticjob.infra.concurrent.ElasticJobExecutorServiceTest#assertCreateExecutorService","<main>","2","MONITOREXIT","org/jacoco/agent/rt/internal_b6258fc/core/runtime/RuntimeData:getExecutionData:121","6","19687"
"org.apache.shardingsphere.elasticjob.infra.concurrent.ElasticJobExecutorServiceTest#assertCreateExecutorService","<main>","93","java/util/concurrent/Executors.defaultThreadFactory()Ljava/util/concurrent/ThreadFactory;","org/apache/commons/lang3/concurrent/BasicThreadFactory:<init>:118","1","10000"
"org.apache.shardingsphere.elasticjob.infra.concurrent.ElasticJobExecutorServiceTest#assertCreateExecutorService","<main>","93","MONITORENTER","org/jacoco/agent/rt/internal_b6258fc/core/runtime/RuntimeData:getExecutionData:120","2","15000"
"org.apache.shardingsphere.elasticjob.infra.concurrent.ElasticJobExecutorServiceTest#assertCreateExecutorService","<main>","98","java/util/concurrent/ThreadPoolExecutor.isShutdown()Z","org/apache/shardingsphere/elasticjob/infra/concurrent/ElasticJobExecutorService:isShutdown:61","1","10000"
"org.apache.shardingsphere.elasticjob.infra.concurrent.ElasticJobExecutorServiceTest#assertCreateExecutorService","<main>","3","MONITORENTER","org/jacoco/agent/rt/internal_b6258fc/core/runtime/RuntimeData:getExecutionData:120","14","19995"
"org.apache.shardingsphere.elasticjob.infra.concurrent.ElasticJobExecutorServiceTest#assertCreateExecutorService","<main>","99","MONITOREXIT","org/jacoco/agent/rt/internal_b6258fc/core/runtime/RuntimeData:getExecutionData:121","2","15000"
"org.apache.shardingsphere.elasticjob.infra.concurrent.ElasticJobExecutorServiceTest#assertCreateExecutorService","<main>","102","java/util/concurrent/ThreadPoolExecutor.isShutdown()Z","org/apache/shardingsphere/elasticjob/infra/concurrent/ElasticJobExecutorService:isShutdown:61","1","10000"
"org.apache.shardingsphere.elasticjob.infra.concurrent.ElasticJobExecutorServiceTest#assertCreateExecutorService","<main>","127","MONITOREXIT","org/jacoco/agent/rt/internal_b6258fc/core/runtime/RuntimeData:getExecutionData:121","12","19992"
"org.apache.shardingsphere.elasticjob.infra.concurrent.ElasticJobExecutorServiceTest#assertCreateExecutorService","<main>","93","MONITOREXIT","org/jacoco/agent/rt/internal_b6258fc/core/runtime/RuntimeData:getExecutionData:121","4","18750"
"org.apache.shardingsphere.elasticjob.infra.concurrent.ElasticJobExecutorServiceTest#assertCreateExecutorService","<main>","63","java/lang/Thread.setDaemon(Z)V","com/google/common/util/concurrent/ThreadFactoryBuilder$1:newThread:169","1","10000"
"org.apache.shardingsphere.elasticjob.infra.concurrent.ElasticJobExecutorServiceTest#assertCreateExecutorService","<main>","97","MONITORENTER","org/jacoco/agent/rt/internal_b6258fc/core/runtime/RuntimeData:getExecutionData:120","1","10000"
"org.apache.shardingsphere.elasticjob.infra.concurrent.ElasticJobExecutorServiceTest#assertCreateExecutorService","<main>","91","MONITORENTER","org/jacoco/agent/rt/internal_b6258fc/core/runtime/RuntimeData:getExecutionData:120","9","19960"
"org.apache.shardingsphere.elasticjob.infra.concurrent.ElasticJobExecutorServiceTest#assertCreateExecutorService","<main>","9","java/lang/Thread.sleep(J)V","org/apache/shardingsphere/elasticjob/infra/concurrent/BlockUtils:sleep:43","1","10000"
"org.apache.shardingsphere.elasticjob.infra.concurrent.ElasticJobExecutorServiceTest#assertCreateExecutorService","<main>","64","java/util/concurrent/Executors.callable(Ljava/lang/Runnable;Ljava/lang/Object;)Ljava/util/concurrent/Callable;","com/google/common/util/concurrent/TrustedListenableFutureTask:create:55","2","15000"
"org.apache.shardingsphere.elasticjob.infra.concurrent.ElasticJobExecutorServiceTest#assertCreateExecutorService","<main>","34","java/lang/Thread.sleep(J)V","org/apache/shardingsphere/elasticjob/infra/concurrent/BlockUtils:sleep:44","1","10000"
"org.apache.shardingsphere.elasticjob.infra.concurrent.ElasticJobExecutorServiceTest#assertCreateExecutorService","<main>","98","java/util/concurrent/ThreadPoolExecutor.getActiveCount()I","org/apache/shardingsphere/elasticjob/infra/concurrent/ElasticJobExecutorService:getActiveThreadCount:70","1","10000"
"org.apache.shardingsphere.elasticjob.infra.concurrent.ElasticJobExecutorServiceTest#assertCreateExecutorService","<main>","93","MONITORENTER","org/jacoco/agent/rt/internal_b6258fc/core/runtime/RuntimeData:getExecutionData:120","14","19995"
"org.apache.shardingsphere.elasticjob.infra.concurrent.ElasticJobExecutorServiceTest#assertCreateExecutorService","<main>","3","java/lang/Thread.setDaemon(Z)V","com/google/common/util/concurrent/ThreadFactoryBuilder$1:newThread:168","1","10000"
"org.apache.shardingsphere.elasticjob.infra.concurrent.ElasticJobExecutorServiceTest#assertCreateExecutorService","<main>","98","MONITOREXIT","org/jacoco/agent/rt/internal_b6258fc/core/runtime/RuntimeData:getExecutionData:121","11","19988"
"org.apache.shardingsphere.elasticjob.infra.concurrent.ElasticJobExecutorServiceTest#assertCreateExecutorService","<main>","102","java/util/concurrent/ThreadPoolExecutor.getActiveCount()I","org/apache/shardingsphere/elasticjob/infra/concurrent/ElasticJobExecutorService:getActiveThreadCount:70","2","15000"
"org.apache.shardingsphere.elasticjob.infra.concurrent.ElasticJobExecutorServiceTest#assertCreateExecutorService","<main>","68","java/util/concurrent/Executors.callable(Ljava/lang/Runnable;Ljava/lang/Object;)Ljava/util/concurrent/Callable;","com/google/common/util/concurrent/TrustedListenableFutureTask:create:55","2","15000"
"org.apache.shardingsphere.elasticjob.infra.concurrent.ElasticJobExecutorServiceTest#assertCreateExecutorService","<main>","50","java/util/concurrent/ExecutorService.execute(Ljava/lang/Runnable;)V","com/google/common/util/concurrent/MoreExecutors$ListeningDecorator:execute:587","1","10000"
"org.apache.shardingsphere.elasticjob.infra.concurrent.ElasticJobExecutorServiceTest#assertCreateExecutorService","<main>","98","MONITORENTER","org/jacoco/agent/rt/internal_b6258fc/core/runtime/RuntimeData:getExecutionData:120","11","19988"
"org.apache.shardingsphere.elasticjob.infra.concurrent.ElasticJobExecutorServiceTest#assertCreateExecutorService","<main>","98","MONITORENTER","org/jacoco/agent/rt/internal_b6258fc/core/runtime/RuntimeData:getExecutionData:120","3","17500"
"org.apache.shardingsphere.elasticjob.infra.concurrent.ElasticJobExecutorServiceTest#assertCreateExecutorService","<main>","2","java/util/concurrent/ExecutorService.execute(Ljava/lang/Runnable;)V","com/google/common/util/concurrent/MoreExecutors$ListeningDecorator:execute:587","1","10000"
"org.apache.shardingsphere.elasticjob.infra.concurrent.ElasticJobExecutorServiceTest#assertCreateExecutorService","<main>","98","java/util/concurrent/ThreadPoolExecutor.allowCoreThreadTimeOut(Z)V","org/apache/shardingsphere/elasticjob/infra/concurrent/ElasticJobExecutorService:<init>:42","1","10000"
"org.apache.shardingsphere.elasticjob.infra.concurrent.ElasticJobExecutorServiceTest#assertCreateExecutorService","<main>","92","MONITOREXIT","org/jacoco/agent/rt/internal_b6258fc/core/runtime/RuntimeData:getExecutionData:121","8","19921"
"org.apache.shardingsphere.elasticjob.infra.concurrent.ElasticJobExecutorServiceTest#assertCreateExecutorService","<main>","128","MONITORENTER","org/jacoco/agent/rt/internal_b6258fc/core/runtime/RuntimeData:getExecutionData:120","4","18750"
"org.apache.shardingsphere.elasticjob.infra.concurrent.ElasticJobExecutorServiceTest#assertCreateExecutorService","<main>","75","java/util/concurrent/ExecutorService.execute(Ljava/lang/Runnable;)V","com/google/common/util/concurrent/MoreExecutors$ListeningDecorator:execute:586","1","10000"
"org.apache.shardingsphere.elasticjob.infra.concurrent.ElasticJobExecutorServiceTest#assertCreateExecutorService","<main>","2","java/util/concurrent/ThreadPoolExecutor.getThreadFactory()Ljava/util/concurrent/ThreadFactory;","com/google/common/util/concurrent/MoreExecutors:useDaemonThreadFactory:294","1","10000"
"org.apache.shardingsphere.elasticjob.infra.concurrent.ElasticJobExecutorServiceTest#assertCreateExecutorService","<main>","98","MONITORENTER","org/jacoco/agent/rt/internal_b6258fc/core/runtime/RuntimeData:getExecutionData:120","10","19979"
"org.apache.shardingsphere.elasticjob.infra.concurrent.ElasticJobExecutorServiceTest#assertCreateExecutorService","<-1291890516,1>","3","RUNNABLE_CALLABLE_START","com/google/common/util/concurrent/MoreExecutors$Application$1:run:0","1","10000"
"org.apache.shardingsphere.elasticjob.infra.concurrent.ElasticJobExecutorServiceTest#assertCreateExecutorService","<main>","1","MONITORENTER","org/jacoco/agent/rt/internal_b6258fc/core/runtime/RuntimeData:getExecutionData:120","13","19994"
"org.apache.shardingsphere.elasticjob.infra.concurrent.ElasticJobExecutorServiceTest#assertCreateExecutorService","<main>","91","java/util/concurrent/ThreadPoolExecutor.allowCoreThreadTimeOut(Z)V","org/apache/shardingsphere/elasticjob/infra/concurrent/ElasticJobExecutorService:<init>:42","1","10000"
"org.apache.shardingsphere.elasticjob.infra.concurrent.ElasticJobExecutorServiceTest#assertCreateExecutorService","<main>","71","java/util/concurrent/ExecutorService.execute(Ljava/lang/Runnable;)V","com/google/common/util/concurrent/MoreExecutors$ListeningDecorator:execute:586","1","10000"
"org.apache.shardingsphere.elasticjob.infra.concurrent.ElasticJobExecutorServiceTest#assertCreateExecutorService","<main>","76","java/util/concurrent/Executors.callable(Ljava/lang/Runnable;Ljava/lang/Object;)Ljava/util/concurrent/Callable;","com/google/common/util/concurrent/TrustedListenableFutureTask:create:55","1","10000"
"org.apache.shardingsphere.elasticjob.infra.concurrent.ElasticJobExecutorServiceTest#assertCreateExecutorService","<main>","91","java/util/concurrent/Executors.defaultThreadFactory()Ljava/util/concurrent/ThreadFactory;","org/apache/commons/lang3/concurrent/BasicThreadFactory:<init>:117","1","10000"
"org.apache.shardingsphere.elasticjob.infra.concurrent.ElasticJobExecutorServiceTest#assertCreateExecutorService","<main>","1","java/util/concurrent/atomic/AtomicLong.incrementAndGet()J","org/apache/commons/lang3/concurrent/BasicThreadFactory:initializeThread:223","1","10000"
"org.apache.shardingsphere.elasticjob.infra.concurrent.ElasticJobExecutorServiceTest#assertCreateExecutorService","<main>","2","MONITOREXIT","org/jacoco/agent/rt/internal_b6258fc/core/runtime/RuntimeData:getExecutionData:121","10","19979"
"org.apache.shardingsphere.elasticjob.infra.concurrent.ElasticJobExecutorServiceTest#assertCreateExecutorService","<main>","86","java/util/concurrent/AbstractExecutorService.submit(Ljava/lang/Runnable;)Ljava/util/concurrent/Future;","com/google/common/util/concurrent/AbstractListeningExecutorService:submit:56","1","10000"
"org.apache.shardingsphere.elasticjob.infra.concurrent.ElasticJobExecutorServiceTest#assertCreateExecutorService","<main>","91","MONITOREXIT","org/jacoco/agent/rt/internal_b6258fc/core/runtime/RuntimeData:getExecutionData:121","3","17500"
"org.apache.shardingsphere.elasticjob.infra.concurrent.ElasticJobExecutorServiceTest#assertCreateExecutorService","<main>","93","MONITORENTER","org/jacoco/agent/rt/internal_b6258fc/core/runtime/RuntimeData:getExecutionData:120","7","19843"
"org.apache.shardingsphere.elasticjob.infra.concurrent.ElasticJobExecutorServiceTest#assertCreateExecutorService","<main>","9","java/util/concurrent/AbstractExecutorService.submit(Ljava/lang/Runnable;)Ljava/util/concurrent/Future;","com/google/common/util/concurrent/AbstractListeningExecutorService:submit:57","1","10000"
"org.apache.shardingsphere.elasticjob.infra.concurrent.ElasticJobExecutorServiceTest#assertCreateExecutorService","<main>","99","MONITOREXIT","org/jacoco/agent/rt/internal_b6258fc/core/runtime/RuntimeData:getExecutionData:121","7","19843"
"org.apache.shardingsphere.elasticjob.infra.concurrent.ElasticJobExecutorServiceTest#assertCreateExecutorService","<main>","64","java/util/concurrent/AbstractExecutorService.submit(Ljava/lang/Runnable;)Ljava/util/concurrent/Future;","com/google/common/util/concurrent/AbstractListeningExecutorService:submit:56","2","15000"
"org.apache.shardingsphere.elasticjob.infra.concurrent.ElasticJobExecutorServiceTest#assertCreateExecutorService","<main>","127","MONITORENTER","org/jacoco/agent/rt/internal_b6258fc/core/runtime/RuntimeData:getExecutionData:120","6","19687"
"org.apache.shardingsphere.elasticjob.infra.concurrent.ElasticJobExecutorServiceTest#assertCreateExecutorService","<main>","85","java/util/concurrent/AbstractExecutorService.submit(Ljava/lang/Runnable;)Ljava/util/concurrent/Future;","com/google/common/util/concurrent/AbstractListeningExecutorService:submit:56","1","10000"
"org.apache.shardingsphere.elasticjob.infra.concurrent.ElasticJobExecutorServiceTest#assertCreateExecutorService","<main>","128","MONITORENTER","org/jacoco/agent/rt/internal_b6258fc/core/runtime/RuntimeData:getExecutionData:120","1","10000"
"org.apache.shardingsphere.elasticjob.infra.concurrent.ElasticJobExecutorServiceTest#assertCreateExecutorService","<main>","1","java/util/concurrent/AbstractExecutorService.submit(Ljava/lang/Runnable;)Ljava/util/concurrent/Future;","com/google/common/util/concurrent/AbstractListeningExecutorService:submit:57","1","10000"
"org.apache.shardingsphere.elasticjob.infra.concurrent.ElasticJobExecutorServiceTest#assertCreateExecutorService","<main>","3","MONITOREXIT","org/jacoco/agent/rt/internal_b6258fc/core/runtime/RuntimeData:getExecutionData:121","14","19995"
"org.apache.shardingsphere.elasticjob.infra.concurrent.ElasticJobExecutorServiceTest#assertCreateExecutorService","<main>","60","java/util/concurrent/ExecutorService.execute(Ljava/lang/Runnable;)V","com/google/common/util/concurrent/MoreExecutors$ListeningDecorator:execute:586","1","10000"
"org.apache.shardingsphere.elasticjob.infra.concurrent.ElasticJobExecutorServiceTest#assertCreateExecutorService","<main>","1","MONITOREXIT","org/jacoco/agent/rt/internal_b6258fc/core/runtime/RuntimeData:getExecutionData:121","8","19921"
"org.apache.shardingsphere.elasticjob.infra.concurrent.ElasticJobExecutorServiceTest#assertCreateExecutorService","<main>","99","MONITORENTER","org/jacoco/agent/rt/internal_b6258fc/core/runtime/RuntimeData:getExecutionData:120","12","19992"
"org.apache.shardingsphere.elasticjob.infra.concurrent.ElasticJobExecutorServiceTest#assertCreateExecutorService","<main>","3","java/util/concurrent/ThreadPoolExecutor.getActiveCount()I","org/apache/shardingsphere/elasticjob/infra/concurrent/ElasticJobExecutorService:getActiveThreadCount:69","2","15000"
"org.apache.shardingsphere.elasticjob.infra.concurrent.ElasticJobExecutorServiceTest#assertCreateExecutorService","<main>","1","MONITORENTER","org/jacoco/agent/rt/internal_b6258fc/core/runtime/RuntimeData:getExecutionData:120","5","19375"
"org.apache.shardingsphere.elasticjob.infra.concurrent.ElasticJobExecutorServiceTest#assertCreateExecutorService","<main>","1","java/util/concurrent/ExecutorService.execute(Ljava/lang/Runnable;)V","com/google/common/util/concurrent/MoreExecutors$ListeningDecorator:execute:586","1","10000"
"org.apache.shardingsphere.elasticjob.infra.concurrent.ElasticJobExecutorServiceTest#assertCreateExecutorService","<main>","52","java/util/concurrent/AbstractExecutorService.submit(Ljava/lang/Runnable;)Ljava/util/concurrent/Future;","com/google/common/util/concurrent/AbstractListeningExecutorService:submit:57","1","10000"
"org.apache.shardingsphere.elasticjob.infra.concurrent.ElasticJobExecutorServiceTest#assertCreateExecutorService","<main>","63","java/util/concurrent/atomic/AtomicLong.incrementAndGet()J","org/apache/commons/lang3/concurrent/BasicThreadFactory:initializeThread:223","1","10000"
"org.apache.shardingsphere.elasticjob.infra.concurrent.ElasticJobExecutorServiceTest#assertCreateExecutorService","<main>","91","java/util/concurrent/ThreadPoolExecutor.isShutdown()Z","org/apache/shardingsphere/elasticjob/infra/concurrent/ElasticJobExecutorService:isShutdown:61","1","10000"
"org.apache.shardingsphere.elasticjob.infra.concurrent.ElasticJobExecutorServiceTest#assertCreateExecutorService","<main>","3","MONITORENTER","org/jacoco/agent/rt/internal_b6258fc/core/runtime/RuntimeData:getExecutionData:120","4","18750"
"org.apache.shardingsphere.elasticjob.infra.concurrent.ElasticJobExecutorServiceTest#assertCreateExecutorService","<main>","1","java/util/concurrent/atomic/AtomicLong.incrementAndGet()J","org/apache/commons/lang3/concurrent/BasicThreadFactory:initializeThread:222","1","10000"
"org.apache.shardingsphere.elasticjob.infra.concurrent.ElasticJobExecutorServiceTest#assertCreateExecutorService","<main>","70","java/util/concurrent/Executors.callable(Ljava/lang/Runnable;Ljava/lang/Object;)Ljava/util/concurrent/Callable;","com/google/common/util/concurrent/TrustedListenableFutureTask:create:55","2","15000"
"org.apache.shardingsphere.elasticjob.infra.concurrent.ElasticJobExecutorServiceTest#assertCreateExecutorService","<main>","3","java/util/concurrent/ThreadPoolExecutor.getThreadFactory()Ljava/util/concurrent/ThreadFactory;","com/google/common/util/concurrent/MoreExecutors:useDaemonThreadFactory:295","1","10000"
"org.apache.shardingsphere.elasticjob.infra.concurrent.ElasticJobExecutorServiceTest#assertCreateExecutorService","<main>","129","MONITORENTER","org/jacoco/agent/rt/internal_b6258fc/core/runtime/RuntimeData:getExecutionData:120","1","10000"
"org.apache.shardingsphere.elasticjob.infra.concurrent.ElasticJobExecutorServiceTest#assertCreateExecutorService","<main>","58","java/util/concurrent/Executors.callable(Ljava/lang/Runnable;Ljava/lang/Object;)Ljava/util/concurrent/Callable;","com/google/common/util/concurrent/TrustedListenableFutureTask:create:55","2","15000"
"org.apache.shardingsphere.elasticjob.infra.concurrent.ElasticJobExecutorServiceTest#assertCreateExecutorService","<main>","97","MONITOREXIT","org/jacoco/agent/rt/internal_b6258fc/core/runtime/RuntimeData:getExecutionData:121","14","19995"
"org.apache.shardingsphere.elasticjob.infra.concurrent.ElasticJobExecutorServiceTest#assertCreateExecutorService","<main>","2","java/lang/Thread.sleep(J)V","org/apache/shardingsphere/elasticjob/infra/concurrent/BlockUtils:sleep:44","1","10000"
"org.apache.shardingsphere.elasticjob.infra.concurrent.ElasticJobExecutorServiceTest#assertCreateExecutorService","<main>","4","java/util/concurrent/AbstractExecutorService.submit(Ljava/lang/Runnable;)Ljava/util/concurrent/Future;","com/google/common/util/concurrent/AbstractListeningExecutorService:submit:56","1","10000"
"org.apache.shardingsphere.elasticjob.infra.concurrent.ElasticJobExecutorServiceTest#assertCreateExecutorService","<main>","6","java/util/concurrent/atomic/AtomicLong.incrementAndGet()J","org/apache/commons/lang3/concurrent/BasicThreadFactory:initializeThread:223","1","10000"
"org.apache.shardingsphere.elasticjob.infra.concurrent.ElasticJobExecutorServiceTest#assertCreateExecutorService","<main>","63","java/lang/Thread.setDaemon(Z)V","com/google/common/util/concurrent/ThreadFactoryBuilder$1:newThread:168","1","10000"
"org.apache.shardingsphere.elasticjob.infra.concurrent.ElasticJobExecutorServiceTest#assertCreateExecutorService","<-1891051194,1>","2","MONITOREXIT","org/jacoco/agent/rt/internal_b6258fc/core/runtime/RuntimeData:getExecutionData:121","4","18750"
"org.apache.shardingsphere.elasticjob.infra.concurrent.ElasticJobExecutorServiceTest#assertCreateExecutorService","<main>","94","java/util/concurrent/Executors.unconfigurableExecutorService(Ljava/util/concurrent/ExecutorService;)Ljava/util/concurrent/ExecutorService;","com/google/common/util/concurrent/MoreExecutors$Application:getExitingExecutorService:236","1","10000"
"org.apache.shardingsphere.elasticjob.infra.concurrent.ElasticJobExecutorServiceTest#assertCreateExecutorService","<main>","2","java/lang/Thread.sleep(J)V","org/apache/shardingsphere/elasticjob/infra/concurrent/BlockUtils:sleep:43","1","10000"
"org.apache.shardingsphere.elasticjob.infra.concurrent.ElasticJobExecutorServiceTest#assertCreateExecutorService","<main>","118","java/util/concurrent/ThreadPoolExecutor.allowCoreThreadTimeOut(Z)V","org/apache/shardingsphere/elasticjob/infra/concurrent/ElasticJobExecutorService:<init>:43","1","10000"
"org.apache.shardingsphere.elasticjob.infra.concurrent.ElasticJobExecutorServiceTest#assertCreateExecutorService","<main>","99","MONITOREXIT","org/jacoco/agent/rt/internal_b6258fc/core/runtime/RuntimeData:getExecutionData:121","8","19921"
"org.apache.shardingsphere.elasticjob.infra.concurrent.ElasticJobExecutorServiceTest#assertCreateExecutorService","<main>","1","MONITOREXIT","org/jacoco/agent/rt/internal_b6258fc/core/runtime/RuntimeData:getExecutionData:121","13","19994"
"org.apache.shardingsphere.elasticjob.infra.concurrent.ElasticJobExecutorServiceTest#assertCreateExecutorService","<main>","92","MONITOREXIT","org/jacoco/agent/rt/internal_b6258fc/core/runtime/RuntimeData:getExecutionData:121","10","19979"
"org.apache.shardingsphere.elasticjob.infra.concurrent.ElasticJobExecutorServiceTest#assertCreateExecutorService","<main>","111","java/util/concurrent/ThreadPoolExecutor.isShutdown()Z","org/apache/shardingsphere/elasticjob/infra/concurrent/ElasticJobExecutorService:isShutdown:61","1","10000"
"org.apache.shardingsphere.elasticjob.infra.concurrent.ElasticJobExecutorServiceTest#assertCreateExecutorService","<main>","91","java/util/concurrent/ThreadPoolExecutor.getActiveCount()I","org/apache/shardingsphere/elasticjob/infra/concurrent/ElasticJobExecutorService:getActiveThreadCount:70","2","15000"
"org.apache.shardingsphere.elasticjob.infra.concurrent.ElasticJobExecutorServiceTest#assertCreateExecutorService","<main>","17","java/util/concurrent/ExecutorService.submit(Ljava/lang/Runnable;)Ljava/util/concurrent/Future;","org/apache/shardingsphere/elasticjob/infra/concurrent/ElasticJobExecutorServiceTest:assertCreateExecutorService:43","1","10000"
"org.apache.shardingsphere.elasticjob.infra.concurrent.ElasticJobExecutorServiceTest#assertCreateExecutorService","<-1891051194,1>","3","MONITOREXIT","org/jacoco/agent/rt/internal_b6258fc/core/runtime/RuntimeData:getExecutionData:121","4","18750"
"org.apache.shardingsphere.elasticjob.infra.concurrent.ElasticJobExecutorServiceTest#assertCreateExecutorService","<main>","3","MONITOREXIT","org/jacoco/agent/rt/internal_b6258fc/core/runtime/RuntimeData:getExecutionData:121","2","15000"
"org.apache.shardingsphere.elasticjob.infra.concurrent.ElasticJobExecutorServiceTest#assertCreateExecutorService","<main>","93","MONITORENTER","org/jacoco/agent/rt/internal_b6258fc/core/runtime/RuntimeData:getExecutionData:120","13","19994"
"org.apache.shardingsphere.elasticjob.infra.concurrent.ElasticJobExecutorServiceTest#assertCreateExecutorService","<main>","127","java/util/concurrent/Executors.defaultThreadFactory()Ljava/util/concurrent/ThreadFactory;","org/apache/commons/lang3/concurrent/BasicThreadFactory:<init>:118","1","10000"
"org.apache.shardingsphere.elasticjob.infra.concurrent.ElasticJobExecutorServiceTest#assertCreateExecutorService","<main>","92","MONITORENTER","org/jacoco/agent/rt/internal_b6258fc/core/runtime/RuntimeData:getExecutionData:120","14","19995"
"org.apache.shardingsphere.elasticjob.infra.concurrent.ElasticJobExecutorServiceTest#assertCreateExecutorService","<main>","99","MONITOREXIT","org/jacoco/agent/rt/internal_b6258fc/core/runtime/RuntimeData:getExecutionData:121","13","19994"
"org.apache.shardingsphere.elasticjob.infra.concurrent.ElasticJobExecutorServiceTest#assertCreateExecutorService","<main>","11","java/util/concurrent/ExecutorService.submit(Ljava/lang/Runnable;)Ljava/util/concurrent/Future;","org/apache/shardingsphere/elasticjob/infra/concurrent/ElasticJobExecutorServiceTest:assertCreateExecutorService:44","1","10000"
"org.apache.shardingsphere.elasticjob.infra.concurrent.ElasticJobExecutorServiceTest#assertCreateExecutorService","<main>","104","java/util/concurrent/ThreadPoolExecutor.isShutdown()Z","org/apache/shardingsphere/elasticjob/infra/concurrent/ElasticJobExecutorService:isShutdown:61","1","10000"
"org.apache.shardingsphere.elasticjob.infra.concurrent.ElasticJobExecutorServiceTest#assertCreateExecutorService","<main>","128","MONITOREXIT","org/jacoco/agent/rt/internal_b6258fc/core/runtime/RuntimeData:getExecutionData:121","12","19992"
"org.apache.shardingsphere.elasticjob.infra.concurrent.ElasticJobExecutorServiceTest#assertCreateExecutorService","<main>","93","java/lang/Thread.setName(Ljava/lang/String;)V","com/google/common/util/concurrent/MoreExecutors:newThread:892","1","10000"
"org.apache.shardingsphere.elasticjob.infra.concurrent.ElasticJobExecutorServiceTest#assertCreateExecutorService","<main>","98","MONITORENTER","org/jacoco/agent/rt/internal_b6258fc/core/runtime/RuntimeData:getExecutionData:120","2","15000"
"org.apache.shardingsphere.elasticjob.infra.concurrent.ElasticJobExecutorServiceTest#assertCreateExecutorService","<main>","99","MONITORENTER","org/jacoco/agent/rt/internal_b6258fc/core/runtime/RuntimeData:getExecutionData:120","9","19960"
"org.apache.shardingsphere.elasticjob.infra.concurrent.ElasticJobExecutorServiceTest#assertCreateExecutorService","<-1891051194,1>","2","MONITOREXIT","org/jacoco/agent/rt/internal_b6258fc/core/runtime/RuntimeData:getExecutionData:121","1","10000"
"org.apache.shardingsphere.elasticjob.infra.concurrent.ElasticJobExecutorServiceTest#assertCreateExecutorService","<main>","110","java/util/concurrent/ThreadPoolExecutor.isShutdown()Z","org/apache/shardingsphere/elasticjob/infra/concurrent/ElasticJobExecutorService:isShutdown:61","2","15000"
"org.apache.shardingsphere.elasticjob.infra.concurrent.ElasticJobExecutorServiceTest#assertCreateExecutorService","<main>","93","MONITOREXIT","org/jacoco/agent/rt/internal_b6258fc/core/runtime/RuntimeData:getExecutionData:121","5","19375"
"org.apache.shardingsphere.elasticjob.infra.concurrent.ElasticJobExecutorServiceTest#assertCreateExecutorService","<main>","97","MONITORENTER","org/jacoco/agent/rt/internal_b6258fc/core/runtime/RuntimeData:getExecutionData:120","5","19375"
"org.apache.shardingsphere.elasticjob.infra.concurrent.ElasticJobExecutorServiceTest#assertCreateExecutorService","<main>","6","java/lang/Thread.sleep(J)V","org/apache/shardingsphere/elasticjob/infra/concurrent/BlockUtils:sleep:44","1","10000"
"org.apache.shardingsphere.elasticjob.infra.concurrent.ElasticJobExecutorServiceTest#assertCreateExecutorService","<main>","3","MONITORENTER","org/jacoco/agent/rt/internal_b6258fc/core/runtime/RuntimeData:getExecutionData:120","5","19375"
"org.apache.shardingsphere.elasticjob.infra.concurrent.ElasticJobExecutorServiceTest#assertCreateExecutorService","<main>","6","java/util/concurrent/ExecutorService.submit(Ljava/lang/Runnable;)Ljava/util/concurrent/Future;","org/apache/shardingsphere/elasticjob/infra/concurrent/ElasticJobExecutorServiceTest:assertCreateExecutorService:39","1","10000"
"org.apache.shardingsphere.elasticjob.infra.concurrent.ElasticJobExecutorServiceTest#assertCreateExecutorService","<main>","90","java/util/concurrent/ExecutorService.submit(Ljava/lang/Runnable;)Ljava/util/concurrent/Future;","org/apache/shardingsphere/elasticjob/infra/concurrent/ElasticJobExecutorServiceTest:assertCreateExecutorService:38","1","10000"
"org.apache.shardingsphere.elasticjob.infra.concurrent.ElasticJobExecutorServiceTest#assertCreateExecutorService","<main>","69","java/util/concurrent/Executors.callable(Ljava/lang/Runnable;Ljava/lang/Object;)Ljava/util/concurrent/Callable;","com/google/common/util/concurrent/TrustedListenableFutureTask:create:55","2","15000"
"org.apache.shardingsphere.elasticjob.infra.concurrent.ElasticJobExecutorServiceTest#assertCreateExecutorService","<main>","99","MONITORENTER","org/jacoco/agent/rt/internal_b6258fc/core/runtime/RuntimeData:getExecutionData:120","8","19921"
"org.apache.shardingsphere.elasticjob.infra.concurrent.ElasticJobExecutorServiceTest#assertCreateExecutorService","<main>","2","java/util/concurrent/ThreadPoolExecutor.getActiveCount()I","org/apache/shardingsphere/elasticjob/infra/concurrent/ElasticJobExecutorService:getActiveThreadCount:70","1","10000"
"org.apache.shardingsphere.elasticjob.infra.concurrent.ElasticJobExecutorServiceTest#assertCreateExecutorService","<main>","101","java/util/concurrent/ThreadPoolExecutor.getActiveCount()I","org/apache/shardingsphere/elasticjob/infra/concurrent/ElasticJobExecutorService:getActiveThreadCount:69","1","10000"
"org.apache.shardingsphere.elasticjob.infra.concurrent.ElasticJobExecutorServiceTest#assertCreateExecutorService","<main>","1","java/util/concurrent/ThreadPoolExecutor.isShutdown()Z","org/apache/shardingsphere/elasticjob/infra/concurrent/ElasticJobExecutorService:isShutdown:61","1","10000"
"org.apache.shardingsphere.elasticjob.infra.concurrent.ElasticJobExecutorServiceTest#assertCreateExecutorService","<main>","127","MONITOREXIT","org/jacoco/agent/rt/internal_b6258fc/core/runtime/RuntimeData:getExecutionData:121","3","17500"
"org.apache.shardingsphere.elasticjob.infra.concurrent.ElasticJobExecutorServiceTest#assertCreateExecutorService","<main>","2","MONITOREXIT","org/jacoco/agent/rt/internal_b6258fc/core/runtime/RuntimeData:getExecutionData:121","11","19988"
"org.apache.shardingsphere.elasticjob.infra.concurrent.ElasticJobExecutorServiceTest#assertCreateExecutorService","<-1891051194,1>","3","RUNNABLE_CALLABLE_START","org/apache/shardingsphere/elasticjob/infra/concurrent/ElasticJobExecutorServiceTest$FooTask:run:0","1","10000"
"org.apache.shardingsphere.elasticjob.infra.concurrent.ElasticJobExecutorServiceTest#assertCreateExecutorService","<-1891051194,1>","2","RUNNABLE_CALLABLE_START","com/google/common/util/concurrent/InterruptibleTask:run:0","1","10000"
"org.apache.shardingsphere.elasticjob.infra.concurrent.ElasticJobExecutorServiceTest#assertCreateExecutorService","<main>","33","java/util/concurrent/AbstractExecutorService.submit(Ljava/lang/Runnable;)Ljava/util/concurrent/Future;","com/google/common/util/concurrent/AbstractListeningExecutorService:submit:57","1","10000"
"org.apache.shardingsphere.elasticjob.infra.concurrent.ElasticJobExecutorServiceTest#assertCreateExecutorService","<main>","97","java/util/concurrent/ThreadPoolExecutor.isShutdown()Z","org/apache/shardingsphere/elasticjob/infra/concurrent/ElasticJobExecutorService:isShutdown:61","1","10000"
"org.apache.shardingsphere.elasticjob.infra.concurrent.ElasticJobExecutorServiceTest#assertCreateExecutorService","<main>","92","MONITOREXIT","org/jacoco/agent/rt/internal_b6258fc/core/runtime/RuntimeData:getExecutionData:121","13","19994"
"org.apache.shardingsphere.elasticjob.infra.concurrent.ElasticJobExecutorServiceTest#assertCreateExecutorService","<main>","92","MONITORENTER","org/jacoco/agent/rt/internal_b6258fc/core/runtime/RuntimeData:getExecutionData:120","7","19843"
"org.apache.shardingsphere.elasticjob.infra.concurrent.ElasticJobExecutorServiceTest#assertCreateExecutorService","<main>","82","java/util/concurrent/AbstractExecutorService.submit(Ljava/lang/Runnable;)Ljava/util/concurrent/Future;","com/google/common/util/concurrent/AbstractListeningExecutorService:submit:56","1","10000"
"org.apache.shardingsphere.elasticjob.infra.concurrent.ElasticJobExecutorServiceTest#assertCreateExecutorService","<-1291890516,1>","2","java/util/concurrent/ExecutorService.shutdown()V","com/google/common/util/concurrent/MoreExecutors$Application$1:run:275","1","10000"
"org.apache.shardingsphere.elasticjob.infra.concurrent.ElasticJobExecutorServiceTest#assertCreateExecutorService","<-1891051194,1>","2","java/lang/Thread.sleep(J)V","org/apache/shardingsphere/elasticjob/infra/concurrent/BlockUtils:sleep:43","1","10000"
"org.apache.shardingsphere.elasticjob.infra.concurrent.ElasticJobExecutorServiceTest#assertCreateExecutorService","<main>","1","MONITOREXIT","org/jacoco/agent/rt/internal_b6258fc/core/runtime/RuntimeData:getExecutionData:121","9","19960"
"org.apache.shardingsphere.elasticjob.infra.concurrent.ElasticJobExecutorServiceTest#assertCreateExecutorService","<main>","67","java/util/concurrent/ExecutorService.execute(Ljava/lang/Runnable;)V","com/google/common/util/concurrent/MoreExecutors$ListeningDecorator:execute:586","1","10000"
"org.apache.shardingsphere.elasticjob.infra.concurrent.ElasticJobExecutorServiceTest#assertCreateExecutorService","<main>","33","java/util/concurrent/ExecutorService.execute(Ljava/lang/Runnable;)V","com/google/common/util/concurrent/MoreExecutors$ListeningDecorator:execute:587","1","10000"
"org.apache.shardingsphere.elasticjob.infra.concurrent.ElasticJobExecutorServiceTest#assertCreateExecutorService","<main>","91","MONITORENTER","org/jacoco/agent/rt/internal_b6258fc/core/runtime/RuntimeData:getExecutionData:120","11","19988"
"org.apache.shardingsphere.elasticjob.infra.concurrent.ElasticJobExecutorServiceTest#assertCreateExecutorService","<main>","59","java/util/concurrent/Executors.callable(Ljava/lang/Runnable;Ljava/lang/Object;)Ljava/util/concurrent/Callable;","com/google/common/util/concurrent/TrustedListenableFutureTask:create:54","2","15000"
"org.apache.shardingsphere.elasticjob.infra.concurrent.ElasticJobExecutorServiceTest#assertCreateExecutorService","<main>","67","java/util/concurrent/Executors.callable(Ljava/lang/Runnable;Ljava/lang/Object;)Ljava/util/concurrent/Callable;","com/google/common/util/concurrent/TrustedListenableFutureTask:create:54","1","10000"
"org.apache.shardingsphere.elasticjob.infra.concurrent.ElasticJobExecutorServiceTest#assertCreateExecutorService","<main>","127","java/util/concurrent/ThreadPoolExecutor.allowCoreThreadTimeOut(Z)V","org/apache/shardingsphere/elasticjob/infra/concurrent/ElasticJobExecutorService:<init>:42","1","10000"
"org.apache.shardingsphere.elasticjob.infra.concurrent.ElasticJobExecutorServiceTest#assertCreateExecutorService","<main>","6","java/util/concurrent/Executors.callable(Ljava/lang/Runnable;Ljava/lang/Object;)Ljava/util/concurrent/Callable;","com/google/common/util/concurrent/TrustedListenableFutureTask:create:54","1","10000"
"org.apache.shardingsphere.elasticjob.infra.concurrent.ElasticJobExecutorServiceTest#assertCreateExecutorService","<-1891051194,1>","3","MONITORENTER","org/jacoco/agent/rt/internal_b6258fc/core/runtime/RuntimeData:getExecutionData:120","4","18750"
"org.apache.shardingsphere.elasticjob.infra.concurrent.ElasticJobExecutorServiceTest#assertCreateExecutorService","<main>","58","java/util/concurrent/ExecutorService.execute(Ljava/lang/Runnable;)V","com/google/common/util/concurrent/MoreExecutors$ListeningDecorator:execute:586","1","10000"
"org.apache.shardingsphere.elasticjob.infra.concurrent.ElasticJobExecutorServiceTest#assertCreateExecutorService","<main>","1","MONITORENTER","org/jacoco/agent/rt/internal_b6258fc/core/runtime/RuntimeData:getExecutionData:120","3","17500"
"org.apache.shardingsphere.elasticjob.infra.concurrent.ElasticJobExecutorServiceTest#assertCreateExecutorService","<main>","2","MONITORENTER","org/jacoco/agent/rt/internal_b6258fc/core/runtime/RuntimeData:getExecutionData:120","14","19995"
"org.apache.shardingsphere.elasticjob.infra.concurrent.ElasticJobExecutorServiceTest#assertCreateExecutorService","<main>","99","MONITOREXIT","org/jacoco/agent/rt/internal_b6258fc/core/runtime/RuntimeData:getExecutionData:121","9","19960"
"org.apache.shardingsphere.elasticjob.infra.concurrent.ElasticJobExecutorServiceTest#assertCreateExecutorService","<main>","99","MONITOREXIT","org/jacoco/agent/rt/internal_b6258fc/core/runtime/RuntimeData:getExecutionData:121","3","17500"
"org.apache.shardingsphere.elasticjob.infra.concurrent.ElasticJobExecutorServiceTest#assertCreateExecutorService","<main>","93","java/util/concurrent/Executors.unconfigurableExecutorService(Ljava/util/concurrent/ExecutorService;)Ljava/util/concurrent/ExecutorService;","com/google/common/util/concurrent/MoreExecutors$Application:getExitingExecutorService:237","1","10000"
"org.apache.shardingsphere.elasticjob.infra.concurrent.ElasticJobExecutorServiceTest#assertCreateExecutorService","<main>","109","java/util/concurrent/ThreadPoolExecutor.isShutdown()Z","org/apache/shardingsphere/elasticjob/infra/concurrent/ElasticJobExecutorService:isShutdown:61","2","15000"
"org.apache.shardingsphere.elasticjob.infra.concurrent.ElasticJobExecutorServiceTest#assertCreateExecutorService","<main>","3","MONITOREXIT","org/jacoco/agent/rt/internal_b6258fc/core/runtime/RuntimeData:getExecutionData:121","7","19843"
"org.apache.shardingsphere.elasticjob.infra.concurrent.ElasticJobExecutorServiceTest#assertCreateExecutorService","<main>","59","java/lang/Thread.setDaemon(Z)V","com/google/common/util/concurrent/ThreadFactoryBuilder$1:newThread:169","1","10000"
"org.apache.shardingsphere.elasticjob.infra.concurrent.ElasticJobExecutorServiceTest#assertCreateExecutorService","<main>","60","java/util/concurrent/ExecutorService.submit(Ljava/lang/Runnable;)Ljava/util/concurrent/Future;","org/apache/shardingsphere/elasticjob/infra/concurrent/ElasticJobExecutorServiceTest:assertCreateExecutorService:38","1","10000"
"org.apache.shardingsphere.elasticjob.infra.concurrent.ElasticJobExecutorServiceTest#assertCreateExecutorService","<main>","60","java/util/concurrent/Executors.callable(Ljava/lang/Runnable;Ljava/lang/Object;)Ljava/util/concurrent/Callable;","com/google/common/util/concurrent/TrustedListenableFutureTask:create:54","1","10000"
"org.apache.shardingsphere.elasticjob.infra.concurrent.ElasticJobExecutorServiceTest#assertCreateExecutorService","<main>","124","java/util/concurrent/ThreadPoolExecutor.allowCoreThreadTimeOut(Z)V","org/apache/shardingsphere/elasticjob/infra/concurrent/ElasticJobExecutorService:<init>:43","1","10000"
"org.apache.shardingsphere.elasticjob.infra.concurrent.ElasticJobExecutorServiceTest#assertCreateExecutorService","<main>","79","java/util/concurrent/Executors.callable(Ljava/lang/Runnable;Ljava/lang/Object;)Ljava/util/concurrent/Callable;","com/google/common/util/concurrent/TrustedListenableFutureTask:create:54","2","15000"
"org.apache.shardingsphere.elasticjob.infra.concurrent.ElasticJobExecutorServiceTest#assertCreateExecutorService","<main>","1","MONITORENTER","org/jacoco/agent/rt/internal_b6258fc/core/runtime/RuntimeData:getExecutionData:120","10","19979"
"org.apache.shardingsphere.elasticjob.infra.concurrent.ElasticJobExecutorServiceTest#assertCreateExecutorService","<main>","2","MONITORENTER","org/jacoco/agent/rt/internal_b6258fc/core/runtime/RuntimeData:getExecutionData:120","4","18750"
"org.apache.shardingsphere.elasticjob.infra.concurrent.ElasticJobExecutorServiceTest#assertCreateExecutorService","<main>","73","java/util/concurrent/ExecutorService.execute(Ljava/lang/Runnable;)V","com/google/common/util/concurrent/MoreExecutors$ListeningDecorator:execute:586","1","10000"
"org.apache.shardingsphere.elasticjob.infra.concurrent.ElasticJobExecutorServiceTest#assertCreateExecutorService","<main>","93","MONITORENTER","org/jacoco/agent/rt/internal_b6258fc/core/runtime/RuntimeData:getExecutionData:120","8","19921"
"org.apache.shardingsphere.elasticjob.infra.concurrent.ElasticJobExecutorServiceTest#assertCreateExecutorService","<main>","66","java/util/concurrent/ExecutorService.execute(Ljava/lang/Runnable;)V","com/google/common/util/concurrent/MoreExecutors$ListeningDecorator:execute:586","1","10000"
"org.apache.shardingsphere.elasticjob.infra.concurrent.ElasticJobExecutorServiceTest#assertCreateExecutorService","<main>","106","java/util/concurrent/ThreadPoolExecutor.isShutdown()Z","org/apache/shardingsphere/elasticjob/infra/concurrent/ElasticJobExecutorService:isShutdown:61","1","10000"
"org.apache.shardingsphere.elasticjob.infra.concurrent.ElasticJobExecutorServiceTest#assertCreateExecutorService","<-1891051194,1>","2","MONITORENTER","org/jacoco/agent/rt/internal_b6258fc/core/runtime/RuntimeData:getExecutionData:120","1","10000"
"org.apache.shardingsphere.elasticjob.infra.concurrent.ElasticJobExecutorServiceTest#assertCreateExecutorService","<main>","91","MONITOREXIT","org/jacoco/agent/rt/internal_b6258fc/core/runtime/RuntimeData:getExecutionData:121","14","19995"
"org.apache.shardingsphere.elasticjob.infra.concurrent.ElasticJobExecutorServiceTest#assertCreateExecutorService","<-1891051194,1>","3","MONITORENTER","org/jacoco/agent/rt/internal_b6258fc/core/runtime/RuntimeData:getExecutionData:120","1","10000"
"org.apache.shardingsphere.elasticjob.infra.concurrent.ElasticJobExecutorServiceTest#assertCreateExecutorService","<main>","91","java/util/concurrent/Executors.unconfigurableExecutorService(Ljava/util/concurrent/ExecutorService;)Ljava/util/concurrent/ExecutorService;","com/google/common/util/concurrent/MoreExecutors$Application:getExitingExecutorService:237","1","10000"
"org.apache.shardingsphere.elasticjob.infra.concurrent.ElasticJobExecutorServiceTest#assertCreateExecutorService","<main>","3","java/util/concurrent/Executors.callable(Ljava/lang/Runnable;Ljava/lang/Object;)Ljava/util/concurrent/Callable;","com/google/common/util/concurrent/TrustedListenableFutureTask:create:55","1","10000"
"org.apache.shardingsphere.elasticjob.infra.concurrent.ElasticJobExecutorServiceTest#assertCreateExecutorService","<main>","70","java/util/concurrent/ExecutorService.execute(Ljava/lang/Runnable;)V","com/google/common/util/concurrent/MoreExecutors$ListeningDecorator:execute:586","2","15000"
"org.apache.shardingsphere.elasticjob.infra.concurrent.ElasticJobExecutorServiceTest#assertCreateExecutorService","<main>","92","MONITOREXIT","org/jacoco/agent/rt/internal_b6258fc/core/runtime/RuntimeData:getExecutionData:121","3","17500"
"org.apache.shardingsphere.elasticjob.infra.concurrent.ElasticJobExecutorServiceTest#assertCreateExecutorService","<main>","97","MONITOREXIT","org/jacoco/agent/rt/internal_b6258fc/core/runtime/RuntimeData:getExecutionData:121","7","19843"
"org.apache.shardingsphere.elasticjob.infra.concurrent.ElasticJobExecutorServiceTest#assertCreateExecutorService","<main>","128","MONITOREXIT","org/jacoco/agent/rt/internal_b6258fc/core/runtime/RuntimeData:getExecutionData:121","6","19687"
"org.apache.shardingsphere.elasticjob.infra.concurrent.ElasticJobExecutorServiceTest#assertCreateExecutorService","<-1891051194,1>","1","java/util/concurrent/Callable.call()Ljava/lang/Object;","com/google/common/util/concurrent/TrustedListenableFutureTask$TrustedFutureInterruptibleTask:runInterruptibly:126","1","10000"
"org.apache.shardingsphere.elasticjob.infra.concurrent.ElasticJobExecutorServiceTest#assertCreateExecutorService","<main>","3","java/util/concurrent/ThreadPoolExecutor.setThreadFactory(Ljava/util/concurrent/ThreadFactory;)V","com/google/common/util/concurrent/MoreExecutors:useDaemonThreadFactory:292","1","10000"
"org.apache.shardingsphere.elasticjob.infra.concurrent.ElasticJobExecutorServiceTest#assertCreateExecutorService","<main>","93","java/util/concurrent/ThreadPoolExecutor.allowCoreThreadTimeOut(Z)V","org/apache/shardingsphere/elasticjob/infra/concurrent/ElasticJobExecutorService:<init>:42","1","10000"
"org.apache.shardingsphere.elasticjob.infra.concurrent.ElasticJobExecutorServiceTest#assertCreateExecutorService","<main>","5","java/util/concurrent/ExecutorService.execute(Ljava/lang/Runnable;)V","com/google/common/util/concurrent/MoreExecutors$ListeningDecorator:execute:586","1","10000"
"org.apache.shardingsphere.elasticjob.infra.concurrent.ElasticJobExecutorServiceTest#assertCreateExecutorService","<main>","69","java/util/concurrent/ExecutorService.execute(Ljava/lang/Runnable;)V","com/google/common/util/concurrent/MoreExecutors$ListeningDecorator:execute:586","1","10000"
"org.apache.shardingsphere.elasticjob.infra.concurrent.ElasticJobExecutorServiceTest#assertCreateExecutorService","<main>","93","java/util/concurrent/Executors.defaultThreadFactory()Ljava/util/concurrent/ThreadFactory;","org/apache/commons/lang3/concurrent/BasicThreadFactory:<init>:117","1","10000"
"org.apache.shardingsphere.elasticjob.infra.concurrent.ElasticJobExecutorServiceTest#assertCreateExecutorService","<main>","3","java/util/concurrent/atomic/AtomicLong.incrementAndGet()J","org/apache/commons/lang3/concurrent/BasicThreadFactory:initializeThread:222","1","10000"
"org.apache.shardingsphere.elasticjob.infra.concurrent.ElasticJobExecutorServiceTest#assertCreateExecutorService","<main>","3","java/lang/Thread.sleep(J)V","org/apache/shardingsphere/elasticjob/infra/concurrent/BlockUtils:sleep:44","1","10000"
"org.apache.shardingsphere.elasticjob.infra.concurrent.ElasticJobExecutorServiceTest#assertCreateExecutorService","<main>","100","java/util/concurrent/ThreadPoolExecutor.isShutdown()Z","org/apache/shardingsphere/elasticjob/infra/concurrent/ElasticJobExecutorService:isShutdown:60","1","10000"
"org.apache.shardingsphere.elasticjob.infra.concurrent.ElasticJobExecutorServiceTest#assertCreateExecutorService","<-1891051194,1>","3","MONITOREXIT","org/jacoco/agent/rt/internal_b6258fc/core/runtime/RuntimeData:getExecutionData:121","1","10000"
"org.apache.shardingsphere.elasticjob.infra.concurrent.ElasticJobExecutorServiceTest#assertCreateExecutorService","<main>","103","java/util/concurrent/ThreadPoolExecutor.isShutdown()Z","org/apache/shardingsphere/elasticjob/infra/concurrent/ElasticJobExecutorService:isShutdown:61","1","10000"
"org.apache.shardingsphere.elasticjob.infra.concurrent.ElasticJobExecutorServiceTest#assertCreateExecutorService","<main>","69","java/util/concurrent/Executors.callable(Ljava/lang/Runnable;Ljava/lang/Object;)Ljava/util/concurrent/Callable;","com/google/common/util/concurrent/TrustedListenableFutureTask:create:54","1","10000"
"org.apache.shardingsphere.elasticjob.infra.concurrent.ElasticJobExecutorServiceTest#assertCreateExecutorService","<main>","93","MONITOREXIT","org/jacoco/agent/rt/internal_b6258fc/core/runtime/RuntimeData:getExecutionData:121","3","17500"
"org.apache.shardingsphere.elasticjob.infra.concurrent.ElasticJobExecutorServiceTest#assertCreateExecutorService","<main>","97","MONITORENTER","org/jacoco/agent/rt/internal_b6258fc/core/runtime/RuntimeData:getExecutionData:120","3","17500"
"org.apache.shardingsphere.elasticjob.infra.concurrent.ElasticJobExecutorServiceTest#assertCreateExecutorService","<main>","106","java/util/concurrent/ThreadPoolExecutor.isShutdown()Z","org/apache/shardingsphere/elasticjob/infra/concurrent/ElasticJobExecutorService:isShutdown:60","2","15000"
"org.apache.shardingsphere.elasticjob.infra.concurrent.ElasticJobExecutorServiceTest#assertCreateExecutorService","<main>","3","MONITOREXIT","org/jacoco/agent/rt/internal_b6258fc/core/runtime/RuntimeData:getExecutionData:121","8","19921"
"org.apache.shardingsphere.elasticjob.infra.concurrent.ElasticJobExecutorServiceTest#assertCreateExecutorService","<main>","26","java/util/concurrent/ExecutorService.submit(Ljava/lang/Runnable;)Ljava/util/concurrent/Future;","org/apache/shardingsphere/elasticjob/infra/concurrent/ElasticJobExecutorServiceTest:assertCreateExecutorService:44","1","10000"
"org.apache.shardingsphere.elasticjob.infra.concurrent.ElasticJobExecutorServiceTest#assertCreateExecutorService","<main>","119","java/util/concurrent/ThreadPoolExecutor.getActiveCount()I","org/apache/shardingsphere/elasticjob/infra/concurrent/ElasticJobExecutorService:getActiveThreadCount:69","1","10000"
"org.apache.shardingsphere.elasticjob.infra.concurrent.ElasticJobExecutorServiceTest#assertCreateExecutorService","<main>","99","MONITORENTER","org/jacoco/agent/rt/internal_b6258fc/core/runtime/RuntimeData:getExecutionData:120","6","19687"
"org.apache.shardingsphere.elasticjob.infra.concurrent.ElasticJobExecutorServiceTest#assertCreateExecutorService","<main>","2","java/util/concurrent/ThreadPoolExecutor.getActiveCount()I","org/apache/shardingsphere/elasticjob/infra/concurrent/ElasticJobExecutorService:getActiveThreadCount:69","1","10000"
"org.apache.shardingsphere.elasticjob.infra.concurrent.ElasticJobExecutorServiceTest#assertCreateExecutorService","<main>","127","MONITORENTER","org/jacoco/agent/rt/internal_b6258fc/core/runtime/RuntimeData:getExecutionData:120","1","10000"
"org.apache.shardingsphere.elasticjob.infra.concurrent.ElasticJobExecutorServiceTest#assertCreateExecutorService","<main>","128","java/util/concurrent/Executors.defaultThreadFactory()Ljava/util/concurrent/ThreadFactory;","org/apache/commons/lang3/concurrent/BasicThreadFactory:<init>:118","1","10000"
"org.apache.shardingsphere.elasticjob.infra.concurrent.ElasticJobExecutorServiceTest#assertCreateExecutorService","<main>","1","MONITOREXIT","org/jacoco/agent/rt/internal_b6258fc/core/runtime/RuntimeData:getExecutionData:121","3","17500"
"org.apache.shardingsphere.elasticjob.infra.concurrent.ElasticJobExecutorServiceTest#assertCreateExecutorService","<-1891051194,1>","1","RUNNABLE_CALLABLE_START","com/google/common/util/concurrent/InterruptibleTask:run:0","1","10000"
"org.apache.shardingsphere.elasticjob.infra.concurrent.ElasticJobExecutorServiceTest#assertCreateExecutorService","<main>","98","MONITOREXIT","org/jacoco/agent/rt/internal_b6258fc/core/runtime/RuntimeData:getExecutionData:121","12","19992"
"org.apache.shardingsphere.elasticjob.infra.concurrent.ElasticJobExecutorServiceTest#assertCreateExecutorService","<main>","66","java/util/concurrent/Executors.callable(Ljava/lang/Runnable;Ljava/lang/Object;)Ljava/util/concurrent/Callable;","com/google/common/util/concurrent/TrustedListenableFutureTask:create:54","2","15000"
"org.apache.shardingsphere.elasticjob.infra.concurrent.ElasticJobExecutorServiceTest#assertCreateExecutorService","<main>","101","java/util/concurrent/ThreadPoolExecutor.allowCoreThreadTimeOut(Z)V","org/apache/shardingsphere/elasticjob/infra/concurrent/ElasticJobExecutorService:<init>:43","1","10000"
"org.apache.shardingsphere.elasticjob.infra.concurrent.ElasticJobExecutorServiceTest#assertCreateExecutorService","<main>","3","java/util/concurrent/AbstractExecutorService.submit(Ljava/lang/Runnable;)Ljava/util/concurrent/Future;","com/google/common/util/concurrent/AbstractListeningExecutorService:submit:56","1","10000"
"org.apache.shardingsphere.elasticjob.infra.concurrent.ElasticJobExecutorServiceTest#assertCreateExecutorService","<main>","103","java/util/concurrent/ThreadPoolExecutor.getActiveCount()I","org/apache/shardingsphere/elasticjob/infra/concurrent/ElasticJobExecutorService:getActiveThreadCount:70","1","10000"
"org.apache.shardingsphere.elasticjob.infra.concurrent.ElasticJobExecutorServiceTest#assertCreateExecutorService","<main>","117","java/util/concurrent/ThreadPoolExecutor.getActiveCount()I","org/apache/shardingsphere/elasticjob/infra/concurrent/ElasticJobExecutorService:getActiveThreadCount:70","1","10000"
"org.apache.shardingsphere.elasticjob.infra.concurrent.ElasticJobExecutorServiceTest#assertCreateExecutorService","<main>","97","MONITOREXIT","org/jacoco/agent/rt/internal_b6258fc/core/runtime/RuntimeData:getExecutionData:121","2","15000"
"org.apache.shardingsphere.elasticjob.infra.concurrent.ElasticJobExecutorServiceTest#assertCreateExecutorService","<main>","108","java/util/concurrent/ThreadPoolExecutor.isShutdown()Z","org/apache/shardingsphere/elasticjob/infra/concurrent/ElasticJobExecutorService:isShutdown:60","2","15000"
"org.apache.shardingsphere.elasticjob.infra.concurrent.ElasticJobExecutorServiceTest#assertCreateExecutorService","<main>","98","MONITORENTER","org/jacoco/agent/rt/internal_b6258fc/core/runtime/RuntimeData:getExecutionData:120","12","19992"
"org.apache.shardingsphere.elasticjob.infra.concurrent.ElasticJobExecutorServiceTest#assertCreateExecutorService","<main>","91","MONITOREXIT","org/jacoco/agent/rt/internal_b6258fc/core/runtime/RuntimeData:getExecutionData:121","2","15000"
"org.apache.shardingsphere.elasticjob.infra.concurrent.ElasticJobExecutorServiceTest#assertCreateExecutorService","<main>","1","MONITORENTER","org/jacoco/agent/rt/internal_b6258fc/core/runtime/RuntimeData:getExecutionData:120","11","19988"
"org.apache.shardingsphere.elasticjob.infra.concurrent.ElasticJobExecutorServiceTest#assertCreateExecutorService","<main>","120","java/util/concurrent/ThreadPoolExecutor.getActiveCount()I","org/apache/shardingsphere/elasticjob/infra/concurrent/ElasticJobExecutorService:getActiveThreadCount:69","1","10000"
"org.apache.shardingsphere.elasticjob.infra.concurrent.ElasticJobExecutorServiceTest#assertCreateExecutorService","<main>","1","MONITOREXIT","org/jacoco/agent/rt/internal_b6258fc/core/runtime/RuntimeData:getExecutionData:121","10","19979"
"org.apache.shardingsphere.elasticjob.infra.concurrent.ElasticJobExecutorServiceTest#assertCreateExecutorService","<main>","93","java/util/concurrent/ThreadPoolExecutor.isShutdown()Z","org/apache/shardingsphere/elasticjob/infra/concurrent/ElasticJobExecutorService:isShutdown:61","1","10000"
"org.apache.shardingsphere.elasticjob.infra.concurrent.ElasticJobExecutorServiceTest#assertCreateExecutorService","<main>","97","MONITOREXIT","org/jacoco/agent/rt/internal_b6258fc/core/runtime/RuntimeData:getExecutionData:121","8","19921"
"org.apache.shardingsphere.elasticjob.infra.concurrent.ElasticJobExecutorServiceTest#assertCreateExecutorService","<-1891051194,1>","3","java/util/concurrent/Callable.call()Ljava/lang/Object;","com/google/common/util/concurrent/TrustedListenableFutureTask$TrustedFutureInterruptibleTask:runInterruptibly:125","1","10000"
"org.apache.shardingsphere.elasticjob.infra.concurrent.ElasticJobExecutorServiceTest#assertCreateExecutorService","<main>","36","java/util/concurrent/ExecutorService.submit(Ljava/lang/Runnable;)Ljava/util/concurrent/Future;","org/apache/shardingsphere/elasticjob/infra/concurrent/ElasticJobExecutorServiceTest:assertCreateExecutorService:39","1","10000"
"org.apache.shardingsphere.elasticjob.infra.concurrent.ElasticJobExecutorServiceTest#assertCreateExecutorService","<main>","93","MONITORENTER","org/jacoco/agent/rt/internal_b6258fc/core/runtime/RuntimeData:getExecutionData:120","10","19979"
"org.apache.shardingsphere.elasticjob.infra.concurrent.ElasticJobExecutorServiceTest#assertCreateExecutorService","<main>","99","MONITOREXIT","org/jacoco/agent/rt/internal_b6258fc/core/runtime/RuntimeData:getExecutionData:121","10","19979"
"org.apache.shardingsphere.elasticjob.infra.concurrent.ElasticJobExecutorServiceTest#assertCreateExecutorService","<main>","5","java/lang/Thread.sleep(J)V","org/apache/shardingsphere/elasticjob/infra/concurrent/BlockUtils:sleep:43","1","10000"
"org.apache.shardingsphere.elasticjob.infra.concurrent.ElasticJobExecutorServiceTest#assertCreateExecutorService","<main>","1","java/lang/Thread.sleep(J)V","org/apache/shardingsphere/elasticjob/infra/concurrent/BlockUtils:sleep:43","1","10000"
"org.apache.shardingsphere.elasticjob.infra.concurrent.ElasticJobExecutorServiceTest#assertCreateExecutorService","<main>","129","MONITOREXIT","org/jacoco/agent/rt/internal_b6258fc/core/runtime/RuntimeData:getExecutionData:121","4","18750"
"org.apache.shardingsphere.elasticjob.infra.concurrent.ElasticJobExecutorServiceTest#assertCreateExecutorService","<main>","2","java/lang/Thread.setName(Ljava/lang/String;)V","org/apache/commons/lang3/concurrent/BasicThreadFactory:initializeThread:224","1","10000"
"org.apache.shardingsphere.elasticjob.infra.concurrent.ElasticJobExecutorServiceTest#assertCreateExecutorService","<main>","92","MONITOREXIT","org/jacoco/agent/rt/internal_b6258fc/core/runtime/RuntimeData:getExecutionData:121","11","19988"
"org.apache.shardingsphere.elasticjob.infra.concurrent.ElasticJobExecutorServiceTest#assertCreateExecutorService","<main>","92","MONITORENTER","org/jacoco/agent/rt/internal_b6258fc/core/runtime/RuntimeData:getExecutionData:120","8","19921"
"org.apache.shardingsphere.elasticjob.infra.concurrent.ElasticJobExecutorServiceTest#assertCreateExecutorService","<-1291890516,1>","3","java/util/concurrent/ExecutorService.awaitTermination(JLjava/util/concurrent/TimeUnit;)Z","com/google/common/util/concurrent/MoreExecutors$Application$1:run:276","1","10000"
"org.apache.shardingsphere.elasticjob.infra.concurrent.ElasticJobExecutorServiceTest#assertCreateExecutorService","<main>","60","java/util/concurrent/atomic/AtomicLong.incrementAndGet()J","org/apache/commons/lang3/concurrent/BasicThreadFactory:initializeThread:223","1","10000"
"org.apache.shardingsphere.elasticjob.infra.concurrent.ElasticJobExecutorServiceTest#assertCreateExecutorService","<main>","3","java/util/concurrent/atomic/AtomicLong.incrementAndGet()J","org/apache/commons/lang3/concurrent/BasicThreadFactory:initializeThread:223","1","10000"
"org.apache.shardingsphere.elasticjob.infra.concurrent.ElasticJobExecutorServiceTest#assertCreateExecutorService","<main>","93","java/util/concurrent/ThreadPoolExecutor.getActiveCount()I","org/apache/shardingsphere/elasticjob/infra/concurrent/ElasticJobExecutorService:getActiveThreadCount:70","2","15000"
"org.apache.shardingsphere.elasticjob.infra.concurrent.ElasticJobExecutorServiceTest#assertCreateExecutorService","<main>","122","java/util/concurrent/ThreadPoolExecutor.getActiveCount()I","org/apache/shardingsphere/elasticjob/infra/concurrent/ElasticJobExecutorService:getActiveThreadCount:69","2","15000"
"org.apache.shardingsphere.elasticjob.infra.concurrent.ElasticJobExecutorServiceTest#assertCreateExecutorService","<main>","6","java/util/concurrent/AbstractExecutorService.submit(Ljava/lang/Runnable;)Ljava/util/concurrent/Future;","com/google/common/util/concurrent/AbstractListeningExecutorService:submit:57","1","10000"
"org.apache.shardingsphere.elasticjob.infra.concurrent.ElasticJobExecutorServiceTest#assertCreateExecutorService","<main>","118","java/util/concurrent/ThreadPoolExecutor.getActiveCount()I","org/apache/shardingsphere/elasticjob/infra/concurrent/ElasticJobExecutorService:getActiveThreadCount:69","2","15000"
"org.apache.shardingsphere.elasticjob.infra.concurrent.ElasticJobExecutorServiceTest#assertCreateExecutorService","<-1891051194,1>","1","MONITOREXIT","org/jacoco/agent/rt/internal_b6258fc/core/runtime/RuntimeData:getExecutionData:121","1","10000"
"org.apache.shardingsphere.elasticjob.infra.concurrent.ElasticJobExecutorServiceTest#assertCreateExecutorService","<main>","2","java/lang/Thread.setDaemon(Z)V","com/google/common/util/concurrent/ThreadFactoryBuilder$1:newThread:169","1","10000"
"org.apache.shardingsphere.elasticjob.infra.concurrent.ElasticJobExecutorServiceTest#assertCreateExecutorService","<main>","100","java/util/concurrent/ThreadPoolExecutor.allowCoreThreadTimeOut(Z)V","org/apache/shardingsphere/elasticjob/infra/concurrent/ElasticJobExecutorService:<init>:43","1","10000"
"org.apache.shardingsphere.elasticjob.infra.concurrent.ElasticJobExecutorServiceTest#assertCreateExecutorService","<main>","3","MONITOREXIT","org/jacoco/agent/rt/internal_b6258fc/core/runtime/RuntimeData:getExecutionData:121","3","17500"
"org.apache.shardingsphere.elasticjob.infra.concurrent.ElasticJobExecutorServiceTest#assertCreateExecutorService","<main>","129","MONITOREXIT","org/jacoco/agent/rt/internal_b6258fc/core/runtime/RuntimeData:getExecutionData:121","1","10000"
"org.apache.shardingsphere.elasticjob.infra.concurrent.ElasticJobExecutorServiceTest#assertCreateExecutorService","<main>","91","java/util/concurrent/Executors.unconfigurableExecutorService(Ljava/util/concurrent/ExecutorService;)Ljava/util/concurrent/ExecutorService;","com/google/common/util/concurrent/MoreExecutors$Application:getExitingExecutorService:236","1","10000"
"org.apache.shardingsphere.elasticjob.infra.concurrent.ElasticJobExecutorServiceTest#assertCreateExecutorService","<main>","112","java/util/concurrent/ThreadPoolExecutor.isShutdown()Z","org/apache/shardingsphere/elasticjob/infra/concurrent/ElasticJobExecutorService:isShutdown:60","2","15000"
"org.apache.shardingsphere.elasticjob.infra.concurrent.ElasticJobExecutorServiceTest#assertCreateExecutorService","<main>","66","java/util/concurrent/AbstractExecutorService.submit(Ljava/lang/Runnable;)Ljava/util/concurrent/Future;","com/google/common/util/concurrent/AbstractListeningExecutorService:submit:56","2","15000"
"org.apache.shardingsphere.elasticjob.infra.concurrent.ElasticJobExecutorServiceTest#assertCreateExecutorService","<-1291890516,1>","1","java/util/concurrent/ExecutorService.awaitTermination(JLjava/util/concurrent/TimeUnit;)Z","com/google/common/util/concurrent/MoreExecutors$Application$1:run:275","1","5000"
"org.apache.shardingsphere.elasticjob.infra.concurrent.ElasticJobExecutorServiceTest#assertCreateExecutorService","<main>","91","MONITOREXIT","org/jacoco/agent/rt/internal_b6258fc/core/runtime/RuntimeData:getExecutionData:121","7","19843"
"org.apache.shardingsphere.elasticjob.infra.concurrent.ElasticJobExecutorServiceTest#assertCreateExecutorService","<main>","91","MONITORENTER","org/jacoco/agent/rt/internal_b6258fc/core/runtime/RuntimeData:getExecutionData:120","12","19992"
"org.apache.shardingsphere.elasticjob.infra.concurrent.ElasticJobExecutorServiceTest#assertCreateExecutorService","<main>","3","MONITORENTER","org/jacoco/agent/rt/internal_b6258fc/core/runtime/RuntimeData:getExecutionData:120","10","19979"
"org.apache.shardingsphere.elasticjob.infra.concurrent.ElasticJobExecutorServiceTest#assertCreateExecutorService","<main>","3","java/util/concurrent/ExecutorService.execute(Ljava/lang/Runnable;)V","com/google/common/util/concurrent/MoreExecutors$ListeningDecorator:execute:586","1","10000"
"org.apache.shardingsphere.elasticjob.infra.concurrent.ElasticJobExecutorServiceTest#assertCreateExecutorService","<main>","129","MONITOREXIT","org/jacoco/agent/rt/internal_b6258fc/core/runtime/RuntimeData:getExecutionData:121","5","19375"
"org.apache.shardingsphere.elasticjob.infra.concurrent.ElasticJobExecutorServiceTest#assertCreateExecutorService","<main>","65","java/util/concurrent/Executors.callable(Ljava/lang/Runnable;Ljava/lang/Object;)Ljava/util/concurrent/Callable;","com/google/common/util/concurrent/TrustedListenableFutureTask:create:55","2","15000"
"org.apache.shardingsphere.elasticjob.infra.concurrent.ElasticJobExecutorServiceTest#assertCreateExecutorService","<main>","3","java/util/concurrent/ThreadPoolExecutor.setThreadFactory(Ljava/util/concurrent/ThreadFactory;)V","com/google/common/util/concurrent/MoreExecutors:useDaemonThreadFactory:291","1","10000"
"org.apache.shardingsphere.elasticjob.infra.concurrent.ElasticJobExecutorServiceTest#assertCreateExecutorService","<main>","19","java/util/concurrent/ExecutorService.submit(Ljava/lang/Runnable;)Ljava/util/concurrent/Future;","org/apache/shardingsphere/elasticjob/infra/concurrent/ElasticJobExecutorServiceTest:assertCreateExecutorService:44","1","10000"
"org.apache.shardingsphere.elasticjob.infra.concurrent.ElasticJobExecutorServiceTest#assertCreateExecutorService","<main>","1","MONITOREXIT","org/jacoco/agent/rt/internal_b6258fc/core/runtime/RuntimeData:getExecutionData:121","11","19988"
"org.apache.shardingsphere.elasticjob.infra.concurrent.ElasticJobExecutorServiceTest#assertCreateExecutorService","<main>","99","java/util/concurrent/ThreadPoolExecutor.isShutdown()Z","org/apache/shardingsphere/elasticjob/infra/concurrent/ElasticJobExecutorService:isShutdown:60","1","10000"
"org.apache.shardingsphere.elasticjob.infra.concurrent.ElasticJobExecutorServiceTest#assertCreateExecutorService","<main>","7","java/lang/Thread.sleep(J)V","org/apache/shardingsphere/elasticjob/infra/concurrent/BlockUtils:sleep:43","1","10000"
"org.apache.shardingsphere.elasticjob.infra.concurrent.ElasticJobExecutorServiceTest#assertCreateExecutorService","<main>","127","MONITOREXIT","org/jacoco/agent/rt/internal_b6258fc/core/runtime/RuntimeData:getExecutionData:121","14","19995"
"org.apache.shardingsphere.elasticjob.infra.concurrent.ElasticJobExecutorServiceTest#assertCreateExecutorService","<-1891051194,1>","1","java/util/concurrent/Callable.call()Ljava/lang/Object;","com/google/common/util/concurrent/TrustedListenableFutureTask$TrustedFutureInterruptibleTask:runInterruptibly:125","1","10000"
"org.apache.shardingsphere.elasticjob.infra.concurrent.ElasticJobExecutorServiceTest#assertCreateExecutorService","<-1891051194,1>","1","MONITORENTER","org/jacoco/agent/rt/internal_b6258fc/core/runtime/RuntimeData:getExecutionData:120","4","18750"
"org.apache.shardingsphere.elasticjob.infra.concurrent.ElasticJobExecutorServiceTest#assertCreateExecutorService","<main>","3","MONITORENTER","org/jacoco/agent/rt/internal_b6258fc/core/runtime/RuntimeData:getExecutionData:120","3","17500"
"org.apache.shardingsphere.elasticjob.infra.concurrent.ElasticJobExecutorServiceTest#assertCreateExecutorService","<main>","59","java/util/concurrent/atomic/AtomicLong.incrementAndGet()J","org/apache/commons/lang3/concurrent/BasicThreadFactory:initializeThread:223","1","10000"
"org.apache.shardingsphere.elasticjob.infra.concurrent.ElasticJobExecutorServiceTest#assertCreateExecutorService","<main>","2","MONITORENTER","org/jacoco/agent/rt/internal_b6258fc/core/runtime/RuntimeData:getExecutionData:120","5","19375"
"org.apache.shardingsphere.elasticjob.infra.concurrent.ElasticJobExecutorServiceTest#assertCreateExecutorService","<main>","1","java/util/concurrent/ThreadPoolExecutor.getActiveCount()I","org/apache/shardingsphere/elasticjob/infra/concurrent/ElasticJobExecutorService:getActiveThreadCount:69","1","10000"
"org.apache.shardingsphere.elasticjob.infra.concurrent.ElasticJobExecutorServiceTest#assertCreateExecutorService","<main>","66","java/util/concurrent/Executors.callable(Ljava/lang/Runnable;Ljava/lang/Object;)Ljava/util/concurrent/Callable;","com/google/common/util/concurrent/TrustedListenableFutureTask:create:55","2","15000"
"org.apache.shardingsphere.elasticjob.infra.concurrent.ElasticJobExecutorServiceTest#assertCreateExecutorService","<main>","108","java/util/concurrent/ThreadPoolExecutor.isShutdown()Z","org/apache/shardingsphere/elasticjob/infra/concurrent/ElasticJobExecutorService:isShutdown:61","2","15000"
"org.apache.shardingsphere.elasticjob.infra.concurrent.ElasticJobExecutorServiceTest#assertCreateExecutorService","<main>","91","java/util/concurrent/ThreadPoolExecutor.setThreadFactory(Ljava/util/concurrent/ThreadFactory;)V","com/google/common/util/concurrent/MoreExecutors:useDaemonThreadFactory:292","1","10000"
"org.apache.shardingsphere.elasticjob.infra.concurrent.ElasticJobExecutorServiceTest#assertCreateExecutorService","<main>","39","java/lang/Thread.sleep(J)V","org/apache/shardingsphere/elasticjob/infra/concurrent/BlockUtils:sleep:44","1","10000"
"org.apache.shardingsphere.elasticjob.infra.concurrent.ElasticJobExecutorServiceTest#assertCreateExecutorService","<main>","3","MONITOREXIT","org/jacoco/agent/rt/internal_b6258fc/core/runtime/RuntimeData:getExecutionData:121","13","19994"
"org.apache.shardingsphere.elasticjob.infra.concurrent.ElasticJobExecutorServiceTest#assertCreateExecutorService","<main>","97","MONITORENTER","org/jacoco/agent/rt/internal_b6258fc/core/runtime/RuntimeData:getExecutionData:120","14","19995"
"org.apache.shardingsphere.elasticjob.infra.concurrent.ElasticJobExecutorServiceTest#assertCreateExecutorService","<main>","77","java/util/concurrent/Executors.callable(Ljava/lang/Runnable;Ljava/lang/Object;)Ljava/util/concurrent/Callable;","com/google/common/util/concurrent/TrustedListenableFutureTask:create:55","1","10000"
"org.apache.shardingsphere.elasticjob.infra.concurrent.ElasticJobExecutorServiceTest#assertCreateExecutorService","<main>","97","MONITOREXIT","org/jacoco/agent/rt/internal_b6258fc/core/runtime/RuntimeData:getExecutionData:121","9","19960"
"org.apache.shardingsphere.elasticjob.infra.concurrent.ElasticJobExecutorServiceTest#assertCreateExecutorService","<main>","94","java/util/concurrent/ThreadPoolExecutor.setThreadFactory(Ljava/util/concurrent/ThreadFactory;)V","com/google/common/util/concurrent/MoreExecutors:useDaemonThreadFactory:291","1","10000"
"org.apache.shardingsphere.elasticjob.infra.concurrent.ElasticJobExecutorServiceTest#assertCreateExecutorService","<main>","98","MONITORENTER","org/jacoco/agent/rt/internal_b6258fc/core/runtime/RuntimeData:getExecutionData:120","13","19994"
"org.apache.shardingsphere.elasticjob.infra.concurrent.ElasticJobExecutorServiceTest#assertCreateExecutorService","<main>","126","java/util/concurrent/ThreadPoolExecutor.allowCoreThreadTimeOut(Z)V","org/apache/shardingsphere/elasticjob/infra/concurrent/ElasticJobExecutorService:<init>:43","1","10000"
"org.apache.shardingsphere.elasticjob.infra.concurrent.ElasticJobExecutorServiceTest#assertCreateExecutorService","<main>","93","MONITORENTER","org/jacoco/agent/rt/internal_b6258fc/core/runtime/RuntimeData:getExecutionData:120","11","19988"
"org.apache.shardingsphere.elasticjob.infra.concurrent.ElasticJobExecutorServiceTest#assertCreateExecutorService","<main>","120","java/util/concurrent/ThreadPoolExecutor.allowCoreThreadTimeOut(Z)V","org/apache/shardingsphere/elasticjob/infra/concurrent/ElasticJobExecutorService:<init>:43","1","10000"
"org.apache.shardingsphere.elasticjob.infra.concurrent.ElasticJobExecutorServiceTest#assertCreateExecutorService","<main>","99","MONITOREXIT","org/jacoco/agent/rt/internal_b6258fc/core/runtime/RuntimeData:getExecutionData:121","11","19988"
"org.apache.shardingsphere.elasticjob.infra.concurrent.ElasticJobExecutorServiceTest#assertCreateExecutorService","<main>","104","java/util/concurrent/ThreadPoolExecutor.isShutdown()Z","org/apache/shardingsphere/elasticjob/infra/concurrent/ElasticJobExecutorService:isShutdown:60","2","15000"
"org.apache.shardingsphere.elasticjob.infra.concurrent.ElasticJobExecutorServiceTest#assertCreateExecutorService","<main>","92","MONITOREXIT","org/jacoco/agent/rt/internal_b6258fc/core/runtime/RuntimeData:getExecutionData:121","7","19843"
"org.apache.shardingsphere.elasticjob.infra.concurrent.ElasticJobExecutorServiceTest#assertCreateExecutorService","<main>","22","java/util/concurrent/ExecutorService.shutdownNow()Ljava/util/List;","org/apache/shardingsphere/elasticjob/infra/concurrent/ElasticJobExecutorServiceTest:assertCreateExecutorService:48","1","10000"
"org.apache.shardingsphere.elasticjob.infra.concurrent.ElasticJobExecutorServiceTest#assertCreateExecutorService","<main>","92","MONITORENTER","org/jacoco/agent/rt/internal_b6258fc/core/runtime/RuntimeData:getExecutionData:120","5","19375"
"org.apache.shardingsphere.elasticjob.infra.concurrent.ElasticJobExecutorServiceTest#assertCreateExecutorService","<main>","1","java/lang/Thread.sleep(J)V","org/apache/shardingsphere/elasticjob/infra/concurrent/BlockUtils:sleep:44","1","10000"
"org.apache.shardingsphere.elasticjob.infra.concurrent.ElasticJobExecutorServiceTest#assertCreateExecutorService","<main>","2","MONITOREXIT","org/jacoco/agent/rt/internal_b6258fc/core/runtime/RuntimeData:getExecutionData:121","12","19992"
"org.apache.shardingsphere.elasticjob.infra.concurrent.ElasticJobExecutorServiceTest#assertCreateExecutorService","<main>","40","java/lang/Thread.sleep(J)V","org/apache/shardingsphere/elasticjob/infra/concurrent/BlockUtils:sleep:44","1","10000"
"org.apache.shardingsphere.elasticjob.infra.concurrent.ElasticJobExecutorServiceTest#assertCreateExecutorService","<main>","62","java/lang/Thread.setDaemon(Z)V","com/google/common/util/concurrent/ThreadFactoryBuilder$1:newThread:169","1","10000"
"org.apache.shardingsphere.elasticjob.infra.concurrent.ElasticJobExecutorServiceTest#assertCreateExecutorService","<-1891051194,1>","1","MONITOREXIT","org/jacoco/agent/rt/internal_b6258fc/core/runtime/RuntimeData:getExecutionData:121","4","18750"
"org.apache.shardingsphere.elasticjob.infra.concurrent.ElasticJobExecutorServiceTest#assertCreateExecutorService","<main>","1","java/util/concurrent/ExecutorService.submit(Ljava/lang/Runnable;)Ljava/util/concurrent/Future;","org/apache/shardingsphere/elasticjob/infra/concurrent/ElasticJobExecutorServiceTest:assertCreateExecutorService:39","1","10000"
"org.apache.shardingsphere.elasticjob.infra.concurrent.ElasticJobExecutorServiceTest#assertCreateExecutorService","<main>","1","MONITORENTER","org/jacoco/agent/rt/internal_b6258fc/core/runtime/RuntimeData:getExecutionData:120","2","15000"
"org.apache.shardingsphere.elasticjob.infra.concurrent.ElasticJobExecutorServiceTest#assertCreateExecutorService","<main>","2","java/util/concurrent/ThreadPoolExecutor.setThreadFactory(Ljava/util/concurrent/ThreadFactory;)V","com/google/common/util/concurrent/MoreExecutors:useDaemonThreadFactory:292","1","10000"
"org.apache.shardingsphere.elasticjob.infra.concurrent.ElasticJobExecutorServiceTest#assertCreateExecutorService","<main>","45","java/lang/Thread.sleep(J)V","org/apache/shardingsphere/elasticjob/infra/concurrent/BlockUtils:sleep:43","1","10000"
"org.apache.shardingsphere.elasticjob.infra.concurrent.ElasticJobExecutorServiceTest#assertCreateExecutorService","<main>","58","java/util/concurrent/AbstractExecutorService.submit(Ljava/lang/Runnable;)Ljava/util/concurrent/Future;","com/google/common/util/concurrent/AbstractListeningExecutorService:submit:56","2","15000"
"org.apache.shardingsphere.elasticjob.infra.concurrent.ElasticJobExecutorServiceTest#assertCreateExecutorService","<main>","94","java/lang/Thread.setName(Ljava/lang/String;)V","com/google/common/util/concurrent/MoreExecutors:newThread:893","1","10000"
"org.apache.shardingsphere.elasticjob.infra.concurrent.ElasticJobExecutorServiceTest#assertCreateExecutorService","<main>","97","MONITOREXIT","org/jacoco/agent/rt/internal_b6258fc/core/runtime/RuntimeData:getExecutionData:121","13","19994"
"org.apache.shardingsphere.elasticjob.infra.concurrent.ElasticJobExecutorServiceTest#assertCreateExecutorService","<main>","92","java/util/concurrent/ThreadPoolExecutor.getActiveCount()I","org/apache/shardingsphere/elasticjob/infra/concurrent/ElasticJobExecutorService:getActiveThreadCount:69","1","10000"
"org.apache.shardingsphere.elasticjob.infra.concurrent.ElasticJobExecutorServiceTest#assertCreateExecutorService","<main>","23","java/util/concurrent/ExecutorService.shutdownNow()Ljava/util/List;","org/apache/shardingsphere/elasticjob/infra/concurrent/ElasticJobExecutorServiceTest:assertCreateExecutorService:48","1","10000"
"org.apache.shardingsphere.elasticjob.infra.concurrent.ElasticJobExecutorServiceTest#assertCreateExecutorService","<main>","6","java/lang/Thread.setName(Ljava/lang/String;)V","org/apache/commons/lang3/concurrent/BasicThreadFactory:initializeThread:224","1","10000"
"org.apache.shardingsphere.elasticjob.infra.concurrent.ElasticJobExecutorServiceTest#assertCreateExecutorService","<main>","3","MONITOREXIT","org/jacoco/agent/rt/internal_b6258fc/core/runtime/RuntimeData:getExecutionData:121","10","19979"
"org.apache.shardingsphere.elasticjob.infra.concurrent.ElasticJobExecutorServiceTest#assertCreateExecutorService","<main>","72","java/util/concurrent/ExecutorService.execute(Ljava/lang/Runnable;)V","com/google/common/util/concurrent/MoreExecutors$ListeningDecorator:execute:586","1","10000"
"org.apache.shardingsphere.elasticjob.infra.concurrent.ElasticJobExecutorServiceTest#assertCreateExecutorService","<main>","4","java/util/concurrent/AbstractExecutorService.submit(Ljava/lang/Runnable;)Ljava/util/concurrent/Future;","com/google/common/util/concurrent/AbstractListeningExecutorService:submit:57","1","10000"
"org.apache.shardingsphere.elasticjob.infra.concurrent.ElasticJobExecutorServiceTest#assertCreateExecutorService","<main>","3","MONITOREXIT","org/jacoco/agent/rt/internal_b6258fc/core/runtime/RuntimeData:getExecutionData:121","9","19960"
"org.apache.shardingsphere.elasticjob.infra.concurrent.ElasticJobExecutorServiceTest#assertCreateExecutorService","<main>","92","MONITORENTER","org/jacoco/agent/rt/internal_b6258fc/core/runtime/RuntimeData:getExecutionData:120","13","19994"
"org.apache.shardingsphere.elasticjob.infra.concurrent.ElasticJobExecutorServiceTest#assertCreateExecutorService","<main>","9","java/util/concurrent/ExecutorService.submit(Ljava/lang/Runnable;)Ljava/util/concurrent/Future;","org/apache/shardingsphere/elasticjob/infra/concurrent/ElasticJobExecutorServiceTest:assertCreateExecutorService:39","1","10000"
"org.apache.shardingsphere.elasticjob.infra.concurrent.ElasticJobExecutorServiceTest#assertCreateExecutorService","<main>","59","java/util/concurrent/ExecutorService.execute(Ljava/lang/Runnable;)V","com/google/common/util/concurrent/MoreExecutors$ListeningDecorator:execute:586","1","10000"
"org.apache.shardingsphere.elasticjob.infra.concurrent.ElasticJobExecutorServiceTest#assertCreateExecutorService","<main>","1","java/util/concurrent/Executors.callable(Ljava/lang/Runnable;Ljava/lang/Object;)Ljava/util/concurrent/Callable;","com/google/common/util/concurrent/TrustedListenableFutureTask:create:54","1","10000"
"org.apache.shardingsphere.elasticjob.infra.concurrent.ElasticJobExecutorServiceTest#assertCreateExecutorService","<main>","98","MONITORENTER","org/jacoco/agent/rt/internal_b6258fc/core/runtime/RuntimeData:getExecutionData:120","9","19960"
"org.apache.shardingsphere.elasticjob.infra.concurrent.ElasticJobExecutorServiceTest#assertCreateExecutorService","<main>","113","java/util/concurrent/ThreadPoolExecutor.isShutdown()Z","org/apache/shardingsphere/elasticjob/infra/concurrent/ElasticJobExecutorService:isShutdown:60","1","10000"
"org.apache.shardingsphere.elasticjob.infra.concurrent.ElasticJobExecutorServiceTest#assertCreateExecutorService","<-1891051194,1>","2","java/util/concurrent/Callable.call()Ljava/lang/Object;","com/google/common/util/concurrent/TrustedListenableFutureTask$TrustedFutureInterruptibleTask:runInterruptibly:125","1","10000"
"org.apache.shardingsphere.elasticjob.infra.concurrent.ElasticJobExecutorServiceTest#assertCreateExecutorService","<main>","6","java/util/concurrent/ExecutorService.execute(Ljava/lang/Runnable;)V","com/google/common/util/concurrent/MoreExecutors$ListeningDecorator:execute:586","1","10000"
"org.apache.shardingsphere.elasticjob.infra.concurrent.ElasticJobExecutorServiceTest#assertCreateExecutorService","<main>","7","java/util/concurrent/AbstractExecutorService.submit(Ljava/lang/Runnable;)Ljava/util/concurrent/Future;","com/google/common/util/concurrent/AbstractListeningExecutorService:submit:57","1","10000"
"org.apache.shardingsphere.elasticjob.infra.concurrent.ElasticJobExecutorServiceTest#assertCreateExecutorService","<main>","31","java/util/concurrent/ExecutorService.execute(Ljava/lang/Runnable;)V","com/google/common/util/concurrent/MoreExecutors$ListeningDecorator:execute:587","1","10000"
"org.apache.shardingsphere.elasticjob.infra.concurrent.ElasticJobExecutorServiceTest#assertCreateExecutorService","<-1891051194,1>","2","RUNNABLE_CALLABLE_START","org/apache/shardingsphere/elasticjob/infra/concurrent/ElasticJobExecutorServiceTest$FooTask:run:0","1","10000"
"org.apache.shardingsphere.elasticjob.infra.concurrent.ElasticJobExecutorServiceTest#assertCreateExecutorService","<main>","2","java/util/concurrent/ExecutorService.execute(Ljava/lang/Runnable;)V","com/google/common/util/concurrent/MoreExecutors$ListeningDecorator:execute:586","1","10000"
"org.apache.shardingsphere.elasticjob.infra.concurrent.ElasticJobExecutorServiceTest#assertCreateExecutorService","<-1891051194,1>","3","MONITORENTER","org/jacoco/agent/rt/internal_b6258fc/core/runtime/RuntimeData:getExecutionData:120","3","17500"
"org.apache.shardingsphere.elasticjob.infra.concurrent.ElasticJobExecutorServiceTest#assertCreateExecutorService","<main>","58","java/util/concurrent/atomic/AtomicLong.incrementAndGet()J","org/apache/commons/lang3/concurrent/BasicThreadFactory:initializeThread:223","1","10000"
"org.apache.shardingsphere.elasticjob.infra.concurrent.ElasticJobExecutorServiceTest#assertCreateExecutorService","<main>","8","java/lang/Thread.sleep(J)V","org/apache/shardingsphere/elasticjob/infra/concurrent/BlockUtils:sleep:43","1","10000"
"org.apache.shardingsphere.elasticjob.infra.concurrent.ElasticJobExecutorServiceTest#assertCreateExecutorService","<main>","93","MONITOREXIT","org/jacoco/agent/rt/internal_b6258fc/core/runtime/RuntimeData:getExecutionData:121","2","15000"
"org.apache.shardingsphere.elasticjob.infra.concurrent.ElasticJobExecutorServiceTest#assertCreateExecutorService","<main>","92","MONITOREXIT","org/jacoco/agent/rt/internal_b6258fc/core/runtime/RuntimeData:getExecutionData:121","12","19992"
"org.apache.shardingsphere.elasticjob.infra.concurrent.ElasticJobExecutorServiceTest#assertCreateExecutorService","<main>","111","java/util/concurrent/ThreadPoolExecutor.isShutdown()Z","org/apache/shardingsphere/elasticjob/infra/concurrent/ElasticJobExecutorService:isShutdown:61","2","15000"
"org.apache.shardingsphere.elasticjob.infra.concurrent.ElasticJobExecutorServiceTest#assertCreateExecutorService","<main>","14","java/util/concurrent/ExecutorService.shutdownNow()Ljava/util/List;","org/apache/shardingsphere/elasticjob/infra/concurrent/ElasticJobExecutorServiceTest:assertCreateExecutorService:49","1","10000"
"org.apache.shardingsphere.elasticjob.infra.concurrent.ElasticJobExecutorServiceTest#assertCreateExecutorService","<main>","75","java/util/concurrent/ExecutorService.execute(Ljava/lang/Runnable;)V","com/google/common/util/concurrent/MoreExecutors$ListeningDecorator:execute:586","2","15000"
"org.apache.shardingsphere.elasticjob.infra.concurrent.ElasticJobExecutorServiceTest#assertCreateExecutorService","<main>","97","MONITOREXIT","org/jacoco/agent/rt/internal_b6258fc/core/runtime/RuntimeData:getExecutionData:121","3","17500"
"org.apache.shardingsphere.elasticjob.infra.concurrent.ElasticJobExecutorServiceTest#assertCreateExecutorService","<main>","129","MONITORENTER","org/jacoco/agent/rt/internal_b6258fc/core/runtime/RuntimeData:getExecutionData:120","14","19995"
"org.apache.shardingsphere.elasticjob.infra.concurrent.ElasticJobExecutorServiceTest#assertCreateExecutorService","<main>","1","MONITORENTER","org/jacoco/agent/rt/internal_b6258fc/core/runtime/RuntimeData:getExecutionData:120","7","19843"
"org.apache.shardingsphere.elasticjob.infra.concurrent.ElasticJobExecutorServiceTest#assertCreateExecutorService","<main>","4","java/lang/Thread.setDaemon(Z)V","com/google/common/util/concurrent/ThreadFactoryBuilder$1:newThread:169","1","10000"
"org.apache.shardingsphere.elasticjob.infra.concurrent.ElasticJobExecutorServiceTest#assertCreateExecutorService","<main>","97","MONITOREXIT","org/jacoco/agent/rt/internal_b6258fc/core/runtime/RuntimeData:getExecutionData:121","10","19979"
"org.apache.shardingsphere.elasticjob.infra.concurrent.ElasticJobExecutorServiceTest#assertCreateExecutorService","<main>","98","MONITORENTER","org/jacoco/agent/rt/internal_b6258fc/core/runtime/RuntimeData:getExecutionData:120","6","19687"
"org.apache.shardingsphere.elasticjob.infra.concurrent.ElasticJobExecutorServiceTest#assertCreateExecutorService","<main>","100","java/util/concurrent/ThreadPoolExecutor.getActiveCount()I","org/apache/shardingsphere/elasticjob/infra/concurrent/ElasticJobExecutorService:getActiveThreadCount:70","2","15000"
"org.apache.shardingsphere.elasticjob.infra.concurrent.ElasticJobExecutorServiceTest#assertCreateExecutorService","<main>","91","MONITOREXIT","org/jacoco/agent/rt/internal_b6258fc/core/runtime/RuntimeData:getExecutionData:121","8","19921"
"org.apache.shardingsphere.elasticjob.infra.concurrent.ElasticJobExecutorServiceTest#assertCreateExecutorService","<main>","119","java/util/concurrent/ThreadPoolExecutor.allowCoreThreadTimeOut(Z)V","org/apache/shardingsphere/elasticjob/infra/concurrent/ElasticJobExecutorService:<init>:43","1","10000"
"org.apache.shardingsphere.elasticjob.infra.concurrent.ElasticJobExecutorServiceTest#assertCreateExecutorService","<main>","1","java/util/concurrent/Executors.defaultThreadFactory()Ljava/util/concurrent/ThreadFactory;","org/apache/commons/lang3/concurrent/BasicThreadFactory:<init>:117","1","10000"
"org.apache.shardingsphere.elasticjob.infra.concurrent.ElasticJobExecutorServiceTest#assertCreateExecutorService","<main>","2","java/util/concurrent/Executors.defaultThreadFactory()Ljava/util/concurrent/ThreadFactory;","com/google/common/util/concurrent/MoreExecutors:platformThreadFactory:828","1","10000"
"org.apache.shardingsphere.elasticjob.infra.concurrent.ElasticJobExecutorServiceTest#assertCreateExecutorService","<main>","92","java/util/concurrent/ThreadPoolExecutor.getActiveCount()I","org/apache/shardingsphere/elasticjob/infra/concurrent/ElasticJobExecutorService:getActiveThreadCount:70","1","10000"
"org.apache.shardingsphere.elasticjob.infra.concurrent.ElasticJobExecutorServiceTest#assertCreateExecutorService","<main>","4","java/lang/Thread.sleep(J)V","org/apache/shardingsphere/elasticjob/infra/concurrent/BlockUtils:sleep:44","1","10000"
"org.apache.shardingsphere.elasticjob.infra.concurrent.ElasticJobExecutorServiceTest#assertCreateExecutorService","<main>","2","java/util/concurrent/ThreadPoolExecutor.allowCoreThreadTimeOut(Z)V","org/apache/shardingsphere/elasticjob/infra/concurrent/ElasticJobExecutorService:<init>:43","1","10000"
"org.apache.shardingsphere.elasticjob.infra.concurrent.ElasticJobExecutorServiceTest#assertCreateExecutorService","<main>","37","java/lang/Thread.sleep(J)V","org/apache/shardingsphere/elasticjob/infra/concurrent/BlockUtils:sleep:44","1","10000"
"org.apache.shardingsphere.elasticjob.infra.concurrent.ElasticJobExecutorServiceTest#assertCreateExecutorService","<main>","64","java/util/concurrent/ExecutorService.execute(Ljava/lang/Runnable;)V","com/google/common/util/concurrent/MoreExecutors$ListeningDecorator:execute:586","1","10000"
"org.apache.shardingsphere.elasticjob.infra.concurrent.ElasticJobExecutorServiceTest#assertCreateExecutorService","<main>","93","MONITOREXIT","org/jacoco/agent/rt/internal_b6258fc/core/runtime/RuntimeData:getExecutionData:121","14","19995"
"org.apache.shardingsphere.elasticjob.infra.concurrent.ElasticJobExecutorServiceTest#assertCreateExecutorService","<main>","85","java/util/concurrent/AbstractExecutorService.submit(Ljava/lang/Runnable;)Ljava/util/concurrent/Future;","com/google/common/util/concurrent/AbstractListeningExecutorService:submit:56","2","15000"
"org.apache.shardingsphere.elasticjob.infra.concurrent.ElasticJobExecutorServiceTest#assertCreateExecutorService","<main>","91","java/util/concurrent/ThreadPoolExecutor.setThreadFactory(Ljava/util/concurrent/ThreadFactory;)V","com/google/common/util/concurrent/MoreExecutors:useDaemonThreadFactory:291","1","10000"
"org.apache.shardingsphere.elasticjob.infra.concurrent.ElasticJobExecutorServiceTest#assertCreateExecutorService","<main>","99","java/util/concurrent/ThreadPoolExecutor.getActiveCount()I","org/apache/shardingsphere/elasticjob/infra/concurrent/ElasticJobExecutorService:getActiveThreadCount:69","1","10000"
"org.apache.shardingsphere.elasticjob.infra.concurrent.ElasticJobExecutorServiceTest#assertCreateExecutorService","<main>","1","java/util/concurrent/Executors.defaultThreadFactory()Ljava/util/concurrent/ThreadFactory;","com/google/common/util/concurrent/MoreExecutors:platformThreadFactory:829","1","10000"
"org.apache.shardingsphere.elasticjob.infra.concurrent.ElasticJobExecutorServiceTest#assertCreateExecutorService","<main>","92","MONITORENTER","org/jacoco/agent/rt/internal_b6258fc/core/runtime/RuntimeData:getExecutionData:120","3","17500"
"org.apache.shardingsphere.elasticjob.infra.concurrent.ElasticJobExecutorServiceTest#assertCreateExecutorService","<main>","128","MONITORENTER","org/jacoco/agent/rt/internal_b6258fc/core/runtime/RuntimeData:getExecutionData:120","2","15000"
"org.apache.shardingsphere.elasticjob.infra.concurrent.ElasticJobExecutorServiceTest#assertCreateExecutorService","<main>","95","java/util/concurrent/ThreadPoolExecutor.getThreadFactory()Ljava/util/concurrent/ThreadFactory;","com/google/common/util/concurrent/MoreExecutors:useDaemonThreadFactory:295","1","10000"
"org.apache.shardingsphere.elasticjob.infra.concurrent.ElasticJobExecutorServiceTest#assertCreateExecutorService","<main>","5","java/util/concurrent/ExecutorService.execute(Ljava/lang/Runnable;)V","com/google/common/util/concurrent/MoreExecutors$ListeningDecorator:execute:587","1","10000"
"org.apache.shardingsphere.elasticjob.infra.concurrent.ElasticJobExecutorServiceTest#assertCreateExecutorService","<main>","21","java/util/concurrent/ExecutorService.submit(Ljava/lang/Runnable;)Ljava/util/concurrent/Future;","org/apache/shardingsphere/elasticjob/infra/concurrent/ElasticJobExecutorServiceTest:assertCreateExecutorService:44","1","10000"
"org.apache.shardingsphere.elasticjob.infra.concurrent.ElasticJobExecutorServiceTest#assertCreateExecutorService","<main>","128","MONITOREXIT","org/jacoco/agent/rt/internal_b6258fc/core/runtime/RuntimeData:getExecutionData:121","4","18750"
"org.apache.shardingsphere.elasticjob.infra.concurrent.ElasticJobExecutorServiceTest#assertCreateExecutorService","<main>","1","MONITOREXIT","org/jacoco/agent/rt/internal_b6258fc/core/runtime/RuntimeData:getExecutionData:121","12","19992"
"org.apache.shardingsphere.elasticjob.infra.concurrent.ElasticJobExecutorServiceTest#assertCreateExecutorService","<main>","3","java/util/concurrent/ThreadPoolExecutor.getThreadFactory()Ljava/util/concurrent/ThreadFactory;","com/google/common/util/concurrent/MoreExecutors:useDaemonThreadFactory:294","1","10000"
"org.apache.shardingsphere.elasticjob.infra.concurrent.ElasticJobExecutorServiceTest#assertCreateExecutorService","<main>","1","java/util/concurrent/Executors.defaultThreadFactory()Ljava/util/concurrent/ThreadFactory;","org/apache/commons/lang3/concurrent/BasicThreadFactory:<init>:118","1","10000"
"org.apache.shardingsphere.elasticjob.infra.concurrent.ElasticJobExecutorServiceTest#assertCreateExecutorService","<main>","92","MONITORENTER","org/jacoco/agent/rt/internal_b6258fc/core/runtime/RuntimeData:getExecutionData:120","10","19979"
"org.apache.shardingsphere.elasticjob.infra.concurrent.ElasticJobExecutorServiceTest#assertCreateExecutorService","<-1891051194,1>","1","java/lang/Thread.currentThread()Ljava/lang/Thread;","com/google/common/util/concurrent/InterruptibleTask:run:60","1","10000"
"org.apache.shardingsphere.elasticjob.infra.concurrent.ElasticJobExecutorServiceTest#assertCreateExecutorService","<-1891051194,1>","3","java/lang/Thread.sleep(J)V","org/apache/shardingsphere/elasticjob/infra/concurrent/BlockUtils:sleep:43","1","10000"
"org.apache.shardingsphere.elasticjob.infra.concurrent.ElasticJobExecutorServiceTest#assertCreateExecutorService","<main>","91","java/util/concurrent/Executors.defaultThreadFactory()Ljava/util/concurrent/ThreadFactory;","com/google/common/util/concurrent/MoreExecutors:platformThreadFactory:829","1","10000"
"org.apache.shardingsphere.elasticjob.infra.concurrent.ElasticJobExecutorServiceTest#assertCreateExecutorService","<main>","44","java/lang/Thread.sleep(J)V","org/apache/shardingsphere/elasticjob/infra/concurrent/BlockUtils:sleep:43","1","10000"
"org.apache.shardingsphere.elasticjob.infra.concurrent.ElasticJobExecutorServiceTest#assertCreateExecutorService","<main>","92","java/util/concurrent/ThreadPoolExecutor.getThreadFactory()Ljava/util/concurrent/ThreadFactory;","com/google/common/util/concurrent/MoreExecutors:useDaemonThreadFactory:294","1","10000"
"org.apache.shardingsphere.elasticjob.infra.concurrent.ElasticJobExecutorServiceTest#assertCreateExecutorService","<main>","65","java/util/concurrent/ExecutorService.execute(Ljava/lang/Runnable;)V","com/google/common/util/concurrent/MoreExecutors$ListeningDecorator:execute:586","1","10000"
"org.apache.shardingsphere.elasticjob.infra.concurrent.ElasticJobExecutorServiceTest#assertCreateExecutorService","<main>","92","java/util/concurrent/Executors.unconfigurableExecutorService(Ljava/util/concurrent/ExecutorService;)Ljava/util/concurrent/ExecutorService;","com/google/common/util/concurrent/MoreExecutors$Application:getExitingExecutorService:236","1","10000"
"org.apache.shardingsphere.elasticjob.infra.concurrent.ElasticJobExecutorServiceTest#assertCreateExecutorService","<main>","3","MONITOREXIT","org/jacoco/agent/rt/internal_b6258fc/core/runtime/RuntimeData:getExecutionData:121","11","19988"
"org.apache.shardingsphere.elasticjob.infra.concurrent.ElasticJobExecutorServiceTest#assertCreateExecutorService","<main>","91","MONITOREXIT","org/jacoco/agent/rt/internal_b6258fc/core/runtime/RuntimeData:getExecutionData:121","13","19994"
"org.apache.shardingsphere.elasticjob.infra.concurrent.ElasticJobExecutorServiceTest#assertCreateExecutorService","<main>","34","java/lang/Thread.sleep(J)V","org/apache/shardingsphere/elasticjob/infra/concurrent/BlockUtils:sleep:43","1","10000"
"org.apache.shardingsphere.elasticjob.infra.concurrent.ElasticJobExecutorServiceTest#assertCreateExecutorService","<main>","128","MONITORENTER","org/jacoco/agent/rt/internal_b6258fc/core/runtime/RuntimeData:getExecutionData:120","14","19995"
"org.apache.shardingsphere.elasticjob.infra.concurrent.ElasticJobExecutorServiceTest#assertCreateExecutorService","<main>","65","java/util/concurrent/Executors.callable(Ljava/lang/Runnable;Ljava/lang/Object;)Ljava/util/concurrent/Callable;","com/google/common/util/concurrent/TrustedListenableFutureTask:create:54","1","10000"
"org.apache.shardingsphere.elasticjob.infra.concurrent.ElasticJobExecutorServiceTest#assertCreateExecutorService","<main>","1","java/util/concurrent/ThreadPoolExecutor.getActiveCount()I","org/apache/shardingsphere/elasticjob/infra/concurrent/ElasticJobExecutorService:getActiveThreadCount:70","1","10000"
"org.apache.shardingsphere.elasticjob.infra.concurrent.ElasticJobExecutorServiceTest#assertCreateExecutorService","<main>","93","MONITOREXIT","org/jacoco/agent/rt/internal_b6258fc/core/runtime/RuntimeData:getExecutionData:121","7","19843"
"org.apache.shardingsphere.elasticjob.infra.concurrent.ElasticJobExecutorServiceTest#assertCreateExecutorService","<main>","97","MONITORENTER","org/jacoco/agent/rt/internal_b6258fc/core/runtime/RuntimeData:getExecutionData:120","7","19843"
"org.apache.shardingsphere.elasticjob.infra.concurrent.ElasticJobExecutorServiceTest#assertCreateExecutorService","<main>","96","java/util/concurrent/ThreadPoolExecutor.getThreadFactory()Ljava/util/concurrent/ThreadFactory;","com/google/common/util/concurrent/MoreExecutors:useDaemonThreadFactory:295","1","10000"
"org.apache.shardingsphere.elasticjob.infra.concurrent.ElasticJobExecutorServiceTest#assertCreateExecutorService","<main>","2","java/lang/Thread.setName(Ljava/lang/String;)V","com/google/common/util/concurrent/MoreExecutors:newThread:893","1","10000"
"org.apache.shardingsphere.elasticjob.infra.concurrent.ElasticJobExecutorServiceTest#assertCreateExecutorService","<main>","87","java/util/concurrent/AbstractExecutorService.submit(Ljava/lang/Runnable;)Ljava/util/concurrent/Future;","com/google/common/util/concurrent/AbstractListeningExecutorService:submit:56","1","10000"
"org.apache.shardingsphere.elasticjob.infra.concurrent.ElasticJobExecutorServiceTest#assertCreateExecutorService","<main>","2","java/util/concurrent/ExecutorService.submit(Ljava/lang/Runnable;)Ljava/util/concurrent/Future;","org/apache/shardingsphere/elasticjob/infra/concurrent/ElasticJobExecutorServiceTest:assertCreateExecutorService:39","1","10000"
"org.apache.shardingsphere.elasticjob.infra.concurrent.ElasticJobExecutorServiceTest#assertCreateExecutorService","<main>","107","java/util/concurrent/ThreadPoolExecutor.isShutdown()Z","org/apache/shardingsphere/elasticjob/infra/concurrent/ElasticJobExecutorService:isShutdown:61","2","15000"
"org.apache.shardingsphere.elasticjob.infra.concurrent.ElasticJobExecutorServiceTest#assertCreateExecutorService","<main>","99","MONITORENTER","org/jacoco/agent/rt/internal_b6258fc/core/runtime/RuntimeData:getExecutionData:120","4","18750"
"org.apache.shardingsphere.elasticjob.infra.concurrent.ElasticJobExecutorServiceTest#assertCreateExecutorService","<main>","6","java/lang/Thread.sleep(J)V","org/apache/shardingsphere/elasticjob/infra/concurrent/BlockUtils:sleep:43","1","10000"
"org.apache.shardingsphere.elasticjob.infra.concurrent.ElasticJobExecutorServiceTest#assertCreateExecutorService","<main>","58","java/util/concurrent/Executors.callable(Ljava/lang/Runnable;Ljava/lang/Object;)Ljava/util/concurrent/Callable;","com/google/common/util/concurrent/TrustedListenableFutureTask:create:54","1","10000"
"org.apache.shardingsphere.elasticjob.infra.concurrent.ElasticJobExecutorServiceTest#assertCreateExecutorService","<main>","101","java/util/concurrent/ThreadPoolExecutor.getActiveCount()I","org/apache/shardingsphere/elasticjob/infra/concurrent/ElasticJobExecutorService:getActiveThreadCount:70","1","10000"
"org.apache.shardingsphere.elasticjob.infra.concurrent.ElasticJobExecutorServiceTest#assertCreateExecutorService","<main>","1","MONITORENTER","org/jacoco/agent/rt/internal_b6258fc/core/runtime/RuntimeData:getExecutionData:120","12","19992"
"org.apache.shardingsphere.elasticjob.infra.concurrent.ElasticJobExecutorServiceTest#assertCreateExecutorService","<main>","67","java/util/concurrent/Executors.callable(Ljava/lang/Runnable;Ljava/lang/Object;)Ljava/util/concurrent/Callable;","com/google/common/util/concurrent/TrustedListenableFutureTask:create:55","1","10000"
"org.apache.shardingsphere.elasticjob.infra.concurrent.ElasticJobExecutorServiceTest#assertCreateExecutorService","<main>","2","java/util/concurrent/Executors.defaultThreadFactory()Ljava/util/concurrent/ThreadFactory;","com/google/common/util/concurrent/MoreExecutors:platformThreadFactory:829","1","10000"
"org.apache.shardingsphere.elasticjob.infra.concurrent.ElasticJobExecutorServiceTest#assertCreateExecutorService","<main>","91","MONITORENTER","org/jacoco/agent/rt/internal_b6258fc/core/runtime/RuntimeData:getExecutionData:120","6","19687"
"org.apache.shardingsphere.elasticjob.infra.concurrent.ElasticJobExecutorServiceTest#assertCreateExecutorService","<main>","97","MONITORENTER","org/jacoco/agent/rt/internal_b6258fc/core/runtime/RuntimeData:getExecutionData:120","2","15000"
"org.apache.shardingsphere.elasticjob.infra.concurrent.ElasticJobExecutorServiceTest#assertCreateExecutorService","<main>","129","MONITOREXIT","org/jacoco/agent/rt/internal_b6258fc/core/runtime/RuntimeData:getExecutionData:121","10","19979"
"org.apache.shardingsphere.elasticjob.infra.concurrent.ElasticJobExecutorServiceTest#assertCreateExecutorService","<main>","92","java/util/concurrent/Executors.defaultThreadFactory()Ljava/util/concurrent/ThreadFactory;","com/google/common/util/concurrent/MoreExecutors:platformThreadFactory:828","1","10000"
"org.apache.shardingsphere.elasticjob.infra.concurrent.ElasticJobExecutorServiceTest#assertCreateExecutorService","<main>","68","java/util/concurrent/Executors.callable(Ljava/lang/Runnable;Ljava/lang/Object;)Ljava/util/concurrent/Callable;","com/google/common/util/concurrent/TrustedListenableFutureTask:create:54","1","10000"
"org.apache.shardingsphere.elasticjob.infra.concurrent.ElasticJobExecutorServiceTest#assertCreateExecutorService","<main>","61","java/lang/Thread.setName(Ljava/lang/String;)V","org/apache/commons/lang3/concurrent/BasicThreadFactory:initializeThread:224","1","10000"
"org.apache.shardingsphere.elasticjob.infra.concurrent.ElasticJobExecutorServiceTest#assertCreateExecutorService","<main>","3","MONITORENTER","org/jacoco/agent/rt/internal_b6258fc/core/runtime/RuntimeData:getExecutionData:120","2","15000"
"org.apache.shardingsphere.elasticjob.infra.concurrent.ElasticJobExecutorServiceTest#assertCreateExecutorService","<main>","63","java/util/concurrent/atomic/AtomicLong.incrementAndGet()J","org/apache/commons/lang3/concurrent/BasicThreadFactory:initializeThread:222","1","10000"
"org.apache.shardingsphere.elasticjob.infra.concurrent.ElasticJobExecutorServiceTest#assertCreateExecutorService","<main>","95","java/util/concurrent/Executors.unconfigurableExecutorService(Ljava/util/concurrent/ExecutorService;)Ljava/util/concurrent/ExecutorService;","com/google/common/util/concurrent/MoreExecutors$Application:getExitingExecutorService:237","1","10000"
"org.apache.shardingsphere.elasticjob.infra.concurrent.ElasticJobExecutorServiceTest#assertCreateExecutorService","<main>","64","java/util/concurrent/Executors.callable(Ljava/lang/Runnable;Ljava/lang/Object;)Ljava/util/concurrent/Callable;","com/google/common/util/concurrent/TrustedListenableFutureTask:create:55","1","10000"
"org.apache.shardingsphere.elasticjob.infra.concurrent.ElasticJobExecutorServiceTest#assertCreateExecutorService","<main>","97","MONITOREXIT","org/jacoco/agent/rt/internal_b6258fc/core/runtime/RuntimeData:getExecutionData:121","11","19988"
"org.apache.shardingsphere.elasticjob.infra.concurrent.ElasticJobExecutorServiceTest#assertCreateExecutorService","<main>","2","MONITORENTER","org/jacoco/agent/rt/internal_b6258fc/core/runtime/RuntimeData:getExecutionData:120","3","17500"
"org.apache.shardingsphere.elasticjob.infra.concurrent.ElasticJobExecutorServiceTest#assertCreateExecutorService","<main>","32","java/util/concurrent/ExecutorService.execute(Ljava/lang/Runnable;)V","com/google/common/util/concurrent/MoreExecutors$ListeningDecorator:execute:587","1","10000"
"org.apache.shardingsphere.elasticjob.infra.concurrent.ElasticJobExecutorServiceTest#assertCreateExecutorService","<main>","2","java/util/concurrent/Executors.defaultThreadFactory()Ljava/util/concurrent/ThreadFactory;","org/apache/commons/lang3/concurrent/BasicThreadFactory:<init>:118","1","10000"
"org.apache.shardingsphere.elasticjob.infra.concurrent.ElasticJobExecutorServiceTest#assertCreateExecutorService","<main>","4","java/util/concurrent/atomic/AtomicLong.incrementAndGet()J","org/apache/commons/lang3/concurrent/BasicThreadFactory:initializeThread:223","1","10000"
"org.apache.shardingsphere.elasticjob.infra.concurrent.ElasticJobExecutorServiceTest#assertCreateExecutorService","<main>","93","java/util/concurrent/ThreadPoolExecutor.setThreadFactory(Ljava/util/concurrent/ThreadFactory;)V","com/google/common/util/concurrent/MoreExecutors:useDaemonThreadFactory:292","1","10000"
"org.apache.shardingsphere.elasticjob.infra.concurrent.ElasticJobExecutorServiceTest#assertCreateExecutorService","<main>","104","java/util/concurrent/ThreadPoolExecutor.isShutdown()Z","org/apache/shardingsphere/elasticjob/infra/concurrent/ElasticJobExecutorService:isShutdown:61","2","15000"
"org.apache.shardingsphere.elasticjob.infra.concurrent.ElasticJobExecutorServiceTest#assertCreateExecutorService","<main>","128","MONITORENTER","org/jacoco/agent/rt/internal_b6258fc/core/runtime/RuntimeData:getExecutionData:120","7","19843"
"org.apache.shardingsphere.elasticjob.infra.concurrent.ElasticJobExecutorServiceTest#assertCreateExecutorService","<main>","129","MONITOREXIT","org/jacoco/agent/rt/internal_b6258fc/core/runtime/RuntimeData:getExecutionData:121","3","17500"
"org.apache.shardingsphere.elasticjob.infra.concurrent.ElasticJobExecutorServiceTest#assertCreateExecutorService","<main>","95","java/lang/Thread.setName(Ljava/lang/String;)V","com/google/common/util/concurrent/MoreExecutors:newThread:893","1","10000"
"org.apache.shardingsphere.elasticjob.infra.concurrent.ElasticJobExecutorServiceTest#assertCreateExecutorService","<main>","2","MONITORENTER","org/jacoco/agent/rt/internal_b6258fc/core/runtime/RuntimeData:getExecutionData:120","10","19979"
"org.apache.shardingsphere.elasticjob.infra.concurrent.ElasticJobExecutorServiceTest#assertCreateExecutorService","<-1291890516,1>","2","java/util/concurrent/ExecutorService.awaitTermination(JLjava/util/concurrent/TimeUnit;)Z","com/google/common/util/concurrent/MoreExecutors$Application$1:run:275","1","5000"
"org.apache.shardingsphere.elasticjob.infra.concurrent.ElasticJobExecutorServiceTest#assertCreateExecutorService","<main>","62","java/util/concurrent/atomic/AtomicLong.incrementAndGet()J","org/apache/commons/lang3/concurrent/BasicThreadFactory:initializeThread:223","1","10000"
"org.apache.shardingsphere.elasticjob.infra.concurrent.ElasticJobExecutorServiceTest#assertCreateExecutorService","<main>","74","java/util/concurrent/ExecutorService.execute(Ljava/lang/Runnable;)V","com/google/common/util/concurrent/MoreExecutors$ListeningDecorator:execute:586","1","10000"
"org.apache.shardingsphere.elasticjob.infra.concurrent.ElasticJobExecutorServiceTest#assertCreateExecutorService","<main>","91","MONITOREXIT","org/jacoco/agent/rt/internal_b6258fc/core/runtime/RuntimeData:getExecutionData:121","10","19979"
"org.apache.shardingsphere.elasticjob.infra.concurrent.ElasticJobExecutorServiceTest#assertCreateExecutorService","<main>","92","java/util/concurrent/Executors.unconfigurableExecutorService(Ljava/util/concurrent/ExecutorService;)Ljava/util/concurrent/ExecutorService;","com/google/common/util/concurrent/MoreExecutors$Application:getExitingExecutorService:237","1","10000"
"org.apache.shardingsphere.elasticjob.infra.concurrent.ElasticJobExecutorServiceTest#assertCreateExecutorService","<main>","99","MONITORENTER","org/jacoco/agent/rt/internal_b6258fc/core/runtime/RuntimeData:getExecutionData:120","1","10000"
"org.apache.shardingsphere.elasticjob.infra.concurrent.ElasticJobExecutorServiceTest#assertCreateExecutorService","<main>","129","MONITORENTER","org/jacoco/agent/rt/internal_b6258fc/core/runtime/RuntimeData:getExecutionData:120","4","18750"
"org.apache.shardingsphere.elasticjob.infra.concurrent.ElasticJobExecutorServiceTest#assertCreateExecutorService","<main>","1","java/util/concurrent/ThreadPoolExecutor.getThreadFactory()Ljava/util/concurrent/ThreadFactory;","com/google/common/util/concurrent/MoreExecutors:useDaemonThreadFactory:295","1","10000"
"org.apache.shardingsphere.elasticjob.infra.concurrent.ElasticJobExecutorServiceTest#assertCreateExecutorService","<main>","91","MONITOREXIT","org/jacoco/agent/rt/internal_b6258fc/core/runtime/RuntimeData:getExecutionData:121","9","19960"
"org.apache.shardingsphere.elasticjob.infra.concurrent.ElasticJobExecutorServiceTest#assertCreateExecutorService","<main>","92","MONITORENTER","org/jacoco/agent/rt/internal_b6258fc/core/runtime/RuntimeData:getExecutionData:120","11","19988"
"org.apache.shardingsphere.elasticjob.infra.concurrent.ElasticJobExecutorServiceTest#assertCreateExecutorService","<-1891051194,1>","3","java/util/concurrent/Callable.call()Ljava/lang/Object;","com/google/common/util/concurrent/TrustedListenableFutureTask$TrustedFutureInterruptibleTask:runInterruptibly:126","1","10000"
"org.apache.shardingsphere.elasticjob.infra.concurrent.ElasticJobExecutorServiceTest#assertCreateExecutorService","<-1891051194,1>","3","MONITOREXIT","org/jacoco/agent/rt/internal_b6258fc/core/runtime/RuntimeData:getExecutionData:121","2","15000"
"org.apache.shardingsphere.elasticjob.infra.concurrent.ElasticJobExecutorServiceTest#assertCreateExecutorService","<main>","27","java/util/concurrent/ExecutorService.submit(Ljava/lang/Runnable;)Ljava/util/concurrent/Future;","org/apache/shardingsphere/elasticjob/infra/concurrent/ElasticJobExecutorServiceTest:assertCreateExecutorService:44","1","10000"
"org.apache.shardingsphere.elasticjob.infra.concurrent.ElasticJobExecutorServiceTest#assertCreateExecutorService","<main>","128","MONITORENTER","org/jacoco/agent/rt/internal_b6258fc/core/runtime/RuntimeData:getExecutionData:120","5","19375"
"org.apache.shardingsphere.elasticjob.infra.concurrent.ElasticJobExecutorServiceTest#assertCreateExecutorService","<-1891051194,1>","2","java/util/concurrent/Callable.call()Ljava/lang/Object;","com/google/common/util/concurrent/TrustedListenableFutureTask$TrustedFutureInterruptibleTask:runInterruptibly:126","1","10000"
"org.apache.shardingsphere.elasticjob.infra.concurrent.ElasticJobExecutorServiceTest#assertCreateExecutorService","<main>","5","java/util/concurrent/AbstractExecutorService.submit(Ljava/lang/Runnable;)Ljava/util/concurrent/Future;","com/google/common/util/concurrent/AbstractListeningExecutorService:submit:57","1","10000"
"org.apache.shardingsphere.elasticjob.infra.concurrent.ElasticJobExecutorServiceTest#assertCreateExecutorService","<main>","129","MONITORENTER","org/jacoco/agent/rt/internal_b6258fc/core/runtime/RuntimeData:getExecutionData:120","7","19843"
"org.apache.shardingsphere.elasticjob.infra.concurrent.ElasticJobExecutorServiceTest#assertCreateExecutorService","<main>","1","java/util/concurrent/ThreadPoolExecutor.allowCoreThreadTimeOut(Z)V","org/apache/shardingsphere/elasticjob/infra/concurrent/ElasticJobExecutorService:<init>:43","1","10000"
"org.apache.shardingsphere.elasticjob.infra.concurrent.ElasticJobExecutorServiceTest#assertCreateExecutorService","<main>","86","java/util/concurrent/AbstractExecutorService.submit(Ljava/lang/Runnable;)Ljava/util/concurrent/Future;","com/google/common/util/concurrent/AbstractListeningExecutorService:submit:56","2","15000"
"org.apache.shardingsphere.elasticjob.infra.concurrent.ElasticJobExecutorServiceTest#assertCreateExecutorService","<main>","1","MONITORENTER","org/jacoco/agent/rt/internal_b6258fc/core/runtime/RuntimeData:getExecutionData:120","9","19960"
"org.apache.shardingsphere.elasticjob.infra.concurrent.ElasticJobExecutorServiceTest#assertCreateExecutorService","<main>","64","java/util/concurrent/AbstractExecutorService.submit(Ljava/lang/Runnable;)Ljava/util/concurrent/Future;","com/google/common/util/concurrent/AbstractListeningExecutorService:submit:56","1","10000"
"org.apache.shardingsphere.elasticjob.infra.concurrent.ElasticJobExecutorServiceTest#assertCreateExecutorService","<main>","67","java/util/concurrent/ExecutorService.execute(Ljava/lang/Runnable;)V","com/google/common/util/concurrent/MoreExecutors$ListeningDecorator:execute:586","2","15000"
"org.apache.shardingsphere.elasticjob.infra.concurrent.ElasticJobExecutorServiceTest#assertCreateExecutorService","<main>","4","java/lang/Thread.setName(Ljava/lang/String;)V","org/apache/commons/lang3/concurrent/BasicThreadFactory:initializeThread:223","1","5000"
"org.apache.shardingsphere.elasticjob.infra.concurrent.ElasticJobExecutorServiceTest#assertCreateExecutorService","<-1291890516,1>","3","java/util/concurrent/ExecutorService.shutdown()V","com/google/common/util/concurrent/MoreExecutors$Application$1:run:275","1","10000"
"org.apache.shardingsphere.elasticjob.infra.concurrent.ElasticJobExecutorServiceTest#assertCreateExecutorService","<main>","49","java/util/concurrent/AbstractExecutorService.submit(Ljava/lang/Runnable;)Ljava/util/concurrent/Future;","com/google/common/util/concurrent/AbstractListeningExecutorService:submit:57","1","10000"
"org.apache.shardingsphere.elasticjob.infra.concurrent.ElasticJobExecutorServiceTest#assertCreateExecutorService","<main>","1","MONITORENTER","org/jacoco/agent/rt/internal_b6258fc/core/runtime/RuntimeData:getExecutionData:120","8","19921"
"org.apache.shardingsphere.elasticjob.infra.concurrent.ElasticJobExecutorServiceTest#assertCreateExecutorService","<main>","115","java/util/concurrent/ThreadPoolExecutor.getActiveCount()I","org/apache/shardingsphere/elasticjob/infra/concurrent/ElasticJobExecutorService:getActiveThreadCount:70","1","10000"
"org.apache.shardingsphere.elasticjob.infra.concurrent.ElasticJobExecutorServiceTest#assertCreateExecutorService","<main>","8","java/util/concurrent/ExecutorService.submit(Ljava/lang/Runnable;)Ljava/util/concurrent/Future;","org/apache/shardingsphere/elasticjob/infra/concurrent/ElasticJobExecutorServiceTest:assertCreateExecutorService:39","1","10000"
"org.apache.shardingsphere.elasticjob.infra.concurrent.ElasticJobExecutorServiceTest#assertCreateExecutorService","<main>","3","MONITORENTER","org/jacoco/agent/rt/internal_b6258fc/core/runtime/RuntimeData:getExecutionData:120","7","19843"
"org.apache.shardingsphere.elasticjob.infra.concurrent.ElasticJobExecutorServiceTest#assertCreateExecutorService","<main>","2","java/util/concurrent/ThreadPoolExecutor.isShutdown()Z","org/apache/shardingsphere/elasticjob/infra/concurrent/ElasticJobExecutorService:isShutdown:60","1","10000"
"org.apache.shardingsphere.elasticjob.infra.concurrent.ElasticJobExecutorServiceTest#assertCreateExecutorService","<main>","6","java/lang/Thread.setDaemon(Z)V","com/google/common/util/concurrent/ThreadFactoryBuilder$1:newThread:168","1","10000"
"org.apache.shardingsphere.elasticjob.infra.concurrent.ElasticJobExecutorServiceTest#assertCreateExecutorService","<main>","96","java/util/concurrent/ThreadPoolExecutor.setThreadFactory(Ljava/util/concurrent/ThreadFactory;)V","com/google/common/util/concurrent/MoreExecutors:useDaemonThreadFactory:292","1","10000"
"org.apache.shardingsphere.elasticjob.infra.concurrent.ElasticJobExecutorServiceTest#assertCreateExecutorService","<main>","128","MONITOREXIT","org/jacoco/agent/rt/internal_b6258fc/core/runtime/RuntimeData:getExecutionData:121","1","10000"
"org.apache.shardingsphere.elasticjob.infra.concurrent.ElasticJobExecutorServiceTest#assertCreateExecutorService","<main>","127","MONITOREXIT","org/jacoco/agent/rt/internal_b6258fc/core/runtime/RuntimeData:getExecutionData:121","5","19375"
"org.apache.shardingsphere.elasticjob.infra.concurrent.ElasticJobExecutorServiceTest#assertCreateExecutorService","<main>","129","MONITORENTER","org/jacoco/agent/rt/internal_b6258fc/core/runtime/RuntimeData:getExecutionData:120","5","19375"
"org.apache.shardingsphere.elasticjob.infra.concurrent.ElasticJobExecutorServiceTest#assertCreateExecutorService","<main>","3","java/util/concurrent/ThreadPoolExecutor.getActiveCount()I","org/apache/shardingsphere/elasticjob/infra/concurrent/ElasticJobExecutorService:getActiveThreadCount:69","1","10000"
"org.apache.shardingsphere.elasticjob.infra.concurrent.ElasticJobExecutorServiceTest#assertCreateExecutorService","<main>","98","MONITOREXIT","org/jacoco/agent/rt/internal_b6258fc/core/runtime/RuntimeData:getExecutionData:121","14","19995"
"org.apache.shardingsphere.elasticjob.infra.concurrent.ElasticJobExecutorServiceTest#assertCreateExecutorService","<-1891051194,1>","1","MONITORENTER","org/jacoco/agent/rt/internal_b6258fc/core/runtime/RuntimeData:getExecutionData:120","3","17500"
"org.apache.shardingsphere.elasticjob.infra.concurrent.ElasticJobExecutorServiceTest#assertCreateExecutorService","<main>","93","MONITORENTER","org/jacoco/agent/rt/internal_b6258fc/core/runtime/RuntimeData:getExecutionData:120","12","19992"
"org.apache.shardingsphere.elasticjob.infra.concurrent.ElasticJobExecutorServiceTest#assertCreateExecutorService","<main>","99","java/util/concurrent/ThreadPoolExecutor.isShutdown()Z","org/apache/shardingsphere/elasticjob/infra/concurrent/ElasticJobExecutorService:isShutdown:61","1","10000"
"org.apache.shardingsphere.elasticjob.infra.concurrent.ElasticJobExecutorServiceTest#assertCreateExecutorService","<main>","116","java/util/concurrent/ThreadPoolExecutor.getActiveCount()I","org/apache/shardingsphere/elasticjob/infra/concurrent/ElasticJobExecutorService:getActiveThreadCount:70","3","17500"
"org.apache.shardingsphere.elasticjob.infra.concurrent.ElasticJobExecutorServiceTest#assertCreateExecutorService","<main>","6","java/lang/Thread.setDaemon(Z)V","com/google/common/util/concurrent/ThreadFactoryBuilder$1:newThread:169","1","10000"
"org.apache.shardingsphere.elasticjob.infra.concurrent.ElasticJobExecutorServiceTest#assertCreateExecutorService","<main>","6","java/util/concurrent/Executors.callable(Ljava/lang/Runnable;Ljava/lang/Object;)Ljava/util/concurrent/Callable;","com/google/common/util/concurrent/TrustedListenableFutureTask:create:55","1","10000"
"org.apache.shardingsphere.elasticjob.infra.concurrent.ElasticJobExecutorServiceTest#assertCreateExecutorService","<main>","92","MONITOREXIT","org/jacoco/agent/rt/internal_b6258fc/core/runtime/RuntimeData:getExecutionData:121","9","19960"
"org.apache.shardingsphere.elasticjob.infra.concurrent.ElasticJobExecutorServiceTest#assertCreateExecutorService","<main>","99","MONITOREXIT","org/jacoco/agent/rt/internal_b6258fc/core/runtime/RuntimeData:getExecutionData:121","12","19992"
"org.apache.shardingsphere.elasticjob.infra.concurrent.ElasticJobExecutorServiceTest#assertCreateExecutorService","<main>","102","java/util/concurrent/ThreadPoolExecutor.allowCoreThreadTimeOut(Z)V","org/apache/shardingsphere/elasticjob/infra/concurrent/ElasticJobExecutorService:<init>:43","1","10000"
"org.apache.shardingsphere.elasticjob.infra.concurrent.ElasticJobExecutorServiceTest#assertCreateExecutorService","<main>","1","MONITORENTER","org/jacoco/agent/rt/internal_b6258fc/core/runtime/RuntimeData:getExecutionData:120","6","19687"
"org.apache.shardingsphere.elasticjob.infra.concurrent.ElasticJobExecutorServiceTest#assertCreateExecutorService","<main>","92","java/util/concurrent/ThreadPoolExecutor.allowCoreThreadTimeOut(Z)V","org/apache/shardingsphere/elasticjob/infra/concurrent/ElasticJobExecutorService:<init>:43","1","10000"
"org.apache.shardingsphere.elasticjob.infra.concurrent.ElasticJobExecutorServiceTest#assertCreateExecutorService","<main>","98","MONITOREXIT","org/jacoco/agent/rt/internal_b6258fc/core/runtime/RuntimeData:getExecutionData:121","4","18750"
"org.apache.shardingsphere.elasticjob.infra.concurrent.ElasticJobExecutorServiceTest#assertCreateExecutorService","<main>","65","java/util/concurrent/ExecutorService.submit(Ljava/lang/Runnable;)Ljava/util/concurrent/Future;","org/apache/shardingsphere/elasticjob/infra/concurrent/ElasticJobExecutorServiceTest:assertCreateExecutorService:38","1","10000"
"org.apache.shardingsphere.elasticjob.infra.concurrent.ElasticJobExecutorServiceTest#assertCreateExecutorService","<-1891051194,1>","1","MONITOREXIT","org/jacoco/agent/rt/internal_b6258fc/core/runtime/RuntimeData:getExecutionData:121","3","17500"
"org.apache.shardingsphere.elasticjob.infra.concurrent.ElasticJobExecutorServiceTest#assertCreateExecutorService","<main>","1","java/lang/Thread.setName(Ljava/lang/String;)V","com/google/common/util/concurrent/MoreExecutors:newThread:893","1","10000"
"org.apache.shardingsphere.elasticjob.infra.concurrent.ElasticJobExecutorServiceTest#assertCreateExecutorService","<main>","60","java/util/concurrent/Executors.callable(Ljava/lang/Runnable;Ljava/lang/Object;)Ljava/util/concurrent/Callable;","com/google/common/util/concurrent/TrustedListenableFutureTask:create:55","1","10000"
"org.apache.shardingsphere.elasticjob.infra.concurrent.ElasticJobExecutorServiceTest#assertCreateExecutorService","<main>","105","java/util/concurrent/ThreadPoolExecutor.isShutdown()Z","org/apache/shardingsphere/elasticjob/infra/concurrent/ElasticJobExecutorService:isShutdown:60","1","10000"
"org.apache.shardingsphere.elasticjob.infra.concurrent.ElasticJobExecutorServiceTest#assertCreateExecutorService","<main>","14","java/util/concurrent/ExecutorService.shutdownNow()Ljava/util/List;","com/google/common/util/concurrent/MoreExecutors$ListeningDecorator:shutdownNow:581","1","10000"
"org.apache.shardingsphere.elasticjob.infra.concurrent.ElasticJobExecutorServiceTest#assertCreateExecutorService","<main>","35","java/lang/Thread.sleep(J)V","org/apache/shardingsphere/elasticjob/infra/concurrent/BlockUtils:sleep:44","1","10000"
"org.apache.shardingsphere.elasticjob.infra.concurrent.ElasticJobExecutorServiceTest#assertCreateExecutorService","<main>","99","java/util/concurrent/ThreadPoolExecutor.getActiveCount()I","org/apache/shardingsphere/elasticjob/infra/concurrent/ElasticJobExecutorService:getActiveThreadCount:70","1","10000"
"org.apache.shardingsphere.elasticjob.infra.concurrent.ElasticJobExecutorServiceTest#assertCreateExecutorService","<main>","97","MONITORENTER","org/jacoco/agent/rt/internal_b6258fc/core/runtime/RuntimeData:getExecutionData:120","9","19960"
"org.apache.shardingsphere.elasticjob.infra.concurrent.ElasticJobExecutorServiceTest#assertCreateExecutorService","<-1291890516,1>","2","RUNNABLE_CALLABLE_START","com/google/common/util/concurrent/MoreExecutors$Application$1:run:0","1","10000"
"org.apache.shardingsphere.elasticjob.infra.concurrent.ElasticJobExecutorServiceTest#assertCreateExecutorService","<main>","83","java/util/concurrent/ExecutorService.submit(Ljava/lang/Runnable;)Ljava/util/concurrent/Future;","org/apache/shardingsphere/elasticjob/infra/concurrent/ElasticJobExecutorServiceTest:assertCreateExecutorService:38","1","10000"
"org.apache.shardingsphere.elasticjob.infra.concurrent.ElasticJobExecutorServiceTest#assertCreateExecutorService","<main>","97","java/util/concurrent/ThreadPoolExecutor.getActiveCount()I","org/apache/shardingsphere/elasticjob/infra/concurrent/ElasticJobExecutorService:getActiveThreadCount:69","1","10000"
"org.apache.shardingsphere.elasticjob.infra.concurrent.ElasticJobExecutorServiceTest#assertCreateExecutorService","<main>","3","java/lang/Thread.sleep(J)V","org/apache/shardingsphere/elasticjob/infra/concurrent/BlockUtils:sleep:43","1","10000"
"org.apache.shardingsphere.elasticjob.infra.concurrent.ElasticJobExecutorServiceTest#assertCreateExecutorService","<main>","60","java/lang/Thread.setName(Ljava/lang/String;)V","org/apache/commons/lang3/concurrent/BasicThreadFactory:initializeThread:224","1","10000"
"org.apache.shardingsphere.elasticjob.infra.concurrent.ElasticJobExecutorServiceTest#assertCreateExecutorService","<main>","92","java/util/concurrent/ThreadPoolExecutor.setThreadFactory(Ljava/util/concurrent/ThreadFactory;)V","com/google/common/util/concurrent/MoreExecutors:useDaemonThreadFactory:291","1","10000"
"org.apache.shardingsphere.elasticjob.infra.concurrent.ElasticJobExecutorServiceTest#assertCreateExecutorService","<main>","91","java/util/concurrent/ThreadPoolExecutor.getActiveCount()I","org/apache/shardingsphere/elasticjob/infra/concurrent/ElasticJobExecutorService:getActiveThreadCount:70","1","10000"
"org.apache.shardingsphere.elasticjob.infra.concurrent.ElasticJobExecutorServiceTest#assertCreateExecutorService","<main>","127","MONITOREXIT","org/jacoco/agent/rt/internal_b6258fc/core/runtime/RuntimeData:getExecutionData:121","13","19994"
"org.apache.shardingsphere.elasticjob.infra.concurrent.ElasticJobExecutorServiceTest#assertCreateExecutorService","<-1891051194,1>","3","RUNNABLE_CALLABLE_START","com/google/common/util/concurrent/TrustedListenableFutureTask:run:0","1","10000"
"org.apache.shardingsphere.elasticjob.infra.concurrent.ElasticJobExecutorServiceTest#assertCreateExecutorService","<main>","91","MONITOREXIT","org/jacoco/agent/rt/internal_b6258fc/core/runtime/RuntimeData:getExecutionData:121","11","19988"
"org.apache.shardingsphere.elasticjob.infra.concurrent.ElasticJobExecutorServiceTest#assertCreateExecutorService","<main>","93","MONITOREXIT","org/jacoco/agent/rt/internal_b6258fc/core/runtime/RuntimeData:getExecutionData:121","8","19921"
"org.apache.shardingsphere.elasticjob.infra.concurrent.ElasticJobExecutorServiceTest#assertCreateExecutorService","<main>","60","java/lang/Thread.setDaemon(Z)V","com/google/common/util/concurrent/ThreadFactoryBuilder$1:newThread:168","1","10000"
"org.apache.shardingsphere.elasticjob.infra.concurrent.ElasticJobExecutorServiceTest#assertCreateExecutorService","<main>","97","MONITORENTER","org/jacoco/agent/rt/internal_b6258fc/core/runtime/RuntimeData:getExecutionData:120","8","19921"
"org.apache.shardingsphere.elasticjob.infra.concurrent.ElasticJobExecutorServiceTest#assertCreateExecutorService","<main>","98","MONITOREXIT","org/jacoco/agent/rt/internal_b6258fc/core/runtime/RuntimeData:getExecutionData:121","1","10000"
"org.apache.shardingsphere.elasticjob.infra.concurrent.ElasticJobExecutorServiceTest#assertCreateExecutorService","<main>","1","java/lang/Thread.setName(Ljava/lang/String;)V","org/apache/commons/lang3/concurrent/BasicThreadFactory:initializeThread:224","1","10000"
"org.apache.shardingsphere.elasticjob.infra.concurrent.ElasticJobExecutorServiceTest#assertCreateExecutorService","<main>","3","MONITORENTER","org/jacoco/agent/rt/internal_b6258fc/core/runtime/RuntimeData:getExecutionData:120","8","19921"
"org.apache.shardingsphere.elasticjob.infra.concurrent.ElasticJobExecutorServiceTest#assertCreateExecutorService","<main>","98","java/util/concurrent/ThreadPoolExecutor.getActiveCount()I","org/apache/shardingsphere/elasticjob/infra/concurrent/ElasticJobExecutorService:getActiveThreadCount:69","1","10000"
"org.apache.shardingsphere.elasticjob.infra.concurrent.ElasticJobExecutorServiceTest#assertCreateExecutorService","<main>","102","java/util/concurrent/ThreadPoolExecutor.getActiveCount()I","org/apache/shardingsphere/elasticjob/infra/concurrent/ElasticJobExecutorService:getActiveThreadCount:70","1","10000"
"org.apache.shardingsphere.elasticjob.infra.concurrent.ElasticJobExecutorServiceTest#assertCreateExecutorService","<main>","123","java/util/concurrent/ThreadPoolExecutor.getActiveCount()I","org/apache/shardingsphere/elasticjob/infra/concurrent/ElasticJobExecutorService:getActiveThreadCount:69","2","15000"
"org.apache.shardingsphere.elasticjob.infra.concurrent.ElasticJobExecutorServiceTest#assertCreateExecutorService","<-1891051194,1>","2","MONITOREXIT","org/jacoco/agent/rt/internal_b6258fc/core/runtime/RuntimeData:getExecutionData:121","2","15000"
"org.apache.shardingsphere.elasticjob.infra.concurrent.ElasticJobExecutorServiceTest#assertCreateExecutorService","<main>","1","java/lang/Thread.setName(Ljava/lang/String;)V","com/google/common/util/concurrent/MoreExecutors:newThread:892","1","10000"
"org.apache.shardingsphere.elasticjob.infra.concurrent.ElasticJobExecutorServiceTest#assertCreateExecutorService","<main>","6","java/util/concurrent/AbstractExecutorService.submit(Ljava/lang/Runnable;)Ljava/util/concurrent/Future;","com/google/common/util/concurrent/AbstractListeningExecutorService:submit:56","1","10000"
"org.apache.shardingsphere.elasticjob.infra.concurrent.ElasticJobExecutorServiceTest#assertCreateExecutorService","<main>","15","java/util/concurrent/ExecutorService.shutdownNow()Ljava/util/List;","com/google/common/util/concurrent/MoreExecutors$ListeningDecorator:shutdownNow:581","1","10000"
"org.apache.shardingsphere.elasticjob.infra.concurrent.ElasticJobExecutorServiceTest#assertCreateExecutorService","<main>","43","java/lang/Thread.sleep(J)V","org/apache/shardingsphere/elasticjob/infra/concurrent/BlockUtils:sleep:43","1","10000"
"org.apache.shardingsphere.elasticjob.infra.concurrent.ElasticJobExecutorServiceTest#assertCreateExecutorService","<main>","93","java/util/concurrent/ThreadPoolExecutor.setThreadFactory(Ljava/util/concurrent/ThreadFactory;)V","com/google/common/util/concurrent/MoreExecutors:useDaemonThreadFactory:291","1","10000"
"org.apache.shardingsphere.elasticjob.infra.concurrent.ElasticJobExecutorServiceTest#assertCreateExecutorService","<main>","95","java/util/concurrent/Executors.unconfigurableExecutorService(Ljava/util/concurrent/ExecutorService;)Ljava/util/concurrent/ExecutorService;","com/google/common/util/concurrent/MoreExecutors$Application:getExitingExecutorService:236","1","10000"
"org.apache.shardingsphere.elasticjob.infra.concurrent.ElasticJobExecutorServiceTest#assertCreateExecutorService","<main>","62","java/lang/Thread.setName(Ljava/lang/String;)V","org/apache/commons/lang3/concurrent/BasicThreadFactory:initializeThread:224","1","10000"
"org.apache.shardingsphere.elasticjob.infra.concurrent.ElasticJobExecutorServiceTest#assertCreateExecutorService","<main>","13","java/util/concurrent/ExecutorService.shutdownNow()Ljava/util/List;","org/apache/shardingsphere/elasticjob/infra/concurrent/ElasticJobExecutorServiceTest:assertCreateExecutorService:49","1","10000"
"org.apache.shardingsphere.elasticjob.infra.concurrent.ElasticJobExecutorServiceTest#assertCreateExecutorService","<main>","97","MONITORENTER","org/jacoco/agent/rt/internal_b6258fc/core/runtime/RuntimeData:getExecutionData:120","13","19994"
"org.apache.shardingsphere.elasticjob.infra.concurrent.ElasticJobExecutorServiceTest#assertCreateExecutorService","<main>","3","MONITORENTER","org/jacoco/agent/rt/internal_b6258fc/core/runtime/RuntimeData:getExecutionData:120","12","19992"
"org.apache.shardingsphere.elasticjob.infra.concurrent.ElasticJobExecutorServiceTest#assertCreateExecutorService","<main>","69","java/util/concurrent/Executors.callable(Ljava/lang/Runnable;Ljava/lang/Object;)Ljava/util/concurrent/Callable;","com/google/common/util/concurrent/TrustedListenableFutureTask:create:55","1","10000"
"org.apache.shardingsphere.elasticjob.infra.concurrent.ElasticJobExecutorServiceTest#assertCreateExecutorService","<main>","2","java/util/concurrent/ThreadPoolExecutor.getActiveCount()I","org/apache/shardingsphere/elasticjob/infra/concurrent/ElasticJobExecutorService:getActiveThreadCount:69","2","15000"
"org.apache.shardingsphere.elasticjob.infra.concurrent.ElasticJobExecutorServiceTest#assertCreateExecutorService","<main>","60","java/util/concurrent/AbstractExecutorService.submit(Ljava/lang/Runnable;)Ljava/util/concurrent/Future;","com/google/common/util/concurrent/AbstractListeningExecutorService:submit:56","1","10000"
"org.apache.shardingsphere.elasticjob.infra.concurrent.ElasticJobExecutorServiceTest#assertCreateExecutorService","<main>","129","MONITOREXIT","org/jacoco/agent/rt/internal_b6258fc/core/runtime/RuntimeData:getExecutionData:121","14","19995"
"org.apache.shardingsphere.elasticjob.infra.concurrent.ElasticJobExecutorServiceTest#assertCreateExecutorService","<main>","117","java/util/concurrent/ThreadPoolExecutor.getActiveCount()I","org/apache/shardingsphere/elasticjob/infra/concurrent/ElasticJobExecutorService:getActiveThreadCount:70","2","15000"
"org.apache.shardingsphere.elasticjob.infra.concurrent.ElasticJobExecutorServiceTest#assertCreateExecutorService","<main>","93","java/util/concurrent/Executors.defaultThreadFactory()Ljava/util/concurrent/ThreadFactory;","com/google/common/util/concurrent/MoreExecutors:platformThreadFactory:829","1","10000"
"org.apache.shardingsphere.elasticjob.infra.concurrent.ElasticJobExecutorServiceTest#assertCreateExecutorService","<main>","120","java/util/concurrent/ThreadPoolExecutor.getActiveCount()I","org/apache/shardingsphere/elasticjob/infra/concurrent/ElasticJobExecutorService:getActiveThreadCount:69","2","15000"
"org.apache.shardingsphere.elasticjob.infra.concurrent.ElasticJobExecutorServiceTest#assertCreateExecutorService","<main>","81","java/util/concurrent/Executors.callable(Ljava/lang/Runnable;Ljava/lang/Object;)Ljava/util/concurrent/Callable;","com/google/common/util/concurrent/TrustedListenableFutureTask:create:54","2","15000"
"org.apache.shardingsphere.elasticjob.infra.concurrent.ElasticJobExecutorServiceTest#assertCreateExecutorService","<main>","1","java/util/concurrent/ThreadPoolExecutor.setThreadFactory(Ljava/util/concurrent/ThreadFactory;)V","com/google/common/util/concurrent/MoreExecutors:useDaemonThreadFactory:291","1","10000"
"org.apache.shardingsphere.elasticjob.infra.concurrent.ElasticJobExecutorServiceTest#assertCreateExecutorService","<main>","2","java/util/concurrent/AbstractExecutorService.submit(Ljava/lang/Runnable;)Ljava/util/concurrent/Future;","com/google/common/util/concurrent/AbstractListeningExecutorService:submit:57","1","10000"
"org.apache.shardingsphere.elasticjob.infra.concurrent.ElasticJobExecutorServiceTest#assertCreateExecutorService","<main>","128","MONITORENTER","org/jacoco/agent/rt/internal_b6258fc/core/runtime/RuntimeData:getExecutionData:120","8","19921"
"org.apache.shardingsphere.elasticjob.infra.concurrent.ElasticJobExecutorServiceTest#assertCreateExecutorService","<main>","93","MONITOREXIT","org/jacoco/agent/rt/internal_b6258fc/core/runtime/RuntimeData:getExecutionData:121","13","19994"
"org.apache.shardingsphere.elasticjob.infra.concurrent.ElasticJobExecutorServiceTest#assertCreateExecutorService","<main>","1","MONITOREXIT","org/jacoco/agent/rt/internal_b6258fc/core/runtime/RuntimeData:getExecutionData:121","6","19687"
"org.apache.shardingsphere.elasticjob.infra.concurrent.ElasticJobExecutorServiceTest#assertCreateExecutorService","<main>","5","java/lang/Thread.setDaemon(Z)V","com/google/common/util/concurrent/ThreadFactoryBuilder$1:newThread:168","1","10000"
"org.apache.shardingsphere.elasticjob.infra.concurrent.ElasticJobExecutorServiceTest#assertCreateExecutorService","<main>","92","MONITORENTER","org/jacoco/agent/rt/internal_b6258fc/core/runtime/RuntimeData:getExecutionData:120","2","15000"
"org.apache.shardingsphere.elasticjob.infra.concurrent.ElasticJobExecutorServiceTest#assertCreateExecutorService","<main>","51","java/util/concurrent/ExecutorService.execute(Ljava/lang/Runnable;)V","com/google/common/util/concurrent/MoreExecutors$ListeningDecorator:execute:587","1","10000"
"org.apache.shardingsphere.elasticjob.infra.concurrent.ElasticJobExecutorServiceTest#assertCreateExecutorService","<main>","127","java/util/concurrent/Executors.defaultThreadFactory()Ljava/util/concurrent/ThreadFactory;","org/apache/commons/lang3/concurrent/BasicThreadFactory:<init>:117","1","10000"
"org.apache.shardingsphere.elasticjob.infra.concurrent.ElasticJobExecutorServiceTest#assertCreateExecutorService","<main>","47","java/util/concurrent/ExecutorService.submit(Ljava/lang/Runnable;)Ljava/util/concurrent/Future;","org/apache/shardingsphere/elasticjob/infra/concurrent/ElasticJobExecutorServiceTest:assertCreateExecutorService:39","1","10000"
"org.apache.shardingsphere.elasticjob.infra.concurrent.ElasticJobExecutorServiceTest#assertCreateExecutorService","<main>","30","java/util/concurrent/ExecutorService.submit(Ljava/lang/Runnable;)Ljava/util/concurrent/Future;","org/apache/shardingsphere/elasticjob/infra/concurrent/ElasticJobExecutorServiceTest:assertCreateExecutorService:43","1","10000"
"org.apache.shardingsphere.elasticjob.infra.concurrent.ElasticJobExecutorServiceTest#assertCreateExecutorService","<main>","59","java/lang/Thread.setDaemon(Z)V","com/google/common/util/concurrent/ThreadFactoryBuilder$1:newThread:168","1","10000"
"org.apache.shardingsphere.elasticjob.infra.concurrent.ElasticJobExecutorServiceTest#assertCreateExecutorService","<-1291890516,1>","3","java/util/concurrent/ExecutorService.shutdown()V","com/google/common/util/concurrent/MoreExecutors$Application$1:run:274","1","10000"
"org.apache.shardingsphere.elasticjob.infra.concurrent.ElasticJobExecutorServiceTest#assertCreateExecutorService","<main>","59","java/util/concurrent/Executors.callable(Ljava/lang/Runnable;Ljava/lang/Object;)Ljava/util/concurrent/Callable;","com/google/common/util/concurrent/TrustedListenableFutureTask:create:54","1","10000"
"org.apache.shardingsphere.elasticjob.infra.concurrent.ElasticJobExecutorServiceTest#assertCreateExecutorService","<main>","99","MONITOREXIT","org/jacoco/agent/rt/internal_b6258fc/core/runtime/RuntimeData:getExecutionData:121","6","19687"
