INFO:root:Beginning Script
INFO:root:On host 'amd073.orc.gmu.edu'
INFO:root:Using options Namespace(testMethodsFile='/scratch/tbaral/ase26/nod-rr/NOD-Test-Repair/run_flakerake/projects_complete/48/x.csv', reproduceFailureFile='', runs='5', debug='', logging='info', no_sleep=False, minimalizing_method='bisection', sleep_time_ms=10000)
INFO:root:FlakeRakeStartTime=1752777831.0497663
INFO:root:(git rev-parse HEAD)=fa3909c391195178ccf5a92d4ac342a30ae247c8

INFO:root:Using Sleepylines minimalizing method bisection
INFO:root:Installing project with mvn opts='-DskipTests -q -B -fn -s $FLAKY_HOME/shell_scripts/maven-repo-fix-settings.xml -DskipITs'
INFO:root:Thread Sleeping analysis on org.java_websocket.issues.Issue256Test#runReconnectScenario2
INFO:root:Apache Maven 3.6.3 (cecedd343002696d0abb50b32b541b8a6ba2883f)
Maven home: /scratch/tbaral/ase26/otog/setups/maven
Java version: 1.8.0_102, vendor: Oracle Corporation, runtime: /scratch/tbaral/ase26/otog/setups/jdk1.8.0_102/jre
Default locale: en_US, platform encoding: UTF-8
OS name: "linux", version: "4.18.0-553.33.1.el8_10.x86_64", arch: "amd64", family: "unix"
[DEBUG] Created new class realm maven.api
[DEBUG] Importing foreign packages into class realm maven.api
[DEBUG]   Imported: javax.annotation.* < plexus.core
[DEBUG]   Imported: javax.annotation.security.* < plexus.core
[DEBUG]   Imported: javax.enterprise.inject.* < plexus.core
[DEBUG]   Imported: javax.enterprise.util.* < plexus.core
[DEBUG]   Imported: javax.inject.* < plexus.core
[DEBUG]   Imported: org.apache.maven.* < plexus.core
[DEBUG]   Imported: org.apache.maven.artifact < plexus.core
[DEBUG]   Imported: org.apache.maven.classrealm < plexus.core
[DEBUG]   Imported: org.apache.maven.cli < plexus.core
[DEBUG]   Imported: org.apache.maven.configuration < plexus.core
[DEBUG]   Imported: org.apache.maven.exception < plexus.core
[DEBUG]   Imported: org.apache.maven.execution < plexus.core
[DEBUG]   Imported: org.apache.maven.execution.scope < plexus.core
[DEBUG]   Imported: org.apache.maven.lifecycle < plexus.core
[DEBUG]   Imported: org.apache.maven.model < plexus.core
[DEBUG]   Imported: org.apache.maven.monitor < plexus.core
[DEBUG]   Imported: org.apache.maven.plugin < plexus.core
[DEBUG]   Imported: org.apache.maven.profiles < plexus.core
[DEBUG]   Imported: org.apache.maven.project < plexus.core
[DEBUG]   Imported: org.apache.maven.reporting < plexus.core
[DEBUG]   Imported: org.apache.maven.repository < plexus.core
[DEBUG]   Imported: org.apache.maven.rtinfo < plexus.core
[DEBUG]   Imported: org.apache.maven.settings < plexus.core
[DEBUG]   Imported: org.apache.maven.toolchain < plexus.core
[DEBUG]   Imported: org.apache.maven.usability < plexus.core
[DEBUG]   Imported: org.apache.maven.wagon.* < plexus.core
[DEBUG]   Imported: org.apache.maven.wagon.authentication < plexus.core
[DEBUG]   Imported: org.apache.maven.wagon.authorization < plexus.core
[DEBUG]   Imported: org.apache.maven.wagon.events < plexus.core
[DEBUG]   Imported: org.apache.maven.wagon.observers < plexus.core
[DEBUG]   Imported: org.apache.maven.wagon.proxy < plexus.core
[DEBUG]   Imported: org.apache.maven.wagon.repository < plexus.core
[DEBUG]   Imported: org.apache.maven.wagon.resource < plexus.core
[DEBUG]   Imported: org.codehaus.classworlds < plexus.core
[DEBUG]   Imported: org.codehaus.plexus.* < plexus.core
[DEBUG]   Imported: org.codehaus.plexus.classworlds < plexus.core
[DEBUG]   Imported: org.codehaus.plexus.component < plexus.core
[DEBUG]   Imported: org.codehaus.plexus.configuration < plexus.core
[DEBUG]   Imported: org.codehaus.plexus.container < plexus.core
[DEBUG]   Imported: org.codehaus.plexus.context < plexus.core
[DEBUG]   Imported: org.codehaus.plexus.lifecycle < plexus.core
[DEBUG]   Imported: org.codehaus.plexus.logging < plexus.core
[DEBUG]   Imported: org.codehaus.plexus.personality < plexus.core
[DEBUG]   Imported: org.codehaus.plexus.util.xml.Xpp3Dom < plexus.core
[DEBUG]   Imported: org.codehaus.plexus.util.xml.pull.XmlPullParser < plexus.core
[DEBUG]   Imported: org.codehaus.plexus.util.xml.pull.XmlPullParserException < plexus.core
[DEBUG]   Imported: org.codehaus.plexus.util.xml.pull.XmlSerializer < plexus.core
[DEBUG]   Imported: org.eclipse.aether.* < plexus.core
[DEBUG]   Imported: org.eclipse.aether.artifact < plexus.core
[DEBUG]   Imported: org.eclipse.aether.collection < plexus.core
[DEBUG]   Imported: org.eclipse.aether.deployment < plexus.core
[DEBUG]   Imported: org.eclipse.aether.graph < plexus.core
[DEBUG]   Imported: org.eclipse.aether.impl < plexus.core
[DEBUG]   Imported: org.eclipse.aether.installation < plexus.core
[DEBUG]   Imported: org.eclipse.aether.internal.impl < plexus.core
[DEBUG]   Imported: org.eclipse.aether.metadata < plexus.core
[DEBUG]   Imported: org.eclipse.aether.repository < plexus.core
[DEBUG]   Imported: org.eclipse.aether.resolution < plexus.core
[DEBUG]   Imported: org.eclipse.aether.spi < plexus.core
[DEBUG]   Imported: org.eclipse.aether.transfer < plexus.core
[DEBUG]   Imported: org.eclipse.aether.version < plexus.core
[DEBUG]   Imported: org.fusesource.jansi.* < plexus.core
[DEBUG]   Imported: org.slf4j.* < plexus.core
[DEBUG]   Imported: org.slf4j.event.* < plexus.core
[DEBUG]   Imported: org.slf4j.helpers.* < plexus.core
[DEBUG]   Imported: org.slf4j.spi.* < plexus.core
[DEBUG] Populating class realm maven.api
[INFO] Error stacktraces are turned on.
[DEBUG] Message scheme: plain
[DEBUG] Reading global settings from /scratch/tbaral/ase26/otog/setups/maven/conf/settings.xml
[DEBUG] Reading user settings from /scratch/tbaral/ase26/nod-rr/NOD-Test-Repair/flakerake/shell_scripts/maven-repo-fix-settings.xml
[DEBUG] Reading global toolchains from /scratch/tbaral/ase26/otog/setups/maven/conf/toolchains.xml
[DEBUG] Reading user toolchains from /home/tbaral/.m2/toolchains.xml
[DEBUG] Using local repository at /home/tbaral/.m2/repository
[DEBUG] Using manager EnhancedLocalRepositoryManager with priority 10.0 for /home/tbaral/.m2/repository
[INFO] Scanning for projects...
[DEBUG] Extension realms for project org.java-websocket:Java-WebSocket:jar:1.4.0-SNAPSHOT: (none)
[DEBUG] Looking up lifecycle mappings for packaging jar from ClassRealm[plexus.core, parent: null]
[DEBUG] === REACTOR BUILD PLAN ================================================
[DEBUG] Project: org.java-websocket:Java-WebSocket:jar:1.4.0-SNAPSHOT
[DEBUG] Tasks:   [test]
[DEBUG] Style:   Regular
[DEBUG] =======================================================================
[INFO] 
[INFO] -----------------< org.java-websocket:Java-WebSocket >------------------
[INFO] Building Java-WebSocket 1.4.0-SNAPSHOT
[INFO] --------------------------------[ jar ]---------------------------------
[DEBUG] Lifecycle default -> [validate, initialize, generate-sources, process-sources, generate-resources, process-resources, compile, process-classes, generate-test-sources, process-test-sources, generate-test-resources, process-test-resources, test-compile, process-test-classes, test, prepare-package, package, pre-integration-test, integration-test, post-integration-test, verify, install, deploy]
[DEBUG] Lifecycle clean -> [pre-clean, clean, post-clean]
[DEBUG] Lifecycle site -> [pre-site, site, post-site, site-deploy]
[DEBUG] Lifecycle default -> [validate, initialize, generate-sources, process-sources, generate-resources, process-resources, compile, process-classes, generate-test-sources, process-test-sources, generate-test-resources, process-test-resources, test-compile, process-test-classes, test, prepare-package, package, pre-integration-test, integration-test, post-integration-test, verify, install, deploy]
[DEBUG] Lifecycle clean -> [pre-clean, clean, post-clean]
[DEBUG] Lifecycle site -> [pre-site, site, post-site, site-deploy]
[DEBUG] Lifecycle default -> [validate, initialize, generate-sources, process-sources, generate-resources, process-resources, compile, process-classes, generate-test-sources, process-test-sources, generate-test-resources, process-test-resources, test-compile, process-test-classes, test, prepare-package, package, pre-integration-test, integration-test, post-integration-test, verify, install, deploy]
[DEBUG] Lifecycle clean -> [pre-clean, clean, post-clean]
[DEBUG] Lifecycle site -> [pre-site, site, post-site, site-deploy]
[DEBUG] Lifecycle default -> [validate, initialize, generate-sources, process-sources, generate-resources, process-resources, compile, process-classes, generate-test-sources, process-test-sources, generate-test-resources, process-test-resources, test-compile, process-test-classes, test, prepare-package, package, pre-integration-test, integration-test, post-integration-test, verify, install, deploy]
[DEBUG] Lifecycle clean -> [pre-clean, clean, post-clean]
[DEBUG] Lifecycle site -> [pre-site, site, post-site, site-deploy]
[DEBUG] Lifecycle default -> [validate, initialize, generate-sources, process-sources, generate-resources, process-resources, compile, process-classes, generate-test-sources, process-test-sources, generate-test-resources, process-test-resources, test-compile, process-test-classes, test, prepare-package, package, pre-integration-test, integration-test, post-integration-test, verify, install, deploy]
[DEBUG] Lifecycle clean -> [pre-clean, clean, post-clean]
[DEBUG] Lifecycle site -> [pre-site, site, post-site, site-deploy]
[DEBUG] Lifecycle default -> [validate, initialize, generate-sources, process-sources, generate-resources, process-resources, compile, process-classes, generate-test-sources, process-test-sources, generate-test-resources, process-test-resources, test-compile, process-test-classes, test, prepare-package, package, pre-integration-test, integration-test, post-integration-test, verify, install, deploy]
[DEBUG] Lifecycle clean -> [pre-clean, clean, post-clean]
[DEBUG] Lifecycle site -> [pre-site, site, post-site, site-deploy]
[DEBUG] === PROJECT BUILD PLAN ================================================
[DEBUG] Project:       org.java-websocket:Java-WebSocket:1.4.0-SNAPSHOT
[DEBUG] Dependencies (collect): []
[DEBUG] Dependencies (resolve): [compile, test]
[DEBUG] Repositories (dependencies): [central (https://repo.maven.apache.org/maven2, default, releases)]
[DEBUG] Repositories (plugins)     : [central (https://repo.maven.apache.org/maven2, default, releases)]
[DEBUG] -----------------------------------------------------------------------
[DEBUG] Goal:          org.apache.maven.plugins:maven-resources-plugin:2.6:resources (default-resources)
[DEBUG] Style:         Regular
[DEBUG] Configuration: <?xml version="1.0" encoding="UTF-8"?>
<configuration>
  <buildFilters default-value="${project.build.filters}"/>
  <encoding default-value="${project.build.sourceEncoding}">${encoding}</encoding>
  <escapeString>${maven.resources.escapeString}</escapeString>
  <escapeWindowsPaths default-value="true">${maven.resources.escapeWindowsPaths}</escapeWindowsPaths>
  <includeEmptyDirs default-value="false">${maven.resources.includeEmptyDirs}</includeEmptyDirs>
  <outputDirectory default-value="${project.build.outputDirectory}"/>
  <overwrite default-value="false">${maven.resources.overwrite}</overwrite>
  <project default-value="${project}"/>
  <resources default-value="${project.resources}"/>
  <session default-value="${session}"/>
  <supportMultiLineFiltering default-value="false">${maven.resources.supportMultiLineFiltering}</supportMultiLineFiltering>
  <useBuildFilters default-value="true"/>
  <useDefaultDelimiters default-value="true"/>
</configuration>
[DEBUG] -----------------------------------------------------------------------
[DEBUG] Goal:          org.apache.maven.plugins:maven-compiler-plugin:3.7.0:compile (default-compile)
[DEBUG] Style:         Regular
[DEBUG] Configuration: <?xml version="1.0" encoding="UTF-8"?>
<configuration>
  <basedir default-value="${basedir}"/>
  <buildDirectory default-value="${project.build.directory}"/>
  <compilePath default-value="${project.compileClasspathElements}"/>
  <compileSourceRoots default-value="${project.compileSourceRoots}"/>
  <compilerId default-value="javac">${maven.compiler.compilerId}</compilerId>
  <compilerReuseStrategy default-value="${reuseCreated}">${maven.compiler.compilerReuseStrategy}</compilerReuseStrategy>
  <compilerVersion>${maven.compiler.compilerVersion}</compilerVersion>
  <debug default-value="true">${maven.compiler.debug}</debug>
  <debuglevel>${maven.compiler.debuglevel}</debuglevel>
  <encoding default-value="${project.build.sourceEncoding}">${encoding}</encoding>
  <executable>${maven.compiler.executable}</executable>
  <failOnError default-value="true">${maven.compiler.failOnError}</failOnError>
  <failOnWarning default-value="false">${maven.compiler.failOnWarning}</failOnWarning>
  <forceJavacCompilerUse default-value="false">${maven.compiler.forceJavacCompilerUse}</forceJavacCompilerUse>
  <fork default-value="false">${maven.compiler.fork}</fork>
  <generatedSourcesDirectory default-value="${project.build.directory}/generated-sources/annotations"/>
  <maxmem>${maven.compiler.maxmem}</maxmem>
  <meminitial>${maven.compiler.meminitial}</meminitial>
  <mojoExecution default-value="${mojoExecution}"/>
  <optimize default-value="false">${maven.compiler.optimize}</optimize>
  <outputDirectory default-value="${project.build.outputDirectory}"/>
  <parameters default-value="false">${maven.compiler.parameters}</parameters>
  <project default-value="${project}"/>
  <projectArtifact default-value="${project.artifact}"/>
  <release>${maven.compiler.release}</release>
  <session default-value="${session}"/>
  <showDeprecation default-value="false">${maven.compiler.showDeprecation}</showDeprecation>
  <showWarnings default-value="false">${maven.compiler.showWarnings}</showWarnings>
  <skipMain>${maven.main.skip}</skipMain>
  <skipMultiThreadWarning default-value="false">${maven.compiler.skipMultiThreadWarning}</skipMultiThreadWarning>
  <source default-value="1.5">1.6</source>
  <staleMillis default-value="0">${lastModGranularityMs}</staleMillis>
  <target default-value="1.5">1.6</target>
  <useIncrementalCompilation default-value="true">${maven.compiler.useIncrementalCompilation}</useIncrementalCompilation>
  <verbose default-value="false">${maven.compiler.verbose}</verbose>
</configuration>
[DEBUG] -----------------------------------------------------------------------
[DEBUG] Goal:          org.apache.maven.plugins:maven-resources-plugin:2.6:testResources (default-testResources)
[DEBUG] Style:         Regular
[DEBUG] Configuration: <?xml version="1.0" encoding="UTF-8"?>
<configuration>
  <buildFilters default-value="${project.build.filters}"/>
  <encoding default-value="${project.build.sourceEncoding}">${encoding}</encoding>
  <escapeString>${maven.resources.escapeString}</escapeString>
  <escapeWindowsPaths default-value="true">${maven.resources.escapeWindowsPaths}</escapeWindowsPaths>
  <includeEmptyDirs default-value="false">${maven.resources.includeEmptyDirs}</includeEmptyDirs>
  <outputDirectory default-value="${project.build.testOutputDirectory}"/>
  <overwrite default-value="false">${maven.resources.overwrite}</overwrite>
  <project default-value="${project}"/>
  <resources default-value="${project.testResources}"/>
  <session default-value="${session}"/>
  <skip>${maven.test.skip}</skip>
  <supportMultiLineFiltering default-value="false">${maven.resources.supportMultiLineFiltering}</supportMultiLineFiltering>
  <useBuildFilters default-value="true"/>
  <useDefaultDelimiters default-value="true"/>
</configuration>
[DEBUG] -----------------------------------------------------------------------
[DEBUG] Goal:          org.apache.maven.plugins:maven-compiler-plugin:3.7.0:testCompile (default-testCompile)
[DEBUG] Style:         Regular
[DEBUG] Configuration: <?xml version="1.0" encoding="UTF-8"?>
<configuration>
  <basedir default-value="${basedir}"/>
  <buildDirectory default-value="${project.build.directory}"/>
  <compilePath default-value="${project.compileClasspathElements}"/>
  <compileSourceRoots default-value="${project.testCompileSourceRoots}"/>
  <compilerId default-value="javac">${maven.compiler.compilerId}</compilerId>
  <compilerReuseStrategy default-value="${reuseCreated}">${maven.compiler.compilerReuseStrategy}</compilerReuseStrategy>
  <compilerVersion>${maven.compiler.compilerVersion}</compilerVersion>
  <debug default-value="true">${maven.compiler.debug}</debug>
  <debuglevel>${maven.compiler.debuglevel}</debuglevel>
  <encoding default-value="${project.build.sourceEncoding}">${encoding}</encoding>
  <executable>${maven.compiler.executable}</executable>
  <failOnError default-value="true">${maven.compiler.failOnError}</failOnError>
  <failOnWarning default-value="false">${maven.compiler.failOnWarning}</failOnWarning>
  <forceJavacCompilerUse default-value="false">${maven.compiler.forceJavacCompilerUse}</forceJavacCompilerUse>
  <fork default-value="false">${maven.compiler.fork}</fork>
  <generatedTestSourcesDirectory default-value="${project.build.directory}/generated-test-sources/test-annotations"/>
  <maxmem>${maven.compiler.maxmem}</maxmem>
  <meminitial>${maven.compiler.meminitial}</meminitial>
  <mojoExecution default-value="${mojoExecution}"/>
  <optimize default-value="false">${maven.compiler.optimize}</optimize>
  <outputDirectory default-value="${project.build.testOutputDirectory}"/>
  <parameters default-value="false">${maven.compiler.parameters}</parameters>
  <project default-value="${project}"/>
  <release>${maven.compiler.release}</release>
  <session default-value="${session}"/>
  <showDeprecation default-value="false">${maven.compiler.showDeprecation}</showDeprecation>
  <showWarnings default-value="false">${maven.compiler.showWarnings}</showWarnings>
  <skip>${maven.test.skip}</skip>
  <skipMultiThreadWarning default-value="false">${maven.compiler.skipMultiThreadWarning}</skipMultiThreadWarning>
  <source default-value="1.5">1.6</source>
  <staleMillis default-value="0">${lastModGranularityMs}</staleMillis>
  <target default-value="1.5">1.6</target>
  <testPath default-value="${project.testClasspathElements}"/>
  <testRelease>${maven.compiler.testRelease}</testRelease>
  <testSource>${maven.compiler.testSource}</testSource>
  <testTarget>${maven.compiler.testTarget}</testTarget>
  <useIncrementalCompilation default-value="true">${maven.compiler.useIncrementalCompilation}</useIncrementalCompilation>
  <verbose default-value="false">${maven.compiler.verbose}</verbose>
</configuration>
[DEBUG] -----------------------------------------------------------------------
[DEBUG] Goal:          org.apache.maven.plugins:maven-surefire-plugin:2.12.4:test (default-test)
[DEBUG] Style:         Regular
[DEBUG] Configuration: <?xml version="1.0" encoding="UTF-8"?>
<configuration>
  <argLine>${argLine}</argLine>
  <basedir default-value="${basedir}"/>
  <childDelegation default-value="false">${childDelegation}</childDelegation>
  <classesDirectory default-value="${project.build.outputDirectory}"/>
  <debugForkedProcess>${maven.surefire.debug}</debugForkedProcess>
  <disableXmlReport default-value="false">${disableXmlReport}</disableXmlReport>
  <enableAssertions default-value="true">${enableAssertions}</enableAssertions>
  <excludedGroups>${excludedGroups}</excludedGroups>
  <failIfNoSpecifiedTests>${surefire.failIfNoSpecifiedTests}</failIfNoSpecifiedTests>
  <failIfNoTests>${failIfNoTests}</failIfNoTests>
  <forkMode default-value="once">${forkMode}</forkMode>
  <forkedProcessTimeoutInSeconds>${surefire.timeout}</forkedProcessTimeoutInSeconds>
  <groups>${groups}</groups>
  <junitArtifactName default-value="junit:junit">${junitArtifactName}</junitArtifactName>
  <jvm>${jvm}</jvm>
  <localRepository default-value="${localRepository}"/>
  <objectFactory>${objectFactory}</objectFactory>
  <parallel>${parallel}</parallel>
  <parallelMavenExecution default-value="${session.parallel}"/>
  <perCoreThreadCount default-value="true">${perCoreThreadCount}</perCoreThreadCount>
  <pluginArtifactMap>${plugin.artifactMap}</pluginArtifactMap>
  <pluginDescriptor default-value="${plugin}"/>
  <printSummary default-value="true">${surefire.printSummary}</printSummary>
  <projectArtifactMap>${project.artifactMap}</projectArtifactMap>
  <redirectTestOutputToFile default-value="false">${maven.test.redirectTestOutputToFile}</redirectTestOutputToFile>
  <remoteRepositories default-value="${project.pluginArtifactRepositories}"/>
  <reportFormat default-value="brief">${surefire.reportFormat}</reportFormat>
  <reportNameSuffix default-value="">${surefire.reportNameSuffix}</reportNameSuffix>
  <reportsDirectory default-value="${project.build.directory}/surefire-reports"/>
  <runOrder default-value="filesystem"/>
  <skip default-value="false">${maven.test.skip}</skip>
  <skipExec>${maven.test.skip.exec}</skipExec>
  <skipTests default-value="false">${skipTests}</skipTests>
  <test>${test}</test>
  <testClassesDirectory default-value="${project.build.testOutputDirectory}"/>
  <testFailureIgnore default-value="false">${maven.test.failure.ignore}</testFailureIgnore>
  <testNGArtifactName default-value="org.testng:testng">${testNGArtifactName}</testNGArtifactName>
  <testSourceDirectory default-value="${project.build.testSourceDirectory}"/>
  <threadCount>${threadCount}</threadCount>
  <trimStackTrace default-value="true">${trimStackTrace}</trimStackTrace>
  <useFile default-value="true">${surefire.useFile}</useFile>
  <useManifestOnlyJar default-value="true">${surefire.useManifestOnlyJar}</useManifestOnlyJar>
  <useSystemClassLoader default-value="true">${surefire.useSystemClassLoader}</useSystemClassLoader>
  <useUnlimitedThreads default-value="false">${useUnlimitedThreads}</useUnlimitedThreads>
  <workingDirectory>${basedir}</workingDirectory>
  <project default-value="${project}"/>
  <session default-value="${session}"/>
</configuration>
[DEBUG] =======================================================================
[DEBUG] Dependency collection stats: {ConflictMarker.analyzeTime=456593, ConflictMarker.markTime=233331, ConflictMarker.nodeCount=7, ConflictIdSorter.graphTime=205318, ConflictIdSorter.topsortTime=165392, ConflictIdSorter.conflictIdCount=5, ConflictIdSorter.conflictIdCycleCount=0, ConflictResolver.totalTime=1786394, ConflictResolver.conflictItemCount=6, DefaultDependencyCollector.collectTime=106788134, DefaultDependencyCollector.transformTime=3808424}
[DEBUG] org.java-websocket:Java-WebSocket:jar:1.4.0-SNAPSHOT
[DEBUG]    org.slf4j:slf4j-api:jar:1.7.25:compile
[DEBUG]    org.slf4j:slf4j-simple:jar:1.7.25:test
[DEBUG]    junit:junit:jar:4.11:test
[DEBUG]       org.hamcrest:hamcrest-core:jar:1.3:test
[DEBUG]    org.json:json:jar:20180130:test
[INFO] 
[INFO] --- maven-resources-plugin:2.6:resources (default-resources) @ Java-WebSocket ---
[DEBUG] Dependency collection stats: {ConflictMarker.analyzeTime=237940, ConflictMarker.markTime=134303, ConflictMarker.nodeCount=77, ConflictIdSorter.graphTime=131518, ConflictIdSorter.topsortTime=27863, ConflictIdSorter.conflictIdCount=26, ConflictIdSorter.conflictIdCycleCount=0, ConflictResolver.totalTime=1932320, ConflictResolver.conflictItemCount=74, DefaultDependencyCollector.collectTime=649325535, DefaultDependencyCollector.transformTime=2515171}
[DEBUG] org.apache.maven.plugins:maven-resources-plugin:jar:2.6
[DEBUG]    org.apache.maven:maven-plugin-api:jar:2.0.6:compile
[DEBUG]    org.apache.maven:maven-project:jar:2.0.6:compile
[DEBUG]       org.apache.maven:maven-profile:jar:2.0.6:compile
[DEBUG]       org.apache.maven:maven-artifact-manager:jar:2.0.6:compile
[DEBUG]       org.apache.maven:maven-plugin-registry:jar:2.0.6:compile
[DEBUG]    org.apache.maven:maven-core:jar:2.0.6:compile
[DEBUG]       org.apache.maven:maven-plugin-parameter-documenter:jar:2.0.6:compile
[DEBUG]       org.apache.maven.reporting:maven-reporting-api:jar:2.0.6:compile
[DEBUG]          org.apache.maven.doxia:doxia-sink-api:jar:1.0-alpha-7:compile
[DEBUG]       org.apache.maven:maven-repository-metadata:jar:2.0.6:compile
[DEBUG]       org.apache.maven:maven-error-diagnostics:jar:2.0.6:compile
[DEBUG]       commons-cli:commons-cli:jar:1.0:compile
[DEBUG]       org.apache.maven:maven-plugin-descriptor:jar:2.0.6:compile
[DEBUG]       org.codehaus.plexus:plexus-interactivity-api:jar:1.0-alpha-4:compile
[DEBUG]       classworlds:classworlds:jar:1.1:compile
[DEBUG]    org.apache.maven:maven-artifact:jar:2.0.6:compile
[DEBUG]    org.apache.maven:maven-settings:jar:2.0.6:compile
[DEBUG]    org.apache.maven:maven-model:jar:2.0.6:compile
[DEBUG]    org.apache.maven:maven-monitor:jar:2.0.6:compile
[DEBUG]    org.codehaus.plexus:plexus-container-default:jar:1.0-alpha-9-stable-1:compile
[DEBUG]       junit:junit:jar:3.8.1:compile
[DEBUG]    org.codehaus.plexus:plexus-utils:jar:2.0.5:compile
[DEBUG]    org.apache.maven.shared:maven-filtering:jar:1.1:compile
[DEBUG]       org.sonatype.plexus:plexus-build-api:jar:0.0.4:compile
[DEBUG]    org.codehaus.plexus:plexus-interpolation:jar:1.13:compile
[DEBUG] Created new class realm plugin>org.apache.maven.plugins:maven-resources-plugin:2.6
[DEBUG] Importing foreign packages into class realm plugin>org.apache.maven.plugins:maven-resources-plugin:2.6
[DEBUG]   Imported:  < maven.api
[DEBUG] Populating class realm plugin>org.apache.maven.plugins:maven-resources-plugin:2.6
[DEBUG]   Included: org.apache.maven.plugins:maven-resources-plugin:jar:2.6
[DEBUG]   Included: org.apache.maven.reporting:maven-reporting-api:jar:2.0.6
[DEBUG]   Included: org.apache.maven.doxia:doxia-sink-api:jar:1.0-alpha-7
[DEBUG]   Included: commons-cli:commons-cli:jar:1.0
[DEBUG]   Included: org.codehaus.plexus:plexus-interactivity-api:jar:1.0-alpha-4
[DEBUG]   Included: junit:junit:jar:3.8.1
[DEBUG]   Included: org.codehaus.plexus:plexus-utils:jar:2.0.5
[DEBUG]   Included: org.apache.maven.shared:maven-filtering:jar:1.1
[DEBUG]   Included: org.sonatype.plexus:plexus-build-api:jar:0.0.4
[DEBUG]   Included: org.codehaus.plexus:plexus-interpolation:jar:1.13
[DEBUG] Configuring mojo org.apache.maven.plugins:maven-resources-plugin:2.6:resources from plugin realm ClassRealm[plugin>org.apache.maven.plugins:maven-resources-plugin:2.6, parent: sun.misc.Launcher$AppClassLoader@5c647e05]
[DEBUG] Configuring mojo 'org.apache.maven.plugins:maven-resources-plugin:2.6:resources' with basic configurator -->
[DEBUG]   (f) buildFilters = []
[DEBUG]   (f) encoding = UTF-8
[DEBUG]   (f) escapeWindowsPaths = true
[DEBUG]   (s) includeEmptyDirs = false
[DEBUG]   (s) outputDirectory = /scratch/tbaral/ase26/nod-rr/NOD-Test-Repair/run_flakerake/projects_complete/48/target/classes
[DEBUG]   (s) overwrite = false
[DEBUG]   (f) project = MavenProject: org.java-websocket:Java-WebSocket:1.4.0-SNAPSHOT @ /scratch/tbaral/ase26/nod-rr/NOD-Test-Repair/run_flakerake/projects_complete/48/pom.xml
[DEBUG]   (s) resources = [Resource {targetPath: null, filtering: false, FileSet {directory: /scratch/tbaral/ase26/nod-rr/NOD-Test-Repair/run_flakerake/projects_complete/48/src/main/resources, PatternSet [includes: {}, excludes: {}]}}]
[DEBUG]   (f) session = org.apache.maven.execution.MavenSession@7555b920
[DEBUG]   (f) supportMultiLineFiltering = false
[DEBUG]   (f) useBuildFilters = true
[DEBUG]   (s) useDefaultDelimiters = true
[DEBUG] -- end configuration --
[DEBUG] properties used {env.OLDPWD=/scratch/tbaral/ase26/nod-rr/NOD-Test-Repair/run_flakerake/projects_complete/48, file.encoding.pkg=sun.io, env.ACLOCAL_PATH=/opt/sw/spack/apps/linux-rhel8-x86_64_v2/gcc-10.3.0/curl-7.80.0-rm/share/aclocal, env.MPIF90=/opt/sw/spack/apps/linux-rhel8-x86_64_v2/gcc-10.3.0/openmpi-4.1.2-4a/bin/mpif90, env.LMOD_FAMILY_COMPILER=gnu10, java.home=/scratch/tbaral/ase26/otog/setups/jdk1.8.0_102/jre, env.SLURM_JOB_UID=1224545917, env._ModuleTable003_=ODAuMC1ybSIsfSxnaXQ9e1siZm4iXT0iL29wdC9zdy9zcGFjay9tb2R1bGVzL2xtb2QvbGludXgtcmhlbDgteDg2XzY0L2djYy8xMC4zLjAvZ2l0LzIuMzkuMS12ZC5sdWEiLFsiZnVsbE5hbWUiXT0iZ2l0LzIuMzkuMS12ZCIsWyJsb2FkT3JkZXIiXT0xMixwcm9wVD17fSxbInN0YWNrRGVwdGgiXT0wLFsic3RhdHVzIl09ImFjdGl2ZSIsWyJ1c2VyTmFtZSJdPSJnaXQiLH0sZ251MTA9e1siZm4iXT0iL29wdC9vaHBjL3B1Yi9tb2R1bGVmaWxlcy9nbnUxMC8xMC4zLjAteWEubHVhIixbImZ1bGxOYW1lIl09ImdudTEwLzEwLjMuMC15YSIsWyJsb2FkT3JkZXIiXT02LHByb3BUPXt9LFsic3RhY2tEZXB0aCJdPTAsWyJzdGF0dXMiXT0iYWN0aXZlIixbInVzZXJOYW1lIl09Imdu, env.LMOD_SETTARG_FULL_SUPPORT=no, env.CMAKE_PREFIX_PATH=/opt/sw/spack/apps/linux-rhel8-x86_64_v2/gcc-10.3.0/git-2.39.1-vd:/opt/sw/spack/apps/linux-rhel8-x86_64_v2/gcc-10.3.0/perl-5.34.0-lm:/opt/sw/spack/apps/linux-rhel8-x86_64_v2/gcc-10.3.0/bzip2-1.0.8-no:/opt/sw/spack/apps/linux-rhel8-x86_64_v2/gcc-10.3.0/curl-7.80.0-rm:/opt/sw/spack/apps/linux-rhel8-x86_64_v2/gcc-10.3.0/openmpi-4.1.2-4a:/opt/sw/spack/apps/linux-rhel8-x86_64_v2/gcc-10.3.0/zlib-1.2.11-2y:/opt/sw/spack/apps/linux-rhel8-x86_64_v2/gcc-9.3.0/gcc-10.3.0-ya, env.SDKMAN_CANDIDATES_API=https://api.sdkman.io/2, env.LMOD_PACKAGE_PATH=/opt/ohpc/admin/lmod/8.2.10, env.HYDRA_LAUNCHER_EXTRA_ARGS=--external-launcher, env.__LMOD_REF_COUNT_CMAKE_PREFIX_PATH=/opt/sw/spack/apps/linux-rhel8-x86_64_v2/gcc-10.3.0/git-2.39.1-vd:1;/opt/sw/spack/apps/linux-rhel8-x86_64_v2/gcc-10.3.0/perl-5.34.0-lm:1;/opt/sw/spack/apps/linux-rhel8-x86_64_v2/gcc-10.3.0/bzip2-1.0.8-no:1;/opt/sw/spack/apps/linux-rhel8-x86_64_v2/gcc-10.3.0/curl-7.80.0-rm:1;/opt/sw/spack/apps/linux-rhel8-x86_64_v2/gcc-10.3.0/openmpi-4.1.2-4a:1;/opt/sw/spack/apps/linux-rhel8-x86_64_v2/gcc-10.3.0/zlib-1.2.11-2y:1;/opt/sw/spack/apps/linux-rhel8-x86_64_v2/gcc-9.3.0/gcc-10.3.0-ya:1, env.ENVIRONMENT=BATCH, classworlds.conf=/scratch/tbaral/ase26/otog/setups/maven/bin/m2.conf, env.SDKMAN_CANDIDATES_DIR=/home/tbaral/.sdkman/candidates, env.SLURM_JOBID=3955027, java.endorsed.dirs=/scratch/tbaral/ase26/otog/setups/jdk1.8.0_102/jre/lib/endorsed, env.VSCODE_DEBUGPY_ADAPTER_ENDPOINTS=/home/tbaral/.vscode-server/extensions/ms-python.debugpy-2025.10.0-linux-x64/.noConfigDebugAdapterEndpoints/endpoint-703a47885604cb2b.txt, env.LOGNAME=tbaral, env.MPICC=/opt/sw/spack/apps/linux-rhel8-x86_64_v2/gcc-10.3.0/openmpi-4.1.2-4a/bin/mpicc, sun.os.patch.level=unknown, env.OPENMPI_ROOT=/opt/sw/spack/apps/linux-rhel8-x86_64_v2/gcc-10.3.0/openmpi-4.1.2-4a, test=org.java_websocket.issues.Issue256Test#runReconnectScenario2, java.vendor.url=http://java.oracle.com/, env.INCLUDE=/opt/sw/spack/apps/linux-rhel8-x86_64_v2/gcc-10.3.0/bzip2-1.0.8-no/include:/opt/sw/spack/apps/linux-rhel8-x86_64_v2/gcc-10.3.0/curl-7.80.0-rm/include:/opt/sw/spack/apps/linux-rhel8-x86_64_v2/gcc-10.3.0/openmpi-4.1.2-4a/include:/opt/sw/spack/apps/linux-rhel8-x86_64_v2/gcc-10.3.0/zlib-1.2.11-2y/include:/opt/sw/spack/apps/linux-rhel8-x86_64_v2/gcc-9.3.0/gcc-10.3.0-ya/include/c++/10.3.0:/opt/sw/spack/apps/linux-rhel8-x86_64_v2/gcc-9.3.0/gcc-10.3.0-ya/include, env.TERM_PROGRAM_VERSION=1.101.2, java.version=1.8.0_102, env._ModuleTable002_=LjAvYnppcDIvMS4wLjgtbm8ubHVhIixbImZ1bGxOYW1lIl09ImJ6aXAyLzEuMC44LW5vIixbImxvYWRPcmRlciJdPTEwLHByb3BUPXt9LFsicmVmX2NvdW50Il09MSxbInN0YWNrRGVwdGgiXT0yLFsic3RhdHVzIl09ImFjdGl2ZSIsWyJ1c2VyTmFtZSJdPSJiemlwMi8xLjAuOC1ubyIsfSxjdXJsPXtbImZuIl09Ii9vcHQvc3cvc3BhY2svbW9kdWxlcy9sbW9kL2xpbnV4LXJoZWw4LXg4Nl82NC9nY2MvMTAuMy4wL2N1cmwvNy44MC4wLXJtLmx1YSIsWyJmdWxsTmFtZSJdPSJjdXJsLzcuODAuMC1ybSIsWyJsb2FkT3JkZXIiXT05LHByb3BUPXt9LFsicmVmX2NvdW50Il09MSxbInN0YWNrRGVwdGgiXT0xLFsic3RhdHVzIl09ImFjdGl2ZSIsWyJ1c2VyTmFtZSJdPSJjdXJsLzcu, env.SDKMAN_DIR=/home/tbaral/.sdkman, java.vendor.url.bug=http://bugreport.sun.com/bugreport/, skipTests=true, env.SSH_CLIENT=172.16.128.7 48762 22, env.LIBRARY_PATH=/opt/sw/spack/apps/linux-rhel8-x86_64_v2/gcc-10.3.0/perl-5.34.0-lm/lib:/opt/sw/spack/apps/linux-rhel8-x86_64_v2/gcc-10.3.0/bzip2-1.0.8-no/lib:/opt/sw/spack/apps/linux-rhel8-x86_64_v2/gcc-10.3.0/curl-7.80.0-rm/lib:/opt/sw/spack/apps/linux-rhel8-x86_64_v2/gcc-10.3.0/openmpi-4.1.2-4a/lib:/opt/sw/spack/apps/linux-rhel8-x86_64_v2/gcc-10.3.0/zlib-1.2.11-2y/lib:/opt/sw/spack/apps/linux-rhel8-x86_64_v2/gcc-9.3.0/gcc-10.3.0-ya/lib64:/opt/sw/spack/apps/linux-rhel8-x86_64_v2/gcc-9.3.0/gcc-10.3.0-ya/lib, env.SLURM_JOB_NODELIST=amd073, env.SLURM_JOB_GID=100, env.MPIF77=/opt/sw/spack/apps/linux-rhel8-x86_64_v2/gcc-10.3.0/openmpi-4.1.2-4a/bin/mpif77, user.name=tbaral, env.LANG=en_US.UTF-8, env.LMOD_PKG=/opt/ohpc/admin/lmod/lmod, sun.io.unicode.encoding=UnicodeLittle, sun.jnu.encoding=UTF-8, env.DBUS_SESSION_BUS_ADDRESS=unix:path=/run/user/1224545917/bus, java.runtime.name=Java(TM) SE Runtime Environment, env.SSH_ASKPASS=/usr/libexec/openssh/gnome-ssh-askpass, env._ModuleTable001_=X01vZHVsZVRhYmxlXz17WyJNVHZlcnNpb24iXT0zLFsiY19yZWJ1aWxkVGltZSJdPTg2NDAwLFsiY19zaG9ydFRpbWUiXT1mYWxzZSxkZXB0aFQ9e30sZmFtaWx5PXtbImNvbXBpbGVyIl09ImdudTEwIixbIm1waSJdPSJvcGVubXBpNCIsfSxtVD17YXV0b3Rvb2xzPXtbImZuIl09Ii9vcHQvb2hwYy9wdWIvbW9kdWxlZmlsZXMvYXV0b3Rvb2xzLmx1YSIsWyJmdWxsTmFtZSJdPSJhdXRvdG9vbHMiLFsibG9hZE9yZGVyIl09Myxwcm9wVD17fSxbInN0YWNrRGVwdGgiXT0xLFsic3RhdHVzIl09ImFjdGl2ZSIsWyJ1c2VyTmFtZSJdPSJhdXRvdG9vbHMiLH0sYnppcDI9e1siZm4iXT0iL29wdC9zdy9zcGFjay9tb2R1bGVzL2xtb2QvbGludXgtcmhlbDgteDg2XzY0L2djYy8xMC4z, env.SLURM_TASK_PID=1085649, env.LMOD_MPI_NAME=openmpi, env.SSH_CONNECTION=172.16.128.7 48762 172.16.130.32 22, env.OMPI_MCA_plm_slurm_args=--external-launcher, env.__LMOD_REF_COUNT__LMFILES_=/opt/ohpc/pub/modulefiles/ohpc:1;/opt/ohpc/admin/lmod/8.2.10/modulefiles/Core/use.own.lua:1;/opt/ohpc/pub/modulefiles/autotools.lua:1;/opt/ohpc/pub/modulefiles/prun/2.0.lua:1;/etc/modulefiles/Core/hosts/hopper:1;/opt/ohpc/pub/modulefiles/gnu10/10.3.0-ya.lua:1;/opt/sw/spack/modules/lmod/linux-rhel8-x86_64/gcc/10.3.0/zlib/1.2.11-2y.lua:1;/opt/sw/spack/modules/lmod/linux-rhel8-x86_64/gcc/10.3.0/openmpi4/4.1.2-4a.lua:1;/opt/sw/spack/modules/lmod/linux-rhel8-x86_64/gcc/10.3.0/curl/7.80.0-rm.lua:1;/opt/sw/spack/modules/lmod/linux-rhel8-x86_64/gcc/10.3.0/bzip2/1.0.8-no.lua:1;/opt/sw/spack/modules/lmod/linux-rhel8-x86_64/gcc/10.3.0/perl/5.34.0-lm.lua:1;/opt/sw/spack/modules/lmod/linux-rhel8-x86_64/gcc/10.3.0/git/2.39.1-vd.lua:1, env.BROWSER=/home/tbaral/.vscode-server/cli/servers/Stable-2901c5ac6db8a986a5666c3af51ff804d05af0d4/server/bin/helpers/browser.sh, java.specification.name=Java Platform API Specification, env.SLURM_PRIO_PROCESS=0, env.LMOD_PREPEND_BLOCK=normal, user.timezone=, env.LESSOPEN=||/usr/bin/lesspipe.sh %s, env.SLURM_JOB_START_TIME=1752777830, path.separator=:, env.MAVEN_CMD_LINE_ARGS= test -X -Dtest=org.java_websocket.issues.Issue256Test#runReconnectScenario2 -DfailIfNoTests=false -DskipTests -q -B -fn -s /scratch/tbaral/ase26/nod-rr/NOD-Test-Repair/flakerake/shell_scripts/maven-repo-fix-settings.xml -DskipITs, env.LMOD_MPI_VERSION=4.1.2-4aedfmd, file.encoding=UTF-8, env.HOME=/home/tbaral, env.which_declare=declare -f, sun.java.command=org.codehaus.plexus.classworlds.launcher.Launcher test -X -Dtest=org.java_websocket.issues.Issue256Test#runReconnectScenario2 -DfailIfNoTests=false -DskipTests -q -B -fn -s /scratch/tbaral/ase26/nod-rr/NOD-Test-Repair/flakerake/shell_scripts/maven-repo-fix-settings.xml -DskipITs, env.MANPATH=/opt/sw/spack/apps/linux-rhel8-x86_64_v2/gcc-10.3.0/git-2.39.1-vd/share/man:/opt/sw/spack/apps/linux-rhel8-x86_64_v2/gcc-10.3.0/perl-5.34.0-lm/man:/opt/sw/spack/apps/linux-rhel8-x86_64_v2/gcc-10.3.0/bzip2-1.0.8-no/man:/opt/sw/spack/apps/linux-rhel8-x86_64_v2/gcc-10.3.0/curl-7.80.0-rm/share/man:/opt/sw/spack/apps/linux-rhel8-x86_64_v2/gcc-10.3.0/openmpi-4.1.2-4a/share/man:/opt/sw/spack/apps/linux-rhel8-x86_64_v2/gcc-10.3.0/zlib-1.2.11-2y/share/man:/opt/sw/spack/apps/linux-rhel8-x86_64_v2/gcc-9.3.0/gcc-10.3.0-ya/share/man:/usr/share/man:/opt/ohpc/pub/utils/autotools/share/man:/usr/local/share/man:/usr/share/man/overrides:/usr/share/man/en, env.CXX=/opt/sw/spack/apps/linux-rhel8-x86_64_v2/gcc-9.3.0/gcc-10.3.0-ya/bin/g++, env.LMOD_SYSTEM_DEFAULT_MODULES=hosts/hopper, env.LMOD_COLORIZE=no, env.SLURM_TOPOLOGY_ADDR_PATTERN=node, env.LMOD_CACHED_LOADS=yes, env.LMOD_FULL_SETTARG_SUPPORT=yes, env.HOSTNAME=amd073, env.LMOD_MODULERCFILE=/opt/ohpc/admin/lmod/etc/rc-hopper.lua, env.I_MPI_HYDRA_BOOTSTRAP=slurm, env.FC=/opt/sw/spack/apps/linux-rhel8-x86_64_v2/gcc-9.3.0/gcc-10.3.0-ya/bin/gfortran, java.io.tmpdir=/tmp, env.SLURM_NODEID=0, user.language=en, env.HISTCONTROL=ignoredups, line.separator=
, env.__LMOD_REF_COUNT_ACLOCAL_PATH=/opt/sw/spack/apps/linux-rhel8-x86_64_v2/gcc-10.3.0/curl-7.80.0-rm/share/aclocal:1, env.BZIP2_ROOT=/opt/sw/spack/apps/linux-rhel8-x86_64_v2/gcc-10.3.0/bzip2-1.0.8-no, env.SSH_AGENT_PID=1005443, env.HISTSIZE=1000, env.CURL_ROOT=/opt/sw/spack/apps/linux-rhel8-x86_64_v2/gcc-10.3.0/curl-7.80.0-rm, env.LMOD_FAMILY_COMPILER_VERSION=10.3.0-ya, java.vm.info=mixed mode, env.C_INCLUDE_PATH=/opt/sw/spack/apps/linux-rhel8-x86_64_v2/gcc-10.3.0/bzip2-1.0.8-no/include:/opt/sw/spack/apps/linux-rhel8-x86_64_v2/gcc-10.3.0/curl-7.80.0-rm/include:/opt/sw/spack/apps/linux-rhel8-x86_64_v2/gcc-10.3.0/openmpi-4.1.2-4a/include:/opt/sw/spack/apps/linux-rhel8-x86_64_v2/gcc-10.3.0/zlib-1.2.11-2y/include:/opt/sw/spack/apps/linux-rhel8-x86_64_v2/gcc-9.3.0/gcc-10.3.0-ya/include, java.vm.specification.name=Java Virtual Machine Specification, env.SLURM_PROCID=0, env.COLORTERM=truecolor, env.M2_HOME=/scratch/tbaral/ase26/otog/setups/maven, env.SLURM_MEM_PER_NODE=65536, skipITs=true, env.__LMOD_REF_COUNT_INCLUDE=/opt/sw/spack/apps/linux-rhel8-x86_64_v2/gcc-10.3.0/bzip2-1.0.8-no/include:1;/opt/sw/spack/apps/linux-rhel8-x86_64_v2/gcc-10.3.0/curl-7.80.0-rm/include:1;/opt/sw/spack/apps/linux-rhel8-x86_64_v2/gcc-10.3.0/openmpi-4.1.2-4a/include:1;/opt/sw/spack/apps/linux-rhel8-x86_64_v2/gcc-10.3.0/zlib-1.2.11-2y/include:1;/opt/sw/spack/apps/linux-rhel8-x86_64_v2/gcc-9.3.0/gcc-10.3.0-ya/include/c++/10.3.0:1;/opt/sw/spack/apps/linux-rhel8-x86_64_v2/gcc-9.3.0/gcc-10.3.0-ya/include:1, env.LMOD_DIR=/opt/ohpc/admin/lmod/lmod/libexec, env.SLURM_JOB_END_TIME=1752824630, env.SLURM_CPUS_ON_NODE=16, java.awt.printerjob=sun.print.PSPrinterJob, env.__LMOD_REF_COUNT_C_INCLUDE_PATH=/opt/sw/spack/apps/linux-rhel8-x86_64_v2/gcc-10.3.0/bzip2-1.0.8-no/include:1;/opt/sw/spack/apps/linux-rhel8-x86_64_v2/gcc-10.3.0/curl-7.80.0-rm/include:1;/opt/sw/spack/apps/linux-rhel8-x86_64_v2/gcc-10.3.0/openmpi-4.1.2-4a/include:1;/opt/sw/spack/apps/linux-rhel8-x86_64_v2/gcc-10.3.0/zlib-1.2.11-2y/include:1;/opt/sw/spack/apps/linux-rhel8-x86_64_v2/gcc-9.3.0/gcc-10.3.0-ya/include:1, env.SDKMAN_PLATFORM=linuxx64, env.SLURM_CLUSTER_NAME=hopper, env.SLURM_NODELIST=amd073, env.LMOD_FAMILY_MPI_VERSION=4.1.2-4a, env.SLURM_JOB_USER=tbaral, env.SLURM_JOB_ACCOUNT=winglam, env.PYTHON_FLAKY_BIN=/scratch/tbaral/ase26/python/py39/bin/python3.9, env.F77=/opt/sw/spack/apps/linux-rhel8-x86_64_v2/gcc-9.3.0/gcc-10.3.0-ya/bin/gfortran, env.PYTHON_BASIC_REPL=1, env.LMOD_REDIRECT=no, env.LOADEDMODULES=ohpc:use.own:autotools:prun/2.0:hosts/hopper:gnu10/10.3.0-ya:zlib/1.2.11-2y:openmpi4/4.1.2-4a:curl/7.80.0-rm:bzip2/1.0.8-no:perl/5.34.0-lm:git/2.39.1-vd, env.BASH_FUNC_module%%=() {  eval $($LMOD_CMD bash "$@") && eval $(${LMOD_SETTARG_CMD:-:} -s sh)
}, os.name=Linux, java.specification.vendor=Oracle Corporation, env.SLURMD_NODENAME=amd073, env.SLURM_JOB_NAME=48_flakerake_complete, env.TERM=xterm-256color, java.vm.name=Java HotSpot(TM) 64-Bit Server VM, env.JAVA_FLAKY_HOME=/scratch/tbaral/ase26/otog/setups/jdk1.8.0_102, env.SLURM_JOB_QOS=normal, java.library.path=/opt/sw/spack/apps/linux-rhel8-x86_64_v2/gcc-10.3.0/perl-5.34.0-lm/lib:/opt/sw/spack/apps/linux-rhel8-x86_64_v2/gcc-10.3.0/bzip2-1.0.8-no/lib:/opt/sw/spack/apps/linux-rhel8-x86_64_v2/gcc-10.3.0/curl-7.80.0-rm/lib:/opt/sw/spack/apps/linux-rhel8-x86_64_v2/gcc-10.3.0/openmpi-4.1.2-4a/lib:/opt/sw/spack/apps/linux-rhel8-x86_64_v2/gcc-10.3.0/zlib-1.2.11-2y/lib:/opt/sw/spack/apps/linux-rhel8-x86_64_v2/gcc-9.3.0/gcc-10.3.0-ya/lib64:/opt/sw/spack/apps/linux-rhel8-x86_64_v2/gcc-9.3.0/gcc-10.3.0-ya/lib:/usr/java/packages/lib/amd64:/usr/lib64:/lib64:/lib:/usr/lib, env._ModuleTable009_=LjIuMTEtMnkiLH0sfSxtcGF0aEE9eyIvb3B0L3N3L290aGVyL21vZHVsZWRlcHMvbGludXgtcmhlbDgteDg2XzY0X3YyL2djYy0xMC4zLjAtb3Blbm1waS00LjEuMiIsIi9vcHQvc3cvc3BhY2svbW9kdWxlZGVwcy9saW51eC1yaGVsOC14ODZfNjQvZ251LTEwLjMuMC1vcGVubXBpLTQuMS4yIiwiL29wdC9zdy9vdGhlci9tb2R1bGVkZXBzL2xpbnV4LXJoZWw4LXg4Nl82NF92Mi9nY2MtMTAuMy4wIiwiL29wdC9zdy9zcGFjay9tb2R1bGVzL2xtb2QtMjAyNC9saW51eC1yaGVsOC14ODZfNjQvZ2NjLzEwLjMuMCIsIi9vcHQvc3cvc3BhY2svbW9kdWxlcy9sbW9kL2xpbnV4LXJoZWw4LXg4Nl82NC9nY2MvMTAuMy4wIiwiL29wdC9zdy9vdGhlci9tb2R1bGVmaWxlcyIsIi9vcHQv, env.PATH=/scratch/tbaral/ase26/python/py39/bin:/opt/sw/spack/apps/linux-rhel8-x86_64_v2/gcc-10.3.0/git-2.39.1-vd/bin:/opt/sw/spack/apps/linux-rhel8-x86_64_v2/gcc-10.3.0/perl-5.34.0-lm/bin:/opt/sw/spack/apps/linux-rhel8-x86_64_v2/gcc-10.3.0/bzip2-1.0.8-no/bin:/opt/sw/spack/apps/linux-rhel8-x86_64_v2/gcc-10.3.0/curl-7.80.0-rm/bin:/opt/sw/spack/apps/linux-rhel8-x86_64_v2/gcc-10.3.0/openmpi-4.1.2-4a/bin:/opt/sw/spack/apps/linux-rhel8-x86_64_v2/gcc-9.3.0/gcc-10.3.0-ya/bin:/home/tbaral/.nvm/versions/node/v24.0.0/bin:/home/tbaral/.sdkman/candidates/java/current/bin:/home/tbaral/.vscode-server/cli/servers/Stable-2901c5ac6db8a986a5666c3af51ff804d05af0d4/server/bin/remote-cli:/opt/ohpc/pub/utils/prun/2.0:/opt/ohpc/pub/utils/autotools/bin:/opt/ohpc/pub/bin:/usr/local/bin:/usr/bin:/usr/local/sbin:/usr/sbin:/opt/dell/srvadmin/bin:/home/tbaral/.vscode-server/extensions/ms-python.debugpy-2025.10.0-linux-x64/bundled/scripts/noConfigScripts:/home/tbaral/.vscode-server/data/User/globalStorage/github.copilot-chat/debugCommand:/scratch/tbaral/ase26/otog/setups/maven/bin:/scratch/tbaral/ase26/otog/setups/jdk1.8.0_102/bin, env.CC=/opt/sw/spack/apps/linux-rhel8-x86_64_v2/gcc-9.3.0/gcc-10.3.0-ya/bin/gcc, library.jansi.path=/scratch/tbaral/ase26/otog/setups/maven/lib/jansi-native, env.__LMOD_REF_COUNT_LIBRARY_PATH=/opt/sw/spack/apps/linux-rhel8-x86_64_v2/gcc-10.3.0/perl-5.34.0-lm/lib:1;/opt/sw/spack/apps/linux-rhel8-x86_64_v2/gcc-10.3.0/bzip2-1.0.8-no/lib:1;/opt/sw/spack/apps/linux-rhel8-x86_64_v2/gcc-10.3.0/curl-7.80.0-rm/lib:1;/opt/sw/spack/apps/linux-rhel8-x86_64_v2/gcc-10.3.0/openmpi-4.1.2-4a/lib:1;/opt/sw/spack/apps/linux-rhel8-x86_64_v2/gcc-10.3.0/zlib-1.2.11-2y/lib:1;/opt/sw/spack/apps/linux-rhel8-x86_64_v2/gcc-9.3.0/gcc-10.3.0-ya/lib64:1;/opt/sw/spack/apps/linux-rhel8-x86_64_v2/gcc-9.3.0/gcc-10.3.0-ya/lib:1, env.LMOD_SITE_NAME=GMU_Hopper, java.class.version=52.0, env.SHLVL=8, env.HYDRA_BOOTSTRAP=slurm, maven.multiModuleProjectDirectory=/scratch/tbaral/ase26/nod-rr/NOD-Test-Repair/run_flakerake/projects_complete/48, env.LD_LIBRARY_PATH=/opt/sw/spack/apps/linux-rhel8-x86_64_v2/gcc-10.3.0/perl-5.34.0-lm/lib:/opt/sw/spack/apps/linux-rhel8-x86_64_v2/gcc-10.3.0/bzip2-1.0.8-no/lib:/opt/sw/spack/apps/linux-rhel8-x86_64_v2/gcc-10.3.0/curl-7.80.0-rm/lib:/opt/sw/spack/apps/linux-rhel8-x86_64_v2/gcc-10.3.0/openmpi-4.1.2-4a/lib:/opt/sw/spack/apps/linux-rhel8-x86_64_v2/gcc-10.3.0/zlib-1.2.11-2y/lib:/opt/sw/spack/apps/linux-rhel8-x86_64_v2/gcc-9.3.0/gcc-10.3.0-ya/lib64:/opt/sw/spack/apps/linux-rhel8-x86_64_v2/gcc-9.3.0/gcc-10.3.0-ya/lib, env.NVM_DIR=/home/tbaral/.nvm, env.MODULESHOME=/opt/ohpc/admin/lmod/lmod, env.LMOD_FAMILY_MPI=openmpi4, env.GCC_ROOT=/opt/sw/spack/apps/linux-rhel8-x86_64_v2/gcc-9.3.0/gcc-10.3.0-ya, env.LMOD_SETTARG_CMD=:, env.PYDEVD_DISABLE_FILE_VALIDATION=1, env.__LMOD_REF_COUNT_LD_LIBRARY_PATH=/opt/sw/spack/apps/linux-rhel8-x86_64_v2/gcc-10.3.0/perl-5.34.0-lm/lib:1;/opt/sw/spack/apps/linux-rhel8-x86_64_v2/gcc-10.3.0/bzip2-1.0.8-no/lib:1;/opt/sw/spack/apps/linux-rhel8-x86_64_v2/gcc-10.3.0/curl-7.80.0-rm/lib:1;/opt/sw/spack/apps/linux-rhel8-x86_64_v2/gcc-10.3.0/openmpi-4.1.2-4a/lib:1;/opt/sw/spack/apps/linux-rhel8-x86_64_v2/gcc-10.3.0/zlib-1.2.11-2y/lib:1;/opt/sw/spack/apps/linux-rhel8-x86_64_v2/gcc-9.3.0/gcc-10.3.0-ya/lib64:1;/opt/sw/spack/apps/linux-rhel8-x86_64_v2/gcc-9.3.0/gcc-10.3.0-ya/lib:1, env.LMOD_VERSION=8.2.10, env.NVM_BIN=/home/tbaral/.nvm/versions/node/v24.0.0/bin, env.SLURM_JOB_ID=3955027, failIfNoTests=false, env.LMOD_SETTARG_TITLE_BAR=no, env.LMOD_AVAIL_STYLE=en_grouped:system, env.MODULEPATH=/opt/sw/other/moduledeps/linux-rhel8-x86_64_v2/gcc-10.3.0-openmpi-4.1.2:/opt/sw/spack/moduledeps/linux-rhel8-x86_64/gnu-10.3.0-openmpi-4.1.2:/opt/sw/other/moduledeps/linux-rhel8-x86_64_v2/gcc-10.3.0:/opt/sw/spack/modules/lmod-2024/linux-rhel8-x86_64/gcc/10.3.0:/opt/sw/spack/modules/lmod/linux-rhel8-x86_64/gcc/10.3.0:/opt/sw/other/modulefiles:/opt/ohpc/pub/modulefiles:/etc/modulefiles/Core:/opt/ohpc/admin/lmod/8.2.10/modulefiles/Core:/home/tbaral/privatemodules, project.build.sourceEncoding=UTF-8, sun.boot.library.path=/scratch/tbaral/ase26/otog/setups/jdk1.8.0_102/jre/lib/amd64, env._ModuleTable008_=ZWRlcHMvbGludXgtcmhlbDgteDg2XzY0X3YyL2djYy0xMC4zLjAiLCIvb3B0L3N3L3NwYWNrL21vZHVsZXMvbG1vZC0yMDI0L2xpbnV4LXJoZWw4LXg4Nl82NC9nY2MvMTAuMy4wIiwiL29wdC9zdy9zcGFjay9tb2R1bGVzL2xtb2QvbGludXgtcmhlbDgteDg2XzY0L2djYy8xMC4zLjAiLCIvb3B0L3N3L290aGVyL21vZHVsZWZpbGVzIiwiL29wdC9vaHBjL3B1Yi9tb2R1bGVmaWxlcyIsIi9ldGMvbW9kdWxlZmlsZXMvQ29yZSIsIi9vcHQvb2hwYy9hZG1pbi9sbW9kLzguMi4xMC9tb2R1bGVmaWxlcy9Db3JlIiwiL2hvbWUvdGJhcmFsL3ByaXZhdGVtb2R1bGVzIix9LFsic3lzdGVtQmFzZU1QQVRIIl09Ii9vcHQvb2hwYy9wdWIvbW9kdWxlZmlsZXMiLH0=, env.VIRTUAL_ENV=/scratch/tbaral/ase26/python/py39, sun.management.compiler=HotSpot 64-Bit Tiered Compilers, env.LMOD_CMD=/opt/ohpc/admin/lmod/lmod/libexec/lmod, java.awt.graphicsenv=sun.awt.X11GraphicsEnvironment, env.BASH_FUNC_ml%%=() {  eval $($LMOD_DIR/ml_cmd "$@")
}, env._ModuleTable_Sz_=8, env.BASH_ENV=/opt/ohpc/admin/lmod/lmod/init/bash, env.USER=tbaral, env.SLURM_JOB_PARTITION=bigmem, env.__LMOD_REF_COUNT_MANPATH=/opt/sw/spack/apps/linux-rhel8-x86_64_v2/gcc-10.3.0/git-2.39.1-vd/share/man:1;/opt/sw/spack/apps/linux-rhel8-x86_64_v2/gcc-10.3.0/perl-5.34.0-lm/man:1;/opt/sw/spack/apps/linux-rhel8-x86_64_v2/gcc-10.3.0/bzip2-1.0.8-no/man:1;/opt/sw/spack/apps/linux-rhel8-x86_64_v2/gcc-10.3.0/curl-7.80.0-rm/share/man:1;/opt/sw/spack/apps/linux-rhel8-x86_64_v2/gcc-10.3.0/openmpi-4.1.2-4a/share/man:1;/opt/sw/spack/apps/linux-rhel8-x86_64_v2/gcc-10.3.0/zlib-1.2.11-2y/share/man:1;/opt/sw/spack/apps/linux-rhel8-x86_64_v2/gcc-9.3.0/gcc-10.3.0-ya/share/man:1;/usr/share/man:4;/opt/ohpc/pub/utils/autotools/share/man:1;/usr/local/share/man:4;/usr/share/man/overrides:4;/usr/share/man/en:4, env.NVM_INC=/home/tbaral/.nvm/versions/node/v24.0.0/include/node, env.TERM_PROGRAM=vscode, env.BUNDLED_DEBUGPY_PATH=/home/tbaral/.vscode-server/extensions/ms-python.debugpy-2025.10.0-linux-x64/bundled/libs/debugpy, env.PRTE_MCA_plm_slurm_args=--external-launcher, env.SLURM_OOM_KILL_STEP=0, java.vm.specification.version=1.8, env.SLURM_TASKS_PER_NODE=1, env.LMOD_AUTO_SWAP=yes, env.MAVEN_REPO=/home/tbaral/.m2/repository, env._ModuleTable007_=c3BhY2svbW9kdWxlcy9sbW9kL2xpbnV4LXJoZWw4LXg4Nl82NC9nY2MvMTAuMy4wL3psaWIvMS4yLjExLTJ5Lmx1YSIsWyJmdWxsTmFtZSJdPSJ6bGliLzEuMi4xMS0yeSIsWyJsb2FkT3JkZXIiXT03LHByb3BUPXt9LFsicmVmX2NvdW50Il09NCxbInN0YWNrRGVwdGgiXT0yLFsic3RhdHVzIl09ImFjdGl2ZSIsWyJ1c2VyTmFtZSJdPSJ6bGliLzEuMi4xMS0yeSIsfSx9LG1wYXRoQT17Ii9vcHQvc3cvb3RoZXIvbW9kdWxlZGVwcy9saW51eC1yaGVsOC14ODZfNjRfdjIvZ2NjLTEwLjMuMC1vcGVubXBpLTQuMS4yIiwiL29wdC9zdy9zcGFjay9tb2R1bGVkZXBzL2xpbnV4LXJoZWw4LXg4Nl82NC9nbnUtMTAuMy4wLW9wZW5tcGktNC4xLjIiLCIvb3B0L3N3L290aGVyL21vZHVs, env.NLSPATH=/usr/dt/lib/nls/msg/%L/%N.cat, slf4j.version=1.7.25, awt.toolkit=sun.awt.X11.XToolkit, env.SLURM_TRES_PER_TASK=cpu=16, sun.cpu.isalist=, env.MAVEN_PROJECTBASEDIR=/scratch/tbaral/ase26/nod-rr/NOD-Test-Repair/run_flakerake/projects_complete/48, env.SLURM_SUBMIT_DIR=/scratch/tbaral/ase26/nod-rr/NOD-Test-Repair/run_flakerake, java.ext.dirs=/scratch/tbaral/ase26/otog/setups/jdk1.8.0_102/jre/lib/ext:/usr/java/packages/lib/ext, env.VSCODE_IPC_HOOK_CLI=/run/user/1224545917/vscode-ipc-f19fb63b-0b65-4971-b2e8-c5cbc4c52179.sock, os.version=4.18.0-553.33.1.el8_10.x86_64, env.SSL_CERT_FILE=/etc/pki/ca-trust/extracted/pem/tls-ca-bundle.pem, env.SSL_CERT_DIR=/etc/pki/tls/certs, user.home=/home/tbaral, java.vm.vendor=Oracle Corporation, env.BASH_FUNC_which%%=() {  ( alias;
 eval ${which_declare} ) | /usr/bin/which --tty-only --read-alias --read-functions --show-tilde --show-dot $@
}, env.PKG_CONFIG_PATH=/opt/sw/spack/apps/linux-rhel8-x86_64_v2/gcc-10.3.0/curl-7.80.0-rm/lib/pkgconfig:/opt/sw/spack/apps/linux-rhel8-x86_64_v2/gcc-10.3.0/openmpi-4.1.2-4a/lib/pkgconfig:/opt/sw/spack/apps/linux-rhel8-x86_64_v2/gcc-10.3.0/zlib-1.2.11-2y/lib/pkgconfig, env.JAVA_HOME=/scratch/tbaral/ase26/otog/setups/jdk1.8.0_102, env.XDG_SESSION_ID=1862, maven.conf=/scratch/tbaral/ase26/otog/setups/maven/conf, user.dir=/scratch/tbaral/ase26/nod-rr/NOD-Test-Repair/run_flakerake/projects_complete/48, env.SLURM_NNODES=1, env.XFILESEARCHPATH=/usr/dt/app-defaults/%L/Dt, env.MAIL=/var/spool/mail/tbaral, env.PERL_ROOT=/opt/sw/spack/apps/linux-rhel8-x86_64_v2/gcc-10.3.0/perl-5.34.0-lm, env.PWD=/scratch/tbaral/ase26/nod-rr/NOD-Test-Repair/run_flakerake/projects_complete/48, env.__LMOD_REF_COUNT_PKG_CONFIG_PATH=/opt/sw/spack/apps/linux-rhel8-x86_64_v2/gcc-10.3.0/curl-7.80.0-rm/lib/pkgconfig:1;/opt/sw/spack/apps/linux-rhel8-x86_64_v2/gcc-10.3.0/openmpi-4.1.2-4a/lib/pkgconfig:1;/opt/sw/spack/apps/linux-rhel8-x86_64_v2/gcc-10.3.0/zlib-1.2.11-2y/lib/pkgconfig:1, env._ModuleTable006_=MzQuMC1sbSIsfSxwcnVuPXtbImZuIl09Ii9vcHQvb2hwYy9wdWIvbW9kdWxlZmlsZXMvcHJ1bi8yLjAubHVhIixbImZ1bGxOYW1lIl09InBydW4vMi4wIixbImxvYWRPcmRlciJdPTQscHJvcFQ9e30sWyJzdGFja0RlcHRoIl09MSxbInN0YXR1cyJdPSJhY3RpdmUiLFsidXNlck5hbWUiXT0icHJ1biIsfSxbInVzZS5vd24iXT17WyJmbiJdPSIvb3B0L29ocGMvYWRtaW4vbG1vZC84LjIuMTAvbW9kdWxlZmlsZXMvQ29yZS91c2Uub3duLmx1YSIsWyJmdWxsTmFtZSJdPSJ1c2Uub3duIixbImxvYWRPcmRlciJdPTIscHJvcFQ9e30sWyJzdGFja0RlcHRoIl09MSxbInN0YXR1cyJdPSJhY3RpdmUiLFsidXNlck5hbWUiXT0idXNlLm93biIsfSx6bGliPXtbImZuIl09Ii9vcHQvc3cv, env.SLURM_SUBMIT_HOST=amd032.orc.gmu.edu, env.GIT_ROOT=/opt/sw/spack/apps/linux-rhel8-x86_64_v2/gcc-10.3.0/git-2.39.1-vd, sun.cpu.endian=little, env.SLURM_GTIDS=0, env.SLURM_TOPOLOGY_ADDR=amd073, env.__LMOD_REF_COUNT_CPLUS_INCLUDE_PATH=/opt/sw/spack/apps/linux-rhel8-x86_64_v2/gcc-10.3.0/bzip2-1.0.8-no/include:1;/opt/sw/spack/apps/linux-rhel8-x86_64_v2/gcc-10.3.0/curl-7.80.0-rm/include:1;/opt/sw/spack/apps/linux-rhel8-x86_64_v2/gcc-10.3.0/openmpi-4.1.2-4a/include:1;/opt/sw/spack/apps/linux-rhel8-x86_64_v2/gcc-10.3.0/zlib-1.2.11-2y/include:1;/opt/sw/spack/apps/linux-rhel8-x86_64_v2/gcc-9.3.0/gcc-10.3.0-ya/include:1, env.ZLIB_ROOT=/opt/sw/spack/apps/linux-rhel8-x86_64_v2/gcc-10.3.0/zlib-1.2.11-2y, env.TMPDIR=/tmp, env.SLURM_JOB_NUM_NODES=1, env.__LMOD_REF_COUNT_PATH=/opt/sw/spack/apps/linux-rhel8-x86_64_v2/gcc-10.3.0/git-2.39.1-vd/bin:1;/opt/sw/spack/apps/linux-rhel8-x86_64_v2/gcc-10.3.0/perl-5.34.0-lm/bin:1;/opt/sw/spack/apps/linux-rhel8-x86_64_v2/gcc-10.3.0/bzip2-1.0.8-no/bin:1;/opt/sw/spack/apps/linux-rhel8-x86_64_v2/gcc-10.3.0/curl-7.80.0-rm/bin:1;/opt/sw/spack/apps/linux-rhel8-x86_64_v2/gcc-10.3.0/openmpi-4.1.2-4a/bin:1;/opt/sw/spack/apps/linux-rhel8-x86_64_v2/gcc-9.3.0/gcc-10.3.0-ya/bin:1;/home/tbaral/.nvm/versions/node/v24.0.0/bin:1;/home/tbaral/.sdkman/candidates/java/current/bin:1;/home/tbaral/.vscode-server/cli/servers/Stable-2901c5ac6db8a986a5666c3af51ff804d05af0d4/server/bin/remote-cli:1;/opt/ohpc/pub/utils/prun/2.0:1;/opt/ohpc/pub/utils/autotools/bin:1;/opt/ohpc/pub/bin:2;/usr/local/bin:1;/usr/bin:1;/usr/local/sbin:1;/usr/sbin:1;/opt/dell/srvadmin/bin:1;/home/tbaral/.vscode-server/extensions/ms-python.debugpy-2025.10.0-linux-x64/bundled/scripts/noConfigScripts:1;/home/tbaral/.vscode-server/data/User/globalStorage/github.copilot-chat/debugCommand:1, env.SLURM_JOB_CPUS_PER_NODE=16, env.CPLUS_INCLUDE_PATH=/opt/sw/spack/apps/linux-rhel8-x86_64_v2/gcc-10.3.0/bzip2-1.0.8-no/include:/opt/sw/spack/apps/linux-rhel8-x86_64_v2/gcc-10.3.0/curl-7.80.0-rm/include:/opt/sw/spack/apps/linux-rhel8-x86_64_v2/gcc-10.3.0/openmpi-4.1.2-4a/include:/opt/sw/spack/apps/linux-rhel8-x86_64_v2/gcc-10.3.0/zlib-1.2.11-2y/include:/opt/sw/spack/apps/linux-rhel8-x86_64_v2/gcc-9.3.0/gcc-10.3.0-ya/include, java.vm.version=25.102-b14, java.class.path=/scratch/tbaral/ase26/otog/setups/maven/boot/plexus-classworlds-2.6.0.jar, env.__LMOD_REF_COUNT_LOADEDMODULES=ohpc:1;use.own:1;autotools:1;prun/2.0:1;hosts/hopper:1;gnu10/10.3.0-ya:1;zlib/1.2.11-2y:1;openmpi4/4.1.2-4a:1;curl/7.80.0-rm:1;bzip2/1.0.8-no:1;perl/5.34.0-lm:1;git/2.39.1-vd:1, os.arch=amd64, maven.build.version=Apache Maven 3.6.3 (cecedd343002696d0abb50b32b541b8a6ba2883f), env.SLURM_LOCALID=0, env.LMOD_SHORT_TIME=1, env.SLURM_CONF=/opt/slurm/24.11.5/etc/slurm.conf, sun.java.launcher=SUN_STANDARD, env.LMOD_CACHE_DIR=/opt/ohpc/admin/lmod/etc/system-cache, env._ModuleTable005_=LXg4Nl82NC9nY2MvMTAuMy4wL29wZW5tcGk0LzQuMS4yLTRhLmx1YSIsWyJmdWxsTmFtZSJdPSJvcGVubXBpNC80LjEuMi00YSIsWyJsb2FkT3JkZXIiXT04LHByb3BUPXt9LFsic3RhY2tEZXB0aCJdPTAsWyJzdGF0dXMiXT0iYWN0aXZlIixbInVzZXJOYW1lIl09Im9wZW5tcGk0Iix9LHBlcmw9e1siZm4iXT0iL29wdC9zdy9zcGFjay9tb2R1bGVzL2xtb2QvbGludXgtcmhlbDgteDg2XzY0L2djYy8xMC4zLjAvcGVybC81LjM0LjAtbG0ubHVhIixbImZ1bGxOYW1lIl09InBlcmwvNS4zNC4wLWxtIixbImxvYWRPcmRlciJdPTExLHByb3BUPXt9LFsicmVmX2NvdW50Il09MSxbInN0YWNrRGVwdGgiXT0xLFsic3RhdHVzIl09ImFjdGl2ZSIsWyJ1c2VyTmFtZSJdPSJwZXJsLzUu, java.vm.specification.vendor=Oracle Corporation, file.separator=/, env.FLAKY_MVN_INSTALL_OPTS=-DskipTests -q -B -fn -s $FLAKY_HOME/shell_scripts/maven-repo-fix-settings.xml -DskipITs, java.runtime.version=1.8.0_102-b14, sun.boot.class.path=/scratch/tbaral/ase26/otog/setups/jdk1.8.0_102/jre/lib/resources.jar:/scratch/tbaral/ase26/otog/setups/jdk1.8.0_102/jre/lib/rt.jar:/scratch/tbaral/ase26/otog/setups/jdk1.8.0_102/jre/lib/sunrsasign.jar:/scratch/tbaral/ase26/otog/setups/jdk1.8.0_102/jre/lib/jsse.jar:/scratch/tbaral/ase26/otog/setups/jdk1.8.0_102/jre/lib/jce.jar:/scratch/tbaral/ase26/otog/setups/jdk1.8.0_102/jre/lib/charsets.jar:/scratch/tbaral/ase26/otog/setups/jdk1.8.0_102/jre/lib/jfr.jar:/scratch/tbaral/ase26/otog/setups/jdk1.8.0_102/jre/classes, env.SSH_AUTH_SOCK=/tmp/ssh-N3VTTqTV7uma/agent.1005442, env.XDG_RUNTIME_DIR=/run/user/1224545917, maven.version=3.6.3, env.__LMOD_REF_COUNT_MODULEPATH=/opt/sw/other/moduledeps/linux-rhel8-x86_64_v2/gcc-10.3.0-openmpi-4.1.2:1;/opt/sw/spack/moduledeps/linux-rhel8-x86_64/gnu-10.3.0-openmpi-4.1.2:1;/opt/sw/other/moduledeps/linux-rhel8-x86_64_v2/gcc-10.3.0:1;/opt/sw/spack/modules/lmod-2024/linux-rhel8-x86_64/gcc/10.3.0:1;/opt/sw/spack/modules/lmod/linux-rhel8-x86_64/gcc/10.3.0:1;/opt/sw/other/modulefiles:1;/opt/ohpc/pub/modulefiles:2;/etc/modulefiles/Core:1;/opt/ohpc/admin/lmod/8.2.10/modulefiles/Core:1;/home/tbaral/privatemodules:1, env.MPICXX=/opt/sw/spack/apps/linux-rhel8-x86_64_v2/gcc-10.3.0/openmpi-4.1.2-4a/bin/mpic++, user.country=US, env.LMOD_ROOT=/opt/ohpc/admin/lmod, maven.home=/scratch/tbaral/ase26/otog/setups/maven, env.SHELL=/bin/bash, env._ModuleTable004_=dTEwIix9LGhvc3RzPXtbImZuIl09Ii9ldGMvbW9kdWxlZmlsZXMvQ29yZS9ob3N0cy9ob3BwZXIiLFsiZnVsbE5hbWUiXT0iaG9zdHMvaG9wcGVyIixbImxvYWRPcmRlciJdPTUscHJvcFQ9e30sWyJzdGFja0RlcHRoIl09MCxbInN0YXR1cyJdPSJhY3RpdmUiLFsidXNlck5hbWUiXT0iaG9zdHMvaG9wcGVyIix9LG9ocGM9e1siZm4iXT0iL29wdC9vaHBjL3B1Yi9tb2R1bGVmaWxlcy9vaHBjIixbImZ1bGxOYW1lIl09Im9ocGMiLFsibG9hZE9yZGVyIl09MSxwcm9wVD17fSxbInN0YWNrRGVwdGgiXT0wLFsic3RhdHVzIl09ImFjdGl2ZSIsWyJ1c2VyTmFtZSJdPSJvaHBjIix9LG9wZW5tcGk0PXtbImZuIl09Ii9vcHQvc3cvc3BhY2svbW9kdWxlcy9sbW9kL2xpbnV4LXJoZWw4, env.NVM_CD_FLAGS=, java.vendor=Oracle Corporation, env.I_MPI_HYDRA_BOOTSTRAP_EXEC_EXTRA_ARGS=--external-launcher, env.SLURM_CPUS_PER_TASK=16, env._LMFILES_=/opt/ohpc/pub/modulefiles/ohpc:/opt/ohpc/admin/lmod/8.2.10/modulefiles/Core/use.own.lua:/opt/ohpc/pub/modulefiles/autotools.lua:/opt/ohpc/pub/modulefiles/prun/2.0.lua:/etc/modulefiles/Core/hosts/hopper:/opt/ohpc/pub/modulefiles/gnu10/10.3.0-ya.lua:/opt/sw/spack/modules/lmod/linux-rhel8-x86_64/gcc/10.3.0/zlib/1.2.11-2y.lua:/opt/sw/spack/modules/lmod/linux-rhel8-x86_64/gcc/10.3.0/openmpi4/4.1.2-4a.lua:/opt/sw/spack/modules/lmod/linux-rhel8-x86_64/gcc/10.3.0/curl/7.80.0-rm.lua:/opt/sw/spack/modules/lmod/linux-rhel8-x86_64/gcc/10.3.0/bzip2/1.0.8-no.lua:/opt/sw/spack/modules/lmod/linux-rhel8-x86_64/gcc/10.3.0/perl/5.34.0-lm.lua:/opt/sw/spack/modules/lmod/linux-rhel8-x86_64/gcc/10.3.0/git/2.39.1-vd.lua, env.FLAKY_HOME=/scratch/tbaral/ase26/nod-rr/NOD-Test-Repair/flakerake, java.specification.version=1.8, sun.arch.data.model=64}
[INFO] Using 'UTF-8' encoding to copy filtered resources.
[DEBUG] resource with targetPath null
directory /scratch/tbaral/ase26/nod-rr/NOD-Test-Repair/run_flakerake/projects_complete/48/src/main/resources
excludes []
includes []
[INFO] skip non existing resourceDirectory /scratch/tbaral/ase26/nod-rr/NOD-Test-Repair/run_flakerake/projects_complete/48/src/main/resources
[DEBUG] no use filter components
[INFO] 
[INFO] --- maven-compiler-plugin:3.7.0:compile (default-compile) @ Java-WebSocket ---
[DEBUG] Dependency collection stats: {ConflictMarker.analyzeTime=306820, ConflictMarker.markTime=184749, ConflictMarker.nodeCount=118, ConflictIdSorter.graphTime=291551, ConflictIdSorter.topsortTime=44494, ConflictIdSorter.conflictIdCount=45, ConflictIdSorter.conflictIdCycleCount=0, ConflictResolver.totalTime=1181682, ConflictResolver.conflictItemCount=72, DefaultDependencyCollector.collectTime=1085046608, DefaultDependencyCollector.transformTime=2033281}
[DEBUG] org.apache.maven.plugins:maven-compiler-plugin:jar:3.7.0
[DEBUG]    org.apache.maven:maven-plugin-api:jar:3.0:compile
[DEBUG]       org.apache.maven:maven-model:jar:3.0:compile
[DEBUG]       org.sonatype.sisu:sisu-inject-plexus:jar:1.4.2:compile
[DEBUG]          org.sonatype.sisu:sisu-inject-bean:jar:1.4.2:compile
[DEBUG]             org.sonatype.sisu:sisu-guice:jar:noaop:2.1.7:compile
[DEBUG]    org.apache.maven:maven-artifact:jar:3.0:compile
[DEBUG]       org.codehaus.plexus:plexus-utils:jar:2.0.4:compile
[DEBUG]    org.apache.maven:maven-core:jar:3.0:compile
[DEBUG]       org.apache.maven:maven-settings:jar:3.0:compile
[DEBUG]       org.apache.maven:maven-settings-builder:jar:3.0:compile
[DEBUG]       org.apache.maven:maven-repository-metadata:jar:3.0:compile
[DEBUG]       org.apache.maven:maven-model-builder:jar:3.0:compile
[DEBUG]       org.apache.maven:maven-aether-provider:jar:3.0:runtime
[DEBUG]       org.sonatype.aether:aether-impl:jar:1.7:compile
[DEBUG]          org.sonatype.aether:aether-spi:jar:1.7:compile
[DEBUG]       org.sonatype.aether:aether-api:jar:1.7:compile
[DEBUG]       org.sonatype.aether:aether-util:jar:1.7:compile
[DEBUG]       org.codehaus.plexus:plexus-interpolation:jar:1.14:compile
[DEBUG]       org.codehaus.plexus:plexus-classworlds:jar:2.2.3:compile
[DEBUG]       org.codehaus.plexus:plexus-component-annotations:jar:1.6:compile (version managed from default)
[DEBUG]       org.sonatype.plexus:plexus-sec-dispatcher:jar:1.3:compile
[DEBUG]          org.sonatype.plexus:plexus-cipher:jar:1.4:compile
[DEBUG]    org.apache.maven.shared:maven-shared-utils:jar:3.1.0:compile
[DEBUG]       commons-io:commons-io:jar:2.5:compile
[DEBUG]    org.apache.maven.shared:maven-shared-incremental:jar:1.1:compile
[DEBUG]    org.codehaus.plexus:plexus-java:jar:0.9.2:compile
[DEBUG]       org.ow2.asm:asm:jar:6.0_BETA:compile
[DEBUG]       com.thoughtworks.qdox:qdox:jar:2.0-M7:compile
[DEBUG]    org.codehaus.plexus:plexus-compiler-api:jar:2.8.2:compile
[DEBUG]    org.codehaus.plexus:plexus-compiler-manager:jar:2.8.2:compile
[DEBUG]    org.codehaus.plexus:plexus-compiler-javac:jar:2.8.2:runtime
[DEBUG] Created new class realm plugin>org.apache.maven.plugins:maven-compiler-plugin:3.7.0
[DEBUG] Importing foreign packages into class realm plugin>org.apache.maven.plugins:maven-compiler-plugin:3.7.0
[DEBUG]   Imported:  < maven.api
[DEBUG] Populating class realm plugin>org.apache.maven.plugins:maven-compiler-plugin:3.7.0
[DEBUG]   Included: org.apache.maven.plugins:maven-compiler-plugin:jar:3.7.0
[DEBUG]   Included: org.sonatype.sisu:sisu-inject-bean:jar:1.4.2
[DEBUG]   Included: org.sonatype.sisu:sisu-guice:jar:noaop:2.1.7
[DEBUG]   Included: org.codehaus.plexus:plexus-utils:jar:2.0.4
[DEBUG]   Included: org.sonatype.aether:aether-util:jar:1.7
[DEBUG]   Included: org.codehaus.plexus:plexus-interpolation:jar:1.14
[DEBUG]   Included: org.codehaus.plexus:plexus-component-annotations:jar:1.6
[DEBUG]   Included: org.sonatype.plexus:plexus-sec-dispatcher:jar:1.3
[DEBUG]   Included: org.sonatype.plexus:plexus-cipher:jar:1.4
[DEBUG]   Included: org.apache.maven.shared:maven-shared-utils:jar:3.1.0
[DEBUG]   Included: commons-io:commons-io:jar:2.5
[DEBUG]   Included: org.apache.maven.shared:maven-shared-incremental:jar:1.1
[DEBUG]   Included: org.codehaus.plexus:plexus-java:jar:0.9.2
[DEBUG]   Included: org.ow2.asm:asm:jar:6.0_BETA
[DEBUG]   Included: com.thoughtworks.qdox:qdox:jar:2.0-M7
[DEBUG]   Included: org.codehaus.plexus:plexus-compiler-api:jar:2.8.2
[DEBUG]   Included: org.codehaus.plexus:plexus-compiler-manager:jar:2.8.2
[DEBUG]   Included: org.codehaus.plexus:plexus-compiler-javac:jar:2.8.2
[DEBUG] Configuring mojo org.apache.maven.plugins:maven-compiler-plugin:3.7.0:compile from plugin realm ClassRealm[plugin>org.apache.maven.plugins:maven-compiler-plugin:3.7.0, parent: sun.misc.Launcher$AppClassLoader@5c647e05]
[DEBUG] Configuring mojo 'org.apache.maven.plugins:maven-compiler-plugin:3.7.0:compile' with basic configurator -->
[DEBUG]   (f) basedir = /scratch/tbaral/ase26/nod-rr/NOD-Test-Repair/run_flakerake/projects_complete/48
[DEBUG]   (f) buildDirectory = /scratch/tbaral/ase26/nod-rr/NOD-Test-Repair/run_flakerake/projects_complete/48/target
[DEBUG]   (f) compilePath = [/scratch/tbaral/ase26/nod-rr/NOD-Test-Repair/run_flakerake/projects_complete/48/target/classes, /home/tbaral/.m2/repository/org/slf4j/slf4j-api/1.7.25/slf4j-api-1.7.25.jar]
[DEBUG]   (f) compileSourceRoots = [/scratch/tbaral/ase26/nod-rr/NOD-Test-Repair/run_flakerake/projects_complete/48/src/main/java]
[DEBUG]   (f) compilerId = javac
[DEBUG]   (f) debug = true
[DEBUG]   (f) encoding = UTF-8
[DEBUG]   (f) failOnError = true
[DEBUG]   (f) failOnWarning = false
[DEBUG]   (f) forceJavacCompilerUse = false
[DEBUG]   (f) fork = false
[DEBUG]   (f) generatedSourcesDirectory = /scratch/tbaral/ase26/nod-rr/NOD-Test-Repair/run_flakerake/projects_complete/48/target/generated-sources/annotations
[DEBUG]   (f) mojoExecution = org.apache.maven.plugins:maven-compiler-plugin:3.7.0:compile {execution: default-compile}
[DEBUG]   (f) optimize = false
[DEBUG]   (f) outputDirectory = /scratch/tbaral/ase26/nod-rr/NOD-Test-Repair/run_flakerake/projects_complete/48/target/classes
[DEBUG]   (f) parameters = false
[DEBUG]   (f) project = MavenProject: org.java-websocket:Java-WebSocket:1.4.0-SNAPSHOT @ /scratch/tbaral/ase26/nod-rr/NOD-Test-Repair/run_flakerake/projects_complete/48/pom.xml
[DEBUG]   (f) projectArtifact = org.java-websocket:Java-WebSocket:jar:1.4.0-SNAPSHOT
[DEBUG]   (f) session = org.apache.maven.execution.MavenSession@7555b920
[DEBUG]   (f) showDeprecation = false
[DEBUG]   (f) showWarnings = false
[DEBUG]   (f) skipMultiThreadWarning = false
[DEBUG]   (f) source = 1.6
[DEBUG]   (f) staleMillis = 0
[DEBUG]   (f) target = 1.6
[DEBUG]   (f) useIncrementalCompilation = true
[DEBUG]   (f) verbose = false
[DEBUG] -- end configuration --
[DEBUG] Using compiler 'javac'.
[DEBUG] Adding /scratch/tbaral/ase26/nod-rr/NOD-Test-Repair/run_flakerake/projects_complete/48/target/generated-sources/annotations to compile source roots:
  /scratch/tbaral/ase26/nod-rr/NOD-Test-Repair/run_flakerake/projects_complete/48/src/main/java
[DEBUG] New compile source roots:
  /scratch/tbaral/ase26/nod-rr/NOD-Test-Repair/run_flakerake/projects_complete/48/src/main/java
  /scratch/tbaral/ase26/nod-rr/NOD-Test-Repair/run_flakerake/projects_complete/48/target/generated-sources/annotations
[DEBUG] CompilerReuseStrategy: reuseCreated
[DEBUG] useIncrementalCompilation enabled
[DEBUG] Stale source detected: /scratch/tbaral/ase26/nod-rr/NOD-Test-Repair/run_flakerake/projects_complete/48/src/main/java/org/java_websocket/client/package-info.java
[DEBUG] Stale source detected: /scratch/tbaral/ase26/nod-rr/NOD-Test-Repair/run_flakerake/projects_complete/48/src/main/java/org/java_websocket/exceptions/package-info.java
[DEBUG] Stale source detected: /scratch/tbaral/ase26/nod-rr/NOD-Test-Repair/run_flakerake/projects_complete/48/src/main/java/org/java_websocket/protocols/package-info.java
[DEBUG] Stale source detected: /scratch/tbaral/ase26/nod-rr/NOD-Test-Repair/run_flakerake/projects_complete/48/src/main/java/org/java_websocket/server/package-info.java
[DEBUG] Stale source detected: /scratch/tbaral/ase26/nod-rr/NOD-Test-Repair/run_flakerake/projects_complete/48/src/main/java/org/java_websocket/drafts/package-info.java
[DEBUG] Stale source detected: /scratch/tbaral/ase26/nod-rr/NOD-Test-Repair/run_flakerake/projects_complete/48/src/main/java/org/java_websocket/extensions/package-info.java
[DEBUG] Stale source detected: /scratch/tbaral/ase26/nod-rr/NOD-Test-Repair/run_flakerake/projects_complete/48/src/main/java/org/java_websocket/handshake/package-info.java
[DEBUG] Stale source detected: /scratch/tbaral/ase26/nod-rr/NOD-Test-Repair/run_flakerake/projects_complete/48/src/main/java/org/java_websocket/framing/package-info.java
[DEBUG] Stale source detected: /scratch/tbaral/ase26/nod-rr/NOD-Test-Repair/run_flakerake/projects_complete/48/src/main/java/org/java_websocket/util/package-info.java
[DEBUG] Stale source detected: /scratch/tbaral/ase26/nod-rr/NOD-Test-Repair/run_flakerake/projects_complete/48/src/main/java/org/java_websocket/enums/package-info.java
[INFO] Changes detected - recompiling the module!
[DEBUG] Classpath:
[DEBUG]  /scratch/tbaral/ase26/nod-rr/NOD-Test-Repair/run_flakerake/projects_complete/48/target/classes
[DEBUG]  /home/tbaral/.m2/repository/org/slf4j/slf4j-api/1.7.25/slf4j-api-1.7.25.jar
[DEBUG] Source roots:
[DEBUG]  /scratch/tbaral/ase26/nod-rr/NOD-Test-Repair/run_flakerake/projects_complete/48/src/main/java
[DEBUG]  /scratch/tbaral/ase26/nod-rr/NOD-Test-Repair/run_flakerake/projects_complete/48/target/generated-sources/annotations
[DEBUG] Command line options:
[DEBUG] -d /scratch/tbaral/ase26/nod-rr/NOD-Test-Repair/run_flakerake/projects_complete/48/target/classes -classpath /scratch/tbaral/ase26/nod-rr/NOD-Test-Repair/run_flakerake/projects_complete/48/target/classes:/home/tbaral/.m2/repository/org/slf4j/slf4j-api/1.7.25/slf4j-api-1.7.25.jar: -sourcepath /scratch/tbaral/ase26/nod-rr/NOD-Test-Repair/run_flakerake/projects_complete/48/src/main/java:/scratch/tbaral/ase26/nod-rr/NOD-Test-Repair/run_flakerake/projects_complete/48/target/generated-sources/annotations: -s /scratch/tbaral/ase26/nod-rr/NOD-Test-Repair/run_flakerake/projects_complete/48/target/generated-sources/annotations -g -nowarn -target 1.6 -source 1.6 -encoding UTF-8
[DEBUG] incrementalBuildHelper#beforeRebuildExecution
[INFO] Compiling 69 source files to /scratch/tbaral/ase26/nod-rr/NOD-Test-Repair/run_flakerake/projects_complete/48/target/classes
[DEBUG] incrementalBuildHelper#afterRebuildExecution
[INFO] 
[INFO] --- maven-resources-plugin:2.6:testResources (default-testResources) @ Java-WebSocket ---
[DEBUG] Configuring mojo org.apache.maven.plugins:maven-resources-plugin:2.6:testResources from plugin realm ClassRealm[plugin>org.apache.maven.plugins:maven-resources-plugin:2.6, parent: sun.misc.Launcher$AppClassLoader@5c647e05]
[DEBUG] Configuring mojo 'org.apache.maven.plugins:maven-resources-plugin:2.6:testResources' with basic configurator -->
[DEBUG]   (f) buildFilters = []
[DEBUG]   (f) encoding = UTF-8
[DEBUG]   (f) escapeWindowsPaths = true
[DEBUG]   (s) includeEmptyDirs = false
[DEBUG]   (s) outputDirectory = /scratch/tbaral/ase26/nod-rr/NOD-Test-Repair/run_flakerake/projects_complete/48/target/test-classes
[DEBUG]   (s) overwrite = false
[DEBUG]   (f) project = MavenProject: org.java-websocket:Java-WebSocket:1.4.0-SNAPSHOT @ /scratch/tbaral/ase26/nod-rr/NOD-Test-Repair/run_flakerake/projects_complete/48/pom.xml
[DEBUG]   (s) resources = [Resource {targetPath: null, filtering: false, FileSet {directory: /scratch/tbaral/ase26/nod-rr/NOD-Test-Repair/run_flakerake/projects_complete/48/src/test/resources, PatternSet [includes: {}, excludes: {}]}}]
[DEBUG]   (f) session = org.apache.maven.execution.MavenSession@7555b920
[DEBUG]   (f) supportMultiLineFiltering = false
[DEBUG]   (f) useBuildFilters = true
[DEBUG]   (s) useDefaultDelimiters = true
[DEBUG] -- end configuration --
[DEBUG] properties used {env.OLDPWD=/scratch/tbaral/ase26/nod-rr/NOD-Test-Repair/run_flakerake/projects_complete/48, file.encoding.pkg=sun.io, env.ACLOCAL_PATH=/opt/sw/spack/apps/linux-rhel8-x86_64_v2/gcc-10.3.0/curl-7.80.0-rm/share/aclocal, env.MPIF90=/opt/sw/spack/apps/linux-rhel8-x86_64_v2/gcc-10.3.0/openmpi-4.1.2-4a/bin/mpif90, env.LMOD_FAMILY_COMPILER=gnu10, java.home=/scratch/tbaral/ase26/otog/setups/jdk1.8.0_102/jre, env.SLURM_JOB_UID=1224545917, env._ModuleTable003_=ODAuMC1ybSIsfSxnaXQ9e1siZm4iXT0iL29wdC9zdy9zcGFjay9tb2R1bGVzL2xtb2QvbGludXgtcmhlbDgteDg2XzY0L2djYy8xMC4zLjAvZ2l0LzIuMzkuMS12ZC5sdWEiLFsiZnVsbE5hbWUiXT0iZ2l0LzIuMzkuMS12ZCIsWyJsb2FkT3JkZXIiXT0xMixwcm9wVD17fSxbInN0YWNrRGVwdGgiXT0wLFsic3RhdHVzIl09ImFjdGl2ZSIsWyJ1c2VyTmFtZSJdPSJnaXQiLH0sZ251MTA9e1siZm4iXT0iL29wdC9vaHBjL3B1Yi9tb2R1bGVmaWxlcy9nbnUxMC8xMC4zLjAteWEubHVhIixbImZ1bGxOYW1lIl09ImdudTEwLzEwLjMuMC15YSIsWyJsb2FkT3JkZXIiXT02LHByb3BUPXt9LFsic3RhY2tEZXB0aCJdPTAsWyJzdGF0dXMiXT0iYWN0aXZlIixbInVzZXJOYW1lIl09Imdu, env.LMOD_SETTARG_FULL_SUPPORT=no, env.CMAKE_PREFIX_PATH=/opt/sw/spack/apps/linux-rhel8-x86_64_v2/gcc-10.3.0/git-2.39.1-vd:/opt/sw/spack/apps/linux-rhel8-x86_64_v2/gcc-10.3.0/perl-5.34.0-lm:/opt/sw/spack/apps/linux-rhel8-x86_64_v2/gcc-10.3.0/bzip2-1.0.8-no:/opt/sw/spack/apps/linux-rhel8-x86_64_v2/gcc-10.3.0/curl-7.80.0-rm:/opt/sw/spack/apps/linux-rhel8-x86_64_v2/gcc-10.3.0/openmpi-4.1.2-4a:/opt/sw/spack/apps/linux-rhel8-x86_64_v2/gcc-10.3.0/zlib-1.2.11-2y:/opt/sw/spack/apps/linux-rhel8-x86_64_v2/gcc-9.3.0/gcc-10.3.0-ya, env.SDKMAN_CANDIDATES_API=https://api.sdkman.io/2, env.LMOD_PACKAGE_PATH=/opt/ohpc/admin/lmod/8.2.10, env.HYDRA_LAUNCHER_EXTRA_ARGS=--external-launcher, env.__LMOD_REF_COUNT_CMAKE_PREFIX_PATH=/opt/sw/spack/apps/linux-rhel8-x86_64_v2/gcc-10.3.0/git-2.39.1-vd:1;/opt/sw/spack/apps/linux-rhel8-x86_64_v2/gcc-10.3.0/perl-5.34.0-lm:1;/opt/sw/spack/apps/linux-rhel8-x86_64_v2/gcc-10.3.0/bzip2-1.0.8-no:1;/opt/sw/spack/apps/linux-rhel8-x86_64_v2/gcc-10.3.0/curl-7.80.0-rm:1;/opt/sw/spack/apps/linux-rhel8-x86_64_v2/gcc-10.3.0/openmpi-4.1.2-4a:1;/opt/sw/spack/apps/linux-rhel8-x86_64_v2/gcc-10.3.0/zlib-1.2.11-2y:1;/opt/sw/spack/apps/linux-rhel8-x86_64_v2/gcc-9.3.0/gcc-10.3.0-ya:1, env.ENVIRONMENT=BATCH, classworlds.conf=/scratch/tbaral/ase26/otog/setups/maven/bin/m2.conf, env.SDKMAN_CANDIDATES_DIR=/home/tbaral/.sdkman/candidates, env.SLURM_JOBID=3955027, java.endorsed.dirs=/scratch/tbaral/ase26/otog/setups/jdk1.8.0_102/jre/lib/endorsed, env.VSCODE_DEBUGPY_ADAPTER_ENDPOINTS=/home/tbaral/.vscode-server/extensions/ms-python.debugpy-2025.10.0-linux-x64/.noConfigDebugAdapterEndpoints/endpoint-703a47885604cb2b.txt, env.LOGNAME=tbaral, env.MPICC=/opt/sw/spack/apps/linux-rhel8-x86_64_v2/gcc-10.3.0/openmpi-4.1.2-4a/bin/mpicc, sun.os.patch.level=unknown, env.OPENMPI_ROOT=/opt/sw/spack/apps/linux-rhel8-x86_64_v2/gcc-10.3.0/openmpi-4.1.2-4a, test=org.java_websocket.issues.Issue256Test#runReconnectScenario2, java.vendor.url=http://java.oracle.com/, env.INCLUDE=/opt/sw/spack/apps/linux-rhel8-x86_64_v2/gcc-10.3.0/bzip2-1.0.8-no/include:/opt/sw/spack/apps/linux-rhel8-x86_64_v2/gcc-10.3.0/curl-7.80.0-rm/include:/opt/sw/spack/apps/linux-rhel8-x86_64_v2/gcc-10.3.0/openmpi-4.1.2-4a/include:/opt/sw/spack/apps/linux-rhel8-x86_64_v2/gcc-10.3.0/zlib-1.2.11-2y/include:/opt/sw/spack/apps/linux-rhel8-x86_64_v2/gcc-9.3.0/gcc-10.3.0-ya/include/c++/10.3.0:/opt/sw/spack/apps/linux-rhel8-x86_64_v2/gcc-9.3.0/gcc-10.3.0-ya/include, env.TERM_PROGRAM_VERSION=1.101.2, java.version=1.8.0_102, env._ModuleTable002_=LjAvYnppcDIvMS4wLjgtbm8ubHVhIixbImZ1bGxOYW1lIl09ImJ6aXAyLzEuMC44LW5vIixbImxvYWRPcmRlciJdPTEwLHByb3BUPXt9LFsicmVmX2NvdW50Il09MSxbInN0YWNrRGVwdGgiXT0yLFsic3RhdHVzIl09ImFjdGl2ZSIsWyJ1c2VyTmFtZSJdPSJiemlwMi8xLjAuOC1ubyIsfSxjdXJsPXtbImZuIl09Ii9vcHQvc3cvc3BhY2svbW9kdWxlcy9sbW9kL2xpbnV4LXJoZWw4LXg4Nl82NC9nY2MvMTAuMy4wL2N1cmwvNy44MC4wLXJtLmx1YSIsWyJmdWxsTmFtZSJdPSJjdXJsLzcuODAuMC1ybSIsWyJsb2FkT3JkZXIiXT05LHByb3BUPXt9LFsicmVmX2NvdW50Il09MSxbInN0YWNrRGVwdGgiXT0xLFsic3RhdHVzIl09ImFjdGl2ZSIsWyJ1c2VyTmFtZSJdPSJjdXJsLzcu, env.SDKMAN_DIR=/home/tbaral/.sdkman, java.vendor.url.bug=http://bugreport.sun.com/bugreport/, skipTests=true, env.SSH_CLIENT=172.16.128.7 48762 22, env.LIBRARY_PATH=/opt/sw/spack/apps/linux-rhel8-x86_64_v2/gcc-10.3.0/perl-5.34.0-lm/lib:/opt/sw/spack/apps/linux-rhel8-x86_64_v2/gcc-10.3.0/bzip2-1.0.8-no/lib:/opt/sw/spack/apps/linux-rhel8-x86_64_v2/gcc-10.3.0/curl-7.80.0-rm/lib:/opt/sw/spack/apps/linux-rhel8-x86_64_v2/gcc-10.3.0/openmpi-4.1.2-4a/lib:/opt/sw/spack/apps/linux-rhel8-x86_64_v2/gcc-10.3.0/zlib-1.2.11-2y/lib:/opt/sw/spack/apps/linux-rhel8-x86_64_v2/gcc-9.3.0/gcc-10.3.0-ya/lib64:/opt/sw/spack/apps/linux-rhel8-x86_64_v2/gcc-9.3.0/gcc-10.3.0-ya/lib, env.SLURM_JOB_NODELIST=amd073, env.SLURM_JOB_GID=100, env.MPIF77=/opt/sw/spack/apps/linux-rhel8-x86_64_v2/gcc-10.3.0/openmpi-4.1.2-4a/bin/mpif77, user.name=tbaral, env.LANG=en_US.UTF-8, env.LMOD_PKG=/opt/ohpc/admin/lmod/lmod, sun.io.unicode.encoding=UnicodeLittle, sun.jnu.encoding=UTF-8, env.DBUS_SESSION_BUS_ADDRESS=unix:path=/run/user/1224545917/bus, java.runtime.name=Java(TM) SE Runtime Environment, env.SSH_ASKPASS=/usr/libexec/openssh/gnome-ssh-askpass, env._ModuleTable001_=X01vZHVsZVRhYmxlXz17WyJNVHZlcnNpb24iXT0zLFsiY19yZWJ1aWxkVGltZSJdPTg2NDAwLFsiY19zaG9ydFRpbWUiXT1mYWxzZSxkZXB0aFQ9e30sZmFtaWx5PXtbImNvbXBpbGVyIl09ImdudTEwIixbIm1waSJdPSJvcGVubXBpNCIsfSxtVD17YXV0b3Rvb2xzPXtbImZuIl09Ii9vcHQvb2hwYy9wdWIvbW9kdWxlZmlsZXMvYXV0b3Rvb2xzLmx1YSIsWyJmdWxsTmFtZSJdPSJhdXRvdG9vbHMiLFsibG9hZE9yZGVyIl09Myxwcm9wVD17fSxbInN0YWNrRGVwdGgiXT0xLFsic3RhdHVzIl09ImFjdGl2ZSIsWyJ1c2VyTmFtZSJdPSJhdXRvdG9vbHMiLH0sYnppcDI9e1siZm4iXT0iL29wdC9zdy9zcGFjay9tb2R1bGVzL2xtb2QvbGludXgtcmhlbDgteDg2XzY0L2djYy8xMC4z, env.SLURM_TASK_PID=1085649, env.LMOD_MPI_NAME=openmpi, env.SSH_CONNECTION=172.16.128.7 48762 172.16.130.32 22, env.OMPI_MCA_plm_slurm_args=--external-launcher, env.__LMOD_REF_COUNT__LMFILES_=/opt/ohpc/pub/modulefiles/ohpc:1;/opt/ohpc/admin/lmod/8.2.10/modulefiles/Core/use.own.lua:1;/opt/ohpc/pub/modulefiles/autotools.lua:1;/opt/ohpc/pub/modulefiles/prun/2.0.lua:1;/etc/modulefiles/Core/hosts/hopper:1;/opt/ohpc/pub/modulefiles/gnu10/10.3.0-ya.lua:1;/opt/sw/spack/modules/lmod/linux-rhel8-x86_64/gcc/10.3.0/zlib/1.2.11-2y.lua:1;/opt/sw/spack/modules/lmod/linux-rhel8-x86_64/gcc/10.3.0/openmpi4/4.1.2-4a.lua:1;/opt/sw/spack/modules/lmod/linux-rhel8-x86_64/gcc/10.3.0/curl/7.80.0-rm.lua:1;/opt/sw/spack/modules/lmod/linux-rhel8-x86_64/gcc/10.3.0/bzip2/1.0.8-no.lua:1;/opt/sw/spack/modules/lmod/linux-rhel8-x86_64/gcc/10.3.0/perl/5.34.0-lm.lua:1;/opt/sw/spack/modules/lmod/linux-rhel8-x86_64/gcc/10.3.0/git/2.39.1-vd.lua:1, env.BROWSER=/home/tbaral/.vscode-server/cli/servers/Stable-2901c5ac6db8a986a5666c3af51ff804d05af0d4/server/bin/helpers/browser.sh, java.specification.name=Java Platform API Specification, env.SLURM_PRIO_PROCESS=0, env.LMOD_PREPEND_BLOCK=normal, user.timezone=, env.LESSOPEN=||/usr/bin/lesspipe.sh %s, env.SLURM_JOB_START_TIME=1752777830, path.separator=:, env.MAVEN_CMD_LINE_ARGS= test -X -Dtest=org.java_websocket.issues.Issue256Test#runReconnectScenario2 -DfailIfNoTests=false -DskipTests -q -B -fn -s /scratch/tbaral/ase26/nod-rr/NOD-Test-Repair/flakerake/shell_scripts/maven-repo-fix-settings.xml -DskipITs, env.LMOD_MPI_VERSION=4.1.2-4aedfmd, file.encoding=UTF-8, env.HOME=/home/tbaral, env.which_declare=declare -f, sun.java.command=org.codehaus.plexus.classworlds.launcher.Launcher test -X -Dtest=org.java_websocket.issues.Issue256Test#runReconnectScenario2 -DfailIfNoTests=false -DskipTests -q -B -fn -s /scratch/tbaral/ase26/nod-rr/NOD-Test-Repair/flakerake/shell_scripts/maven-repo-fix-settings.xml -DskipITs, env.MANPATH=/opt/sw/spack/apps/linux-rhel8-x86_64_v2/gcc-10.3.0/git-2.39.1-vd/share/man:/opt/sw/spack/apps/linux-rhel8-x86_64_v2/gcc-10.3.0/perl-5.34.0-lm/man:/opt/sw/spack/apps/linux-rhel8-x86_64_v2/gcc-10.3.0/bzip2-1.0.8-no/man:/opt/sw/spack/apps/linux-rhel8-x86_64_v2/gcc-10.3.0/curl-7.80.0-rm/share/man:/opt/sw/spack/apps/linux-rhel8-x86_64_v2/gcc-10.3.0/openmpi-4.1.2-4a/share/man:/opt/sw/spack/apps/linux-rhel8-x86_64_v2/gcc-10.3.0/zlib-1.2.11-2y/share/man:/opt/sw/spack/apps/linux-rhel8-x86_64_v2/gcc-9.3.0/gcc-10.3.0-ya/share/man:/usr/share/man:/opt/ohpc/pub/utils/autotools/share/man:/usr/local/share/man:/usr/share/man/overrides:/usr/share/man/en, env.CXX=/opt/sw/spack/apps/linux-rhel8-x86_64_v2/gcc-9.3.0/gcc-10.3.0-ya/bin/g++, env.LMOD_SYSTEM_DEFAULT_MODULES=hosts/hopper, env.LMOD_COLORIZE=no, env.SLURM_TOPOLOGY_ADDR_PATTERN=node, env.LMOD_CACHED_LOADS=yes, env.LMOD_FULL_SETTARG_SUPPORT=yes, env.HOSTNAME=amd073, env.LMOD_MODULERCFILE=/opt/ohpc/admin/lmod/etc/rc-hopper.lua, env.I_MPI_HYDRA_BOOTSTRAP=slurm, env.FC=/opt/sw/spack/apps/linux-rhel8-x86_64_v2/gcc-9.3.0/gcc-10.3.0-ya/bin/gfortran, java.io.tmpdir=/tmp, env.SLURM_NODEID=0, user.language=en, env.HISTCONTROL=ignoredups, line.separator=
, env.__LMOD_REF_COUNT_ACLOCAL_PATH=/opt/sw/spack/apps/linux-rhel8-x86_64_v2/gcc-10.3.0/curl-7.80.0-rm/share/aclocal:1, env.BZIP2_ROOT=/opt/sw/spack/apps/linux-rhel8-x86_64_v2/gcc-10.3.0/bzip2-1.0.8-no, env.SSH_AGENT_PID=1005443, env.HISTSIZE=1000, env.CURL_ROOT=/opt/sw/spack/apps/linux-rhel8-x86_64_v2/gcc-10.3.0/curl-7.80.0-rm, env.LMOD_FAMILY_COMPILER_VERSION=10.3.0-ya, java.vm.info=mixed mode, env.C_INCLUDE_PATH=/opt/sw/spack/apps/linux-rhel8-x86_64_v2/gcc-10.3.0/bzip2-1.0.8-no/include:/opt/sw/spack/apps/linux-rhel8-x86_64_v2/gcc-10.3.0/curl-7.80.0-rm/include:/opt/sw/spack/apps/linux-rhel8-x86_64_v2/gcc-10.3.0/openmpi-4.1.2-4a/include:/opt/sw/spack/apps/linux-rhel8-x86_64_v2/gcc-10.3.0/zlib-1.2.11-2y/include:/opt/sw/spack/apps/linux-rhel8-x86_64_v2/gcc-9.3.0/gcc-10.3.0-ya/include, java.vm.specification.name=Java Virtual Machine Specification, env.SLURM_PROCID=0, env.COLORTERM=truecolor, env.M2_HOME=/scratch/tbaral/ase26/otog/setups/maven, env.SLURM_MEM_PER_NODE=65536, skipITs=true, env.__LMOD_REF_COUNT_INCLUDE=/opt/sw/spack/apps/linux-rhel8-x86_64_v2/gcc-10.3.0/bzip2-1.0.8-no/include:1;/opt/sw/spack/apps/linux-rhel8-x86_64_v2/gcc-10.3.0/curl-7.80.0-rm/include:1;/opt/sw/spack/apps/linux-rhel8-x86_64_v2/gcc-10.3.0/openmpi-4.1.2-4a/include:1;/opt/sw/spack/apps/linux-rhel8-x86_64_v2/gcc-10.3.0/zlib-1.2.11-2y/include:1;/opt/sw/spack/apps/linux-rhel8-x86_64_v2/gcc-9.3.0/gcc-10.3.0-ya/include/c++/10.3.0:1;/opt/sw/spack/apps/linux-rhel8-x86_64_v2/gcc-9.3.0/gcc-10.3.0-ya/include:1, env.LMOD_DIR=/opt/ohpc/admin/lmod/lmod/libexec, env.SLURM_JOB_END_TIME=1752824630, env.SLURM_CPUS_ON_NODE=16, java.awt.printerjob=sun.print.PSPrinterJob, env.__LMOD_REF_COUNT_C_INCLUDE_PATH=/opt/sw/spack/apps/linux-rhel8-x86_64_v2/gcc-10.3.0/bzip2-1.0.8-no/include:1;/opt/sw/spack/apps/linux-rhel8-x86_64_v2/gcc-10.3.0/curl-7.80.0-rm/include:1;/opt/sw/spack/apps/linux-rhel8-x86_64_v2/gcc-10.3.0/openmpi-4.1.2-4a/include:1;/opt/sw/spack/apps/linux-rhel8-x86_64_v2/gcc-10.3.0/zlib-1.2.11-2y/include:1;/opt/sw/spack/apps/linux-rhel8-x86_64_v2/gcc-9.3.0/gcc-10.3.0-ya/include:1, env.SDKMAN_PLATFORM=linuxx64, env.SLURM_CLUSTER_NAME=hopper, env.SLURM_NODELIST=amd073, env.LMOD_FAMILY_MPI_VERSION=4.1.2-4a, env.SLURM_JOB_USER=tbaral, env.SLURM_JOB_ACCOUNT=winglam, env.PYTHON_FLAKY_BIN=/scratch/tbaral/ase26/python/py39/bin/python3.9, env.F77=/opt/sw/spack/apps/linux-rhel8-x86_64_v2/gcc-9.3.0/gcc-10.3.0-ya/bin/gfortran, env.PYTHON_BASIC_REPL=1, env.LMOD_REDIRECT=no, env.LOADEDMODULES=ohpc:use.own:autotools:prun/2.0:hosts/hopper:gnu10/10.3.0-ya:zlib/1.2.11-2y:openmpi4/4.1.2-4a:curl/7.80.0-rm:bzip2/1.0.8-no:perl/5.34.0-lm:git/2.39.1-vd, env.BASH_FUNC_module%%=() {  eval $($LMOD_CMD bash "$@") && eval $(${LMOD_SETTARG_CMD:-:} -s sh)
}, os.name=Linux, java.specification.vendor=Oracle Corporation, env.SLURMD_NODENAME=amd073, env.SLURM_JOB_NAME=48_flakerake_complete, env.TERM=xterm-256color, java.vm.name=Java HotSpot(TM) 64-Bit Server VM, env.JAVA_FLAKY_HOME=/scratch/tbaral/ase26/otog/setups/jdk1.8.0_102, env.SLURM_JOB_QOS=normal, java.library.path=/opt/sw/spack/apps/linux-rhel8-x86_64_v2/gcc-10.3.0/perl-5.34.0-lm/lib:/opt/sw/spack/apps/linux-rhel8-x86_64_v2/gcc-10.3.0/bzip2-1.0.8-no/lib:/opt/sw/spack/apps/linux-rhel8-x86_64_v2/gcc-10.3.0/curl-7.80.0-rm/lib:/opt/sw/spack/apps/linux-rhel8-x86_64_v2/gcc-10.3.0/openmpi-4.1.2-4a/lib:/opt/sw/spack/apps/linux-rhel8-x86_64_v2/gcc-10.3.0/zlib-1.2.11-2y/lib:/opt/sw/spack/apps/linux-rhel8-x86_64_v2/gcc-9.3.0/gcc-10.3.0-ya/lib64:/opt/sw/spack/apps/linux-rhel8-x86_64_v2/gcc-9.3.0/gcc-10.3.0-ya/lib:/usr/java/packages/lib/amd64:/usr/lib64:/lib64:/lib:/usr/lib, env._ModuleTable009_=LjIuMTEtMnkiLH0sfSxtcGF0aEE9eyIvb3B0L3N3L290aGVyL21vZHVsZWRlcHMvbGludXgtcmhlbDgteDg2XzY0X3YyL2djYy0xMC4zLjAtb3Blbm1waS00LjEuMiIsIi9vcHQvc3cvc3BhY2svbW9kdWxlZGVwcy9saW51eC1yaGVsOC14ODZfNjQvZ251LTEwLjMuMC1vcGVubXBpLTQuMS4yIiwiL29wdC9zdy9vdGhlci9tb2R1bGVkZXBzL2xpbnV4LXJoZWw4LXg4Nl82NF92Mi9nY2MtMTAuMy4wIiwiL29wdC9zdy9zcGFjay9tb2R1bGVzL2xtb2QtMjAyNC9saW51eC1yaGVsOC14ODZfNjQvZ2NjLzEwLjMuMCIsIi9vcHQvc3cvc3BhY2svbW9kdWxlcy9sbW9kL2xpbnV4LXJoZWw4LXg4Nl82NC9nY2MvMTAuMy4wIiwiL29wdC9zdy9vdGhlci9tb2R1bGVmaWxlcyIsIi9vcHQv, env.PATH=/scratch/tbaral/ase26/python/py39/bin:/opt/sw/spack/apps/linux-rhel8-x86_64_v2/gcc-10.3.0/git-2.39.1-vd/bin:/opt/sw/spack/apps/linux-rhel8-x86_64_v2/gcc-10.3.0/perl-5.34.0-lm/bin:/opt/sw/spack/apps/linux-rhel8-x86_64_v2/gcc-10.3.0/bzip2-1.0.8-no/bin:/opt/sw/spack/apps/linux-rhel8-x86_64_v2/gcc-10.3.0/curl-7.80.0-rm/bin:/opt/sw/spack/apps/linux-rhel8-x86_64_v2/gcc-10.3.0/openmpi-4.1.2-4a/bin:/opt/sw/spack/apps/linux-rhel8-x86_64_v2/gcc-9.3.0/gcc-10.3.0-ya/bin:/home/tbaral/.nvm/versions/node/v24.0.0/bin:/home/tbaral/.sdkman/candidates/java/current/bin:/home/tbaral/.vscode-server/cli/servers/Stable-2901c5ac6db8a986a5666c3af51ff804d05af0d4/server/bin/remote-cli:/opt/ohpc/pub/utils/prun/2.0:/opt/ohpc/pub/utils/autotools/bin:/opt/ohpc/pub/bin:/usr/local/bin:/usr/bin:/usr/local/sbin:/usr/sbin:/opt/dell/srvadmin/bin:/home/tbaral/.vscode-server/extensions/ms-python.debugpy-2025.10.0-linux-x64/bundled/scripts/noConfigScripts:/home/tbaral/.vscode-server/data/User/globalStorage/github.copilot-chat/debugCommand:/scratch/tbaral/ase26/otog/setups/maven/bin:/scratch/tbaral/ase26/otog/setups/jdk1.8.0_102/bin, env.CC=/opt/sw/spack/apps/linux-rhel8-x86_64_v2/gcc-9.3.0/gcc-10.3.0-ya/bin/gcc, library.jansi.path=/scratch/tbaral/ase26/otog/setups/maven/lib/jansi-native, env.__LMOD_REF_COUNT_LIBRARY_PATH=/opt/sw/spack/apps/linux-rhel8-x86_64_v2/gcc-10.3.0/perl-5.34.0-lm/lib:1;/opt/sw/spack/apps/linux-rhel8-x86_64_v2/gcc-10.3.0/bzip2-1.0.8-no/lib:1;/opt/sw/spack/apps/linux-rhel8-x86_64_v2/gcc-10.3.0/curl-7.80.0-rm/lib:1;/opt/sw/spack/apps/linux-rhel8-x86_64_v2/gcc-10.3.0/openmpi-4.1.2-4a/lib:1;/opt/sw/spack/apps/linux-rhel8-x86_64_v2/gcc-10.3.0/zlib-1.2.11-2y/lib:1;/opt/sw/spack/apps/linux-rhel8-x86_64_v2/gcc-9.3.0/gcc-10.3.0-ya/lib64:1;/opt/sw/spack/apps/linux-rhel8-x86_64_v2/gcc-9.3.0/gcc-10.3.0-ya/lib:1, env.LMOD_SITE_NAME=GMU_Hopper, java.class.version=52.0, env.SHLVL=8, env.HYDRA_BOOTSTRAP=slurm, maven.multiModuleProjectDirectory=/scratch/tbaral/ase26/nod-rr/NOD-Test-Repair/run_flakerake/projects_complete/48, env.LD_LIBRARY_PATH=/opt/sw/spack/apps/linux-rhel8-x86_64_v2/gcc-10.3.0/perl-5.34.0-lm/lib:/opt/sw/spack/apps/linux-rhel8-x86_64_v2/gcc-10.3.0/bzip2-1.0.8-no/lib:/opt/sw/spack/apps/linux-rhel8-x86_64_v2/gcc-10.3.0/curl-7.80.0-rm/lib:/opt/sw/spack/apps/linux-rhel8-x86_64_v2/gcc-10.3.0/openmpi-4.1.2-4a/lib:/opt/sw/spack/apps/linux-rhel8-x86_64_v2/gcc-10.3.0/zlib-1.2.11-2y/lib:/opt/sw/spack/apps/linux-rhel8-x86_64_v2/gcc-9.3.0/gcc-10.3.0-ya/lib64:/opt/sw/spack/apps/linux-rhel8-x86_64_v2/gcc-9.3.0/gcc-10.3.0-ya/lib, env.NVM_DIR=/home/tbaral/.nvm, env.MODULESHOME=/opt/ohpc/admin/lmod/lmod, env.LMOD_FAMILY_MPI=openmpi4, env.GCC_ROOT=/opt/sw/spack/apps/linux-rhel8-x86_64_v2/gcc-9.3.0/gcc-10.3.0-ya, env.LMOD_SETTARG_CMD=:, env.PYDEVD_DISABLE_FILE_VALIDATION=1, env.__LMOD_REF_COUNT_LD_LIBRARY_PATH=/opt/sw/spack/apps/linux-rhel8-x86_64_v2/gcc-10.3.0/perl-5.34.0-lm/lib:1;/opt/sw/spack/apps/linux-rhel8-x86_64_v2/gcc-10.3.0/bzip2-1.0.8-no/lib:1;/opt/sw/spack/apps/linux-rhel8-x86_64_v2/gcc-10.3.0/curl-7.80.0-rm/lib:1;/opt/sw/spack/apps/linux-rhel8-x86_64_v2/gcc-10.3.0/openmpi-4.1.2-4a/lib:1;/opt/sw/spack/apps/linux-rhel8-x86_64_v2/gcc-10.3.0/zlib-1.2.11-2y/lib:1;/opt/sw/spack/apps/linux-rhel8-x86_64_v2/gcc-9.3.0/gcc-10.3.0-ya/lib64:1;/opt/sw/spack/apps/linux-rhel8-x86_64_v2/gcc-9.3.0/gcc-10.3.0-ya/lib:1, env.LMOD_VERSION=8.2.10, env.NVM_BIN=/home/tbaral/.nvm/versions/node/v24.0.0/bin, env.SLURM_JOB_ID=3955027, failIfNoTests=false, env.LMOD_SETTARG_TITLE_BAR=no, env.LMOD_AVAIL_STYLE=en_grouped:system, env.MODULEPATH=/opt/sw/other/moduledeps/linux-rhel8-x86_64_v2/gcc-10.3.0-openmpi-4.1.2:/opt/sw/spack/moduledeps/linux-rhel8-x86_64/gnu-10.3.0-openmpi-4.1.2:/opt/sw/other/moduledeps/linux-rhel8-x86_64_v2/gcc-10.3.0:/opt/sw/spack/modules/lmod-2024/linux-rhel8-x86_64/gcc/10.3.0:/opt/sw/spack/modules/lmod/linux-rhel8-x86_64/gcc/10.3.0:/opt/sw/other/modulefiles:/opt/ohpc/pub/modulefiles:/etc/modulefiles/Core:/opt/ohpc/admin/lmod/8.2.10/modulefiles/Core:/home/tbaral/privatemodules, project.build.sourceEncoding=UTF-8, sun.boot.library.path=/scratch/tbaral/ase26/otog/setups/jdk1.8.0_102/jre/lib/amd64, env._ModuleTable008_=ZWRlcHMvbGludXgtcmhlbDgteDg2XzY0X3YyL2djYy0xMC4zLjAiLCIvb3B0L3N3L3NwYWNrL21vZHVsZXMvbG1vZC0yMDI0L2xpbnV4LXJoZWw4LXg4Nl82NC9nY2MvMTAuMy4wIiwiL29wdC9zdy9zcGFjay9tb2R1bGVzL2xtb2QvbGludXgtcmhlbDgteDg2XzY0L2djYy8xMC4zLjAiLCIvb3B0L3N3L290aGVyL21vZHVsZWZpbGVzIiwiL29wdC9vaHBjL3B1Yi9tb2R1bGVmaWxlcyIsIi9ldGMvbW9kdWxlZmlsZXMvQ29yZSIsIi9vcHQvb2hwYy9hZG1pbi9sbW9kLzguMi4xMC9tb2R1bGVmaWxlcy9Db3JlIiwiL2hvbWUvdGJhcmFsL3ByaXZhdGVtb2R1bGVzIix9LFsic3lzdGVtQmFzZU1QQVRIIl09Ii9vcHQvb2hwYy9wdWIvbW9kdWxlZmlsZXMiLH0=, env.VIRTUAL_ENV=/scratch/tbaral/ase26/python/py39, sun.management.compiler=HotSpot 64-Bit Tiered Compilers, env.LMOD_CMD=/opt/ohpc/admin/lmod/lmod/libexec/lmod, java.awt.graphicsenv=sun.awt.X11GraphicsEnvironment, env.BASH_FUNC_ml%%=() {  eval $($LMOD_DIR/ml_cmd "$@")
}, env._ModuleTable_Sz_=8, env.BASH_ENV=/opt/ohpc/admin/lmod/lmod/init/bash, env.USER=tbaral, env.SLURM_JOB_PARTITION=bigmem, env.__LMOD_REF_COUNT_MANPATH=/opt/sw/spack/apps/linux-rhel8-x86_64_v2/gcc-10.3.0/git-2.39.1-vd/share/man:1;/opt/sw/spack/apps/linux-rhel8-x86_64_v2/gcc-10.3.0/perl-5.34.0-lm/man:1;/opt/sw/spack/apps/linux-rhel8-x86_64_v2/gcc-10.3.0/bzip2-1.0.8-no/man:1;/opt/sw/spack/apps/linux-rhel8-x86_64_v2/gcc-10.3.0/curl-7.80.0-rm/share/man:1;/opt/sw/spack/apps/linux-rhel8-x86_64_v2/gcc-10.3.0/openmpi-4.1.2-4a/share/man:1;/opt/sw/spack/apps/linux-rhel8-x86_64_v2/gcc-10.3.0/zlib-1.2.11-2y/share/man:1;/opt/sw/spack/apps/linux-rhel8-x86_64_v2/gcc-9.3.0/gcc-10.3.0-ya/share/man:1;/usr/share/man:4;/opt/ohpc/pub/utils/autotools/share/man:1;/usr/local/share/man:4;/usr/share/man/overrides:4;/usr/share/man/en:4, env.NVM_INC=/home/tbaral/.nvm/versions/node/v24.0.0/include/node, env.TERM_PROGRAM=vscode, env.BUNDLED_DEBUGPY_PATH=/home/tbaral/.vscode-server/extensions/ms-python.debugpy-2025.10.0-linux-x64/bundled/libs/debugpy, env.PRTE_MCA_plm_slurm_args=--external-launcher, env.SLURM_OOM_KILL_STEP=0, java.vm.specification.version=1.8, env.SLURM_TASKS_PER_NODE=1, env.LMOD_AUTO_SWAP=yes, env.MAVEN_REPO=/home/tbaral/.m2/repository, env._ModuleTable007_=c3BhY2svbW9kdWxlcy9sbW9kL2xpbnV4LXJoZWw4LXg4Nl82NC9nY2MvMTAuMy4wL3psaWIvMS4yLjExLTJ5Lmx1YSIsWyJmdWxsTmFtZSJdPSJ6bGliLzEuMi4xMS0yeSIsWyJsb2FkT3JkZXIiXT03LHByb3BUPXt9LFsicmVmX2NvdW50Il09NCxbInN0YWNrRGVwdGgiXT0yLFsic3RhdHVzIl09ImFjdGl2ZSIsWyJ1c2VyTmFtZSJdPSJ6bGliLzEuMi4xMS0yeSIsfSx9LG1wYXRoQT17Ii9vcHQvc3cvb3RoZXIvbW9kdWxlZGVwcy9saW51eC1yaGVsOC14ODZfNjRfdjIvZ2NjLTEwLjMuMC1vcGVubXBpLTQuMS4yIiwiL29wdC9zdy9zcGFjay9tb2R1bGVkZXBzL2xpbnV4LXJoZWw4LXg4Nl82NC9nbnUtMTAuMy4wLW9wZW5tcGktNC4xLjIiLCIvb3B0L3N3L290aGVyL21vZHVs, env.NLSPATH=/usr/dt/lib/nls/msg/%L/%N.cat, slf4j.version=1.7.25, awt.toolkit=sun.awt.X11.XToolkit, env.SLURM_TRES_PER_TASK=cpu=16, sun.cpu.isalist=, env.MAVEN_PROJECTBASEDIR=/scratch/tbaral/ase26/nod-rr/NOD-Test-Repair/run_flakerake/projects_complete/48, env.SLURM_SUBMIT_DIR=/scratch/tbaral/ase26/nod-rr/NOD-Test-Repair/run_flakerake, java.ext.dirs=/scratch/tbaral/ase26/otog/setups/jdk1.8.0_102/jre/lib/ext:/usr/java/packages/lib/ext, env.VSCODE_IPC_HOOK_CLI=/run/user/1224545917/vscode-ipc-f19fb63b-0b65-4971-b2e8-c5cbc4c52179.sock, os.version=4.18.0-553.33.1.el8_10.x86_64, env.SSL_CERT_FILE=/etc/pki/ca-trust/extracted/pem/tls-ca-bundle.pem, env.SSL_CERT_DIR=/etc/pki/tls/certs, user.home=/home/tbaral, java.vm.vendor=Oracle Corporation, env.BASH_FUNC_which%%=() {  ( alias;
 eval ${which_declare} ) | /usr/bin/which --tty-only --read-alias --read-functions --show-tilde --show-dot $@
}, env.PKG_CONFIG_PATH=/opt/sw/spack/apps/linux-rhel8-x86_64_v2/gcc-10.3.0/curl-7.80.0-rm/lib/pkgconfig:/opt/sw/spack/apps/linux-rhel8-x86_64_v2/gcc-10.3.0/openmpi-4.1.2-4a/lib/pkgconfig:/opt/sw/spack/apps/linux-rhel8-x86_64_v2/gcc-10.3.0/zlib-1.2.11-2y/lib/pkgconfig, env.JAVA_HOME=/scratch/tbaral/ase26/otog/setups/jdk1.8.0_102, env.XDG_SESSION_ID=1862, maven.conf=/scratch/tbaral/ase26/otog/setups/maven/conf, user.dir=/scratch/tbaral/ase26/nod-rr/NOD-Test-Repair/run_flakerake/projects_complete/48, env.SLURM_NNODES=1, env.XFILESEARCHPATH=/usr/dt/app-defaults/%L/Dt, env.MAIL=/var/spool/mail/tbaral, env.PERL_ROOT=/opt/sw/spack/apps/linux-rhel8-x86_64_v2/gcc-10.3.0/perl-5.34.0-lm, env.PWD=/scratch/tbaral/ase26/nod-rr/NOD-Test-Repair/run_flakerake/projects_complete/48, env.__LMOD_REF_COUNT_PKG_CONFIG_PATH=/opt/sw/spack/apps/linux-rhel8-x86_64_v2/gcc-10.3.0/curl-7.80.0-rm/lib/pkgconfig:1;/opt/sw/spack/apps/linux-rhel8-x86_64_v2/gcc-10.3.0/openmpi-4.1.2-4a/lib/pkgconfig:1;/opt/sw/spack/apps/linux-rhel8-x86_64_v2/gcc-10.3.0/zlib-1.2.11-2y/lib/pkgconfig:1, env._ModuleTable006_=MzQuMC1sbSIsfSxwcnVuPXtbImZuIl09Ii9vcHQvb2hwYy9wdWIvbW9kdWxlZmlsZXMvcHJ1bi8yLjAubHVhIixbImZ1bGxOYW1lIl09InBydW4vMi4wIixbImxvYWRPcmRlciJdPTQscHJvcFQ9e30sWyJzdGFja0RlcHRoIl09MSxbInN0YXR1cyJdPSJhY3RpdmUiLFsidXNlck5hbWUiXT0icHJ1biIsfSxbInVzZS5vd24iXT17WyJmbiJdPSIvb3B0L29ocGMvYWRtaW4vbG1vZC84LjIuMTAvbW9kdWxlZmlsZXMvQ29yZS91c2Uub3duLmx1YSIsWyJmdWxsTmFtZSJdPSJ1c2Uub3duIixbImxvYWRPcmRlciJdPTIscHJvcFQ9e30sWyJzdGFja0RlcHRoIl09MSxbInN0YXR1cyJdPSJhY3RpdmUiLFsidXNlck5hbWUiXT0idXNlLm93biIsfSx6bGliPXtbImZuIl09Ii9vcHQvc3cv, env.SLURM_SUBMIT_HOST=amd032.orc.gmu.edu, env.GIT_ROOT=/opt/sw/spack/apps/linux-rhel8-x86_64_v2/gcc-10.3.0/git-2.39.1-vd, sun.cpu.endian=little, env.SLURM_GTIDS=0, env.SLURM_TOPOLOGY_ADDR=amd073, env.__LMOD_REF_COUNT_CPLUS_INCLUDE_PATH=/opt/sw/spack/apps/linux-rhel8-x86_64_v2/gcc-10.3.0/bzip2-1.0.8-no/include:1;/opt/sw/spack/apps/linux-rhel8-x86_64_v2/gcc-10.3.0/curl-7.80.0-rm/include:1;/opt/sw/spack/apps/linux-rhel8-x86_64_v2/gcc-10.3.0/openmpi-4.1.2-4a/include:1;/opt/sw/spack/apps/linux-rhel8-x86_64_v2/gcc-10.3.0/zlib-1.2.11-2y/include:1;/opt/sw/spack/apps/linux-rhel8-x86_64_v2/gcc-9.3.0/gcc-10.3.0-ya/include:1, env.ZLIB_ROOT=/opt/sw/spack/apps/linux-rhel8-x86_64_v2/gcc-10.3.0/zlib-1.2.11-2y, env.TMPDIR=/tmp, env.SLURM_JOB_NUM_NODES=1, env.__LMOD_REF_COUNT_PATH=/opt/sw/spack/apps/linux-rhel8-x86_64_v2/gcc-10.3.0/git-2.39.1-vd/bin:1;/opt/sw/spack/apps/linux-rhel8-x86_64_v2/gcc-10.3.0/perl-5.34.0-lm/bin:1;/opt/sw/spack/apps/linux-rhel8-x86_64_v2/gcc-10.3.0/bzip2-1.0.8-no/bin:1;/opt/sw/spack/apps/linux-rhel8-x86_64_v2/gcc-10.3.0/curl-7.80.0-rm/bin:1;/opt/sw/spack/apps/linux-rhel8-x86_64_v2/gcc-10.3.0/openmpi-4.1.2-4a/bin:1;/opt/sw/spack/apps/linux-rhel8-x86_64_v2/gcc-9.3.0/gcc-10.3.0-ya/bin:1;/home/tbaral/.nvm/versions/node/v24.0.0/bin:1;/home/tbaral/.sdkman/candidates/java/current/bin:1;/home/tbaral/.vscode-server/cli/servers/Stable-2901c5ac6db8a986a5666c3af51ff804d05af0d4/server/bin/remote-cli:1;/opt/ohpc/pub/utils/prun/2.0:1;/opt/ohpc/pub/utils/autotools/bin:1;/opt/ohpc/pub/bin:2;/usr/local/bin:1;/usr/bin:1;/usr/local/sbin:1;/usr/sbin:1;/opt/dell/srvadmin/bin:1;/home/tbaral/.vscode-server/extensions/ms-python.debugpy-2025.10.0-linux-x64/bundled/scripts/noConfigScripts:1;/home/tbaral/.vscode-server/data/User/globalStorage/github.copilot-chat/debugCommand:1, env.SLURM_JOB_CPUS_PER_NODE=16, env.CPLUS_INCLUDE_PATH=/opt/sw/spack/apps/linux-rhel8-x86_64_v2/gcc-10.3.0/bzip2-1.0.8-no/include:/opt/sw/spack/apps/linux-rhel8-x86_64_v2/gcc-10.3.0/curl-7.80.0-rm/include:/opt/sw/spack/apps/linux-rhel8-x86_64_v2/gcc-10.3.0/openmpi-4.1.2-4a/include:/opt/sw/spack/apps/linux-rhel8-x86_64_v2/gcc-10.3.0/zlib-1.2.11-2y/include:/opt/sw/spack/apps/linux-rhel8-x86_64_v2/gcc-9.3.0/gcc-10.3.0-ya/include, java.vm.version=25.102-b14, java.class.path=/scratch/tbaral/ase26/otog/setups/maven/boot/plexus-classworlds-2.6.0.jar, env.__LMOD_REF_COUNT_LOADEDMODULES=ohpc:1;use.own:1;autotools:1;prun/2.0:1;hosts/hopper:1;gnu10/10.3.0-ya:1;zlib/1.2.11-2y:1;openmpi4/4.1.2-4a:1;curl/7.80.0-rm:1;bzip2/1.0.8-no:1;perl/5.34.0-lm:1;git/2.39.1-vd:1, os.arch=amd64, maven.build.version=Apache Maven 3.6.3 (cecedd343002696d0abb50b32b541b8a6ba2883f), env.SLURM_LOCALID=0, env.LMOD_SHORT_TIME=1, env.SLURM_CONF=/opt/slurm/24.11.5/etc/slurm.conf, sun.java.launcher=SUN_STANDARD, env.LMOD_CACHE_DIR=/opt/ohpc/admin/lmod/etc/system-cache, env._ModuleTable005_=LXg4Nl82NC9nY2MvMTAuMy4wL29wZW5tcGk0LzQuMS4yLTRhLmx1YSIsWyJmdWxsTmFtZSJdPSJvcGVubXBpNC80LjEuMi00YSIsWyJsb2FkT3JkZXIiXT04LHByb3BUPXt9LFsic3RhY2tEZXB0aCJdPTAsWyJzdGF0dXMiXT0iYWN0aXZlIixbInVzZXJOYW1lIl09Im9wZW5tcGk0Iix9LHBlcmw9e1siZm4iXT0iL29wdC9zdy9zcGFjay9tb2R1bGVzL2xtb2QvbGludXgtcmhlbDgteDg2XzY0L2djYy8xMC4zLjAvcGVybC81LjM0LjAtbG0ubHVhIixbImZ1bGxOYW1lIl09InBlcmwvNS4zNC4wLWxtIixbImxvYWRPcmRlciJdPTExLHByb3BUPXt9LFsicmVmX2NvdW50Il09MSxbInN0YWNrRGVwdGgiXT0xLFsic3RhdHVzIl09ImFjdGl2ZSIsWyJ1c2VyTmFtZSJdPSJwZXJsLzUu, java.vm.specification.vendor=Oracle Corporation, file.separator=/, env.FLAKY_MVN_INSTALL_OPTS=-DskipTests -q -B -fn -s $FLAKY_HOME/shell_scripts/maven-repo-fix-settings.xml -DskipITs, java.runtime.version=1.8.0_102-b14, sun.boot.class.path=/scratch/tbaral/ase26/otog/setups/jdk1.8.0_102/jre/lib/resources.jar:/scratch/tbaral/ase26/otog/setups/jdk1.8.0_102/jre/lib/rt.jar:/scratch/tbaral/ase26/otog/setups/jdk1.8.0_102/jre/lib/sunrsasign.jar:/scratch/tbaral/ase26/otog/setups/jdk1.8.0_102/jre/lib/jsse.jar:/scratch/tbaral/ase26/otog/setups/jdk1.8.0_102/jre/lib/jce.jar:/scratch/tbaral/ase26/otog/setups/jdk1.8.0_102/jre/lib/charsets.jar:/scratch/tbaral/ase26/otog/setups/jdk1.8.0_102/jre/lib/jfr.jar:/scratch/tbaral/ase26/otog/setups/jdk1.8.0_102/jre/classes, env.SSH_AUTH_SOCK=/tmp/ssh-N3VTTqTV7uma/agent.1005442, env.XDG_RUNTIME_DIR=/run/user/1224545917, maven.version=3.6.3, env.__LMOD_REF_COUNT_MODULEPATH=/opt/sw/other/moduledeps/linux-rhel8-x86_64_v2/gcc-10.3.0-openmpi-4.1.2:1;/opt/sw/spack/moduledeps/linux-rhel8-x86_64/gnu-10.3.0-openmpi-4.1.2:1;/opt/sw/other/moduledeps/linux-rhel8-x86_64_v2/gcc-10.3.0:1;/opt/sw/spack/modules/lmod-2024/linux-rhel8-x86_64/gcc/10.3.0:1;/opt/sw/spack/modules/lmod/linux-rhel8-x86_64/gcc/10.3.0:1;/opt/sw/other/modulefiles:1;/opt/ohpc/pub/modulefiles:2;/etc/modulefiles/Core:1;/opt/ohpc/admin/lmod/8.2.10/modulefiles/Core:1;/home/tbaral/privatemodules:1, env.MPICXX=/opt/sw/spack/apps/linux-rhel8-x86_64_v2/gcc-10.3.0/openmpi-4.1.2-4a/bin/mpic++, user.country=US, env.LMOD_ROOT=/opt/ohpc/admin/lmod, maven.home=/scratch/tbaral/ase26/otog/setups/maven, env.SHELL=/bin/bash, env._ModuleTable004_=dTEwIix9LGhvc3RzPXtbImZuIl09Ii9ldGMvbW9kdWxlZmlsZXMvQ29yZS9ob3N0cy9ob3BwZXIiLFsiZnVsbE5hbWUiXT0iaG9zdHMvaG9wcGVyIixbImxvYWRPcmRlciJdPTUscHJvcFQ9e30sWyJzdGFja0RlcHRoIl09MCxbInN0YXR1cyJdPSJhY3RpdmUiLFsidXNlck5hbWUiXT0iaG9zdHMvaG9wcGVyIix9LG9ocGM9e1siZm4iXT0iL29wdC9vaHBjL3B1Yi9tb2R1bGVmaWxlcy9vaHBjIixbImZ1bGxOYW1lIl09Im9ocGMiLFsibG9hZE9yZGVyIl09MSxwcm9wVD17fSxbInN0YWNrRGVwdGgiXT0wLFsic3RhdHVzIl09ImFjdGl2ZSIsWyJ1c2VyTmFtZSJdPSJvaHBjIix9LG9wZW5tcGk0PXtbImZuIl09Ii9vcHQvc3cvc3BhY2svbW9kdWxlcy9sbW9kL2xpbnV4LXJoZWw4, env.NVM_CD_FLAGS=, java.vendor=Oracle Corporation, env.I_MPI_HYDRA_BOOTSTRAP_EXEC_EXTRA_ARGS=--external-launcher, env.SLURM_CPUS_PER_TASK=16, env._LMFILES_=/opt/ohpc/pub/modulefiles/ohpc:/opt/ohpc/admin/lmod/8.2.10/modulefiles/Core/use.own.lua:/opt/ohpc/pub/modulefiles/autotools.lua:/opt/ohpc/pub/modulefiles/prun/2.0.lua:/etc/modulefiles/Core/hosts/hopper:/opt/ohpc/pub/modulefiles/gnu10/10.3.0-ya.lua:/opt/sw/spack/modules/lmod/linux-rhel8-x86_64/gcc/10.3.0/zlib/1.2.11-2y.lua:/opt/sw/spack/modules/lmod/linux-rhel8-x86_64/gcc/10.3.0/openmpi4/4.1.2-4a.lua:/opt/sw/spack/modules/lmod/linux-rhel8-x86_64/gcc/10.3.0/curl/7.80.0-rm.lua:/opt/sw/spack/modules/lmod/linux-rhel8-x86_64/gcc/10.3.0/bzip2/1.0.8-no.lua:/opt/sw/spack/modules/lmod/linux-rhel8-x86_64/gcc/10.3.0/perl/5.34.0-lm.lua:/opt/sw/spack/modules/lmod/linux-rhel8-x86_64/gcc/10.3.0/git/2.39.1-vd.lua, env.FLAKY_HOME=/scratch/tbaral/ase26/nod-rr/NOD-Test-Repair/flakerake, java.specification.version=1.8, sun.arch.data.model=64}
[INFO] Using 'UTF-8' encoding to copy filtered resources.
[DEBUG] resource with targetPath null
directory /scratch/tbaral/ase26/nod-rr/NOD-Test-Repair/run_flakerake/projects_complete/48/src/test/resources
excludes []
includes []
[DEBUG] ignoreDelta true
[INFO] Copying 1 resource
[DEBUG] file AutobahnClient.feature has a filtered file extension
[DEBUG] copy /scratch/tbaral/ase26/nod-rr/NOD-Test-Repair/run_flakerake/projects_complete/48/src/test/resources/org/java_websocket/AutobahnClient.feature to /scratch/tbaral/ase26/nod-rr/NOD-Test-Repair/run_flakerake/projects_complete/48/target/test-classes/org/java_websocket/AutobahnClient.feature
[DEBUG] no use filter components
[INFO] 
[INFO] --- maven-compiler-plugin:3.7.0:testCompile (default-testCompile) @ Java-WebSocket ---
[DEBUG] Configuring mojo org.apache.maven.plugins:maven-compiler-plugin:3.7.0:testCompile from plugin realm ClassRealm[plugin>org.apache.maven.plugins:maven-compiler-plugin:3.7.0, parent: sun.misc.Launcher$AppClassLoader@5c647e05]
[DEBUG] Configuring mojo 'org.apache.maven.plugins:maven-compiler-plugin:3.7.0:testCompile' with basic configurator -->
[DEBUG]   (f) basedir = /scratch/tbaral/ase26/nod-rr/NOD-Test-Repair/run_flakerake/projects_complete/48
[DEBUG]   (f) buildDirectory = /scratch/tbaral/ase26/nod-rr/NOD-Test-Repair/run_flakerake/projects_complete/48/target
[DEBUG]   (f) compilePath = [/scratch/tbaral/ase26/nod-rr/NOD-Test-Repair/run_flakerake/projects_complete/48/target/classes, /home/tbaral/.m2/repository/org/slf4j/slf4j-api/1.7.25/slf4j-api-1.7.25.jar]
[DEBUG]   (f) compileSourceRoots = [/scratch/tbaral/ase26/nod-rr/NOD-Test-Repair/run_flakerake/projects_complete/48/src/test/java]
[DEBUG]   (f) compilerId = javac
[DEBUG]   (f) debug = true
[DEBUG]   (f) encoding = UTF-8
[DEBUG]   (f) failOnError = true
[DEBUG]   (f) failOnWarning = false
[DEBUG]   (f) forceJavacCompilerUse = false
[DEBUG]   (f) fork = false
[DEBUG]   (f) generatedTestSourcesDirectory = /scratch/tbaral/ase26/nod-rr/NOD-Test-Repair/run_flakerake/projects_complete/48/target/generated-test-sources/test-annotations
[DEBUG]   (f) mojoExecution = org.apache.maven.plugins:maven-compiler-plugin:3.7.0:testCompile {execution: default-testCompile}
[DEBUG]   (f) optimize = false
[DEBUG]   (f) outputDirectory = /scratch/tbaral/ase26/nod-rr/NOD-Test-Repair/run_flakerake/projects_complete/48/target/test-classes
[DEBUG]   (f) parameters = false
[DEBUG]   (f) project = MavenProject: org.java-websocket:Java-WebSocket:1.4.0-SNAPSHOT @ /scratch/tbaral/ase26/nod-rr/NOD-Test-Repair/run_flakerake/projects_complete/48/pom.xml
[DEBUG]   (f) session = org.apache.maven.execution.MavenSession@7555b920
[DEBUG]   (f) showDeprecation = false
[DEBUG]   (f) showWarnings = false
[DEBUG]   (f) skipMultiThreadWarning = false
[DEBUG]   (f) source = 1.6
[DEBUG]   (f) staleMillis = 0
[DEBUG]   (f) target = 1.6
[DEBUG]   (f) testPath = [/scratch/tbaral/ase26/nod-rr/NOD-Test-Repair/run_flakerake/projects_complete/48/target/test-classes, /scratch/tbaral/ase26/nod-rr/NOD-Test-Repair/run_flakerake/projects_complete/48/target/classes, /home/tbaral/.m2/repository/org/slf4j/slf4j-api/1.7.25/slf4j-api-1.7.25.jar, /home/tbaral/.m2/repository/org/slf4j/slf4j-simple/1.7.25/slf4j-simple-1.7.25.jar, /home/tbaral/.m2/repository/junit/junit/4.11/junit-4.11.jar, /home/tbaral/.m2/repository/org/hamcrest/hamcrest-core/1.3/hamcrest-core-1.3.jar, /home/tbaral/.m2/repository/org/json/json/20180130/json-20180130.jar]
[DEBUG]   (f) useIncrementalCompilation = true
[DEBUG]   (f) verbose = false
[DEBUG] -- end configuration --
[DEBUG] Using compiler 'javac'.
[DEBUG] Adding /scratch/tbaral/ase26/nod-rr/NOD-Test-Repair/run_flakerake/projects_complete/48/target/generated-test-sources/test-annotations to test-compile source roots:
  /scratch/tbaral/ase26/nod-rr/NOD-Test-Repair/run_flakerake/projects_complete/48/src/test/java
[DEBUG] New test-compile source roots:
  /scratch/tbaral/ase26/nod-rr/NOD-Test-Repair/run_flakerake/projects_complete/48/src/test/java
  /scratch/tbaral/ase26/nod-rr/NOD-Test-Repair/run_flakerake/projects_complete/48/target/generated-test-sources/test-annotations
[DEBUG] CompilerReuseStrategy: reuseCreated
[DEBUG] useIncrementalCompilation enabled
[INFO] Nothing to compile - all classes are up to date
[INFO] 
[INFO] --- maven-surefire-plugin:2.12.4:test (default-test) @ Java-WebSocket ---
[DEBUG] Dependency collection stats: {ConflictMarker.analyzeTime=247597, ConflictMarker.markTime=80563, ConflictMarker.nodeCount=132, ConflictIdSorter.graphTime=103115, ConflictIdSorter.topsortTime=22733, ConflictIdSorter.conflictIdCount=27, ConflictIdSorter.conflictIdCycleCount=0, ConflictResolver.totalTime=614050, ConflictResolver.conflictItemCount=77, DefaultDependencyCollector.collectTime=519325957, DefaultDependencyCollector.transformTime=1095739}
[DEBUG] org.apache.maven.plugins:maven-surefire-plugin:jar:2.12.4
[DEBUG]    org.apache.maven:maven-plugin-api:jar:2.0.9:compile
[DEBUG]    org.apache.maven.surefire:surefire-booter:jar:2.12.4:compile
[DEBUG]       org.apache.maven.surefire:surefire-api:jar:2.12.4:compile (version managed from default)
[DEBUG]    org.apache.maven.surefire:maven-surefire-common:jar:2.12.4:compile
[DEBUG]       org.apache.commons:commons-lang3:jar:3.1:compile (version managed from default)
[DEBUG]       org.apache.maven.shared:maven-common-artifact-filters:jar:1.3:compile
[DEBUG]    org.codehaus.plexus:plexus-utils:jar:3.0.8:compile
[DEBUG]    org.apache.maven:maven-artifact:jar:2.0.9:compile
[DEBUG]    org.apache.maven:maven-project:jar:2.0.9:compile
[DEBUG]       org.apache.maven:maven-settings:jar:2.0.9:compile
[DEBUG]       org.apache.maven:maven-profile:jar:2.0.9:compile
[DEBUG]       org.apache.maven:maven-model:jar:2.0.9:compile (version managed from default)
[DEBUG]       org.apache.maven:maven-artifact-manager:jar:2.0.9:compile
[DEBUG]       org.apache.maven:maven-plugin-registry:jar:2.0.9:compile
[DEBUG]       org.codehaus.plexus:plexus-container-default:jar:1.0-alpha-9-stable-1:compile
[DEBUG]          junit:junit:jar:3.8.1:test (scope managed from default) (version managed from default)
[DEBUG]    org.apache.maven:maven-core:jar:2.0.9:compile (exclusions managed from default)
[DEBUG]       org.apache.maven:maven-plugin-parameter-documenter:jar:2.0.9:compile
[DEBUG]       org.apache.maven.reporting:maven-reporting-api:jar:2.0.9:compile
[DEBUG]       org.apache.maven:maven-repository-metadata:jar:2.0.9:compile
[DEBUG]       org.apache.maven:maven-error-diagnostics:jar:2.0.9:compile
[DEBUG]       org.apache.maven:maven-plugin-descriptor:jar:2.0.9:compile
[DEBUG]       org.apache.maven:maven-monitor:jar:2.0.9:compile
[DEBUG]       classworlds:classworlds:jar:1.1:compile
[DEBUG]    org.apache.maven:maven-toolchain:jar:2.0.9:compile
[DEBUG]    org.apache.maven.plugin-tools:maven-plugin-annotations:jar:3.1:compile
[DEBUG] Created new class realm plugin>org.apache.maven.plugins:maven-surefire-plugin:2.12.4
[DEBUG] Importing foreign packages into class realm plugin>org.apache.maven.plugins:maven-surefire-plugin:2.12.4
[DEBUG]   Imported:  < maven.api
[DEBUG] Populating class realm plugin>org.apache.maven.plugins:maven-surefire-plugin:2.12.4
[DEBUG]   Included: org.apache.maven.plugins:maven-surefire-plugin:jar:2.12.4
[DEBUG]   Included: org.apache.maven.surefire:surefire-booter:jar:2.12.4
[DEBUG]   Included: org.apache.maven.surefire:surefire-api:jar:2.12.4
[DEBUG]   Included: org.apache.maven.surefire:maven-surefire-common:jar:2.12.4
[DEBUG]   Included: org.apache.commons:commons-lang3:jar:3.1
[DEBUG]   Included: org.apache.maven.shared:maven-common-artifact-filters:jar:1.3
[DEBUG]   Included: org.codehaus.plexus:plexus-utils:jar:3.0.8
[DEBUG]   Included: org.apache.maven.reporting:maven-reporting-api:jar:2.0.9
[DEBUG]   Included: org.apache.maven.plugin-tools:maven-plugin-annotations:jar:3.1
[DEBUG] Configuring mojo org.apache.maven.plugins:maven-surefire-plugin:2.12.4:test from plugin realm ClassRealm[plugin>org.apache.maven.plugins:maven-surefire-plugin:2.12.4, parent: sun.misc.Launcher$AppClassLoader@5c647e05]
[DEBUG] Configuring mojo 'org.apache.maven.plugins:maven-surefire-plugin:2.12.4:test' with basic configurator -->
[DEBUG]   (s) basedir = /scratch/tbaral/ase26/nod-rr/NOD-Test-Repair/run_flakerake/projects_complete/48
[DEBUG]   (s) childDelegation = false
[DEBUG]   (s) classesDirectory = /scratch/tbaral/ase26/nod-rr/NOD-Test-Repair/run_flakerake/projects_complete/48/target/classes
[DEBUG]   (s) disableXmlReport = false
[DEBUG]   (s) enableAssertions = true
[DEBUG]   (s) failIfNoTests = false
[DEBUG]   (s) forkMode = once
[DEBUG]   (s) junitArtifactName = junit:junit
[DEBUG]   (s) localRepository =       id: local
      url: file:///home/tbaral/.m2/repository/
   layout: default
snapshots: [enabled => true, update => always]
 releases: [enabled => true, update => always]

[DEBUG]   (f) parallelMavenExecution = false
[DEBUG]   (s) perCoreThreadCount = true
[DEBUG]   (s) pluginArtifactMap = {org.apache.maven.plugins:maven-surefire-plugin=org.apache.maven.plugins:maven-surefire-plugin:maven-plugin:2.12.4:, org.apache.maven:maven-plugin-api=org.apache.maven:maven-plugin-api:jar:2.0.9:compile, org.apache.maven.surefire:surefire-booter=org.apache.maven.surefire:surefire-booter:jar:2.12.4:compile, org.apache.maven.surefire:surefire-api=org.apache.maven.surefire:surefire-api:jar:2.12.4:compile, org.apache.maven.surefire:maven-surefire-common=org.apache.maven.surefire:maven-surefire-common:jar:2.12.4:compile, org.apache.commons:commons-lang3=org.apache.commons:commons-lang3:jar:3.1:compile, org.apache.maven.shared:maven-common-artifact-filters=org.apache.maven.shared:maven-common-artifact-filters:jar:1.3:compile, org.codehaus.plexus:plexus-utils=org.codehaus.plexus:plexus-utils:jar:3.0.8:compile, org.apache.maven:maven-artifact=org.apache.maven:maven-artifact:jar:2.0.9:compile, org.apache.maven:maven-project=org.apache.maven:maven-project:jar:2.0.9:compile, org.apache.maven:maven-settings=org.apache.maven:maven-settings:jar:2.0.9:compile, org.apache.maven:maven-profile=org.apache.maven:maven-profile:jar:2.0.9:compile, org.apache.maven:maven-model=org.apache.maven:maven-model:jar:2.0.9:compile, org.apache.maven:maven-artifact-manager=org.apache.maven:maven-artifact-manager:jar:2.0.9:compile, org.apache.maven:maven-plugin-registry=org.apache.maven:maven-plugin-registry:jar:2.0.9:compile, org.codehaus.plexus:plexus-container-default=org.codehaus.plexus:plexus-container-default:jar:1.0-alpha-9-stable-1:compile, org.apache.maven:maven-core=org.apache.maven:maven-core:jar:2.0.9:compile, org.apache.maven:maven-plugin-parameter-documenter=org.apache.maven:maven-plugin-parameter-documenter:jar:2.0.9:compile, org.apache.maven.reporting:maven-reporting-api=org.apache.maven.reporting:maven-reporting-api:jar:2.0.9:compile, org.apache.maven:maven-repository-metadata=org.apache.maven:maven-repository-metadata:jar:2.0.9:compile, org.apache.maven:maven-error-diagnostics=org.apache.maven:maven-error-diagnostics:jar:2.0.9:compile, org.apache.maven:maven-plugin-descriptor=org.apache.maven:maven-plugin-descriptor:jar:2.0.9:compile, org.apache.maven:maven-monitor=org.apache.maven:maven-monitor:jar:2.0.9:compile, classworlds:classworlds=classworlds:classworlds:jar:1.1:compile, org.apache.maven:maven-toolchain=org.apache.maven:maven-toolchain:jar:2.0.9:compile, org.apache.maven.plugin-tools:maven-plugin-annotations=org.apache.maven.plugin-tools:maven-plugin-annotations:jar:3.1:compile}
[DEBUG]   (f) pluginDescriptor = Component Descriptor: role: 'org.apache.maven.plugin.Mojo', implementation: 'org.apache.maven.plugin.surefire.HelpMojo', role hint: 'org.apache.maven.plugins:maven-surefire-plugin:2.12.4:help'
role: 'org.apache.maven.plugin.Mojo', implementation: 'org.apache.maven.plugin.surefire.SurefirePlugin', role hint: 'org.apache.maven.plugins:maven-surefire-plugin:2.12.4:test'
---
[DEBUG]   (s) printSummary = true
[DEBUG]   (s) projectArtifactMap = {org.slf4j:slf4j-api=org.slf4j:slf4j-api:jar:1.7.25:compile, org.slf4j:slf4j-simple=org.slf4j:slf4j-simple:jar:1.7.25:test, junit:junit=junit:junit:jar:4.11:test, org.hamcrest:hamcrest-core=org.hamcrest:hamcrest-core:jar:1.3:test, org.json:json=org.json:json:jar:20180130:test}
[DEBUG]   (s) redirectTestOutputToFile = false
[DEBUG]   (s) remoteRepositories = [      id: central
      url: https://repo.maven.apache.org/maven2
   layout: default
snapshots: [enabled => false, update => daily]
 releases: [enabled => true, update => never]
]
[DEBUG]   (s) reportFormat = brief
[DEBUG]   (s) reportsDirectory = /scratch/tbaral/ase26/nod-rr/NOD-Test-Repair/run_flakerake/projects_complete/48/target/surefire-reports
[DEBUG]   (s) runOrder = filesystem
[DEBUG]   (s) skip = false
[DEBUG]   (s) skipTests = true
[DEBUG]   (s) test = org.java_websocket.issues.Issue256Test#runReconnectScenario2
[DEBUG]   (s) testClassesDirectory = /scratch/tbaral/ase26/nod-rr/NOD-Test-Repair/run_flakerake/projects_complete/48/target/test-classes
[DEBUG]   (s) testFailureIgnore = false
[DEBUG]   (s) testNGArtifactName = org.testng:testng
[DEBUG]   (s) testSourceDirectory = /scratch/tbaral/ase26/nod-rr/NOD-Test-Repair/run_flakerake/projects_complete/48/src/test/java
[DEBUG]   (s) trimStackTrace = true
[DEBUG]   (s) useFile = true
[DEBUG]   (s) useManifestOnlyJar = true
[DEBUG]   (s) useSystemClassLoader = true
[DEBUG]   (s) useUnlimitedThreads = false
[DEBUG]   (s) workingDirectory = /scratch/tbaral/ase26/nod-rr/NOD-Test-Repair/run_flakerake/projects_complete/48
[DEBUG]   (s) project = MavenProject: org.java-websocket:Java-WebSocket:1.4.0-SNAPSHOT @ /scratch/tbaral/ase26/nod-rr/NOD-Test-Repair/run_flakerake/projects_complete/48/pom.xml
[DEBUG]   (s) session = org.apache.maven.execution.MavenSession@7555b920
[DEBUG] -- end configuration --
[INFO] Tests are skipped.
[INFO] ------------------------------------------------------------------------
[INFO] BUILD SUCCESS
[INFO] ------------------------------------------------------------------------
[INFO] Total time:  5.402 s
[INFO] Finished at: 2025-07-17T14:44:04-04:00
[INFO] ------------------------------------------------------------------------

INFO:root:Found argLine:''
INFO:root:[INFO] Scanning for projects...
[INFO] 
[INFO] -----------------< org.java-websocket:Java-WebSocket >------------------
[INFO] Building Java-WebSocket 1.4.0-SNAPSHOT
[INFO] --------------------------------[ jar ]---------------------------------
[INFO] 
[INFO] --- maven-dependency-plugin:2.8:build-classpath (default-cli) @ Java-WebSocket ---
[INFO] Wrote classpath file '/scratch/tbaral/ase26/nod-rr/NOD-Test-Repair/run_flakerake/projects_complete/48/sleepy-records/internal/clazz_path.txt'.
[INFO] ------------------------------------------------------------------------
[INFO] BUILD SUCCESS
[INFO] ------------------------------------------------------------------------
[INFO] Total time:  3.854 s
[INFO] Finished at: 2025-07-17T14:44:09-04:00
[INFO] ------------------------------------------------------------------------

INFO:root:Running test with no sleeping so using default sleep time.
INFO:root:Using timeout 60.0 minutes
INFO:root:Running command:
INFO:root:/scratch/tbaral/ase26/otog/setups/jdk1.8.0_102/bin/java -XX:+ExitOnOutOfMemoryError -Xbootclasspath/p:/home/tbaral/.m2/repository/edu/gmu/swe/flaky/sleepy/sleepy-interceptor/0.0.4-SNAPSHOT/sleepy-interceptor-0.0.4-SNAPSHOT.jar -javaagent:/home/tbaral/.m2/repository/edu/gmu/swe/flaky/sleepy/sleepy-interceptor/0.0.4-SNAPSHOT/sleepy-interceptor-0.0.4-SNAPSHOT.jar   -cp '/home/tbaral/.m2/repository/org/slf4j/slf4j-api/1.7.25/slf4j-api-1.7.25.jar:/home/tbaral/.m2/repository/org/slf4j/slf4j-simple/1.7.25/slf4j-simple-1.7.25.jar:/home/tbaral/.m2/repository/junit/junit/4.11/junit-4.11.jar:/home/tbaral/.m2/repository/org/hamcrest/hamcrest-core/1.3/hamcrest-core-1.3.jar:/home/tbaral/.m2/repository/org/json/json/20180130/json-20180130.jar:./target/classes:./target/test-classes:/home/tbaral/.m2/repository/edu/gmu/swe/flaky/sleepy/sleepy-runner/0.0.4-SNAPSHOT/sleepy-runner-0.0.4-SNAPSHOT.jar' 'edu.gmu.swe.flaky.sleepy.runner.SleepyTestRunner' org.java_websocket.issues.Issue256Test#runReconnectScenario2 '0' 'info' 10000 
INFO:root:====BEGIN Java Log====
INFO:root:TALANK: args.length: 4
TALANK: args[0]: org.java_websocket.issues.Issue256Test#runReconnectScenario2
TALANK: args[1]: 0
TALANK: args[2]: info
TALANK: args[3]: 10000
********TALANK requesting to junitcore ******: org.junit.internal.requests.FilterRequest@33c7353a
TALANKINFO:FromJava:OK

INFO:root:====END Java Log====
INFO:root:Kill all Java processes
INFO:root:Running test with no sleeping so using default sleep time.
INFO:root:Using timeout 60.0 minutes
INFO:root:Running command:
INFO:root:/scratch/tbaral/ase26/otog/setups/jdk1.8.0_102/bin/java -XX:+ExitOnOutOfMemoryError -Xbootclasspath/p:/home/tbaral/.m2/repository/edu/gmu/swe/flaky/sleepy/sleepy-interceptor/0.0.4-SNAPSHOT/sleepy-interceptor-0.0.4-SNAPSHOT.jar -javaagent:/home/tbaral/.m2/repository/edu/gmu/swe/flaky/sleepy/sleepy-interceptor/0.0.4-SNAPSHOT/sleepy-interceptor-0.0.4-SNAPSHOT.jar   -cp '/home/tbaral/.m2/repository/org/slf4j/slf4j-api/1.7.25/slf4j-api-1.7.25.jar:/home/tbaral/.m2/repository/org/slf4j/slf4j-simple/1.7.25/slf4j-simple-1.7.25.jar:/home/tbaral/.m2/repository/junit/junit/4.11/junit-4.11.jar:/home/tbaral/.m2/repository/org/hamcrest/hamcrest-core/1.3/hamcrest-core-1.3.jar:/home/tbaral/.m2/repository/org/json/json/20180130/json-20180130.jar:./target/classes:./target/test-classes:/home/tbaral/.m2/repository/edu/gmu/swe/flaky/sleepy/sleepy-runner/0.0.4-SNAPSHOT/sleepy-runner-0.0.4-SNAPSHOT.jar' 'edu.gmu.swe.flaky.sleepy.runner.SleepyTestRunner' org.java_websocket.issues.Issue256Test#runReconnectScenario2 '0' 'info' 10000 
INFO:root:====BEGIN Java Log====
INFO:root:
INFO:root:====END Java Log====
INFO:root:Non timeout flaky_fail_attempt
INFO:root:Command '/scratch/tbaral/ase26/otog/setups/jdk1.8.0_102/bin/java -XX:+ExitOnOutOfMemoryError -Xbootclasspath/p:/home/tbaral/.m2/repository/edu/gmu/swe/flaky/sleepy/sleepy-interceptor/0.0.4-SNAPSHOT/sleepy-interceptor-0.0.4-SNAPSHOT.jar -javaagent:/home/tbaral/.m2/repository/edu/gmu/swe/flaky/sleepy/sleepy-interceptor/0.0.4-SNAPSHOT/sleepy-interceptor-0.0.4-SNAPSHOT.jar   -cp '/home/tbaral/.m2/repository/org/slf4j/slf4j-api/1.7.25/slf4j-api-1.7.25.jar:/home/tbaral/.m2/repository/org/slf4j/slf4j-simple/1.7.25/slf4j-simple-1.7.25.jar:/home/tbaral/.m2/repository/junit/junit/4.11/junit-4.11.jar:/home/tbaral/.m2/repository/org/hamcrest/hamcrest-core/1.3/hamcrest-core-1.3.jar:/home/tbaral/.m2/repository/org/json/json/20180130/json-20180130.jar:./target/classes:./target/test-classes:/home/tbaral/.m2/repository/edu/gmu/swe/flaky/sleepy/sleepy-runner/0.0.4-SNAPSHOT/sleepy-runner-0.0.4-SNAPSHOT.jar' 'edu.gmu.swe.flaky.sleepy.runner.SleepyTestRunner' org.java_websocket.issues.Issue256Test#runReconnectScenario2 '0' 'info' 10000 ' died with <Signals.SIGKILL: 9>.
ERROR:root:Command '/scratch/tbaral/ase26/otog/setups/jdk1.8.0_102/bin/java -XX:+ExitOnOutOfMemoryError -Xbootclasspath/p:/home/tbaral/.m2/repository/edu/gmu/swe/flaky/sleepy/sleepy-interceptor/0.0.4-SNAPSHOT/sleepy-interceptor-0.0.4-SNAPSHOT.jar -javaagent:/home/tbaral/.m2/repository/edu/gmu/swe/flaky/sleepy/sleepy-interceptor/0.0.4-SNAPSHOT/sleepy-interceptor-0.0.4-SNAPSHOT.jar   -cp '/home/tbaral/.m2/repository/org/slf4j/slf4j-api/1.7.25/slf4j-api-1.7.25.jar:/home/tbaral/.m2/repository/org/slf4j/slf4j-simple/1.7.25/slf4j-simple-1.7.25.jar:/home/tbaral/.m2/repository/junit/junit/4.11/junit-4.11.jar:/home/tbaral/.m2/repository/org/hamcrest/hamcrest-core/1.3/hamcrest-core-1.3.jar:/home/tbaral/.m2/repository/org/json/json/20180130/json-20180130.jar:./target/classes:./target/test-classes:/home/tbaral/.m2/repository/edu/gmu/swe/flaky/sleepy/sleepy-runner/0.0.4-SNAPSHOT/sleepy-runner-0.0.4-SNAPSHOT.jar' 'edu.gmu.swe.flaky.sleepy.runner.SleepyTestRunner' org.java_websocket.issues.Issue256Test#runReconnectScenario2 '0' 'info' 10000 ' died with <Signals.SIGKILL: 9>.
WARNING:root:[Errno 2] No such file or directory: './sleepy-records/internal/shaToStackTrace.csv'
INFO:root:[('FAILURE_THAT_COULD_NOT_BE_LOGGED', 'AlreadyFailsStably', 'AlreadyFailsStably', 0.0)]
INFO:root:FlakeRake in total took 0.0 minutes.
INFO:root:FlakeRakeEnd=1752777850.194661
INFO:root:Ending Script
